num_acc;an;mois;jour;hrmn;lum;agg;int;atm;col;com;adr;gps;lat;long;dep
201400000001;14;5;7;2015;1;2;1;1;3;11;route de don;M;0;0;590
201400000002;14;5;31;430;1;2;1;1;6;11;106 ROUTE DE DON;M;0;0;590
201400000003;14;8;23;1800;1;2;9;1;3;52;75 bis rue jean jaures;M;0;0;590
201400000004;14;6;12;1700;1;2;1;1;1;25;rue des Sablonnieres D41;M;0;0;590
201400000005;14;6;23;500;2;1;1;1;1;25;;M;0;0;590
201400000006;14;10;11;630;5;1;6;2;2;550;;M;0;0;590
201400000007;14;10;11;1445;1;2;9;1;7;281;Chemin des Loups;M;0;0;590
201400000008;14;10;16;1200;1;2;4;1;6;51;Rue gabriel Péri;M;5053223;281490;590
201400000009;14;11;2;1100;1;1;1;1;1;257;;M;0;0;590
201400000010;14;11;30;1930;5;2;1;8;6;524;RUE DE VERDUN;M;0;0;590
201400000011;14;5;2;500;3;1;1;1;1;411;;M;0;0;590
201400000012;14;6;3;1315;1;1;1;1;3;34;;M;0;0;590
201400000013;14;11;21;845;1;1;1;1;6;34;;M;0;0;590
201400000014;14;12;2;930;1;1;1;8;3;34;;M;0;0;590
201400000015;14;12;19;930;1;1;1;2;5;34;;M;0;0;590
201400000016;14;1;12;730;2;1;1;9;6;592;;M;0;0;590
201400000017;14;1;26;1915;3;1;2;2;3;592;;M;0;0;590
201400000018;14;2;22;945;1;1;1;7;2;592;;M;0;0;590
201400000019;14;3;14;1500;1;2;2;1;3;592;rue J. BEGHIN;M;0;0;590
201400000020;14;4;18;1630;1;1;1;1;7;411;;M;5048600;305900;590
201400000021;14;7;2;1400;1;1;1;1;3;411;;M;0;0;590
201400000022;14;7;14;1915;1;2;1;1;1;452;place de la r?publique;M;0;0;590
201400000023;14;1;13;1415;1;1;3;1;3;94;;M;0;0;590
201400000024;14;3;11;1100;1;1;1;1;1;130;;M;0;0;590
201400000025;14;6;4;1400;1;1;1;1;1;110;;M;5095900;226800;590
201400000026;14;6;19;1330;1;1;1;1;1;307;;M;5086200;221000;590
201400000027;14;6;19;1530;1;1;1;1;7;307;;M;5087600;219900;590
201400000028;14;9;5;1345;1;1;3;1;3;576;;M;5097700;231400;590
201400000029;14;9;17;1245;1;1;1;1;2;110;;M;5097100;228000;590
201400000030;14;2;6;1100;1;1;1;1;3;663;;M;0;0;590
201400000031;14;2;21;1445;1;2;1;1;6;663;CD916 route de bergues;M;0;0;590
201400000032;14;6;12;1815;1;2;1;7;6;89;rue de la poste;M;0;0;590
201400000033;14;8;5;930;1;2;1;1;3;305;rue du st sacrement;M;0;0;590
201400000034;14;9;28;1915;1;1;1;1;6;663;;M;0;0;590
201400000035;14;10;31;1100;1;2;2;1;3;663;route de bergues;M;0;0;590
201400000036;14;12;2;845;2;2;1;1;6;663;CD 17 route d'Herzeele;M;0;0;590
201400000037;14;4;16;1300;1;1;1;1;6;416;;M;0;0;590
201400000038;14;5;24;45;3;1;1;1;3;536;;M;0;0;590
201400000039;14;6;15;1630;1;2;1;1;6;590;30 rue de tannay;M;0;0;590
201400000040;14;7;10;2230;3;1;1;1;6;416;;M;0;0;590
201400000041;14;8;1;1715;1;1;1;1;2;87;Rue de Cassel;M;5066771;245764;590
201400000042;14;8;14;1015;1;2;1;1;6;120;Route de Bailleul;M;0;0;590
201400000043;14;10;7;915;1;2;1;2;6;84;Rue Plockyn;M;0;0;590
201400000044;14;10;19;1000;1;1;1;1;7;120;;M;0;0;590
201400000045;14;11;3;2000;5;1;6;3;7;582;;M;0;0;590
201400000046;14;3;11;1730;1;2;9;1;1;237;rue de Godewaersvelde;M;0;0;590
201400000047;14;6;23;1545;1;1;2;1;3;401;;M;0;0;590
201400000048;14;12;1;715;3;1;1;1;5;401;;M;0;0;590
201400000049;14;12;8;430;3;1;1;9;7;401;;M;0;0;590
201400000050;14;1;8;1800;5;2;1;2;6;212;18 rue de LILLE;M;5064334;272739;590
201400000051;14;4;5;1515;1;1;1;7;3;212;;M;0;0;590
201400000052;14;5;28;2000;1;1;1;1;6;581;;M;5067300;278000;590
201400000053;14;10;21;1115;1;2;1;3;1;180;rue du louf;M;5069000;271500;590
201400000054;14;11;12;1000;1;2;1;1;3;268;418 grand chemin;M;5064000;270600;590
201400000055;14;6;10;1245;1;2;1;1;3;400;52, rue des capucins;M;0;0;590
201400000056;14;6;14;615;1;1;1;1;7;400;;M;0;0;590
201400000057;14;6;16;1630;1;1;2;1;3;400;;M;0;0;590
201400000058;14;6;30;930;1;2;6;1;7;400;Quai Courbet;M;0;0;590
201400000059;14;7;25;1115;1;1;1;1;6;423;;M;0;0;590
201400000060;14;10;11;1045;1;1;1;1;1;615;;M;0;0;590
201400000061;14;11;3;845;1;2;3;2;3;423;;M;0;0;590
201400000062;14;11;15;1530;1;1;1;8;3;400;;M;0;0;590
201400000063;14;1;4;1815;2;1;1;2;6;580;Rte de Bray Dunes;M;5082243;257777;590
201400000064;14;1;11;1945;5;2;7;1;6;135;GRAND PLACE;M;0;0;590
201400000065;14;2;23;1015;1;2;1;1;6;135;;M;0;0;590
201400000066;14;3;3;1600;1;1;1;1;1;135;;M;0;0;590
201400000067;14;3;23;445;3;1;1;1;7;580;;M;0;0;590
201400000068;14;4;1;1245;1;1;1;1;1;536;;M;0;0;590
201400000069;14;5;23;2015;1;1;1;1;1;282;;M;0;0;590
201400000070;14;7;16;645;1;1;1;1;3;318;;M;0;0;590
201400000071;14;7;16;800;1;1;1;1;5;516;;M;0;0;590
201400000072;14;8;22;2045;1;1;1;1;3;54;;M;0;0;590
201400000073;14;9;6;2145;3;1;1;1;6;580;;M;0;0;590
201400000074;14;9;13;1700;1;2;1;1;7;580;rue de Godewaersvelde;M;0;0;590
201400000075;14;9;14;1100;1;2;9;1;6;580;rue de Poperinghe;M;0;0;590
201400000076;14;10;26;1730;2;1;1;1;1;453;;M;0;0;590
201400000077;14;11;1;1815;3;1;1;1;1;587;;M;0;0;590
201400000078;14;11;3;1845;2;1;1;8;2;454;;M;0;0;590
201400000079;14;7;4;1545;1;2;1;1;3;44;13 rue de Tournai;M;0;0;590
201400000080;14;12;10;1600;1;1;1;1;7;124;;M;0;0;590
201400000081;14;12;23;1445;1;2;1;1;3;13;cD94;M;0;0;590
201400000082;14;4;5;1815;1;1;1;1;3;168;;M;0;0;590
201400000083;14;4;18;1815;1;2;1;1;6;364;Rue Henri MILLEZ;M;0;0;590
201400000084;14;8;15;330;5;2;1;1;6;168;279 rue felix demesmay;M;5094600;337200;590
201400000085;14;9;7;1945;1;1;1;1;3;168;;M;0;0;590
201400000086;14;10;22;345;3;1;1;1;6;258;;M;0;0;590
201400000087;14;1;6;830;2;1;1;1;6;643;1, ARMENTIERES ROUTE D';M;5074180;296742;590
201400000088;14;1;17;745;5;1;3;1;6;611;;M;5069992;301122;590
201400000089;14;2;16;2100;5;1;1;1;6;482;;M;5071718;302158;590
201400000090;14;3;10;900;1;1;1;7;7;482;;M;0;0;590
201400000091;14;6;26;950;1;2;3;1;3;611;MESSINES RUE DE;M;0;0;590
201400000092;14;9;11;1000;1;1;1;1;6;611;;M;5067177;300340;590
201400000093;14;10;6;1115;1;1;1;1;6;611;YPRES RUE D';M;5069864;301465;590
201400000094;14;11;4;1415;1;1;1;1;3;252;;M;0;0;590
201400000095;14;4;30;1415;1;2;3;1;3;92;d630;M;0;0;590
201400000096;14;6;15;2230;2;1;3;1;3;192;;M;0;0;590
201400000097;14;10;15;1815;1;2;1;2;1;335;route de tournai;M;0;0;590
201400000098;14;2;26;1445;1;1;1;1;2;50;;M;0;0;590
201400000099;14;4;20;1945;1;1;1;1;6;218;;M;0;0;590
201400000100;14;5;5;1645;1;1;1;1;6;290;;M;0;0;590
201400000101;14;6;11;1215;1;1;1;1;6;50;;M;0;0;590
201400000102;14;6;23;1615;1;2;1;1;6;233;RUE DE LA PLACE;M;0;0;590
201400000103;14;8;2;1030;1;2;1;1;6;35;route de sains;M;0;0;590
201400000104;14;9;1;2015;1;2;1;1;7;78;ROUTE DE FELLERIES;M;0;0;590
201400000105;14;10;10;1115;1;2;9;1;7;36;rue des crapeaux;M;0;0;590
201400000106;14;10;28;2330;3;1;1;1;6;374;;M;0;0;590
201400000107;14;11;13;945;1;1;1;1;6;78;;M;0;0;590
201400000108;14;12;9;1600;1;1;1;8;1;218;;M;0;0;590
201400000109;14;2;2;1645;1;2;1;1;3;249;8 RUE DU 8 MAI 1945;M;0;0;590
201400000110;14;2;18;1845;5;2;1;3;6;249;Rue cousin CORBIER;M;0;0;590
201400000111;14;5;22;1145;1;2;1;1;6;249;rue Bouret;M;0;0;590
201400000112;14;5;25;1915;1;1;1;7;2;249;;M;0;0;590
201400000113;14;6;12;900;1;2;9;1;1;249;rue de la R?publique;M;0;0;590
201400000114;14;7;26;215;3;1;1;1;6;12;;M;0;0;590
201400000115;14;10;18;300;5;2;1;1;6;249;rue Th?ophile Legrand;M;0;0;590
201400000116;14;6;2;215;3;1;1;1;6;331;;M;0;0;590
201400000117;14;7;4;1700;1;2;1;1;6;331;RD43;M;0;0;590
201400000118;14;7;5;1800;1;1;1;2;6;556;;M;0;0;590
201400000119;14;5;1;1200;1;2;1;1;6;562;27 rue de la mairie;M;0;0;590
201400000120;14;4;30;2100;3;1;1;1;1;229;;M;0;0;590
201400000121;14;7;18;1900;1;2;1;1;3;445;rue des horbes;M;0;0;590
201400000122;14;8;9;1245;1;2;1;1;1;633;24 route  de moranrieux;M;5005898;416714;590
201400000123;14;3;11;1145;1;1;1;1;3;48;;M;0;0;590
201400000124;14;4;5;1515;1;2;1;1;6;322;Rue Dagniaux;M;0;0;590
201400000125;14;4;23;1730;1;1;2;1;3;552;;M;0;0;590
201400000126;14;11;27;2100;5;2;1;1;6;23;06 route nationale;M;0;0;590
201400000127;14;11;29;1145;1;1;1;1;7;593;;M;0;0;590
201400000128;14;12;27;900;2;1;1;6;6;132;;M;0;0;590
201400000129;14;1;29;1330;1;1;1;1;1;136;;M;0;0;590
201400000130;14;4;16;1030;1;1;1;1;1;136;;M;0;0;590
201400000131;14;5;21;1615;1;2;1;1;5;136;120 Chemin de Montay;M;0;0;590
201400000132;14;9;6;1700;1;2;1;1;1;136;FAUBOURG DE CAMBRAI;M;0;0;590
201400000133;14;9;26;1700;1;2;1;1;6;136;RUE MARECHAL MORTIER;M;0;0;590
201400000134;14;12;13;1030;1;1;1;2;1;136;;M;0;0;590
201400000135;14;12;17;1715;5;2;1;1;6;136;38 r Faubourg Cambrai;M;0;0;590
201400000136;14;1;13;2000;5;2;1;2;6;139;Rue Marliot;M;0;0;590
201400000137;14;1;28;1815;5;2;1;2;6;59;8 route nationale;M;0;0;590
201400000138;14;2;22;300;3;1;1;2;7;614;;M;0;0;590
201400000139;14;2;23;2245;3;1;1;1;6;139;;M;0;0;590
201400000140;14;3;6;1130;1;2;1;1;6;243;rue Roger Salengro;M;0;0;590
201400000141;14;3;26;815;1;2;1;1;3;139;2 rue Jean Moulin CAUDRY;M;0;0;590
201400000142;14;6;21;1500;1;2;1;1;6;75;6 rue leon gambetta;M;0;0;590
201400000143;14;7;22;1015;1;2;1;2;6;139;2 rue Jean Lebas;M;0;0;590
201400000144;14;9;10;1700;1;2;3;1;2;139;D643;M;0;0;590
201400000145;14;9;17;945;1;2;1;1;1;139;Rue Gambetta;M;0;0;590
201400000146;14;3;15;1430;1;2;1;1;6;382;rue de la R?publique;M;0;0;590
201400000147;14;3;25;1530;1;2;1;1;6;349;ROUTE DE CAMBRAI;M;0;0;590
201400000148;14;11;22;515;3;1;1;1;6;413;;M;0;0;590
201400000149;14;1;22;1830;2;1;2;1;3;377;;M;5014000;320000;590
201400000150;14;4;5;1115;1;1;1;1;3;377;;M;0;0;590
201400000151;14;6;25;15;3;1;1;1;6;389;;M;0;0;590
201400000152;14;9;1;1645;1;1;1;1;4;269;;M;0;0;590
201400000153;14;9;2;1845;1;1;1;1;1;161;;M;0;0;590
201400000154;14;11;27;1745;3;1;1;1;6;341;;M;0;0;590
201400000155;14;2;3;1045;1;2;1;7;6;289;rue Roger Salengro;M;0;0;590
201400000156;14;9;20;1015;1;2;1;1;2;558;56 rue Jean Jaures;M;0;0;590
201400000157;14;10;22;830;2;1;1;1;7;69;;M;0;0;590
201400000158;14;11;4;1315;1;2;1;1;1;289;rue henri barbusse;M;0;0;590
201400000159;14;11;18;1145;1;2;1;1;1;108;RUE FOCH;M;0;0;590
201400000160;14;12;15;2130;3;1;1;2;1;289;;M;0;0;590
201400000161;14;1;17;1600;1;1;1;3;1;15;;M;5028800;313300;590
201400000162;14;4;27;430;3;1;6;1;6;126;;M;0;0;590
201400000163;14;9;19;730;1;1;1;1;6;126;;M;0;0;590
201400000164;14;12;13;415;3;1;6;1;7;126;;M;0;0;590
201400000165;14;12;19;1800;2;2;1;1;6;409;43 RUE DE MASNY;M;0;0;590
201400000166;14;6;7;1945;1;2;1;1;2;158;ROUTE NATIONALE;M;0;0;590
201400000167;14;6;12;1800;1;1;1;1;3;449;;M;0;0;590
201400000168;14;1;17;1430;1;2;3;2;3;357;rue Maxime Qu?vy;M;5027700;386700;590
201400000169;14;2;8;1945;3;1;1;1;1;548;;M;0;0;590
201400000170;14;5;1;2145;2;1;1;1;1;70;;M;0;0;590
201400000171;14;10;3;2245;5;2;1;1;3;53;Rd932- brunehaut;M;0;0;590
201400000172;14;10;19;1600;1;2;1;1;3;627;22 rue Albert Mathieu;M;0;0;590
201400000173;14;10;20;900;1;2;1;1;2;315;rue des martyrs;M;0;0;590
201400000174;14;3;15;845;1;2;1;1;7;381;D73, rue d'Artres;M;0;0;590
201400000175;14;10;29;1645;1;1;2;1;3;353;;M;0;0;590
201400000176;14;1;14;1745;5;2;1;9;1;169;58 rue de maubeuge;M;0;0;590
201400000177;14;7;13;1030;1;2;1;3;3;342;rue du calvaire;M;0;0;590
201400000178;14;7;30;900;1;2;1;1;6;157;CD 936 rue de landelies;M;0;0;590
201400000179;14;9;25;1430;1;2;1;1;6;649;37 rue jourdan;M;0;0;590
201400000180;14;2;9;1415;1;1;1;4;6;496;;M;0;0;620
201400000181;14;2;15;1030;1;1;1;1;6;160;;M;0;0;620
201400000182;14;3;1;545;3;1;1;1;6;560;;M;0;0;620
201400000183;14;4;18;1830;1;1;1;1;4;758;;M;0;0;620
201400000184;14;4;27;2100;2;1;1;9;6;156;;M;5089970;176729;620
201400000185;14;7;8;930;1;1;1;1;2;125;;M;0;0;620
201400000186;14;9;1;1415;1;1;1;1;7;318;;M;5050610;168226;620
201400000187;14;1;7;1800;1;1;1;1;5;829;;M;5004768;290743;620
201400000188;14;2;7;1500;1;1;1;8;3;410;;M;5009361;292014;620
201400000189;14;3;6;2145;3;1;1;1;6;876;;M;5008643;280896;620
201400000190;14;4;3;1615;1;1;1;1;1;117;;M;5009665;301061;620
201400000191;14;4;27;1330;1;2;1;2;3;515;Rue de MIRAUMONT;M;5008446;281314;620
201400000192;14;6;13;1700;1;1;1;1;1;515;;M;5009078;281676;620
201400000193;14;12;11;1615;1;1;1;2;1;93;;M;5008273;287577;620
201400000194;14;1;22;1745;5;2;1;2;6;649;48  RUE D EN HAUT;M;5015287;248629;620
201400000195;14;4;19;2030;3;1;1;1;6;877;;M;5019247;250266;620
201400000196;14;7;8;1345;1;1;1;1;7;800;;M;5015809;258459;620
201400000197;14;12;6;845;1;1;1;8;7;9;;M;5018966;270991;620
201400000198;14;12;28;2300;3;1;1;9;7;68;;M;5016400;272484;620
201400000199;14;11;19;1745;2;1;1;1;6;298;;M;5022952;317485;620
201400000200;14;3;12;1145;1;1;1;1;3;557;;M;5033063;271753;620
201400000201;14;1;10;1915;3;1;2;1;3;568;;M;5023512;276363;620
201400000202;14;1;11;1645;1;1;1;1;3;817;;M;5027300;280983;620
201400000203;14;1;16;1000;1;1;1;3;1;817;;M;5027175;280792;620
201400000204;14;1;22;1845;5;2;1;2;4;754;intersection D9 / D12E1;M;5018679;285808;620
201400000205;14;2;2;2000;3;1;1;1;6;780;;M;5022970;308539;620
201400000206;14;5;2;915;1;2;6;1;6;81;Intersection RD 939/ RD;M;5021575;306765;620
201400000207;14;6;29;2000;1;2;7;1;6;469;12 grand place;M;5017809;305102;620
201400000208;14;7;25;245;3;1;1;1;1;817;;M;5027072;280498;620
201400000209;14;8;2;1045;1;1;1;1;1;568;;M;5025272;279077;620
201400000210;14;8;27;1400;1;1;1;1;6;184;;M;5019768;302337;620
201400000211;14;8;28;1330;1;1;1;1;1;858;;M;5022033;304983;620
201400000212;14;10;4;800;1;1;1;1;7;673;;M;5018156;299357;620
201400000213;14;10;28;745;2;1;1;1;1;306;;M;5016895;282398;620
201400000214;14;12;3;1715;2;2;1;1;3;817;RD939;M;5027862;281997;620
201400000215;14;12;24;1530;1;1;1;2;7;728;;M;5023298;305980;620
201400000216;14;9;2;1715;1;1;6;1;3;355;;M;5033366;292402;620
201400000217;14;10;15;945;1;2;4;1;3;173;rue de la Chapelle;M;5033344;302159;620
201400000218;14;1;7;15;3;1;1;1;6;376;;M;5057956;258583;620
201400000219;14;3;6;1415;1;2;1;1;5;770;rue de Guarbecque;M;5062103;252259;620
201400000220;14;3;30;930;1;2;7;1;6;141;rue DES PRES;M;5061653;233160;620
201400000221;14;5;29;1500;1;2;1;1;3;473;69 rue Jean Jaures;M;5062145;245511;620
201400000222;14;10;27;1730;2;2;1;1;3;162;Rue Principale;M;5057010;243624;620
201400000223;14;1;18;1230;1;1;1;8;7;736;;M;5063559;280002;620
201400000224;14;2;21;1845;4;1;1;1;6;529;;M;5057630;278025;620
201400000225;14;3;21;1045;1;1;1;2;7;338;;M;5063944;281378;620
201400000226;14;3;23;30;5;1;1;1;6;706;;M;5058344;276900;620
201400000227;14;5;5;1330;1;2;1;1;6;706;88 rue du Moulin L'Avou;M;5057239;274478;620
201400000228;14;5;14;2000;1;1;1;1;3;491;;M;5058585;276728;620
201400000229;14;5;17;1815;1;1;3;1;6;338;;M;5034693;284869;620
201400000230;14;5;21;1845;1;1;1;1;3;706;;M;5059933;275701;620
201400000231;14;6;25;745;1;1;1;1;2;491;;M;5062759;282122;620
201400000232;14;8;6;700;2;2;1;2;3;338;rue du quesnes;M;5065039;283039;620
201400000233;14;9;20;1230;1;2;1;1;1;491;RUE PLATE;M;5063022;279958;620
201400000234;14;11;7;1630;1;1;1;8;6;338;;M;5063907;281245;620
201400000235;14;12;9;1730;3;1;1;1;6;252;;M;5056183;271256;620
201400000236;14;1;6;730;2;1;1;1;1;526;;M;5073170;188778;620
201400000237;14;7;4;1000;1;2;1;1;7;165;63, route de DESVRES;M;5069877;185874;620
201400000238;14;8;10;545;5;2;1;1;6;908;rue de Macquinghem;M;5072083;169907;620
201400000239;14;8;23;200;3;1;1;1;6;255;;M;5071147;174970;620
201400000240;14;9;8;1745;1;2;1;1;6;268;rue Roger Salengro;M;5066936;182961;620
201400000241;14;9;12;1915;1;1;2;1;3;678;;M;5069911;194490;620
201400000242;14;10;12;2215;3;1;1;3;7;255;;M;5067755;180438;620
201400000243;14;12;13;1330;1;2;3;1;3;268;Rue des Potiers;M;5066790;183894;620
201400000244;14;12;20;1045;1;2;1;1;6;773;avenue henry mory;M;5064214;174218;620
201400000245;14;1;11;1400;1;1;1;1;1;711;;M;5081603;176318;620
201400000246;14;3;21;830;1;1;1;2;3;711;;M;5082416;173140;620
201400000247;14;2;3;1945;3;2;1;1;6;20;;M;5076503;185662;620
201400000248;14;4;8;1645;1;2;1;1;6;443;8 bld castelneau;M;5046196;267143;620
201400000249;14;9;12;1745;1;1;1;1;4;793;;M;5041660;264308;620
201400000250;14;11;30;1845;5;2;1;1;3;443;136 rue Emile Basly;M;5044617;265777;620
201400000251;14;6;14;430;3;1;1;1;7;134;;M;5052925;190206;620
201400000252;14;10;19;1630;1;1;1;1;1;886;;M;5056723;194912;620
201400000253;14;11;8;1415;1;1;1;1;1;585;;M;5052671;180331;620
201400000254;14;7;14;945;1;2;1;1;1;354;rue du witrepin;M;5056304;169822;620
201400000255;14;7;19;1100;1;1;1;1;6;318;;M;5054032;162256;620
201400000256;14;9;13;915;1;2;1;1;3;318;avenue de Rombly;M;5051954;165292;620
201400000257;14;9;18;1315;1;2;6;1;6;318;CD940;M;5051336;163665;620
201400000258;14;11;3;1045;1;1;2;3;3;318;;M;5052263;163913;620
201400000259;14;11;28;815;1;1;1;1;6;201;;M;5055667;161307;620
201400000260;14;12;7;1345;1;1;1;3;7;241;;M;5056838;172546;620
201400000261;14;2;4;2115;5;2;1;1;1;447;D349;M;5037383;204253;620
201400000262;14;4;17;1045;1;2;6;1;3;447;Rond point sucrerie;M;5037148;202918;620
201400000263;14;4;16;445;3;1;1;1;6;549;;M;5036721;203133;620
201400000264;14;5;26;1745;1;2;1;2;3;552;route de Montreuil;M;5041117;192149;620
201400000265;14;6;4;1430;1;1;1;1;3;395;;M;5033253;200895;620
201400000266;14;7;12;1645;1;1;1;1;7;743;;M;5036069;204663;620
201400000267;14;8;29;2300;3;2;1;1;6;18;rue de la cav?e;M;5047957;185851;620
201400000268;14;9;29;1415;1;2;1;1;6;150;rue de l'eglise;M;5040753;177280;620
201400000269;14;10;12;1630;1;2;1;1;6;447;Avenu Francois mitterran;M;5037181;203412;620
201400000270;14;10;17;2315;3;2;1;1;1;661;route nationale;M;5038365;198325;620
201400000271;14;5;23;1745;1;1;1;1;6;811;;M;5063711;224449;620
201400000272;14;6;14;1215;1;2;1;1;3;811;30 chauss?e brunehaut;M;5063043;226762;620
201400000273;14;6;22;1200;1;2;1;1;3;14;ROUTE DE ROQUETOIRE;M;5064909;238979;620
201400000274;14;9;16;2015;2;1;1;1;6;14;;M;5063509;234991;620
201400000275;14;8;22;1600;1;2;1;1;3;684;288 rue de Cassel;M;5070315;235448;620
201400000276;14;10;4;1430;1;2;1;1;6;684;rue nationale;M;5069385;235638;620
201400000277;14;11;6;245;3;2;1;1;6;531;ROUTE DE BERTHEM;M;5083317;202828;620
201400000278;14;11;22;1815;5;2;1;1;6;618;RD  943;M;5081862;207800;620
201400000279;14;11;27;415;5;2;1;1;1;618;rue de Gravelines;M;5081938;207652;620
201400000280;14;3;16;2045;3;2;1;1;6;304;rue des taleuts;M;5058524;226445;620
201400000281;14;9;7;1215;1;1;1;1;6;67;;M;5063838;215384;620
201400000282;14;9;11;2230;3;1;2;1;3;294;;M;5060185;227768;620
201400000283;14;12;23;1915;3;1;1;8;5;53;;M;5055942;209758;620
201400000284;14;7;29;1715;1;1;1;1;3;898;;M;5072274;219557;620
201400000285;14;9;5;1730;1;1;2;1;3;495;;M;5063887;196798;620
201400000286;14;9;23;745;1;1;1;1;2;788;;M;0;0;620
201400000287;14;10;2;2015;2;2;1;1;3;674;route d acquin D 208;M;5073494;212615;620
201400000288;14;11;1;2130;3;1;1;1;6;644;;M;5064735;214469;620
201400000289;14;8;5;1700;1;1;1;1;3;180;;M;5040580;236491;620
201400000290;14;8;15;600;2;1;1;8;3;813;;M;5041602;240034;620
201400000291;14;9;21;1330;1;1;1;1;3;352;;M;5032852;231011;620
201400000292;14;10;26;1645;2;2;1;1;6;340;rue Amand Montois;M;5049366;242431;620
201400000293;14;11;14;1845;3;2;1;1;6;467;CD 104;M;5039794;221510;620
201400000294;14;11;14;1845;3;1;1;2;1;357;;M;5038310;213774;620
201400000295;14;1;9;845;1;1;1;1;6;63;;M;5027485;253647;620
201400000296;14;2;23;545;3;1;1;1;6;630;;M;5029230;254066;620
201400000297;14;3;13;1915;3;1;1;5;3;70;;M;5038774;245905;620
201400000298;14;3;19;1700;1;1;1;1;1;70;;M;5038795;245864;620
201400000299;14;4;27;1545;1;1;1;1;1;415;;M;5032518;265835;620
201400000300;14;7;9;1945;2;1;1;3;6;399;;M;5031889;261213;620
201400000301;14;7;13;1100;1;1;1;2;6;199;;M;5038225;263047;620
201400000302;14;10;3;1715;1;2;6;1;3;45;Rue du General DE GAULLE;M;5035151;258910;620
201400000303;14;10;7;2100;3;1;1;2;3;45;;M;5034877;259519;620
201400000304;14;5;16;845;1;2;1;1;6;399;rue de  LA POSTE;M;5030580;261160;620
201400000305;14;5;16;1745;1;2;1;1;3;415;;M;5033194;264115;620
201400000306;14;10;27;1615;1;1;1;1;7;385;;M;5024645;246289;620
201400000307;14;12;15;2045;3;1;1;8;5;86;;M;0;0;620
201400000308;14;8;23;1830;1;2;1;8;3;361;Avenue Philippe Lebas;M;5027839;227409;620
201400000309;14;9;30;1015;1;1;1;1;2;156;;M;4990200;241077;800
201400000310;14;3;14;300;3;1;1;5;7;622;;M;0;0;800
201400000311;14;12;11;1945;3;1;1;3;6;71;;M;5012428;233821;800
201400000312;14;3;30;1230;1;1;1;1;6;166;;M;0;0;800
201400000313;14;1;6;1815;3;1;1;2;7;541;;M;0;0;800
201400000314;14;1;27;1730;2;1;1;1;7;10;;M;0;0;800
201400000315;14;4;13;1815;1;1;1;1;1;232;;M;0;0;800
201400000316;14;1;30;1330;1;2;1;1;6;16;rue de birmigham;M;0;0;800
201400000317;14;7;18;830;1;1;1;1;1;16;;M;0;0;800
201400000318;14;10;3;1215;1;2;1;1;6;16;rue jean mermoz;M;4999556;265480;800
201400000319;14;10;19;1300;1;1;1;1;6;16;;M;4999039;261004;800
201400000320;14;12;11;1730;5;2;1;3;6;16;91, AV DE LA REPUBLIQUE;M;5000438;265722;800
201400000321;14;12;12;1700;5;2;1;2;6;16;8, RUE DES ILLIEUX;M;5000496;265276;800
201400000322;14;12;21;1545;1;2;6;1;3;16;PL D'ARMES;M;5000364;264798;800
201400000323;14;1;18;1030;1;1;2;1;3;572;;M;0;0;800
201400000324;14;9;26;1300;1;2;1;1;1;579;152 R DE PARIS;M;4972459;306666;800
201400000325;14;9;27;1730;1;1;2;1;3;465;;M;4974334;291281;800
201400000326;14;2;2;445;5;2;3;1;6;460;01 Grande rue;M;0;0;20
201400000327;14;3;22;2000;4;1;1;1;3;238;;M;0;0;20
201400000328;14;5;5;1830;1;1;2;1;3;737;;M;0;0;20
201400000329;14;8;23;1900;1;2;1;1;6;602;rue de la vendee;M;0;0;20
201400000330;14;3;30;100;5;2;1;1;6;173;06 Boulevard de l'Europe;M;4962609;321384;20
201400000331;14;9;15;915;1;1;2;1;3;788;;M;0;0;20
201400000332;14;10;9;115;3;1;1;2;6;680;;M;0;0;20
201400000333;14;10;9;1700;1;1;1;1;6;336;;M;0;0;20
201400000334;14;11;18;1100;1;1;5;1;3;336;;M;0;0;20
201400000335;14;11;21;1645;2;1;1;1;6;173;;M;0;0;20
201400000336;14;12;28;715;5;2;6;1;6;173;boulevard de l'Europe;M;0;0;20
201400000337;14;1;24;1855;3;1;1;1;1;656;;M;0;0;20
201400000338;14;1;23;1815;2;1;1;2;1;602;;M;0;0;20