num_acc;an;mois;jour;hrmn;lum;agg;int;atm;col;com;adr;gps;lat;long;dep
201400000683;14;2;15;1100;1;2;1;1;3;219;67, R AUGUSTE CAVE;M;4972380;78828;760
201400000684;14;6;11;1530;1;1;1;1;7;390;;M;4850400;110500;270
201400000685;14;11;30;630;3;1;1;5;4;439;;M;4903400;110300;270
201400000686;14;4;12;515;3;2;1;1;6;287;;M;4900100;59400;270
201400000687;14;4;23;2215;4;1;6;1;6;641;;M;4904200;55100;270
201400000688;14;6;28;1115;1;1;6;1;6;229;;M;4902100;105100;270
201400000689;14;6;30;1445;1;1;1;1;3;650;;M;4904500;59300;270
201400000690;14;7;13;215;3;1;1;1;1;268;;M;4856300;58100;270
201400000691;14;10;2;700;2;1;1;1;7;306;;M;4857200;108500;270
201400000692;14;10;21;715;2;1;1;1;7;82;;M;4859000;101400;270
201400000693;14;10;23;745;2;1;1;1;1;161;;M;4902300;100499;270
201400000694;14;10;30;915;3;1;1;1;3;298;;M;4905300;57500;270
201400000695;14;11;10;1730;2;1;2;1;3;165;;M;4857400;57300;270
201400000696;14;12;11;1730;3;1;1;3;1;374;;M;0;0;270
201400000697;14;12;20;1800;3;1;1;8;7;489;;M;0;0;270
201400000698;14;5;4;1930;1;2;1;1;1;165;route du Neubourg;M;4858100;56100;270
201400000699;14;9;30;830;2;1;6;5;1;193;;M;4850000;121000;270
201400000700;14;11;21;2115;5;2;2;1;3;230;rue de la republique;M;4908500;132000;270
201400000701;14;11;23;930;1;1;1;1;1;144;;M;4851300;118400;270
201400000702;14;11;29;1615;1;2;1;1;7;230;61 rue Andr? Tremblay;M;4851400;124100;270
201400000703;14;2;8;1945;3;1;6;1;3;378;;M;4846500;111300;270
201400000704;14;4;30;1915;1;1;1;1;6;387;;M;4855200;102099;270
201400000705;14;5;28;2045;2;1;1;2;7;198;;M;4852200;105000;270
201400000706;14;2;2;2200;3;1;1;1;5;81;;M;4900400;117200;270
201400000707;14;3;24;2115;3;1;1;1;6;123;;M;4900400;119500;270
201400000708;14;4;27;1645;1;1;1;8;1;136;;M;4900400;126300;270
201400000709;14;5;5;1600;1;2;1;1;7;119;54 grande rue;M;4855500;126200;270
201400000710;14;8;29;1215;1;1;9;1;3;400;;M;4856500;124300;270
201400000711;14;10;7;800;1;1;1;1;4;4;;M;4900400;125400;270
201400000712;14;10;16;200;3;1;1;1;7;510;;M;4918500;38200;270
201400000713;14;11;3;1730;3;2;3;3;3;448;Rue du Gal de Gaulle;M;4900500;123000;270
201400000714;14;11;15;1945;3;1;1;1;6;136;;M;4900500;126500;270
201400000715;14;11;28;400;3;1;6;1;7;410;;M;4900400;114100;270
201400000716;14;1;24;1530;1;1;1;2;6;643;;M;4845000;101299;270
201400000717;14;2;17;1530;1;1;2;1;3;383;;M;4844300;50300;270
201400000718;14;3;26;1500;1;1;1;2;1;679;;M;4844200;56400;270
201400000719;14;8;15;1745;1;1;2;1;3;679;;M;4843100;56300;270
201400000720;14;1;13;815;1;2;1;1;6;329;Rue de Boursonne;M;4911300;127500;270
201400000721;14;1;14;1445;1;2;1;7;6;16;rue Jacques Ibert;M;4914500;124400;270
201400000722;14;2;6;1930;3;1;1;1;1;625;;M;4916300;131000;270
201400000723;14;3;9;1530;1;1;1;1;3;270;;M;4916000;124500;270
201400000724;14;6;3;2245;5;1;1;2;6;175;;M;4917200;128500;270
201400000725;14;9;5;1345;1;2;3;1;3;16;Route de Paix;M;4905400;125100;270
201400000726;14;9;16;1530;1;1;1;1;5;16;;M;4917000;127560;270
201400000727;14;10;26;1530;1;2;3;1;5;16;avenue de la r?publique;M;4914400;124500;270
201400000728;14;10;30;2045;3;1;1;1;7;473;;M;4909300;125100;270
201400000729;14;11;6;645;3;1;1;5;6;473;;M;4909000;125200;270
201400000730;14;1;29;1845;3;1;1;2;1;331;;M;4907200;133000;270
201400000731;14;4;4;1645;1;1;2;1;3;331;;M;4907400;133000;270
201400000732;14;5;7;1915;1;2;9;1;1;128;rue de la croix;M;4905000;135000;270
201400000733;14;6;25;1900;1;1;3;7;1;644;;M;4909400;133000;270
201400000734;14;9;4;1530;1;1;1;9;6;644;;M;4907200;130000;270
201400000735;14;10;10;2350;3;1;1;1;7;72;;M;4906100;133400;270
201400000736;14;11;22;900;1;1;2;1;3;644;;M;4909000;132000;270
201400000737;14;12;25;1245;1;1;2;1;3;449;;M;4909300;131400;270
201400000738;14;3;21;1600;5;2;2;1;1;104;RD6014/Canadiens;M;4923100;117500;270
201400000739;14;6;14;1130;1;1;1;1;6;151;;M;4918300;123400;270
201400000740;14;6;25;1745;1;2;1;1;3;214;ROUTE DE ROUEN;M;4918400;125300;270
201400000741;14;7;6;2100;2;1;1;2;6;214;;M;4918200;124100;270
201400000742;14;9;26;1500;1;1;1;1;6;373;;M;4925000;130330;270
201400000743;14;10;10;715;2;2;1;1;1;470;58 rue ren? raban;M;4920000;117300;270
201400000744;14;12;30;1300;1;1;1;1;7;377;;M;4923000;130100;270
201400000745;14;1;5;1815;5;2;1;1;6;284;4 FAUBOURG DE NEAUFLES;M;4916400;146200;270
201400000746;14;5;9;730;1;2;2;2;3;430;Carrefour D6 et D316;M;4921300;133100;270
201400000747;14;7;8;1900;3;1;1;8;7;372;;M;4921400;137400;270
201400000748;14;7;27;1100;1;1;1;1;1;682;;M;4914100;137300;270
201400000749;14;11;3;2115;3;1;1;3;6;10;;M;0;0;270
201400000750;14;2;6;1645;1;1;1;1;1;608;;M;4903300;29200;270
201400000751;14;3;2;1400;1;2;1;1;6;56;5 rue du val durcoeur;M;4906000;35500;270
201400000752;14;3;9;1215;1;1;1;1;1;414;;M;4856300;28300;270
201400000753;14;8;13;1645;1;1;2;1;3;600;;M;4903100;34000;270
201400000754;14;9;4;1030;1;1;2;1;7;56;;M;4905400;34200;270
201400000755;14;9;20;600;3;1;1;1;6;442;;M;4854160;31250;270
201400000756;14;10;2;100;3;1;1;2;6;629;;M;4907300;26500;270
201400000757;14;4;11;1845;1;1;3;7;1;50;ZI Les Coutures;M;4905100;47300;270
201400000758;14;5;21;1700;1;1;1;3;1;364;;M;4906200;44000;270
201400000759;14;7;29;1700;1;1;1;8;3;109;;M;4905300;48100;270
201400000760;14;8;7;1645;1;1;1;1;1;630;;M;4907500;48000;270
201400000761;14;9;19;830;1;2;1;7;6;164;rue du puit;M;4905360;53360;270
201400000762;14;10;2;1900;1;1;1;1;6;283;;M;4857200;38100;270
201400000763;14;12;25;1400;1;2;1;1;6;116;rd438;M;4911500;42400;270
201400000764;14;1;16;945;1;2;1;2;5;332;RD 6015;M;4911400;114100;270
201400000765;14;2;8;1900;2;2;2;1;6;623;Route de Pont de l'Arche;M;4912200;102499;270
201400000766;14;6;11;1300;1;1;4;1;6;677;;M;4910100;104299;270
201400000767;14;10;3;2345;3;1;1;1;6;624;;M;4912300;106500;270
201400000768;14;10;4;1815;1;1;1;2;6;3;;M;4909500;109100;270
201400000769;14;12;11;800;2;2;1;2;6;332;24 Route Nationale 15;M;4911400;114100;270
201400000770;14;1;22;815;2;1;1;2;6;275;;M;4908500;118000;270
201400000771;14;2;1;1545;1;2;2;1;3;191;rue de l anciennt gare;M;4906200;114300;270
201400000772;14;2;5;1945;5;2;3;1;3;275;;M;4909400;119200;270
201400000773;14;2;7;1900;2;1;1;1;6;25;;M;4905400;116400;270
201400000774;14;4;5;1200;1;1;1;1;1;343;;M;4903000;122300;270
201400000775;14;5;3;1130;1;1;1;1;1;343;;M;4903000;122300;270
201400000776;14;6;6;1900;1;1;1;1;7;343;;M;4903500;123000;270
201400000777;14;10;9;1445;1;1;1;1;6;275;;M;4909400;121100;270
201400000778;14;2;1;1510;1;2;1;1;3;348;28 route de paris;M;4922200;119500;270
201400000779;14;3;28;1330;1;1;1;1;5;458;;M;4920300;111000;270
201400000780;14;4;6;1600;1;1;4;2;1;394;;M;4917200;103200;270
201400000781;14;4;20;900;1;2;1;1;7;322;rue de la ravine;M;4913400;104299;270
201400000782;14;4;28;915;1;2;6;2;3;469;rue du g?n?ral de gaulle;M;4918100;107500;270
201400000783;14;8;15;2015;1;1;2;1;2;394;;M;4917300;103200;270
201400000784;14;9;11;2300;5;2;1;1;6;412;;M;4914500;104499;270
201400000785;14;1;19;1745;2;1;1;1;6;534;;M;4914400;102099;270
201400000786;14;4;4;1445;1;2;1;1;1;658;route du neubourg;M;4906500;54400;270
201400000787;14;5;28;1045;1;1;2;2;3;382;;M;4912400;110500;270
201400000788;14;8;31;2130;3;1;9;1;6;302;;M;4913400;50500;270
201400000789;14;10;3;830;1;1;1;5;3;506;;M;4913400;54500;270
201400000790;14;12;24;1815;3;1;1;2;1;344;;M;4914500;49200;270
201400000791;14;1;6;245;3;1;1;2;6;260;;M;4923500;25200;270
201400000792;14;1;11;1115;1;2;1;8;6;606;Rue de la Libert?;M;4918300;27500;270
201400000793;14;1;23;1215;1;2;1;2;6;101;Chemin de la Plaine;M;4923000;28200;270
201400000794;14;2;14;1500;1;1;1;1;1;174;;M;4920500;35400;270
201400000795;14;3;17;1215;1;1;2;1;3;65;;M;4920500;21400;270
201400000796;14;4;9;100;3;1;1;1;6;656;;M;4921400;26200;270
201400000797;14;5;30;1445;1;1;1;1;3;597;;M;4923000;21200;270
201400000798;14;6;25;1915;1;2;1;1;1;656;chemin du vauliou;M;4921100;28000;270
201400000799;14;8;29;1545;1;2;3;1;3;65;Rue de la lib?ration;M;4914300;58400;270
201400000800;14;8;31;1530;1;1;1;1;7;665;;M;4925500;34000;270
201400000801;14;9;14;1200;1;1;2;1;3;597;;M;4922200;22140;270
201400000802;14;9;14;1445;1;1;2;1;7;126;route de Pont-Audemer;M;4918530;32270;270
201400000803;14;10;19;1715;1;2;2;1;3;258;Le haut de la Rue;M;4918500;23100;270
201400000804;14;11;19;1715;2;2;1;1;3;467;route de quillebeuf;M;4921300;31000;270
201400000805;14;11;25;1415;1;2;1;8;6;260;route de la garderie;M;4923400;23300;270
201400000806;14;12;1;1800;5;2;2;2;3;467;RUE JULES FERRY;M;0;0;270
201400000807;14;12;3;745;2;2;1;1;7;467;cote de la pierre;M;4921200;31100;270
201400000808;14;1;9;715;3;1;1;8;3;134;;M;4921200;28500;270
201400000809;14;1;19;1700;2;2;1;1;6;580;rue des champs;M;4921300;53100;270
201400000810;14;1;16;700;5;2;1;2;1;363;RUE DE LA MAIRIE;M;4924100;47500;270
201400000811;14;2;5;1700;1;2;9;3;1;103;155 grande rue;M;4921100;49000;270
201400000812;14;2;16;1500;1;1;1;1;3;363;;M;4924000;47500;270
201400000813;14;5;22;1900;1;1;1;1;2;90;;M;4917400;56100;270
201400000814;14;6;5;1845;1;1;2;1;1;84;;M;4918300;51000;270
201400000815;14;6;15;245;3;1;1;1;7;316;;M;4923000;45100;270
201400000816;14;8;13;1145;1;2;1;1;1;90;chemin des hauts vents;M;4918000;56200;270
201400000817;14;8;20;1745;1;1;1;1;6;90;;M;4917400;55400;270
201400000818;14;9;1;815;2;1;2;5;3;340;;M;4923180;47540;270
201400000819;14;4;18;1745;1;1;2;1;3;288;;M;4916000;41100;270
201400000820;14;5;17;100;3;1;1;1;6;587;;M;4917200;37400;270
201400000821;14;6;12;2245;2;1;1;1;7;367;;M;4913300;31000;270
201400000822;14;6;25;1030;1;1;2;1;3;288;;M;4916000;41100;270
201400000823;14;10;5;1200;1;1;1;1;1;288;;M;4916200;39400;270
201400000824;14;10;10;100;3;2;3;1;6;146;33 le bourg;M;4916200;24000;270
201400000825;14;10;11;1530;1;1;1;1;3;18;;M;4918500;38200;270
201400000826;14;3;10;800;1;2;1;1;3;47;avenue Robert Schuman;M;4804430;-174738;350
201400000827;14;4;21;1845;1;2;1;1;3;47;ave du g?n?ral de Gaulle;M;4802323;-173844;350
201400000828;14;5;14;1345;1;1;1;1;1;66;;M;4805377;-172813;350
201400000829;14;8;2;800;1;1;1;2;3;47;;M;4805335;-172580;350
201400000830;14;9;10;1200;1;1;1;1;5;47;;M;4799911;-174013;350
201400000831;14;10;30;1330;1;1;2;1;1;47;;M;4800489;-174176;350
201400000832;14;11;2;1915;3;1;1;8;1;66;;M;4804029;-168651;350
201400000833;14;3;9;1645;1;1;2;1;3;94;;M;4835119;-177949;350
201400000834;14;11;13;1830;3;1;1;1;5;3;;M;4828982;-157922;350
201400000835;14;1;18;1800;5;2;6;2;6;152;Avenue du Gal de Gaulle;M;4821043;-150904;350
201400000836;14;3;24;1215;1;2;1;1;2;152;119 rue de Rennes;M;4820815;-151811;350
201400000837;14;4;10;1630;1;2;1;1;6;152;All?e Henri Lebreton;M;4821214;-150685;350
201400000838;14;4;12;1600;1;1;1;1;3;101;;M;4819710;-139688;350
201400000839;14;7;10;1845;1;1;1;1;1;152;Les Molières;M;4822706;-148196;350
201400000840;14;9;10;1915;1;1;2;7;3;1;;M;4813860;-151618;350
201400000841;14;10;31;1700;2;2;1;2;7;31;Lieu Dit Chevr?;M;4819203;-146247;350
201400000842;14;11;27;1745;3;1;1;1;3;31;;M;4819836;-144222;350
201400000843;14;3;26;1115;1;2;1;1;6;297;7 RUE DE LA CROIX DUVAL;M;4818674;-220185;350
201400000844;14;5;27;2000;1;2;3;1;3;245;rue de la galerne;M;4821949;-189364;350
201400000845;14;6;13;830;1;1;1;7;6;184;;M;4818897;-203483;350
201400000846;14;6;28;1830;1;1;1;8;6;184;;M;4819494;-206386;350
201400000847;14;7;27;130;3;1;1;1;6;201;;M;4812838;-218056;350
201400000848;14;9;11;1945;2;1;1;1;6;258;;M;4831349;-184042;350
201400000849;14;9;28;815;1;2;1;1;6;22;ROUTE DE MONFORT;M;4829344;-194764;350
201400000850;14;3;28;1445;1;1;1;1;6;340;;M;4803060;-200400;350
201400000851;14;4;15;1515;1;1;1;1;6;187;;M;4805291;-198715;350
201400000852;14;6;16;1745;1;1;1;1;1;188;;M;4813957;-193717;350
201400000853;14;7;4;1745;1;1;1;1;1;133;;M;4806452;-203063;350
201400000854;14;8;20;1745;1;2;1;1;7;188;le pont aux anes;M;4813933;-194859;350
201400000855;14;10;15;1715;1;1;2;2;3;187;;M;4806868;-198204;350
201400000856;14;12;27;1830;3;1;9;3;5;81;;M;4818269;-185330;350
201400000857;14;1;13;830;1;1;1;1;3;240;;M;4809955;-178558;350
201400000858;14;3;16;1015;1;1;1;1;4;240;Picourée;M;4808098;-175667;350
201400000859;14;3;18;1030;1;1;1;1;2;240;rue Nationale;M;4809870;-175837;350
201400000860;14;5;8;1145;1;1;1;1;2;80;;M;0;0;350
201400000861;14;8;26;845;1;1;1;7;3;196;;M;4810148;-184512;350
201400000862;14;9;13;1500;1;1;2;1;3;240;La Brosse;M;4810248;-183165;350
201400000863;14;10;13;1830;1;1;9;1;1;240;;M;4810183;-175365;350
201400000864;14;11;4;1815;2;2;1;8;6;196;avenue Mar?chal LECLERC;M;4807186;-185012;350
201400000865;14;12;6;1630;2;2;1;7;6;196;Rue du Maréchal Leclerc;M;4807496;-184396;350
201400000866;14;12;19;1930;3;1;1;8;3;196;;M;4810140;-184785;350
201400000867;14;8;1;1915;1;1;1;1;1;18;;M;4844400;-109900;350
201400000868;14;12;6;1200;1;1;6;1;7;324;;M;4833668;-117795;350
201400000869;14;12;25;545;3;1;1;1;6;138;;M;4837860;-117899;350
201400000870;14;1;17;1130;1;2;1;3;3;178;LA BOUZILLE;M;4828708;-143862;350
201400000871;14;1;24;1215;1;1;2;2;3;191;;M;0;0;350
201400000872;14;1;24;1945;1;2;1;1;1;11;rue des rosiers;M;4835862;-138135;350
201400000873;14;4;13;1015;1;1;3;1;5;178;;M;4830500;-143100;350
201400000874;14;4;20;845;1;1;1;2;2;282;;M;4827976;-137338;350
201400000875;14;5;2;1715;1;2;3;1;3;253;28 rue de RENNES;M;4825892;-140976;350
201400000876;14;5;3;500;3;1;1;1;6;341;;M;0;0;350
201400000877;14;5;6;800;1;1;2;1;5;253;La Grange;M;4824370;-139883;350
201400000878;14;5;13;730;1;1;1;1;1;257;;M;4840255;-137785;350
201400000879;14;5;13;1445;1;1;1;1;1;257;;M;4840209;-137759;350
201400000880;14;6;12;1845;1;2;1;7;3;304;RUE DU CORBEL;M;4833089;-142679;350
201400000881;14;6;16;615;2;1;1;1;1;121;;M;4823786;-146399;350
201400000882;14;6;29;1445;1;1;1;1;2;341;;M;4842717;-147305;350
201400000883;14;6;29;1730;1;1;1;1;6;113;;M;4846856;-151646;350
201400000884;14;7;18;1315;1;1;1;1;7;205;;M;4842014;-162659;350
201400000885;14;7;24;1645;1;1;1;1;1;282;;M;0;0;350
201400000886;14;8;30;1200;1;1;1;1;6;257;;M;0;0;350
201400000887;14;9;1;1500;1;1;1;1;3;19;;M;4848813;-156886;350
201400000888;14;9;5;2045;2;1;3;1;3;273;L'Aubriais;M;4839039;-127191;350
201400000889;14;9;9;1830;1;1;1;1;7;4;;M;4846400;-148100;350
201400000890;14;10;24;1945;3;1;1;1;2;282;;M;4827965;-137385;350
201400000891;14;11;12;1000;3;1;1;2;6;303;;M;4847645;-146164;350
201400000892;14;12;9;1530;1;2;1;8;1;253;D794 PK22.00;M;4825445;-141121;350
201400000893;14;12;15;1600;1;1;1;1;7;273;;M;4842645;-127304;350
201400000894;14;1;4;700;3;1;1;3;6;237;;M;4773547;-196198;350
201400000895;14;1;13;845;3;1;1;3;1;236;;M;4766877;-208889;350
201400000896;14;5;3;1030;1;1;1;1;3;64;;M;4769887;-192722;350
201400000897;14;6;10;1900;1;2;1;1;7;236;AGATHA CHRISTIE;M;4766584;-207883;350
201400000898;14;6;17;1715;1;2;6;1;6;236;4 rue des douves;M;0;0;350
201400000899;14;8;25;1900;1;2;1;3;6;236;rue fontaines feuill?es;M;0;0;350
201400000900;14;9;30;1545;1;2;3;1;3;236;rue Quercia;M;4767021;-206681;350
201400000901;14;10;9;1700;1;1;1;1;1;237;;M;4773932;-196979;350
201400000902;14;10;10;2215;3;1;1;1;6;13;;M;4770678;-206476;350
201400000903;14;11;20;830;1;1;1;1;5;13;;M;4773533;-210674;350
201400000904;14;12;4;730;3;1;2;1;3;237;;M;4771870;-197316;350
201400000905;14;1;25;2045;3;1;1;1;2;12;;M;4782873;-162946;350
201400000906;14;3;23;1115;1;2;1;1;1;176;rue Bonabry;M;4782630;-180988;350
201400000907;14;5;4;1215;1;2;1;1;6;249;lieu dit la croix Barbot;M;0;0;350
201400000908;14;5;7;1815;1;2;3;1;1;12;le ch?telier;M;0;0;350
201400000909;14;8;24;1915;1;1;1;1;1;249;La Pointais;M;4772613;-181839;350
201400000910;14;8;27;1430;1;1;1;2;6;176;;M;4782445;-178214;350
201400000911;14;8;30;1515;1;1;1;1;3;322;;M;0;0;350
201400000912;14;9;7;445;5;2;1;1;7;321;r?sidence des rosiers;M;4791459;-158870;350
201400000913;14;9;12;1045;1;1;1;1;1;316;;M;4778785;-162872;350
201400000914;14;9;25;2115;5;2;1;1;3;12;Rue de la Croix de pierr;M;4784448;-168468;350
201400000915;14;11;7;715;1;1;1;2;3;30;;M;0;0;350
201400000916;14;11;15;2200;3;1;1;1;6;89;;M;4788434;-150397;350
201400000917;14;12;3;1545;1;1;1;1;6;12;;M;0;0;350
201400000918;14;12;6;415;3;1;2;1;2;89;;M;4789321;-150322;350
201400000919;14;12;12;830;2;2;1;2;6;12;rue du ch?ne vert;M;4784546;-168749;350
201400000920;14;1;31;1840;5;2;1;3;6;127;;M;4792028;-186063;350
201400000921;14;4;24;1745;1;2;6;9;7;139;bld commandant cousteau;M;4798223;-171911;350
201400000922;14;7;8;900;1;1;1;1;1;126;;M;4799423;-180006;350
201400000923;14;7;29;1345;1;1;1;1;1;126;;M;4798824;-178143;350
201400000924;14;9;2;1945;1;1;1;1;7;139;;M;4798183;-171544;350
201400000925;14;9;18;300;3;1;1;1;6;123;;M;4799265;-188869;350
201400000926;14;10;7;1230;1;1;1;2;1;139;;M;4798939;-171906;350
201400000927;14;10;11;445;3;1;1;5;6;16;;M;4798470;-189756;350
201400000928;14;10;28;1430;1;1;1;1;1;139;;M;4799937;-172436;350
201400000929;14;11;18;1015;1;1;1;1;6;127;;M;4792055;-185424;350
201400000930;14;12;3;1500;1;2;1;1;6;123;2, rue de blossac;M;4800652;-184590;350
201400000931;14;12;19;2130;3;1;1;1;1;312;;M;4792628;-177965;350
201400000932;14;12;28;1615;1;1;1;7;3;123;;M;4801217;-183714;350
201400000933;14;2;9;1045;1;1;1;1;2;168;;M;4792352;-195733;350
201400000934;14;4;16;1300;1;1;5;1;3;299;;M;4862653;-192174;350
201400000935;14;5;9;215;3;2;1;1;6;263;La ville croix;M;4867481;-190450;350
201400000936;14;5;19;2215;3;1;1;1;6;179;;M;4854403;-186673;350
201400000937;14;6;19;1715;1;1;1;1;4;284;;M;4860740;-197770;350
201400000938;14;6;22;1100;1;1;1;1;3;179;;M;0;0;350
201400000939;14;8;14;215;5;1;1;1;6;70;;M;4856330;-192543;350
201400000940;14;1;10;715;2;1;1;5;1;226;;M;4840217;-187886;350
201400000941;14;1;4;1430;1;1;1;3;1;247;;M;4859289;-161089;350
201400000942;14;4;13;545;3;2;1;1;6;95;41 rue de paris;M;0;0;350
201400000943;14;6;1;1115;1;2;1;1;6;95;18 RUE DE DINAN;M;4854543;-175972;350
201400000944;14;6;20;2300;3;1;1;1;1;247;;M;4859526;-160196;350
201400000945;14;6;21;900;1;2;7;1;6;95;Place du Gal De Gaulle;M;4854932;-175292;350
201400000946;14;8;5;1630;1;1;2;1;3;78;;M;4858026;-171134;350
201400000947;14;8;24;545;1;2;1;1;6;248;VD8;M;4855226;-158433;350
201400000948;14;1;20;800;1;2;6;1;6;228;1, rue St Guillaume;M;4857952;-205878;350
201400000949;14;2;14;1800;2;1;1;2;7;228;;M;4862163;-209762;350
201400000950;14;10;11;815;3;1;1;1;6;287;;M;4862992;-209304;350
201400000951;14;10;17;1430;1;1;3;1;3;228;;M;4858157;-204874;350
201400000952;14;11;6;1145;1;2;1;1;6;228;45 rue de Dinard;M;4858161;-205855;350
201400000953;14;12;29;1700;2;2;1;1;6;360;rue du mee;M;4811400;-120893;350
201400000954;14;5;3;1445;1;1;2;1;3;119;;M;4802301;-113774;350
201400000955;14;5;3;1900;1;1;2;1;3;119;;M;4802293;-113770;350
201400000956;14;6;2;230;3;1;1;1;7;15;;M;0;0;350
201400000957;14;6;25;1330;1;1;1;8;6;109;;M;4807002;-118287;350
201400000958;14;6;29;630;2;1;1;1;6;252;;M;4810759;-131330;350
201400000959;14;8;18;1745;1;2;6;1;3;360;;M;0;0;350
201400000960;14;8;23;300;3;1;1;1;7;109;;M;4807648;-116122;350
201400000961;14;9;1;1545;1;1;2;1;3;105;La Huperie;M;4809140;-110216;350
201400000962;14;9;13;230;3;1;1;1;6;109;;M;4807176;-119933;350
201400000963;14;9;29;1430;1;1;1;1;7;360;;M;4813568;-121745;350
201400000964;14;10;4;945;1;2;1;2;6;6;;M;4805684;-115347;350
201400000965;14;10;1;930;1;2;1;1;6;360;boulevard Pierre Landais;M;4812062;-120817;350
201400000966;14;10;12;1630;1;1;1;3;7;97;;M;0;0;350
201400000967;14;11;10;1645;1;2;3;1;1;360;boulevard waldeck rousse;M;4811960;-120303;350
201400000968;14;12;10;1845;3;1;2;2;1;338;;M;4806203;-127626;350
201400000969;14;1;16;1215;1;1;1;1;1;327;;M;4811266;-143301;350
201400000970;14;2;1;230;3;1;1;5;5;39;;M;4810408;-149691;350
201400000971;14;4;19;1615;1;1;1;1;3;204;;M;4802897;-153335;350
201400000972;14;4;25;1000;1;1;1;1;1;207;;M;0;0;350
201400000973;14;6;26;1445;1;1;1;1;1;68;;M;4815242;-140817;350
201400000974;14;9;2;945;1;1;1;1;1;207;;M;0;0;350
201400000975;14;9;28;1645;1;1;1;1;6;207;La Galaicherie;M;4809611;-153157;350
201400000976;14;11;11;1430;1;1;1;2;6;207;;M;4811124;-153603;350
201400000977;14;1;25;100;3;1;1;2;7;167;;M;4784388;-130614;350
201400000978;14;5;8;1145;1;2;1;1;7;14;rue des tisserands;M;4800576;-128900;350
201400000979;14;6;26;1345;1;1;1;1;1;125;;M;4794452;-126163;350
201400000980;14;7;25;1645;1;1;1;1;1;8;;M;4795416;-121738;350
201400000981;14;10;5;1745;1;1;1;1;6;200;;M;4796423;-120283;350
201400000982;14;10;26;1845;3;1;2;1;3;167;;M;4783980;-140283;350
201400000983;14;1;12;745;3;1;1;1;5;108;;M;4795100;-147000;350
201400000984;14;1;18;115;3;1;1;1;7;28;;M;4800000;-138200;350
201400000985;14;3;8;1500;1;2;1;7;2;136;27 ROUTE DE BAIN;M;4795389;-150494;350
201400000986;14;3;8;1700;1;1;4;7;1;335;;M;4783657;-148995;350
201400000987;14;4;25;2145;3;1;1;1;2;220;La Laurançais;M;4801760;-141081;350
201400000988;14;5;14;1130;1;1;1;1;1;28;;M;4797350;-140143;350
201400000989;14;7;19;1615;1;1;4;1;3;41;;M;4793794;-153405;350
201400000990;14;7;26;1;3;1;1;1;3;136;;M;4797256;-148344;350
201400000991;14;9;25;815;1;2;1;1;6;136;rue Chanoine Rossignol;M;4796055;-149698;350
201400000992;14;10;30;1230;1;1;1;1;7;220;;M;4799371;-142050;350
201400000993;14;12;22;1200;1;1;1;1;7;108;;M;4796533;-142764;350
201400000994;14;12;20;1400;1;1;2;1;3;236;kerdoret;M;4865064;-296255;220
201400000995;14;12;25;1900;4;1;2;8;3;367;;M;4855188;-285677;220
201400000996;14;2;4;1530;1;1;1;8;7;246;;M;4845960;-263461;220
201400000997;14;4;15;1545;1;1;2;1;3;142;MAROUE (lamballe);M;4843534;-252888;220
201400000998;14;4;30;1345;1;1;1;1;5;93;;M;4845542;-251369;220
201400000999;14;5;29;1445;1;1;2;1;3;142;MAROUE;M;4844583;-255063;220
201400001000;14;5;29;230;3;2;1;1;6;160;rue louis hingant;M;4844779;-248484;220