num_acc;an;mois;jour;hrmn;lum;agg;int;atm;col;com;adr;gps;lat;long;dep
201400001001;14;10;6;1230;1;2;6;3;3;93;avenue georges clémencea;M;4846134;-250315;220
201400001002;14;10;12;1145;1;1;1;3;1;142;le moulin provost;M;4842564;-250688;220
201400001003;14;10;14;1615;1;2;1;7;6;93;rue du général de gaulle;M;4847154;-251557;220
201400001004;14;11;18;1800;3;1;1;2;6;44;Belle Ville;M;4848340;-257653;220
201400001005;14;11;18;830;1;2;3;2;3;160;rue Hingant;M;4844783;-248472;220
201400001006;14;12;12;1900;5;2;1;2;6;93;Rue du Général LECLERC;M;4846744;-251421;220
201400001007;14;1;10;1330;1;1;2;1;5;258;Meudon;M;4842171;-262729;220
201400001008;14;2;5;1845;3;1;1;3;7;79;La Ville Es Bruyères;M;4837723;-275267;220
201400001009;14;8;6;800;1;1;1;2;1;258;La Chenaie;M;4841839;-262574;220
201400001010;14;8;29;2330;3;1;1;1;1;281;Saint Guihen;M;4840247;-277326;220
201400001011;14;2;17;900;1;1;1;1;3;390;La Petite tournée;M;4871803;-302372;220
201400001012;14;6;5;2330;5;2;1;1;1;162;avenue chateaubriand;M;4877781;-304403;220
201400001013;14;7;12;1400;1;1;1;1;1;162;Penvern;M;4876703;-305742;220
201400001014;14;11;7;800;2;1;1;2;1;162;guillardon;M;4875811;-299599;220
201400001015;14;2;15;1600;1;2;9;1;6;54;parking magasin super u;M;4862248;-243859;220
201400001016;14;3;23;100;3;1;1;2;7;242;;M;4862903;-242123;220
201400001017;14;5;27;845;1;2;2;1;6;242;rue rollard;M;4864006;-239961;220
201400001018;14;8;1;1800;1;1;6;1;2;389;;M;4848044;-264607;220
201400001019;14;8;6;15;3;2;1;3;3;186;le cloître;M;4857699;-253365;220
201400001020;14;8;10;1430;1;1;1;1;1;186;;M;4856439;-254518;220
201400001021;14;9;7;445;3;2;1;1;6;389;rue louis marteil;M;4848414;-265841;220
201400001022;14;11;1;1900;5;2;1;1;6;54;rue du parc des sports;M;4863037;-246332;220
201400001023;14;1;7;1430;1;2;1;1;1;171;rue de la ville gourelle;M;4840891;-281826;220
201400001024;14;4;12;2315;3;1;1;1;6;307;7,rue Saint Gilles;M;4843852;-282070;220
201400001025;14;4;16;1645;1;1;1;1;5;277;;M;4841358;-284979;220
201400001026;14;6;1;1015;1;1;1;1;3;45;le paimpeu;M;4843715;-293897;220
201400001027;14;6;21;715;1;1;1;1;7;176;le moulin de quervilly;M;4846209;-275573;220
201400001028;14;7;1;1845;1;2;3;1;6;171;rue de sébastopol;M;4840790;-281732;220
201400001029;14;7;16;1830;1;2;1;1;6;59;rue du stade;M;4839086;-286813;220
201400001030;14;1;19;1645;1;1;2;7;1;77;LESB PHILIPORTES;M;4852834;-242249;220
201400001031;14;5;9;145;3;2;1;1;1;179;place de Bretagne;M;4864048;-239414;220
201400001032;14;7;3;1530;1;2;1;1;3;179;rue des petites fontaine;M;4862800;-236946;220
201400001033;14;7;30;1645;1;1;1;1;2;323;;M;4852836;-232543;220
201400001034;14;8;27;1745;1;1;1;1;7;143;le Houet;M;4860607;-228005;220
201400001035;14;9;7;1700;1;1;1;1;5;179;saint aide;M;4861960;-234744;220
201400001036;14;9;26;1315;1;2;1;1;6;179;rue des petites fontaine;M;4862860;-236703;220
201400001037;14;10;5;1145;1;2;1;1;3;282;;M;4862812;-225686;220
201400001038;14;2;14;1600;1;2;1;2;7;190;rue François Mitterrand;M;4853300;-205724;220
201400001039;14;2;22;100;3;1;1;2;6;237;Le Bois Bouan;M;4855091;-225530;220
201400001040;14;1;5;1700;1;1;1;8;4;225;le pont caffin;M;4853494;-316147;220
201400001041;14;2;4;1130;1;2;1;7;6;70;route de corlay;M;4855365;-314963;220
201400001042;14;4;21;1945;3;1;1;1;3;272;Kernoble;M;4856775;-310167;220
201400001043;14;8;5;1615;1;2;1;1;6;70;rue st michel;M;4856097;-315801;220
201400001044;14;10;17;745;2;1;1;2;7;272;;M;4856970;-309287;220
201400001045;14;10;14;745;2;2;2;9;3;70;Rue du Général de GAULLE;M;4856317;-314991;220
201400001046;14;10;17;1030;1;2;1;2;6;70;Rue Ernest RENAN;M;4856326;-315570;220
201400001047;14;11;4;1745;3;2;3;8;3;223;pont ezer;M;4857189;-316233;220
201400001048;14;1;2;1830;3;2;1;1;7;248;rue Pierre COTTIN;M;4862100;-308926;220
201400001049;14;1;18;1530;1;2;3;8;3;194;rue de la fontaine;M;4865708;-362612;220
201400001050;14;2;5;1145;1;2;1;2;3;211;rue joseph lasbleiz;M;4871659;-345479;220
201400001051;14;2;2;1545;1;2;1;1;2;353;trebeurdenPAS DOSGEO;M;4882171;-351801;220
201400001052;14;2;7;1300;1;1;6;1;3;198;;M;4878627;-349227;220
201400001053;14;3;9;2245;5;2;1;1;3;168;BLD JOSEPH LE BIHAN;M;4881590;-345833;220
201400001054;14;4;18;2030;1;1;1;1;6;198;;M;4875327;-351582;220
201400001055;14;5;7;2315;4;2;1;1;7;353;rue de poul palud;M;4882479;-350711;220
201400001056;14;7;11;2245;2;2;1;1;6;379;rue de trestel;M;4881996;-335351;220
201400001057;14;8;11;2345;5;2;1;1;6;168;9 rue de la Jetée;M;4880597;-343748;220
201400001058;14;8;13;430;5;2;1;1;6;168;rue de Traouros;M;4882397;-348582;220
201400001059;14;1;8;2000;5;2;1;2;6;3;;M;4802344;-453869;290
201400001060;14;1;29;1845;3;2;1;3;6;197;rue de Locqueran;M;4802160;-453189;290
201400001061;14;2;12;1530;1;1;1;1;6;3;;M;4802194;-453854;290
201400001062;14;6;21;1030;1;1;1;1;4;173;;M;4800787;-419574;290
201400001063;14;7;13;715;2;2;1;5;6;215;route de QUIMPER;M;4798700;-442395;290
201400001064;14;10;9;1900;2;1;1;2;2;225;;M;4796600;-433100;290
201400001065;14;11;10;430;3;1;1;8;6;218;;M;4804800;-446700;290
201400001066;14;12;6;630;3;1;6;1;6;173;;M;4800700;-419200;290
201400001067;14;12;11;1845;3;1;1;1;1;225;bourg;M;4801568;-436159;290
201400001068;14;12;23;1845;3;1;1;8;1;216;;M;4798099;-417921;290
201400001069;14;2;26;1745;1;1;1;1;3;224;;M;4804307;-432725;290
201400001070;14;4;11;900;1;1;1;1;1;46;;M;4809322;-432861;290
201400001071;14;4;20;800;1;1;1;1;6;226;;M;4808027;-441415;290
201400001072;14;7;18;1700;1;2;1;1;2;46;RUE AR VERET;M;4808860;-434028;290
201400001073;14;11;6;845;1;1;1;1;5;169;;M;4807814;-419158;290
201400001074;14;11;6;1645;1;2;1;2;1;46;D7 boulevard Jean Moulin;M;4808648;-433897;290
201400001075;14;11;17;800;2;2;9;8;6;46;rue la?nnec;M;4808604;-432163;290
201400001076;14;1;1;645;3;1;1;3;1;57;;M;4792510;-397435;290
201400001077;14;1;17;1900;5;2;1;8;6;58;37, rue d'Armor;M;4793363;-402123;290
201400001078;14;4;17;1445;1;1;2;1;3;247;;M;4793688;-402147;290
201400001079;14;5;25;430;3;1;1;1;7;247;;M;4793688;-402147;290
201400001080;14;8;17;1545;1;2;1;1;1;58;lieu dit roezmbar;M;4789374;-401152;290
201400001081;14;8;22;600;5;2;1;1;3;58;rue Jean GUEGUEN;M;4789374;-401152;290
201400001082;14;8;22;1130;1;2;9;1;6;6;chemin de Creisanguer;M;4786641;-409047;290
201400001083;14;10;17;1015;1;1;1;8;1;57;;M;4790788;-397956;290
201400001084;14;12;9;1000;1;1;1;1;6;60;bourg;M;4790788;-404324;290
201400001085;14;1;11;1630;1;2;2;1;3;220;rue du penquer;M;4786510;-421678;290
201400001086;14;12;13;1000;1;1;1;1;3;158;bourg;M;4779729;-435814;290
201400001087;14;2;19;1545;1;2;1;2;7;235;bd L?opold Maissin;M;4839524;-441231;290
201400001088;14;3;8;1800;1;2;1;7;6;75;RUE DE TOURBIAN;M;4841068;-446046;290
201400001089;14;4;30;1815;1;2;6;3;6;75;;M;4843545;-439989;290
201400001090;14;5;14;500;3;2;1;1;7;75;AVENUE DE BARSBUTTEL;M;4843313;-441481;290
201400001091;14;5;19;1230;1;2;1;1;1;268;rue pen ar quinquis;M;4847204;-433727;290
201400001092;14;7;4;1800;1;1;1;2;3;75;;M;4845244;-437704;290
201400001093;14;1;11;1300;1;2;1;7;1;103;rue de ST ERNEL;M;4844354;-426396;290
201400001094;14;6;24;1145;1;1;3;1;3;128;RD30 X RD69;M;4849254;-407733;290
201400001095;14;9;3;1815;1;2;1;1;1;103;1 r?sidence duguesclin;M;4787192;-391776;290
201400001096;14;9;13;800;1;1;1;1;1;180;;M;4845323;-414314;290
201400001097;14;12;27;1645;2;2;1;3;6;103;32 rue de la lib?ration;M;4844928;-424645;290
201400001098;14;3;5;1800;1;1;1;1;6;55;;M;4855065;-434804;290
201400001099;14;3;19;1230;1;1;1;1;1;179;;M;4852800;-430800;290
201400001100;14;4;27;1830;1;1;1;1;6;124;;M;4850110;-429610;290
201400001101;14;9;9;900;1;1;1;1;1;64;;M;0;0;290
201400001102;14;12;12;845;2;2;1;2;6;55;rue de la gare;M;4856067;-434159;290
201400001103;14;6;15;30;3;2;1;1;6;35;rue de la forge;M;4849717;-450878;290
201400001104;14;6;23;1015;1;1;1;1;1;117;;M;4856937;-452151;290
201400001105;14;8;28;1115;1;1;1;2;6;15;;M;4849950;-450657;290
201400001106;14;8;29;1700;1;2;1;1;6;195;Kroaz Kenan;M;4860790;-450557;290
201400001107;14;9;17;2145;3;2;1;1;6;160;kermenguy;M;4849064;-443475;290
201400001108;14;9;19;2245;5;2;1;1;6;117;;M;4856937;-452151;290
201400001109;14;11;25;1130;1;1;1;1;1;77;;M;4863402;-440954;290
201400001110;14;10;2;2015;5;2;1;1;1;98;RUE DE PORSPAUL;M;4844724;-477134;290
201400001111;14;3;21;930;1;1;1;1;6;149;;M;4847284;-452508;290
201400001112;14;4;17;1500;1;1;1;1;1;257;;M;4856346;-459718;290
201400001113;14;6;13;2345;4;2;1;1;3;178;rye yves Talarmin;M;4854070;-465586;290
201400001114;14;7;2;1800;1;1;1;1;5;119;;M;4847384;-463899;290
201400001115;14;7;26;1000;1;2;1;1;1;221;10 rue du port;M;4848776;-477037;290
201400001116;14;7;27;1400;1;2;1;1;2;177;Route du Phare;M;4842501;-477871;290
201400001117;14;8;13;800;1;2;1;1;6;260;rue Lucien Thuilliez;M;4843234;-462873;290
201400001118;14;9;1;2245;3;2;1;1;6;196;rue Suzanne de Parceveau;M;4852497;-459866;290
201400001119;14;10;11;2100;3;1;2;1;3;208;;M;4850909;-468598;290
201400001120;14;11;9;1530;1;2;1;1;1;178;CHEMIN DES DUNES;M;4856662;-468428;290
201400001121;14;12;4;1400;1;1;1;2;7;196;;M;4853800;-459700;290
201400001122;14;12;24;130;3;1;1;2;6;196;;M;4852497;-459866;290
201400001123;14;5;17;645;2;1;1;1;6;302;MIGOURON;M;4827696;-410257;290
201400001124;14;6;13;1700;1;2;1;7;1;26;Notre dame 29150;M;4819536;-409750;290
201400001125;14;8;22;1500;1;1;1;1;1;240;;M;4826353;-419451;290
201400001126;14;1;16;1115;1;2;1;2;7;81;;M;4837092;-374736;290
201400001127;14;2;5;1900;3;2;1;2;6;24;CD 54;M;4827558;-357418;290
201400001128;14;2;10;715;3;1;1;2;6;227;;M;4834012;-364282;290
201400001129;14;4;19;1700;1;1;2;1;3;211;;M;4831552;-373744;290
201400001130;14;5;4;1300;1;1;1;1;3;152;;M;4820169;-355540;290
201400001131;14;6;3;1530;1;1;2;8;3;227;;M;4834012;-364282;290
201400001132;14;6;7;1445;1;1;1;1;7;250;;M;4821814;-363458;290
201400001133;14;6;15;730;1;1;1;1;7;24;Lieu dit Trévourec;M;4823913;-359864;290
201400001134;14;6;17;1730;1;1;1;1;1;81;proche le Cloitre;M;4836009;-379789;290
201400001135;14;7;4;1800;1;2;1;2;1;24;;M;4828106;-357423;290
201400001136;14;7;16;1630;1;2;1;7;5;24;BOulevard Jean MOULIN;M;4827241;-356852;290
201400001137;14;2;21;1545;1;1;1;8;2;107;;M;4806303;-397809;290
201400001138;14;5;29;1700;3;1;1;1;6;125;;M;4809956;-378567;290
201400001139;14;7;13;100;3;1;1;2;6;48;;M;4811906;-388301;290
201400001140;14;9;9;1530;1;1;1;1;6;41;;M;4805100;-390300;290
201400001141;14;10;6;1145;1;1;1;1;1;41;;M;4805900;-382600;290
201400001142;14;10;14;1700;1;2;1;1;1;20;amiral de la grandi?re;M;4809711;-399740;290
201400001143;14;10;24;1815;1;1;1;8;6;16;;M;4832700;-396000;290
201400001144;14;11;1;1815;3;1;1;1;6;41;lieu-dit Cavarno;M;4809284;-385286;290
201400001145;14;12;13;1030;1;1;1;1;3;175;bourg;M;4835347;-385055;290
201400001146;14;2;19;1045;1;2;1;2;6;22;rue du STADE;M;4827562;-460483;290
201400001147;14;9;16;930;1;2;1;9;6;280;Rue de l'Aber;M;4823174;-436985;290
201400001148;14;10;3;1630;1;2;1;1;3;42;Tal ar groas;M;4824908;-441812;290
201400001149;14;12;4;745;4;2;1;1;3;120;boulevard de la marine;M;4828471;-445582;290
201400001150;14;12;20;1730;2;1;2;1;3;238;;M;4831535;-454802;290
201400001151;14;3;5;1745;1;1;1;1;2;207;;M;4856444;-384267;290
201400001152;14;5;2;2115;1;2;1;1;6;113;route de locquirec;M;4864700;-371540;290
201400001153;14;7;1;1245;1;1;1;1;1;207;;M;4853481;-379048;290
201400001154;14;8;9;1715;1;2;1;1;6;191;Rue de Lann?anou;M;4851861;-371009;290
201400001155;14;8;29;2000;1;1;1;1;1;67;;M;4851726;-358881;290
201400001156;14;10;20;2300;3;1;1;1;6;191;;M;4852067;-371301;290
201400001157;14;11;1;1615;1;1;1;7;2;191;;M;4851709;-370926;290
201400001158;14;11;16;2000;3;1;1;5;1;191;;M;4852067;-371301;290
201400001159;14;12;20;1500;1;1;1;1;3;207;vieux bourg;M;4853174;-383080;290
201400001160;14;12;26;1930;3;1;1;2;1;59;;M;4860127;-375734;290
201400001161;14;3;14;2030;5;2;1;1;6;105;Rue du G?n?ral DE GAULLE;M;4851013;-407326;290
201400001162;14;3;20;1030;1;1;1;1;1;204;;M;4854000;-421500;290
201400001163;14;5;23;1200;1;1;1;2;6;105;;M;4851013;-407326;290
201400001164;14;7;5;730;2;1;1;2;7;10;;M;4849200;-413699;290
201400001165;14;8;24;1745;1;1;1;8;7;262;;M;4589407;-415793;290
201400001166;14;8;24;1400;1;1;1;1;7;193;;M;4855406;-408399;290
201400001167;14;9;21;1700;1;2;1;1;6;38;Ty douar;M;4841201;-396918;290
201400001168;14;10;7;800;2;2;1;2;6;105;rue Cl?menceau;M;4851700;-406900;290
201400001169;14;11;15;1915;3;1;1;1;3;202;;M;4847000;-387500;290
201400001170;14;1;5;2245;3;1;1;6;6;279;;M;4858167;-390153;290
201400001171;14;1;8;1845;5;2;1;2;6;259;;M;4868127;-398737;290
201400001172;14;1;17;2100;3;1;1;8;6;23;;M;4864881;-392304;290
201400001173;14;1;24;1215;1;2;1;2;6;30;rue du Vern Mespaul;M;4866268;-411066;290
201400001174;14;2;22;1630;1;2;1;1;3;259;Rue Joseph Kersebet;M;4867987;-399852;290
201400001175;14;3;5;1715;1;1;2;7;1;68;;M;4853774;-396788;290
201400001176;14;3;10;1030;1;1;1;1;3;259;;M;4866126;-402249;290
201400001177;14;5;31;1830;1;1;1;1;1;30;;M;4866265;-410303;290
201400001178;14;6;17;1700;1;2;1;1;3;184;lieu-dit le milinou;M;4862711;-396124;290
201400001179;14;8;25;1000;1;1;1;3;6;184;;M;4862842;-399242;290
201400001180;14;9;12;1330;1;1;1;1;1;239;;M;4872620;-398532;290
201400001181;14;9;16;2015;1;1;2;1;3;30;;M;4866265;-410303;290
201400001182;14;9;23;1645;1;1;1;1;3;192;;M;0;0;290
201400001183;14;9;27;2030;3;1;1;1;6;111;;M;4857974;-421114;290
201400001184;14;11;25;1345;1;1;1;1;7;213;;M;4859620;-411367;290
201400001185;14;7;8;1015;1;1;1;1;4;94;;M;0;0;560
201400001186;14;1;24;300;3;1;1;2;6;22;;M;0;0;560
201400001187;14;1;27;2045;3;1;1;1;7;120;;M;0;0;560
201400001188;14;1;30;615;3;1;1;2;1;158;;M;0;0;560
201400001189;14;2;1;1730;1;1;1;1;7;164;;M;0;0;560
201400001190;14;3;4;930;1;1;1;1;1;67;;M;0;0;560
201400001191;14;5;15;2030;1;1;1;1;1;67;;M;0;0;560
201400001192;14;5;28;1315;1;2;1;1;6;8;RUE DU 06 AOUT 1944;M;4761961;-292204;560
201400001193;14;7;1;730;1;1;1;8;3;157;;M;0;0;560
201400001194;14;7;2;1430;1;2;1;1;3;8;RUE DES FRERES GUENEDAL;M;4762081;-291450;560
201400001195;14;7;6;2045;1;1;1;1;1;106;;M;0;0;560
201400001196;14;10;17;700;3;1;1;8;1;22;;M;0;0;560
201400001197;14;11;20;945;1;1;1;1;3;260;;M;0;0;560
201400001198;14;12;27;630;3;1;6;1;6;115;;M;0;0;560
201400001199;14;1;23;1715;1;2;1;8;6;61;rue de la liberte;M;0;0;560
201400001200;14;1;25;1600;1;1;6;7;6;194;;M;0;0;560
201400001201;14;3;6;45;3;1;1;1;6;223;;M;4764236;-209745;560
201400001202;14;4;10;1800;1;1;1;1;2;154;;M;0;0;560
201400001203;14;4;19;1615;1;2;1;1;6;33;rue fontaine st louis;M;0;0;560
201400001204;14;5;23;1230;1;1;2;1;6;194;;M;4761111;-211271;560
201400001205;14;6;1;130;3;1;1;1;6;60;;M;0;0;560
201400001206;14;6;21;515;2;1;1;1;6;154;;M;0;0;560
201400001207;14;7;4;1445;1;1;6;6;3;194;;M;0;0;560
201400001208;14;12;29;1630;1;1;1;1;7;33;;M;0;0;560
201400001209;14;1;9;1015;1;1;1;1;1;77;;M;0;0;560
201400001210;14;1;14;530;3;1;1;1;7;143;;M;0;0;560
201400001211;14;2;24;1245;1;1;2;1;3;149;;M;4756706;-243073;560
201400001212;14;2;28;1145;1;1;1;1;1;2;;M;0;0;560
201400001213;14;7;27;1630;1;2;1;1;6;195;2 rue Crespel;M;4752173;-230409;560
201400001214;14;1;1;1230;1;1;1;6;6;184;;M;0;0;560
201400001215;14;1;6;1600;1;1;1;8;5;184;;M;0;0;560
201400001216;14;2;18;1030;1;1;1;1;3;261;;M;4769702;-251621;560
201400001217;14;4;25;800;1;1;3;1;1;184;;M;0;0;560
201400001218;14;6;27;1945;1;1;1;1;4;109;;M;0;0;560
201400001219;14;6;28;200;3;1;1;1;7;231;;M;0;0;560
201400001220;14;7;17;2030;1;2;1;8;7;123;rue de la belle etoile;M;0;0;560
201400001221;14;9;22;1645;1;1;1;1;1;224;;M;0;0;560
201400001222;14;10;11;915;1;1;1;1;3;231;;M;0;0;560
201400001223;14;11;21;800;2;2;9;5;3;184;Place du Marchix;M;4766149;-245625;560
201400001224;14;1;20;745;5;2;1;1;1;23;Rue Nationale;M;0;0;560
201400001225;14;1;25;1045;1;2;1;1;6;7;;M;4766747;-298531;560
201400001226;14;2;23;2000;1;2;1;1;7;23;KERIZAN;M;4768240;-302202;560
201400001227;14;3;21;1945;5;2;1;1;6;7;rue du Cdt Charcot;M;4767271;-299325;560
201400001228;14;3;28;1600;1;2;1;1;3;7;;M;4767255;-299231;560
201400001229;14;7;9;1830;1;1;1;1;4;46;;M;4765450;-298263;560
201400001230;14;8;31;445;3;1;1;1;7;167;;M;0;0;560
201400001231;14;9;19;715;1;2;1;1;3;176;RUE AMPERE;M;4766916;-296065;560
201400001232;14;10;20;100;3;1;9;1;7;176;;M;0;0;560
201400001233;14;11;8;2115;5;2;1;1;6;7;1 RUE FRANCIS HELLEC;M;4767941;-300576;560
201400001234;14;11;13;2000;3;1;1;8;1;46;;M;0;0;560
201400001235;14;11;22;1630;1;1;3;1;5;263;;M;0;0;560
201400001236;14;1;9;1545;2;1;1;8;1;152;;M;4733411;-315963;560
201400001237;14;3;6;1700;5;2;1;1;3;168;;M;4759723;-311235;560
201400001238;14;7;26;1100;1;2;1;1;3;186;rue des korrigans;M;4748272;-311072;560
201400001239;14;8;16;1115;1;2;1;1;6;34;2 RUE DU TUMULUS;M;4758353;-307834;560
201400001240;14;1;10;1945;4;2;1;3;6;69;Route de Port Melite;M;4763993;-344996;560
201400001241;14;8;14;1145;1;1;6;1;3;130;;M;0;0;560
201400001242;14;9;9;2300;5;2;1;1;7;193;route de la Croizetiere;M;4771518;-333323;560
201400001243;14;11;12;1500;1;1;1;3;1;169;;M;4769337;-320123;560
201400001244;14;11;17;945;1;2;1;1;3;161;LOCMARIA;M;0;0;560
201400001245;14;1;20;815;2;2;1;5;6;165;Rue de la Porte Bergault;M;4792861;-239284;560
201400001246;14;2;11;2000;3;1;1;8;1;134;;M;0;0;560
201400001247;14;3;4;845;2;1;1;7;7;43;;M;0;0;560
201400001248;14;3;2;1215;1;2;6;2;2;165;giratoire GUILLOU;M;4793909;-240368;560
201400001249;14;8;17;1900;1;1;1;1;1;165;;M;0;0;560
201400001250;14;9;3;1715;1;1;1;1;2;165;;M;0;0;560
201400001251;14;9;26;2030;4;2;1;1;7;127;avenue Jean Allain;M;0;0;560
201400001252;14;10;13;1800;1;1;6;1;3;122;;M;4797591;-237934;560
201400001253;14;10;9;1300;1;1;1;1;7;197;;M;0;0;560
201400001254;14;10;19;1815;1;1;1;1;1;138;;M;4789183;-236360;560
201400001255;14;12;31;1845;3;1;1;1;6;6;;M;0;0;560
201400001256;14;2;9;2120;3;1;1;2;7;230;;M;0;0;560
201400001257;14;2;14;1;3;1;1;2;6;219;;M;4779577;-250631;560
201400001258;14;5;14;1845;1;2;3;1;3;124;Boulevard du pont neuf;M;0;0;560
201400001259;14;8;1;1730;1;1;3;1;3;20;;M;0;0;560
201400001260;14;9;12;1645;1;2;1;1;6;244;51 rue merlin;M;4782371;-251253;560
201400001261;14;10;4;1715;1;1;2;8;3;75;;M;0;0;560
201400001262;14;10;16;845;1;1;1;8;1;200;;M;0;0;560
201400001263;14;1;10;1315;1;1;1;1;6;172;;M;0;0;560
201400001264;14;1;12;1130;1;1;1;1;6;222;;M;4786610;-274267;560
201400001265;14;3;16;1830;1;1;1;1;1;160;;M;4798495;-268607;560
201400001266;14;3;16;1845;1;1;1;7;2;140;;M;0;0;560
201400001267;14;4;7;645;2;1;1;2;6;172;;M;0;0;560
201400001268;14;5;9;1900;1;1;1;1;6;79;;M;0;0;560
201400001269;14;5;20;1515;2;1;1;1;1;17;;M;0;0;560
201400001270;14;6;9;200;3;1;1;1;6;24;;M;0;0;560
201400001271;14;6;16;1130;1;1;1;7;6;70;;M;0;0;560
201400001272;14;7;6;1600;1;1;1;2;1;17;;M;4786817;-274360;560
201400001273;14;7;6;2130;1;2;1;1;6;189;29 RUE CHARLES DE FOUCAU;M;4796036;-271289;560
201400001274;14;7;24;1400;1;1;1;1;1;59;;M;0;0;560
201400001275;14;9;5;1745;1;1;1;1;7;17;;M;0;0;560
201400001276;14;2;26;1615;1;1;1;1;5;41;;M;0;0;560
201400001277;14;8;6;1600;1;1;1;1;1;213;;M;0;0;560
201400001278;14;10;5;1000;1;1;1;1;6;215;;M;0;0;560
201400001279;14;11;3;1700;2;1;1;2;2;151;;M;0;0;560
201400001280;14;11;28;945;1;1;1;1;1;178;;M;0;0;560
201400001281;14;1;16;745;3;1;1;8;1;141;;M;0;0;560
201400001282;14;2;4;1430;1;2;1;1;6;128;rue d'angleterre;M;0;0;560
201400001283;14;3;14;100;3;1;6;1;6;140;;M;0;0;560
201400001284;14;3;15;1830;1;2;1;1;6;10;RUE DE PONYIVY;M;4787640;-301938;560
201400001285;14;3;16;1415;1;2;1;1;1;117;RUE DUGUESCLIN;M;0;0;560
201400001286;14;4;24;930;1;1;1;1;7;141;;M;0;0;560
201400001287;14;5;26;900;1;1;1;1;7;10;;M;0;0;560
201400001288;14;5;31;1815;1;1;1;1;3;140;;M;0;0;560
201400001289;14;6;18;745;1;1;1;1;1;192;;M;0;0;560
201400001290;14;7;2;2145;1;1;1;1;1;207;;M;0;0;560
201400001291;14;7;25;2000;2;2;1;7;1;140;LE BRONUT;M;0;0;560
201400001292;14;9;2;1615;1;2;1;7;6;117;Boulevard duguesclin;M;0;0;560
201400001293;14;12;19;845;2;1;1;2;1;173;;M;4795892;-302363;560
201400001294;14;3;12;1415;1;1;1;1;2;57;;M;4802578;-350156;560
201400001295;14;4;26;1245;1;1;5;8;1;66;;M;0;0;560
201400001296;14;5;1;1400;1;1;1;8;1;81;;M;0;0;560
201400001297;14;7;21;715;1;1;1;1;3;14;;M;0;0;560
201400001298;14;10;28;1630;1;1;1;1;6;66;;M;0;0;560
201400001299;14;11;18;1800;3;1;1;1;5;57;;M;0;0;560
201400001300;14;10;24;1245;1;1;6;1;3;488;;M;4926460;-26206;140
201400001301;14;12;31;700;3;1;1;8;1;76;;M;0;0;140
201400001302;14;1;10;2230;3;1;1;1;6;14;;M;4926010;-40722;140
201400001303;14;4;24;735;1;1;2;1;3;44;;M;4926830;-43688;140
201400001304;14;8;14;1545;1;2;2;8;3;44;;;;;140
201400001305;14;11;29;1220;1;1;1;1;7;44;;M;4929080;-41212;140
201400001306;14;12;28;230;3;1;1;6;6;44;;M;4928000;-42800;140
201400001307;14;1;9;800;2;1;1;8;6;747;;M;4912320;-44691;140
201400001308;14;1;16;1845;3;1;1;1;1;747;;M;4911190;-45254;140
201400001309;14;2;27;1915;5;1;1;2;3;257;;;;;140
201400001310;14;3;4;745;2;1;2;1;3;42;;M;4912440;-49126;140
201400001311;14;3;18;815;1;1;6;1;3;396;;M;4913440;-41291;140
201400001312;14;5;11;45;4;2;1;1;6;6;RUE DES POMMIERS;M;4908470;-43295;140
201400001313;14;5;25;1730;1;1;3;3;3;738;;M;4915940;-46919;140
201400001314;14;5;28;1800;1;1;1;8;1;42;;M;4912170;-46587;140
201400001315;14;11;10;530;3;1;2;1;3;311;INTERSECTION D139/D83;M;4914400;-54986;140
201400001316;14;1;1;1800;5;2;3;3;6;675;;M;4913780;-29721;140
201400001317;14;1;13;1630;1;2;1;1;3;57;ROUTE DE PARIS 6 RD613;M;4912470;-20698;140
201400001318;14;2;12;715;2;1;1;8;1;145;;M;4904020;-28137;140
201400001319;14;3;13;530;3;1;1;5;6;20;;M;4912480;-18385;140
201400001320;14;4;1;1800;1;1;1;1;1;57;;M;4911910;-22681;140