num_acc;an;mois;jour;hrmn;lum;agg;int;atm;col;com;adr;gps;lat;long;dep
201400001321;14;4;24;830;1;1;1;1;1;92;;M;4911970;-28763;140
201400001322;14;5;8;445;3;1;1;1;6;74;RUE DU COLOMBIER;M;4907890;-18126;140
201400001323;14;5;14;1645;1;1;1;1;2;20;;M;4912490;-18320;140
201400001324;14;6;13;1415;1;2;1;1;1;57;6 ROUTE DE PARIS;M;4912660;-21123;140
201400001325;14;6;15;1800;1;1;1;1;3;20;D 613;M;4911940;-18262;140
201400001326;14;6;25;2100;1;1;1;1;1;5;;M;4908650;-15366;140
201400001327;14;7;1;2000;1;2;1;1;6;119;RD225;;;;140
201400001328;14;9;14;915;1;1;1;1;3;271;;M;4913170;-37778;140
201400001329;14;9;17;1945;1;2;1;1;1;20;RUE DES ECUYERS;M;4912390;-17212;140
201400001330;14;11;3;750;1;1;1;2;3;456;;M;4912000;-18579;140
201400001331;14;12;1;745;5;2;1;1;1;623;RUE DES BIGANOS;M;0;0;140
201400001332;14;12;7;15;1;1;1;1;6;252;;M;4900700;-27600;140
201400001333;14;12;25;900;4;2;1;1;6;57;;M;4913000;-20800;140
201400001334;14;1;7;1830;5;2;2;1;3;488;RUE DU TOUR DE VILLE;M;4927720;-26161;140
201400001335;14;3;10;1800;1;2;2;1;3;325;RUE DU PR  DE L'ISLE;M;4929900;-30688;140
201400001336;14;3;11;2100;5;2;2;1;6;365;37 PAUL DOUMER;M;4930320;-32016;140
201400001337;14;6;12;1205;1;1;3;1;3;76;D141;M;4923830;-31563;140
201400001338;14;8;17;2055;2;2;3;2;6;60;;M;4924820;-27312;140
201400001339;14;10;8;1345;1;2;1;1;1;488;RUE DE LA CR TE AU COQ;;;;140
201400001340;14;10;12;1200;1;2;2;2;3;166;;;;;140
201400001341;14;11;22;1545;1;2;2;1;3;488;BOULEVARD DE FRANCE;M;4928680;-26046;140
201400001342;14;11;28;1830;5;2;1;1;1;488;;M;4928200;-26549;140
201400001343;14;12;1;1130;1;1;1;8;1;325;;M;0;0;140
201400001344;14;1;11;1145;1;2;1;1;6;246;RUE CLAUDE LEBRETON;M;4921250;-23710;140
201400001345;14;4;5;1525;1;1;1;1;7;344;LA RAM?E;M;4915530;-16591;140
201400001346;14;4;9;755;1;1;3;5;3;46;CARREFOUR RD 513/RD95;M;4924230;-18578;140
201400001347;14;5;2;2230;3;1;2;1;1;530;;M;4923620;-23810;140
201400001348;14;8;23;2330;3;2;1;1;6;530;D 223;M;4922090;-27375;140
201400001349;14;9;4;1230;1;2;1;1;7;724;AVENUE DU PR?SIDENT COTY;M;4928440;-15196;140
201400001350;14;10;14;2245;3;1;1;1;6;328;;M;4920830;-27901;140
201400001351;14;4;18;1445;1;2;1;1;6;47;PARKING DES REMPARTS;M;4927890;-70538;140
201400001352;14;6;10;2200;5;1;1;1;3;47;;;;;140
201400001353;14;7;6;115;3;2;1;2;3;436;905 ROUTE DE TILLY;;;;140
201400001354;14;9;29;800;2;1;1;2;6;732;;;;;140
201400001355;14;10;10;1845;1;1;1;1;1;184;;;;;140
201400001356;14;12;2;1830;3;1;6;3;1;630;;M;0;0;140
201400001357;14;6;17;1055;1;1;1;1;7;468;LES ESSARTS;M;4922090;-76744;140
201400001358;14;11;20;1000;1;1;1;1;1;727;;;;;140
201400001359;14;3;15;150;3;1;6;1;6;258;;M;4888150;-19239;140
201400001360;14;4;25;1400;1;1;1;1;6;206;;M;4887590;-8102;140
201400001361;14;6;27;915;1;2;2;1;3;244;ROUTE DE LIVAROT;M;4890780;-15806;140
201400001362;14;7;26;1945;1;1;1;1;7;332;LE PETIT CH?TIF;M;4886100;-17374;140
201400001363;14;8;21;1300;1;1;1;1;4;180;;M;4886300;-22421;140
201400001364;14;9;5;1830;1;1;2;1;5;467;MIETTE D 243;M;4888640;-23654;140
201400001365;14;3;28;2100;3;1;1;8;6;207;;M;4900460;-43651;140
201400001366;14;6;20;845;2;2;1;1;6;251;RTE D'ESSON;M;4897940;-47030;140
201400001367;14;7;3;330;3;1;1;1;6;162;LIEU-DIT ARCLAIS;M;4888070;-45200;140
201400001368;14;7;26;1830;1;1;1;1;7;207;;;;;140
201400001369;14;11;5;1545;1;1;1;1;1;656;;M;4895310;-49355;140
201400001370;14;11;6;900;1;1;2;1;6;603;CARREFOUR D562/D238A;M;4904590;-41003;140
201400001371;14;11;22;1455;1;1;2;1;3;223;CARREFOUR D 511/VC 1;M;4887900;-34877;140
201400001372;14;1;17;1630;1;1;1;2;3;749;;M;4904990;-11363;140
201400001373;14;1;19;1100;1;1;1;1;1;141;;M;4904250;9723;140
201400001374;14;3;9;2000;3;1;1;1;1;386;;;;;140
201400001375;14;9;25;1215;1;2;2;1;3;431;AVENUE JEAN JAUR S;;;;140
201400001376;14;11;17;838;2;2;1;2;3;201;CD613 - ROUTE DE PARIS;M;4911830;1671;140
201400001377;14;12;1;900;1;1;7;1;7;82;;M;0;0;140
201400001378;14;12;25;1345;1;1;1;1;3;520;;M;0;0;140
201400001379;14;1;25;1900;3;1;1;1;3;259;;M;4897720;38244;140
201400001380;14;2;7;830;1;1;1;6;3;403;;M;4914380;34073;140
201400001381;14;10;22;1500;1;1;1;1;1;528;;M;4932610;29241;140
201400001382;14;11;29;2000;3;2;1;1;6;514;RUE ST MELAINE;M;4929100;19037;140
201400001383;14;1;31;1900;3;1;1;3;1;660;;M;4928730;821;140
201400001384;14;2;28;1900;3;1;1;3;6;12;;M;4924260;-1565;140
201400001385;14;3;1;1145;1;1;1;1;6;474;;M;4913580;-445;140
201400001386;14;3;10;1845;2;2;2;1;3;754;RUE COMTESSE DE BEARN;M;4932070;-480;140
201400001387;14;3;16;1315;1;1;1;1;3;494;;M;4925410;-7265;140
201400001388;14;6;9;1415;1;1;1;1;6;126;;M;4914060;5708;140
201400001389;14;7;29;900;1;1;1;2;7;316;;M;4927220;-4865;140
201400001390;14;8;27;1830;1;1;1;1;1;83;;M;4920270;8546;140
201400001391;14;8;30;1630;1;1;3;8;3;754;;M;4930010;2533;140
201400001392;14;9;28;1015;1;1;1;1;3;335;;M;4917430;-6497;140
201400001393;14;9;28;1635;1;1;1;1;3;598;LES PANNIERS;M;4921590;-2781;140
201400001394;14;10;16;2245;3;1;1;3;1;12;;M;4923970;-4306;140
201400001395;14;11;15;1645;1;1;1;1;6;83;;;;;140
201400001396;14;11;22;1605;2;1;1;1;1;300;;M;4919800;1;140
201400001397;14;12;25;1300;1;1;1;8;6;126;;M;4914400;5300;140
201400001398;14;1;13;815;2;1;1;1;6;762;;M;4884390;-92086;140
201400001399;14;1;17;745;5;2;1;2;6;762;AVENUE GEORGES POMPIDOU;M;4884680;-88825;140
201400001400;14;4;11;1130;1;2;1;1;6;762;RUE DU GENERAL LECLERC;M;4883850;-88950;140
201400001401;14;5;3;1915;1;2;1;1;6;658;RUE DE LA GARE;M;4884250;-105105;140
201400001402;14;8;28;2115;3;1;1;3;7;717;;M;4879580;-79963;140
201400001403;14;10;13;1615;1;2;1;1;6;762;13 RUE DES ACRES;M;4884020;-89474;140
201400001404;14;11;5;850;2;1;3;7;3;545;;M;4883250;-86574;140
201400001405;14;1;15;1615;1;1;1;8;6;84;;M;4900190;-60829;140
201400001406;14;3;19;1615;1;1;2;1;3;61;;M;4892130;-85491;140
201400001407;14;4;5;1225;1;1;1;1;1;704;;M;4898650;-84007;140
201400001408;14;7;23;1600;1;1;1;1;3;508;;M;4894700;-61379;140
201400001409;14;7;26;1200;1;1;1;1;1;443;;M;4893800;-70234;140
201400001410;14;10;1;2315;3;1;1;2;6;139;;M;4891710;-86391;140
201400001411;14;2;5;1330;1;2;1;2;6;726;67, RUE JULES REQUEUT;M;4885270;-67179;140
201400001412;14;3;1;1900;2;1;1;1;3;545;;M;4884050;-81828;140
201400001413;14;4;11;1615;1;1;1;1;3;585;;M;4884730;-61282;140
201400001414;14;5;25;1100;1;1;2;1;1;564;;M;4892850;-80134;140
201400001415;14;6;24;1830;1;2;1;1;3;174;RUE ST JACQUES;M;4885520;-54233;140
201400001416;14;10;13;830;2;1;1;2;7;653;;;;;140
201400001417;14;11;7;2030;3;1;1;1;6;174;;;;;140
201400001418;14;3;9;1545;1;1;9;1;2;458;LES PONTS D'OUVES;M;4932270;-126635;500
201400001419;14;5;16;2200;2;1;1;1;6;298;LE LUDE;M;4930420;-128854;500
201400001420;14;5;19;2000;1;2;2;1;3;99;RUE DE TILLOLOY;M;4930310;-124317;500
201400001421;14;9;10;945;1;1;1;1;6;99;;M;4926910;-127545;500
201400001422;14;9;17;1200;1;1;2;1;1;99;;M;4931040;-126232;500
201400001423;14;2;22;2030;3;1;1;1;1;283;;M;4915250;-104613;500
201400001424;14;4;6;500;3;1;1;1;6;348;;M;4925460;-114169;500
201400001425;14;10;6;1600;1;1;1;2;1;431;LA CROIX BOUTIL;M;4916970;-125516;500
201400001426;14;5;23;630;2;1;1;1;1;48;LA COLINIERE;M;4886880;-120107;500
201400001427;14;9;6;1230;1;1;1;1;1;213;HAMEAU GOUPIL;M;4908080;-109201;500
201400001428;14;1;20;1032;1;1;1;1;1;54;R DU MUSEE;M;4873020;236800;940
201400001429;14;3;5;900;1;1;1;1;4;54;AV DE PARIS;M;4873460;236610;940
201400001430;14;1;12;1215;1;1;2;1;3;224;LA CROIS ETETE;M;4898890;-91581;500
201400001431;14;4;17;815;2;1;8;7;3;54;R LOUIS BLERIOT;M;4873990;236054;940
201400001432;14;4;9;1835;1;1;6;1;4;54;UNION/ADER;M;4873050;236264;940
201400001433;14;5;6;2040;2;1;1;2;7;54;AV DE PARIS;M;4873790;236486;940
201400001434;14;7;10;2015;2;1;1;2;7;54;PARKING P0;M;4872870;236270;940
201400001435;14;8;11;125;5;1;1;8;5;54;AVENUE DE L'AEROPORT;M;4874214;236236;940
201400001436;14;9;18;2130;5;1;1;1;2;54;AV DE L'AEROPORT;M;4873520;236528;940
201400001437;14;10;8;1415;1;1;1;1;6;54;AV DE PARIS;M;4873000;236980;940
201400001438;14;10;11;2255;5;1;1;1;4;54;AVENUE DE L'OUEST;M;4872910;236790;940
201400001439;14;10;14;1215;1;1;1;1;2;54;AV DE L'AEROPORT;M;4873230;236605;940
201400001440;14;10;23;2205;5;1;1;1;6;54;BRETELLE ACCES RD7/A106;M;4873870;236394;940
201400001441;14;11;8;545;5;2;8;1;3;54;R MARCEL ALBERT;M;4874090;236495;940
201400001442;14;4;29;1630;1;1;2;1;5;224;;M;4899020;-95619;500
201400001443;14;7;26;1545;1;2;3;1;1;601;LE BONFOSSE;M;4903930;-97548;500
201400001444;14;9;14;700;2;2;1;1;6;601;CHEMIN DE LA BIGNE;M;4903040;-97720;500
201400001445;14;9;22;2200;3;1;1;1;6;224;LA VAUTERIE;M;4897790;-97213;500
201400001446;14;11;14;915;1;2;2;8;6;601;;M;4903500;-97895;500
201400001447;14;3;6;1530;1;1;3;1;3;489;RUE DE LA MAIRIE;M;4870940;-135739;500
201400001448;14;3;29;1415;1;1;3;1;3;505;LES BROUSSETTES;M;4865870;-133778;500
201400001449;14;7;20;1300;1;1;1;1;1;406;LE BOIS DES MONTS;M;4873620;-134687;500
201400001450;14;8;14;1800;1;2;1;1;6;25;RUE AMIRAL GAUCHET;M;4868390;-135532;500
201400001451;14;9;24;1945;1;2;3;1;1;25;BOULEVARD MARECHAL FOSCH;M;4868440;-136365;500
201400001452;14;10;25;1145;1;2;1;1;6;25;RUE SAINT GAUDENS;M;4868610;-135989;500
201400001453;14;12;23;2245;5;2;1;1;6;25;RUE PENDANTE;M;4868820;-135926;500
201400001454;14;1;13;1430;1;1;1;8;1;188;VILLAGE PESTEL;M;4881270;-142713;500
201400001455;14;4;25;1245;1;1;1;1;6;27;LA TREHANNIERE;M;4868530;-142802;500
201400001456;14;5;30;1700;1;1;1;1;2;276;;M;4872000;-141079;500
201400001457;14;6;6;1630;1;1;3;1;2;247;RUE DE LA LIBERATION;M;4880820;-139234;500
201400001458;14;6;25;1100;1;2;4;1;3;237;RUE DES ABRINCATES;M;4879360;-139612;500
201400001459;14;7;12;2330;3;1;1;1;1;102;LA LANDERIERE;M;4874780;-154181;500
201400001460;14;7;28;215;3;1;2;1;3;117;LA CROIX SAINT BLAISE;M;4874980;-152896;500
201400001461;14;8;18;1815;1;1;1;1;6;282;LE PERRON;M;4876570;-133838;500
201400001462;14;8;28;1500;1;1;1;2;1;114;LE GRIPPON;M;4877870;-137012;500
201400001463;14;9;1;1815;1;1;1;1;1;493;LA METAISERIE;M;4885070;-147078;500
201400001464;14;9;20;1015;2;2;1;1;6;565;GRANDE RUE;M;4875420;-145903;500
201400001465;14;10;13;1345;1;1;1;8;3;38;LE PONT NEUF;M;4883640;-135417;500
201400001466;14;11;8;1045;1;1;1;1;1;38;LA PETITIERE;M;4883700;-137981;500
201400001467;14;12;5;130;3;1;1;8;6;276;LA BOULE D'OR;M;4874060;-143730;500
201400001468;14;12;14;1800;3;1;2;1;3;38;;M;4883300;-137211;500
201400001469;14;6;18;1415;1;1;2;1;3;443;LA CROIX GENET;M;4851060;-147762;500
201400001470;14;7;14;1715;1;1;2;1;1;410;;M;4856380;-151090;500
201400001471;14;8;10;1615;1;1;1;1;3;108;;M;4862370;-137163;500
201400001472;14;12;6;730;3;1;1;1;6;487;;M;4853720;-133344;500
201400001473;14;12;7;730;5;2;5;2;3;410;ROUTE DE RENNES;M;4854670;-150206;500
201400001474;14;5;2;1545;1;1;1;1;1;275;LE VIVIER;M;4876060;-116407;500
201400001475;14;5;20;1230;1;2;3;8;1;112;;M;4876590;-123701;500
201400001476;14;10;17;1300;1;1;1;1;6;499;LA BRISOLIERE;M;4875020;-112976;500
201400001477;14;11;6;1030;1;1;4;1;3;453;AVENUE DU PRESIDENT;M;4884540;-120116;500
201400001478;14;12;19;2045;3;1;2;2;3;499;GOURGOU;M;4874060;-111552;500
201400001479;14;2;20;545;3;1;2;2;1;594;LA CROIX QUENTIN;M;4958620;-172222;500
201400001480;14;2;18;1930;3;1;3;1;3;294;;M;4960050;-166759;500
201400001481;14;3;22;1800;1;1;1;1;6;57;;M;4961350;-178839;500
201400001482;14;6;19;1400;1;1;1;1;3;220;RUE DU MILLECENT;M;4966000;-182226;500
201400001483;14;7;7;815;1;1;6;7;3;294;LE PONT;M;4960420;-166376;500
201400001484;14;10;27;1345;1;1;1;1;6;187;ROUTE HAMEAU ES CONTES;M;4962040;-172752;500
201400001485;14;1;11;1130;1;1;3;8;3;31;LA FOURCHETTE;M;4938820;-175450;500
201400001486;14;2;9;1145;1;1;1;8;1;82;LE HAUT DE CATTIGNY;M;4947750;-165858;500
201400001487;14;4;25;1730;1;2;1;1;6;184;RUE DE LA CABOTIERE;M;4954140;-186657;500
201400001488;14;5;31;1100;1;1;3;1;2;435;LES OSERAIES;M;4949320;-161030;500
201400001489;14;6;8;1800;1;1;1;1;1;82;LA PLANCHE AUX VACHES;M;4946170;-162809;500
201400001490;14;6;9;1600;1;1;3;1;1;471;;M;4936660;-171823;500
201400001491;14;7;31;1230;1;1;1;1;1;490;;M;4937450;-173349;500
201400001492;14;11;1;1515;1;2;3;1;3;402;RUE CENTRALE;M;4951530;-180472;500
201400001493;14;11;22;2000;5;2;1;2;6;31;RUE DE PARIS;M;4937680;-178739;500
201400001494;14;12;17;2300;3;1;1;5;6;401;MAISON L'ABBE;M;4948800;-179653;500
201400001495;14;2;6;1300;1;2;1;2;7;268;CHEMIN DES LANDES;M;4953240;-132199;500
201400001496;14;4;28;1130;1;1;1;8;6;103;;M;4938070;-130023;500
201400001497;14;7;4;700;1;1;1;1;6;191;LES CRUTTES;M;4946220;-123047;500
201400001498;14;7;20;1300;1;2;1;1;7;333;HAMEAU LA CROIX BERTIN;M;4937990;-143071;500
201400001499;14;10;23;1130;1;1;1;1;5;55;;M;4942790;-149386;500
201400001500;14;4;13;1145;1;1;1;1;7;87;;M;4956370;-157142;500
201400001501;14;6;15;1915;1;1;1;1;3;87;;M;4956360;-158830;500
201400001502;14;6;22;500;2;1;1;1;6;87;ROUTE DE NEGREVILLE;M;4953730;-156176;500
201400001503;14;8;14;900;1;1;3;1;3;615;;M;4950250;-148763;500
201400001504;14;9;21;1530;1;2;3;1;5;562;RUE DE REVILLE;M;4959180;-126675;500
201400001505;14;11;1;1830;2;1;3;8;3;96;;M;4964720;-138180;500
201400001506;14;12;29;1645;2;2;1;1;6;22;;M;4954160;-132147;500
201400001507;14;3;31;1615;1;1;1;7;3;3;AVENUE DE LA 2?ME D.B;M;4904170;-156574;500
201400001508;14;5;14;1645;1;1;1;1;1;111;LA LANGOTIERE;M;4903760;-130347;500
201400001509;14;5;28;1845;1;1;6;1;2;603;LA BELLE CROIX;M;4905540;-148409;500
201400001510;14;6;26;845;1;1;2;1;3;354;LA SORIERE;M;4911450;-151874;500
201400001511;14;7;10;830;1;1;6;1;3;603;LA BELLE CROIX;M;4905540;-148409;500
201400001512;14;8;3;1845;1;1;1;1;6;92;L'AUBRIERE;M;4906140;-140828;500
201400001513;14;10;7;1600;1;1;1;3;7;92;VILLAGE DU MOULIN;M;4910440;-139427;500
201400001514;14;11;18;530;3;1;6;5;7;354;;M;4912290;-150399;500
201400001515;14;1;20;1830;3;1;3;1;2;365;LA VALLEE;M;4893880;-148823;500
201400001516;14;1;24;845;2;1;2;2;1;140;;M;4899380;-141876;500
201400001517;14;2;15;1;3;1;1;8;6;228;RUE DE LA PIERRE;M;4894020;-123865;500
201400001518;14;3;2;645;3;1;1;1;6;15;RUE DES PEUPLIERS;M;4895510;-154914;500
201400001519;14;4;9;1715;1;1;3;1;2;85;;M;4892230;-149876;500
201400001520;14;6;7;1745;1;2;6;1;3;81;LE GRAND CHEMIN;M;4886590;-154093;500
201400001521;14;6;22;1930;1;1;2;1;3;81;;M;4885860;-155517;500
201400001522;14;7;12;330;3;1;1;1;6;228;ROUTE DES 4 SAPINS;M;4896780;-126004;500
201400001523;14;11;8;1600;1;1;3;8;3;140;LA PLANCHE BOURBON;M;4898700;-144404;500
201400001524;14;11;11;1315;1;1;1;1;6;463;LE GRAND BISSON;M;4891780;-133736;500
201400001525;14;11;14;1215;1;1;1;1;7;349;;M;4901580;-150888;500
201400001526;14;12;2;1245;1;1;3;2;2;626;LE PAVE D'AIROU;M;4889530;-138222;500
201400001527;14;1;7;1845;3;2;1;3;6;558;AV DE LA COTE DES ISLES;M;4929310;-155299;500
201400001528;14;1;18;430;4;2;3;1;6;236;RUE DES HAUTS VENTS;M;4928370;-154169;500
201400001529;14;1;31;1745;3;1;2;3;3;136;;M;4932620;-138938;500
201400001530;14;2;4;1345;1;1;2;1;1;510;LE CHATEAU D'EAU;M;4917450;-135107;500
201400001531;14;2;6;745;2;1;2;3;2;481;;M;4923310;-157366;500
201400001532;14;4;28;1130;1;2;1;2;2;236;AV DE LA  COTE DES ISLES;M;4929390;-155482;500
201400001533;14;4;27;1815;1;2;1;3;1;481;Boulevard  Maritime;M;0;0;500
201400001534;14;6;13;2330;3;1;1;1;3;403;;M;0;0;500
201400001535;14;6;16;1715;1;2;2;1;6;394;RUE DE ST LO;M;4918630;-140801;500
201400001536;14;9;20;2045;2;2;2;1;3;394;;M;4918600;-140679;500
201400001537;14;9;12;1800;1;2;1;1;6;394;ROUTE DE LESSAY;M;4918800;-141648;500
201400001538;14;10;4;2015;5;2;1;1;6;151;RUE DU HAUT CHEMIN;M;4919760;-156818;500
201400001539;14;10;5;1430;1;1;1;1;6;394;SEVES;M;4921940;-139123;500
201400001540;14;10;11;1430;1;1;2;1;2;151;;M;4918420;-158312;500
201400001541;14;10;18;1515;1;1;1;1;7;481;;M;4923910;-161983;500
201400001542;14;12;11;1745;5;2;1;2;6;622;RUE DE ST LO;M;4918590;-140638;500
201400001543;14;12;16;1400;1;2;1;1;3;372;;M;4928990;-154547;500
201400001544;14;1;25;1815;3;1;1;8;7;263;LES LEVURES;M;4860160;-99196;500
201400001545;14;4;26;1545;1;1;1;1;1;474;LE MOULIN DUBOIS;M;4862770;-78809;500
201400001546;14;5;15;1215;1;1;1;1;1;582;LA BOUSSARDIERE;M;4870100;-92870;500
201400001547;14;5;16;1745;1;2;3;1;3;200;RUE DU MONT ST MICHEL;M;4868040;-79161;500
201400001548;14;5;15;1830;1;1;1;1;1;515;LA CHATAIGNIERE;M;4854550;-118785;500
201400001549;14;5;17;1415;1;1;2;1;3;293;;M;4860890;-110811;500
201400001550;14;10;15;945;1;2;1;1;6;484;RUE DE PARIS;M;4857730;-109016;500
201400001551;14;1;6;2105;3;1;2;8;3;451;RN79;M;4623580;518320;10
201400001552;14;1;6;1955;3;2;2;1;3;53;;;;;10
201400001553;14;1;8;1745;3;1;1;1;2;344;TREVOUX (AVENUE DE);M;4619820;517445;10
201400001554;14;1;26;1325;1;2;2;1;3;53;MERCIER (AVENUE AMEDEE D;M;4620350;524284;10
201400001555;14;1;27;1615;1;2;2;1;3;53;, ROBIN ( RUE CHARLES);;;;10
201400001556;14;2;5;1345;1;2;1;2;1;53;ANCIENS COMBATTANTS (AVE;;;;10
201400001557;14;2;15;1755;1;1;3;3;2;53;29, MARBOZ (AVENUEDE - I;;;;10
201400001558;14;2;22;1450;1;2;2;1;3;344;BRESSE (AVENUE DE);M;4621020;520410;10
201400001559;14;2;26;945;1;2;1;2;3;53;MACON ( AVENUE DE - PAIR;;;;10
201400001560;14;3;1;2145;5;2;2;1;3;53;KENNEDY BVD J  - IMPAIR;M;4620670;524069;10
201400001561;14;3;15;1930;5;2;2;1;1;53;MERCIER (AVENUE AMEDEE D;M;4620350;524284;10
201400001562;14;3;18;2220;3;2;1;1;6;53;21, MARGUERITES ( RUE DE;;;;10
201400001563;14;3;21;1135;1;2;1;1;4;53;10 AV DE BAD KREUZNACH;M;4621320;524167;10
201400001564;14;4;12;2335;3;1;1;1;6;451;;M;4627880;522960;10
201400001565;14;4;22;1630;1;1;2;1;3;289;LENT ( ROUTE DE );M;4616490;522083;10
201400001566;14;5;2;1110;1;2;3;2;6;53;HERRIOT ( BOULEVARD EDOU;M;4620990;522536;10
201400001567;14;5;2;905;1;2;6;2;6;451;BRESSE (AVENUE DE );M;4621330;520387;10
201400001568;14;5;9;1720;1;2;1;1;7;53;0, BICHAT ( RUE);;;;10
201400001569;14;5;19;735;1;1;3;1;5;451;;M;4623580;518320;10
201400001570;14;5;24;2025;1;2;2;1;4;53;DE GAULLE ( BD GAL) PAIR;M;4619780;523943;10
201400001571;14;5;28;945;1;2;2;1;3;53;"""DIMES ( RUE DES) N?";M;4620670;524069;10
201400001572;14;6;2;1109;1;2;1;1;3;53;LYON (AVENUE DE - N? IMP;M;4619350;521366;10
201400001573;14;6;5;1235;1;2;1;1;2;53;HUCHET ( BOULEVARD EMILE;;;;10
201400001574;14;6;12;1510;1;2;6;7;3;53;MERCIER (AVENUE AMEDEE D;M;4620280;524522;10
201400001575;14;6;16;1635;1;2;1;1;6;53;8, 23EME R.I. ( RUE DU);;;;10
201400001576;14;6;18;1520;1;1;1;1;6;289;LYON (AVE DE) JUSQ' N;M;4617390;519867;10
201400001577;14;6;23;1750;1;2;6;1;2;451;LA NEUVE (ROND POINT);M;4621500;521488;10
201400001578;14;6;24;1710;1;2;3;1;3;53;5, VALERY ( BD PAUL ) IM;;;;10
201400001579;14;6;25;2020;1;1;1;1;1;289;ROCADE (LA) COTE OUEST;M;4617720;519419;10
201400001580;14;6;26;930;1;1;2;1;3;451;PARIS (ROUTE DE);M;4622230;520887;10
201400001581;14;6;28;1825;1;2;1;8;6;53;LYON (AVENUE DE - N? PAI;M;4619570;521591;10
201400001582;14;7;1;800;1;2;2;1;6;53;LYON (AVENUE DE - N? IMP;M;4619180;521241;10
201400001583;14;7;1;1000;1;1;1;1;4;344;DOMBES (AVENUE DE LA);M;4621170;520385;10
201400001584;14;7;3;830;1;2;1;6;2;451;BOULE ANDRE ( RUE);;;;10
201400001585;14;7;5;50;5;2;6;2;6;53;CROIX BLANCHE ( ROND POI;M;4620280;524533;10
201400001586;14;7;6;340;5;2;2;1;3;53;192, BROU ( BD N?192 A 1;M;4619580;523724;10
201400001587;14;7;6;355;5;2;1;1;6;53;18, MERCIER (AVENUE AMED;;;;10
201400001588;14;7;11;845;1;2;2;2;6;53;JOLIOT CURIE ( BOULEVARD;M;4620930;523401;10
201400001589;14;7;17;25;5;2;2;1;3;53;MONTESQUIEU (RUE);;;;10
201400001590;14;7;24;1555;1;2;3;1;4;53;23, SEMARD ( AVENUE PIER;;;;10
201400001591;14;8;1;1400;1;2;1;1;1;53;JASSERON (AVENUE DE);M;4621140;524937;10
201400001592;14;8;15;1425;1;2;1;1;3;53;000, DE GAULLE ( BD GAL);M;4619770;523936;10
201400001593;14;8;28;1625;1;1;1;1;1;451;296, VIEUX FLEYRIAT (CHE;;;;10
201400001594;14;9;10;1825;1;2;1;1;6;53;6BIS, CHAMP DE FOIRE ( A;;;;10
201400001595;14;9;14;1720;1;2;1;1;6;53;39, MONTESQUIEU (RUE);;;;10
201400001596;14;9;30;1630;1;2;2;1;3;53;JOFFRE (RUE MARECHAL);;;;10
201400001597;14;9;30;2030;3;2;2;1;6;53;VALERY ( BD PAUL ) PAIR;;;;10
201400001598;14;10;3;1730;1;2;1;7;6;451;112, PROSPIR CONVERT (RU;M;4625200;521775;10
201400001599;14;10;10;1920;5;2;1;2;5;53;MAIL (AVENUE DU );;;;10
201400001600;14;10;14;1330;1;2;2;1;3;53;18, CARNOT( RUE LAZARE);;;;10
201400001601;14;10;24;1915;3;1;1;1;4;451;3921, PARIS (ROUTE DE);M;4624570;518871;10
201400001602;14;11;3;1745;5;2;1;3;6;344;596, TREVOUX (AVENUE DE);;;;10
201400001603;14;11;10;1305;1;1;2;8;3;53;JOLIOT CURIE ( BOULEVARD;;;;10
201400001604;14;11;10;1435;1;2;1;1;4;53;BROU ( BD N 65 B A FIN);;;;10
201400001605;14;11;16;1920;5;2;1;2;5;344;TREVOUX (AVENUE DE);M;4620050;519566;10
201400001606;14;11;22;1655;1;2;2;1;2;53;KENNEDY BVD J  - IMPAIR;M;4620670;524069;10
201400001607;14;11;26;635;5;2;2;2;3;344;SANS, BRESSE (AVENUE DE);M;4621020;520410;10
201400001608;14;11;26;1725;5;1;1;2;3;53;CRETES DU REVERMONT (BOU;M;4622130;524814;10
201400001609;14;11;26;2010;3;1;1;5;3;451;MARBOZ RD 996 ( ROUTE DE;M;4627260;523186;10
201400001610;14;12;2;1720;5;2;2;2;2;53;0, MARBOZ (AVENUEDE   IM;M;4622100;522826;10
201400001611;14;12;10;1315;1;2;3;2;3;53;CARNOT( RUE LAZARE);;;;10
201400001612;14;12;16;1400;1;2;9;2;6;53;04, SPORTS ((AVENUE DES;;;;10
201400001613;14;12;18;820;1;1;1;3;4;451;STRASBOURG (ROUTE DE);;;;10
201400001614;14;12;19;810;1;2;0;5;6;53;21, JASSERON (AVENUE DE;M;4621140;524389;10
201400001615;14;12;20;1815;5;2;1;2;6;53;LYON (AVENUE DE ? N  PAI;;;;10
201400001616;14;2;5;1700;1;1;1;2;6;213;AIRE DE REPOS;M;4847349;-12248;610
201400001617;14;1;15;815;2;2;3;2;2;464;RD 438 / RD 908;M;4859608;16774;610