num_acc;an;mois;jour;hrmn;lum;agg;int;atm;col;com;adr;gps;lat;long;dep
201400001618;14;2;13;1415;1;1;1;2;7;133;;M;4860827;34407;610
201400001619;14;4;21;600;3;1;1;1;6;249;;M;4865759;3012;610
201400001620;14;6;7;2100;1;1;1;1;7;166;;M;4864699;34892;610
201400001621;14;6;16;2015;3;1;1;1;6;192;L ETRE AUX MEUNIERS;M;4867320;23548;610
201400001622;14;7;11;1730;1;1;2;1;3;464;;M;4861230;16572;610
201400001623;14;11;6;1745;3;2;3;1;3;464;Carrefour D958 / D748;M;4862659;13106;610
201400001624;14;11;7;1830;3;1;2;1;1;464;;M;4861232;16579;610
201400001625;14;12;9;1745;3;1;2;1;3;64;;M;4865402;31572;610
201400001626;14;1;16;1015;1;1;2;8;3;170;;M;4869513;-4352;610
201400001627;14;1;19;300;3;1;1;8;6;496;;M;4874898;279;610
201400001628;14;2;7;545;3;1;1;6;6;83;;M;4880222;12425;610
201400001629;14;2;12;1815;3;1;1;3;3;23;LE CROQUET;M;4880501;-1137;610
201400001630;14;3;16;1700;1;1;3;1;6;472;;M;4877584;127;610
201400001631;14;6;7;1945;1;1;4;7;3;28;LA GUILLAUMIERE;M;4880894;-26547;610
201400001632;14;6;10;1900;1;2;2;1;3;494;RUE MITERRAND;M;4884097;3203;610
201400001633;14;6;15;1615;1;2;3;1;3;344;rue des fauvettes;M;4864431;-20820;610
201400001634;14;6;22;1915;1;1;1;1;6;179;FROMENTEL;M;4872334;-26326;610
201400001635;14;7;14;1130;1;2;1;1;6;494;54 RUE DE LA LIBERTE;M;4884377;3187;610
201400001636;14;9;27;1830;1;2;5;1;3;153;Avenue DE GAULLE;M;4871432;-12398;610
201400001637;14;10;10;1200;1;1;1;1;1;265;;M;4876580;-31894;610
201400001638;14;10;18;1015;1;1;1;1;6;152;LES HORDOUSSEAUX;M;4887456;7136;610
201400001639;14;2;27;1200;1;1;1;6;6;253;;M;4867247;20380;610
201400001640;14;5;1;1500;1;2;2;2;3;508;CARREFOUR DE L EUROPE;M;4893644;19873;610
201400001641;14;8;31;700;2;1;1;1;6;310;;M;4870321;24322;610
201400001642;14;9;10;1505;1;1;1;1;3;460;LE ROUVRAY;M;4889886;37443;610
201400001643;14;9;15;1800;1;1;1;1;6;150;FUMECON;M;4872863;40768;610
201400001644;14;10;6;1630;1;1;1;2;1;139;CROQUEMAIN;M;4893506;14513;610
201400001645;14;11;22;1800;3;1;1;2;6;150;LE GRAND PARC;M;4872825;40775;610
201400001646;14;12;24;2000;3;1;1;1;1;17;;M;4869856;31771;610
201400001647;14;1;25;1745;2;1;1;1;7;355;LES EPINETTES;M;4859866;-74381;610
201400001648;14;7;24;1200;1;2;1;1;6;75;ROUTE D AMBRIERE;M;4849149;-62463;610
201400001649;14;10;25;1130;1;1;3;1;5;387;LE VILLAGE FOUILLEUL;M;4850522;-73925;610
201400001650;14;11;8;1815;5;2;3;2;6;75;RUE LORE x PARC SPORTS;M;4849509;-62305;610
201400001651;14;11;11;1745;5;2;4;2;6;145;01 rue marechal joffre;M;4859143;-64292;610
201400001652;14;5;18;1645;1;2;1;1;6;483;rue du Professeur LOUVEL;M;4855517;-41841;610
201400001653;14;6;8;330;4;2;2;1;3;168;bd de la foret d andaine;M;4859270;-36643;610
201400001654;14;6;13;730;1;2;3;7;6;168;RUE D'ALENCON;M;4858938;-35518;610
201400001655;14;6;14;2000;1;1;2;1;3;25;;M;4856571;-56629;610
201400001656;14;7;10;1345;1;1;4;1;1;483;;M;4855904;-39823;610
201400001657;14;9;27;1115;1;1;1;1;7;390;LE CLOS LEGER;M;4862664;-26596;610
201400001658;14;3;13;1520;1;2;3;1;3;7;RUE DE LA VALLEE;M;4881185;-50094;610
201400001659;14;3;16;2030;3;1;1;1;7;443;LE BOIS LUCIEN;M;4872784;-62590;610
201400001660;14;5;15;830;1;2;3;1;3;93;LE PREAU;M;4871128;-70738;610
201400001661;14;7;12;1130;1;1;1;2;7;486;LA COUDRETTE;M;4875292;-71295;610
201400001662;14;7;13;1130;1;2;4;1;6;486;17 RUE DE L INDUSTRIE;M;4876474;-73143;610
201400001663;14;8;27;1545;1;2;2;1;3;486;Rue xavier Onffray;M;4876272;-73572;610
201400001664;14;10;9;1645;1;2;6;1;3;7;RUE DES DEPORTES;M;4880892;-50044;610
201400001665;14;10;26;1730;1;1;1;1;6;73;;M;4875882;-42895;610
201400001666;14;10;31;1200;1;2;6;1;6;7;rue Berthelot;M;4881253;-49580;610
201400001667;14;11;12;1645;1;1;1;1;1;478;LE MOULIN DE TAILLEBOIS;M;4880202;-41708;610
201400001668;14;9;8;745;1;1;1;1;3;130;LES MARRES;M;4851903;48770;610
201400001669;14;7;19;1745;1;1;2;1;1;426;;M;4838434;54836;610
201400001670;14;10;26;1615;1;1;1;1;1;426;LE HAUT AITRE;M;4834781;51808;610
201400001671;14;1;13;1230;1;1;1;1;1;432;LA DETOURBE;M;4875971;67027;610
201400001672;14;1;17;1830;5;2;1;2;6;214;20 RUE CHARLES MEROUVEL;M;4876489;61360;610
201400001673;14;1;14;1715;2;1;1;7;6;456;LA BUTTE AUX ROCHES;M;4878476;64486;610
201400001674;14;3;25;1830;1;1;1;1;1;8;;M;4873045;55776;610
201400001675;14;5;10;2250;3;1;1;1;7;159;LE BOIS GAULTIER;M;4863857;41495;610
201400001676;14;6;19;1700;1;1;3;1;3;456;LES HAIES;M;4877534;64493;610
201400001677;14;9;23;1700;1;1;3;1;5;456;LES ANGLURES;M;4876001;66961;610
201400001678;14;11;6;2330;4;1;1;3;6;386;;M;4876353;44763;610
201400001679;14;12;28;145;3;1;1;4;6;456;LE BOIS AULARD;M;4875947;67339;610
201400001680;14;3;31;1515;1;1;1;1;1;335;LES CHAUFFETIERES;M;4861583;71605;610
201400001681;14;6;8;800;1;1;1;2;7;125;LA FOURCHE;M;4837778;89094;610
201400001682;14;8;8;1830;1;2;1;2;1;61;henri levier;M;4843475;88171;610
201400001683;14;11;5;2000;3;1;1;1;3;125;LA TUILERIE;M;4838272;89543;610
201400001684;14;12;27;1315;1;1;4;1;1;125;LA FOURCHE;M;4837727;88941;610
201400001685;14;3;26;1530;1;2;1;1;6;172;21 rue jean moulin;M;0;0;440
201400001686;14;3;14;1700;1;1;1;1;1;102;L'hommeau;M;0;0;440
201400001687;14;3;24;1330;1;1;1;1;7;94;La Grisaulnière;M;4731600;-140900;440
201400001688;14;5;14;800;1;2;1;1;2;94;ROND POINT DE LA PAIX;M;0;0;440
201400001689;14;7;18;1230;1;2;1;1;6;26;Avenue du chene vert;M;4730100;-149100;440
201400001690;14;10;19;1115;1;1;1;1;1;94;quai des mariniers;M;0;0;440
201400001691;14;3;25;1845;1;1;1;1;3;216;la boussonière;M;4695800;-143400;440
201400001692;14;4;26;15;3;1;1;2;1;64;le chardon;M;0;0;440
201400001693;14;5;23;1500;1;1;1;2;6;100;rue de la huperie;M;4712200;-134800;440
201400001694;14;6;19;1030;1;2;1;1;1;216;route de l'hommetière;M;0;0;440
201400001695;14;7;3;1330;1;1;1;1;1;223;beauséjour;M;0;0;440
201400001696;14;7;5;1145;1;1;1;1;1;14;;M;4713700;-150400;440
201400001697;14;8;10;2330;3;2;1;1;1;216;61 route de l'hommetiere;M;4697600;-141500;440
201400001698;14;9;6;2030;2;2;1;1;1;64;rue de la margerie;M;0;0;440
201400001699;14;10;20;730;2;1;1;1;4;2;la croix moutar;M;0;0;440
201400001700;14;10;30;1245;1;1;1;1;6;165;;M;4704200;-132300;440
201400001701;14;11;9;930;2;1;1;1;6;100;51 coursay;M;0;0;440
201400001702;14;3;19;1445;1;1;1;1;1;81;La garrelière;M;4690500;-156400;440
201400001703;14;4;2;1500;1;1;2;1;3;83;carrefour des Jarries;M;0;0;440
201400001704;14;7;10;2200;3;1;1;1;6;188;la garoterie;M;0;0;440
201400001705;14;7;14;100;3;1;1;1;6;155;les borderies;M;0;0;440
201400001706;14;8;7;1530;1;1;1;1;6;81;;M;4688700;-162300;440
201400001707;14;2;12;2145;3;1;1;2;7;140;La Doricière;M;0;0;440
201400001708;14;5;9;1430;1;1;1;1;3;84;le moulin de douet rouar;M;0;0;440
201400001709;14;6;14;845;1;1;1;1;3;169;;M;0;0;440
201400001710;14;7;8;715;1;1;1;1;2;169;fort gautier;M;0;0;440
201400001711;14;3;31;1115;1;2;6;1;3;215;bd luc dejoie;M;0;0;440
201400001712;14;5;15;115;3;1;1;1;1;215;bd auguste priou;M;0;0;440
201400001713;14;5;25;1730;1;2;1;1;2;215;route de la gare;M;0;0;440
201400001714;14;7;18;2100;1;2;1;1;6;198;rue  petite meilleraie;M;0;0;440
201400001715;14;8;19;1945;1;1;1;1;6;198;la cour neuve;M;0;0;440
201400001716;14;9;12;1630;1;1;2;1;3;215;route des pegers;M;0;0;440
201400001717;14;11;6;745;1;2;1;1;6;215;boulevard de l'Europe;M;0;0;440
201400001718;14;12;18;1830;5;2;1;8;6;215;route de la gare;M;0;0;440
201400001719;14;1;18;615;3;1;1;1;7;134;la coicauderie;M;4747400;-115600;440
201400001720;14;4;13;1715;1;1;1;1;7;213;Maison neuve;M;4744000;-189900;440
201400001721;14;8;24;715;1;1;1;1;1;213;;M;0;0;440
201400001722;14;9;4;445;3;1;2;1;3;163;;M;4740200;-107600;440
201400001723;14;10;4;1230;1;2;6;1;3;180;rue Cossé Brissac;M;0;0;440
201400001724;14;10;23;1415;1;1;1;1;1;219;les thuyas;M;4756200;-104600;440
201400001725;14;12;14;915;1;1;1;5;6;219;;M;0;0;440
201400001726;14;3;14;1845;1;1;1;1;3;169;rte des patures;M;0;0;440
201400001727;14;9;25;1900;1;1;1;7;6;84;la potardière;M;0;0;440
201400001728;14;1;18;2345;3;1;1;1;6;115;le patis fichet;M;0;0;440
201400001729;14;2;2;900;1;1;1;7;2;118;;M;0;0;440
201400001730;14;4;4;1930;1;1;1;1;6;28;Le Caunier;M;0;0;440
201400001731;14;5;19;1815;1;1;1;1;3;77;Le calvaire de lucinière;M;0;0;440
201400001732;14;7;4;1445;1;1;9;1;3;115;les ecoubleres;M;0;0;440
201400001733;14;1;14;900;1;2;1;1;6;36;rue de l'?galit?;M;0;0;440
201400001734;14;1;20;1645;1;1;1;7;6;99;la basillais;M;4762900;-136300;440
201400001735;14;2;27;1615;1;2;1;1;6;36;rue alsace lorraine;M;0;0;440
201400001736;14;5;4;100;3;1;1;1;6;54;le chatelier;M;0;0;440
201400001737;14;7;24;2345;3;1;1;1;7;146;la motte;M;0;0;440
201400001738;14;9;13;1045;1;1;1;7;6;36;saint andré;M;0;0;440
201400001739;14;1;8;1900;3;1;2;2;3;23;;M;4742300;-189500;440
201400001740;14;1;11;930;1;1;1;1;1;15;la miltais;M;4749200;-174200;440
201400001741;14;1;13;1445;1;1;2;2;3;128;;M;4752100;-188700;440
201400001742;14;2;10;730;3;1;1;2;3;67;La croix rouge;M;4763200;-184400;440
201400001743;14;3;28;1315;1;2;1;2;6;91;1 ROUTE DE VAY;M;4759700;-168300;440
201400001744;14;4;25;1500;1;1;1;1;6;23;La Duty;M;4741700;-191400;440
201400001745;14;4;27;200;3;1;1;2;6;56;la rivière des landes;M;4741300;-174600;440
201400001746;14;6;26;1745;1;1;1;1;6;62;rue de la matrais;M;0;0;440
201400001747;14;7;29;1330;1;1;1;1;7;111;la primais;M;0;0;440
201400001748;14;10;7;1930;5;1;1;1;2;128;beauséjour;M;0;0;440
201400001749;14;11;16;15;3;1;1;2;1;185;;M;0;0;440
201400001750;14;11;16;930;3;1;1;1;6;67;le trenon-besle sur vila;M;0;0;440
201400001751;14;11;26;1745;2;1;1;1;6;67;le bois de brun;M;0;0;440
201400001752;14;12;13;1815;3;2;1;8;6;67;92 dastres - guenouvry;M;0;0;440
201400001753;14;12;23;745;3;1;2;1;4;128;lancé;M;0;0;440
201400001754;14;4;7;30;3;1;1;1;6;110;Le Pont du Plessis;M;0;0;440
201400001755;14;4;22;730;1;2;1;1;3;27;rue du chateau;M;0;0;440
201400001756;14;5;7;1730;1;2;1;1;3;110;rue saint georges;M;0;0;440
201400001757;14;5;31;2000;2;1;2;1;3;73;grandville;M;0;0;440
201400001758;14;6;3;2030;2;1;1;1;6;122;la foucaudière;M;0;0;440
201400001759;14;6;4;1730;1;2;1;1;6;110;;M;0;0;440
201400001760;14;6;22;2015;1;1;1;1;3;110;pt du plessis;M;0;0;440
201400001761;14;7;4;115;3;2;1;1;6;179;23 rue Anna de Noailles;M;0;0;440
201400001762;14;8;22;1545;1;1;1;1;3;110;la chapeliere;M;0;0;440
201400001763;14;9;14;1;3;1;1;1;1;179;la goulière;M;0;0;440
201400001764;14;10;8;1615;1;2;6;3;6;110;rue de l' Erdre;M;0;0;440
201400001765;14;12;12;1745;5;2;1;2;6;110;47 rue St Georges;M;0;0;440
201400001766;14;12;23;1800;3;1;2;2;6;73;;M;0;0;440
201400001767;14;12;24;2030;3;1;1;2;1;179;le grand patis;M;0;0;440
201400001768;14;4;3;730;2;1;1;2;5;86;La gibotière;M;0;0;440
201400001769;14;4;19;1815;1;2;1;1;6;113;place de l'eglise;M;0;0;440
201400001770;14;6;21;1730;1;2;3;1;1;51;rue de la salle des fete;M;0;0;440
201400001771;14;7;2;1645;1;1;1;1;6;76;La butte;M;0;0;440
201400001772;14;7;8;1530;1;1;1;1;1;193;la madeleine;M;0;0;440
201400001773;14;7;12;1630;1;1;1;1;1;149;le coudrais;M;0;0;440
201400001774;14;7;28;945;1;1;1;1;1;149;les ormes;M;0;0;440
201400001775;14;10;22;815;1;1;2;1;3;149;;M;0;0;440
201400001776;14;9;13;345;3;1;1;1;6;67;guenouvry;M;0;0;440
201400001777;14;1;25;900;1;1;1;2;6;130;viais;M;0;0;440
201400001778;14;5;15;1700;1;1;1;1;1;18;les mimosas;M;0;0;440
201400001779;14;7;29;815;1;1;1;1;2;171;le moulin cassé;M;0;0;440
201400001780;14;8;2;2315;3;1;1;1;6;24;rue de la chaussée;M;0;0;440
201400001781;14;8;14;1630;1;2;1;1;3;150;rte du champ de foire;M;0;0;440
201400001782;14;8;23;430;3;1;1;1;5;39;;M;0;0;440
201400001783;14;9;6;430;3;1;1;1;2;24;;M;0;0;440
201400001784;14;10;18;1530;2;1;1;1;6;150;;M;0;0;440
201400001785;14;11;18;1645;1;1;1;1;1;18;rue de la borne seize;M;0;0;440
201400001786;14;11;28;1830;5;2;1;1;3;130;D11 - Rue de la Roche;M;0;0;440
201400001787;14;11;29;1700;1;2;1;1;3;18;la desiree RD 751A;M;0;0;440
201400001788;14;12;4;800;3;1;6;1;3;130;;M;0;0;440
201400001789;14;1;9;1345;1;1;4;1;5;131;;M;0;0;440
201400001790;14;1;14;1215;1;1;1;1;2;131;Marais mainguy;M;0;0;440
201400001791;14;2;24;1700;1;1;1;1;2;131;;M;0;0;440
201400001792;14;3;29;945;1;1;1;1;6;40;;M;0;0;440
201400001793;14;5;5;900;1;1;1;1;3;131;;M;0;0;440
201400001794;14;5;4;1115;1;2;1;1;3;131;Route de la Rog?re;M;0;0;440
201400001795;14;5;16;1645;1;2;6;1;3;126;Rue de la Croix Mouraud;M;0;0;440
201400001796;14;6;9;1830;1;1;1;1;1;131;;M;0;0;440
201400001797;14;6;26;1800;1;1;1;1;3;136;le bois roux;M;0;0;440
201400001798;14;7;15;45;5;2;1;1;6;126;54 boulevard de l'Océan;M;0;0;440
201400001799;14;8;6;245;3;1;1;1;6;106;;M;0;0;440
201400001800;14;1;26;1530;1;2;2;2;3;5;rue de pornic;M;0;0;440
201400001801;14;2;20;400;3;1;1;1;6;46;Le grand perret;M;0;0;440
201400001802;14;2;23;1500;1;2;1;1;3;154;boulevard de l'Oc?an;M;0;0;440
201400001803;14;2;24;2300;3;1;1;1;6;154;;M;0;0;440
201400001804;14;3;30;1245;1;1;3;1;4;187;le pont neuf;M;0;0;440
201400001805;14;6;3;1530;1;2;1;2;6;154;Place de la victoire;M;0;0;440
201400001806;14;6;8;1915;1;1;2;1;3;61;;M;0;0;440
201400001807;14;7;28;1400;1;1;1;8;1;187;les biais;M;0;0;440
201400001808;14;8;19;1030;1;1;2;1;3;46;les cassis;M;0;0;440
201400001809;14;8;31;1000;1;1;1;1;6;61;la rousseliere;M;0;0;440
201400001810;14;9;20;600;3;1;1;1;7;46;;M;0;0;440
201400001811;14;9;28;100;4;2;1;1;2;187;rue de st michel;M;0;0;440
201400001812;14;10;8;1800;1;2;1;2;6;187;PARKING RUE BLANDEAU;M;0;0;440
201400001813;14;10;22;1245;1;1;1;1;3;38;chauve la brenière;M;0;0;440
201400001814;14;10;26;1730;1;1;1;1;3;46;la croix;M;0;0;440
201400001815;14;12;23;1730;3;1;2;1;3;154;la grognais;M;0;0;440
201400001816;14;3;2;1745;2;1;1;3;1;87;;M;0;0;440
201400001817;14;3;25;1730;1;1;1;3;5;133;beau vent de mer;M;4713600;-180600;440
201400001818;14;4;25;1845;1;1;1;1;3;87;rue des capucins;M;0;0;440
201400001819;14;5;3;2345;3;1;1;1;7;181;le champ joseph;M;0;0;440
201400001820;14;5;4;1745;1;1;1;1;1;220;les dodinières;M;4718200;-192800;440
201400001821;14;6;17;230;3;1;1;1;7;119;la grande talonnière;M;0;0;440
201400001822;14;7;12;1645;1;1;1;1;5;133;le moulin de beauvais;M;0;0;440
201400001823;14;7;28;1530;1;1;1;3;5;133;;M;4713400;-174500;440
201400001824;14;8;21;830;1;1;1;1;5;90;;M;0;0;440
201400001825;14;8;22;1745;1;2;9;1;3;157;8 la Pierre Blanche;M;0;0;440
201400001826;14;8;30;1345;1;1;1;1;6;119;les brosses;M;0;0;440
201400001827;14;10;24;1045;1;2;1;1;2;87;Rue de NANTES;M;0;0;440
201400001828;14;11;23;1145;1;1;1;2;6;145;le buzon;M;4717900;-181300;440
201400001829;14;1;3;815;2;2;1;2;6;47;1 bd de la liberation;M;0;0;440
201400001830;14;1;30;1100;1;2;9;2;1;47;Bd des martyrs;M;0;0;440
201400001831;14;2;19;2030;3;1;9;2;1;47;La barrière noire;M;0;0;440
201400001832;14;5;29;1415;1;1;1;1;5;47;La guinière;M;0;0;440
201400001833;14;1;19;630;3;1;1;8;1;69;;M;0;0;440
201400001834;14;1;21;1515;1;1;1;2;6;69;;M;0;0;440
201400001835;14;1;23;730;5;1;1;1;3;151;rue des ecotais;M;0;0;440
201400001836;14;5;7;1900;1;1;2;1;2;175;;M;0;0;440
201400001837;14;6;17;2000;1;1;1;1;1;69;;M;0;0;440
201400001838;14;7;4;2030;1;1;1;1;6;72;Brézanvé;M;4748600;-230100;440
201400001839;14;7;13;45;3;1;1;1;1;69;;M;4728900;-243500;440
201400001840;14;7;25;745;1;1;1;1;3;175;;M;4739100;-232300;440
201400001841;14;8;17;1045;1;1;1;1;3;97;rte de pen loc;M;0;0;440
201400001842;14;10;3;945;1;1;1;1;5;175;trecrelin;M;0;0;440
201400001843;14;10;23;1830;2;2;1;1;6;6;lieu-dit PONT-MAHE;M;0;0;440
201400001844;14;11;20;715;5;2;2;1;3;69;faubourg Sainte Anne;M;0;0;440
201400001845;14;12;7;1400;1;1;1;8;6;175;rue le mouchoir;M;0;0;440
201400001846;14;12;28;1630;1;1;2;1;3;183;le pigeon blanc;M;0;0;440
201400001847;14;1;29;1215;1;2;6;1;6;52;ZI JOUY D100;M;4732100;-207200;440
201400001848;14;6;18;200;4;1;6;1;7;210;;M;4730900;-220500;440
201400001849;14;9;24;2300;3;1;2;1;3;52;l'ardivais;M;4738400;-209399;440
201400001850;14;10;23;1930;3;1;6;1;6;103;rue des grandes rivieres;M;0;0;440
201400001851;14;10;27;1015;1;2;1;1;6;52;Avenue de la Gare;M;0;0;440
201400001852;14;11;28;1930;5;1;6;1;6;210;rd pt de certé;M;0;0;440
201400001853;14;12;27;1530;3;1;6;1;6;210;rd pt de certé;M;0;0;440
201400001854;14;3;15;1630;1;1;1;1;6;152;la miretterie;M;0;0;440
201400001855;14;3;18;1830;1;1;1;1;2;98;La croix de haut;M;4750500;-213200;440
201400001856;14;3;22;800;1;1;1;1;6;68;l'alouette;M;0;0;440
201400001857;14;5;8;1000;1;1;1;1;5;161;La Chauvelais;M;4751000;-204199;440
201400001858;14;9;28;1200;1;1;1;1;6;68;BEL AIR;M;4754000;-199800;440
201400001859;14;10;26;1345;1;1;1;1;7;196;les landes du bourg;M;0;0;440
201400001860;14;11;14;1730;5;1;1;8;6;98;bergon;M;0;0;440
201400001861;14;12;2;1145;1;2;1;1;1;129;rue de la Cadivais;M;4744000;-208700;440
201400001862;14;12;13;545;3;1;1;3;6;50;la peltrais;M;0;0;440
201400001863;14;1;25;1345;1;1;1;1;6;194;les naudieres;M;0;0;440
201400001864;14;3;16;1030;1;2;6;1;6;194;RUE DE BRETAGNE;M;0;0;440
201400001865;14;6;28;945;1;1;1;2;4;158;la coulée du chaud;M;0;0;440
201400001866;14;10;7;900;1;1;1;1;2;217;rue anne de bretagne;M;0;0;440
201400001867;14;11;15;1545;1;2;1;1;6;194;rue de brumberne;M;0;0;440
201400001868;14;10;13;930;1;2;1;7;6;195;rue joseph Desmars;M;0;0;440
201400001869;14;11;25;2015;3;1;1;2;1;195;la foret;M;4734500;-195700;440
201400001870;14;12;19;1915;3;2;6;3;6;20;rond point de decathlon;M;4746798;-62059;490
201400001871;14;1;16;2230;3;1;1;2;6;106;La croix blanche;M;4747213;-36656;490
201400001872;14;4;28;1200;1;1;1;8;6;280;;M;4750635;-21862;490
201400001873;14;5;28;2030;1;2;1;1;3;194;5 chemin Angevins;M;4745571;-26651;490
201400001874;14;6;9;1915;1;1;3;1;3;194;;M;4746076;-28592;490
201400001875;14;6;29;1200;1;1;6;1;2;106;;M;4747469;-34036;490
201400001876;14;8;1;1145;1;1;2;1;3;194;Grolleau / billauderie;M;4747230;-30243;490
201400001877;14;9;11;1715;1;1;2;1;3;49;;M;4745100;-16144;490
201400001878;14;10;24;715;2;1;3;8;3;194;;M;4745138;-26329;490
201400001879;14;11;28;1600;1;1;2;1;3;194;Route de la roche;M;4747264;-28246;490
201400001880;14;12;14;1200;1;1;2;1;3;194;Route de Gardamont;M;4747270;-28237;490
201400001881;14;3;27;1730;1;1;1;1;5;222;Le point du jour;M;4737082;-55876;490
201400001882;14;5;18;815;1;1;1;1;6;86;;M;4728247;-45287;490
201400001883;14;6;7;1030;1;2;1;1;1;290;52 rue St Almand;M;4739887;-45102;490
201400001884;14;6;13;1500;1;1;1;1;1;318;;M;4736995;-42709;490
201400001885;14;8;5;745;1;1;1;1;1;22;;M;4732072;-59954;490
201400001886;14;8;28;1930;1;1;1;1;3;363;;M;4735050;-45866;490
201400001887;14;9;29;715;3;1;1;1;1;338;;M;4734339;-51736;490
201400001888;14;10;6;300;3;1;1;1;7;317;;M;4739686;-33206;490
201400001889;14;10;6;1745;1;2;2;2;3;345;Rue Bonnezeaux;M;4726716;-49908;490
201400001890;14;11;8;745;2;1;1;1;6;308;Route de Poitiers;M;4739801;-50899;490
201400001891;14;11;23;45;3;1;1;1;1;308;Bretelle C;M;4739967;-51538;490
201400001892;14;12;10;45;3;1;1;1;7;338;Les Baluères;M;4738038;-52454;490
201400001893;14;12;8;1845;5;2;9;1;6;22;;M;4731288;-59572;490
201400001894;14;10;6;1715;1;2;1;8;2;238;blitourne;M;4752914;-43375;490
201400001895;14;10;14;1830;1;2;1;1;7;377;Rue Jean de Rely;M;4755085;-43033;490
201400001896;14;6;1;130;5;2;1;1;6;283;rue nationale;M;4740874;-76070;490
201400001897;14;6;4;815;1;1;2;2;3;68;;M;4741235;-85483;490
201400001898;14;9;5;1800;1;1;1;1;3;283;Le clos Guinebault;M;4733746;-75099;490
201400001899;14;10;27;1815;5;1;1;1;3;82;;M;4733994;-71053;490
201400001900;14;11;9;1045;1;1;1;1;1;259;;M;4734015;-64602;490
201400001901;14;11;10;15;3;2;1;1;6;63;36 bis avenue de la gare;M;4734847;-74709;490
201400001902;14;7;17;1700;1;1;1;1;1;333;;M;4756877;-33278;490
201400001903;14;10;19;1800;1;1;9;1;3;220;;M;4774931;-41064;490
201400001904;14;11;23;1900;3;1;1;8;7;257;La carriere;M;4765614;-22129;490
201400001905;14;1;25;500;5;2;1;2;6;23;16 rue du moulin foulon;M;4720172;-97814;490
201400001906;14;2;2;1515;1;1;2;1;1;243;;M;4723369;-93436;490
201400001907;14;4;28;1;3;1;1;1;7;6;Tuevache;M;4717839;-96216;490
201400001908;14;6;23;1115;1;1;1;1;1;23;Le petit angibou;M;4722068;-100154;490
201400001909;14;7;26;1100;1;2;1;1;3;151;40 rue de bretagne;M;4718187;-111383;490
201400001910;14;8;1;2020;1;2;1;1;3;23;9 Bd general de Gaulle;M;4720149;-99640;490
201400001911;14;10;29;1500;2;1;1;1;1;6;Tuevache;M;4717796;-96163;490
201400001912;14;11;22;1500;1;2;1;1;3;23;77 rue des Mauges;M;4720153;-99389;490
201400001913;14;4;3;2045;3;1;1;3;6;192;;M;4701535;-74471;490
201400001914;14;4;22;2200;5;2;1;1;6;92;Rue Croix Renaudeau;M;4721488;-71131;490
201400001915;14;5;12;1515;1;1;1;1;1;355;Monbault;M;4710014;-81636;490
201400001916;14;5;17;445;3;1;1;1;6;92;La Guerche;M;4721282;-77772;490
201400001917;14;8;26;730;1;1;1;1;3;281;La Brosse Neuve;M;4718220;-74613;490
201400001918;14;9;30;2330;3;1;6;1;6;343;La Marchaisière;M;4698969;-84286;490
201400001919;14;10;30;315;3;1;1;1;6;281;;M;4716284;-73873;490
201400001920;14;11;11;15;3;1;1;1;1;381;;M;4701310;-71465;490
201400001921;14;11;16;2200;3;1;1;2;6;268;La Beniviere;M;4729223;-84965;490
201400001922;14;11;23;15;3;1;1;1;6;192;;M;4703534;-80415;490
201400001923;14;12;8;1730;2;2;1;1;3;92;255 bis rue nationale;M;4720517;-72822;490
201400001924;14;2;2;45;3;1;1;2;7;273;La Gat;M;4710240;-122281;490
201400001925;14;3;31;1100;1;2;1;1;6;332;04 RUE DU SACRE COEUR;M;4706504;-93671;490
201400001926;14;5;28;2300;3;1;1;1;6;301;;M;4713325;-99092;490
201400001927;14;6;2;1815;1;1;9;1;6;264;1 rue louis braille;M;4709636;-100468;490
201400001928;14;6;18;1730;1;2;1;7;3;332;AVENUE DE NANTES;M;4705979;-94042;490
201400001929;14;7;29;1430;1;2;2;1;3;349;Carrefour RD-223 - RD-63;M;4714461;-116423;490
201400001930;14;9;8;1030;1;1;1;1;1;264;La Censie;M;4709953;-100541;490