num_acc;an;mois;jour;hrmn;lum;agg;int;atm;col;com;adr;gps;lat;long;dep
201400001931;14;9;8;1530;1;1;1;1;2;332;;M;4708733;-98098;490
201400001932;14;9;25;1930;2;1;1;7;6;27;;M;4713851;-91843;490
201400001933;14;12;10;815;2;2;1;2;6;301;42, bd du 11 novembre;M;4712062;-98982;490
201400001934;14;2;15;845;1;1;1;8;7;296;;M;4730086;-116523;490
201400001935;14;2;19;915;1;1;1;1;7;252;;M;4722101;-116790;490
201400001936;14;3;3;1245;1;1;1;4;1;313;;M;4728368;-102527;490
201400001937;14;3;21;2145;3;1;1;1;7;324;;M;4724322;-99444;490
201400001938;14;4;25;1915;1;1;1;1;2;177;;M;4734456;-116100;490
201400001939;14;5;18;1945;1;1;1;1;6;316;Moulin Pichon;M;4727719;-110106;490
201400001940;14;5;21;1345;1;1;1;3;6;40;Clos de Ste Barbe;M;4734144;-111785;490
201400001941;14;5;25;1230;1;1;1;1;6;69;;M;4734490;-123288;490
201400001942;14;7;16;1845;1;1;1;1;1;360;;M;4731194;-130886;490
201400001943;14;7;18;1800;1;2;6;1;1;69;avenue des 7 moulins;M;4733433;-126383;490
201400001944;14;7;24;1;3;1;1;1;7;320;La Chenaie;M;4729211;-124804;490
201400001945;14;8;5;2015;1;1;1;1;6;34;Le grand Moulin;M;4732042;-101175;490
201400001946;14;8;10;15;3;2;1;2;6;316;rue de l'Evre;M;4727389;-107583;490
201400001947;14;9;6;1530;1;1;1;1;3;276;;M;4736136;-99248;490
201400001948;14;9;20;930;1;1;1;1;3;126;;M;4733318;-120573;490
201400001949;14;9;26;2015;3;1;1;1;6;34;Le grand Moulin;M;4732032;-101184;490
201400001950;14;9;26;1730;1;1;1;1;1;75;;M;4733894;-106945;490
201400001951;14;11;9;1630;1;1;1;7;3;360;La Merciere;M;4731589;-129415;490
201400001952;14;11;9;2145;3;1;1;1;1;69;La Tenoterie;M;4732955;-125611;490
201400001953;14;11;21;2130;3;1;1;1;6;296;;M;4728541;-121942;490
201400001954;14;11;24;1155;1;1;1;1;7;276;Route de la Boutouchere;M;4735681;-100598;490
201400001955;14;11;26;15;3;1;1;1;7;83;;M;4728968;-99013;490
201400001956;14;12;9;945;1;2;1;1;3;313;route de belleville;M;4726161;-103561;490
201400001957;14;12;16;1745;3;2;1;1;6;296;rue de Vendée;M;4728645;-119086;490
201400001958;14;12;23;1945;3;2;1;1;6;177;rue du val de loire;M;4734616;-116280;490
201400001959;14;1;17;1245;1;1;1;1;2;234;Mon idée;M;4742424;16658;490
201400001960;14;1;21;1715;1;2;1;1;5;18;Av Le gouz de la boulaye;M;4753727;-9828;490
201400001961;14;6;6;1900;1;1;1;1;1;372;Le champ des pierres;M;4752029;-11855;490
201400001962;14;6;17;1730;1;1;1;1;1;116;lieu dit Brené;M;4746943;-10208;490
201400001963;14;10;4;230;3;2;1;1;6;13;7 route de Noyant;M;4751783;5464;490
201400001964;14;10;23;1430;1;2;1;1;3;18;rue VICTOR HUGO;M;4754001;-10259;490
201400001965;14;11;15;1215;1;2;1;1;2;18;13 rue Florent Papin;M;4754284;-11073;490
201400001966;14;12;4;845;1;1;1;1;1;31;;M;4750578;-10131;490
201400001967;14;5;5;1115;1;1;1;1;1;373;La grange;M;4713757;-57601;490
201400001968;14;8;30;1830;1;2;1;1;6;125;Rue des fontaines;M;4719580;-27580;490
201400001969;14;11;12;2015;3;1;1;1;1;125;;M;4717709;-26318;490
201400001970;14;12;22;2300;3;1;1;1;7;359;Moulin cassé;M;4721353;-17980;490
201400001971;14;1;2;1215;1;1;1;1;3;361;;M;4723920;1611;490
201400001972;14;4;1;545;3;1;6;1;6;2;;M;4729072;3583;490
201400001973;14;4;2;1215;1;1;1;1;1;311;La poitevinière;M;4739371;-4027;490
201400001974;14;4;20;1900;1;1;1;1;7;30;La martinière;M;4736550;-5242;490
201400001975;14;6;20;1300;1;1;1;7;6;180;;M;4737744;-12544;490
201400001976;14;6;22;1745;1;1;1;1;6;361;Pont de Malheur;M;4726329;5448;490
201400001977;14;7;28;1000;1;2;7;7;6;180;station essence super U;M;4737128;-9858;490
201400001978;14;8;16;415;3;2;1;1;6;2;lieu dit boumelle;M;4733399;2759;490
201400001979;14;9;13;830;2;1;1;1;6;45;;M;4734545;11015;490
201400001980;14;11;4;1815;3;1;1;1;6;374;;M;4728184;-2656;490
201400001981;14;12;8;1815;2;1;1;1;7;304;;M;4730926;-13853;490
201400001982;14;3;22;1500;1;1;3;1;3;215;;M;4714757;-17148;490
201400001983;14;8;28;1430;1;1;1;1;7;364;;M;4713975;-22580;490
201400001984;14;2;2;530;3;2;1;2;6;103;Rue de Bretagne;M;4771491;-100912;490
201400001985;14;5;17;2315;3;1;1;1;7;229;;M;4770886;-97158;490
201400001986;14;11;18;1830;3;1;1;1;4;331;;M;4768972;-86162;490
201400001987;14;2;16;115;3;1;1;1;6;367;;M;4759153;-83023;490
201400001988;14;3;7;545;3;1;3;1;3;26;La Hammonerie;M;4749644;-77428;490
201400001989;14;3;9;1345;1;1;1;1;6;155;La tinière;M;4759934;-72665;490
201400001990;14;3;16;1345;1;2;1;1;7;155;rue du port;M;4760144;-68778;490
201400001991;14;6;13;1700;1;1;1;1;2;251;La Chesnaie;M;4757354;-68273;490
201400001992;14;6;22;1430;1;2;1;1;6;266;rue St Germain des prés;M;4745992;-79477;490
201400001993;14;1;16;745;4;1;2;8;3;347;;M;4762632;-45101;490
201400001994;14;3;14;1730;1;2;2;1;3;80;avenue de gaulle;M;4768219;-49169;490
201400001995;14;4;4;900;1;1;1;1;6;96;La Bonnelière;M;4771416;-57129;490
201400001996;14;5;7;545;2;1;1;1;6;337;Les Barres;M;4759691;-41971;490
201400001997;14;7;2;1745;1;1;1;1;7;90;;M;4760601;-52041;490
201400001998;14;9;3;1530;1;1;1;1;1;189;;M;4772885;-60008;490
201400001999;14;9;21;2045;3;1;1;1;6;347;;M;4761760;-43417;490
201400002000;14;9;25;1345;1;1;1;1;3;347;;M;4762636;-45098;490
201400002001;14;9;30;1745;1;1;1;7;1;339;;M;4757526;-53302;490
201400002002;14;11;6;1800;5;2;1;1;3;347;rue du bourg joly;M;4761458;-46550;490
201400002003;14;11;18;1700;1;1;1;1;3;347;;M;4762636;-45100;490
201400002004;14;4;26;1445;1;1;2;1;3;1;;M;4803596;-89757;530
201400002005;14;5;3;1315;1;1;1;1;6;1;;M;4802698;-85593;530
201400002006;14;7;13;600;2;1;1;1;6;158;;M;4798864;-95292;530
201400002007;14;10;30;1015;1;1;1;1;1;94;;M;0;0;530
201400002008;14;11;19;1215;1;2;1;1;3;168;RUE DU MOULIN;M;4798691;-78044;530
201400002009;14;5;17;1945;1;2;1;1;7;140;le landerieau;M;4810740;-70278;530
201400002010;14;5;18;1730;1;2;1;1;6;267;;M;4803570;-47106;530
201400002011;14;9;22;1615;1;2;6;1;2;140;rue nationale;M;4811978;-72311;530
201400002012;14;10;15;1515;1;1;1;1;7;67;;M;4796632;-43221;530
201400002013;14;12;13;915;3;1;1;3;5;262;;M;4806151;-58848;530
201400002014;14;12;26;1800;3;1;1;3;6;140;;M;4815025;-69631;530
201400002015;14;4;5;630;5;2;8;1;7;97;passage ? niveau 145;M;4815758;-47654;530
201400002016;14;4;26;1745;1;2;2;1;3;218;avenue des sports;M;4819732;-37396;530
201400002017;14;5;15;2015;1;1;1;7;7;265;;M;4809303;-23648;530
201400002018;14;9;1;730;1;2;6;1;3;97;rond-point de la gare;M;4815631;-39638;530
201400002019;14;9;24;1845;1;1;2;1;3;50;;M;4808202;-34945;530
201400002020;14;10;9;1945;3;1;1;1;6;205;;M;4813696;-57885;530
201400002021;14;10;23;1915;2;2;1;1;1;50;route de sainte suzanne;M;4807827;-37541;530
201400002022;14;10;26;100;3;1;1;1;1;163;;M;4815706;-46478;530
201400002023;14;11;2;1515;1;2;2;1;3;97;rue de Villeneuve;M;4814710;-40062;530
201400002024;14;12;4;945;1;2;1;1;3;97;4 route de crun;M;4815684;-39310;530
201400002025;14;12;13;945;1;1;1;3;3;265;;M;4811298;-25468;530
201400002026;14;12;18;1100;1;1;2;1;1;134;;M;4812121;-46171;530
201400002027;14;1;4;615;3;1;1;2;7;27;;M;4790681;-45061;530
201400002028;14;1;24;1900;3;1;1;3;5;210;;M;4779981;-43159;530
201400002029;14;3;22;45;3;1;1;1;1;210;;M;4780144;-44393;530
201400002030;14;6;19;1545;1;2;9;1;2;17;rue de l'Abbé Angot;M;4792677;-41464;530
201400002031;14;7;25;1730;1;2;1;1;1;233;;M;4789105;-41976;530
201400002032;14;8;23;1000;1;2;1;1;6;62;13 Av. Division Leclerc;M;4783517;-71869;530
201400002033;14;9;5;1730;1;1;1;1;7;29;;M;4780516;-51437;530
201400002034;14;9;18;1215;1;2;2;1;3;62;rue jean mermoz;M;4783011;-69389;530
201400002035;14;9;20;115;5;2;1;1;6;62;46 av marechal joffre;M;4782993;-69450;530
201400002036;14;10;10;730;2;2;1;1;3;62;rue pierre et marie curi;M;4783487;-69783;530
201400002037;14;10;13;1615;1;1;1;1;5;215;;M;4778937;-70847;530
201400002038;14;11;24;1245;1;1;1;8;1;184;;M;4793413;-44622;530
201400002039;14;12;5;1845;5;2;6;1;3;62;Avenue Georges Pomidou;M;4782323;-69774;530
201400002040;14;1;2;1800;3;1;1;8;1;75;;M;4792289;-87836;530
201400002041;14;6;29;1800;1;1;1;1;5;180;;M;4781790;-87004;530
201400002042;14;8;31;1430;1;1;1;1;7;128;la charroyère;M;4794162;-107045;530
201400002043;14;9;5;715;1;2;1;1;3;188;rue de Laubini?re;M;4779721;-105575;530
201400002044;14;9;12;1115;1;1;1;1;3;197;;M;4786226;-113221;530
201400002045;14;9;19;800;2;1;2;3;1;35;;M;4783029;-99226;530
201400002046;14;10;3;1715;1;2;1;1;7;84;;M;4786454;-91831;530
201400002047;14;11;23;1345;1;1;1;1;1;77;;M;4796203;-90851;530
201400002048;14;12;14;1630;1;1;1;5;5;77;;M;4795433;-93560;530
201400002049;14;3;30;445;3;1;1;1;7;122;;M;4826291;-50520;530
201400002050;14;4;22;2330;5;2;1;1;7;147;30 Bd Jean Jaures;M;4829888;-61755;530
201400002051;14;5;9;1815;1;2;1;1;6;147;115 rue de Normandie;M;4830985;-62299;530
201400002052;14;6;25;1300;1;2;6;1;1;147;BOULEVARD MENDES FRANCE;M;4830784;-63284;530
201400002053;14;7;13;1800;1;1;1;1;1;122;;M;4826405;-48121;530
201400002054;14;7;16;1830;1;1;1;1;3;53;;M;4830134;-34559;530
201400002055;14;8;2;1715;1;1;1;1;5;146;;M;4818324;-67508;530
201400002056;14;9;22;1800;1;1;1;1;2;53;;M;4827257;-39526;530
201400002057;14;10;28;1830;5;2;1;1;6;147;29 RUE AMBROISE DE LORE;M;4830645;-61871;530
201400002058;14;11;13;1815;3;1;1;8;2;23;;M;4817148;-58113;530
201400002059;14;3;7;1945;3;1;1;1;6;115;;M;4843139;-85072;530
201400002060;14;4;20;1530;1;1;1;1;3;155;;M;4829952;-88795;530
201400002061;14;7;25;1215;1;1;2;7;1;211;;M;4836722;-85044;530
201400002062;14;10;19;215;4;2;6;1;6;107;Rond point de l'Europe;M;4841099;-80582;530
201400002063;14;10;30;1915;3;1;1;1;6;42;;M;4838558;-78798;530
201400002064;14;11;6;1415;1;1;2;1;3;269;;M;4830481;-83177;530
201400002065;14;2;25;1915;3;1;1;1;7;127;;M;4842190;-52936;530
201400002066;14;4;23;1900;1;1;1;2;7;51;;M;4835327;-49362;530
201400002067;14;8;30;1615;1;1;1;1;6;216;;M;4832134;-56834;530
201400002068;14;9;11;1445;1;1;1;1;3;127;;M;4847867;-43635;530
201400002069;14;11;27;1415;1;1;2;1;3;116;;M;4840305;-46059;530
201400002070;14;12;11;1615;1;2;1;1;6;127;GRANDE RUE;M;4843804;-49702;530
201400002071;14;12;14;830;1;2;1;9;6;116;Rue des forges;M;4839753;-46124;530
201400002072;14;3;23;1345;1;1;1;4;1;185;;M;4847590;-16059;530
201400002073;14;9;24;1145;1;1;1;1;6;121;;M;4841050;-33037;530
201400002074;14;9;26;2200;3;1;1;1;1;246;;M;4840977;-6181;530
201400002075;14;10;16;945;1;1;1;1;1;164;;M;4849127;-31089;530
201400002076;14;12;3;1800;3;1;1;1;7;13;;M;4832465;-20896;530
201400002077;14;12;9;2015;3;1;1;1;6;246;;M;4838893;-13094;530
201400002078;14;12;12;2300;3;1;1;3;2;223;;M;4826373;-17243;530
201400002079;14;9;6;20;5;2;1;1;3;283;6 RUE BERTHELOT;;;;10
201400002080;14;2;25;1140;1;2;2;1;1;31;43, FORGE  DE N?     A;;;;10
201400002081;14;3;27;330;3;1;1;1;7;283;ECHALLON (RUE D');M;4625270;568984;10
201400002082;14;4;27;1740;1;2;1;1;6;31;HUGO ( AVENUE VICTOR );;;;10
201400002083;14;5;11;1745;1;2;3;1;3;283;MICHELET (RUE DU 40/27 A;M;4626040;563649;10
201400002084;14;6;9;1;5;2;2;1;3;283;1, FRANCE (RUE A. DU 1/5;;;;10
201400002085;14;6;22;1425;1;2;3;1;3;283;12, BELMONT;;;;10
201400002086;14;6;7;1950;4;2;1;1;6;283;JEANTET (PARC);;;;10
201400002087;14;7;16;2205;2;2;1;1;7;14;29, GENERAL DE GAULLE (R;M;4627340;567447;10
201400002088;14;9;21;1425;1;2;3;1;3;283;147, FERRY (JULES);;;;10
201400002089;14;11;1;405;5;2;3;9;3;283;5, CLEMENCEAU (RUE G. DU;;;;10
201400002090;14;7;16;2000;1;1;2;1;3;204;;M;4793900;69900;720
201400002091;14;7;27;1445;1;1;1;1;3;373;;M;4804500;77800;720
201400002092;14;7;30;1915;1;1;2;1;1;158;;M;4804100;68400;720
201400002093;14;11;5;900;1;2;1;7;1;42;rue de la petite charmoi;M;0;0;720
201400002094;14;1;4;1700;2;1;6;8;7;386;;M;0;0;720
201400002095;14;1;22;1545;1;2;1;2;6;90;;M;0;0;720
201400002096;14;3;15;1645;1;1;1;1;2;90;;M;0;0;720
201400002097;14;4;18;1630;1;1;1;1;3;300;;M;0;0;720
201400002098;14;5;3;2030;1;1;1;1;6;386;;M;0;0;720
201400002099;14;6;19;730;1;2;1;1;6;90;25 avenue de VERDUN;M;0;0;720
201400002100;14;6;16;2115;2;1;1;1;6;358;;M;4805000;52600;720
201400002101;14;7;27;2245;3;2;1;2;2;54;14 RUE LOUIS ARAGON;M;4803900;34300;720
201400002102;14;8;8;1230;1;1;1;2;3;300;;M;4803900;40700;720
201400002103;14;8;10;2245;3;1;1;1;5;7;;M;0;0;720
201400002104;14;9;8;1200;1;1;1;1;7;358;;M;4803400;50000;720
201400002105;14;12;17;930;1;1;1;8;5;386;;M;4800700;25300;720
201400002106;14;12;24;2115;3;1;6;1;3;90;;M;0;0;720
201400002107;14;4;14;715;1;1;2;1;3;301;;M;0;0;720
201400002108;14;6;10;1400;1;1;1;1;5;329;;M;0;0;720
201400002109;14;6;27;530;2;1;1;1;1;329;;M;0;0;720
201400002110;14;7;9;1700;1;2;1;1;7;359;17 rue Saint Roch;M;0;0;720
201400002111;14;7;10;1400;1;1;1;1;1;310;;M;0;0;720
201400002112;14;7;20;1130;1;2;1;1;6;147;le bourg;M;0;0;720
201400002113;14;1;9;1915;5;1;1;1;3;253;;M;4790400;5700;720
201400002114;14;1;22;1145;1;1;1;1;1;381;;M;0;0;720
201400002115;14;5;12;1715;1;1;1;1;2;253;;M;4792400;8300;720
201400002116;14;5;14;1230;1;1;1;1;1;381;;M;4792400;8300;720
201400002117;14;5;22;1045;1;1;1;1;3;230;;M;0;0;720
201400002118;14;6;11;1200;1;1;1;1;1;381;;M;4793700;9000;720
201400002119;14;6;21;1200;1;2;1;1;7;344;RUE d'arnage;M;4791578;15679;720
201400002120;14;8;1;1230;1;1;2;1;5;344;;M;0;0;720
201400002121;14;8;22;1045;1;1;1;1;1;113;;M;0;0;720
201400002122;14;10;15;2300;3;1;1;1;7;75;;M;4792600;-4400;720
201400002123;14;10;21;1415;1;1;1;1;3;96;;M;4802600;3600;720
201400002124;14;10;24;2145;3;1;1;1;6;278;;M;0;0;720
201400002125;14;10;25;1930;3;1;1;5;5;146;;M;4787000;11500;720
201400002126;14;10;30;1145;1;1;1;1;3;168;;M;0;0;720
201400002127;14;11;5;1630;1;1;1;1;6;344;;M;4794500;17600;720
201400002128;14;11;14;1930;3;1;1;1;6;381;;M;4793300;6700;720
201400002129;14;12;21;1030;1;1;1;1;6;344;;M;0;0;720
201400002130;14;1;20;715;2;1;1;5;5;110;;M;4775300;-15300;720
201400002131;14;1;21;1530;1;1;1;1;1;110;;M;4774900;-14500;720
201400002132;14;1;29;1915;3;1;1;1;3;154;;M;4770900;-4900;720
201400002133;14;5;12;700;2;1;1;1;3;154;;M;4771200;-4400;720
201400002134;14;5;20;400;2;1;1;1;6;154;;M;0;0;720
201400002135;14;6;28;445;3;1;1;1;6;154;;M;0;0;720
201400002136;14;7;24;1830;1;1;1;1;5;154;;M;4770100;-6500;720
201400002137;14;7;30;1030;1;2;6;1;2;154;rond-point des m?daill?s;M;0;0;720
201400002138;14;9;13;1445;1;2;1;1;7;154;Promenade FOCH;M;0;0;720
201400002139;14;9;30;1000;1;1;1;5;1;154;;M;4771300;-4100;720
201400002140;14;10;25;1230;1;1;1;1;1;110;;M;0;0;720
201400002141;14;11;19;1745;2;1;9;1;3;84;;M;4771700;-2900;720
201400002142;14;8;25;30;3;1;9;1;6;210;;M;0;0;720
201400002143;14;5;9;2215;3;1;1;1;7;68;;M;4773900;55500;720
201400002144;14;6;16;1715;1;1;1;1;1;248;;M;4785600;45900;720
201400002145;14;7;11;1200;1;1;1;1;3;183;;M;0;0;720
201400002146;14;8;21;1230;1;2;1;1;6;143;rue du remblais;M;4786800;47100;720
201400002147;14;10;2;1545;1;1;2;1;3;63;;M;4782300;67900;720
201400002148;14;12;14;1100;1;2;7;1;6;71;05 avenue jean jaur?s;M;4769900;41900;720
201400002149;14;3;8;800;1;1;1;1;6;228;;M;4785700;-20000;720
201400002150;14;4;4;230;3;2;1;1;6;50;avenue de la lib?ration;M;4796800;-23200;720
201400002151;14;5;10;545;2;1;1;8;7;44;;M;0;0;720
201400002152;14;5;9;1530;1;1;1;1;3;59;;M;4793100;-19100;720
201400002153;14;5;9;1230;1;1;1;1;7;44;;M;4778000;-4900;720
201400002154;14;5;7;1445;1;1;1;1;3;239;;M;0;0;720
201400002155;14;5;27;1000;1;1;1;1;6;228;;M;4783200;-15800;720
201400002156;14;5;28;1030;1;1;6;1;7;22;;M;4778000;-21400;720
201400002157;14;7;1;1600;1;1;1;1;1;177;;M;4795100;-3900;720
201400002158;14;7;3;1915;1;1;1;1;1;44;;M;0;0;720
201400002159;14;7;9;2130;1;1;1;1;6;223;;M;0;0;720
201400002160;14;10;10;1930;3;1;1;2;7;239;;M;4792300;-28900;720
201400002161;14;10;23;1530;1;1;1;1;7;163;;M;0;0;720
201400002162;14;1;17;1900;3;1;1;1;2;51;;M;4781800;6300;720
201400002163;14;5;8;2030;2;1;1;1;6;226;;M;4780000;11300;720
201400002164;14;6;13;715;2;1;1;7;3;385;;M;4784900;18600;720
201400002165;14;7;26;1000;1;1;1;1;1;51;;M;4782400;8700;720
201400002166;14;7;30;915;1;2;2;1;3;182;rue principale;M;4775100;13700;720
201400002167;14;8;1;1700;1;1;1;1;6;243;;M;4778700;23200;720
201400002168;14;9;2;1200;1;1;1;1;6;176;;M;4765035;13549;720
201400002169;14;9;20;100;3;1;9;8;6;243;;M;0;0;720
201400002170;14;9;12;1915;1;1;1;1;3;135;;M;4777800;9200;720
201400002171;14;9;24;1215;1;2;6;1;1;191;rond point Ecommoy;M;0;0;720
201400002172;14;9;26;645;5;2;1;5;6;191;17 AVENUE DE L'AUBEPIN;M;4776600;27700;720
201400002173;14;10;18;1900;2;1;1;1;6;252;;M;4778500;16000;720
201400002174;14;10;17;1730;1;1;1;1;6;176;;M;4763300;12400;720
201400002175;14;10;31;2030;5;2;1;1;6;243;RUE DES FONTAINES;M;4775700;19100;720
201400002176;14;11;11;1500;1;1;1;2;6;385;;M;4782000;13200;720
201400002177;14;12;8;1030;1;1;1;4;1;357;LE BOIS DE DOUVREAU;M;0;0;720
201400002178;14;12;19;1745;5;1;1;2;3;176;LIEU DIT LA POINTE;M;4765400;16500;720
201400002179;14;12;19;2000;3;1;1;2;3;182;;M;4775500;13800;720
201400002180;14;1;8;1715;1;2;9;1;2;264;ROUTE DU MANS;M;0;0;720
201400002181;14;1;17;2000;5;2;1;1;6;264;48 RUE DU MANS;M;4783972;-32002;720
201400002182;14;2;18;1900;5;2;1;8;6;264;9 rue aristide briand;M;4783902;-32742;720
201400002183;14;3;24;2100;5;2;1;2;2;264;Avenue Jo?l le theule;M;0;0;720
201400002184;14;4;16;1800;1;2;1;1;5;264;route du mans Pr 10;M;0;0;720
201400002185;14;6;12;1800;1;1;1;1;1;264;;M;0;0;720
201400002186;14;7;1;1415;1;2;1;1;2;264;avenue Charles de Gaulle;M;0;0;720
201400002187;14;7;25;1415;1;2;9;1;6;264;avenue joel LE THEULE;M;4783960;-32566;720
201400002188;14;10;15;1500;1;2;9;1;6;264;Rue L?on Legludic;M;0;0;720
201400002189;14;11;18;1800;3;1;1;8;5;264;;M;0;0;720
201400002190;14;11;23;1815;3;1;1;1;7;244;;M;0;0;720
201400002191;14;12;28;215;5;2;1;1;6;264;avenue Joel LE THEULE;M;0;0;720
201400002192;14;1;2;1700;1;1;1;1;6;316;;M;0;0;720
201400002193;14;1;21;700;5;2;1;1;6;39;62 Avenue de la FORET;M;0;0;720
201400002194;14;3;20;1800;1;2;1;1;3;189;rue de mamers;M;0;0;720
201400002195;14;3;28;1800;1;2;1;1;3;48;rue les floralies;M;0;0;720
201400002196;14;4;10;1900;1;2;1;1;6;180;54 place carnot;M;0;0;720
201400002197;14;5;2;1045;1;2;1;1;6;180;rue du FORT;M;0;0;720
201400002198;14;5;24;1430;1;1;1;1;2;189;;M;0;0;720
201400002199;14;5;24;1545;1;2;1;1;6;39;avennue du 8 mai;M;0;0;720
201400002200;14;5;31;1545;1;1;1;1;6;196;;M;0;0;720
201400002201;14;7;7;1215;1;1;2;1;3;276;;M;0;0;720
201400002202;14;8;18;1315;1;1;1;1;1;102;;M;0;0;720
201400002203;14;9;12;1445;1;1;1;1;1;180;;M;0;0;720
201400002204;14;9;15;1745;1;1;1;1;6;196;;M;0;0;720
201400002205;14;10;1;1900;1;1;1;7;2;180;;M;0;0;720
201400002206;14;11;20;1300;1;2;1;1;3;180;Estournelles de Constant;M;0;0;720
201400002207;14;12;30;1500;1;2;1;1;3;276;;M;0;0;720
201400002208;14;5;15;1230;1;2;1;1;1;39;rue Galllieni;M;0;0;720
201400002209;14;5;19;1715;1;2;1;1;6;132;rue du Pr? Bellard;M;0;0;720
201400002210;14;7;6;230;3;1;1;1;7;122;;M;0;0;720
201400002211;14;8;8;2030;1;1;1;2;6;67;;M;0;0;720
201400002212;14;9;30;1515;1;1;4;1;1;208;;M;0;0;720
201400002213;14;4;18;2045;2;2;1;1;1;337;RD 15 Rue des Forgerons;M;0;0;720
201400002214;14;5;14;1630;1;2;1;1;3;29;avenue division leclerc;M;0;0;720
201400002215;14;5;15;1345;1;1;1;1;5;36;;M;0;0;720
201400002216;14;5;19;1745;1;1;1;1;1;141;;M;0;0;720
201400002217;14;9;23;1445;1;1;1;1;1;273;;M;0;0;720
201400002218;14;11;6;1730;5;2;6;8;7;6;D338;M;0;0;720
201400002219;14;3;27;1645;1;1;2;8;3;131;LES ESSARTS;M;4648832;-120438;850
201400002220;14;5;25;1600;1;1;1;1;1;8;;M;4660849;-144540;850
201400002221;14;6;26;1045;1;1;2;1;3;93;;M;4664707;-123061;850
201400002222;14;6;27;1800;1;1;2;1;3;73;;M;4651473;-115987;850
201400002223;14;7;28;40;3;1;2;2;3;135;;M;4650780;-120015;850
201400002224;14;9;20;1900;1;2;1;1;6;8;PLACE DE L'EGLISE;M;4659594;-145276;850
201400002225;14;9;25;1745;1;1;1;1;2;135;BEL AIR;M;4654529;-124402;850
201400002226;14;2;5;1845;5;2;1;2;6;84;30 RUE DES SABLES;M;4676075;-123526;850
201400002227;14;2;4;1130;1;1;1;3;1;84;LE PLESSIS COSSON;M;4676059;-122293;850
201400002228;14;2;16;815;1;1;1;5;1;165;LA POINTE;M;4680815;-113729;850
201400002229;14;5;9;2315;5;1;1;1;1;81;LES BARROTIERES;M;4674653;-138545;850
201400002230;14;6;11;1245;1;2;3;1;3;84;RUE DE LA PISCINE;M;4677532;-123301;850
201400002231;14;6;11;715;2;1;1;1;3;266;LES HAUTES PAPINIERES;M;4675807;-98614;850
201400002232;14;7;5;230;3;1;1;2;6;165;;M;4679346;-112576;850
201400002233;14;8;2;15;3;1;1;1;6;51;PUYBELLIARD;M;4670941;-102997;850
201400002234;14;9;1;830;1;2;1;1;3;81;15 rue du vieux bourg;M;4673662;-138519;850
201400002235;14;9;19;2300;3;1;1;1;6;232;LES ROCHETTES;M;4671222;-116331;850
201400002236;14;9;28;1615;1;2;1;1;1;51;RUE DE SAINT-HILAIRE;M;4668607;-106799;850
201400002237;14;10;27;800;1;2;1;1;2;89;25 RUE DE LA CROIX ROUGE;M;4671463;-131781;850
201400002238;14;12;5;1400;1;1;2;1;3;232;LES LOGES;M;4668912;-118322;850
201400002239;14;1;21;700;3;1;1;5;3;82;;M;4689951;-93511;850
201400002240;14;4;26;1445;1;1;1;1;1;109;LA REBILLERE;M;4682807;-100217;850
201400002241;14;5;16;1515;1;1;1;1;6;38;;M;4688341;-133196;850
201400002242;14;5;15;1915;1;2;1;1;1;82;ROUTE DE ST MARS LA REOR;M;4687910;-90032;850
201400002243;14;5;24;1845;1;2;1;1;2;301;02 rue du stade;M;4682462;-112085;850
201400002244;14;5;25;1230;1;2;1;1;6;65;3 PLACE DE LA MAIRIE;M;4689304;-125084;850
201400002245;14;7;19;2245;4;1;1;1;6;186;;M;4686343;-126241;850
201400002246;14;8;14;1130;1;1;1;1;1;38;;M;4692060;-132134;850
201400002247;14;8;22;930;1;1;1;7;1;82;;M;4687591;-92957;850
201400002248;14;11;22;930;1;1;1;1;6;109;;M;4686050;-100372;850
201400002249;14;11;30;2300;3;1;1;2;1;301;;M;4683851;-108959;850
201400002250;14;12;6;1625;1;1;1;1;1;109;;M;4682884;-100313;850
201400002251;14;12;10;905;1;1;1;1;1;109;LA REBILLERE;M;4682888;-100316;850