num_acc;an;mois;jour;hrmn;lum;agg;int;atm;col;com;adr;gps;lat;long;dep
201400002252;14;1;24;740;5;2;1;2;6;146;PARKING COLLEGE J. FERRY;M;4696977;-130618;850
201400002253;14;3;13;1500;1;2;1;1;3;25;11 RUE DE L'INDUSTRIE;M;4694984;-119278;850
201400002254;14;4;2;1530;1;2;1;1;1;146;23 RUE JOSEPH GAILLARD;M;4698226;-132232;850
201400002255;14;4;15;1845;1;1;2;1;3;25;;M;4695848;-119289;850
201400002256;14;6;16;1900;1;1;1;1;7;39;;M;4702521;-120369;850
201400002257;14;8;24;1800;1;1;1;1;1;224;;M;4702946;-135162;850
201400002258;14;11;7;1645;2;1;1;1;6;197;LA COUROLIERE;M;4692705;-139523;850
201400002259;14;3;17;1800;1;1;1;1;1;151;;M;4701069;-98255;850
201400002260;14;6;13;2030;1;1;1;1;1;48;;M;4692548;-99086;850
201400002261;14;10;4;1900;1;1;1;3;5;302;LIEGE;M;4695866;-97617;850
201400002262;14;10;6;1730;1;1;9;8;5;151;;M;4698833;-93827;850
201400002263;14;12;31;1500;1;1;1;1;2;155;;M;4670662;-144639;850
201400002264;14;1;6;1915;3;1;2;8;3;129;LE PUY;M;4685693;-149693;850
201400002265;14;2;2;1215;1;2;9;1;6;178;LE MOULIN GUERIN;M;4676658;-149550;850
201400002266;14;4;6;1615;1;1;1;1;3;178;;M;4678343;-153839;850
201400002267;14;4;21;2000;1;1;1;7;1;178;;M;4675210;-146627;850
201400002268;14;5;14;1615;1;1;1;1;3;15;;M;4681326;-146244;850
201400002269;14;6;26;1745;1;1;1;1;6;3;;M;4675079;-165381;850
201400002270;14;6;29;2245;5;2;1;1;6;155;D2;M;4672431;-146555;850
201400002271;14;6;30;2000;1;2;1;1;3;3;6RUE DE L'HOTEL DE VILLE;M;4674232;-161297;850
201400002272;14;7;4;2200;3;1;1;2;6;155;;M;4669975;-149303;850
201400002273;14;7;15;1945;1;1;1;1;6;3;LA BUZENIERE;M;4670337;-166024;850
201400002274;14;8;8;1245;1;1;1;2;1;279;LE GRAND PLI;M;4678176;-142016;850
201400002275;14;8;15;545;3;1;1;1;6;129;;M;4684116;-147178;850
201400002276;14;8;21;1545;1;1;1;1;1;300;;M;4669712;-150003;850
201400002277;14;10;17;15;3;1;1;8;6;155;;M;4669931;-149185;850
201400002278;14;10;25;545;3;2;1;1;6;3;ROUTE DE LA PLANCHE BARB;M;4673611;-162403;850
201400002279;14;10;31;1715;1;1;1;1;3;279;BEL AIR;M;4681215;-143308;850
201400002280;14;11;5;1115;1;2;1;1;6;19;20 R. GEORGES CLEMENCEAU;M;4678223;-143069;850
201400002281;14;1;16;1730;2;1;2;2;3;177;;M;4643549;-92268;850
201400002282;14;2;17;1515;1;2;1;1;3;92;RUE DE CHARZAIS;M;4646920;-77824;850
201400002283;14;4;28;1700;1;1;1;1;1;126;;M;4646793;-84830;850
201400002284;14;9;10;1000;1;2;6;1;2;92;AV DU GENERAL DE GAULLE;M;4646485;-82378;850
201400002285;14;10;27;1500;1;2;1;1;6;92;17 R. LANOUE BRAS DE FER;M;4646786;-80962;850
201400002286;14;11;9;1800;5;2;1;1;6;92;58 RUE RABELAIS;M;4646800;-82058;850
201400002287;14;12;27;1800;2;2;1;1;6;92;RUE THIBAUT CHABOT;M;4646429;-81691;850
201400002288;14;1;18;145;3;1;1;8;1;128;LA MAISON ROUGE;M;4648079;-118291;850
201400002289;14;3;16;1200;1;2;1;1;7;255;75 RUE DU BOURDIGAL;M;4636130;-124922;850
201400002290;14;4;23;1445;1;1;1;2;5;267;;M;4634050;-108300;850
201400002291;14;5;2;400;3;1;1;1;6;128;;M;4647111;-116690;850
201400002292;14;5;4;1845;1;2;6;1;1;128;RD 746;M;4646400;-117186;850
201400002293;14;5;25;1015;1;1;1;1;1;297;;M;4640160;-118604;850
201400002294;14;6;11;1130;1;2;1;1;1;42;8 BIS RUE NATIONALE;M;4638177;-102262;850
201400002295;14;6;16;1730;1;1;1;1;1;216;;M;4644397;-110175;850
201400002296;14;8;25;1515;1;2;1;1;3;128;CHEMIN DES LOGES;M;4645634;-117651;850
201400002297;14;9;13;1600;1;2;1;1;3;128;8 RUE DE L. DE TASSIGNY;M;4645532;-116199;850
201400002298;14;12;15;1700;1;2;1;2;1;128;7 RUE DU CALVAIRE;M;4645773;-116499;850
201400002299;14;4;9;1845;1;1;1;1;3;78;;M;4632103;-73918;850
201400002300;14;4;15;1530;1;1;2;1;3;168;;M;4640625;-67852;850
201400002301;14;9;30;1500;1;1;4;1;1;20;;M;4634646;-63904;850
201400002302;14;10;16;1645;1;1;1;2;3;162;;M;4641547;-69758;850
201400002303;14;10;29;1000;1;1;2;1;3;244;PUY SEC;M;4642718;-77041;850
201400002304;14;1;29;1845;3;1;1;1;3;154;LUXEMBOURG;M;4664261;-83206;850
201400002305;14;2;21;1600;1;1;1;1;1;305;BEL AIR;M;4657019;-79599;850
201400002306;14;3;22;900;1;1;1;8;6;145;;M;4675143;-91555;850
201400002307;14;4;18;1800;1;1;9;1;2;182;LA LOUISIERE;M;4676883;-82775;850
201400002308;14;4;25;2245;3;2;1;1;1;59;AVENUE DU 8 MAI;M;4664501;-73379;850
201400002309;14;5;15;2230;3;1;1;1;1;145;LES QUATRES MOULINS;M;4673032;-93520;850
201400002310;14;7;6;2145;2;1;1;1;5;287;;M;4668927;-91790;850
201400002311;14;7;21;600;2;1;1;1;7;254;BELLE FONTAINE;M;4678976;-76425;850
201400002312;14;10;8;1000;1;1;1;8;6;31;;M;4677721;-94648;850
201400002313;14;11;25;1800;3;1;1;5;1;182;LA GIMBAUDIERE;M;4679932;-85434;850
201400002314;14;1;10;1330;1;1;1;1;7;40;LA BRECHOIRE;M;4663467;-93191;850
201400002315;14;2;23;1130;1;1;1;1;7;235;;M;4658228;-99482;850
201400002316;14;5;8;2000;1;1;1;1;1;205;;M;4655129;-86825;850
201400002317;14;10;11;945;1;1;1;5;1;56;;M;4656093;-96121;850
201400002318;14;1;7;1630;1;1;1;1;2;47;;M;4683485;-183143;850
201400002319;14;1;14;1845;5;2;1;1;6;47;Boulevard de la gare;M;4684367;-187238;850
201400002320;14;1;25;1900;3;1;1;1;3;280;;M;4686032;-190968;850
201400002321;14;3;11;1005;1;2;1;1;6;47;54 BOULEVARD CLEMENCEAU;M;4685135;-188749;850
201400002322;14;5;19;1230;1;2;3;1;3;47;25 Rue de Nantes;M;4684944;-187733;850
201400002323;14;5;27;330;3;2;1;1;6;6;RUE DES CHOUANS;M;4674732;-174176;850
201400002324;14;8;17;930;1;1;1;1;1;6;;M;4673901;-178269;850
201400002325;14;8;18;1645;1;1;1;1;6;47;;M;4682580;-189662;850
201400002326;14;9;7;1100;1;2;1;1;6;169;1 RUE DU PONT CHATERELLE;M;4680444;-162138;850
201400002327;14;9;27;845;1;1;1;1;1;47;LA GUILLOTIERE;M;4685199;-180115;850
201400002328;14;7;15;1730;1;1;1;1;3;113;RUE KER DOUCET;M;4671363;-235458;850
201400002329;14;8;17;1930;1;1;1;1;1;113;RUE DU JARRIT;M;4670416;-234219;850
201400002330;14;3;14;1630;1;1;1;1;2;118;RUE DU MEUNIER;M;4664080;-155236;850
201400002331;14;4;22;1400;1;1;1;1;7;118;;M;4664032;-155623;850
201400002332;14;5;10;745;1;1;1;2;6;161;LA THIBAUDIERE;M;4656090;-151441;850
201400002333;14;5;16;2045;1;1;1;1;1;152;;M;4662089;-166391;850
201400002334;14;5;12;1530;1;2;1;1;6;211;21 RUE DU STADE;M;4660837;-158058;850
201400002335;14;5;24;2245;5;2;1;1;6;16;30 RUE DES SABLES;M;4667540;-161239;850
201400002336;14;7;8;1700;1;1;1;1;3;236;;M;4663570;-170264;850
201400002337;14;7;25;1230;1;1;1;1;2;236;;M;4662953;-169024;850
201400002338;14;8;11;1500;1;1;1;1;6;218;;M;4662611;-165598;850
201400002339;14;9;19;1745;1;1;1;1;2;112;LA BRARDIERE;M;4658106;-179293;850
201400002340;14;9;23;2030;1;1;1;1;3;99;LA ROUILLERE;M;4655558;-156515;850
201400002341;14;10;13;1915;2;2;1;1;3;52;RUE DU G. DE GAULLE;M;4659009;-164787;850
201400002342;14;1;4;330;5;2;1;1;7;163;31 AVENUE JOSEPH PINEAU;M;4700369;-224380;850
201400002343;14;4;26;1630;1;1;1;1;6;11;;M;4691660;-215712;850
201400002344;14;5;3;2215;5;1;1;1;1;163;RUE RICHET;M;4700050;-224759;850
201400002345;14;1;14;1000;1;1;1;1;3;268;L'HORIZON L'AURORE;M;4669434;-185223;850
201400002346;14;1;25;1730;1;2;6;1;3;226;RUE LA PELLE A PORTEAU;M;4670165;-195642;850
201400002347;14;2;18;730;2;2;1;1;1;35;RUE DE LA GITE;M;4663258;-185513;850
201400002348;14;3;15;500;5;2;1;1;6;71;648 RUE DES MARAIS;M;4676666;-184113;850
201400002349;14;3;26;1215;1;2;6;1;3;35;BD CHARLES DE GAULLE;M;4661909;-187150;850
201400002350;14;3;30;600;5;2;1;1;6;88;97 RUE DU CENTRE;M;4672352;-189687;850
201400002351;14;4;5;545;3;1;1;1;6;226;;M;4675550;-194386;850
201400002352;14;4;26;415;3;1;1;2;6;35;LE PEUBLE;M;4663431;-183576;850
201400002353;14;4;25;830;1;2;6;1;3;222;BD GEORGES POMPIDOU;M;4670154;-195052;850
201400002354;14;5;14;1415;1;2;8;1;3;222;110QUAI DE LA REPUBLIQUE;M;4669817;-194737;850
201400002355;14;5;7;2015;2;2;1;1;3;226;AVENUE DE L'ILE DE RIEZ;M;4672059;-194882;850
201400002356;14;5;22;1630;1;2;7;1;1;71;PLACE DE L'EGLISE;M;4676185;-183725;850
201400002357;14;5;28;1615;1;2;1;1;1;100;;M;4667056;-190454;850
201400002358;14;5;30;1700;1;2;6;1;3;243;RUE DU CALVAIRE;M;4659863;-183117;850
201400002359;14;7;25;1230;1;2;1;1;1;222;46 ROUTE DE LA ROCHE/YON;M;4669404;-190652;850
201400002360;14;8;3;645;2;1;6;1;7;35;;M;4663774;-182110;850
201400002361;14;8;5;1500;1;2;6;1;3;88;RUE DU CENTRE;M;4671539;-190705;850
201400002362;14;9;26;1715;1;2;1;1;6;222;10 RUE JEAN CRISTAU;M;4669775;-194838;850
201400002363;14;10;14;750;2;1;1;1;6;88;CHEMIN DU GRAND FIEF;M;4670159;-189552;850
201400002364;14;10;20;1615;1;1;1;1;2;226;;M;4673596;-194850;850
201400002365;14;10;24;1615;1;1;1;1;6;70;LA HAUTE MARINIERE;M;4669669;-172453;850
201400002366;14;12;29;2115;5;2;1;4;1;70;11 RUE PASTEUR;M;4669699;-175836;850
201400002367;14;6;22;1745;1;1;1;1;5;172;LA MULLIERE;M;4681405;-196857;850
201400002368;14;7;5;1030;1;2;6;2;6;221;PLACE DE L'EGLISE;M;4690244;-200074;850
201400002369;14;6;26;45;4;2;1;1;6;234;48 AVENUE VALENTIN;M;4677682;-205230;850
201400002370;14;7;10;1830;1;1;1;1;1;234;;M;4676388;-203135;850
201400002371;14;7;29;1800;1;2;1;1;1;164;;M;4683961;-212522;850
201400002372;14;8;2;1000;1;1;1;2;1;29;LES LAITERIES;M;4699342;-196903;850
201400002373;14;8;2;1420;1;1;1;1;1;172;;M;4682371;-192768;850
201400002374;14;8;7;1215;1;1;1;1;1;18;;M;4693440;-203510;850
201400002375;14;8;8;1400;1;1;1;3;7;29;LES TROIS ORMEAUX;M;4695685;-201484;850
201400002376;14;8;18;1415;1;2;1;1;1;234;103 avenue d'ourouet;M;4678999;-203748;850
201400002377;14;8;22;1745;1;2;1;1;1;234;RUE DE LA PAREE JESUS;M;4679381;-207863;850
201400002378;14;8;27;1900;1;2;7;8;6;234;PLACE DE L'EGLISE;M;4679307;-206170;850
201400002379;14;9;14;30;3;1;1;1;3;284;MASSOTTE;M;4680168;-188107;850
201400002380;14;9;27;1015;1;1;1;1;3;234;LES ROSSIGNOLS;M;4682901;-206138;850
201400002381;14;10;24;1045;1;2;1;1;1;284;29 RUE DU MASSOTE;M;4680102;-189354;850
201400002382;14;12;1;510;3;1;1;1;7;18;LES DOMETTES;M;4689196;-203633;850
201400002383;14;12;15;1320;1;1;1;1;3;18;L'AMPAN;M;4688767;-207493;850
201400002384;14;12;15;1500;1;1;1;1;3;234;ROUTE DU BOTH;M;4680958;-205049;850
201400002385;14;12;17;2345;3;1;1;8;7;172;ROUTE DU MAILLEAU;M;4679718;-199319;850
201400002386;14;12;21;1100;1;2;1;1;6;18;8RUE DE LA CROIX BLANCHE;M;4691577;-204410;850
201400002387;14;1;26;530;4;2;1;1;6;288;1979 RUE DU PORT;M;4644825;-162503;850
201400002388;14;2;1;1915;5;2;1;1;1;4;ROUTE DE LA ROCHE S/ YON;M;4641004;-139799;850
201400002389;14;2;13;1500;1;2;1;2;1;288;RUE DES DAIMS;M;4646399;-161434;850
201400002390;14;2;25;1000;1;1;1;1;6;50;LA PETITE BRETONNIERE;M;4649598;-131759;850
201400002391;14;3;7;2030;3;1;1;1;3;26;LA POTERIE;M;4656747;-147895;850
201400002392;14;4;22;2230;3;1;1;1;2;294;;M;4635909;-142203;850
201400002393;14;4;22;930;1;2;1;1;3;288;19 RUE DES MARAIS;M;4646464;-162260;850
201400002394;14;5;15;1645;1;1;1;1;1;288;;M;4647562;-165404;850
201400002395;14;6;14;830;1;1;1;1;6;77;;M;4645388;-130791;850
201400002396;14;6;26;1930;1;1;1;1;1;114;LA DAVIERE;M;4643380;-157805;850
201400002397;14;7;29;100;4;2;1;1;7;127;RUE D'ANGLES;M;4638712;-146287;850
201400002398;14;10;14;1915;2;1;1;1;5;26;LE POINT DU JOUR;M;4655324;-142918;850
201400002399;14;10;19;930;1;2;1;7;6;288;485 RUE DES MARAIS;M;4646535;-162799;850
201400002400;14;11;21;625;3;1;1;1;6;116;20 RUE DE LA NOZIERE;M;4642899;-138434;850
201400002401;14;12;5;1415;1;1;1;8;6;179;ROUTE DES COUDRES;M;4653339;-151732;850
201400002402;14;12;29;1445;1;1;1;1;3;114;L'ENVOISIERE;M;4644419;-157948;850
201400002403;14;10;9;630;3;1;1;3;1;519;;M;0;0;330
201400002404;14;3;3;1715;1;1;1;4;6;42;;M;0;0;330
201400002405;14;9;27;915;1;2;1;7;5;498;ROUTE DU CAPLANNE;M;0;0;330
201400002406;14;12;24;2015;3;1;1;1;5;498;;M;4457900;-88200;330
201400002407;14;2;7;1215;1;2;1;1;1;555;31 rue Croix d'Hins;M;0;0;330
201400002408;14;3;17;1100;1;2;1;1;6;19;31 all?e de Boissi?res;M;0;0;330
201400002409;14;6;17;1445;1;1;1;1;1;284;;M;0;0;330
201400002410;14;8;17;2315;3;1;1;1;6;51;;M;0;0;330
201400002411;14;8;22;2015;1;2;1;1;6;555;AVENUE D AQUITAINE;M;0;0;330
201400002412;14;10;29;1915;2;1;1;8;2;284;;M;0;0;330
201400002413;14;11;21;1115;5;1;1;1;1;284;;M;0;0;330
201400002414;14;2;27;1215;1;2;1;8;1;56;AVENUE DU XI NOVEMBRE;M;4491400;-62200;330
201400002415;14;3;1;1545;1;2;1;1;3;312;RUE DE SEGUR;M;0;0;330
201400002416;14;6;1;200;5;2;1;1;7;56;83 avenue du 11 novembre;M;0;0;330
201400002417;14;6;20;900;1;1;1;1;3;56;;M;0;0;330
201400002418;14;8;25;1000;2;2;9;1;3;56;rue St Exup?ry;M;0;0;330
201400002419;14;11;17;1845;5;2;1;3;3;56;CD 2 AVENUE DU GENERAL D;M;0;0;330
201400002420;14;4;4;1515;1;2;1;1;3;11;;M;4477800;-113600;330
201400002421;14;4;27;500;5;2;1;1;6;236;AV DU MONUMENT SALIENS;M;0;0;330
201400002422;14;7;26;1145;1;2;1;1;6;236;route du cap ferret;M;0;0;330
201400002423;14;10;14;945;1;2;1;1;3;236;;M;0;0;330
201400002424;14;10;31;1545;1;1;1;1;2;236;;M;0;0;330
201400002425;14;4;18;1800;1;2;1;1;5;422;CD 106;M;0;0;330
201400002426;14;6;6;1800;1;1;1;1;6;273;;M;0;0;330
201400002427;14;7;2;1745;1;1;1;1;5;422;;M;0;0;330
201400002428;14;3;3;1515;1;1;2;3;3;449;;M;0;0;330
201400002429;14;3;7;1115;1;2;1;1;5;449;122 AVENUE MONTAIGNE;M;0;0;330
201400002430;14;4;11;1045;1;1;1;1;3;449;;M;0;0;330
201400002431;14;5;14;1900;1;2;1;1;3;449;2 avenue de berlincan;M;0;0;330
201400002432;14;6;1;1845;1;2;1;1;6;449;Route de Corbiac;M;0;0;330
201400002433;14;6;16;715;1;2;1;1;6;449;AVENUE VOLTAIRE;M;0;0;330
201400002434;14;7;10;1915;1;1;1;1;3;449;;M;0;0;330
201400002435;14;7;24;730;1;2;1;1;3;449;av Anatole France/Linas;M;0;0;330
201400002436;14;8;25;1730;1;2;3;1;3;449;rue Jean Duperier;M;0;0;330
201400002437;14;9;13;400;5;2;6;1;6;449;rue Berlan/rue J.Jaur?s;M;0;0;330
201400002438;14;10;20;1745;1;1;1;1;1;449;;M;0;0;330
201400002439;14;11;12;915;1;2;1;2;2;449;;M;0;0;330
201400002440;14;11;12;730;1;2;6;2;3;449;ROND POINT HASTIGNAN;M;0;0;330
201400002441;14;11;20;2145;3;1;1;1;6;449;;M;0;0;330
201400002442;14;11;27;2330;5;2;1;1;6;449;20 rue du perigord;M;0;0;330
201400002443;14;12;9;1745;2;2;1;1;3;449;34 avenue Descartes;M;0;0;330
201400002444;14;3;6;2045;3;1;1;1;6;101;;M;0;0;330
201400002445;14;3;14;1830;1;1;1;1;1;101;;M;0;0;330
201400002446;14;9;5;745;1;1;2;1;3;100;;M;0;0;330
201400002447;14;11;1;615;3;1;1;1;5;47;;M;0;0;330
201400002448;14;11;8;1700;1;1;2;1;3;280;;M;0;0;330
201400002449;14;2;15;1115;1;2;1;2;6;341;LIEU DIT CASSILLAC;M;4508700;-47900;330
201400002450;14;5;13;715;2;2;1;2;6;132;Route du lavoir;M;0;0;330
201400002451;14;6;14;2345;5;2;2;1;3;341;Lieu dit Gravier RD 137;M;0;0;330
201400002452;14;7;27;1;3;2;1;1;6;182;Lieu dit Marmisson;M;0;0;330
201400002453;14;7;29;1830;1;1;1;1;1;500;;M;0;0;330
201400002454;14;9;4;1830;1;2;1;1;3;67;Chai de portier;M;0;0;330
201400002455;14;10;9;1015;1;1;1;2;1;67;;M;0;0;330
201400002456;14;3;8;1645;1;1;1;1;7;351;;M;0;0;330
201400002457;14;5;3;930;1;1;1;1;3;159;;M;0;0;330
201400002458;14;8;5;1645;1;1;3;1;3;6;;M;0;0;330
201400002459;14;9;8;845;1;2;1;3;3;374;RD137 face champs aubier;M;0;0;330
201400002460;14;1;15;630;5;2;1;2;6;492;G?n?ral De Gaulle;M;0;0;330
201400002461;14;4;30;545;2;1;1;5;6;184;;M;0;0;330
201400002462;14;6;8;1800;1;2;2;1;3;123;lieu dit les Courreaux;M;0;0;330
201400002463;14;7;4;2045;1;1;1;1;3;266;;M;0;0;330
201400002464;14;9;13;1915;1;2;1;1;3;266;MOULIN BORGNE;M;0;0;330
201400002465;14;11;9;1945;5;2;1;1;1;492;45 g?n?ral de GAULLE;M;0;0;330
201400002466;14;12;14;330;5;2;1;1;7;433;route d'Yvrac;M;0;0;330
201400002467;14;1;24;1915;3;1;1;2;1;483;;M;0;0;330
201400002468;14;7;16;45;5;2;1;1;7;397;avenue de l'Europe;M;0;0;330
201400002469;14;1;8;630;3;1;1;1;3;23;;M;4469900;-49700;330
201400002470;14;1;11;1545;1;2;2;1;3;454;lieu dit Peyron;M;0;0;330
201400002471;14;3;2;2100;3;2;1;2;6;213;13 CHEMIN DE LA GIROTTE;M;0;0;330
201400002472;14;4;8;1445;1;2;1;1;3;213;14 RUE CAPDEVILLE;M;0;0;330
201400002473;14;4;25;2245;5;2;1;1;1;213;23 Avenue de la sauque;M;0;0;330
201400002474;14;7;25;1500;1;1;1;1;6;37;;M;0;0;330
201400002475;14;12;22;45;5;2;1;1;2;37;9 RN 113;M;0;0;330
201400002476;14;1;24;1130;1;1;1;2;7;140;;M;0;0;330
201400002477;14;3;15;1530;1;1;1;1;2;505;;M;0;0;330
201400002478;14;4;30;1530;1;1;1;1;7;201;;M;0;0;330
201400002479;14;8;9;1700;1;2;1;1;6;311;AVENUE DU CHENE VERT;M;0;0;330
201400002480;14;8;17;700;2;2;1;1;6;140;AVENUE DE LA CROIX BLANC;M;0;0;330
201400002481;14;8;30;1615;1;2;1;1;6;363;;M;0;0;330
201400002482;14;1;28;1745;2;1;1;2;1;496;;M;0;0;330
201400002483;14;8;29;2130;5;2;1;1;3;165;avenue Entre Deux Mers;M;0;0;330
201400002484;14;10;18;1545;1;2;1;1;7;496;avenue du P?rigord;M;0;0;330
201400002485;14;6;22;630;2;1;1;1;6;274;;M;0;0;330
201400002486;14;7;12;1645;1;2;3;1;3;238;Rue de la Ferme de Riche;M;0;0;330
201400002487;14;8;9;1745;1;1;1;8;1;80;;M;0;0;330
201400002488;14;8;30;1715;1;2;2;1;1;274;ROUTE DE TOUT VENT;M;0;0;330
201400002489;14;9;4;2300;5;2;1;1;1;238;;M;0;0;330
201400002490;14;11;20;1745;2;2;1;1;6;238;28 COURS GAMBETTA;M;0;0;330
201400002491;14;2;9;1715;5;1;6;2;3;337;;M;4455900;-32600;330
201400002492;14;3;5;1215;1;1;1;1;5;30;;M;4462700;-32800;330
201400002493;14;6;2;1630;1;1;1;1;1;205;;M;0;0;330
201400002494;14;8;14;1145;1;1;1;1;3;552;;M;0;0;330
201400002495;14;9;1;1530;1;1;1;1;3;30;;M;0;0;330
201400002496;14;11;26;1700;3;1;1;3;1;253;;M;0;0;330
201400002497;14;7;30;2115;2;1;8;7;1;183;;M;0;0;330
201400002498;14;11;13;2315;3;1;1;1;3;415;;M;0;0;330
201400002499;14;11;19;815;1;1;1;1;1;366;;M;0;0;330
201400002500;14;11;21;1845;3;2;3;1;3;366;;M;0;0;330
201400002501;14;12;18;800;3;1;1;2;1;366;;M;0;0;330
201400002502;14;3;17;2130;3;1;1;1;6;357;;M;0;0;330
201400002503;14;8;12;1300;1;1;6;1;1;435;;M;0;0;330
201400002504;14;12;20;1645;1;2;1;1;1;237;19 BIS ROUTE DE VILAN;M;4450700;-34900;330
201400002505;14;12;29;1830;3;1;6;8;3;435;;M;0;0;330
201400002506;14;3;19;2330;1;2;1;1;6;36;avenue de la lib?ration;M;4441500;-11200;330
201400002507;14;7;25;1600;1;2;1;3;1;36;2 route de langon;M;0;0;330
201400002508;14;8;1;1015;1;2;2;8;6;144;Le bourg;M;0;0;330
201400002509;14;10;26;2015;3;1;2;1;3;36;;M;0;0;330
201400002510;14;4;9;830;1;1;1;1;3;136;;M;0;0;330
201400002511;14;10;2;1845;1;1;1;1;7;316;;M;0;0;330
201400002512;14;1;18;1115;1;1;2;1;3;254;;M;0;0;330
201400002513;14;5;18;2245;5;2;1;1;6;94;Rue Fontaine Vieille;M;4375460;588182;40
201400002514;14;4;30;1800;1;2;1;1;6;352;avenue Jean Jaur?s;M;0;0;330
201400002515;14;5;2;1800;1;2;1;1;6;352;avenue Jean Jaur?s;M;0;0;330
201400002516;14;6;26;700;1;2;9;1;3;352;D9e1;M;0;0;330
201400002517;14;6;29;1700;1;1;1;1;6;50;;M;0;0;330
201400002518;14;10;20;715;3;1;1;5;3;169;;M;0;0;330
201400002519;14;11;23;1145;1;1;2;1;3;72;;M;0;0;330
201400002520;14;12;9;1615;1;1;2;1;3;352;;M;0;0;330
201400002521;14;4;9;945;1;1;1;1;1;536;;M;0;0;330
201400002522;14;9;21;700;2;1;1;1;1;429;;M;0;0;330
201400002523;14;12;22;1515;1;1;1;1;6;310;;M;0;0;330
201400002524;14;3;29;1615;1;1;1;1;7;175;;M;0;0;330
201400002525;14;5;11;1600;1;1;1;1;3;129;;M;0;0;330
201400002526;14;4;30;815;1;1;1;2;3;482;;M;0;0;330
201400002527;14;6;30;2315;3;2;1;1;6;299;1 LEU DIT GAILLOU;M;0;0;330
201400002528;14;8;10;1645;1;2;1;1;1;358;19 RUE DE L'EGLISE;M;0;0;330
201400002529;14;8;29;1645;1;1;1;1;6;131;;M;0;0;330
201400002530;14;9;1;1500;1;2;1;1;6;506;boulevard du 11 novembre;M;0;0;330
201400002531;14;11;22;915;1;1;1;7;1;523;;M;0;0;330
201400002532;14;2;21;1400;1;1;1;7;1;177;;M;0;0;330
201400002533;14;6;12;1930;1;2;1;1;6;240;Rue Maurice REY;M;0;0;330
201400002534;14;6;26;1330;1;1;1;1;3;412;;M;0;0;330
201400002535;14;7;2;1930;1;1;1;1;3;300;;M;0;0;330
201400002536;14;7;15;1415;1;2;1;1;6;493;RUE DE LOMENADE;M;0;0;330
201400002537;14;8;21;815;1;1;2;1;3;134;;M;0;0;330
201400002538;14;8;29;2100;2;2;1;1;6;493;Rue de la Colonne;M;0;0;330
201400002539;14;8;2;1930;1;2;1;1;5;300;2 route d'hourtin;M;0;0;330
201400002540;14;9;20;1745;1;1;1;1;2;128;;M;0;0;330
201400002541;14;9;21;1215;1;1;1;1;2;240;;M;0;0;330
201400002542;14;10;1;845;1;2;1;5;3;128;D 201 Les Trembleaux;M;0;0;330
201400002543;14;10;5;145;3;2;1;2;6;240;CD3e1 chemin C. Luceyran;M;0;0;330
201400002544;14;11;26;1315;1;1;1;1;7;476;;M;0;0;330
201400002545;14;12;20;1000;1;1;1;8;3;177;;M;0;0;330
201400002546;14;1;3;1430;1;1;1;1;5;146;;M;0;0;330
201400002547;14;5;17;1615;2;1;1;1;6;104;;M;0;0;330
201400002548;14;5;29;1115;1;2;1;1;1;220;Route d?partementale D2;M;0;0;330
201400002549;14;9;18;430;3;1;1;8;1;417;;M;0;0;330
201400002550;14;10;19;1915;1;1;1;1;5;417;;M;0;0;330
201400002551;14;11;15;1130;1;2;1;8;7;297;rue de la fontaine;M;0;0;330
201400002552;14;12;10;200;3;1;1;1;6;22;;M;0;0;330
201400002553;14;12;30;1030;1;1;1;1;1;248;;M;0;0;330
201400002554;14;2;14;1945;1;1;1;2;3;322;;M;0;0;330
201400002555;14;5;2;1700;1;1;1;1;3;91;;M;0;0;330
201400002556;14;10;14;1730;1;2;1;1;1;517;route de bessans;M;0;0;330
201400002557;14;11;1;1945;3;1;1;1;7;322;;M;0;0;330
201400002558;14;2;6;1215;1;1;8;1;1;314;;M;0;0;330
201400002559;14;3;22;1030;1;1;9;2;3;314;;M;0;0;330
201400002560;14;8;31;1945;1;1;2;1;3;424;;M;0;0;330
201400002561;14;9;13;1900;1;1;2;1;3;125;;M;0;0;330
201400002562;14;10;17;1545;1;1;2;1;3;395;;M;0;0;330
201400002563;14;10;31;200;3;1;1;1;6;125;;M;0;0;330
201400002564;14;12;8;730;2;1;1;8;1;545;;M;0;0;330
201400002565;14;2;22;1100;1;2;1;1;3;514;route de bordeaux;M;0;0;330
201400002566;14;6;28;1830;1;1;1;1;1;193;;M;0;0;330
201400002567;14;9;17;1330;1;2;1;1;3;514;rue de l'H?tel de Ville;M;0;0;330
201400002568;14;10;5;900;1;1;1;1;7;540;;M;0;0;330
201400002569;14;1;17;1730;1;1;2;1;3;328;;M;0;0;330
201400002570;14;2;17;1845;2;2;1;1;1;243;;M;0;0;330
201400002571;14;4;10;1445;1;2;1;1;6;243;117 route de st ?milion;M;0;0;330
201400002572;14;9;10;2315;4;2;1;1;1;243;78 route de St Emilion;M;0;0;330
201400002573;14;9;12;1745;1;2;1;1;6;243;10 av Mar?chal Foch;M;0;0;330