num_acc;an;mois;jour;hrmn;lum;agg;int;atm;col;com;adr;gps;lat;long;dep
201400002574;14;9;26;30;3;1;1;1;2;222;;M;0;0;330
201400002575;14;10;17;1115;1;1;3;1;3;15;;M;0;0;330
201400002576;14;5;24;430;5;1;1;1;6;460;;M;0;0;330
201400002577;14;7;15;830;1;1;1;1;2;460;;M;0;0;330
201400002578;14;10;15;730;2;1;1;2;6;350;;M;0;0;330
201400002579;14;12;13;745;2;1;1;1;6;194;;M;0;0;330
201400002580;14;12;22;2245;3;1;1;5;6;296;;M;0;0;330
201400002581;14;1;7;730;5;2;1;2;6;108;0, place Pierre Orus;M;0;0;330
201400002582;14;1;28;1845;5;2;1;3;2;437;AVENUE DU STADE;M;0;0;330
201400002583;14;5;30;1430;1;1;1;1;1;546;;M;0;0;330
201400002584;14;6;10;1730;1;1;1;1;1;14;;M;0;0;330
201400002585;14;6;27;1415;1;1;1;1;1;394;;M;0;0;330
201400002586;14;2;8;1845;5;2;1;3;6;478;88 RUE DE LA R2PUBLIQUE;M;0;0;330
201400002587;14;2;24;1700;1;1;1;1;1;385;;M;0;0;330
201400002588;14;10;22;2115;5;1;1;1;1;191;;M;0;0;330
201400002589;14;11;23;1900;5;1;1;1;3;154;;M;0;0;330
201400002590;14;11;30;1630;1;1;1;1;6;385;;M;0;0;330
201400002591;14;1;24;2145;5;1;2;2;3;393;;M;0;0;330
201400002592;14;2;3;1445;1;1;1;8;1;387;;M;0;0;330
201400002593;14;6;28;1630;1;1;1;2;3;218;;M;4507700;-15200;330
201400002594;14;11;21;1915;5;2;6;1;6;393;Av du G?n?ral de Gaulle;M;0;0;330
201400002595;14;1;18;2330;3;1;1;1;6;378;;M;0;0;330
201400002596;14;3;1;200;3;2;1;8;7;324;61 rue Jean Moulin;M;0;0;330
201400002597;14;10;28;1215;1;2;1;1;1;324;RD 936;M;0;0;330
201400002598;14;12;27;1115;1;1;1;1;6;462;;M;0;0;330
201400002599;14;2;12;1045;1;1;1;1;3;179;;M;0;0;330
201400002600;14;4;17;745;1;1;1;1;2;414;;M;0;0;330
201400002601;14;5;23;1015;1;1;1;1;7;317;;M;0;0;330
201400002602;14;6;20;1400;1;1;1;1;1;179;;M;0;0;330
201400002603;14;7;2;1715;1;1;1;1;3;219;;M;0;0;330
201400002604;14;8;25;1030;1;1;1;1;7;548;;M;0;0;330
201400002605;14;10;18;1745;1;1;1;1;1;317;;M;0;0;330
201400002606;14;1;20;1100;1;2;9;1;6;571;parking intermarche D08;M;0;0;240
201400002607;14;3;13;715;3;1;1;1;6;26;LA RICHARDIE;M;4518350;86564;240
201400002608;14;5;13;1530;1;1;2;1;3;92;MONTFERRIER;M;4498940;81501;240
201400002609;14;6;8;700;1;1;1;1;7;156;LES VERSANNES;M;4508200;86235;240
201400002610;14;6;24;1400;1;2;2;1;3;26;FONT D'UZERCHE;M;4519520;80867;240
201400002611;14;6;24;1830;1;1;2;1;3;92;;M;4498940;81501;240
201400002612;14;8;22;900;1;1;1;1;6;160;;M;4508200;73326;240
201400002613;14;5;27;1700;1;1;2;8;3;64;;M;4536920;63866;240
201400002614;14;6;6;1800;1;1;1;1;1;111;SAINTE MARIE DES BOIS;M;4543860;66060;240
201400002615;14;7;31;1145;1;1;3;1;5;42;D939/D106;M;4530440;66330;240
201400002616;14;9;24;1145;1;1;1;1;6;579;;M;4543268;48679;240
201400002617;14;10;19;2200;3;1;1;1;6;111;BELLEVUE;M;4543860;66060;240
201400002618;14;12;3;1430;1;1;1;1;7;474;CHARTEAU;M;4540290;65659;240
201400002619;14;1;4;2300;3;1;1;1;7;108;;M;4520770;60730;240
201400002620;14;2;23;1745;1;1;1;1;6;350;ROUTE DE R?RIGUEUX;M;4517080;60706;240
201400002621;14;3;20;1645;1;2;1;1;3;372;LA BORIE;M;4514810;53464;240
201400002622;14;6;4;830;1;1;1;3;6;266;LES BRANDES;M;4523630;53803;240
201400002623;14;7;10;1645;1;1;1;1;1;372;FONTANEAU;M;4513600;48803;240
201400002624;14;7;19;1330;1;2;1;1;1;236;RUE DU PONT;M;4517270;59239;240
201400002625;14;7;31;1530;1;1;3;1;1;108;LA COUDE;M;4523190;65475;240
201400002626;14;10;25;1715;1;1;1;1;1;442;LA LANDE;M;4510700;50181;240
201400002627;14;11;14;1145;1;1;1;3;1;266;LES PLANCHES;M;4523450;54001;240
201400002628;14;12;17;1730;2;1;2;3;5;372;JEVAH HAUT;M;4514320;55744;240
201400002629;14;1;24;915;1;1;1;2;3;137;CHARDEUIL;M;4530150;95713;240
201400002630;14;3;1;645;2;1;3;1;3;210;;M;4523730;112632;240
201400002631;14;3;9;1945;3;1;3;1;3;135;LE CHARETIER;M;4523540;78514;240
201400002632;14;7;18;1030;1;1;3;1;1;11;LAURIERE;M;4522370;86243;240
201400002633;14;8;10;930;1;1;1;1;7;270;CHENEVRIERE;M;4512250;94849;240
201400002634;14;10;17;2145;3;1;1;1;6;11;CHAUVEYROU;M;4524540;82221;240
201400002635;14;11;14;2045;3;1;1;3;7;401;GREZEN;M;4523780;101217;240
201400002636;14;11;20;1730;2;2;1;1;6;448;;M;4532600;103241;240
201400002637;14;12;12;1630;1;1;1;1;1;19;LA FONDELNAUD;M;4517170;107312;240
201400002638;14;1;16;615;3;1;1;8;3;41;Tournebride;M;4708300;-157200;440
201400002639;14;1;9;845;1;1;3;1;3;340;SIVADAT;M;4485580;47803;240
201400002640;14;1;15;730;3;1;2;8;3;234;LE TILLER;M;4496010;40947;240
201400002641;14;1;17;1445;1;1;1;1;6;194;BRAILLAT;M;4483780;31603;240
201400002642;14;3;10;915;1;1;2;1;6;233;LE PAS DE L'EYRAUD;M;4492900;43222;240
201400002643;14;4;8;1700;1;1;1;1;6;211;LA VIGNE DE PEILLOU;M;4503460;45908;240
201400002644;14;5;16;1100;1;1;1;1;3;77;;M;4494380;57002;240
201400002645;14;7;16;1645;1;1;3;1;3;222;D32/D4E2;M;4485470;37062;240
201400002646;14;8;9;800;1;1;1;1;3;340;ROUTE DES COMBES;M;4486780;40151;240
201400002647;14;2;8;1945;3;1;1;2;1;28;FALGUEYRET;M;4475040;77495;240
201400002648;14;6;7;1145;1;1;1;1;7;560;la salvagie;M;4479880;94689;240
201400002649;14;3;6;500;5;1;1;1;6;382;;M;4484440;64379;240
201400002650;14;10;26;1215;1;2;1;1;6;167;33 BOULEVARD NATIONAL;M;4466730;39888;240
201400002651;14;1;10;600;3;1;1;5;7;494;LE POTEAU DE GIAUD;M;4495600;14229;240
201400002652;14;4;2;330;3;1;1;1;7;264;LES CABANAUDS;M;4498760;8566;240
201400002653;14;4;28;1330;1;2;9;1;3;370;CHEMIN DES NOVETTES;M;4484430;16204;240
201400002654;14;8;9;1515;1;1;1;3;3;292;LE VALLADOUX;M;4488880;8082;240
201400002655;14;10;17;1245;1;1;1;1;1;461;;M;4493660;18253;240
201400002656;14;10;18;1615;1;1;9;1;2;297;;M;4501130;6537;240
201400002657;14;11;14;1515;1;1;1;2;3;189;LE LARDOT;M;4486980;18571;240
201400002658;14;2;12;715;2;1;1;9;1;71;;M;4563090;60571;240
201400002659;14;2;26;730;1;1;1;1;1;451;;M;4550920;65291;240
201400002660;14;8;5;1430;1;1;1;1;7;56;PAS BROUILLET;M;4556130;64358;240
201400002661;14;9;17;1800;1;1;1;1;1;498;VAURES;M;4555180;87518;240
201400002662;14;12;23;1400;1;2;1;1;6;311;PLACE AGARD;M;4552900;66221;240
201400002663;14;1;25;900;1;1;1;2;6;452;MOULIN DU CHAPT;M;4535880;34923;240
201400002664;14;2;2;830;1;1;1;9;3;38;LA CHAPELLE SICAIRE;M;4529670;35743;240
201400002665;14;2;27;1545;1;1;1;1;6;460;LA PLAINE DES SPORTS;M;4524790;41234;240
201400002666;14;3;19;1630;1;1;2;1;3;564;NOTRE DAME DES CHAMPS;M;4522390;28982;240
201400002667;14;3;29;1430;1;2;4;1;1;371;LE BOURG;M;4518590;49523;240
201400002668;14;6;11;730;1;1;4;1;3;154;LES PEYRONNIES;M;4524720;45945;240
201400002669;14;6;21;900;1;2;1;1;1;154;LE BOURG;M;4524930;42855;240
201400002670;14;7;12;2300;3;1;2;1;3;114;D5/D43;M;4523150;26324;240
201400002671;14;8;24;1315;1;1;1;1;1;553;BONAS;M;4526760;51903;240
201400002672;14;10;1;1215;1;1;9;1;1;482;CHEZ RIGANAUD;M;4531220;27286;240
201400002673;14;11;10;1330;1;1;1;1;1;508;LE BOURG;M;4526130;43662;240
201400002674;14;12;12;100;3;1;1;1;6;119;;M;4537170;37649;240
201400002675;14;2;18;815;1;1;1;1;6;309;LE COMBALOU;M;4508900;48388;240
201400002676;14;2;20;1715;1;1;1;1;6;294;JARAUTY;M;4499030;16085;240
201400002677;14;4;26;1600;1;1;3;3;3;299;;M;4503830;36957;240
201400002678;14;8;16;945;1;1;4;1;3;444;D3/D3E10;M;4505880;38114;240
201400002679;14;8;22;700;2;1;1;1;6;264;PLAISANCE;M;4501280;8347;240
201400002680;14;9;10;1930;1;1;1;7;7;294;BOUFFETIAS;M;4503700;20363;240
201400002681;14;11;23;1200;1;2;1;1;7;329;RUE DE COLY;M;4501380;7704;240
201400002682;14;1;17;1945;3;2;1;1;6;376;RUE DU GENERAL LECLERC;M;4520470;14022;240
201400002683;14;7;2;1915;1;1;1;1;7;376;VIRAGE DE L'HOMME MORT;M;4517640;11366;240
201400002684;14;7;31;1530;1;1;3;1;2;354;BELLE FONT;M;4513900;-270;240
201400002685;14;8;13;1415;1;1;1;1;3;354;;M;4515780;309;240
201400002686;14;1;8;1530;1;2;1;1;6;341;LE PECH ETERNEL;M;4489420;123337;240
201400002687;14;5;8;1715;1;2;4;1;3;366;ROUTE DE L'HOSTELLERIE;M;4489540;118452;240
201400002688;14;5;31;1130;1;2;1;1;7;516;AVENUE DE LA DORDOGNE;M;4497280;132153;240
201400002689;14;7;20;1745;1;1;1;2;1;82;;M;4484080;127521;240
201400002690;14;9;5;1715;1;1;1;1;7;74;PECH D'ESTEVE;M;4484440;133504;240
201400002691;14;9;11;1800;1;1;1;1;6;520;AVENUE DE LA DORDOGNE;M;4487650;121335;240
201400002692;14;10;27;1545;1;1;2;7;1;471;LESPINASSE;M;4490760;126347;240
201400002693;14;11;17;1615;2;1;1;2;6;366;BOIS DU PUYMARTIN;M;4491240;114887;240
201400002694;14;5;19;1115;1;2;1;1;3;547;AVENUE VICTOR HUGO;M;4513020;129645;240
201400002695;14;3;6;1230;1;2;1;1;6;360;FONGAUFFIER;M;4478940;101155;240
201400002696;14;4;11;1645;1;1;2;1;3;91;ROUTE DE BACCAS;M;4478460;120597;240
201400002697;14;4;14;1215;1;1;1;1;7;232;;M;4462100;104499;240
201400002698;14;5;8;1715;1;1;1;1;5;386;ZONE D'ACTIVITE DE BEZET;M;4463860;105913;240
201400002699;14;5;15;1845;1;2;1;1;6;91;face magasin point vert;M;4481200;130000;240
201400002700;14;6;8;1030;1;1;1;1;1;91;;M;4479760;119163;240
201400002701;14;6;22;1030;1;1;1;1;6;207;;M;4479940;130227;240
201400002702;14;2;6;1645;1;1;1;8;1;67;LA BARDE;M;4492600;92955;240
201400002703;14;5;9;1730;1;1;3;1;4;172;;M;4492630;108072;240
201400002704;14;5;31;1700;1;1;1;1;1;559;LE VIRAGE DE PELOU;M;4496020;104360;240
201400002705;14;7;1;1550;1;1;1;1;3;67;ROUTE DE CAMPAGNE;M;4490520;95090;240
201400002706;14;9;14;800;1;1;1;1;6;67;LE MOULIN DE LADOUCH;M;4492950;92330;240
201400002707;14;9;16;1000;1;1;1;1;7;67;AVENUE DE LA GARE;M;4491242;93583;240
201400002708;14;6;20;1930;1;2;1;1;3;547;AVENUE JULES FERRY;M;4513120;129624;240
201400002709;14;6;25;1500;1;1;1;1;6;130;AVENUE DE COLY;M;4512000;122807;240
201400002710;14;10;11;1915;2;1;3;1;3;291;;M;4508090;116053;240
201400002711;14;2;16;2115;3;1;1;1;6;250;;M;4392447;-43940;400
201400002712;14;4;3;800;2;1;1;3;3;320;;M;4391470;-53612;400
201400002713;14;4;13;2000;1;1;1;1;1;250;;M;4391925;-44965;400
201400002714;14;5;7;715;1;1;1;1;5;250;;M;4392736;-43447;400
201400002715;14;7;22;30;3;1;1;1;6;164;;M;4414241;-28849;400
201400002716;14;8;15;900;1;1;2;1;3;137;;M;4396559;-31499;400
201400002717;14;8;31;630;3;1;1;1;6;234;;M;4399937;-36424;400
201400002718;14;9;5;630;3;1;1;5;1;250;;M;4392664;-43527;400
201400002719;14;10;9;2300;3;1;1;3;7;62;;M;4391585;-58042;400
201400002720;14;11;8;915;1;2;6;1;6;245;place gambetta;M;4403415;-32169;400
201400002721;14;3;7;1215;1;1;1;1;6;180;;M;4385935;-71807;400
201400002722;14;9;24;1530;1;1;1;1;3;309;;M;4377635;-74149;400
201400002723;14;10;4;2000;5;2;1;1;6;313;Cours saint jacques;M;4383206;-80694;400
201400002724;14;11;1;1115;1;1;1;1;1;313;;M;4382804;-83067;400
201400002725;14;11;12;300;4;1;6;1;6;243;;M;4390562;-90444;400
201400002726;14;12;9;900;1;1;8;7;1;230;;M;4382336;-96816;400
201400002727;14;1;19;2200;5;2;1;2;6;283;ROUTE DU MARENSIN;M;4375219;-100788;400
201400002728;14;3;16;245;3;2;1;1;6;202;route du bois;M;4368564;-101923;400
201400002729;14;5;17;1915;1;2;1;1;2;202;route des pyrenees;M;4369369;-101197;400
201400002730;14;5;17;1830;1;1;1;1;1;277;;M;4367346;-103531;400
201400002731;14;6;15;1245;1;1;1;1;6;88;;M;4378326;-111163;400
201400002732;14;6;26;545;2;1;1;1;5;123;;M;4383351;-110246;400
201400002733;14;7;14;1100;1;2;1;1;3;294;Avenue de la Republique;M;4367349;-99114;400
201400002734;14;12;2;1100;1;2;1;1;1;314;route des tucs;M;4367414;-111393;400
201400002735;14;1;1;420;3;1;1;5;6;36;;M;4362138;-138565;400
201400002736;14;3;20;1700;1;2;1;1;6;304;Route des Lacs CD 652;M;4366986;-139218;400
201400002737;14;4;5;500;5;2;1;1;6;65;av du Marechal Leclerc;M;4365149;-143082;400
201400002738;14;5;7;1430;1;1;1;1;7;4;;M;4365785;-135569;400
201400002739;14;8;21;1215;1;1;1;1;3;133;;M;4359571;-142438;400
201400002740;14;10;18;1800;1;2;3;1;3;65;RUE DE LA SAVANE;M;4364919;-144318;400
201400002741;14;6;17;1100;1;2;1;1;2;75;rond point de l'hort;M;4386976;-113304;400
201400002742;14;8;7;1045;1;2;2;1;3;150;469 route du puntaou;M;4387800;-130859;400
201400002743;14;8;13;1345;1;1;1;1;3;157;;M;4399257;-127305;400
201400002744;14;8;14;1145;1;1;1;1;6;75;;M;4384026;-110792;400
201400002745;14;1;29;2015;3;1;1;3;5;249;;M;4371973;-70088;400
201400002746;14;2;7;1000;1;1;2;1;3;89;;M;4368395;-66170;400
201400002747;14;5;9;1515;1;1;1;1;3;126;;M;4370537;-94849;400
201400002748;14;7;6;1815;1;1;1;8;1;236;;M;4370347;-87952;400
201400002749;14;7;25;1230;1;1;1;1;2;69;;M;4359778;-64466;400
201400002750;14;9;27;1700;1;1;2;1;3;126;;M;4370526;-94094;400
201400002751;14;11;12;1500;1;2;1;1;1;228;;M;4361725;-81304;400
201400002752;14;3;9;1515;1;1;1;1;2;231;;M;4356087;-119486;400
201400002753;14;4;2;845;1;2;1;1;6;199;360  ROUTE D'ORTHEZ;M;4358830;-87814;400
201400002754;14;4;9;2130;3;1;1;1;6;233;;M;4361754;-99226;400
201400002755;14;4;16;2245;3;1;1;1;6;306;;M;4353622;-107402;400
201400002756;14;4;25;415;3;1;1;3;6;206;;M;4353095;-110905;400
201400002757;14;5;21;1800;1;2;1;1;6;306;rue darre lavielle;M;4353022;-105481;400
201400002758;14;5;28;1515;1;1;1;2;1;269;;M;4362687;-111212;400
201400002759;14;5;28;1645;1;1;1;2;1;269;;M;4363649;-110466;400
201400002760;14;5;29;515;3;1;1;1;6;183;;M;4366816;-96701;400
201400002761;14;6;1;2330;3;1;1;1;3;183;CD 947 / ROUTE DU MOULIO;M;4363498;-93540;400
201400002762;14;6;10;1745;1;2;1;1;3;233;route de Misson;M;4360045;-98967;400
201400002763;14;6;15;1330;1;1;1;1;1;306;;M;4353695;-107580;400
201400002764;14;6;20;900;1;2;1;7;3;212;;M;4355747;-114598;400
201400002765;14;12;18;800;2;1;1;2;7;186;;M;4358124;-96469;400
201400002766;14;2;22;430;3;1;1;1;6;261;;M;4368219;-124426;400
201400002767;14;8;16;1100;1;2;1;1;6;261;19 route de Dax;M;4368802;-122652;400
201400002768;14;9;19;200;3;1;9;1;6;310;;M;4371787;-134634;400
201400002769;14;10;21;1945;3;1;1;1;3;284;;M;4365359;-131050;400
201400002770;14;10;27;1230;1;2;1;1;3;284;CD810;M;4365655;-131368;400
201400002771;14;10;31;1830;3;1;1;1;6;310;;M;4376953;-139212;400
201400002772;14;2;16;500;3;2;1;1;6;312;RD 810;M;4354789;-146094;400
201400002773;14;2;23;1100;1;1;1;1;3;271;;M;4357128;-120941;400
201400002774;14;3;10;800;1;2;1;7;6;312;;M;4355299;-145799;400
201400002775;14;8;7;715;1;2;1;1;7;312;avenue du 1er mai;M;4353446;-149471;400
201400002776;14;8;22;715;2;2;1;1;6;209;1290 Avenue du 8 Mai 194;M;4355493;-143516;400
201400002777;14;9;3;1800;1;2;1;1;1;312;RUE ELSA TRIOLET;M;4354946;-148803;400
201400002778;14;10;1;730;2;2;1;1;3;312;RD 817;M;4351755;-142743;400
201400002779;14;10;7;1845;1;2;1;1;3;312;boulevard jacques duclos;M;4352990;-146222;400
201400002780;14;10;31;1530;1;2;1;1;5;209;1819 avenue du 11 r;M;4356484;-146581;400
201400002781;14;1;15;1900;5;2;1;1;3;332;30 rue Felix Arnaudin;M;4432804;-95517;400
201400002782;14;3;17;1430;1;2;9;1;3;217;Rue du chateau d'eau;M;4434588;-107076;400
201400002783;14;3;27;830;1;1;1;8;5;46;;M;4419936;-120160;400
201400002784;14;4;18;1745;1;1;3;1;3;46;;M;4442522;-116250;400
201400002785;14;4;30;2045;1;1;1;1;1;46;;M;4442191;-120649;400
201400002786;14;5;26;1440;1;1;1;1;1;46;;M;4443353;-113118;400
201400002787;14;10;22;2030;3;1;1;1;1;46;;M;4442169;-120519;400
201400002788;14;7;20;400;3;2;1;8;6;94;;M;4417443;-104120;400
201400002789;14;9;4;645;2;1;1;5;1;163;;M;4426247;-99227;400
201400002790;14;6;17;2015;1;1;1;1;6;307;;M;4432523;-60501;400
201400002791;14;8;8;1815;1;1;1;8;6;227;;M;4427736;-76517;400
201400002792;14;8;1;1930;1;1;1;1;2;295;;M;4438670;91093;400
201400002793;14;9;19;1345;1;1;1;1;6;227;;M;4426456;-81202;400
201400002794;14;10;16;1745;1;1;3;1;3;307;;M;4430740;-58969;400
201400002795;14;12;15;1815;3;1;1;1;3;319;;M;4426270;-76260;400
201400002796;14;12;19;2100;3;1;2;2;3;227;;M;4429467;-78827;400
201400002797;14;6;12;815;1;1;2;1;3;184;;M;4418070;-117237;400
201400002798;14;8;9;1100;1;1;1;2;1;229;;M;4423739;-109005;400
201400002799;14;8;18;1415;1;1;2;1;3;182;;M;4408796;-115425;400
201400002800;14;12;25;615;5;2;1;1;2;184;Avenue de la plage;M;4421095;-125837;400
201400002801;14;6;27;2330;3;1;1;1;6;282;;M;4374224;-55952;400
201400002802;14;10;4;1715;1;2;1;1;3;188;route d'Hagetmau;M;4361997;-63126;400
201400002803;14;3;22;1140;1;2;1;1;6;1;Avenue de verdun;M;4370086;-26413;400
201400002804;14;6;14;530;2;1;1;1;1;80;;M;4375026;-31606;400
201400002805;14;6;21;730;1;1;1;1;6;275;;M;4380758;-45410;400
201400002806;14;6;24;1630;1;2;7;1;1;25;place Jean Jaures;M;4382195;-41998;400
201400002807;14;10;9;1945;3;2;7;2;6;110;place l'H?tel de ville;M;4364026;-37839;400
201400002808;14;10;20;645;3;1;1;1;3;286;;M;4361843;-45803;400
201400002809;14;10;26;1900;3;1;1;1;6;117;;M;4377220;-42340;400
201400002810;14;11;30;630;3;1;1;1;3;55;;M;4384949;-47822;400
201400002811;14;9;25;1230;1;1;1;1;1;172;;M;4358654;-53574;400
201400002812;14;3;24;1615;1;1;1;2;6;161;;M;4409318;-2007;400
201400002813;14;5;6;1215;1;1;1;1;7;131;;M;4394839;-15209;400
201400002814;14;7;17;2100;1;1;1;1;6;96;;M;4402617;-13520;400
201400002815;14;8;28;1345;1;1;1;1;6;267;;M;4401409;-26646;400
201400002816;14;10;2;1300;1;1;3;1;3;137;;M;4396556;-31494;400
201400002817;14;10;24;1500;1;2;1;7;1;331;chemin de la cote rouge;M;4388184;-31418;400
201400002818;14;1;8;815;1;2;3;1;1;91;PLACE DE LA MAIRIE;M;4416870;57709;470
201400002819;14;1;11;1830;4;2;1;1;1;225;Parking Intermarch?;M;0;0;470
201400002820;14;1;22;800;1;2;3;2;3;40;avenue Des Landes;M;0;0;470
201400002821;14;2;21;2015;3;1;1;2;1;145;;M;0;0;470
201400002822;14;3;2;1430;1;1;1;1;4;69;;M;4422000;60100;470
201400002823;14;4;13;1645;1;1;1;1;1;145;;M;4412790;65955;470
201400002824;14;4;14;1415;1;1;3;1;3;19;;M;4423900;70028;470
201400002825;14;5;7;1445;1;2;1;1;3;69;D107/ROUTE SANS NOM;M;4423460;54786;470
201400002826;14;5;10;1200;1;2;1;1;1;225;38 Rue de Sartre;M;0;0;470
201400002827;14;5;12;1615;1;1;3;1;3;91;;M;4418230;57291;470
201400002828;14;5;23;1600;1;1;1;1;1;100;;M;4423880;63896;470
201400002829;14;5;26;1345;1;1;1;1;1;209;;M;4421750;65709;470
201400002830;14;7;5;930;1;1;1;1;3;91;;M;4416320;57898;470
201400002831;14;10;25;30;3;1;1;1;7;137;;M;4415010;52215;470
201400002832;14;10;28;1845;3;1;3;1;1;145;;M;0;0;470
201400002833;14;3;20;715;2;1;3;1;1;276;;M;0;0;470
201400002834;14;8;7;1000;1;1;1;8;3;154;;M;4425490;54788;470
201400002835;14;10;2;1445;1;1;1;1;1;4;;M;4429880;34266;470
201400002836;14;11;5;1800;5;1;9;1;1;210;;M;0;0;470
201400002837;14;11;22;1745;1;1;1;1;6;4;;M;4430700;34209;470
201400002838;14;8;22;1545;1;1;1;1;7;217;;M;4418900;79346;470
201400002839;14;8;22;1800;1;1;1;1;7;87;;M;4425730;92278;470
201400002840;14;9;5;1515;1;2;6;1;2;51;rond point de siailles;M;4418400;67600;470
201400002841;14;9;14;1330;1;1;1;1;6;273;LIEU-DIT LE ROCAL;M;0;0;470
201400002842;14;10;27;1800;2;1;4;1;3;274;;M;4416150;78214;470
201400002843;14;11;8;1730;2;1;1;1;3;248;;M;4415770;72671;470
201400002844;14;1;4;1700;2;1;2;8;3;157;;M;4451120;20039;470
201400002845;14;1;24;1030;1;1;1;3;1;157;;M;0;0;470
201400002846;14;3;6;1715;1;2;1;1;3;157;boulevard meyniel;M;0;0;470
201400002847;14;3;16;2030;3;1;3;1;7;28;;M;0;0;470
201400002848;14;3;28;1700;1;1;1;1;3;157;;M;0;0;470
201400002849;14;4;5;1130;1;1;2;1;3;157;;M;4450410;15228;470
201400002850;14;4;18;1200;1;2;1;1;6;157;;M;4450210;15662;470
201400002851;14;5;8;1030;1;1;1;1;2;28;;M;0;0;470
201400002852;14;6;4;1400;1;1;1;1;3;24;COTES DU FORGERON;M;4452810;14704;470
201400002853;14;6;6;1530;1;2;1;1;6;157;AVENUE MAR?CHAL JOFFRE;M;4449630;17337;470
201400002854;14;7;6;1115;1;1;1;1;3;157;A.CONDORCET/A.G.BRASSENS;M;4451670;18214;470
201400002855;14;12;10;800;2;2;9;1;3;157;BUZET;M;4452810;15753;470
201400002856;14;12;13;1845;3;1;2;2;3;157;;M;0;0;470
201400002857;14;4;7;1800;1;1;1;1;1;226;;M;0;0;470
201400002858;14;4;18;1030;1;1;2;1;3;168;;M;4460500;34657;470
201400002859;14;1;9;1345;1;1;2;1;3;165;;M;0;0;470
201400002860;14;9;7;900;1;1;1;1;7;68;;M;0;0;470
201400002861;14;10;8;1945;3;1;1;1;2;121;LDT LES GRAVILLONS;M;4435000;10731;470
201400002862;14;12;10;1845;3;1;1;2;3;34;;M;4441100;12600;470
201400002863;14;12;12;1915;3;1;1;1;7;156;LDT LUCMAJOU;M;4449910;8621;470
201400002864;14;1;5;130;3;1;1;2;6;95;;M;0;0;470
201400002865;14;5;8;1100;1;1;1;1;7;112;;M;4441300;38781;470
201400002866;14;5;25;1100;1;1;1;1;6;310;;M;4437350;31874;470
201400002867;14;5;28;1915;1;1;1;1;6;310;AYET;M;4434720;31973;470
201400002868;14;6;9;1130;1;1;3;1;3;316;;M;4442430;34652;470
201400002869;14;6;30;245;3;2;1;1;6;325;PONT DU CANAL;M;4436220;27185;470
201400002870;14;7;22;745;1;1;1;1;6;42;;M;4443870;48304;470
201400002871;14;8;15;1545;1;1;1;1;6;65;;M;4438900;30700;470
201400002872;14;10;19;900;1;1;1;1;6;101;;M;4445500;14981;470
201400002873;14;11;3;1745;2;1;1;2;7;298;;M;4441800;22916;470
201400002874;14;11;4;1000;2;2;3;2;1;310;;M;4440600;32508;470
201400002875;14;11;25;1015;1;1;1;2;7;4;;M;4432130;35155;470
201400002876;14;4;16;1130;1;2;2;1;3;52;"""LA CARDINE""";M;4430750;9423;470
201400002877;14;5;10;1130;1;1;1;1;2;205;;M;0;0;470
201400002878;14;5;13;1630;1;2;1;8;3;85;LE BOURG;M;4416520;15625;470
201400002879;14;11;20;1345;1;1;3;1;3;78;;M;4429030;28486;470
201400002880;14;6;6;1430;1;1;6;1;7;228;;M;4433370;71630;470
201400002881;14;6;9;1515;1;1;1;1;5;280;LIEU-DIT RIGOULI?RES;M;4441500;83423;470
201400002882;14;6;29;700;1;1;1;1;6;280;LIEU-DIT BONGRAT;M;4442160;83195;470
201400002883;14;2;10;900;1;1;1;8;7;299;;M;0;0;470
201400002884;14;3;30;1500;1;1;1;8;7;193;;M;0;0;470
201400002885;14;6;10;1415;1;2;1;1;3;55;RN21;M;4449660;66823;470
201400002886;14;12;15;1545;1;2;1;1;3;57;AVENUE DE L'HIRONDELLE;M;4465190;59057;470
201400002887;14;1;31;1730;1;1;2;8;3;77;;M;4454170;91934;470
201400002888;14;3;6;1700;1;1;2;1;3;106;;M;0;0;470
201400002889;14;5;11;1830;1;1;1;1;6;77;;M;4453030;92976;470
201400002890;14;7;11;1430;1;1;1;2;1;185;;M;4446360;95365;470
201400002891;14;5;10;1015;1;1;1;1;7;252;LDT PORTELY;M;4443120;62252;470