num_acc;an;mois;jour;hrmn;lum;agg;int;atm;col;com;adr;gps;lat;long;dep
201400002892;14;5;10;1345;1;1;1;1;1;81;;M;4436040;59206;470
201400002893;14;6;26;1530;1;1;1;1;1;81;LIEU-DIT LES BOUSIGUES;M;4435700;59800;470
201400002894;14;7;22;2145;3;1;1;1;1;306;LIEU_DIT GAZAT;M;0;0;470
201400002895;14;8;16;630;2;1;1;1;6;306;;M;4439000;54700;470
201400002896;14;3;1;1215;1;1;6;8;3;315;;M;4330100;-41800;640
201400002897;14;3;11;1830;1;1;1;1;7;72;;M;4326400;-47600;640
201400002898;14;5;10;1600;1;1;1;1;7;230;;M;4323200;-38100;640
201400002899;14;5;24;1845;1;1;1;1;3;230;;M;0;0;640
201400002900;14;6;18;1915;1;1;1;1;7;324;;M;4322500;-51200;640
201400002901;14;2;5;2030;4;2;1;1;2;329;CD817/CD613;M;0;0;640
201400002902;14;5;8;2315;3;2;1;1;6;152;CHEMIN DIT PETIT;M;0;0;640
201400002903;14;5;16;1645;1;1;1;1;6;405;;M;0;0;640
201400002904;14;6;13;830;1;1;8;1;6;526;45 avenue LASBORDES;M;4327000;-18900;640
201400002905;14;7;17;1830;1;1;2;7;3;372;;M;0;0;640
201400002906;14;9;1;1645;1;1;1;7;6;405;;M;0;0;640
201400002907;14;12;19;300;3;1;6;2;6;60;;M;0;0;640
201400002908;14;1;9;845;1;1;1;1;6;54;;M;0;0;640
201400002909;14;2;4;730;2;1;1;9;3;191;;M;0;0;640
201400002910;14;4;11;1630;1;2;1;1;6;339;ROUTE DE LOURDES;M;4312800;-20600;640
201400002911;14;5;11;1830;1;1;1;1;3;23;;M;0;0;640
201400002912;14;5;26;1645;1;1;1;1;6;444;;M;0;0;640
201400002913;14;6;6;1500;1;2;1;1;6;101;CD 937;M;0;0;640
201400002914;14;6;12;800;1;1;1;1;6;138;;M;4325100;-25400;640
201400002915;14;6;14;800;1;1;1;1;1;68;;M;4312300;-25500;640
201400002916;14;7;11;1615;1;1;1;1;6;453;;M;4322400;-10300;640
201400002917;14;8;5;1615;1;1;2;1;1;23;;M;4323300;-23700;640
201400002918;14;10;29;1130;1;2;1;1;6;138;ROUTE DE LOURDES;M;0;0;640
201400002919;14;12;5;1745;2;2;1;2;1;191;RUE JOLIOT CURIE;M;4317390;-22983;640
201400002920;14;9;5;1445;1;2;1;1;3;417;place marcadieu;M;4318400;-26400;640
201400002921;14;11;6;930;1;1;1;1;1;389;;M;4341600;-20100;640
201400002922;14;3;1;2000;3;1;1;1;6;455;;M;0;0;640
201400002923;14;5;22;1245;1;1;1;1;1;234;;M;0;0;640
201400002924;14;6;2;1700;1;1;1;1;3;74;;M;4357519;-13943;640
201400002925;14;8;4;1000;1;1;6;2;1;233;;M;4358200;-27800;640
201400002926;14;9;21;130;3;1;6;1;6;233;;M;0;0;640
201400002927;14;11;3;830;2;2;1;7;6;63;48 PL DE LA REPUBLIQUE;M;4353900;-41100;640
201400002928;14;1;28;1345;1;1;1;1;1;304;D261/D312;M;4349500;-142200;640
201400002929;14;2;11;845;1;2;1;1;1;496;CD 22 route des cimes;M;0;0;640
201400002930;14;4;7;1530;1;1;1;1;7;540;;M;0;0;640
201400002931;14;8;25;1945;1;2;1;1;2;102;CD 257;M;0;0;640
201400002932;14;10;20;2100;5;2;1;1;3;496;ROUTE DES CIMES;M;4346800;-144300;640
201400002933;14;11;18;845;1;2;1;1;3;304;CD 261;M;0;0;640
201400002934;14;11;19;745;3;1;3;1;1;496;RD 936;M;4346389;-142211;640
201400002935;14;2;28;930;1;1;1;3;6;94;;M;0;0;640
201400002936;14;3;3;2215;3;1;1;3;6;256;;M;0;0;640
201400002937;14;4;6;1515;1;1;1;1;3;86;;M;0;0;640
201400002938;14;4;20;1230;1;1;1;8;3;256;;M;0;0;640
201400002939;14;4;24;1115;1;1;1;8;7;256;;M;0;0;640
201400002940;14;4;24;1515;1;1;1;1;6;250;;M;0;0;640
201400002941;14;5;11;600;2;2;1;2;6;289;CD 10 ROUTE DE BARDOS;M;0;0;640
201400002942;14;5;11;1430;1;1;1;1;3;147;;M;4345500;-133500;640
201400002943;14;5;27;1830;1;1;1;1;1;134;;M;0;0;640
201400002944;14;6;12;800;1;2;1;1;6;147;;M;4346300;-133600;640
201400002945;14;6;14;930;1;2;1;1;6;256;Rue Dibildos;M;4338800;-131000;640
201400002946;14;7;19;600;2;1;1;1;6;377;;M;0;0;640
201400002947;14;9;13;1730;1;2;1;1;7;256;RD 76 - DOMAINE PASTORAL;M;0;0;640
201400002948;14;9;13;1030;1;2;1;7;7;86;RD 251;M;0;0;640
201400002949;14;9;28;2130;4;2;1;1;7;161;RD 936;M;0;0;640
201400002950;14;10;9;830;1;1;1;2;1;147;;M;0;0;640
201400002951;14;10;9;2140;4;1;5;3;3;161;;M;0;0;640
201400002952;14;11;12;1615;1;1;1;1;1;123;;M;0;0;640
201400002953;14;12;14;800;2;1;1;8;1;256;;M;0;0;640
201400002954;14;4;2;1015;1;1;1;1;3;65;;M;4336600;-163600;640
201400002955;14;6;5;1500;1;1;1;1;6;495;;M;4336900;-159900;640
201400002956;14;7;21;1045;1;1;1;8;1;495;;M;4338100;-159500;640
201400002957;14;8;2;1315;1;1;1;1;6;504;;M;4331500;-154900;640
201400002958;14;9;22;2200;5;1;6;1;3;495;;M;4334800;-152700;640
201400002959;14;9;23;1430;1;1;1;1;1;483;;M;4340600;-159700;640
201400002960;14;10;25;2300;3;1;1;1;7;65;RD 4;M;0;0;640
201400002961;14;12;1;1745;5;2;1;3;6;495;CARREFOUR D3 ARTO LANDA;M;0;0;640
201400002962;14;12;9;1000;1;1;1;9;1;495;;M;4340000;-153000;640
201400002963;14;2;16;1130;1;2;9;1;6;160;PARKING LABORDE;M;0;0;640
201400002964;14;2;23;630;2;1;1;1;1;350;;M;0;0;640
201400002965;14;4;17;1845;1;1;1;1;3;213;;M;0;0;640
201400002966;14;7;20;230;3;2;1;1;6;547;route de Xopolo;M;0;0;640
201400002967;14;8;28;1745;1;1;1;1;4;14;;M;4330200;-150700;640
201400002968;14;9;9;830;1;2;1;1;2;547;RD 932;M;4339700;-145500;640
201400002969;14;9;14;1215;1;1;1;2;1;213;;M;0;0;640
201400002970;14;9;16;2300;3;1;1;2;1;160;;M;0;0;640
201400002971;14;10;14;1815;1;2;1;1;1;547;RD 932   PK 12800;M;4339400;-145300;640
201400002972;14;10;25;1600;1;1;1;1;3;350;;M;4331700;-135000;640
201400002973;14;11;30;1530;1;1;1;2;5;14;;M;0;0;640
201400002974;14;12;3;1815;5;1;1;8;6;160;;M;4336400;-139900;640
201400002975;14;12;5;1630;1;1;1;2;6;213;;M;4333700;-146200;640
201400002976;14;12;6;1300;1;1;1;1;1;527;;M;4332700;-148000;640
201400002977;14;1;8;1800;5;2;1;1;6;371;3 rue du jeu de paume;M;0;0;640
201400002978;14;5;15;900;1;1;1;7;1;424;;M;4318000;-95600;640
201400002979;14;6;30;800;1;1;1;1;1;371;;M;0;0;640
201400002980;14;7;29;1045;1;2;1;1;7;214;;M;4326900;-87900;640
201400002981;14;4;5;1415;1;1;1;1;6;485;;M;0;0;640
201400002982;14;7;7;830;1;1;9;8;1;477;;M;0;0;640
201400002983;14;7;12;1245;1;1;1;2;1;297;;M;4318700;-117200;640
201400002984;14;9;21;1815;1;1;9;1;3;124;;M;4327600;-134600;640
201400002985;14;10;17;230;3;1;1;1;6;124;;M;4329000;-135000;640
201400002986;14;12;23;930;1;2;1;7;6;485;RD 918 ROUTE D'HUART;M;4316800;-123700;640
201400002987;14;12;26;1615;1;1;1;2;6;26;ERRATXUENEA;M;4312850;-129682;640
201400002988;14;3;10;1830;1;1;1;1;6;436;;M;0;0;640
201400002989;14;3;21;1645;1;2;1;1;3;10;;M;0;0;640
201400002990;14;5;26;1715;1;1;1;8;1;368;;M;0;0;640
201400002991;14;6;8;815;1;1;1;1;2;106;;M;4331700;-101000;640
201400002992;14;6;11;1530;1;1;1;1;1;51;;M;4339600;-109800;640
201400002993;14;7;13;530;3;1;1;1;7;362;;M;0;0;640
201400002994;14;9;12;1600;1;1;1;1;7;487;;M;0;0;640
201400002995;14;9;13;900;1;2;1;1;7;10;CD 29 PK 1+950;M;0;0;640
201400002996;14;9;19;930;1;2;1;1;7;493;Avenue de Navarre;M;4332300;-102600;640
201400002997;14;10;22;1600;1;1;1;1;6;319;;M;0;0;640
201400002998;14;10;24;1215;1;1;1;1;3;437;;M;0;0;640
201400002999;14;12;9;1645;2;1;1;1;3;437;;M;0;0;640
201400003000;14;3;4;1730;1;2;1;3;3;422;RUE JACQUES DUFILHO;M;0;0;640
201400003001;14;4;13;1745;1;1;1;1;6;421;;M;0;0;640
201400003002;14;6;19;2245;3;1;1;1;6;224;;M;0;0;640
201400003003;14;6;27;1730;1;2;1;1;3;7;rue du binet;M;4316300;-61700;640
201400003004;14;7;15;1445;1;2;1;1;3;422;boulevard aragon;M;0;0;640
201400003005;14;9;6;2230;5;2;1;1;7;245;rue de l'enfant;M;4320600;-59700;640
201400003006;14;9;12;1015;1;2;1;7;6;422;Place Gambetta;M;0;0;640
201400003007;14;9;27;1600;1;2;1;1;2;422;AV DE LATTRE DE TASSIGNY;M;0;0;640
201400003008;14;10;13;945;1;1;1;1;6;421;;M;0;0;640
201400003009;14;10;25;1500;1;2;1;1;6;422;rue camou;M;0;0;640
201400003010;14;11;8;945;1;2;6;1;3;422;ROND POINT PETILLON;M;4319200;-61100;640
201400003011;14;6;12;830;1;1;1;1;7;310;;M;0;0;640
201400003012;14;10;3;1;3;1;1;1;7;40;;M;4308700;-72400;640
201400003013;14;10;11;1930;5;2;1;1;6;310;place du fronton;M;4311700;-76600;640
201400003014;14;10;20;915;1;1;1;1;7;506;;M;0;0;640
201400003015;14;1;3;1030;1;1;1;2;6;320;;M;0;0;640
201400003016;14;7;18;1530;1;1;1;1;1;204;;M;4296700;-34700;640
201400003017;14;9;9;1700;1;1;1;1;1;522;;M;4316200;-40200;640
201400003018;14;4;29;1345;1;1;9;1;1;443;;M;0;0;640
201400003019;14;5;24;1245;1;1;1;1;1;359;;M;0;0;640
201400003020;14;5;24;615;2;1;1;1;6;443;;M;0;0;640
201400003021;14;7;22;1000;1;1;1;1;7;149;;M;4338900;-73700;640
201400003022;14;10;29;1745;2;2;1;1;2;530;RD 936;M;0;0;640
201400003023;14;1;16;1800;2;1;1;1;6;430;;M;4345600;-79300;640
201400003024;14;5;28;1915;1;2;2;1;3;430;03 AVENUE DE PROVENCE;M;0;0;640
201400003025;14;9;7;1815;1;2;3;1;1;430;Carr Ch ECOLE-LARROQUE;M;0;0;640
201400003026;14;9;12;815;2;1;1;5;2;430;;M;4381600;-36100;640
201400003027;14;12;4;915;1;2;1;5;1;430;RD 817;M;0;0;640
201400003028;14;1;8;1415;1;1;1;1;3;82;;M;4346300;-101400;640
201400003029;14;5;31;1530;1;1;1;1;1;499;;M;0;0;640
201400003030;14;8;26;1415;1;2;1;1;7;461;RD.817;M;0;0;640
201400003031;14;12;26;830;1;1;1;1;3;499;RD 933 ROUTE D'ORTHEZ;M;0;0;640
201400003032;14;1;30;645;3;1;1;1;6;163;;M;0;0;860
201400003033;14;5;11;830;1;1;1;1;7;163;;M;0;0;860
201400003034;14;7;17;945;1;2;1;1;2;115;avenue de paris;M;0;0;860
201400003035;14;7;15;130;3;2;1;1;6;95;;M;0;0;860
201400003036;14;9;10;1145;1;1;2;1;3;222;Rt frouzille / Rt Fontai;M;4665515;41691;860
201400003037;14;10;16;1715;1;1;1;2;5;163;;M;0;0;860
201400003038;14;2;16;1700;1;1;1;1;7;293;;M;0;0;860
201400003039;14;5;9;1715;1;2;1;1;3;293;57 GRAND RUE;M;0;0;860
201400003040;14;8;15;2330;3;1;1;8;2;139;;M;0;0;860
201400003041;14;10;14;1745;1;1;1;1;1;293;le Recloux desenclavemen;M;0;0;860
201400003042;14;9;13;1315;1;1;1;1;7;60;;M;0;0;860
201400003043;14;10;3;1000;1;1;1;1;3;292;;M;4667600;716900;860
201400003044;14;2;12;2215;3;1;1;8;7;284;;M;0;0;860
201400003045;14;3;22;1800;1;1;1;8;6;141;;M;0;0;860
201400003046;14;5;12;1145;1;2;1;1;6;263;12 route d andillé;M;0;0;860
201400003047;14;6;8;1645;1;1;1;1;7;180;;M;0;0;860
201400003048;14;8;11;130;3;1;1;1;6;178;;M;0;0;860
201400003049;14;9;26;1430;1;1;1;1;6;52;;M;0;0;860
201400003050;14;4;2;1030;1;1;1;1;3;294;;M;4662200;15900;860
201400003051;14;4;11;1700;1;1;1;1;7;56;;M;4654900;11800;860
201400003052;14;5;25;1130;1;1;1;1;6;100;;M;4654100;28300;860
201400003053;14;6;20;715;1;2;1;1;1;74;R.D62;M;0;0;860
201400003054;14;7;12;1;3;1;1;1;6;100;;M;4654900;25700;860
201400003055;14;8;17;1300;1;1;2;1;3;294;;M;4658512;11045;860
201400003056;14;10;17;730;3;1;1;8;1;76;;M;4663900;22800;860
201400003057;14;6;8;1800;1;2;1;1;6;19;RD82;M;0;0;860
201400003058;14;11;1;2045;3;2;1;1;1;19;8 rue des marteaux;M;4673207;44185;860
201400003059;14;2;8;2030;3;1;1;3;6;224;;M;0;0;860
201400003060;14;5;1;1215;1;1;1;9;1;280;;M;4695100;53500;860
201400003061;14;5;28;2245;3;1;1;1;2;221;;M;4681900;37800;860
201400003062;14;6;5;1745;1;1;1;1;1;221;LIEU DIT LES SABOUREAX;M;4686600;35900;860
201400003063;14;8;13;1745;1;1;3;1;1;128;;M;4688200;50500;860
201400003064;14;5;22;2045;1;2;1;1;6;137;rue carnot;M;4700903;8388;860
201400003065;14;12;16;1815;3;1;1;1;1;252;;M;4702286;14300;860
201400003066;14;1;10;2115;3;1;1;1;6;298;;M;0;0;860
201400003067;14;3;18;1215;1;1;1;1;2;14;;M;4677700;55000;860
201400003068;14;9;20;1945;2;1;1;3;1;14;;M;4675000;55400;860
201400003069;14;4;21;1500;1;1;1;1;7;93;;M;4695300;22800;860
201400003070;14;6;4;900;1;1;1;2;1;225;;M;0;0;860
201400003071;14;6;5;1115;1;1;2;1;3;161;R.D 127 ET VC DE PLUMIN;M;0;0;860
201400003072;14;6;28;1115;1;1;2;8;3;154;;M;0;0;860
201400003073;14;7;28;1945;1;1;1;1;7;225;;M;4683300;4800;860
201400003074;14;8;2;1015;1;1;1;1;1;75;;M;0;0;860
201400003075;14;9;4;930;1;1;1;1;7;85;;M;4684000;20000;860
201400003076;14;9;6;1830;1;2;2;1;1;85;RD.7;M;0;0;860
201400003077;14;9;15;1130;1;1;1;1;2;75;;M;4682200;17100;860
201400003078;14;10;10;1300;1;2;2;1;3;5;RD40/grand rue, triou;M;4693400;10100;860
201400003079;14;7;26;1145;1;1;1;1;6;140;;M;0;0;860
201400003080;14;9;22;800;1;2;1;1;6;165;rue des fosses gaudrons;M;0;0;860
201400003081;14;12;8;730;2;1;1;5;2;120;;M;0;0;860
201400003082;14;2;21;1515;1;1;1;9;1;126;;M;4649400;78600;860
201400003083;14;4;4;2230;3;1;2;1;3;261;;M;4656400;46300;860
201400003084;14;4;29;1445;1;1;1;3;3;135;;M;0;0;860
201400003085;14;5;16;1745;1;2;1;1;3;226;2 rue du broussa;M;4656200;51000;860
201400003086;14;6;9;2030;1;1;1;8;7;198;LE COURTIOUX;M;4656400;61700;860
201400003087;14;6;15;900;1;2;1;1;6;226;RUE DU JEUNE AVAILLE;M;0;0;860
201400003088;14;11;23;1600;1;1;1;1;7;98;;M;4658100;74300;860
201400003089;14;11;23;1630;1;2;1;1;1;233;"Lieu dit ""La Vergne""";M;0;0;860
201400003090;14;11;29;1515;1;1;1;1;6;28;Chemin de Vaujallais;M;4660700;46700;860
201400003091;14;1;2;2100;3;1;1;1;7;54;;M;0;0;860
201400003092;14;2;22;1830;3;1;1;2;6;295;V.C du Breuil à Neuillet;M;0;0;860
201400003093;14;6;15;745;1;2;1;1;6;231;SAINT MACOUX;M;0;0;860
201400003094;14;6;19;130;5;1;1;1;2;237;;M;0;0;860
201400003095;14;1;25;2200;3;1;1;2;6;203;;M;0;0;860
201400003096;14;8;24;1600;1;1;1;1;7;289;;M;4619600;60700;860
201400003097;14;12;23;1500;1;2;9;7;3;112;route de Thierzat;M;0;0;860
201400003098;14;5;12;1045;1;1;1;1;7;6;;M;0;0;860
201400003099;14;7;20;1330;1;2;1;1;7;6;Rue de la Roche - D33A;M;4654100;85200;860
201400003100;14;9;11;1745;2;2;1;1;7;4;Rue du chateau;M;0;0;860
201400003101;14;10;15;745;1;1;1;1;3;175;;M;4660300;87300;860
201400003102;14;3;20;715;3;1;1;1;6;78;Bois de la Buzinie;M;4570763;17534;160
201400003103;14;4;14;1400;1;1;3;1;3;26;La Croix du Merle;M;4571701;14530;160
201400003104;14;6;11;1800;1;1;2;1;3;232;Camp Americain;M;4569242;30276;160
201400003105;14;7;5;1900;1;1;1;1;6;146;Villars;M;4563167;25196;160
201400003106;14;8;12;715;1;1;1;1;7;78;La Croix d'Argence;M;4572659;18698;160
201400003107;14;9;26;815;1;1;3;7;3;146;Les Petites Chaumes;M;4561209;26335;160
201400003108;14;10;24;1700;1;1;3;1;1;146;Le Picard;M;4560210;29762;160
201400003109;14;11;17;1040;1;2;1;1;6;78;;M;4569322;18989;160
201400003110;14;11;19;1630;1;1;1;1;6;78;Les Montagnes;M;4569042;19122;160
201400003111;14;11;20;1950;3;1;1;1;3;78;Les Montagnes;M;4569229;17973;160
201400003112;14;5;6;730;1;1;1;1;1;119;Le Canton des Vaches;M;4553480;27601;160
201400003113;14;7;24;1700;1;1;2;1;3;143;;M;4550230;19931;160
201400003114;14;10;7;145;3;1;1;3;5;175;Chez Vignaud;M;4554505;-3612;160
201400003115;14;12;3;1600;1;1;1;1;6;120;La Font Toussaint;M;4560004;26621;160
201400003116;14;1;16;1245;1;1;1;1;6;63;La Riviere;M;4533012;2487;160
201400003117;14;2;11;730;2;1;1;2;3;4;P de l'Epaud;M;4543460;14146;160
201400003118;14;5;26;1135;1;2;1;3;1;347;Le Grand Fonteneau;M;4527924;11551;160
201400003119;14;8;15;1630;1;2;1;1;6;20;;M;4526825;17110;160
201400003120;14;8;17;1110;1;2;3;1;3;49;La Fresse;M;4525129;15027;160
201400003121;14;10;13;745;2;1;1;1;1;112;La Grange de Viaud;M;4531168;8909;160
201400003122;14;4;5;1230;1;1;2;1;3;217;La Pointe;M;4565700;-21683;160
201400003123;14;4;11;1630;1;2;1;1;1;151;rue de l'eglise;M;4562768;-31350;160
201400003124;14;8;8;215;5;1;2;1;6;97;Le Mandras;M;4574895;-30259;160
201400003125;14;10;4;1715;1;1;1;8;1;25;Gadebors;M;4539158;-27699;160
201400003126;14;3;6;1445;1;2;1;1;3;153;rue Carnot;M;4567751;-17499;160
201400003127;14;4;2;2145;3;1;1;1;6;312;les Bruns;M;4580222;-3022;160
201400003128;14;4;18;1430;1;1;3;1;3;286;Le Loret;M;4579117;-9862;160
201400003129;14;8;1;1815;1;1;1;1;6;90;Le Pontreau;M;4559812;-1267;160
201400003130;14;8;21;1100;1;1;1;1;6;351;La Bachellerie;M;4564205;-3024;160
201400003131;14;10;2;1745;1;1;2;1;3;343;La Cruzelle;M;4561996;-16159;160
201400003132;14;11;1;2015;3;1;1;1;6;204;Le Passage a Niveau;M;4556757;-9526;160
201400003133;14;2;6;345;3;1;2;2;3;134;Maison neuve;M;4587189;65475;160
201400003134;14;3;2;1030;1;1;1;1;7;100;le Mas de bonnet;M;4594074;64426;160
201400003135;14;3;3;1745;2;1;1;4;7;1;la Piece du Reclous;M;4607004;69563;160
201400003136;14;6;15;1715;1;1;1;1;6;1;;M;4610708;71282;160
201400003137;14;9;25;1430;1;1;2;1;3;100;Le Mas de Bonnet;M;4594075;64485;160
201400003138;14;10;14;1645;1;1;1;1;1;71;Petite Biere;M;4591685;7406;160
201400003139;14;10;29;1300;1;1;1;1;1;100;le Mas;M;4587975;71347;160
201400003140;14;12;16;730;2;1;1;2;6;64;;M;4592675;88743;160
201400003141;14;12;26;1745;2;1;1;1;1;9;;M;4597803;55656;160
201400003142;14;12;30;2215;3;1;1;1;7;131;Le Pas de la Mule;M;4601089;-14606;160
201400003143;14;2;3;1715;1;2;1;2;6;85;12 allee des Marguerites;M;4581715;45185;160
201400003144;14;2;23;2000;5;2;1;1;6;245;le bourg;M;4587861;49984;160
201400003145;14;3;7;1500;1;2;3;7;6;85;rue des 8 mai 44 et 45;M;4582493;45081;160
201400003146;14;4;16;2330;3;1;1;1;6;68;La Rougère;M;4586464;42212;160
201400003147;14;7;7;1930;1;1;1;1;6;192;Chez Banliat;M;4591955;55368;160
201400003148;14;8;3;830;1;1;1;1;6;416;Saint Vincent;M;4580129;46887;160
201400003149;14;8;16;315;3;1;1;1;1;85;Chantebuse;M;4583543;47671;160
201400003150;14;8;24;745;1;1;1;1;6;398;Le Giraudeau;M;4578379;70267;160
201400003151;14;8;27;645;1;2;1;1;6;416;Les Lacs;M;4579782;50288;160
201400003152;14;9;10;1745;1;1;3;1;3;308;Chez Mistou;M;4591077;45332;160
201400003153;14;10;18;1445;1;1;1;1;1;225;Les canolles;M;4575161;55177;160
201400003154;14;12;14;1100;1;1;2;1;3;85;Les Araines;M;4579840;41511;160
201400003155;14;4;27;1745;1;1;1;1;1;400;;M;4599435;21683;160
201400003156;14;5;27;2000;1;1;1;1;6;87;;M;4595482;36371;160
201400003157;14;8;5;430;5;2;2;1;3;292;CHEMIN DES MEUNiers;M;4602104;18882;160
201400003158;14;9;30;1630;1;1;2;1;3;44;La Croix des Charmes;M;4601890;27337;160
201400003159;14;3;3;1045;1;1;1;3;6;390;Les Chegnons;M;4592130;5484;160
201400003160;14;3;29;1115;1;1;2;1;3;390;;M;4594933;6239;160
201400003161;14;5;31;1715;1;1;3;1;5;388;Rochecorail;M;4563238;4025;160
201400003162;14;8;14;1315;1;1;1;2;5;69;;M;4586870;15359;160
201400003163;14;8;30;1000;1;1;3;1;2;33;La Croix Blanche;M;4592630;22492;160
201400003164;14;6;6;1715;1;2;1;1;3;281;route de vitrac;M;4574408;39003;160
201400003165;14;6;9;200;4;1;1;8;6;211;La Couronne;M;4561697;44149;160
201400003166;14;6;12;1615;1;2;2;1;3;223;place de la libert?;M;4566657;49946;160
201400003167;14;7;6;300;3;1;1;2;7;425;Beaumont;M;4575070;43440;160
201400003168;14;1;10;1830;3;1;1;1;3;109;;M;4614725;-104774;170
201400003169;14;2;6;745;2;1;1;2;1;315;;M;4613549;-95961;170
201400003170;14;6;28;1715;1;1;1;3;1;10;;M;4610448;-108894;170
201400003171;14;5;8;45;3;1;1;1;1;466;;M;4621224;-99619;170
201400003172;14;6;30;1400;1;2;6;1;3;466;Rond-Point D109/D112;M;4619326;-96715;170
201400003173;14;7;26;2100;2;2;1;1;6;218;130 rive gauche;M;4631487;-98287;170
201400003174;14;9;23;2100;3;1;1;1;2;218;;M;4628575;-99345;170
201400003175;14;10;9;1115;1;1;1;2;6;322;;M;4626434;-85400;170
201400003176;14;12;10;745;3;1;1;2;5;218;;M;4632351;-99372;170
201400003177;14;12;24;230;3;1;1;5;7;91;;M;4630234;-113194;170
201400003178;14;1;3;1900;3;1;1;1;6;360;;M;4616220;-134714;170
201400003179;14;1;22;1845;3;1;1;2;6;121;;M;4619959;-144015;170
201400003180;14;1;31;730;2;1;1;2;7;121;;M;4620828;-145984;170
201400003181;14;2;12;1645;1;2;2;1;1;360;rue de la croix beaucorp;M;4615200;-131400;170
201400003182;14;2;20;2345;3;1;1;2;1;360;;M;4615397;-129294;170
201400003183;14;3;9;1630;1;1;1;1;1;161;;M;4618247;-131455;170
201400003184;14;4;2;1700;1;1;2;1;3;297;;M;4615276;-128252;170
201400003185;14;4;20;415;3;1;1;1;6;369;;M;4619272;-137496;170
201400003186;14;5;16;1130;1;1;2;1;3;51;;M;4618606;-137131;170
201400003187;14;6;16;2000;1;1;6;1;1;161;;M;4618493;-130864;170
201400003188;14;6;19;1315;1;2;7;1;6;161;Square du 11 novembre;M;4618822;-132604;170
201400003189;14;6;24;245;5;2;1;1;6;286;Route du Fier;M;4623856;-148469;170
201400003190;14;7;23;1730;1;1;1;1;3;19;;M;4622268;-153282;170
201400003191;14;8;19;1245;1;2;1;1;1;297;Avenue des Dunes;M;4615452;-127051;170
201400003192;14;9;11;1130;1;1;3;1;7;51;;M;4618610;-137134;170
201400003193;14;9;14;1015;1;1;1;1;6;121;;M;4620210;-145037;170
201400003194;14;9;20;1515;1;1;3;1;3;369;;M;4620040;-139365;170
201400003195;14;10;28;1045;1;2;6;1;1;369;ROUTE DE LA FLOTTE;M;4619393;-134696;170
201400003196;14;12;13;1400;1;2;2;9;1;51;Route de Saint Martin;M;4619012;-138875;170
201400003197;14;2;4;1715;1;2;1;1;3;197;rue de la garenne;M;4544567;-43919;170
201400003198;14;2;14;1545;1;1;1;1;6;108;;M;4549724;-45046;170
201400003199;14;5;23;1245;1;1;2;3;3;192;;M;4556608;-39741;170
201400003200;14;6;15;945;1;1;1;1;5;197;;M;4544490;-39218;170
201400003201;14;6;21;1845;1;2;1;1;6;197;Rond-point des Thermes;M;4543260;-43223;170
201400003202;14;6;24;2145;1;1;1;1;7;341;;M;0;0;170
201400003203;14;8;16;630;1;1;1;1;3;108;;M;4548607;-44555;170
201400003204;14;9;21;1030;1;1;6;1;3;197;;M;4543786;-45102;170
201400003205;14;10;11;1715;1;1;1;8;6;20;;M;4550242;-33495;170
201400003206;14;11;7;800;1;1;1;2;1;20;;M;4550944;-32849;170
201400003207;14;11;17;1030;2;1;1;1;5;326;;M;4551637;-28212;170
201400003208;14;11;24;1000;2;2;1;1;1;364;5 r Petite Champagne;M;4558158;-36302;170
201400003209;14;11;30;1700;2;1;1;1;1;248;;M;4551373;-74263;170
201400003210;14;12;26;2230;3;1;1;1;6;50;;M;4549902;-62441;170
201400003211;14;1;13;745;2;2;1;2;3;240;;M;4528389;-40351;170
201400003212;14;1;29;1500;1;1;1;1;6;199;;M;4526972;-35225;170
201400003213;14;4;16;1515;1;1;2;7;3;118;;M;4524498;-40660;170
201400003214;14;5;18;430;3;1;1;8;3;243;;M;4523596;-25996;170
201400003215;14;6;21;2230;3;1;1;1;6;282;;M;4532456;-36012;170
201400003216;14;6;26;2200;3;1;1;1;7;38;;M;4518380;-31639;170
201400003217;14;8;2;1815;1;1;1;1;1;231;;M;4536048;-32582;170
201400003218;14;8;15;1000;1;1;1;1;3;81;;M;4531867;-47405;170
201400003219;14;1;26;1930;3;1;1;3;6;55;;M;4520800;-7300;170
201400003220;14;2;9;1145;1;1;1;2;2;365;;M;4523094;-22157;170
201400003221;14;5;30;1015;1;1;1;1;7;260;;M;4524916;-20371;170
201400003222;14;9;13;2115;3;1;1;1;3;110;;M;4519554;-21774;170