num_acc;an;mois;jour;hrmn;lum;agg;int;atm;col;com;adr;gps;lat;long;dep
201400003223;14;4;8;730;2;1;1;1;1;189;;M;4582420;-104880;170
201400003224;14;4;30;1530;1;1;1;1;1;185;;M;4571620;-93261;170
201400003225;14;8;18;2130;2;1;1;1;3;58;;M;4584587;-116274;170
201400003226;14;8;23;200;5;1;1;1;6;219;;M;4579966;-113764;170
201400003227;14;9;12;1745;1;2;3;1;6;219;rue des Aigrettes;M;4582365;-111786;170
201400003228;14;10;7;1100;1;1;3;1;3;351;;M;4582173;-108499;170
201400003229;14;10;31;1830;3;1;1;1;2;219;;M;4582426;-105028;170
201400003230;14;2;2;1900;1;1;1;1;6;323;;M;4604368;-139698;170
201400003231;14;5;4;1700;1;1;1;1;7;83;;M;4580856;-90469;170
201400003232;14;5;14;300;3;1;1;1;6;348;;M;4581875;-96080;170
201400003233;14;6;27;1100;1;1;2;1;3;429;;M;4591211;-98405;170
201400003234;14;9;14;715;1;1;1;1;6;184;;M;4578400;-93600;170
201400003235;14;1;15;2000;5;2;1;2;3;93;avenue d'Antioche;M;4589125;-122217;170
201400003236;14;2;22;1730;1;2;1;1;7;385;RD 734 SAINT GILLES;M;4595041;-132942;170
201400003237;14;4;13;230;3;1;1;1;7;140;;M;4590155;-124663;170
201400003238;14;6;2;745;2;2;1;1;2;140;RD734;M;4591084;-126542;170
201400003239;14;6;3;1130;1;2;6;1;3;140;;M;4591058;-126424;170
201400003240;14;6;13;900;1;2;2;1;3;385;route de saint pierre;M;4592286;-132599;170
201400003241;14;7;22;1845;1;2;2;1;3;486;Avenue de la Mer;M;4601329;-134500;170
201400003242;14;7;25;815;1;1;1;1;1;385;;M;4591815;-131410;170
201400003243;14;8;7;2345;3;2;1;1;1;385;D734;M;4594666;-132388;170
201400003244;14;8;17;2345;5;2;1;1;1;93;;M;4589163;-122333;170
201400003245;14;8;22;1715;1;2;9;1;1;385;avenue de bel air;M;4593932;-131182;170
201400003246;14;12;1;1245;1;2;2;1;3;411;rue benjamin delessert;M;4582330;-121855;170
201400003247;14;1;13;1700;2;2;1;2;6;452;RUE DU COLLEGE;M;4577751;-114606;170
201400003248;14;1;27;930;1;2;1;1;6;452;RUE PIERRE LOTI;M;4577418;-114612;170
201400003249;14;4;7;1845;1;2;1;1;7;155;rue  des plantes du mou;M;4572049;-110878;170
201400003250;14;4;17;2330;3;1;1;1;7;64;;M;4571200;-106200;170
201400003251;14;5;4;1330;1;1;1;1;6;21;;M;4574493;-116320;170
201400003252;14;5;17;2000;1;1;3;1;3;409;;M;4566972;-102964;170
201400003253;14;5;31;1900;1;1;1;1;1;64;;M;4566764;-105505;170
201400003254;14;6;3;1545;1;1;6;1;6;21;;M;4575730;-113967;170
201400003255;14;7;29;300;5;2;1;1;6;64;rue du centre;M;4569092;-105478;170
201400003256;14;8;28;145;3;1;9;1;7;64;;M;4568633;-107508;170
201400003257;14;9;3;1030;1;2;1;1;7;225;D268;M;4573913;-117042;170
201400003258;14;10;19;1600;1;1;1;1;1;247;;M;4569004;-102321;170
201400003259;14;10;16;1430;1;1;6;2;6;452;;M;4578578;-115726;170
201400003260;14;11;9;815;2;1;1;1;2;409;;M;4567176;-100076;170
201400003261;14;11;14;1415;1;1;1;1;1;64;;M;4569891;-105333;170
201400003262;14;12;30;1030;1;2;9;1;6;452;rue du marechal joffre;M;4576400;-114212;170
201400003263;14;1;16;1015;1;2;1;2;7;168;7 rue de l'Olivi?re;M;4599300;-109200;170
201400003264;14;2;3;845;1;1;5;1;3;75;;M;4593496;-86561;170
201400003265;14;3;12;845;1;1;1;1;4;483;;M;4602400;-105200;170
201400003266;14;3;16;1400;1;1;1;1;1;253;;M;4598784;-90393;170
201400003267;14;8;10;2345;3;1;1;1;7;174;;M;4602782;-75758;170
201400003268;14;3;16;1700;1;1;1;1;7;434;;M;4612273;-73709;170
201400003269;14;4;13;1800;1;1;2;1;1;482;;M;4615006;-80961;170
201400003270;14;4;19;1600;1;2;1;1;6;18;6A rue des aub?pines;M;4606725;-88059;170
201400003271;14;6;8;1930;1;1;1;1;5;382;;M;4616332;-70246;170
201400003272;14;6;30;1715;1;1;1;1;3;359;;M;4609481;-72121;170
201400003273;14;7;26;2000;1;1;2;1;3;221;;M;4612687;-58323;170
201400003274;14;7;28;1530;1;1;2;1;1;434;;M;4610700;-76800;170
201400003275;14;7;29;2215;3;1;6;1;3;80;;M;4610363;-83836;170
201400003276;14;9;12;1915;1;1;1;1;1;482;;M;4615295;-77428;170
201400003277;14;9;28;600;3;1;1;1;6;359;;M;4610153;-68195;170
201400003278;14;11;14;645;2;1;1;2;7;57;;M;4617228;-84088;170
201400003279;14;11;22;145;3;1;1;1;7;18;;M;4605568;-90133;170
201400003280;14;12;14;600;3;1;1;1;6;359;;M;4610164;-66564;170
201400003281;14;12;24;2000;3;1;1;2;1;382;;M;4616852;-71507;170
201400003282;14;1;30;500;4;1;1;2;1;45;;M;4587865;-85462;170
201400003283;14;3;6;1200;1;2;1;1;1;164;24 route de Taillebourg;M;4576468;-61831;170
201400003284;14;3;7;845;1;1;1;1;6;86;;M;4575808;-55869;170
201400003285;14;3;8;1415;1;1;1;1;3;143;;M;4578225;-57074;170
201400003286;14;4;4;2045;2;1;2;1;3;330;;M;4576600;-87900;170
201400003287;14;4;18;1815;1;1;1;1;1;387;;M;4580503;-75307;170
201400003288;14;4;20;1100;1;2;1;1;6;86;53 av charles de gaulle;M;4571636;-55362;170
201400003289;14;4;29;1545;1;1;1;8;5;86;;M;4574540;-58103;170
201400003290;14;5;3;2215;3;1;1;1;6;262;;M;4574662;-70572;170
201400003291;14;6;23;1400;1;1;1;1;1;336;;M;4577468;-67280;170
201400003292;14;6;25;700;1;1;2;1;3;336;;M;4579178;-72763;170
201400003293;14;7;16;2330;3;1;1;1;5;387;;M;4582080;-79228;170
201400003294;14;8;19;1530;1;1;2;1;5;191;;M;4565860;-59139;170
201400003295;14;9;6;1645;1;1;1;1;3;336;;M;4578500;-70700;170
201400003296;14;9;10;1745;1;2;2;1;1;30;Route de l'oc?an;M;4574217;-83801;170
201400003297;14;9;15;1730;1;1;2;1;3;330;;M;4575081;-91368;170
201400003298;14;10;5;1945;2;1;2;1;3;262;;M;4574597;-71046;170
201400003299;14;10;9;1745;1;2;1;1;6;284;avenue ren? caill?e;M;4582738;-88515;170
201400003300;14;10;11;215;3;1;1;5;6;86;;M;4572739;-58304;170
201400003301;14;10;21;1100;1;1;1;1;7;86;;M;4572740;-58252;170
201400003302;14;10;31;745;1;1;1;1;2;284;;M;4583085;-90285;170
201400003303;14;11;1;45;4;2;1;1;6;30;CD 728, rotue de l'oc?an;M;4574143;-83455;170
201400003304;14;11;22;1745;5;2;1;1;6;389;ROUTE DE TRIZAY CD 117;M;4583181;-87823;170
201400003305;14;12;12;2145;3;1;4;1;1;30;;M;4574309;-86118;170
201400003306;14;12;22;2300;3;1;4;1;3;164;;M;4577007;-57911;170
201400003307;14;4;3;730;2;1;1;2;6;296;;M;4566341;-75276;170
201400003308;14;6;12;1430;1;1;1;1;6;172;;M;4558288;-67497;170
201400003309;14;6;19;1645;1;1;1;1;3;131;;M;4557863;-81196;170
201400003310;14;7;30;1230;1;1;1;1;1;172;;M;4554895;-69622;170
201400003311;14;9;6;1800;1;1;1;1;6;441;;M;4562062;-65786;170
201400003312;14;11;12;1000;1;1;2;1;3;425;;M;4559490;-88325;170
201400003313;14;11;26;1500;1;1;2;7;3;131;;M;4557921;-79346;170
201400003314;14;2;2;1930;3;1;1;2;7;400;;M;4570066;-52813;170
201400003315;14;4;24;1945;1;1;1;1;7;39;;M;4552716;-55042;170
201400003316;14;8;24;530;3;1;2;1;1;39;;M;4552433;-56205;170
201400003317;14;10;1;1245;1;1;1;1;1;283;;M;4555219;-55632;170
201400003318;14;10;12;1045;1;1;1;1;1;220;;M;4553389;-46159;170
201400003319;14;3;25;645;2;1;1;2;1;307;;M;4568217;-90747;170
201400003320;14;4;16;1545;1;1;1;1;1;228;;M;4563600;-97400;170
201400003321;14;5;25;830;1;1;1;1;5;228;;M;4565910;-94848;170
201400003322;14;6;6;1915;1;2;1;1;5;307;rue du marechal leclerc;M;4569145;-84812;170
201400003323;14;8;9;1600;1;1;2;1;3;307;;M;4570332;-89053;170
201400003324;14;8;16;1845;1;1;1;7;3;228;;M;4563544;-97521;170
201400003325;14;8;31;1045;1;1;2;1;5;307;;M;4569192;-90119;170
201400003326;14;9;3;1215;1;1;1;1;1;232;;M;4564800;-77100;170
201400003327;14;11;23;945;1;1;1;1;7;119;;M;4563644;-86390;170
201400003328;14;12;26;2130;3;1;1;1;6;421;;M;4566068;-91217;170
201400003329;14;1;2;1030;1;1;2;1;3;459;;M;4590878;-42472;170
201400003330;14;1;21;2245;5;2;1;1;6;347;80 AVENUE DE GAULLE;M;4594024;-51271;170
201400003331;14;3;23;1345;1;1;2;2;3;356;;M;4600250;-62981;170
201400003332;14;4;18;1715;1;1;5;1;3;440;;M;4593825;-54540;170
201400003333;14;5;7;1715;1;1;1;1;5;288;;M;4594457;-46902;170
201400003334;14;5;19;730;1;1;1;1;7;22;;M;4588952;-48857;170
201400003335;14;5;19;2045;1;2;3;2;3;347;AVENUE DE ROCHEFORT;M;4593591;-52741;170
201400003336;14;6;3;2345;3;1;1;3;2;292;;M;4596187;-76735;170
201400003337;14;6;17;2015;1;2;1;1;7;347;avenue de Marennes;M;4594515;-53557;170
201400003338;14;8;8;2145;5;1;1;2;3;277;;M;4598213;-52086;170
201400003339;14;8;22;1045;1;1;1;1;6;397;;M;4589166;-68997;170
201400003340;14;8;26;1330;1;1;1;1;1;465;;M;4596297;-56693;170
201400003341;14;9;22;1215;1;1;1;1;2;294;;M;4603658;-62629;170
201400003342;14;10;7;1115;1;1;1;1;6;202;;M;4599603;-59744;170
201400003343;14;10;19;900;1;2;1;7;6;397;avenue de la gare;M;4587673;-67892;170
201400003344;14;11;23;1815;3;1;1;1;1;450;;M;0;0;170
201400003345;14;12;5;2330;3;1;1;1;6;459;;M;4592268;-45507;170
201400003346;14;2;7;2300;3;1;1;1;6;383;;M;4595362;-41197;170
201400003347;14;3;16;1115;1;1;2;1;3;162;;M;4596115;-19011;170
201400003348;14;10;26;1715;1;1;1;7;2;358;;M;4602959;-26400;170
201400003349;14;1;11;1330;1;2;1;1;3;428;Rue de la Grolle;M;4583794;-27198;170
201400003350;14;2;12;1000;1;2;3;1;3;446;;M;4583765;-31120;170
201400003351;14;3;23;1815;1;2;1;8;1;180;rue du ch?teau d'eau;M;4589190;-22092;170
201400003352;14;5;8;1045;1;1;3;1;3;313;;M;4576505;-48302;170
201400003353;14;7;15;1400;1;1;1;7;6;71;;M;4589504;-37895;170
201400003354;14;7;27;115;3;1;1;1;6;313;;M;4577600;-49700;170
201400003355;14;10;11;1700;1;1;1;1;7;224;;M;4584770;-31056;170
201400003356;14;10;16;1830;1;1;2;8;3;23;;M;4585169;-41679;170
201400003357;14;11;5;1830;1;1;1;1;1;314;;M;4575184;-51165;170
201400003358;14;1;18;545;3;1;1;1;3;219;;M;0;0;790
201400003359;14;4;12;2315;3;1;1;1;6;356;;M;0;0;790
201400003360;14;2;23;515;3;1;1;1;6;49;;M;0;0;790
201400003361;14;4;28;745;1;1;1;8;1;49;;M;0;0;790
201400003362;14;5;9;1715;1;1;1;1;5;49;;M;0;0;790
201400003363;14;7;11;2130;2;2;1;8;6;49;7 BD DE LA JOBTIERE;M;0;0;790
201400003364;14;8;15;2030;1;1;1;2;1;49;;M;0;0;790
201400003365;14;9;4;1745;1;2;3;1;3;49;RUE DE NIORT;M;0;0;790
201400003366;14;11;6;1530;1;2;1;8;1;49;48 RUE DE LA CABANE;M;0;0;790
201400003367;14;12;22;1230;1;2;1;1;6;49;13 RUE DES JONCS;M;0;0;790
201400003368;14;3;23;1845;2;2;1;8;6;43;627 RUE D'ANJOU;M;0;0;790
201400003369;14;6;9;1245;1;1;2;1;3;13;;M;0;0;790
201400003370;14;1;30;800;2;1;1;2;5;61;;M;0;0;790
201400003371;14;6;25;1530;1;1;1;7;7;4;;M;0;0;790
201400003372;14;2;17;1530;1;1;3;1;3;230;;M;0;0;790
201400003373;14;7;19;2105;1;2;1;1;1;83;RUE PIERRE BLANCHARD;M;0;0;790
201400003374;14;8;5;1800;1;1;1;1;7;6;;M;0;0;790
201400003375;14;7;5;2115;1;1;2;1;1;19;;M;0;0;790
201400003376;14;1;22;1700;1;1;1;8;1;147;;M;0;0;790
201400003377;14;1;23;1415;2;1;1;2;5;107;;M;0;0;870
201400003378;14;3;31;2130;5;2;1;1;6;152;;M;0;0;870
201400003379;14;5;14;745;1;1;1;8;6;201;;M;0;0;870
201400003380;14;9;4;515;3;1;1;1;6;202;;M;0;0;870
201400003381;14;9;23;1045;1;2;1;1;6;118;1 rue jean lalue;M;0;0;870
201400003382;14;11;5;1145;1;1;1;1;3;1;;M;0;0;870
201400003383;14;11;5;1015;1;2;1;1;3;201;Rue des closes;M;0;0;870
201400003384;14;11;12;600;5;1;1;1;1;107;;M;0;0;870
201400003385;14;12;12;1600;1;1;2;1;3;201;;M;0;0;870
201400003386;14;3;17;15;5;1;1;1;6;2;;M;0;0;870
201400003387;14;4;19;1815;1;1;1;1;1;178;;M;0;0;870
201400003388;14;6;20;600;1;1;1;1;6;178;;M;0;0;870
201400003389;14;9;5;2045;2;2;2;1;1;178;route des bardys;M;0;0;870
201400003390;14;4;4;145;3;1;1;1;6;93;;M;0;0;870
201400003391;14;6;20;1830;1;1;1;1;1;105;;M;0;0;870
201400003392;14;7;19;1500;1;1;1;1;6;40;;M;0;0;870
201400003393;14;11;9;1530;1;2;1;8;6;64;;M;0;0;870
201400003394;14;6;18;1200;1;1;1;1;1;161;;M;0;0;870
201400003395;14;10;3;845;1;2;1;1;1;62;LIEU DIT LES VIGNES;M;0;0;870
201400003396;14;10;24;2100;3;1;1;1;2;70;;M;0;0;870
201400003397;14;3;26;1700;1;1;1;1;1;187;;M;0;0;870
201400003398;14;4;7;1015;1;1;1;1;1;187;;M;0;0;870
201400003399;14;5;15;1115;1;1;1;1;7;77;;M;0;0;870
201400003400;14;7;13;745;2;1;1;8;6;49;;M;0;0;870
201400003401;14;11;1;1615;1;1;1;1;7;96;;M;0;0;870
201400003402;14;2;2;230;3;1;1;1;6;195;;M;0;0;870
201400003403;14;2;24;1445;1;1;1;1;1;28;;M;0;0;870
201400003404;14;4;27;15;3;1;1;1;1;116;;M;0;0;870
201400003405;14;5;30;30;3;1;1;1;1;116;;M;0;0;870
201400003406;14;6;20;1800;1;1;1;1;3;17;;M;0;0;870
201400003407;14;10;8;1200;1;1;1;1;3;12;;M;0;0;870
201400003408;14;6;12;1700;1;1;1;1;1;14;;M;0;0;870
201400003409;14;8;7;1030;1;1;1;3;3;47;;M;0;0;870
201400003410;14;1;17;900;1;1;1;7;7;160;;M;0;0;870
201400003411;14;5;24;630;2;1;1;1;6;160;;M;0;0;870
201400003412;14;6;20;830;1;1;1;1;1;89;;M;0;0;870
201400003413;14;9;18;1045;1;1;1;2;6;89;;M;0;0;870
201400003414;14;10;25;2000;3;1;1;1;6;160;;M;0;0;870
201400003415;14;11;8;1015;1;1;1;1;1;87;;M;0;0;870
201400003416;14;11;21;515;3;1;2;1;3;41;;M;0;0;870
201400003417;14;1;27;1100;2;1;1;1;1;185;;M;0;0;870
201400003418;14;4;18;1530;1;1;1;1;6;110;;M;0;0;870
201400003419;14;5;20;1230;1;2;1;3;5;126;RUE CHARLES DE GAULLE;M;0;0;870
201400003420;14;6;13;1845;1;1;1;1;6;131;;M;0;0;870
201400003421;14;10;6;900;1;1;1;1;1;126;;M;0;0;870
201400003422;14;10;14;915;1;2;1;1;1;154;32 AVENUE HENRI BARBUSSE;M;0;0;870
201400003423;14;11;7;1630;1;2;1;7;6;154;Avenue Sadi carnot;M;0;0;870
201400003424;14;8;13;130;3;1;1;1;6;191;;M;0;0;870
201400003425;14;10;28;845;1;1;1;7;1;162;;M;0;0;870
201400003426;14;3;2;1130;1;1;1;1;1;227;ROUTE DE FAVARS;M;4527310;166561;190
201400003427;14;5;3;1130;1;1;1;1;6;38;;M;4525100;170200;190
201400003428;14;6;6;1900;1;2;1;1;1;146;RUE DE L'HOTEL DE VILLE;M;4531210;177113;190
201400003429;14;8;25;945;1;1;2;1;3;207;LES HUILLERIES;M;4526860;164108;190
201400003430;14;10;14;1630;1;1;3;1;2;146;TINTIGNAC;M;4533410;175694;190
201400003431;14;11;6;2015;3;1;1;1;4;38;LE BOIS DE CHAUMEL;M;4523300;172225;190
201400003432;14;11;9;1730;2;1;1;2;2;41;LES PLAINES;M;4527920;183714;190
201400003433;14;2;23;1845;2;1;3;1;1;215;CARREFOUR D1120 - D41;M;4500450;204908;190
201400003434;14;2;15;2145;5;2;1;1;7;73;16AV DES PAPES LIMOUSINS;M;4539940;204922;190
201400003435;14;8;4;915;1;1;1;1;7;251;CROIX DE LA MISSION;M;4540620;193484;190
201400003436;14;8;29;745;2;1;1;2;7;110;LE MERCIER;M;4528940;222282;190
201400003437;14;9;17;1500;1;1;1;1;7;125;ROUTE DE CHINIAC;M;4528110;204733;190
201400003438;14;5;10;1745;1;1;1;2;7;112;;M;4552600;188800;190
201400003439;14;11;3;1730;1;2;1;1;1;36;ROUTES DES MONEDIERES;M;4558260;172146;190
201400003440;14;1;21;830;1;1;1;5;1;60;puy rogier;M;4548321;163620;190
201400003441;14;2;10;1645;1;1;1;3;6;37;LA CABANE DU RENARD;M;4540180;172037;190
201400003442;14;5;2;1815;1;2;3;8;3;131;SAINT SIMON;M;4556160;165091;190
201400003443;14;6;13;2315;3;1;1;1;3;118;LE FER A CHEVAL;M;4546700;174317;190
201400003444;14;6;25;1545;1;1;1;1;1;269;BALEME;M;4552320;178598;190
201400003445;14;7;5;2315;3;1;2;1;3;255;CHEZ CHARRIERE;M;4537040;172571;190
201400003446;14;7;25;1345;1;1;1;1;7;79;CHAVAGNAC;M;4550140;166720;190
201400003447;14;7;26;645;1;1;1;1;6;248;LA RADE;M;4546110;150874;190
201400003448;14;7;26;1545;1;2;1;1;6;276;PLACE MARIE COLEIN;M;4542250;156326;190
201400003449;14;8;30;915;1;1;1;1;1;100;LES BARRI?RES;M;4532860;160314;190
201400003450;14;8;29;1645;1;1;1;1;1;255;LES ETANGS;M;4537340;169517;190
201400003451;14;8;30;1215;1;1;1;1;3;248;LE GOUMAREIX;M;4546390;148922;190
201400003452;14;11;26;1215;1;1;1;1;3;194;LA CROIX BOURRUE;M;4534870;169818;190
201400003453;14;12;18;1130;1;1;2;2;3;276;PUY MALET;M;4551550;155820;190
201400003454;14;2;19;1545;1;2;1;1;3;229;boulevard de Feletz;M;4514727;146393;190
201400003455;14;2;20;1715;1;1;1;1;3;229;LA ROCHE BASSE;M;4515160;145164;190
201400003456;14;2;21;1145;1;2;1;1;6;107;AV du dr Paul Soufron;M;4512250;141490;190
201400003457;14;3;25;745;1;1;1;1;1;66;rochemouroux;M;4516365;130324;190
201400003458;14;3;23;445;3;1;1;8;6;123;LE GOUR DU DIABLE;M;4516000;159628;190
201400003459;14;5;4;2030;2;1;2;1;3;63;PUYTUDOLE;M;4510010;158465;190
201400003460;14;6;17;1945;1;2;1;1;3;123;27 av de la riante borie;M;0;0;190
201400003461;14;7;11;1330;1;2;1;1;5;229;;M;0;0;190
201400003462;14;7;17;1045;1;1;1;1;6;151;;M;4510500;150300;190
201400003463;14;8;5;1430;1;2;1;1;6;123;PARKING GEANT;M;4516760;156083;190
201400003464;14;9;9;1100;1;1;1;9;5;43;LA GAYE;M;4515150;163545;190
201400003465;14;9;25;1400;1;2;1;1;1;123;Avenue du 15 Aout 1944;M;0;0;190
201400003466;14;3;10;1015;1;1;1;1;1;19;ILE DU CHAMP;M;4498650;182400;190
201400003467;14;7;12;1915;1;2;1;1;6;57;RUE DE LA BARRIERE;M;4506100;165454;190
201400003468;14;10;18;1030;1;2;1;1;6;163;LE BOURG;M;4506320;173783;190
201400003469;14;1;24;945;1;2;1;2;2;278;RUE EDMOND MICHELET;M;4519610;144635;190
201400003470;14;3;5;1545;1;1;1;1;2;5;LA GARENNE;M;4524080;146367;190
201400003471;14;3;16;1445;1;1;2;1;6;246;LA CROIX DE LA FEYRIE;M;4522400;145093;190
201400003472;14;6;21;15;3;1;2;1;3;234;LES PALISSES;M;4531940;157699;190
201400003473;14;7;11;1945;1;1;2;1;1;202;LE MOULIN HAUT;M;4520340;160001;190
201400003474;14;10;18;1545;1;1;3;1;3;274;LE VERGIS;M;4519780;150458;190
201400003475;14;11;1;1215;1;1;1;1;1;178;;M;4526300;154500;190
201400003476;14;12;28;900;1;1;1;1;6;246;R DU PONTEL;M;4520440;146285;190
201400003477;14;3;19;1930;5;2;1;1;3;153;58 avenue Jean Lascaux;M;4525982;140656;190
201400003478;14;4;20;730;2;1;1;1;7;288;;M;4527700;143600;190
201400003479;14;4;28;1430;1;2;1;1;1;277;LE BOURG;M;4547660;229153;190
201400003480;14;7;6;2145;3;1;1;5;7;64;ETANG DE LACHAUD;M;4568000;234348;190
201400003481;14;3;9;1445;1;2;1;1;6;28;BOULEVARD JEAN JAURES;M;4539410;249209;190
201400003482;14;3;17;1745;1;1;1;1;1;128;LA ZOTTE;M;4545830;240170;190
201400003483;14;12;13;545;3;1;1;1;6;247;LA VIALATTE;M;4547090;235954;190
201400003484;14;4;5;1500;1;1;1;1;6;160;LA CAMBUSE;M;4559190;195715;190
201400003485;14;6;22;1445;1;1;1;1;6;139;LA MAGIMEL;M;4564060;207279;190
201400003486;14;7;18;1815;1;1;2;7;3;160;CARREFOUR D979-D979E2;M;4556880;203817;190
201400003487;14;11;2;1145;1;1;3;1;3;238;LE FRANCEIX;M;4565920;226533;190
201400003488;14;8;14;1630;1;1;1;1;3;25;;M;4634400;191200;230
201400003489;14;11;1;1545;1;1;1;7;6;112;;M;4640100;182000;230
201400003490;14;1;31;2100;3;1;1;1;3;259;;M;4627500;235200;230
201400003491;14;1;3;100;3;1;1;2;6;143;;M;4622300;160900;230
201400003492;14;5;22;1330;1;1;1;1;1;176;;M;4622777;150439;230
201400003493;14;8;7;1830;1;1;1;1;1;70;;M;0;0;230
201400003494;14;9;1;1745;1;1;1;1;2;192;;M;4620700;195300;230
201400003495;14;9;8;1345;1;1;1;1;7;263;;M;4633900;169900;230
201400003496;14;9;30;900;1;2;9;1;1;176;RD 912A1;M;4624900;149300;230
201400003497;14;12;30;1700;2;1;1;8;2;176;;M;4625400;148900;230
201400003498;14;8;23;2345;3;1;1;1;1;185;;M;4612300;218200;230
201400003499;14;5;21;1845;1;1;1;6;7;73;;M;4600000;254200;230
201400003500;14;5;24;1000;1;1;1;1;1;78;;M;4594500;179400;230
201400003501;14;2;9;1515;1;2;6;1;6;44;RD 826 RTE DE CASTRE;M;4359295;150552;310
201400003502;14;4;17;1300;1;2;1;7;1;184;CHEMIN LASSERRE;M;4359238;157543;310
201400003503;14;4;21;900;1;1;1;1;1;567;;M;0;0;310
201400003504;14;4;28;1630;1;2;1;2;1;501;CD 32;M;4366356;160698;310
201400003505;14;6;18;945;1;2;1;1;6;44;avenue des aérostiers;M;4360873;148891;310
201400003506;14;7;13;900;1;2;1;1;1;44;route de castres;M;4359457;149793;310
201400003507;14;7;18;1500;1;1;1;7;6;573;;M;0;0;310
201400003508;14;9;23;2100;1;1;1;1;1;163;;M;0;0;310
201400003509;14;10;26;300;3;1;1;1;6;285;;M;0;0;310
201400003510;14;11;7;1200;1;1;1;2;1;271;;M;4357459;166264;310
201400003511;14;12;12;700;3;1;6;5;6;573;;M;0;0;310
201400003512;14;5;14;1045;1;1;1;8;2;48;;M;0;0;310
201400003513;14;6;3;2345;5;2;1;1;6;57;cd 79;M;4351092;156666;310
201400003514;14;8;8;1515;1;1;1;1;3;57;;M;0;0;310
201400003515;14;11;6;130;3;1;1;2;7;249;;M;0;0;310
201400003516;14;12;23;2215;5;2;1;1;1;113;32 av barthélémy salette;M;4351172;150709;310
201400003517;14;1;1;1430;1;1;1;1;1;584;;M;4387050;146607;310
201400003518;14;1;7;715;2;1;1;1;6;211;;M;0;0;310
201400003519;14;3;21;1900;2;1;1;1;5;584;;M;0;0;310
201400003520;14;4;6;1100;1;1;1;1;5;202;;M;0;0;310
201400003521;14;9;23;2115;3;1;1;1;5;211;route de mouissagues;M;4375387;145214;310
201400003522;14;12;14;2200;3;1;1;1;5;587;route de villemur;M;4379499;145227;310
201400003523;14;12;23;730;3;1;1;5;6;118;;M;0;0;310
201400003524;14;1;11;1;3;1;1;1;6;160;;M;0;0;310
201400003525;14;3;11;1615;1;1;1;1;1;232;chemin de piquette;M;4376464;128949;310
201400003526;14;4;8;715;1;1;1;1;4;232;;M;0;0;310
201400003527;14;4;24;1400;1;2;1;1;6;356;RN 224 RTE DE TOULOUSE;M;4369162;123113;310
201400003528;14;5;9;1630;1;2;1;1;3;232;ave du président kennedy;M;4376095;130001;310
201400003529;14;6;10;945;1;1;1;1;1;232;;M;0;0;310
201400003530;14;6;18;1945;1;2;1;7;1;553;Lieu-dit Garramine;M;0;0;310
201400003531;14;12;11;1730;3;1;1;2;3;356;route de toulouse;M;4368614;124501;310
201400003532;14;1;17;1615;1;2;1;1;3;291;avenue de Gascogne;M;4360030;123719;310
201400003533;14;4;11;1600;1;1;3;1;3;438;RN 224/RD 42 B;M;4363814;115371;310
201400003534;14;5;22;1730;1;2;6;1;3;297;RD 24;M;4366883;119021;310
201400003535;14;5;24;1145;1;1;1;1;1;291;;M;0;0;310
201400003536;14;6;12;830;1;1;1;1;7;417;;M;4362845;124553;310
201400003537;14;9;18;1615;1;1;1;1;2;417;route de lévignac;M;4363340;123392;310
201400003538;14;12;8;815;2;2;1;2;6;291;Boulevard des pyrenées;M;4359955;123514;310
201400003539;14;12;20;1330;1;2;1;1;3;433;route d'Espagne;M;0;0;310
201400003540;14;1;17;1915;5;2;6;1;3;458;route de toulouse;M;4351438;137432;310
201400003541;14;2;1;1930;5;2;1;3;6;433;AVENUE DE L ENCLOS;M;4354400;140200;310
201400003542;14;3;12;2130;3;1;1;1;7;420;;M;4351300;138400;310
201400003543;14;6;14;1945;1;2;6;1;3;433;boulevard de l'europe;M;4353313;139839;310
201400003544;14;6;16;1545;1;2;1;1;6;433;;M;0;0;310
201400003545;14;7;22;1145;1;1;3;7;3;433;;M;0;0;310
201400003546;14;5;27;945;1;2;1;1;1;446;chemin de negret;M;4353444;147410;310
201400003547;14;9;19;1715;1;2;3;1;3;446;AVE TOLOSANE/RUE IRIS;M;4354219;147805;310
201400003548;14;10;16;1515;1;2;1;1;6;446;françois mitterand;M;0;0;310