num_acc;an;mois;jour;hrmn;lum;agg;int;atm;col;com;adr;gps;lat;long;dep
201400003549;14;1;9;1830;5;1;1;1;6;490;route de paris;M;4374655;136748;310
201400003550;14;2;19;1230;1;2;2;1;3;205;02 rue terrial;M;4369805;137370;310
201400003551;14;4;15;1545;1;1;1;1;3;490;route de paris;M;4375334;136395;310
201400003552;14;4;15;1645;1;2;1;1;1;490;60H chemin de la Plaine;M;4375431;136637;310
201400003553;14;6;10;2215;5;2;1;1;6;91;17 route de Gratentour;M;4372851;142224;310
201400003554;14;9;21;815;1;2;1;1;7;91;89 avenue de Gamouna;M;4372939;140219;310
201400003555;14;9;27;945;1;2;1;1;6;490;22 CHEMIN DE PERRUQUET;M;4374297;135304;310
201400003556;14;10;26;1945;5;2;1;1;5;182;route de paris;M;0;0;310
201400003557;14;1;31;745;1;2;1;1;3;561;Av de Toulouse;M;4365719;148017;310
201400003558;14;3;17;1215;1;2;1;1;3;488;63 route d'Albi;M;4366655;150747;310
201400003559;14;3;31;1845;1;2;1;1;6;488;61 route d'Albi;M;4366637;150717;310
201400003560;14;4;15;845;1;2;6;1;7;561;avenue des tourterelles;M;4366271;147957;310
201400003561;14;5;16;2300;3;1;1;1;6;94;;M;0;0;310
201400003562;14;6;27;1100;1;2;9;1;6;488;Chemin de Montrabé;M;4366115;151305;310
201400003563;14;7;15;1500;1;1;1;1;1;117;route de cépet;M;4370790;153094;310
201400003564;14;10;30;2130;3;1;1;1;1;94;;M;0;0;310
201400003565;14;12;17;1715;2;2;1;2;6;117;rue de la fontaine;M;4367691;153183;310
201400003566;14;1;3;1800;5;2;1;2;6;395;;M;0;0;310
201400003567;14;1;31;1430;1;2;1;1;6;395;;M;4346600;132600;310
201400003568;14;2;9;800;1;1;1;1;1;395;;M;0;0;310
201400003569;14;2;6;1715;1;2;1;7;6;248;94 chemin de Riverotte;M;4345153;140805;310
201400003570;14;4;17;1845;1;1;1;1;3;395;;M;0;0;310
201400003571;14;5;5;1845;1;1;1;1;1;395;;M;0;0;310
201400003572;14;7;26;1130;1;1;1;1;1;165;;M;0;0;310
201400003573;14;8;28;545;5;1;1;1;1;395;;M;4348200;131900;310
201400003574;14;10;4;1615;1;1;1;1;6;165;;M;4344800;137500;310
201400003575;14;10;23;1045;1;2;1;7;6;421;route de Lézat;M;4347934;139884;310
201400003576;14;10;26;1800;2;2;1;1;1;395;39 bld de Peyramont;M;4346259;131507;310
201400003577;14;11;12;1815;2;2;1;1;6;395;;M;4346200;133400;310
201400003578;14;11;19;1630;1;1;1;7;6;395;;M;4341190;133450;310
201400003579;14;11;26;1130;1;2;1;1;1;395;74 avenue des pyr?n?es;M;4346000;132400;310
201400003580;14;1;15;1030;1;1;1;1;6;145;;M;4333095;148892;310
201400003581;14;1;29;1015;1;2;1;1;6;33;Rue Etienne Billières;M;4335431;147040;310
201400003582;14;2;2;2300;5;2;1;9;6;572;52 Avenue du Loup Saut;M;4342198;144092;310
201400003583;14;2;17;1900;5;1;1;1;6;33;route de miremont;M;4335600;146180;310
201400003584;14;2;23;600;2;1;1;1;6;145;;M;0;0;310
201400003585;14;3;4;1700;1;2;2;3;1;33;RUE JEAN JAURES;M;0;0;310
201400003586;14;3;13;1645;1;1;1;1;1;345;route des pyrénées;M;0;0;310
201400003587;14;3;18;630;2;1;3;1;1;345;RD 12/RD 48;M;4336496;142054;310
201400003588;14;4;14;630;2;1;1;1;3;345;;M;0;0;310
201400003589;14;5;9;1700;1;2;4;1;3;33;Av arenys del mar/guesde;M;4335067;147854;310
201400003590;14;5;12;1030;1;1;1;1;7;354;;M;0;0;310
201400003591;14;5;24;2000;1;2;1;1;2;574;RD820W;M;4343738;141533;310
201400003592;14;6;14;230;5;2;1;2;7;574;175 rue vieille vigne;M;4343125;142279;310
201400003593;14;6;15;1615;1;1;1;1;6;574;;M;4342779;141912;310
201400003594;14;6;29;2015;1;2;1;1;6;345;D 43;M;0;0;310
201400003595;14;7;8;1630;1;1;3;1;3;345;D820/chemin mouillonne;M;4338445;143894;310
201400003596;14;7;23;1300;1;1;1;1;7;33;;M;0;0;310
201400003597;14;8;25;1115;1;1;3;7;3;345;;M;0;0;310
201400003598;14;8;31;145;5;2;1;1;2;572;15 ave J.-P. d'assezat;M;4343251;144041;310
201400003599;14;9;21;515;5;2;1;1;6;33;D43;M;4337154;151473;310
201400003600;14;9;26;1730;1;1;1;1;1;345;rte de lagardelle;M;4337990;141641;310
201400003601;14;10;3;1315;1;1;1;1;1;145;;M;0;0;310
201400003602;14;11;7;2030;3;1;1;8;3;145;route de foix;M;0;0;310
201400003603;14;11;25;700;2;1;9;1;1;495;;M;0;0;310
201400003604;14;12;23;1515;1;1;6;1;2;396;;M;0;0;310
201400003605;14;12;25;945;1;1;1;1;6;345;;M;4336469;141033;310
201400003606;14;2;27;1545;1;1;1;1;5;361;;M;0;0;310
201400003607;14;3;11;1000;1;1;1;1;6;399;route de longages;M;0;0;310
201400003608;14;3;17;830;1;1;1;1;7;365;;M;0;0;310
201400003609;14;3;28;1230;1;1;1;1;6;455;;M;4327175;119922;310
201400003610;14;5;18;2030;1;2;1;1;7;107;40 chemin de l'industrie;M;4330500;121600;310
201400003611;14;6;15;1830;1;1;1;1;7;365;;M;4313500;127600;310
201400003612;14;6;27;1300;1;1;1;1;1;361;la grangette;M;4334564;132378;310
201400003613;14;7;9;900;1;2;7;2;6;375;place des anciens combat;M;4320900;122800;310
201400003614;14;7;31;2245;5;1;1;1;2;303;153 chemin de lavernose;M;4336950;123963;310
201400003615;14;8;16;245;3;1;1;1;7;375;;M;0;0;310
201400003616;14;9;20;915;1;1;1;1;3;361;;M;0;0;310
201400003617;14;10;3;730;1;1;2;1;1;52;;M;0;0;310
201400003618;14;10;10;1400;1;1;1;8;1;334;;M;4337600;130200;310
201400003619;14;10;26;1030;1;1;1;1;6;361;;M;4333557;129476;310
201400003620;14;10;31;2115;3;1;1;1;2;107;;M;0;0;310
201400003621;14;12;1;1715;2;2;1;2;3;107;46 avenue de toulouse;M;4330116;122481;310
201400003622;14;10;24;1015;1;1;1;1;6;193;;M;0;0;310
201400003623;14;1;14;2015;5;2;1;3;3;499;81 avenue du LANGUEDOC;M;4351217;118545;310
201400003624;14;1;18;1530;3;1;1;1;6;187;;M;0;0;310
201400003625;14;2;4;1545;1;1;1;1;1;424;;M;0;0;310
201400003626;14;2;18;730;1;1;1;1;3;424;;M;0;0;310
201400003627;14;2;27;1645;1;2;1;1;6;499;53 avenue du Languedoc;M;4351300;118240;310
201400003628;14;3;11;1800;1;2;1;1;4;424;Rue des écoles;M;0;0;310
201400003629;14;4;14;1515;1;2;6;1;6;424;D24 route de Pibrac;M;4358427;128903;310
201400003630;14;4;15;1715;1;1;2;7;3;188;rte de la salvetat;M;4356923;123322;310
201400003631;14;4;28;1745;1;2;1;7;1;499;1931 route de Lamasquère;M;4350464;119577;310
201400003632;14;5;5;1930;1;2;6;1;7;526;avenue du grand bois;M;4357469;124440;310
201400003633;14;6;6;1700;1;2;1;1;2;424;Rue du 11 novembre 1918;M;4357000;128709;310
201400003634;14;7;11;2015;1;2;3;1;3;424;ave vitarelles/charlas;M;4356443;131836;310
201400003635;14;7;3;830;1;2;9;1;7;424;ROUTE DE TARBES;M;4357177;131235;310
201400003636;14;8;28;630;2;2;1;1;1;424;;M;0;0;310
201400003637;14;10;1;715;2;1;1;1;7;188;;M;0;0;310
201400003638;14;10;5;1330;1;1;1;1;1;187;;M;0;0;310
201400003639;14;11;18;1800;5;2;1;9;7;424;rue des Landes;M;0;0;310
201400003640;14;12;1;800;2;1;1;1;1;187;;M;0;0;310
201400003641;14;1;25;2230;5;2;1;1;6;535;;M;4303388;66697;310
201400003642;14;2;6;2000;3;1;1;8;6;302;D 69;M;4317286;65105;310
201400003643;14;2;26;1845;2;1;2;1;3;76;;M;0;0;310
201400003644;14;3;24;1430;1;1;1;1;3;405;;M;4296730;64706;310
201400003645;14;4;6;245;3;1;1;1;6;542;;M;4305684;59135;310
201400003646;14;5;10;1415;1;1;1;7;6;344;;M;0;0;310
201400003647;14;6;20;1930;1;1;1;1;3;430;;M;0;0;310
201400003648;14;8;14;200;5;2;1;1;6;390;Rue des Pyrénées;M;4308499;56799;310
201400003649;14;10;16;2015;5;1;1;1;3;537;;M;0;0;310
201400003650;14;11;10;1615;1;1;6;7;3;246;;M;0;0;310
201400003651;14;12;7;2315;3;1;1;1;6;247;;M;0;0;310
201400003652;14;12;13;1715;1;1;1;8;1;585;;M;0;0;310
201400003653;14;3;6;1015;1;1;1;1;6;235;;M;0;0;310
201400003654;14;4;25;1930;2;2;1;1;6;42;AVENUE DE TOULOUSE;M;4280051;59637;310
201400003655;14;6;16;1330;1;1;1;1;6;500;cournudero;M;4276959;60801;310
201400003656;14;7;14;430;3;1;1;2;6;559;;M;0;0;310
201400003657;14;7;13;1545;1;1;1;1;3;42;;M;0;0;310
201400003658;14;8;15;945;1;1;1;1;2;176;;M;4294290;64425;310
201400003659;14;10;15;1400;1;1;1;1;1;470;;M;0;0;310
201400003660;14;11;10;1045;1;1;1;1;6;500;;M;0;0;310
201400003661;14;12;9;145;5;1;1;4;6;470;;M;0;0;310
201400003662;14;1;24;1815;3;2;1;3;6;23;Rte de St-Gaudens;M;0;0;310
201400003663;14;1;30;930;1;1;2;8;3;468;;M;0;0;310
201400003664;14;2;14;915;1;1;1;1;1;80;;M;0;0;310
201400003665;14;5;18;1700;1;2;1;1;6;239;route de toulouse;M;0;0;310
201400003666;14;7;18;1415;1;1;1;1;6;482;;M;0;0;310
201400003667;14;10;2;1730;1;1;1;1;7;28;;M;4322423;86191;310
201400003668;14;10;5;545;3;1;1;1;6;152;;M;0;0;310
201400003669;14;10;10;1745;1;1;1;8;6;347;;M;0;0;310
201400003670;14;10;28;1700;1;2;1;1;6;278;pont de la Noue;M;0;0;310
201400003671;14;11;18;1745;2;1;1;1;6;8;;M;4335605;81421;310
201400003672;14;12;24;930;1;1;1;1;3;28;;M;0;0;310
201400003673;14;7;4;1730;1;2;1;1;1;42;80 Ave maréchal FOCH;M;4279235;59172;310
201400003674;14;4;9;1300;1;1;1;1;7;523;;M;4309100;96900;310
201400003675;14;8;3;945;1;2;3;1;5;315;RD117/ave des pyrénées;M;4307937;95496;310
201400003676;14;9;21;615;3;1;1;1;6;348;;M;0;0;310
201400003677;14;11;23;45;3;1;1;1;6;544;;M;0;0;310
201400003678;14;5;30;1045;1;2;1;1;6;582;89 rue de la république;M;4339837;171743;310
201400003679;14;5;31;745;1;2;1;2;1;137;D25;M;0;0;310
201400003680;14;6;19;915;1;1;1;1;6;210;;M;4338370;170364;310
201400003681;14;6;20;1515;1;1;1;1;6;534;;M;4359237;171471;310
201400003682;14;7;16;2000;1;2;3;7;1;37;carrefour D 43 / D 813;M;4336792;177944;310
201400003683;14;7;19;815;1;1;1;1;6;331;lieudit rozen;M;4352385;168648;310
201400003684;14;11;10;1730;1;2;1;1;3;582;RUE CARNOT;M;4339941;171754;310
201400003685;14;11;13;1500;1;1;1;1;3;571;;M;0;0;310
201400003686;14;12;6;1800;3;1;1;3;6;368;;M;0;0;310
201400003687;14;12;8;1015;1;1;3;1;3;26;route de caraman;M;4352259;181648;310
201400003688;14;4;10;1430;1;1;1;1;3;48;;M;4344734;163536;310
201400003689;14;6;1;630;2;2;1;1;6;227;268 CHEMIN DES CRETES;M;0;0;310
201400003690;14;7;6;2215;3;1;6;1;6;381;;M;0;0;310
201400003691;14;9;13;1700;1;1;1;1;7;192;route de lanta;M;4351041;161890;310
201400003692;14;9;30;2115;3;1;1;1;6;384;;M;4349600;156500;310
201400003693;14;1;25;1915;5;2;1;2;3;451;rue du Taur;M;4345934;200562;310
201400003694;14;2;28;1115;1;1;1;1;1;451;;M;0;0;310
201400003695;14;3;23;1800;1;1;1;7;1;329;;M;0;0;310
201400003696;14;6;3;1730;1;1;1;1;2;451;lieudit couffinal;M;4348495;202796;310
201400003697;14;7;3;1945;1;1;1;1;6;478;;M;0;0;310
201400003698;14;12;14;2315;3;1;1;1;1;478;;M;0;0;310
201400003699;14;9;7;645;2;1;1;1;6;71;;M;4300850;149947;90
201400003700;14;6;15;915;1;1;1;1;1;203;;M;4300713;146756;90
201400003701;14;1;18;845;3;1;1;1;7;142;;M;4295012;178486;90
201400003702;14;3;8;1800;1;1;1;1;6;206;;M;4288145;180152;90
201400003703;14;5;20;1815;5;2;1;1;6;160;82 avenue Jean Jaures;M;4293016;184466;90
201400003704;14;7;24;1645;1;2;1;1;3;160;110 AVENUE JEAN JAURES;M;4292964;184394;90
201400003705;14;8;20;1200;1;2;1;1;6;160;avenue du 11 novembre;M;4293967;185399;90
201400003706;14;9;2;745;1;2;6;1;3;160;Rond point de l'Europe;M;4293274;184870;90
201400003707;14;9;1;1630;1;1;3;1;3;166;;M;4293273;172468;90
201400003708;14;11;16;1600;1;1;1;1;6;47;;M;4291071;194664;90
201400003709;14;12;5;1500;1;1;1;1;6;47;;M;4291074;194735;90
201400003710;14;12;10;1415;1;2;1;1;6;160;rue jacquard;M;4292679;184330;90
201400003711;14;12;26;2245;3;1;1;1;6;249;;M;4291867;178729;90
201400003712;14;4;24;1730;1;1;1;1;6;188;;M;4288416;162134;90
201400003713;14;5;10;1400;1;2;1;1;6;221;RN 20;M;4282654;161669;90
201400003714;14;5;14;1615;1;1;1;1;6;77;;M;4280298;158968;90
201400003715;14;8;9;630;2;1;1;1;1;221;;M;4281848;162350;90
201400003716;14;8;20;1815;1;1;1;1;1;306;;M;4282991;161149;90
201400003717;14;8;24;2300;5;2;1;1;1;334;Route de Montr?al de Sos;M;4276991;149007;90
201400003718;14;11;8;845;1;2;1;1;6;15;route de M?nac;M;4287079;159995;90
201400003719;14;11;15;1600;1;1;1;1;3;58;;M;4286402;160725;90
201400003720;14;5;10;1100;1;2;1;1;3;104;avenue de varilhes;M;4303771;163689;90
201400003721;14;5;15;1715;1;1;1;1;3;60;;M;4317317;160460;90
201400003722;14;6;28;1600;1;1;1;1;1;312;;M;4309249;168155;90
201400003723;14;9;5;1545;1;2;1;1;4;312;;M;4310218;163923;90
201400003724;14;9;7;1315;1;1;1;1;1;276;;M;4309865;155464;90
201400003725;14;10;30;1545;1;1;1;1;7;245;;M;4305450;158571;90
201400003726;14;12;30;1215;1;1;1;1;3;312;;M;4309765;165403;90
201400003727;14;8;30;1700;1;1;1;1;2;277;;M;4325961;135750;90
201400003728;14;8;31;2000;3;1;1;1;7;167;;M;4327272;130491;90
201400003729;14;5;27;1945;1;1;1;1;1;161;;M;4298873;190062;90
201400003730;14;9;4;815;1;2;1;1;3;314;hameau de Jalabert;M;4306220;180457;90
201400003731;14;10;12;430;3;1;1;1;7;194;;M;4309829;189956;90
201400003732;14;1;12;1215;1;2;1;1;6;282;route de cant?;M;4324000;156978;90
201400003733;14;1;12;2100;1;1;1;1;6;282;;M;4322169;170751;90
201400003734;14;2;2;2030;5;1;9;1;6;76;;M;4325600;153959;90
201400003735;14;5;1;1530;1;2;8;1;3;282;pn 39;M;4323882;157308;90
201400003736;14;5;14;1145;1;1;1;1;3;331;;M;4317933;160752;90
201400003737;14;9;30;630;3;1;1;1;1;76;;M;4327191;155047;90
201400003738;14;1;1;1645;1;1;1;1;7;209;;M;4299568;115601;90
201400003739;14;8;11;1445;1;2;1;8;7;164;CD 117;M;4300042;123414;90
201400003740;14;9;11;800;1;2;1;1;6;261;avenue aristide Berges;M;4299453;113664;90
201400003741;14;2;9;2000;5;1;1;1;1;214;;M;4295675;108430;90
201400003742;14;9;29;1800;1;1;1;2;6;261;;M;4298003;114720;90
201400003743;14;10;10;1200;1;1;1;8;1;261;;M;4299020;115281;90
201400003744;14;10;29;1415;1;2;1;7;3;289;48 AV. ARISTIDE BERGES;M;4300677;112392;90
201400003745;14;12;16;1815;5;2;1;3;6;261;avenue gallieni;M;4298235;114344;90
201400003746;14;12;29;1530;1;1;1;1;7;164;;M;4299360;121412;90
201400003747;14;6;20;1215;1;1;1;1;6;5;;M;4291137;125326;90
201400003748;14;8;9;1500;1;1;1;1;6;322;;M;4280663;126233;90
201400003749;14;8;17;315;1;2;1;1;6;29;Chemin de Cameza;M;4279091;133741;90
201400003750;14;11;22;1330;1;1;1;1;6;57;;M;4289092;131252;90
201400003751;14;3;6;830;2;2;1;7;6;235;RN 117;M;4303146;102212;90
201400003752;14;6;3;2145;3;1;1;1;1;235;;M;4303325;103677;90
201400003753;14;11;21;1445;1;2;7;1;6;235;cd117;M;4303140;102102;90
201400003754;14;10;25;1456;1;1;1;2;1;168;PARIS (ROUTE DE)  D 1003;;;;20
201400003755;14;1;23;755;5;2;1;5;6;168;100, SOISSONS (AVENUE DE;M;4905615;339502;20
201400003756;14;4;12;1815;1;2;1;1;6;168;89, VAUCRISES (AVENUE DE;M;4905028;338917;20
201400003757;14;7;10;940;1;2;1;2;7;168;23, JULES LEFEBVRE (AVEN;M;4904289;339294;20
201400003758;14;7;25;1730;1;2;9;1;6;168;3, JULES LEFEBVRE (AVENU;M;4904337;339646;20
201400003759;14;8;16;1350;1;2;2;1;2;168;D1;;;;20
201400003760;14;6;30;1430;1;1;1;1;2;185;RD 911;M;4427710;272363;120
201400003761;14;11;17;745;1;1;1;2;3;96;;M;0;0;120
201400003762;14;1;20;745;2;2;1;2;6;56;LIEU DIT LE LAC;M;4428510;248008;120
201400003763;14;1;29;810;2;1;1;4;5;133;RN 88 - PR 58;M;4429380;252012;120
201400003764;14;2;23;1320;1;2;1;1;3;133;AVENUE DE RODEZ;M;4429800;255747;120
201400003765;14;3;6;1715;1;1;1;1;4;133;AVENUE DE RODEZ;M;4430330;255695;120
201400003766;14;6;22;920;1;1;1;1;3;56;LE LAC;M;4428530;248128;120
201400003767;14;7;12;2030;1;1;1;1;6;162;;M;4431100;244300;120
201400003768;14;8;23;1400;3;1;1;1;6;113;;M;4427000;238500;120
201400003769;14;2;2;1650;1;1;1;1;6;46;LIEUDIT : RADAMAX;M;4420050;240281;120
201400003770;14;2;4;6;3;1;1;2;1;194;LA BARAQUE DE MOLINIE;M;4424860;240972;120
201400003771;14;4;4;1115;1;1;1;2;7;57;;M;0;0;120
201400003772;14;4;8;1115;1;1;1;2;7;234;;M;4421860;254423;120
201400003773;14;6;21;600;2;1;1;1;7;194;RN 88;M;4421800;240840;120
201400003774;14;7;11;1515;1;1;1;1;1;73;;M;0;0;120
201400003775;14;9;13;2030;2;1;1;1;7;234;;M;0;0;120
201400003776;14;11;21;1000;1;2;1;1;6;57;avenue de Lod?ve;M;0;0;120
201400003777;14;1;7;1345;1;1;1;1;6;171;D 901;M;4452680;241258;120
201400003778;14;1;18;1440;1;1;1;1;3;138;CD 901 - LENDREVIE;M;4448060;245116;120
201400003779;14;4;6;310;3;1;1;1;7;254;D 904;M;4444390;257994;120
201400003780;14;8;1;1245;1;1;1;1;3;142;;M;4440400;236500;120
201400003781;14;10;16;730;3;1;1;2;7;16;;M;0;0;120
201400003782;14;9;24;715;5;2;1;8;6;215;route de rodez;M;4447400;241200;120
201400003783;14;2;21;1519;1;1;1;2;7;101;LIEUDIT : LA PLANQUE;M;4460540;224251;120
201400003784;14;8;30;1700;1;2;1;1;7;121;Carrefour CD1/CD634;M;0;0;120
201400003785;14;5;9;1450;1;1;1;1;2;131;LE CHAMP DES LOUPS;M;4438970;267483;120
201400003786;14;5;21;1450;1;2;1;6;7;33;121, ROUTE D'ESPALION;M;4447230;273007;120
201400003787;14;6;15;1145;1;1;1;1;5;131;RN 88 - LIEUDIT CANABOLS;M;4438030;265487;120
201400003788;14;6;20;1845;1;1;1;1;1;172;RD 920;M;4458300;263367;120
201400003789;14;10;23;1600;1;1;1;1;5;49;;M;0;0;120
201400003790;14;12;31;1130;1;2;1;1;6;96;3 Place saint georges;M;4452000;275800;120
201400003791;14;5;29;1720;1;1;1;1;6;5;;M;4476160;284193;120
201400003792;14;8;13;1445;1;1;1;1;6;88;;M;0;0;120
201400003793;14;5;10;645;2;1;1;1;6;116;;M;4471300;274000;120
201400003794;14;9;14;1615;1;1;1;1;6;36;;M;4486600;271600;120
201400003795;14;6;5;855;1;1;9;1;1;219;CABANAC;M;4447880;292260;120
201400003796;14;7;16;1400;2;1;1;1;6;219;;M;0;0;120
201400003797;14;8;13;1900;1;1;1;1;6;61;;M;0;0;120
201400003798;14;10;24;1530;1;1;1;1;6;182;;M;0;0;120
201400003799;14;1;22;1004;1;1;2;1;3;2;LA BORIE SECHE;M;4416430;308589;120
201400003800;14;6;10;1300;1;1;1;1;6;178;VC CARBASSAS/PAULHE;M;4414190;310781;120
201400003801;14;6;14;1435;1;1;1;1;2;200;RD 907;M;4418970;315293;120
201400003802;14;7;26;930;1;1;1;1;7;82;;M;4395200;327500;120
201400003803;14;7;29;1615;1;1;1;1;1;63;;M;0;0;120
201400003804;14;8;3;1630;1;1;1;1;6;2;;M;4414000;310000;120
201400003805;14;8;21;1730;1;2;8;1;5;2;passage ? niveau 74;M;4415700;309900;120
201400003806;14;9;16;1530;1;2;1;1;4;204;D991;M;0;0;120
201400003807;14;10;19;1115;1;1;1;1;7;2;;M;0;0;120
201400003808;14;3;23;2035;5;2;1;4;6;299;AVENUE DU LEVEZOU;M;4408830;270516;120
201400003809;14;5;14;930;1;1;1;1;6;213;RD 911;M;4416040;300571;120
201400003810;14;5;23;745;1;1;1;1;1;238;RD 911;M;4423980;296549;120
201400003811;14;8;28;1300;1;1;2;1;3;291;;M;0;0;120
201400003812;14;8;30;1045;1;1;1;1;7;62;;M;0;0;120
201400003813;14;11;22;1515;1;1;1;5;6;153;;M;0;0;120
201400003814;14;11;28;1730;3;2;1;3;6;307;RD 199 pk 6+750;M;0;0;120
201400003815;14;6;7;1210;1;1;1;1;6;270;LE MERDANS;M;4433720;306623;120
201400003816;14;3;20;1344;1;1;1;1;6;243;CD 993;M;4401270;293545;120
201400003817;14;6;7;945;1;1;3;1;1;37;;M;4405630;270335;120
201400003818;14;7;7;15;3;1;1;2;3;286;;M;4393700;283000;120
201400003819;14;8;13;1015;1;2;1;1;6;208;;M;4396200;288000;120
201400003820;14;9;14;530;4;2;1;1;6;208;173 route de couat;M;4395600;289600;120
201400003821;14;11;2;430;3;1;1;5;6;203;;M;4396200;295900;120
201400003822;14;11;30;445;3;1;1;8;7;37;;M;4401200;270100;120
201400003823;14;1;14;745;2;2;1;2;6;300;D911AVENUE SAINT GILES;M;4435150;203453;120
201400003824;14;3;27;1315;1;1;1;1;7;136;BELVEZET;M;4437660;211383;120
201400003825;14;4;15;1445;1;1;1;1;2;263;LIEUDIT : BACH;M;4434650;195900;120
201400003826;14;5;9;1720;1;2;9;1;6;300;PARKING CC LECLERC;M;4436050;199663;120
201400003827;14;6;14;1045;1;1;1;1;1;300;RD 922;M;4432060;202779;120
201400003828;14;6;20;1600;1;1;1;1;6;287;RD 926;M;4432490;190391;120
201400003829;14;7;2;1415;1;2;1;1;4;300;Pont National;M;0;0;120
201400003830;14;7;27;1145;1;1;1;1;1;136;;M;0;0;120
201400003831;14;8;26;1200;1;1;1;2;6;300;;M;0;0;120
201400003832;14;9;11;1715;1;1;2;1;3;136;;M;0;0;120
201400003833;14;9;26;1715;1;1;1;1;7;300;;M;0;0;120
201400003834;14;10;20;1430;1;1;1;1;1;140;;M;0;0;120
201400003835;14;11;22;1230;1;2;1;1;1;300;route de montauban;M;0;0;120
201400003836;14;4;13;1700;1;1;2;1;3;104;FREJEROQUES;M;4451340;202874;120
201400003837;14;7;4;900;1;2;1;2;2;301;avenue du rouergue;M;0;0;120
201400003838;14;7;6;1700;1;1;2;8;3;257;;M;4453000;205600;120
201400003839;14;9;8;1730;1;2;1;2;1;257;loupiac;M;4454400;202800;120
201400003840;14;10;18;1600;1;2;2;1;3;52;AVENUE ALBERT THOMAS;M;0;0;120
201400003841;14;10;30;1500;1;2;1;1;1;257;BOURG DE LOUPIAC;M;4454400;202800;120
201400003842;14;10;30;1945;3;1;1;1;3;105;;M;4423600;201900;120
201400003843;14;11;21;2000;3;1;1;1;1;198;;M;4432900;220600;120
201400003844;14;4;7;1815;1;1;1;1;6;279;;M;4369960;65894;320
201400003845;14;6;15;2000;1;1;1;1;1;200;;M;4358360;54141;320
201400003846;14;7;31;1600;1;1;1;1;2;60;;M;4356590;61094;320
201400003847;14;10;5;445;3;1;1;1;6;307;;M;4359920;61476;320
201400003848;14;1;7;1915;3;1;1;1;1;249;;M;4370620;85183;320
201400003849;14;3;21;830;1;2;1;1;5;249;RUE DE LA REPUBLIQUE;M;4372970;87934;320
201400003850;14;4;15;2130;3;1;3;1;3;436;;M;4378030;88824;320
201400003851;14;4;18;1600;1;1;1;1;6;376;;M;4376130;77976;320
201400003852;14;5;4;1315;1;1;6;1;6;12;;M;4363770;82190;320
201400003853;14;5;28;1730;1;1;8;2;6;12;;M;0;0;320
201400003854;14;7;6;2130;2;1;1;1;6;123;;M;4362530;92506;320
201400003855;14;8;6;1745;1;2;1;1;1;436;EN BOUNEAU;M;4381100;90199;320
201400003856;14;8;28;1045;1;2;2;1;3;147;RUE COMBE DU MIDI;M;4362620;87480;320
201400003857;14;9;10;645;2;1;1;1;6;147;;M;0;0;320
201400003858;14;9;6;2245;5;2;1;1;6;147;BOULEVARD DE CAHUZAC;M;4362960;87003;320
201400003859;14;9;30;1045;1;2;1;8;6;147;24 BOULEVARD DU NORD;M;4362800;87627;320
201400003860;14;1;28;800;1;1;2;1;3;268;;M;4360710;98567;320
201400003861;14;1;31;1800;5;2;4;1;1;425;;M;4363040;113101;320
201400003862;14;3;2;745;1;1;1;1;5;16;;M;4358270;104658;320
201400003863;14;5;13;745;1;1;1;1;6;16;;M;4354080;109674;320
201400003864;14;9;10;1845;1;1;1;1;6;160;;M;4362310;110976;320
201400003865;14;10;19;1600;2;1;1;1;7;160;;M;0;0;320
201400003866;14;2;12;1200;1;1;3;1;3;410;;M;4349060;94260;320
201400003867;14;5;14;1800;1;1;3;1;2;322;;M;4353250;99193;320
201400003868;14;10;12;1830;1;1;1;1;6;433;;M;0;0;320
201400003869;14;10;18;1230;1;1;1;1;6;374;;M;4348940;75247;320
201400003870;14;1;14;1830;5;2;1;2;6;462;;M;4375560;30238;320
201400003871;14;1;26;1630;1;2;1;2;1;462;RN124;M;4375280;31279;320
201400003872;14;7;25;1730;1;1;1;8;5;301;;M;4371330;43435;320