num_acc;an;mois;jour;hrmn;lum;agg;int;atm;col;com;adr;gps;lat;long;dep
201400003873;14;7;27;145;3;1;1;1;7;301;;M;4369540;45289;320
201400003874;14;8;23;1530;1;1;1;1;7;54;;M;4372370;38523;320
201400003875;14;9;18;115;5;2;1;1;6;462;LIEU DIT FAGIAT;M;4376130;30946;320
201400003876;14;9;18;1530;1;1;1;1;6;204;;M;4375850;50549;320
201400003877;14;9;29;2015;3;1;1;1;6;301;;M;0;0;320
201400003878;14;10;9;1730;1;1;1;3;6;462;;M;4377520;30209;320
201400003879;14;10;10;1845;2;1;1;2;1;462;;M;4374670;34202;320
201400003880;14;11;12;2200;3;1;1;1;1;43;;M;4369390;24354;320
201400003881;14;12;24;1415;5;2;1;5;7;462;route nationale 124;M;0;0;320
201400003882;14;1;22;1500;1;2;2;2;3;107;BOULEVARD ACAN ET TOE;M;4395710;37638;320
201400003883;14;1;30;815;1;1;1;1;6;292;;M;4389630;29538;320
201400003884;14;2;21;1915;3;1;1;1;6;79;;M;4395810;8927;320
201400003885;14;4;22;630;2;2;1;2;6;107;RD110 PK 0+400;M;0;0;320
201400003886;14;4;26;415;3;1;1;8;6;203;;M;4393420;24313;320
201400003887;14;6;20;800;1;2;1;7;6;107;4 BOULEVARD ST MICHEL;M;4395420;37095;320
201400003888;14;6;21;2200;3;1;1;1;6;197;;M;0;0;320
201400003889;14;7;21;2245;3;1;1;1;6;107;;M;0;0;320
201400003890;14;10;10;1100;1;1;1;2;6;79;;M;4391870;9222;320
201400003891;14;10;15;1230;1;1;1;1;6;404;;M;4385450;44976;320
201400003892;14;11;8;1700;1;2;1;7;6;194;;M;4394420;31042;320
201400003893;14;12;11;1915;3;1;1;2;6;52;;M;0;0;320
201400003894;14;1;6;1415;1;1;1;1;7;119;;M;0;0;320
201400003895;14;1;22;1500;1;1;3;3;3;155;;M;4378040;-19814;320
201400003896;14;1;31;1800;1;2;1;1;6;296;;M;4375800;-3171;320
201400003897;14;2;4;820;1;2;3;1;1;296;;M;4375270;-2968;320
201400003898;14;3;9;945;1;2;4;1;6;296;35 RUE NATIONALE;M;4375900;-3304;320
201400003899;14;5;24;1445;1;1;1;1;6;119;;M;4384900;12970;320
201400003900;14;6;8;630;1;1;1;1;6;25;;M;4386660;-4970;320
201400003901;14;6;13;1215;1;1;1;1;6;5;;M;4375450;-9596;320
201400003902;14;6;15;1955;1;2;2;1;3;119;AVENUE DE SAUBOIRES;M;4385440;8919;320
201400003903;14;7;16;1600;1;1;1;1;1;87;;M;4386050;-16804;320
201400003904;14;7;27;1730;1;1;1;1;1;191;;M;4374710;-11333;320
201400003905;14;7;26;815;2;1;1;5;1;96;;M;4393850;-7216;320
201400003906;14;8;17;1815;1;1;1;1;2;96;;M;4392870;-7482;320
201400003907;14;8;22;945;1;2;1;1;3;227;CD 931;M;4380040;4416;320
201400003908;14;9;6;1600;1;1;1;1;6;264;;M;4393340;-11811;320
201400003909;14;12;15;1800;3;1;1;2;6;338;;M;0;0;320
201400003910;14;12;18;1530;1;1;1;2;6;115;;M;4376830;15072;320
201400003911;14;2;12;1430;1;1;1;1;6;239;;M;4393730;51942;320
201400003912;14;3;9;815;1;2;1;1;6;132;ave Pierre de Coubertin;M;0;0;320
201400003913;14;4;5;1900;1;1;2;7;1;452;;M;4386690;85298;320
201400003914;14;5;4;2030;1;1;1;1;6;442;;M;4391220;54786;320
201400003915;14;10;3;1445;1;1;1;1;2;395;;M;4399570;67254;320
201400003916;14;11;2;1230;1;1;3;1;1;132;;M;4385480;67766;320
201400003917;14;11;1;1545;1;1;2;7;3;391;;M;4399960;57553;320
201400003918;14;12;31;1345;1;2;6;7;3;208;Route d'Agen;M;0;0;320
201400003919;14;1;31;1830;2;2;1;8;6;365;;M;4334420;64849;320
201400003920;14;2;10;1730;2;1;3;3;5;302;;M;4351980;60479;320
201400003921;14;4;27;715;1;1;1;2;6;304;;M;4339160;56720;320
201400003922;14;6;30;1000;1;1;1;1;7;361;;M;4345320;51866;320
201400003923;14;9;28;345;3;1;1;1;6;186;;M;4349130;66253;320
201400003924;14;10;10;1615;1;1;1;1;5;256;;M;4353370;43011;320
201400003925;14;11;1;1715;1;2;1;1;1;397;Le Caillaou;M;0;0;320
201400003926;14;11;20;1600;1;1;1;1;6;41;;M;4342160;64107;320
201400003927;14;2;25;1800;1;1;1;8;6;152;;M;4341720;16449;320
201400003928;14;8;13;1230;1;1;1;1;1;252;;M;4342390;29588;320
201400003929;14;8;16;1530;1;1;1;1;6;167;;M;0;0;320
201400003930;14;10;9;1015;1;1;3;8;6;167;;M;4347010;32802;320
201400003931;14;11;26;2030;3;1;1;2;7;375;RN 21;M;0;0;650
201400003932;14;5;5;345;3;1;1;1;7;323;;M;4458959;151475;460
201400003933;14;7;14;1500;1;1;1;1;7;109;;M;4431645;151087;460
201400003934;14;12;9;1445;1;1;1;1;2;323;;M;4458622;151567;460
201400003935;14;12;22;1645;1;1;1;1;7;323;;M;4458088;151490;460
201400003936;14;4;4;2115;3;1;1;1;2;197;;M;0;0;460
201400003937;14;5;11;330;3;1;1;3;7;91;;M;4437003;162120;460
201400003938;14;5;30;545;2;1;1;1;6;70;;M;4438466;151342;460
201400003939;14;7;23;930;1;1;1;1;1;197;;M;0;0;460
201400003940;14;8;29;845;1;1;1;1;1;137;;M;0;0;460
201400003941;14;9;16;830;1;1;1;1;3;183;;M;4428494;147350;460
201400003942;14;11;18;700;2;1;1;2;6;197;;M;4440113;144984;460
201400003943;14;2;27;2100;3;2;1;1;6;107;le bourg;M;4444429;112116;460
201400003944;14;3;12;1645;1;1;1;1;6;301;;M;4443486;125942;460
201400003945;14;5;22;930;1;1;1;1;1;114;;M;4458046;117382;460
201400003946;14;5;23;1200;1;2;1;2;1;225;Boulevard de La Paix;M;4450396;118616;460
201400003947;14;7;13;1545;1;2;1;2;6;225;ave du G?n?ral BESSIERES;M;4450371;118858;460
201400003948;14;7;20;1745;1;1;1;2;1;33;;M;4439928;116851;460
201400003949;14;8;2;1800;1;1;1;1;1;32;;M;4455140;140027;460
201400003950;14;8;3;1845;1;1;1;1;6;112;;M;4456288;147235;460
201400003951;14;8;5;1030;1;1;1;1;6;134;;M;4455031;123700;460
201400003952;14;9;5;1900;1;1;1;1;1;305;;M;0;0;460
201400003953;14;9;21;1830;1;1;1;1;6;1;;M;4449067;122376;460
201400003954;14;10;16;645;3;1;1;2;5;88;;M;4447582;133125;460
201400003955;14;10;18;1030;1;1;1;1;1;66;;M;4465616;122710;460
201400003956;14;11;2;1630;1;1;1;1;1;335;;M;4440258;128536;460
201400003957;14;11;20;1015;1;1;1;1;3;107;;M;4445301;111470;460
201400003958;14;12;14;100;5;2;1;1;6;321;Les Granges;M;4449915;105885;460
201400003959;14;1;17;945;1;2;1;1;6;102;Avenue de Toulouse;M;4460394;203706;460
201400003960;14;4;25;1600;1;1;1;2;6;102;;M;0;0;460
201400003961;14;5;19;1230;1;1;1;1;6;55;;M;4458012;206703;460
201400003962;14;7;29;2245;3;1;1;1;1;55;;M;4458645;208761;460
201400003963;14;8;23;1130;1;1;1;8;3;102;;M;4459717;201076;460
201400003964;14;9;17;830;1;1;1;1;3;15;;M;4464783;214081;460
201400003965;14;11;7;1630;1;1;1;1;3;55;;M;0;0;460
201400003966;14;11;14;1900;5;2;1;3;6;102;Avenue georges Pompidou;M;4460545;202068;460
201400003967;14;11;21;1900;2;1;1;2;1;102;;M;4457527;213262;460
201400003968;14;4;17;1330;1;1;1;1;2;143;;M;4473203;192491;460
201400003969;14;5;17;1230;1;1;1;1;5;132;;M;4476109;176496;460
201400003970;14;6;22;1400;1;1;1;1;1;306;;M;4469187;184534;460
201400003971;14;7;12;1530;1;1;1;1;7;51;;M;4462291;190712;460
201400003972;14;9;21;1100;2;2;1;1;6;45;Lieu dit GAILLAC;M;4446827;182891;460
201400003973;14;10;11;1330;1;2;1;1;6;12;rue principale;M;0;0;460
201400003974;14;2;16;1715;2;1;1;2;1;177;;M;0;0;460
201400003975;14;2;22;1900;1;1;1;1;6;177;;M;4488286;181591;460
201400003976;14;2;28;1400;1;1;1;3;3;271;;M;4486672;185844;460
201400003977;14;5;19;1445;1;1;1;1;1;284;;M;4489737;185859;460
201400003978;14;6;1;1815;1;1;1;1;1;281;;M;4486031;184747;460
201400003979;14;7;3;945;1;2;1;1;1;311;Place des condamines;M;4487339;203663;460
201400003980;14;7;16;1630;1;2;1;1;6;11;le bourg;M;4485357;182062;460
201400003981;14;7;30;1945;1;2;1;1;7;38;229 Rue Moulin de C?re;M;4491911;184682;460
201400003982;14;8;16;930;1;1;1;5;1;311;;M;4484843;206512;460
201400003983;14;9;13;1845;1;1;1;7;3;228;;M;4490481;185063;460
201400003984;14;9;19;2230;3;1;1;1;6;251;;M;0;0;460
201400003985;14;10;29;1330;1;1;1;1;6;311;;M;4488331;207716;460
201400003986;14;11;9;1930;3;1;3;2;1;228;;M;4490920;182312;460
201400003987;14;12;5;1430;1;1;1;1;3;123;;M;0;0;460
201400003988;14;12;9;1600;1;1;2;1;3;311;;M;4487639;203909;460
201400003989;14;1;6;945;1;2;1;1;5;127;68 avenue Gambetta;M;4473803;138709;460
201400003990;14;1;22;2030;3;1;1;4;6;47;;M;;;460
201400003991;14;1;28;1815;3;1;1;3;6;127;;M;4471462;132438;460
201400003992;14;3;14;1145;1;1;9;1;6;239;;M;4487481;144413;460
201400003993;14;9;7;1345;1;2;6;1;3;127;ROND POINT DU DIVAN;M;4473579;138067;460
201400003994;14;9;11;1645;1;2;1;7;6;127;50 avenue Cavaignac;M;4473472;137804;460
201400003995;14;11;18;945;1;1;1;2;6;178;;M;0;0;460
201400003996;14;7;23;1615;1;1;1;1;6;30;;M;0;0;460
201400003997;14;8;21;945;1;1;1;1;1;240;;M;4480440;163344;460
201400003998;14;10;4;1030;1;2;1;1;6;138;21 rte de Gramat;M;0;0;460
201400003999;14;10;30;1445;1;2;3;1;3;128;Avenue Louis conte;M;4478448;171953;460
201400004000;14;12;17;1845;3;1;1;2;1;138;;M;4459636;155457;460
201400004001;14;1;24;1400;1;1;1;2;6;185;;M;4494323;159679;460
201400004002;14;1;28;1100;1;2;1;2;6;309;Boulevard Louis Jean Mal;M;4494323;159679;460
201400004003;14;2;5;1130;1;1;1;8;1;309;;M;4491038;152127;460
201400004004;14;3;17;1915;1;2;1;1;1;309;Avenue de SARLAT;M;4489274;147518;460
201400004005;14;5;30;1330;1;1;1;1;7;265;;M;0;0;460
201400004006;14;6;1;1645;1;1;1;1;7;185;;M;4492550;162592;460
201400004007;14;6;4;1830;1;1;1;8;1;232;;M;0;0;460
201400004008;14;6;1;1115;1;1;1;1;5;58;;M;4492062;174391;460
201400004009;14;8;30;1545;1;2;1;1;6;153;Le bourg;M;0;0;460
201400004010;14;8;19;1930;1;2;1;1;3;208;chemin de la COUZEDOUME;M;4486556;162120;460
201400004011;14;9;13;1115;1;1;1;1;7;118;;M;4498657;146898;460
201400004012;14;11;14;15;3;1;1;2;6;330;;M;4494121;170175;460
201400004013;14;12;5;1845;3;1;1;8;1;220;;M;4486585;149857;460
201400004014;14;7;15;1830;1;1;1;1;1;17;LIEU DIT BOUCAGNERE;M;4278651;21279;650
201400004015;14;2;18;1715;1;2;1;1;3;235;42 route de lourdes;M;4319775;3148;650
201400004016;14;5;1;2215;5;2;1;2;6;83;27 rue de l'adour;M;4317700;10100;650
201400004017;14;5;23;1800;1;1;1;1;1;340;;M;4327018;10574;650
201400004018;14;5;28;1130;1;1;1;2;1;235;;M;4320141;3932;650
201400004019;14;7;11;215;5;2;1;1;6;313;;M;4317436;8945;650
201400004020;14;7;19;1530;1;1;1;1;5;252;;M;4316663;-11055;650
201400004021;14;10;9;1215;1;1;2;8;5;10;AVENUE DE TOULOUSE;M;4319706;15652;650
201400004022;14;11;25;1345;1;1;6;1;6;284;ROND POINT AEROPORT;M;4318377;1156;650
201400004023;14;4;8;1615;1;1;1;1;6;148;;M;4326201;50437;650
201400004024;14;10;27;1130;1;1;1;1;6;183;D 41;M;4321497;40422;650
201400004025;14;3;24;1915;1;1;1;2;6;304;;M;4347745;4229;650
201400004026;14;2;14;1830;2;1;2;1;6;375;;M;4338524;15171;650
201400004027;14;11;12;1645;1;2;1;1;6;304;577  AV. DE BORDEAUX;M;4346977;2821;650
201400004028;14;2;11;800;2;1;1;2;6;20;;M;4310018;2638;650
201400004029;14;4;4;1945;1;2;1;1;7;473;rue du Couscouillet;M;4295727;-6440;650
201400004030;14;12;29;1700;1;1;1;8;6;21;D 13;M;4298489;-11644;650
201400004031;14;5;22;1315;1;1;1;1;6;32;;M;0;0;650
201400004032;14;6;14;1130;1;1;1;1;1;267;CHEMIN DE CATIBERE;M;4299035;-9703;650
201400004033;14;8;27;1915;1;1;1;1;7;32;ROUTE DU SOULOR;M;4296293;-23539;650
201400004034;14;11;30;1145;1;1;1;1;7;428;D 13;M;4297320;-15268;650
201400004035;14;1;21;1100;1;1;1;1;6;210;;M;4289000;-5920;650
201400004036;14;2;8;1800;5;2;1;3;6;295;avenue de ST SAUVEUR;M;4286796;-993;650
201400004037;14;8;27;1430;1;1;1;1;1;463;;M;4287849;2184;650
201400004038;14;1;16;1;5;2;1;1;6;59;Rue Paul BERT;M;4306350;15285;650
201400004039;14;1;29;1415;1;1;1;1;3;320;;M;4312619;11639;650
201400004040;14;8;16;1030;1;2;9;1;6;59;all?s des 3 fr?res duthu;M;4306281;15010;650
201400004041;14;9;17;1200;1;1;1;1;1;338;;M;0;0;650
201400004042;14;2;7;1345;1;2;1;1;3;258;837 rue Bellevue;M;4311533;39312;650
201400004043;14;3;6;1830;2;2;1;1;4;258;;M;4312161;38537;650
201400004044;14;5;3;400;5;2;1;2;6;363;RD817;M;0;0;650
201400004045;14;6;29;430;3;2;1;8;6;127;rue de provence -D 81;M;4311720;31520;650
201400004046;14;10;7;1800;1;2;3;1;2;287;avenue de Luchon;M;4301882;61117;650
201400004047;14;10;31;2230;1;1;1;1;6;394;;M;0;0;650
201400004048;14;12;8;1830;3;1;1;3;1;394;D817;M;0;0;650
201400004049;14;10;30;1700;1;2;8;1;3;482;Route de la gare;M;4309949;44012;650
201400004050;14;1;16;1030;1;2;1;2;1;50;Carrefour d'Avajan;M;4284583;40969;650
201400004051;14;5;20;615;2;1;1;2;6;99;;M;0;0;650
201400004052;14;5;23;1800;1;1;1;1;1;408;QUARTIER REBOUC;M;4298260;37536;650
201400004053;14;6;27;1736;1;1;1;1;4;218;;M;4388130;217134;810
201400004054;14;4;19;1830;1;2;1;1;5;48;RD 90 LA GAMASSE;M;4397720;215385;810
201400004055;14;8;16;330;3;1;1;1;7;114;;M;4403700;209300;810
201400004056;14;11;1;1650;1;1;1;7;6;319;;M;4401060;205528;810
201400004057;14;11;8;1530;1;1;2;1;3;319;;M;4400330;203897;810
201400004058;14;11;15;1715;2;1;1;8;3;319;;M;4399720;201441;810
201400004059;14;2;25;900;1;2;1;1;6;222;31 BOULEVARD GAMBETTA;M;4377540;218771;810
201400004060;14;6;17;1430;1;1;1;1;3;260;;M;4377840;223256;810
201400004061;14;11;12;730;2;2;6;1;7;222;ROND-POINT PIERRE PLANT;M;4377090;218124;810
201400004062;14;2;17;1130;1;1;4;1;1;186;;M;4407960;229339;810
201400004063;14;5;21;1000;1;1;1;6;1;13;;M;4401030;230100;810
201400004064;14;2;13;515;3;1;1;1;6;74;LIEU DIT LA BOURIETTE;M;4391660;223898;810
201400004065;14;4;19;2015;3;1;1;1;6;203;;M;4385930;241718;810
201400004066;14;7;11;1600;1;1;1;8;6;317;;M;4388840;233453;810
201400004067;14;7;12;2145;2;1;1;2;1;295;;M;4384450;231440;810
201400004068;14;12;19;15;3;1;1;5;6;97;;M;4386100;223500;810
201400004069;14;1;28;800;2;2;1;2;6;238;AV. MEDITERRAN?E;M;4347770;248991;810
201400004070;14;2;6;1445;1;2;1;1;4;105;3 rue de la mégisserie;M;4375600;199100;810
201400004071;14;6;9;2045;1;2;1;1;7;105;PLACE DE LA REPUBLIQUE;M;4376070;198861;810
201400004072;14;10;28;1000;1;2;1;7;3;105;boulevard de la casse;M;4376900;200100;810
201400004073;14;12;19;1130;1;1;1;8;2;105;;M;4376800;204199;810
201400004074;14;12;29;815;1;2;1;1;6;105;La ventenay?;M;0;0;810
201400004075;14;7;31;1230;1;1;9;1;3;31;;M;0;0;810
201400004076;14;7;31;1430;1;1;1;1;6;124;;M;4371590;264996;810
201400004077;14;1;19;1430;1;1;6;1;6;140;;M;4369190;180060;810
201400004078;14;3;27;1500;1;1;1;1;2;104;;M;4377210;176958;810
201400004079;14;4;4;1515;1;1;1;2;1;271;;M;4377760;166819;810
201400004080;14;6;23;645;1;1;1;2;3;104;;M;4375090;179866;810
201400004081;14;7;27;1745;1;2;6;1;3;140;ROND POINT LES SILOS;M;4371229;182140;810
201400004082;14;8;16;330;5;2;6;1;6;140;ROUTE DE GAILLAC;M;4371230;182146;810
201400004083;14;9;9;1020;1;1;6;1;2;104;;M;4374900;181851;810
201400004084;14;9;22;1700;1;1;1;1;3;104;;M;4376850;177289;810
201400004085;14;9;27;1245;1;2;6;1;3;140;ROND POINT ST ROCH;M;4370167;182059;810
201400004086;14;11;7;345;3;1;1;1;6;271;;M;4375470;166244;810
201400004087;14;11;7;1115;1;1;2;2;3;104;;M;4376750;177988;810
201400004088;14;11;12;1715;1;1;1;1;5;104;;M;4374880;181379;810
201400004089;14;11;17;1645;1;1;1;1;1;140;;M;4370820;178344;810
201400004090;14;11;19;1515;1;1;1;1;1;140;;M;4369210;181748;810
201400004091;14;12;18;1800;5;2;1;2;6;140;all?es F?reol Mazas;M;4370500;180400;810
201400004092;14;9;27;1430;1;1;1;1;6;221;;M;0;0;810
201400004093;14;10;5;1715;1;1;1;1;6;182;;M;4372240;239272;810
201400004094;14;11;10;1600;1;1;1;7;6;182;;M;4374860;240078;810
201400004095;14;1;23;845;1;1;2;2;3;92;LIEU DIT LA SICARDE;M;4372280;192724;810
201400004096;14;3;22;1645;1;1;1;2;2;109;;M;4364810;213500;810
201400004097;14;5;23;1245;1;1;1;1;7;40;;M;4371700;208260;810
201400004098;14;6;14;1015;1;1;1;1;4;273;;M;4357870;214738;810
201400004099;14;6;14;1915;1;1;1;1;6;139;;M;4372190;214347;810
201400004100;14;9;27;1645;1;1;1;1;6;250;;M;4376100;216564;810
201400004101;14;12;14;530;3;1;1;1;6;315;;M;4362610;211566;810
201400004102;14;12;18;900;1;1;1;1;1;92;;M;0;0;810
201400004103;14;12;23;2200;5;1;6;5;6;315;;M;0;0;810
201400004104;14;1;9;1515;1;1;2;1;1;93;LIEU DIT MOULAYROLLES;M;4387960;202091;810
201400004105;14;2;4;755;2;2;1;1;3;294;LES PIGOTS;M;4386490;192220;810
201400004106;14;2;16;545;3;1;1;2;6;99;;M;4390440;186510;810
201400004107;14;2;18;1745;1;2;1;1;6;99;rue du Château du roi;M;4389657;189867;810
201400004108;14;3;25;715;2;1;1;8;6;225;;M;4391920;196452;810
201400004109;14;4;6;315;5;2;6;1;7;99;AVENUE SAINT EXUPERY;;;;810
201400004110;14;4;27;1345;1;1;1;2;5;99;;M;4391220;183562;810
201400004111;14;4;27;2045;3;1;1;1;6;131;;M;4390400;195874;810
201400004112;14;5;19;815;1;2;1;1;6;99;AVENUE JEAN CALVET;M;4390000;189972;810
201400004113;14;6;16;2015;1;2;9;1;2;99;AVENUE SAINT EXUPERY;M;4390160;188983;810
201400004114;14;6;18;1645;1;1;1;1;5;117;;M;4379240;197927;810
201400004115;14;7;27;1930;1;2;1;1;6;99;CHEMIN DES SOURCES;M;4390800;190700;810
201400004116;14;8;23;1100;1;2;1;1;3;99;AVENUE SAINT EXUPERY;M;4390300;188700;810
201400004117;14;9;27;300;3;1;1;1;6;38;;M;4388360;192050;810
201400004118;14;10;1;1745;1;1;2;1;3;99;;M;4393200;191300;810
201400004119;14;10;23;1015;1;2;6;1;3;99;rue georges clemenceau;M;4390200;190200;810
201400004120;14;10;25;745;2;1;1;1;6;99;;M;4389200;187200;810
201400004121;14;10;30;1920;3;1;2;1;3;225;;M;4391980;198516;810
201400004122;14;11;17;1900;3;1;1;2;6;131;;M;4388860;197349;810
201400004123;14;12;11;2300;3;1;1;5;6;99;;M;4388840;187317;810
201400004124;14;3;1;1845;1;2;1;1;1;89;38 av table de pierre;M;4574000;475800;690
201400004125;14;2;28;1015;1;2;1;1;6;89;88 Avenue du chater;M;0;0;690
201400004126;14;4;11;2230;5;1;1;1;1;89;;M;4575400;476000;690
201400004127;14;5;20;1430;1;2;1;1;6;69;22 rue centrale;M;0;0;690
201400004128;14;7;21;1715;1;2;1;9;6;89;8 grande rue;M;4575900;477200;690
201400004129;14;9;8;730;1;2;1;1;6;69;107 avenue ed. millaud;M;0;0;690
201400004130;14;10;31;2045;5;2;1;1;1;69;405 rue du 11 novembre;M;0;0;690
201400004131;14;9;27;1430;1;1;1;1;2;157;RN2;M;4935536;339386;20
201400004132;14;10;11;645;5;2;1;1;1;408;24, CHRIST (RUE FERNAND);M;4957049;360587;20
201400004133;14;11;1;1000;1;2;6;1;2;408;VOLTAIRE (RUE);M;4957119;365505;20
201400004134;14;11;20;1900;5;2;3;1;6;157;12, RUE DESCARTE;M;4958859;364879;20
201400004135;14;12;8;1350;1;2;2;2;3;408;;M;4956766;359869;20
201400004136;14;12;19;815;2;1;3;8;3;408;RD 651;M;4932410;335020;20
201400004137;14;1;15;2030;5;2;4;2;6;408;HOUSSAYE (RUE ARSENE);M;4955743;362818;20
201400004138;14;4;9;16;5;2;1;1;6;408;78, PASTEUR (RUE);M;4956182;363293;20
201400004139;14;1;29;1010;1;2;1;2;6;408;ROMANETTE (RUELLE);M;4955299;360695;20
201400004140;14;1;30;1135;1;2;2;1;3;408;BLUM (RUE LEON);M;4956317;364061;20
201400004141;14;2;8;1;5;2;2;8;3;408;94, GALLET (RUE JACQUES);M;4957527;363393;20
201400004142;14;1;28;2030;3;2;2;8;3;408;ENFER (RUE D');M;4957062;359531;20
201400004143;14;3;24;830;1;2;1;1;6;408;PERI (RUE GABRIEL);M;4957062;359641;20
201400004144;14;4;4;1350;1;2;3;1;3;408;rue francois miterrand;M;4957643;363255;20
201400004145;14;4;9;1415;1;1;1;1;2;408;RD 1044;;;;20
201400004146;14;5;16;1400;1;1;1;1;5;28;RD1044;;;;20
201400004147;14;7;24;1720;1;2;1;3;6;408;12, PREVERT (PLACE JACQU;M;4955176;362003;20
201400004148;14;8;29;1225;1;1;1;1;1;408;RN2;;;;20
201400004149;14;9;4;1722;1;2;1;1;1;408;25, FOCH (AVENUE DU MARE;M;4955506;360554;20
201400004150;14;1;12;1345;1;1;1;1;3;64;;M;4396820;181376;810
201400004151;14;4;23;1515;1;1;2;1;3;80;;M;4402269;194020;810
201400004152;14;7;25;1500;1;1;1;3;1;51;;M;4396150;190535;810
201400004153;14;7;26;1830;1;1;2;1;3;108;;M;4404900;188400;810
201400004154;14;8;9;2315;5;1;1;1;6;51;;M;4401700;191600;810
201400004155;14;9;15;1100;1;1;1;1;6;262;;M;4407880;201886;810
201400004156;14;2;12;1645;1;2;2;1;3;145;INTER RD 988- RD 10;M;4385340;180450;810
201400004157;14;3;25;500;3;1;3;1;6;178;;M;4391860;159620;810
201400004158;14;4;19;1200;1;1;1;1;7;220;;M;4384150;176239;810
201400004159;14;5;25;2130;3;1;1;3;6;70;;M;4381870;174284;810
201400004160;14;7;20;405;3;1;1;2;6;220;;M;4383840;175623;810
201400004161;14;7;31;1715;1;1;1;1;3;220;;M;4380930;170699;810
201400004162;14;11;5;1430;1;2;1;7;6;220;promenade des lices;M;4382600;172400;810
201400004163;14;11;10;1445;1;2;1;1;3;220;D988;M;4383200;173400;810
201400004164;14;12;19;2030;3;1;1;2;3;145;;M;4391300;182000;810
201400004165;14;1;14;645;2;1;1;2;6;66;;M;4351970;231054;810
201400004166;14;1;25;1130;1;1;1;2;7;55;;M;4344000;204800;810
201400004167;14;4;11;1330;1;1;1;1;3;65;;M;4358640;227203;810
201400004168;14;8;9;1130;1;2;1;1;1;2;RUE DE LA MAIRIE;M;4349390;231774;810
201400004169;14;1;20;1200;1;1;1;2;6;50;LIEU DIT EN DONAT;M;4359260;186278;810
201400004170;14;2;8;1245;1;1;4;7;1;32;;M;4353970;201072;810
201400004171;14;3;19;1315;1;1;1;1;6;50;;M;4358200;183108;810
201400004172;14;4;5;1745;1;1;1;7;3;32;;M;4353600;201009;810
201400004173;14;8;22;152;5;1;1;1;1;54;;M;4357490;214150;810
201400004174;14;9;21;2100;4;1;1;1;7;219;;M;4359800;200100;810
201400004175;14;12;27;2015;3;1;2;3;5;200;;M;4349000;201399;810
201400004176;14;1;7;1115;1;1;1;1;2;110;;M;0;0;820
201400004177;14;2;14;1430;1;2;1;1;5;179;76 av Marcel Lacassagne;M;0;0;820
201400004178;14;2;23;1800;2;1;1;7;7;110;;M;0;0;820
201400004179;14;3;6;1300;1;1;1;1;6;113;;M;0;0;820
201400004180;14;3;2;1430;1;1;1;1;7;149;;M;0;0;820
201400004181;14;3;17;1130;1;1;4;1;1;37;;M;0;0;820
201400004182;14;4;6;2200;3;1;1;1;6;126;;M;0;0;820
201400004183;14;4;6;915;1;2;1;1;6;37;41 avenue du général lec;M;4416170;154128;820
201400004184;14;4;20;1615;1;1;1;2;7;140;;M;4410100;131930;820
201400004185;14;5;9;1845;1;1;1;1;7;113;;M;0;0;820
201400004186;14;5;20;1700;1;1;1;1;2;37;;M;0;0;820
201400004187;14;6;6;1030;1;1;1;1;6;76;;M;0;0;820
201400004188;14;6;7;1930;1;1;1;1;6;195;;M;0;0;820
201400004189;14;7;11;1500;1;2;1;1;6;37;116 av Edouard Herriot;M;0;0;820
201400004190;14;7;29;1630;1;2;1;1;1;90;24  Grande  rue D' ARDUS;M;0;0;820
201400004191;14;8;7;1800;1;2;1;1;6;149;Les promenades;M;0;0;820
201400004192;14;8;15;1545;1;1;1;1;1;37;;M;0;0;820
201400004193;14;9;19;1930;2;1;1;1;1;113;;M;0;0;820
201400004194;14;9;21;1645;1;1;1;1;3;77;;M;0;0;820
201400004195;14;9;29;645;2;1;1;9;1;37;;M;0;0;820
201400004196;14;10;10;1330;1;1;1;1;6;87;;M;0;0;820
201400004197;14;10;16;745;1;1;1;1;6;37;;M;0;0;820
201400004198;14;11;2;1500;1;1;1;1;7;149;;M;0;0;820