num_acc;an;mois;jour;hrmn;lum;agg;int;atm;col;com;adr;gps;lat;long;dep
201400004199;14;12;19;945;1;1;1;1;1;76;;M;0;0;820
201400004200;14;12;9;945;1;1;1;1;6;126;;M;0;0;820
201400004201;14;12;29;615;3;1;1;1;6;179;;M;0;0;820
201400004202;14;9;6;1315;1;1;1;1;1;187;;M;0;0;820
201400004203;14;2;20;1530;1;1;1;1;6;134;;M;0;0;820
201400004204;14;3;3;1830;3;1;1;4;6;161;;M;4404800;144200;820
201400004205;14;3;11;1930;2;2;1;1;6;2;Rue de la Lib?ration;M;4409400;145300;820
201400004206;14;4;2;1845;1;1;1;1;6;134;;M;0;0;820
201400004207;14;5;3;1745;1;1;1;1;1;98;;M;4401310;143885;820
201400004208;14;5;22;715;1;1;1;1;2;134;;M;0;0;820
201400004209;14;7;8;2200;5;2;1;1;6;2;Impasse Cr?dit Agricole;M;0;0;820
201400004210;14;8;8;1815;1;1;1;1;3;161;;M;0;0;820
201400004211;14;8;26;1430;1;1;1;1;1;161;;M;0;0;820
201400004212;14;9;24;845;1;1;1;1;6;26;;M;0;0;820
201400004213;14;10;5;1045;1;2;1;1;1;134;RD115;M;0;0;820
201400004214;14;10;24;1800;1;1;1;1;7;161;;M;0;0;820
201400004215;14;12;24;330;3;1;1;5;6;66;;M;0;0;820
201400004216;14;1;16;915;1;1;1;1;6;155;;M;0;0;820
201400004217;14;2;10;1415;1;1;1;2;7;38;;M;0;0;820
201400004218;14;3;25;1030;1;1;1;2;6;38;;M;0;0;820
201400004219;14;4;21;1530;1;1;1;7;7;155;;M;4415100;173950;820
201400004220;14;5;9;1745;1;1;1;8;7;187;;M;0;0;820
201400004221;14;9;29;930;1;1;1;1;6;38;;M;0;0;820
201400004222;14;1;2;1600;1;2;1;1;6;13;;M;4386100;94600;820
201400004223;14;1;20;900;1;1;1;2;3;93;;M;0;0;820
201400004224;14;1;21;930;1;2;1;1;7;13;Avenue du Languedoc;M;0;0;820
201400004225;14;5;18;1745;1;1;1;1;6;67;;M;0;0;820
201400004226;14;6;29;1115;1;1;1;1;7;55;;M;0;0;820
201400004227;14;6;30;1500;1;1;1;1;6;34;;M;0;0;820
201400004228;14;8;25;1500;1;1;1;1;3;97;;M;0;0;820
201400004229;14;1;31;745;5;1;1;1;6;48;;M;4387400;128000;820
201400004230;14;2;20;1930;3;1;1;1;1;75;;M;4384400;130000;820
201400004231;14;3;9;600;3;1;1;1;6;44;;M;0;0;820
201400004232;14;3;11;1330;1;1;1;1;7;75;;M;4383900;129700;820
201400004233;14;8;4;945;1;1;1;3;6;48;;M;0;0;820
201400004234;14;8;13;1430;1;1;1;1;7;167;;M;0;0;820
201400004235;14;8;21;1830;1;1;1;1;3;194;;M;0;0;820
201400004236;14;9;27;145;5;2;6;1;7;17;route de toulouse;M;0;0;820
201400004237;14;11;1;545;2;1;1;5;7;28;;M;0;0;820
201400004238;14;12;20;2330;3;1;1;1;6;75;;M;0;0;820
201400004239;14;1;30;1000;1;1;2;1;1;24;;M;4424800;97500;820
201400004240;14;3;29;1415;1;1;1;1;6;117;;M;4433800;100699;820
201400004241;14;6;6;1545;1;1;1;1;7;151;;M;0;0;820
201400004242;14;6;14;815;1;1;2;1;3;42;;M;4419400;122200;820
201400004243;14;6;28;1900;1;1;1;2;6;94;;M;0;0;820
201400004244;14;7;13;1500;1;1;1;2;6;60;;M;0;0;820
201400004245;14;7;20;745;1;1;1;1;7;94;;M;0;0;820
201400004246;14;8;12;1900;1;1;9;1;6;94;;M;0;0;820
201400004247;14;9;7;1400;1;1;1;1;6;185;;M;0;0;820
201400004248;14;4;19;1115;1;2;1;1;3;112;boulevard de brienne;M;4410340;108126;820
201400004249;14;5;26;1130;1;2;3;2;3;112;rue ren? coty;M;0;0;820
201400004250;14;6;15;1830;1;1;1;1;7;80;;M;0;0;820
201400004251;14;6;21;130;3;2;1;1;6;169;RD 15 Route du plan d'ea;M;0;0;820
201400004252;14;9;13;615;3;1;1;1;6;101;;M;0;0;820
201400004253;14;9;28;1730;1;1;1;8;7;169;;M;0;0;820
201400004254;14;10;11;1745;1;2;1;1;3;101;chemin de mailluc;M;0;0;820
201400004255;14;11;1;1830;3;1;1;1;5;19;;M;0;0;820
201400004256;14;11;2;1030;1;1;6;1;3;112;;M;0;0;820
201400004257;14;10;8;1830;2;2;1;1;7;108;;M;0;0;820
201400004258;14;11;27;1830;3;1;3;1;3;112;;M;0;0;820
201400004259;14;11;29;100;3;1;1;1;6;101;;M;0;0;820
201400004260;14;11;29;1730;2;1;1;3;1;170;;M;0;0;820
201400004261;14;1;17;1630;1;1;1;1;3;190;;M;0;0;820
201400004262;14;2;26;1245;1;1;1;1;6;125;;M;0;0;820
201400004263;14;5;5;1300;1;1;1;1;1;25;;M;4394670;129689;820
201400004264;14;6;6;2030;1;2;1;1;3;190;rue Joliot Curie;M;0;0;820
201400004265;14;6;10;1645;1;1;1;1;1;5;;M;0;0;820
201400004266;14;7;12;1615;1;2;1;1;3;171;RD813 ROUTE DE CASTELSA;M;0;0;820
201400004267;14;9;3;2315;3;1;1;1;6;23;;M;0;0;820
201400004268;14;10;17;1400;1;2;2;1;3;62;RD813 /rue jean lacaze;M;0;0;820
201400004269;14;10;28;1900;2;2;1;1;6;190;1180 ROUTE D'AUCAMVILLE;M;0;0;820
201400004270;14;11;6;1745;1;1;1;1;6;125;;M;0;0;820
201400004271;14;11;14;1900;3;1;1;3;6;105;;M;4389400;110100;820
201400004272;14;11;20;800;1;2;1;1;1;190;Avenue Carnot;M;0;0;820
201400004273;14;12;7;2100;3;1;1;1;6;5;;M;0;0;820
201400004274;14;12;13;1315;1;1;1;1;6;178;;M;0;0;820
201400004275;14;7;25;1045;1;1;2;3;3;186;;M;0;0;820
201400004276;14;2;3;815;1;2;1;1;6;72;chemin du pelosset;M;4580300;474700;690
201400004277;14;3;31;830;1;2;1;1;7;127;131 avenue jean collomb;M;0;0;690
201400004278;14;4;26;200;5;2;1;1;3;127;avenue Marcel m?rieux;M;0;0;690
201400004279;14;5;16;300;3;2;1;1;6;72;RTE DE LA TOUR DE SALVAG;M;0;0;690
201400004280;14;5;24;1600;1;1;1;1;6;76;;M;0;0;690
201400004281;14;5;31;1545;1;1;1;1;1;55;;M;4589200;480100;690
201400004282;14;7;18;1845;1;2;6;1;1;72;17 Chemin de Charri?re;M;4582700;475800;690
201400004283;14;9;12;1415;1;1;1;1;3;72;;M;4582800;473500;690
201400004284;14;11;13;800;1;2;1;1;6;72;40 rue de la gare;M;0;0;690
201400004285;14;11;16;500;5;1;1;8;6;72;;M;0;0;690
201400004286;14;12;20;845;1;1;1;2;6;76;;M;0;0;690
201400004287;14;1;13;1645;2;1;6;2;7;55;;M;0;0;690
201400004288;14;3;9;2030;3;1;1;1;1;125;;M;4587500;473700;690
201400004289;14;3;14;2045;5;1;1;1;3;116;;M;0;0;690
201400004290;14;5;19;645;2;2;6;1;3;194;;M;0;0;690
201400004291;14;5;9;1700;1;2;1;1;2;117;CD 306;M;0;0;690
201400004292;14;5;31;2000;1;2;1;1;3;116;route du puy d'or;M;0;0;690
201400004293;14;6;24;1845;1;2;1;1;5;40;RUE LOUIS JUTTET;M;0;0;690
201400004294;14;7;10;1015;1;2;1;2;5;116;351 chemin du paisy;M;0;0;690
201400004295;14;7;24;815;1;2;1;1;1;116;chemin de champivost;M;0;0;690
201400004296;14;8;20;1845;1;1;3;1;5;55;;M;0;0;690
201400004297;14;9;6;1100;1;1;1;1;2;116;;M;0;0;690
201400004298;14;9;13;1145;1;1;1;1;1;59;;M;0;0;690
201400004299;14;10;8;745;1;2;1;1;3;116;D42 - Ave G. DE GAULLE;M;4584200;477200;690
201400004300;14;10;29;1530;1;2;9;1;1;116;chemin de paisy;M;0;0;690
201400004301;14;10;30;2045;3;1;1;1;7;194;;M;0;0;690
201400004302;14;12;14;1715;5;2;1;1;1;116;route de belle vue;M;0;0;690
201400004303;14;12;20;1145;1;1;1;2;1;116;;M;0;0;690
201400004304;14;1;10;815;1;2;1;1;3;163;D 51, le Grand Veissieux;M;0;0;690
201400004305;14;1;27;1215;1;2;1;1;6;143;LYCEE ROSA PARKS;M;0;0;690
201400004306;14;3;8;1400;1;2;1;1;1;68;Rue Gabriel P?ri;M;0;0;690
201400004307;14;4;28;1745;1;1;1;1;3;163;;M;0;0;690
201400004308;14;5;3;1830;1;2;6;1;3;143;rond point quai Pasteur;M;0;0;690
201400004309;14;6;8;1730;1;1;1;1;1;3;;M;4587400;483500;690
201400004310;14;7;4;2100;1;1;6;1;3;143;;M;0;0;690
201400004311;14;8;10;430;5;2;1;1;2;143;;M;0;0;690
201400004312;14;8;23;1715;1;2;1;1;1;3;Avenue Barbusse;M;0;0;690
201400004313;14;9;2;1315;1;2;1;1;6;68;5 rue de la r?publique;M;0;0;690
201400004314;14;9;2;1745;1;2;1;1;2;153;ROUTE DE LA ROCHE;M;0;0;690
201400004315;14;5;30;1805;1;2;9;1;6;384;rue Philippe de Lassalle;M;4577892;482052;690
201400004316;14;9;22;1815;1;1;1;1;3;163;;M;0;0;690
201400004317;14;10;12;1745;1;1;1;3;1;143;;M;4589500;486000;690
201400004318;14;11;28;945;1;1;1;1;6;143;;M;0;0;690
201400004319;14;11;28;1215;1;2;1;1;6;143;8 avenue carnot;M;0;0;690
201400004320;14;4;24;1625;1;2;0;;3;901;;;;;690
201400004321;14;2;24;1315;1;1;1;1;2;204;;M;4569500;476700;690
201400004322;14;5;16;1730;1;2;1;1;3;204;130, Avenue de Gadagne;M;0;0;690
201400004323;14;9;1;1345;1;2;1;1;3;204;;M;4570300;479600;690
201400004324;14;9;12;2215;5;2;1;1;7;204;;M;0;0;690
201400004325;14;10;17;2030;5;2;1;1;3;204;36 avenue clemenceau;M;4571300;479900;690
201400004326;14;10;20;1700;1;2;6;1;1;204;Rond Point des Valli?res;M;0;0;690
201400004327;14;1;9;1400;1;1;1;1;7;288;;M;0;0;690
201400004328;14;2;17;1115;1;2;1;2;3;298;RD 149;M;4565400;498600;690
201400004329;14;2;20;2000;3;1;6;1;1;288;;M;0;0;690
201400004330;14;2;25;900;3;1;1;1;4;289;;M;0;0;690
201400004331;14;3;9;1700;1;1;9;1;1;288;;M;0;0;690
201400004332;14;3;14;815;1;2;1;1;3;288;avenue mar?chal juin;M;0;0;690
201400004333;14;3;14;1145;1;2;1;1;3;289;route de la garenne;M;0;0;690
201400004334;14;4;3;830;1;1;1;1;3;298;;M;0;0;690
201400004335;14;5;10;1430;1;2;6;1;6;289;route de givors;M;0;0;690
201400004336;14;5;13;800;1;1;1;2;3;289;;M;4565600;501800;690
201400004337;14;5;28;1700;1;2;1;1;1;298;Route de givors CD 149;M;0;0;690
201400004338;14;7;19;1845;1;1;1;1;1;288;;M;0;0;690
201400004339;14;8;6;1100;1;1;1;1;7;288;;M;0;0;690
201400004340;14;9;29;1615;1;1;1;1;1;289;;M;4565900;501300;690
201400004341;14;11;1;1400;1;2;1;1;3;287;;M;0;0;690
201400004342;14;11;7;2200;3;2;6;1;6;298;ROUTE DE GIVORS;M;0;0;690
201400004343;14;11;14;2200;3;2;1;3;3;298;route de givors;M;0;0;690
201400004344;14;12;18;1415;1;1;1;1;1;287;;M;4568200;500700;690
201400004345;14;1;24;700;5;2;1;3;6;273;112 avenue du 8 mai 1945;M;0;0;690
201400004346;14;3;6;1945;5;1;1;1;1;273;;M;4569300;491600;690
201400004347;14;3;17;1715;1;2;1;7;3;270;;M;0;0;690
201400004348;14;6;23;1900;1;2;1;1;7;273;Rue marcel Meyrieu;M;0;0;690
201400004349;14;6;30;1100;1;2;7;1;6;270;Place Charles De Gaulle;M;4563200;493600;690
201400004350;14;6;30;1800;1;2;1;1;1;270;;M;0;0;690
201400004351;14;7;12;1215;1;1;1;8;6;270;;M;4562600;498200;690
201400004352;14;11;10;1530;1;1;1;1;3;281;;M;0;0;690
201400004353;14;11;14;645;2;2;9;1;6;273;04 avenue du 24 ao?t 194;M;0;0;690
201400004354;14;11;28;730;1;1;1;1;5;281;;M;0;0;690
201400004355;14;1;7;430;3;1;1;1;1;208;;M;0;0;690
201400004356;14;1;14;845;1;1;1;2;5;112;;M;0;0;690
201400004357;14;2;4;2215;3;1;1;6;6;57;;M;0;0;690
201400004358;14;3;1;1045;1;2;1;1;1;171;RD 389;M;0;0;690
201400004359;14;3;10;1600;1;2;9;1;3;177;le pralong;M;0;0;690
201400004360;14;4;14;1530;1;2;1;1;1;175;route du CABRILLON;M;0;0;690
201400004361;14;4;22;815;1;2;1;1;1;175;lieu dit hameau de la Ma;;;;690
201400004362;14;6;16;1100;1;2;1;1;6;10;3 rue charles de gaulle;M;0;0;690
201400004363;14;6;28;1530;1;1;1;1;1;171;;M;0;0;690
201400004364;14;6;28;1800;1;1;1;2;7;83;;M;0;0;690
201400004365;14;7;7;845;1;2;1;8;3;21;route de bibost;;;;690
201400004366;14;7;10;2015;1;1;1;1;1;21;;M;0;0;690
201400004367;14;9;6;1130;1;2;1;1;1;10;quai de la br?venne;M;0;0;690
201400004368;14;9;19;1915;1;1;1;8;5;21;;M;0;0;690
201400004369;14;9;23;1600;1;2;1;1;6;10;33 BIS RUE GABRIEL PERI;M;4583700;460100;690
201400004370;14;9;26;115;5;2;1;1;6;171;Les ragots;M;0;0;690
201400004371;14;11;19;730;2;1;6;5;6;86;;M;0;0;690
201400004372;14;11;27;2015;3;1;1;1;7;112;;M;0;0;690
201400004373;14;11;28;1745;5;1;1;1;5;10;;M;0;0;690
201400004374;14;12;4;1445;1;2;1;1;1;10;rue claude terrasse;M;0;0;690
201400004375;14;12;28;2130;3;2;1;2;1;32;;;;;690
201400004376;14;5;11;430;3;1;1;1;6;99;;M;4570700;438600;690
201400004377;14;5;16;1330;1;1;1;1;2;178;;M;4570000;445200;690
201400004378;14;7;2;1700;1;1;1;1;2;98;;M;0;0;690
201400004379;14;10;5;1300;1;1;1;2;7;99;;M;0;0;690
201400004380;14;1;14;1330;1;2;1;1;6;238;avenue Emmanuel Cl?ment;M;0;0;690
201400004381;14;1;31;1700;1;1;1;8;1;227;;M;0;0;690
201400004382;14;4;13;1900;1;1;3;1;3;155;;M;0;0;690
201400004383;14;6;22;1930;1;2;2;1;2;238;Rue de la Guilleti?re;M;0;0;690
201400004384;14;9;4;1915;1;1;1;1;1;110;;M;0;0;690
201400004385;14;11;24;1400;1;1;1;1;7;227;;M;0;0;690
201400004386;14;3;8;430;3;1;1;1;6;249;;M;4567200;464600;690
201400004387;14;4;24;1700;1;1;1;1;1;269;;M;0;0;690
201400004388;14;4;27;1700;1;1;1;2;7;221;;M;4572100;464500;690
201400004389;14;5;6;1445;1;1;1;1;6;131;;M;0;0;690
201400004390;14;5;20;2100;5;2;1;1;6;255;route de Lyon;M;0;0;690
201400004391;14;6;5;730;1;1;1;1;1;28;;M;0;0;690
201400004392;14;7;14;1915;1;1;1;7;3;94;;M;0;0;690
201400004393;14;8;20;815;1;1;1;1;7;190;;M;0;0;690
201400004394;14;9;5;1815;1;1;1;1;1;249;;M;4567400;459400;690
201400004395;14;9;18;1800;1;1;1;1;6;255;;M;0;0;690
201400004396;14;11;22;2045;3;2;1;1;6;190;40 rue des monts;M;0;0;690
201400004397;14;12;22;1815;3;2;1;1;6;94;;M;0;0;690
201400004398;14;12;23;630;2;2;1;1;6;255;mont?e de lancienne gare;M;0;0;690
201400004399;14;3;28;1730;1;2;1;1;3;272;ROUTE DE MARENNES;M;0;0;690
201400004400;14;4;24;730;2;2;1;1;6;272;route de marennes;M;0;0;690
201400004401;14;6;13;1700;1;1;1;1;1;291;;M;4564600;485700;690
201400004402;14;6;16;1800;1;1;1;1;3;296;;M;0;0;690
201400004403;14;7;18;1700;1;1;1;1;3;296;;M;0;0;690
201400004404;14;9;3;1315;1;2;1;1;1;291;Avenue Burago di Molgora;M;4564000;487100;690
201400004405;14;10;3;815;1;1;1;1;3;291;;M;4560600;485400;690
201400004406;14;11;16;845;3;1;1;2;1;296;;M;0;0;690
201400004407;14;3;16;1430;1;1;1;1;7;148;;M;0;0;690
201400004408;14;3;28;1045;1;1;1;1;1;236;;M;0;0;690
201400004409;14;4;28;1930;1;2;1;1;3;195;RD2;M;0;0;690
201400004410;14;5;15;1315;1;2;1;7;7;176;D25;M;0;0;690
201400004411;14;6;22;1445;1;2;1;1;6;228;Lieu dit la roussilli?re;M;4556100;464100;690
201400004412;14;6;22;1145;1;1;1;1;1;148;;M;0;0;690
201400004413;14;8;19;1615;1;2;1;1;6;141;place de La Poste;M;0;0;690
201400004414;14;10;7;730;2;2;1;1;6;219;502 route de Ravel;M;0;0;690
201400004415;14;10;7;1530;1;1;1;2;1;136;;M;4565300;474700;690
201400004416;14;10;18;1715;1;2;1;1;6;48;route de chaudane;M;0;0;690
201400004417;14;11;13;1715;2;1;3;1;3;141;;M;0;0;690
201400004418;14;12;5;2100;5;2;1;1;2;228;CD 488 la madeleine;M;0;0;690
201400004419;14;12;18;1245;1;1;1;8;6;148;;M;0;0;690
201400004420;14;12;31;1630;1;2;7;1;6;141;boulevard du pilat;M;0;0;690
201400004421;14;1;19;2230;3;1;1;2;3;151;;M;0;0;690
201400004422;14;7;25;1815;1;1;1;1;3;74;;M;0;0;690
201400004423;14;9;1;1815;1;1;1;1;1;215;;M;0;0;690
201400004424;14;9;14;1245;1;1;3;1;3;192;;M;0;0;690
201400004425;14;1;25;2100;3;1;1;1;3;156;;M;0;0;690
201400004426;14;2;15;1900;5;2;1;2;3;9;;M;0;0;690
201400004427;14;3;17;1745;1;1;6;1;4;121;;M;4586300;467300;690
201400004428;14;3;22;2115;5;1;1;1;1;9;;M;0;0;690
201400004429;14;4;1;1730;1;1;1;1;6;9;;M;4592900;470900;690
201400004430;14;4;3;915;1;1;1;1;3;114;;M;0;0;690
201400004431;14;4;17;1115;1;1;6;1;1;121;;M;0;0;690
201400004432;14;5;13;1130;1;1;2;1;3;4;;M;0;0;690
201400004433;14;7;20;1945;1;1;1;8;5;20;;M;4586200;467000;690
201400004434;14;8;8;900;1;1;1;1;1;47;;M;0;0;690
201400004435;14;9;12;2230;5;1;1;1;6;9;;M;0;0;690
201400004436;14;10;28;2000;3;1;1;1;6;9;;M;0;0;690
201400004437;14;2;8;1815;2;1;4;8;1;165;;M;4615000;465400;690
201400004438;14;4;17;1145;1;1;3;1;3;165;;M;0;0;690
201400004439;14;6;20;1830;1;1;3;1;3;162;;M;0;0;690
201400004440;14;7;5;1715;1;2;1;1;1;135;VERSAUX;M;0;0;690
201400004441;14;8;15;1230;1;1;1;2;7;209;;M;0;0;690
201400004442;14;8;17;1630;1;1;1;1;7;12;;M;0;0;690
201400004443;14;11;10;1645;2;1;1;7;3;209;;M;0;0;690
201400004444;14;1;2;1800;3;1;1;1;1;45;;M;0;0;690
201400004445;14;8;10;230;3;1;1;1;7;19;;M;4617500;474700;690
201400004446;14;9;27;1500;1;1;1;1;3;197;;M;0;0;690
201400004447;14;11;8;700;1;1;1;5;1;19;;M;4610100;473100;690
201400004448;14;12;19;715;2;1;1;5;6;206;;M;4604200;468000;690
201400004449;14;1;9;1615;1;1;1;1;1;90;;M;0;0;690
201400004450;14;2;20;1700;1;1;1;1;1;39;;M;0;0;690
201400004451;14;3;2;1415;1;1;1;1;1;245;;M;0;0;690
201400004452;14;3;29;915;1;1;1;1;6;26;;M;0;0;690
201400004453;14;4;6;1545;1;1;1;1;2;111;;M;0;0;690
201400004454;14;4;16;1745;1;2;1;1;6;56;Impasse des Saillants;M;0;0;690
201400004455;14;5;11;1230;1;1;1;1;6;245;;M;0;0;690
201400004456;14;5;26;615;2;1;1;2;5;50;;M;0;0;690
201400004457;14;6;4;1315;1;1;1;8;1;56;;M;4590000;462300;690
201400004458;14;6;10;715;1;1;1;1;1;39;;M;0;0;690
201400004459;14;6;26;1800;1;1;1;1;1;111;;M;4591500;459500;690
201400004460;14;9;21;1000;1;1;1;1;3;239;;M;4591300;451000;690
201400004461;14;11;1;800;1;1;1;5;6;56;;M;0;0;690
201400004462;14;1;26;800;2;1;1;8;6;147;;M;0;0;690
201400004463;14;3;23;2000;5;2;1;2;7;243;Rue emile zola 69170;M;4589600;443000;690
201400004464;14;4;13;930;1;2;1;7;6;243;Rue P?cherie;M;0;0;690
201400004465;14;6;2;1530;1;1;1;1;2;225;;M;4588600;442900;690
201400004466;14;6;10;1045;1;1;1;7;7;169;;M;0;0;690
201400004467;14;7;11;1645;1;1;2;8;3;234;;M;0;0;690
201400004468;14;11;24;1730;5;2;1;1;6;200;90 GRANDE RUE;M;0;0;690
201400004469;14;12;4;1630;2;1;1;8;1;200;;M;0;0;690
201400004470;14;12;24;300;3;1;1;9;6;188;;M;0;0;690
201400004471;14;2;28;1245;1;2;8;2;6;37;passage ? niveau;M;4602400;449700;690
201400004472;14;3;9;1530;1;1;3;7;3;160;;M;4616500;445800;690
201400004473;14;7;26;800;1;1;9;9;3;54;;M;4615900;449100;690
201400004474;14;11;19;1815;5;1;1;2;1;107;;M;4604000;449500;690
201400004475;14;12;20;1745;2;1;1;2;1;60;;M;0;0;690
201400004476;14;1;11;1100;1;2;1;1;3;25;Route de Roanne;M;0;0;690
201400004477;14;1;19;500;3;1;1;3;1;214;;M;0;0;690
201400004478;14;1;22;1015;1;2;1;1;6;248;;M;0;0;690
201400004479;14;3;1;1315;1;1;1;8;1;214;;M;4598800;430500;690
201400004480;14;4;12;1145;1;1;1;1;1;169;;M;0;0;690
201400004481;14;6;27;1200;1;1;1;1;3;70;;M;0;0;690
201400004482;14;7;28;1600;1;2;1;1;3;25;rue de cours;M;0;0;690
201400004483;14;8;29;1130;1;2;1;1;3;6;rue Auguste Villy;M;0;0;690
201400004484;14;9;8;1530;1;1;1;1;1;214;;M;0;0;690
201400004485;14;9;8;815;1;2;1;3;6;248;3 rue Pierre Poizat;M;4603900;430300;690
201400004486;14;12;13;1400;1;1;1;2;1;6;;M;0;0;690
201400004487;14;6;3;1620;1;1;4;1;3;336;;M;4614630;513799;10
201400004488;14;6;16;2115;2;1;1;1;3;65;RD936;M;4619670;516019;10
201400004489;14;9;21;1230;1;1;1;1;6;405;;M;4615860;518530;10
201400004490;14;9;21;1345;1;1;1;1;7;264;L'ETOILE;M;4619000;512866;10
201400004491;14;11;10;1215;1;1;1;1;7;301;;M;4623740;517249;10
201400004492;14;1;19;2045;3;1;1;3;1;254;;M;4616380;526793;10
201400004493;14;1;25;1830;5;1;2;2;3;72;;M;4619180;532123;10
201400004494;14;2;10;715;2;2;2;3;3;350;RUE DU REVERMONT;M;4628730;529778;10
201400004495;14;8;26;1345;1;1;1;1;1;350;;M;4623920;529291;10
201400004496;14;9;30;1730;1;1;1;1;6;350;;M;4629990;530977;10
201400004497;14;12;21;1130;1;1;1;1;1;125;;;;;10
201400004498;14;1;22;1200;1;1;1;1;6;94;;M;4644720;500867;10
201400004499;14;2;18;815;1;1;1;1;6;266;;M;4633160;510169;10
201400004500;14;4;5;2000;2;2;1;7;6;115;LOGIS NEUF;M;4625640;505269;10
201400004501;14;5;3;1745;1;2;1;1;6;367;;M;4640060;511323;10
201400004502;14;5;4;1445;1;1;2;1;3;29;;M;4640510;526892;10
201400004503;14;5;10;1430;1;1;1;1;7;232;"""MALAVAL""";M;4631000;523701;10
201400004504;14;5;18;1900;1;1;3;1;1;229;RTE D'ETREZ;M;4633750;513642;10
201400004505;14;6;7;1015;1;1;3;1;3;236;;M;4632920;506653;10
201400004506;14;6;13;1215;1;1;1;1;1;364;;;;;10
201400004507;14;6;15;1;3;1;1;1;1;115;;M;4625690;504880;10
201400004508;14;6;26;1445;1;1;1;1;2;115;;M;4625520;506647;10
201400004509;14;7;4;945;1;1;1;1;3;445;;M;4632460;530827;10
201400004510;14;7;5;1330;1;1;1;1;6;232;;M;4636790;525581;10
201400004511;14;7;31;1400;1;1;1;1;6;266;"""LES CURTILS""";M;4633380;511798;10
201400004512;14;8;21;1515;1;1;1;1;3;24;;M;4626960;517049;10
201400004513;14;9;5;1700;1;1;1;1;2;57;;;;;10
201400004514;14;9;13;845;5;2;1;1;6;402;265 RUE DU BOURG;;;;10
201400004515;14;9;24;600;3;1;1;1;7;232;"""LES GRANDS BOIS""";M;4632860;525017;10
201400004516;14;10;1;1100;1;1;1;1;1;337;;;;;10
201400004517;14;10;4;115;5;1;1;5;6;40;;M;4636710;506079;10
201400004518;14;10;9;1615;1;1;1;2;7;266;;;;;10
201400004519;14;10;10;1600;1;1;1;3;5;40;;M;4637300;502886;10
201400004520;14;10;19;1430;1;1;1;1;7;94;;;;;10
201400004521;14;11;30;900;1;1;1;5;3;196;;;;;10
201400004522;14;12;26;1000;1;1;1;1;3;346;;M;4629090;504670;10
201400004523;14;3;19;700;1;1;1;1;2;273;;;;;10
201400004524;14;4;17;1645;1;1;1;1;1;363;;M;4604450;537230;10
201400004525;14;4;19;1015;1;1;1;1;6;200;;M;4608850;547812;10
201400004526;14;8;12;1600;1;2;2;1;3;304;;M;4604990;532880;10
201400004527;14;8;23;1015;1;1;1;1;3;374;;M;4595950;503943;10
201400004528;14;11;1;715;2;1;1;5;6;303;;;;;10
201400004529;14;12;17;1930;3;1;1;3;1;200;;;;;10
201400004530;14;3;7;345;5;2;2;1;3;320;CARREFOUR DE LA MADELEIN;M;4630200;487012;10
201400004531;14;6;16;1900;1;1;1;1;7;159;;;;;10
201400004532;14;7;24;2000;1;1;2;1;3;179;;;;;10
201400004533;14;8;22;1515;1;1;1;1;2;412;;M;4616380;496300;10
201400004534;14;10;10;1330;1;1;1;2;3;231;;;;;10
201400004535;14;10;19;1900;2;1;1;1;2;231;;M;4636920;490970;10
201400004536;14;11;19;1530;1;2;1;5;1;320;235 ROUTE DU CREUX;M;4630400;487074;10
201400004537;14;11;19;2115;5;2;1;5;3;320;1001 ROUTE DU CREUX;M;4631050;487280;10
201400004538;14;1;11;445;3;1;1;1;6;454;;M;4573670;570808;10
201400004539;14;2;23;530;5;2;1;1;1;338;RUE PRINCIPALE;M;4569480;558755;10
201400004540;14;4;26;615;2;2;9;1;6;34;RUE DES EGLANTIERS;;;;10
201400004541;14;5;13;845;1;2;1;1;1;98;;M;4580590;568316;10
201400004542;14;11;5;2245;3;1;1;2;6;64;;M;4578110;548248;10
201400004543;14;12;3;1400;1;1;1;8;6;268;;;;;10
201400004544;14;12;16;1945;3;1;1;8;6;384;;M;4595070;546423;10
201400004545;14;6;10;800;1;2;1;1;6;138;AVENUE JEAN FALCONNIER;M;4584790;578704;10
201400004546;14;7;21;1545;1;1;1;2;6;66;;;;;10
201400004547;14;7;27;1715;1;2;1;1;6;316;D 1504, PK 40;;;;10
201400004548;14;9;16;1515;1;1;1;1;1;138;;;;;10
201400004549;14;10;4;1630;1;2;1;1;1;73;ROUTE DE BELLEY;;;;10
201400004550;14;10;16;1600;1;1;1;8;3;100;;M;4581980;562399;10
201400004551;14;10;19;1700;1;1;1;1;2;330;;;;;10
201400004552;14;5;10;2000;1;1;1;1;6;122;;M;4594050;560559;10
201400004553;14;7;10;1730;1;1;1;2;1;12;;M;4600640;553634;10
201400004554;14;7;29;1515;1;2;1;1;6;185;RUE DE LA REPUBLIQUE;;;;10
201400004555;14;1;25;1600;1;1;1;1;6;431;;M;4591510;537324;10
201400004556;14;2;28;1030;1;2;1;1;6;345;7 RUE DU DOCTEUR ROUX;;;;10
201400004557;14;4;15;930;1;1;1;1;1;7;;M;4602360;533909;10