num_acc;an;mois;jour;hrmn;lum;agg;int;atm;col;com;adr;gps;lat;long;dep
201400004558;14;5;13;1645;1;2;1;1;3;444;RUE DU VILLAGE;;;;10
201400004559;14;6;29;1730;1;1;1;1;1;224;;M;4578690;523277;10
201400004560;14;7;27;2215;3;1;1;1;1;213;;;;;10
201400004561;14;7;24;430;5;2;1;5;2;202;D77 SAINTE JULIE 01;;;;10
201400004562;14;8;24;215;3;1;1;1;7;224;;M;4578380;522807;10
201400004563;14;9;18;945;1;2;1;1;6;202;D40C;;;;10
201400004564;14;9;28;1845;1;1;1;1;6;444;;;;;10
201400004565;14;10;10;1945;3;1;1;8;1;379;;;;;10
201400004566;14;10;14;1800;1;2;1;1;6;4;AVENUE DE VERDUN;;;;10
201400004567;14;10;17;1730;1;2;8;1;1;345;RUE DOCTEUR CHARCOT;;;;10
201400004568;14;10;16;730;2;1;1;3;2;384;;;;;10
201400004569;14;11;4;1915;5;1;1;3;4;4;;;;;10
201400004570;14;11;11;1015;3;1;1;1;6;224;;;;;10
201400004571;14;12;20;730;3;1;1;1;7;213;;;;;10
201400004572;14;3;7;1100;1;1;1;1;1;7;;M;4603020;532513;10
201400004573;14;1;1;900;1;2;1;1;6;170;ROUTE DE PIRE;M;4619040;555485;10
201400004574;14;5;27;1600;1;1;1;1;6;274;;M;4615050;564586;10
201400004575;14;6;8;1730;1;1;1;1;7;87;;M;4618730;567737;10
201400004576;14;6;18;730;2;2;1;1;3;265;68 AVENUE DE BRESSE;M;4617330;556943;10
201400004577;14;8;14;1330;1;2;1;2;6;269;;M;4616900;557774;10
201400004578;14;9;2;1415;1;2;6;1;3;373;RD31- RD1084;M;4613410;554955;10
201400004579;14;9;2;1345;1;2;1;1;1;265;;;;;10
201400004580;14;9;12;1715;1;2;3;7;3;269;RUE D'APREMONT;;;;10
201400004581;14;9;16;1945;2;1;1;1;6;404;;M;4615070;544649;10
201400004582;14;9;18;1000;1;2;1;1;2;269;RD1084 - RTE DE LA CLUSE;;;;10
201400004583;14;12;18;2045;5;1;1;8;6;373;;M;4601210;531293;10
201400004584;14;4;7;1800;1;2;1;1;6;33;;;;;10
201400004585;14;7;15;1530;1;1;1;1;2;436;;M;4633960;608325;10
201400004586;14;10;28;700;2;1;1;1;5;173;;;;;10
201400004587;14;7;16;1945;1;1;1;1;6;247;"""LE BOULU""";M;4633620;596402;10
201400004588;14;9;21;1630;1;1;1;1;7;104;;;;;10
201400004589;14;3;8;1200;1;2;1;1;6;160;IMPASSE DE COLLEX;;;;10
201400004590;14;3;15;1445;1;1;1;1;6;313;ROUTE DE L'EUROPE;;;;10
201400004591;14;3;30;1845;1;1;1;1;5;281;;M;4627680;609267;10
201400004592;14;4;9;800;1;2;9;1;3;160;RUE DE MEYRIN;;;;10
201400004593;14;5;3;1400;1;2;4;1;3;160;ROUTE DE PREVESSIN;M;4625510;609999;10
201400004594;14;5;10;1315;1;2;6;1;6;160;RUE DE GEX;M;4625250;611669;10
201400004595;14;5;21;1230;1;2;1;1;6;160;24 CHEMIN DE COLLEX;;;;10
201400004596;14;5;23;915;1;1;1;1;6;160;;M;4625030;611170;10
201400004597;14;7;12;1400;1;1;1;1;1;435;;M;4629910;609321;10
201400004598;14;9;1;1845;1;2;1;1;1;160;RUE ,, MEYRIN;;;;10
201400004599;14;12;2;715;2;1;1;1;1;399;;M;4629040;608090;10
201400004600;14;12;11;700;5;2;2;1;3;160;RUE DE GEN?VE;M;4625000;611911;10
201400004601;14;12;12;1845;5;1;3;1;3;281;;M;4626890;609907;10
201400004602;14;12;14;715;2;2;1;5;6;281;RD 1005;;;;10
201400004603;14;2;28;1300;1;1;1;2;1;322;;;;;10
201400004604;14;3;9;1600;1;1;3;1;2;157;;M;4601170;475208;10
201400004605;14;6;17;915;1;1;1;1;3;322;;M;4594270;482928;10
201400004606;14;10;6;1900;3;2;1;1;3;427;PARKING BAS PORT;;;;10
201400004607;14;10;9;1630;1;2;1;8;7;427;CHEMIN D ARRAS;;;;10
201400004608;14;12;5;745;2;1;1;1;3;347;;M;4596590;477497;10
201400004609;14;12;11;1645;3;1;1;3;1;194;;;;;10
201400004610;14;2;6;1230;1;1;1;1;4;235;;M;4603710;506601;10
201400004611;14;4;3;1615;1;2;3;1;1;383;;M;4610360;513483;10
201400004612;14;4;10;2330;3;1;1;1;7;74;;M;0;0;10
201400004613;14;5;8;1830;1;2;9;1;7;74;PLACE DU MARCHE;M;4599700;517175;10
201400004614;14;7;16;845;1;1;3;1;3;383;"""PERNIN""";M;4610550;513751;10
201400004615;14;2;10;830;1;1;1;3;5;272;;M;4616830;502972;10
201400004616;14;2;24;1745;1;1;2;1;3;96;"""LA GENETI?RE""";M;4617790;507332;10
201400004617;14;5;17;1115;1;1;2;1;3;246;;M;4624090;502537;10
201400004618;14;7;3;1530;1;1;1;1;2;246;1090 RTE DE CHAVEYRIAT;M;4623090;504772;10
201400004619;14;7;16;1645;1;1;1;7;1;246;;M;4623280;503763;10
201400004620;14;8;10;1815;1;1;1;1;7;368;;M;4620070;494496;10
201400004621;14;9;6;1700;1;1;1;1;7;457;;M;4621720;497640;10
201400004622;14;4;11;1615;1;2;1;7;3;450;AVENUE CHARLES DE GAULLE;M;4592250;522542;10
201400004623;14;5;5;1930;1;1;1;1;7;378;;M;4582540;515275;10
201400004624;14;5;12;1615;1;1;1;1;1;349;;M;4592800;513297;10
201400004625;14;5;16;800;1;1;4;1;3;156;;M;4591950;512570;10
201400004626;14;5;29;1730;1;1;1;1;2;290;;M;4588800;517263;10
201400004627;14;5;30;1030;1;2;1;1;1;244;76 RUE DE LYON;M;4590060;518837;10
201400004628;14;6;21;1130;2;1;1;1;1;450;;M;4590670;523022;10
201400004629;14;8;30;1800;1;2;1;1;3;290;ROUTE DU PEAGE;;;;10
201400004630;14;7;24;1230;1;2;2;1;1;244;RUE GRANGES_RUE VERCHERE;;;;10
201400004631;14;8;6;1015;1;1;1;1;1;325;;M;4593320;518328;10
201400004632;14;12;9;1700;5;2;1;1;6;244;80 RUE DE LYON;;;;10
201400004633;14;2;13;1645;1;2;1;2;6;249;960 MONTE  NEUVE;M;4582500;494242;10
201400004634;14;2;19;2100;5;2;1;1;3;43;1778 ROUTE DE GENEVE;M;4583330;499228;10
201400004635;14;5;18;1900;1;2;1;1;3;249;787 GRANDE RUE;M;4582250;494910;10
201400004636;14;6;30;950;1;2;2;1;3;249;;M;4582680;495299;10
201400004637;14;6;8;1755;1;2;1;1;7;249;;M;4582290;495018;10
201400004638;14;8;28;2100;5;2;2;1;3;376;39 ROUTE DE GENEVE;M;4582910;497675;10
201400004639;14;2;1;1430;1;1;4;3;7;276;;;;;10
201400004640;14;3;14;945;1;2;1;1;6;262;PLACE DE LA VILLE HAUTE;;;;10
201400004641;14;4;20;1430;1;2;4;1;6;49;;M;4584470;503450;10
201400004642;14;6;5;2215;3;1;1;1;7;342;;M;4588430;505605;10
201400004643;14;6;21;1815;1;2;1;1;7;262;256 FAUBOURG DE LYON;M;4584950;505183;10
201400004644;14;7;3;2045;1;1;1;1;6;276;;M;4581840;505321;10
201400004645;14;7;5;1600;1;1;4;1;3;276;;M;4582170;507239;10
201400004646;14;11;29;1745;1;2;1;1;6;49;292 Route de Tramoyes;M;0;0;10
201400004647;14;3;3;715;2;1;1;2;1;443;"""LE GRAND CHEMIN""";M;4598460;506540;10
201400004648;14;3;16;1045;1;1;2;1;1;318;;M;4597130;485264;10
201400004649;14;4;25;400;3;1;1;1;6;424;;M;4588620;496861;10
201400004650;14;4;24;1815;1;1;3;1;2;398;;M;4600130;486908;10
201400004651;14;5;22;1800;1;1;4;1;3;333;;M;4592590;496677;10
201400004652;14;6;27;1900;1;1;1;1;6;21;;;;;10
201400004653;14;6;27;845;1;2;1;1;1;424;D38 ROUTE DES ECHETS;M;4587370;494925;10
201400004654;14;7;7;630;1;1;1;1;1;443;;;;;10
201400004655;14;7;12;2315;3;1;1;2;7;443;;M;4599110;505094;10
201400004656;14;7;17;2315;3;1;1;1;7;398;;M;4600060;485407;10
201400004657;14;8;22;1845;1;1;2;1;3;398;;M;4599290;484764;10
201400004658;14;10;3;1745;1;1;1;1;5;105;;;;;10
201400004659;14;11;13;1230;1;1;1;1;3;398;;;;;10
201400004660;14;12;4;815;1;1;2;1;3;45;;M;4596340;504028;10
201400004661;14;2;16;1200;1;1;2;1;3;319;;M;4606100;494676;10
201400004662;14;6;9;1030;1;2;1;1;3;243;CD933ROUTE DE MONTMERLE;M;4605150;476615;10
201400004663;14;6;16;1345;1;1;1;1;6;389;;M;4608290;490977;10
201400004664;14;7;12;315;3;1;1;1;5;167;;M;0;0;10
201400004665;14;8;5;1745;1;1;1;1;7;165;;M;4606820;481131;10
201400004666;14;10;19;1115;1;2;1;1;7;389;RUE DE LA REPUBLIQUE;;;;10
201400004667;14;11;1;1000;2;1;1;5;6;83;;M;4608570;486968;10
201400004668;14;11;1;1730;2;1;2;8;3;348;;M;4618500;482367;10
201400004669;14;1;5;1845;3;1;1;2;1;230;;M;0;0;70
201400004670;14;5;24;1500;1;1;1;1;6;158;;M;0;0;70
201400004671;14;5;31;1215;1;1;1;1;6;139;;M;0;0;70
201400004672;14;6;13;1630;1;1;1;1;7;120;;M;4481900;426500;70
201400004673;14;6;14;1430;1;1;1;1;7;158;;M;4478200;441000;70
201400004674;14;8;11;1800;1;2;1;1;1;296;avenue de l'espinasse;M;0;0;70
201400004675;14;10;31;1430;1;1;1;1;6;254;;M;4466600;438700;70
201400004676;14;11;13;1315;1;2;1;1;6;296;rue de l'espinasse;M;4457900;439300;70
201400004677;14;11;24;600;3;1;1;5;7;296;;M;0;0;70
201400004678;14;4;19;1215;1;1;1;1;1;279;;M;0;0;70
201400004679;14;1;18;1900;3;1;1;3;1;96;;M;0;0;70
201400004680;14;7;5;1630;1;1;1;1;7;295;;M;0;0;70
201400004681;14;7;19;1630;1;1;1;1;6;167;;M;0;0;70
201400004682;14;10;6;1100;1;1;1;1;6;96;;M;0;0;70
201400004683;14;10;18;1415;1;1;1;1;5;96;;M;0;0;70
201400004684;14;12;23;1130;1;1;1;7;1;167;;M;0;0;70
201400004685;14;6;16;830;1;2;1;1;6;319;1 rue du travail;M;0;0;70
201400004686;14;6;30;1600;1;2;1;1;6;319;Faubourg LATRAU;M;0;0;70
201400004687;14;9;23;1015;1;1;1;6;7;191;;M;0;0;70
201400004688;14;10;17;900;1;2;1;1;6;319;18 RUE 2MILE COMBE;M;0;0;70
201400004689;14;10;17;1730;1;1;1;7;3;319;;M;0;0;70
201400004690;14;10;22;700;3;1;1;1;1;346;;M;0;0;70
201400004691;14;1;1;745;2;1;1;1;1;247;;M;0;0;70
201400004692;14;1;14;1415;1;1;1;1;1;348;;M;0;0;70
201400004693;14;1;19;345;3;1;1;2;6;348;;M;0;0;70
201400004694;14;1;22;1515;1;1;1;1;1;145;;M;0;0;70
201400004695;14;7;27;645;1;1;1;1;6;242;;M;0;0;70
201400004696;14;1;12;1215;1;2;1;1;5;349;AVENUE DU 11 NOVEMBRE;M;0;0;70
201400004697;14;1;19;415;5;2;1;3;6;55;RD 86 Avenue de Provence;M;0;0;70
201400004698;14;2;3;2130;5;2;3;1;3;240;RN86 - Les Blod;M;0;0;70
201400004699;14;2;6;1845;2;2;1;2;3;349;20 RUE DE PROVENCE;M;0;0;70
201400004700;14;2;20;1900;3;1;1;8;1;66;;M;0;0;70
201400004701;14;2;22;1800;5;2;3;1;3;349;3, rue de Fontneuve;M;0;0;70
201400004702;14;5;10;2030;1;2;3;1;3;27;RD86;M;0;0;70
201400004703;14;6;7;215;5;2;1;1;6;288;RD507;M;0;0;70
201400004704;14;6;21;1230;5;1;1;1;5;240;;M;0;0;70
201400004705;14;6;23;2245;3;1;1;1;6;349;;M;0;0;70
201400004706;14;7;3;1115;1;1;1;1;1;94;;M;0;0;70
201400004707;14;7;4;1715;1;2;1;2;6;181;;M;0;0;70
201400004708;14;7;19;1445;1;1;1;1;2;22;;M;0;0;70
201400004709;14;8;6;1230;1;2;1;1;3;27;Face ? Coop'Eyrieux;M;0;0;70
201400004710;14;7;25;1130;1;2;1;1;6;349;QUAI ANATOLE FRANCE;M;0;0;70
201400004711;14;10;4;1130;1;1;1;1;6;240;;M;0;0;70
201400004712;14;10;6;1830;2;1;3;1;1;66;;M;0;0;70
201400004713;14;10;8;1715;1;2;1;1;6;27;ROUTE NATIONALE RD 86E;M;0;0;70
201400004714;14;10;18;1800;1;2;3;1;3;349;CD86F quartier  les iles;M;0;0;70
201400004715;14;10;28;715;2;1;2;1;3;27;;M;0;0;70
201400004716;14;10;27;1730;1;1;1;1;1;181;;M;0;0;70
201400004717;14;10;2;1400;1;2;1;1;2;55;D 379 route de TOULAUD;M;0;0;70
201400004718;14;11;8;1045;1;2;1;1;1;27;Le R?ly;M;0;0;70
201400004719;14;11;25;1415;1;2;1;1;6;181;RD 86 Avenue JC Dupau;M;0;0;70
201400004720;14;12;22;1015;1;1;1;1;2;240;;M;0;0;70
201400004721;14;10;11;1700;1;2;1;1;3;132;RD103 Lieu-dit La C?te;M;0;0;70
201400004722;14;6;24;1100;1;1;1;1;6;153;;M;0;0;70
201400004723;14;7;5;1700;1;1;1;1;6;119;;M;0;0;70
201400004724;14;7;27;1415;1;1;1;1;1;38;;M;0;0;70
201400004725;14;7;27;2130;2;1;1;1;6;137;;M;0;0;70
201400004726;14;5;4;1015;1;1;1;1;1;161;;M;0;0;70
201400004727;14;1;23;1030;1;1;1;5;3;53;;M;0;0;70
201400004728;14;5;31;1215;1;1;1;1;7;330;;M;4445600;430900;70
201400004729;14;8;6;1815;1;1;1;1;7;291;;M;0;0;70
201400004730;14;8;31;530;5;1;1;1;6;330;;M;0;0;70
201400004731;14;1;28;845;1;1;1;1;6;17;;M;0;0;70
201400004732;14;6;21;300;3;1;1;1;6;17;;M;0;0;70
201400004733;14;11;8;2145;3;1;1;1;6;31;;M;0;0;70
201400004734;14;7;3;1815;1;1;1;1;3;217;;M;0;0;70
201400004735;14;12;16;1745;5;2;1;1;6;245;Rue Centrale;M;0;0;70
201400004736;14;1;8;830;1;2;1;1;6;265;avenue du Forez;M;0;0;70
201400004737;14;2;11;815;1;1;1;1;1;197;;M;0;0;70
201400004738;14;4;19;1530;1;1;1;1;3;258;;M;0;0;70
201400004739;14;5;5;1945;1;1;1;1;3;89;;M;0;0;70
201400004740;14;9;19;1445;1;1;1;8;6;10;;M;0;0;70
201400004741;14;10;16;1315;1;2;1;1;6;10;all?e de Beauregard;M;0;0;70
201400004742;14;12;19;1;3;1;1;1;7;313;;M;0;0;70
201400004743;14;12;22;1500;1;2;1;1;6;10;19 chemin de prade;M;0;0;70
201400004744;14;4;1;1015;1;1;9;1;1;165;;M;0;0;70
201400004745;14;5;8;1545;1;1;1;1;1;276;;M;0;0;70
201400004746;14;6;3;1645;1;1;1;1;1;108;;M;0;0;70
201400004747;14;8;31;1645;1;1;1;1;6;82;;M;0;0;70
201400004748;14;9;29;645;3;1;1;8;3;204;;M;0;0;70
201400004749;14;10;31;930;1;1;1;1;1;64;;M;0;0;70
201400004750;14;7;4;2345;3;1;1;2;7;129;;M;0;0;70
201400004751;14;4;19;1815;1;1;1;1;1;115;26115;M;0;0;260
201400004752;14;8;30;615;2;1;1;1;6;365;26365;M;0;0;260
201400004753;14;9;18;1115;1;1;2;1;1;108;26108;M;0;0;260
201400004754;14;10;6;1815;2;1;2;1;3;125;26125;M;4475990;495240;260
201400004755;14;10;9;1200;1;1;1;1;7;125;26125;M;0;0;260
201400004756;14;11;28;1100;1;2;1;1;6;108;26108;M;0;0;260
201400004757;14;3;19;1745;1;2;1;1;3;113;ROUTE DE PONET;M;0;0;260
201400004758;14;4;16;1745;1;1;1;1;1;69;26069;M;0;0;260
201400004759;14;1;1;1300;1;1;1;1;6;167;26167;M;0;0;260
201400004760;14;4;27;2015;2;1;1;8;6;40;26040;M;0;0;260
201400004761;14;6;28;1415;1;1;1;1;6;168;26168;M;0;0;260
201400004762;14;7;31;1315;1;1;1;1;7;168;26168;M;0;0;260
201400004763;14;4;18;1900;1;2;1;1;1;353;CHEMIN LA PASCALE;M;4466020;479010;260
201400004764;14;8;29;1530;1;2;1;1;6;220;PLACE DE LA REPUBLIQUE;M;4436110;513650;260
201400004765;14;10;14;1800;2;2;3;2;3;220;26220;M;0;0;260
201400004766;14;11;16;115;3;1;1;3;1;220;26220;M;4435280;511590;260
201400004767;14;11;27;1700;5;2;1;1;6;220;RUE CHANTEMERLE;M;4436140;513240;260
201400004768;14;9;20;1305;1;2;2;1;6;691;:, 3EME D.I.M (RUE DE LA;M;4985042;327614;20
201400004769;14;9;18;1300;1;2;2;1;3;691;rue d'isle;M;4984247;329424;20
201400004770;14;9;25;1725;1;2;1;1;6;691;SCHUMAN (AV. ROBERT);M;4985900;329408;20
201400004771;14;9;27;945;1;2;1;1;6;691;66, SCHUMAN (AV. ROBERT);M;4986095;329930;20
201400004772;14;10;18;1300;1;2;2;1;3;691;EPARGNEMAILLES DE 1 A 11;M;4985124;327322;20
201400004773;14;10;18;1435;1;2;1;1;6;691;17, VARLET (RUE);M;4985205;328801;20
201400004774;14;11;7;850;1;2;1;3;6;691;12 bd ROOSEVELT;M;4985273;328778;20
201400004775;14;10;21;1440;1;2;3;1;1;691;rue JF KENNEDY;M;4985803;327795;20
201400004776;14;12;1;755;3;2;3;1;6;691;2, BLANC-MONT (RUE DU);M;4985565;327910;20
201400004777;14;12;21;2130;5;2;2;1;3;691;Bd Gambetta;M;4984993;329537;20
201400004778;14;11;27;1755;5;2;3;1;6;691;;M;4985327;328265;20
201400004779;14;12;6;1755;5;2;2;2;6;691;DUMAS (RUE ALEXANDRE);M;4984887;327043;20
201400004780;14;12;13;1405;1;2;3;3;4;691;231BIS rue de paris;M;4983548;326560;20
201400004781;14;1;13;1620;1;2;6;1;6;691;RICHELIEU (BD);M;4984903;328007;20
201400004782;14;1;15;850;1;2;1;2;6;691;ROOSEVELT (BD);M;4985274;328776;20
201400004783;14;5;4;1615;1;2;1;1;3;63;ALLEE DES PLATANES;M;0;0;260
201400004784;14;2;12;1835;5;2;1;3;6;691;14bis, CORDIER (BD);M;4983814;329724;20
201400004785;14;2;17;1240;1;2;1;1;3;340;VARLIN (RUE EUGENE);M;4982377;328997;20
201400004786;14;9;7;1100;1;1;1;1;6;26;26026;M;0;0;260
201400004787;14;4;4;2105;5;2;3;1;3;691;:, KENNEDY (RUE DU PST J;M;4985899;327754;20
201400004788;14;4;5;710;1;2;1;1;1;691;rue ARCHIMEDE;M;4985864;330355;20
201400004789;14;4;16;1855;1;2;1;1;6;691;3, MAYEURE (RUE);;;;20
201400004790;14;5;19;1740;1;2;2;1;6;691;:, GODIN (RUE ANDRE);M;4986059;329716;20
201400004791;14;5;28;1455;1;2;7;1;6;691;LECLERC (RUE DU GL);M;4984197;329512;20
201400004792;14;6;10;1728;1;2;1;1;3;691;:, PAUL (RUE MARCEL);M;4985194;325278;20
201400004793;14;6;23;1315;1;2;1;1;3;691;8, RESISTANCE (AV. DE LA;M;4985809;330652;20
201400004794;14;6;23;1930;1;1;1;1;2;691;:, KENNEDY (RUE DU PST J;M;4987227;327075;20
201400004795;14;4;4;500;3;1;1;1;6;146;26146;M;0;0;260
201400004796;14;3;6;945;1;1;1;1;6;103;26103;M;0;0;260
201400004797;14;5;31;900;1;2;1;7;1;105;LE VILLAGE RD61;M;0;0;260
201400004798;14;6;1;1545;1;1;1;7;3;318;26318;M;0;0;260
201400004799;14;6;6;1200;1;1;1;1;2;318;26318;M;0;0;260
201400004800;14;6;15;1645;1;1;1;1;1;264;26264;M;0;0;260
201400004801;14;6;27;2000;1;1;1;1;6;376;26376;M;0;0;260
201400004802;14;9;22;1500;1;1;1;1;2;376;26376;M;0;0;260
201400004803;14;1;10;1815;5;2;1;1;3;307;ROUTE DE SAINT THOMAS;M;0;0;260
201400004804;14;7;12;2345;3;1;1;1;6;4;26004;M;4497690;504150;260
201400004805;14;5;15;1830;1;1;1;1;1;143;26143;M;4527310;510390;260
201400004806;14;9;29;1930;2;1;1;2;6;298;26298;M;4521520;506940;260
201400004807;14;10;10;1553;1;2;2;1;6;722;1, RAYMONDE FIOLET;M;4937104;331340;20
201400004808;14;10;18;1655;1;2;1;1;3;722;37, VOLTAIRE ( AVENUE );M;4938041;331538;20
201400004809;14;11;8;1900;5;2;1;1;6;722;SAINT CHRISTOPHE ( RUE );M;4938201;332228;20
201400004810;14;12;5;1855;5;2;1;1;6;722;1, ERNEST LAVISSE ( RUE;M;4937437;331902;20
201400004811;14;11;3;1830;5;2;3;2;6;722;1, SAINT LAZARE(RUE);M;4937254;333394;20
201400004812;14;5;18;1840;1;1;1;1;7;722;ROUTE NATIONALE 2;;;;20
201400004813;14;12;17;1034;1;2;3;3;6;722;13 rue FRANCS BOISIERS;M;4938360;332427;20
201400004814;14;5;22;1705;1;2;1;1;3;805;254 square jean moulin;M;4937678;334271;20
201400004815;14;12;22;1635;1;2;3;1;6;805;;M;0;0;20
201400004816;14;12;11;1733;3;2;3;2;6;722;3, RAYMONDE FIOLET ( AVE;M;4936980;331529;20
201400004817;14;7;24;1830;1;2;1;1;6;722;09, PRESLES ( BOULEVARD;M;4937599;330962;20
201400004818;14;8;31;600;4;2;1;1;6;722;52, GENERAL DE GAULLE (;M;4936994;333716;20
201400004819;14;9;5;1850;1;2;2;1;3;805;153, MILEMPART Rue;M;4937610;334311;20
201400004820;14;2;8;1900;5;2;3;2;6;722;17, GAMBETTA ( BOULEVARD;M;4937783;333102;20
201400004821;14;3;5;1810;1;2;1;1;6;722;53, PASLY ( AVENUE DE );M;4938824;331449;20
201400004822;14;5;10;1000;1;2;1;1;6;243;cote DE VAUXROT;;;;20
201400004823;14;9;1;1750;1;2;1;1;6;722;23, HELOISE ( RUE );M;4939131;334688;20
201400004824;14;9;1;2126;5;2;2;1;3;722;25, COMPIEGNE ( AVENUE D;M;4922538;345699;20
201400004825;14;1;7;1130;1;2;1;1;6;547;RUE ALFRED FREYDET;M;4527000;589700;380
201400004826;14;4;28;1115;1;2;1;1;3;150;rue aristid berg?s;M;0;0;380
201400004827;14;7;19;1230;1;1;1;1;5;150;;M;4516200;582000;380
201400004828;14;9;11;1700;1;2;1;1;3;422;Rte du Sonnant d'Uriage;M;4516365;581093;380
201400004829;14;10;15;1400;1;1;1;1;6;430;rte de pré long;M;4521880;592490;380
201400004830;14;10;22;1430;1;2;1;1;1;538;RD 523 / rue du coteau;M;0;0;380
201400004831;14;11;22;1000;1;1;9;1;3;422;Rte de Venon;M;4516156;583737;380
201400004832;14;12;17;900;1;2;6;1;6;422;Av des Thermes/rte d'Uri;M;4513973;582776;380
201400004833;14;8;30;1000;1;2;7;1;1;309;Place Georges Brassens;M;0;0;380
201400004834;14;11;4;830;1;2;1;3;1;57;Avenue de la R?publique;M;0;0;380
201400004835;14;12;3;915;1;2;3;1;3;158;Rue Lamartine;M;0;0;380
201400004836;14;5;26;1315;1;2;1;1;6;317;avenue Charles de Gaulle;M;0;0;380
201400004837;14;7;5;1500;1;2;1;1;7;317;cours saint andr?;M;0;0;380
201400004838;14;4;5;1630;1;1;1;1;2;314;;M;0;0;380
201400004839;14;5;25;1800;1;1;1;1;7;6;;M;0;0;380
201400004840;14;6;8;945;1;1;1;1;1;439;;M;0;0;380
201400004841;14;6;25;1630;1;1;1;1;7;314;;M;4547828;593383;380
201400004842;14;7;3;1700;1;1;4;1;3;75;rte de francin;M;4547336;600777;380
201400004843;14;10;3;1600;1;2;1;1;1;314;D523, PK32,500;M;0;0;380
201400004844;14;10;20;815;1;1;1;1;3;75;;M;0;0;380
201400004845;14;12;7;1445;1;1;1;1;1;75;;M;0;0;380
201400004846;14;12;21;1315;1;1;1;1;6;6;;M;0;0;380
201400004847;14;12;23;1145;1;1;1;7;1;314;;M;0;0;380
201400004848;14;12;23;1930;5;2;1;1;1;314;AVENUE DU GRANIER;M;0;0;380
201400004849;14;12;27;1215;1;1;1;4;6;6;;M;4539854;610352;380
201400004850;14;5;8;1545;1;1;1;1;1;472;;M;0;0;380
201400004851;14;5;24;1800;1;2;1;1;6;382;01 rue des abattoirs;M;0;0;380
201400004852;14;6;1;1800;1;2;6;1;3;382;rond point pont barrage;M;0;0;380
201400004853;14;6;17;1300;1;2;1;1;3;382;avenue g?n?ral de gaulle;M;0;0;380
201400004854;14;2;6;1330;1;1;1;8;7;412;;M;4541175;573740;380
201400004855;14;2;16;1300;1;1;1;8;6;405;Pont Demay;M;4536145;567788;380
201400004856;14;6;24;1630;1;1;1;1;7;405;;M;0;0;380
201400004857;14;7;17;2130;2;1;1;1;7;412;;M;0;0;380
201400004858;14;10;18;1630;1;1;1;1;3;405;;M;0;0;380
201400004859;14;10;19;1415;1;1;1;1;6;412;;M;0;0;380
201400004860;14;11;10;800;1;1;1;2;3;155;;M;0;0;380
201400004861;14;1;17;1330;1;2;2;1;3;281;av St Jean/ch vignes;M;4523922;563378;380
201400004862;14;2;19;1215;1;1;1;1;3;540;;M;0;0;380
201400004863;14;3;6;1500;1;1;4;1;5;540;échangeur D3;M;4526862;561953;380
201400004864;14;3;28;2245;5;2;1;1;7;474;rue Pierre de Coubertin;M;4521350;566819;380
201400004865;14;6;8;1000;1;1;1;1;1;153;;M;4520005;563216;380
201400004866;14;7;13;2200;3;1;1;2;6;153;;M;0;0;380
201400004867;14;11;12;1745;5;2;1;3;6;474;avenue de romans;M;0;0;380
201400004868;14;12;14;230;5;2;1;1;3;474;avenue de VALENCE;M;0;0;380
201400004869;14;1;6;1500;1;2;1;1;1;466;Route de MONTALIEU;M;0;0;380
201400004870;14;7;10;1330;1;1;1;2;1;181;;M;0;0;380
201400004871;14;8;22;1745;1;2;1;1;3;511;Rd1090;M;0;0;380
201400004872;14;9;18;915;1;1;1;3;1;70;;M;0;0;380
201400004873;14;10;7;1700;1;1;1;1;1;181;;M;0;0;380
201400004874;14;10;16;1900;5;2;1;1;1;466;grande Rue;M;0;0;380
201400004875;14;7;22;1745;1;1;1;1;2;436;;M;0;0;380
201400004876;14;9;4;2045;5;2;1;1;7;524;Avenue JOLIOT CURIE;M;0;0;380
201400004877;14;9;11;1145;1;2;1;1;4;524;RD1075 Le Petit Rochefor;M;0;0;380
201400004878;14;10;2;2130;3;1;1;1;1;545;;M;0;0;380
201400004879;14;1;8;2345;3;1;1;5;7;548;La Font de la Maie;M;4505078;554356;380
201400004880;14;5;1;1915;1;1;1;8;6;548;;M;0;0;380
201400004881;14;11;21;915;1;1;1;8;6;205;;M;0;0;380
201400004882;14;9;17;1415;1;2;6;1;3;304;FAUBOURG ST FIMRIM;M;4966191;334946;20
201400004883;14;10;13;350;5;2;1;1;2;738;64, JEAN JAURES;M;4965714;330604;20
201400004884;14;11;14;1845;5;2;1;8;6;738;7, GAMBETTA (BOULEVARD);M;4965456;329484;20
201400004885;14;11;16;2255;3;1;1;2;6;738;D1032;;;;20
201400004886;14;11;21;2020;5;2;3;8;3;738;7, GAMBETTA (BOULEVARD);M;4965451;329464;20
201400004887;14;12;8;1500;1;1;2;2;3;59;D1032 D553;M;0;0;20
201400004888;14;12;3;1710;2;2;3;1;1;304;GENERAL LECLERC (AVENUE;M;4965899;338243;20
201400004889;14;12;4;705;5;2;1;8;6;738;100, FAIDHERBE;M;4966486;330804;20
201400004890;14;1;15;750;5;2;2;3;3;738;1, CARNOT;M;4965643;330473;20
201400004891;14;2;3;945;1;2;1;8;7;304;28, BOURGET (RUE DU);M;4966346;336337;20
201400004892;14;1;24;745;1;1;6;8;5;565;rte de Lyon;M;4530828;562166;380