num_acc;an;mois;jour;hrmn;lum;agg;int;atm;col;com;adr;gps;lat;long;dep
201400004893;14;2;5;1810;5;2;1;3;6;738;93, JEAN MOULIN (AVENUE);M;4965877;329291;20
201400004894;14;7;16;1210;1;2;2;7;1;738;9, GAMBETTA (BOULEVARD);M;4965451;329467;20
201400004895;14;8;26;835;1;2;1;1;7;738;1, FAIDHERBE;M;4965802;331003;20
201400004896;14;8;29;1;5;2;1;1;7;738;75, GRASSE;M;4965540;327931;20
201400004897;14;6;20;1230;1;2;2;1;7;565;av 11Novembre/Malraux;M;4528720;564255;380
201400004898;14;9;13;1245;1;2;1;1;3;61;386 route de Grenoble;M;0;0;380
201400004899;14;11;29;1000;1;2;6;1;3;565;Rond Point Mac Donald;M;0;0;380
201400004900;14;12;1;1215;1;2;1;2;6;565;D 1075 RUE 11 NOVEMBRE;M;0;0;380
201400004901;14;12;18;845;1;1;3;2;3;565;;M;0;0;380
201400004902;14;6;23;1915;1;2;1;1;6;269;rue du Breuil;M;0;0;380
201400004903;14;6;25;1515;1;2;1;1;3;304;cit? pr?cordier;M;0;0;380
201400004904;14;3;1;615;2;1;2;5;6;424;commanderie Pommarat;M;4477123;566205;380
201400004905;14;5;1;1500;1;1;1;1;6;242;;M;0;0;380
201400004906;14;6;7;1130;1;2;1;1;1;242;137 Grand rue;M;0;0;380
201400004907;14;6;21;1200;1;1;1;1;2;391;;M;0;0;380
201400004908;14;7;31;1630;1;1;1;1;1;204;;M;0;0;380
201400004909;14;10;26;1800;2;1;1;1;6;342;;M;4490000;558200;380
201400004910;14;11;6;1045;1;1;1;5;6;204;;M;0;0;380
201400004911;14;3;21;2000;3;1;1;1;6;71;;M;4506606;572071;380
201400004912;14;4;3;945;1;2;4;1;1;203;RN85;M;4502723;577219;380
201400004913;14;5;9;1045;1;2;1;1;3;388;Rue de la Tour;M;0;0;380
201400004914;14;5;16;830;1;1;1;1;6;388;;M;0;0;380
201400004915;14;5;22;1915;2;1;1;2;6;212;;M;0;0;380
201400004916;14;7;5;900;1;1;1;1;1;212;;M;0;0;380
201400004917;14;7;15;1800;1;1;1;1;6;478;;M;0;0;380
201400004918;14;8;31;1745;1;2;1;1;3;388;;M;0;0;380
201400004919;14;9;4;1545;1;1;6;1;3;68;;M;0;0;380
201400004920;14;9;13;1700;2;1;1;1;7;529;;M;0;0;380
201400004921;14;12;2;615;5;2;1;8;6;529;47 avenue d'Uriage;M;0;0;380
201400004922;14;11;10;1715;1;1;1;3;1;203;;M;0;0;380
201400004923;14;12;12;1330;1;1;1;1;7;388;;M;0;0;380
201400004924;14;1;28;1715;1;1;1;1;1;410;;M;0;0;380
201400004925;14;4;27;1430;1;1;1;1;1;356;;M;0;0;380
201400004926;14;5;11;1645;1;1;1;1;6;410;;M;4507500;526200;380
201400004927;14;5;16;2030;2;1;1;1;1;359;;M;0;0;380
201400004928;14;5;29;130;3;1;1;1;6;356;;M;0;0;380
201400004929;14;8;3;300;3;1;1;2;7;95;;M;0;0;380
201400004930;14;11;3;1200;1;2;1;7;6;453;GRANDE RUE;M;0;0;380
201400004931;14;11;4;1845;3;1;2;3;3;95;;M;0;0;380
201400004932;14;11;18;1545;1;1;1;2;1;416;;M;0;0;380
201400004933;14;12;12;1915;5;2;1;1;5;416;Avenue de Provence;M;0;0;380
201400004934;14;12;24;430;3;1;1;5;6;443;;M;0;0;380
201400004935;14;7;19;1300;1;2;1;1;6;218;39 rue de la gare;M;0;0;380
201400004936;14;8;27;1545;1;1;2;1;3;32;inter ch galises;M;4533087;510145;380
201400004937;14;8;30;1830;1;1;1;1;2;384;;M;0;0;380
201400004938;14;11;1;1045;1;1;1;1;7;561;;M;4529933;518595;380
201400004939;14;12;9;1530;1;1;3;1;3;32;;M;0;0;380
201400004940;14;12;23;1330;1;2;1;1;6;347;124 GRANDE RUE;M;0;0;380
201400004941;14;2;10;945;1;1;1;1;1;338;;M;4524552;551262;380
201400004942;14;2;18;1200;1;2;3;1;3;517;AVENUE DU 11 NOVEMBRE;M;0;0;380
201400004943;14;5;15;1645;1;1;1;1;5;338;;M;0;0;380
201400004944;14;6;9;1200;1;1;1;1;6;248;;M;0;0;380
201400004945;14;7;30;1215;1;1;1;2;7;500;;M;0;0;380
201400004946;14;8;17;745;1;2;6;7;6;517;RD 45;M;0;0;380
201400004947;14;10;19;1830;2;1;1;1;7;117;;M;0;0;380
201400004948;14;10;25;1615;1;1;1;1;1;500;;M;0;0;380
201400004949;14;11;7;2315;3;1;1;5;7;390;;M;0;0;380
201400004950;14;12;9;545;3;1;1;1;1;4;;M;4523188;544308;380
201400004951;14;1;10;2115;3;1;1;1;6;500;route du Perron;M;4519060;538925;380
201400004952;14;2;7;845;1;1;1;3;6;223;;M;0;0;380
201400004953;14;4;16;1900;1;1;1;1;7;24;rte de tramole;M;4550443;528953;380
201400004954;14;6;21;100;3;1;1;1;6;276;;M;4551600;528200;380
201400004955;14;7;10;1045;1;1;1;2;3;498;;M;4553141;532085;380
201400004956;14;8;27;1630;1;1;6;1;7;415;;M;0;0;380
201400004957;14;8;26;530;5;1;1;2;3;455;;M;0;0;380
201400004958;14;11;2;200;3;1;1;5;6;415;;M;0;0;380
201400004959;14;4;7;1130;1;1;2;1;3;494;;M;4569900;538100;380
201400004960;14;4;17;1400;1;1;1;1;1;294;;M;4567600;520800;380
201400004961;14;5;31;530;2;2;1;1;6;210;;M;4576300;525600;380
201400004962;14;6;11;1500;1;2;1;1;5;451;;M;4575500;522100;380
201400004963;14;6;18;1900;1;1;4;2;1;138;D517/D75;M;4573263;523471;380
201400004964;14;3;19;730;1;2;1;1;6;118;route du tram;M;0;0;380
201400004965;14;5;25;1315;1;1;3;1;3;82;;M;0;0;380
201400004966;14;5;31;2345;3;2;1;1;6;82;2220 Route Principale;M;0;0;380
201400004967;14;8;10;1830;1;2;1;1;3;118;;M;0;0;380
201400004968;14;10;26;1545;1;1;1;1;1;118;;M;0;0;380
201400004969;14;2;20;1545;1;1;1;1;1;320;;M;0;0;380
201400004970;14;3;5;1130;1;1;1;1;1;54;;M;0;0;380
201400004971;14;3;19;1745;1;1;1;1;6;54;;M;0;0;380
201400004972;14;4;4;1800;1;2;1;1;1;247;Grande rue;M;0;0;380
201400004973;14;4;10;2045;3;1;4;1;1;135;;M;4574962;540401;380
201400004974;14;5;18;415;3;2;1;1;6;135;RD1075 LANCIN;M;0;0;380
201400004975;14;6;8;1515;1;1;1;1;6;365;;M;0;0;380
201400004976;14;7;10;1145;1;1;1;3;1;26;;M;4583426;532445;380
201400004977;14;1;31;1300;1;2;1;1;7;261;Rue de la Rivoirette;M;0;0;380
201400004978;14;3;24;1445;1;2;1;1;3;12;Route de Belley- RD 592;M;0;0;380
201400004979;14;5;29;2345;3;2;1;1;3;261;D517 route de Lyon;M;0;0;380
201400004980;14;12;23;945;5;2;2;1;1;50;inter RD33 et RD33E;M;0;0;380
201400004981;14;1;26;1430;1;2;1;1;1;386;le versoud;M;4546200;563300;380
201400004982;14;2;14;2100;3;1;1;1;2;323;;M;0;0;380
201400004983;14;2;26;1400;1;2;1;2;3;1;RUE GAMBETTA;M;4554000;558700;380
201400004984;14;3;29;1530;1;1;1;1;1;386;;M;0;0;380
201400004985;14;4;22;1400;1;1;1;1;7;343;;M;0;0;380
201400004986;14;6;7;830;1;1;1;1;7;1;;M;0;0;380
201400004987;14;9;7;1915;1;2;1;1;6;357;16 rue Saint-Exupery;M;4555007;553422;380
201400004988;14;2;7;1845;3;2;1;2;6;509;rue Paul Durand;M;0;0;380
201400004989;14;2;11;1900;5;2;9;1;3;369;D51;M;4555800;543000;380
201400004990;14;2;21;1200;1;2;9;2;6;509;35 rue pierre vincendon;M;0;0;380
201400004991;14;3;31;845;1;2;1;1;1;509;Route du Bessay;M;0;0;380
201400004992;14;4;11;1145;1;2;1;1;6;509;Rue Jean FERRAND;M;0;0;380
201400004993;14;5;13;2130;3;1;1;3;6;246;;M;4552549;542226;380
201400004994;14;6;2;1715;1;2;1;1;7;509;rue Pasteur;M;0;0;380
201400004995;14;6;2;1715;1;1;1;1;5;64;;M;4556689;540568;380
201400004996;14;6;12;1800;1;1;1;1;1;341;;M;0;0;380
201400004997;14;6;20;1830;1;1;1;1;6;148;;M;0;0;380
201400004998;14;7;2;1630;1;2;1;1;3;64;route de ruy;M;0;0;380
201400004999;14;7;27;215;3;1;1;1;3;401;;M;0;0;380
201400005000;14;9;1;830;1;1;1;1;2;381;;M;0;0;380
201400005001;14;10;11;530;3;1;1;2;6;246;;M;0;0;380
201400005002;14;11;11;1530;1;2;1;1;3;246;158 chemin des arphants;M;0;0;380
201400005003;14;11;21;1800;5;2;1;1;3;401;rue Jaquard;M;0;0;380
201400005004;14;12;20;1245;1;1;1;2;4;509;;M;0;0;380
201400005005;14;2;10;1645;1;2;6;1;6;35;Rue de Maisonneuve;M;0;0;440
201400005006;14;5;30;1630;1;1;1;1;3;35;;M;0;0;440
201400005007;14;6;22;1300;1;1;1;1;7;35;;M;0;0;440
201400005008;14;6;27;1900;1;2;6;1;1;35;rue de leinster;M;4728600;-155500;440
201400005009;14;8;31;445;3;1;1;1;6;201;les tourbières;M;4733900;-151900;440
201400005010;14;2;3;715;1;1;1;1;4;336;;M;4546540;483441;380
201400005011;14;3;3;1545;1;2;2;1;3;558;D36 / ch de l'oie;M;4558640;490822;380
201400005012;14;4;1;800;1;2;1;1;6;110;RD123A;M;0;0;380
201400005013;14;3;28;1630;1;2;1;1;6;87;parking centre commercia;M;4557535;481032;380
201400005014;14;4;25;1215;1;1;1;1;1;110;;M;0;0;380
201400005015;14;5;14;1200;1;1;1;1;6;487;;M;0;0;380
201400005016;14;8;8;1400;1;1;1;1;3;487;;M;0;0;380
201400005017;14;2;22;1830;3;1;1;1;1;180;;M;4536838;528958;380
201400005018;14;3;15;1030;1;1;1;1;3;291;ch de la lagune;M;4536199;512108;380
201400005019;14;5;25;15;5;1;1;1;3;259;;M;0;0;380
201400005020;14;6;20;645;1;1;1;1;3;34;;M;0;0;380
201400005021;14;6;21;1030;1;2;2;1;3;130;;M;0;0;380
201400005022;14;7;8;445;3;1;1;8;6;240;;M;0;0;380
201400005023;14;8;5;230;3;1;6;1;7;324;;M;0;0;380
201400005024;14;8;14;1515;1;1;1;1;3;180;;M;0;0;380
201400005025;14;9;6;1830;1;1;2;1;3;198;;M;0;0;380
201400005026;14;12;7;1530;1;1;2;1;3;284;inter ch savoz;M;4540687;521765;380
201400005027;14;12;23;730;3;2;1;1;1;335;mont?e de l'embranchemen;M;0;0;380
201400005028;14;3;2;2145;1;1;1;1;6;399;;M;0;0;380
201400005029;14;3;4;1500;1;2;2;1;5;189;inter r Albert 1er;M;4563044;506157;380
201400005030;14;4;11;1100;2;1;1;1;1;35;;M;0;0;380
201400005031;14;4;17;800;1;2;1;7;6;480;rue du Pigeonnier;M;0;0;380
201400005032;14;5;2;1945;1;1;1;8;6;476;;M;0;0;380
201400005033;14;5;22;1745;1;1;1;1;2;189;;M;0;0;380
201400005034;14;5;22;2130;3;1;1;3;1;288;;M;0;0;380
201400005035;14;5;24;1845;1;1;1;1;2;389;;M;0;0;380
201400005036;14;6;2;2330;5;1;4;1;1;189;;M;4563881;506327;380
201400005037;14;6;8;1915;1;1;1;1;6;346;;M;0;0;380
201400005038;14;6;20;1230;1;1;1;1;6;389;;M;4557059;506873;380
201400005039;14;6;27;1845;1;1;1;1;1;389;;M;0;0;380
201400005040;14;7;13;315;3;1;1;1;6;184;;M;0;0;380
201400005041;14;7;30;1445;1;1;1;2;1;351;;M;0;0;380
201400005042;14;11;1;330;3;1;1;1;1;144;;M;0;0;380
201400005043;14;11;23;600;3;1;1;1;7;389;;M;0;0;380
201400005044;14;2;21;1530;1;2;1;1;7;557;17 rue des aub?pines;M;0;0;380
201400005045;14;3;12;1630;1;1;1;1;2;11;;M;0;0;380
201400005046;14;3;24;745;2;1;1;1;3;316;;M;0;0;380
201400005047;14;5;24;1115;1;2;1;1;6;85;place ren? BARBE;M;0;0;380
201400005048;14;6;24;2030;2;2;1;1;7;197;RD 517 route de cr?mieu;M;0;0;380
201400005049;14;10;4;2100;5;2;1;1;6;97;Avenue du Revorchon;M;0;0;380
201400005050;14;10;31;1900;3;1;1;1;6;11;;M;0;0;380
201400005051;14;11;22;415;3;2;1;1;6;97;44 passage de la bourbre;M;4577143;518969;380
201400005052;14;12;10;1800;5;2;1;2;6;507;rue de bourgoin;M;0;0;380
201400005053;14;1;18;1745;2;2;1;2;6;344;MONTEE DU CHATEAU;M;0;0;380
201400005054;14;3;7;2030;5;1;1;1;3;72;le grand chemin;M;4530637;480959;380
201400005055;14;4;3;2100;3;1;2;1;1;51;;M;4532717;487532;380
201400005056;14;5;19;815;1;2;1;1;6;344;avenue Jean Jaures;M;0;0;380
201400005057;14;5;28;1630;1;1;2;1;3;349;;M;0;0;380
201400005058;14;6;16;1130;1;2;1;7;3;344;rue yves Farges;M;0;0;380
201400005059;14;6;24;2000;1;1;1;1;6;468;;M;0;0;380
201400005060;14;7;5;830;1;1;1;1;1;72;;M;0;0;380
201400005061;14;7;12;1030;1;1;1;1;1;349;;M;0;0;380
201400005062;14;7;16;2015;2;1;1;1;5;496;;M;4536108;492575;380
201400005063;14;10;2;1745;1;1;1;1;6;298;;M;0;0;380
201400005064;14;10;7;1600;1;2;1;2;6;298;Place des beaux arts;M;0;0;380
201400005065;14;11;7;1800;5;1;1;1;4;468;;M;0;0;380
201400005066;14;11;15;1345;1;2;1;8;3;344;63 avenue Gabriel P?ri;M;0;0;380
201400005067;14;12;10;1830;3;1;1;2;3;3;;M;0;0;380
201400005068;14;11;23;1445;1;1;1;1;7;512;;M;0;0;380
201400005069;14;3;3;1930;3;1;1;1;1;449;;M;0;0;380
201400005070;14;7;16;1530;1;1;1;1;5;537;;M;0;0;380
201400005071;14;8;3;845;1;1;1;1;1;449;;M;0;0;380
201400005072;14;11;14;1100;1;1;1;1;3;449;;M;0;0;380
201400005073;14;3;27;1530;1;1;1;1;1;329;;M;4531843;450563;420
201400005074;14;4;12;1630;1;1;1;1;1;172;;M;4536835;444234;420
201400005075;14;5;18;1715;1;2;1;1;5;23;bld jean louis richard;M;4522976;458074;420
201400005076;14;5;25;1600;1;1;1;1;6;310;;M;4531308;454150;420
201400005077;14;8;27;1130;1;1;2;1;1;287;;M;4525688;446592;420
201400005078;14;9;5;1215;1;2;1;1;3;286;RD 22;M;4536713;437107;420
201400005079;14;9;20;1815;2;1;1;8;3;23;;M;4531616;452533;420
201400005080;14;1;1;1130;1;1;1;1;7;97;;M;4550720;432086;420
201400005081;14;1;7;1400;1;2;1;7;6;92;Rue du 11 novembre;M;4548500;437925;420
201400005082;14;2;6;1115;3;2;1;1;2;97;RN 102 LA PORCHERE;M;4548422;434450;420
201400005083;14;6;19;1745;1;1;1;1;1;234;;M;4550802;438756;420
201400005084;14;6;22;915;1;1;6;1;6;97;;M;4550547;430596;420
201400005085;14;7;25;1000;1;2;1;1;1;234;D11 rue Thiolier;M;4552899;437262;420
201400005086;14;9;3;1845;1;1;1;1;7;96;La Blétaille;M;4553463;443266;420
201400005087;14;9;14;1000;1;2;3;1;3;311;LA CROIX MALADIERE;M;4548225;438901;420
201400005088;14;1;14;700;5;1;2;8;1;180;;M;4558946;414680;420
201400005089;14;2;17;1345;1;1;1;1;2;46;;M;4565005;404934;420
201400005090;14;3;14;815;1;2;3;1;5;147;6 avenue d'Allard;M;4560711;405799;420
201400005091;14;3;17;1445;1;1;1;1;2;299;;M;4561020;409657;420
201400005092;14;4;6;1800;1;1;1;1;3;46;;M;4562630;405199;420
201400005093;14;4;22;1730;1;2;1;2;6;147;rue de pépinière du roi;M;4560433;406297;420
201400005094;14;6;16;530;2;1;1;1;6;299;;M;4562077;413830;420
201400005095;14;6;17;1430;1;1;1;1;1;147;;M;4561832;407071;420
201400005096;14;9;19;1915;2;1;1;8;1;180;;M;4559059;414430;420
201400005097;14;10;26;1815;3;1;1;1;5;285;;M;4556995;412838;420
201400005098;14;11;8;1045;1;1;1;1;3;285;;M;4558137;410689;420
201400005099;14;11;13;900;2;2;1;1;6;147;2 boulevard Lach?ze;M;4560550;406435;420
201400005100;14;12;5;745;2;1;1;2;2;180;;M;4558995;415887;420
201400005101;14;12;8;1500;3;1;1;8;3;46;;M;4564089;405232;420
201400005102;14;12;28;30;5;2;1;4;6;147;Avenue de Saint Etienne;M;4559958;407321;420
201400005103;14;12;31;1215;1;2;7;1;6;147;12 place grenette;M;4560709;406348;420
201400005104;14;4;18;1545;1;2;6;1;6;5;;M;4552585;427019;420
201400005105;14;5;16;1830;1;1;1;1;3;304;;M;4556913;418682;420
201400005106;14;6;5;2100;1;2;1;1;1;304;boulevard jean moulin;M;4554174;418591;420
201400005107;14;6;10;1900;2;2;1;3;1;211;avenue pierre zakarie;M;4552959;424651;420
201400005108;14;10;18;1615;1;2;1;7;6;5;AVENUE DE ST ETIENNE;M;4552588;427322;420
201400005109;14;11;8;1730;3;1;1;2;1;5;;M;4553562;430534;420
201400005110;14;12;20;445;5;2;1;3;6;5;AVENUE HELENE BOUCHER;M;4554023;428568;420
201400005111;14;1;17;1400;1;1;1;1;3;197;;M;4573841;405644;420
201400005112;14;1;22;1700;1;1;1;8;7;221;;M;4578195;410346;420
201400005113;14;2;16;200;3;1;1;2;7;114;;M;4574272;381054;420
201400005114;14;5;7;2200;3;1;1;1;7;2;;M;4578159;392677;420
201400005115;14;5;23;1400;1;1;1;1;1;245;;M;4581562;383015;420
201400005116;14;7;1;815;1;1;1;1;3;136;;M;4571173;403249;420
201400005117;14;7;13;1630;1;1;1;2;6;159;;M;4578771;374269;420
201400005118;14;9;3;1800;1;2;1;1;3;19;RD 3008;M;4574322;401925;420
201400005119;14;9;21;1215;1;1;1;1;1;205;;M;4563619;386788;420
201400005120;14;1;12;1500;1;1;1;1;1;165;;M;4577804;432215;420
201400005121;14;1;24;1645;1;1;1;2;1;214;;M;4567797;431328;420
201400005122;14;2;9;1000;1;1;1;1;3;319;La Croix Jaune;M;4570511;430070;420
201400005123;14;3;22;1900;3;1;1;1;2;296;;M;4573400;428057;420
201400005124;14;4;24;1730;1;1;1;1;5;41;;M;4571479;420060;420
201400005125;14;4;14;1245;1;2;2;1;3;94;Rue Louis Blanc;M;4573641;423588;420
201400005126;14;5;14;815;1;2;1;1;6;94;bvd de l'hippodrome;M;4573641;422335;420
201400005127;14;6;1;1545;1;2;1;1;1;113;Le bourg;M;4574526;431096;420
201400005128;14;7;3;2200;3;1;1;1;6;94;;M;4574276;420767;420
201400005129;14;7;8;1030;1;1;1;8;2;296;;M;4573897;429522;420
201400005130;14;8;5;1500;1;2;1;1;3;94;rue de la Loire 42 FEUR;M;4574281;421530;420
201400005131;14;10;25;1500;1;1;1;1;6;94;;M;4574523;431430;420
201400005132;14;11;7;745;2;2;1;1;6;94;Rue Jules Ferry;M;4574531;422363;420
201400005133;14;11;17;1715;3;2;1;2;3;175;Le buis;M;4580046;422941;420
201400005134;14;11;18;1045;1;2;1;2;6;94;7 rue de la r?publique;M;4574368;422404;420
201400005135;14;11;30;1215;1;1;1;2;3;174;;M;4572631;416472;420
201400005136;14;12;14;45;5;2;1;1;1;94;30 bd boissonnette;M;4573827;422860;420
201400005137;14;12;29;1630;1;2;1;1;6;94;rue de la Loire;M;4574330;422097;420
201400005138;14;2;8;1015;1;1;1;2;6;126;;M;4545155;408584;420
201400005139;14;2;23;445;3;1;1;1;6;137;;M;4552170;403488;420
201400005140;14;3;19;2115;5;1;1;1;6;6;;M;4538428;399900;420
201400005141;14;3;23;1700;1;1;1;1;7;137;;M;4552159;405389;420
201400005142;14;5;31;1515;1;1;1;1;1;312;;M;4541314;409107;420
201400005143;14;6;28;2330;5;2;1;2;6;240;la cruzille;M;4549993;404455;420
201400005144;14;9;26;1045;1;1;1;1;3;240;;M;4551079;405238;420
201400005145;14;10;5;145;3;1;1;2;7;240;;M;4550480;402927;420
201400005146;14;10;8;1215;1;1;1;1;7;318;;M;4536100;391100;420
201400005147;14;10;16;815;1;1;1;8;1;204;;M;4540969;410328;420
201400005148;14;11;15;2130;3;1;1;1;6;21;;M;4550798;411385;420
201400005149;14;12;12;1715;4;2;1;1;1;228;D?partementale 107;M;4555902;410170;420
201400005150;14;1;5;1030;1;2;1;1;1;222;Route d?partementale CD1;M;4559032;431958;420
201400005151;14;1;23;1630;1;1;1;1;1;20;;M;4564081;421776;420
201400005152;14;1;25;1730;1;1;1;1;1;81;;M;4561973;425757;420
201400005153;14;2;7;1300;1;1;1;1;1;138;;M;4565952;435992;420
201400005154;14;3;9;1200;1;2;1;1;3;323;Rue abb? Delorme;M;4556247;429926;420
201400005155;14;3;11;600;1;2;3;1;3;323;rn1082 et rue massenet;M;4556716;427532;420
201400005156;14;4;28;1745;1;2;8;1;6;200;D1089;M;4564485;424904;420
201400005157;14;4;25;830;1;1;1;2;6;59;;M;4564708;436078;420
201400005158;14;5;8;1645;1;2;1;1;6;315;279 Centre Bourg;M;4560675;422514;420
201400005159;14;5;25;1645;1;1;1;2;6;43;;M;4557443;430405;420
201400005160;14;6;13;1830;1;2;1;1;3;108;339 Rte de Sury;M;4559061;419548;420
201400005161;14;7;17;100;3;1;1;1;6;138;;M;4566010;435914;420
201400005162;14;7;19;1815;1;1;1;1;1;59;;M;4565063;439378;420
201400005163;14;10;20;1715;1;1;1;1;7;336;Neyrieux;M;4567722;435571;420
201400005164;14;11;3;1630;1;1;1;2;7;62;;M;4559042;438498;420
201400005165;14;11;27;1215;1;1;1;2;5;108;;M;4558824;421922;420
201400005166;14;12;4;1600;1;1;2;9;1;43;;M;4557501;432529;420
201400005167;14;3;17;1545;1;1;1;1;3;201;;M;4533387;464215;420
201400005168;14;4;25;845;1;2;1;2;6;168;rue des prairies;M;4542467;467333;420
201400005169;14;4;30;1515;1;1;1;1;1;265;;M;4544661;472378;420
201400005170;14;5;10;1445;1;1;1;1;7;64;;M;4545869;468324;420
201400005171;14;7;5;2100;2;1;1;1;6;265;;M;4543903;474725;420
201400005172;14;8;7;1845;1;2;1;1;3;56;LA GRANDE GORGE;M;4540083;473701;420
201400005173;14;9;4;700;1;2;1;1;3;191;les combettes;M;4538285;468315;420
201400005174;14;10;4;1530;1;1;1;1;6;56;;M;4541608;470994;420
201400005175;14;10;30;1545;1;2;1;1;6;129;route de veranne;M;4536260;468369;420
201400005176;14;12;11;1100;1;2;1;8;6;129;Route de l' Ard?che;M;4536102;468521;420
201400005177;14;1;5;1045;1;1;1;1;7;332;;M;4599549;403981;420
201400005178;14;3;1;2000;3;1;1;1;7;170;;M;4600668;415693;420
201400005179;14;3;23;100;3;1;1;1;7;332;;M;4600979;404720;420
201400005180;14;4;10;1900;1;1;1;1;7;27;;M;4594346;399575;420
201400005181;14;4;26;945;1;1;1;1;3;166;;M;4600549;410070;420
201400005182;14;6;3;800;1;1;1;1;2;239;;M;4597810;399286;420
201400005183;14;6;15;1245;1;1;1;1;7;69;;M;4597045;404516;420
201400005184;14;6;27;1900;1;1;1;1;7;145;;M;4603218;419223;420
201400005185;14;7;7;1300;1;1;1;2;7;162;;M;4601523;397335;420
201400005186;14;7;18;1945;1;1;2;1;3;120;;M;4599221;399716;420
201400005187;14;7;19;1615;1;1;3;1;3;120;;M;4598506;396632;420
201400005188;14;8;7;1500;1;1;2;2;1;331;;M;4598350;396240;420
201400005189;14;8;7;1430;1;1;1;1;1;120;;M;4599142;398111;420
201400005190;14;8;21;1545;1;1;1;1;1;331;;M;4596529;394079;420
201400005191;14;8;20;815;1;2;6;1;2;332;rond-point du Lavoir;M;4601445;404323;420
201400005192;14;8;29;1445;1;2;1;1;1;332;Chemin des servoirets;M;4599300;403020;420
201400005193;14;9;4;2045;5;1;1;1;6;69;;M;4601859;407451;420
201400005194;14;10;29;1530;1;1;2;1;3;69;;M;4598840;406069;420
201400005195;14;11;2;1015;1;1;1;1;1;294;;M;4601630;410970;420
201400005196;14;1;9;2230;3;1;1;1;6;325;;M;4594465;413994;420
201400005197;14;2;6;1330;1;2;1;1;7;98;LE BOURG;M;4593693;426846;420
201400005198;14;3;13;830;1;1;3;1;3;289;;M;4595193;419634;420
201400005199;14;3;17;845;1;1;1;1;1;254;;M;4584835;417084;420
201400005200;14;5;11;1500;1;1;1;1;3;11;Pralery;M;4582885;416429;420
201400005201;14;5;24;1100;1;1;1;1;6;249;;M;4587869;421612;420
201400005202;14;5;25;2100;2;2;1;1;7;213;D64 la voisin?es;M;4590353;431223;420
201400005203;14;6;11;1615;1;1;1;1;7;153;;M;4596513;414175;420
201400005204;14;7;10;1900;1;1;1;2;3;98;;M;4595208;428947;420
201400005205;14;7;23;1400;1;1;1;1;3;254;;M;4586969;417434;420
201400005206;14;8;2;1200;1;1;1;2;7;293;;M;4601963;427770;420
201400005207;14;8;11;1530;1;1;1;1;1;212;;M;4596666;410974;420
201400005208;14;8;15;1145;1;2;1;1;6;181;rue de la tour;M;4598959;421604;420
201400005209;14;9;29;1345;1;1;1;2;6;181;Naconne;M;4598592;418996;420
201400005210;14;10;12;1230;1;1;1;3;7;156;;M;4591529;416791;420
201400005211;14;12;2;1830;3;1;1;1;2;98;;M;4594448;427846;420
201400005212;14;12;16;800;3;2;1;2;1;11;1 rue du four ? chaux;M;4581829;418778;420
201400005213;14;12;18;2015;3;1;1;1;6;289;;M;4594530;422765;420
201400005214;14;12;19;1730;5;2;1;2;6;209;le bourg;M;4587734;427517;420
201400005215;14;3;14;1600;1;1;1;1;7;215;;M;4617071;420594;420
201400005216;14;3;18;800;1;2;1;1;1;26;lLa Croix Saint Paul;M;4615323;407798;420
201400005217;14;3;28;1730;1;2;3;1;3;267;LES VARENNES;M;4615698;410539;420
201400005218;14;4;24;900;1;2;1;1;1;177;Avenue brossard;M;4614705;410751;420
201400005219;14;6;1;145;5;2;1;1;6;26;D4-pont de la Loire;M;4614810;408872;420
201400005220;14;7;13;2015;1;1;1;2;2;48;;M;4615339;421314;420
201400005221;14;7;18;700;1;1;1;1;1;26;;M;4614733;409633;420
201400005222;14;7;31;1915;1;1;2;1;3;14;;M;4617930;441260;420
201400005223;14;7;31;1915;1;1;2;1;3;215;;M;4618646;419878;420
201400005224;14;8;9;815;1;1;1;2;6;236;;M;4613593;417819;420
201400005225;14;10;6;2000;5;2;2;2;3;52;01 Bld Louis Valorge;M;4616025;417325;420