num_acc;an;mois;jour;hrmn;lum;agg;int;atm;col;com;adr;gps;lat;long;dep
201400005226;14;10;2;715;2;2;1;5;2;177;173 rue de la r?publique;M;4614450;410834;420
201400005227;14;10;25;2315;3;1;1;1;1;141;;M;4614977;424324;420
201400005228;14;12;13;1745;5;1;1;1;2;267;;M;4615267;415768;420
201400005229;14;12;18;1445;1;1;1;3;7;152;;M;4609371;415470;420
201400005230;14;12;24;845;1;2;1;1;6;15;Rue Centrale;M;4616493;434669;420
201400005231;14;3;7;2000;3;1;1;1;3;4;;M;4586318;403775;420
201400005232;14;3;18;1645;1;1;1;1;3;248;;M;4593599;386693;420
201400005233;14;5;30;1800;1;1;1;1;1;76;;M;4590797;393366;420
201400005234;14;6;21;1300;1;1;1;1;7;274;;M;4591259;396392;420
201400005235;14;7;22;1830;1;1;1;1;1;282;;M;4589265;384397;420
201400005236;14;7;25;2030;2;1;1;2;1;282;;M;4587797;382584;420
201400005237;14;8;28;1645;1;2;1;1;3;230;avenue de pralong;M;4583251;402107;420
201400005238;14;9;10;1800;1;1;1;1;3;243;;M;4584848;399079;420
201400005239;14;9;23;1745;1;2;3;1;1;248;rue de thiers;M;4590917;384355;420
201400005240;14;9;24;1345;1;1;9;1;3;4;;M;4586750;403619;420
201400005241;14;10;12;1715;1;1;1;1;7;76;;M;4591764;393884;420
201400005242;14;11;10;1115;1;1;1;1;2;27;;M;4593681;394813;420
201400005243;14;12;4;1915;3;1;1;5;6;47;;M;4586602;383614;420
201400005244;14;10;17;1745;1;2;3;1;3;288;CD211;M;4561270;592300;730
201400005245;14;1;29;1845;5;2;4;2;3;182;D 913 route du revard;M;4568300;593500;730
201400005246;14;2;10;600;3;1;1;1;6;238;;M;4577300;586750;730
201400005247;14;3;30;1630;1;1;1;1;6;59;;M;4572170;588200;730
201400005248;14;4;15;830;1;1;1;1;3;300;;M;4566110;589530;730
201400005249;14;6;15;1200;1;1;1;1;1;158;;M;4575570;594810;730
201400005250;14;8;10;1215;1;1;1;1;1;301;;M;4570600;591140;730
201400005251;14;9;5;1745;1;1;1;1;1;238;;M;4577540;586630;730
201400005252;14;5;12;1100;1;2;6;1;1;225;route d'apremont;M;4553310;595590;730
201400005253;14;7;11;645;1;2;1;1;1;249;RD 1006;M;4553400;599210;730
201400005254;14;8;6;1645;1;2;1;1;1;213;835 rue Richelieu;M;4559950;596390;730
201400005255;14;11;13;1;3;1;2;1;2;213;;M;4556510;596710;730
201400005256;14;8;16;1530;1;1;1;1;3;192;;M;4566040;603410;730
201400005257;14;10;26;1415;1;1;1;1;7;330;;M;4567900;576250;730
201400005258;14;11;4;900;1;1;1;1;1;330;;M;4567433;576637;730
201400005259;14;8;19;1815;1;1;1;1;1;180;;M;4593280;583140;730
201400005260;14;6;3;1945;1;2;1;1;3;270;Rue Louis Blanc Pinget;M;4556930;616010;730
201400005261;14;6;6;1800;1;1;3;1;3;18;;M;4550470;607500;730
201400005262;14;6;7;1200;1;1;1;1;7;171;;M;4549980;604280;730
201400005263;14;6;11;1745;1;1;2;1;5;270;;M;4555190;616020;730
201400005264;14;6;19;1330;1;1;1;1;6;171;;M;4550100;606540;730
201400005265;14;9;29;1330;1;1;1;8;1;17;;M;4549020;592040;730
201400005266;14;10;1;1900;2;1;1;1;3;240;;M;4549000;604760;730
201400005267;14;9;21;430;3;2;1;1;7;179;ROUTE DU TREMBLAY;M;4560730;586110;730
201400005268;14;4;27;815;1;1;3;8;1;269;;M;4569690;580220;730
201400005269;14;6;10;1530;1;1;1;1;1;51;;M;0;0;730
201400005270;14;3;8;1030;1;1;2;1;3;229;;M;4545527;577345;730
201400005271;14;7;14;1600;1;1;1;1;1;229;;M;4578660;578660;730
201400005272;14;7;18;2015;2;1;1;1;6;191;;M;4559270;576330;730
201400005273;14;7;30;1115;1;1;9;2;1;233;;M;4547680;573080;730
201400005274;14;1;18;600;3;1;1;1;1;292;;M;4571050;640590;730
201400005275;14;2;23;900;1;1;1;1;1;303;;M;4575800;642840;730
201400005276;14;6;5;830;1;1;1;1;7;303;;M;4575670;642690;730
201400005277;14;8;26;1045;1;2;1;3;6;303;RUE PAUL PROUST;M;4575350;642000;730
201400005278;14;10;24;2030;3;1;1;1;2;241;;M;4559690;629270;730
201400005279;14;10;26;1515;1;1;1;1;7;262;;M;0;0;730
201400005280;14;11;11;645;2;1;1;1;6;32;;M;0;0;730
201400005281;14;5;7;830;1;1;1;2;1;38;;M;4556690;669940;730
201400005282;14;6;22;1045;1;2;1;7;1;6;route de villaroland;M;4555880;663190;730
201400005283;14;8;4;1545;1;2;3;1;6;93;80 RUE DU VILLARD;M;4556180;666220;730
201400005284;14;1;19;730;2;1;1;1;1;317;;M;4571710;650560;730
201400005285;14;2;22;1730;1;1;1;1;1;211;;M;4571670;646670;730
201400005286;14;5;19;1515;1;1;1;1;7;132;;M;4575380;658720;730
201400005287;14;9;7;1430;1;1;1;1;1;34;;M;4573180;654270;730
201400005288;14;1;15;800;1;1;1;9;5;232;;M;4560660;684840;730
201400005289;14;2;1;930;1;1;1;1;1;54;;M;4561420;675670;730
201400005290;14;8;31;1800;1;2;1;1;6;285;Lieu-dit Saint Germain;M;4563780;681750;730
201400005291;14;12;28;1645;1;1;1;2;5;54;;M;4559450;674941;730
201400005292;14;1;26;1915;3;1;1;4;1;227;;M;0;0;730
201400005293;14;3;11;2230;5;1;1;4;1;15;;M;4540990;656160;730
201400005294;14;3;26;1745;1;1;1;1;6;227;;M;4544310;660180;730
201400005295;14;5;29;2100;1;1;1;1;6;227;;M;4544330;661180;730
201400005296;14;5;29;1515;1;1;4;7;6;15;;M;4542420;655390;730
201400005297;14;7;26;1345;1;2;1;1;2;198;La perriere;M;4544560;659360;730
201400005298;14;1;15;1130;1;1;1;7;6;24;;M;4548680;646570;730
201400005299;14;7;26;1615;1;1;1;1;3;187;;M;4550610;648970;730
201400005300;14;6;8;1445;1;1;1;1;1;256;;M;4520170;645510;730
201400005301;14;7;8;1515;1;1;1;1;7;203;;M;4531700;633600;730
201400005302;14;7;13;1500;1;2;4;1;3;248;Avenue Henry Falcoz;M;4527700;634950;730
201400005303;14;10;9;845;1;2;6;1;6;248;Rond-Point du Monuments;M;4527770;634610;730
201400005304;14;8;4;1700;1;1;1;1;7;235;;M;4541680;636140;730
201400005305;14;10;17;1615;1;1;1;1;2;109;;M;4546520;629180;730
201400005306;14;11;28;1700;1;1;1;1;1;322;;M;4520580;670340;730
201400005307;14;11;5;1800;3;1;1;2;1;322;;M;4520561;670387;730
201400005308;14;4;2;1345;1;1;1;1;2;275;ECHARVINES;M;0;0;740
201400005309;14;4;18;1700;1;1;4;1;3;275;D42/D169;M;0;0;740
201400005310;14;4;20;845;1;2;1;1;3;267;;M;0;0;740
201400005311;14;5;17;1530;1;1;1;1;1;275;LIEU DIT ECHARVINE;M;0;0;740
201400005312;14;6;13;1815;1;2;4;1;3;242;255 ROUTE D'ALBERTVILLE;M;0;0;740
201400005313;14;6;27;800;1;2;1;1;2;267;3775 route d'albertville;M;0;0;740
201400005314;14;8;31;1845;1;2;1;1;3;267;691 route d'Albertville;M;0;0;740
201400005315;14;9;12;800;1;1;6;1;1;104;;M;0;0;740
201400005316;14;9;15;700;1;1;1;1;7;123;;M;0;0;740
201400005317;14;11;22;1445;1;1;4;1;1;270;RD12- carrefour RAYNOZ;M;0;0;740
201400005318;14;12;3;1015;1;1;1;2;1;275;;M;0;0;740
201400005319;14;12;19;1815;5;2;3;1;3;267;2216 route d'Albertville;M;0;0;740
201400005320;14;12;23;730;2;1;1;9;6;267;ROUTE D'EPAGNY;M;0;0;740
201400005321;14;5;24;1800;1;1;1;1;5;255;LIEU DIT CORBONNET;M;0;0;740
201400005322;14;5;28;2315;4;1;1;1;7;138;LIEU DIT CHOSEAUX;M;0;0;740
201400005323;14;8;1;645;1;1;1;1;7;192;;M;0;0;740
201400005324;14;8;3;200;3;1;1;2;6;2;;M;0;0;740
201400005325;14;8;9;1100;1;2;1;1;1;225;boulevard de l'europe;M;0;0;740
201400005326;14;8;31;1415;1;1;1;1;1;192;;M;0;0;740
201400005327;14;9;10;1715;1;2;2;1;3;225;RUE MICHEL STADT;M;0;0;740
201400005328;14;10;10;1945;3;1;1;1;4;289;;M;0;0;740
201400005329;14;10;27;1045;1;1;1;1;3;192;ROUTE DES QUATRE CHEMINS;M;0;0;740
201400005330;14;11;12;1330;1;1;1;1;1;255;;M;0;0;740
201400005331;14;12;5;1820;3;1;1;2;1;289;;M;0;0;740
201400005332;14;12;24;1415;1;1;2;1;1;2;;M;0;0;740
201400005333;14;1;8;1230;1;2;1;1;1;280;17 route d'annecy;M;0;0;740
201400005334;14;1;28;1400;1;2;3;1;6;136;ROUTE DU BOUCHET;M;0;0;740
201400005335;14;6;11;1200;1;1;1;1;3;239;ROUTE DES POCHONS;M;0;0;740
201400005336;14;6;20;2145;3;1;1;1;7;280;;M;0;0;740
201400005337;14;6;22;1630;1;1;1;1;7;136;;M;0;0;740
201400005338;14;9;12;1345;1;1;1;1;1;280;;M;0;0;740
201400005339;14;12;12;315;3;1;1;9;6;36;;M;0;0;740
201400005340;14;5;29;845;1;2;2;1;1;24;route de cluses;M;0;0;740
201400005341;14;8;12;1600;1;2;1;1;6;87;ROUTE DE LA COLONIE;M;0;0;740
201400005342;14;8;29;2000;2;2;4;1;3;42;AVENUE DE LA GARE;M;0;0;740
201400005343;14;9;5;1600;1;2;1;1;6;42;789  AVENUE DE GENEVE;M;0;0;740
201400005344;14;10;29;1800;3;1;1;1;2;42;;M;0;0;740
201400005345;14;12;4;1800;3;1;1;1;2;212;;M;0;0;740
201400005346;14;2;15;2345;3;1;1;4;1;56;;M;0;0;740
201400005347;14;3;4;1615;1;2;4;1;6;56;PARKING CARREFOUR MARKET;M;0;0;740
201400005348;14;7;16;5;5;1;1;1;1;56;ROUTE DU FOUE;M;0;0;740
201400005349;14;8;10;1515;1;2;1;1;3;290;les nants;M;0;0;740
201400005350;14;9;18;215;3;2;1;1;6;56;promenade marie paradis;M;0;0;740
201400005351;14;12;7;1815;5;2;1;1;6;56;PROMENADE MARIE PARADIS;M;0;0;740
201400005352;14;2;5;1615;1;1;1;4;3;85;;M;0;0;740
201400005353;14;4;6;1615;1;1;1;1;6;236;;M;0;0;740
201400005354;14;7;12;2045;3;2;1;3;7;215;387 ROUTE  PLAN CASSIOZ;M;0;0;740
201400005355;14;8;18;400;1;2;1;1;6;173;36 ROUTE DU CRET;M;0;0;740
201400005356;14;9;20;1945;2;1;1;1;7;173;;M;0;0;740
201400005357;14;1;16;1100;1;1;2;1;2;18;;M;0;0;740
201400005358;14;2;23;1600;1;1;1;1;5;250;;M;0;0;740
201400005359;14;3;1;2315;3;1;1;1;6;250;1347 ROUTE  GORGES BORNE;M;0;0;740
201400005360;14;3;23;2100;3;1;6;1;1;90;ROND POINT DE MOUSSY;M;0;0;740
201400005361;14;4;6;2140;5;1;3;1;3;116;;M;0;0;740
201400005362;14;5;24;1745;1;1;1;1;3;7;;M;0;0;740
201400005363;14;5;26;2010;1;1;1;1;7;250;;M;0;0;740
201400005364;14;6;4;1740;1;1;1;3;1;116;;M;0;0;740
201400005365;14;6;4;1730;1;2;4;2;3;224;AVENUE DES VOIRONS;M;0;0;740
201400005366;14;6;5;1615;1;1;1;1;3;7;;M;0;0;740
201400005367;14;6;25;1200;1;1;1;1;3;7;;M;0;0;740
201400005368;14;7;2;930;1;1;1;1;1;90;;M;0;0;740
201400005369;14;7;5;300;5;2;1;2;6;90;;M;0;0;740
201400005370;14;7;29;1000;1;1;2;2;3;7;;M;0;0;740
201400005371;14;9;3;915;1;2;4;1;3;224;AVENUE DES VOIRONS;M;0;0;740
201400005372;14;9;12;30;5;1;1;1;6;90;;M;0;0;740
201400005373;14;11;21;930;1;2;3;1;3;87;;M;0;0;740
201400005374;14;2;2;1030;1;2;1;8;1;256;288 ROUTE DE RENINGE;M;0;0;740
201400005375;14;10;16;1545;1;1;1;2;1;256;;M;0;0;740
201400005376;14;2;11;1245;1;2;3;1;3;134;ROUTE DES CHAVANNES;M;0;0;740
201400005377;14;2;14;1545;3;1;1;1;6;276;;M;4612500;661600;740
201400005378;14;4;7;2315;3;2;1;1;1;294;LIEU DIT CHAMOT;M;0;0;740
201400005379;14;4;26;2000;3;1;1;3;7;258;;M;0;0;740
201400005380;14;5;18;1930;1;1;1;1;7;183;;M;0;0;740
201400005381;14;6;9;1645;1;1;1;1;6;134;;M;0;0;740
201400005382;14;7;9;1630;1;2;1;2;6;183;MATRINGES;M;0;0;740
201400005383;14;7;18;1930;1;1;1;1;3;223;;M;0;0;740
201400005384;14;7;19;830;1;1;1;1;2;276;;M;0;0;740
201400005385;14;7;25;815;1;2;3;1;3;258;LE BEROUZE;M;0;0;740
201400005386;14;8;10;1245;1;2;1;1;1;183;LIEU DIT MESSY;M;0;0;740
201400005387;14;8;12;1615;1;1;1;1;1;276;LE PRAZ DE LYS;M;0;0;740
201400005388;14;8;17;1545;1;1;1;1;5;276;LE CHOSAL;M;0;0;740
201400005389;14;8;18;1915;1;1;1;1;1;276;;M;0;0;740
201400005390;14;8;30;1845;1;1;1;1;7;223;;M;0;0;740
201400005391;14;9;11;2330;3;2;1;1;1;183;;M;0;0;740
201400005392;14;2;10;1215;5;2;3;2;1;243;RUE LOUIS PASTEUR;M;0;0;740
201400005393;14;4;6;1145;1;1;3;1;3;82;;M;0;0;740
201400005394;14;10;21;930;1;2;1;2;2;243;ancienne route de lyon;M;0;0;740
201400005395;14;12;24;700;5;1;1;9;5;243;;M;0;0;740
201400005396;14;1;17;700;3;1;8;2;3;220;CHEMIN CHATEAU MAGNY;M;0;0;740
201400005397;14;2;9;415;3;1;1;1;6;229;;M;0;0;740
201400005398;14;3;21;1730;1;2;4;1;1;220;273 GRANDE RUE;M;0;0;740
201400005399;14;4;3;1645;1;1;1;1;3;94;;M;0;0;740
201400005400;14;6;8;2045;1;1;1;1;4;128;;M;0;0;740
201400005401;14;7;3;1230;1;1;1;1;1;40;;M;0;0;740
201400005402;14;7;14;1215;1;1;3;2;1;220;;M;0;0;740
201400005403;14;7;18;1800;1;1;1;1;3;94;;M;0;0;740
201400005404;14;8;31;2315;3;1;1;1;1;229;;M;0;0;740
201400005405;14;9;11;1445;1;1;1;1;3;197;;M;0;0;740
201400005406;14;1;11;1115;1;2;4;1;7;9;Route de copponex;M;4605900;606600;740
201400005407;14;1;27;645;5;2;1;1;6;96;Grande Rue;M;0;0;740
201400005408;14;4;2;1645;1;2;2;1;3;6;;M;0;0;740
201400005409;14;4;24;1400;1;2;1;1;1;96;ROUTE D' ANNECY;M;0;0;740
201400005410;14;5;11;1445;1;2;1;1;1;96;ROUTE MOULINS/RONZIER;M;0;0;740
201400005411;14;6;25;700;1;1;1;1;2;296;;M;0;0;740
201400005412;14;7;31;1830;1;2;1;1;3;288;80 route de chancy;M;0;0;740
201400005413;14;9;4;1345;1;2;6;1;7;288;ROUTE DE CHANCY;M;0;0;740
201400005414;14;9;13;1645;1;2;2;1;3;288;RUE DU PRE ROSSET;M;0;0;740
201400005415;14;9;23;1715;1;2;2;1;3;96;RUE DU STADE;M;0;0;740
201400005416;14;10;9;745;1;1;6;1;3;6;;M;0;0;740
201400005417;14;12;9;1115;1;2;2;1;3;6;route d'annecy;M;0;0;740
201400005418;14;5;7;1615;1;1;9;1;3;77;;M;0;0;740
201400005419;14;6;22;1930;1;2;1;1;1;68;LIEU DIT GIROD;M;0;0;740
201400005420;14;8;22;1350;1;1;1;1;1;131;;M;0;0;740
201400005421;14;10;23;2245;5;1;1;1;6;269;D992;M;0;0;740
201400005422;14;10;26;330;5;1;6;1;6;68;;M;0;0;740
201400005423;14;11;1;1145;1;1;1;1;7;109;;M;0;0;740
201400005424;14;12;14;345;3;1;1;8;1;269;;M;0;0;740
201400005425;14;5;21;1800;1;1;1;1;1;286;;M;0;0;740
201400005426;14;5;21;2100;2;2;1;1;6;58;LES THOULES;M;0;0;740
201400005427;14;7;1;1030;1;2;1;1;1;41;;M;0;0;740
201400005428;14;8;4;630;2;1;1;1;7;1;SOUS LE PAS;M;0;0;740
201400005429;14;9;28;1815;1;1;1;1;7;58;;M;0;0;740
201400005430;14;12;7;315;3;1;1;1;6;63;;M;0;0;740
201400005431;14;12;23;45;5;2;1;1;3;58;LIEU DIT PASSENGUE;M;0;0;740
201400005432;14;10;17;1945;5;2;1;1;6;155;lieu dit la sciaux;M;0;0;740
201400005433;14;1;1;1630;1;1;1;8;5;175;;M;0;0;740
201400005434;14;3;13;1415;1;1;3;1;3;249;;M;0;0;740
201400005435;14;7;20;600;1;1;1;1;1;175;;M;0;0;740
201400005436;14;8;10;630;1;1;1;1;5;175;;M;0;0;740
201400005437;14;11;3;600;2;1;1;8;1;154;;M;0;0;740
201400005438;14;1;15;1315;1;1;1;8;1;263;;M;0;0;630
201400005439;14;2;13;1700;1;1;1;2;6;307;;M;0;0;630
201400005440;14;3;14;1730;1;1;3;7;1;307;;M;0;0;630
201400005441;14;5;26;1915;2;1;1;3;4;345;;M;0;0;630
201400005442;14;10;11;1630;1;1;9;1;3;307;;M;0;0;630
201400005443;14;11;1;1045;1;2;1;1;1;345;lieu dit pardon;M;4571782;300582;630
201400005444;14;1;7;1615;1;1;1;1;5;273;;M;0;0;630
201400005445;14;1;8;1630;1;1;2;1;3;154;;M;0;0;630
201400005446;14;3;9;100;5;2;1;1;6;453;18 avenue Jacques Duclos;M;0;0;630
201400005447;14;4;13;1230;1;2;1;1;1;226;Rue C?lestin Tourres;M;4577000;324100;630
201400005448;14;4;18;1045;1;2;1;1;5;453;AVENUE JACQUES DUCLOS;M;0;0;630
201400005449;14;4;9;915;1;1;1;2;6;216;;M;0;0;630
201400005450;14;8;6;1700;1;1;1;1;1;157;chantelauze;M;0;0;630
201400005451;14;9;3;1900;1;2;1;1;3;453;chignat  - VERTAIZON;M;0;0;630
201400005452;14;9;23;1030;1;2;1;1;3;453;avenue jacque duclos;M;4579000;329000;630
201400005453;14;12;8;1145;1;1;1;1;6;106;;M;0;0;630
201400005454;14;12;13;1700;5;2;1;1;3;40;Rue de la lib?ration;M;4572646;333955;630
201400005455;14;12;19;945;1;1;1;1;2;45;;M;0;0;630
201400005456;14;8;27;1245;1;1;3;1;3;246;Le pessy 219 pr 4+600;M;4559588;274864;630
201400005457;14;9;6;1715;1;1;1;1;1;246;;M;0;0;630
201400005458;14;9;7;1815;1;1;1;1;6;236;;M;4559000;282300;630
201400005459;14;9;11;1730;2;2;1;7;6;47;;M;4558826;273723;630
201400005460;14;1;23;800;2;1;1;4;7;263;;M;4577300;298400;630
201400005461;14;1;27;1800;2;2;1;1;7;307;1 rue Alix de Tocquevill;M;4572741;310064;630
201400005462;14;8;1;1230;1;1;1;1;1;263;;M;4579900;303400;630
201400005463;14;4;14;915;1;2;9;1;6;284;avenue coulon/ prat;M;4579891;324266;630
201400005464;14;5;21;1715;1;2;1;1;7;213;route de Riom;M;4581453;323986;630
201400005465;14;6;28;2330;5;2;1;2;6;284;rue fontaine ballet;M;4579562;324064;630
201400005466;14;9;14;1400;1;1;3;1;1;133;;M;0;0;630
201400005467;14;9;18;1915;2;1;1;2;1;213;;M;4584462;327643;630
201400005468;14;9;20;1030;1;1;1;8;1;200;;M;0;0;630
201400005469;14;12;5;600;3;1;1;1;6;204;;M;4580455;318508;630
201400005470;14;12;8;615;3;1;1;8;3;284;;M;4578950;322551;630
201400005471;14;3;4;445;3;1;1;4;3;189;;M;0;0;630
201400005472;14;3;17;1445;1;1;1;1;7;351;;M;0;0;630
201400005473;14;1;30;1245;1;1;1;1;1;407;;M;0;0;630
201400005474;14;5;12;1600;1;1;1;1;3;26;;M;0;0;630
201400005475;14;6;17;1845;1;1;1;1;6;378;;M;4567248;323545;630
201400005476;14;7;15;1245;1;1;1;1;6;280;;M;4500000;300000;630
201400005477;14;8;2;1930;1;1;1;1;3;26;;M;0;0;630
201400005478;14;8;10;1145;1;1;1;1;1;472;;M;0;0;630
201400005479;14;9;11;930;1;1;3;1;3;396;;M;0;0;630
201400005480;14;9;23;730;2;2;6;8;3;457;rond point des meules;M;4564462;323086;630
201400005481;14;10;8;1500;1;1;1;1;2;227;;M;0;0;630
201400005482;14;10;27;1815;5;2;2;1;3;455;Rue farday / Rue Dutroch;M;4568819;317241;630
201400005483;14;12;10;1630;2;1;2;8;5;205;La fontenille;M;4559411;337478;630
201400005484;14;1;4;1345;1;1;1;1;6;179;;M;0;0;630
201400005485;14;2;4;1315;1;2;1;1;6;3;;M;4555300;374400;630
201400005486;14;2;10;1515;1;1;1;1;3;10;;M;4544300;372600;630
201400005487;14;3;5;1345;1;2;1;1;1;3;Chemin d'Aubignat;M;4553532;372329;630
201400005488;14;3;16;1545;1;2;1;1;1;3;La varenne;M;4553300;380400;630
201400005489;14;5;1;1800;1;2;1;1;1;161;le bourg 63600 LA FORIE;M;4559600;376200;630
201400005490;14;5;18;1330;1;2;2;1;3;10;Fontaine de Cayolle;M;4540338;371911;630
201400005491;14;6;2;630;1;2;1;1;6;211;le bourg;M;4548300;372800;630
201400005492;14;6;8;1215;1;1;1;1;6;374;;M;4553200;380700;630
201400005493;14;6;6;1015;1;1;1;1;6;3;;M;0;0;630
201400005494;14;7;5;1715;1;1;1;1;3;179;;M;0;0;630
201400005495;14;7;10;1000;1;1;1;3;2;3;;M;0;0;630
201400005496;14;9;3;1100;2;2;1;1;1;10;108 Route Nationale;M;4541432;372436;630
201400005497;14;9;21;1500;1;1;1;1;1;179;pont de chantemerle;M;4562293;372037;630
201400005498;14;9;28;1830;1;1;1;1;7;3;;M;0;0;630
201400005499;14;10;3;1915;2;1;1;1;1;3;;M;4558200;374300;630
201400005500;14;10;8;1730;1;1;1;1;1;3;;M;4556900;374500;630
201400005501;14;10;11;700;2;1;1;1;6;312;;M;4539500;363500;630
201400005502;14;10;21;1530;1;1;1;1;1;3;;M;0;0;630
201400005503;14;11;11;1700;2;1;1;1;7;10;;M;4540400;373600;630
201400005504;14;11;18;1730;3;2;1;2;2;10;Lieu-dit La Naute;M;0;0;630
201400005505;14;12;9;900;1;1;1;4;6;179;;M;4558787;372728;630
201400005506;14;4;13;1715;1;2;1;1;6;454;Parking;M;4564900;370700;630
201400005507;14;8;27;1845;1;1;1;1;3;371;;M;4547300;377800;630
201400005508;14;11;24;1215;1;1;1;8;7;465;;M;0;0;630
201400005509;14;2;16;1300;1;1;1;1;1;37;;M;0;0;630
201400005510;14;3;29;2030;3;1;1;1;1;314;;M;0;0;630
201400005511;14;1;25;1230;1;1;1;1;5;234;;M;0;0;630
201400005512;14;1;27;1130;1;1;1;1;1;178;Rue du 14 juillet;M;4554813;324497;630
201400005513;14;9;23;730;1;2;1;1;5;121;;M;0;0;630
201400005514;14;10;4;1815;1;2;1;1;4;178;32 bd de la manli?re;M;4554361;0;630
201400005515;14;10;5;545;5;2;1;1;1;275;3 rue de l'orme;M;4554363;320665;630
201400005516;14;5;24;1415;1;1;1;1;7;77;;M;0;0;630
201400005517;14;7;4;1515;1;1;2;2;3;38;devant mazin ski;M;4550094;288482;630
201400005518;14;11;22;1230;1;2;1;1;6;144;route d?partementale 128;M;0;0;630
201400005519;14;11;22;1515;1;1;1;1;3;247;;M;0;0;630
201400005520;14;8;18;1700;1;1;1;1;1;91;;M;4542500;328700;630
201400005521;14;9;8;1615;1;1;1;8;1;415;;M;4559600;338600;630
201400005522;14;11;14;1515;1;1;1;1;6;31;;M;0;0;630
201400005523;14;12;8;1800;5;1;1;2;6;22;;M;0;0;630
201400005524;14;2;25;1600;1;1;1;1;6;255;;M;0;0;630
201400005525;14;6;2;1715;1;2;3;1;4;352;CD 214 PK 13+800;M;4546600;325600;630
201400005526;14;8;15;415;3;1;1;2;6;209;;M;4549200;317300;630
201400005527;14;12;7;1230;1;1;1;1;7;9;;M;4541800;313600;630
201400005528;14;4;21;1715;1;1;1;1;4;470;;M;4587100;302000;630
201400005529;14;6;15;1815;1;1;9;1;3;470;;M;4587000;304000;630
201400005530;14;6;19;1300;1;2;1;1;1;150;rue des matres;M;4590000;305200;630
201400005531;14;7;8;1715;1;1;9;2;3;470;;M;4587300;303100;630
201400005532;14;8;24;1330;1;1;1;1;6;470;;M;0;0;630
201400005533;14;6;15;130;3;2;1;1;5;446;"Lieu-dit ""Les Connors""";M;4605300;316300;630
201400005534;14;1;8;1015;1;1;2;1;3;33;;M;0;0;630
201400005535;14;1;24;1500;1;1;2;8;1;89;;M;0;0;630
201400005536;14;3;16;2030;3;1;1;1;7;215;;M;4593746;320771;630
201400005537;14;3;21;2200;5;2;1;1;6;148;13 route de RIOM;M;4590300;321900;630
201400005538;14;4;6;1330;1;1;1;1;1;295;;M;0;0;630
201400005539;14;4;12;1700;1;1;1;1;1;89;;M;4587900;321800;630
201400005540;14;4;26;630;2;1;1;1;6;89;;M;4587600;321800;630
201400005541;14;5;25;1700;1;1;1;1;5;89;;M;4586900;320400;630
201400005542;14;6;14;130;3;1;1;1;7;148;;M;4591700;321100;630
201400005543;14;6;17;1400;1;2;1;1;1;424;avenue ?tienne cl?mentel;M;0;0;630
201400005544;14;6;29;1800;1;1;1;8;1;232;;M;4599300;342500;630
201400005545;14;4;15;700;2;1;1;1;6;283;;M;0;0;630
201400005546;14;6;12;1930;1;1;1;1;1;85;;M;0;0;630
201400005547;14;6;19;1930;1;1;1;1;1;238;;M;0;0;630
201400005548;14;6;29;2130;2;2;1;1;6;85;rue des bruyères;M;4589249;286129;630
201400005549;14;7;15;845;1;2;1;1;6;165;route d'herment;M;0;0;630
201400005550;14;9;15;1545;1;1;1;1;4;115;;M;4586400;262800;630
201400005551;14;9;29;1415;1;1;1;1;1;118;;M;4584600;252000;630
201400005552;14;12;18;1730;3;1;1;2;1;55;;M;4584000;284400;630
201400005553;14;4;9;1245;1;1;1;1;6;11;;M;0;0;630
201400005554;14;4;10;1045;3;1;1;1;6;130;;M;0;0;630
201400005555;14;6;22;1145;1;1;1;1;6;391;;M;0;0;630
201400005556;14;7;24;1000;1;2;1;1;6;338;228 rue Jean JAURES;M;4616064;283423;630
201400005557;14;8;28;1615;1;1;1;1;1;243;;M;0;0;630
201400005558;14;9;23;745;2;1;1;1;3;233;;M;0;0;630
201400005559;14;11;3;830;1;1;1;1;6;11;;M;0;0;630
201400005560;14;3;28;1815;1;2;1;1;1;8;Mardan;M;4547000;318300;630
201400005561;14;4;19;2100;5;2;1;1;3;231;28 rue du 14 juillet;M;0;0;630
201400005562;14;4;25;1545;1;2;1;2;1;430;Avenue L?o LAGRANGE;M;4584589;352477;630
201400005563;14;5;4;1415;1;1;2;1;3;276;;M;4583007;348150;630
201400005564;14;5;8;1845;1;1;2;1;6;430;;M;4585597;352416;630
201400005565;14;5;31;1015;1;2;1;1;6;430;Place Antonin Chastel;M;4585539;354865;630
201400005566;14;7;5;1400;1;1;1;1;1;430;;M;0;0;630
201400005567;14;8;11;745;2;1;1;2;7;276;;M;0;0;630
201400005568;14;9;30;1345;1;1;1;1;6;276;;M;0;0;630
201400005569;14;10;30;1745;2;1;1;1;5;430;;M;0;0;630
201400005570;14;11;26;1315;1;2;6;1;3;430;Avenue Léo Lagrange;M;4584727;352911;630