num_acc;an;mois;jour;hrmn;lum;agg;int;atm;col;com;adr;gps;lat;long;dep
201400005571;14;12;6;1915;3;1;1;2;6;276;;M;0;0;630
201400005572;14;3;13;2345;3;2;1;1;3;195;rue teilhard de chardin;M;0;0;630
201400005573;14;6;29;1815;1;1;1;3;6;15;;M;0;0;630
201400005574;14;11;16;1845;5;1;1;8;1;194;route du Puy (r garenne);M;4583301;332949;630
201400005575;14;2;14;1345;1;1;1;1;6;210;;M;4592200;335200;630
201400005576;14;3;4;600;3;2;1;1;3;271;les ferriers;M;0;0;630
201400005577;14;3;8;1830;3;1;1;1;6;102;;M;0;0;630
201400005578;14;4;30;200;4;1;1;1;6;128;;M;0;0;630
201400005579;14;5;11;1430;1;2;1;1;6;291;rue calmette;M;4595900;348700;630
201400005580;14;7;1;1730;1;2;1;1;6;271;farreras;M;0;0;630
201400005581;14;7;6;1000;1;1;1;1;6;128;;M;0;0;630
201400005582;14;7;9;2045;3;1;1;2;7;271;;M;0;0;630
201400005583;14;8;15;1500;1;2;1;1;3;180;route de vichy;M;4586800;330200;630
201400005584;14;8;19;1600;1;1;1;1;6;271;;M;4594100;349100;630
201400005585;14;8;20;1800;1;1;1;1;1;180;;M;0;0;630
201400005586;14;9;4;1800;1;2;1;1;6;180;2 rue du nord;M;4588204;331880;630
201400005587;14;9;26;1830;1;2;1;1;6;210;place Fran?ois Seguin;M;4592145;333007;630
201400005588;14;10;15;1745;2;2;1;2;3;291;rue ernest LAROCHE;M;0;0;630
201400005589;14;12;24;1930;3;1;1;8;6;210;;M;0;0;630
201400005590;14;1;8;1645;1;1;1;1;1;200;;M;4655800;330000;30
201400005591;14;3;31;1800;1;1;1;1;2;200;;M;0;0;30
201400005592;14;4;27;1530;1;1;1;9;7;15;;M;4666100;322300;30
201400005593;14;6;11;1900;1;2;1;7;1;121;Route de Lucenay les Aix;M;4668000;342200;30
201400005594;14;6;21;2320;3;1;1;1;2;40;;M;4654700;332100;30
201400005595;14;7;15;1400;1;2;1;1;3;229;rue Jean Moulin;M;0;0;30
201400005596;14;8;11;1545;1;1;1;8;4;316;;M;4667300;324000;30
201400005597;14;9;8;730;1;1;1;1;6;121;;M;0;0;30
201400005598;14;11;3;1400;1;1;1;1;6;286;;M;4652300;343300;30
201400005599;14;11;11;1245;1;1;1;1;1;316;;M;0;0;30
201400005600;14;11;28;1900;3;1;1;1;3;286;rond point du Larry;M;4650600;336400;30
201400005601;14;12;9;1530;1;1;1;1;1;200;;M;4657400;328900;30
201400005602;14;7;16;1815;1;1;1;1;6;320;;M;0;0;30
201400005603;14;11;7;1615;1;2;1;1;3;155;Boulevard Gambetta;M;0;0;30
201400005604;14;3;24;1445;1;1;1;1;4;102;;M;0;0;30
201400005605;14;3;24;1430;1;1;1;1;5;173;;M;0;0;30
201400005606;14;3;25;1345;1;1;1;8;4;102;;M;0;0;30
201400005607;14;4;1;45;3;1;1;1;6;265;;M;0;0;30
201400005608;14;4;4;1815;1;1;1;3;1;86;;M;0;0;30
201400005609;14;6;23;1015;1;1;1;1;3;207;;M;0;0;30
201400005610;14;6;25;1300;1;2;1;1;6;265;le bourg;M;0;0;30
201400005611;14;7;15;1015;1;1;1;1;1;253;;M;0;0;30
201400005612;14;9;6;1800;1;1;2;1;3;253;;M;0;0;30
201400005613;14;12;18;800;3;2;1;1;6;65;1 rue de moulins;M;4641000;331300;30
201400005614;14;1;10;715;3;1;1;1;7;197;;M;4649500;340200;30
201400005615;14;3;12;1815;1;1;3;1;3;263;;M;0;0;30
201400005616;14;5;10;930;1;1;1;1;6;156;;M;0;0;30
201400005617;14;5;20;2000;1;1;1;1;3;114;;M;0;0;30
201400005618;14;5;21;1630;1;1;1;1;5;25;;M;0;0;30
201400005619;14;8;17;1015;1;1;1;1;2;234;;M;0;0;30
201400005620;14;4;2;2230;3;1;1;1;1;254;;M;0;0;30
201400005621;14;7;3;1945;1;2;1;1;6;175;D22 rue du champ Charret;M;0;0;30
201400005622;14;11;15;1645;1;1;1;8;6;49;;M;0;0;30
201400005623;14;2;26;345;3;1;1;2;7;39;;M;4645700;323000;30
201400005624;14;3;9;1700;1;1;1;1;2;65;;M;4641500;331400;30
201400005625;14;3;16;1030;1;1;1;1;3;247;;M;4658300;316500;30
201400005626;14;4;13;900;1;1;1;1;7;65;;M;4643400;331600;30
201400005627;14;4;16;1730;1;2;1;1;5;247;rue feuillin;M;4658800;316100;30
201400005628;14;6;3;1715;1;1;2;1;3;92;;M;4645100;318400;30
201400005629;14;6;6;815;1;1;1;1;5;26;;M;4646300;325700;30
201400005630;14;6;13;1030;1;1;1;1;7;260;;M;4641300;304500;30
201400005631;14;6;28;1445;1;2;1;1;6;65;RD 2009;M;4640800;331200;30
201400005632;14;8;8;1845;1;1;1;8;7;275;;M;4654100;320400;30
201400005633;14;12;5;2100;3;1;9;1;3;73;;M;0;0;30
201400005634;14;6;8;1815;1;1;2;7;2;279;;M;0;0;30
201400005635;14;7;27;1500;1;1;3;1;1;259;;M;4641000;234100;30
201400005636;14;5;10;1645;1;2;2;1;3;37;CD 28;M;0;0;30
201400005637;14;2;21;930;1;2;1;1;3;82;rue Emile male;M;0;0;30
201400005638;14;10;14;1030;1;2;1;1;6;82;place 14 Juillet;M;0;0;30
201400005639;14;11;15;1200;1;1;2;1;3;82;;M;0;0;30
201400005640;14;12;5;745;2;1;1;1;6;52;;M;0;0;30
201400005641;14;12;9;1030;1;2;1;8;5;82;Route de MALICORNE d69;M;0;0;30
201400005642;14;7;20;1915;1;1;1;2;5;186;;M;0;0;30
201400005643;14;7;17;1300;1;1;1;1;1;189;;M;0;0;30
201400005644;14;8;22;1415;1;1;1;1;1;186;;M;0;0;30
201400005645;14;9;20;1830;1;2;1;3;6;70;Le bourg;M;0;0;30
201400005646;14;10;20;630;5;2;1;1;1;186;;M;0;0;30
201400005647;14;3;2;800;1;1;1;1;6;80;;M;0;0;30
201400005648;14;6;20;1345;1;2;1;1;1;264;24 avenue de Vichy;M;0;0;30
201400005649;14;6;26;1200;1;2;1;1;3;264;route de vichy;M;0;0;30
201400005650;14;6;29;1815;1;1;1;8;2;258;;M;0;0;30
201400005651;14;7;3;1815;1;2;2;1;1;174;16 rue du stade;M;0;0;30
201400005652;14;8;21;1600;1;1;1;1;7;56;;M;0;0;30
201400005653;14;10;13;700;2;2;1;8;6;264;17 AVENUE DE VICHY;M;0;0;30
201400005654;14;5;4;230;4;2;1;1;7;118;rue andré cavard;M;0;0;30
201400005655;14;5;8;1845;1;1;1;1;6;220;;M;0;0;30
201400005656;14;7;14;1715;1;1;1;1;6;78;;M;0;0;30
201400005657;14;7;28;1130;1;1;1;3;5;43;;M;4618800;325900;30
201400005658;14;8;31;1630;1;2;1;1;3;118;rue pierre villon;M;0;0;30
201400005659;14;9;20;1200;1;2;1;1;7;78;;M;0;0;30
201400005660;14;10;24;945;1;1;1;7;3;43;;M;0;0;30
201400005661;14;10;21;1245;1;1;1;1;6;135;;M;0;0;30
201400005662;14;1;13;1730;2;1;1;8;1;240;;M;4667600;309600;30
201400005663;14;3;17;1630;1;2;2;1;3;138;Marcel Bathier;M;0;0;30
201400005664;14;4;20;1200;1;1;1;1;1;105;;M;0;0;30
201400005665;14;5;24;545;2;1;1;1;7;272;;M;0;0;30
201400005666;14;7;29;1415;1;2;1;2;6;291;la brosse;M;0;0;30
201400005667;14;8;19;1400;1;1;1;1;1;132;;M;0;0;30
201400005668;14;8;21;1215;1;1;1;1;1;138;;M;0;0;30
201400005669;14;8;23;845;1;1;1;1;7;178;;M;0;0;30
201400005670;14;6;24;1900;1;1;1;1;6;165;;M;4608300;367600;30
201400005671;14;10;22;1045;1;1;1;1;3;42;;M;4616300;364800;30
201400005672;14;1;7;930;1;2;1;1;6;298;17, rue Hôtel de ville;M;0;0;30
201400005673;14;3;18;1600;1;1;2;1;3;187;;M;4633900;344400;30
201400005674;14;3;23;1200;1;1;1;1;7;215;;M;4629400;346300;30
201400005675;14;8;26;1100;1;1;1;1;6;235;rue de Mars;M;0;0;30
201400005676;14;10;8;1845;1;2;3;1;1;298;04 rue Claudius Tury;M;4632000;340500;30
201400005677;14;11;8;930;1;2;1;1;6;298;avenue victor hugo;M;4631900;339900;30
201400005678;14;12;27;1845;3;1;1;1;6;91;;M;0;0;30
201400005679;14;3;2;1515;1;1;1;1;3;267;;M;4489800;240000;150
201400005680;14;3;27;1715;1;1;1;1;6;267;;M;4492200;239800;150
201400005681;14;11;22;1015;1;1;1;1;5;267;;M;0;0;150
201400005682;14;12;9;1000;1;1;2;1;3;181;;M;4470200;221700;150
201400005683;14;6;16;1900;1;1;1;1;6;156;;M;4484700;249800;150
201400005684;14;11;16;1715;2;2;1;3;6;134;Route d'Entraygues CD920;M;4470200;250900;150
201400005685;14;1;10;745;1;1;1;1;1;28;;M;0;0;150
201400005686;14;2;9;900;1;1;1;2;3;154;;M;0;0;150
201400005687;14;2;21;1100;1;1;1;8;6;252;;M;0;0;150
201400005688;14;5;14;1215;1;1;1;1;3;74;;M;0;0;150
201400005689;14;5;24;2200;3;1;1;1;7;28;;M;0;0;150
201400005690;14;6;9;1700;1;2;1;1;7;58;Lieu dit MONTAMAT;M;0;0;150
201400005691;14;7;17;1600;1;1;1;1;7;257;;M;0;0;150
201400005692;14;8;4;1930;1;1;1;1;6;113;;M;0;0;150
201400005693;14;9;4;1700;1;2;1;1;6;257;Le Bourg;M;0;0;150
201400005694;14;9;12;1100;1;2;1;1;6;258;Place hotel de ville;M;0;0;150
201400005695;14;9;16;915;1;1;1;1;3;74;;M;4493300;248600;150
201400005696;14;11;17;1830;3;1;1;2;5;266;;M;0;0;150
201400005697;14;3;6;1745;1;1;1;1;6;63;;M;4518500;237900;150
201400005698;14;4;1;845;1;1;1;1;1;120;;M;4524000;235700;150
201400005699;14;9;5;1315;1;1;4;1;1;9;;M;4526300;269100;150
201400005700;14;2;24;1515;1;1;1;1;6;202;;M;4511300;243100;150
201400005701;14;10;23;1400;1;1;1;1;1;202;;M;4514000;246700;150
201400005702;14;5;13;1645;1;1;2;1;3;265;;M;4535800;246300;150
201400005703;14;7;1;1430;1;1;1;8;7;111;;M;0;0;150
201400005704;14;10;20;1800;1;1;1;1;3;265;;M;0;0;150
201400005705;14;11;26;15;3;1;1;8;6;92;;M;4545000;254100;150
201400005706;14;6;16;1700;1;2;1;1;6;188;ZI Le crozatier;M;4503400;313600;150
201400005707;14;6;18;830;1;1;1;1;6;188;;M;4501200;311700;150
201400005708;14;7;18;1530;1;1;1;1;7;55;;M;0;0;150
201400005709;14;10;2;1715;1;1;1;1;6;164;;M;4506100;301400;150
201400005710;14;1;3;1800;3;1;1;2;6;171;;M;4517300;297600;150
201400005711;14;3;26;1200;1;1;1;1;1;119;;M;4526600;317900;150
201400005712;14;4;9;645;2;1;1;1;7;119;;M;4525000;318300;150
201400005713;14;4;19;1430;1;1;1;1;6;171;;M;4520400;293900;150
201400005714;14;4;29;1930;1;1;1;8;7;42;;M;0;0;150
201400005715;14;7;17;1845;1;1;3;1;3;141;;M;4513400;296500;150
201400005716;14;8;23;1700;1;1;1;1;7;119;;M;4523900;317600;150
201400005717;14;9;24;945;1;1;1;1;2;127;;M;4520600;309100;150
201400005718;14;10;11;1845;2;1;1;1;7;80;;M;0;0;150
201400005719;14;11;9;1445;1;1;1;2;1;151;;M;4519700;308500;150
201400005720;14;12;2;1945;3;1;1;2;6;127;;M;0;0;150
201400005721;14;1;21;1430;1;1;1;1;6;61;;M;4515800;281900;150
201400005722;14;4;14;1800;1;1;9;1;1;138;;M;0;0;150
201400005723;14;5;20;1715;1;2;1;1;6;138;croix jolie;M;0;0;150
201400005724;14;2;6;1930;5;2;1;6;6;18;LE BOURG;M;4500910;377424;430
201400005725;14;3;15;1830;1;1;1;1;6;221;"LIEU-DIT ""LES CAVES""";M;4497330;366627;430
201400005726;14;8;7;1200;1;1;1;1;1;39;BIZAC;M;4493340;384479;430
201400005727;14;8;19;2230;3;1;1;1;6;39;RTE D'USSEL;M;4488890;386752;430
201400005728;14;9;1;1345;1;1;1;1;1;215;X;M;4481510;387552;430
201400005729;14;10;8;30;3;1;1;2;6;241;X;M;4497140;390880;430
201400005730;14;10;27;2045;2;1;1;1;6;145;REMIGERE HAUTE;M;4491610;374932;430
201400005731;14;10;31;1645;1;2;1;1;6;84;"""LES BARAQUES""";M;4499000;386425;430
201400005732;14;2;8;2130;3;1;1;2;6;23;PT DE L'ARZON;M;4527450;382007;430
201400005733;14;3;4;1030;1;1;1;4;6;128;X;M;4534420;372168;430
201400005734;14;3;9;1730;1;1;1;1;6;48;"LIEU-DIT ""LA PLENIDE""";M;4532600;369071;430
201400005735;14;3;12;1730;1;2;1;1;1;93;SEMBADEL-GARE;M;4527650;372625;430
201400005736;14;6;18;1530;1;1;3;3;3;93;CHAMBORNE;M;4528710;375403;430
201400005737;14;7;27;200;5;2;3;1;7;80;ROUTE DE LA CHAISE DIEU;M;4532980;384121;430
201400005738;14;10;28;915;1;1;1;1;6;95;X;M;4514020;367467;430
201400005739;14;2;3;1045;1;1;1;7;1;91;X;M;4490470;414644;430
201400005740;14;2;28;1015;1;1;1;4;3;144;"LIEU-DIT ""LE MOULINOU""";M;4493880;410745;430
201400005741;14;4;21;600;2;1;1;2;6;150;;M;4509340;405581;430
201400005742;14;7;3;200;3;1;1;1;3;194;VERS LE CIMETIERE;M;4506950;404171;430
201400005743;14;7;24;1800;1;1;1;1;3;190;LIEU-DIT LE MOULIN NEUF;M;4502020;400479;430
201400005744;14;8;15;1915;1;1;1;1;1;194;X;M;4508110;405241;430
201400005745;14;8;28;1130;1;1;1;1;1;135;LE MOULIN BAS;M;4493130;402189;430
201400005746;14;9;29;1945;3;1;1;1;6;53;"LIEU-DIT""LES ARDENNES""";M;4502870;411266;430
201400005747;14;10;5;1115;1;1;1;1;6;78;MAGNORE;M;4501120;393728;430
201400005748;14;10;2;1800;1;2;3;1;3;135;AVENUE LAURENT EYNAC;M;4493680;399656;430
201400005749;14;12;3;830;1;1;1;4;6;98;X;M;4492790;407081;430
201400005750;14;1;4;1145;1;1;1;2;3;124;"LIEU-DIT ""LA CHAZOTTE""";M;4509800;378037;430
201400005751;14;1;9;1230;1;1;1;1;6;140;X;M;4507670;391180;430
201400005752;14;3;2;1900;3;1;1;1;6;152;"LIEU-DIT ""ROCHELIMAGNE""";M;4509200;385516;430
201400005753;14;4;4;945;1;1;1;1;6;124;"LIEU-DIT ""LA CHAZOTTE""";M;4509800;378037;430
201400005754;14;6;18;1430;1;1;1;1;1;152;CHANCEAUX;M;4509310;386954;430
201400005755;14;7;23;400;3;1;1;2;6;230;LA RIBEYRE;M;4516860;392921;430
201400005756;14;10;18;1430;1;1;3;1;3;49;"LIEU-DIT ""BERNARD""";M;4520700;399362;430
201400005757;14;9;12;1415;1;1;1;1;6;131;"LIEU DIT ""BACOU""";M;4518870;356838;430
201400005758;14;4;3;1530;1;1;1;1;6;112;LA COTE DES CHENES;;;;430
201400005759;14;4;6;430;3;1;1;1;6;60;"LIEU-DIT ""LA PENIDE""";M;4502730;354388;430
201400005760;14;4;8;1215;1;1;1;1;3;132;X;M;4514230;356786;430
201400005761;14;4;10;1730;1;1;3;1;1;132;CC LE BOISSET;M;4510580;352161;430
201400005762;14;5;12;1115;1;1;1;1;1;94;X;M;4509560;340503;430
201400005763;14;7;15;1145;1;1;1;1;6;112;PT DE COSTET;M;4510110;349748;430
201400005764;14;11;14;1815;2;1;1;2;6;220;"LIEU-DIT ""FREYCENET""";M;4491560;359197;430
201400005765;14;12;6;1515;1;2;3;2;1;185;AVENUE GRANDE BRETAGNE;M;4540510;331802;430
201400005766;14;12;12;145;3;2;1;1;6;258;LIEU-DIT BERGOIDE;;;;430
201400005767;14;12;19;2030;3;1;2;1;5;170;X;M;4527360;329946;430
201400005768;14;1;9;1130;1;1;1;1;1;268;"LIEU-DIT ""LIVIGNAC""";M;4512890;414379;430
201400005769;14;1;10;1745;5;2;3;1;3;268;AV. GEORGES CLEMENCEAUX;M;4514360;412167;430
201400005770;14;1;12;1430;1;1;1;8;1;25;CHM ARTAUD;;;;430
201400005771;14;4;4;1345;1;2;1;2;7;268;PT DE L'ENCEINTE;M;4516260;417005;430
201400005772;14;7;12;630;2;1;1;1;1;268;"LIEU-DIT ""LE FROMENTAL""";M;4514850;411998;430
201400005773;14;7;24;1645;1;1;2;1;3;102;"LIEU-DIT ""RABISSON""";M;4517240;418699;430
201400005774;14;10;29;1830;5;2;3;1;1;268;AVENUE DU 8 MAI 1945;M;4514860;412866;430
201400005775;14;1;5;1400;1;2;1;1;6;20;RUE ST ROCH;;;;430
201400005776;14;1;8;1845;5;2;3;1;2;137;AVENUE DE LA GARE;;;;430
201400005777;14;2;15;1115;1;1;1;8;6;212;"LIEU-DIT ""BRANDY HAUT""";M;4535480;392639;430
201400005778;14;4;15;1845;1;2;3;1;3;12;AV DE FIRMINY/PL DE LA L;M;4537060;420579;430
201400005779;14;5;21;1345;1;2;1;6;6;20;8 RTE DE BEAUZAC;;;;430
201400005780;14;8;2;515;5;2;1;1;1;20;AVENUE DE VISSAGUET;;;;430
201400005781;14;10;4;1830;1;1;1;1;1;12;RUE DE LA LOIRE;;;;430
201400005782;14;12;29;1915;5;2;2;4;1;137;AV DU 11 NOVEMBRE;;;;430
201400005783;14;7;24;1100;1;1;1;5;3;223;"LIEU-DIT ""LE CANARD""";M;4525440;436596;430
201400005784;14;9;25;715;2;2;3;1;3;153;4 RUE DE LA GARE;;;;430
201400005785;14;1;23;1815;3;1;1;1;1;102;X;M;4516910;420477;430
201400005786;14;4;5;2300;3;1;1;1;6;51;LE FLACHET;M;4508860;431530;430
201400005787;14;6;12;1345;1;1;4;1;3;130;X;M;4503100;422447;430
201400005788;14;6;22;1500;1;1;2;1;3;114;X;M;4516590;422740;430
201400005789;14;6;28;1700;1;1;4;1;3;51;LES BARANDONS;M;4506900;432817;430
201400005790;14;7;21;645;2;1;1;3;6;51;"LIEU-DIT ""LE CHAMP""";M;4503980;434154;430
201400005791;14;9;7;1645;1;1;1;1;6;163;LE MIRAIL;M;4521650;438324;430
201400005792;14;11;30;2115;3;1;1;5;1;244;LA PEPINIERE DIGONNET;M;4513030;429344;430
201400005793;14;1;16;1855;5;2;3;1;3;185;1, THOMAS ( AVENUE ALBER;;;;30
201400005794;14;2;17;2220;5;2;1;1;1;185;50, MISCAILLOUX ( RUE );;;;30
201400005795;14;2;27;1935;5;2;2;2;3;185;27, PEGUY ( RUE CHARLES;;;;30
201400005796;14;3;7;2115;5;2;2;1;3;185;sans, BEAULIEU ( RUE DE;;;;30
201400005797;14;3;7;2145;5;2;3;1;3;185;sans, PAIX ( RUE DE LA );;;;30
201400005798;14;3;10;1050;1;2;1;1;6;185;174, DE GAULLE ( AVENUE;;;;30
201400005799;14;3;15;50;5;2;2;1;6;185;sans, FAUBOURG SAINT - P;;;;30
201400005800;14;3;26;1105;1;2;1;1;6;185;147, REPUBLIQUE ( AV. DE;;;;30
201400005801;14;4;8;1400;1;2;1;1;6;101;1, BROSSE TEMPETE ( RUE;;;;30
201400005802;14;4;20;2130;5;2;1;2;6;185;sans, RUE CHARLES TILLON;;;;30
201400005803;14;5;4;1650;1;1;1;1;1;101;Avenue des Martyrs;;;;30
201400005804;14;5;22;2245;4;2;1;1;6;101;100, CHALAIS ( RUE DU DO;;;;30
201400005805;14;5;26;720;1;1;2;1;3;101;sans, CD943;;;;30
201400005806;14;7;8;1740;1;2;6;1;3;185;GUINEBERTS ( AVENUE DES;;;;30
201400005807;14;7;27;1828;1;2;1;1;6;98;80, STALINGRAD ( AVENUE;;;;30
201400005808;14;7;28;845;1;2;1;2;6;185;85, THOMAS ( AVENUE ALBE;;;;30
201400005809;14;7;30;805;1;2;1;1;6;185;16, RAQUIN ( RUE );;;;30
201400005810;14;8;16;1545;1;2;3;1;3;185;KENNEDY ( AVENUE JOHN );;;;30
201400005811;14;8;19;2010;1;2;2;1;3;185;sans, BARATHON ( RUE );;;;30
201400005812;14;9;5;1845;1;2;2;1;3;185;sans, CHAUME ( RUE DE LA;;;;30
201400005813;14;9;9;740;1;2;1;2;6;185;107, REPUBLIQUE ( AV. DE;;;;30
201400005814;14;9;14;1705;1;2;1;1;6;101;15, PERELLE ( RUE DE LA;;;;30
201400005815;14;9;25;955;1;2;2;1;3;185;sans, NEGRE ( AVENUE JEA;;;;30
201400005816;14;10;18;1940;5;2;1;1;6;101;JAURES ( RUE JEAN );;;;30
201400005817;14;10;30;2205;3;1;1;1;6;140;VILLEBRET (ROUTE DE );;;;30
201400005818;14;11;3;1810;5;2;2;1;3;185;sans, REPUBLIQUE ( AV. D;;;;30
201400005819;14;11;21;2115;5;2;1;1;6;101;sans, HUGO ( BOULEVARD V;;;;30
201400005820;14;12;5;1520;1;1;1;1;2;101;RN 145;;;;30
201400005821;14;9;18;1750;2;2;3;3;6;190;PARIS (ROUTE ET RUE);;;;30
201400005822;14;2;2;1405;1;1;3;1;3;13;COUASSE (LA);;;;30
201400005823;14;1;23;1840;5;2;1;3;6;321;VIDAL (RUE JEAN);;;;30
201400005824;14;2;4;1610;1;2;1;1;6;190;11, COURTAIS (BOULEVARD;;;;30
201400005825;14;2;13;1530;1;2;4;1;3;190;ROCHE (RUE ACHILLE);;;;30
201400005826;14;3;19;1835;1;2;9;1;6;190;13, GAMBETTA (RUE);;;;30
201400005827;14;4;26;850;1;2;1;1;6;190;16, MONTILLY (ROUTE DE);;;;30
201400005828;14;5;27;1735;1;2;1;1;3;190;89, LYON (ROUTE DE);;;;30
201400005829;14;6;4;845;1;2;6;3;3;321;FRATERNITE (ROND POINT D;;;;30
201400005830;14;7;17;1130;1;2;4;1;3;321;RANCY (RUE DE );;;;30
201400005831;14;8;23;1130;1;2;2;1;1;321;BRIAND (RUE ARISTIDE);;;;30
201400005832;14;10;3;1815;1;1;1;1;1;321;MILLEPERTUIS (RUE DE);;;;30
201400005833;14;11;27;1510;1;2;1;1;6;13;02, GUYNEMER (RUE);;;;30
201400005834;14;9;8;1630;1;1;1;1;6;321;RN7 ECHANGEUR 46;;;;30
201400005835;14;9;6;1008;1;2;1;1;6;190;10, SIX FRERES (RUE DES);;;;30
201400005836;14;9;11;1820;1;2;1;1;5;190;13, LYON (ROUTE DE);;;;30
201400005837;14;1;26;1415;1;1;1;1;3;543;;M;0;0;570
201400005838;14;1;31;1745;2;1;1;1;6;543;;M;0;0;570
201400005839;14;2;13;945;1;2;1;3;3;17;rue de la pariotte;M;0;0;570
201400005840;14;5;12;2345;5;2;1;2;3;543;rue de verdun;M;0;0;570
201400005841;14;5;27;1015;1;2;6;1;6;620;28 AVENUE GAMBETTA;M;4919153;600514;570
201400005842;14;5;30;2200;5;2;1;1;7;481;11 rue du gal de gaulle;M;4921731;602217;570
201400005843;14;6;22;1300;1;2;1;1;6;620;Rue racine;M;0;0;570
201400005844;14;7;1;2345;3;1;1;1;6;620;;M;0;0;570
201400005845;14;7;8;1730;1;1;1;1;3;620;;M;0;0;570
201400005846;14;7;29;1830;2;1;1;6;1;707;;M;0;0;570
201400005847;14;10;27;200;3;1;1;2;3;481;;M;0;0;570
201400005848;14;1;2;2030;3;1;1;1;3;256;;M;0;0;570
201400005849;14;2;28;1615;1;1;1;2;2;32;;M;0;0;570
201400005850;14;3;17;1445;1;1;1;1;1;701;;M;0;0;570
201400005851;14;6;18;1015;1;1;1;1;3;39;;M;4907300;611600;570
201400005852;14;8;23;1700;1;2;1;1;1;601;;M;4911168;609388;570
201400005853;14;11;26;1815;3;1;1;8;4;30;PR12 SUR RIA ET C 14;M;4897902;604803;570
201400005854;14;12;14;615;5;2;1;1;7;153;Rue de fey;M;4904000;607700;570
201400005855;14;12;30;1300;1;1;6;1;6;39;;M;0;0;570
201400005856;14;3;3;845;5;1;1;1;4;443;GN49.36 6.251;M;0;0;570
201400005857;14;2;24;800;1;1;1;1;7;511;;M;4917385;608523;570
201400005858;14;3;6;2015;5;2;1;1;1;443;rue des pionniers;M;0;0;570
201400005859;14;3;29;1545;2;1;6;1;3;433;;M;0;0;570
201400005860;14;4;23;845;1;1;1;1;4;443;;M;4921970;611585;570
201400005861;14;5;23;2100;1;1;1;1;6;433;;M;0;0;570
201400005862;14;6;4;1630;1;1;1;1;1;452;;M;0;0;570
201400005863;14;7;12;2100;1;1;1;1;6;433;GN 49.337 6.244;M;0;0;570
201400005864;14;8;20;1400;1;1;9;1;1;511;;M;4917847;614112;570
201400005865;14;8;25;1645;1;2;1;1;4;433;route d'hauconcourt;M;0;0;570
201400005866;14;1;17;1630;1;1;1;7;1;20;;M;0;0;570
201400005867;14;1;26;2215;3;1;1;3;6;572;;M;0;0;570
201400005868;14;4;15;1015;1;1;4;1;5;146;;M;4903152;614966;570
201400005869;14;7;2;2015;1;2;1;1;7;572;Rue du College;M;0;0;570
201400005870;14;1;26;2230;5;2;1;2;6;694;GN 49.162 6.244;M;0;0;570
201400005871;14;1;26;2000;3;1;1;3;6;204;GN 49.158 6.265;M;0;0;570
201400005872;14;2;24;1700;1;1;2;1;3;523;;M;4911774;631921;570
201400005873;14;4;9;1230;1;1;1;1;2;28;;M;0;0;570
201400005874;14;9;15;700;1;2;1;1;6;155;avenue Charles De Gaulle;M;0;0;570
201400005875;14;10;26;1445;1;2;1;1;3;155;avenue de la liberation;M;4911300;639900;570
201400005876;14;6;4;2030;1;1;1;2;6;329;;M;0;0;570
201400005877;14;6;8;930;1;1;1;1;3;471;GN 49.172 6.55;M;0;0;570
201400005878;14;6;21;2230;5;2;1;1;6;154;CD72, Route de Guerting,;M;0;0;570
201400005879;14;7;4;1130;1;1;1;1;7;149;;M;0;0;570
201400005880;14;9;27;1730;1;2;1;1;6;322;Rue Principale;M;4926091;643357;570
201400005881;14;3;8;2330;5;2;1;1;6;205;2 RUE DE LA ROCHE POSAY;M;0;0;570
201400005882;14;3;30;2045;5;2;7;1;7;274;place du stade;M;0;0;570
201400005883;14;5;13;530;2;2;1;8;1;160;rue de valence;M;0;0;570
201400005884;14;9;21;1615;1;2;1;3;6;160;3 RUE DE CARLING;M;4920540;669552;570
201400005885;14;11;28;1600;1;2;1;1;6;550;48 rue de Saint Avold;M;0;0;570
201400005886;14;3;28;1015;1;1;1;1;7;413;;M;0;0;570
201400005887;14;4;18;830;1;2;1;8;6;159;RUE DE L'HOTEL DE VILLE;M;0;0;570
201400005888;14;4;25;1030;1;1;1;1;3;413;;M;0;0;570
201400005889;14;6;6;1830;1;2;6;1;3;209;rue de Crehange;M;4904837;659617;570
201400005890;14;7;25;1400;1;1;6;1;7;209;;M;4905605;660519;570
201400005891;14;8;26;1915;1;1;1;1;6;27;;M;0;0;570
201400005892;14;10;16;1745;1;1;1;1;1;413;;M;0;0;570
201400005893;14;11;7;745;1;1;1;1;1;442;;M;0;0;570
201400005894;14;3;19;1200;1;1;1;1;7;727;;M;0;0;570
201400005895;14;5;13;1200;1;1;1;1;7;45;;M;0;0;570
201400005896;14;6;9;1115;1;1;1;1;6;712;GN 48.745 6.542;M;0;0;570
201400005897;14;8;6;1700;1;2;1;1;5;171;place de la r?publique;M;4888693;639190;570
201400005898;14;12;24;1645;3;1;1;8;6;232;;M;0;0;570
201400005899;14;1;16;1730;5;2;1;2;6;484;27 rue nationale;M;4916646;686463;570
201400005900;14;3;7;2200;3;1;1;1;7;58;;M;4915726;696265;570
201400005901;14;5;30;1215;1;2;1;1;7;58;6 Impasse des fauvettes;M;4916642;695733;570