num_acc;an;mois;jour;hrmn;lum;agg;int;atm;col;com;adr;gps;lat;long;dep
201400005902;14;6;26;2115;1;1;1;1;6;202;;M;0;0;570
201400005903;14;12;1;1630;1;1;1;1;3;521;;M;4917512;692023;570
201400005904;14;4;18;1000;1;2;1;1;1;466;34 rue principale;M;0;0;570
201400005905;14;4;19;1715;1;2;1;1;7;144;34 rue principale;M;0;0;570
201400005906;14;5;28;1515;1;2;1;8;3;73;19 rue Nationale;M;4913978;679983;570
201400005907;14;6;14;1000;1;2;1;1;6;144;rue nationale;M;0;0;570
201400005908;14;7;20;915;1;2;1;1;3;466;32 rue principale;M;4910487;695930;570
201400005909;14;9;10;1845;1;2;1;1;3;144;RD 603;M;0;0;570
201400005910;14;12;8;715;3;1;1;8;6;669;;M;0;0;570
201400005911;14;12;5;1745;5;2;6;1;1;669;CD 910;M;4911832;689423;570
201400005912;14;12;17;1845;3;1;1;2;1;144;;M;0;0;570
201400005913;14;1;9;1745;5;2;1;2;6;275;249 rue principale;M;0;0;570
201400005914;14;3;6;1130;1;2;1;1;6;389;Rue de la Liberation;M;0;0;570
201400005915;14;3;25;1530;1;1;1;1;7;311;;M;0;0;570
201400005916;14;5;18;2000;1;1;1;1;1;178;;M;0;0;570
201400005917;14;5;31;2345;5;2;1;1;6;483;route racrange;M;4892503;665862;570
201400005918;14;10;6;1230;1;1;1;1;7;684;;M;0;0;570
201400005919;14;11;24;700;3;1;1;1;6;389;;M;0;0;570
201400005920;14;6;13;2030;1;1;1;1;1;377;;M;0;0;570
201400005921;14;9;15;1615;1;1;1;1;5;44;;M;0;0;570
201400005922;14;12;26;1400;1;2;1;8;1;382;route d?partementale 89;M;0;0;570
201400005923;14;4;21;400;3;1;1;2;6;300;;M;0;0;570
201400005924;14;4;25;1100;1;1;1;1;3;747;;M;0;0;570
201400005925;14;6;7;1600;1;1;1;1;7;163;;M;0;0;570
201400005926;14;6;19;1430;1;1;1;1;2;614;;M;0;0;570
201400005927;14;9;11;630;2;1;1;1;7;300;GN 48.683 7.183;M;0;0;570
201400005928;14;10;10;700;2;1;1;2;7;614;;M;0;0;570
201400005929;14;1;23;1200;1;1;1;8;6;260;;M;0;0;570
201400005930;14;2;13;1415;1;1;1;2;4;261;;M;0;0;570
201400005931;14;4;25;1030;1;1;1;1;2;561;;M;0;0;570
201400005932;14;5;1;2330;3;1;1;1;3;289;;M;0;0;570
201400005933;14;5;31;1630;1;2;2;1;1;92;rue de la gare;M;0;0;570
201400005934;14;10;2;1915;2;1;1;1;3;752;;M;0;0;570
201400005935;14;10;28;330;3;1;9;1;7;535;;M;0;0;570
201400005936;14;11;25;530;4;1;6;1;3;752;;M;0;0;570
201400005937;14;12;13;1700;5;2;1;2;3;74;12 RUE ST MARTIN;M;0;0;570
201400005938;14;12;25;1930;3;1;1;1;7;260;;M;0;0;570
201400005939;14;3;14;1300;1;2;1;1;7;195;Rue d'Ormersviller;M;4911272;731647;570
201400005940;14;7;8;1615;1;1;1;1;5;192;GN 49.039 7.321;M;0;0;570
201400005941;14;9;25;1600;1;2;1;1;6;390;8 rue de sarreguemines;M;0;0;570
201400005942;14;9;13;1345;1;2;1;1;6;206;rue de la Croix Munier;M;0;0;570
201400005943;14;10;21;1645;1;1;1;6;6;242;;M;0;0;570
201400005944;14;10;27;1545;1;2;1;1;1;206;rue de seremange;M;0;0;570
201400005945;14;11;13;1030;1;2;1;2;3;206;av Francois Mitterrand;M;0;0;570
201400005946;14;12;8;1700;4;1;1;3;6;206;;M;0;0;570
201400005947;14;12;21;115;5;2;2;9;3;206;carrefour des 4 routes;M;4930831;610038;570
201400005948;14;1;17;700;3;1;9;8;3;343;;M;0;0;570
201400005949;14;1;19;45;3;1;1;1;1;179;;M;0;0;570
201400005950;14;4;13;1015;1;1;1;1;5;465;GN 49.322 6.294;M;0;0;570
201400005951;14;5;9;30;3;1;1;1;1;343;GN 49.358 6.178;M;4933308;619176;570
201400005952;14;6;2;1000;1;1;1;1;6;704;;M;0;0;570
201400005953;14;6;11;1745;1;1;3;7;3;767;Rue des Acacias;M;4932424;623470;570
201400005954;14;9;11;530;5;1;1;1;1;602;;M;0;0;570
201400005955;14;9;15;830;1;1;1;1;6;465;;M;0;0;570
201400005956;14;9;19;1815;1;1;1;1;1;370;;M;0;0;570
201400005957;14;9;19;930;1;1;1;1;1;269;;M;0;0;570
201400005958;14;12;12;745;2;1;1;2;1;287;;M;0;0;570
201400005959;14;12;18;615;5;1;1;2;1;102;GN 49.286 6.198;M;0;0;570
201400005960;14;4;11;1945;1;2;1;1;1;683;RD 952 (pont de la gare);M;4930390;615606;570
201400005961;14;11;6;1930;3;1;3;8;5;582;;M;0;0;570
201400005962;14;5;31;1600;1;1;1;1;7;589;;M;4896195;605842;540
201400005963;14;7;4;1745;1;1;1;8;5;312;;M;4892378;609458;540
201400005964;14;8;13;2130;3;2;1;1;6;60;;M;0;0;540
201400005965;14;8;20;1415;1;1;1;1;1;157;;M;0;0;540
201400005966;14;11;17;1730;4;1;1;1;6;27;;M;4889594;607392;540
201400005967;14;2;10;1815;3;1;1;3;1;6;;M;4872868;623153;540
201400005968;14;3;16;2045;3;1;1;1;6;345;;M;4859560;625159;540
201400005969;14;3;28;1445;1;2;1;1;2;462;625 avenue des vosges;M;4858632;633198;540
201400005970;14;4;3;1545;1;1;1;1;7;358;;M;4875400;636995;540
201400005971;14;5;11;1945;1;1;1;9;2;296;;M;4873046;629853;540
201400005972;14;6;13;815;1;1;1;1;7;180;;M;4873016;637412;540
201400005973;14;7;22;1030;1;1;1;8;1;192;;M;4857939;630093;540
201400005974;14;8;20;1900;1;1;1;1;3;6;;M;4872598;623756;540
201400005975;14;9;16;1830;1;2;1;1;3;462;Place saint Pierre;M;4859453;633261;540
201400005976;14;9;21;600;2;1;1;2;7;89;;M;4877000;626900;540
201400005977;14;10;22;245;3;1;1;1;7;6;;M;4872831;623183;540
201400005978;14;11;1;245;3;1;6;5;7;6;;M;4873939;622328;540
201400005979;14;11;2;1300;1;1;1;1;3;104;;M;0;0;540
201400005980;14;11;15;1600;1;2;9;8;6;89;rue de la paix/plateau;M;4876973;625918;540
201400005981;14;12;11;1600;1;1;1;6;6;37;;M;4859447;625023;540
201400005982;14;1;2;1530;1;2;1;7;6;115;RUE DE LA ROCHELLE;M;0;0;540
201400005983;14;1;10;2030;3;1;1;1;5;305;;M;4874178;620030;540
201400005984;14;1;17;1345;1;1;1;1;1;305;;M;4874000;620861;540
201400005985;14;2;10;1315;1;2;1;2;6;115;ALLEE DES PHILOSOPHES;M;0;0;540
201400005986;14;2;27;845;1;2;1;1;3;215;rue Emile Zola;M;0;0;540
201400005987;14;3;15;900;1;2;1;8;6;215;RUE DE METZ;M;4875949;613374;540
201400005988;14;7;3;1730;1;2;1;1;1;430;rue des jardins fleuris;M;0;0;540
201400005989;14;7;5;1300;1;1;6;2;3;215;;M;0;0;540
201400005990;14;8;23;30;5;2;1;1;3;430;RUE DU GENERAL DE GAULLE;M;4877230;612980;540
201400005991;14;9;11;2000;1;1;1;1;6;305;;M;4873871;618875;540
201400005992;14;9;25;800;1;2;1;1;2;115;RUE GABRIEL BOUR;M;4873938;616814;540
201400005993;14;11;24;1030;1;2;1;1;6;115;1 rue de Nancy;M;4872872;617048;540
201400005994;14;12;19;1730;5;2;1;3;6;215;99 ter rue de nancy;M;4874880;614863;540
201400005995;14;1;10;1230;1;1;1;1;1;432;;M;4859937;611519;540
201400005996;14;2;10;1730;1;2;1;2;6;196;rue de Nancy;M;4856900;618600;540
201400005997;14;4;23;1800;1;1;1;1;1;434;;M;4843800;612600;540
201400005998;14;5;22;1615;1;2;1;2;6;352;R92 RUE DE LA GARE;M;4864300;604000;540
201400005999;14;6;29;1645;1;2;1;1;2;123;31 rue de NANCY;M;4862831;612399;540
201400006000;14;7;5;1915;1;2;1;1;1;397;Rue Nicolas Cugnot;M;4861188;609190;540
201400006001;14;8;9;1830;1;2;1;1;1;196;rue de nancy;M;4857559;618306;540
201400006002;14;10;11;445;3;1;1;8;1;364;;M;4859868;613512;540
201400006003;14;10;19;615;3;1;1;5;6;336;;M;4896500;609000;540
201400006004;14;11;2;1400;1;1;1;1;7;196;;M;4855964;622044;540
201400006005;14;1;5;2115;5;2;2;1;3;310;GRAMONT (AVENUE DE);;;;30
201400006006;14;1;6;1315;1;2;2;1;3;310;1, BRIAND (AVENUE ARISTI;;;;30
201400006007;14;1;9;1515;1;2;1;1;2;310;TASSIGNY (BD de Lat;;;;30
201400006008;14;1;9;1645;1;2;1;1;6;310;AILES (ALLEE DES);;;;30
201400006009;14;1;11;1635;1;2;1;1;3;94;3, AILES (RUE DES);;;;30
201400006010;14;1;12;700;5;2;2;1;6;310;0, CARNOT (BOULEVARD);;;;30
201400006011;14;1;12;1200;1;2;1;1;7;23;0, MOULIN MAZAN (CHEMIN;;;;30
201400006012;14;1;13;745;4;2;6;2;3;95;0, MIZON (RUE ANTOINETTE;;;;30
201400006013;14;1;14;1720;2;2;6;1;3;95;0, CHIENS VERTS (rond po;;;;30
201400006014;14;1;15;1205;1;2;1;1;6;95;74, VICHY (AVENUE DE);;;;30
201400006015;14;1;16;1905;5;1;3;1;3;23;0, COLLINE (RUE DE LA);;;;30
201400006016;14;1;17;1000;1;2;1;1;7;23;0, RUSSIE (AVENUE DE);;;;30
201400006017;14;1;17;1615;1;2;1;1;6;95;4, DRAPEAU (AVENUE DU);;;;30
201400006018;14;1;20;1920;5;2;3;2;7;23;0, RUSSIE (AVENUE DE);;;;30
201400006019;14;1;20;2133;5;2;1;2;7;23;0, CAVY (RUE ADRIEN);;;;30
201400006020;14;1;23;1500;1;2;3;8;3;310;GRAMONT (AVENUE DE);;;;30
201400006021;14;1;28;947;1;2;2;1;7;310;0, SICHON (BOULEVARD DU);;;;30
201400006022;14;1;30;1154;1;2;2;1;3;310;0, LAC D'ALLIER (AVENUE;;;;30
201400006023;14;1;30;1755;5;2;2;1;3;310;0, LYON (AVENUE DE);;;;30
201400006024;14;2;2;440;5;1;1;1;6;1;42, RD 131 (ROUTE D'HAUT;;;;30
201400006025;14;2;3;840;1;2;1;1;7;95;0, LAFAYE (RUE FERNAND);;;;30
201400006026;14;2;5;1025;1;2;1;2;7;95;38, DARCIN (RUE DE);;;;30
201400006027;14;2;9;1630;1;2;3;1;3;310;0, AILES (ALLEE DES);;;;30
201400006028;14;2;18;825;1;2;1;1;6;310;0, PARIS (RUE DE);;;;30
201400006029;14;2;19;1505;1;2;1;1;6;310;0, EPINAT (PLACE JEAN);;;;30
201400006030;14;2;20;1630;1;2;3;1;3;310;0, JOFFRE (RUE DU MARECH;;;;30
201400006031;14;2;24;1715;1;2;2;1;3;310;0, THERMALE (AVENUE);;;;30
201400006032;14;2;25;1750;1;2;1;1;3;23;4, REPUBLIQUE (AVENUE DE;;;;30
201400006033;14;3;14;750;1;2;1;1;3;23;VICHY (AVENUE DE);;;;30
201400006034;14;3;12;850;1;1;1;1;3;23;0, HAUTERIVE (AVENUE D');;;;30
201400006035;14;3;25;745;1;2;4;1;3;310;0, THERMALE (AVENUE);;;;30
201400006036;14;3;25;1315;1;2;2;8;3;310;0, HOTEL DE VILLE (BOULE;;;;30
201400006037;14;3;26;1600;1;2;1;1;6;310;25, CELESTINS (AVENUE DE;;;;30
201400006038;14;4;4;1300;1;1;1;1;7;95;RD 906B;;;;30
201400006039;14;4;5;140;5;2;1;1;1;310;0, THERMALE PROLONGEE (A;;;;30
201400006040;14;4;10;1730;1;1;1;7;4;23;0.600, EUROPE (AVENUE DE;;;;30
201400006041;14;4;16;1055;1;2;1;1;6;310;0, JAURES (RUE JEAN);;;;30
201400006042;14;4;17;645;2;1;1;1;3;94;0, AILES (RUE DES);;;;30
201400006043;14;4;23;1900;1;2;1;1;2;310;24, BRIAND (AVENUE ARIST;;;;30
201400006044;14;4;25;1136;1;2;2;1;6;310;9, CELESTINS (AVENUE DES;;;;30
201400006045;14;4;30;1830;1;2;1;1;6;310;55, JAURES (RUE JEAN);;;;30
201400006046;14;5;6;2045;1;1;1;1;6;23;45, AUBERGER (AVENUE FER;;;;30
201400006047;14;5;12;125;5;2;1;1;7;23;22, REPUBLIQUE (AVENUE D;;;;30
201400006048;14;5;13;1505;1;2;3;1;6;310;0, DOUMER (AVENUE DU PRE;;;;30
201400006049;14;5;15;40;5;2;2;1;6;310;0, SICHON (BOULEVARD DU);;;;30
201400006050;14;5;19;1845;1;2;1;1;3;310;10, THIERS (RUE DE);;;;30
201400006051;14;5;31;1745;1;2;1;1;6;310;14, PARIS (RUE DE);;;;30
201400006052;14;6;4;2120;2;2;3;1;3;310;0, AILES (ALLEE DES);;;;30
201400006053;14;6;10;1310;1;2;1;1;3;94;0, AUBREY (RUE DU COMMAN;;;;30
201400006054;14;6;14;1925;1;2;3;1;1;310;0, MARRONIERS (RUE DES);;;;30
201400006055;14;6;30;1700;1;2;1;1;3;310;63, JAURES (RUE JEAN);;;;30
201400006056;14;6;30;2205;5;2;2;1;3;310;0, ECOLES (RUE DES);;;;30
201400006057;14;7;5;2100;1;2;4;1;1;1;64, TOUR (RUE DE LA);;;;30
201400006058;14;7;23;245;5;1;1;1;7;23;11, CHARMEIL (ROUTE DE);;;;30
201400006059;14;7;28;700;1;2;2;2;3;310;0, BRIAND (AVENUE ARISTI;;;;30
201400006060;14;8;5;1030;1;2;3;1;6;310;0, RAVY BRETON (RUE);;;;30
201400006061;14;8;12;1914;1;1;1;1;6;94;3, INDUSTRIE (RUE DE L');;;;30
201400006062;14;8;15;1910;1;1;1;1;6;95;FERRIERES (ROUTE DE);;;;30
201400006063;14;8;17;1250;1;1;1;1;3;1;3, RD 131 (ROUTE D'HAUTE;;;;30
201400006064;14;9;6;1100;1;2;1;1;6;310;0, EPINAT (PLACE JEAN);;;;30
201400006065;14;9;10;1750;1;2;3;1;3;95;0, RONDELEUX (RUE RAYMON;;;;30
201400006066;14;9;10;2215;5;2;2;1;3;310;0, ECOLES (RUE DES);;;;30
201400006067;14;9;14;45;5;1;1;1;6;95;RD 906B;;;;30
201400006068;14;9;20;1840;1;2;1;1;6;310;0, CELESTINS (AVENUE DES;;;;30
201400006069;14;10;2;1750;1;1;1;1;7;95;MOLLES (ROUTE DE);;;;30
201400006070;14;10;12;10;5;2;1;8;3;310;35, THERMALE (AVENUE);;;;30
201400006071;14;10;17;2145;5;2;1;1;2;310;3, MESDAMES (ALLEE);;;;30
201400006072;14;10;19;940;1;2;1;1;3;310;0, JUIN (Esplanade Mar?c;;;;30
201400006073;14;10;29;805;1;2;1;1;6;23;135, VICHY (AVENUE DE);;;;30
201400006074;14;10;30;2000;5;2;2;1;3;95;0, GAMBETTA (RUE);;;;30
201400006075;14;10;30;1300;1;2;1;1;6;310;DOUMER (AVENUE DU PRESID;;;;30
201400006076;14;11;1;1810;5;2;1;1;6;310;0, BRIAND (AVENUE ARISTI;;;;30
201400006077;14;11;2;1750;2;2;1;1;6;310;16, CLEMENCEAU (RUE GEOR;;;;30
201400006078;14;11;14;1945;5;2;1;3;6;310;0, WILSON (RUE DU PRESID;;;;30
201400006079;14;11;11;2025;5;2;1;1;2;310;0, JUIN (Esplanade Mar?c;;;;30
201400006080;14;11;17;1400;1;1;1;8;3;94;44, BOUTIRON (RUE DE);;;;30
201400006081;14;11;21;745;2;2;1;1;6;310;DENIERE (BOULEVARD);;;;30
201400006082;14;12;9;850;1;2;3;8;3;95;0, PAIX (RUE DE LA);;;;30
201400006083;14;12;10;1225;1;2;1;2;6;23;DE GAULLE (AVENUE DU GEN;;;;30
201400006084;14;5;7;1930;1;2;1;1;6;408;5 ter route nationale;M;4916128;576268;540
201400006085;14;7;22;1000;1;1;2;2;3;410;RD13/RD28;M;4903804;596108;540
201400006086;14;7;26;1215;1;2;1;1;6;171;12 rue Charles Peche;M;4914500;593600;540
201400006087;14;8;1;1730;1;1;1;1;1;477;;M;4902933;590485;540
201400006088;14;9;13;915;1;1;1;1;1;477;;M;4902900;590500;540
201400006089;14;12;20;2300;3;1;1;8;7;511;;M;4907364;584402;540
201400006090;14;1;24;730;2;1;1;8;6;491;;M;4936327;592270;540
201400006091;14;2;14;2315;3;1;1;1;6;491;;M;4936322;592558;540
201400006092;14;3;28;1915;3;1;1;1;6;491;;M;4936300;592600;540
201400006093;14;5;25;15;5;2;1;1;2;425;35 rue Ambroize Croizat;M;4930500;578900;540
201400006094;14;7;4;1530;1;2;1;1;2;295;rue de la croisette;M;4931400;578900;540
201400006095;14;7;16;1830;1;2;1;1;6;29;;M;4937238;589954;540
201400006096;14;8;16;1445;1;2;1;1;6;536;1 rue du 1er mai;M;4930800;590800;540
201400006097;14;11;30;1700;5;2;1;5;1;362;ROUTE NATIONALE;M;4938894;575578;540
201400006098;14;12;25;2200;3;1;1;1;6;568;;M;4941184;582732;540
201400006099;14;2;25;1445;1;1;1;1;3;148;;M;4859233;656870;540
201400006100;14;8;3;1300;1;1;1;1;6;260;;M;4857099;650058;540
201400006101;14;8;12;2200;3;1;1;1;1;83;;M;4863676;648491;540
201400006102;14;8;22;1230;1;1;1;1;2;373;;M;4856907;652334;540
201400006103;14;11;17;1100;1;1;1;1;6;83;;M;4863281;648607;540
201400006104;14;1;16;1730;3;1;1;2;1;565;;M;4857017;635504;540
201400006105;14;5;18;1800;1;2;1;1;2;42;grand rue;M;4843700;627400;540
201400006106;14;7;12;1600;1;1;1;1;6;152;;M;4857416;635210;540
201400006107;14;9;24;1530;1;1;1;1;7;455;;M;4847100;648200;540
201400006108;14;12;19;715;2;1;1;2;4;45;;M;4856500;636200;540
201400006109;14;2;25;15;3;1;1;1;1;163;;M;4857200;671900;540
201400006110;14;6;21;2145;1;1;1;1;7;551;;M;4866929;669730;540
201400006111;14;1;14;1800;5;2;1;2;3;205;rue saint germain;M;0;0;540
201400006112;14;3;1;1130;1;1;3;1;1;128;;M;4866644;584987;540
201400006113;14;2;28;2015;3;1;1;9;7;288;;M;4872970;586668;540
201400006114;14;3;28;2000;2;1;2;1;1;102;;M;4870800;585900;540
201400006115;14;3;29;2315;3;1;1;1;6;10;;M;4854177;580463;540
201400006116;14;3;31;1930;1;1;1;1;6;405;;M;4858714;594687;540
201400006117;14;5;9;1430;1;1;1;1;3;102;;M;4871439;587618;540
201400006118;14;5;16;1530;1;1;1;1;3;102;;M;4871528;585728;540
201400006119;14;7;20;700;2;1;1;1;6;380;;M;4862300;585800;540
201400006120;14;7;28;1730;1;1;1;3;6;8;;M;4854700;590900;540
201400006121;14;7;31;2330;3;1;1;1;1;8;;M;4854608;590825;540
201400006122;14;9;6;1515;1;2;1;1;6;120;Rue du progres RD 11E;M;4862700;583000;540
201400006123;14;12;3;1115;1;1;1;2;3;380;;M;4868500;587000;540
201400006124;14;1;1;1000;1;1;1;1;6;34;;M;4876307;593812;540
201400006125;14;3;9;915;1;1;1;1;7;346;;M;4878200;590400;540
201400006126;14;3;17;830;1;1;1;1;6;532;;M;4879931;593154;540
201400006127;14;6;11;2345;3;1;1;1;6;370;;M;4882461;588414;540
201400006128;14;9;13;1500;1;1;1;1;7;343;;M;4883400;579000;540
201400006129;14;2;3;1415;1;1;1;1;6;514;;M;0;0;550
201400006130;14;2;9;345;5;2;1;1;6;120;face au 6 Grande Rue;M;0;0;550
201400006131;14;3;9;1800;1;2;1;1;7;493;chemin des grand pres;M;0;0;550
201400006132;14;4;19;530;3;1;1;1;6;435;;M;0;0;550
201400006133;14;11;24;1930;3;1;1;1;1;369;;M;0;0;550
201400006134;14;12;12;1745;3;1;1;2;7;427;;M;0;0;550
201400006135;14;12;19;1330;1;1;1;3;6;369;;M;0;0;550
201400006136;14;6;6;1930;1;1;1;1;3;300;;M;0;0;550
201400006137;14;6;24;1730;1;1;1;1;6;291;;M;0;0;550
201400006138;14;8;10;1345;1;1;1;3;6;447;;M;4864153;505926;550
201400006139;14;8;18;1645;1;1;4;1;3;35;;M;0;0;550
201400006140;14;11;1;1715;2;2;2;1;3;291;Rue des ETATS UNIS;M;0;0;550
201400006141;14;12;1;1800;5;1;1;2;6;543;;M;0;0;550
201400006142;14;6;29;600;2;1;1;2;6;526;;M;0;0;550
201400006143;14;8;5;1630;1;2;1;1;1;122;7 rue de Champagne;M;0;0;550
201400006144;14;8;17;1915;1;1;1;1;1;553;;M;0;0;550
201400006145;14;11;22;1700;3;1;1;1;7;196;;M;0;0;550
201400006146;14;11;27;715;3;1;1;3;2;526;;M;0;0;550
201400006147;14;5;2;1000;3;1;1;1;6;7;;M;;;550
201400006148;14;6;14;700;1;1;1;1;7;570;;M;0;0;550
201400006149;14;6;15;2000;1;1;1;1;7;540;;M;4900374;553037;550
201400006150;14;10;20;2100;3;1;1;2;6;551;;M;4896834;568485;550
201400006151;14;5;11;1900;1;1;1;8;1;397;;M;0;0;550
201400006152;14;5;23;2130;3;2;1;2;6;104;RUE DE SAINT NABORD;M;4845908;543174;550
201400006153;14;7;9;1515;1;1;1;8;7;5;;M;4850171;559935;550
201400006154;14;7;16;1615;1;1;1;1;2;573;;M;0;0;550
201400006155;14;7;25;800;1;1;1;1;1;334;;M;0;0;550
201400006156;14;7;25;1115;1;1;1;1;6;59;;M;0;0;550
201400006157;14;10;14;930;1;1;1;1;6;496;;M;4872600;564600;550
201400006158;14;10;26;630;2;1;2;5;1;334;;M;0;0;550
201400006159;14;11;10;1400;1;2;1;1;6;433;GRANDE RUE;M;0;0;550
201400006160;14;12;28;1215;1;1;1;1;6;334;;M;0;0;550
201400006161;14;8;26;2345;3;1;1;2;6;252;;M;0;0;550
201400006162;14;11;20;700;2;2;1;1;1;324;route 643;M;0;0;550
201400006163;14;1;6;730;2;1;1;8;5;492;;M;4912736;546164;550
201400006164;14;9;12;1745;5;2;1;1;3;385;RD20B, PK00+810;M;0;0;550
201400006165;14;5;23;2245;5;2;1;2;1;416;RUE BASSE;M;0;0;550
201400006166;14;10;19;1100;1;1;1;1;5;346;;M;0;0;550
201400006167;14;3;10;1700;1;1;1;1;2;2;;M;0;0;550
201400006168;14;6;17;1115;1;1;1;1;6;171;;M;0;0;550
201400006169;14;6;28;1215;1;1;1;2;1;8;;M;0;0;550
201400006170;14;12;11;1915;4;1;1;6;6;201;;M;4319500;563700;550
201400006171;14;2;12;1645;1;1;1;1;1;273;;M;4822040;650785;880
201400006172;14;3;12;2015;2;1;3;1;2;253;;M;4819586;649922;880
201400006173;14;8;18;1845;1;1;1;1;1;273;;M;4821755;650557;880
201400006174;14;11;20;800;2;1;1;5;3;253;;M;0;0;880
201400006175;14;12;3;1730;3;1;1;8;1;134;;M;4814600;648700;880
201400006176;14;2;10;1715;1;1;8;2;3;135;;M;4814894;661585;880
201400006177;14;4;13;1845;1;1;1;1;1;340;;M;4827077;658953;880
201400006178;14;6;30;945;1;1;1;1;1;86;;M;4819145;673920;880
201400006179;14;8;2;630;2;1;1;1;6;76;;M;4822358;672461;880
201400006180;14;8;3;730;1;2;1;1;1;262;43 RUE DE LA VOLOGNE;M;4817958;675653;880
201400006181;14;8;28;1430;1;2;8;1;3;262;rue de la gare;M;4818540;675180;880
201400006182;14;10;29;2000;3;1;1;2;1;340;;M;0;0;880
201400006183;14;3;12;1700;1;2;1;1;2;90;pont 3 fr?res bosquets;M;4837800;629600;880
201400006184;14;4;7;845;1;1;1;1;1;522;;M;4835272;616772;880
201400006185;14;5;26;815;1;1;1;8;6;173;;M;4838112;625154;880
201400006186;14;6;15;2230;2;1;1;1;6;449;;M;4836122;623258;880
201400006187;14;7;15;2145;1;2;1;1;6;90;rue maurice barr?s;M;4836960;629516;880
201400006188;14;7;23;45;5;2;1;1;6;56;rue simon de chatellus;M;4834948;616231;880
201400006189;14;8;21;1800;1;1;1;1;3;90;;M;4835625;628848;880
201400006190;14;11;4;645;2;2;1;2;1;513;rue d'alsace;M;0;0;880
201400006191;14;12;2;1715;3;1;1;1;2;173;;M;4839000;624200;880
201400006192;14;12;9;1900;3;1;1;1;6;513;;M;4836700;630200;880
201400006193;14;8;15;1600;1;1;1;1;2;452;;M;4815618;605697;880
201400006194;14;2;8;500;5;2;1;1;6;412;RD159 BIS;M;4835835;673179;880
201400006195;14;2;18;930;1;2;1;1;6;367;27 rue des Fontaines;M;4834721;663697;880
201400006196;14;2;24;1045;1;2;1;1;1;521;RUE EPINAL;M;4830780;661056;880
201400006197;14;7;25;1430;1;1;1;1;1;251;;M;4833743;667755;880
201400006198;14;8;30;1845;1;2;1;1;3;110;Grande rue;M;4840765;653958;880
201400006199;14;9;2;1630;1;1;2;1;2;432;;M;4842303;658185;880
201400006200;14;11;11;345;5;2;1;2;6;521;Route d'Epinal;M;0;0;880
201400006201;14;11;12;930;1;1;1;8;6;156;;M;0;0;880
201400006202;14;1;1;445;3;1;1;2;1;342;;M;4828666;643990;880
201400006203;14;1;16;730;2;1;9;1;2;99;;M;4822656;643230;880
201400006204;14;1;21;715;5;1;1;2;1;465;;M;4825383;642978;880
201400006205;14;2;24;1515;1;1;3;7;3;190;;M;4828210;637252;880
201400006206;14;4;6;115;3;1;1;5;6;224;;M;4831921;647625;880
201400006207;14;4;6;2345;3;2;1;1;3;327;101, rue de la H?rronni?;M;4829556;638416;880
201400006208;14;4;29;830;1;2;4;1;3;454;Route d'Epinal;M;4825310;653195;880
201400006209;14;5;5;730;1;1;1;1;6;94;;M;4831422;639429;880
201400006210;14;6;20;945;1;1;1;1;1;465;;M;4825070;642338;880
201400006211;14;6;23;1115;1;1;1;5;2;327;;M;4830555;638656;880
201400006212;14;7;27;130;3;1;1;1;6;224;;M;4832353;645563;880
201400006213;14;9;6;1830;1;1;1;1;6;143;;M;4828234;646215;880
201400006214;14;9;28;1945;2;1;3;1;3;190;;M;4829368;637654;880
201400006215;14;11;1;945;1;1;1;1;6;99;;M;0;0;880
201400006216;14;11;23;330;5;2;1;1;6;99;1 Rue du Centre;M;4823800;643700;880
201400006217;14;1;14;915;1;2;1;1;6;321;Quai Jean Moulin;M;4835363;569272;880
201400006218;14;2;14;1615;1;2;1;1;3;206;rue de Mirecourt;M;4831050;593294;880
201400006219;14;4;9;1145;1;1;1;1;6;321;;M;4837100;567975;880
201400006220;14;4;24;1700;1;1;1;1;6;241;;M;4827057;590003;880
201400006221;14;4;26;1845;1;2;1;2;7;321;12 avFran?ois de Neufcha;M;4834908;569538;880
201400006222;14;4;27;1630;1;1;1;1;6;321;;M;4835272;571682;880
201400006223;14;5;25;2000;1;2;1;1;6;270;45, route de joinville;M;4832759;556879;880
201400006224;14;6;10;1845;1;1;1;1;6;15;;M;4839478;582242;880
201400006225;14;6;13;1515;1;1;1;1;3;229;;M;4839062;576180;880
201400006226;14;7;25;1145;1;1;1;1;6;460;;M;4839743;572730;880
201400006227;14;7;17;900;1;1;1;1;7;401;;M;4832645;576141;880
201400006228;14;8;7;915;1;1;1;8;3;393;;M;4834415;573958;880
201400006229;14;8;23;1600;1;1;3;1;3;189;;M;4831965;561959;880
201400006230;14;8;29;1530;1;1;1;1;1;308;;M;4833619;564966;880
201400006231;14;9;26;930;1;1;8;1;4;321;;M;4837055;569848;880