num_acc;an;mois;jour;hrmn;lum;agg;int;atm;col;com;adr;gps;lat;long;dep
201400006232;14;10;1;945;1;1;2;5;1;363;;M;4847318;583589;880
201400006233;14;10;8;1800;1;2;1;1;3;321;rue du moulinot;M;0;0;880
201400006234;14;10;9;1330;1;2;2;3;3;321;avenue de Herringen;M;0;0;880
201400006235;14;11;8;445;4;2;1;1;6;290;787, route nationale;M;0;0;880
201400006236;14;12;2;1315;1;2;1;1;3;270;route d'harr?ville;M;0;0;880
201400006237;14;1;6;1330;1;1;1;1;6;103;;M;4823929;628229;880
201400006238;14;1;9;1845;3;1;1;3;1;400;;M;4830801;604322;880
201400006239;14;1;20;1445;1;2;1;1;6;304;rue Laberte et Magni?;M;4829713;613366;880
201400006240;14;1;27;2245;3;1;1;8;7;185;;M;4836056;608644;880
201400006241;14;3;12;1145;1;1;2;1;3;47;;M;4820455;616610;880
201400006242;14;3;14;1600;1;1;3;1;6;47;;M;4820151;615717;880
201400006243;14;5;6;1645;1;1;2;1;1;304;;M;4830544;614898;880
201400006244;14;6;24;1330;1;1;3;1;3;508;;M;4819224;623032;880
201400006245;14;7;29;1745;1;1;2;1;1;364;;M;4834622;611469;880
201400006246;14;8;4;1445;1;1;2;1;4;47;;M;4820205;615361;880
201400006247;14;8;10;1630;1;2;2;1;1;210;44 rue de la gite;M;4819184;628599;880
201400006248;14;11;13;1800;5;1;1;1;7;292;;M;0;0;880
201400006249;14;1;9;1530;1;2;3;1;1;516;rue de LORIMA;M;4820590;595339;880
201400006250;14;1;31;1415;1;1;1;7;1;332;;M;4822487;592558;880
201400006251;14;6;22;1515;1;2;1;1;7;114;Rue du 11 septembre;M;4818009;588520;880
201400006252;14;7;16;1945;1;1;1;1;1;22;;M;4823355;583782;880
201400006253;14;8;2;215;5;2;1;1;6;490;ROUTE D'HAREVILLE;M;4818721;601101;880
201400006254;14;8;3;515;3;1;1;1;7;488;;M;4820171;611366;880
201400006255;14;10;26;1830;2;1;2;5;3;285;;M;0;0;880
201400006256;14;5;27;1030;1;2;1;8;6;158;1 rue de l'?glise;M;4809285;661042;880
201400006257;14;9;18;1400;1;2;6;1;3;250;Carrefour RD159B/RD 42;M;4811181;657486;880
201400006258;14;11;8;1215;1;1;1;7;3;383;;M;4797100;644900;880
201400006259;14;1;10;1430;1;2;1;1;3;116;64 rue de la 3?DIA;M;4796021;683355;880
201400006260;14;1;16;1715;5;2;1;3;5;486;rue d'alsace;M;4799311;671680;880
201400006261;14;4;7;715;1;2;1;1;6;447;170 Avenue Jules FERRY;M;4794919;677250;880
201400006262;14;7;23;1615;1;2;1;1;1;447;LE RAIN BRICE - LE THOLY;M;4808481;676276;880
201400006263;14;7;31;1800;1;1;1;1;1;75;;M;4802184;689384;880
201400006264;14;8;1;1045;1;1;1;1;1;470;;M;4808481;676281;880
201400006265;14;8;30;1445;1;1;1;1;5;75;;M;4801012;697405;880
201400006266;14;10;5;200;3;1;1;1;6;177;;M;0;0;880
201400006267;14;3;1;300;5;2;1;2;6;369;48 bis rue de l'?tat;M;4788289;674590;880
201400006268;14;9;9;1745;1;1;1;1;1;302;;M;4791819;679550;880
201400006269;14;11;3;1745;5;2;1;2;6;188;rue de lorraine;M;0;0;880
201400006270;14;2;7;200;5;2;1;1;6;32;18 rue du stade;M;4824282;706958;880
201400006271;14;7;29;1600;2;2;1;2;7;32;route de la grande voye;M;4823608;706126;880
201400006272;14;9;27;2045;3;1;1;1;7;112;;M;4833987;710380;880
201400006273;14;10;18;1445;1;1;1;1;3;112;;M;4855200;715500;880
201400006274;14;11;2;1415;1;2;1;1;1;213;RD32 face au num?(c)ro 1;;;;880
201400006275;14;1;18;445;3;1;1;9;6;198;;M;4812505;691424;880
201400006276;14;5;23;1145;1;1;1;1;6;218;;M;4810710;686268;880
201400006277;14;5;31;1530;1;1;1;1;1;198;;M;4816039;691801;880
201400006278;14;6;21;1400;1;2;3;1;1;423;ROUTE DE SAINT DIE;M;4822026;694473;880
201400006279;14;7;19;1145;1;1;1;1;6;181;;M;4818006;702347;880
201400006280;14;10;28;1700;1;1;1;1;7;218;;M;4814117;681825;880
201400006281;14;11;14;1130;2;1;4;1;2;505;;M;0;0;880
201400006282;14;11;27;1800;5;2;1;5;6;9;373 rue de SAINT DIE;M;0;0;880
201400006283;14;11;30;2030;3;1;1;5;6;106;;M;0;0;880
201400006284;14;4;10;1815;1;1;1;1;6;531;;M;4805744;699482;880
201400006285;14;8;20;2245;3;1;1;1;1;196;;M;4803369;686447;880
201400006286;14;9;7;1145;1;1;1;1;3;531;;M;4805433;700456;880
201400006287;14;10;19;1700;1;2;1;1;2;196;rue du 152e RI;M;0;0;880
201400006288;14;12;9;1745;3;1;1;8;6;196;;M;0;0;880
201400006289;14;1;23;1645;1;2;1;2;6;346;2 rue de la lib?ration;M;4840565;699430;880
201400006290;14;3;14;1615;1;2;1;1;2;451;;M;4839294;697511;880
201400006291;14;3;31;1100;1;2;3;1;6;346;Sortie Rue de la Gare;M;4840596;699415;880
201400006292;14;4;11;945;1;2;1;1;1;165;43 av de bellefontaine;M;4835904;687853;880
201400006293;14;4;21;1015;1;1;1;2;1;451;;M;4838641;695960;880
201400006294;14;8;17;1600;1;1;1;1;7;165;;M;4836732;679848;880
201400006295;14;12;15;830;1;2;1;1;2;482;44 route de schirmeck;M;0;0;670
201400006296;14;8;4;10;3;1;1;1;6;545;PV;M;0;0;670
201400006297;14;1;26;430;3;1;1;1;6;378;;M;4848200;775000;670
201400006298;14;2;21;1345;1;2;1;8;4;131;rue des fusiliers marins;M;4848800;772900;670
201400006299;14;4;21;1645;1;2;6;2;7;131;rue des fusiliers marins;M;0;0;670
201400006300;14;8;8;1030;1;1;1;1;5;137;;M;0;0;670
201400006301;14;9;24;1530;1;2;1;1;3;378;11 RUE DE LA NIEDEREAU;M;0;0;670
201400006302;14;10;14;1345;1;1;1;1;5;137;;M;0;0;670
201400006303;14;1;7;745;2;1;1;1;1;154;;M;0;0;670
201400006304;14;3;27;830;1;1;1;1;1;130;;M;0;0;670
201400006305;14;4;6;2345;3;2;9;1;7;197;parking salle polyvalent;M;0;0;670
201400006306;14;5;7;1900;1;2;1;1;6;364;49 rue des Pierres;M;0;0;670
201400006307;14;5;8;315;5;2;9;1;1;154;20 RUE D'Erstein;M;0;0;670
201400006308;14;5;22;2215;3;1;1;2;2;130;;M;0;0;670
201400006309;14;5;24;2345;5;2;1;1;6;526;PV, 105D RUE DE BENFELD;M;0;0;670
201400006310;14;6;3;1515;1;1;1;1;3;154;;M;0;0;670
201400006311;14;7;20;2145;3;1;1;2;6;154;;M;0;0;670
201400006312;14;9;9;700;1;1;1;1;3;336;;M;0;0;670
201400006313;14;1;24;2045;5;2;1;1;6;348;132 boulevard  l'europe;M;0;0;670
201400006314;14;1;31;1530;1;1;1;1;2;164;;M;4842800;748300;670
201400006315;14;5;6;1430;1;1;1;1;2;164;;M;0;0;670
201400006316;14;6;27;845;1;1;1;1;1;504;;M;0;0;670
201400006317;14;7;29;1800;1;1;1;8;1;348;;M;0;0;670
201400006318;14;9;18;1700;1;2;1;1;1;31;5 rue des Raisins;M;0;0;670
201400006319;14;10;13;1800;1;1;1;1;6;504;;M;0;0;670
201400006320;14;11;24;1430;3;1;9;9;6;8;;M;0;0;670
201400006321;14;12;17;1900;5;2;1;8;3;348;Route de Boersch;M;0;0;670
201400006322;14;4;9;1245;1;2;1;1;1;523;43 rue de la garance;M;0;0;670
201400006323;14;7;27;2330;3;1;1;1;6;523;;M;0;0;670
201400006324;14;11;13;1600;1;1;1;1;1;331;;M;0;0;670
201400006325;14;4;16;715;1;2;1;1;7;46;ROUTE DE STRASBOURG;M;0;0;670
201400006326;14;5;18;2000;1;2;1;1;3;46;rue du houblon;M;0;0;670
201400006327;14;5;8;1700;1;1;6;1;3;169;;M;0;0;670
201400006328;14;6;13;130;3;2;1;1;6;46;rue de MARIENTHAL;M;0;0;670
201400006329;14;7;14;1945;1;2;1;1;3;46;rue de WEITBRUCH;M;0;0;670
201400006330;14;9;16;2200;3;1;1;1;6;450;;M;0;0;670
201400006331;14;9;21;430;3;1;1;1;6;46;;M;0;0;670
201400006332;14;10;14;1730;1;2;3;1;1;345;rue de la for?t;M;0;0;670
201400006333;14;10;21;500;3;1;1;1;3;46;;M;0;0;670
201400006334;14;12;6;1000;1;1;1;2;1;169;;M;0;0;670
201400006335;14;2;1;1815;5;1;1;1;3;300;;M;0;0;670
201400006336;14;2;12;1400;1;2;1;1;6;101;rue mercure;M;0;0;670
201400006337;14;4;10;645;1;2;1;1;3;101;14, faubourg des vosges;M;0;0;670
201400006338;14;4;29;1715;1;2;1;1;3;101;Faubourg des Vosges;M;0;0;670
201400006339;14;6;5;2115;2;1;1;1;1;127;;M;0;0;670
201400006340;14;6;12;1445;1;1;1;1;4;188;;M;0;0;670
201400006341;14;7;8;1245;1;1;1;8;5;188;;M;0;0;670
201400006342;14;8;14;1145;1;2;1;1;3;300;avenue de la gare;M;0;0;670
201400006343;14;10;2;1515;1;1;1;1;2;8;;M;0;0;670
201400006344;14;11;16;1345;1;2;6;1;7;101;1, rue mercure;M;0;0;670
201400006345;14;3;11;1630;1;1;1;1;7;299;PV,SENS ROSHEIM-GRESSWIL;M;0;0;670
201400006346;14;3;13;1700;1;1;1;7;6;411;;M;0;0;670
201400006347;14;3;14;1515;1;1;6;1;7;411;;M;0;0;670
201400006348;14;3;14;1845;1;1;1;1;6;411;;M;0;0;670
201400006349;14;4;22;1215;1;1;1;1;7;45;;M;0;0;670
201400006350;14;6;24;1330;1;2;1;1;3;52;route de ROSHEIM;M;0;0;670
201400006351;14;9;17;1545;1;1;1;1;7;368;;M;0;0;670
201400006352;14;10;13;1230;1;1;1;1;1;411;;M;0;0;670
201400006353;14;7;3;1800;1;2;1;1;3;500;rue de Molsheim;M;0;0;670
201400006354;14;8;4;645;1;1;1;1;1;448;;M;0;0;670
201400006355;14;6;6;1430;1;1;1;1;7;122;;M;0;0;670
201400006356;14;8;1;1230;1;1;1;1;1;282;;M;0;0;670
201400006357;14;8;8;1230;1;1;1;8;7;122;;M;0;0;670
201400006358;14;8;17;1645;1;1;1;1;7;122;;M;0;0;670
201400006359;14;11;1;1645;1;1;1;1;7;282;;M;0;0;670
201400006360;14;12;4;1700;2;2;1;8;6;520;1 Place du Gal Leclerc;M;0;0;670
201400006361;14;3;23;1130;1;2;1;1;6;372;2 route de Haguenau;M;0;0;670
201400006362;14;5;26;1630;1;2;1;1;6;372;2 rue de SAVERNE;M;0;0;670
201400006363;14;6;1;1500;1;1;1;1;1;222;;M;0;0;670
201400006364;14;7;1;2115;1;2;2;1;3;372;2 rue de Haguenau;M;0;0;670
201400006365;14;8;30;1445;1;1;1;1;1;352;;M;0;0;670
201400006366;14;9;9;1400;1;2;1;1;3;222;19A, rue Bellevue;M;0;0;670
201400006367;14;9;17;1615;1;2;1;1;2;61;rue d'Obermodern;M;0;0;670
201400006368;14;12;12;1730;3;1;1;6;1;61;;M;0;0;670
201400006369;14;1;5;1230;1;1;1;1;7;179;;M;0;0;670
201400006370;14;1;26;645;5;2;1;1;6;258;rue de Saverne;M;0;0;670
201400006371;14;1;29;730;2;1;1;1;6;89;;M;4876000;746800;670
201400006372;14;3;12;1500;1;1;1;7;6;6;;M;0;0;670
201400006373;14;4;19;2345;5;2;1;1;1;395;rue principale;M;0;0;670
201400006374;14;10;26;1700;1;1;1;1;1;367;;M;0;0;670
201400006375;14;1;25;400;3;2;1;1;6;401;RD 1061;M;0;0;670
201400006376;14;2;3;1730;2;2;1;8;1;552;RUE PRINCIPALE;M;0;0;670
201400006377;14;3;8;1915;3;1;1;1;5;355;;M;0;0;670
201400006378;14;3;30;2245;3;1;1;1;7;528;;M;0;0;670
201400006379;14;4;4;1715;1;2;3;1;3;509;1-3 rue de Verdun;M;0;0;670
201400006380;14;5;29;1730;1;1;1;1;7;99;;M;0;0;670
201400006381;14;6;5;1215;1;1;1;1;6;133;;M;0;0;670
201400006382;14;6;7;845;1;1;3;1;3;95;;M;0;0;670
201400006383;14;6;8;1200;1;1;1;7;7;559;;M;0;0;670
201400006384;14;7;26;1515;1;1;1;1;4;371;;M;0;0;670
201400006385;14;8;9;230;5;2;1;1;6;434;rue de bitche;M;0;0;670
201400006386;14;10;2;1845;1;2;1;1;1;241;;M;0;0;670
201400006387;14;10;11;1515;1;1;1;1;1;355;;M;0;0;670
201400006388;14;10;18;900;1;2;1;7;6;95;;M;0;0;670
201400006389;14;6;9;1730;1;2;1;1;5;67;4 avenue de Strasbourg;M;4873200;771100;670
201400006390;14;7;27;30;5;2;1;1;2;301;Rue du G?n?ral Leclerc;M;4876200;764000;670
201400006391;14;11;8;2200;3;1;1;2;6;67;;M;4872100;770400;670
201400006392;14;2;15;1700;3;1;1;2;5;202;;M;4875800;754800;670
201400006393;14;3;20;1645;1;1;1;1;3;382;;M;0;0;670
201400006394;14;4;22;945;1;2;6;1;1;293;intersection cd100 cd68;M;0;0;670
201400006395;14;5;10;1100;1;2;1;1;3;202;D7 route de bouxwiller;M;0;0;670
201400006396;14;5;18;930;1;1;1;1;6;393;;M;0;0;670
201400006397;14;5;30;345;3;1;1;1;7;452;;M;0;0;670
201400006398;14;6;15;2115;3;1;6;1;7;452;PV, INTERSECT. RD41/RD79;M;0;0;670
201400006399;14;8;1;1630;1;2;1;7;1;393;7 rue de strasbourg;M;0;0;670
201400006400;14;7;27;1645;1;2;1;7;1;393;7 rue de strasbourg;M;0;0;670
201400006401;14;8;2;1715;1;2;1;7;3;495;28, Rue de l'?glise;M;0;0;670
201400006402;14;7;31;1815;1;2;1;7;3;495;28, Rue de l'?glise;M;0;0;670
201400006403;14;12;29;1215;1;1;1;4;3;107;;M;0;0;670
201400006404;14;1;29;1845;2;1;1;1;5;205;;M;4868900;780300;670
201400006405;14;6;17;1245;1;1;1;1;1;519;PV;M;0;0;670
201400006406;14;9;27;1715;1;2;1;1;6;519;quai des bateliers;M;0;0;670
201400006407;14;3;12;1430;1;2;1;1;6;118;63 Av du Gal De Gaulle;M;0;0;670
201400006408;14;4;9;1915;1;2;1;7;6;551;rue du G?n?ral LECLERC;M;0;0;670
201400006409;14;8;18;1545;1;2;1;1;2;551;16 RUE DES VIGNES;M;0;0;670
201400006410;14;9;19;1545;1;2;1;1;3;118;Route de Wasselonne;M;0;0;670
201400006411;14;11;8;2100;3;1;1;1;7;226;;M;0;0;670
201400006412;14;3;8;1500;1;1;1;1;3;477;;M;0;0;670
201400006413;14;6;14;1700;1;1;1;1;6;143;;M;0;0;670
201400006414;14;6;20;515;3;1;1;1;7;362;;M;0;0;670
201400006415;14;6;29;2015;1;1;1;1;5;239;;M;0;0;670
201400006416;14;7;3;1620;1;1;1;1;1;73;PV;M;0;0;670
201400006417;14;8;7;2215;3;1;1;1;6;73;;M;0;0;670
201400006418;14;8;28;445;3;1;1;5;6;3;PV;M;0;0;670
201400006419;14;9;27;1615;1;1;1;1;4;239;;M;0;0;670
201400006420;14;10;10;945;1;1;1;1;1;73;;M;0;0;670
201400006421;14;11;27;1715;3;1;1;1;4;73;;M;0;0;670
201400006422;14;11;29;1745;5;2;1;1;7;73;101 route de Ste-Marie;M;0;0;670
201400006423;14;4;11;1345;1;1;1;1;2;21;;M;0;0;670
201400006424;14;5;8;1500;1;1;1;1;6;210;;M;0;0;670
201400006425;14;8;18;1600;1;1;1;1;2;120;;M;0;0;670
201400006426;14;1;6;1745;3;1;1;1;1;19;;M;0;0;670
201400006427;14;2;3;1230;1;2;1;1;2;281;rue de la chapelle;M;0;0;670
201400006428;14;2;7;2130;5;2;1;1;1;281;rue de Wittisheim;M;0;0;670
201400006429;14;2;10;1400;1;1;1;1;3;281;;M;0;0;670
201400006430;14;2;22;430;3;1;1;1;6;281;;M;0;0;670
201400006431;14;3;14;1930;3;1;1;1;1;311;;M;0;0;670
201400006432;14;4;9;1315;1;2;1;1;1;281;avenue de l'Europe;M;0;0;670
201400006433;14;6;22;1045;1;1;1;1;2;196;;M;0;0;670
201400006434;14;7;4;1215;1;1;1;1;1;311;;M;0;0;670
201400006435;14;8;29;615;3;1;1;3;1;281;;M;0;0;670
201400006436;14;9;13;2200;3;1;1;1;7;196;;M;0;0;670
201400006437;14;11;12;100;3;1;1;9;6;398;;M;0;0;670
201400006438;14;12;11;1530;2;1;1;2;2;310;;M;0;0;670
201400006439;14;5;7;1930;2;1;1;8;7;544;;M;0;0;670
201400006440;14;5;15;1715;1;2;1;1;1;544;All?e des peupliers;M;0;0;670
201400006441;14;8;3;1645;1;2;6;1;3;351;PLACE DE LA MAIRIE;M;0;0;670
201400006442;14;9;22;1515;1;1;1;1;6;544;;M;0;0;670
201400006443;14;11;9;1845;5;2;1;8;6;544;;M;0;0;670
201400006444;14;12;2;1800;3;1;1;2;7;400;;M;0;0;670
201400006445;14;2;8;1345;1;2;1;2;2;466;49 RUE PRINCIPALE;M;0;0;670
201400006446;14;3;8;630;1;1;1;1;6;463;;M;0;0;670
201400006447;14;3;24;715;1;1;1;2;7;443;;M;4897700;815700;670
201400006448;14;5;23;1530;1;2;1;1;2;463;7 route de strasbourg;M;4890100;810900;670
201400006449;14;11;16;2345;3;1;1;2;7;315;;M;0;0;670
201400006450;14;3;9;145;5;2;1;1;7;474;rue des vignes;M;0;0;670
201400006451;14;5;23;1145;1;2;1;1;6;474;RUE DU DOCTEUR DEUTSCH;M;0;0;670
201400006452;14;8;26;1715;1;1;3;8;3;232;;M;0;0;670
201400006453;14;9;20;1545;1;1;1;1;4;184;;M;0;0;670
201400006454;14;9;25;1115;1;1;1;1;1;184;;M;0;0;670
201400006455;14;10;25;2345;3;1;1;1;6;232;PV,sens Keffenach-Schoen;M;0;0;670
201400006456;14;10;31;830;1;2;1;5;1;474;;M;0;0;670
201400006457;14;8;10;945;1;1;1;1;6;147;;M;0;0;670
201400006458;14;10;12;30;5;2;1;1;7;110;93 GRAND RUE;M;0;0;670
201400006459;14;10;22;1345;1;1;1;8;7;263;;M;0;0;670
201400006460;14;11;6;715;2;2;1;1;6;110;rue principale;M;0;0;670
201400006461;14;11;26;1100;1;2;1;1;7;379;rue de lampertsloch;M;0;0;670
201400006462;14;4;1;1100;1;2;1;1;3;145;Grand Rue;M;4808117;738658;680
201400006463;14;4;16;1115;1;1;1;1;1;7;;M;4807439;742025;680
201400006464;14;6;7;1530;1;1;6;1;3;146;;M;4812066;736742;680
201400006465;14;8;14;2030;2;1;1;8;6;366;;M;4810926;747265;680
201400006466;14;10;14;2315;3;1;1;1;6;95;;M;0;0;680
201400006467;14;12;22;1815;3;1;1;1;1;145;;M;0;0;680
201400006468;14;2;7;1330;1;2;1;8;6;175;63 rue du Gal Duffieux;M;4815478;716746;680
201400006469;14;5;16;1600;1;1;1;1;2;164;;M;4813249;728997;680
201400006470;14;5;16;1530;1;1;1;1;1;162;;M;4813466;726986;680
201400006471;14;6;11;1715;1;2;1;1;3;162;;M;4813834;726681;680
201400006472;14;7;14;245;5;2;1;1;3;249;;M;4813522;717369;680
201400006473;14;8;17;1730;1;1;1;1;1;44;;M;4813656;706585;680
201400006474;14;10;4;1700;1;1;1;1;2;97;;M;4818100;720900;680
201400006475;14;10;13;1445;1;1;1;1;1;249;;M;4813100;714800;680
201400006476;14;12;8;1330;1;1;1;8;3;164;;M;0;0;680
201400006477;14;1;18;900;1;2;1;8;7;226;rue alfred hartmann;M;4804141;714007;680
201400006478;14;1;27;1800;5;2;1;1;6;368;9 route nationale;M;4804684;720940;680
201400006479;14;3;30;1745;1;1;1;1;7;317;;M;0;0;680
201400006480;14;6;21;1315;1;1;1;1;6;329;;M;4806681;705780;680
201400006481;14;8;9;1530;1;1;1;1;1;329;;M;4806172;704661;680
201400006482;14;8;10;1315;1;1;1;1;7;311;;M;4799555;707256;680
201400006483;14;8;12;1715;1;2;1;1;6;226;Rue de la République;M;4804090;713819;680
201400006484;14;10;22;915;1;2;1;3;3;329;route de la schlucht;M;4805491;710332;680
201400006485;14;10;29;2115;5;2;3;2;1;193;41 rue principale;M;4803241;711000;680
201400006486;14;12;24;1130;1;2;1;1;6;368;rue de l'?glise;M;4805366;720411;680
201400006487;14;1;2;1545;1;1;6;1;3;352;;M;4801416;753793;680
201400006488;14;1;9;1215;1;1;1;1;6;1;;M;4800561;753662;680
201400006489;14;3;30;1930;1;1;1;1;6;351;;M;4801988;757699;680
201400006490;14;9;9;1515;1;2;1;1;2;130;Route de Strasbourg;M;4797293;753772;680
201400006491;14;11;22;1330;1;1;1;1;6;230;;M;4793460;754141;680
201400006492;14;4;14;1330;1;2;1;7;6;28;43 rue des vignerons;M;4820471;736162;680
201400006493;14;5;16;1645;1;1;1;1;1;113;;M;4819005;737333;680
201400006494;14;9;19;745;1;1;1;1;6;296;;M;4824436;734638;680
201400006495;14;11;3;1545;1;2;1;1;1;285;;M;0;0;680
201400006496;14;12;22;445;3;1;1;1;6;269;;M;4817417;732241;680
201400006497;14;1;9;1300;1;1;1;1;6;185;;M;4827099;732917;680
201400006498;14;1;21;1700;2;1;1;1;5;185;;M;4826840;728009;680
201400006499;14;2;19;1730;1;1;1;1;1;185;;M;4826658;730034;680
201400006500;14;3;7;1645;1;2;1;1;6;185;11 rue de la Gare;M;4827217;728082;680
201400006501;14;8;31;1545;1;1;1;8;1;298;;M;4820141;712536;680
201400006502;14;11;7;1630;2;1;1;1;6;298;;M;4824488;713723;680
201400006503;14;4;5;2300;3;1;3;1;3;374;;M;4807122;731063;680
201400006504;14;6;14;1700;1;1;1;1;7;374;;M;4809422;722854;680
201400006505;14;7;11;830;1;2;3;1;3;374;130 RUE Clémenceau;M;4807428;728420;680
201400006506;14;9;28;1715;1;1;1;1;1;338;;M;0;0;680
201400006507;14;9;29;1815;1;1;1;1;7;78;;M;4803989;732270;680
201400006508;14;9;30;1545;1;2;3;1;3;374;RD 83;M;4808784;731467;680
201400006509;14;10;6;1245;1;1;1;1;6;134;;M;4802020;731522;680
201400006510;14;10;24;1130;1;2;1;1;6;338;place de la paix;M;4809100;727300;680
201400006511;14;12;9;1645;2;1;3;2;3;354;;M;4805733;722867;680
201400006512;14;1;20;1115;1;1;1;8;6;333;;M;4761327;732259;680
201400006513;14;4;1;1400;1;2;1;1;1;138;20 RUE DU Gal DE GAULLE;M;4758479;725185;680
201400006514;14;4;12;1115;1;2;3;1;3;158;rue de Helfrantzkirch;M;4759963;737069;680
201400006515;14;4;14;1315;1;2;1;1;6;4;Place de la r?union;M;4762346;723932;680
201400006516;14;5;17;1745;1;2;2;1;3;139;Rue Principale;M;4759861;722275;680
201400006517;14;5;26;1145;1;2;1;1;6;4;52 rue Gilardoni;M;4762385;723929;680
201400006518;14;9;5;245;5;2;1;1;7;108;;M;4756704;729705;680
201400006519;14;9;17;615;2;1;1;1;1;124;;M;4761155;732963;680
201400006520;14;11;10;2145;3;1;1;1;6;148;;M;4761125;734788;680
201400006521;14;2;9;1615;1;2;1;1;6;141;;M;4770424;726021;680
201400006522;14;5;23;1800;1;2;2;1;7;125;rue principale;M;4768855;712759;680
201400006523;14;9;13;2230;5;2;1;8;6;245;rue principale;M;4769199;730958;680
201400006524;14;11;2;1500;1;1;1;1;3;152;;M;0;0;680
201400006525;14;11;7;2145;3;1;1;8;6;200;;M;4761202;710795;680
201400006526;14;3;17;1845;2;1;1;1;7;62;;M;4762912;718902;680
201400006527;14;6;22;745;1;1;1;1;6;288;;M;4754374;725625;680
201400006528;14;6;28;1600;1;1;1;8;7;25;;M;4747626;728255;680
201400006529;14;7;7;2045;1;1;1;1;6;39;;M;4753524;720529;680
201400006530;14;7;14;1800;1;1;1;8;7;248;;M;4749665;741391;680
201400006531;14;8;12;1545;1;1;1;1;6;176;;M;4756845;719565;680
201400006532;14;8;30;815;1;1;1;5;7;305;;M;4753192;715473;680
201400006533;14;8;30;2145;3;1;2;1;7;312;;M;4747319;734216;680
201400006534;14;8;29;615;2;1;1;3;7;128;;M;4756287;723967;680
201400006535;14;10;8;1915;3;1;1;2;6;87;;M;4753244;723787;680
201400006536;14;10;12;500;5;2;1;1;6;100;10 rue Principale;M;4759342;714141;680
201400006537;14;10;19;2000;3;1;1;1;6;340;;M;4756032;715730;680
201400006538;14;10;31;2045;5;2;1;1;6;49;;M;0;0;680
201400006539;14;9;20;2015;5;2;1;1;6;99;07 rue principale;M;4768857;726871;680
201400006540;14;2;18;745;1;1;1;1;1;235;;M;4798173;744215;680
201400006541;14;3;11;1345;1;2;1;1;1;258;rue d'ensisheim;M;4784021;731215;680
201400006542;14;5;8;2000;1;1;3;1;6;266;;M;4790460;740196;680
201400006543;14;8;8;1445;1;1;3;1;3;37;;M;4795073;741181;680
201400006544;14;8;11;830;1;1;1;1;1;235;;M;4798096;737543;680
201400006545;14;8;31;2045;3;1;1;8;6;82;;M;4785242;734749;680
201400006546;14;10;8;830;1;1;1;2;1;235;;M;4799159;737936;680
201400006547;14;11;17;1745;5;2;1;2;1;82;rue de Pulversheim;M;0;0;680
201400006548;14;11;29;1815;3;1;2;8;3;266;;M;4787662;738649;680
201400006549;14;1;28;1900;3;1;2;1;3;287;;M;4794206;728294;680
201400006550;14;3;24;1915;2;2;3;1;3;364;rue Saint-Blaise;M;4795438;725572;680
201400006551;14;8;30;1815;1;1;2;1;3;123;;M;4801113;730583;680
201400006552;14;5;10;1700;1;2;1;1;6;154;rue de Bruges;M;4776560;736217;680
201400006553;14;5;21;1830;1;2;6;1;3;154;rue du repos;M;0;0;680
201400006554;14;6;13;1400;1;2;1;1;6;154;RUE DE BERNE;M;4777063;738678;680
201400006555;14;6;24;800;1;2;6;1;3;154;9 rue de Mulhouse;M;4777916;734752;680
201400006556;14;6;30;1715;1;2;9;1;3;154;avenue de belgique;M;4776605;736244;680
201400006557;14;9;18;645;2;2;1;2;1;154;rue Hoffet;M;4778163;734769;680
201400006558;14;12;6;1700;5;2;1;2;6;154;rue de berne;M;4777102;738637;680
201400006559;14;12;17;1700;5;1;1;2;1;300;;M;0;0;680
201400006560;14;1;10;1330;1;2;1;1;6;270;rue principale;M;4777680;729029;680
201400006561;14;5;2;1415;1;2;1;1;6;218;5 rue de la premi?re arm;M;4773633;726940;680
201400006562;14;9;11;1830;1;2;2;1;3;70;;M;4771774;730140;680
201400006563;14;11;12;1715;4;2;1;3;6;195;rue de thann;M;4775904;727794;680
201400006564;14;1;27;1130;1;2;2;1;3;182;rue de flueh;M;4749305;748082;680
201400006565;14;1;10;1915;3;1;1;1;1;182;;M;4751069;748646;680
201400006566;14;3;1;1900;3;2;1;1;3;263;rue de Bâle;M;4758825;744657;680
201400006567;14;3;2;2315;5;2;1;1;1;263;8 rue de b?le;M;4758842;744690;680