num_acc;an;mois;jour;hrmn;lum;agg;int;atm;col;com;adr;gps;lat;long;dep
201400006568;14;4;4;1215;1;2;1;1;2;135;rue de l'industrie;M;4758313;752035;680
201400006569;14;4;4;1600;1;2;2;1;3;208;rue Principale;M;4756885;745529;680
201400006570;14;4;26;2245;3;1;1;3;2;182;;M;4750125;750346;680
201400006571;14;5;27;1715;1;2;1;1;6;61;rue de wentzwiller;M;4755811;750737;680
201400006572;14;6;17;1845;1;1;1;1;7;94;;M;4754273;743507;680
201400006573;14;6;20;1715;1;1;1;1;6;182;;M;4750233;750801;680
201400006574;14;8;21;715;1;2;3;1;3;182;rue principale;M;4749619;748699;680
201400006575;14;10;1;915;1;2;2;1;3;126;rue longue - rue philipp;M;4756218;752274;680
201400006576;14;1;25;445;5;2;1;1;6;21;rue de Blotzheim, CD 201;M;4762638;748472;680
201400006577;14;5;24;2345;3;1;1;1;6;197;;M;4763375;742054;680
201400006578;14;5;28;1745;1;2;2;1;1;163;rue des Paquerettes;M;4766281;750053;680
201400006579;14;6;16;1430;1;1;1;1;6;265;;M;4763813;736978;680
201400006580;14;12;23;1230;1;1;1;1;3;72;;M;0;0;680
201400006581;14;2;2;1730;2;1;1;1;7;106;;M;4786904;709507;680
201400006582;14;7;1;1230;1;2;1;1;6;334;11, rue du Rhin;M;4782756;708096;680
201400006583;14;7;19;1345;1;1;1;1;3;106;;M;4786681;712167;680
201400006584;14;9;6;1015;1;1;1;1;7;315;;M;4789162;711265;680
201400006585;14;9;17;2000;3;1;1;1;7;106;;M;4788257;708069;680
201400006586;14;1;20;445;5;1;6;5;6;63;;M;4779513;715837;680
201400006587;14;1;31;1215;1;2;1;1;6;63;rue de wittelsheim;M;4780304;717851;680
201400006588;14;4;1;1400;1;2;1;1;3;63;41 rue des Fabriques;M;4780921;718458;680
201400006589;14;7;17;1845;1;1;9;1;2;63;;M;4780403;719174;680
201400006590;14;10;20;1700;1;2;1;1;6;63;rue raymond poincar?;M;0;0;680
201400006591;14;3;20;1200;1;1;1;1;3;292;;M;4787597;702285;680
201400006592;14;4;23;1125;1;2;1;1;3;217;GENERAL DE GAULLE 59;M;4786083;704864;680
201400006593;14;5;17;1600;1;1;1;1;6;171;;M;4795447;696131;680
201400006594;14;5;25;900;1;1;1;1;1;262;;M;4791409;704401;680
201400006595;14;5;24;1315;1;1;1;1;7;247;;M;4794779;699564;680
201400006596;14;5;29;1600;1;1;1;8;1;171;;M;4797312;698797;680
201400006597;14;7;2;2115;1;1;8;1;3;292;;M;4787733;701232;680
201400006598;14;8;10;1130;1;1;1;8;6;171;;M;4795539;698866;680
201400006599;14;9;27;2015;5;2;1;1;2;89;90 Grand Rue;M;4789788;698226;680
201400006600;14;10;8;1230;1;1;1;8;6;217;;M;4786993;705677;680
201400006601;14;11;3;1415;1;2;3;2;3;89;Rue du G?n?ral de Gaulle;M;4786044;704914;680
201400006602;14;12;2;1600;1;2;1;2;6;217;56 rue du Gal de Gaulle;M;4786074;704871;680
201400006603;14;1;8;1445;1;2;3;1;3;201;rue de Mulhouse;M;4777029;700386;680
201400006604;14;9;6;1430;1;1;1;8;3;307;;M;4781094;689515;680
201400006605;14;1;7;1815;3;1;1;1;1;548;D3;M;0;0;510
201400006606;14;1;18;1145;1;2;3;1;4;149;D60/CHEMIN DES VIGNES;M;0;0;510
201400006607;14;1;23;1830;3;1;1;2;5;161;D37;M;0;0;510
201400006608;14;4;8;1645;1;1;2;1;3;259;D54/VC;M;0;0;510
201400006609;14;6;14;1830;1;1;3;1;1;617;N44;M;0;0;510
201400006610;14;7;17;1415;1;2;1;1;6;354;D79;M;0;0;510
201400006611;14;9;11;1830;1;1;1;1;1;482;D280;M;0;0;510
201400006612;14;9;14;1645;1;1;1;1;3;244;D4;M;0;0;510
201400006613;14;9;19;130;3;1;1;1;6;227;D977;M;0;0;510
201400006614;14;1;7;1545;1;1;1;1;6;559;D977;M;0;0;510
201400006615;14;1;17;700;2;1;1;2;6;476;D977;M;0;0;510
201400006616;14;2;28;2005;2;1;1;1;5;546;D931;M;0;0;510
201400006617;14;6;2;700;1;1;1;1;5;599;D944;M;0;0;510
201400006618;14;6;6;1545;1;2;1;1;2;559;D931;M;0;0;510
201400006619;14;6;25;930;1;2;1;1;1;388;Rue du 11 Novembre 1918;M;0;0;510
201400006620;14;10;17;1045;1;1;1;1;5;476;D977;M;0;0;510
201400006621;14;11;14;1745;3;2;7;2;6;559;D977;M;0;0;510
201400006622;14;12;11;745;2;2;1;2;1;559;D977;M;0;0;510
201400006623;14;12;16;1730;5;2;3;9;3;388;D19/D21;M;0;0;510
201400006624;14;3;28;1200;1;2;1;1;6;612;D9;M;0;0;510
201400006625;14;5;6;1015;1;2;2;2;3;342;D40/RUE DU CHATEAU;M;0;0;510
201400006626;14;5;30;1745;1;1;2;1;3;49;LA NOUE PLATET;M;0;0;510
201400006627;14;6;2;800;1;1;2;1;3;434;D3/BRETELLE;M;0;0;510
201400006628;14;7;26;1715;1;2;1;1;2;612;D36;M;0;0;510
201400006629;14;9;18;1830;1;1;3;1;1;239;D40/VC;M;0;0;510
201400006630;14;10;15;1600;1;1;1;2;5;93;D951;M;0;0;510
201400006631;14;2;21;2245;5;2;1;1;7;217;D3;M;0;0;510
201400006632;14;2;25;1930;2;1;1;1;6;346;D423;M;0;0;510
201400006633;14;3;7;1645;1;2;1;1;3;425;D980;M;0;0;510
201400006634;14;3;8;2000;3;1;1;1;6;425;D980;M;0;0;510
201400006635;14;5;4;1900;1;1;1;1;7;76;D3;M;0;0;510
201400006636;14;6;21;1230;1;1;2;1;3;414;D980;M;0;0;510
201400006637;14;6;22;1100;1;1;2;1;3;136;D24/VC;M;0;0;510
201400006638;14;9;26;1730;2;2;2;5;2;585;D3/RUE DE CHAMPAGNE;M;0;0;510
201400006639;14;10;15;1800;1;2;1;2;2;585;D3;M;0;0;510
201400006640;14;11;6;415;3;1;1;1;6;320;D23;M;0;0;510
201400006641;14;11;7;1730;5;2;1;1;1;136;RUE DE MONTIGNY;M;0;0;510
201400006642;14;12;25;2330;5;2;2;1;1;425;D980/R. DU POINT DU JOUR;M;0;0;510
201400006643;14;1;2;1745;3;1;1;8;6;241;D43;M;0;0;510
201400006644;14;6;5;1515;1;1;2;1;3;99;D80/VC;M;0;0;510
201400006645;14;9;2;1445;1;2;1;1;6;165;RUE DE LA GARE;M;0;0;510
201400006646;14;9;29;845;1;1;2;1;3;90;D39/VC;M;0;0;510
201400006647;14;10;13;815;1;1;1;1;1;276;D43;M;0;0;510
201400006648;14;10;20;1145;1;1;1;1;7;412;D5;M;0;0;510
201400006649;14;12;9;1730;3;1;1;2;6;99;D977;M;0;0;510
201400006650;14;1;21;800;2;2;1;5;2;380;D933;M;0;0;510
201400006651;14;4;6;1230;1;1;2;1;3;113;D42/D933;M;0;0;510
201400006652;14;4;26;630;2;1;1;5;7;50;D373;M;0;0;510
201400006653;14;5;12;645;2;1;1;1;3;50;D373;M;0;0;510
201400006654;14;5;18;1445;1;1;1;1;6;380;D373;M;0;0;510
201400006655;14;6;25;1445;1;1;1;1;6;345;D11;M;0;0;510
201400006656;14;6;26;1345;1;2;2;1;5;380;D933/D23;M;0;0;510
201400006657;14;8;3;915;1;1;1;1;6;345;D11;M;0;0;510
201400006658;14;10;3;2000;3;1;1;1;2;596;D933;M;0;0;510
201400006659;14;1;24;550;5;1;1;2;6;492;D440;M;0;0;510
201400006660;14;1;30;1715;1;1;1;1;7;353;D5;M;0;0;510
201400006661;14;3;28;715;1;1;2;1;3;432;D53/D5;M;0;0;510
201400006662;14;4;4;1045;1;2;3;1;6;535;D373/ R. DU PETIT ETANG;M;0;0;510
201400006663;14;4;20;2245;3;1;1;1;6;258;D49;M;0;0;510
201400006664;14;4;26;845;1;1;1;1;2;492;D82;M;0;0;510
201400006665;14;5;14;40;3;2;1;1;6;492;D440;M;0;0;510
201400006666;14;5;29;900;1;2;1;1;1;162;D51;M;0;0;510
201400006667;14;6;20;1545;1;1;1;1;1;254;CV2;M;0;0;510
201400006668;14;9;23;1745;1;1;3;1;1;9;D373/LA FOSSE AUX LOUPS;M;0;0;510
201400006669;14;10;24;2315;3;1;3;1;3;323;N4/VC;M;0;0;510
201400006670;14;11;16;500;3;1;1;2;7;162;D48;M;0;0;510
201400006671;14;12;2;2230;3;1;1;2;2;237;N4;M;0;0;510
201400006672;14;12;6;915;1;1;2;1;3;313;D951/D346;M;0;0;510
201400006673;14;11;3;1515;1;1;1;2;6;85;D23;M;0;0;510
201400006674;14;11;18;1030;1;1;1;2;1;585;D3;M;0;0;510
201400006675;14;6;19;1415;1;1;1;1;6;448;D575;M;0;0;510
201400006676;14;7;14;1800;1;1;1;1;1;250;N31;M;0;0;510
201400006677;14;8;10;1015;1;2;1;1;6;250;PLACE DE HOTEL DE VILLE;M;0;0;510
201400006678;14;9;13;500;3;1;1;1;6;86;N31;M;0;0;510
201400006679;14;9;21;545;2;1;1;2;5;308;N31;M;0;0;510
201400006680;14;9;20;1800;1;1;1;1;6;591;N31;M;0;0;510
201400006681;14;10;4;1815;1;2;1;1;6;37;R. DE LA VIGNE DU MAIRE;M;0;0;510
201400006682;14;10;9;945;1;1;1;2;1;250;N31;M;0;0;510
201400006683;14;10;17;700;3;1;1;2;3;337;N31;M;0;0;510
201400006684;14;1;26;845;2;1;1;1;1;532;D951;M;0;0;510
201400006685;14;4;27;615;2;1;1;1;5;418;D980;M;0;0;510
201400006686;14;5;5;1715;1;1;1;1;1;111;D980;M;0;0;510
201400006687;14;6;25;1700;1;2;3;1;3;245;D386/RUE DES SORBIERS;M;0;0;510
201400006688;14;6;29;1715;1;1;1;2;6;282;D27;M;0;0;510
201400006689;14;7;8;1700;1;1;1;1;1;282;D27;M;0;0;510
201400006690;14;7;10;730;1;1;1;2;7;479;D980;M;0;0;510
201400006691;14;7;19;1015;1;1;1;1;2;282;D27;M;0;0;510
201400006692;14;8;9;1930;1;1;1;1;6;51;D430;M;0;0;510
201400006693;14;8;19;1500;1;1;1;1;6;479;D980;M;0;0;510
201400006694;14;9;2;1730;1;1;2;1;3;422;D980/VC;M;0;0;510
201400006695;14;5;5;1200;1;1;2;1;3;643;D951/D11;M;0;0;510
201400006696;14;5;16;2115;2;1;1;1;7;210;D251;M;0;0;510
201400006697;14;9;12;1515;1;1;2;1;2;576;D19;M;0;0;510
201400006698;14;3;28;1645;1;2;1;1;3;649;D982;M;0;0;510
201400006699;14;5;14;1315;1;1;2;8;3;557;N44/VC;M;0;0;510
201400006700;14;6;22;445;3;1;8;1;7;184;D14;M;0;0;510
201400006701;14;8;2;845;1;1;1;1;6;295;D14;M;0;0;510
201400006702;14;9;17;1315;1;1;1;1;6;141;N44;M;0;0;510
201400006703;14;9;20;1215;1;1;3;1;7;433;D995/CV;M;0;0;510
201400006704;14;11;4;1430;1;1;1;2;1;352;N4;M;0;0;510
201400006705;14;11;16;1500;1;2;2;2;3;156;D13/D213;M;0;0;510
201400006706;14;12;1;1245;1;2;6;1;6;649;D982;M;0;0;510
201400006707;14;12;6;1815;5;2;6;1;6;262;AVENUE DE CHAMPAGNE;M;0;0;510
201400006708;14;12;27;1000;1;2;2;2;6;649;RUE DU PASSAGE SUPERIEUR;M;0;0;510
201400006709;14;5;11;1800;1;1;3;7;3;269;D13/RUE DU LAC;M;0;0;510
201400006710;14;1;20;1815;3;1;1;2;7;590;D982;M;0;0;510
201400006711;14;4;13;1545;1;1;1;1;7;135;ROUTE DE CHATILLON;M;0;0;510
201400006712;14;5;24;1600;1;1;1;1;7;270;D396;M;0;0;510
201400006713;14;6;8;1700;1;1;2;7;3;80;D55/D396;M;0;0;510
201400006714;14;6;13;2200;3;1;1;1;7;455;D58;M;0;0;510
201400006715;14;6;27;1200;1;2;2;1;3;66;R DU PT DE LA NOUE/SNCF;M;0;0;510
201400006716;14;8;18;1245;1;1;1;2;1;590;D982;M;0;0;510
201400006717;14;10;18;1930;3;2;1;1;1;290;D14;M;0;0;510
201400006718;14;10;19;2030;3;1;1;1;6;66;D396;M;0;0;510
201400006719;14;10;21;1815;1;1;2;8;3;373;D13/D58;M;0;0;510
201400006720;14;12;29;1700;3;1;1;9;7;417;D60;M;0;0;510
201400006721;14;3;18;1430;1;1;3;1;3;228;D73/D982;M;0;0;510
201400006722;14;7;28;1830;1;1;1;2;1;138;D982;M;0;0;510
201400006723;14;8;6;1645;1;1;1;2;6;399;D982;M;0;0;510
201400006724;14;9;19;1930;3;1;1;1;7;399;D982;M;0;0;510
201400006725;14;11;29;500;4;1;1;8;1;180;;M;4971760;471228;80
201400006726;14;3;12;1615;1;1;1;1;6;284;;M;0;0;80
201400006727;14;3;16;930;1;2;1;7;6;429;RUE DU METIER;M;4981050;456517;80
201400006728;14;3;25;700;2;2;6;8;6;460;;M;4984600;450746;80
201400006729;14;1;13;1830;5;2;1;3;4;185;110 avenue Jean-Jaur?s;M;4999400;470100;80
201400006730;14;2;18;800;1;1;1;1;5;304;;M;0;0;80
201400006731;14;1;8;1000;1;1;1;1;6;190;;M;5013290;481032;80
201400006732;14;1;26;1615;1;2;3;1;3;289;;M;4967910;515214;80
201400006733;14;1;28;1015;1;1;1;1;3;43;;M;4968450;497145;80
201400006734;14;2;24;1615;1;2;1;1;3;145;11, rue du Pont;M;4967100;504500;80
201400006735;14;1;16;530;3;1;1;2;6;119;;M;0;0;80
201400006736;14;3;16;1845;1;1;1;1;7;280;;M;0;0;80
201400006737;14;1;22;730;3;1;1;1;7;64;;M;4948900;439500;80
201400006738;14;10;19;1830;1;1;1;1;6;144;;M;4950780;444473;80
201400006739;14;1;8;2100;3;1;9;2;6;219;;M;4957880;429878;80
201400006740;14;2;2;1515;1;2;1;1;6;435;rue Joseph Dupuis;M;0;0;80
201400006741;14;3;5;2030;5;2;2;1;1;107;71 RUE DE LA SOMMEVUE;M;4953200;425443;80
201400006742;14;3;24;1415;1;2;1;1;6;413;19 RUE D 'EDIMBOURG;M;4961310;420392;80
201400006743;14;4;16;745;1;1;1;1;6;425;;M;4817092;402641;100
201400006744;14;9;7;1700;1;2;1;1;2;18;rue du péage;M;4811014;392057;100
201400006745;14;1;31;2215;3;1;1;1;1;412;;M;0;0;100
201400006746;14;3;14;800;1;1;2;1;5;282;;M;4838895;396879;100
201400006747;14;3;14;1745;1;2;2;1;3;381;Rue du 11 Novembre 1918;M;4827629;398425;100
201400006748;14;7;26;1330;1;1;1;1;3;349;;M;4833766;401560;100
201400006749;14;9;4;1700;1;1;1;1;2;191;;M;4833135;408846;100
201400006750;14;9;16;900;1;2;1;1;3;115;CHEMIN NEUF;M;4833324;413316;100
201400006751;14;11;7;1900;3;1;1;1;2;352;;M;4835042;410296;100
201400006752;14;12;24;1900;3;1;1;2;2;349;;M;0;0;100
201400006753;14;6;6;800;1;1;3;1;1;240;;M;4828100;390200;100
201400006754;14;5;30;1315;1;1;1;1;6;240;;M;4828200;390100;100
201400006755;14;7;23;915;1;1;1;1;2;417;;M;4820838;375459;100
201400006756;14;7;27;1715;1;1;1;1;6;319;;M;4821900;362000;100
201400006757;14;8;11;2215;5;2;1;1;6;37;26 rue d'estissac;M;4821400;389100;100
201400006758;14;9;14;445;5;2;9;1;6;3;9 rue Schentzle;M;4822700;373800;100
201400006759;14;11;29;2030;3;1;1;1;7;350;;M;4818600;379800;100
201400006760;14;12;9;730;2;2;1;9;1;142;;M;4825400;382200;100
201400006761;14;1;12;1345;1;1;9;1;6;238;;M;0;0;100
201400006762;14;1;29;1600;1;1;1;2;1;332;;M;0;0;100
201400006763;14;3;25;1230;1;1;1;1;1;210;;M;4838900;422200;100
201400006764;14;6;9;1715;1;2;2;1;3;61;rue de dienville;M;4836200;440100;100
201400006765;14;6;21;1130;1;1;1;1;3;209;;M;4827742;425967;100
201400006766;14;6;22;1445;1;1;1;1;7;61;;M;4836800;436700;100
201400006767;14;6;26;1515;1;2;2;1;3;14;;M;0;0;100
201400006768;14;7;5;1800;1;1;2;3;3;19;;M;4839900;436800;100
201400006769;14;7;14;530;2;1;1;1;7;162;;M;4822706;423515;100
201400006770;14;8;10;545;2;1;1;2;1;375;;M;4828400;419299;100
201400006771;14;9;25;715;1;1;1;5;6;255;;M;4821858;430739;100
201400006772;14;10;29;1815;5;2;1;1;1;245;grande rue;M;4826100;419900;100
201400006773;14;1;7;630;3;2;8;8;6;256;36 rue Champ Doulent;M;0;0;100
201400006774;14;1;7;1730;2;2;1;1;6;401;;M;4823782;446712;100
201400006775;14;3;9;1745;1;1;1;1;7;33;;M;4827823;472568;100
201400006776;14;3;9;1745;1;1;1;1;6;33;;M;4825932;471882;100
201400006777;14;3;27;2330;5;2;9;3;6;33;rue nationale;M;4823300;470688;100
201400006778;14;5;9;845;1;2;7;1;1;366;place saint brice;M;4827765;483389;100
201400006779;14;5;26;915;1;1;1;1;1;440;;M;4822588;475496;100
201400006780;14;6;10;1550;1;2;1;1;6;33;Boulevard Victor Hugo;M;4823223;470299;100
201400006781;14;8;22;2115;3;1;1;1;6;32;;M;4818366;471941;100
201400006782;14;10;14;1815;1;1;1;1;6;215;;M;4823531;451714;100
201400006783;14;1;26;1145;1;1;1;1;1;63;;M;0;0;100
201400006784;14;2;19;1600;1;1;1;1;6;193;;M;4842834;443067;100
201400006785;14;4;7;1815;1;2;3;1;1;175;RUE PRINCIPALE;M;4850500;438400;100
201400006786;14;6;18;700;1;1;1;1;7;64;;M;4841300;455900;100
201400006787;14;8;29;2315;3;1;1;1;7;123;;M;4835900;453400;100
201400006788;14;1;27;715;2;2;1;2;6;358;BOULEVARD DANIEL TRAINI;M;4817800;421300;100
201400006789;14;3;2;2000;5;2;1;1;6;34;rue du stade;M;4811953;437341;100
201400006790;14;6;3;2115;2;2;1;1;6;232;;M;4809613;438760;100
201400006791;14;6;27;300;3;1;1;1;6;437;;M;4814084;429766;100
201400006792;14;7;4;2345;3;1;1;2;6;34;;M;4813600;439200;100
201400006793;14;7;4;915;1;1;1;2;6;295;;M;4807371;438418;100
201400006794;14;7;6;900;1;1;1;8;7;288;;M;4798879;448462;100
201400006795;14;8;23;900;1;1;1;1;1;34;;M;4811735;436716;100
201400006796;14;9;18;300;3;1;1;2;7;141;;M;4806794;453018;100
201400006797;14;9;23;700;1;2;6;5;6;34;Route Départementale 443;M;4811671;438588;100
201400006798;14;10;18;1030;1;2;1;1;3;34;RD 671;M;4810800;437800;100
201400006799;14;10;19;630;3;2;1;1;6;232;;M;4810200;439000;100
201400006800;14;10;23;1915;5;1;1;2;7;97;;M;4812900;449100;100
201400006801;14;4;26;100;3;1;1;1;6;254;;M;4858174;352367;100
201400006802;14;5;15;900;1;1;1;1;7;367;;M;4853826;353347;100
201400006803;14;6;29;400;3;1;1;2;6;259;;M;4847511;347026;100
201400006804;14;8;3;1315;1;1;1;1;5;106;;M;4846330;342851;100
201400006805;14;9;27;2045;3;1;1;1;7;410;;M;4831172;367347;100
201400006806;14;10;13;1730;1;2;1;1;1;224;25 rue georges clemencea;M;4840403;373362;100
201400006807;14;11;26;2030;3;1;1;5;1;268;;M;4851355;348910;100
201400006808;14;6;16;750;1;1;1;1;5;334;;M;4849624;353452;100
201400006809;14;1;12;1345;1;2;4;1;3;114;rue soeur h?l?ne;M;4803528;492026;520
201400006810;14;3;16;1400;1;1;2;7;3;274;;M;4798104;489390;520
201400006811;14;5;25;400;3;1;1;1;6;421;;M;4816999;513933;520
201400006812;14;8;23;1200;1;1;2;1;3;272;;M;4802387;478268;520
201400006813;14;8;29;1730;1;1;1;1;7;114;;M;4802078;503088;520
201400006814;14;10;14;1630;1;2;1;1;6;114;27 rue du Collège;M;4802794;491538;520
201400006815;14;5;4;630;2;1;1;1;7;247;;M;4821440;554899;520
201400006816;14;10;20;800;1;1;1;1;6;61;;M;4813864;529222;520
201400006817;14;12;15;2000;3;1;1;2;6;8;;M;4825548;528262;520
201400006818;14;1;22;1845;3;1;3;5;1;248;;M;4801832;547806;520
201400006819;14;2;21;45;3;1;1;1;1;50;;M;4807605;531456;520
201400006820;14;3;9;1730;1;1;1;1;1;459;;M;4806039;531747;520
201400006821;14;5;25;1800;1;1;1;1;3;248;;M;4801710;547849;520
201400006822;14;6;15;1300;1;1;1;7;1;25;;M;4810620;551083;520
201400006823;14;2;16;1645;1;1;1;1;6;253;;M;4818053;498478;520
201400006824;14;3;9;1845;2;1;1;1;7;548;;M;4824063;511669;520
201400006825;14;7;3;2215;2;2;1;1;1;434;;M;4821345;514511;520
201400006826;14;11;21;1130;1;1;1;1;7;141;;M;4813873;513319;520
201400006827;14;12;11;1915;3;1;1;2;5;260;;M;4821184;512442;520
201400006828;14;1;1;1730;2;2;1;8;1;36;RUE SAINT MOILE;M;4782076;537612;520
201400006829;14;1;25;845;3;1;1;1;7;269;mis milieu;M;4785750;535958;520
201400006830;14;2;8;1900;3;2;1;2;6;269;Rue du 08 mai 1945/milie;M;4785960;533101;520
201400006831;14;3;18;1915;2;1;1;1;7;207;;M;4795563;546120;520
201400006832;14;4;2;1815;1;1;1;1;1;270;;M;4794737;533915;520
201400006833;14;4;20;830;1;1;1;1;6;307;;M;4791482;520498;520
201400006834;14;5;6;1700;1;1;1;1;7;37;;M;4791278;540168;520
201400006835;14;6;10;1445;1;1;1;1;1;269;;M;4783749;537262;520
201400006836;14;6;16;1530;1;1;1;1;4;453;;M;4784940;541684;520
201400006837;14;7;11;1215;1;1;1;8;1;115;;M;4785837;538955;520
201400006838;14;7;15;1530;1;1;1;1;5;380;;M;4788522;535576;520
201400006839;14;7;29;2000;1;2;1;2;6;348;rue de  l'est;M;4791672;544368;520
201400006840;14;8;19;1830;1;1;1;1;3;449;;M;4782998;533824;520
201400006841;14;9;7;530;3;1;1;1;7;106;;M;4791765;529020;520
201400006842;14;9;14;1915;1;2;1;1;6;269;Chemin cadastr? sans nom;M;4785177;533504;520
201400006843;14;11;13;1615;1;2;1;1;2;269;avenue de Neufch?teau;M;4787258;533191;520
201400006844;14;12;14;2000;3;2;1;5;7;42;CD 3;M;4790272;524602;520
201400006845;14;12;16;615;3;1;1;2;3;115;;M;4785685;537510;520
201400006846;14;12;18;1700;5;2;1;2;6;269;18 boulevard mar?chal de;M;4785956;533100;520
201400006847;14;12;20;600;5;2;1;2;6;269;299 rue des Auges;M;4785692;533586;520
201400006848;14;4;13;530;3;1;1;1;6;208;;M;4791845;583219;520
201400006849;14;11;1;1500;1;1;1;1;2;208;;M;4793031;583365;520
201400006850;14;1;25;1330;1;1;1;1;6;93;;M;4781909;540730;520
201400006851;14;2;2;530;5;1;1;1;7;119;;M;4781708;549355;520
201400006852;14;2;21;1815;3;1;1;1;3;257;mis 1er carrefour;M;4783363;569209;520
201400006853;14;7;25;1330;1;1;1;1;3;93;;M;4780345;539995;520
201400006854;14;9;26;1530;1;1;1;1;6;119;;M;4781478;550552;520
201400006855;14;1;28;700;3;1;1;5;1;62;;M;4780388;531785;520
201400006856;14;4;26;915;1;1;1;1;2;292;;M;4775595;530764;520
201400006857;14;6;24;1445;1;1;1;7;3;529;;M;4772866;530790;520
201400006858;14;1;12;930;1;2;1;9;7;265;RUE DE LA GARE;M;4855042;507457;520
201400006859;14;2;14;330;3;1;1;1;6;203;;M;4854801;509698;520
201400006860;14;3;8;615;2;1;1;1;1;265;;M;4854577;507354;520
201400006861;14;7;6;2030;1;1;1;8;6;182;;M;4853845;482193;520
201400006862;14;3;28;245;4;2;1;1;6;456;RD181;M;4839839;517874;520
201400006863;14;4;16;1730;1;2;9;1;6;250;Rue Diderot;M;4844055;513834;520
201400006864;14;6;6;1630;1;1;1;1;1;512;;M;4846208;512910;520
201400006865;14;6;7;1515;1;2;1;1;1;175;Route de doulaincourt;M;4836618;515488;520
201400006866;14;8;10;415;3;1;1;1;5;118;;M;4848747;511230;520
201400006867;14;8;13;1045;1;1;1;2;6;118;;M;4849238;512568;520
201400006868;14;10;26;200;3;1;1;1;3;212;;M;4841663;514979;520
201400006869;14;4;19;1700;1;1;1;1;7;550;;M;4850228;492757;520
201400006870;14;6;4;1745;1;2;2;1;3;550;Rue des Rempart;M;4850100;494998;520
201400006871;14;6;28;30;3;1;1;1;6;331;;M;4847871;478831;520
201400006872;14;8;6;1930;1;2;1;8;6;550;rue du 24 aout;M;4851262;491964;520
201400006873;14;9;29;1130;1;1;1;1;1;532;;M;4853992;498196;520
201400006874;14;12;21;1015;1;1;1;8;1;391;;M;4850927;479712;520
201400006875;14;8;28;1030;1;1;1;1;2;107;;M;4740800;511700;210
201400006876;14;9;20;2300;3;2;1;2;6;535;avenue de la gare;M;4737400;508100;210
201400006877;14;11;14;1430;1;1;1;2;1;555;;M;4740000;512800;210
201400006878;14;12;2;1915;3;1;3;1;1;535;;M;4736900;507400;210
201400006879;14;1;14;1600;1;2;1;8;3;38;Croix des Sarrazins;M;0;0;210
201400006880;14;4;5;1130;1;2;1;1;6;38;26 RUE JEAN VACHON;M;0;0;210
201400006881;14;5;10;1900;2;1;1;2;7;28;;M;4722700;537700;210
201400006882;14;5;23;2245;1;2;1;1;1;38;32 route de labergement;M;4718800;538700;210
201400006883;14;11;28;1630;1;2;1;1;6;38;36 grande rue;M;0;0;210
201400006884;14;1;10;1100;1;2;1;1;6;292;rue Pasteur;M;4724600;522700;210
201400006885;14;3;15;1200;1;2;1;1;6;353;ROUTE DE DIJON;M;0;0;210
201400006886;14;4;5;2030;2;1;1;1;7;5;;M;4716900;517100;210
201400006887;14;6;23;1145;1;1;1;1;3;5;;M;4717100;516800;210
201400006888;14;8;5;745;1;1;1;1;1;106;;M;4723500;512200;210
201400006889;14;12;13;2300;5;2;1;2;2;292;AVENUE GENERAL DE GAULLE;M;0;0;210
201400006890;14;3;28;1900;2;2;6;1;3;458;Route de Dijon;M;0;0;210
201400006891;14;8;15;1230;1;1;1;1;3;295;;M;4723400;497300;210
201400006892;14;8;30;1830;1;2;2;1;3;295;rue LAVAUX - Rue PUJOL;M;4723300;496700;210
201400006893;14;9;22;1700;1;1;3;1;3;585;;M;4720500;508200;210
201400006894;14;10;29;1330;1;1;1;1;3;295;;M;4722292;495081;210
201400006895;14;11;27;1830;5;2;1;1;6;263;RD 996;M;4723108;506247;210
201400006896;14;12;9;1545;1;2;3;1;3;585;;M;4722000;508900;210
201400006897;14;1;30;815;1;1;1;1;1;416;;M;4738600;529400;210
201400006898;14;3;16;1415;1;1;1;1;1;467;;M;4740900;534700;210
201400006899;14;9;26;1345;1;2;1;1;1;369;9 route de Dijon;M;4738400;524700;210
201400006900;14;12;23;2345;3;1;1;5;7;482;;M;4729600;547500;210
201400006901;14;1;18;1400;1;1;1;1;7;317;;M;0;0;210
201400006902;14;3;14;1515;1;1;2;1;3;211;;M;0;0;210
201400006903;14;4;19;1800;1;2;1;1;6;317;Rue Fran?ois Miterrand;M;0;0;210