num_acc;an;mois;jour;hrmn;lum;agg;int;atm;col;com;adr;gps;lat;long;dep
201400006904;14;5;26;2200;3;1;1;1;6;599;;M;0;0;210
201400006905;14;5;28;1930;1;1;1;1;6;579;;M;0;0;210
201400006906;14;6;19;1515;1;1;1;7;1;391;;M;0;0;210
201400006907;14;6;28;1100;1;1;1;1;7;579;;M;4760000;487800;210
201400006908;14;8;28;2130;3;1;1;2;7;620;;M;0;0;210
201400006909;14;8;30;1230;1;2;1;1;3;383;avenue de la gare;M;0;0;210
201400006910;14;10;8;1300;1;1;1;1;7;317;;M;0;0;210
201400006911;14;11;29;1700;2;2;1;1;3;317;rue Francois Mitterand;M;4752581;511322;210
201400006912;14;12;11;1015;1;1;9;1;7;385;;M;0;0;210
201400006913;14;1;9;1430;1;2;2;1;3;534;rue des viaux;M;0;0;210
201400006914;14;1;24;1745;1;1;1;1;5;397;;M;4707000;476400;210
201400006915;14;2;7;1130;1;2;1;8;6;582;route de saint jean;M;0;0;210
201400006916;14;3;14;2145;3;1;1;1;1;527;;M;4694800;467000;210
201400006917;14;3;22;1130;1;1;1;8;3;527;;M;4695400;467300;210
201400006918;14;4;16;1545;1;1;1;1;6;712;;M;4700700;479000;210
201400006919;14;5;23;1645;1;1;1;1;3;534;;M;4701500;493400;210
201400006920;14;5;31;1345;1;2;3;1;3;412;rue de la gare;M;0;0;210
201400006921;14;6;23;1330;1;1;1;1;3;616;;M;4697100;480800;210
201400006922;14;7;16;1515;1;2;1;1;6;606;ROUTE DE DIJON;M;4707100;489300;210
201400006923;14;7;16;1815;1;1;1;1;3;590;;M;4706100;484000;210
201400006924;14;9;4;1730;1;1;1;1;7;99;;M;4705300;477600;210
201400006925;14;9;4;1900;1;1;2;1;3;616;;M;4697400;481800;210
201400006926;14;9;12;1915;1;1;1;1;1;636;;M;4702700;455400;210
201400006927;14;9;18;945;1;2;2;1;1;606;RD974;M;4708300;489000;210
201400006928;14;9;18;1515;1;1;1;1;3;541;;M;4695700;472000;210
201400006929;14;10;20;15;3;1;1;1;3;318;;M;4703100;464500;210
201400006930;14;10;20;730;2;1;1;5;1;684;;M;0;0;210
201400006931;14;10;27;2130;5;2;1;1;6;412;RD 974;M;4695800;476600;210
201400006932;14;11;2;1;3;1;1;5;1;636;;M;4702500;451900;210
201400006933;14;11;9;100;3;1;1;1;6;712;;M;4700200;479600;210
201400006934;14;1;13;800;2;1;1;2;1;128;;M;4727800;449100;210
201400006935;14;5;24;900;1;1;1;1;6;244;;M;4730200;451400;210
201400006936;14;2;10;700;3;1;1;3;3;564;;M;4712200;506200;210
201400006937;14;2;20;745;1;2;1;1;3;464;route de dijon;M;0;0;210
201400006938;14;2;26;1200;1;1;1;8;1;186;;M;4711500;488700;210
201400006939;14;3;12;745;1;1;2;7;3;517;;M;4712000;497600;210
201400006940;14;11;16;1530;1;1;1;2;1;384;;M;0;0;210
201400006941;14;11;23;30;3;1;1;5;6;407;;M;4716000;488300;210
201400006942;14;8;19;2000;1;2;1;1;1;131;1 route de seurre;M;0;0;210
201400006943;14;2;20;1800;1;1;1;1;6;378;;M;0;0;210
201400006944;14;5;5;1500;1;1;1;1;3;511;;M;4773900;447300;210
201400006945;14;8;14;15;3;1;1;1;7;104;;M;0;0;210
201400006946;14;10;25;1530;1;1;1;1;6;336;;M;0;0;210
201400006947;14;4;16;815;1;1;2;1;3;415;;M;4767500;484900;210
201400006948;14;1;20;1800;3;1;1;2;5;641;;M;0;0;210
201400006949;14;9;30;2200;3;1;1;1;6;247;;M;0;0;210
201400006950;14;9;27;1515;1;1;1;1;7;537;;M;4737900;456300;210
201400006951;14;4;3;1045;1;1;3;8;3;584;;M;4728500;419200;210
201400006952;14;6;8;515;2;1;1;1;6;434;;M;4736300;428500;210
201400006953;14;6;30;845;1;2;1;7;1;232;;M;4740400;423200;210
201400006954;14;7;27;600;2;2;1;1;6;675;;M;4716500;432800;210
201400006955;14;8;23;1545;1;1;1;1;3;629;;M;4726300;429700;210
201400006956;14;9;1;830;1;1;1;1;1;177;;M;4741400;444900;210
201400006957;14;9;6;1100;1;1;1;1;6;101;;M;4741700;441400;210
201400006958;14;1;17;1630;1;1;1;7;1;238;;M;4729100;469500;210
201400006959;14;5;23;1900;1;1;1;8;6;310;;M;4736100;457200;210
201400006960;14;1;17;1330;1;1;1;1;1;55;;M;0;0;580
201400006961;14;2;7;1945;3;1;1;1;3;245;;M;0;0;580
201400006962;14;4;17;1600;1;2;4;1;1;95;rue du mar?chal foch;M;0;0;580
201400006963;14;5;16;815;1;1;1;1;2;95;;M;0;0;580
201400006964;14;7;5;45;3;2;1;1;7;291;rd 194;M;0;0;580
201400006965;14;7;24;800;1;1;1;1;1;241;;M;0;0;580
201400006966;14;8;9;1100;1;2;1;1;6;95;78 route de Moulins;M;0;0;580
201400006967;14;8;22;645;1;1;1;1;6;55;;M;0;0;580
201400006968;14;9;22;1145;1;1;1;1;6;151;;M;0;0;580
201400006969;14;10;20;1600;1;1;1;1;6;241;;M;0;0;580
201400006970;14;10;28;1615;1;1;1;1;6;118;;M;0;0;580
201400006971;14;11;10;1100;1;2;1;1;6;95;Pont de la vieille Loire;M;0;0;580
201400006972;14;12;13;1145;1;2;1;1;3;95;charrin: route de geneve;M;0;0;580
201400006973;14;2;8;1500;1;2;1;8;2;117;ROUTE DE NEVERS;M;0;0;580
201400006974;14;3;18;1630;1;2;6;1;6;117;rue chayet;M;0;0;580
201400006975;14;4;10;745;1;1;1;7;3;117;;M;0;0;580
201400006976;14;5;22;1900;1;2;1;1;3;117;rue maurice thorez;M;0;0;580
201400006977;14;5;30;830;1;1;1;1;1;117;;M;0;0;580
201400006978;14;11;18;1030;2;2;1;8;1;51;;M;0;0;580
201400006979;14;3;8;1530;1;1;1;1;7;119;;M;0;0;580
201400006980;14;7;17;1100;1;1;1;1;1;273;;M;0;0;580
201400006981;14;9;19;1430;1;1;1;2;6;72;;M;0;0;580
201400006982;14;2;1;2030;3;1;1;2;4;264;;M;4676700;313900;580
201400006983;14;2;7;1515;1;1;1;1;3;293;;M;4671900;340100;580
201400006984;14;4;10;730;2;1;1;1;2;260;;M;0;0;580
201400006985;14;4;10;830;2;1;1;1;3;152;;M;0;0;580
201400006986;14;4;24;1930;1;1;1;1;6;260;;M;0;0;580
201400006987;14;4;27;2030;2;1;1;8;6;104;;M;0;0;580
201400006988;14;6;4;1500;1;1;1;1;1;264;;M;0;0;580
201400006989;14;6;12;1300;1;1;1;1;3;293;;M;0;0;580
201400006990;14;7;2;1300;1;1;1;1;2;144;;M;0;0;580
201400006991;14;8;29;2330;3;1;1;1;1;260;;M;0;0;580
201400006992;14;9;7;415;3;1;1;1;7;260;;M;0;0;580
201400006993;14;2;22;2000;3;1;1;2;7;285;;M;0;0;580
201400006994;14;2;27;1030;1;1;1;2;3;267;;M;0;0;580
201400006995;14;8;9;800;1;1;1;1;6;233;;M;0;0;580
201400006996;14;8;29;1600;1;1;1;1;6;171;;M;0;0;580
201400006997;14;9;6;1000;1;1;1;1;7;107;;M;0;0;580
201400006998;14;9;20;2245;3;1;1;1;7;92;;M;0;0;580
201400006999;14;10;31;1130;1;1;1;1;6;92;;M;0;0;580
201400007000;14;11;21;1330;1;1;1;1;6;70;;M;0;0;580
201400007001;14;6;7;1000;1;1;1;1;7;276;;M;0;0;580
201400007002;14;3;15;1415;1;1;1;1;3;165;;M;0;0;580
201400007003;14;1;23;1515;1;2;1;8;6;83;Avenue SAINT JEAN;M;0;0;580
201400007004;14;5;3;1230;1;1;1;1;7;305;;M;0;0;580
201400007005;14;5;18;1030;1;1;1;1;7;145;;M;0;0;580
201400007006;14;5;18;1745;1;2;1;1;7;75;route de Nevers;M;0;0;580
201400007007;14;8;20;1515;1;1;2;1;1;83;;M;0;0;580
201400007008;14;9;6;1645;1;1;1;1;6;106;;M;0;0;580
201400007009;14;11;8;1815;3;1;1;8;7;47;;M;4720400;373600;580
201400007010;14;11;30;1030;1;1;1;1;6;47;;M;0;0;580
201400007011;14;1;1;1600;1;1;1;1;6;7;;M;0;0;580
201400007012;14;6;15;1930;1;2;1;1;6;86;ROUTE DE VILLEPREVOIR;M;0;0;580
201400007013;14;6;17;2130;2;1;1;1;6;86;;M;0;0;580
201400007014;14;8;22;2245;3;1;1;1;7;86;;M;0;0;580
201400007015;14;11;22;1600;1;2;1;1;6;86;45 marechal le clerc;M;0;0;580
201400007016;14;12;10;1815;3;1;1;9;5;86;;M;0;0;580
201400007017;14;12;9;1715;3;1;1;1;6;77;;M;0;0;580
201400007018;14;1;2;1845;5;2;3;1;3;59;Quai Mar?chal Foch;M;0;0;580
201400007019;14;1;6;1800;3;1;1;8;6;215;;M;0;0;580
201400007020;14;5;1;1915;1;1;1;1;6;215;;M;0;0;580
201400007021;14;6;30;1000;1;1;1;1;1;302;;M;0;0;580
201400007022;14;7;2;45;3;2;1;1;6;164;rue basse;M;0;0;580
201400007023;14;7;20;1215;1;1;1;1;6;302;;M;0;0;580
201400007024;14;11;16;1400;1;1;1;2;1;127;;M;4736700;359300;580
201400007025;14;2;7;1915;3;1;1;1;3;99;;M;4636730;483465;710
201400007026;14;2;11;1330;1;1;1;1;2;513;;M;4639152;487374;710
201400007027;14;2;11;1230;1;1;1;1;6;513;;M;4639110;487359;710
201400007028;14;2;25;1700;1;1;6;2;3;235;;M;4635558;479471;710
201400007029;14;3;13;1145;1;1;1;1;5;583;;M;0;0;710
201400007030;14;3;13;2215;3;1;1;1;6;574;lapalue;M;4636023;472907;710
201400007031;14;4;9;1700;1;1;1;1;2;169;;M;0;0;710
201400007032;14;4;28;215;3;1;1;2;7;513;;M;0;0;710
201400007033;14;4;29;1645;1;1;1;1;3;371;la grande burette;M;4635096;476899;710
201400007034;14;6;1;300;3;1;1;1;6;525;;M;0;0;710
201400007035;14;6;6;515;5;1;1;1;1;448;;M;4637059;485720;710
201400007036;14;9;25;1045;1;1;1;8;4;371;;M;0;0;710
201400007037;14;9;14;2215;3;1;9;1;1;150;;M;0;0;710
201400007038;14;10;10;1745;1;1;1;3;6;385;;M;0;0;710
201400007039;14;10;25;2215;4;2;1;1;1;90;Route de Julienas;M;0;0;710
201400007040;14;11;2;1330;1;1;1;1;2;481;;M;0;0;710
201400007041;14;2;27;1430;1;1;1;2;1;289;;M;0;0;710
201400007042;14;3;2;1315;1;1;1;1;6;397;;M;4639241;464139;710
201400007043;14;4;21;1515;1;1;1;1;5;397;;M;4638696;462104;710
201400007044;14;5;13;715;1;1;1;2;1;545;;M;0;0;710
201400007045;14;6;6;1230;1;1;1;1;3;137;;M;0;0;710
201400007046;14;8;31;1430;1;1;1;1;1;545;;M;0;0;710
201400007047;14;9;21;1230;1;1;1;1;1;55;;M;0;0;710
201400007048;14;10;18;1700;1;1;1;1;7;240;;M;4641874;463810;710
201400007049;14;7;24;945;1;2;9;1;6;543;avenue de la resistance;M;4656509;490455;710
201400007050;14;1;18;1345;1;2;1;1;3;14;rue Nicephore Niepce;M;4697233;430429;710
201400007051;14;2;12;730;2;1;1;9;7;10;;M;0;0;710
201400007052;14;3;9;1600;1;1;1;1;7;14;les renaudiots;M;0;0;710
201400007053;14;4;6;2115;3;1;1;1;6;14;;M;4695866;427107;710
201400007054;14;4;8;1245;1;1;1;1;6;15;;M;4694816;442207;710
201400007055;14;4;16;1600;1;2;1;1;6;14;rue henri dunant;M;4695492;430453;710
201400007056;14;5;22;845;1;2;1;1;6;14;9 rue de Parpas;M;4695158;429129;710
201400007057;14;6;25;1600;1;1;1;1;1;162;;M;0;0;710
201400007058;14;8;30;1700;1;1;1;1;5;368;;M;0;0;710
201400007059;14;9;28;1115;1;2;1;1;6;14;boulevard mazagran;M;4695403;430207;710
201400007060;14;10;24;1445;1;2;1;1;1;14;19 rue saint antoine;M;4694766;430162;710
201400007061;14;11;27;745;2;2;1;2;6;14;Avenue de La Republique;M;4695448;429321;710
201400007062;14;4;16;1730;1;1;1;1;7;223;;M;0;0;710
201400007063;14;9;7;1400;1;1;1;1;1;223;;M;0;0;710
201400007064;14;10;18;1130;1;1;1;1;7;407;;M;0;0;710
201400007065;14;11;6;715;3;1;1;5;1;251;;M;0;0;710
201400007066;14;6;17;1130;1;1;1;1;3;442;;M;0;0;710
201400007067;14;11;16;45;3;1;1;8;7;378;;M;0;0;710
201400007068;14;7;4;1745;1;1;1;2;6;102;;M;4673828;479586;710
201400007069;14;8;27;1730;1;2;1;1;3;216;le bourg;M;4667156;460262;710
201400007070;14;12;8;2345;5;2;1;1;6;269;ROUTE DE LYON;M;0;0;710
201400007071;14;2;3;545;3;2;1;1;1;3;route de Beaune;M;0;0;710
201400007072;14;4;7;915;1;1;1;1;2;398;;M;0;0;710
201400007073;14;5;5;1845;1;1;1;1;7;336;;M;0;0;710
201400007074;14;6;22;2145;3;1;1;1;6;138;;M;0;0;710
201400007075;14;6;28;1315;1;1;1;1;1;336;;M;0;0;710
201400007076;14;7;23;1015;1;2;1;1;1;456;17 rue de la republique;M;0;0;710
201400007077;14;10;2;1345;1;2;1;1;3;4;CHEMIN  DE LA POUDRIERE;M;4681525;494181;710
201400007078;14;11;5;815;1;2;1;8;4;420;78 route de louhans;M;4670474;502712;710
201400007079;14;12;23;2330;4;1;1;5;7;420;;M;4668097;495488;710
201400007080;14;3;13;1645;1;2;1;7;6;402;route de Chazaut;M;4667777;489141;710
201400007081;14;4;18;1745;1;2;1;1;2;283;RD6;M;4670260;491782;710
201400007082;14;6;7;2345;5;2;1;1;6;512;9 avenue du 4 septembre;M;4663890;486919;710
201400007083;14;6;14;330;3;2;1;1;6;444;RD906;M;0;0;710
201400007084;14;7;23;1715;1;1;1;1;2;512;;M;0;0;710
201400007085;14;11;21;1800;5;2;1;1;1;512;15 rue des muriers;M;4664110;486147;710
201400007086;14;4;15;1400;1;1;1;1;1;571;;M;0;0;710
201400007087;14;8;11;945;1;1;1;1;7;564;;M;0;0;710
201400007088;14;4;16;815;1;2;1;7;6;120;33 Rue du 08 mai 1945;M;4620814;433427;710
201400007089;14;6;14;815;1;2;1;7;6;120;33 rue du 08 mai 1945;M;4620813;433434;710
201400007090;14;2;4;2100;5;2;7;1;3;176;;M;4648442;398755;710
201400007091;14;2;19;1445;1;2;1;1;6;176;70 avenue DE GAULLE;M;4648425;398739;710
201400007092;14;3;21;1630;1;1;1;1;6;325;la varenne;M;4649360;394239;710
201400007093;14;3;21;2200;5;2;2;8;3;176;Avenue des Platanes;M;4648346;398402;710
201400007094;14;6;16;1415;1;1;1;7;7;229;;M;0;0;710
201400007095;14;6;24;1445;1;1;1;1;3;176;;M;0;0;710
201400007096;14;6;30;1445;1;2;1;1;6;176;place Hotel de ville;M;4648191;397763;710
201400007097;14;8;22;945;1;2;1;1;1;325;le chateau;M;0;0;710
201400007098;14;11;16;1730;1;1;1;1;6;176;;M;0;0;710
201400007099;14;12;16;2330;5;2;1;1;6;176;route de roanne;M;0;0;710
201400007100;14;4;6;1530;1;1;1;7;1;259;;M;4624096;421118;710
201400007101;14;6;16;1415;1;1;1;1;6;510;;M;0;0;710
201400007102;14;7;28;915;1;1;1;2;1;453;;M;0;0;710
201400007103;14;8;9;915;1;1;9;2;1;291;LAPILLONNE;M;4618588;404938;710
201400007104;14;11;2;1500;1;1;1;1;6;259;;M;0;0;710
201400007105;14;12;21;1100;1;1;1;1;6;337;;M;0;0;710
201400007106;14;2;14;1900;3;1;1;1;6;491;;M;4641833;404302;710
201400007107;14;6;5;1345;1;1;1;1;2;342;;M;0;0;710
201400007108;14;7;1;1515;1;1;1;1;6;588;le cuveau;M;4646089;403234;710
201400007109;14;9;27;1115;1;1;1;1;3;342;;M;0;0;710
201400007110;14;10;30;915;3;1;1;5;1;590;;M;0;0;710
201400007111;14;12;20;1700;5;2;1;1;6;342;zac du champ bossu;M;4646788;411896;710
201400007112;14;1;8;2230;5;2;2;1;1;47;route du fourneau;M;4663003;372982;710
201400007113;14;2;3;1430;1;1;3;1;3;317;;M;4672473;408283;710
201400007114;14;3;11;1615;1;2;1;1;1;155;route de Bourbon Lancy;M;0;0;710
201400007115;14;9;3;1445;1;2;1;1;6;47;Avenue Ferdinand Sarrien;M;0;0;710
201400007116;14;9;24;1630;1;2;6;1;1;47;rond-point Les Alouettes;M;0;0;710
201400007117;14;10;20;1345;1;2;1;1;2;47;le fourneau;M;4663002;372975;710
201400007118;14;11;26;1815;3;1;1;2;6;155;;M;0;0;710
201400007119;14;1;10;1515;1;1;1;1;1;490;;M;4651531;416294;710
201400007120;14;3;17;1945;1;2;1;7;6;230;29 RUE DE  LIBERTE;M;4660059;406145;710
201400007121;14;3;19;1700;1;2;1;1;6;340;Rue Saint Thibault;M;4654991;421861;710
201400007122;14;3;22;1030;1;1;1;1;3;340;;M;0;0;710
201400007123;14;8;7;1645;1;1;1;1;6;565;;M;0;0;710
201400007124;14;8;28;1230;1;1;9;1;3;212;;M;0;0;710
201400007125;14;9;12;1745;1;1;1;1;5;330;;M;0;0;710
201400007126;14;10;24;1745;2;1;1;1;6;490;;M;0;0;710
201400007127;14;11;21;430;3;1;1;5;6;334;;M;0;0;710
201400007128;14;12;2;330;3;1;1;2;1;340;;M;0;0;710
201400007129;14;6;27;1600;1;1;1;1;7;379;;M;0;0;710
201400007130;14;6;27;1430;1;1;1;1;7;484;;M;0;0;710
201400007131;14;4;21;1030;1;1;1;1;1;319;;M;0;0;710
201400007132;14;5;10;1515;1;1;1;1;6;319;;M;0;0;710
201400007133;14;7;5;1800;1;1;1;1;6;61;;M;0;0;710
201400007134;14;7;17;1400;1;1;1;1;5;244;;M;0;0;710
201400007135;14;10;16;745;2;1;1;3;2;318;;M;0;0;710
201400007136;14;7;27;1130;1;1;3;1;1;45;;M;4678495;529007;710
201400007137;14;10;11;830;1;1;1;2;6;295;;M;0;0;710
201400007138;14;11;9;1230;1;1;1;2;1;419;;M;0;0;710
201400007139;14;8;23;1915;1;1;1;2;1;436;;M;4673012;451859;710
201400007140;14;9;1;1330;1;2;7;1;3;282;25 route du bourg;M;0;0;710
201400007141;14;6;9;1645;1;1;1;1;3;286;;M;0;0;710
201400007142;14;2;18;2145;3;1;1;1;2;213;;M;4789701;338981;890
201400007143;14;3;27;2015;3;1;1;1;3;484;;M;4791121;331823;890
201400007144;14;4;26;30;3;1;1;1;1;484;;M;4791118;332846;890
201400007145;14;5;26;1545;1;1;1;3;6;438;;M;4779234;366749;890
201400007146;14;6;10;1900;1;1;1;1;2;263;;M;4785629;358136;890
201400007147;14;7;5;445;3;1;1;1;2;198;;M;4785560;355785;890
201400007148;14;8;12;1445;1;1;1;1;2;13;;M;4786641;349555;890
201400007149;14;8;21;315;3;1;1;1;2;366;;M;4792577;327578;890
201400007150;14;8;30;1545;1;1;1;1;6;384;;M;4790235;334975;890
201400007151;14;11;21;2145;3;1;1;1;6;37;;M;4791847;328696;890
201400007152;14;2;19;1445;1;1;1;1;2;255;;M;4831160;324336;890
201400007153;14;4;4;1600;1;1;1;1;6;171;;M;4824381;349425;890
201400007154;14;4;12;515;3;1;1;1;6;261;;M;4824725;354149;890
201400007155;14;5;10;430;3;1;1;1;2;124;;M;4835712;316687;890
201400007156;14;2;7;745;1;1;1;1;4;77;;M;4775130;360532;890
201400007157;14;2;10;1940;5;2;3;8;3;13;Route d'Auxerre;M;4786741;353666;890
201400007158;14;2;14;2215;3;2;1;9;7;102;;M;0;0;890
201400007159;14;2;22;500;2;1;3;1;1;438;;M;4779589;365494;890
201400007160;14;3;30;420;5;2;1;1;6;427;RN151;M;0;0;890
201400007161;14;4;8;900;1;1;2;1;3;438;;M;4779398;365101;890
201400007162;14;5;4;1500;1;1;1;1;6;438;;M;4779970;365988;890
201400007163;14;8;23;1100;1;1;1;8;6;83;;M;4784462;349046;890
201400007164;14;11;21;30;3;1;1;1;1;438;;M;4780887;360734;890
201400007165;14;12;16;1745;3;1;1;2;6;295;;M;0;0;890
201400007166;14;1;8;1000;1;1;1;1;6;118;;M;4769797;357211;890
201400007167;14;2;2;900;1;1;1;1;7;199;;M;4772974;354477;890
201400007168;14;4;2;2145;3;1;1;1;6;253;;M;4756082;359841;890
201400007169;14;11;16;1715;2;1;1;3;6;119;;M;4756144;352834;890
201400007170;14;1;2;1415;1;2;1;1;6;169;Avenue de la Gare;M;4794819;387179;890
201400007171;14;1;19;2015;3;1;1;1;2;61;;M;4797539;380208;890
201400007172;14;1;21;815;2;1;1;1;6;439;;M;4793265;372180;890
201400007173;14;2;10;1700;1;2;1;2;6;345;24avenue g?n?ral leclerc;M;4800054;372742;890
201400007174;14;4;19;1915;1;2;1;1;3;439;route de la gare;M;4797622;372399;890
201400007175;14;8;3;1845;1;1;1;1;7;69;;M;4810756;367142;890
201400007176;14;8;5;1345;1;2;3;1;3;205;Intersection RD43/RD124;M;4796296;379244;890
201400007177;14;8;6;1000;1;1;1;1;3;276;;M;4802368;376438;890
201400007178;14;8;11;1115;1;2;1;1;3;345;avenue de l'Europe;M;4799968;372068;890
201400007179;14;8;23;1115;1;2;1;8;3;345;rue du faubourg du pont;M;4799701;374054;890
201400007180;14;10;18;1130;1;2;2;1;1;276;Rue du Four;M;4804500;379700;890
201400007181;14;10;26;1330;1;2;1;1;6;474;rue du marbrier;M;4794800;383600;890
201400007182;14;12;6;1230;1;1;2;2;3;76;;M;4801047;367605;890
201400007183;14;12;14;730;5;2;1;3;3;345;avenue du 08 mai 1945;M;4800093;372279;890
201400007184;14;3;20;900;1;1;1;1;1;198;;M;4786440;357900;890
201400007185;14;4;21;1745;1;1;2;1;3;307;;M;4792016;371341;890
201400007186;14;5;18;1000;1;1;1;1;3;227;;M;0;0;890
201400007187;14;5;24;330;3;1;1;1;6;104;;M;4775355;382199;890
201400007188;14;7;6;945;1;1;3;1;1;242;;M;4786233;376803;890
201400007189;14;7;21;1500;1;1;2;1;3;307;;M;4792027;371322;890
201400007190;14;8;30;1330;1;1;1;1;5;341;;M;4772426;375154;890
201400007191;14;12;2;1800;5;2;1;2;6;263;07, route d'Auxerre;M;4784891;357873;890
201400007192;14;1;17;1945;3;2;1;1;2;419;CD 965;M;4773233;330155;890
201400007193;14;5;25;1915;1;1;1;1;6;286;;M;4773850;334532;890
201400007194;14;6;9;1500;1;1;2;1;3;73;;M;4779082;310861;890
201400007195;14;6;25;1745;1;2;1;1;1;147;grande rue - CD 950;M;0;0;890
201400007196;14;7;26;1545;1;1;1;1;6;173;;M;4767976;324997;890
201400007197;14;7;27;1115;1;1;1;1;7;462;;M;0;0;890
201400007198;14;8;23;1615;1;1;1;1;6;419;;M;4770697;330857;890
201400007199;14;10;5;530;3;1;1;3;6;368;;M;4760006;321991;890
201400007200;14;12;11;945;1;1;1;2;6;254;;M;4770692;318479;890
201400007201;14;12;23;1845;3;1;1;1;1;273;;M;4761242;316299;890
201400007202;14;1;21;745;3;1;1;1;2;235;;M;4750226;398423;890
201400007203;14;3;5;1430;1;1;1;1;2;306;;M;4750192;388602;890
201400007204;14;5;26;845;1;2;1;8;6;25;d957;M;0;0;890
201400007205;14;6;14;2045;1;2;1;7;3;25;route de Paris;M;4749949;390252;890
201400007206;14;6;23;1815;1;1;1;2;6;347;;M;4743966;389985;890
201400007207;14;8;28;1015;1;1;1;1;3;25;;M;4749677;395398;890
201400007208;14;9;12;1700;1;1;1;1;7;446;;M;4745109;368834;890
201400007209;14;9;14;800;1;2;1;1;6;159;rue du chateau;M;4752007;392059;890
201400007210;14;10;1;815;2;1;1;5;6;297;;M;4741679;378077;890
201400007211;14;10;5;1445;1;1;1;2;7;145;;M;4742536;383286;890
201400007212;14;1;6;900;1;2;9;1;3;10;18 route de NOYERS;M;4772176;396539;890
201400007213;14;3;9;1830;1;1;2;1;3;230;;M;4798308;344644;890
201400007214;14;7;27;1430;1;1;1;1;6;468;;M;0;0;890
201400007215;14;12;2;1700;3;1;1;2;3;230;;M;4798320;344631;890
201400007216;14;1;10;1515;1;1;1;7;5;294;;M;4785966;314828;890
201400007217;14;6;1;1630;1;1;1;1;3;454;;M;4793343;312977;890
201400007218;14;2;23;200;3;2;1;1;6;85;RD 606;M;4794500;349200;890
201400007219;14;3;14;1645;1;1;1;1;3;59;;M;4802295;351789;890
201400007220;14;5;17;1745;1;2;1;1;1;257;;M;4796800;351900;890
201400007221;14;7;26;2000;1;2;1;1;3;257;rue Gabriel Cordier;M;4796100;352634;890
201400007222;14;8;2;1515;1;1;1;1;6;56;;M;4798616;351170;890
201400007223;14;8;24;1845;1;2;1;1;3;152;Route de Sens;M;0;0;890
201400007224;14;2;3;1830;3;1;1;1;7;239;;M;4818142;333805;890
201400007225;14;8;6;1200;1;1;1;2;3;240;;M;4817743;336157;890
201400007226;14;8;25;1845;1;1;1;1;3;195;;M;4815379;327038;890
201400007227;14;9;16;1745;1;2;1;1;3;239;Axe D660;M;4818770;331942;890
201400007228;14;9;27;1845;1;2;9;1;1;373;rue de Quenevelle;M;4821257;335713;890
201400007229;14;10;23;2115;3;1;1;1;2;160;;M;4814667;328162;890
201400007230;14;3;31;2045;3;1;2;1;3;255;;M;4831341;323737;890
201400007231;14;4;10;1400;1;2;1;1;3;309;rue Paul Rouif;M;4828361;320201;890
201400007232;14;5;31;2000;1;1;1;1;3;391;;M;4832663;324763;890
201400007233;14;1;1;515;3;1;2;8;3;450;;M;4822466;315641;890
201400007234;14;1;4;1815;3;1;1;2;2;36;;M;4815765;309756;890
201400007235;14;1;10;1630;1;1;1;1;3;100;;M;4819912;301591;890
201400007236;14;1;26;1915;3;1;2;2;1;450;;M;4822460;315639;890
201400007237;14;2;18;1800;2;1;1;1;2;467;;M;4825400;305743;890
201400007238;14;4;24;315;3;1;1;1;6;428;La Grande Justice;M;4822673;303274;890
201400007239;14;10;28;1030;1;1;1;1;7;404;;M;4816819;320687;890
201400007240;14;11;8;845;1;1;2;8;3;442;;M;4808064;311656;890
201400007241;14;11;24;1000;1;1;1;1;3;126;;M;4812232;310322;890
201400007242;14;2;21;1130;1;1;1;1;6;313;;M;4798428;320620;890
201400007243;14;2;23;600;3;1;1;1;6;298;;M;0;0;890
201400007244;14;2;26;2200;5;2;1;8;1;51;Rue de DIXMONT;M;4809646;338087;890
201400007245;14;3;17;1730;1;2;1;1;6;464;72 rue Thenard;M;4807901;325381;890
201400007246;14;3;18;1045;1;2;1;1;3;464;rue carnot Porte de SENS;M;4808523;329514;890
201400007247;14;4;19;1815;1;2;1;8;6;63;08 rue de La Julienne;M;4796949;329602;890
201400007248;14;6;2;1145;1;2;1;1;6;348;23 rue des huguenots;M;4803017;329696;890
201400007249;14;6;27;815;1;1;6;1;7;388;;M;4793820;324272;890