num_acc;an;mois;jour;hrmn;lum;agg;int;atm;col;com;adr;gps;lat;long;dep
201400007250;14;7;20;1000;1;1;1;1;7;464;;M;4807317;329370;890
201400007251;14;7;27;1800;1;2;1;1;6;348;;M;0;0;890
201400007252;14;10;2;1945;5;2;1;1;2;348;;M;0;0;890
201400007253;14;4;21;930;1;2;1;2;6;407;rue des vaux clos;M;4784645;408469;890
201400007254;14;6;13;1930;1;2;1;1;6;112;2 rue de Fleys;M;4784013;387536;890
201400007255;14;6;30;600;2;1;1;5;6;299;;M;4784300;417432;890
201400007256;14;8;17;1945;1;1;1;1;7;418;;M;4782730;398919;890
201400007257;14;11;3;715;2;1;1;2;2;168;;M;4781321;388560;890
201400007258;14;11;5;1730;2;1;1;1;6;87;;M;4775358;419579;890
201400007259;14;1;3;1945;5;2;1;2;5;112;Rue de belfort;M;0;0;250
201400007260;14;4;19;145;3;1;1;1;6;395;;M;0;0;250
201400007261;14;4;23;130;3;1;1;1;6;328;;M;0;0;250
201400007262;14;4;24;1545;1;1;1;1;7;328;;M;4720500;602000;250
201400007263;14;5;1;2200;3;1;1;2;1;410;;M;0;0;250
201400007264;14;5;29;1645;1;1;1;1;2;112;;M;0;0;250
201400007265;14;7;17;1730;1;1;1;1;1;112;;M;4726800;605900;250
201400007266;14;8;17;1130;1;2;3;1;3;58;Route de Lyon;M;4721258;600213;250
201400007267;14;9;27;1515;1;1;1;1;5;58;;M;4720800;599800;250
201400007268;14;12;1;1530;1;2;1;1;1;112;;M;0;0;250
201400007269;14;2;20;815;1;1;1;5;1;155;;M;0;0;250
201400007270;14;10;8;1445;1;1;1;1;6;537;;M;0;0;250
201400007271;14;1;10;1715;5;2;6;1;3;527;1 rue de Besan?on;M;4718700;581400;250
201400007272;14;1;18;1545;1;1;1;1;6;105;;M;0;0;250
201400007273;14;3;23;1915;3;2;1;1;7;21;rue de la grande vye;M;4703800;576600;250
201400007274;14;4;4;1345;1;2;3;1;3;21;rue de la fromagerie;M;4703793;578507;250
201400007275;14;6;2;2115;2;2;1;1;1;21;Grande rue;M;0;0;250
201400007276;14;6;22;1030;1;1;1;1;6;406;;M;4716000;603100;250
201400007277;14;7;17;2130;2;1;1;1;7;147;;M;4721600;591000;250
201400007278;14;8;4;1130;1;1;1;1;3;147;;M;4723100;588900;250
201400007279;14;9;3;1615;1;1;1;1;1;594;;M;4719200;588700;250
201400007280;14;9;5;1845;1;2;1;1;1;477;rue de lavaux;M;4719200;595000;250
201400007281;14;9;24;730;1;1;1;1;5;527;;M;4719100;582600;250
201400007282;14;9;29;1600;1;1;1;1;1;502;;M;4716800;582500;250
201400007283;14;12;2;1700;2;1;1;1;7;561;;M;4717800;593900;250
201400007284;14;4;22;2345;5;1;1;1;6;97;;M;0;0;250
201400007285;14;5;24;1730;1;2;1;1;7;284;Rue des Pres;M;4751330;682681;250
201400007286;14;6;5;1730;1;2;1;1;1;428;Grande Rue;M;0;0;250
201400007287;14;6;21;1415;1;2;6;1;1;284;Rond point Lut?ce;M;4753700;682400;250
201400007288;14;8;28;1400;1;2;1;1;6;57;rue de gutenberg;M;4753378;680840;250
201400007289;14;3;6;1715;1;2;1;1;1;523;rue de Saint Julien;M;4751600;670300;250
201400007290;14;4;11;1945;1;2;1;1;5;526;8 rue de besan?on;M;0;0;250
201400007291;14;7;18;1830;1;1;1;1;3;481;;M;4754500;672300;250
201400007292;14;7;26;1830;1;2;1;1;1;350;29 rue de Montb?liard;M;4747285;669075;250
201400007293;14;10;18;1315;1;1;1;1;6;48;;M;4748300;671400;250
201400007294;14;10;31;1130;1;2;1;1;3;43;rue de la gare;M;4748100;677000;250
201400007295;14;11;7;1800;5;2;1;2;6;526;Fbg de Besan?on CD663;M;0;0;250
201400007296;14;1;31;1845;3;1;1;1;6;196;;M;4748700;689900;250
201400007297;14;6;9;1315;1;1;1;7;1;40;;M;4750100;693400;250
201400007298;14;7;11;1645;1;2;1;2;3;190;RUE DES GROS PRES;M;4752100;691800;250
201400007299;14;9;29;1615;1;2;1;1;2;367;rue du 17 novembre;M;4745500;680100;250
201400007300;14;12;4;715;2;2;1;5;6;4;24 GRANDE RUE;M;4743155;691833;250
201400007301;14;2;26;1530;1;1;1;1;6;193;;M;0;0;250
201400007302;14;3;8;1000;1;2;1;1;6;127;8 rue de l'église;M;4721309;682685;250
201400007303;14;4;10;1815;1;1;1;1;1;356;;M;4724100;680400;250
201400007304;14;6;14;1630;1;2;1;1;3;173;32 Grande Rue;M;4726300;670800;250
201400007305;14;6;23;945;1;2;1;1;1;51;CD 32 PK 04;M;0;0;250
201400007306;14;7;24;2215;3;1;3;1;3;193;;M;4725300;687400;250
201400007307;14;1;30;1900;3;1;1;9;6;187;;M;4736100;669000;250
201400007308;14;4;11;1700;1;1;1;1;1;463;;M;0;0;250
201400007309;14;5;5;1045;1;1;1;1;7;519;;M;0;0;250
201400007310;14;8;2;1345;1;2;1;9;3;519;33 Grande Rue;M;4731717;681152;250
201400007311;14;8;23;400;3;1;1;1;7;519;;M;0;0;250
201400007312;14;8;24;1445;1;1;1;1;7;591;;M;0;0;250
201400007313;14;10;10;900;1;1;1;2;1;463;;M;0;0;250
201400007314;14;10;13;1330;1;1;1;1;3;519;;M;0;0;250
201400007315;14;11;1;1445;1;1;1;1;6;519;;M;0;0;250
201400007316;14;11;28;1700;5;2;1;1;3;463;GRANDE RUE;M;0;0;250
201400007317;14;11;29;1915;3;1;1;1;6;402;;M;0;0;250
201400007318;14;6;22;45;3;1;1;1;6;446;;M;4728100;637000;250
201400007319;14;6;3;1630;1;2;1;1;3;156;Rue de la porte de Chaux;M;4739400;650200;250
201400007320;14;6;3;1100;1;1;1;2;6;345;;M;4746600;663500;250
201400007321;14;7;6;2200;3;1;2;8;3;232;;M;4749200;662200;250
201400007322;14;8;24;930;1;1;1;1;6;479;;M;0;0;250
201400007323;14;10;20;1045;1;2;1;1;6;529;16 grande rue;M;4729700;658300;250
201400007324;14;10;24;1730;1;2;1;1;2;156;avenue gaston renaud;M;0;0;250
201400007325;14;3;12;1330;1;1;1;1;1;14;;M;0;0;250
201400007326;14;4;11;1330;1;2;1;1;7;560;12 RUE GEORGES GUYNEMER;M;0;0;250
201400007327;14;7;12;2345;3;1;1;8;6;323;;M;0;0;250
201400007328;14;7;24;1930;1;1;1;1;3;560;;M;0;0;250
201400007329;14;7;31;945;1;2;1;7;3;429;CD 683;M;0;0;250
201400007330;14;12;24;200;3;1;1;9;6;368;;M;0;0;250
201400007331;14;1;17;1345;1;1;1;1;3;601;;M;0;0;250
201400007332;14;1;30;700;3;1;1;1;5;39;;M;0;0;250
201400007333;14;2;22;1830;5;2;1;4;3;219;Grande rue;M;0;0;250
201400007334;14;3;9;1545;1;1;1;1;6;601;;M;0;0;250
201400007335;14;3;19;1815;1;1;1;1;6;288;;M;0;0;250
201400007336;14;4;10;1130;1;1;1;1;6;262;;M;0;0;250
201400007337;14;4;13;1330;1;1;9;1;6;424;;M;0;0;250
201400007338;14;5;11;515;2;2;1;2;6;262;RD242;M;4713400;657600;250
201400007339;14;6;11;1930;1;1;1;1;2;262;;M;0;0;250
201400007340;14;4;20;1730;1;1;1;1;7;128;;M;4707600;635000;250
201400007341;14;7;12;1415;1;2;1;1;3;578;rue du stade;M;0;0;250
201400007342;14;7;24;1145;1;2;1;1;1;355;chemin du ch?telard;M;4722811;632143;250
201400007343;14;8;22;1145;1;1;1;1;1;301;;M;4714216;660996;250
201400007344;14;8;30;1315;1;1;1;1;2;578;;M;0;0;250
201400007345;14;9;14;930;1;1;1;1;1;222;;M;0;0;250
201400007346;14;11;10;1430;1;2;1;1;1;578;rue De Lattre de Tassign;M;0;0;250
201400007347;14;11;29;400;5;2;1;1;2;578;Grande rue;M;0;0;250
201400007348;14;12;14;430;3;1;1;1;6;301;;M;4717400;658600;250
201400007349;14;2;1;630;3;1;1;1;6;259;;M;0;0;250
201400007350;14;3;16;430;3;1;1;1;6;609;;M;0;0;250
201400007351;14;3;25;545;3;1;1;1;5;75;;M;0;0;250
201400007352;14;4;10;1600;1;1;1;1;6;254;;M;0;0;250
201400007353;14;5;20;1700;1;2;1;1;3;157;;M;0;0;250
201400007354;14;6;1;1445;1;1;1;1;1;60;;M;0;0;250
201400007355;14;6;7;430;3;1;1;1;7;440;;M;0;0;250
201400007356;14;6;8;1330;1;1;1;1;7;254;;M;0;0;250
201400007357;14;7;5;600;2;1;1;1;6;157;;M;0;0;250
201400007358;14;8;17;1830;1;1;1;1;3;110;;M;0;0;250
201400007359;14;8;26;1015;1;1;1;3;3;621;;M;0;0;250
201400007360;14;9;19;1030;1;1;1;1;3;201;;M;0;0;250
201400007361;14;11;14;1900;3;1;1;2;1;157;;M;0;0;250
201400007362;14;12;27;1300;1;1;1;4;1;442;;M;0;0;250
201400007363;14;1;4;2000;3;1;1;9;6;320;;M;0;0;250
201400007364;14;1;11;330;3;1;1;9;6;318;;M;0;0;250
201400007365;14;2;2;1630;1;1;1;1;1;308;;M;0;0;250
201400007366;14;3;24;945;1;1;1;4;4;565;;M;0;0;250
201400007367;14;4;4;2245;3;1;1;1;5;619;;M;0;0;250
201400007368;14;4;13;1200;1;1;1;1;6;405;;M;0;0;250
201400007369;14;4;18;1545;1;1;1;2;6;413;;M;0;0;250
201400007370;14;4;23;1815;1;1;1;4;4;514;;M;0;0;250
201400007371;14;6;12;1015;1;1;1;1;6;320;;M;0;0;250
201400007372;14;1;23;1415;1;1;1;2;1;240;;M;0;0;250
201400007373;14;2;15;300;5;1;1;1;6;285;;M;0;0;250
201400007374;14;3;9;1700;1;2;1;1;3;512;Avenue de Lattre;M;0;0;250
201400007375;14;3;13;1345;1;1;1;1;1;347;;M;0;0;250
201400007376;14;5;15;1400;1;1;1;1;6;160;;M;0;0;250
201400007377;14;6;11;1745;1;2;1;1;3;411;rue du champ de foire;M;4705421;660669;250
201400007378;14;6;18;1015;1;1;3;7;1;240;;M;0;0;250
201400007379;14;7;10;2015;3;1;1;2;6;74;;M;0;0;250
201400007380;14;7;18;45;3;1;1;1;7;620;;M;0;0;250
201400007381;14;7;22;1300;1;1;1;2;1;240;;M;0;0;250
201400007382;14;8;6;1730;1;1;2;1;3;347;;M;0;0;250
201400007383;14;9;21;1900;2;1;1;3;1;160;;M;0;0;250
201400007384;14;9;25;1815;1;1;1;1;5;512;;M;0;0;250
201400007385;14;9;27;1930;2;1;1;1;3;512;;M;0;0;250
201400007386;14;10;4;1730;1;1;1;1;5;512;;M;0;0;250
201400007387;14;10;18;1630;1;1;1;1;1;411;;M;0;0;250
201400007388;14;11;11;1330;1;1;1;1;7;95;;M;0;0;250
201400007389;14;11;15;1645;2;1;1;2;1;512;;M;0;0;250
201400007390;14;11;29;1415;1;2;3;1;5;411;CD48 Carrefour LES ARCES;M;4705686;658017;250
201400007391;14;1;22;1145;1;2;9;7;6;70;27, HUGO (BD..V);M;4409540;623519;40
201400007392;14;1;28;1435;1;2;6;1;5;70;Pelissier (avnue Simone);M;4408257;621739;40
201400007393;14;4;17;1430;1;2;6;1;6;70;INSURGES 1851(RD POINT);;;;40
201400007394;14;7;6;1930;1;1;1;1;7;70;VALADIER (CH. DE);;;;40
201400007395;14;7;9;2035;2;2;1;1;6;70;04, BONNETTE (CH. DE);M;4408963;622510;40
201400007396;14;7;17;25;5;2;6;1;6;70;QUATRE SEPTEMBRE (RD. PT;M;4408859;622518;40
201400007397;14;9;5;1545;1;1;1;1;7;70;1, RN 85;;;;40
201400007398;14;10;1;1245;1;1;1;1;6;70;THERMES (AV. DES);;;;40
201400007399;14;10;11;1530;1;2;1;2;7;70;face au 22, NOEL (AV. DU;M;4408413;620598;40
201400007400;14;12;6;1205;1;2;1;1;6;70;69, GASSENDI (BD);M;4409305;623508;40
201400007401;14;1;15;600;3;1;1;9;1;332;;M;0;0;390
201400007402;14;6;19;1315;1;1;1;1;6;240;;M;0;0;390
201400007403;14;7;27;1445;1;1;1;1;7;348;;M;0;0;390
201400007404;14;8;30;1445;1;2;6;1;3;327;RD159 - RD1083;M;0;0;390
201400007405;14;10;26;1;3;2;1;1;7;217;RUE DU ROBINET;M;0;0;390
201400007406;14;11;16;1900;1;1;1;1;1;332;;M;0;0;390
201400007407;14;12;2;1815;2;2;1;2;6;327;route de Lyon;M;0;0;390
201400007408;14;12;18;730;3;2;1;3;6;327;355, route de lyon;M;0;0;390
201400007409;14;12;18;730;3;1;3;3;1;567;;M;0;0;390
201400007410;14;3;8;1945;3;1;1;1;1;423;;M;0;0;390
201400007411;14;8;31;515;5;2;1;1;7;397;RUE DES FOSSES;M;0;0;390
201400007412;14;4;15;1215;1;1;1;1;1;191;;M;0;0;390
201400007413;14;5;31;1615;1;1;1;1;7;407;;M;0;0;390
201400007414;14;9;7;1230;1;1;1;1;1;489;;M;0;0;390
201400007415;14;9;14;1545;1;1;2;1;3;272;;M;0;0;390
201400007416;14;9;27;1500;1;1;1;1;6;41;;M;0;0;390
201400007417;14;9;27;1700;1;1;1;1;6;482;;M;0;0;390
201400007418;14;10;16;2100;3;1;3;2;3;199;;M;0;0;390
201400007419;14;12;24;1130;1;1;1;9;7;260;;M;0;0;390
201400007420;14;8;17;1100;1;1;1;7;6;265;;M;0;0;390
201400007421;14;6;6;1800;1;1;1;1;5;88;;M;0;0;390
201400007422;14;8;5;1545;1;1;1;1;5;88;;M;0;0;390
201400007423;14;9;24;1030;1;1;1;1;6;488;;M;0;0;390
201400007424;14;10;6;945;1;1;1;1;7;185;RD2;M;0;0;390
201400007425;14;4;14;615;2;1;1;1;1;437;;M;0;0;390
201400007426;14;5;6;1300;1;2;1;1;6;97;rue barrone Delort;M;0;0;390
201400007427;14;7;6;2245;5;2;1;2;5;97;;M;0;0;390
201400007428;14;7;14;1830;1;1;1;1;3;210;;M;0;0;390
201400007429;14;10;2;1830;1;1;1;1;6;522;;M;0;0;390
201400007430;14;7;3;1800;1;1;1;1;1;391;;M;0;0;390
201400007431;14;11;22;1115;1;1;1;1;3;129;;M;0;0;390
201400007432;14;7;27;915;1;2;1;1;1;461;5 route du ch?ne;M;0;0;390
201400007433;14;1;10;1430;1;2;1;7;6;434;3 rue TRAVOT;M;0;0;390
201400007434;14;1;30;630;3;1;1;1;3;13;;M;4690600;575900;390
201400007435;14;7;4;700;2;1;1;1;1;40;;M;4682100;576200;390
201400007436;14;7;5;1730;1;1;1;1;1;13;;M;4690800;576300;390
201400007437;14;7;13;1430;1;1;1;1;1;81;;M;4688500;571900;390
201400007438;14;8;1;1245;1;1;1;1;1;535;;M;4686900;567800;390
201400007439;14;9;20;2030;3;1;6;1;6;434;;M;4684100;569200;390
201400007440;14;11;16;2215;3;1;1;3;7;13;;M;4690100;574000;390
201400007441;14;11;21;1100;1;2;1;1;6;13;Rue Faramand;M;4690600;577600;390
201400007442;14;1;8;1530;1;2;1;1;6;500;13 rue gambetta;M;4694200;587800;390
201400007443;14;3;29;1515;1;1;1;1;7;500;;M;0;0;390
201400007444;14;4;11;1945;1;1;2;1;1;500;;M;0;0;390
201400007445;14;8;5;830;1;2;1;1;1;370;rue de la r?publique;M;0;0;390
201400007446;14;9;6;1200;1;2;1;1;6;202;chemin de la fatrole;M;0;0;390
201400007447;14;11;9;1000;1;1;1;2;1;436;;M;0;0;390
201400007448;14;4;8;1445;1;1;1;1;3;501;;M;0;0;390
201400007449;14;3;30;1915;1;2;1;1;6;193;22 route de lons;M;0;0;390
201400007450;14;4;25;730;1;1;1;1;7;22;;M;0;0;390
201400007451;14;6;22;1000;1;1;1;1;3;577;;M;0;0;390
201400007452;14;8;12;1400;1;1;1;1;2;124;;M;0;0;390
201400007453;14;9;10;1130;1;2;6;1;2;128;rond point du framboisie;M;0;0;390
201400007454;14;9;27;945;1;2;2;1;3;571;INTERSECTION 469 ET 217;M;0;0;390
201400007455;14;11;1;145;3;2;1;1;7;365;Rue Koepfleur;M;4964100;501000;390
201400007456;14;11;19;1745;3;1;1;1;3;520;;M;0;0;390
201400007457;14;12;31;1715;2;2;1;1;6;396;1 Rue de la libération;M;0;0;390
201400007458;14;1;18;2030;3;1;1;2;6;465;;M;0;0;390
201400007459;14;1;21;1145;1;1;1;1;1;498;;M;0;0;390
201400007460;14;2;6;1845;3;1;1;1;6;238;;M;0;0;390
201400007461;14;6;9;1700;1;1;1;1;6;8;;M;0;0;390
201400007462;14;6;21;1645;1;1;1;1;1;449;;M;0;0;390
201400007463;14;11;3;1415;1;1;6;8;5;188;;M;0;0;390
201400007464;14;11;7;1745;2;2;1;8;6;219;15 grande rue;M;0;0;390
201400007465;14;12;14;400;3;1;6;2;7;451;;M;0;0;390
201400007466;14;3;31;1545;1;2;1;1;2;478;20 rue bellefontaine;M;0;0;390
201400007467;14;4;6;2300;4;1;1;1;6;491;;M;0;0;390
201400007468;14;4;17;1715;1;1;3;1;1;113;;M;0;0;390
201400007469;14;5;4;1130;1;1;1;1;6;453;;M;4647500;582500;390
201400007470;14;5;8;1645;1;1;1;1;7;510;;M;0;0;390
201400007471;14;7;22;1300;1;1;1;2;5;106;;M;0;0;390
201400007472;14;7;29;1015;1;1;1;2;3;561;;M;0;0;390
201400007473;14;8;23;745;1;1;1;1;5;106;;M;0;0;390
201400007474;14;9;10;1700;1;1;9;2;7;68;;M;0;0;390
201400007475;14;9;27;1630;1;2;1;1;1;491;RUE BELLEVUE;M;0;0;390
201400007476;14;10;6;815;1;1;1;5;1;561;;M;0;0;390
201400007477;14;10;26;1445;1;1;1;1;6;478;;M;4663300;545000;390
201400007478;14;10;31;2130;3;1;1;1;6;113;;M;0;0;390
201400007479;14;12;11;1330;1;2;1;2;6;478;Avenue de la libération;M;0;0;390
201400007480;14;4;8;1045;1;1;1;2;5;487;;M;4658900;595400;390
201400007481;14;5;24;1715;1;1;1;1;6;258;;M;0;0;390
201400007482;14;10;12;1415;1;1;1;8;1;368;;M;0;0;390
201400007483;14;10;18;1130;1;1;1;1;3;470;;M;0;0;390
201400007484;14;10;26;1715;1;1;1;1;4;470;;M;0;0;390
201400007485;14;11;30;700;2;1;1;2;6;232;;M;0;0;390
201400007486;14;1;2;1225;1;2;2;8;6;112;HEURES CLAIRES(RUE DES);M;4382811;578725;40
201400007487;14;3;21;900;1;2;3;8;3;112;MOULIN NEUF (AV.DU);;;;40
201400007488;14;5;6;1925;1;2;1;1;1;112;Route d'Apt;;;;40
201400007489;14;5;14;1705;1;2;1;1;3;112;RYCKBUSCH(AVENUE);M;4382973;579681;40
201400007490;14;6;25;935;1;1;1;1;5;112;DEPARTEMENTALE 4096;M;4380557;577970;40
201400007491;14;9;23;1415;1;2;1;1;4;112;rond point des medailles;M;4381736;579837;40
201400007492;14;2;4;1715;1;1;1;1;5;163;;M;0;0;700
201400007493;14;3;12;745;1;1;4;1;3;136;;M;0;0;700
201400007494;14;9;17;1935;1;1;1;1;4;516;;M;0;0;700
201400007495;14;9;19;1530;1;1;1;1;7;550;;M;0;0;700
201400007496;14;6;25;1030;1;1;1;7;5;12;;M;0;0;700
201400007497;14;7;12;30;3;1;1;1;6;404;;M;0;0;700
201400007498;14;9;16;1645;1;1;1;1;1;228;;M;0;0;700
201400007499;14;1;17;2045;3;1;1;1;1;236;;M;0;0;700
201400007500;14;1;27;815;1;1;1;1;5;278;;M;0;0;700
201400007501;14;2;14;815;4;1;1;2;7;387;;M;0;0;700
201400007502;14;6;16;1745;1;2;1;1;6;386;rue de l'etang;M;0;0;700
201400007503;14;8;1;1545;1;1;1;1;6;566;;M;0;0;700
201400007504;14;10;30;1600;1;1;1;1;3;439;;M;0;0;700
201400007505;14;12;1;1800;3;1;1;1;6;324;;M;0;0;700
201400007506;14;12;1;1400;1;1;1;8;2;136;;M;0;0;700
201400007507;14;12;3;2015;3;1;9;1;1;2;;M;0;0;700
201400007508;14;12;7;445;3;1;1;1;6;486;;M;0;0;700
201400007509;14;12;9;1615;1;2;1;8;7;95;Rue du chene;M;0;0;700
201400007510;14;4;10;1245;1;1;1;1;7;239;;M;0;0;700
201400007511;14;5;4;2130;3;1;1;1;6;197;;M;0;0;700
201400007512;14;9;11;1530;1;1;1;1;1;405;;M;0;0;700
201400007513;14;9;14;145;5;1;2;1;3;288;;M;0;0;700
201400007514;14;9;14;1130;1;1;1;1;6;159;;M;0;0;700
201400007515;14;11;1;1000;1;2;1;1;1;447;87 rue Charles de Gaulle;M;0;0;700
201400007516;14;1;13;1200;1;1;1;2;1;178;;M;0;0;700
201400007517;14;2;18;600;3;1;1;1;2;310;;M;0;0;700
201400007518;14;3;20;2015;1;1;1;1;5;262;;M;0;0;700
201400007519;14;5;10;1430;1;1;1;1;7;577;;M;0;0;700
201400007520;14;9;5;1700;1;1;1;1;6;310;;M;0;0;700
201400007521;14;9;14;515;3;1;1;5;6;581;;M;0;0;700
201400007522;14;10;15;700;2;1;1;5;6;464;;M;0;0;700
201400007523;14;10;17;1315;1;2;1;1;1;455;rue de la Verrerie;M;4768000;652900;700
201400007524;14;10;27;1400;1;2;1;1;6;310;Rue Docteur Schweitzer;M;0;0;700
201400007525;14;11;23;1600;1;2;1;1;3;310;58 avenue  Republique;M;0;0;700
201400007526;14;2;19;1600;1;2;1;1;6;120;inter Anne F-rue gare;M;0;0;700
201400007527;14;3;23;1845;3;2;2;1;3;295;centre village;M;4779800;653700;700
201400007528;14;4;13;1700;1;1;1;1;3;256;;M;0;0;700
201400007529;14;6;21;1545;1;1;1;1;7;318;;M;0;0;700
201400007530;14;7;13;600;1;2;1;1;6;451;27 avenue de la republiq;M;0;0;700
201400007531;14;8;20;1900;1;2;1;1;1;413;rue du rapois;M;0;0;700
201400007532;14;9;8;1045;1;1;1;1;1;451;;M;0;0;700
201400007533;14;10;31;1515;1;2;1;1;6;459;06 Route de Ronchamp;M;0;0;700
201400007534;14;1;18;1100;1;1;1;8;1;277;;M;0;0;700
201400007535;14;2;5;130;3;1;1;9;7;477;;M;0;0;700
201400007536;14;3;26;2030;3;1;1;1;5;184;;M;0;0;700
201400007537;14;5;15;1730;1;1;1;1;3;64;;M;0;0;700
201400007538;14;6;1;1130;1;1;1;1;1;221;;M;0;0;700
201400007539;14;8;25;1030;1;1;1;1;3;116;;M;0;0;700
201400007540;14;9;29;1430;1;1;1;1;1;271;;M;0;0;700
201400007541;14;12;3;1345;1;1;1;1;7;121;;M;0;0;700
201400007542;14;1;16;1215;1;2;6;2;3;311;place de la gare;M;0;0;700
201400007543;14;2;1;1930;5;2;1;2;6;294;RUE DE LA LANTERNE;M;0;0;700
201400007544;14;6;18;845;1;2;1;1;6;478;20 grande rue;M;0;0;700
201400007545;14;7;6;630;3;1;1;1;1;263;;M;0;0;700
201400007546;14;12;9;1730;3;1;1;1;4;380;;M;0;0;700
201400007547;14;12;17;1800;3;1;9;3;3;473;;M;0;0;700
201400007548;14;3;9;945;1;1;1;1;6;171;;M;0;0;700
201400007549;14;7;3;1700;1;1;2;1;3;245;;M;0;0;700
201400007550;14;11;30;1600;1;1;1;1;6;87;;M;0;0;700
201400007551;14;12;17;1745;3;1;1;3;6;245;;M;0;0;700
201400007552;14;1;28;715;3;1;1;1;2;529;;M;0;0;700
201400007553;14;3;12;1500;1;2;1;1;6;279;87 grande rue;M;0;0;700
201400007554;14;3;20;1545;1;2;1;1;2;279;rue revon;M;0;0;700
201400007555;14;6;18;1615;1;2;6;1;3;279;RD21 / rue Dr Zamenhof;M;0;0;700
201400007556;14;9;19;1615;1;2;1;1;1;279;rue du Chemin Neuf;M;0;0;700
201400007557;14;10;11;1330;1;2;1;1;7;529;C9;M;0;0;700
201400007558;14;11;15;1400;1;2;1;1;6;279;30, avenue carnot;M;0;0;700
201400007559;14;12;7;1415;1;2;1;1;6;279;22 rue Vanoise;M;0;0;700
201400007560;14;8;19;1230;1;1;1;7;7;122;;M;0;0;700
201400007561;14;10;23;730;2;1;1;8;7;122;;M;0;0;700
201400007562;14;7;13;715;1;1;1;8;6;282;;M;0;0;700
201400007563;14;2;1;2000;5;2;1;2;6;42;17 RUE DE VALDOIE;M;0;0;900
201400007564;14;5;20;1800;1;1;1;1;3;68;;M;0;0;900
201400007565;14;6;24;300;3;1;1;1;6;7;;M;0;0;900
201400007566;14;8;7;2200;2;1;9;8;6;35;;M;0;0;900
201400007567;14;9;21;1730;1;2;1;2;6;12;rue des Magnolias;M;0;0;900
201400007568;14;11;1;1100;1;1;1;1;6;68;;M;0;0;900
201400007569;14;11;29;800;2;2;1;1;6;42;;M;0;0;900
201400007570;14;2;27;831;1;1;1;9;1;33;;M;0;0;900
201400007571;14;3;2;15;5;2;1;1;6;25;rue d'Alsace;M;0;0;900
201400007572;14;9;6;1715;1;2;1;1;1;45;RD 463;M;0;0;900
201400007573;14;11;21;1600;5;2;1;1;6;81;2 rue de lepuix-neuf;M;0;0;900
201400007574;14;12;9;1900;3;1;1;2;5;33;;M;0;0;900
201400007575;14;3;14;1230;1;1;1;1;1;5;;M;0;0;900
201400007576;14;3;28;1415;1;1;1;1;5;41;;M;0;0;900
201400007577;14;3;29;1215;1;1;1;1;6;5;;M;0;0;900
201400007578;14;4;4;1715;1;2;1;1;3;41;37 route d'Eloie;M;0;0;900
201400007579;14;4;17;1815;1;1;1;1;3;88;;M;0;0;900
201400007580;14;6;30;900;1;1;1;1;5;67;;M;0;0;900
201400007581;14;7;31;1445;1;1;1;3;5;5;;M;0;0;900
201400007582;14;8;1;1945;1;1;1;1;6;57;;M;0;0;900
201400007583;14;8;7;1830;1;2;1;1;1;65;Malvaux CD 465;M;0;0;900
201400007584;14;8;19;1515;1;1;1;3;1;65;;M;0;0;900
201400007585;14;9;3;1630;1;1;1;2;1;65;;M;0;0;900
201400007586;14;9;7;1345;1;1;1;2;1;3;;M;0;0;900
201400007587;14;9;20;830;1;2;1;2;3;65;;M;0;0;900
201400007588;14;11;29;1115;1;1;1;1;6;57;;M;0;0;900
201400007589;14;2;21;546;3;1;1;3;6;84;;M;0;0;900
201400007590;14;11;20;730;2;1;1;5;7;101;;M;4757400;701800;900
201400007591;14;1;13;715;2;1;1;1;7;332;26332;M;0;0;260
201400007592;14;5;9;1530;1;1;1;1;1;2;26002;M;0;0;260
201400007593;14;6;29;1730;1;1;1;2;6;19;;M;0;0;380
201400007594;14;7;6;615;2;1;1;1;6;72;;M;0;0;380
201400007595;14;7;17;1445;1;1;1;1;4;298;;M;0;0;380
201400007596;14;8;4;1115;1;1;1;1;2;336;;M;0;0;380
201400007597;14;9;10;1130;1;1;1;1;3;325;26325;M;0;0;260
201400007598;14;10;31;1645;1;1;1;1;5;344;;M;0;0;380
201400007599;14;11;4;1415;1;1;1;3;2;2;26002;M;0;0;260
201400007600;14;11;29;445;3;1;1;1;2;336;;M;0;0;380
201400007601;14;12;31;1430;1;1;9;1;4;336;;M;0;0;380
201400007602;14;1;4;1730;3;1;1;2;3;64;26064;M;0;0;260
201400007603;14;1;9;915;1;2;1;1;2;165;ROUTE NATIONALE 7;M;0;0;260
201400007604;14;1;23;1630;1;1;1;1;6;185;26185;M;0;0;260
201400007605;14;1;22;1915;3;1;1;1;3;250;26250;M;0;0;260
201400007606;14;2;2;1500;1;1;1;1;7;179;26179;M;0;0;260
201400007607;14;2;8;2215;3;1;1;2;1;313;26313;M;4495590;493270;260
201400007608;14;2;15;1445;1;1;1;1;1;124;26124;M;0;0;260
201400007609;14;2;17;1630;1;1;1;1;1;170;26170;M;4490970;494950;260
201400007610;14;2;22;900;1;2;1;1;2;250;RUE DU STADE;M;0;0;260
201400007611;14;3;6;745;1;1;1;1;3;366;26366;M;0;0;260
201400007612;14;3;8;1900;3;1;1;1;2;72;26072;M;0;0;260