num_acc;an;mois;jour;hrmn;lum;agg;int;atm;col;com;adr;gps;lat;long;dep
201400007613;14;3;14;1030;1;1;1;1;1;58;26058;M;0;0;260
201400007614;14;3;30;1915;1;1;1;1;5;110;26110;M;0;0;260
201400007615;14;3;31;1530;1;1;1;1;5;37;26037;M;0;0;260
201400007616;14;3;31;930;1;1;1;1;5;64;26064;M;0;0;260
201400007617;14;4;10;2130;3;1;1;1;6;337;26337;M;0;0;260
201400007618;14;4;12;1945;1;1;1;1;2;347;26347;M;0;0;260
201400007619;14;4;17;1345;1;1;1;1;6;165;26165;M;0;0;260
201400007620;14;4;22;1615;1;2;1;1;3;347;AV DU VERCORS RESISTANCE;M;0;0;260
201400007621;14;4;26;2015;3;1;1;3;3;362;26362;M;0;0;260
201400007622;14;5;14;1400;1;1;1;1;3;166;26166;M;0;0;260
201400007623;14;5;21;1315;1;1;1;1;5;124;26124;M;0;0;260
201400007624;14;5;25;1900;1;1;1;1;6;124;26124;M;4486230;485190;260
201400007625;14;5;26;1530;1;1;1;1;6;58;26058;M;0;0;260
201400007626;14;5;27;745;1;1;1;1;7;165;26165;M;0;0;260
201400007627;14;6;1;715;1;1;1;1;2;84;26084;M;0;0;260
201400007628;14;6;24;800;1;1;3;1;3;165;26166;M;0;0;260
201400007629;14;6;8;845;1;1;1;1;3;97;26097;M;0;0;260
201400007630;14;6;1;1030;1;1;1;1;7;124;26124;M;0;0;260
201400007631;14;6;19;1800;1;1;1;1;6;165;26165;M;0;0;260
201400007632;14;6;22;1900;1;1;1;1;3;64;26064;M;0;0;260
201400007633;14;7;8;1845;1;1;1;2;7;124;26124;M;0;0;260
201400007634;14;7;10;1145;1;2;4;2;6;64;26064;M;4490090;501640;260
201400007635;14;7;21;900;1;1;3;1;1;166;26166;M;0;0;260
201400007636;14;7;31;1845;1;1;1;1;1;165;26165;M;0;0;260
201400007637;14;7;31;1645;1;1;1;1;7;64;;M;0;0;260
201400007638;14;8;6;1745;1;1;1;1;5;208;26208;M;0;0;260
201400007639;14;8;31;2015;2;1;1;1;6;362;26362;M;0;0;260
201400007640;14;9;11;1745;1;2;1;1;1;313;AVENUE DE PROVENCE;M;0;0;260
201400007641;14;9;11;1715;1;1;1;1;3;64;26064;M;0;0;260
201400007642;14;9;19;900;1;1;1;2;1;197;RUE DES MERISIERS;M;4494320;498690;260
201400007643;14;9;24;1000;1;2;1;1;6;166;QUARTIER LA MALADIERE;M;4474390;481390;260
201400007644;14;9;30;945;1;1;3;1;1;170;AVENUE DU GUIMAND;M;4490950;495000;260
201400007645;14;9;28;1700;1;2;1;1;6;170;26170;M;0;0;260
201400007646;14;10;4;445;3;1;1;1;6;208;26208;M;0;0;260
201400007647;14;10;6;1115;1;1;1;1;1;37;26037;M;0;0;260
201400007648;14;10;12;900;3;1;1;1;6;124;26124;M;0;0;260
201400007649;14;10;15;1815;2;1;1;1;3;206;26206;M;0;0;260
201400007650;14;10;18;1430;1;1;1;1;7;196;26196;M;0;0;260
201400007651;14;10;23;1545;1;1;1;1;2;165;26165;M;0;0;260
201400007652;14;10;27;1300;1;1;1;1;7;206;26206;M;0;0;260
201400007653;14;10;23;1430;1;1;2;1;3;166;26166;M;0;0;260
201400007654;14;11;16;900;1;1;1;1;6;64;26064;M;0;0;260
201400007655;14;11;3;630;1;1;1;2;6;313;26313;M;0;0;260
201400007656;14;12;13;30;3;1;1;1;6;170;26170;M;4489530;497350;260
201400007657;14;11;19;1315;1;1;1;1;1;166;26166;M;4475890;483400;260
201400007658;14;12;19;1645;1;1;1;1;3;72;26072;M;0;0;260
201400007659;14;12;20;2000;1;1;1;1;1;58;26058;M;4496500;490060;260
201400007660;14;12;21;430;3;1;1;1;6;64;26054;M;0;0;260
201400007661;14;12;22;1545;1;1;1;1;5;206;26206;M;0;0;260
201400007662;14;12;24;1200;1;1;1;1;3;37;26037;M;0;0;260
201400007663;14;2;1;915;1;1;1;9;1;62;;M;0;0;130
201400007664;14;8;5;1700;1;1;1;1;1;80;;M;4367000;542500;130
201400007665;14;8;6;1600;1;1;1;1;1;80;;M;4364000;545800;130
201400007666;14;8;14;930;1;1;1;1;6;15;1529 Route de Gardanne;M;4344203;543976;130
201400007667;14;12;9;1745;3;1;1;1;6;59;;M;0;0;130
201400007668;14;12;23;1100;1;2;1;1;4;59;CD.556;M;0;0;130
201400007669;14;12;24;1445;1;1;1;1;3;80;;M;4365595;546913;130
201400007670;14;2;15;1645;1;1;2;1;3;51;;M;4358895;511922;130
201400007671;14;2;27;645;2;1;1;1;1;24;;M;0;0;130
201400007672;14;3;19;1230;1;1;1;1;1;51;;M;0;0;130
201400007673;14;7;1;600;2;1;1;1;6;32;;M;0;0;130
201400007674;14;7;18;1900;1;1;1;1;1;51;*;M;0;0;130
201400007675;14;7;19;430;3;1;1;1;6;112;;M;0;0;130
201400007676;14;10;3;2015;3;2;1;1;7;69;Axe longeant canal EDF;M;4362621;512488;130
201400007677;14;10;15;900;3;1;1;1;3;44;;M;0;0;130
201400007678;14;11;25;1030;1;1;1;3;1;50;;M;0;0;130
201400007679;14;12;25;215;3;1;1;1;6;118;;M;0;0;130
201400007680;14;7;31;1030;1;1;1;1;5;109;;M;0;0;130
201400007681;14;1;14;1645;1;2;1;1;2;41;chemin de Colle Vieille;M;4344092;545802;130
201400007682;14;2;11;630;3;1;1;1;5;41;;M;0;0;130
201400007683;14;2;25;200;5;2;1;1;6;60;La canet de Meyreuil RD7;M;0;0;130
201400007684;14;2;27;1330;1;1;1;1;2;41;;M;0;0;130
201400007685;14;3;17;645;1;1;6;1;2;62;;M;0;0;130
201400007686;14;3;28;2115;3;2;1;1;7;41;route de la cote d'azur;M;0;0;130
201400007687;14;4;14;1330;1;2;1;1;6;41;chemin du moulin du Fort;M;0;0;130
201400007688;14;5;6;800;1;2;1;1;3;60;Allee des pins;M;0;0;130
201400007689;14;6;5;800;1;2;1;1;2;41;Boulevard Paul C?zanne;M;0;0;130
201400007690;14;6;17;945;1;2;1;1;5;41;PETIT CHEMIN D'AIX;M;0;0;130
201400007691;14;7;1;1500;1;1;1;1;3;41;;M;0;0;130
201400007692;14;8;3;1015;1;1;1;1;3;41;;M;0;0;130
201400007693;14;8;18;1530;1;2;1;1;6;41;Rue Reynaud;M;0;0;130
201400007694;14;10;5;1900;2;1;1;1;2;41;;M;0;0;130
201400007695;14;9;7;1745;1;2;1;1;6;60;route du coteau rouge;M;0;0;130
201400007696;14;10;14;830;1;1;1;1;3;41;;M;0;0;130
201400007697;14;10;13;1630;1;2;2;1;3;41;rue thiers;M;0;0;130
201400007698;14;10;18;1600;1;1;1;1;7;60;;M;0;0;130
201400007699;14;10;19;2030;4;1;1;1;2;62;;M;0;0;130
201400007700;14;11;2;1930;5;2;1;1;6;41;RD 58 A;M;0;0;130
201400007701;14;11;8;830;1;1;1;1;7;41;;M;0;0;130
201400007702;14;11;18;1430;1;2;1;1;3;41;RD  60;M;0;0;130
201400007703;14;3;26;745;1;1;1;1;5;99;;M;0;0;130
201400007704;14;5;28;1630;1;1;1;1;6;99;;M;0;0;130
201400007705;14;6;5;1745;1;1;1;1;1;48;;M;0;0;130
201400007706;14;6;19;1500;1;1;1;1;1;99;;M;0;0;130
201400007707;14;8;23;745;2;1;1;1;1;48;;M;0;0;130
201400007708;14;10;22;1845;3;2;9;1;3;74;rue du canal;M;0;0;130
201400007709;14;10;26;1630;1;1;1;1;5;59;;M;0;0;130
201400007710;14;11;10;1145;1;1;1;1;1;59;;M;0;0;130
201400007711;14;1;6;1615;1;2;1;1;6;107;hameau des frenes;M;0;0;130
201400007712;14;2;13;1900;5;2;1;2;3;15;Av. Pauline de Simiane;M;0;0;130
201400007713;14;4;10;1700;1;1;6;1;3;15;;M;4342880;540411;130
201400007714;14;4;13;1715;1;1;1;1;6;15;;M;0;0;130
201400007715;14;7;24;1400;1;2;1;1;5;15;d8n la mounine;M;0;0;130
201400007716;14;9;30;930;2;1;1;3;3;15;;M;0;0;130
201400007717;14;1;28;1545;1;1;1;1;5;72;;M;0;0;130
201400007718;14;4;14;1200;1;1;1;1;1;110;;M;0;0;130
201400007719;14;4;17;930;1;1;1;1;1;110;;M;0;0;130
201400007720;14;6;27;930;1;1;1;1;6;72;;M;0;0;130
201400007721;14;9;16;745;1;1;1;7;3;110;;M;0;0;130
201400007722;14;12;14;400;3;1;6;2;7;72;;M;0;0;130
201400007723;14;1;28;1645;1;1;1;1;1;4;;M;0;0;130
201400007724;14;3;12;1830;1;2;1;1;6;4;RAPHELE LES ARLES;M;0;0;130
201400007725;14;5;23;1645;1;1;3;1;3;4;;M;0;0;130
201400007726;14;6;5;1600;1;1;1;1;6;4;;M;0;0;130
201400007727;14;6;6;700;1;1;1;1;7;4;;M;0;0;130
201400007728;14;6;8;1915;1;1;1;1;3;4;;M;0;0;130
201400007729;14;6;14;1230;1;1;1;1;7;4;;M;0;0;130
201400007730;14;7;14;15;3;1;1;1;7;4;;M;0;0;130
201400007731;14;7;13;1445;1;1;1;1;1;4;;M;0;0;130
201400007732;14;8;23;1530;1;1;1;1;7;4;;M;0;0;130
201400007733;14;9;6;1115;1;1;3;1;3;4;;M;4366840;473941;130
201400007734;14;9;20;1900;2;1;3;1;3;4;;M;4366842;473953;130
201400007735;14;1;16;2000;3;1;1;3;5;27;;M;0;0;130
201400007736;14;2;11;1145;1;2;9;1;6;27;Avenue Rhin et Danube;M;0;0;130
201400007737;14;4;9;845;1;2;2;1;1;27;CD28;M;0;0;130
201400007738;14;5;19;1415;1;1;1;1;1;66;;M;0;0;130
201400007739;14;10;9;715;2;1;1;1;5;27;;M;0;0;130
201400007740;14;10;18;1645;1;1;1;1;3;66;;M;0;0;130
201400007741;14;5;22;30;5;2;2;1;3;96;01 route de Cacharel;M;0;0;130
201400007742;14;8;1;1730;1;1;1;1;1;96;;M;0;0;130
201400007743;14;1;3;1015;1;1;1;2;1;97;;M;0;0;130
201400007744;14;6;17;1415;1;1;1;1;7;97;;M;0;0;130
201400007745;14;7;5;1915;1;1;1;1;7;97;;M;0;0;130
201400007746;14;7;25;1800;1;2;6;1;3;97;Rond-point D24 / D83B;M;4364293;479969;130
201400007747;14;8;16;1445;1;1;1;1;7;97;;M;0;0;130
201400007748;14;8;21;1030;1;1;9;1;2;97;;M;0;0;130
201400007749;14;8;26;930;1;1;3;1;3;97;;M;0;0;130
201400007750;14;11;8;1345;1;2;1;1;6;97;RD 113;M;0;0;130
201400007751;14;12;19;1745;2;1;1;1;6;4;;M;0;0;130
201400007752;14;1;21;1700;1;1;2;1;3;100;;M;0;0;130
201400007753;14;5;9;1545;1;2;1;1;1;100;CD31 PK 2+500;M;0;0;130
201400007754;14;6;8;2245;3;2;1;1;6;94;av de Laurade, CD99;M;0;0;130
201400007755;14;7;3;530;2;1;1;1;6;100;;M;0;0;130
201400007756;14;8;1;1500;1;1;1;1;1;100;;M;0;0;130
201400007757;14;9;29;2000;3;1;1;1;3;52;;M;0;0;130
201400007758;14;12;20;1030;1;2;1;1;6;100;39 boulevard Victor Hugo;M;4378814;483282;130
201400007759;14;1;26;1600;1;1;1;1;1;30;;M;0;0;130
201400007760;14;2;22;1445;1;1;1;1;3;42;;M;0;0;130
201400007761;14;8;4;1815;1;1;1;1;3;30;;M;4327000;568600;130
201400007762;14;4;3;15;5;2;6;1;6;22;rond point des drapeaux;M;0;0;130
201400007763;14;6;4;1545;1;1;1;1;1;22;;M;0;0;130
201400007764;14;6;4;1830;1;1;1;1;3;22;;M;0;0;130
201400007765;14;6;11;815;1;1;1;1;3;22;;M;0;0;130
201400007766;14;8;15;2330;3;1;1;1;1;22;;M;0;0;130
201400007767;14;1;23;1030;1;2;1;1;6;85;chemin d stade;M;0;0;130
201400007768;14;1;25;1830;3;2;1;1;3;119;ROND POINT DES BARLES;M;0;0;130
201400007769;14;8;30;830;1;1;1;1;2;85;;M;0;0;130
201400007770;14;9;12;1130;1;2;1;1;2;119;ROUTE DE CASSIS;M;0;0;130
201400007771;14;9;25;1600;1;1;1;1;6;85;;M;0;0;130
201400007772;14;3;5;1845;2;2;1;1;3;73;RD 7 LE TERME;M;0;0;130
201400007773;14;8;5;2130;3;1;1;1;1;73;;M;0;0;130
201400007774;14;10;18;1000;1;1;1;1;1;46;;M;0;0;130
201400007775;14;1;11;1745;3;1;1;1;1;7;CHE MOULIN DE REDON;M;0;0;130
201400007776;14;1;21;1615;1;2;1;1;2;86;Rd 96;M;0;0;130
201400007777;14;3;5;1030;1;2;7;1;6;31;ZAC LA TUILERIE;M;0;0;130
201400007778;14;5;16;1730;1;2;1;1;3;86;BD S?raphin roux/D96;M;0;0;130
201400007779;14;5;19;2000;1;1;1;1;1;86;;M;0;0;130
201400007780;14;7;15;1000;1;2;1;1;6;7;Rue*Ravel Timoth?e;M;0;0;130
201400007781;14;7;26;1830;1;2;1;1;5;86;RD 96, PR 6 + 750;M;0;0;130
201400007782;14;8;14;330;5;2;1;1;1;86;2 rue ste anne;M;4335207;560516;130
201400007783;14;8;19;1530;1;2;1;1;3;86;RD96 - CH GAFFE DE QUINE;M;0;0;130
201400007784;14;8;31;1200;1;1;1;1;3;86;;M;0;0;130
201400007785;14;9;5;1515;1;1;1;1;3;86;;M;0;0;130
201400007786;14;9;14;1145;1;1;1;1;1;7;;M;0;0;130
201400007787;14;11;9;1430;1;1;1;2;1;86;;M;4336128;561053;130
201400007788;14;12;18;1945;3;1;1;1;6;16;Avenue de la Sainte-Baum;M;0;0;130
201400007789;14;2;21;1745;1;2;1;1;6;14;7, avenue de sylvan?s;M;0;0;130
201400007790;14;6;12;1200;1;2;1;1;6;14;avenue joliot curie;M;4348015;517391;130
201400007791;14;6;18;1600;1;1;1;1;6;14;;M;0;0;130
201400007792;14;7;26;2000;1;2;1;1;7;92;RD.10 le Pont Flavien;M;4354175;504289;130
201400007793;14;8;10;1130;1;2;6;1;6;14;avenue de la lib?ration;M;0;0;130
201400007794;14;8;29;2145;3;1;1;1;6;92;;M;4352793;509331;130
201400007795;14;9;9;2045;3;1;1;1;6;14;;M;0;0;130
201400007796;14;9;21;1500;1;1;1;1;6;14;;M;0;0;130
201400007797;14;11;19;1545;1;1;1;1;1;14;;M;0;0;130
201400007798;14;3;28;845;1;2;1;7;1;35;Avenue Rene CASSIN;M;0;0;130
201400007799;14;6;6;830;1;1;1;1;2;35;;M;0;0;130
201400007800;14;2;23;2130;3;1;1;1;1;105;;M;0;0;130
201400007801;14;3;24;845;1;2;1;1;6;53;avenue de craponne;M;0;0;130
201400007802;14;5;27;2230;5;2;1;1;2;105;boulevard gallieni;M;0;0;130
201400007803;14;5;28;1930;1;1;1;1;6;53;;M;0;0;130
201400007804;14;10;26;2045;5;2;1;1;7;53;;M;0;0;130
201400007805;14;4;3;1015;1;1;1;1;1;67;;M;0;0;130
201400007806;14;5;25;1630;1;1;1;1;2;76;;M;0;0;130
201400007807;14;7;7;1915;1;2;1;1;6;18;Route de ST ANDIOL;M;0;0;130
201400007808;14;7;9;1715;2;1;1;1;5;34;;M;0;0;130
201400007809;14;8;4;2030;2;1;1;1;6;89;;M;0;0;130
201400007810;14;10;3;1445;1;2;1;1;1;18;route d'avignon;M;0;0;130
201400007811;14;5;13;915;1;1;2;1;3;81;;M;0;0;130
201400007812;14;5;15;2315;5;2;1;1;6;81;;M;0;0;130
201400007813;14;3;6;1500;1;1;1;1;3;84;;M;0;0;130
201400007814;14;3;9;1300;1;1;1;7;1;82;;M;0;0;130
201400007815;14;5;17;2145;2;1;1;1;7;84;;M;0;0;130
201400007816;14;6;5;1500;1;1;1;1;5;82;;M;0;0;130
201400007817;14;6;17;1530;1;1;1;1;2;84;;M;0;0;130
201400007818;14;9;19;1845;1;1;2;1;3;84;;M;0;0;130
201400007819;14;10;20;345;3;1;1;1;6;91;;M;0;0;130
201400007820;14;3;10;1730;1;1;1;1;6;47;;M;0;0;40
201400007821;14;3;11;1745;2;2;3;1;3;46;Le village;M;0;0;40
201400007822;14;3;27;1315;1;1;1;1;5;122;;M;0;0;40
201400007823;14;5;30;2030;1;1;1;2;1;155;;M;0;0;40
201400007824;14;5;31;200;3;1;1;2;6;122;;M;0;0;40
201400007825;14;6;17;1430;1;1;1;1;3;46;;M;0;0;40
201400007826;14;7;21;1530;1;1;1;1;1;167;;M;0;0;40
201400007827;14;7;28;500;3;1;1;1;6;110;;M;0;0;40
201400007828;14;9;9;1100;1;1;1;1;6;1;;M;0;0;40
201400007829;14;10;1;945;1;1;1;1;1;167;;M;0;0;40
201400007830;14;10;3;1645;1;1;1;1;7;113;;M;0;0;40
201400007831;14;10;22;1700;1;1;1;1;5;122;;M;0;0;40
201400007832;14;11;6;2330;5;1;1;1;6;47;;M;0;0;40
201400007833;14;12;5;2200;3;1;1;1;6;113;;M;0;0;40
201400007834;14;3;9;1600;1;1;1;1;5;94;;M;0;0;40
201400007835;14;3;23;1215;1;2;1;1;6;94;Avenue des Alpes;M;0;0;40
201400007836;14;4;28;1545;1;2;1;1;6;94;Avenue des maronniers;M;4375827;588648;40
201400007837;14;5;31;400;3;1;1;1;1;94;;M;0;0;40
201400007838;14;9;10;2245;3;1;1;1;7;94;;M;0;0;40
201400007839;14;10;13;1200;1;1;1;8;7;94;;M;0;0;40
201400007840;14;12;9;1515;1;1;1;1;1;230;;M;0;0;40
201400007841;14;12;21;1900;3;1;1;1;3;230;;M;0;0;40
201400007842;14;1;17;915;1;1;1;8;7;106;;M;0;0;40
201400007843;14;2;12;700;2;1;1;1;5;108;;M;0;0;40
201400007844;14;2;12;915;1;1;1;9;7;108;;M;0;0;40
201400007845;14;4;10;1715;1;1;1;1;1;116;;M;0;0;40
201400007846;14;4;22;1530;1;1;7;1;6;143;Allee Arthur Gouin;M;4391602;591864;40
201400007847;14;7;9;700;1;1;1;1;7;34;;M;0;0;40
201400007848;14;8;1;1245;1;1;1;1;1;149;;M;0;0;40
201400007849;14;8;25;945;1;2;1;1;1;149;avenue st roch;M;0;0;40
201400007850;14;11;20;430;1;1;1;1;2;108;;M;0;0;40
201400007851;14;11;21;1100;1;1;1;1;6;116;;M;0;0;40
201400007852;14;4;22;1800;2;1;1;2;7;204;;M;0;0;40
201400007853;14;4;21;1745;1;1;1;2;7;204;;M;0;0;40
201400007854;14;7;6;1900;1;1;1;1;6;121;Lieu-dit ferme de Prefai;M;0;0;40
201400007855;14;7;15;1145;1;1;1;1;1;22;;M;0;0;40
201400007856;14;7;16;1200;1;1;1;1;6;54;;M;0;0;40
201400007857;14;7;28;1615;1;1;1;1;7;31;;M;0;0;40
201400007858;14;8;15;2030;2;1;1;1;6;204;;M;0;0;40
201400007859;14;8;21;1815;1;1;1;1;7;31;;M;0;0;40
201400007860;14;5;27;1930;1;1;1;1;7;86;;M;0;0;40
201400007861;14;8;9;1445;1;1;1;1;5;100;Lieu-dit Maison Meane;M;4443400;687100;40
201400007862;14;8;16;1345;1;1;2;1;3;120;;M;0;0;40
201400007863;14;8;11;1200;1;1;1;1;1;86;;M;0;0;40
201400007864;14;8;27;200;3;1;1;2;6;226;;M;0;0;40
201400007865;14;11;26;1800;5;2;7;2;6;19;place Aime Gassier;M;4438604;665108;40
201400007866;14;12;31;930;5;2;1;1;6;96;Route de Restefond;M;0;0;40
201400007867;14;2;3;1215;1;1;1;1;3;198;;M;0;0;40
201400007868;14;8;11;1730;1;1;1;1;1;198;;M;0;0;40
201400007869;14;9;10;1245;1;1;3;7;1;198;;M;4445006;637116;40
201400007870;14;3;16;800;1;1;1;1;5;161;;M;0;0;40
201400007871;14;6;11;1745;1;1;1;1;7;198;;M;0;0;40
201400007872;14;7;14;1230;1;1;1;1;3;154;Lieu-dit les Chappas;M;0;0;40
201400007873;14;8;1;1300;1;1;1;1;3;198;;M;0;0;40
201400007874;14;8;15;1730;1;1;1;1;3;102;;M;0;0;40
201400007875;14;10;14;1715;1;1;1;1;1;102;;M;0;0;40
201400007876;14;12;20;700;2;1;1;9;7;33;;M;0;0;40
201400007877;14;4;19;1645;1;1;1;1;1;92;;M;0;0;40
201400007878;14;5;2;1600;1;1;1;8;5;148;;M;0;0;40
201400007879;14;7;11;400;3;1;1;1;7;171;;M;0;0;40
201400007880;14;7;15;1230;1;1;1;1;7;39;Hameau de Sionne;M;0;0;40
201400007881;14;7;27;1015;1;1;1;1;6;39;;M;0;0;40
201400007882;14;7;27;1645;1;1;1;1;1;39;;M;0;0;40
201400007883;14;8;19;1545;1;1;1;1;6;39;;M;0;0;40
201400007884;14;8;31;1330;1;1;1;1;7;171;;M;0;0;40
201400007885;14;9;4;1445;1;1;1;1;2;39;;M;0;0;40
201400007886;14;10;10;1745;1;1;1;1;6;39;;M;0;0;40
201400007887;14;10;19;1245;1;1;1;1;7;183;;M;0;0;40
201400007888;14;1;2;1000;1;1;1;4;6;115;;M;0;0;40
201400007889;14;9;28;1700;1;1;1;1;7;8;;M;0;0;40
201400007890;14;10;26;1130;1;1;1;1;1;115;;M;0;0;40
201400007891;14;3;9;1;3;1;1;1;1;219;;M;0;0;40
201400007892;14;8;15;1945;1;1;1;1;1;6;;M;0;0;40
201400007893;14;8;22;1215;1;1;1;1;2;25;;M;0;0;40
201400007894;14;1;29;800;2;1;1;1;3;166;;M;0;0;40
201400007895;14;4;14;1530;1;1;1;7;7;81;Chemin du bians;M;4374075;596759;40
201400007896;14;4;16;1645;1;1;1;1;6;172;;M;0;0;40
201400007897;14;4;19;1300;1;2;1;1;4;166;RUE DU PONT JACQUET;M;0;0;40
201400007898;14;4;19;1430;1;1;1;1;5;166;;M;0;0;40
201400007899;14;4;25;1515;1;1;1;1;6;81;;M;0;0;40
201400007900;14;7;2;1845;1;1;1;1;3;124;;M;4377100;609700;40
201400007901;14;7;5;1215;1;1;1;1;2;157;;M;4388600;613200;40
201400007902;14;8;10;15;3;1;1;1;6;81;;M;0;0;40
201400007903;14;8;22;630;3;1;1;1;6;4;;M;4377900;605600;40
201400007904;14;9;5;1430;1;1;1;1;6;4;;M;0;0;40
201400007905;14;9;23;1245;1;1;1;1;7;166;;M;0;0;40
201400007906;14;10;23;800;1;1;1;1;7;81;;M;0;0;40
201400007907;14;11;16;1745;3;2;1;1;6;135;D952;M;0;0;40
201400007908;14;11;17;1645;1;1;1;7;6;166;;M;0;0;40
201400007909;14;3;5;1300;1;1;1;1;7;160;;M;0;0;40
201400007910;14;4;20;1045;1;1;1;2;6;160;;M;0;0;40
201400007911;14;5;22;1045;1;1;1;1;3;242;;M;0;0;40
201400007912;14;7;30;1700;1;1;1;1;5;160;;M;0;0;40
201400007913;14;8;9;945;1;2;1;1;1;45;chemin de la falaise;M;0;0;40
201400007914;14;9;27;1200;1;1;2;1;3;160;;M;0;0;40
201400007915;14;9;30;700;2;1;1;2;1;241;lieu-dit La Bajoulle;M;0;0;40
201400007916;14;10;6;800;2;2;1;7;5;188;"Carrefour des ""4 reines""";M;0;0;40
201400007917;14;11;28;1630;1;1;1;8;6;242;;M;0;0;40
201400007918;14;12;10;1230;1;1;1;1;3;138;;M;0;0;40
201400007919;14;12;31;730;2;1;1;1;1;160;;M;0;0;40
201400007920;14;2;2;1145;1;1;1;1;6;65;;M;0;0;40
201400007921;14;3;9;1530;1;1;1;1;7;141;;M;0;0;40
201400007922;14;8;21;1615;1;2;1;1;7;162;;M;0;0;40
201400007923;14;8;23;1515;1;1;1;1;1;162;;M;0;0;40
201400007924;14;10;9;900;1;1;1;1;6;109;;M;0;0;40
201400007925;14;10;26;1215;1;1;1;1;7;130;;M;0;0;40
201400007926;14;2;23;1445;1;2;1;1;1;152;chemin du Quair;M;0;0;40
201400007927;14;6;28;930;1;2;3;1;2;197;RD4096;M;0;0;40
201400007928;14;7;5;1545;1;2;2;1;5;197;les bastides blanches;M;0;0;40
201400007929;14;7;24;2145;3;1;1;1;6;128;Lieu-dit les Maures;M;0;0;40
201400007930;14;9;12;2040;4;2;1;1;6;197;RD4096 avenue PAUL;M;0;0;40
201400007931;14;10;15;815;1;2;1;1;1;152;route de Manosque;M;0;0;40
201400007932;14;1;16;1815;5;2;1;2;6;209;31 AVENUE JEAN JAURES;M;4418452;594892;40
201400007933;14;5;11;1000;1;1;1;2;7;123;;M;0;0;40
201400007934;14;6;1;1230;1;2;2;1;3;49;rue Emile BOUYOUD;M;4407700;599000;40
201400007935;14;6;12;1745;1;1;1;1;7;140;;M;4417700;561900;40
201400007936;14;6;15;645;1;1;1;1;6;13;;M;0;0;40
201400007937;14;9;30;830;1;2;1;2;3;209;route de gap;M;4421800;592600;40
201400007938;14;12;15;1800;3;1;1;2;3;145;;M;0;0;40
201400007939;14;12;29;1630;1;1;1;1;1;79;;M;4408400;601800;40
201400007940;14;4;12;2145;3;1;1;1;7;233;;M;0;0;40
201400007941;14;5;23;1915;1;1;1;1;7;50;;M;0;0;40
201400007942;14;5;31;1115;1;1;1;1;6;26;;M;0;0;40
201400007943;14;5;31;345;3;1;1;1;6;73;;M;4435669;585857;50
201400007944;14;6;2;1830;1;1;1;1;6;34;;M;4427409;579454;50
201400007945;14;7;12;1730;1;1;2;1;3;78;;M;4438708;593593;50
201400007946;14;7;15;830;1;2;1;7;6;70;Avenue du maquis morvan;M;4431156;582435;50
201400007947;14;8;22;2145;3;1;1;1;2;53;;M;4433649;578170;50
201400007948;14;10;18;2245;3;1;1;1;7;34;;M;4429482;582107;50
201400007949;14;10;24;1545;1;2;1;1;6;70;7 Place de la Fontaine;M;4431411;582283;50
201400007950;14;2;3;1045;1;2;1;1;3;96;RD944 Bousensayes;M;4468337;631081;50
201400007951;14;7;26;1800;1;1;3;1;1;56;;M;4463897;644491;50
201400007952;14;8;12;1315;1;1;1;1;6;95;;M;4469917;599781;50
201400007953;14;8;19;1045;1;1;1;1;4;96;5170;M;4468411;632802;50
201400007954;14;10;12;1815;2;1;1;1;1;4;;M;4462313;616713;50
201400007955;14;11;15;915;1;1;1;4;7;96;;M;4469204;632024;50
201400007956;14;12;11;945;1;1;1;9;6;4;;M;4461788;618095;50
201400007957;14;3;9;1900;5;2;1;1;1;115;;M;4446782;616758;50
201400007958;14;5;4;1215;1;1;1;1;5;11;;M;4454559;619839;50
201400007959;14;8;12;1600;1;1;1;1;3;68;;M;4447818;609661;50
201400007960;14;9;19;1950;2;1;1;1;5;176;;M;4447316;612586;50
201400007961;14;2;8;600;2;1;1;5;7;16;5700;M;4446600;574938;50
201400007962;14;4;28;1415;1;1;1;1;6;10;;M;4455543;576734;50
201400007963;14;5;7;1800;1;1;1;2;7;87;;M;4459517;585809;50
201400007964;14;5;30;1515;1;1;1;8;1;179;;M;4452461;580389;50
201400007965;14;6;3;2000;1;1;1;1;6;35;;M;4450411;584924;50
201400007966;14;2;28;1530;1;1;1;4;7;164;;M;4437566;637565;50
201400007967;14;5;11;1030;1;1;1;3;6;45;;M;4454158;647791;50
201400007968;14;5;16;1630;1;1;6;1;1;46;;M;4458620;651329;50
201400007969;14;5;18;1815;1;1;9;1;1;46;;M;4458952;651387;50
201400007970;14;6;16;1545;1;1;1;1;5;45;;M;4453626;646993;50
201400007971;14;8;5;2300;3;1;1;1;1;163;;M;4449976;634563;50
201400007972;14;8;29;1915;2;1;1;1;7;164;;M;4454605;638415;50
201400007973;14;9;1;1545;1;1;1;1;2;45;;M;4453167;643918;50
201400007974;14;6;23;145;3;1;1;1;6;157;;M;4470380;685510;50
201400007975;14;5;26;1530;1;1;3;1;3;124;;M;4457734;614895;50
201400007976;14;8;24;300;3;1;1;1;7;84;;M;4455688;623680;50
201400007977;14;4;20;515;3;1;1;1;7;177;;M;4458184;668360;50
201400007978;14;6;1;1515;1;2;1;7;7;65;Face au chalet Alpin;M;4466017;665339;50
201400007979;14;8;8;915;1;2;1;1;2;52;rue de l'astragale;M;4467840;661764;50
201400007980;14;8;12;1430;1;2;1;1;2;52;RN94;M;4467701;661640;50
201400007981;14;8;19;115;3;2;1;1;7;26;D60;M;4466482;677557;50
201400007982;14;9;30;1315;1;1;1;2;1;65;;M;4465685;663400;50
201400007983;14;9;30;1830;2;1;1;2;1;65;;M;4466525;666525;50