num_acc;an;mois;jour;hrmn;lum;agg;int;atm;col;com;adr;gps;lat;long;dep
201400007984;14;2;26;1945;4;1;1;1;1;48;;M;0;0;60
201400007985;14;6;15;2200;3;1;1;1;7;43;;M;0;0;60
201400007986;14;8;19;815;1;2;1;1;3;48;;M;0;0;60
201400007987;14;9;5;1900;1;1;1;1;1;43;;M;0;0;60
201400007988;14;9;7;1345;1;2;1;1;3;48;Route de la Vern?a;M;0;0;60
201400007989;14;10;28;1700;2;2;7;1;6;48;PLACE JEAN ALLARDI;M;0;0;60
201400007990;14;11;28;830;1;1;1;8;3;48;;M;0;0;60
201400007991;14;3;29;1200;1;1;9;1;3;91;;M;0;0;60
201400007992;14;10;23;1030;1;2;8;1;6;57;06440 l'escar?ne;M;0;0;60
201400007993;14;10;29;945;1;1;1;1;6;57;;M;0;0;60
201400007994;14;10;29;1630;1;1;1;1;6;57;;M;0;0;60
201400007995;14;11;18;1545;1;1;1;1;7;77;;M;0;0;60
201400007996;14;12;8;1100;1;2;1;1;2;91;route de la grave;M;0;0;60
201400007997;14;5;31;630;1;1;1;1;6;75;;M;4383300;725700;60
201400007998;14;6;20;1030;1;1;1;1;1;75;;M;4383100;723700;60
201400007999;14;9;25;1930;3;1;1;1;7;147;;M;4380300;727700;60
201400008000;14;11;26;1800;5;2;1;2;3;75;670 av charles de gaulle;M;4385800;723300;60
201400008001;14;9;30;1545;1;1;1;2;6;103;;M;4401000;730900;60
201400008002;14;10;14;1015;1;1;1;3;5;151;;M;0;0;60
201400008003;14;11;24;830;1;1;1;1;1;151;;M;0;0;60
201400008004;14;11;19;730;5;2;1;1;6;149;57 Bd De Gaulle;M;0;0;60
201400008005;14;7;23;1230;1;1;1;1;1;54;;M;0;0;60
201400008006;14;1;27;1700;1;2;1;1;6;79;Bld de la lib?ration;M;0;0;60
201400008007;14;2;14;1630;1;1;1;1;6;79;;M;0;0;60
201400008008;14;4;4;945;1;2;1;9;5;79;route feinerie mandelieu;M;0;0;60
201400008009;14;4;22;1600;1;2;1;1;6;90;2855 route de la f?nerie;M;0;0;60
201400008010;14;4;24;1130;1;2;1;1;1;79;D6098;M;0;0;60
201400008011;14;5;7;2045;5;2;1;1;1;79;Avenue Henry Clews;M;0;0;60
201400008012;14;5;13;945;1;1;1;1;1;79;;M;0;0;60
201400008013;14;6;13;1430;1;1;1;1;6;138;;M;0;0;60
201400008014;14;7;1;1430;1;2;1;1;1;90;;M;0;0;60
201400008015;14;7;16;1245;1;1;1;7;1;90;;M;0;0;60
201400008016;14;7;17;1830;1;2;1;1;3;79;Avenue de Fr?jus;M;0;0;60
201400008017;14;7;20;1300;1;2;1;1;3;79;avenue de la r?publique;M;0;0;60
201400008018;14;7;25;1045;1;1;1;1;1;79;;M;0;0;60
201400008019;14;8;7;900;1;2;1;1;1;138;2 RUE DE LERINS;M;0;0;60
201400008020;14;8;28;1915;1;2;1;1;7;90;avenue frederic mistral;M;0;0;60
201400008021;14;8;30;1530;1;2;1;1;3;79;av de fr?jus;M;0;0;60
201400008022;14;10;3;700;2;1;1;2;1;138;;M;0;0;60
201400008023;14;10;11;1745;1;1;1;1;1;79;;M;0;0;60
201400008024;14;10;23;1600;1;2;6;1;7;79;rond point de l'espace;M;0;0;60
201400008025;14;10;26;1045;1;1;1;1;5;79;;M;0;0;60
201400008026;14;12;11;1930;5;2;1;1;6;79;avenue du capitaine de c;M;0;0;60
201400008027;14;1;15;1500;1;1;1;1;7;70;;M;0;0;60
201400008028;14;4;12;1030;1;1;1;1;2;28;;M;0;0;60
201400008029;14;6;16;1415;1;1;1;1;7;81;;M;0;0;60
201400008030;14;6;21;1800;1;1;1;1;7;134;;M;0;0;60
201400008031;14;7;4;1645;1;1;1;1;7;134;;M;0;0;60
201400008032;14;7;18;1930;1;1;1;1;3;154;;M;0;0;60
201400008033;14;7;27;1845;1;1;1;1;7;70;;M;0;0;60
201400008034;14;10;5;1615;1;1;1;1;5;134;;M;0;0;60
201400008035;14;12;25;1630;1;1;1;1;6;3;;M;0;0;60
201400008036;14;9;13;315;5;1;1;1;6;17;;M;4380900;710000;60
201400008037;14;9;21;1145;1;2;1;1;3;128;528 route de la colle;M;4370200;711700;60
201400008038;14;10;25;900;1;2;1;1;6;157;953 rte de saint jeannet;M;4373900;712900;60
201400008039;14;11;30;1745;5;2;1;1;7;157;avenue henri giraud;M;0;0;60
201400008040;14;4;6;1245;1;1;1;1;6;109;;M;0;0;60
201400008041;14;6;16;1945;1;1;1;1;1;33;;M;0;0;60
201400008042;14;8;10;1115;1;1;1;1;1;6;;M;0;0;60
201400008043;14;10;29;1830;5;2;9;1;6;64;Rond point de La Manda;M;0;0;60
201400008044;14;1;27;1045;1;1;1;1;6;163;;M;0;0;60
201400008045;14;4;26;1130;1;1;1;1;6;23;;M;4395300;751600;60
201400008046;14;6;20;1630;1;1;1;1;6;163;;M;0;0;60
201400008047;14;6;22;1600;1;1;1;1;1;905;;M;0;0;60
201400008048;14;8;10;1100;1;1;1;1;6;163;;M;0;0;60
201400008049;14;8;17;1230;1;1;1;1;3;163;;M;0;0;60
201400008050;14;10;16;1445;1;1;1;1;6;23;;M;0;0;60
201400008051;14;10;28;1630;1;2;1;1;6;23;287 route de la madonne;M;0;0;60
201400008052;14;11;7;1115;1;2;1;1;6;23;boulevard jean jaures;M;0;0;60
201400008053;14;12;5;1215;1;1;1;1;6;62;;M;0;0;60
201400008054;14;4;19;1215;1;2;1;1;1;32;avenue du 3 septembre;M;0;0;60
201400008055;14;5;8;815;1;1;1;1;3;150;;M;0;0;60
201400008056;14;7;3;1415;1;2;1;1;1;32;avenue trois septembre;M;0;0;60
201400008057;14;9;16;930;1;1;1;1;1;150;;M;0;0;60
201400008058;14;12;2;2245;5;2;1;1;6;32;5 Av Prince.RAINIER III;M;0;0;60
201400008059;14;12;18;1530;1;1;1;1;5;150;;M;0;0;60
201400008060;14;6;21;1600;1;1;1;1;6;99;;M;0;0;60
201400008061;14;8;7;1600;1;1;1;1;1;144;;M;0;0;60
201400008062;14;8;19;1700;1;1;1;1;5;101;;M;4393300;694000;60
201400008063;14;9;7;1630;1;2;9;1;3;158;villars gare;M;0;0;60
201400008064;14;1;13;845;1;1;1;1;7;135;;M;4388100;697800;60
201400008065;14;6;9;1500;1;1;1;1;1;106;;M;4383500;718300;60
201400008066;14;6;26;745;1;2;1;1;1;97;1972 ch. vieux pierrefeu;M;4387100;709100;60
201400008067;14;8;24;415;3;1;1;1;6;135;;M;0;0;60
201400008068;14;10;19;1745;1;1;1;1;1;141;;M;0;0;60
201400008069;14;1;22;1815;3;1;1;1;3;42;;M;0;0;60
201400008070;14;9;28;1715;1;1;1;1;6;73;;M;0;0;60
201400008071;14;12;30;1645;2;1;1;1;7;129;;M;0;0;60
201400008072;14;12;31;1015;1;1;1;1;1;73;;M;0;0;60
201400008073;14;1;16;1145;1;1;1;4;3;120;;M;0;0;60
201400008074;14;2;18;1715;1;1;1;1;1;4;;M;0;0;830
201400008075;14;2;18;1720;1;1;1;1;3;4;;M;0;0;830
201400008076;14;3;1;145;5;2;1;1;6;86;Bd de la lliberation;M;0;0;830
201400008077;14;3;4;1800;2;1;1;1;3;148;;M;0;0;830
201400008078;14;4;1;730;1;2;1;1;5;148;RN7 face impasse p?ade;M;0;0;830
201400008079;14;5;6;2300;5;2;1;1;6;86;Boulevard des ferrieres;M;4347625;654524;830
201400008080;14;5;11;1515;1;1;1;1;5;4;;M;0;0;830
201400008081;14;7;11;1230;1;1;1;1;7;4;;M;0;0;830
201400008082;14;7;17;1715;1;1;6;1;3;86;;M;0;0;830
201400008083;14;9;17;830;5;2;1;1;6;86;Route de la Motte;M;0;0;830
201400008084;14;2;18;1800;2;1;1;1;3;56;;M;0;0;830
201400008085;14;5;24;1745;1;1;1;1;2;28;;M;0;0;830
201400008086;14;8;4;1830;1;1;1;1;6;20;;M;0;0;830
201400008087;14;8;5;1745;1;1;1;1;7;28;;M;0;0;830
201400008088;14;8;17;1645;1;1;1;1;7;82;;M;0;0;830
201400008089;14;8;30;1545;1;1;1;1;7;40;;M;4380345;661075;830
201400008090;14;9;7;930;1;1;1;1;1;28;;M;0;0;830
201400008091;14;11;27;1730;3;1;1;3;7;56;;M;0;0;830
201400008092;14;1;28;1000;1;1;1;1;3;55;;M;0;0;830
201400008093;14;5;6;1145;1;1;1;1;6;138;Chemin des Crouis;M;4358931;672997;830
201400008094;14;6;5;1430;1;2;1;1;2;124;626 route de bargemon;M;0;0;830
201400008095;14;7;30;1815;1;1;1;1;1;29;Quartier Les prairies;M;0;0;830
201400008096;14;9;2;1800;1;2;1;1;3;81;chemin de la barriere;M;0;0;830
201400008097;14;9;8;1600;1;2;1;1;6;124;3 rue de la font d'amont;M;4363674;664260;830
201400008098;14;9;8;1830;1;2;1;1;7;138;171 chemin des termes;M;4361879;670115;830
201400008099;14;10;4;2115;3;2;1;8;3;138;Rd 19;M;0;0;830
201400008100;14;11;18;1030;1;1;1;1;7;138;;M;0;0;830
201400008101;14;12;11;845;1;1;1;1;1;81;;M;0;0;830
201400008102;14;1;31;1730;2;2;1;1;6;72;22 Boulevard clemenceau;M;4349309;636151;830
201400008103;14;3;25;1515;1;1;1;1;2;136;;M;0;0;830
201400008104;14;4;1;1045;1;2;1;1;6;72;360 route des arcs;M;0;0;830
201400008105;14;6;14;815;1;1;1;1;1;58;;M;0;0;830
201400008106;14;7;22;1345;1;1;1;1;1;72;;M;0;0;830
201400008107;14;10;23;1645;1;1;1;1;1;72;;M;0;0;830
201400008108;14;3;17;1615;1;2;1;1;3;67;RD97;M;0;0;830
201400008109;14;3;19;1715;1;1;1;1;2;31;;M;4342200;632700;830
201400008110;14;3;30;1845;1;1;1;1;6;67;;M;0;0;830
201400008111;14;5;24;415;3;1;1;1;6;73;;M;0;0;830
201400008112;14;8;10;1230;1;1;1;1;2;31;;M;0;0;830
201400008113;14;9;14;2215;1;1;1;1;7;73;;M;0;0;830
201400008114;14;10;8;800;2;1;1;1;6;73;;M;0;0;830
201400008115;14;10;10;1745;1;1;1;1;1;18;;M;4356100;638400;830
201400008116;14;11;21;1545;1;1;1;1;1;31;;M;0;0;830
201400008117;14;7;21;1945;1;1;1;1;1;7;;M;0;0;830
201400008118;14;8;25;2215;3;1;1;1;7;121;;M;0;0;830
201400008119;14;9;20;1;4;1;1;1;7;121;;M;4358300;620000;830
201400008120;14;1;18;1845;3;2;1;2;6;23;Quartier St Jean;M;4340690;604940;830
201400008121;14;1;20;1745;5;2;1;1;6;23;av des berges;M;4340950;606300;830
201400008122;14;3;11;1530;1;1;1;1;3;143;;M;0;0;830
201400008123;14;3;16;900;1;2;1;1;6;23;Chemin des ADRETS;M;4341608;606153;830
201400008124;14;5;13;1745;1;1;1;1;1;143;;M;0;0;830
201400008125;14;5;14;1830;1;2;1;7;1;143;ROUTE DE VINS SUR CARAMY;M;0;0;830
201400008126;14;5;16;1115;1;1;1;1;1;23;;M;0;0;830
201400008127;14;5;17;1930;1;2;1;1;6;23;chemin de ceinture;M;4341006;605247;830
201400008128;14;5;30;1800;2;1;1;3;3;23;;M;0;0;830
201400008129;14;6;3;845;1;2;1;1;3;23;Chemin saint-jean;M;4340630;604976;830
201400008130;14;6;24;915;1;1;1;1;3;37;;M;0;0;830
201400008131;14;9;26;1930;2;1;1;1;1;143;;M;0;0;830
201400008132;14;10;22;1300;1;2;1;1;6;143;2240 Route de Carces;M;0;0;830
201400008133;14;10;29;1545;1;1;1;1;2;23;;M;0;0;830
201400008134;14;10;30;1930;3;1;1;1;2;23;;M;0;0;830
201400008135;14;10;28;1415;1;2;1;1;3;84;ROUTE DEPARTEMENTALE 13;M;0;0;830
201400008136;14;11;11;745;2;1;1;3;1;12;;M;0;0;830
201400008137;14;1;15;1015;1;1;1;1;6;150;;M;0;0;830
201400008138;14;4;17;1045;1;1;1;1;7;113;;M;0;0;830
201400008139;14;8;13;530;2;1;1;1;6;6;;M;0;0;830
201400008140;14;10;7;1015;1;2;1;1;7;150;90 rue saint andr?;M;0;0;830
201400008141;14;11;5;815;3;1;1;1;1;104;;M;0;0;830
201400008142;14;11;8;330;3;1;1;1;7;104;;M;0;0;830
201400008143;14;1;4;2045;3;1;1;2;1;77;;M;0;0;830
201400008144;14;1;8;1615;1;1;1;1;3;59;;M;0;0;830
201400008145;14;1;14;330;3;1;1;1;7;106;;M;0;0;830
201400008146;14;2;23;1200;1;1;1;1;2;77;;M;0;0;830
201400008147;14;2;23;1500;1;1;1;1;7;77;;M;0;0;830
201400008148;14;3;7;1330;1;1;1;1;7;77;;M;0;0;830
201400008149;14;3;12;2015;3;1;1;1;6;77;;M;0;0;830
201400008150;14;3;15;1545;1;1;1;1;7;76;;M;0;0;830
201400008151;14;4;13;1800;1;1;1;1;1;108;;M;0;0;830
201400008152;14;4;14;645;1;2;1;1;3;77;LA SOURCE;M;0;0;830
201400008153;14;4;28;1930;1;1;1;1;6;64;;M;0;0;830
201400008154;14;5;25;1115;1;2;1;1;3;88;rue republique;M;4331072;601168;830
201400008155;14;7;22;2245;3;1;1;1;6;77;;M;0;0;830
201400008156;14;7;29;1845;1;1;1;1;6;106;;M;0;0;830
201400008157;14;8;8;2145;3;1;1;1;6;108;;M;0;0;830
201400008158;14;8;10;1745;1;1;1;1;5;77;;M;0;0;830
201400008159;14;9;13;1630;1;1;1;1;3;108;;M;0;0;830
201400008160;14;9;25;615;5;2;1;1;6;59;;M;0;0;830
201400008161;14;10;2;1645;1;1;1;1;2;59;;M;0;0;830
201400008162;14;10;18;1145;1;1;1;1;7;77;;M;0;0;830
201400008163;14;10;22;1600;1;2;1;1;1;64;;M;0;0;830
201400008164;14;11;16;930;3;1;1;1;6;106;;M;0;0;830
201400008165;14;11;17;2230;3;1;1;1;7;108;;M;0;0;830
201400008166;14;11;23;1630;1;2;1;1;6;108;D 64 PR 4+900;M;0;0;830
201400008167;14;12;22;245;3;1;1;1;6;59;;M;0;0;830
201400008168;14;12;23;1300;1;1;2;1;3;64;;M;0;0;830
201400008169;14;1;28;845;1;2;1;1;5;116;deviation d560 a;M;0;0;830
201400008170;14;2;10;1845;3;1;1;1;3;140;;M;0;0;830
201400008171;14;2;28;645;3;1;1;1;6;140;;M;0;0;830
201400008172;14;3;26;1345;1;1;1;1;5;125;;M;0;0;830
201400008173;14;3;27;1645;1;1;1;1;4;97;;M;0;0;830
201400008174;14;5;7;1200;1;2;1;1;6;116;ROUTE DE NICE RN7;M;0;0;830
201400008175;14;7;7;2215;3;1;1;1;6;89;;M;0;0;830
201400008176;14;9;6;1015;1;1;1;1;3;116;;M;0;0;830
201400008177;14;11;5;2045;3;1;1;1;1;125;;M;0;0;830
201400008178;14;11;21;1700;2;1;1;1;1;116;;M;0;0;830
201400008179;14;1;25;1345;1;1;1;1;1;107;;M;0;0;830
201400008180;14;2;3;715;2;1;1;1;3;107;Route de marchandise;M;4346464;663639;830
201400008181;14;3;4;1530;1;1;1;1;6;107;;M;0;0;830
201400008182;14;4;5;130;3;1;1;1;7;107;;M;0;0;830
201400008183;14;4;6;1215;1;1;1;1;6;107;;M;4342100;667400;830
201400008184;14;4;11;1730;1;1;1;1;3;107;;M;0;0;830
201400008185;14;4;19;1500;1;1;1;1;6;1;;M;0;0;830
201400008186;14;5;9;900;1;1;1;1;1;107;;M;0;0;830
201400008187;14;5;12;1530;1;1;1;1;6;1;;M;4355200;679100;830
201400008188;14;5;12;1115;1;1;1;1;1;107;;M;0;0;830
201400008189;14;5;17;1615;1;1;1;1;2;107;;M;0;0;830
201400008190;14;6;16;1730;1;2;1;1;6;107;1130 chemin des fourques;M;4346095;662643;830
201400008191;14;6;20;1700;1;1;1;1;1;99;;M;0;0;830
201400008192;14;7;8;1530;1;1;1;1;1;107;;M;0;0;830
201400008193;14;7;12;1645;1;1;1;2;7;107;;M;4345900;661800;830
201400008194;14;8;19;2130;3;1;1;1;1;107;;M;4343700;665300;830
201400008195;14;8;22;545;3;1;1;1;1;99;;M;0;0;830
201400008196;14;8;29;1015;1;1;9;1;6;107;;M;4346000;661000;830
201400008197;14;10;23;1915;5;2;1;1;2;99;RN 7 - PK 91.200;M;0;0;830
201400008198;14;11;8;1545;1;2;1;1;6;99;RN 7 - PK croissant;M;0;0;830
201400008199;14;12;18;745;2;1;1;1;1;99;;M;0;0;830
201400008200;14;1;12;2015;5;2;1;1;6;42;avenue de la cauquiere;M;4324800;653000;830
201400008201;14;1;19;2015;5;1;1;2;7;68;;M;0;0;830
201400008202;14;4;5;2045;5;2;1;1;1;42;Carrefour des bastides;M;4324000;653300;830
201400008203;14;4;6;1715;1;1;1;1;1;63;;M;4329300;648900;830
201400008204;14;6;23;915;1;1;1;1;2;68;;M;0;0;830
201400008205;14;7;12;930;1;1;1;1;6;68;;M;0;0;830
201400008206;14;7;18;1630;1;1;1;1;5;42;;M;0;0;830
201400008207;14;7;22;1500;1;1;1;1;3;63;;M;4350000;681800;830
201400008208;14;8;1;1800;1;1;1;1;1;63;;M;4333800;642300;830
201400008209;14;8;10;230;3;1;1;1;2;68;;M;0;0;830
201400008210;14;8;10;945;1;1;1;1;3;68;;M;0;0;830
201400008211;14;8;20;730;1;1;1;1;1;63;;M;4350400;679200;830
201400008212;14;9;12;2330;3;1;1;1;7;63;;M;4328800;648900;830
201400008213;14;9;14;715;1;1;1;1;6;42;;M;0;0;830
201400008214;14;9;16;800;1;1;6;1;3;68;;M;0;0;830
201400008215;14;9;18;830;1;1;1;1;3;42;;M;4375400;655600;830
201400008216;14;10;1;1345;1;1;1;1;2;42;;M;4327000;650300;830
201400008217;14;10;15;1145;1;1;1;1;3;42;;M;4343000;693700;830
201400008218;14;10;23;1115;1;1;1;1;1;63;;M;4356700;681000;830
201400008219;14;11;12;1715;2;1;1;2;2;68;;M;0;0;830
201400008220;14;12;15;1815;3;1;1;1;7;42;;M;4322000;650200;830
201400008221;14;12;17;715;2;1;1;1;1;68;;M;0;0;830
201400008222;14;12;30;1745;5;2;1;1;3;68;RD559,;M;4328400;659100;830
201400008223;14;1;2;1530;1;1;1;2;1;107;;M;4335100;667500;830
201400008224;14;3;2;1700;1;1;1;1;6;115;;M;0;0;830
201400008225;14;3;6;1800;1;1;1;1;1;107;;M;4335086;667487;830
201400008226;14;4;12;2300;5;2;1;1;6;115;avenue 8 mai 45;M;0;0;830
201400008227;14;5;6;1445;1;2;1;1;6;115;avenue du 8 mai 1945;M;0;0;830
201400008228;14;5;30;745;1;1;1;1;2;115;;M;0;0;830
201400008229;14;6;1;1730;1;2;6;1;1;115;route du plan de la tour;M;4332300;660100;830
201400008230;14;6;5;1600;1;2;1;1;2;115;22 avenue georges pompid;M;4330600;662900;830
201400008231;14;7;10;1830;1;2;1;1;1;107;San Peire les issambres;M;0;0;830
201400008232;14;8;28;1600;1;2;1;1;1;115;33-35 D559  83120 Ste Ma;M;4329100;661900;830
201400008233;14;9;2;2145;5;2;1;1;6;115;avenue Raoul Nordling;M;0;0;830
201400008234;14;10;9;2315;3;1;1;1;5;115;;M;4339000;658400;830
201400008235;14;1;27;1345;1;1;1;1;3;65;;M;0;0;830
201400008236;14;1;28;1345;1;1;9;1;3;65;;M;4326214;657475;830
201400008237;14;2;11;800;1;1;1;1;6;119;Route des salins;M;4326648;665020;830
201400008238;14;5;25;230;5;1;1;1;3;119;;M;4326800;663400;830
201400008239;14;5;27;1745;1;1;1;1;1;101;;M;4322500;665100;830
201400008240;14;6;6;915;1;1;1;1;1;65;;M;4325700;657200;830
201400008241;14;6;16;1645;1;1;1;1;6;101;;M;4323663;664978;830
201400008242;14;6;17;2015;5;1;1;1;6;65;;M;0;0;830
201400008243;14;6;17;1400;1;1;1;1;2;119;34 AV LECLERC;M;4326800;663300;830
201400008244;14;7;22;1;3;1;1;1;2;119;;M;4325300;663400;830
201400008245;14;7;23;1130;1;2;1;1;1;101;chemin des ayguiers;M;4319230;603559;830
201400008246;14;7;15;1830;1;2;1;1;6;119;Quai Frederic Mistral;M;4327100;663700;830
201400008247;14;8;8;830;1;1;1;1;3;119;;M;0;0;830
201400008248;14;8;12;1600;1;1;1;1;3;119;;M;0;0;830
201400008249;14;8;16;400;5;2;1;1;2;119;9 av du General LECLERC;M;4326920;663549;830
201400008250;14;8;23;1800;1;1;1;1;6;65;;M;0;0;830
201400008251;14;8;28;1415;1;2;1;1;2;119;48 route des salins;M;4326603;665278;830
201400008252;14;9;16;815;1;1;1;1;2;65;;M;0;0;830
201400008253;14;10;2;900;1;1;1;7;6;101;;M;4322651;665086;830
201400008254;14;10;3;1000;1;2;1;1;7;119;Traverse du marbrier;M;4327009;663619;830
201400008255;14;10;14;830;1;1;1;3;3;65;;M;0;0;830
201400008256;14;10;16;800;1;1;1;1;4;65;;M;4325800;661000;830
201400008257;14;10;25;1200;1;1;1;1;1;65;;M;0;0;830
201400008258;14;11;15;415;5;1;1;3;6;65;;M;4325800;660600;830
201400008259;14;1;22;645;3;1;1;1;6;35;;M;0;0;830
201400008260;14;2;17;1730;1;1;1;1;1;35;;M;0;0;830
201400008261;14;4;5;945;1;1;1;1;5;16;;M;0;0;830
201400008262;14;4;11;2015;3;1;1;1;1;127;;M;0;0;830
201400008263;14;8;5;1600;1;1;1;1;1;127;;M;0;0;830
201400008264;14;11;17;2200;3;1;1;1;1;127;;M;0;0;830
201400008265;14;5;27;745;1;1;1;7;3;47;;M;0;0;830
201400008266;14;5;28;1745;1;1;9;1;1;47;;M;0;0;830
201400008267;14;9;21;1830;1;2;1;1;3;47;Av General de Gaulle;M;0;0;830
201400008268;14;9;21;2100;5;1;1;1;1;47;;M;0;0;830
201400008269;14;10;28;1200;1;1;1;1;6;47;;M;4323500;613400;830
201400008270;14;10;29;1045;1;1;3;1;3;47;;M;0;0;830
201400008271;14;11;16;1715;2;1;1;1;1;47;;M;0;0;830
201400008272;14;12;30;2130;3;1;1;1;1;47;;M;0;0;830
201400008273;14;3;10;1215;1;1;1;1;4;71;;M;0;0;830
201400008274;14;5;29;2045;2;2;3;1;1;71;Avenue General de Gaulle;M;0;0;830
201400008275;14;7;17;945;1;1;1;1;1;71;;M;0;0;830
201400008276;14;9;11;1630;1;2;1;1;7;71;boulevard louis bernard;M;0;0;830
201400008277;14;9;15;1630;1;2;1;1;6;71;851 AVENUE DU GENERAL DE;M;0;0;830
201400008278;14;11;10;1615;1;1;1;1;3;71;;M;0;0;830
201400008279;14;1;6;1345;1;2;1;1;7;27;CD66 avenue henri jeanso;M;0;0;830
201400008280;14;3;7;1530;1;1;1;1;1;112;;M;4317973;569789;830
201400008281;14;4;5;1645;1;1;1;1;6;112;;M;0;0;830
201400008282;14;5;18;1900;1;2;6;1;2;112;ROND POINT DE SORBA;M;0;0;830
201400008283;14;5;30;1815;1;2;1;1;6;112;323 av du marechal JUIN;M;0;0;830
201400008284;14;6;4;345;5;2;1;1;6;112;avenue tauroemtum;M;0;0;830
201400008285;14;7;27;1100;1;2;1;7;6;112;CD559, rte de LA CIOTAT;M;0;0;830
201400008286;14;8;21;1400;1;1;1;1;1;112;;M;0;0;830
201400008287;14;9;11;1045;1;1;1;1;3;112;;M;0;0;830
201400008288;14;5;22;1845;1;1;1;2;1;81;;M;0;0;840
201400008289;14;5;27;1730;1;2;1;1;3;34;Route de Gadagne;M;0;0;840
201400008290;14;7;8;715;1;1;1;1;2;119;;M;0;0;840
201400008291;14;9;3;145;3;1;1;1;7;119;;M;0;0;840
201400008292;14;9;15;1930;3;2;1;3;1;141;CD53;M;0;0;840
201400008293;14;9;29;1715;1;1;1;1;1;141;;M;0;0;840
201400008294;14;10;14;715;2;2;1;1;2;141;Cous marechal leclerc;M;0;0;840
201400008295;14;10;27;515;5;2;1;1;6;36;;M;0;0;840
201400008296;14;11;1;530;3;1;1;5;6;34;;M;0;0;840
201400008297;14;11;16;345;3;1;1;1;7;141;;M;0;0;840
201400008298;14;1;10;915;1;1;2;1;1;132;;M;4395569;498493;840
201400008299;14;1;17;1930;3;2;1;1;1;54;route de fontaine;M;4392581;506594;840
201400008300;14;1;20;2215;3;1;1;1;1;132;;M;0;0;840
201400008301;14;3;28;2315;3;1;1;1;7;54;;M;0;0;840
201400008302;14;4;7;800;1;1;2;1;3;54;;M;0;0;840
201400008303;14;5;7;2130;5;1;1;1;7;54;;M;0;0;840
201400008304;14;5;20;1545;1;2;1;1;5;54;route d'APT;M;0;0;840
201400008305;14;6;13;1215;1;2;9;1;3;132;Chemin Saint michel;M;0;0;840
201400008306;14;7;16;1615;1;1;1;1;7;124;;M;0;0;840
201400008307;14;7;23;945;1;1;1;1;1;54;;M;0;0;840
201400008308;14;8;1;845;1;2;3;1;2;54;D25;M;4392626;506435;840
201400008309;14;8;18;1845;1;1;1;1;6;54;;M;0;0;840
201400008310;14;8;21;1445;1;2;1;1;1;54;D25;M;0;0;840
201400008311;14;8;29;2245;3;1;1;1;3;54;;M;0;0;840
201400008312;14;9;11;1815;1;1;1;1;7;124;;M;0;0;840
201400008313;14;9;22;2100;3;1;1;1;3;132;;M;0;0;840
201400008314;14;10;4;1830;1;2;1;1;6;54;AVENUE JEAN MONNET;M;0;0;840
201400008315;14;10;8;1600;1;2;1;1;3;54;cour fernande peyre;M;0;0;840
201400008316;14;10;9;945;1;1;1;1;2;132;;M;0;0;840
201400008317;14;10;10;1545;1;1;1;1;1;54;;M;0;0;840
201400008318;14;10;14;800;1;2;1;1;6;54;cours Rene CHAR;M;0;0;840
201400008319;14;10;18;2030;5;2;1;1;2;54;cours Fernande PEYRE;M;0;0;840
201400008320;14;10;23;1300;1;2;1;1;1;54;avenue de l'egalite;M;0;0;840
201400008321;14;12;2;1745;3;1;1;6;1;132;;M;0;0;840
201400008322;14;12;10;1145;1;1;1;1;1;54;;M;0;0;840
201400008323;14;2;2;330;5;1;1;8;2;92;;M;0;0;840
201400008324;14;2;9;1530;1;2;1;1;6;92;avenue Charles de Gaulle;M;0;0;840
201400008325;14;3;18;945;1;2;9;8;6;92;Parking Picard;M;0;0;840
201400008326;14;3;28;1330;1;2;1;1;6;92;avenue Theophile Delorm;M;0;0;840
201400008327;14;5;13;1000;1;2;1;1;3;92;48 Av. Charles de Gaulle;M;0;0;840
201400008328;14;6;6;1600;1;2;1;1;2;92;avenue Charles de Gaulle;M;0;0;840
201400008329;14;10;19;2015;5;2;9;1;1;92;ROND POINT DE GIGA;M;0;0;840
201400008330;14;10;21;945;1;1;1;7;6;92;;M;0;0;840
201400008331;14;1;10;815;1;1;1;5;6;129;;M;0;0;840
201400008332;14;3;28;1500;1;2;1;1;1;129;chemin de castillon;M;0;0;840
201400008333;14;4;16;1100;1;1;1;1;1;16;;M;0;0;840
201400008334;14;5;30;1515;1;1;1;1;6;129;;M;0;0;840
201400008335;14;6;26;1530;1;1;1;1;2;129;;M;0;0;840
201400008336;14;7;10;1200;1;1;1;1;2;129;;M;0;0;840
201400008337;14;8;29;1230;1;2;1;1;2;129;Avenue Avignon;M;0;0;840
201400008338;14;9;3;945;1;2;1;1;6;129;rue de la Republique;M;0;0;840
201400008339;14;9;8;1630;1;2;1;1;6;129;Route de Monteux;M;0;0;840
201400008340;14;9;10;1945;2;2;9;1;6;129;route de Bedarrides;M;0;0;840
201400008341;14;11;8;1630;1;2;1;1;7;129;avenue d'orange;M;0;0;840
201400008342;14;12;31;1445;1;1;1;6;1;129;;M;0;0;840
201400008343;14;1;15;915;1;2;1;7;6;3;Avenue de Saignon;M;0;0;840
201400008344;14;3;5;1545;1;1;1;1;6;112;;M;0;0;840
201400008345;14;3;23;1015;1;2;1;1;7;3;rue des Paou;M;0;0;840