num_acc;an;mois;jour;hrmn;lum;agg;int;atm;col;com;adr;gps;lat;long;dep
201400008346;14;4;26;1145;1;1;1;1;1;3;;M;0;0;840
201400008347;14;4;28;2015;1;1;1;1;1;118;;M;0;0;840
201400008348;14;7;27;1730;1;1;9;1;7;32;;M;0;0;840
201400008349;14;11;22;2230;5;1;1;1;6;3;;M;0;0;840
201400008350;14;11;27;1845;2;1;1;2;5;3;;M;0;0;840
201400008351;14;5;22;1715;1;1;1;8;4;74;;M;0;0;840
201400008352;14;8;23;1430;1;1;1;1;1;68;;M;0;0;840
201400008353;14;8;26;2045;2;1;1;1;1;74;;M;0;0;840
201400008354;14;9;28;845;2;2;1;1;6;147;CHEMIN DES CURATES;M;0;0;840
201400008355;14;10;15;1045;1;1;1;1;2;26;;M;0;0;840
201400008356;14;2;5;1300;1;1;1;3;6;51;;M;0;0;840
201400008357;14;4;26;1815;1;1;1;1;2;50;;M;0;0;840
201400008358;14;5;24;1845;1;1;2;1;3;57;;M;0;0;840
201400008359;14;11;23;1115;1;1;1;1;3;20;;M;0;0;840
201400008360;14;12;12;2115;5;2;1;1;1;50;RD2, les imberts;M;0;0;840
201400008361;14;12;26;1545;2;1;1;7;1;20;;M;0;0;840
201400008362;14;1;14;1030;1;2;1;1;6;133;BLD ANTOINE DE TRES;M;0;0;840
201400008363;14;2;6;645;2;1;1;9;6;76;;M;0;0;840
201400008364;14;5;31;245;3;1;1;1;6;89;;M;0;0;840
201400008365;14;6;2;2230;1;2;1;1;6;89;cours de la republique;M;0;0;840
201400008366;14;6;16;1915;1;1;1;1;6;14;;M;0;0;840
201400008367;14;6;19;700;2;1;2;1;3;89;;M;0;0;840
201400008368;14;8;29;1430;1;1;1;1;1;2;;M;0;0;840
201400008369;14;10;21;1745;1;2;1;1;3;14;cours de Verdun / D 42;M;0;0;840
201400008370;14;10;24;1845;3;1;1;1;1;2;;M;0;0;840
201400008371;14;11;29;2300;5;2;1;2;3;89;Boulevard Jean Guigues;M;0;0;840
201400008372;14;5;28;1345;1;1;1;1;1;69;;M;0;0;840
201400008373;14;2;23;1515;1;1;1;1;6;148;;M;0;0;840
201400008374;14;5;20;2045;3;1;1;1;7;41;;M;0;0;840
201400008375;14;5;31;2030;1;2;6;1;7;30;rond point de l'europe;M;0;0;840
201400008376;14;6;11;1100;1;1;1;1;5;30;;M;0;0;840
201400008377;14;2;5;915;1;1;3;2;3;88;;M;0;0;840
201400008378;14;3;26;800;1;2;1;1;6;88;avenue paul de vivie;M;0;0;840
201400008379;14;8;27;1615;1;1;1;1;1;43;;M;0;0;840
201400008380;14;10;27;1645;1;1;1;1;2;43;;M;0;0;840
201400008381;14;1;25;1445;1;1;2;1;3;29;;M;0;0;840
201400008382;14;1;30;945;1;1;1;2;1;135;;M;0;0;840
201400008383;14;6;16;530;2;1;1;1;2;28;;M;0;0;840
201400008384;14;7;25;1800;1;1;2;2;3;29;;M;0;0;840
201400008385;14;12;17;1900;3;1;1;2;3;29;;M;0;0;840
201400008386;14;12;18;1730;1;1;1;1;1;83;;M;0;0;840
201400008387;14;1;27;1200;1;2;1;1;6;4;1395, chemin de Serres;M;4409144;501780;840
201400008388;14;4;3;1745;1;1;1;8;7;4;;M;0;0;840
201400008389;14;4;8;1045;1;2;9;1;6;136;route de carpentras;M;0;0;840
201400008390;14;5;3;1045;1;1;2;1;5;67;;M;0;0;840
201400008391;14;7;8;930;1;2;1;1;6;122;310 avenue M. Bastidon;M;0;0;840
201400008392;14;7;20;45;3;1;1;1;3;4;;M;0;0;840
201400008393;14;2;22;1200;1;1;1;1;6;78;;M;0;0;840
201400008394;14;4;13;1900;1;2;1;1;6;19;avenue jean Giono;M;0;0;840
201400008395;14;5;5;2015;2;2;1;1;6;19;avenue Jean Moulin;M;0;0;840
201400008396;14;5;18;530;2;1;1;1;7;78;;M;0;0;840
201400008397;14;6;16;1745;1;1;1;7;3;63;;M;0;0;840
201400008398;14;12;31;1915;1;2;1;1;6;137;vaison la romaine;M;0;0;840
201400008399;14;1;7;730;2;1;1;1;1;126;;M;0;0;840
201400008400;14;2;1;545;5;2;1;2;6;137;Avenue Ulysse Fabre;M;0;0;840
201400008401;14;2;23;1600;1;1;1;1;6;110;;M;0;0;840
201400008402;14;2;27;2200;5;2;1;1;6;137;Avenue Ulysse Fabre;M;0;0;840
201400008403;14;3;28;1900;2;2;1;1;2;137;avenue Marcel pagnol;M;0;0;840
201400008404;14;6;2;1600;1;1;1;1;1;126;;M;0;0;840
201400008405;14;7;16;1830;1;1;1;1;3;137;;M;0;0;840
201400008406;14;8;6;2100;3;2;1;1;7;137;D 938;M;0;0;840
201400008407;14;8;14;1945;1;1;1;1;7;137;;M;4426968;502610;840
201400008408;14;9;1;1500;1;1;1;1;1;15;;M;0;0;840
201400008409;14;11;6;45;3;1;1;1;6;44;;M;0;0;840
201400008410;14;12;28;1730;2;1;1;4;6;15;;M;0;0;840
201400008411;14;1;18;815;5;2;1;3;2;138;avenue jean moulin;M;0;0;840
201400008412;14;2;26;1915;5;2;1;1;1;138;route de grillon;M;4438459;498338;840
201400008413;14;3;14;1500;1;2;1;1;6;138;MDR les capucins;M;4437995;499010;840
201400008414;14;3;11;945;1;1;1;1;5;138;;M;0;0;840
201400008415;14;3;21;645;2;2;1;1;7;97;D18;M;0;0;840
201400008416;14;3;28;2130;3;1;2;1;3;138;;M;0;0;840
201400008417;14;3;17;1600;1;2;1;1;6;138;COURS VICTOR HUGO;M;0;0;840
201400008418;14;4;12;1245;1;1;1;1;5;138;;M;0;0;840
201400008419;14;4;22;1730;1;1;1;2;2;138;;M;0;0;840
201400008420;14;4;28;1845;1;2;2;1;3;138;chemin des estimeurs est;M;0;0;840
201400008421;14;7;19;1415;1;1;1;1;1;138;;M;0;0;840
201400008422;14;8;17;1000;1;1;1;1;6;150;;M;0;0;840
201400008423;14;11;5;1345;1;1;1;1;6;138;;M;0;0;840
201400008424;14;11;14;1645;2;1;1;2;7;138;;M;0;0;840
201400008425;14;11;24;1545;1;2;1;1;1;138;D197;M;0;0;840
201400008426;14;1;23;1130;1;2;9;1;6;57;avenue rene Couvehnes;M;0;0;340
201400008427;14;2;28;1930;3;1;6;1;3;57;;M;0;0;340
201400008428;14;7;21;1345;1;2;6;1;3;57;ROND POINT DE BERLIN;M;0;0;340
201400008429;14;9;10;1245;1;2;1;1;6;57;Avenue de l'europe;M;0;0;340
201400008430;14;1;11;1200;1;2;1;1;3;22;RD613;M;0;0;340
201400008431;14;5;5;1445;1;2;1;1;1;227;RD610;M;0;0;340
201400008432;14;8;27;1730;1;2;3;1;3;327;carrefour garribaldi;M;0;0;340
201400008433;14;8;26;130;5;2;1;1;6;307;36 rue Louis BUIS;M;4318800;401100;340
201400008434;14;10;9;1800;2;1;1;1;3;256;;M;0;0;340
201400008435;14;11;1;1630;1;1;1;1;6;58;;M;4313100;361900;340
201400008436;14;11;21;1;3;1;1;1;6;249;;M;4372000;395200;340
201400008437;14;12;15;1800;5;2;9;1;1;22;RN113 14 +250;M;4365400;400300;340
201400008438;14;2;25;1815;2;1;1;1;1;274;;M;4377199;372444;340
201400008439;14;4;6;1500;1;2;1;1;6;343;d32 route de saint marti;M;4374663;370933;340
201400008440;14;5;3;1845;5;2;3;1;3;128;avenue de l'europe;M;0;0;340
201400008441;14;2;2;1715;1;2;1;1;7;344;avenue de Montpellier;M;0;0;340
201400008442;14;6;14;900;1;2;1;1;1;344;Avenue Mar?chal Leclerc;M;0;0;340
201400008443;14;7;27;2230;5;2;1;1;6;344;Quai Georges Pompidou;M;4393300;413800;340
201400008444;14;8;9;2330;5;2;1;1;3;344;avenue jean bene;M;0;0;340
201400008445;14;10;13;2230;3;1;1;1;6;344;;M;0;0;340
201400008446;14;10;31;2045;5;2;1;1;6;344;rue de la croisade;M;4393700;416200;340
201400008447;14;1;30;1430;1;1;1;2;6;33;;M;4323900;408500;340
201400008448;14;1;25;515;3;1;1;1;7;145;;M;0;0;340
201400008449;14;2;24;2345;3;1;1;1;6;321;;M;4367174;405359;340
201400008450;14;3;16;415;5;2;1;1;6;288;avenue ST ROCH;M;4372982;410545;340
201400008451;14;4;23;1445;1;1;9;1;3;151;;M;4364235;413846;340
201400008452;14;5;5;1230;1;2;1;1;6;145;avenue du vidourleRN 113;M;4368977;415919;340
201400008453;14;5;6;2145;1;1;1;1;1;145;;M;4368700;415500;340
201400008454;14;6;8;1715;1;1;1;1;6;145;;M;0;0;340
201400008455;14;6;16;730;2;1;1;1;6;151;;M;4307500;431000;340
201400008456;14;7;14;1615;1;1;1;1;1;145;;M;0;0;340
201400008457;14;7;19;1330;1;2;2;1;3;145;Rue de Verdun;M;0;0;340
201400008458;14;7;31;1815;1;2;2;1;3;145;route de la mer;M;4311500;423900;340
201400008459;14;8;18;1345;1;1;1;1;1;151;;M;4306500;428300;340
201400008460;14;8;28;1845;1;2;2;1;3;145;;M;0;0;340
201400008461;14;9;17;730;1;2;1;1;1;145;av m. de lattre tassigny;M;4367200;413400;340
201400008462;14;11;21;1;3;1;1;1;1;151;;M;0;0;340
201400008463;14;12;7;1300;1;1;2;1;3;151;;M;0;0;340
201400008464;14;12;30;2130;5;2;1;6;6;145;300 avenue des Abrivados;M;4366900;412399;340
201400008465;14;1;7;1815;2;2;1;9;1;154;avenue de la mer;M;4361000;400000;340
201400008466;14;4;11;615;2;1;9;5;5;154;;M;0;0;340
201400008467;14;6;19;1730;1;1;1;1;1;154;;M;0;0;340
201400008468;14;6;25;1545;1;1;1;1;3;154;;M;0;0;340
201400008469;14;10;3;945;1;1;1;1;1;127;;M;0;0;340
201400008470;14;10;17;1545;1;1;1;1;5;154;;M;0;0;340
201400008471;14;6;13;745;1;1;1;1;3;314;;M;4374098;384778;340
201400008472;14;8;4;1430;1;1;1;1;6;322;;M;0;0;340
201400008473;14;8;16;1500;1;1;9;1;3;322;;M;0;0;340
201400008474;14;11;29;1930;3;1;1;2;7;318;;M;4380000;391700;340
201400008475;14;12;29;1730;2;2;1;1;6;110;238 route de buzignargue;M;0;0;340
201400008476;14;5;11;145;5;2;1;1;6;28;route de pezenes;M;4360407;317086;340
201400008477;14;5;17;1230;1;1;1;1;3;96;;M;0;0;340
201400008478;14;6;8;1045;1;1;1;1;6;28;;M;0;0;340
201400008479;14;6;22;2100;2;1;1;1;7;144;;M;0;0;340
201400008480;14;7;17;1145;1;2;1;1;6;312;BOUSSAGUES;M;0;0;340
201400008481;14;8;9;945;1;2;1;1;1;119;CD908;M;0;0;340
201400008482;14;11;6;2300;1;1;1;1;6;235;;M;0;0;340
201400008483;14;12;1;745;2;1;1;8;1;96;;M;0;0;340
201400008484;14;12;2;1730;5;1;1;8;6;28;;M;0;0;340
201400008485;14;1;10;1815;5;2;1;1;6;225;Boulevard Victor Hugo;M;4337200;304200;340
201400008486;14;1;30;1600;1;1;1;1;6;52;;M;4332300;301600;340
201400008487;14;2;9;1545;1;1;1;1;3;183;;M;4332501;313149;340
201400008488;14;4;12;1630;1;1;1;1;6;52;;M;0;0;340
201400008489;14;5;16;1730;1;2;1;1;7;161;";,";M;4334217;312960;340
201400008490;14;5;18;700;1;2;1;1;6;52;43.339006,3.040604;M;0;0;340
201400008491;14;5;17;1800;1;2;1;1;6;26;43.295215,2.751793;M;0;0;340
201400008492;14;7;2;1400;1;2;1;1;1;183;Carrefour Marengo;M;4329306;312563;340
201400008493;14;6;25;2045;2;1;1;1;6;225;;M;0;0;340
201400008494;14;7;6;415;3;1;1;1;6;155;;M;0;0;340
201400008495;14;8;7;1030;1;1;1;1;3;183;;M;0;0;340
201400008496;14;8;27;1045;1;1;1;1;5;89;;M;0;0;340
201400008497;14;12;12;445;5;2;1;1;3;183;43.291853,3.120395;M;0;0;340
201400008498;14;12;14;645;5;2;1;1;6;206;43.310534,3.078743;M;0;0;340
201400008499;14;12;20;345;3;1;1;1;6;225;;M;0;0;340
201400008500;14;1;4;100;3;1;1;2;6;245;;M;0;0;340
201400008501;14;1;2;1815;2;1;1;1;2;69;;M;4339200;310600;340
201400008502;14;2;18;1300;1;1;1;1;7;74;;M;4345300;302700;340
201400008503;14;6;20;1200;1;2;1;1;3;178;villenouvette maraussan;M;0;0;340
201400008504;14;8;18;1145;1;1;1;1;1;74;;M;0;0;340
201400008505;14;8;23;1745;1;1;1;1;1;100;;M;0;0;340
201400008506;14;9;18;830;1;1;1;1;6;201;;M;0;0;340
201400008507;14;10;15;1600;1;1;1;1;1;84;;M;0;0;340
201400008508;14;9;24;1530;1;2;1;1;3;189;Route de BEZIERS;M;4327600;273800;340
201400008509;14;12;24;1615;1;1;1;7;3;189;;M;4335000;276700;340
201400008510;14;6;27;1930;1;2;1;1;6;136;Rue de Bedillieres;M;0;0;340
201400008511;14;8;21;845;1;2;1;1;1;103;Av paul Valery -Bd Ferry;M;0;0;340
201400008512;14;10;26;1130;1;2;1;1;3;199;av du marechal leclerc;M;0;0;340
201400008513;14;11;1;300;3;1;1;1;7;162;;M;0;0;340
201400008514;14;4;19;1600;1;1;1;1;7;284;;M;4346949;276688;340
201400008515;14;4;27;130;5;2;1;2;6;284;120 grand rue;M;4350090;279070;340
201400008516;14;5;30;1700;1;2;1;1;6;80;3 avenue Marcel Raynal;M;0;0;340
201400008517;14;6;8;1800;1;1;1;1;7;229;;M;0;0;340
201400008518;14;8;9;1500;1;1;1;1;1;331;;M;4376700;213900;340
201400008519;14;9;6;645;2;1;1;1;6;107;;M;4399700;229800;340
201400008520;14;2;9;700;1;1;6;1;6;224;;M;0;0;340
201400008521;14;3;12;2015;3;1;1;1;7;300;;M;4343377;329619;340
201400008522;14;5;4;830;1;1;1;1;7;9;;M;0;0;340
201400008523;14;8;12;1800;1;1;3;1;5;224;;M;0;0;340
201400008524;14;8;21;1000;1;1;1;1;6;224;;M;0;0;340
201400008525;14;8;25;845;1;1;1;1;6;224;;M;0;0;340
201400008526;14;10;13;1515;1;1;1;1;1;139;;M;0;0;340
201400008527;14;10;16;1945;3;1;1;1;1;147;;M;0;0;340
201400008528;14;3;8;945;1;2;1;1;6;324;boulevard Jean Moulin;M;4324200;328800;340
201400008529;14;4;12;2230;3;1;1;1;7;135;;M;4327600;379700;340
201400008530;14;7;24;2230;3;1;1;1;4;299;;M;4328579;327665;340
201400008531;14;8;20;1745;1;1;1;1;3;299;;M;4342200;345600;340
201400008532;14;8;25;1830;1;2;6;1;3;299;avenue giscard d'estaing;M;4326700;326700;340
201400008533;14;8;30;1730;1;1;1;1;3;299;;M;0;0;340
201400008534;14;10;24;1845;3;1;9;1;3;209;;M;4330800;334100;340
201400008535;14;11;25;945;3;2;1;1;6;329;CD 37 E9 avenue du port;M;0;0;340
201400008536;14;12;6;1445;3;1;1;1;5;209;;M;0;0;340
201400008537;14;8;17;200;3;1;1;1;6;142;;M;0;0;340
201400008538;14;6;1;1515;1;2;1;1;1;76;9 route de clermont;M;0;0;340
201400008539;14;6;16;1500;1;1;1;1;1;239;;M;0;0;340
201400008540;14;7;30;1330;1;1;1;1;3;10;;M;0;0;340
201400008541;14;9;11;1445;1;2;1;1;3;239;rte de jonquieres-RD130;M;0;0;340
201400008542;14;3;22;700;1;1;1;9;7;332;;M;0;0;340
201400008543;14;4;4;2215;5;2;1;1;6;31;chemin de la monadiere;M;4358300;370000;340
201400008544;14;5;1;1645;1;2;6;1;3;31;Chemin de la Renga;M;4336700;341700;340
201400008545;14;5;9;2245;3;1;1;1;6;31;,;M;4338056;341972;340
201400008546;14;5;25;1930;1;1;1;1;7;31;;M;4357900;370500;340
201400008547;14;8;15;945;1;1;1;1;2;901;;M;4332035;354255;340
201400008548;14;8;29;730;1;1;1;1;2;203;;M;0;0;340
201400008549;14;2;11;1800;5;2;1;1;3;88;CD5/ route de PIGNAN;M;0;0;340
201400008550;14;3;1;1900;3;1;1;1;6;88;;M;4354856;373355;340
201400008551;14;3;11;1930;3;1;1;1;3;113;;M;0;0;340
201400008552;14;12;18;1600;1;1;1;1;1;88;;M;4356000;372600;340
201400008553;14;1;4;745;1;1;1;8;1;341;;M;0;0;340
201400008554;14;4;14;1345;1;1;1;1;3;213;;M;0;0;340
201400008555;14;5;14;900;1;1;9;1;7;213;;M;0;0;340
201400008556;14;6;24;1700;1;2;1;1;3;157;35 AVENUE DE PEZENAS;M;0;0;340
201400008557;14;7;23;1545;1;1;1;1;1;143;;M;4344007;362598;340
201400008558;14;9;11;1945;2;2;1;1;6;157;RD613 - Pont de Pallas;M;0;0;340
201400008559;14;12;2;830;1;1;1;1;7;213;;M;0;0;340
201400008560;14;9;24;830;1;1;1;1;7;212;;M;4332500;283600;110
201400008561;14;12;11;1100;1;1;1;1;2;262;;M;4321600;303200;110
201400008562;14;2;24;1400;1;1;1;6;6;115;;M;0;0;110
201400008563;14;3;1;1430;1;1;1;1;7;25;;M;0;0;110
201400008564;14;5;7;745;1;1;1;1;6;99;;M;0;0;110
201400008565;14;5;8;1815;1;1;1;1;7;367;;M;0;0;110
201400008566;14;5;25;945;1;2;1;1;6;410;RD.620;M;4325822;241355;110
201400008567;14;5;24;2330;3;1;1;1;1;279;;M;0;0;110
201400008568;14;8;2;630;3;1;1;8;6;429;;M;4325033;237200;110
201400008569;14;8;31;2345;3;1;1;1;6;79;;M;0;0;110
201400008570;14;9;3;1645;1;1;1;1;7;52;;M;4334186;225315;110
201400008571;14;10;6;1800;1;1;1;1;6;429;;M;4325336;236758;110
201400008572;14;11;6;1630;2;2;1;7;6;410;avenue jean jaures;M;4325803;241274;110
201400008573;14;5;14;1700;1;1;1;1;3;384;;M;4286804;248243;110
201400008574;14;7;25;230;3;1;1;1;6;7;;M;4294900;245600;110
201400008575;14;10;28;1900;3;1;1;1;6;311;;M;4311200;264000;110
201400008576;14;11;18;1515;1;2;1;1;2;388;rue de la Promenada;M;4300500;256500;110
201400008577;14;2;6;1500;1;1;1;1;7;286;;M;4330300;257600;110
201400008578;14;2;16;1930;3;1;1;1;7;433;;M;4330400;246300;110
201400008579;14;3;28;1645;1;1;1;1;6;198;;M;4325300;266400;110
201400008580;14;5;7;1645;1;1;1;1;5;286;;M;4329800;257100;110
201400008581;14;6;5;300;4;2;6;1;6;280;Boulevard du Minervois;M;4330200;267700;110
201400008582;14;6;30;1315;1;1;1;1;1;301;;M;4321900;262000;110
201400008583;14;7;31;1300;1;1;1;1;6;190;;M;0;0;110
201400008584;14;9;2;1545;1;1;1;1;1;342;;M;4326200;255700;110
201400008585;14;10;30;2245;3;1;1;1;6;190;;M;4326600;265600;110
201400008586;14;11;12;2230;3;1;1;1;6;198;;M;4325943;256401;110
201400008587;14;11;23;1915;3;1;1;2;7;286;;M;0;0;110
201400008588;14;1;21;1700;1;2;1;1;6;76;avenue Mar?chal LECLERC;M;4331375;194477;110
201400008589;14;2;12;1830;2;1;1;1;1;76;;M;0;0;110
201400008590;14;4;28;1615;1;2;1;1;1;281;18 rue des caves;M;4326938;203725;110
201400008591;14;6;23;830;1;1;1;2;5;313;;M;0;0;110
201400008592;14;9;26;200;5;2;1;1;6;76;Rue du G?n?ral Laperrine;M;4331278;195391;110
201400008593;14;10;17;1300;1;1;1;1;6;361;;M;4335500;200599;110
201400008594;14;10;18;45;5;2;1;1;6;281;grand rue;M;4327300;203600;110
201400008595;14;10;18;1445;1;2;1;1;1;192;;M;4330100;204700;110
201400008596;14;10;18;1745;1;1;1;1;6;225;;M;4331400;190900;110
201400008597;14;11;30;2045;3;1;1;3;7;356;;M;4331602;200468;110
201400008598;14;12;17;1030;1;1;1;2;6;356;;M;4332200;200999;110
201400008599;14;1;7;2000;3;1;1;1;3;9;;M;0;0;110
201400008600;14;2;11;1300;1;1;1;1;2;254;;M;4319800;212000;110
201400008601;14;2;25;1315;1;1;1;1;6;288;;M;0;0;110
201400008602;14;4;27;2130;2;1;1;2;6;84;;M;4321218;226283;110
201400008603;14;5;20;1000;1;2;1;1;1;199;Route de Limoux;M;4318700;227000;110
201400008604;14;6;16;1730;1;1;1;1;3;438;;M;4322800;208900;110
201400008605;14;7;2;830;2;1;1;8;6;18;;M;0;0;110
201400008606;14;7;5;530;1;1;1;1;6;259;;M;4327500;222800;110
201400008607;14;7;26;500;3;1;1;1;5;18;;M;4321400;223300;110
201400008608;14;8;27;1330;1;1;1;1;6;18;;M;4321300;223000;110
201400008609;14;9;15;1415;1;1;1;1;6;49;;M;4327298;210756;110
201400008610;14;9;24;2030;3;1;1;1;1;18;;M;0;0;110
201400008611;14;10;9;1800;1;2;1;1;6;136;Montee du Christ;M;4318900;203500;110
201400008612;14;11;30;515;3;1;8;3;1;9;;M;4324233;218112;110
201400008613;14;12;1;1530;1;1;1;2;1;434;;M;4328300;209500;110
201400008614;14;12;14;630;3;1;1;1;6;281;;M;0;0;110
201400008615;14;5;15;700;1;1;1;1;1;33;;M;4321700;172700;110
201400008616;14;5;20;1700;1;1;1;1;7;275;;M;4327300;184400;110
201400008617;14;5;20;1245;1;1;1;6;1;134;;M;4328300;174800;110
201400008618;14;6;10;1415;1;1;1;1;1;149;;M;4322300;191400;110
201400008619;14;11;17;1800;3;1;1;1;1;33;;M;4321200;173100;110
201400008620;14;3;9;1900;5;2;1;1;1;206;avenue du languedoc;M;0;0;110
201400008621;14;5;28;1245;1;1;1;1;5;8;;M;4299000;226500;110
201400008622;14;5;14;1845;1;2;1;1;6;206;avenue du tivoli;M;4305427;221326;110
201400008623;14;7;14;1630;1;2;3;1;3;34;Avenue du lac;M;4312800;209100;110
201400008624;14;7;22;1430;1;2;3;1;3;206;CD118;M;4304433;223156;110
201400008625;14;10;11;1645;1;1;3;1;3;299;;M;4314383;229433;110
201400008626;14;11;15;930;1;1;1;7;2;207;;M;0;0;110
201400008627;14;6;9;1645;1;1;1;1;6;36;;M;4284527;207628;110
201400008628;14;8;17;1630;1;1;1;1;7;130;;M;0;0;110
201400008629;14;12;14;330;3;1;1;1;6;91;;M;0;0;110
201400008630;14;1;7;1630;1;1;1;1;6;131;;M;0;0;110
201400008631;14;1;12;130;3;1;1;1;7;240;;M;4294228;223618;110
201400008632;14;3;1;1615;1;2;1;1;1;304;CD 118;M;0;0;110
201400008633;14;5;4;1915;1;1;1;1;7;165;;M;0;0;110
201400008634;14;5;26;1500;1;1;1;2;6;304;;M;0;0;110
201400008635;14;7;15;45;3;1;1;1;7;304;;M;0;0;110
201400008636;14;9;6;1200;1;1;1;1;6;240;;M;4294038;224237;110
201400008637;14;9;19;2115;5;2;1;1;3;129;D 12;M;0;0;110
201400008638;14;10;18;1845;3;1;1;1;6;310;;M;0;0;110
201400008639;14;11;27;1515;1;1;1;2;1;209;;M;4296649;225930;110
201400008640;14;1;7;1715;2;1;1;1;3;116;;M;4326858;301252;110
201400008641;14;1;12;1815;3;1;1;1;6;264;;M;4319807;289871;110
201400008642;14;1;31;1515;1;1;1;1;3;262;;M;4319152;312736;110
201400008643;14;2;1;545;3;1;1;1;1;262;;M;0;0;110
201400008644;14;2;2;1400;1;2;1;1;7;170;;M;4311422;309275;110
201400008645;14;3;2;1715;1;2;1;1;1;262;D31 NARBONNE;M;4318703;306539;110
201400008646;14;4;2;815;1;1;3;8;1;106;;M;4323365;305404;110
201400008647;14;4;4;1615;1;1;6;1;2;255;;M;4318540;292926;110
201400008648;14;5;2;1745;1;2;2;1;3;370;Chemin de Lies;M;4323903;312455;110
201400008649;14;5;12;1800;3;1;1;1;1;262;;M;0;0;110
201400008650;14;5;25;1215;1;1;1;1;7;217;;M;0;0;110
201400008651;14;6;1;2130;2;1;1;1;1;106;;M;4323338;307615;110
201400008652;14;6;6;1645;1;1;1;6;1;264;;M;0;0;110
201400008653;14;6;10;900;1;1;1;1;1;255;;M;4318366;293703;110
201400008654;14;6;27;1445;1;1;1;1;3;262;;M;0;0;110
201400008655;14;7;18;1800;1;1;1;1;5;170;;M;0;0;110
201400008656;14;7;23;1730;1;1;1;1;6;262;;M;0;0;110
201400008657;14;8;5;2230;3;1;1;1;6;106;;M;0;0;110
201400008658;14;8;18;1800;1;1;1;1;2;106;;M;0;0;110
201400008659;14;8;21;15;3;1;1;1;1;262;;M;0;0;110
201400008660;14;9;4;1345;1;2;1;1;6;106;impasse de l'H?rault;M;4323766;305842;110
201400008661;14;9;9;1615;1;2;1;1;7;106;coursan;M;4323280;305565;110
201400008662;14;10;5;430;3;1;1;2;6;106;;M;0;0;110
201400008663;14;10;26;1845;3;1;1;1;4;262;;M;4322932;300414;110
201400008664;14;12;15;1345;1;2;1;2;1;170;BOULEVARD DE LA CORDERIE;M;4310487;309339;110
201400008665;14;8;4;1330;1;1;1;1;1;332;;M;4313300;285700;110
201400008666;14;9;26;1045;1;1;1;1;6;401;;M;4290400;274500;110
201400008667;14;2;17;1130;1;2;1;1;6;67;avenue de la distillerie;M;4323400;284800;110
201400008668;14;3;3;1600;1;1;2;1;3;41;;M;4331600;285800;110
201400008669;14;4;27;2245;3;1;1;1;7;98;;M;4318500;270800;110
201400008670;14;7;3;1430;1;1;1;1;6;132;;M;4310600;273300;110
201400008671;14;7;6;45;5;1;1;1;6;164;;M;4327400;287900;110
201400008672;14;6;30;1330;1;2;2;1;3;203;rd6113;M;4320700;276500;110
201400008673;14;7;13;500;3;1;1;1;6;405;;M;4326300;284800;110
201400008674;14;7;14;1500;1;1;1;1;3;111;;M;4319700;279700;110
201400008675;14;7;25;1845;1;1;1;1;1;203;;M;4324768;286836;110
201400008676;14;8;1;1900;1;1;1;8;3;12;;M;4330800;290300;110
201400008677;14;8;27;1645;1;2;2;1;3;203;avenue Armand Barbes;M;4319931;275378;110
201400008678;14;9;11;1700;1;1;1;1;3;41;;M;0;0;110
201400008679;14;11;8;1415;1;1;2;1;3;164;;M;4328000;288700;110
201400008680;14;11;26;1600;2;2;1;2;1;210;rue du rascas;M;4318000;278300;110
201400008681;14;12;10;945;1;1;1;1;1;172;;M;4327100;273600;110
201400008682;14;1;25;1315;1;1;1;1;1;322;;M;4300113;296946;110
201400008683;14;5;31;1515;1;1;1;1;6;379;;M;4302926;296729;110
201400008684;14;7;22;1;3;1;1;1;7;266;;M;4299700;304000;110
201400008685;14;3;11;100;3;1;6;1;7;3;;M;4356018;415247;300
201400008686;14;4;25;2215;3;2;1;1;1;133;d?partementale 62;M;4355326;412924;300
201400008687;14;5;6;1830;1;2;1;1;2;133;rue des m?dards;M;4354139;413649;300
201400008688;14;6;22;1400;1;1;1;1;6;3;;M;4356468;412929;300
201400008689;14;7;11;600;2;1;6;1;6;3;;M;4357240;417461;300
201400008690;14;7;15;715;2;2;1;1;3;133;avenue de camargue;M;4352825;414937;300
201400008691;14;7;31;2300;3;1;1;1;3;3;;M;4356231;415886;300
201400008692;14;8;16;1045;1;1;1;1;2;3;;M;4356946;416986;300
201400008693;14;8;19;1200;1;1;6;1;1;133;;M;4354885;413384;300
201400008694;14;8;23;2345;3;1;1;1;6;276;;M;4360661;421425;300
201400008695;14;8;25;1115;1;1;1;1;3;3;;M;4358264;420748;300