num_acc;an;mois;jour;hrmn;lum;agg;int;atm;col;com;adr;gps;lat;long;dep
201400008696;14;9;6;1730;1;2;1;1;3;133;route des Marines;M;4351243;413739;300
201400008697;14;12;6;1345;1;1;1;3;2;133;;M;4357776;410170;300
201400008698;14;12;7;115;5;2;1;1;7;133;ROUTE DES MARINES;M;4350911;416969;300
201400008699;14;1;2;2245;3;1;1;1;7;245;;M;4382932;419755;300
201400008700;14;1;17;1745;2;1;1;8;1;91;;M;4377495;414980;300
201400008701;14;3;8;500;3;1;1;1;7;62;;M;4380119;415796;300
201400008702;14;3;10;1545;1;2;1;1;3;62;;M;4378926;419969;300
201400008703;14;5;7;945;3;2;1;1;1;75;ROUTE DE NIMES;M;4382302;427348;300
201400008704;14;5;28;1215;1;1;6;1;6;321;;M;4378898;408211;300
201400008705;14;5;16;1445;1;1;1;1;3;62;;M;4378210;420502;300
201400008706;14;7;4;1215;1;2;1;6;6;138;D?partementale 14;M;4379007;426228;300
201400008707;14;7;20;445;3;1;1;1;6;23;;M;4378219;413202;300
201400008708;14;7;21;1515;1;1;1;1;3;75;;M;4382256;427730;300
201400008709;14;10;3;915;5;2;1;1;6;321;rue emilien dumas;M;4378582;409022;300
201400008710;14;10;28;1945;2;1;1;1;1;62;;M;4377756;418653;300
201400008711;14;11;12;1915;3;1;1;1;1;62;;M;4377107;420006;300
201400008712;14;12;20;1545;1;2;1;1;3;138;rue des chasselats;M;4380335;424823;300
201400008713;14;3;28;1045;1;1;6;1;3;156;;M;4386624;444436;300
201400008714;14;4;11;2315;3;1;1;1;7;156;;M;4386833;445042;300
201400008715;14;4;22;1530;1;1;1;1;3;39;;M;4387958;448314;300
201400008716;14;5;16;1400;1;2;1;1;2;257;CD6086;M;4387638;447047;300
201400008717;14;5;29;1545;1;2;1;1;3;257;D6086;M;4387623;446982;300
201400008718;14;6;5;1930;1;2;1;1;3;156;RUE MIREILLE;M;4385900;444864;300
201400008719;14;9;15;1200;1;1;1;8;1;156;;M;4388219;443829;300
201400008720;14;9;26;830;1;2;2;1;3;156;Avenue de Provence;M;4386075;444499;300
201400008721;14;10;22;1900;5;2;1;1;1;39;route de nimes;M;4388152;448905;300
201400008722;14;3;10;1500;1;2;1;1;1;128;Route de Beauvoisin;M;0;0;300
201400008723;14;5;18;1415;1;1;1;1;7;258;;M;4366472;444162;300
201400008724;14;6;22;2230;3;1;1;1;3;128;;M;4374868;434231;300
201400008725;14;8;2;200;3;1;1;1;7;258;;M;4367137;444096;300
201400008726;14;1;2;1645;1;1;1;1;6;36;;M;4378116;428086;300
201400008727;14;1;31;245;3;1;1;9;7;347;;M;4374702;426246;300
201400008728;14;3;11;1515;1;1;1;1;3;347;;M;4371905;426390;300
201400008729;14;4;5;1900;1;2;1;1;6;341;rue de la condamine;M;4368862;427392;300
201400008730;14;4;10;2300;5;1;1;1;2;36;;M;4376970;428000;300
201400008731;14;5;21;1930;1;1;1;6;7;123;;M;4370593;416831;300
201400008732;14;5;31;445;3;1;1;2;6;20;;M;4374398;429791;300
201400008733;14;6;8;630;2;1;1;1;1;347;;M;4374661;425969;300
201400008734;14;6;24;830;1;1;1;1;7;341;;M;4371532;427435;300
201400008735;14;6;29;1530;1;1;1;1;1;59;;M;4365032;425221;300
201400008736;14;7;16;845;1;1;1;1;6;341;;M;4369014;426081;300
201400008737;14;7;18;1045;1;1;1;1;2;123;;M;4372584;416363;300
201400008738;14;7;17;1700;1;1;1;1;1;341;;M;4368324;427500;300
201400008739;14;8;2;1745;3;1;1;2;1;341;;M;4368735;424765;300
201400008740;14;8;9;1430;1;1;1;1;6;36;;M;4377919;429110;300
201400008741;14;8;17;1900;1;1;6;1;2;6;;M;4368793;421448;300
201400008742;14;8;28;445;3;1;1;1;3;36;;M;4377229;428285;300
201400008743;14;9;15;1015;1;1;1;2;1;6;;M;4369376;416632;300
201400008744;14;10;1;1900;2;1;1;1;1;4;;M;4371291;421843;300
201400008745;14;10;2;2245;3;1;1;1;7;33;;M;4371587;428861;300
201400008746;14;10;31;2000;5;2;1;1;3;169;RN113;M;4378336;429877;300
201400008747;14;11;9;1830;2;1;1;1;3;6;;M;4369466;416824;300
201400008748;14;11;14;815;1;1;1;1;1;83;;M;4371383;421891;300
201400008749;14;11;24;1815;4;1;1;2;6;341;;M;4369834;427338;300
201400008750;14;11;26;1000;1;1;1;2;1;33;;M;4371507;429639;300
201400008751;14;12;17;1115;3;1;1;1;3;344;;M;4373918;424242;300
201400008752;14;12;28;1315;1;1;6;1;3;344;;M;4373356;423533;300
201400008753;14;1;31;800;1;1;1;8;4;42;;M;4406280;402337;300
201400008754;14;3;7;1845;5;2;1;1;3;269;avenue de la R?sistance;M;4410240;388323;300
201400008755;14;5;3;1745;1;1;1;1;6;129;;M;4407041;398030;300
201400008756;14;5;10;430;3;1;1;1;6;214;;M;4404592;409802;300
201400008757;14;7;12;1515;1;1;8;1;1;129;;M;4407041;398033;300
201400008758;14;7;25;2130;2;2;1;1;6;269;Parking de la Gare;M;4410177;388359;300
201400008759;14;11;17;1700;2;2;2;1;1;10;CD907/Chemin de Recoulin;M;4405993;398108;300
201400008760;14;11;24;715;2;1;1;2;6;94;;M;4407335;396131;300
201400008761;14;5;23;2045;2;1;1;3;7;51;;M;4391958;421482;300
201400008762;14;8;1;915;1;1;1;1;3;142;;M;4423220;405720;300
201400008763;14;8;22;1315;1;2;1;1;1;307;21 rue Louis Gourdouze;M;4421384;402004;300
201400008764;14;8;29;1315;1;2;1;1;1;307;RUE DE LA POMAREDE;M;4420834;402299;300
201400008765;14;2;6;1745;2;2;1;1;7;274;mont?e des rosiers;M;4417472;411329;300
201400008766;14;5;9;1715;1;1;1;1;2;284;;M;4415300;405844;300
201400008767;14;6;10;1815;1;2;1;1;3;284;RD 906;M;4417818;408171;300
201400008768;14;6;20;1645;1;1;1;1;6;77;;M;4416144;405651;300
201400008769;14;7;19;2245;3;1;1;1;7;197;;M;4413913;420275;300
201400008770;14;7;27;1730;1;1;1;1;1;284;;M;4416292;405890;300
201400008771;14;9;8;400;3;1;1;1;1;320;;M;4411689;427508;300
201400008772;14;9;10;2315;3;2;1;1;7;284;CD 60 A;M;4415153;407815;300
201400008773;14;9;22;2100;5;2;1;1;7;274;Mont?e des rosiers;M;4416418;409837;300
201400008774;14;10;23;1700;1;2;1;1;3;284;avenue de sainte barbe;M;4415993;408525;300
201400008775;14;11;7;800;1;1;9;1;3;223;;M;4421472;415235;300
201400008776;14;12;30;1945;5;1;1;1;1;284;;M;4415688;409375;300
201400008777;14;2;16;45;5;1;1;1;6;348;;M;4405015;413966;300
201400008778;14;3;8;1115;1;1;1;1;3;2;;M;4395703;409922;300
201400008779;14;3;24;800;1;1;1;1;3;161;;M;4403119;410996;300
201400008780;14;5;14;800;1;1;1;1;6;68;;M;4400590;410303;300
201400008781;14;6;5;1045;2;2;1;1;6;46;cd8;M;4397544;419787;300
201400008782;14;6;11;2115;3;1;1;1;7;146;;M;4399096;411163;300
201400008783;14;6;18;1730;1;1;1;1;3;146;;M;4398423;411254;300
201400008784;14;7;17;1515;1;2;6;1;3;109;cd981 route d'uzes;M;4407074;422331;300
201400008785;14;8;3;15;3;1;1;1;2;259;;M;4407661;411236;300
201400008786;14;10;5;115;3;1;1;1;7;348;;M;4404989;414724;300
201400008787;14;11;5;1830;3;1;2;2;3;2;;M;4395666;409931;300
201400008788;14;11;14;2345;3;1;1;3;7;240;;M;4402485;419723;300
201400008789;14;12;21;545;3;1;1;1;4;348;;M;4407164;411293;300
201400008790;14;4;11;200;3;1;1;1;6;153;;M;4442691;403165;300
201400008791;14;4;22;1030;1;1;1;2;6;80;;M;4428996;398392;300
201400008792;14;6;12;1545;1;1;1;3;1;130;;M;4434142;395122;300
201400008793;14;8;28;1130;1;1;1;1;7;153;;M;4442896;402144;300
201400008794;14;9;18;1130;1;1;1;3;6;90;;M;4437479;0;300
201400008795;14;10;18;1045;1;1;1;1;3;130;;M;4433151;396410;300
201400008796;14;10;26;1100;1;1;1;1;6;130;;M;4435238;395276;300
201400008797;14;3;23;830;3;1;1;1;6;8;;M;4420338;424526;300
201400008798;14;3;28;2200;5;2;1;1;3;227;boulevard du portalet;M;4425989;419632;300
201400008799;14;4;1;845;1;1;1;1;1;8;;M;4418737;422048;300
201400008800;14;4;14;1800;1;2;1;1;3;37;D51F Avenue  BRACOURT;M;4428783;410759;300
201400008801;14;4;13;1245;1;2;1;1;3;171;Avenue Pasteur;M;4427018;414776;300
201400008802;14;4;18;1530;1;1;1;1;1;152;;M;4422693;415958;300
201400008803;14;4;24;1530;1;1;1;1;7;237;;M;4427537;419862;300
201400008804;14;5;5;1800;1;2;1;1;6;37;Rue Paul Vermale;M;0;0;300
201400008805;14;5;11;1330;1;2;6;1;3;167;route de besseges;M;4427124;417030;300
201400008806;14;6;1;800;1;1;1;1;3;37;;M;4428656;410622;300
201400008807;14;6;5;1400;1;1;1;1;1;29;;M;4429937;434250;300
201400008808;14;6;9;1845;1;1;1;1;6;268;;M;4423648;413421;300
201400008809;14;8;14;2300;3;1;1;1;6;8;;M;4418878;420886;300
201400008810;14;8;15;1930;1;2;1;1;1;227;Chemin de la D?sori?re;M;0;0;300
201400008811;14;10;23;1545;1;1;1;1;1;120;;M;4431579;413406;300
201400008812;14;11;14;2245;3;1;1;3;7;194;;M;4429688;407484;300
201400008813;14;11;29;315;5;2;1;1;6;37;rue victor hugo;M;0;0;300
201400008814;14;12;24;1630;1;1;1;1;1;227;;M;4424333;417841;300
201400008815;14;2;21;1215;1;1;9;1;1;334;;M;4399300;439054;300
201400008816;14;3;15;1515;1;1;1;1;1;14;;M;4399438;434928;300
201400008817;14;4;13;430;3;1;1;1;6;334;;M;4398927;441222;300
201400008818;14;5;13;2200;5;2;1;1;3;334;avenue louis alteirac;M;4401929;441557;300
201400008819;14;5;22;1200;1;2;1;1;6;334;;M;4401360;442239;300
201400008820;14;6;10;1400;1;1;1;1;1;334;;M;4404598;440506;300
201400008821;14;6;30;15;3;1;1;1;6;334;;M;4402087;444328;300
201400008822;14;8;4;1600;1;1;1;1;6;338;;M;4413178;434803;300
201400008823;14;8;10;2145;1;1;1;1;6;41;;M;4397255;439634;300
201400008824;14;8;18;115;3;2;1;1;1;295;route de jols;M;4404897;442709;300
201400008825;14;9;21;730;2;1;1;1;6;67;;M;4404300;455602;300
201400008826;14;9;27;1015;1;1;3;1;3;282;;M;4413000;449450;300
201400008827;14;10;25;2145;3;1;1;1;7;308;;M;4395193;441666;300
201400008828;14;12;14;1500;1;1;1;8;6;338;;M;4412367;436684;300
201400008829;14;12;17;1645;2;1;1;8;1;30;;M;4406021;426251;300
201400008830;14;12;15;930;1;1;1;1;1;41;;M;4396722;438792;300
201400008831;14;12;26;1145;1;1;1;1;7;308;;M;0;0;300
201400008832;14;1;12;1515;1;1;1;1;7;277;;M;4421655;453422;300
201400008833;14;1;15;730;3;1;1;1;1;202;;M;4423907;464873;300
201400008834;14;4;17;1345;1;2;1;1;1;202;avenue G?n?ral de Gaule;M;0;0;300
201400008835;14;4;20;615;2;2;1;1;6;230;"Lieu-dit ""Le Courau""";M;4424004;444911;300
201400008836;14;4;27;445;3;1;1;2;6;256;;M;4418884;455707;300
201400008837;14;8;10;300;3;2;1;1;7;202;RUE DU CALVAIRE;M;0;0;300
201400008838;14;9;4;1115;1;1;1;1;7;175;;M;4427215;441971;300
201400008839;14;12;17;730;2;1;1;1;5;288;;M;4420744;462984;300
201400008840;14;12;26;1400;1;1;1;1;6;230;;M;4422915;446157;300
201400008841;14;2;12;945;1;1;6;1;6;73;;M;4395527;456721;300
201400008842;14;3;23;1;3;1;1;2;6;336;;M;4383212;464206;300
201400008843;14;4;24;800;1;1;9;1;2;212;;M;4395044;455811;300
201400008844;14;6;13;100;3;1;6;1;7;13;;M;4397192;449769;300
201400008845;14;6;29;445;3;1;1;2;6;336;;M;4384276;462161;300
201400008846;14;9;9;615;2;2;1;1;3;89;CD986L;M;0;0;300
201400008847;14;9;9;915;1;2;1;1;6;212;AVENUE GEOFFROY PERRET;M;0;0;300
201400008848;14;10;26;1445;1;1;1;7;5;340;;M;0;0;300
201400008849;14;12;13;1500;1;1;1;1;6;212;;M;4394288;456035;300
201400008850;14;1;9;1830;3;1;1;1;7;221;;M;0;0;300
201400008851;14;2;20;1015;1;1;1;1;5;221;;M;4402830;473694;300
201400008852;14;3;26;2030;3;1;1;1;3;217;;M;4396081;471992;300
201400008853;14;5;21;1845;1;1;1;8;6;315;;M;4393932;467632;300
201400008854;14;8;13;1500;1;1;1;1;1;209;;M;4400854;473623;300
201400008855;14;8;28;1700;1;1;1;1;1;312;;M;0;0;300
201400008856;14;9;21;415;3;1;1;1;7;278;;M;4406024;470879;300
201400008857;14;9;2;1415;1;1;1;1;2;221;;M;4405462;476443;300
201400008858;14;10;31;1230;1;1;6;1;6;217;;M;4395976;473343;300
201400008859;14;12;13;100;5;1;1;2;6;217;;M;4396656;470288;300
201400008860;14;3;11;1800;1;2;1;1;1;21;04 route d'Arpaillargues;M;0;0;300
201400008861;14;3;16;2215;3;1;6;1;6;61;;M;4391430;426550;300
201400008862;14;3;24;1115;1;1;1;1;3;88;;M;4385205;409585;300
201400008863;14;4;27;1930;1;1;1;1;7;281;;M;4388204;419226;300
201400008864;14;5;23;945;1;1;1;1;1;233;;M;4391958;421482;300
201400008865;14;7;18;100;3;1;1;1;2;313;;M;4395947;423131;300
201400008866;14;8;29;2045;2;1;1;1;6;122;;M;4389171;423240;300
201400008867;14;10;4;1815;1;2;1;1;6;112;Rue de la Garenne;M;4390882;419312;300
201400008868;14;10;18;1800;1;2;1;1;3;255;D?partementale 7;M;4393989;420929;300
201400008869;14;10;29;1830;3;1;1;1;3;184;;M;4397009;422186;300
201400008870;14;11;6;930;1;1;2;1;3;21;;M;4400390;433232;300
201400008871;14;1;7;2000;3;2;1;2;7;350;route de paillerols;M;0;0;300
201400008872;14;1;25;1715;1;1;1;1;6;170;;M;4397369;358118;300
201400008873;14;2;7;1745;1;1;1;1;1;229;;M;4399928;366597;300
201400008874;14;2;16;2130;4;2;1;1;6;350;BLD. DES CHATAIGNIERS;M;4398997;360314;300
201400008875;14;6;8;1915;1;1;1;1;7;238;;M;4395294;364474;300
201400008876;14;7;3;1700;1;2;1;1;6;325;CD999 pont d h?rault;M;4399492;367693;300
201400008877;14;8;15;1845;1;1;1;7;3;25;;M;4397593;350456;300
201400008878;14;8;22;1930;1;2;7;1;6;325;Place du plan;M;4398073;371607;300
201400008879;14;9;1;1615;1;1;1;1;6;350;;M;4400083;365997;300
201400008880;14;9;7;1630;1;1;1;1;1;176;;M;4393414;363046;300
201400008881;14;11;10;1800;3;2;1;8;3;350;d999;M;4398126;360071;300
201400008882;14;11;14;1400;1;1;1;3;3;325;;M;4399277;368818;300
201400008883;14;3;16;1615;2;1;1;7;1;198;;M;4411536;370920;300
201400008884;14;2;18;1515;1;2;1;1;6;311;route de quissac;M;4393666;396215;300
201400008885;14;3;9;1930;2;1;1;1;1;311;;M;4395350;399854;300
201400008886;14;4;27;1630;1;1;1;1;1;289;;M;4399023;400187;300
201400008887;14;4;27;900;1;1;1;1;1;263;;M;4397452;385140;300
201400008888;14;5;3;945;1;1;1;1;5;192;;M;4388520;402137;300
201400008889;14;5;18;1330;1;1;1;1;6;192;;M;4388262;404921;300
201400008890;14;5;27;1815;1;1;1;1;5;66;;M;4392646;410472;300
201400008891;14;6;18;1000;1;1;1;1;5;289;;M;4399086;400218;300
201400008892;14;11;28;1630;1;1;1;2;6;150;;M;4393880;400162;300
201400008893;14;12;25;1745;2;1;1;1;1;50;;M;4392530;404806;300
201400008894;14;8;23;200;3;1;1;1;7;332;;M;4408123;338473;300
201400008895;14;9;2;1100;1;2;1;1;6;139;rue du ferradou;M;4413031;338305;300
201400008896;14;6;29;1430;1;2;4;1;1;43;L'habitarelle;M;4463900;367900;480
201400008897;14;6;7;1630;1;2;1;1;7;80;30 avenue FOCH;M;0;0;480
201400008898;14;9;15;1;3;1;1;1;6;70;;M;4478400;363400;480
201400008899;14;9;28;1415;1;1;1;1;7;10;;M;0;0;480
201400008900;14;11;7;600;3;1;1;1;6;23;;M;4457300;374200;480
201400008901;14;12;20;1000;1;1;1;1;1;82;;M;4458700;364600;480
201400008902;14;10;26;1545;1;1;1;1;6;119;;M;4450600;391700;480
201400008903;14;11;14;1830;3;1;1;3;7;15;;M;4445500;394000;480
201400008904;14;6;7;1730;1;1;1;1;7;22;;M;0;0;480
201400008905;14;7;7;1800;1;1;1;1;5;75;;M;0;0;480
201400008906;14;8;3;1730;1;1;1;1;2;116;;M;0;0;480
201400008907;14;11;7;1815;3;1;1;1;1;61;;M;0;0;480
201400008908;14;3;24;800;1;1;1;1;6;19;;M;0;0;480
201400008909;14;3;29;1115;1;1;1;1;1;144;;M;0;0;480
201400008910;14;4;27;1045;1;1;1;1;6;148;;M;0;0;480
201400008911;14;8;23;1630;1;1;1;1;6;97;;M;0;0;480
201400008912;14;8;27;1415;1;1;1;1;2;178;;M;4427870;383271;480
201400008913;14;2;27;845;1;1;1;1;6;88;;M;0;0;480
201400008914;14;7;29;1045;1;1;1;1;6;34;;M;0;0;480
201400008915;14;12;8;1700;5;1;1;1;6;103;;M;0;0;480
201400008916;14;12;11;1800;3;1;1;2;6;156;;M;0;0;480
201400008917;14;11;8;2000;3;1;3;1;1;120;;M;4464200;317100;480
201400008918;14;5;31;1830;1;1;1;1;3;2;Aire de la Garde;M;4487110;325251;480
201400008919;14;9;7;1700;1;2;1;1;1;121;le village;M;4482625;334219;480
201400008920;14;1;17;1500;1;1;1;1;1;37;;M;4270620;299671;660
201400008921;14;2;27;2045;4;1;6;2;6;37;;M;0;0;660
201400008922;14;6;20;730;1;1;1;1;1;224;;M;0;0;660
201400008923;14;7;29;1245;1;1;1;1;3;37;;M;0;0;660
201400008924;14;8;31;500;3;1;1;1;7;37;;M;4266040;303267;660
201400008925;14;9;27;615;3;1;1;1;6;37;;M;0;0;660
201400008926;14;10;6;330;5;2;1;1;7;37;rond-point de l'?tang;M;0;0;660
201400008927;14;10;9;1700;1;2;1;1;3;37;;M;4270247;303446;660
201400008928;14;12;13;1830;5;2;1;1;1;224;Avenue de Perpignan;M;4272721;298372;660
201400008929;14;12;15;1115;1;2;1;1;1;37;RD 81 A;M;0;0;660
201400008930;14;12;21;1630;1;1;1;1;5;182;;M;0;0;660
201400008931;14;1;7;2000;3;1;1;1;5;59;;M;0;0;660
201400008932;14;5;2;1930;1;2;1;1;3;65;Avenue Narcisse  PLANAS;M;4260460;297028;660
201400008933;14;7;31;1615;1;1;1;1;1;227;;M;0;0;660
201400008934;14;9;8;815;1;2;1;1;3;11;Avenue de la mediterrane;M;0;0;660
201400008935;14;10;9;1845;1;2;1;1;6;65;rue nationale;M;4259847;297357;660
201400008936;14;12;11;1430;1;2;2;1;3;65;Rue Alfred de Musset;M;4260833;297165;660
201400008937;14;6;16;2345;3;1;1;1;7;71;;M;0;0;660
201400008938;14;10;2;1615;1;1;1;1;1;46;;M;0;0;660
201400008939;14;4;9;800;2;1;1;1;1;174;;M;0;0;660
201400008940;14;6;22;830;1;1;1;1;3;58;;M;0;0;660
201400008941;14;8;25;530;3;2;1;1;7;108;traverse des lacs;M;4269839;268232;660
201400008942;14;7;23;1800;1;1;1;1;1;190;;M;0;0;660
201400008943;14;2;13;1930;5;2;1;1;5;212;;M;0;0;660
201400008944;14;3;9;1515;1;1;1;1;3;212;;M;4276394;301894;660
201400008945;14;4;15;1815;1;2;1;1;6;180;Avenue Alsace Lorraine;M;0;0;660
201400008946;14;6;29;115;3;2;1;1;6;180;CHEMIN PAS  LAS CADENES;M;4276877;297913;660
201400008947;14;6;29;2315;3;1;1;1;1;180;;M;0;0;660
201400008948;14;8;19;600;3;1;1;1;6;17;;M;0;0;660
201400008949;14;9;27;700;2;2;1;1;3;180;Rue Arago - rue J. Bart;M;4277182;298846;660
201400008950;14;12;2;1600;1;2;1;8;6;180;26 Rue Baudelaire;M;4277276;299658;660
201400008951;14;12;21;1730;1;1;1;1;1;180;;M;0;0;660
201400008952;14;1;21;1030;1;2;1;1;6;210;Avenue mediterranee;M;0;0;660
201400008953;14;2;15;1545;1;1;1;1;7;99;;M;0;0;660
201400008954;14;3;11;1330;1;1;1;1;3;217;;M;0;0;660
201400008955;14;3;23;715;1;1;1;1;5;144;;M;0;0;660
201400008956;14;3;25;1400;1;1;1;1;6;33;;M;0;0;660
201400008957;14;6;25;1330;1;1;1;1;1;210;;M;0;0;660
201400008958;14;7;20;1415;2;1;1;1;1;145;;M;0;0;660
201400008959;14;9;6;1630;1;2;1;1;2;101;Rue Cami de les Olivedes;M;4262332;277015;660
201400008960;14;10;15;1745;1;1;1;1;6;210;;M;0;0;660
201400008961;14;11;8;800;1;2;1;1;5;217;croisement rue du stade;M;0;0;660
201400008962;14;11;26;1500;1;1;1;2;3;144;;M;0;0;660
201400008963;14;12;5;715;3;1;1;1;3;101;;M;0;0;660
201400008964;14;12;31;700;3;1;1;1;2;144;;M;0;0;660
201400008965;14;1;14;245;3;1;1;2;3;160;;M;0;0;660
201400008966;14;1;20;1030;1;1;1;6;3;168;;M;0;0;660
201400008967;14;3;21;1730;1;1;1;1;3;8;;M;4257656;300429;660
201400008968;14;4;18;915;1;1;3;1;6;8;;M;0;0;660
201400008969;14;7;31;830;1;1;1;1;1;8;;M;4256232;301410;660
201400008970;14;8;18;1845;1;2;9;1;7;8;avenue Moliere;M;4255183;302921;660
201400008971;14;10;16;1645;1;1;9;1;3;225;;M;0;0;660
201400008972;14;1;30;1030;1;2;1;1;1;24;avenue d en cavailles;M;4253281;283883;660
201400008973;14;2;16;1830;3;2;1;2;6;178;rue du mas d'en marty;M;4250881;277905;660
201400008974;14;3;7;1415;1;1;3;1;5;106;;M;4250084;282104;660
201400008975;14;5;4;815;1;1;1;1;6;137;;M;0;0;660
201400008976;14;6;7;2315;3;1;1;1;3;115;;M;0;0;660
201400008977;14;6;11;1430;1;1;1;1;3;15;;M;0;0;660
201400008978;14;8;30;1100;1;1;1;1;6;63;;M;0;0;660
201400008979;14;3;21;1630;1;1;1;1;3;48;;M;0;0;660
201400008980;14;4;12;1715;1;1;1;1;5;209;;M;0;0;660
201400008981;14;7;14;1115;1;2;1;1;3;125;RN 116;M;0;0;660
201400008982;14;7;22;915;1;1;1;1;1;149;;M;0;0;660
201400008983;14;8;6;1715;1;1;1;1;6;149;;M;0;0;660
201400008984;14;10;6;1800;1;2;1;1;1;149;Rond Point du Canigou;M;0;0;660
201400008985;14;10;29;1630;1;1;1;1;7;149;;M;0;0;660
201400008986;14;1;18;1330;1;1;1;4;6;146;;M;0;0;660
201400008987;14;9;1;1515;1;1;1;1;5;95;;M;0;0;660
201400008988;14;6;9;1000;1;1;1;1;6;154;;M;0;0;660
201400008989;14;8;3;945;1;2;1;1;6;5;Route des Pyrenees;M;0;0;660
201400008990;14;12;1;1145;1;1;1;1;1;124;;M;4252026;205907;660
201400008991;14;3;23;1830;1;1;1;1;2;103;;M;0;0;660
201400008992;14;4;29;1745;1;1;1;1;3;230;;M;4264601;251330;660
201400008993;14;6;7;915;1;1;1;1;1;165;;M;0;0;660
201400008994;14;8;8;2100;3;1;1;1;3;230;;M;0;0;660
201400008995;14;8;19;1230;1;1;1;1;1;230;;M;0;0;660
201400008996;14;11;2;1700;1;1;2;1;3;230;;M;0;0;660
201400008997;14;12;19;1715;2;2;1;1;1;88;RD615;M;0;0;660
201400008998;14;2;10;1515;1;2;1;3;6;32;mascardaccia;M;4192308;884461;201
201400008999;14;3;2;1430;1;1;1;1;6;32;;M;4192314;883264;201
201400009000;14;6;1;2345;5;2;1;1;5;130;Porticcio CD 55;M;4187777;878662;201
201400009001;14;6;18;1045;1;1;6;1;3;228;;M;4184216;876785;201
201400009002;14;6;20;1300;1;2;1;1;3;8;agosta plage;M;4185912;879154;201
201400009003;14;3;8;930;1;1;1;1;3;62;;M;4202910;893582;201
201400009004;14;3;22;1045;1;1;3;1;3;209;;M;4199829;885479;201
201400009005;14;4;4;1130;1;1;1;3;1;40;;M;4207781;903016;201
201400009006;14;4;15;1300;1;1;1;1;1;271;;M;4197550;882585;201
201400009007;14;7;9;830;1;1;1;1;5;40;;M;4208633;904121;201
201400009008;14;7;20;630;1;1;1;1;5;6;;M;4196036;878027;201
201400009009;14;8;2;1700;1;2;9;1;3;271;chaus?a;M;4196348;881308;201
201400009010;14;8;7;930;1;1;1;1;3;271;;M;0;0;201
201400009011;14;10;4;700;2;1;1;1;1;324;;M;0;0;201
201400009012;14;10;7;645;2;1;1;1;3;271;;M;4197600;882000;201
201400009013;14;10;12;1845;2;2;1;1;3;271;RN 194 Quartier MERENDA;M;4195984;880628;201
201400009014;14;10;13;1645;1;1;1;1;2;209;;M;0;0;201
201400009015;14;4;23;1630;1;1;1;1;6;197;;M;4235500;864500;201
201400009016;14;5;26;930;1;1;1;1;6;197;;M;4236043;865197;201
201400009017;14;5;28;1530;1;1;1;1;7;212;;M;4203339;876364;201
201400009018;14;6;25;1645;1;1;1;1;1;198;;M;0;0;201
201400009019;14;7;25;1400;1;1;1;1;3;197;;M;4232433;866039;201
201400009020;14;9;6;1445;1;1;1;1;1;198;;M;0;0;201
201400009021;14;10;31;1515;1;1;1;1;3;279;;M;0;0;201
201400009022;14;7;4;615;2;1;1;1;6;41;;M;4142368;919957;201
201400009023;14;7;19;1330;1;2;1;1;7;41;Quartier Saint Fran?ois;M;4138704;915180;201
201400009024;14;7;24;1230;1;2;1;1;6;41;Rue prosper Merime;M;4138749;915662;201
201400009025;14;7;25;2200;3;1;1;1;6;41;;M;4145385;921168;201
201400009026;14;8;2;1130;1;1;1;1;2;215;;M;0;0;201
201400009027;14;8;8;945;1;2;1;1;3;41;route de Sant'Amanza;M;0;0;201
201400009028;14;9;12;1145;1;1;1;1;6;114;;M;4151652;911136;201
201400009029;14;9;26;1430;1;2;1;1;6;215;Lieu dit Viagenti;M;0;0;201
201400009030;14;1;15;930;1;1;1;1;6;247;;M;4164700;920700;201
201400009031;14;1;24;1845;5;2;1;8;6;247;Rue Henry Frenay;M;4160178;927872;201