num_acc;an;mois;jour;hrmn;lum;agg;int;atm;col;com;adr;gps;lat;long;dep
201400009032;14;2;14;1030;1;2;1;1;6;247;D468b rte de Cala Rossa;M;4162392;929578;201
201400009033;14;3;16;2030;3;1;1;1;6;247;;M;4156665;924928;201
201400009034;14;3;26;2045;3;1;1;3;7;247;;M;4159316;926468;201
201400009035;14;5;3;1730;1;2;6;1;6;247;;M;4160536;927601;201
201400009036;14;6;21;715;1;2;6;1;3;247;;M;4159806;926668;201
201400009037;14;6;22;245;5;2;6;1;6;247;Avenue de Bastia;M;0;0;201
201400009038;14;6;24;1600;1;1;1;1;3;247;;M;4164344;923074;201
201400009039;14;6;30;1830;1;2;6;1;1;247;AVENUE DE BASTIA;M;4160294;927672;201
201400009040;14;7;20;1430;1;1;9;1;1;247;;M;4157613;927480;201
201400009041;14;8;1;1215;1;2;1;1;1;247;Route de Cala Rossa;M;4162511;930098;201
201400009042;14;9;1;1900;1;2;6;1;6;247;RN198 (Rocade);M;4160174;926886;201
201400009043;14;9;6;245;3;1;1;1;6;247;;M;4159455;925630;201
201400009044;14;9;13;945;1;2;1;7;6;247;QUAI PASCAL PAOLI;M;4158934;928361;201
201400009045;14;9;16;1800;1;2;1;1;3;247;;M;0;0;201
201400009046;14;11;18;925;1;2;6;1;3;247;Rond Point des 4 Chemins;M;0;0;201
201400009047;14;2;28;2045;3;1;1;3;3;272;;M;4163164;895794;201
201400009048;14;3;22;2015;3;1;1;8;1;272;;M;4164286;895732;201
201400009049;14;5;10;1945;1;1;1;1;1;272;;M;4164591;896666;201
201400009050;14;6;3;1700;1;1;1;1;7;128;;M;4164067;900046;201
201400009051;14;6;28;845;1;2;2;1;6;272;rond point symply;M;4161827;897331;201
201400009052;14;9;14;1800;1;1;1;1;1;272;;M;4163201;895801;201
201400009053;14;12;8;1330;1;1;1;7;1;272;;M;0;0;201
201400009054;14;9;1;2030;3;1;1;1;1;232;;M;4172680;881489;201
201400009055;14;6;3;845;1;1;1;1;5;189;lieu dit les cannes;M;4169797;890308;201
201400009056;14;8;28;1930;1;2;1;1;3;249;rue casanova d'arraciani;M;4167130;890669;201
201400009057;14;4;29;2115;3;1;1;1;7;42;;M;0;0;202
201400009058;14;7;5;515;2;2;1;1;7;148;RD 507;M;0;0;202
201400009059;14;8;24;2145;3;1;1;1;7;148;;M;0;0;202
201400009060;14;10;1;1445;1;1;1;1;5;350;;M;0;0;202
201400009061;14;11;5;830;1;2;3;8;3;148;CD 107 RTE AEROPORT;M;0;0;202
201400009062;14;11;12;1830;3;1;1;3;3;355;;M;0;0;202
201400009063;14;11;15;1700;2;1;1;2;1;350;;M;0;0;202
201400009064;14;11;18;645;2;1;1;1;5;355;;M;0;0;202
201400009065;14;11;21;530;3;2;1;1;6;148;Lieu-dit Pughjali;M;0;0;202
201400009066;14;1;25;300;3;1;1;1;6;43;;M;0;0;202
201400009067;14;3;6;1815;1;1;1;1;2;152;;M;0;0;202
201400009068;14;4;13;1845;1;1;1;1;1;43;;M;0;0;202
201400009069;14;4;24;1530;1;2;1;1;7;43;embrun de folies;M;0;0;202
201400009070;14;6;4;1115;1;1;1;1;1;327;;M;4292500;943900;202
201400009071;14;6;7;1015;3;1;1;1;6;305;;M;0;0;202
201400009072;14;7;1;1945;1;2;1;1;6;305;pietranera;M;0;0;202
201400009073;14;9;28;1130;1;1;1;1;1;43;;M;0;0;202
201400009074;14;1;1;330;5;2;1;1;6;298;RD 81 - LD Treperi;M;0;0;202
201400009075;14;4;4;1430;1;1;1;1;1;29;;M;0;0;202
201400009076;14;4;25;1000;1;1;1;1;1;29;;M;0;0;202
201400009077;14;6;14;1415;1;1;1;1;3;185;;M;0;0;202
201400009078;14;6;20;1645;1;2;1;1;3;205;lieu dit Campo d'Elge;M;0;0;202
201400009079;14;7;18;1700;1;1;1;1;1;205;;M;0;0;202
201400009080;14;8;6;1215;1;2;2;1;1;172;Incruciatta;M;0;0;202
201400009081;14;12;12;2300;3;1;1;1;7;185;;M;0;0;202
201400009082;14;1;9;800;1;1;1;1;3;150;;M;0;0;202
201400009083;14;6;19;1815;1;2;1;1;1;50;route de pietramaggiore;M;0;0;202
201400009084;14;7;20;2145;5;2;1;1;7;361;Route du cimeti?re;M;0;0;202
201400009085;14;7;27;1200;1;1;1;1;6;49;;M;4247000;875300;202
201400009086;14;12;4;2330;3;1;1;1;1;150;;M;0;0;202
201400009087;14;6;6;1045;1;1;1;1;3;168;;M;0;0;202
201400009088;14;6;24;1645;1;2;1;1;6;134;place Paoli;M;0;0;202
201400009089;14;9;13;1800;1;2;1;1;1;168;D63;M;0;0;202
201400009090;14;9;19;1630;1;2;1;1;1;134;route du cimetiere;M;0;0;202
201400009091;14;11;28;1800;5;2;1;8;1;134;Boulevard Pierre Pasquin;M;0;0;202
201400009092;14;12;2;1415;1;1;9;1;3;93;;M;0;0;202
201400009093;14;1;15;2045;3;2;1;1;6;238;Route du stade;M;0;0;202
201400009094;14;3;28;745;1;1;1;1;2;96;;M;0;0;202
201400009095;14;5;17;1800;1;2;3;1;6;96;Cours Paoli;M;0;0;202
201400009096;14;6;14;1315;1;2;1;1;6;201;Casaperta;M;0;0;202
201400009097;14;9;1;1;3;1;1;1;7;96;;M;0;0;202
201400009098;14;9;5;330;5;2;1;1;6;96;avenue du pdt pierucci;M;0;0;202
201400009099;14;12;5;30;5;2;1;2;7;96;Quartier de la gare;M;0;0;202
201400009100;14;6;27;15;3;1;1;1;7;47;;M;0;0;202
201400009101;14;7;14;1600;1;1;1;1;1;95;;M;0;0;202
201400009102;14;8;9;530;2;1;1;1;6;47;;M;0;0;202
201400009103;14;2;17;1630;1;1;1;1;1;337;;M;0;0;202
201400009104;14;5;8;1930;1;1;1;1;1;193;;M;0;0;202
201400009105;14;5;17;1345;1;1;9;1;3;332;;M;0;0;202
201400009106;14;6;15;1700;1;1;1;1;7;332;;M;0;0;202
201400009107;14;7;21;1645;1;1;1;1;2;220;;M;0;0;202
201400009108;14;7;27;1900;1;1;1;1;7;337;;M;0;0;202
201400009109;14;10;9;1730;1;1;1;1;1;220;;M;0;0;202
201400009110;14;3;23;1845;3;1;1;1;7;123;;M;0;0;202
201400009111;14;7;5;1415;1;1;1;1;3;123;;M;0;0;202
201400009112;14;12;11;715;2;2;2;1;3;123;U FUNTANA;M;0;0;202
201400009113;14;1;20;645;5;1;1;1;5;307;;M;0;0;202
201400009114;14;9;6;1545;1;1;1;1;5;303;;M;0;0;202
201400009115;14;9;29;1500;1;1;1;1;5;303;;M;4229000;945800;202
201400009116;14;3;16;1600;1;1;1;1;1;77;;M;0;0;202
201400009117;14;6;12;1145;1;1;1;1;6;221;;M;0;0;202
201400009118;14;6;29;945;1;1;1;1;2;343;;M;0;0;202
201400009119;14;7;25;1615;1;1;1;1;1;207;;M;0;0;202
201400009120;14;8;5;1600;1;1;1;1;5;207;;M;0;0;202
201400009121;14;9;21;1730;1;1;1;1;1;207;;M;0;0;202
201400009122;14;10;31;1830;3;1;1;1;6;255;;M;0;0;202
201400009123;14;11;12;1600;1;1;1;2;6;252;;M;0;0;202
201400009124;14;11;28;1715;3;1;1;3;5;77;;M;0;0;202
201400009125;14;12;8;1130;2;2;6;1;3;346;Rond point de Arena;M;0;0;202
201400009126;14;12;22;2315;5;2;6;1;6;346;rond point de Torra;M;0;0;202
201400009127;14;1;20;1750;5;2;1;1;6;23;1, FANTON (CHEMIN);M;4490359;662951;50
201400009128;14;2;20;2120;5;2;1;1;7;23;4, BACCHU-BER (RUE DU);M;4488576;663473;50
201400009129;14;2;25;2020;5;2;1;1;6;23;23, REPUBLIQUE (AVENUE D;M;4489821;663899;50
201400009130;14;2;28;2235;5;2;1;4;6;23;Avenue Jean Moulin;M;4488912;662741;50
201400009131;14;3;16;350;5;2;6;1;6;23;DE GAULLE (AVENUE DU GEN;M;4489409;663338;50
201400009132;14;3;21;1750;1;2;9;1;6;23;6 AVENUE DU DAUPHINE;M;4490291;663082;50
201400009133;14;3;28;1345;1;2;9;1;6;23;IZOARD (AVENUE DU COL D';M;4489262;663785;50
201400009134;14;4;28;1200;1;2;1;1;3;23;36, FORGUES (AVENUE DU P;M;4490557;663006;50
201400009135;14;5;3;1800;1;2;1;1;7;23;PROVENCE (AVENUE DE);M;4489944;663111;50
201400009136;14;6;16;1430;1;2;4;1;3;23;SAVOIE (AVENUE DE);M;4490931;662639;50
201400009137;14;7;11;1630;1;2;1;1;4;23;DAUPHINE (AVENUE DU);M;4490289;663095;50
201400009138;14;7;19;1715;1;2;1;1;3;23;POET OLLAGNIER (ROUTE DU;M;4491504;662508;50
201400009139;14;7;23;1605;1;2;1;1;2;23;4 eme RTM (RUE DU);M;4489468;663615;50
201400009140;14;7;23;1615;1;2;1;1;3;23;PROVENCE (AVENUE DE);M;4489840;662855;50
201400009141;14;7;27;1010;1;2;1;1;1;23;SAVOIE (AVENUE DE);M;4490865;662695;50
201400009142;14;7;29;1405;1;2;4;1;3;23;IZOARD (AVENUE DU COL D';M;4489371;663777;50
201400009143;14;7;30;1120;1;2;6;1;6;23;DE GAULLE (AVENUE DU GEN;M;4489616;663298;50
201400009144;14;8;2;1045;1;2;1;1;1;23;FORGUES (AVENUE DU PROF.;M;4490321;663705;50
201400009145;14;8;8;1607;1;2;1;1;3;23;GRENOBLE (ROUTE DE);M;4491789;662116;50
201400009146;14;8;15;1310;1;2;1;1;3;23;DAUPHINE (AVENUE DU);M;4490291;663089;50
201400009147;14;8;16;1137;1;2;2;7;6;23;, ROCH (RUE SAINT);M;4488640;663688;50
201400009148;14;8;23;1420;1;2;1;1;2;23;BALDENBERGER (AVENUE);M;4490194;664117;50
201400009149;14;7;23;910;1;2;6;1;7;23;PETSCHE (AVENUE MAURICE);M;4489585;663272;50
201400009150;14;9;30;720;1;2;1;3;6;23;GRENOBLE (ROUTE DE);M;4491807;662087;50
201400009151;14;10;18;1020;1;2;3;1;6;23;DE GAULLE (AVENUE DU GEN;M;4489250;663398;50
201400009152;14;11;5;1745;5;2;1;2;6;23;5, EUROPE (PLACE DE L');M;4489705;663520;50
201400009153;14;11;5;1850;3;1;1;2;7;23;ITALIE (ROUTE D');M;4490966;666335;50
201400009154;14;11;24;815;1;2;2;1;3;23;SAVOIE (AVENUE DE);M;4491471;662302;50
201400009155;14;12;13;1945;5;2;1;1;2;23;BARBOT (AVENUE DU GENERA;M;4490086;663236;50
201400009156;14;1;9;1245;1;2;1;1;6;61;Parking HYPER U 0500 GAP;M;4454389;606626;50
201400009157;14;1;12;1935;5;2;1;1;3;61;COMMANDANT DUMONT ( AVEN;M;4457011;608314;50
201400009158;14;4;5;1345;1;2;1;1;6;61;GEORGES POMPIDOU ( BD);M;4455819;608264;50
201400009159;14;4;17;2005;1;2;1;1;3;61;ETIENNE MOREAUD ( RUE );M;4455927;607605;50
201400009160;14;4;29;2230;5;2;1;1;5;61;EYSSAGNIERES ( ROUTE DES;M;4454804;605442;50
201400009161;14;6;5;1315;1;1;1;1;1;61;RN 85;M;4459013;608153;50
201400009162;14;6;9;1220;1;1;1;7;7;61;RN 85;M;4457416;607467;50
201400009163;14;6;6;910;1;2;1;1;6;61;GEORGES POMPIDOU ( BD);M;4455969;608422;50
201400009164;14;6;10;820;1;2;1;1;6;61;JEAN JAURES ( AVENUE );M;4455343;607290;50
201400009165;14;6;19;730;1;2;1;1;3;61;EYSSAGNIERES ( ROUTE DES;M;4454001;605188;50
201400009166;14;6;24;1530;1;2;1;1;6;61;JEAN JAURES ( AVENUE );M;4454850;606684;50
201400009167;14;6;25;1730;1;2;5;1;3;61;JEAN MOULIN ( CARREFOUR);M;4456001;607585;50
201400009168;14;7;3;950;1;2;6;1;3;61;D994;M;4456139;608225;50
201400009169;14;7;5;1545;1;1;1;1;7;61;D994;M;4460422;611602;50
201400009170;14;7;9;1230;1;2;1;1;1;61;SILOS ( RUE DES );M;4456642;608892;50
201400009171;14;7;10;1930;1;2;1;8;2;61;FOREST ( RUE ET ROUTE DU;M;4456616;608681;50
201400009172;14;8;20;1455;1;2;6;1;3;61;VEYNES ( ROUTE DE );M;4455790;606863;50
201400009173;14;8;29;1709;1;2;1;1;3;61;PIGNEROL ( AVENUE DE );M;4456503;609289;50
201400009174;14;9;14;800;1;2;1;1;6;61;FREDERIC MISTRAL ( COURS;M;4455812;607447;50
201400009175;14;9;15;2345;5;2;1;2;6;61;FREDERIC MISTRAL ( COURS;M;4455702;607524;50
201400009176;14;10;17;1810;1;2;6;1;6;61;FAUVINS ( ROUTE  DES );M;4456386;609529;50
201400009177;14;10;18;1131;1;2;3;1;6;61;OCTROI ( PASSAGE DE L' );M;4456078;607738;50
201400009178;14;10;30;1700;1;2;3;1;3;61;MALCOMBE ( ROUTE DE );M;4455792;604425;50
201400009179;14;11;12;1535;1;2;1;2;6;61;GEORGES POMPIDOU ( BD);M;4455638;607932;50
201400009180;14;12;13;2348;5;2;1;1;1;61;GUILLAUME FAREL ( AVENUE;M;4455790;607088;50
201400009181;14;12;17;1010;1;2;1;1;1;61;JUSTICE ( ROUTE DE  LA );M;4456685;611051;50
201400009182;14;5;15;2315;3;1;1;1;7;337;;M;0;0;780
201400009183;14;5;18;1600;1;1;1;1;7;68;;M;0;0;780
201400009184;14;6;15;1845;1;1;1;1;2;147;;M;0;0;780
201400009185;14;7;7;1730;1;2;1;1;6;89;rue georges herrewyn;M;0;0;780
201400009186;14;7;29;830;1;1;6;1;3;89;;M;0;0;780
201400009187;14;10;31;1045;1;2;1;1;2;89;RUE DU PORT;M;0;0;780
201400009188;14;4;23;1730;1;1;1;1;1;558;;M;0;0;780
201400009189;14;11;1;1100;1;1;1;1;1;192;;M;0;0;780
201400009190;14;4;1;715;1;1;1;1;7;567;;M;4904100;169200;780
201400009191;14;4;2;1500;1;1;1;1;2;536;;M;0;0;780
201400009192;14;3;25;845;1;1;3;2;3;90;;M;0;0;780
201400009193;14;11;29;1300;1;1;1;1;2;140;;M;0;0;780
201400009194;14;12;29;1615;2;2;1;1;3;206;rue de la R?publique;M;0;0;780
201400009195;14;8;6;1200;1;2;1;2;1;263;AVENUE DE NEUVILLE;M;0;0;780
201400009196;14;9;17;1700;1;1;2;1;3;263;;M;0;0;780
201400009197;14;10;19;1745;1;1;1;1;5;263;;M;0;0;780
201400009198;14;11;29;815;1;1;1;1;6;48;;M;0;0;780
201400009199;14;4;24;800;1;2;1;1;5;380;RD 191 - Route de Mantes;M;0;0;780
201400009200;14;6;7;230;3;1;1;1;6;380;;M;0;0;780
201400009201;14;7;9;1215;1;2;1;1;3;62;Route d?partementale 191;M;0;0;780
201400009202;14;7;31;1100;1;1;1;1;1;305;;M;0;0;780
201400009203;14;9;17;900;1;2;1;1;6;368;Rue Christian Pouillard;M;0;0;780
201400009204;14;11;12;1815;5;2;1;1;6;380;chauss?e Saint Vincent;M;0;0;780
201400009205;14;2;11;1215;1;2;3;8;3;530;Boulevard de l'Europe;M;0;0;780
201400009206;14;6;6;1230;1;1;1;1;3;439;;M;0;0;780
201400009207;14;8;1;945;1;1;1;1;6;417;;M;4889400;160800;780
201400009208;14;12;22;1900;3;1;1;1;7;474;;M;4885400;163900;780
201400009209;14;6;28;1945;1;1;1;1;3;497;;M;0;0;780
201400009210;14;7;10;1915;5;2;1;1;7;497;route de Rambouillet;M;0;0;780
201400009211;14;9;21;415;3;1;1;2;6;557;;M;0;0;780
201400009212;14;2;18;1700;1;1;1;1;4;3;;M;0;0;780
201400009213;14;3;10;2015;3;1;1;1;7;478;;M;0;0;780
201400009214;14;6;4;1230;1;1;1;3;2;3;;M;0;0;780
201400009215;14;6;15;1515;1;1;1;1;1;470;;M;4858300;181300;780
201400009216;14;2;16;1730;1;1;1;1;1;548;;M;0;0;780
201400009217;14;3;27;1715;1;1;1;1;3;590;;M;0;0;780
201400009218;14;7;10;1145;1;2;1;1;6;160;12 rue porte de paris;M;0;0;780
201400009219;14;2;9;1145;1;2;1;1;6;289;route des aubris;M;0;0;780
201400009220;14;2;12;900;1;1;1;1;2;443;;M;0;0;780
201400009221;14;3;5;100;3;1;1;1;1;398;;M;4876600;183000;780
201400009222;14;3;31;1030;1;2;6;1;3;420;cd 155;M;4878400;181400;780
201400009223;14;4;9;900;1;1;1;1;1;576;;M;4874200;188700;780
201400009224;14;8;10;1215;1;1;1;1;6;562;;M;4874300;177600;780
201400009225;14;9;6;2115;3;1;9;1;6;443;;M;4880500;184200;780
201400009226;14;1;5;830;1;1;1;1;6;321;;M;0;0;780
201400009227;14;3;22;1600;1;1;1;1;4;623;;M;0;0;780
201400009228;14;4;13;1930;1;2;1;1;6;683;rue charles de gaulle;M;0;0;780
201400009229;14;7;3;845;1;1;1;1;2;321;;M;0;0;780
201400009230;14;2;2;1000;1;1;1;1;6;616;;M;0;0;780
201400009231;14;2;26;800;2;1;1;1;2;262;;M;0;0;780
201400009232;14;3;3;1930;3;1;1;1;3;364;;M;0;0;780
201400009233;14;4;30;1745;1;1;1;1;3;364;;M;0;0;780
201400009234;14;5;24;1000;1;2;1;1;6;262;rue de Montfort;M;0;0;780
201400009235;14;5;29;1030;1;2;9;1;6;513;zac les croix / parking;M;0;0;780
201400009236;14;8;13;1000;1;2;1;1;7;62;;M;0;0;780
201400009237;14;8;26;2245;1;1;1;2;6;513;;M;0;0;780
201400009238;14;9;13;1600;1;1;1;1;6;265;;M;0;0;780
201400009239;14;9;13;1600;1;1;1;1;1;265;;M;0;0;780
201400009240;14;7;2;1745;1;1;1;1;6;522;;M;0;0;780
201400009241;14;7;18;1745;1;1;1;1;1;601;;M;0;0;780
201400009242;14;8;20;1430;1;2;1;1;6;349;Route d?partementale 149;M;0;0;780
201400009243;14;11;8;1015;1;2;1;1;7;537;D?partementale 149 Pk 09;M;0;0;780
201400009244;14;4;12;1230;1;2;1;1;3;466;route des quarante sous;M;4893200;199500;780
201400009245;14;2;7;745;1;2;1;1;6;235;rue de l'essonne;M;0;0;910
201400009246;14;3;20;1745;1;2;6;1;3;235;RN 445;M;0;0;910
201400009247;14;9;3;1745;1;2;1;1;6;235;RD 445;M;0;0;910
201400009248;14;10;25;1600;1;2;1;1;3;235;Av du hurepoix;M;4862500;235100;910
201400009249;14;10;26;1845;3;1;1;1;2;235;RD 445;M;4863500;235700;910
201400009250;14;4;9;1430;1;2;1;1;1;386;avenue des porcelaines;M;0;0;910
201400009251;14;6;5;1800;1;1;1;7;3;179;D 948;M;0;0;910
201400009252;14;6;13;1915;1;2;1;1;7;386;BVD CHARLES DE GAULLE;M;0;0;910
201400009253;14;9;11;2130;5;2;3;1;3;179;Route de Milly;M;0;0;910
201400009254;14;11;21;1645;1;1;1;1;2;179;Chemin justice /N7;M;0;0;910
201400009255;14;11;26;930;1;2;1;2;6;468;RD191;M;4857700;247000;910
201400009256;14;1;5;1615;1;1;1;1;3;405;D837;M;0;0;910
201400009257;14;1;28;1645;1;1;1;1;1;408;D948;M;0;0;910
201400009258;14;3;11;1545;1;1;1;1;2;405;D1;M;0;0;910
201400009259;14;3;14;1845;1;2;1;1;6;359;rue de l'espérance;M;4839000;237900;910
201400009260;14;6;5;2230;5;2;1;1;1;405;Rue Jean Cocteau;M;0;0;910
201400009261;14;6;12;1615;1;1;1;1;1;180;D372;M;4844000;247500;910
201400009262;14;8;3;1500;1;1;1;1;3;180;D372;M;4844600;248300;910
201400009263;14;8;10;1045;1;1;1;1;1;195;D948;M;0;0;910
201400009264;14;11;19;815;1;1;1;1;1;69;RD 449;M;0;0;910
201400009265;14;1;9;1830;3;1;1;8;6;175;Forêt domaniale C3;M;0;0;910
201400009266;14;4;5;2000;1;2;1;1;3;200;av du 14 juillet 1789;M;4852500;202300;910
201400009267;14;4;8;1600;1;2;1;1;3;200;rue Pierre CECCALDI;M;4853200;201200;910
201400009268;14;7;5;1145;1;1;1;1;1;98;RD 191;M;4846000;207200;910
201400009269;14;11;17;1030;1;1;1;8;7;393;RD 21;M;0;0;910
201400009270;14;12;5;1830;1;2;7;8;6;200;place du chariot;M;0;0;910
201400009271;14;12;8;1230;1;1;1;2;6;200;D836;M;4854500;199700;910
201400009272;14;12;18;900;1;1;6;1;7;200;D116;M;0;0;910
201400009273;14;5;26;1115;1;2;1;2;6;226;Face au 60 ter Grande Ru;M;0;0;910
201400009274;14;6;16;1915;2;1;1;1;6;671;D191;M;4846600;226700;910
201400009275;14;6;14;1800;1;2;1;7;3;226;Route de Saint Fiacre;M;0;0;910
201400009276;14;7;4;1345;1;1;1;8;6;132;RN 20;M;4852200;220400;910
201400009277;14;10;19;1130;1;1;1;1;3;95;RD 99;M;4852000;228900;910
201400009278;14;12;20;1730;5;2;1;2;6;226;Avenue d'Orleans;M;0;0;910
201400009279;14;4;20;1800;1;1;1;1;6;473;D145;M;0;0;910
201400009280;14;6;18;1545;1;1;1;1;2;129;D191;M;4847900;230400;910
201400009281;14;7;13;1515;1;1;3;3;3;100;intersection RD837/RD145;M;4843000;228400;910
201400009282;14;7;23;1745;1;1;1;8;1;294;RD108;M;0;0;910
201400009283;14;5;3;1;5;2;2;1;1;568;RD 27;M;0;0;910
201400009284;14;8;2;1030;1;2;2;1;3;546;CD838/CD27;M;4857100;203100;910
201400009285;14;8;9;1300;1;1;1;1;7;81;D82;M;0;0;910
201400009286;14;9;13;800;1;1;1;1;6;661;;M;4869200;220000;910
201400009287;14;12;2;1830;5;2;1;2;6;661;RUE DE PALAISEAU;M;0;0;910
201400009288;14;2;17;1815;1;2;1;1;6;115;rue de l'abreuvoir;M;0;0;910
201400009289;14;3;20;730;1;2;6;1;3;461;D97;M;0;0;910
201400009290;14;4;10;15;3;1;1;1;4;461;route de baillot;M;4859800;221700;910
201400009291;14;8;1;1745;1;1;1;1;2;207;RN20;M;4858000;223500;910
201400009292;14;10;3;1845;1;1;1;1;2;41;route de la Ferté Alais;M;4857100;226200;910
201400009293;14;12;18;1815;5;1;1;1;2;156;route de Lardy;M;4855200;227800;910
201400009294;14;1;21;715;2;1;1;1;1;332;D26;M;0;0;910
201400009295;14;4;7;1500;1;2;6;1;1;579;carrefour giratoire CD8;M;0;0;910
201400009296;14;11;10;715;2;1;1;5;1;579;chemin vicinal n°1;M;0;0;910
201400009297;14;1;16;1815;3;1;1;2;6;338;D838;M;0;0;910
201400009298;14;1;21;730;3;1;2;2;3;338;D838;M;0;0;910
201400009299;14;1;23;815;2;1;1;8;5;411;D838;M;4868800;206800;910
201400009300;14;2;4;930;1;1;6;2;6;111;D131;M;0;0;910
201400009301;14;2;23;45;3;1;1;2;6;243;D3;M;4862400;216600;910
201400009302;14;4;24;2045;1;1;1;1;7;411;D838;M;4868700;206999;910
201400009303;14;5;2;830;1;1;6;2;6;111;D24;M;4864400;212200;910
201400009304;14;7;10;945;1;2;2;2;1;243;intersection CD 97/ CD3;M;0;0;910
201400009305;14;9;18;1515;1;1;1;1;2;243;rue de la Roche Turpin;M;4862100;216900;910
201400009306;14;10;4;1530;1;1;1;1;5;319;RD40;M;0;0;910
201400009307;14;10;6;1800;2;1;3;2;3;249;rue du Général Leclerc;M;0;0;910
201400009308;14;10;19;1000;1;2;2;1;3;93;rue du tartelet;M;0;0;910
201400009309;14;12;12;1730;3;1;3;2;3;243;D3;M;0;0;910
201400009310;14;12;15;900;1;1;1;8;7;338;D24;M;0;0;910
201400009311;14;12;30;730;3;1;1;4;2;338;RD988;M;4865900;207799;910
201400009312;14;5;20;700;1;1;6;1;5;44;RPT VERONIQUE D186;M;0;0;910
201400009313;14;7;27;2000;1;1;1;1;2;587;RN 20;M;0;0;910
201400009314;14;8;27;1745;1;1;1;1;2;44;N20;M;0;0;910
201400009315;14;10;18;1545;1;1;1;1;1;44;RN20;M;0;0;910
201400009316;14;12;12;1745;3;1;1;2;3;136;N20;M;0;0;910
201400009317;14;12;18;745;5;2;1;1;6;136;10 route de versailles;M;0;0;910
201400009318;14;2;23;1645;1;1;1;1;3;635;D36;M;4873400;217900;910
201400009319;14;3;25;1645;1;1;1;2;2;534;N118;M;4874400;218600;910
201400009320;14;8;9;1730;1;1;6;1;1;477;D36;M;0;0;910
201400009321;14;11;13;145;5;1;1;1;7;534;RD 36;M;4873500;214900;910
201400009322;14;1;15;630;3;1;1;2;2;679;;M;0;0;910
201400009323;14;1;18;1445;1;2;1;1;4;272;123 AVENEU DU G LECLERC;M;4870900;211800;910
201400009324;14;2;1;1915;5;1;1;1;1;679;Rue du Billehou;M;0;0;910
201400009325;14;2;5;745;2;1;1;1;7;274;D40;M;4867700;211300;910
201400009326;14;2;6;1930;5;2;1;1;3;272;av. du général leclerc;M;0;0;910
201400009327;14;2;12;845;1;1;1;1;7;274;D131;M;0;0;910
201400009328;14;2;24;2030;3;2;1;1;3;272;rue Juliette adam;M;4870600;212400;910
201400009329;14;5;15;2000;1;1;6;1;6;275;D35;M;0;0;910
201400009330;14;5;27;1000;1;1;6;1;7;275;D35;M;0;0;910
201400009331;14;11;4;815;1;1;1;1;1;272;RD 306;M;0;0;910
201400009332;14;11;12;545;3;1;1;9;2;679;RD 36;M;4873600;211100;910
201400009333;14;12;11;1800;3;1;1;2;6;635;D36;M;0;0;910
201400009334;14;12;27;830;3;1;1;1;6;679;RD95;M;0;0;910
201400009335;14;8;29;345;3;1;1;1;6;157;RD 100;M;4908390;169680;950
201400009336;14;1;31;1300;1;1;1;1;6;287;R DU BOIS QUERY;M;4913670;204590;950
201400009337;14;5;10;615;2;2;1;1;6;271;R SAINT MELLON;M;4910390;205629;950
201400009338;14;6;12;2000;1;1;1;1;3;308;CHEMIN DE PONTOISE;M;4910660;213320;950
201400009339;14;7;1;830;1;1;1;1;1;211;RTE DE GENICOURT;M;4908350;208670;950
201400009340;14;8;28;645;2;1;1;1;1;627;R DE PONTOISE;M;4913950;211820;950
201400009341;14;4;9;1415;1;1;1;1;5;2;RD 14;M;4906940;196090;950
201400009342;14;6;14;1415;1;1;1;1;6;535;RD 28;M;4906520;196120;950
201400009343;14;6;27;1645;1;1;1;2;1;348;RD 169;M;4906830;192110;950
201400009344;14;11;10;715;3;1;1;1;4;166;RD 14;M;4912270;185510;950
201400009345;14;1;5;1830;3;1;3;1;1;199;RD 909;M;4902610;231120;950
201400009346;14;5;19;1300;1;1;1;1;1;199;RTE DE MONTMORENCY;M;4901540;231270;950
201400009347;14;8;29;230;5;2;1;1;6;409;RD 909;M;4904480;232590;950
201400009348;14;11;8;1015;1;2;6;1;6;199;AV DU LYCEE;M;4902810;233930;950
201400009349;14;12;3;2000;5;2;1;2;6;199;R DE LA REPUBLIQUE;M;4902510;232430;950
201400009350;14;6;9;1800;1;1;1;2;3;365;RD 316;M;4907180;240730;950
201400009351;14;8;10;1545;1;2;1;8;1;205;R DE LA LIBERATION;M;4902350;237270;950
201400009352;14;12;3;1;3;1;1;2;6;675;RD 317;M;4907150;252850;950
201400009353;14;5;26;1615;1;1;9;1;3;153;;M;4905000;271700;770
201400009354;14;1;3;1730;2;1;1;1;1;127;;M;4840434;242560;770
201400009355;14;7;15;745;1;1;2;1;1;457;;M;4867600;269700;770
201400009356;14;2;23;1715;1;1;1;1;6;100;;M;4849200;279200;770
201400009357;14;5;8;1815;1;1;1;2;1;103;;M;0;0;770