num_acc;an;mois;jour;hrmn;lum;agg;int;atm;col;com;adr;gps;lat;long;dep
201400009358;14;2;3;1530;1;1;1;7;1;145;;M;4859600;272600;770
201400009359;14;1;30;1330;1;2;1;1;6;222;rue de servolles;M;4864000;279600;770
201400009360;14;4;22;900;1;1;1;1;6;107;;M;0;0;770
201400009361;14;6;12;745;1;2;2;1;3;222;place denis cadas;M;4866400;275400;770
201400009362;14;6;27;1645;1;1;1;1;1;145;;M;0;0;770
201400009363;14;7;5;715;2;1;1;2;5;107;;M;0;0;770
201400009364;14;11;16;1800;3;1;1;2;5;493;;M;0;0;770
201400009365;14;11;21;1830;3;1;1;1;1;145;;M;0;0;770
201400009366;14;11;23;2045;3;1;2;1;5;145;;M;0;0;770
201400009367;14;11;24;2245;3;1;1;1;6;534;;M;0;0;770
201400009368;14;11;29;1745;3;1;1;1;1;107;;M;0;0;770
201400009369;14;12;30;1415;1;1;1;2;5;107;;M;4839386;248318;770
201400009370;14;2;4;715;2;1;1;1;1;86;;M;4855600;291200;770
201400009371;14;5;6;1130;1;1;1;1;3;222;;M;4864800;273500;770
201400009372;14;10;13;1500;1;1;6;1;2;86;;M;4891300;246000;770
201400009373;14;12;7;515;3;1;1;5;6;211;;M;4858600;285500;770
201400009374;14;12;21;1815;2;1;1;1;5;428;;M;4892300;253300;770
201400009375;14;3;9;1615;1;1;2;1;5;177;;M;0;0;770
201400009376;14;3;21;1545;1;1;2;1;7;104;;M;0;0;770
201400009377;14;12;9;1245;1;1;1;1;5;104;;M;0;0;770
201400009378;14;12;13;2115;3;1;1;2;1;104;;M;4843298;249314;770
201400009379;14;1;27;545;3;1;1;2;1;128;;M;4852027;252332;770
201400009380;14;2;12;830;1;2;2;8;3;142;rue de Bouleurs;M;0;0;770
201400009381;14;4;7;1915;1;2;1;1;6;142;Rue du march?;M;4886300;290000;770
201400009382;14;4;9;945;1;1;1;1;7;130;;M;0;0;770
201400009383;14;5;13;1900;1;2;1;1;3;128;RUE ALFONSE BOULINGRE;M;0;0;770
201400009384;14;9;27;1300;1;2;1;1;3;529;Rue de Saint Martin;M;0;0;770
201400009385;14;11;13;1900;3;1;1;2;3;529;;M;0;0;770
201400009386;14;11;29;1245;1;2;8;1;6;142;38 rue nationale;M;0;0;770
201400009387;14;1;30;845;2;1;1;2;6;228;;M;4854432;318306;770
201400009388;14;3;28;830;1;1;1;1;2;182;;M;4846434;318171;770
201400009389;14;4;16;1815;1;1;1;1;3;406;;M;4885100;320800;770
201400009390;14;4;22;1530;1;2;1;1;6;512;5 rue du prsbyt?re;M;0;0;770
201400009391;14;6;15;1630;1;1;1;1;2;116;;M;4879300;320600;770
201400009392;14;6;22;1300;1;1;1;7;3;417;;M;4884500;325100;770
201400009393;14;8;29;1000;1;2;1;1;1;406;CD61;M;4883600;320400;770
201400009394;14;9;13;1500;1;1;1;1;1;97;;M;4876300;322700;770
201400009395;14;10;1;1430;1;1;2;1;1;398;;M;4888100;329300;770
201400009396;14;10;3;1130;1;1;1;1;3;116;;M;4879300;319800;770
201400009397;14;10;21;1145;1;1;1;1;2;116;;M;4879300;321000;770
201400009398;14;12;20;1330;1;1;1;1;6;405;;M;4891200;315100;770
201400009399;14;12;22;1430;1;1;1;1;7;421;;M;4873500;329200;770
201400009400;14;1;17;815;1;2;1;1;6;183;rue de cond?;M;0;0;770
201400009401;14;4;8;1330;1;2;1;1;6;183;6 avenue de montmirail;M;0;0;770
201400009402;14;4;22;1515;1;2;1;1;6;397;rue de la plage;M;4868000;344900;770
201400009403;14;5;4;1815;1;1;1;1;1;183;;M;0;0;770
201400009404;14;7;24;730;3;1;1;1;6;361;;M;0;0;770
201400009405;14;9;27;1915;1;1;1;1;3;415;;M;4858600;308000;770
201400009406;14;11;1;1030;3;1;1;1;1;265;;M;4861900;329000;770
201400009407;14;11;13;1600;1;2;1;1;6;183;rue de cond?;M;4856700;320000;770
201400009408;14;11;21;1345;1;1;1;1;6;397;;M;4862300;336900;770
201400009409;14;1;7;1830;3;1;1;2;6;264;;M;4825400;256700;770
201400009410;14;2;17;1630;1;1;1;1;2;229;;M;0;0;770
201400009411;14;5;3;1245;1;1;2;1;6;336;;M;0;0;770
201400009412;14;5;28;1745;1;1;2;1;5;318;;M;0;0;770
201400009413;14;6;24;1000;1;1;1;1;5;318;;M;0;0;770
201400009414;14;8;17;1445;1;1;1;1;1;508;;M;0;0;770
201400009415;14;10;22;2015;3;1;6;1;2;318;;M;0;0;770
201400009416;14;10;22;1945;3;1;1;1;3;219;;M;0;0;770
201400009417;14;11;15;800;1;1;1;1;1;508;;M;0;0;770
201400009418;14;11;26;915;1;1;2;8;3;219;;M;0;0;770
201400009419;14;11;26;1500;1;1;1;1;7;318;;M;0;0;770
201400009420;14;4;4;1415;1;1;2;8;3;278;;M;4830300;326900;770
201400009421;14;3;11;1745;1;1;3;1;3;360;;M;0;0;770
201400009422;14;3;31;1015;1;1;1;1;3;192;;M;4865700;286500;770
201400009423;14;4;22;1730;1;2;1;1;6;469;RUE DE PARIS;M;0;0;770
201400009424;14;5;5;815;1;1;2;1;5;192;;M;4816100;250000;770
201400009425;14;5;11;1400;1;1;1;1;1;486;;M;0;0;770
201400009426;14;7;15;1715;1;1;1;1;1;264;;M;4825300;297630;770
201400009427;14;8;20;1915;1;1;1;1;1;365;;M;4819200;307100;770
201400009428;14;9;10;1700;1;2;1;1;6;192;avendu g?n?ral  de gaule;M;4817800;244600;770
201400009429;14;6;25;1600;1;1;1;1;3;69;;M;0;0;770
201400009430;14;7;25;1830;1;1;1;1;3;185;;M;0;0;770
201400009431;14;7;30;1630;1;1;1;1;1;65;;M;0;0;770
201400009432;14;3;8;1430;1;1;9;1;3;41;;M;0;0;770
201400009433;14;4;5;1700;1;1;1;1;1;1;;M;4862100;293500;770
201400009434;14;6;12;1645;1;2;1;1;6;386;rue du Clos du Roi;M;4858300;207700;770
201400009435;14;6;24;1945;1;2;1;1;1;88;D 64 QUARTIER DE LA GARE;M;4854000;294100;770
201400009436;14;8;3;1600;1;1;1;1;1;339;;M;4837500;255900;770
201400009437;14;3;17;1730;2;1;1;1;2;99;;M;0;0;770
201400009438;14;9;17;1445;1;2;1;1;6;45;1 RUE DE CORBEVAL;M;0;0;770
201400009439;14;9;22;1130;1;1;1;1;3;267;;M;0;0;770
201400009440;14;1;10;1000;1;1;1;5;6;370;;M;4825300;277400;770
201400009441;14;1;21;800;1;1;1;5;5;500;;M;4822200;291800;770
201400009442;14;3;29;445;3;1;1;1;6;489;;M;0;0;770
201400009443;14;4;11;2300;3;1;2;1;3;531;;M;4828600;297000;770
201400009444;14;6;30;1730;1;1;2;1;3;387;;M;0;0;770
201400009445;14;7;19;1700;1;1;2;1;3;35;;M;4825800;302600;770
201400009446;14;9;1;630;2;1;1;1;1;115;;M;4824400;298100;770
201400009447;14;1;26;1830;3;2;3;3;3;153;chemin departemental 13;M;4903448;241380;770
201400009448;14;2;9;1745;2;1;1;1;2;259;;M;4903800;272700;770
201400009449;14;5;3;1545;1;1;1;1;1;392;;M;0;0;770
201400009450;14;6;24;745;1;1;1;1;1;420;;M;4904500;270800;770
201400009451;14;9;23;745;1;2;9;1;6;420;AVENUE DE LA GARE;M;4903800;269600;770
201400009452;14;10;1;1215;1;2;1;7;1;153;3 rue cl?ment ader;M;4906900;269800;770
201400009453;14;11;1;1415;1;1;1;1;6;349;;M;4908500;266500;770
201400009454;14;1;13;800;2;2;1;1;6;171;avenue foch;M;4890800;282000;770
201400009455;14;6;7;1215;1;1;1;2;6;5;;M;4891700;269200;770
201400009456;14;9;27;1500;1;1;1;1;7;196;;M;4893600;272500;770
201400009457;14;10;9;1830;1;1;1;1;3;95;;M;4896700;276700;770
201400009458;14;10;25;15;3;1;1;8;6;248;;M;4892000;279100;770
201400009459;14;10;27;845;1;1;1;5;1;95;;M;4895600;274300;770
201400009460;14;12;7;815;1;1;1;5;3;94;;M;4894300;275100;770
201400009461;14;12;27;1645;2;1;1;2;3;234;;M;4890800;276700;770
201400009462;14;3;23;600;2;1;1;1;6;148;;M;4917200;313800;770
201400009463;14;4;11;1530;1;1;1;1;6;343;;M;0;0;770
201400009464;14;6;21;1900;1;1;1;1;1;483;;M;4974400;257500;770
201400009465;14;7;12;745;2;1;1;2;6;8;;M;4860600;266100;770
201400009466;14;3;25;445;3;1;1;1;1;273;;M;4905100;273500;770
201400009467;14;4;25;1830;1;2;1;1;7;274;RUE DU PONT;M;0;0;770
201400009468;14;6;20;1615;1;1;1;1;1;344;;M;4905900;80800;770
201400009469;14;6;24;1545;1;1;1;1;6;193;;M;4905500;286600;770
201400009470;14;6;25;1915;1;1;2;1;3;273;;M;4905200;278500;770
201400009471;14;8;31;1830;1;2;2;1;3;150;;M;4902300;277100;770
201400009472;14;10;7;1900;2;1;1;7;5;525;;M;4902700;220800;770
201400009473;14;10;9;1430;1;1;3;1;1;515;;M;4865400;228000;770
201400009474;14;10;10;645;3;1;1;8;3;233;;M;4965100;230600;770
201400009475;14;10;11;30;3;1;1;2;7;437;;M;4866500;227800;770
201400009476;14;3;9;1630;1;1;1;1;2;357;;M;4808300;621700;770
201400009477;14;3;25;745;1;1;1;8;1;416;;M;4861900;310200;770
201400009478;14;5;4;1815;1;1;1;1;6;66;;M;4873100;336300;770
201400009479;14;5;8;1830;1;1;1;2;7;530;;M;4859400;335900;770
201400009480;14;6;1;1845;1;1;2;1;3;357;;M;4809300;313700;770
201400009481;14;6;27;1500;1;1;1;1;1;20;;M;4841332;310414;770
201400009482;14;7;2;2045;2;1;1;1;7;12;;M;4865800;333800;770
201400009483;14;7;4;1615;1;1;2;1;3;414;;M;4802700;348900;770
201400009484;14;7;7;1800;1;1;4;2;3;530;;M;4861800;332700;770
201400009485;14;8;11;1130;1;1;1;1;1;137;;M;4869200;327500;770
201400009486;14;10;16;815;1;1;1;1;1;530;;M;0;0;770
201400009487;14;10;22;1115;1;1;1;1;4;109;;M;0;0;770
201400009488;14;12;26;1700;3;1;1;1;1;109;;M;4800000;318700;770
201400009489;14;3;30;1115;1;1;1;1;1;286;;M;0;0;770
201400009490;14;5;4;130;3;1;1;1;1;227;;M;0;0;770
201400009491;14;5;15;745;1;1;1;1;5;347;;M;4846200;323000;770
201400009492;14;4;30;745;1;1;1;2;6;90;;M;4855800;318100;770
201400009493;14;7;18;300;3;1;1;1;7;496;;M;4859000;316600;770
201400009494;14;9;27;1115;1;2;1;1;6;327;Rue Aristide Briand;M;4856000;301600;770
201400009495;14;5;27;1930;1;1;1;1;5;296;LA CROIX FARON;M;4799491;171420;450
201400009496;14;9;7;1645;1;1;1;1;6;74;;M;4803682;162477;450
201400009497;14;10;8;1715;1;2;2;3;3;248;D 935/BD 15 AOUT 1944;M;4804533;169701;450
201400009498;14;1;2;1130;1;2;1;1;3;82;R ALBERT VIGIER;M;4786543;221875;450
201400009499;14;3;30;615;5;2;1;1;6;290;RTE GIEN;M;4785501;227529;450
201400009500;14;3;30;1445;1;2;3;1;3;346;AV GARE/R ALOUETTES;M;4794345;226604;450
201400009501;14;5;5;1245;1;1;1;1;5;82;LA CHARBONNIERE;M;4789208;226955;450
201400009502;14;6;1;845;1;1;2;1;3;267;D 952/D 88/D 148;M;4784401;232164;450
201400009503;14;9;14;1200;1;1;3;1;1;82;D 10/CH CHOISY;M;4789187;223858;450
201400009504;14;12;3;1600;1;1;2;8;3;153;CH BAUDINS/GROSSE PIERRE;M;4783862;226407;450
201400009505;14;3;13;1400;1;2;3;1;6;197;R ROUSSELIERE/FOUR A CHA;M;4796211;202219;450
201400009506;14;5;15;730;1;2;3;1;3;89;D 8/RUE DU LIEVRE;M;4790986;203582;450
201400009507;14;9;27;430;3;1;1;1;1;72;;M;4798813;193543;450
201400009508;14;10;3;2245;5;2;1;1;3;89;R DES PLANTES;M;4788875;202961;450
201400009509;14;10;11;1415;1;1;1;1;3;72;RTE FORESTIERE DES CHAPE;M;4797951;195442;450
201400009510;14;2;24;1715;1;2;1;1;3;98;;M;4782574;176269;450
201400009511;14;6;12;1630;1;1;1;1;2;146;LE PETIT RUTH;M;4769417;195369;450
201400009512;14;7;3;1815;1;1;1;1;1;196;LEVEE DE LA LOIRE;M;4785799;177532;450
201400009513;14;10;1;2015;3;2;1;1;6;146;87 R MASSENA;M;4772278;193540;450
201400009514;14;10;18;1600;1;2;2;1;3;146;BD A.BRIAND/PRES FLEURIS;M;4771723;194501;450
201400009515;14;10;31;1800;2;1;1;1;6;146;;M;4770277;199030;450
201400009516;14;11;9;115;5;2;1;1;1;146;17 RUE GENERAL LECLERC;M;4772411;194119;450
201400009517;14;11;26;745;2;1;1;2;5;175;;M;4778014;182132;450
201400009518;14;12;5;730;3;1;1;8;1;204;LE BAILLY;M;4780075;183099;450
201400009519;14;1;3;1800;5;2;1;8;6;193;118 PLACE DE L'EGLISE;M;4776491;202131;450
201400009520;14;2;6;1700;1;1;1;1;5;300;BARBEREAU;M;4781225;204189;450
201400009521;14;3;11;1245;1;2;4;1;3;123;R EGLISE/R BAFFAITS;M;4786457;210941;450
201400009522;14;4;24;1545;1;2;1;1;6;272;456 R D'OLIVET;M;4783394;196245;450
201400009523;14;7;7;1500;1;2;1;1;6;173;10 R DES MOULINS;M;4786735;212396;450
201400009524;14;7;12;1000;1;2;1;1;6;273;36 RUE DE LA SOLAIE;M;4787572;212783;450
201400009525;14;7;15;1500;1;1;1;1;6;272;LES ACACIAS;M;4780995;192908;450
201400009526;14;8;11;1615;1;1;2;1;3;324;;M;4781422;220994;450
201400009527;14;9;5;1800;1;1;1;1;1;144;11 RTE DE SULLY;M;4783594;214074;450
201400009528;14;9;14;900;1;2;1;7;3;273;R DES FONTAINES;M;4787039;212588;450
201400009529;14;9;16;1400;1;1;2;1;3;272;D 326/R RACINERIE;M;4782323;195481;450
201400009530;14;9;24;1215;1;1;2;1;3;335;;M;4776501;210853;450
201400009531;14;1;25;2030;5;2;1;2;1;28;167 AV CHATEAUDUN;M;4779844;162503;450
201400009532;14;1;28;1815;5;2;1;2;6;203;32 R GL DE GAULLE;M;4782825;169838;450
201400009533;14;3;19;1315;1;1;1;1;1;81;D 2157;M;4792069;155504;450
201400009534;14;4;7;845;1;1;1;1;5;301;;M;4808626;214999;450
201400009535;14;7;28;645;1;1;1;2;6;224;;M;4805350;205643;450
201400009536;14;3;3;600;3;1;1;2;2;254;;M;4764489;258692;450
201400009537;14;3;22;1300;1;1;1;8;3;36;LA BIFURE;M;4778027;273286;450
201400009538;14;4;24;1645;1;1;1;1;1;227;;M;4773055;257461;450
201400009539;14;4;26;2100;3;1;1;2;2;227;D 952;M;4771449;258881;450
201400009540;14;5;16;1000;1;2;1;1;6;155;R DE LA FABRIQUE;M;4768827;262133;450
201400009541;14;5;16;1800;1;1;2;1;1;108;;M;4761755;254254;450
201400009542;14;5;31;1145;1;2;3;1;5;155;Q LENOIR/R J.ARC/Q LESTR;M;4768501;262743;450
201400009543;14;6;17;1100;1;1;1;1;3;155;LES ROIS;M;4768742;266503;450
201400009544;14;7;5;800;1;1;1;2;6;155;CH MONTFORT;M;4771333;262404;450
201400009545;14;7;9;1400;1;1;2;2;3;254;D 940/D 53;M;4764601;258869;450
201400009546;14;11;28;2000;3;1;1;1;3;155;;M;0;0;450
201400009547;14;2;5;2030;3;1;1;1;1;53;LA THIAU;M;4766244;270677;450
201400009548;14;3;30;1700;1;2;1;1;6;1;RTE LA BUSSIERE;M;4776349;279638;450
201400009549;14;6;6;1730;1;1;1;1;6;53;LA THIAU;M;4766937;268768;450
201400009550;14;6;14;1500;1;1;1;1;6;53;LA THIAU;M;4766907;268908;450
201400009551;14;8;1;2000;1;1;2;1;1;53;D 50/CV 12;M;4760148;276658;450
201400009552;14;8;2;400;3;1;1;1;1;53;;M;4761631;276545;450
201400009553;14;8;3;1500;1;1;1;1;3;53;LA THIAU;M;4766998;268317;450
201400009554;14;8;12;1600;1;1;2;1;3;29;CH 4 CHENES/RTE SAVIGNY;M;4751842;282751;450
201400009555;14;9;24;2215;2;1;2;5;3;53;D 50/VC 12;M;4760147;276657;450
201400009556;14;9;27;2030;3;1;1;1;6;16;RTE BLANCAFORT;M;4758777;259130;450
201400009557;14;11;19;1415;1;1;1;1;6;53;;M;0;0;450
201400009558;14;1;21;800;2;1;1;8;5;244;;M;4775237;248755;450
201400009559;14;2;22;1;3;1;1;2;6;268;;M;4772761;241171;450
201400009560;14;3;14;1645;1;2;1;1;6;315;PL MAURICE DE SULLY;M;4776581;237569;450
201400009561;14;4;16;1445;1;1;2;1;3;171;;M;4769470;228243;450
201400009562;14;4;26;1300;1;1;1;2;7;297;;M;0;0;450
201400009563;14;5;20;1100;1;1;1;1;6;270;;M;4782567;229399;450
201400009564;14;6;11;1200;1;1;3;7;3;122;D 953/R TABARDERIE;M;4773181;252526;450
201400009565;14;7;18;715;1;1;1;7;5;270;;M;4782001;229910;450
201400009566;14;8;18;330;3;1;2;1;3;42;D 961/RTE TOURNANTE;M;0;0;450
201400009567;14;9;5;2115;3;1;1;1;7;270;;M;0;0;450
201400009568;14;12;23;1745;3;1;1;1;1;63;;M;0;0;450
201400009569;14;1;2;1530;1;1;3;1;3;345;BECHEREAU;M;4794856;266239;450
201400009570;14;2;6;700;2;1;1;2;6;334;32 RTE ETANG DES BOIS;M;4787663;244101;450
201400009571;14;2;15;1900;3;1;1;1;6;178;RTE AUVILLIERS;M;4799598;251763;450
201400009572;14;2;23;530;3;1;1;1;6;216;;M;4794701;273560;450
201400009573;14;5;9;1445;1;1;1;1;3;321;105 RUE DE SULLY;M;4791638;258931;450
201400009574;14;6;9;1630;1;1;1;1;1;150;LA MADRE;M;4801346;245819;450
201400009575;14;7;14;445;3;1;1;1;6;178;;M;4800165;255009;450
201400009576;14;7;18;1745;1;1;1;1;6;187;RTE COUR MARIGNY;M;0;0;450
201400009577;14;9;20;1100;1;1;1;1;1;247;;M;4802201;266017;450
201400009578;14;4;7;1445;1;1;1;1;1;76;;M;0;0;450
201400009579;14;5;16;1130;1;2;1;1;5;279;AV MOULIN PLATEAU;M;0;0;450
201400009580;14;5;16;1430;1;1;2;1;3;306;D 2060/D 36;M;4801907;288922;450
201400009581;14;6;17;1630;1;1;1;1;1;113;;M;4802478;292941;450
201400009582;14;1;29;930;1;1;2;2;1;212;;M;0;0;450
201400009583;14;5;3;1915;1;1;1;1;6;332;;M;0;0;450
201400009584;14;5;9;1845;1;1;1;1;6;210;D 93 // CRAON;M;0;0;450
201400009585;14;6;7;930;1;2;1;1;3;229;18 RUE DE LA TUILERIE;M;4783166;272618;450
201400009586;14;3;28;2030;3;1;1;1;7;156;RTE NARGIS - L'EPINOIS;M;4807967;273119;450
201400009587;14;4;5;2115;5;2;4;1;6;104;R ROBERT PIOCHON/RONDONN;M;4803421;272437;450
201400009588;14;4;12;30;5;2;1;1;6;206;48 R DU MOULIN;M;4804321;263009;450
201400009589;14;6;5;630;2;2;1;1;1;207;21 RTE DE MONTARGIS;M;4805409;259998;450
201400009590;14;9;1;1800;1;1;3;1;3;161;D 32/LES CHASSINS;M;4808478;282108;450
201400009591;14;3;6;1730;1;2;1;1;6;252;6 R DES ROULOIRS;M;4817592;225353;450
201400009592;14;4;29;2100;3;1;1;3;2;253;;M;0;0;450
201400009593;14;5;6;1815;1;1;1;1;6;119;BT Z. ARTISANALE DADONVI;M;4816122;225635;450
201400009594;14;5;24;1530;1;1;6;1;7;38;D 2152/D 928;M;4818649;226671;450
201400009595;14;6;13;2030;1;1;1;1;6;348;;M;4813106;233152;450
201400009596;14;6;21;1115;1;2;2;1;6;252;FG ORLEANS/BD BEAUVALLET;M;4816976;225198;450
201400009597;14;10;27;1530;1;2;1;7;6;10;29 BIS R DE JARGEAU;M;4812483;225122;450
201400009598;14;4;8;1730;1;2;2;1;3;18;R CHAPELLE/PARADIS;M;4809404;246954;450
201400009599;14;5;22;1900;1;2;3;7;3;14;D 26/R MOULIN FARAULT;M;4819091;236582;450
201400009600;14;6;29;1930;1;2;7;1;6;22;4 PL 08 mai 1945;M;4807281;238117;450
201400009601;14;7;22;1515;1;1;1;1;6;258;196 R DE LA NOUE;M;4822427;243249;450
201400009602;14;4;23;1015;1;2;2;1;3;310;AV PARIS/R GUY REGNIER;M;4829589;220129;450
201400009603;14;9;12;2215;3;1;1;1;3;133;;M;4824453;221918;450
201400009604;14;10;20;1730;1;2;2;2;3;310;R PARIS/PRIEURE;M;4829825;220038;450
201400009605;14;11;6;1645;2;2;1;7;6;99;Rue du Lavoir;M;4708648;288764;180
201400009606;14;12;1;1415;1;1;2;1;3;282;;M;0;0;180
201400009607;14;6;28;1545;1;1;3;1;3;117;;M;0;0;180
201400009608;14;10;2;1800;1;1;3;1;1;241;;M;4733096;284498;180
201400009609;14;8;9;1930;1;1;2;1;3;197;;M;4672338;254473;180
201400009610;14;6;29;15;5;2;6;1;6;197;Rue Nationale;M;4672800;250700;180
201400009611;14;6;30;1815;1;1;2;1;3;69;;M;4670213;254961;180
201400009612;14;7;4;330;5;2;6;2;6;197;rue nationale;M;4672498;250648;180
201400009613;14;7;8;1645;1;1;2;1;1;8;;M;4697400;233100;180
201400009614;14;8;14;15;3;1;1;1;6;46;;M;4677884;232324;180
201400009615;14;11;1;1600;1;2;1;7;6;15;rue Etienne SOYER;M;4748696;243780;180
201400009616;14;2;6;445;3;1;1;1;1;207;;M;0;0;180
201400009617;14;2;20;645;2;1;3;2;3;133;;M;0;0;180
201400009618;14;4;12;2145;3;1;1;1;1;181;;M;4700500;216000;180
201400009619;14;6;14;200;3;1;1;1;6;188;;M;0;0;180
201400009620;14;8;8;800;1;2;1;1;3;133;13 route de l echalusse;M;4693467;226228;180
201400009621;14;10;14;1500;1;2;1;1;6;207;6 avenue Gabriel DORDAIN;M;4699249;224526;180
201400009622;14;10;16;1915;4;2;1;3;3;207;rue et clos Gironnais;M;4699563;225801;180
201400009623;14;10;17;1030;1;2;1;1;6;207;10 AVE GABRIEL DORDAIN;M;4699255;224548;180
201400009624;14;12;11;2030;5;2;1;1;6;207;rue Marcel Lafleur;M;4699672;225360;180
201400009625;14;12;17;845;1;2;1;3;6;207;General LECLERC;M;4699935;225935;180
201400009626;14;2;19;1915;3;1;6;8;6;229;;M;0;0;180
201400009627;14;6;4;800;1;1;1;2;6;226;;M;0;0;180
201400009628;14;6;15;345;3;1;1;1;6;3;;M;0;0;180
201400009629;14;7;11;2100;1;1;1;1;3;211;;M;4719805;241603;180
201400009630;14;11;4;1315;1;1;1;8;1;189;;M;4723764;245451;180
201400009631;14;1;23;1930;5;2;1;2;6;24;rue du bois de st jean;M;4840640;147809;280
201400009632;14;1;25;200;3;1;1;3;6;100;;M;0;0;280
201400009633;14;2;9;330;3;1;1;6;6;100;;M;4843792;137407;280
201400009634;14;2;22;1730;1;1;1;1;6;358;;M;4848734;148288;280
201400009635;14;3;19;2000;3;1;1;1;3;22;;M;4848509;139480;280
201400009636;14;4;6;1400;1;2;1;1;6;253;Rue des Fleurs;M;4836279;143111;280
201400009637;14;5;17;715;1;1;1;1;6;358;;M;4849699;149920;280
201400009638;14;5;29;1430;1;1;1;1;7;102;;M;4854815;137305;280
201400009639;14;5;30;500;2;1;6;5;6;309;;M;4837991;158638;280
201400009640;14;6;26;115;5;1;1;1;1;122;;M;4834868;149523;280
201400009641;14;7;8;1545;1;1;1;2;1;48;;M;4831913;142947;280
201400009642;14;8;17;445;3;1;1;1;6;278;;M;4845821;155966;280
201400009643;14;8;24;715;1;1;1;1;6;380;;M;4839364;156978;280
201400009644;14;9;2;830;1;1;1;1;4;35;;M;4838613;157665;280
201400009645;14;9;27;1900;1;1;1;1;7;380;;M;4839813;160337;280
201400009646;14;10;8;745;2;1;1;3;1;158;;M;4840529;139725;280
201400009647;14;10;19;530;2;1;1;1;2;158;;M;4840584;145884;280
201400009648;14;10;31;1615;1;1;1;1;5;35;;M;4837576;159251;280
201400009649;14;12;5;1415;1;1;1;1;1;6;;M;4844592;140092;280
201400009650;14;1;23;1700;1;1;1;8;1;386;;M;0;0;280
201400009651;14;4;11;1800;1;1;1;1;3;325;;M;4845826;139071;280
201400009652;14;4;16;700;1;1;2;1;3;351;;M;4859910;121735;280
201400009653;14;5;16;1900;1;1;1;1;3;290;;M;4841841;128183;280
201400009654;14;8;1;2100;1;1;1;1;1;116;;M;4843809;123602;280
201400009655;14;10;7;1800;1;1;1;1;1;324;;M;4848100;124300;280
201400009656;14;10;27;1715;1;2;1;1;1;53;3 rue de Beaulieu;M;4864200;133000;280
201400009657;14;7;22;830;1;2;1;1;6;61;AVENUE GALLIENI;M;4820868;117770;280
201400009658;14;7;22;915;1;1;1;1;3;123;;M;4823569;111174;280
201400009659;14;9;12;1915;2;1;1;7;5;41;;M;4830039;128147;280
201400009660;14;9;28;15;4;2;1;1;6;66;01 RUE SAINT PIERRE;M;4823999;125048;280
201400009661;14;2;5;715;5;2;1;9;6;227;D18 - RUE DE GALLARDON;M;4858406;158927;280
201400009662;14;3;23;900;1;1;1;1;6;172;;M;4857364;167119;280
201400009663;14;3;30;1815;1;1;1;1;6;74;;M;4842466;181120;280
201400009664;14;4;12;1600;1;1;1;1;3;317;;M;4843149;174389;280
201400009665;14;4;19;2245;3;1;1;2;7;23;;M;4852907;165573;280
201400009666;14;5;2;2230;3;1;2;1;2;84;;M;4854358;154641;280
201400009667;14;6;4;1145;1;1;2;2;3;421;;M;4839743;170672;280
201400009668;14;9;11;2045;5;2;1;1;7;363;RUE JEAN GUILLIEN;M;4841242;187613;280
201400009669;14;9;18;1800;1;2;1;1;2;140;17 ROUTE DE GALLARDON;M;4860600;167600;280
201400009670;14;9;20;1545;1;1;3;1;2;15;;M;4847608;177022;280
201400009671;14;10;2;800;1;1;1;1;1;188;;M;4849900;169700;280
201400009672;14;10;6;2015;3;1;1;1;2;74;;M;4841600;180100;280
201400009673;14;10;16;1415;1;1;1;1;3;421;;M;0;0;280
201400009674;14;11;8;2345;3;1;1;1;1;188;;M;4850000;170000;280
201400009675;14;11;28;1730;2;1;2;2;1;317;;M;4844700;177500;280
201400009676;14;1;14;615;5;2;1;9;3;199;21 av du Grl DE GAULLE;M;0;0;280
201400009677;14;1;22;745;3;1;1;1;6;32;;M;0;0;280
201400009678;14;3;18;1600;1;2;1;1;6;199;Rue de la madeleine;M;4820239;187731;280
201400009679;14;5;31;1400;1;2;1;1;6;391;87 RUE NATIONALE;M;4819560;193713;280
201400009680;14;7;6;1500;1;1;1;2;6;391;;M;4819042;191082;280
201400009681;14;7;10;115;3;1;1;2;1;47;;M;4830934;168539;280