num_acc;an;mois;jour;hrmn;lum;agg;int;atm;col;com;adr;gps;lat;long;dep
201400009682;14;8;1;800;1;1;2;1;1;391;;M;4818820;192728;280
201400009683;14;2;2;845;1;1;1;9;1;410;;M;4804653;146588;280
201400009684;14;2;9;630;1;1;1;1;6;103;;M;4798097;123178;280
201400009685;14;2;15;1330;1;1;1;1;6;224;;M;4805297;142248;280
201400009686;14;2;27;1600;1;2;1;1;7;88;rue du val saint aignan;M;4807300;132700;280
201400009687;14;2;26;1545;1;2;1;1;6;233;avenue du 15 ao?t;M;4811700;133200;280
201400009688;14;3;19;1900;3;1;1;1;7;88;;M;4807983;129812;280
201400009689;14;4;8;1845;1;1;8;1;3;75;;M;4805561;133665;280
201400009690;14;5;13;1630;1;1;2;2;3;75;;M;4806114;130538;280
201400009691;14;6;28;1930;1;1;1;1;5;75;;M;4806710;132072;280
201400009692;14;6;28;1900;2;1;1;3;7;198;;M;4807637;138264;280
201400009693;14;7;18;1230;1;1;1;1;6;75;;M;4804204;131232;280
201400009694;14;8;25;1015;1;1;2;2;3;75;;M;4806109;130541;280
201400009695;14;9;6;2045;3;1;1;1;7;93;;M;4810743;117370;280
201400009696;14;9;12;1815;1;2;3;1;3;88;60 rue de CHOLLET;M;4807621;132938;280
201400009697;14;9;27;1815;1;1;3;1;1;389;;M;4802714;141683;280
201400009698;14;10;4;1700;1;2;1;1;6;12;15 rue du Pont de pierre;M;4809757;112332;280
201400009699;14;10;10;1245;1;1;1;1;3;389;;M;0;0;280
201400009700;14;10;10;2100;5;2;1;1;3;75;;M;4805528;131385;280
201400009701;14;12;4;1800;5;2;1;2;6;88;rue Henri DUNANT;M;4807880;134895;280
201400009702;14;12;23;1845;3;1;1;1;1;389;;M;4802427;136550;280
201400009703;14;1;30;1700;1;1;1;4;1;121;;M;4824162;195671;280
201400009704;14;3;14;1045;1;1;1;1;3;108;;M;0;0;280
201400009705;14;4;20;1700;1;2;1;1;7;51;Route de M?roger;M;4819249;140108;280
201400009706;14;8;5;1100;1;2;1;1;3;51;01 rue de St Martin;M;4817940;138257;280
201400009707;14;9;21;1500;1;1;1;1;6;51;;M;4818284;140371;280
201400009708;14;11;12;1400;1;1;1;1;3;19;;M;4813136;185151;280
201400009709;14;11;15;1445;1;1;1;1;6;305;;M;4817800;147000;280
201400009710;14;11;18;1800;5;2;1;1;6;51;rue de la resisitance;M;4818040;138443;280
201400009711;14;12;29;2215;3;1;1;1;6;51;;M;4817871;137371;280
201400009712;14;4;25;330;3;1;1;3;1;21;;M;4835138;130653;280
201400009713;14;8;15;1630;1;1;1;2;3;398;;M;4818705;113195;280
201400009714;14;9;7;1745;1;1;1;1;7;127;;M;4821184;131037;280
201400009715;14;11;11;2345;3;1;1;2;6;61;;M;4822300;117300;280
201400009716;14;11;18;2145;3;1;1;5;2;225;;M;4834200;129200;280
201400009717;14;12;24;1445;1;1;1;8;1;234;;M;4835100;123700;280
201400009718;14;2;22;715;1;1;1;1;6;124;;M;4877124;115145;280
201400009719;14;3;24;1315;1;1;1;1;5;98;;M;4875060;142445;280
201400009720;14;7;25;1515;1;1;2;1;3;171;;M;4871332;131146;280
201400009721;14;7;25;1945;1;1;1;1;6;14;;M;4866326;130869;280
201400009722;14;8;19;2115;5;2;1;1;2;359;rue de nonancourt;M;4876181;123100;280
201400009723;14;9;10;2000;1;1;2;1;3;82;;M;4870085;143595;280
201400009724;14;11;16;1715;2;2;1;8;5;359;RN 12 - PK/PR 25;M;4874960;126530;280
201400009725;14;11;22;1530;1;1;1;1;7;171;;M;4871186;134347;280
201400009726;14;12;11;2315;3;1;1;1;6;348;;M;4876492;116720;280
201400009727;14;2;22;1430;1;1;1;1;7;371;;M;4884644;139993;280
201400009728;14;4;25;1900;1;1;1;1;1;235;;M;4876879;151238;280
201400009729;14;6;6;1645;1;1;1;1;5;293;;M;4886249;149417;280
201400009730;14;7;4;1445;1;1;1;1;3;377;;M;4883287;141990;280
201400009731;14;7;13;1145;1;1;1;2;7;1;;M;4877020;140845;280
201400009732;14;7;16;815;1;2;1;1;6;7;Route d'OULINS;M;4886262;145510;280
201400009733;14;10;23;830;1;1;1;1;5;1;;M;0;0;280
201400009734;14;10;26;1045;1;1;1;1;7;185;;M;4877278;154597;280
201400009735;14;11;7;800;1;1;1;2;1;1;;M;4881964;144552;280
201400009736;14;12;4;1000;1;1;1;1;7;62;;M;4876075;150423;280
201400009737;14;12;15;1745;3;1;1;2;2;96;;M;4889416;147761;280
201400009738;14;12;22;1915;3;1;9;1;6;1;;M;4876958;141870;280
201400009739;14;12;30;1015;1;1;1;1;7;130;;M;4852800;118900;280
201400009740;14;1;18;1915;3;1;1;2;2;120;;M;0;0;280
201400009741;14;4;3;1445;1;1;1;1;1;59;;M;4868497;105881;280
201400009742;14;5;23;130;3;1;1;1;6;346;;M;4870306;109724;280
201400009743;14;7;9;1715;1;1;1;1;3;315;;M;4872208;107495;280
201400009744;14;1;13;1230;1;1;1;1;1;279;;M;0;0;280
201400009745;14;2;13;830;1;1;1;8;1;374;;M;4858193;143119;280
201400009746;14;3;10;615;2;1;1;1;6;349;;M;4863473;160577;280
201400009747;14;4;19;800;1;1;1;1;7;54;;M;4865393;139762;280
201400009748;14;9;2;1545;1;1;1;1;3;56;;M;4876400;160600;280
201400009749;14;9;26;845;1;1;1;7;1;343;;M;4869695;153487;280
201400009750;14;4;18;1900;1;1;1;1;6;236;;M;4833636;84683;280
201400009751;14;7;14;15;3;1;1;1;6;280;;M;4829083;80896;280
201400009752;14;9;30;1800;1;2;1;1;3;236;rue  de  l'?glise;M;4833650;83351;280
201400009753;14;11;20;1700;1;1;1;1;6;236;;M;4833746;85305;280
201400009754;14;1;5;1100;1;1;1;8;1;161;;M;0;0;280
201400009755;14;3;21;1945;5;2;1;1;6;214;41 avenue Charles de GAU;M;4847023;101887;280
201400009756;14;4;15;1730;1;1;1;7;3;335;;M;4846055;100307;280
201400009757;14;6;7;1115;1;1;4;1;3;109;;M;4836568;113162;280
201400009758;14;9;27;1045;1;2;1;1;6;214;avenue charles de gaulle;M;4847157;102399;280
201400009759;14;12;20;1615;1;2;1;8;3;265;D 923 PR 37 + 200;M;4637700;101699;280
201400009760;14;1;30;1500;1;1;1;1;1;42;"LIEU DIT ""LA PENSEE""";M;4667000;148329;360
201400009761;14;5;30;1415;1;1;1;2;7;219;;M;4662280;154895;360
201400009762;14;7;8;1330;1;1;1;1;6;174;;M;4646870;142535;360
201400009763;14;7;16;1830;1;1;1;1;6;182;;M;4646020;141592;360
201400009764;14;8;15;1230;1;1;1;1;6;150;;M;4644230;148769;360
201400009765;14;9;7;1800;2;1;1;1;1;12;;M;4648430;156152;360
201400009766;14;9;14;1315;1;1;1;1;7;67;;M;4648170;128480;360
201400009767;14;9;19;2130;3;1;1;8;3;32;;M;4654800;155327;360
201400009768;14;3;8;1500;1;1;1;1;1;123;"LD ""LES GRANDES SALLES""";M;4681220;128535;360
201400009769;14;6;8;1700;1;2;2;1;6;241;AV MONNET/RUE DU MARAIS;M;4684010;152910;360
201400009770;14;10;1;1115;1;1;1;1;1;142;LIEU DIT LA SAURA;M;4681730;159882;360
201400009771;14;1;1;530;3;1;1;2;6;34;;M;4724000;164946;360
201400009772;14;3;19;2200;3;1;1;1;7;230;;M;4707420;184255;360
201400009773;14;4;21;1;3;1;1;1;7;229;;M;4720670;160380;360
201400009774;14;4;28;600;3;1;1;2;5;13;;M;4703490;160749;360
201400009775;14;6;13;1600;1;1;1;1;6;235;;M;4713430;150145;360
201400009776;14;6;24;1500;1;1;1;1;6;13;;M;4705750;160342;360
201400009777;14;7;28;1715;1;1;1;1;6;77;"LD ""LA TIERCERIE""";M;4720470;154633;360
201400009778;14;8;18;1100;1;2;1;1;6;34;1 RUE JEAN JAURES;M;4688670;141613;360
201400009779;14;9;21;200;3;1;1;1;6;77;;M;4720800;153851;360
201400009780;14;10;2;2045;3;1;1;1;3;162;;M;4717920;162759;360
201400009781;14;10;5;2115;3;1;1;1;6;237;;M;4707440;158937;360
201400009782;14;10;19;1030;1;1;2;7;3;103;;M;4712670;138005;360
201400009783;14;11;29;445;3;1;1;1;6;93;;M;4697120;164376;360
201400009784;14;12;1;1830;3;1;1;2;3;151;;M;4722990;165522;360
201400009785;14;4;5;1745;1;1;1;1;3;16;;M;4655450;117798;360
201400009786;14;5;16;2015;1;2;1;1;2;53;ROUTE NATIONALE;M;4663070;124944;360
201400009787;14;5;23;1915;1;2;1;1;7;18;RUE DES ALOUETTES;M;4663500;106200;360
201400009788;14;6;19;1715;1;1;3;1;2;18;;M;4662860;114533;360
201400009789;14;6;16;1845;1;2;1;1;7;18;6 RUE FARDEAU;M;4662880;106078;360
201400009790;14;8;19;1545;1;1;1;1;6;167;;M;4670310;98421;360
201400009791;14;9;6;1;3;2;1;1;6;144;RD 11;M;4668650;143335;360
201400009792;14;10;19;1830;1;2;1;1;3;113;87 RUE DE LA POSTE;M;4680320;105363;360
201400009793;14;11;1;1245;1;1;2;1;3;224;;M;4673550;97164;360
201400009794;14;12;3;745;2;2;4;8;6;176;74 ROUTE NATIONALE;M;4662930;116940;360
201400009795;14;12;9;2345;3;1;1;1;6;224;;M;4671040;95523;360
201400009796;14;12;16;1900;3;1;1;1;1;16;;M;4657340;115418;360
201400009797;14;12;26;1000;2;1;1;5;7;66;;M;4670840;111095;360
201400009798;14;5;8;1615;1;1;1;1;7;70;;M;4645680;159868;360
201400009799;14;3;15;500;3;1;1;1;6;109;;M;4656660;196278;360
201400009800;14;5;28;1515;1;2;1;1;6;46;RUE MAURICE ROLLINAT;M;4658570;198967;360
201400009801;14;6;14;2245;5;1;1;1;6;143;;M;4662480;197430;360
201400009802;14;6;30;1315;1;1;4;1;3;227;;M;4652340;215596;360
201400009803;14;9;19;945;1;2;2;1;1;1;RUE LA MARCHE/AV VERDUN;M;4643110;182932;360
201400009804;14;10;15;1415;1;1;2;1;3;25;;M;4656190;204873;360
201400009805;14;2;7;445;3;1;1;1;6;112;;;;;360
201400009806;14;8;1;1600;1;1;1;1;1;56;;M;4655730;175079;360
201400009807;14;1;6;1115;1;1;2;1;3;3;;M;4681060;195351;360
201400009808;14;2;23;1615;1;1;1;1;6;52;;M;4690390;206590;360
201400009809;14;3;9;30;3;1;1;1;1;121;;M;4681570;194246;360
201400009810;14;3;19;15;5;2;1;1;6;125;;M;4702440;206765;360
201400009811;14;3;23;1145;1;1;1;1;7;140;;M;4686650;185870;360
201400009812;14;4;8;1;3;1;1;1;6;88;;M;4708090;131557;360
201400009813;14;5;11;1100;1;1;2;2;3;98;;M;4699360;191782;360
201400009814;14;5;16;1600;1;1;1;1;3;64;RUE LAFAYETTE;M;4682510;177314;360
201400009815;14;5;27;1745;1;1;1;9;1;88;;M;4695500;204500;360
201400009816;14;6;17;1430;1;2;1;1;6;199;14 BIS ROUTE DE REUILLY;M;4701050;202477;360
201400009817;14;7;30;1700;1;2;3;1;1;98;RD65/RUE DU MAL FERRAND;M;4698350;190817;360
201400009818;14;9;7;1715;1;1;1;1;7;3;;M;4678850;194661;360
201400009819;14;10;26;1500;1;1;1;1;6;88;;;;;360
201400009820;14;12;17;1145;1;1;1;2;7;222;;M;4692440;196339;360
201400009821;14;3;20;1200;1;2;1;1;1;185;VILLERET;M;0;0;370
201400009822;14;3;30;1800;1;2;1;2;3;163;20 bd du sevrage;M;0;0;370
201400009823;14;4;22;1730;1;1;1;1;6;161;;M;0;0;370
201400009824;14;5;21;1430;1;1;1;8;6;163;7 RUE DE POCE;M;0;0;370
201400009825;14;7;18;1645;1;1;1;1;4;171;;M;0;0;370
201400009826;14;9;8;745;1;1;1;1;7;163;;M;0;0;370
201400009827;14;9;24;730;1;2;1;1;3;163;BOULEVARD DU SEVRAGE;M;0;0;370
201400009828;14;9;27;1800;1;2;1;1;6;131;31 RUE DE BLOIS;M;0;0;370
201400009829;14;11;9;1515;1;2;1;1;1;3;;M;0;0;370
201400009830;14;12;3;1545;1;2;1;8;6;185;;;;;370
201400009831;14;3;30;2000;2;1;1;8;6;13;;M;0;0;370
201400009832;14;4;4;1200;1;1;1;1;1;55;;M;0;0;370
201400009833;14;6;9;1245;1;1;1;1;1;217;ROUTE DE LA CHAPPE;M;0;0;370
201400009834;14;1;16;1945;3;1;1;2;3;274;;M;0;0;370
201400009835;14;2;7;1645;1;1;1;1;2;152;;M;0;0;370
201400009836;14;5;22;1730;1;1;1;1;7;207;LA VACHERIE;M;0;0;370
201400009837;14;7;17;1615;1;1;2;1;3;151;LA VELLERIE;M;0;0;370
201400009838;14;8;17;1745;1;1;1;1;1;151;LA ROUSSELIERE;M;0;0;370
201400009839;14;8;20;2245;3;1;1;1;6;170;;M;0;0;370
201400009840;14;12;2;900;1;1;1;5;7;21;;M;0;0;370
201400009841;14;4;20;1815;1;1;1;1;7;231;;M;0;0;370
201400009842;14;6;21;1615;1;1;2;1;3;68;LES GRANDES MAISONS;M;0;0;370
201400009843;14;1;17;1915;5;2;1;1;1;153;La croix poelon;M;0;0;370
201400009844;14;1;25;1845;5;2;1;2;6;153;80 rue nationale;M;0;0;370
201400009845;14;3;7;1645;1;1;1;1;1;281;;M;0;0;370
201400009846;14;3;5;1830;1;1;2;1;3;169;;M;0;0;370
201400009847;14;4;17;1800;1;1;1;1;4;153;;M;0;0;370
201400009848;14;5;17;1415;1;1;1;1;1;52;;M;0;0;370
201400009849;14;5;18;1730;1;1;1;1;3;281;64 ROUTE DE MONNAIE;M;0;0;370
201400009850;14;7;17;1030;1;2;2;1;3;281;RUE  LEON BRULE;M;0;0;370
201400009851;14;7;22;2130;1;2;1;1;6;153;RUE DE  PIERRE A BIDEAU;M;0;0;370
201400009852;14;8;5;1615;1;1;1;1;7;153;;M;0;0;370
201400009853;14;8;31;800;1;1;1;1;6;224;;M;0;0;370
201400009854;14;9;8;300;3;1;1;1;7;153;EN AGGLO;M;0;0;370
201400009855;14;9;11;715;2;2;2;1;3;281;rue Rabelais;M;0;0;370
201400009856;14;10;10;800;1;1;1;5;1;9;;M;0;0;370
201400009857;14;12;9;200;3;1;1;9;7;63;;M;0;0;370
201400009858;14;12;17;2000;5;2;1;2;6;52;RUE DES ECOLES;M;0;0;370
201400009859;14;2;2;1845;3;1;1;1;7;210;;M;0;0;370
201400009860;14;2;18;730;2;1;1;1;3;76;CINAIS;M;0;0;370
201400009861;14;4;3;1915;1;1;1;3;1;118;;M;0;0;370
201400009862;14;4;6;1830;1;1;1;1;6;24;;M;0;0;370
201400009863;14;4;17;2100;1;1;1;1;5;31;ROUTE DU TAPIS;M;0;0;370
201400009864;14;5;3;1015;1;1;1;1;1;72;;M;0;0;370
201400009865;14;6;7;200;3;1;1;1;7;74;L ILETTE;M;0;0;370
201400009866;14;6;26;1330;1;2;1;1;1;74;RUE DES REAUX;M;0;0;370
201400009867;14;7;3;1400;1;2;2;1;3;31;RUE DE LA COGNARDERIE;M;0;0;370
201400009868;14;8;9;1745;1;2;9;1;6;58;RUE  TOURS/ PETITE ALLEE;M;0;0;370
201400009869;14;8;23;1100;1;1;3;1;3;74;RUE DE  L'ILETTE;M;0;0;370
201400009870;14;8;31;1330;1;1;1;1;5;120;;M;0;0;370
201400009871;14;9;10;1930;1;1;2;1;7;120;RD71/RD35;M;0;0;370
201400009872;14;9;16;1945;2;1;1;1;1;31;RUE DE LA CAYOLLE;M;0;0;370
201400009873;14;9;21;130;3;1;1;2;7;58;LE PORTEAU;M;0;0;370
201400009874;14;12;11;1430;1;2;1;1;6;11;RUE MARCEL  VIGNAUD;M;0;0;370
201400009875;14;1;7;1715;1;1;1;8;1;232;LA GRENOUILLERE;M;0;0;370
201400009876;14;3;7;845;1;1;1;1;3;205;;M;0;0;370
201400009877;14;3;17;45;3;1;1;1;6;128;;M;0;0;370
201400009878;14;5;9;2015;1;1;1;1;6;257;LE CHATELET;M;0;0;370
201400009879;14;6;14;1815;1;1;1;1;6;150;LA BORDE;M;0;0;370
201400009880;14;7;16;1415;1;1;1;1;1;14;;M;0;0;370
201400009881;14;8;20;1045;1;1;9;1;1;77;;M;0;0;370
201400009882;14;8;27;1815;1;1;1;1;2;200;CAR JEHAN DE SAINTRE;M;0;0;370
201400009883;14;10;5;1715;1;1;1;1;3;67;LA BARBEE;M;0;0;370
201400009884;14;11;4;1900;3;1;1;1;1;200;;M;0;0;370
201400009885;14;4;2;2030;1;1;1;1;6;65;BOIS DE LA PICHARDIERE;M;0;0;370
201400009886;14;4;11;800;1;2;1;7;6;165;03 rue marron;M;0;0;370
201400009887;14;5;16;1145;1;1;1;1;3;178;;M;0;0;370
201400009888;14;6;20;2115;1;1;1;1;1;12;LE MARCHAIS BLANC;M;0;0;370
201400009889;14;7;6;645;1;1;1;2;6;129;;M;0;0;370
201400009890;14;8;8;1445;1;1;1;1;3;226;INTER ROUTE DES COTEAUX;M;0;0;370
201400009891;14;8;28;1800;1;1;9;1;1;4;;M;0;0;370
201400009892;14;9;13;1330;1;2;1;1;3;180;7 RUE DU PONT;M;0;0;370
201400009893;14;10;29;2145;5;2;1;1;6;226;32 AV GL DE GAULLE;M;0;0;370
201400009894;14;11;6;1830;3;1;1;1;6;260;LE PETIT CREUILLY;M;0;0;370
201400009895;14;12;26;215;3;1;1;1;6;176;;M;0;0;370
201400009896;14;5;15;1730;1;1;1;1;1;49;;M;0;0;370
201400009897;14;6;18;745;1;1;1;1;5;183;LA COUTIERE;M;0;0;370
201400009898;14;7;4;330;3;1;1;1;6;23;;M;0;0;370
201400009899;14;7;9;745;1;2;1;1;1;66;15 route Flandres Dunker;M;0;0;370
201400009900;14;8;9;1615;1;1;1;1;6;46;PROXIMITE DE MONTPOUPON;M;0;0;370
201400009901;14;9;22;815;1;1;1;1;6;39;;M;0;0;370
201400009902;14;1;28;1400;1;1;1;1;1;113;;M;0;0;370
201400009903;14;3;6;830;1;1;3;7;1;181;LA TRIPIERE;M;0;0;370
201400009904;14;3;12;1730;1;1;1;1;6;113;;M;0;0;370
201400009905;14;4;29;1115;1;1;1;2;7;44;;M;0;0;370
201400009906;14;6;4;1745;1;1;1;2;7;181;;M;0;0;370
201400009907;14;7;27;1130;1;1;2;1;3;107;LA CHENAIE;M;0;0;370
201400009908;14;8;16;1145;1;1;1;1;2;33;MOULIN DE  HAMEAU;M;0;0;370
201400009909;14;9;27;2115;3;1;1;1;7;28;LA COUTURE;M;0;0;370
201400009910;14;6;10;1030;1;1;1;1;6;29;RUE DES CYPRES;M;0;0;370
201400009911;14;12;27;745;1;1;1;9;5;98;;M;0;0;370
201400009912;14;3;9;300;3;1;1;1;6;211;;M;0;0;370
201400009913;14;3;21;645;2;1;1;1;3;104;;M;0;0;370
201400009914;14;3;22;1115;1;2;1;1;6;6;2 RUE DU COMMERCE;M;0;0;370
201400009915;14;4;4;2245;5;2;7;1;6;211;place 11 novembre 1918;M;0;0;370
201400009916;14;5;13;1645;1;1;1;1;1;85;LA GRANDE COUTURE;M;0;0;370
201400009917;14;6;17;1745;1;1;1;1;1;104;;M;0;0;370
201400009918;14;7;14;30;3;2;3;1;3;154;Carrefour RD 910 D 87;M;0;0;370
201400009919;14;8;7;2245;3;1;1;1;7;250;;M;0;0;370
201400009920;14;9;6;515;3;1;1;5;6;211;CARREFOURBESNERIE/COTEAU;M;0;0;370
201400009921;14;10;11;1615;1;2;1;1;1;159;RUE DE LA VASSELIERE;M;0;0;370
201400009922;14;5;17;2345;3;1;1;1;7;133;LE REIN DES BOIS;M;0;0;370
201400009923;14;6;5;1730;1;2;1;1;3;61;Routede Chitenay;M;4750000;139700;410
201400009924;14;11;4;1800;3;1;2;1;3;67;;M;4750400;146300;410
201400009925;14;11;8;645;3;1;1;1;6;31;;M;4754700;137600;410
201400009926;14;11;12;1730;1;2;1;1;6;32;Route Nationale;M;4752800;130500;410
201400009927;14;4;1;1900;1;1;1;1;7;221;;M;4784200;136000;410
201400009928;14;4;25;1215;1;1;1;1;6;244;;M;4793000;137000;410
201400009929;14;10;27;1845;2;1;1;1;2;283;;M;4770700;117600;410
201400009930;14;10;29;930;1;2;1;1;6;173;rue du commerce;M;4791500;152900;410
201400009931;14;1;25;1200;1;1;1;8;1;85;route de saint cyr;M;4765700;169700;410
201400009932;14;1;30;745;5;1;9;8;6;220;RD951 le cavereau;M;4769500;157400;410
201400009933;14;3;22;1615;1;1;1;1;7;288;;M;4766900;137500;410
201400009934;14;5;13;730;1;2;2;1;5;155;Carrefour D951 D112;M;4767400;153100;410
201400009935;14;6;22;1745;1;1;1;1;3;220;"""La Brosse""";M;4774800;164100;410
201400009936;14;7;16;900;1;1;1;1;6;136;;M;4770800;151000;410
201400009937;14;7;26;400;3;1;1;1;6;206;;M;4762600;137800;410
201400009938;14;7;26;1215;1;1;1;1;2;207;;M;4765900;150300;410
201400009939;14;8;3;1215;1;2;6;7;2;220;CD951 rd point super U;M;4771200;160400;410
201400009940;14;8;8;1845;1;2;2;3;3;155;route d'orl?ans;M;4767500;153100;410
201400009941;14;8;20;815;1;1;1;1;6;207;;M;4765800;148200;410
201400009942;14;8;28;2230;5;2;1;1;7;136;142 rue basse d'aulnay;M;4771300;149700;410
201400009943;14;10;17;1745;2;1;1;1;2;8;;M;4773400;155500;410
201400009944;14;10;26;445;3;1;6;5;7;136;;M;4771700;152700;410
201400009945;14;10;26;1600;1;1;1;1;7;220;rue de crouy;M;4767800;157200;410
201400009946;14;12;5;2330;3;2;1;1;3;136;;M;4770000;151000;410
201400009947;14;12;19;1215;1;1;1;2;1;39;;M;4771300;145000;410
201400009948;14;4;25;1900;1;1;1;1;6;152;route de la marolle;M;4755900;173000;410
201400009949;14;11;15;2115;4;2;1;2;6;242;CD 956 - PK 41+500;M;4727400;155500;410
201400009950;14;1;24;800;5;2;4;2;5;10;Route de galette;M;4785300;99200;410
201400009951;14;2;23;1600;1;1;1;1;3;214;;M;0;0;330
201400009952;14;6;21;500;3;1;1;1;6;333;;M;0;0;330
201400009953;14;8;17;230;4;2;6;1;7;333;36 avenue de Bordeaux;M;0;0;330
201400009954;14;10;7;1015;1;1;1;8;2;503;;M;0;0;330
201400009955;14;10;13;1230;1;2;1;8;1;214;"RD6, lieu-dit ""Le Huga""";M;0;0;330
201400009956;14;3;7;2000;5;2;1;1;6;147;route de quimperl?;M;4788719;-353114;290
201400009957;14;4;20;2330;3;2;6;2;6;233;;M;4787264;-354699;290
201400009958;14;5;17;1015;1;1;1;1;1;2;;M;4790150;-344044;290
201400009959;14;8;12;1845;1;1;1;1;2;233;;M;4787258;-354754;290
201400009960;14;10;13;1330;1;2;1;1;2;233;65 rue du Pont Aven;M;4787218;-355433;290
201400009961;14;10;16;1645;1;2;1;2;1;233;101 bis route de lorient;M;4786609;-353246;290
201400009962;14;12;18;1815;5;2;1;2;6;233;RP du 19 mars 1962;M;4787229;-354661;290
201400009963;14;2;15;1545;1;1;1;1;6;153;;M;4781917;-379258;290
201400009964;14;7;4;915;1;2;6;7;3;150;Le Croiziou;M;4780470;-362815;290
201400009965;14;7;19;1515;1;2;1;1;3;31;rue de quillien;M;4778985;-358191;290
201400009966;14;3;13;730;2;2;1;8;7;241;75 rue de scaer;M;0;0;290
201400009967;14;3;17;930;1;1;1;1;3;274;;M;0;0;290
201400009968;14;4;9;1700;1;2;1;1;1;49;RUE CHALONIC;M;4799837;-389072;290
201400009969;14;6;8;1700;1;1;1;1;1;281;;M;4802527;-382547;290
201400009970;14;6;14;2000;1;1;1;1;6;281;;M;4802527;-382547;290
201400009971;14;7;17;315;3;1;1;1;6;49;;M;4799521;-389036;290
201400009972;14;7;27;1745;1;1;1;1;6;49;;M;4799521;-389036;290
201400009973;14;9;12;730;2;1;1;1;6;241;;M;4795931;-382802;290
201400009974;14;10;6;1600;1;2;1;1;3;4;Rue de Quimperl?;M;4793032;-369108;290
201400009975;14;10;31;1845;3;1;1;1;1;49;;M;4799521;-389036;290
201400009976;14;11;15;430;3;1;1;2;7;274;;M;4802739;-370316;290
201400009977;14;11;24;1000;1;1;1;1;1;49;;M;4799521;-389036;290
201400009978;14;12;7;1900;5;2;1;1;6;274;rue du G?n?ral De Gaulle;M;4802028;-371840;290
201400009979;14;12;17;2045;5;2;1;2;3;274;rue jean jaures;M;4802725;-370298;290
201400009980;14;12;17;1530;1;2;1;2;6;274;place de la liberation;M;4802672;-370205;290
201400009981;14;1;22;1015;1;2;3;1;6;104;Avenue de la cote bleue;M;0;0;130
201400009982;14;6;29;1215;1;2;1;1;3;21;avenue pierre semard;M;0;0;130
201400009983;14;3;30;1500;1;1;1;1;1;652;RD 922;M;4913590;238060;950
201400009984;14;3;6;1815;1;2;6;1;2;20;Salvador Alliende;M;0;0;440
201400009985;14;7;30;2245;3;1;1;1;6;20;rue du desert;M;0;0;440
201400009986;14;2;19;2030;5;2;1;8;6;199;56 rue chante cigale;M;4463200;-106100;330
201400009987;14;2;20;2130;3;2;1;1;1;199;Centre de Vacances Khelu;M;0;0;330
201400009988;14;3;10;1215;1;2;1;1;1;199;Cours de la Marne;M;0;0;330
201400009989;14;5;3;1045;1;2;1;1;3;199;De Lattre de Tassigny;M;4464100;-108800;330
201400009990;14;8;25;1730;1;2;1;1;3;199;107 Delattre de Tassigny;M;0;0;330
201400009991;14;9;21;2000;5;2;6;1;7;527;BLD DE LA COTE D ARGENT;M;0;0;330
201400009992;14;11;6;1500;1;2;1;1;3;199;cours de la R?publique;M;0;0;330
201400009993;14;2;24;1615;1;1;1;1;1;169;;M;0;0;870
201400009994;14;4;2;2130;3;1;1;1;6;151;;M;0;0;870
201400009995;14;5;10;1615;1;1;1;1;1;146;;M;0;0;870
201400009996;14;5;24;2115;2;1;1;1;6;39;;M;4594300;156100;870
201400009997;14;6;20;900;1;1;1;1;3;205;;M;0;0;870
201400009998;14;12;17;1230;1;1;1;2;3;205;;M;0;0;870
201400009999;14;12;20;900;1;1;1;8;7;39;;M;0;0;870
201400010000;14;1;7;1540;1;2;3;1;6;4;0, BACON BD DU ET BD GAR;;;;60
201400010001;14;1;9;1755;5;2;1;1;2;4;153, DELMAS BD PIERRE;;;;60
201400010002;14;1;9;1940;5;2;3;1;3;155;63, LIBERTE AV.DE LA;;;;60
201400010003;14;1;14;1605;1;2;1;1;6;4;ONZE NOVEMBRE AV.DU;;;;60
201400010004;14;1;15;2230;5;2;1;1;6;4;1, BIOT (CD.4) RTE DE;;;;60
201400010005;14;1;21;1030;1;2;1;1;6;4;18, VINGT QUATRE AOUT AV;;;;60
201400010006;14;1;22;1635;1;2;1;1;6;155;LIBERTE AV.DE LA;;;;60
201400010007;14;1;24;1225;1;2;3;7;3;4;58, CAP BD DU;;;;60
201400010008;14;1;28;1000;1;2;1;7;6;4;1945, GRASSE RTE DE;;;;60
201400010009;14;1;30;1015;1;1;1;2;6;4;SAINT CLAUDE CH.DE;;;;60
201400010010;14;2;6;1553;1;2;1;1;6;4;286, WEISWEILLER AV.;;;;60
201400010011;14;2;6;2350;5;2;4;1;3;155;11, RESSENCE RUE DE LA;;;;60