num_acc;an;mois;jour;hrmn;lum;agg;int;atm;col;com;adr;gps;lat;long;dep
201400010012;14;2;8;103;5;2;1;1;6;155;206, LIBERTE AV.DE LA;;;;60
201400010013;14;2;14;1831;5;2;2;1;3;4;POINCARE BD RAYMOND;;;;60
201400010014;14;2;21;900;1;2;1;1;6;155;1, ROUVIER BD MAURICE;M;4357883;705458;60
201400010015;14;2;21;1825;2;2;1;1;3;4;1344, GRASSE RTE DE;;;;60
201400010016;14;2;22;1421;1;2;4;1;3;4;ROCHAT AV.PHILIPPE;;;;60
201400010017;14;2;24;1350;1;2;1;1;6;4;27, AUBERNON RUE ET IMP.;;;;60
201400010018;14;2;27;1714;2;1;1;1;5;155;2001, GRASSE AV.ET ROUTE;;;;60
201400010019;14;2;27;2130;5;2;6;1;6;4;12, MAUPASSANT-JUAN AV.G;;;;60
201400010020;14;3;1;1056;1;2;1;1;2;4;522, GREC AV.JULES;;;;60
201400010021;14;3;3;1227;1;1;1;3;4;4;2721, SAINT CLAUDE CH.DE;M;4360260;708697;60
201400010022;14;3;5;1830;5;2;1;1;6;4;22030, SAINT CLAUDE CH.D;;;;60
201400010023;14;3;6;901;1;2;1;1;6;4;07, WILSON BD;;;;60
201400010024;14;3;7;1415;1;2;1;1;6;4;19, NOVEMBRE 11 AVE;;;;60
201400010025;14;3;12;1215;1;2;1;1;2;155;SAINT BERNARD CH.;;;;60
201400010026;14;3;14;1745;1;2;6;1;2;4;00, GREC AV.JULES;;;;60
201400010027;14;3;17;1324;1;2;3;1;2;155;123, LIBERTE AV.DE LA;M;4357053;708052;60
201400010028;14;3;19;855;1;2;9;1;3;155;GAULLE AV.DU GENERAL DE;;;;60
201400010029;14;3;26;1440;1;2;1;1;3;4;DELMAS BD PIERRE;;;;60
201400010030;14;4;2;815;1;2;1;1;2;4;SAINT JEAN VIEUX CH.DE;;;;60
201400010031;14;4;3;1410;1;2;1;8;2;4;2067, SAINT CLAUDE CH.DE;M;4360144;709378;60
201400010032;14;4;3;2025;3;2;3;8;3;4;1890, TERRIERS ALLEE- CH;;;;60
201400010033;14;4;5;504;1;2;1;1;3;4;13, ROUSTAN AV.DES FRERE;;;;60
201400010034;14;4;7;515;5;2;1;1;6;155;1, MIGNONETTE CH.DE LA;;;;60
201400010035;14;4;7;909;1;2;1;1;6;4;221, PAROUQUINE CH.DE LA;;;;60
201400010036;14;4;4;940;1;2;1;1;2;4;796, NICE(RN.7) AV.ET RT;;;;60
201400010037;14;4;9;2240;5;2;1;1;6;4;300, TOUR GANDOLPHE AV.D;;;;60
201400010038;14;4;10;1447;1;2;1;1;2;155;1490, LIBERTE AV.DE LA;;;;60
201400010039;14;4;18;1405;1;2;1;1;2;4;11, POINCARE BD RAYMOND;;;;60
201400010040;14;4;28;1725;1;2;1;1;4;4;1, CAP BD DU;;;;60
201400010041;14;5;6;1900;1;2;1;1;6;4;828, QUATRE CHEMINS CH.D;;;;60
201400010042;14;5;8;1618;1;2;1;1;2;4;00, JUIN AV.MARECHAL;;;;60
201400010043;14;5;10;105;5;2;3;1;3;4;136, KENNEDY BD J.F.;;;;60
201400010044;14;5;15;842;1;2;3;1;3;4;38, ROCHAT AV.PHILIPPE;;;;60
201400010045;14;5;19;256;5;2;1;2;6;4;54A, POINCARE BD RAYMOND;;;;60
201400010046;14;5;21;1426;1;2;1;1;2;155;ROUSTAN AV.ET BD DES FRE;;;;60
201400010047;14;5;23;820;1;2;2;1;5;4;POINCARE BD RAYMOND;;;;60
201400010048;14;5;24;1420;1;2;1;1;3;4;1047, AMES DU PURGATOIRE;;;;60
201400010049;14;5;27;1830;1;2;1;1;2;4;1, GRASSE RTE DE;;;;60
201400010050;14;6;2;1545;1;2;3;1;3;4;BRIAND AV.ARISTIDE;;;;60
201400010051;14;6;8;1745;1;2;1;1;6;4;720, NICE(RN.7) AV.ET RT;;;;60
201400010052;14;6;11;1920;1;2;1;1;3;4;117, NICE(RN.7) AV.ET RT;;;;60
201400010053;14;6;14;1308;1;2;1;1;3;4;NICE(RN.7) AV.ET RTE DE;;;;60
201400010054;14;6;21;1245;1;2;1;1;1;4;1170, RABIAC ESTAGNOL CH;;;;60
201400010055;14;6;24;1200;1;2;1;1;3;4;1, CANNES(RN.7) AV.DE;;;;60
201400010056;14;6;23;1920;1;2;9;1;3;4;1, SALIS AV.DE LA;;;;60
201400010057;14;6;28;610;2;2;1;1;1;4;RD6007;;;;60
201400010058;14;6;28;2252;3;1;1;1;6;4;GRASSE RTE DE;;;;60
201400010059;14;6;30;1450;1;1;1;1;1;155;SAINT BERNARD CH.;;;;60
201400010060;14;7;2;252;5;2;1;1;6;155;12, MASSIER AV.ET IMP.CL;;;;60
201400010061;14;7;2;1450;1;2;1;1;3;4;WILSON BD;;;;60
201400010062;14;7;3;1525;1;2;1;1;3;4;GUILLAUMONT BD CHARLES;;;;60
201400010063;14;7;8;1215;1;2;1;1;2;4;COURBET AV.AMIRAL;;;;60
201400010064;14;7;9;1250;1;2;1;1;3;4;55, CANNES(RN.7) AV.DE;;;;60
201400010065;14;7;10;1050;1;2;3;1;6;4;SAINTE MARGUERITE RUE;;;;60
201400010066;14;7;13;1300;1;2;1;1;3;4;10, NICE(RN.7) AV.ET RTE;;;;60
201400010067;14;7;24;1638;1;2;1;1;6;4;71, WILSON BD;;;;60
201400010068;14;7;25;1715;1;2;1;1;6;4;2, COURBET AV.AMIRAL;;;;60
201400010069;14;7;28;1345;1;2;3;1;3;4;742, GAROUPE BD DE LA;;;;60
201400010070;14;7;30;2110;5;2;1;1;1;4;1791, RD6007;;;;60
201400010071;14;8;2;1700;1;2;3;1;3;4;WILSON BD;;;;60
201400010072;14;8;7;1900;1;2;1;1;7;4;ONZE NOVEMBRE AV.DU;;;;60
201400010073;14;8;9;345;5;2;1;1;7;155;212, LIBERTE AV.DE LA;;;;60
201400010074;14;8;10;1843;1;2;1;1;6;4;14, MAUPASSANT-JUAN AV.G;;;;60
201400010075;14;8;10;2356;5;2;2;1;3;4;, SOLEAU AV.ROBERT;;;;60
201400010076;14;8;16;432;5;2;6;1;3;4;55, CANNES(RN.7) AV.DE;;;;60
201400010077;14;8;21;320;5;2;1;1;6;4;202, POINCARE BD RAYMOND;;;;60
201400010078;14;8;22;1405;1;2;1;1;6;155;1, TAPIS VERT AV.DU;;;;60
201400010079;14;8;25;723;1;2;6;1;3;4;SAINT CLAUDE CH.DE;;;;60
201400010080;14;8;28;1940;1;2;1;1;1;4;aaa, CAP BD DU;;;;60
201400010081;14;8;30;845;1;2;1;1;2;4;90, BIOT (CD.4) RTE DE;;;;60
201400010082;14;8;30;1805;1;2;9;1;6;4;CHANCEL BD;;;;60
201400010083;14;9;1;2330;5;2;9;1;3;4;12 BIS, WILSON BD;;;;60
201400010084;14;9;3;950;1;2;1;1;3;4;40, BAUDOIN BD EDOUARD;;;;60
201400010085;14;9;3;1806;1;2;1;1;6;155;LIBERTE AV.DE LA;;;;60
201400010086;14;9;5;1030;1;2;1;1;6;155;119, LIBERTE AV.DE LA;;;;60
201400010087;14;9;6;2235;5;2;1;1;3;4;28, CANNES(RN.7) AV.DE;;;;60
201400010088;14;9;8;1730;1;2;1;1;5;4;239, SAINT CLAUDE CH.DE;;;;60
201400010089;14;9;10;1741;1;2;1;1;2;4;63, CAP BD DU;;;;60
201400010090;14;9;11;110;5;2;2;1;3;4;0, SADI CARNOT RUE;;;;60
201400010091;14;8;24;9;5;2;1;1;3;4;1000, SAINT CLAUDE CH.DE;;;;60
201400010092;14;9;18;40;5;2;1;1;6;4;114, WILSON BD;;;;60
201400010093;14;9;18;710;1;2;2;1;3;4;THIERS AV.;;;;60
201400010094;14;9;22;840;1;2;1;1;6;155;TAPIS VERT AV.DU;;;;60
201400010095;14;9;26;1130;1;2;1;1;1;4;EUCALYPTUS AV.ET CH.DES;;;;60
201400010096;14;9;27;1935;5;2;1;1;6;4;77, POINCARE BD RAYMOND;;;;60
201400010097;14;10;1;930;1;1;6;1;2;4;RD6007;;;;60
201400010098;14;10;2;939;1;2;1;1;1;4;1485, SAINT CLAUDE CH.DE;;;;60
201400010099;14;10;10;1000;1;2;1;1;6;4;15, THIERS AV.;;;;60
201400010100;14;10;15;935;1;2;2;1;3;155;1, GRASSE AV. ET ROUTE;;;;60
201400010101;14;10;16;2110;5;2;1;1;7;155;JUIN AV.MARECHAL;;;;60
201400010102;14;10;25;1655;1;2;1;1;3;4;BORD DE MER RN.98 LA SIE;;;;60
201400010103;14;10;30;850;1;2;1;1;3;4;2567, SAINT CLAUDE CH.DE;;;;60
201400010104;14;11;3;1959;5;2;2;3;3;4;27, POINCARE BD RAYMOND;;;;60
201400010105;14;11;6;1310;1;2;1;1;3;4;68, WILSON BD;;;;60
201400010106;14;11;18;1447;1;2;1;1;3;4;121, POINCARE BD RAYMOND;;;;60
201400010107;14;11;20;1350;1;2;4;1;6;4;4, SADI CARNOT RUE;;;;60
201400010108;14;11;21;1115;1;2;1;1;6;4;1, TROIS MOULINS RUE DES;;;;60
201400010109;14;11;22;1720;5;2;1;1;3;4;1160, GRASSE RTE DE;;;;60
201400010110;14;11;23;630;2;2;2;1;3;4;1, ROCHAT AV.PHILIPPE;;;;60
201400010111;14;11;30;1840;5;2;1;2;6;155;1, BERGER AV.AIME;;;;60
201400010112;14;12;7;1950;5;2;1;1;6;155;232, LIBERTE AV.DE LA;;;;60
201400010113;14;12;9;1550;1;2;1;1;3;4;C.D. 35 BIS;;;;60
201400010114;14;12;13;1630;1;2;1;1;6;155;48, LIBERTE AV.DE LA;;;;60
201400010115;14;12;18;1630;1;2;3;1;7;4;792, AMES DU PURGATOIRE;;;;60
201400010116;14;12;24;655;1;1;1;1;2;155;2720, SAINT BERNARD CH.;;;;60
201400010117;14;12;29;1830;5;2;3;1;3;4;63, ROCHAT AV.PHILIPPE;;;;60
201400010118;14;12;30;1300;1;1;1;1;3;155;3546, HORIZON BD DE L';;;;60
201400010119;14;1;3;1800;1;2;2;1;3;27;JUIN BOULEVARD MARECHAL;;;;60
201400010120;14;1;3;1945;5;2;1;2;3;123;LECLERC GENERAL AVENUE;;;;60
201400010121;14;1;8;1120;1;2;1;1;6;123;2, DE GAULLE GENERAL AVE;;;;60
201400010122;14;1;9;1450;1;2;3;1;3;27;37, FAUVETTES AVENUE DES;;;;60
201400010123;14;1;9;1640;1;2;6;1;3;27;CLAVERIE RUE DU BRIGADIE;;;;60
201400010124;14;1;10;1415;1;2;2;1;6;27;RENOIR AVENUE AUGUSTE;;;;60
201400010125;14;1;10;1610;1;2;3;1;3;123;CURIE PIERRE ET MARIE AV;;;;60
201400010126;14;1;12;1515;1;2;1;1;2;27;PLAGE BOULEVARD DE LA;;;;60
201400010127;14;1;15;1750;1;2;1;1;6;27;27, JUIN BOULEVARD MAREC;;;;60
201400010128;14;1;16;900;1;2;4;2;3;123;PLATEAUX FLEURIS CHEMIN;;;;60
201400010129;14;1;20;910;1;2;2;1;3;27;PAGNOL AVENUE MARCEL;;;;60
201400010130;14;1;21;1840;5;2;3;1;3;123;NOTRE DAME AVENUE;;;;60
201400010131;14;1;22;1130;1;2;1;1;3;123;859, CURIE PIERRE ET MAR;;;;60
201400010132;14;1;23;950;1;2;1;1;3;123;MOSCHETTI RUE;;;;60
201400010133;14;1;24;1500;1;2;1;1;6;123;602, DE GAULLE GENERAL A;;;;60
201400010134;14;1;27;1000;1;2;1;1;5;123;ST JEANNET ROUTE DE;;;;60
201400010135;14;1;28;950;1;2;1;1;2;27;BESSET AVENUE CYRILLE;;;;60
201400010136;14;1;29;1000;1;2;1;2;6;27;GARE AVENUE DE LA;;;;60
201400010137;14;1;30;1310;1;2;3;3;3;27;CANNES AVENUE DE (RN7);;;;60
201400010138;14;2;1;1020;1;2;6;1;6;27;GIONO RUE JEAN;;;;60
201400010139;14;2;12;1550;1;2;2;1;3;123;DE GAULLE GENERAL AVENUE;;;;60
201400010140;14;2;15;1810;2;2;1;1;7;123;DEGOUTAI CHEMIN DU;;;;60
201400010141;14;2;18;850;1;2;1;1;2;27;95, BESSET AVENUE CYRILL;;;;60
201400010142;14;2;19;1230;1;2;1;1;3;123;550, VESPINS ROUTE DES;;;;60
201400010143;14;2;20;1835;1;2;1;1;3;123;VESPINS ROUTE DES;;;;60
201400010144;14;2;22;1130;1;2;1;1;3;123;932, VESPINS ROUTE DES;;;;60
201400010145;14;2;24;820;1;2;1;1;2;123;BENES SQUARE;;;;60
201400010146;14;2;25;1030;1;2;1;1;5;27;PLAGE BOULEVARD DE LA;;;;60
201400010147;14;2;28;1345;1;2;6;1;3;27;VENCE ROUTE DE;;;;60
201400010148;14;3;1;945;1;2;1;1;2;27;114, PLAGE BOULEVARD DE;;;;60
201400010149;14;3;3;1115;1;2;1;2;3;27;CHENES AVENUE DES;;;;60
201400010150;14;3;4;120;5;2;1;1;6;27;PLAGE BOULEVARD DE LA;;;;60
201400010151;14;3;4;1150;1;2;1;1;3;27;GARE AVENUE DE LA;;;;60
201400010152;14;3;8;1800;1;2;1;1;3;123;SAUVAIGO PIERRE AVENUE;;;;60
201400010153;14;3;12;1145;1;2;1;1;4;27;NICE AVENUE DE (RN7);;;;60
201400010154;14;3;13;1650;1;2;1;1;2;27;0, DE GAULLE PLACE CHARL;;;;60
201400010155;14;3;17;1215;1;2;1;1;6;27;0, GRASSE AVENUE DE;;;;60
201400010156;14;3;19;1535;1;2;1;1;3;27;5, KENNEDY BOULEVARD J.F;;;;60
201400010157;14;3;24;840;1;2;1;1;1;123;BARONNE ROUTE DE LA;;;;60
201400010158;14;3;24;1450;1;2;2;1;3;27;NICE AVENUE DE (RN7);;;;60
201400010159;14;3;25;1115;1;2;4;1;2;123;DE GAULLE GENERAL AVENUE;;;;60
201400010160;14;3;31;1515;1;2;3;1;6;123;DE GAULLE GENERAL AVENUE;;;;60
201400010161;14;4;1;1300;1;2;2;1;3;27;JUIN BOULEVARD MARECHAL;;;;60
201400010162;14;4;4;1400;1;2;1;1;3;123;DE GAULLE GENERAL AVENUE;;;;60
201400010163;14;4;8;1220;1;2;1;1;5;123;ORANGERS AVENUE DES;;;;60
201400010164;14;4;9;1220;1;2;2;1;3;27;LECLERCAVENUE GENERAL;;;;60
201400010165;14;4;14;845;1;2;1;1;2;27;NICE AVENUE DE (RN7);;;;60
201400010166;14;4;16;1045;1;2;1;1;2;27;FERRIERE CHEMIN DE LA;;;;60
201400010167;14;4;18;2235;5;2;3;1;3;27;NICE AVENUE DE (RN7);;;;60
201400010168;14;4;20;1130;1;2;1;1;2;27;55, GARE AVENUE DE LA;;;;60
201400010169;14;4;23;1300;1;2;1;1;3;27;CHEIRON AVENUE DU;;;;60
201400010170;14;4;28;1515;1;2;1;1;6;27;GARE AVENUE DE LA;;;;60
201400010171;14;4;28;2015;2;2;3;1;6;27;TUILIERES AVENUE DES;;;;60
201400010172;14;4;28;1400;1;2;6;1;6;27;FRANCE ROUTE DE;;;;60
201400010173;14;4;30;1610;1;2;1;1;3;123;227, OSSOLA JEAN BOULEVA;;;;60
201400010174;14;5;7;1250;1;2;1;1;6;27;JUIN BOULEVARD MARECHAL;;;;60
201400010175;14;5;7;1700;1;2;1;1;3;27;PAGNOL AVENUE MARCEL;;;;60
201400010176;14;5;10;1330;1;2;1;1;6;27;HOTEL DE VILLE AVENUE DE;;;;60
201400010177;14;5;11;2110;5;2;2;1;1;27;CHENES AVENUE DES;;;;60
201400010178;14;5;14;1600;1;2;2;1;5;27;NICE AVENUE DE (RN7);;;;60
201400010179;14;5;15;1630;1;2;1;1;4;123;GARE ROUTE DE LA;;;;60
201400010180;14;5;16;2240;5;2;1;1;3;27;PLAGE BOULEVARD DE LA;;;;60
201400010181;14;5;20;1145;1;2;1;1;2;123;BORD DE MER RN 98;;;;60
201400010182;14;5;23;1210;1;2;3;1;3;123;IMPRIMEURS ALLEE DES;;;;60
201400010183;14;5;23;2325;5;2;1;1;2;123;BORD DE MER RN 98;;;;60
201400010184;14;5;23;2100;2;2;1;1;6;27;PROMENADE DE L HIPPODROM;;;;60
201400010185;14;5;28;915;1;2;1;1;4;27;0, CANNES AVENUE DE (RN7;;;;60
201400010186;14;5;29;1100;1;2;1;1;2;27;PROMENADE DE L HIPPODROM;;;;60
201400010187;14;5;31;2140;5;2;3;1;3;123;MOATTI PASSAGE;;;;60
201400010188;14;6;2;1230;1;2;1;1;1;27;PAGNOL AVENUE MARCEL;;;;60
201400010189;14;6;2;1545;1;2;1;1;4;27;23, PLAGE BOULEVARD DE L;;;;60
201400010190;14;6;2;1915;1;2;1;1;2;123;DE GAULLE GENERAL AVENUE;;;;60
201400010191;14;6;4;1650;1;2;6;1;3;123;POMPIDOU GEORGES BOULEVA;;;;60
201400010192;14;6;5;1535;1;2;1;1;6;27;GAUDE AVENUE DE LA;;;;60
201400010193;14;6;6;920;1;2;1;1;3;27;26, CANNES AVENUE DE (RN;;;;60
201400010194;14;6;7;1225;1;2;1;1;2;27;BONAPARTE RUE;;;;60
201400010195;14;6;9;830;1;2;3;1;3;123;PUGETS ROUTE DES;;;;60
201400010196;14;6;10;1040;1;2;1;1;6;27;115, NICE AVENUE DE (RN7;;;;60
201400010197;14;6;12;1850;1;2;1;1;2;27;KENNEDY BOULEVARD J.F.;;;;60
201400010198;14;6;12;1710;1;2;1;1;3;27;ALPES AVENUE DES;;;;60
201400010199;14;6;16;2015;2;2;1;2;1;123;4158, FAHNESTOCK G. CORN;;;;60
201400010200;14;6;17;1840;1;2;1;1;3;123;GARE ROUTE DE LA;;;;60
201400010201;14;6;18;1845;1;2;1;1;6;123;88, OSSOLA JEAN BOULEVAR;;;;60
201400010202;14;6;20;2330;5;2;2;1;3;27;57, VAL FLEURI CHEMIN DU;;;;60
201400010203;14;6;24;1430;1;1;1;1;6;27;BUGADIERES ALLEE DES;;;;60
201400010204;14;6;26;820;1;2;1;1;3;27;JUIN BOULEVARD MARECHAL;;;;60
201400010205;14;7;1;925;1;2;3;1;1;123;LEDIEU JEAN ALLEE;;;;60
201400010206;14;7;4;945;1;2;1;1;1;123;POMPIDOU GEORGES BOULEVA;;;;60
201400010207;14;7;8;840;1;2;1;1;3;123;BORD DE MER RN 98;;;;60
201400010208;14;7;10;1045;1;2;1;1;1;123;896, AGRIMONT CORNICHE D;;;;60
201400010209;14;7;12;1430;1;2;1;1;6;27;PLAGE BOULEVARD DE LA;;;;60
201400010210;14;7;15;1040;1;2;2;1;6;27;NICE AVENUE DE (RN7);;;;60
201400010211;14;7;15;715;1;2;1;1;3;27;34, NICE AVENUE DE (RN7);;;;60
201400010212;14;7;16;845;1;2;3;1;1;123;VESPINS ROUTE DES;;;;60
201400010213;14;7;16;2030;2;2;1;1;3;123;GERBAULT ALAIN PROMENADE;;;;60
201400010214;14;7;18;1130;1;2;1;1;4;27;ST LAURENT CHEMIN DE;;;;60
201400010215;14;7;20;55;5;2;1;1;6;123;BORD DE MER RN 98;;;;60
201400010216;14;7;22;1705;1;2;1;1;2;27;42, NICE AVENUE DE (RN7);;;;60
201400010217;14;7;22;2310;5;2;2;1;3;27;GARE AVENUE DE LA;;;;60
201400010218;14;7;27;1810;1;2;1;1;6;27;10, CHENES AVENUE DES;;;;60
201400010219;14;7;27;2040;2;2;4;1;3;123;ST JEANNET ROUTE DE;;;;60
201400010220;14;7;31;745;1;2;3;1;2;27;GARE AVENUE DE LA;;;;60
201400010221;14;7;31;815;1;2;1;1;3;27;105, PLAGE BOULEVARD DE;;;;60
201400010222;14;8;2;1825;1;2;3;1;3;123;VESPINS ROUTE DES;;;;60
201400010223;14;8;3;1800;1;2;1;1;1;27;24, COLLINES CHEMIN DES;;;;60
201400010224;14;8;4;1200;1;2;1;1;4;27;15, GRASSE AVENUE DE;;;;60
201400010225;14;8;5;2200;5;2;3;1;3;27;PLAGE BOULEVARD DE LA;;;;60
201400010226;14;8;14;1835;1;2;1;1;1;27;80, MAURE CHEMIN DE LA;;;;60
201400010227;14;8;14;2130;5;2;1;1;3;27;CANNES AVENUE DE (RN7);;;;60
201400010228;14;8;16;1500;1;2;6;1;6;123;AICARD AVENUE;;;;60
201400010229;14;8;22;1430;1;2;1;1;6;123;700, VESPINS ROUTE DES;;;;60
201400010230;14;8;28;1745;1;2;6;1;3;123;POMPIDOU GEORGES BOULEVA;;;;60
201400010231;14;8;29;1030;1;2;3;1;6;123;LECLERC GENERAL AVENUE;;;;60
201400010232;14;9;1;2150;5;2;1;1;3;27;FUSAINS RUE DES;;;;60
201400010233;14;9;2;1845;1;2;1;1;3;27;PLAGE BOULEVARD DE LA;;;;60
201400010234;14;8;31;2110;2;2;1;1;3;123;301, PAGNOL MARCEL BOULE;;;;60
201400010235;14;9;3;1800;1;2;1;1;3;27;PLAGE BOULEVARD DE LA;;;;60
201400010236;14;9;7;1350;1;2;1;1;2;123;BORD DE MER RN 98;;;;60
201400010237;14;9;8;1920;1;2;1;1;4;123;702, DE GAULLE GENERAL A;;;;60
201400010238;14;9;9;1900;2;2;1;1;2;123;371, POINT DU JOUR BOULE;;;;60
201400010239;14;9;9;2300;5;2;2;1;3;27;STE ANNE MONTEE;;;;60
201400010240;14;9;11;1530;1;2;1;1;2;27;BESSET AVENUE CYRILLE;;;;60
201400010241;14;9;17;820;1;2;2;1;3;27;NICE AVENUE DE (RN7);;;;60
201400010242;14;9;24;1325;1;2;1;1;1;123;3784, PUGETS MOYENNE COR;;;;60
201400010243;14;9;24;2010;5;2;3;1;6;123;VESPINS ROUTE DES;;;;60
201400010244;14;9;25;1315;1;2;1;1;1;123;COLLET ROUGE CHEMIN DU;;;;60
201400010245;14;9;26;2340;5;2;1;1;3;27;GAUDE AVENUE DE LA;;;;60
201400010246;14;9;28;1930;2;2;3;1;3;27;0, VERDUN AVENUE DE;;;;60
201400010247;14;9;29;315;5;2;1;1;7;27;91, GROS BUAUX CHEMIN DE;;;;60
201400010248;14;10;4;1710;1;2;1;1;2;27;7, NEGRO RUE LOUIS;;;;60
201400010249;14;10;8;1255;1;2;3;1;2;27;PLAGE BOULEVARD DE LA;;;;60
201400010250;14;10;8;1330;1;2;1;1;6;27;15, RENOIR AVENUE AUGUST;;;;60
201400010251;14;10;9;1110;1;2;3;1;2;123;BORD DE MER RN 98;;;;60
201400010252;14;10;14;810;1;2;1;2;2;27;85, GRASSE AVENUE DE;;;;60
201400010253;14;10;16;1750;1;2;6;1;3;27;DRAKKAR ROND POINT;;;;60
201400010254;14;10;17;740;1;2;2;1;2;27;NICE AVENUE DE (RN7);;;;60
201400010255;14;10;17;1810;1;2;1;1;2;123;MAICON PROMENADE;;;;60
201400010256;14;10;20;1300;1;2;1;1;3;27;7, PLAGE BOULEVARD DE LA;;;;60
201400010257;14;10;20;1815;1;2;1;1;6;27;7, DONAT AVENUE DOCTEUR;;;;60
201400010258;14;10;21;1650;1;2;3;1;3;123;BARONNE ROUTE DE LA;;;;60
201400010259;14;10;22;1035;1;2;3;1;3;27;ALLEE DES ARTISTES;;;;60
201400010260;14;10;23;1145;1;2;1;1;3;27;87, GRASSE AVENUE DE;;;;60
201400010261;14;10;23;2300;5;2;1;1;3;27;69, VAL FLEURI CHEMIN DU;;;;60
201400010262;14;10;25;1815;1;2;1;1;6;27;LECLERCAVENUE GENERAL;;;;60
201400010263;14;10;26;1625;1;2;1;1;3;27;67, JUIN BOULEVARD MAREC;;;;60
201400010264;14;10;28;1135;1;2;1;1;6;27;ORANGERS AVENUE DES;;;;60
201400010265;14;10;28;1540;1;2;1;1;7;27;ALPES AVENUE DES;;;;60
201400010266;14;10;28;1610;1;2;1;1;3;123;ROSES CHEMIN DES;;;;60
201400010267;14;10;28;1840;5;2;1;1;3;123;177, PAGNOL MARCEL BOULE;;;;60
201400010268;14;10;29;800;1;2;1;1;3;27;75, BESSET AVENUE CYRILL;;;;60
201400010269;14;11;6;1620;1;2;1;1;2;27;24, CANNES AVENUE DE (RN;;;;60
201400010270;14;11;12;940;1;2;1;1;6;27;JUIN BOULEVARD MARECHAL;;;;60
201400010271;14;11;14;800;1;2;3;1;3;27;CANNES AVENUE DE (RN7);;;;60
201400010272;14;11;14;805;1;2;1;1;2;27;90, VAL FLEURI CHEMIN DU;;;;60
201400010273;14;11;17;1610;1;2;1;1;6;27;JUIN BOULEVARD MARECHAL;;;;60
201400010274;14;11;21;830;1;2;1;1;3;27;53, VAL FLEURI CHEMIN DU;;;;60
201400010275;14;11;26;750;1;2;1;2;5;27;37, BESSET AVENUE CYRILL;;;;60
201400010276;14;11;29;620;5;2;3;1;6;27;112, PLAGE BOULEVARD DE;;;;60
201400010277;14;12;6;1140;1;2;1;1;3;123;BORD DE MER RN 98;;;;60
201400010278;14;12;9;1150;1;2;1;1;6;27;113, PLAGE BOULEVARD DE;;;;60
201400010279;14;12;13;1845;5;2;1;1;6;27;0, NICE AVENUE DE (RN7);;;;60
201400010280;14;12;15;1630;1;2;1;1;5;27;125, NICE AVENUE DE (RN7;;;;60
201400010281;14;12;19;740;1;2;1;1;4;123;CURIE PIERRE ET MARIE AV;;;;60
201400010282;14;12;20;925;1;2;1;1;6;27;NETTER RUE;;;;60
201400010283;14;12;21;1010;1;2;1;1;6;123;JEANNE D'ARC AVENUE;;;;60
201400010284;14;12;23;1600;1;2;1;1;1;123;MISTRAL FREDERIC AVENUE;;;;60
201400010285;14;12;27;2220;5;2;1;1;6;123;1567, PUGETS ROUTE DES;;;;60
201400010286;14;12;31;1655;1;2;6;1;3;27;TUILIERES AVENUE DES;;;;60
201400010287;14;1;7;1955;5;2;1;1;2;29;DIX HUIT JUIN (PLACE DU);;;;60
201400010288;14;1;15;1700;5;2;1;1;3;30;SADI CARNOT (BOULEVARD);;;;60
201400010289;14;1;12;1600;1;2;1;1;6;29;32, MIDI (BOULEVARD DU);;;;60
201400010290;14;1;16;1700;5;2;1;1;6;29;MARIA (PLACE COMMANDANT);;;;60
201400010291;14;1;17;1700;1;2;1;3;4;29;GRASSE (AVENUE DE);;;;60
201400010292;14;1;21;1645;1;2;1;1;6;30;POMPIDOU (AVENUE GEORGES;;;;60
201400010293;14;1;24;950;1;2;1;1;3;29;JUIN (AVENUE MARECHAL);;;;60
201400010294;14;2;3;1830;5;2;1;1;7;30;ROOSEVELT (AVENUE FRANKL;;;;60
201400010295;14;2;4;1245;1;2;1;2;5;29;TONNER (AVENUE FRANCIS);;;;60
201400010296;14;2;5;720;1;2;1;1;6;29;CROISETTE (BOULEVARD DE;;;;60
201400010297;14;2;6;1115;1;2;1;1;7;29;FERRAGE (BOULEVARD DE LA;;;;60
201400010298;14;2;7;912;1;2;1;1;6;29;BUQUET (RUE LEOPOLD);;;;60
201400010299;14;2;18;1755;5;2;1;1;1;29;60, DELATTRE DE TASSIGNY;;;;60
201400010300;14;2;20;1210;1;2;1;1;2;29;23, PICAUD (AVENUE DU DO;;;;60
201400010301;14;2;20;1315;1;2;1;1;3;29;PICAUD (AVENUE DU DOCTEU;;;;60
201400010302;14;2;20;1654;1;2;1;1;3;29;42, COUBERTIN (AVENUE PI;;;;60
201400010303;14;2;28;947;1;2;1;1;6;29;LAFONTAINE (RUE);;;;60
201400010304;14;3;5;900;1;2;1;1;6;29;55, ANTIBES (RUE D');;;;60
201400010305;14;3;8;1928;5;2;1;1;6;29;260, GRASSE (AVENUE DE);;;;60
201400010306;14;3;9;1558;1;2;1;1;6;29;MIDI (BOULEVARD DU);;;;60
201400010307;14;3;10;745;1;2;1;1;3;29;143, REPUBLIQUE (BOULEVA;;;;60
201400010308;14;3;11;1413;1;2;1;1;6;29;GALLIENI (AVENUE MARECHA;;;;60
201400010309;14;3;11;1645;1;2;1;1;6;29;00, JOURDAN (AVENUE MICH;;;;60
201400010310;14;3;12;1120;1;2;1;1;6;29;90, CARNOT (BOULEVARD);;;;60
201400010311;14;3;12;1840;2;2;1;1;6;29;98, CARNOT (BOULEVARD);;;;60
201400010312;14;3;13;1542;1;2;1;1;6;29;MERIMEE (SQUARE);;;;60
201400010313;14;3;15;1705;1;2;1;1;6;29;CLEMENCEAU (RUE GEORGES);;;;60
201400010314;14;3;18;1020;1;2;1;1;3;30;MASSENA (RUE) CANNET;;;;60
201400010315;14;3;18;1153;1;2;1;1;1;29;82, CLEMENCEAU (RUE GEOR;;;;60
201400010316;14;3;20;1750;1;2;1;1;7;30;ROOSEVELT (AVENUE FRANKL;;;;60
201400010317;14;3;21;1204;1;2;1;1;6;30;AUBAREDE (CHEMIN DE L');;;;60
201400010318;14;3;23;2350;5;2;1;1;6;29;REPUBLIQUE (BOULEVARD DE;;;;60
201400010319;14;3;25;1030;1;2;1;1;6;29;06, MIDI (BOULEVARD DU);;;;60
201400010320;14;4;4;1334;1;2;1;1;7;30;12-14, JEANPIERRE (AVENU;;;;60
201400010321;14;4;5;1230;1;2;1;1;6;29;CROISETTE (BOULEVARD DE;;;;60
201400010322;14;4;7;1425;1;2;1;1;6;29;LATOUR MAUBOURG (RUE);;;;60
201400010323;14;4;9;1345;1;2;1;1;2;30;49, DOUMER (BOULEVARD PA;;;;60
201400010324;14;4;9;1800;1;2;1;1;3;29;BORDE (AVENUE DE LA);;;;60
201400010325;14;4;9;1850;1;2;1;1;7;29;BACHAGA SAID BOUALAM (AV;;;;60
201400010326;14;4;10;1515;1;2;1;1;6;29;58, CARNOT (BOULEVARD);;;;60
201400010327;14;4;11;1436;1;2;1;1;7;29;11, CROISETTE (BOULEVARD;;;;60
201400010328;14;4;11;1505;1;2;1;1;6;29;09, CARNOT (BOULEVARD);;;;60