num_acc;an;mois;jour;hrmn;lum;agg;int;atm;col;com;adr;gps;lat;long;dep
201400010329;14;4;14;1845;1;2;1;1;3;30;INDUSTRIE (CHEMIN DE L');;;;60
201400010330;14;4;15;1207;1;2;1;1;6;29;16, ALSACE ( BOULEVARD D;;;;60
201400010331;14;4;16;1550;1;2;1;1;3;29;183, ROUBINE (AVENUE DE;;;;60
201400010332;14;4;22;826;1;2;1;1;6;29;02, BRIEUX (RUE EUGENE);;;;60
201400010333;14;4;20;1020;1;2;1;1;7;29;44, ALEXANDRE III (BOULE;;;;60
201400010334;14;4;18;1200;1;2;1;1;6;29;TONNER (AVENUE FRANCIS);;;;60
201400010335;14;4;21;2030;2;2;1;1;7;29;25, ALSACE ( BOULEVARD D;;;;60
201400010336;14;4;22;1047;1;2;1;1;6;29;26, JOURDAN (AVENUE MICH;;;;60
201400010337;14;4;23;1150;1;2;1;1;7;30;GAMBETTA (BOULEVARD);;;;60
201400010338;14;4;24;1510;1;2;1;1;3;29;REPUBLIQUE (BOULEVARD DE;;;;60
201400010339;14;4;24;1845;1;2;1;1;7;30;369, POMPIDOU (AVENUE GE;;;;60
201400010340;14;4;26;1034;1;2;1;1;6;29;CROISETTE (BOULEVARD DE;;;;60
201400010341;14;4;27;945;1;2;1;1;3;29;CHEVALIER (AVENUE MAURIC;;;;60
201400010342;14;4;27;1135;1;2;1;1;6;29;101, CARNOT (BOULEVARD);;;;60
201400010343;14;4;28;1455;1;2;1;1;3;29;CLEMENCEAU (RUE GEORGES);;;;60
201400010344;14;4;29;1020;1;2;1;1;3;30;DOUMER (BOULEVARD PAUL);;;;60
201400010345;14;4;29;1220;1;2;1;1;3;30;AUBAREDE (AVENUE DE L');;;;60
201400010346;14;4;29;1337;1;2;1;1;6;29;ALSACE ( BOULEVARD D');;;;60
201400010347;14;4;30;1448;1;2;1;1;6;30;42, MONTJOLI (AVENUE DU);;;;60
201400010348;14;5;2;2310;5;2;1;1;3;30;00, CANNES (RUE DE);;;;60
201400010349;14;5;5;1345;1;2;1;1;4;29;07, PICAUD (AVENUE DR) B;;;;60
201400010350;14;5;6;1320;1;2;1;1;3;29;00, BROUSSAILLES (AVENUE;;;;60
201400010351;14;5;6;1810;1;2;1;1;6;29;MIDI (BOULEVARD DU);;;;60
201400010352;14;5;8;1535;1;2;1;1;7;30;00, SADI CARNOT (BOULEVA;;;;60
201400010353;14;5;12;828;1;2;1;1;7;29;98, TONNER (AVENUE FRANC;;;;60
201400010354;14;5;12;855;1;2;1;1;7;29;GALLIENI (AVENUE MARECHA;;;;60
201400010355;14;5;12;1127;1;2;1;1;6;29;LYON (AVENUE DE);;;;60
201400010356;14;5;14;1500;1;2;1;1;3;29;RIOU (BOULEVARD DU);;;;60
201400010357;14;5;15;1410;1;2;1;1;3;29;72, TONNER (AVENUE FRANC;;;;60
201400010358;14;5;16;730;1;2;3;1;3;29;LORRAINE (BOULEVARD DE);;;;60
201400010359;14;5;16;755;1;2;1;1;6;29;00, GALLIENI (AVENUE MAR;;;;60
201400010360;14;5;16;1915;1;2;1;1;3;29;19, CARNOT (BOULEVARD);;;;60
201400010361;14;5;18;710;1;2;1;1;6;29;ALEXANDRE III (BOULEVARD;;;;60
201400010362;14;5;18;2113;5;2;1;1;3;29;TRIPET (BOULEVARD EUGENE;;;;60
201400010363;14;5;19;1205;1;2;1;1;6;29;CROISETTE (BOULEVARD DE;;;;60
201400010364;14;5;20;302;5;2;1;1;3;29;95, CROISETTE (BOULEVARD;;;;60
201400010365;14;5;20;1750;1;2;1;1;3;29;135, JOURDAN (AVENUE MIC;;;;60
201400010366;14;5;20;1840;1;2;1;1;7;29;REYER (RUE);;;;60
201400010367;14;5;21;1614;1;2;1;1;6;29;GOLFES (AVENUE DES);;;;60
201400010368;14;5;23;1640;1;2;1;1;6;29;FAURE (RUE FELIX);;;;60
201400010369;14;5;23;1415;1;2;1;1;6;30;68, ROOSEVELT (AVENUE FR;;;;60
201400010370;14;5;23;2200;5;2;1;1;3;29;22, BUISSONS ARDENTS;;;;60
201400010371;14;5;25;1000;1;2;1;1;6;29;TONNER (AVENUE FRANCIS);;;;60
201400010372;14;5;25;1044;1;2;1;1;3;29;VAUTRIN (BOULEVARD DU GE;;;;60
201400010373;14;5;25;1845;1;2;1;1;2;29;00, VALLOMBROSA (BOULEBA;;;;60
201400010374;14;5;27;1100;1;2;1;1;7;29;LERINS (AVENUE DE);;;;60
201400010375;14;5;28;1355;1;2;1;1;3;29;11, COUBERTIN (AVENUE PI;;;;60
201400010376;14;5;29;1340;1;2;1;1;3;29;MIDI (BOULEVARD DU);;;;60
201400010377;14;5;31;2025;1;2;1;1;2;29;MIDI (BOULEVARD DU);;;;60
201400010378;14;5;31;2115;5;2;1;1;3;29;78, CROISETTE (BOULEVARD;;;;60
201400010379;14;5;31;45;5;2;1;1;6;29;MIDI (BOULEVARD DU);;;;60
201400010380;14;6;5;1550;1;2;1;1;3;30;BREGUIERES (CHEMIN DES);;;;60
201400010381;14;6;6;1055;1;2;1;1;7;29;CHABAUD (RUE);;;;60
201400010382;14;6;6;1135;1;2;1;1;6;29;PICAUD (AVENUE DU DOCTEU;;;;60
201400010383;14;6;7;1515;1;2;1;1;3;29;21, MIDI (BOULEVARD DU);;;;60
201400010384;14;6;7;1302;1;2;1;1;6;29;GALLIENI (AVENUE MARECHA;;;;60
201400010385;14;6;10;1145;1;2;1;1;7;29;ALEXANDRE III (BOULEVARD;;;;60
201400010386;14;6;11;845;1;2;3;1;5;29;MIDI (BOULEVARD DU);;;;60
201400010387;14;6;11;1925;1;2;1;1;7;29;GAMBETTA (PLACE);;;;60
201400010388;14;6;11;1630;1;2;1;1;6;29;TONNER (AVENUE FRANCIS);;;;60
201400010389;14;6;12;1740;1;2;1;1;3;29;CROISETTE (BOULEVARD DE;;;;60
201400010390;14;6;13;2100;4;2;1;1;6;30;ROOSEVELT (AVENUE FRANKL;;;;60
201400010391;14;6;16;2010;5;2;1;1;6;29;79, TONNER (AVENUE FRANC;;;;60
201400010392;14;6;17;1230;1;2;1;1;3;29;CROISETTE (BOULEVARD DE;;;;60
201400010393;14;6;19;1830;1;2;1;1;6;29;GAMBETTA (PLACE);;;;60
201400010394;14;6;24;1700;1;2;1;1;7;29;113, ANTIBES (RUE D');;;;60
201400010395;14;6;26;1004;1;2;1;1;6;29;BORDE (AVENUE DE LA);;;;60
201400010396;14;6;26;1830;1;2;1;1;3;29;LACOUR (RUE);;;;60
201400010397;14;7;1;1206;1;2;1;1;6;30;369, POMPIDOU (AVENUE GE;;;;60
201400010398;14;7;1;1235;1;2;1;7;2;30;39, JEANPIERRE (AVENUE M;;;;60
201400010399;14;7;1;1239;1;2;1;1;3;30;COLBERT (RUE);;;;60
201400010400;14;7;7;1000;1;2;1;1;7;29;ANTIBES (RUE D');;;;60
201400010401;14;7;7;1616;1;2;1;1;7;29;00, JOURDAN (AVENUE MICH;;;;60
201400010402;14;7;9;13;5;2;1;1;1;29;24, MIDI (BOULEVARD DU);;;;60
201400010403;14;7;9;845;1;2;1;1;7;29;06, MIDI (BOULEVARD DU);;;;60
201400010404;14;7;9;945;1;2;1;1;1;29;00, TUBY (BOULEVARD VICT;;;;60
201400010405;14;7;9;1627;1;2;1;1;3;29;MIDI (BOULEVARD DU);;;;60
201400010406;14;7;9;1716;1;2;1;1;7;29;VAUBAN (PLACE);;;;60
201400010407;14;7;10;1715;1;2;1;1;3;30;105, ROOSEVELT (AVENUE F;;;;60
201400010408;14;7;14;1;5;2;1;1;3;29;JOURDAN (AVENUE MICHEL);;;;60
201400010409;14;7;15;1755;1;2;1;1;3;29;ROUBINE (AVENUE DE LA);;;;60
201400010410;14;7;19;2245;5;2;1;1;6;30;CARNOT (BOULEVARD);;;;60
201400010411;14;7;18;1800;1;2;1;1;1;29;52, JOURDAN (AVENUE MICH;;;;60
201400010412;14;7;26;1210;1;2;1;1;3;30;ROOSEVELT (AVENUE FRANKL;;;;60
201400010413;14;7;27;820;1;2;1;1;6;29;86, MIDI (BOULEVARD DU);;;;60
201400010414;14;7;27;1115;1;2;1;1;3;29;BENEFIAT (AVENUE DE);;;;60
201400010415;14;7;29;1750;1;2;1;1;3;29;CROISETTE (BOULEVARD DE;;;;60
201400010416;14;7;29;1035;1;2;1;1;3;29;ALEXANDRE III (BOULEVARD;;;;60
201400010417;14;8;1;1930;1;2;1;1;2;29;TONNER (AVENUE FRANCIS);;;;60
201400010418;14;8;5;1150;1;2;1;1;6;29;57, CARNOT (BOULEVARD);;;;60
201400010419;14;8;6;2000;1;2;1;1;6;29;CARNOT (BOULEVARD);;;;60
201400010420;14;8;7;2248;5;2;1;1;6;29;TONNER (AVENUE FRANCIS);;;;60
201400010421;14;8;8;920;1;2;2;1;6;29;ALEXANDRE III (BOULEVARD;;;;60
201400010422;14;8;11;1020;1;2;1;1;6;29;CROISETTE (BOULEVARD DE;;;;60
201400010423;14;8;11;721;1;2;1;1;6;29;MIDI (BOULEVARD DU);;;;60
201400010424;14;8;16;1555;1;2;1;1;6;30;100, JOURDAN (AVENUE MIC;;;;60
201400010425;14;8;19;1610;1;2;1;1;1;29;93, NOAILLES (AVENUE JEA;;;;60
201400010426;14;8;18;1800;1;2;1;1;6;29;3, AICARD (RUE JEAN);;;;60
201400010427;14;8;21;1100;1;2;1;1;6;30;93, ROOSEVELT (AVENUE FR;;;;60
201400010428;14;8;21;1444;1;2;1;1;6;29;REPUBLIQUE (BOULEVARD DE;;;;60
201400010429;14;8;22;1605;1;2;1;1;3;29;00, REPUBLIQUE (BOULEVAR;;;;60
201400010430;14;8;23;1430;1;2;1;1;6;30;20, SADI CARNOT (BOULEVA;;;;60
201400010431;14;8;25;1530;1;2;1;1;6;29;88, MIDI (BOULEVARD DU);;;;60
201400010432;14;8;26;1000;1;2;1;1;3;29;CROISETTE (BOULEVARD DE;;;;60
201400010433;14;8;26;1725;1;2;1;1;3;29;JUIN (AVENUE MARECHAL);;;;60
201400010434;14;8;27;2052;5;2;1;1;6;29;315, GRASSE (AVENUE DE);;;;60
201400010435;14;8;30;1420;1;2;2;1;7;29;SHAKESPEARE (RUE);;;;60
201400010436;14;9;1;1545;1;2;1;1;3;29;CROISETTE (BOULEVARD DE;;;;60
201400010437;14;9;3;1130;1;2;1;1;6;29;88, TONNER (AVENUE FRANC;;;;60
201400010438;14;9;4;1619;1;2;1;1;6;29;120, TONNER (AVENUE FRAN;;;;60
201400010439;14;9;7;1530;1;2;1;1;6;29;CORNUT GENTILLE (PLACE B;;;;60
201400010440;14;9;9;1630;1;2;1;1;3;29;REPUBLIQUE (BOULEVARD DE;;;;60
201400010441;14;9;9;1141;1;2;1;1;6;29;37, MONTE-CARLO (AVENUE);;;;60
201400010442;14;9;11;1335;1;2;1;1;6;29;00, CARNOT (BOULEVARD);;;;60
201400010443;14;9;12;840;1;2;1;1;6;29;DOZOL (AVENUE ANTHONY);;;;60
201400010444;14;9;13;1237;1;2;1;1;2;30;383, MONOD (RUE JEAN);;;;60
201400010445;14;9;13;1243;1;2;1;1;3;29;89, PICAUD (AVENUE DR) B;;;;60
201400010446;14;9;23;1935;1;2;1;1;2;29;124, CHEVALIER (AVENUE M;;;;60
201400010447;14;9;24;735;1;2;1;1;7;29;10, MIDI (BOULEVARD DU);;;;60
201400010448;14;9;24;2015;5;2;1;1;2;29;30, BROUSSAILLES (AVENUE;;;;60
201400010449;14;9;26;715;5;2;1;1;7;30;0, CARIMAI (RUE);;;;60
201400010450;14;9;27;735;1;2;1;1;3;29;ORAN (RUE D');;;;60
201400010451;14;9;27;1830;1;2;1;7;7;29;6, PICAUD (AVENUE DU DOC;;;;60
201400010452;14;10;1;1858;5;2;1;1;6;29;PERIER (BOULEVARD DU);;;;60
201400010453;14;10;2;2125;5;2;1;1;7;29;200, GRASSE (AVENUE DE);;;;60
201400010454;14;10;8;1525;1;2;1;1;6;29;88, CHEVALIER (AVENUE MA;;;;60
201400010455;14;10;8;1523;1;2;1;1;1;29;MIDI (BOULEVARD DU);;;;60
201400010456;14;10;10;1005;1;2;1;1;3;29;2, VILLAGE (ROUTE DU);;;;60
201400010457;14;10;14;755;1;2;1;1;6;29;ANGLAIS (AVENUE DES);;;;60
201400010458;14;10;15;815;1;2;1;1;6;30;BELLE-RESPIRO (RUE);;;;60
201400010459;14;10;15;940;1;2;1;1;6;29;PICAUD (AVENUE DR) BOCCA;;;;60
201400010460;14;10;15;1111;1;2;1;1;6;29;COUBERTIN (AVENUE PIERRE;;;;60
201400010461;14;10;15;2050;5;2;1;1;7;29;CROISETTE (BOULEVARD DE;;;;60
201400010462;14;10;17;1317;1;2;1;1;6;29;9, JAURES (RUE JEAN);;;;60
201400010463;14;10;17;1559;1;2;1;1;6;29;00, CROISETTE (BOULEVARD;;;;60
201400010464;14;10;18;1720;1;2;1;1;3;29;40, TUBY (AVENUE FRANCOI;;;;60
201400010465;14;10;24;1350;1;2;1;1;3;29;JOURDAN (AVENUE MICHEL);;;;60
201400010466;14;10;24;2032;5;2;1;1;3;30;JOURDAN (AVENUE MICHEL (;;;;60
201400010467;14;10;27;1910;5;2;1;1;3;30;39, JEANPIERRE (AVENUE M;;;;60
201400010468;14;10;29;1750;5;2;1;1;1;29;9, ARAUCARIAS (CHEMIN DE;;;;60
201400010469;14;10;30;1200;1;2;1;1;6;29;BACHAGA SAID BOUALAM (AV;;;;60
201400010470;14;10;30;1230;1;2;1;1;7;29;65, REPUBLIQUE (BOULEVAR;;;;60
201400010471;14;10;31;1800;5;2;1;1;6;30;SERRA CAPEOU (RUE);;;;60
201400010472;14;11;4;752;1;2;1;1;3;29;20, LAUGIER (AVENUE);;;;60
201400010473;14;11;6;1151;1;2;1;1;6;29;PANTIERO (PROMENADE DE L;;;;60
201400010474;14;11;10;1740;5;2;1;1;6;29;MIDI (BOULEVARD DU);;;;60
201400010475;14;11;14;1120;1;2;1;1;7;29;90, CARNOT (BOULEVARD);;;;60
201400010476;14;11;15;1006;1;2;1;3;7;29;3, SUISSES (RUE DES);;;;60
201400010477;14;11;16;1535;1;2;1;1;3;29;00, MIMONT (RUE DE);;;;60
201400010478;14;11;18;1830;5;2;1;1;3;29;00, JOURDAN (AVENUE MICH;;;;60
201400010479;14;11;18;2200;5;2;1;1;7;29;2, CLEMENCEAU (RUE GEORG;;;;60
201400010480;14;11;19;1520;1;2;1;1;3;29;1, POESIE (AVENUE PIERRE;;;;60
201400010481;14;11;19;1618;1;2;1;1;3;29;00, PICAUD (AVENUE DU DO;;;;60
201400010482;14;11;25;554;5;2;1;1;6;29;CARNOT (BOULEVARD);;;;60
201400010483;14;11;25;1830;5;2;1;2;6;30;NORD (BOULEVARD DU);;;;60
201400010484;14;12;2;915;1;2;1;1;2;29;61, FAURE (RUE FELIX);;;;60
201400010485;14;12;2;1453;1;2;1;1;3;29;TONNER (AVENUE FRANCIS);;;;60
201400010486;14;12;3;1725;5;2;1;1;7;29;00, JOFFRE (RUE MARECHAL;;;;60
201400010487;14;12;6;1830;5;2;1;1;6;29;48, TONNER (AVENUE FRANC;;;;60
201400010488;14;12;8;800;1;2;1;1;3;29;48, TONNER (AVENUE FRANC;;;;60
201400010489;14;12;12;1224;1;2;1;1;6;29;PASTEUR (RUE);;;;60
201400010490;14;12;16;1610;1;2;1;1;2;29;23, MIDI (BOULEVARD DU);;;;60
201400010491;14;12;15;930;1;2;1;1;6;30;00, DUNKERQUE (RUE DE);;;;60
201400010492;14;12;18;1545;1;2;1;1;6;29;GRASSE (AVENUE DE);;;;60
201400010493;14;12;19;915;1;2;1;1;6;30;MONTJOLI (AVENUE DU);;;;60
201400010494;14;12;20;1300;1;2;1;1;6;29;COUVERTURE VOIE FERREE;;;;60
201400010495;14;12;20;1500;1;2;1;1;6;29;PANTIERO (PROMENADE DE L;;;;60
201400010496;14;12;29;1210;1;2;1;1;3;30;27, MERIMEE (RUE PROSPER;;;;60
201400010497;14;12;30;1605;1;2;1;1;2;29;232, TONNER (AVENUE FRAN;;;;60
201400010498;14;1;2;1150;1;2;1;2;7;69;6, Place C?sar Ossola;;;;60
201400010499;14;1;3;1615;1;2;1;1;2;69;121, ROUQUIER (BOULEVARD;;;;60
201400010500;14;1;7;1815;5;2;1;1;7;69;116, CANNES (ROUTE DE);;;;60
201400010501;14;1;10;1017;1;2;1;1;7;69;5, ROUQUIER (BOULEVARD E;;;;60
201400010502;14;1;14;1525;1;2;1;1;7;69;51, CANNES (ROUTE DE)  -;;;;60
201400010503;14;1;16;800;2;2;1;2;2;69;8, SAINTE MARGUERITE (CH;;;;60
201400010504;14;1;17;1205;1;2;1;2;7;69;X, NAPOLEON (ROUTE);;;;60
201400010505;14;1;18;1847;5;2;1;2;6;69;X, PATTI (PLACE DU);;;;60
201400010506;14;1;19;1836;5;2;6;2;3;69;X, SIDI BRAHIM (AVENUE);;;;60
201400010507;14;1;20;2020;5;2;1;1;7;69;16, HAUTES RIBES (CHEMIN;;;;60
201400010508;14;1;22;825;1;2;1;1;2;69;160, SEMARD - LA GARE (A;;;;60
201400010509;14;1;25;1040;1;2;1;1;7;69;38, COLLET DE SAINT MARC;;;;60
201400010510;14;1;28;910;1;2;1;1;6;69;38, ROUQUIER (BOULEVARD;;;;60
201400010511;14;1;29;800;2;2;1;3;6;69;x, MISTRAL (AVENUE ET PL;;;;60
201400010512;14;1;30;1150;1;2;1;2;6;69;129, PAOUTE (ROUTE ET TR;;;;60
201400010513;14;1;31;1645;1;2;6;1;3;69;SIDI BRAHIM (AVENUE);;;;60
201400010514;14;1;31;1600;1;2;1;1;3;69;56, POMPIDOU (AVENUE GEO;;;;60
201400010515;14;2;3;837;1;1;1;1;7;69;x, DRAGUIGNAN (ROUTE DE);;;;60
201400010516;14;2;3;1830;2;2;1;2;7;69;X, BELLETRUD (BOULEVARD;;;;60
201400010517;14;2;4;851;1;1;1;8;2;69;147, ROUQUIER (BOULEVARD;;;;60
201400010518;14;2;6;720;2;2;1;8;7;69;X, PLASCASSIER (route de;;;;60
201400010519;14;2;6;837;2;2;1;1;7;69;83, PLASCASSIER - MOULIN;;;;60
201400010520;14;2;8;1125;1;2;1;2;2;69;31, MISTRAL (AVENUE ET P;;;;60
201400010521;14;2;11;745;1;2;2;1;3;69;x, SAINT EXUPERY (AVENUE;;;;60
201400010522;14;2;11;925;1;2;1;1;6;69;x, PROVENCE (AVENUE DE);;;;60
201400010523;14;2;13;1515;1;2;1;1;6;69;220, PLASCASSIER (route;M;4364742;696272;60
201400010524;14;2;14;1745;1;2;1;1;2;69;39, ZOLA (BOULEVARD EMIL;;;;60
201400010525;14;2;14;1920;5;2;4;1;3;69;x, DUVAL (AVENUE MATHIAS;;;;60
201400010526;14;2;14;1940;5;2;1;1;2;69;194, RENOIR (AVENUE AUGU;;;;60
201400010527;14;2;15;1200;1;2;1;6;1;69;4, CAPUCINS (CHEMIN ET I;;;;60
201400010528;14;2;20;750;1;2;1;1;7;69;26, GAMBETTA (BOULEVARD;;;;60
201400010529;14;2;21;1345;1;2;1;1;3;69;12, CANNES (ROUTE DE)  -;;;;60
201400010530;14;2;21;1920;2;2;1;1;6;69;1, LIBERATION (AVENUE DE;;;;60
201400010531;14;2;21;2110;5;2;1;1;7;69;30, SIDI BRAHIM (AVENUE);;;;60
201400010532;14;2;24;1355;1;2;1;1;2;69;x, MISTRAL (AVENUE ET PL;;;;60
201400010533;14;2;25;1120;1;2;1;7;6;69;184, PLASCASSIER (route;;;;60
201400010534;14;2;26;1140;1;2;1;8;6;69;257, SAINT MATHIEU (ROUT;;;;60
201400010535;14;2;28;1425;1;2;1;3;1;69;20, CASTORS (CHEMIN DES);;;;60
201400010536;14;2;28;1810;1;1;1;1;1;69;203, RENOIR (AVENUE AUGU;;;;60
201400010537;14;3;1;1635;1;2;1;1;4;69;101, RENOIR (AVENUE AUGU;;;;60
201400010538;14;3;10;1455;1;2;1;1;7;69;50, CANNES (ROUTE DE)  -;;;;60
201400010539;14;3;9;1025;1;2;1;1;6;69;144, SEMARD (AVENUE PIER;;;;60
201400010540;14;3;10;715;1;2;1;1;6;69;182, RENOIR (AVENUE AUGU;;;;60
201400010541;14;3;13;620;2;2;1;1;6;69;X, P?n?trante;;;;60
201400010542;14;3;13;1035;1;2;1;1;2;69;39, GRAND CHENE (CHEMIN;;;;60
201400010543;14;3;13;1125;1;2;1;1;1;69;X, MOULIN DE BRUN (CHEMI;;;;60
201400010544;14;3;13;2000;2;2;1;1;6;69;x, MARIGARDE (ROUTE DE L;;;;60
201400010545;14;3;14;1915;4;2;1;1;3;69;25, ROUQUIER (BOULEVARD;;;;60
201400010546;14;3;18;730;1;2;1;1;1;69;x, DRAGONNIERE (CHEMIN D;;;;60
201400010547;14;3;19;1250;1;2;1;1;2;69;109, RENOIR (AVENUE AUGU;;;;60
201400010548;14;3;19;1730;1;2;1;1;2;69;1, LIBERATION (AVENUE DE;;;;60
201400010549;14;3;23;1355;1;2;1;1;6;69;x, P?n?trante;;;;60
201400010550;14;3;24;2014;5;2;1;1;3;69;45, MISTRAL (AVENUE ET P;;;;60
201400010551;14;3;28;750;1;2;1;1;6;69;288, SAINT MATHIEU (ROUT;;;;60
201400010552;14;3;28;1615;1;2;1;1;6;69;62, SEMARD (AVENUE PIERR;;;;60
201400010553;14;3;29;720;1;2;1;1;6;69;55, CAPUCINS (CHEMIN ET;;;;60
201400010554;14;4;2;1155;1;2;1;1;2;69;X, Place C?sar Ossola;;;;60
201400010555;14;4;4;1720;1;2;1;1;6;69;x, MARIGARDE (ROUTE DE L;;;;60
201400010556;14;4;4;2105;2;2;1;1;7;69;x, POUIRAQUE (TRAVERSE D;;;;60
201400010557;14;4;5;2145;5;2;1;1;6;69;75, MAUPASSANT (AVENUE G;;;;60
201400010558;14;4;7;810;1;2;1;1;7;69;55, SEMARD (AVENUE PIERR;;;;60
201400010559;14;4;8;1200;1;2;1;1;6;69;X, PLASCASSIER (route de;;;;60
201400010560;14;4;8;2305;5;2;1;1;6;69;X, PEGOMAS (ROUTE DE);;;;60
201400010561;14;4;9;1100;1;2;1;1;6;69;x, FRAGONARD (BOULEVARD;;;;60
201400010562;14;4;9;1320;1;2;1;1;6;69;4, DUVAL (AVENUE MATHIAS;;;;60
201400010563;14;4;9;1350;1;2;1;1;2;69;45, MISTRAL (AVENUE ET P;;;;60
201400010564;14;4;9;1425;1;2;1;1;2;69;21, LIBERATION (AVENUE D;;;;60
201400010565;14;4;14;1610;1;2;1;1;1;69;57, CANNES (ROUTE DE);;;;60
201400010566;14;4;14;1945;2;2;1;1;7;69;x, PROVENCE (AVENUE DE);;;;60
201400010567;14;4;17;1800;1;2;1;1;6;69;206, PLASCASSIER (route;;;;60
201400010568;14;4;18;1510;1;2;1;1;2;69;24, COLLET DE SAINT MARC;;;;60
201400010569;14;4;18;1645;1;2;1;1;6;69;x, PROVENCE (AVENUE DE);;;;60
201400010570;14;4;19;245;5;2;1;1;6;69;25, DE LATTRE DE TASSIGN;;;;60
201400010571;14;4;19;1250;1;2;1;1;6;69;x, NAPOLEON (ROUTE);;;;60
201400010572;14;4;20;1855;1;2;1;1;7;69;x, MADELEINE;;;;60
201400010573;14;4;23;1445;1;2;1;1;6;69;x, CHENES (CHEMIN DES);;;;60
201400010574;14;4;25;1630;1;2;1;1;7;69;x, ORME (CHEMIN DE L');;;;60
201400010575;14;4;26;2345;5;2;1;1;6;69;63, RENOIR (AVENUE AUGUS;;;;60
201400010576;14;4;29;755;1;2;1;1;1;69;x, CASTORS (CHEMIN DES);;;;60
201400010577;14;4;30;1935;2;2;1;1;3;69;x, MARCEL PAGNOL (AVENUE;;;;60
201400010578;14;5;1;2105;5;2;1;1;7;69;x, BAUDOIN (AVENUE YVES;;;;60
201400010579;14;5;2;840;1;2;1;1;6;69;20, LECLERC (BOULEVARD D;;;;60
201400010580;14;5;7;934;1;2;1;1;3;69;12, PAOUTE (ROUTE ET TRA;;;;60
201400010581;14;5;7;1240;1;2;1;1;3;69;x, SAINT EXUPERY (AVENUE;;;;60
201400010582;14;5;7;1540;1;2;1;1;6;69;20, SAINTE LORETTE (AVEN;;;;60
201400010583;14;5;7;1600;1;2;1;1;3;69;72, ROUQUIER (BOULEVARD;;;;60
201400010584;14;5;9;735;1;2;1;7;6;69;9, MISTRAL (AVENUE ET PL;;;;60
201400010585;14;5;14;1725;1;2;1;1;1;69;6, avenue du 11 novembre;;;;60
201400010586;14;5;14;1930;2;2;3;1;5;69;x, PAOUTE (ROUTE ET TRAV;;;;60
201400010587;14;5;14;2040;1;2;1;1;1;69;x, SEMARD (AVENUE PIERRE;;;;60
201400010588;14;5;16;810;1;2;1;1;6;69;7, SEMARD (AVENUE PIERRE;;;;60
201400010589;14;5;16;955;1;2;1;1;7;69;102, DRAGUIGNAN (ROUTE D;;;;60
201400010590;14;5;16;955;1;2;1;1;5;69;102, DRAGUIGNAN (ROUTE D;;;;60
201400010591;14;5;17;1615;1;2;1;7;3;69;x, CLAVARY (CHEMIN DE);;;;60
201400010592;14;5;19;910;1;2;1;1;5;69;FRAGONARD (BOULEVARD ET;;;;60
201400010593;14;5;20;1200;1;2;1;1;3;69;x, ORME (CHEMIN DE L');;;;60
201400010594;14;5;21;1815;1;2;1;1;2;69;37, SEMARD (AVENUE PIERR;;;;60
201400010595;14;5;23;440;3;2;1;1;1;69;102, DRAGUIGNAN (ROUTE D;;;;60
201400010596;14;5;23;1515;1;2;1;1;2;69;28, CANNES (ROUTE DE)  -;;;;60
201400010597;14;5;25;1220;1;2;1;1;2;69;194, RENOIR (AVENUE AUGU;;;;60
201400010598;14;5;26;1910;1;2;1;1;3;69;45, VICTOR HUGO  (BD);;;;60
201400010599;14;5;27;1215;1;2;1;1;3;69;5, CAUVIN (AVENUE LOUIS);;;;60
201400010600;14;5;28;1015;1;2;1;1;4;69;75, LIBERATION (AVENUE D;;;;60
201400010601;14;5;28;1610;1;2;1;1;7;69;x, JEU DE BALLON (BOULEV;;;;60
201400010602;14;5;28;1940;1;2;1;1;2;69;CANNES (ROUTE DE)   R;;;;60
201400010603;14;5;29;1705;1;2;1;1;7;69;10, PILON DE SAINT VALLI;;;;60
201400010604;14;5;30;1710;1;2;1;1;3;69;32, CHIRIS (AVENUE, IMPA;;;;60
201400010605;14;5;31;1200;1;2;1;1;3;69;x, BAUDOIN (AVENUE YVES;;;;60
201400010606;14;6;2;900;1;2;1;1;2;69;x, LECLERC (BOULEVARD DU;;;;60
201400010607;14;6;3;1135;1;2;1;1;6;69;2, SEMARD (AVENUE PIERRE;;;;60
201400010608;14;6;3;1525;1;2;1;1;7;69;40, CANNES (ROUTE DE);;;;60
201400010609;14;6;4;2005;1;2;1;1;6;69;14, SAINTE LORETTE (AVEN;;;;60
201400010610;14;6;5;1005;1;2;1;1;3;69;x, SAINT EXUPERY (AVENUE;;;;60
201400010611;14;6;5;1735;1;2;1;1;7;69;34, BAUDOIN (AVENUE YVES;;;;60
201400010612;14;6;6;2020;1;2;1;1;2;69;1, DE LATTRE DE TASSIGNY;;;;60
201400010613;14;6;8;1310;1;2;1;1;2;69;83, RENOIR (AVENUE AUGUS;;;;60
201400010614;14;6;10;1820;1;2;1;1;6;69;x, MARIGARDE (ROUTE DE L;;;;60
201400010615;14;6;12;1330;1;2;1;1;6;69;103, LIBERATION (AVENUE;;;;60
201400010616;14;6;12;1350;1;2;1;1;2;69;47, MARIGARDE (ROUTE DE;;;;60
201400010617;14;6;13;1505;1;2;1;1;3;69;86, ROUQUIER (BOULEVARD;;;;60
201400010618;14;6;16;1800;1;2;1;1;3;69;X, SIDI BRAHIM (AVENUE);;;;60
201400010619;14;6;17;930;1;2;1;1;2;69;x, RENOIR (AVENUE AUGUST;;;;60
201400010620;14;6;19;720;1;2;1;1;1;69;102, DRAGUIGNAN (ROUTE D;;;;60
201400010621;14;6;18;1815;1;2;1;1;5;69;19, DUVAL (AVENUE MATHIA;;;;60
201400010622;14;6;20;1920;1;2;1;1;7;69;33, VICTOR HUGO  (BD);;;;60
201400010623;14;6;21;2240;5;1;1;1;7;69;144, CANNES (ROUTE DE);;;;60
201400010624;14;6;23;710;1;2;1;1;7;69;x, ZILLER (AVENUE PIERRE;;;;60
201400010625;14;6;23;1555;1;2;1;1;3;69;X, PLAN (ROUTE DU) -D304;;;;60
201400010626;14;6;24;1300;1;2;1;1;6;69;65, PLAN (ROUTE DU) -D30;;;;60
201400010627;14;6;26;1310;1;2;1;1;6;69;2, DE GAULLE (AVENUE DU;;;;60
201400010628;14;6;26;1645;1;2;1;1;6;69;8, PAOUTE (ROUTE ET TRAV;;;;60
201400010629;14;6;27;1350;1;2;6;1;7;69;4, PAOUTE (ROUTE ET TRAV;;;;60
201400010630;14;6;29;1115;1;2;1;1;1;69;177, LIONS (AVENUE HONOR;;;;60
201400010631;14;7;1;1825;1;2;1;1;6;69;27, DUVAL (AVENUE MATHIA;;;;60
201400010632;14;7;4;2345;5;2;1;1;6;69;174, SAINT EXUPERY (AVEN;;;;60
201400010633;14;7;6;145;5;2;1;1;7;69;102, DRAGUIGNAN (ROUTE D;;;;60
201400010634;14;7;6;1150;1;2;1;1;7;69;x, VINGT QUATRE AOUT - P;;;;60
201400010635;14;7;8;2035;2;2;1;1;6;69;x, CHENES (CHEMIN DES);;;;60
201400010636;14;7;11;1215;1;2;1;1;6;69;x, MARIGARDE (ROUTE DE L;;;;60