num_acc;an;mois;jour;hrmn;lum;agg;int;atm;col;com;adr;gps;lat;long;dep
201400010637;14;7;14;945;1;2;1;1;6;69;25, THIERS (AVENUE);;;;60
201400010638;14;7;14;1640;1;2;1;1;1;69;23, MISTRAL (AVENUE ET P;;;;60
201400010639;14;7;15;1855;1;2;1;1;2;69;9, MISTRAL (AVENUE ET PL;;;;60
201400010640;14;7;16;1040;1;2;1;1;3;69;X, ROURE DE LA GACHE (CH;;;;60
201400010641;14;7;17;810;1;2;1;1;1;69;129, CANNES (ROUTE DE);;;;60
201400010642;14;7;20;1825;1;2;3;1;3;69;40, PAOUTE (ROUTE ET TRA;;;;60
201400010643;14;7;25;1740;1;2;1;1;7;69;X, SAINT EXUPERY (AVENUE;;;;60
201400010644;14;7;26;1720;1;2;1;1;7;69;X, THIERS (AVENUE);;;;60
201400010645;14;7;27;1050;1;2;1;1;3;69;115 bis, CANNES (ROUTE D;;;;60
201400010646;14;7;28;1150;1;2;1;1;3;69;34, CROIX (CHEMIN DE LA);;;;60
201400010647;14;8;2;1450;1;2;1;1;1;69;36, SAINTE MARGUERITE (C;;;;60
201400010648;14;8;2;1910;1;2;1;1;3;69;X, CARNOT (BOULEVARD ET;;;;60
201400010649;14;8;5;1900;1;2;1;1;7;69;X, GAMBETTA (BOULEVARD E;;;;60
201400010650;14;8;8;1750;1;2;1;1;7;69;50, PAOUTE (ROUTE ET TRA;;;;60
201400010651;14;8;11;100;5;2;1;1;6;69;2, ORME (CHEMIN DE L');;;;60
201400010652;14;8;12;1400;1;2;1;1;3;69;61, DRAGUIGNAN (ROUTE DE;;;;60
201400010653;14;8;12;1830;1;2;1;1;7;69;28, POMPIDOU (AVENUE GEO;;;;60
201400010654;14;8;14;720;1;2;1;1;2;69;1, DE LATTRE DE TASSIGNY;;;;60
201400010655;14;8;17;1745;1;2;1;1;7;69;X, PEYLOUBET (CHEMIN DU);;;;60
201400010656;14;8;18;1900;1;2;1;1;7;69;66, MARIGARDE (ROUTE DE;;;;60
201400010657;14;8;19;2300;5;2;1;1;7;69;159, CLEMENCEAU (BOULEVA;;;;60
201400010658;14;8;23;1940;1;2;1;1;6;69;X, BUANDERIE (PLACE DE L;;;;60
201400010659;14;8;25;1025;1;2;1;1;2;69;17, DE LATTRE DE TASSIGN;;;;60
201400010660;14;8;25;2155;2;2;1;1;2;69;7, JEAN XXIII (AVENUE);;;;60
201400010661;14;8;30;1200;1;2;1;1;6;69;32, DUVAL (AVENUE MATHIA;;;;60
201400010662;14;8;31;1605;1;2;1;1;1;69;6, SAINT JOSEPH (CHEMIN;;;;60
201400010663;14;8;31;1605;1;2;6;1;3;69;x, MARIGARDE (ROUTE DE L;;;;60
201400010664;14;8;31;2115;2;2;1;1;3;69;X, ROUQUIER (BOULEVARD E;;;;60
201400010665;14;9;1;1845;1;2;1;1;6;69;2, DE LATTRE DE TASSIGNY;;;;60
201400010666;14;9;2;1330;1;2;1;1;6;69;X, DE GAULLE (AVENUE DU;;;;60
201400010667;14;9;3;1330;1;2;1;1;7;69;x, CAPUCINS (CHEMIN ET I;;;;60
201400010668;14;9;4;1625;1;2;1;1;3;69;X, PAGNOL (BOULEVARD MAR;;;;60
201400010669;14;9;5;2140;2;2;1;1;7;69;151, NAPOLEON (ROUTE);;;;60
201400010670;14;9;7;1720;1;2;1;1;1;69;59, CABRIS (ROUTE DE);;;;60
201400010671;14;9;5;1705;1;2;1;1;6;69;X, VICTOIRE DU HUIT MAI;;;;60
201400010672;14;9;10;1310;1;2;1;1;6;69;20, GRAND CHENE (CHEMIN;;;;60
201400010673;14;9;10;1330;1;2;1;1;7;69;x, SAINT MATHIEU (ROUTE;;;;60
201400010674;14;9;10;1655;1;2;1;1;6;69;X, PASTEUR (BOULEVARD);;;;60
201400010675;14;9;13;1000;1;2;1;1;1;69;x, PANOUCHE (CHEMIN DE L;;;;60
201400010676;14;9;15;1450;1;2;1;2;7;69;34, PASTEUR (PLACE LOUIS;;;;60
201400010677;14;9;15;1710;1;2;1;3;6;69;112, PASTEUR (BOULEVARD);;;;60
201400010678;14;9;15;1725;1;2;1;2;7;69;50, CANNES (ROUTE DE);;;;60
201400010679;14;9;19;820;1;2;1;1;3;69;24, ROUQUIER (BOULEVARD;;;;60
201400010680;14;9;21;1320;1;2;1;1;7;69;329, SAINT MATHIEU (ROUT;;;;60
201400010681;14;9;19;1900;3;2;1;1;5;69;P?n?trante;;;;60
201400010682;14;9;19;1815;1;2;1;1;1;69;43, CHEVREFEUILLES (CHEM;;;;60
201400010683;14;9;23;2100;5;2;1;1;6;69;110, SAINT MATHIEU (ROUT;;;;60
201400010684;14;9;24;1815;1;2;1;1;2;69;267, CANNES (ROUTE DE);;;;60
201400010685;14;9;24;1500;1;2;1;1;3;69;159, PLAN (ROUTE DU) -D3;;;;60
201400010686;14;9;25;1305;1;2;3;1;3;69;x, CARNOT (BOULEVARD ET;;;;60
201400010687;14;9;26;957;1;2;1;1;7;69;21, LIBERATION (AVENUE D;;;;60
201400010688;14;9;27;1940;5;2;1;1;7;69;124, PLAN (ROUTE DU) -D3;;;;60
201400010689;14;9;30;1628;1;2;1;3;1;69;61, DRAGUIGNAN (ROUTE DE;;;;60
201400010690;14;10;1;815;1;2;1;1;2;69;x, SAINT EXUPERY (AVENUE;;;;60
201400010691;14;10;2;800;1;2;1;1;3;69;CANNES (ROUTE DE)  -RD 6;;;;60
201400010692;14;10;3;1442;1;2;1;1;6;69;29, PLAN (ROUTE DU) -D30;;;;60
201400010693;14;10;4;1530;1;1;1;1;1;69;NC, NAPOLEON (ROUTE);;;;60
201400010694;14;10;5;1500;1;2;1;3;6;69;14, HAUTES RIBES (CHEMIN;;;;60
201400010695;14;10;6;1350;1;2;1;1;7;69;VINGT QUATRE AOUT (PLACE;;;;60
201400010696;14;10;6;1750;2;2;3;2;3;69;X, CARNOT (BOULEVARD ET;;;;60
201400010697;14;10;7;1140;1;2;1;2;6;69;88, DRAGUIGNAN (ROUTE DE;;;;60
201400010698;14;10;7;1720;1;2;1;1;3;69;199, RENOIR (AVENUE AUGU;;;;60
201400010699;14;10;8;805;1;2;1;2;7;69;12, CARRIERES (RUE ET CH;;;;60
201400010700;14;10;8;1640;1;2;1;1;6;69;57, CANNES (ROUTE DE)  -;;;;60
201400010701;14;10;10;1640;1;1;1;1;3;69;23, RENOIR (AVENUE AUGUS;;;;60
201400010702;14;10;11;900;1;2;1;8;6;69;127, PLAN (ROUTE DU) -D3;;;;60
201400010703;14;10;13;1050;1;2;1;2;2;69;2, DE LATTRE DE TASSIGNY;;;;60
201400010704;14;10;13;1150;1;2;1;2;7;69;122, CANNES (ROUTE DE);;;;60
201400010705;14;10;18;930;1;1;1;1;7;69;81, DUNANT (AVENUE HENRI;;;;60
201400010706;14;10;18;1800;1;2;1;1;3;69;96, ORME (CHEMIN DE L');;;;60
201400010707;14;10;19;815;1;2;1;1;3;69;x, SIDI BRAHIM (AVENUE);;;;60
201400010708;14;10;20;1310;1;2;1;1;1;69;123, SAINT MARC (CHEMIN);;;;60
201400010709;14;10;21;1420;1;2;1;1;7;69;x, GAMBETTA (BOULEVARD E;;;;60
201400010710;14;10;21;1410;1;2;1;1;7;69;x, RIOU BLANQUET (TRAVER;;;;60
201400010711;14;10;28;1520;1;2;1;1;3;69;129, PEGOMAS (ROUTE DE);;;;60
201400010712;14;10;26;1455;1;2;1;1;2;69;9, SEMARD (AVENUE PIERRE;;;;60
201400010713;14;10;27;1600;1;2;1;8;1;69;151, ROUQUIER (BOULEVARD;;;;60
201400010714;14;10;30;2056;5;2;1;1;3;69;12, CARNOT (BOULEVARD ET;;;;60
201400010715;14;10;31;210;5;2;1;1;7;69;1, VICTORIA (AVENUE ET T;;;;60
201400010716;14;10;31;1730;5;2;2;1;3;69;X, SAINT EXUPERY (AVENUE;;;;60
201400010717;14;11;3;735;1;2;3;8;1;69;89, ROUQUIER (BOULEVARD;;;;60
201400010718;14;11;3;1400;1;1;1;8;7;69;1, NAPOLEON (ROUTE);;;;60
201400010719;14;11;4;750;1;2;1;3;2;69;17, DE LATTRE DE TASSIGN;;;;60
201400010720;14;11;5;1255;1;2;1;2;1;69;ROURE DE LA GACHE (CHEMI;;;;60
201400010721;14;11;5;1540;1;2;1;1;3;69;PAGNOL (BOULEVARD MARCEL;;;;60
201400010722;14;11;8;2030;4;2;1;1;3;69;133, ROUQUIER (BOULEVARD;;;;60
201400010723;14;11;12;1710;3;2;1;2;5;69;283, CANNES (ROUTE DE);;;;60
201400010724;14;11;14;750;1;2;1;1;4;69;7, CHEVREFEUILLES (CHEMI;;;;60
201400010725;14;11;19;1650;2;2;6;1;2;69;x, Sortie p?n?trante Gra;;;;60
201400010726;14;11;22;1925;5;2;1;1;3;69;x, PAGNOL (BOULEVARD MAR;;;;60
201400010727;14;11;23;500;5;2;1;1;7;69;143, SAINT LAURENT (AVEN;;;;60
201400010728;14;11;24;1530;1;2;1;1;2;69;275, CANNES (ROUTE DE);;;;60
201400010729;14;11;26;1220;1;2;1;8;6;69;75, LIBERATION (AVENUE D;;;;60
201400010730;14;11;27;405;5;2;1;1;6;69;X, PEGOMAS (ROUTE DE);;;;60
201400010731;14;11;27;915;1;2;2;8;2;69;X, DRAGUIGNAN (ROUTE DE);;;;60
201400010732;14;11;28;1050;1;1;1;2;7;69;113, PASTEUR (BOULEVARD);;;;60
201400010733;14;11;28;1510;1;2;1;1;3;69;SAINT EXUPERY (AVENUE AN;;;;60
201400010734;14;11;28;1900;5;2;1;1;3;69;115 bis, CANNES (ROUTE D;;;;60
201400010735;14;11;29;1510;1;2;1;1;1;69;130, BASTIDE (AVENUE DE;;;;60
201400010736;14;11;30;420;5;2;1;2;6;69;216, DRAGUIGNAN (ROUTE D;;;;60
201400010737;14;12;3;1040;1;2;1;1;2;69;4, avenue du 11 novembre;;;;60
201400010738;14;12;5;1750;5;2;1;1;1;69;x, CANNES (ROUTE DE)  -R;;;;60
201400010739;14;12;6;1600;1;2;1;2;5;69;17, CROUET (BOULEVARD JA;;;;60
201400010740;14;12;11;1650;3;1;1;1;2;69;x, P?n?trante;;;;60
201400010741;14;12;12;845;1;2;1;1;2;69;18, ONZE NOVEMBRE (RUE D;;;;60
201400010742;14;12;13;1100;1;2;4;1;1;69;3, CROISSET (AVENUE FR.;;;;60
201400010743;14;12;13;1555;1;2;1;1;6;69;DRAGUIGNAN (ROUTE DE) -;;;;60
201400010744;14;12;14;1500;1;1;1;8;7;69;1, NAPOLEON (ROUTE);;;;60
201400010745;14;12;13;1030;1;2;1;1;7;69;X, PLAN (ROUTE DU) -D304;;;;60
201400010746;14;12;18;1546;1;2;1;1;7;69;x, JUIN (BOULEVARD DU MA;;;;60
201400010747;14;12;22;1030;1;2;1;7;6;69;34, PASTEUR (BOULEVARD);;;;60
201400010748;14;12;24;1919;5;2;1;1;1;69;47, ROUQUIER (BOULEVARD;;;;60
201400010749;14;12;25;1030;1;2;1;1;7;69;31, VALBONNE (ROUTE);;;;60
201400010750;14;12;26;1855;5;1;1;1;7;69;254, CANNES (ROUTE DE);;;;60
201400010751;14;12;30;1215;1;2;1;1;1;69;PLASCASSIER - LE ROURE D;;;;60
201400010752;14;1;11;2253;3;2;1;1;7;12;CREMAILLERE (RUE DE LA);;;;60
201400010753;14;1;12;1240;1;2;1;1;1;104;25, FRANCE (AVENUE DE);;;;60
201400010754;14;1;16;655;5;2;3;2;3;12;CORNICHE (MOYENNE, N? 1;;;;60
201400010755;14;1;15;2015;5;2;3;1;1;83;960, SOLEIL (PROMENADE D;;;;60
201400010756;14;1;20;1200;1;1;1;1;2;83;SOSPEL (ROUTE DE );;;;60
201400010757;14;1;25;5;5;1;1;1;1;104;40, JAURES (AVENUE JEAN);;;;60
201400010758;14;2;4;1610;1;2;1;3;6;83;7 bis, DE GAULLE (AVENUE;;;;60
201400010759;14;2;21;1545;1;2;1;1;3;83;11, GARAVAN (BOULEVARD,;;;;60
201400010760;14;6;23;1505;1;2;1;1;6;12;11, DE GAULLE (BOULEVARD;;;;60
201400010761;14;3;7;950;1;2;3;1;3;12;1, PRINCE RAINIER III (A;;;;60
201400010762;14;3;25;2115;5;2;3;2;3;83;DELATTRE DE TASSIGNY (AL;;;;60
201400010763;14;3;28;1200;1;2;1;1;6;83;922, SAINT ROMAN (AVENUE;;;;60
201400010764;14;4;2;2024;2;2;1;1;2;104;80, JAURES (AVENUE JEAN);;;;60
201400010765;14;4;9;1735;1;2;1;1;2;104;192, VERDUN (AVENUE DE,;;;;60
201400010766;14;4;14;1840;1;2;1;1;2;83;FRANCE (AVENUE PORTE DE,;;;;60
201400010767;14;4;17;830;1;2;6;1;3;104;1, MASSOLIN (ROND POINT);;;;60
201400010768;14;4;21;1720;1;1;1;1;6;104;17, FRANCE (AVENUE DE);;;;60
201400010769;14;4;25;1835;1;2;7;1;6;12;RAYNAL (PLACE DU COMMAND;;;;60
201400010770;14;4;26;1615;1;2;1;1;3;83;1640, SOLEIL (PROMENADE;;;;60
201400010771;14;4;22;900;1;2;1;8;3;83;8, MADONE (AVENUE DE LA);;;;60
201400010772;14;5;3;1335;1;2;3;1;3;12;CORNICHE (MOYENNE, N? 20;;;;60
201400010773;14;3;28;1900;5;2;1;1;5;83;109, SOSPEL (ROUTE DE );;;;60
201400010774;14;5;9;1550;1;2;1;1;2;83;21, ASTRID (PROMENADE RE;;;;60
201400010775;14;5;14;1900;1;2;1;1;6;83;2, SCRITTA (RUE PIETRA);;;;60
201400010776;14;5;20;2020;2;2;1;1;3;104;33, DOUMER (AVENUE PAUL);;;;60
201400010777;14;5;21;1300;1;1;3;1;3;104;1030, SERRET (AVENUE DU);;;;60
201400010778;14;5;24;1245;1;2;1;1;7;83;STADE (ALLEE DU);;;;60
201400010779;14;4;10;840;1;2;1;1;6;104;1, AGAVES (AVENUE DES);;;;60
201400010780;14;5;31;1510;1;1;1;2;7;104;1000, TURBIE (ROUTE DE L;;;;60
201400010781;14;5;13;915;1;2;3;1;3;104;1, HANOTEAUX (AVENUE GAB;;;;60
201400010782;14;6;3;1300;1;2;4;1;1;83;130, CASTELLAR (ROUTE DE;;;;60
201400010783;14;6;3;1950;1;2;9;1;3;83;1, SOLEIL (PROMENADE DU,;;;;60
201400010784;14;6;7;1810;1;2;1;1;3;83;91, CASTELLAR (ROUTE DE);;;;60
201400010785;14;5;28;1840;1;2;1;1;1;83;2, CASTAGNINS (ROUTE DES;;;;60
201400010786;14;6;8;750;1;2;3;1;5;83;SOLEIL (PROMENADE DU, N?;;;;60
201400010787;14;6;14;920;1;2;3;1;6;83;PASTEUR (RUE);;;;60
201400010788;14;5;30;1530;1;2;1;1;6;83;459, CENTENAIRE (COURS D;;;;60
201400010789;14;7;1;2014;1;2;3;1;3;83;CARNOT (AVENUE);;;;60
201400010790;14;7;5;745;1;2;1;1;5;104;194, VERDUN (AVENUE DE,;;;;60
201400010791;14;7;2;1815;1;2;1;1;2;104;14, VOYAGE (AVENUE NOTRE;;;;60
201400010792;14;7;24;2207;3;1;1;1;1;83;CIAPPES (ROUTES DES, N?;;;;60
201400010793;14;8;2;2310;5;2;9;1;6;83;30, DE GAULLE (AVENUE GE;;;;60
201400010794;14;9;11;2045;5;2;1;1;6;12;34, REPUBLIQUE (BOULEVAR;;;;60
201400010795;14;8;7;20;5;2;1;1;5;83;368, SOLEIL (PROMENADE D;;;;60
201400010796;14;7;15;1940;1;2;1;1;6;83;97, SOSPEL (AVENUE DE, N;;;;60
201400010797;14;8;23;1930;1;2;1;1;6;104;MAUROIS (RUE ANDRE);;;;60
201400010798;14;8;25;1825;1;2;2;1;3;104;1551, TURBIE (ROUTE DE L;;;;60
201400010799;14;8;29;820;1;2;1;1;5;104;145, VERDUN (AVENUE DE,;;;;60
201400010800;14;9;5;35;5;2;1;1;6;104;KENNEDY (AVENUE PRESIDEN;;;;60
201400010801;14;8;2;1800;1;2;1;1;6;104;GRACE (AVENUE PRINCESSE);;;;60
201400010802;14;9;23;1743;1;2;1;1;3;83;30, DE GAULLE (AVENUE GE;;;;60
201400010803;14;10;1;1445;1;2;1;1;1;104;922, PEGLION (RUE ANTOIN;;;;60
201400010804;14;9;30;1645;1;2;1;3;7;104;87, AZUR (AVENUE DE LA C;;;;60
201400010805;14;9;27;905;1;2;1;1;6;104;11, HUGO (RUE VICTOR);;;;60
201400010806;14;10;3;736;2;2;9;1;1;104;63, SCHUMANN (PROMENADE;;;;60
201400010807;14;10;9;1530;1;2;1;1;3;104;100, JAURES (AVENUE JEAN;;;;60
201400010808;14;10;2;2110;5;2;3;1;6;83;1360, MER (PROMENADE DE;;;;60
201400010809;14;10;12;1530;1;2;3;1;3;83;47, SOSPEL (AVENUE DE, N;;;;60
201400010810;14;10;18;1435;1;2;3;1;2;104;JAURES (AVENUE JEAN);;;;60
201400010811;14;10;24;1550;1;1;4;1;5;83;SOSPEL (ROUTE DE );;;;60
201400010812;14;10;6;755;1;2;1;1;1;104;9 bis, VILLAREM (AVENUE);;;;60
201400010813;14;11;7;1720;5;2;1;1;3;104;167, PASTEUR (AVENUE, N?;;;;60
201400010814;14;11;13;1915;5;2;1;1;5;104;126, AZUR (AVENUE DE LA;;;;60
201400010815;14;11;26;310;5;2;1;9;6;104;KENNEDY (AVENUE PRESIDEN;;;;60
201400010816;14;11;21;700;1;2;1;1;1;104;2, KENNEDY (AVENUE PRESI;;;;60
201400010817;14;12;8;2250;3;1;4;1;6;83;SOSPEL (AVENUE DE, N? 57;;;;60
201400010818;14;12;10;2050;5;2;1;1;3;83;22, LECLERC (PROMENADE M;;;;60
201400010819;14;12;13;18;5;2;1;1;3;104;33, JAURES (AVENUE JEAN);;;;60
201400010820;14;7;7;2055;2;2;3;1;3;83;0, MARNE (RUE DE LA);;;;60
201400010821;14;9;19;840;1;2;1;1;3;83;95, CASTAGNINS (ROUTE DE;;;;60
201400010822;14;1;1;2245;5;2;2;3;3;88;0, LEPANTE (R. DE);;;;60
201400010823;14;1;3;1640;1;2;1;1;3;88;0, CALIFORNIE (AV.) (JUS;;;;60
201400010824;14;1;3;2159;5;2;1;1;6;88;0, VOIE RAPIDE;;;;60
201400010825;14;1;5;400;5;2;1;2;4;88;267, ANGLAIS (DU N? 265;;;;60
201400010826;14;1;6;820;1;2;1;1;6;88;0, BARBERIS (RUE);;;;60
201400010827;14;1;6;1330;1;2;1;1;2;88;2, RAIBERTI (R.);;;;60
201400010828;14;1;7;1155;1;2;1;1;2;88;95, ANGLAIS (A PARTIR DU;;;;60
201400010829;14;1;7;1830;1;2;1;1;3;88;0, CIMIEZ (BD) A PARTIR;;;;60
201400010830;14;1;7;1910;5;2;1;1;3;88;0, QUAI LUNEL;;;;60
201400010831;14;1;8;1810;5;2;1;1;3;88;VOIE RAPIDE;;;;60
201400010832;14;1;8;2000;5;2;1;1;6;88;0, PENETRANTE DU PAILLON;;;;60
201400010833;14;1;9;1340;1;1;1;1;4;88;0, POMPIDOU (BD GEORGES);;;;60
201400010834;14;1;9;1645;1;2;1;1;2;88;0, LYAUTEY (AV. DU MAL);;;;60
201400010835;14;1;9;1730;5;2;1;1;6;88;0, GARNERAY (R. LOUIS);;;;60
201400010836;14;1;10;1145;1;2;1;1;2;88;245, ANGLAIS (DU N? 114;;;;60
201400010837;14;1;10;1500;1;2;1;1;6;88;29, CIMIEZ (BD) A PARTIR;;;;60
201400010838;14;1;10;1740;1;2;6;1;3;88;4, VEROLA (AV. AUGUSTE);;;;60
201400010839;14;1;13;745;2;2;1;1;2;88;69, PESSICART (JUSQU'AU;;;;60
201400010840;14;1;13;815;1;2;3;1;1;88;0, CASSIN (BD RENE);;;;60
201400010841;14;1;13;1300;1;2;1;1;3;88;0, CIMIEZ (BD) A PARTIR;;;;60
201400010842;14;1;13;1415;1;2;1;1;3;159;0, CAROUBIERS (AVENUE DE;;;;60
201400010843;14;1;13;1845;5;2;1;2;3;88;TURIN (RTE DE);;;;60
201400010844;14;1;14;910;1;2;1;1;6;88;1, JAURES (BD JEAN);;;;60
201400010845;14;1;14;1230;1;2;1;1;2;88;14, MALAUSSENA (AV.);;;;60
201400010846;14;1;15;1325;1;2;1;1;2;88;0, MATISSE (AV. HENRI);;;;60
201400010847;14;1;15;1420;1;2;1;1;4;88;0, VOIE RAPIDE;;;;60
201400010848;14;1;15;1600;1;2;1;1;5;88;0, NAPOLEON III (PONT);;;;60
201400010849;14;1;15;1638;1;2;1;1;3;88;0, TURIN (RTE DE);;;;60
201400010850;14;1;15;1855;5;2;1;1;6;88;2, GRIMALDI (PL.);M;4369777;726561;60
201400010851;14;1;16;1150;1;2;3;1;3;88;0, OLIVIERS (CORNICHE DE;;;;60
201400010852;14;1;16;1840;5;2;1;3;2;88;226, PESSICART (A PARTIR;;;;60
201400010853;14;1;17;500;5;1;1;3;6;88;0, MIN NICE ST AUGUSTIN;;;;60
201400010854;14;1;17;1742;5;2;1;3;6;88;2, CASSIN (BD RENE);;;;60
201400010855;14;1;17;2140;5;2;1;2;6;88;0, MADELEINE (BD DE LA);;;;60
201400010856;14;1;18;2245;5;2;2;3;6;88;0, BARBERIS (RUE);;;;60
201400010857;14;1;19;2020;5;2;1;1;6;88;0, TUNNEL DU PAILLON;;;;60
201400010858;14;1;20;1715;2;2;1;1;2;159;14, FRANCOIS FERRY (CHEM;;;;60
201400010859;14;1;21;1045;1;2;1;1;3;88;0, BESSET (AV.) (A PARTI;;;;60
201400010860;14;1;21;1620;1;2;1;1;4;88;0, ETATS UNIS (QUAI DES);;;;60
201400010861;14;1;22;1920;5;2;3;1;6;88;0, RAYNAUD (BD AUGUSTE);;;;60
201400010862;14;1;23;900;1;2;1;1;3;88;92, JOLY (CORNICHE ANDRE;;;;60
201400010863;14;1;24;945;1;2;1;1;5;88;0, STE MARGUERITE (AV.);;;;60
201400010864;14;1;24;2330;5;2;1;1;3;88;87, OBSERVATOIRE (R. PRI;;;;60
201400010865;14;1;25;535;5;2;1;1;6;88;0, PENETRANTE DU PAILLON;;;;60
201400010866;14;1;27;1900;5;2;1;1;6;88;34, VERANY (BD J.B.);;;;60
201400010867;14;1;28;840;1;2;1;1;6;88;0, SLAMA (RUE MAURICE);;;;60
201400010868;14;1;28;1610;1;2;1;1;3;88;8, PASTEUR (BD);;;;60
201400010869;14;1;29;800;1;2;1;2;7;88;106, FABRON (AV. DE) (A;;;;60
201400010870;14;1;29;1120;1;2;1;3;6;88;24, BEAUMONT (RUE);;;;60
201400010871;14;1;29;1145;1;2;1;3;1;88;0, CANTA GALET (RTE DE);;;;60
201400010872;14;1;29;1720;2;2;1;2;3;88;0, VOIE RAPIDE;;;;60
201400010873;14;1;30;840;1;2;1;3;6;88;46, ROASSAL (R. CLEMENT);;;;60
201400010874;14;2;1;1809;5;2;1;1;6;88;0, NAPOLEON III (PONT);;;;60
201400010875;14;2;1;2000;5;2;1;1;3;88;0, ARIANE (BD DE L');;;;60
201400010876;14;2;1;2200;4;2;1;1;6;88;JAURES (BD JEAN);;;;60
201400010877;14;2;2;440;5;2;1;2;3;88;27, ANGLAIS (DU N? 1 AU;;;;60
201400010878;14;2;4;910;1;2;1;3;6;88;0, BARLA (RUE);;;;60
201400010879;14;2;5;1800;5;2;2;1;6;88;0, JOFFRE (R. MARECHAL);M;4369677;725623;60
201400010880;14;2;7;1235;5;2;1;1;6;88;0, MONTEL (BD PAUL);;;;60
201400010881;14;2;7;2330;5;2;1;1;6;88;0, DESBOUTINS (RUE);;;;60
201400010882;14;2;8;1430;1;2;1;3;5;88;63, PESSICART (A PARTIR;;;;60
201400010883;14;2;9;110;5;2;4;1;1;88;0, COMBOUL (AV. RAYMOND);;;;60
201400010884;14;2;10;820;1;2;1;3;2;88;243, ANGLAIS (A PARTIR D;;;;60
201400010885;14;2;11;735;1;2;2;1;3;88;0, ARSON (RUE);;;;60
201400010886;14;2;11;900;1;2;1;1;4;88;179, ANGLAIS PLAGE (DU 1;;;;60
201400010887;14;2;11;2200;5;2;2;1;3;88;0, VERNIER (R.);;;;60
201400010888;14;2;13;5;5;2;1;1;3;88;158, GINESTIERE (CH. DE;;;;60
201400010889;14;2;14;800;1;2;2;1;3;88;0, FAURE (AV. FELIX);;;;60
201400010890;14;2;14;1400;1;2;1;1;2;88;0, ANGLAIS (DU N? 1 AU N;;;;60
201400010891;14;2;14;1555;1;2;1;1;3;88;0, FAURE (AV. FELIX);;;;60
201400010892;14;2;14;1945;5;2;1;1;7;88;0, SAINT-JEAN BAPTISTE (;;;;60
201400010893;14;2;14;2030;5;2;1;1;2;88;21, CARABACEL (BD);;;;60
201400010894;14;2;14;2115;5;2;1;1;3;88;71, PESSICART (JUSQU'AU;;;;60
201400010895;14;2;14;2225;5;2;1;1;6;88;0, ILE-DE-BEAUTE (PL. DE;;;;60
201400010896;14;2;17;1155;1;2;1;1;6;88;0, MIOLLIS (R.);;;;60
201400010897;14;2;17;1815;2;2;1;1;6;88;77, GROSSO (JUSQU'AU N?;;;;60
201400010898;14;2;17;2320;5;2;2;1;6;88;0, BUFFA (RUE DE LA);;;;60
201400010899;14;2;18;825;1;2;1;1;1;88;20, SAINT-JEAN D'ANGELY;;;;60
201400010900;14;2;18;830;1;2;1;1;6;88;38, ESTIENNE -D'ORVES (A;;;;60
201400010901;14;2;19;1005;1;2;1;1;6;88;0, BCA (RUE DU 22IEME);;;;60
201400010902;14;2;19;1515;1;2;1;1;6;88;243, CALIFORNIE (AV.) (A;;;;60
201400010903;14;2;19;1945;1;2;1;1;3;88;8, SAPPIA (AV. HENRI);;;;60
201400010904;14;2;20;825;1;2;3;1;3;88;0, PRAT (R. DU DR LOUIS);;;;60
201400010905;14;2;21;745;1;2;1;1;6;88;29, CESSOLE (BD DE) (JUS;;;;60
201400010906;14;2;21;1320;1;2;1;1;3;88;10, DUBOUCHAGE (BD);;;;60
201400010907;14;2;21;1;5;2;1;1;3;88;0, GRINDA (AV. EDOUARD);;;;60
201400010908;14;2;22;1520;1;2;2;1;6;88;0, SAINT-JEAN BAPTISTE (;;;;60
201400010909;14;2;22;1800;1;2;1;1;6;88;0, ROQUEBILLIERE (R. DE);;;;60
201400010910;14;2;22;2255;5;2;1;1;3;88;36, HUGO (BD VICTOR);;;;60
201400010911;14;2;23;1735;1;2;1;1;1;88;0, GROSSO (A PARTIR DU N;;;;60
201400010912;14;2;23;1930;5;2;1;1;3;88;0, LEPANTE (R. DE);;;;60
201400010913;14;2;24;1130;1;2;1;1;6;88;91, ANGLAIS PLAGE (DU 26;;;;60
201400010914;14;2;24;1720;1;2;1;1;2;88;114, GRENOBLE (ROUTE DE);;;;60
201400010915;14;2;24;1740;1;2;1;1;6;88;0, ANGLAIS (A PARTIR DU;;;;60
201400010916;14;2;24;210;5;2;1;1;6;88;06, PROVANA-DE-LEYNI (R.;;;;60
201400010917;14;2;25;1105;1;2;1;1;6;88;33, DEROULEDE (RUE PAUL);;;;60
201400010918;14;2;25;1540;1;2;1;1;6;88;58, PONCHETTES (R. DES);;;;60
201400010919;14;2;26;910;1;2;1;2;2;88;0, MEDECIN (PL. ALEXANDR;;;;60
201400010920;14;2;26;1145;1;2;1;1;6;159;655, LEOPOLD II (AVENUE);;;;60
201400010921;14;2;26;1850;5;2;1;2;6;159;1, ALBERT 1ER (AVENUE);;;;60
201400010922;14;2;27;820;1;2;1;1;2;88;0, CASSIN (BD RENE);;;;60
201400010923;14;2;27;1010;1;2;1;1;6;88;16, DELFINO (BD GENERAL);;;;60
201400010924;14;2;27;1900;5;2;3;1;3;88;0, BELLA VISTA (AV.);;;;60
201400010925;14;2;28;800;1;2;1;1;3;88;GARE DU SUD (PL. DE LA);;;;60
201400010926;14;2;28;950;1;2;1;1;2;88;21, JOLY (CORNICHE ANDRE;;;;60
201400010927;14;2;28;2115;1;2;1;3;6;88;0, LAMARTINE (R.);;;;60
201400010928;14;3;1;830;1;2;1;1;4;88;0, ANGLAIS (DU N? 265 AU;;;;60
201400010929;14;3;3;1245;1;2;1;2;6;88;15, SCOFFIER (R. EDOUARD;;;;60
201400010930;14;3;3;2131;5;2;1;1;6;88;0, ANGLAIS (A PARTIR DU;;;;60
201400010931;14;3;4;1645;1;2;1;1;3;88;6, PELLOS (R. FRANCOIS);;;;60
201400010932;14;3;5;1350;1;2;2;1;3;88;0, MIRABEAU (AV.);;;;60
201400010933;14;3;5;1830;1;2;3;1;5;88;0, FODERE (R. ET IMP.);M;4369919;728523;60
201400010934;14;3;5;1840;1;2;1;1;6;88;0, DUNOYER DE SEGONZAC (;;;;60
201400010935;14;3;6;840;1;2;1;1;6;88;57, MATISSE (AV. HENRI);M;4367487;721108;60
201400010936;14;3;6;1720;1;2;1;1;6;88;52, CALIFORNIE (AV.) (A;;;;60
201400010937;14;3;7;250;5;2;1;1;6;88;450, STE-MARGUERITE (AV.;;;;60
201400010938;14;3;7;720;1;2;1;1;3;88;42, BARBERIS (RUE);;;;60
201400010939;14;3;8;1010;1;2;4;1;1;88;0, FABRON (AV. DE) (JUSQ;;;;60
201400010940;14;3;8;2129;5;2;3;1;3;88;0, BRANCOLAR (AV.) (A PA;;;;60
201400010941;14;3;10;1450;1;2;1;1;6;88;114, CALIFORNIE (AV.) (J;;;;60
201400010942;14;3;10;1515;1;2;1;1;4;88;45, ANGLAIS (A PARTIR DU;;;;60
201400010943;14;3;11;1010;1;2;1;1;3;88;11, FLIREY (AV. DE);;;;60