num_acc;an;mois;jour;hrmn;lum;agg;int;atm;col;com;adr;gps;lat;long;dep
201400010944;14;3;12;1030;1;2;1;1;2;88;165, FRANCE (R. DE) DU N;;;;60
201400010945;14;3;13;845;1;2;1;1;5;88;0, PASTEUR (BD);;;;60
201400010946;14;3;14;1600;1;2;1;1;3;88;139, MADELEINE (BD DE LA;;;;60
201400010947;14;3;14;1910;5;2;1;1;1;88;74, DUFY (RUE RAOUL);;;;60
201400010948;14;3;15;900;1;2;3;1;3;88;0, ROQUEBILLIERE (R. DE);;;;60
201400010949;14;3;15;2007;5;2;1;1;3;88;88, TURIN (RTE DE);;;;60
201400010950;14;3;15;2040;5;2;2;1;3;88;0, SMOLETT (R.);;;;60
201400010951;14;3;16;425;5;2;1;1;6;88;0, LINDBERG (AV.);;;;60
201400010952;14;3;16;1900;1;2;6;1;3;88;0, ROQUEBILLIERE (R. DE);;;;60
201400010953;14;3;17;1450;1;2;1;1;2;88;0, GRENOBLE (ROUTE DE);;;;60
201400010954;14;3;17;1640;1;2;1;1;3;88;231, ANGLAIS (A PARTIR D;;;;60
201400010955;14;3;18;1430;1;2;2;1;3;88;0, GALLIENI (AV.);;;;60
201400010956;14;3;18;1930;1;2;1;1;5;88;100, CALIFORNIE (AV.) (D;;;;60
201400010957;14;3;19;1640;1;2;1;1;6;88;0, ARSON (RUE);;;;60
201400010958;14;3;20;1430;1;2;1;1;2;88;0, ARMEE DES ALPES (BD D;;;;60
201400010959;14;3;20;1525;1;2;1;1;2;88;0, CARABACEL (BD);;;;60
201400010960;14;3;21;820;1;2;1;1;6;88;0, ARSON (RUE);;;;60
201400010961;14;3;21;1210;1;2;1;1;2;88;0, ANGLAIS (A PARTIR DU;;;;60
201400010962;14;3;21;1445;1;2;1;1;2;88;113, ANGLAIS (A PARTIR D;M;4369077;724564;60
201400010963;14;3;21;1630;1;2;1;1;6;88;23, ARMEE DES ALPES (BD;;;;60
201400010964;14;3;21;1640;1;2;1;1;3;88;29 -33, GRACE DE MONACO;;;;60
201400010965;14;3;23;1810;2;2;1;1;6;88;13, CARLONE (BD);;;;60
201400010966;14;3;21;2320;5;2;2;1;3;88;0, SMOLETT (R.);;;;60
201400010967;14;3;22;1400;1;2;1;3;3;88;68, SAINT-PIERRE DE FERI;;;;60
201400010968;14;3;22;2245;5;2;2;1;3;88;ROQUEBILLIERE (R. DE);;;;60
201400010969;14;3;23;915;1;2;1;1;6;88;0, FALICON (BD COMTE DE);;;;60
201400010970;14;3;23;1540;1;2;1;1;1;88;92, ESTIENNE -D'ORVES (A;;;;60
201400010971;14;3;23;1800;1;2;1;1;6;88;142, ARIANE (BD DE L');M;4373665;730595;60
201400010972;14;3;23;1845;2;2;1;1;6;88;66, BAUMETTES (AV. DES);;;;60
201400010973;14;3;23;2111;5;2;1;1;6;88;VEILLON (R.);;;;60
201400010974;14;3;24;830;1;2;1;1;6;88;27, BARLA (RUE);;;;60
201400010975;14;3;25;720;1;2;1;1;3;88;66, CIMIEZ (BD) A PARTIR;;;;60
201400010976;14;3;26;1130;1;2;1;1;3;88;140, TURIN (RTE DE);;;;60
201400010977;14;3;27;1801;1;2;3;1;3;88;0, FALICON (BD COMTE DE);;;;60
201400010978;14;3;28;755;1;2;1;1;6;88;26, SAPPIA (AV. HENRI);;;;60
201400010979;14;3;28;840;1;2;1;1;6;88;0, TURIN (RTE DE);;;;60
201400010980;14;3;28;1300;1;2;1;1;2;88;306, GRENOBLE (ROUTE DE);;;;60
201400010981;14;3;28;1700;1;2;3;1;3;88;0, PASTEUR (BD);;;;60
201400010982;14;3;28;1710;1;2;1;1;2;88;0, SAINT-JEAN BAPTISTE (;;;;60
201400010983;14;3;29;1400;1;2;3;1;3;88;0, FANNY (AV.);;;;60
201400010984;14;3;29;1535;1;2;1;1;3;88;64, CAP DE CROIX (AV. ET;;;;60
201400010985;14;3;29;1540;1;2;2;1;3;88;0, BAREL (BD VIRGILE);;;;60
201400010986;14;3;30;1400;1;2;1;1;6;88;MONTEL (BD PAUL);;;;60
201400010987;14;3;30;2050;5;2;1;1;6;88;RD 6202;;;;60
201400010988;14;3;31;1750;1;2;1;1;6;88;0, HOTEL DES POSTES (R.);;;;60
201400010989;14;3;31;1820;1;2;2;1;3;88;0, BOSQUETS (AV. DES);;;;60
201400010990;14;4;1;45;5;2;1;1;3;88;1, ANGLAIS (DU N? 1 AU N;;;;60
201400010991;14;4;1;1300;1;2;1;1;4;88;14, ARSON (RUE);;;;60
201400010992;14;4;1;1400;1;2;1;1;4;88;0, CORNIGLION MOLINIER (;;;;60
201400010993;14;4;2;255;5;2;1;1;7;88;0, CIMIEZ (BD) A PARTIR;;;;60
201400010994;14;4;2;1000;1;2;1;1;6;88;2, FAURE (AV. FELIX);;;;60
201400010995;14;4;3;745;1;2;4;1;3;159;20, MARECHAL FOCH (AVENU;;;;60
201400010996;14;4;3;820;1;2;3;1;3;88;0, SAINT-SYLVESTRE (AV.;;;;60
201400010997;14;4;3;1730;1;2;1;1;5;88;0, PENETRANTE DU PAILLON;;;;60
201400010998;14;4;3;1915;1;2;1;1;6;88;84, GAMBETTA (A PARTIR D;;;;60
201400010999;14;4;4;1145;1;2;1;1;6;88;68, DURANDY (AV. JOSEPH);;;;60
201400011000;14;4;4;1700;1;2;1;1;6;88;0, ANGLAIS (A PARTIR DU;;;;60
201400011001;14;4;4;1915;1;2;1;1;6;88;19, BRAILLE (BD LOUIS);;;;60
201400011002;14;4;5;850;1;2;1;1;6;88;183, MADELEINE (BD DE LA;;;;60
201400011003;14;4;5;1125;1;2;1;1;6;88;13, REPUBLIQUE (AV. DE L;;;;60
201400011004;14;4;5;1730;1;2;1;1;5;88;340, ANGLAIS (A PARTIR D;;;;60
201400011005;14;4;6;130;5;2;1;1;2;88;31, ANGLAIS (DU N? 1 AU;;;;60
201400011006;14;4;6;620;1;2;2;1;3;88;244, RD 6202;;;;60
201400011007;14;4;6;1220;1;2;1;1;3;88;0, MEDECIN (PL. ALEXANDR;;;;60
201400011008;14;4;7;1215;1;2;1;1;7;88;0, VOIE RAPIDE;;;;60
201400011009;14;4;7;1610;1;2;2;1;7;88;0, SOLA (BD PIERRE);;;;60
201400011010;14;4;8;830;1;2;1;1;6;88;0, ROASSAL (R. CLEMENT);;;;60
201400011011;14;4;8;1205;1;2;1;1;3;88;2, SOLA (BD PIERRE);;;;60
201400011012;14;4;9;836;1;2;1;1;6;88;13, MARAICHERS (TRAV. DE;;;;60
201400011013;14;4;9;1515;1;2;1;1;6;88;0, MADELEINE (BD DE LA);;;;60
201400011014;14;4;9;1625;1;2;1;1;2;88;161, ANGLAIS (A PARTIR D;;;;60
201400011015;14;4;9;1800;1;2;1;1;6;88;0, SOLA (BD PIERRE);;;;60
201400011016;14;4;9;2205;5;2;2;1;3;88;0, GOUNOD (RUE);;;;60
201400011017;14;4;10;830;1;2;1;1;3;88;142, SAINT-PIERRE DE FER;;;;60
201400011018;14;4;10;850;1;2;3;1;3;88;0, CORNICHE (MOYENNE);;;;60
201400011019;14;4;10;855;1;2;1;1;6;88;8/10, GIORDAN (AV. JOSEP;;;;60
201400011020;14;4;10;1456;1;2;1;1;3;88;10, GUYNEMER (PL.);;;;60
201400011021;14;4;10;1750;1;2;1;1;3;88;9, CAP DE CROIX (AV. ET;;;;60
201400011022;14;4;10;2030;2;2;1;1;6;88;0, RISSO (BD);;;;60
201400011023;14;4;11;1100;1;2;1;1;6;88;455, ANGLAIS (A PARTIR D;;;;60
201400011024;14;4;11;1145;1;2;1;1;3;88;25-27, GRACE DE MONACO (;;;;60
201400011025;14;4;11;2235;5;2;2;1;6;88;0, BORRIGLIONE (A PARTIR;;;;60
201400011026;14;4;12;1145;1;2;1;1;6;88;0, JOLY (CORNICHE ANDRE;;;;60
201400011027;14;4;13;340;5;2;1;1;6;88;44, CANTA GALET (RTE DE);;;;60
201400011028;14;4;13;1155;1;2;1;1;6;88;84, CLUA (AV. DE LA);;;;60
201400011029;14;4;13;1630;1;2;1;1;2;88;267, ANGLAIS (A PARTIR D;;;;60
201400011030;14;4;13;1845;1;2;1;1;6;88;222, TURIN (RTE DE);;;;60
201400011031;14;4;14;710;2;2;2;1;3;88;0, ROUBAUDI (R. LOUIS);;;;60
201400011032;14;4;14;1620;1;2;2;1;6;88;0, ROSSINI (R.);;;;60
201400011033;14;4;14;1945;1;2;1;1;6;88;0, ANGLAIS PLAGE(  PARTI;;;;60
201400011034;14;4;15;715;1;2;2;1;3;88;0, RICHELMI (R. DR P.);;;;60
201400011035;14;4;15;1330;1;2;1;1;6;88;326, TURIN (RTE DE);;;;60
201400011036;14;4;16;1810;1;2;1;1;6;88;176, CALIFORNIE (AV.) (A;;;;60
201400011037;14;4;17;750;1;2;1;1;1;88;147, COLOMARS (ROUTE DE);;;;60
201400011038;14;4;17;1000;1;2;1;1;3;88;21, FRANCE (R. DE) DU N?;;;;60
201400011039;14;4;17;1100;1;2;1;1;6;88;0, GRENOBLE (ROUTE DE);;;;60
201400011040;14;4;17;1700;1;2;1;1;6;88;30, DUNANT (AV. HENRI);;;;60
201400011041;14;4;17;2138;5;2;1;1;6;88;33, STALINGRAD (BD DE);;;;60
201400011042;14;4;18;730;1;2;1;1;2;88;97, ANGLAIS (N? 113);;;;60
201400011043;14;4;18;1010;1;2;1;1;3;88;29, CERNUSCHI (AV.);;;;60
201400011044;14;4;19;1150;1;2;2;1;6;88;0, KARR (R. ALPHONSE);;;;60
201400011045;14;4;19;1530;1;2;1;1;3;88;74, CASSIN (BD RENE);;;;60
201400011046;14;4;20;2130;5;2;1;1;6;88;05, ARENE (AV. PAUL);;;;60
201400011047;14;4;21;2050;5;1;1;1;6;88;36, SAINT-PIERRE DE FERI;M;4370385;724348;60
201400011048;14;4;22;340;5;2;1;1;6;88;0, VOIE RAPIDE;;;;60
201400011049;14;4;22;1445;1;2;1;1;3;88;19, VALOMBROSE (AV. DE);;;;60
201400011050;14;4;23;1610;1;2;1;1;6;88;5, KARR (R. ALPHONSE);;;;60
201400011051;14;4;24;840;1;2;1;1;3;88;34, DURANDY (AV. JOSEPH);;;;60
201400011052;14;4;24;1250;1;2;1;1;3;88;0, GRENOBLE (ROUTE DE);;;;60
201400011053;14;4;24;1515;1;2;2;1;3;88;0, PEGUY (R. CHARLES);;;;60
201400011054;14;4;24;1720;1;2;1;1;3;159;0, NAPOLEON III (BOULEVA;;;;60
201400011055;14;4;24;1720;1;2;3;1;3;88;0, CASSIN (BD RENE);;;;60
201400011056;14;4;25;2349;4;2;1;1;6;88;18, GRACE DE MONACO (BD;M;4368734;730591;60
201400011057;14;4;25;900;1;2;1;1;3;88;0, TURIN (RTE DE);;;;60
201400011058;14;4;28;730;1;2;1;1;3;88;0, THIERS (AV.);;;;60
201400011059;14;4;29;1128;1;2;1;1;6;88;0, PASTEUR (BD);;;;60
201400011060;14;4;29;1835;1;2;1;1;6;88;7, CARABACEL (BD);;;;60
201400011061;14;4;30;1140;1;2;1;1;4;88;0, VOIE RAPIDE;;;;60
201400011062;14;4;30;1200;1;2;3;1;3;88;0, RD 6007;;;;60
201400011063;14;5;1;930;1;2;1;1;6;88;0, EGLISE ST PANCRACE (C;;;;60
201400011064;14;5;2;913;1;2;1;1;6;88;110, CESSOLE (BD DE) (A;;;;60
201400011065;14;5;4;1930;1;2;2;1;3;88;0, FLEURS (AV. DES);;;;60
201400011066;14;5;5;1825;1;1;1;1;2;88;17, ETATS UNIS (QUAI DES;;;;60
201400011067;14;5;5;2010;1;2;1;1;6;88;0, SAINT-PIERRE (CH. DU;;;;60
201400011068;14;5;6;830;1;2;1;1;6;88;22, MONTREAL (BD DE);;;;60
201400011069;14;5;6;1208;1;2;1;1;2;88;0, VOIE RAPIDE;;;;60
201400011070;14;5;7;1600;1;2;1;1;6;88;4, RAY (AV. DU);;;;60
201400011071;14;5;7;1220;1;2;1;1;3;88;31, ANGLAIS (DU N? 1 AU;;;;60
201400011072;14;5;9;1930;1;1;2;1;3;88;0, MARSHALL (PL. GENERAL;;;;60
201400011073;14;5;9;2350;5;1;1;1;6;88;7, MAETERLINCK (BD M.);;;;60
201400011074;14;5;10;1415;1;2;1;1;3;88;5, SEMARD (BD PIERRE);;;;60
201400011075;14;5;12;155;5;2;1;1;5;88;75, ETATS UNIS (QUAI DES;;;;60
201400011076;14;5;12;830;1;2;1;1;3;88;0, DUBOUCHAGE (BD);;;;60
201400011077;14;5;12;850;1;2;1;1;6;88;128, SAINT-LAMBERT (AV.);;;;60
201400011078;14;5;12;1330;1;2;3;1;1;159;0, BELLAVISTA (AVENUE);;;;60
201400011079;14;5;12;1440;1;2;2;1;6;88;0, RAOUL BOSIO (Rue);;;;60
201400011080;14;5;12;2210;5;2;2;1;3;88;0, SAINT-PHILIPPE (R.);;;;60
201400011081;14;5;13;1100;1;2;1;1;3;159;0, BASSE CORNICHE;;;;60
201400011082;14;5;13;1120;1;2;1;1;6;88;94, TURIN (RTE DE);;;;60
201400011083;14;5;13;1240;1;2;1;1;5;88;96, BRANCOLAR (AV.) (A P;;;;60
201400011084;14;5;13;1315;1;2;1;1;1;88;98, VINAIGRIER (CH. DU);;;;60
201400011085;14;5;13;1342;1;2;1;1;3;88;0, BAREL (PLACE MAX);;;;60
201400011086;14;5;13;1715;1;2;1;1;3;88;614, BELLA VISTA (AV.);;;;60
201400011087;14;5;13;2155;5;2;1;1;3;88;0, MONTEL (BD PAUL);;;;60
201400011088;14;5;14;1435;1;2;1;1;2;88;0, NAPOLEON III (BD);;;;60
201400011089;14;5;14;1650;1;2;1;1;3;88;0, RD 6202;;;;60
201400011090;14;5;14;1914;1;2;1;1;6;88;75, JOLY (CORNICHE ANDRE;;;;60
201400011091;14;5;14;2015;2;2;1;1;6;88;0, FABRON (CH. DE);;;;60
201400011092;14;5;15;925;1;2;1;1;6;88;12, MALAUSSENA (AV.);;;;60
201400011093;14;5;15;1515;1;2;1;1;3;88;0, COMBOUL (AV. RAYMOND);;;;60
201400011094;14;5;15;1535;1;2;1;1;3;88;41, CARABACEL (BD);;;;60
201400011095;14;5;15;1710;1;2;1;1;2;88;0, RD 6202;;;;60
201400011096;14;5;15;2250;5;2;2;1;3;88;0, GROSSO (A PARTIR DU N;;;;60
201400011097;14;5;16;820;1;2;1;1;6;88;165ch, MADELEINE (BD DE;;;;60
201400011098;14;5;16;905;1;2;1;1;2;88;0, VERNIER (R.);;;;60
201400011099;14;5;16;1345;1;2;1;1;6;88;7, ALSACE-LORRAINE (RUE;;;;60
201400011100;14;5;16;1550;1;2;1;1;3;88;61, MADELEINE (BD DE LA);;;;60
201400011101;14;5;16;1810;1;2;1;1;3;88;0, VOIE RAPIDE;;;;60
201400011102;14;5;16;1820;1;2;2;1;3;88;0, VIGNY (AV. IMP. ALFRE;;;;60
201400011103;14;5;17;45;5;2;2;1;3;88;31, LEPANTE (R. DE);;;;60
201400011104;14;5;17;400;5;2;1;1;2;88;13/15, ANGLAIS PLAGE (N?;;;;60
201400011105;14;5;17;1800;1;2;1;1;1;88;0, CIMETIERE DE L'EST (R;;;;60
201400011106;14;5;19;1445;1;2;1;1;3;88;COTY (PONT RENE);;;;60
201400011107;14;5;19;1600;1;2;1;1;2;88;390, ANGLAIS (A PARTIR D;;;;60
201400011108;14;5;19;2010;1;2;1;1;3;88;0, GAUTHIER (R. ANTOINE);;;;60
201400011109;14;5;20;1520;1;2;2;1;3;88;0, PASTEUR (BD);;;;60
201400011110;14;5;21;820;1;2;1;1;3;88;68, JOLY (CORNICHE ANDRE;;;;60
201400011111;14;5;21;940;1;2;1;1;6;88;0, COTY (PONT RENE);;;;60
201400011112;14;5;22;1155;1;2;1;1;1;88;0, SAINT-PHILIPPE (PL.);;;;60
201400011113;14;5;22;1500;1;2;1;2;3;88;0, MOULIN (PL. JEAN);;;;60
201400011114;14;5;22;1820;1;2;1;1;4;88;0, VOIE RAPIDE;;;;60
201400011115;14;5;22;2035;2;1;3;1;6;88;308, STE MARGUERITE (AV.;;;;60
201400011116;14;5;23;1100;1;2;1;1;3;88;85, MADELEINE (BD DE LA);;;;60
201400011117;14;5;23;1615;1;2;1;1;3;88;57, RAY (AV. DU);;;;60
201400011118;14;5;23;1725;1;2;1;1;6;88;23, GAMBETTA (JUSQU'AU N;;;;60
201400011119;14;5;24;2107;5;2;2;1;3;88;0, ROQUEBILLIERE (R. DE);;;;60
201400011120;14;5;25;555;2;2;1;1;6;88;63, ANGLAIS (DU N? 45 AU;;;;60
201400011121;14;5;25;1000;1;2;1;1;6;88;0, CAP DE NICE (AV. DU);;;;60
201400011122;14;5;26;1115;1;2;1;1;3;88;4, GUIDE (R. COLONEL);;;;60
201400011123;14;5;27;1220;1;2;1;1;6;88;DE GAULLE (PLACE GENERAL;;;;60
201400011124;14;5;27;1235;1;2;1;1;3;88;0, BORRIGLIONE (A PARTIR;;;;60
201400011125;14;5;27;1530;1;2;1;1;5;88;0, FAURE (AV. FELIX);;;;60
201400011126;14;5;28;720;1;2;1;1;3;88;369, ANGLAIS (A PARTIR D;;;;60
201400011127;14;5;28;1600;1;2;2;1;3;88;0, BORRIGLIONE (A PARTIR;;;;60
201400011128;14;5;28;1615;1;2;2;1;3;88;10, CLEMENCEAU (AV. GEOR;;;;60
201400011129;14;5;28;1650;1;2;2;1;3;88;0, AURIOL (PONT VINCENT);;;;60
201400011130;14;5;30;1755;1;2;1;1;3;88;34, GAMBETTA (A PARTIR D;;;;60
201400011131;14;6;1;450;2;2;1;1;1;88;09, FRERE MARC (CORNICHE;;;;60
201400011132;14;6;1;650;1;2;2;1;3;88;0, MEDECIN (AV. JEAN);;;;60
201400011133;14;6;1;1100;1;2;1;1;6;88;80, CASSIN (BD RENE);;;;60
201400011134;14;6;1;2030;5;2;1;1;6;88;25, CIMIEZ (BD) A PARTIR;;;;60
201400011135;14;6;2;1305;1;2;7;1;6;88;0, DE GAULLE (PLACE GENE;;;;60
201400011136;14;6;2;1635;1;2;2;1;3;88;0, BARBUSSE (AV. HENRI);;;;60
201400011137;14;6;3;805;1;2;1;1;2;88;2, QUAI PAPACINO;;;;60
201400011138;14;6;3;1530;1;2;1;1;3;88;2, ARMEE DES ALPES (BD D;;;;60
201400011139;14;6;3;1725;1;2;1;1;6;88;9BIS, PESSICART (JUSQU'A;;;;60
201400011140;14;6;3;1910;1;2;1;1;2;88;190, TURIN (RTE DE);;;;60
201400011141;14;6;3;2000;1;2;1;1;5;88;63, PASTEUR (BD);;;;60
201400011142;14;6;4;45;5;2;1;1;6;88;0, PHOCEENS (AV. DES);;;;60
201400011143;14;6;4;1000;1;2;3;1;6;88;0, FAURE (R. GABRIEL);;;;60
201400011144;14;6;4;1400;1;2;2;1;3;88;0, CASSIN (BD RENE);;;;60
201400011145;14;6;5;1015;1;2;7;1;2;88;69, ROQUEBILLIERE (R. DE;;;;60
201400011146;14;6;5;1030;1;2;2;1;6;88;0, RIQUIER (BD DE);;;;60
201400011147;14;6;5;1500;1;2;1;1;3;88;0, STE MARGUERITE (AV.);;;;60
201400011148;14;6;6;1120;1;2;2;1;3;88;0, RISSO (BD);;;;60
201400011149;14;6;6;1815;1;2;1;1;3;88;0, BARLA (TRAV.);;;;60
201400011150;14;6;6;2100;1;2;1;1;3;88;44B, GAMBETTA (A PARTIR;;;;60
201400011151;14;6;9;341;5;2;1;1;2;88;0, ANGLAIS PLAGE (N?1 AU;;;;60
201400011152;14;6;9;1345;1;2;1;1;3;88;12, MARAICHERS (TRAV. DE;;;;60
201400011153;14;6;10;1610;1;2;1;1;3;88;65, HERRIOT (BD EDOUARD);;;;60
201400011154;14;6;10;1630;1;2;1;1;5;88;0, NAPOLEON III (BD);;;;60
201400011155;14;6;10;1655;1;2;1;1;6;88;0, JAURES (BD JEAN);;;;60
201400011156;14;6;11;1140;1;2;1;1;2;88;100, ANGLAIS PLAGE(DU 45;;;;60
201400011157;14;6;12;920;1;2;1;1;3;88;0, GAUTHIER (R. ANTOINE);;;;60
201400011158;14;6;12;955;1;2;1;1;1;88;34, LAMARTINE (R.);;;;60
201400011159;14;6;12;1630;1;2;1;1;6;88;23, PILATTE (BD FRANCK);;;;60
201400011160;14;6;12;1700;1;2;1;1;3;88;0, RISSO (BD);;;;60
201400011161;14;6;12;2315;5;2;1;1;6;88;46, BISCHOFFSHEIM (BD);;;;60
201400011162;14;6;13;1015;1;2;1;1;1;159;21, PRINCESSE GRACE DE M;;;;60
201400011163;14;6;13;1710;1;2;1;1;6;88;0, VOIE RAPIDE;;;;60
201400011164;14;6;13;2135;5;2;1;1;6;88;19, DIABLES BLEUS (AV. D;;;;60
201400011165;14;6;14;1200;1;2;3;1;3;88;0, MONT-ALBAN (AV. DU);;;;60
201400011166;14;6;14;1900;1;2;2;2;3;88;0, RAYNAUD (BD AUGUSTE);;;;60
201400011167;14;6;15;500;5;1;1;1;6;88;0, GRENOBLE (ROUTE DE);;;;60
201400011168;14;6;15;900;1;2;1;1;1;88;BISCHOFFSHEIM (BD);;;;60
201400011169;14;6;15;1600;1;2;1;1;3;159;0, GAMBETTA;;;;60
201400011170;14;6;15;1700;1;2;1;2;2;88;329, ANGLAIS (A PARTIR D;;;;60
201400011171;14;6;15;1800;1;2;1;1;6;88;2, CONGRES (RUE DU);;;;60
201400011172;14;6;18;1145;1;2;1;1;6;88;325, ANGLAIS (DU N? 265;;;;60
201400011173;14;6;18;1320;1;2;2;1;6;88;15, PESSICART (JUSQU'AU;;;;60
201400011174;14;6;19;830;1;2;1;1;3;88;155, TURIN (RTE DE);;;;60
201400011175;14;6;19;900;1;2;1;1;3;88;13, JOLY (CORNICHE ANDRE;;;;60
201400011176;14;6;20;700;1;2;2;1;3;88;0, ROSSINI (R.);;;;60
201400011177;14;6;20;1750;1;2;1;1;2;88;71, ANGLAIS (DU N? 45 AU;;;;60
201400011178;14;6;20;2310;5;2;1;1;5;88;109, QUAI DES ETATS UNIS;;;;60
201400011179;14;6;21;940;1;2;1;1;3;88;HUGO (BD VICTOR);;;;60
201400011180;14;6;21;1410;1;2;1;1;6;88;0, FRANCE (AV. ANATOLE);;;;60
201400011181;14;6;24;1035;1;2;1;1;1;88;6, EMMANUEL (AV. PIERRE);;;;60
201400011182;14;6;24;1105;1;2;1;1;6;88;2, JAURES (BD JEAN);;;;60
201400011183;14;6;24;1150;1;2;1;1;5;88;0, VOIE RAPIDE;;;;60
201400011184;14;6;24;1400;1;2;1;1;2;88;0, RD 6202;;;;60
201400011185;14;6;24;1715;1;2;1;1;6;88;COMBOUL (AV. RAYMOND);;;;60
201400011186;14;6;24;1755;1;2;1;1;6;88;1, JOLY (CORNICHE ANDRE;;;;60
201400011187;14;6;24;1805;1;2;1;1;3;88;0, PENETRANTE DU PAILLON;;;;60
201400011188;14;6;25;330;5;1;1;1;6;88;0, MIN NICE ST AUGUSTIN;;;;60
201400011189;14;6;25;1510;1;2;1;1;2;88;359, ANGLAIS (A PARTIR D;;;;60
201400011190;14;6;26;1220;1;2;1;1;3;88;0, BARAQUES (TRAV.);;;;60
201400011191;14;6;26;1543;1;2;1;1;6;88;7, TONDUTI-DE-L'ESCARENE;;;;60
201400011192;14;6;27;1540;1;2;1;1;2;159;35, GENERAL LECLER (AVEN;;;;60
201400011193;14;6;30;2140;5;2;1;1;6;88;6-8, RAY (AV. DU);;;;60
201400011194;14;6;30;1145;1;2;1;1;1;88;200, STE-MARGUERITE (AV.;;;;60
201400011195;14;6;30;2235;5;2;1;1;6;88;175, ANGLAIS (A PARTIR D;;;;60
201400011196;14;7;1;1435;1;2;1;1;5;88;23, TZAREWITCH (BD DU);;;;60
201400011197;14;7;2;100;5;2;2;1;3;88;0, RESISTANCE  LIBERATIO;;;;60
201400011198;14;7;2;750;1;2;1;1;3;88;9, SEILERN (AV. DE);;;;60
201400011199;14;7;2;1400;1;2;1;1;6;88;0, DOUANE (QUAI DE LA);;;;60
201400011200;14;7;2;1915;1;2;1;1;3;88;167, MADELEINE (BD DE LA;;;;60
201400011201;14;7;3;745;1;2;1;1;1;88;3, CHAMPAGNE (AV. DE);;;;60
201400011202;14;7;3;1115;1;2;1;1;3;88;0, CESSOLE (BD DE) (A PA;;;;60
201400011203;14;7;3;2130;1;2;1;1;6;88;8, MANTEGA-RIGHI (BD);;;;60
201400011204;14;7;4;1620;1;2;1;1;2;88;155, RD 6202;;;;60
201400011205;14;7;5;30;5;1;3;1;1;88;2, GAIRAUT (VIEUX CH.) (;;;;60
201400011206;14;7;5;910;1;2;1;1;1;88;0, ANGLAIS (A PARTIR DU;;;;60
201400011207;14;7;7;1500;1;2;1;1;6;88;51, RAYNAUD (BD AUGUSTE);;;;60
201400011208;14;7;8;840;1;2;1;1;3;88;0, JOFFRE (R. MARECHAL);;;;60
201400011209;14;7;8;1455;1;2;1;1;6;88;73, ARIANE (BD DE L');;;;60
201400011210;14;7;8;1504;1;2;1;1;6;88;0, STE MARGUERITE (AV.);;;;60
201400011211;14;7;8;2030;1;2;1;1;3;88;25, FABRON (AV. DE) (JUS;;;;60
201400011212;14;7;9;1145;1;2;1;1;5;88;0, GRENOBLE (ROUTE DE);;;;60
201400011213;14;7;9;1150;1;2;1;1;5;88;0, RD 6202;;;;60
201400011214;14;7;10;800;1;2;1;1;6;88;0, ALLEGRE (AV. JEAN);;;;60
201400011215;14;7;10;850;1;2;1;1;2;88;30, CONGRES (RUE DU);;;;60
201400011216;14;7;10;1320;1;2;2;1;3;88;0, CLEMENCEAU (AV. GEORG;;;;60
201400011217;14;7;10;1445;1;2;1;1;2;88;53, ANGLAIS (A PARTIR DU;;;;60
201400011218;14;7;10;1720;1;2;3;1;3;88;30, CESSOLE (BD DE) (JUS;;;;60
201400011219;14;7;10;1910;1;2;1;1;6;88;0, THIERS (AV.);;;;60
201400011220;14;7;10;2320;5;2;1;1;2;88;263, ANGLAIS PLAGE (DU 1;;;;60
201400011221;14;7;12;2055;1;2;1;1;3;88;0, ARIANE (BD DE L');;;;60
201400011222;14;7;13;1355;1;2;2;1;3;88;BORRIGLIONE (JUSQU'AU N?;;;;60
201400011223;14;7;13;1800;1;2;1;1;3;88;0, KLEIN (PL. YVES);;;;60
201400011224;14;7;13;1935;1;2;1;1;6;88;87, QUAI DES ETATS UNIS;;;;60
201400011225;14;7;14;20;5;2;1;1;6;88;60, CALIFORNIE (AV.) (A;;;;60
201400011226;14;7;15;30;5;2;1;1;2;88;0, CARABACEL (BD);;;;60
201400011227;14;7;15;215;5;1;1;1;6;88;90, OLIVIERS (CORNICHE D;;;;60
201400011228;14;7;15;1030;1;2;1;1;3;88;0, BORNALA (AV. DE LA);;;;60
201400011229;14;7;15;1510;1;2;1;1;6;88;11, GAMBETTA (A PARTIR D;;;;60
201400011230;14;7;15;1525;1;2;4;1;6;88;01, SUEDE (AV. DE);;;;60
201400011231;14;7;15;1635;1;2;1;1;6;88;16, REPUBLIQUE (AV. DE L;;;;60
201400011232;14;7;15;1720;1;2;1;1;4;88;0, JOLY (CORNICHE ANDRE;;;;60
201400011233;14;7;15;1910;1;2;2;1;3;88;CAUVIN (AV.);;;;60
201400011234;14;7;16;1005;1;2;1;1;6;88;0, SMOLETT (R.);;;;60
201400011235;14;7;16;1310;1;2;1;1;3;88;0, VOIE ROMAINE (AV. DE;;;;60
201400011236;14;7;16;1545;1;2;1;1;3;88;0, GRENOBLE (ROUTE DE);;;;60
201400011237;14;7;16;1625;1;2;1;1;6;88;0, PASTORELLI (R.);;;;60
201400011238;14;7;17;1005;1;2;2;1;6;88;0, DIGUE DES FRANCAIS (T;;;;60
201400011239;14;7;18;1130;1;2;1;1;6;88;8, TZAREWITCH (BD DU);;;;60
201400011240;14;7;18;1140;1;2;2;1;3;88;45, ROQUEBILLIERE (R. DE;;;;60
201400011241;14;7;18;2335;5;2;2;1;3;88;0, RAYNAUD (BD AUGUSTE);;;;60
201400011242;14;7;19;1015;1;2;1;1;6;88;39 bis, CIMIEZ (BD) JUSQ;;;;60
201400011243;14;7;19;1900;1;2;1;1;3;88;99, STE MARGUERITE (AV.);;;;60
201400011244;14;7;21;1715;1;2;2;1;3;88;0, SOLA (BD PIERRE);;;;60
201400011245;14;7;21;1730;1;2;1;1;1;88;66, COL DE BAST (CH. DU);;;;60
201400011246;14;7;21;1755;1;2;2;1;7;88;0, DAVIOT (AV.);;;;60
201400011247;14;7;22;1115;1;2;1;1;6;88;0, VALERY (R. PAUL);;;;60
201400011248;14;7;23;230;5;2;1;1;2;88;9, JOLY (CORNICHE ANDRE;;;;60
201400011249;14;7;23;1840;1;2;1;1;2;88;30, CESSOLE (BD DE) (JUS;;;;60
201400011250;14;7;23;1900;1;2;1;1;2;88;179, MONT-BORON (BD DU);;;;60
201400011251;14;7;24;1520;1;2;1;1;6;88;0, PHILIBERT (R. EMMANUE;;;;60
201400011252;14;7;24;1555;1;1;1;1;3;88;455, PESSICART (A PARTIR;;;;60
201400011253;14;7;25;120;5;2;1;1;2;88;385, ANGLAIS (DU N? 114;;;;60
201400011254;14;7;25;1710;1;2;2;1;3;88;0, CASSINI (RUE);;;;60
201400011255;14;7;25;2124;2;2;1;1;3;159;0, ALBERT 1ER (AVENUE);;;;60
201400011256;14;7;26;1000;1;2;1;1;3;88;45, THIERS (AV.);;;;60
201400011257;14;7;26;1700;1;2;2;1;3;88;104, CALIFORNIE (AV.) (D;;;;60
201400011258;14;7;27;1330;1;2;1;1;6;88;0, TASSIGNY (ESPLANADE L;;;;60
201400011259;14;7;28;1200;1;2;4;1;3;88;84, DUNANT (AV. HENRI);;;;60