num_acc;an;mois;jour;hrmn;lum;agg;int;atm;col;com;adr;gps;lat;long;dep
201400011260;14;7;28;1800;1;2;1;1;6;159;PRINCESSE GRACE DE MONAC;;;;60
201400011261;14;7;29;815;1;2;1;1;2;88;29, LYAUTEY (AV. DU MAL);;;;60
201400011262;14;7;29;1553;1;2;1;1;7;88;0, ROMAINE (AV. DE LA VO;;;;60
201400011263;14;7;30;1125;1;2;2;1;6;88;2, DUBOUCHAGE (BD);;;;60
201400011264;14;7;30;1930;1;2;1;1;2;88;69, ANGLAIS (DU N? 45 AU;;;;60
201400011265;14;7;31;108;5;2;2;1;3;88;37, ANGLAIS (DU N? 1 AU;;;;60
201400011266;14;7;31;650;1;2;1;1;1;88;134, COLOMARS (ROUTE DE);;;;60
201400011267;14;7;31;840;1;2;1;1;5;159;0, NAPOLEON III (BOULEVA;;;;60
201400011268;14;7;31;1200;1;2;1;1;6;88;GROSSO (A PARTIR DU N? 6;;;;60
201400011269;14;7;31;1800;1;1;1;1;6;88;0, ANGLAIS (DU N? 265 AU;;;;60
201400011270;14;7;31;2225;4;2;1;1;6;88;142, MADELEINE (BD DE LA;;;;60
201400011271;14;8;1;300;5;2;1;1;6;88;7, RIMIEZ (AV. DE);;;;60
201400011272;14;8;1;2310;5;2;3;1;3;88;0, ANGLAIS (DU N? 114 AU;;;;60
201400011273;14;8;2;120;5;2;2;1;3;88;0, CLEMENCEAU (AV. GEORG;;;;60
201400011274;14;8;2;1600;1;2;2;1;3;88;FRANCE (R. DE) A PARTIR;;;;60
201400011275;14;8;3;1045;1;2;1;1;2;88;53, ANGLAIS (DU N? 45 AU;;;;60
201400011276;14;8;3;1255;1;2;2;1;3;88;0, GROSSO (A PARTIR DU N;;;;60
201400011277;14;8;4;1715;1;2;3;1;6;88;0, VOIE RAPIDE;;;;60
201400011278;14;8;4;2338;5;2;1;1;6;159;0, PRINCESSE GRACE DE MO;;;;60
201400011279;14;8;5;720;1;2;1;1;3;88;0, BARLA (RUE);;;;60
201400011280;14;8;6;1100;1;2;1;1;6;88;4, GAMBETTA (JUSQU'AU N?;;;;60
201400011281;14;8;6;2100;2;2;1;1;3;159;34, CORNE D OR (PLACE DE;;;;60
201400011282;14;8;7;1205;1;2;1;1;6;159;0, MOYENNE CORNICHE;;;;60
201400011283;14;8;7;1415;1;2;2;1;3;88;0, LEPANTE (R. DE);;;;60
201400011284;14;8;7;1930;1;2;1;1;6;88;7-9, FABRON (AV. DE) (JU;;;;60
201400011285;14;8;8;1010;1;2;1;1;3;88;140, TURIN (RTE DE);;;;60
201400011286;14;8;8;1630;1;2;2;1;3;88;0, GIACOBI (AV.);;;;60
201400011287;14;8;8;1630;1;2;1;1;3;88;0, CASSIN (BD RENE);;;;60
201400011288;14;8;8;1750;1;2;1;1;2;88;19, ANGLAIS (A PARTIR DU;;;;60
201400011289;14;8;8;1850;1;2;1;1;6;88;25, DIABLES BLEUS (AV. D;;;;60
201400011290;14;8;9;300;5;2;1;1;3;88;PENETRANTE DU PAILLON;;;;60
201400011291;14;8;9;1200;1;2;1;1;6;88;13, BAVASTRO (RUE);;;;60
201400011292;14;8;12;825;1;2;1;1;6;88;12, CASSINI (RUE);;;;60
201400011293;14;8;12;1130;1;2;3;1;6;88;44, SAINT-AUGUSTIN (AV.;;;;60
201400011294;14;8;12;1230;1;2;1;1;3;88;23 BIS, JOLY (CORNICHE A;;;;60
201400011295;14;8;12;1810;1;2;1;1;2;88;0, CORNIGLION MOLINIER (;;;;60
201400011296;14;8;13;230;5;2;1;1;6;88;12, RAY (AV. DU);;;;60
201400011297;14;8;13;17;5;2;1;1;2;88;120, FRANCE (R. DE) A PA;;;;60
201400011298;14;8;13;1430;1;2;1;1;5;88;68, BRANCOLAR (AV.) (A P;;;;60
201400011299;14;8;13;1900;1;2;1;1;3;88;0, GARIGLIANO (PONTS);;;;60
201400011300;14;8;13;2313;5;2;1;1;7;88;0, MITTERAND (RUE FRANCO;;;;60
201400011301;14;8;14;2220;5;2;1;1;3;88;57, CESSOLE (BD DE) (A P;;;;60
201400011302;14;8;17;1530;1;2;1;1;3;88;101, ARIANE (BD DE L');;;;60
201400011303;14;8;18;420;5;2;1;1;3;88;0, ANGLAIS (A PARTIR DU;;;;60
201400011304;14;8;18;1405;1;2;1;1;3;88;63, PASTEUR (BD);;;;60
201400011305;14;8;18;1630;1;2;2;1;6;88;0, RIQUIER (BD DE);;;;60
201400011306;14;8;18;2345;5;2;2;1;3;88;0, VERNIER (R.);;;;60
201400011307;14;8;19;1400;1;2;1;1;1;88;143, LYAUTEY (AV. DU MAL;;;;60
201400011308;14;8;19;1920;1;2;1;1;6;88;18, MONTEL (BD PAUL);;;;60
201400011309;14;8;20;2125;2;2;1;1;6;88;61, ETATS UNIS (QUAI DES;;;;60
201400011310;14;8;21;820;1;2;1;1;6;88;332, PESSICART (A PARTIR;;;;60
201400011311;14;8;21;1900;1;2;1;1;6;88;43, DIABLES BLEUS (AV. D;;;;60
201400011312;14;8;23;2345;5;2;2;1;3;88;0, PASTORELLI (R.);;;;60
201400011313;14;8;24;730;1;2;1;1;6;88;4, CIMIEZ (BD) JUSQU'AU;;;;60
201400011314;14;8;24;2115;1;2;2;1;3;88;0, VAUBAN (R. MARECHAL);;;;60
201400011315;14;8;25;1330;1;2;2;1;3;88;0, JOFFRE (R. MARECHAL);;;;60
201400011316;14;8;25;1725;1;2;1;1;3;88;DIGUE DES FRANCAIS (TRAV;;;;60
201400011317;14;8;26;1255;1;2;1;1;2;88;4, JAURES (BD JEAN);;;;60
201400011318;14;8;26;2247;5;2;1;1;3;88;0, ETATS UNIS (QUAI DES);;;;60
201400011319;14;8;29;1130;1;2;1;1;3;88;27, JOLY (CORNICHE ANDRE;;;;60
201400011320;14;8;29;1800;1;2;1;1;2;88;0, CASSIN (BD RENE);;;;60
201400011321;14;8;30;1240;1;2;1;1;3;88;0, ARMEE DES ALPES (BD D;;;;60
201400011322;14;8;30;1630;1;2;1;1;6;88;0, ITALIE (R. D');;;;60
201400011323;14;8;31;1000;1;2;1;1;3;88;225, ANGLAIS (A PARTIR D;;;;60
201400011324;14;9;1;1310;1;2;1;1;2;88;0, VALOMBROSE (AV. DE);;;;60
201400011325;14;9;1;1400;1;2;1;1;2;88;0, JOLY (CORNICHE ANDRE;;;;60
201400011326;14;9;1;1920;1;2;1;1;2;88;0, VOIE RAPIDE;;;;60
201400011327;14;9;2;800;1;2;1;1;5;88;0, VOIE RAPIDE;;;;60
201400011328;14;9;2;1600;1;2;1;1;3;88;VEILLON (R.);;;;60
201400011329;14;9;2;1742;1;2;1;1;6;88;0, FRANCE (R. DE) DU N?;;;;60
201400011330;14;9;2;1930;1;2;1;1;6;88;26, QUAI LUNEL;;;;60
201400011331;14;9;3;940;1;2;1;1;3;88;19, VALOMBROSE (AV. DE);;;;60
201400011332;14;9;3;920;1;2;1;1;2;88;0, RAY (AV. DU);;;;60
201400011333;14;9;4;929;1;2;1;1;3;88;0, REPUBLIQUE (AV. DE LA;;;;60
201400011334;14;9;4;935;1;2;1;1;2;88;219, ANGLAIS (DU N? 114;;;;60
201400011335;14;9;4;950;1;2;2;1;3;88;0, VOIE ROMAINE (AV. DE;;;;60
201400011336;14;9;5;840;1;2;1;1;6;88;0, ETATS UNIS (QUAI DES);;;;60
201400011337;14;9;5;1020;1;2;1;1;6;88;0, MASSENA (PLACE);;;;60
201400011338;14;9;5;1510;1;2;1;1;1;88;10 BIS, SORGENTINO (R.);;;;60
201400011339;14;9;6;1245;1;2;1;1;6;88;0, CASTEL DES 2 ROIS (PA;;;;60
201400011340;14;9;6;2240;5;2;2;1;3;88;0, PARC IMPERIAL (BD DU);;;;60
201400011341;14;9;7;2225;5;2;1;1;2;88;MONTREAL (BD DE);;;;60
201400011342;14;9;8;815;1;2;1;1;6;88;38, ESTIENNE -D'ORVES (A;;;;60
201400011343;14;9;8;830;1;2;1;1;3;88;0, MONTEL (BD PAUL);;;;60
201400011344;14;9;8;1500;1;2;1;1;4;88;57, RAYBAUD JOSEPH;;;;60
201400011345;14;9;8;1530;1;2;1;1;3;88;0, DELFINO (BD GENERAL);;;;60
201400011346;14;9;9;730;1;2;1;1;3;88;ARMEE DU RHIN (PLACE);;;;60
201400011347;14;9;9;1010;1;2;3;1;3;88;0, LYAUTEY (AV. DU MAL);;;;60
201400011348;14;9;9;1650;1;2;1;1;3;88;39, MATISSE (AV. HENRI);;;;60
201400011349;14;9;10;740;1;2;1;1;6;88;101, LYAUTEY (AV. DU MAL;;;;60
201400011350;14;9;12;1055;1;2;1;1;6;88;4, DOUANE (QUAI DE LA);;;;60
201400011351;14;9;12;1430;1;2;2;1;6;88;0, SMOLETT (R.);;;;60
201400011352;14;9;12;1530;1;2;1;1;2;88;54, CESSOLE (BD DE) (JUS;;;;60
201400011353;14;9;12;1655;1;2;1;1;5;88;0, VOIE RAPIDE;;;;60
201400011354;14;9;12;2200;5;2;1;1;6;88;28-30, CORNICHE FLEURIE;;;;60
201400011355;14;9;13;1910;1;2;2;1;6;88;0, BARLA (TRAV.);;;;60
201400011356;14;9;13;2050;5;2;2;1;3;88;0, BELLET (RTE DE);;;;60
201400011357;14;9;15;1035;1;2;1;1;3;88;0, ROQUEBILLIERE (R. DE);;;;60
201400011358;14;9;15;1205;1;2;3;1;3;88;0, PASTEUR (BD);;;;60
201400011359;14;9;15;1645;1;2;3;2;6;88;0, BARLA (RUE);;;;60
201400011360;14;9;15;1730;1;2;3;1;5;88;BOTTAU (AV. FRANCOIS);;;;60
201400011361;14;9;17;1350;1;2;1;1;6;88;163, GRENOBLE (ROUTE DE);;;;60
201400011362;14;9;18;1400;1;2;1;1;6;88;27, GAITE (IMP. DE LA);;;;60
201400011363;14;9;19;1430;1;2;4;1;3;88;0, ARENES DE CIMIEZ (AV.;;;;60
201400011364;14;9;20;425;5;2;1;1;6;88;2, GROSSO (A PARTIR DU N;;;;60
201400011365;14;9;20;1015;1;2;1;1;6;88;0, ASSALIT (RUE);;;;60
201400011366;14;9;20;1500;1;2;1;1;4;88;0, RD 6202;;;;60
201400011367;14;9;20;1525;1;2;2;1;3;88;77 bis, GAMBETTA (A PART;;;;60
201400011368;14;9;21;1340;1;2;1;1;3;88;67, ARIANE (BD DE L');;;;60
201400011369;14;9;22;745;1;2;1;1;6;88;8, CASSINI (RUE);;;;60
201400011370;14;9;22;850;1;2;1;1;4;88;0, VOIE RAPIDE;;;;60
201400011371;14;9;22;1210;1;2;2;1;3;88;0, SAINT-LAMBERT (AV.) (;;;;60
201400011372;14;9;22;1245;1;2;3;1;3;88;0, THIERS (AV.);;;;60
201400011373;14;9;22;1845;1;2;1;1;6;88;0, LYAUTEY (AV. DU MAL);;;;60
201400011374;14;9;23;905;1;2;1;1;1;88;14, DUFOURMANTEL (AV.);;;;60
201400011375;14;9;23;1945;5;2;1;1;3;88;144, TURIN (RTE DE);;;;60
201400011376;14;9;24;740;2;2;1;1;3;159;64, CORNE D OR (BOULEVAR;;;;60
201400011377;14;9;24;1445;1;2;1;1;3;88;0, GROSSO (A PARTIR DU N;;;;60
201400011378;14;9;25;500;5;2;1;1;6;88;122, CARNOT (BD);;;;60
201400011379;14;9;25;815;1;2;1;1;6;88;103, CASSIN (BD RENE);;;;60
201400011380;14;9;26;1440;1;2;2;1;3;88;0, BARBERIS (RUE);;;;60
201400011381;14;9;26;2245;5;2;1;1;6;88;43, MILLION DE VERAILLON;;;;60
201400011382;14;9;27;30;5;2;1;1;6;159;NAPOLEON III (BOULEVARD);;;;60
201400011383;14;9;27;305;5;2;1;1;6;88;56, GORBELLA (BD DE);;;;60
201400011384;14;9;27;2010;5;2;1;1;2;88;PENETRANTE DU PAILLON;;;;60
201400011385;14;9;27;2300;5;2;2;1;3;88;0, VERANY (BD J.B.);;;;60
201400011386;14;9;28;1255;1;2;1;1;6;88;51, HUGO (BD VICTOR);;;;60
201400011387;14;9;30;530;5;2;2;2;3;88;0, ARSON (RUE);;;;60
201400011388;14;10;1;400;5;2;1;1;1;88;0, RIQUIER (BD DE);;;;60
201400011389;14;10;1;1600;1;2;3;1;3;88;0, ARIANE (BD DE L');;;;60
201400011390;14;10;2;1;5;2;1;1;6;88;0, SAQUI (AV. JOSEPH);;;;60
201400011391;14;10;2;1455;1;2;3;1;6;88;113, FRANCE (R. DE) A PA;;;;60
201400011392;14;10;2;2250;3;2;1;1;6;88;3, RD 6202;;;;60
201400011393;14;10;4;1315;1;2;3;1;3;88;0, RAYNAUD (BD AUGUSTE);;;;60
201400011394;14;10;5;910;1;2;1;3;6;88;71, GAIRAUT (AV. DE);;;;60
201400011395;14;10;5;1500;1;2;1;1;2;88;58, MONTEL (BD PAUL);;;;60
201400011396;14;10;6;1745;1;2;1;1;3;88;0, DIABLES BLEUS (AV. DE;;;;60
201400011397;14;10;7;40;5;2;1;1;3;88;0, ILE-DE-BEAUTE (PL. DE;;;;60
201400011398;14;10;7;1715;1;2;1;1;2;88;0, VOIE RAPIDE;;;;60
201400011399;14;10;8;820;1;2;2;1;1;88;0, SAINT-LAMBERT (AV.) (;;;;60
201400011400;14;10;9;1800;1;2;1;1;3;88;113, ANGLAIS (N? 113);;;;60
201400011401;14;10;9;1815;1;2;1;1;6;88;96, CESSOLE (BD DE) (A P;;;;60
201400011402;14;10;10;1150;1;2;6;1;3;88;0, ROQUEBILLIERE (R. DE);;;;60
201400011403;14;10;10;1250;1;2;1;1;2;88;0, BOURGADA (TRAV. DE LA;;;;60
201400011404;14;10;12;1120;1;2;1;1;6;88;0, LISERONS (IMPASSE DES;;;;60
201400011405;14;10;12;2250;5;2;3;1;2;159;MARECHAL FOCH (AVENUE);;;;60
201400011406;14;10;13;1620;1;2;1;3;7;88;0, GAMBETTA (JUSQU'AU N?;;;;60
201400011407;14;10;14;915;1;2;1;2;3;88;0, REINE-VICTORIA (AV.);;;;60
201400011408;14;10;14;1835;1;2;2;1;3;88;0, CIAIS (RUE DU DOCTEUR;;;;60
201400011409;14;10;14;1855;5;2;1;1;5;88;68, CIMIEZ (BD) A PARTIR;;;;60
201400011410;14;10;15;945;1;2;1;1;6;88;0, RIQUIER (BD DE);;;;60
201400011411;14;10;15;1450;1;2;1;1;2;88;4, CIMIEZ (BD) JUSQU'AU;;;;60
201400011412;14;10;17;1135;1;2;1;1;6;88;0, BARLA (TRAV.);;;;60
201400011413;14;10;18;1440;1;2;1;1;3;88;229, ANGLAIS (DU N? 114;;;;60
201400011414;14;10;19;1845;1;2;1;1;6;88;17, CARNOT (BD);;;;60
201400011415;14;10;20;1900;5;2;1;1;3;88;217, CALIFORNIE (AV.) (A;;;;60
201400011416;14;10;21;955;1;2;2;1;3;88;0, DIABLES BLEUS (AV. DE;;;;60
201400011417;14;10;21;1100;1;2;1;1;3;88;0, RD 6202;;;;60
201400011418;14;10;21;1510;1;2;2;1;3;88;GUYNEMER (PL.);;;;60
201400011419;14;10;21;2145;5;2;1;1;6;88;137, ANGLAIS (A PARTIR D;;;;60
201400011420;14;10;22;815;1;2;1;1;6;88;32, MALAUSSENA (AV.);;;;60
201400011421;14;10;22;1230;1;2;1;1;3;88;108, BRANCOLAR (AV.) (A;;;;60
201400011422;14;10;23;1440;1;2;1;1;6;88;37, MEDECIN (AV. JEAN);;;;60
201400011423;14;10;24;430;5;2;1;1;6;88;7-9, GARIBALDI (PL.);;;;60
201400011424;14;10;24;1405;1;2;1;1;3;88;33, BANVILLE (RUE THEODO;;;;60
201400011425;14;10;24;2110;5;2;2;1;3;88;0, COMBATTANTS D'AFN (RU;;;;60
201400011426;14;10;25;1255;1;2;1;1;6;88;POMPIDOU (BD GEORGES);;;;60
201400011427;14;10;26;1030;1;2;2;1;3;88;0, GAMBETTA (A PARTIR DU;;;;60
201400011428;14;10;27;730;1;2;1;1;7;88;10, JOLY (CORNICHE ANDRE;;;;60
201400011429;14;10;27;1015;1;2;2;1;3;88;23, MIOLLIS (R.);;;;60
201400011430;14;10;27;1100;1;2;1;1;6;88;8, NOTRE-DAME (AV.);;;;60
201400011431;14;10;28;1820;5;2;1;1;2;88;24, ARIANE (BD DE L');;;;60
201400011432;14;10;28;1420;1;2;1;1;6;88;43, FRANCE (R. DE) DU N?;;;;60
201400011433;14;10;28;1745;2;2;1;1;3;88;179, CASSIN (BD RENE);;;;60
201400011434;14;10;28;1945;5;2;2;1;3;88;0, RAYNAUD (BD AUGUSTE);;;;60
201400011435;14;10;29;1730;2;2;1;1;4;88;VOIE RAPIDE;;;;60
201400011436;14;10;30;1304;1;2;2;1;3;88;0, SEMERIA (AV. DENIS);;;;60
201400011437;14;10;30;1715;2;2;3;1;3;88;0, ARIANE (BD DE L');;;;60
201400011438;14;10;31;1250;1;2;1;1;3;88;0, THIERS (AV.);;;;60
201400011439;14;10;31;2245;5;2;2;1;6;88;12, ARMEE DES ALPES (BD;;;;60
201400011440;14;11;1;30;5;2;1;1;6;88;1, ANGLAIS (DU N? 1 AU N;;;;60
201400011441;14;11;1;1355;1;2;1;1;3;88;0, ROQUEBILLIERE (R. DE);;;;60
201400011442;14;11;1;2350;5;2;2;1;3;88;0, BESSET (AV.) (A PARTI;;;;60
201400011443;14;11;2;110;5;2;1;1;7;88;RD 6202;;;;60
201400011444;14;11;2;202;5;2;2;1;6;88;12, RISSO (BD);;;;60
201400011445;14;11;4;1800;5;2;3;3;6;88;0, BOYER (RUE);;;;60
201400011446;14;11;5;1620;1;2;1;1;2;88;0, VOIE RAPIDE;;;;60
201400011447;14;11;5;1730;5;2;3;1;3;88;0, DIABLES BLEUS (AV. DE;;;;60
201400011448;14;11;5;2230;5;2;3;1;3;88;0, MONZIE (R. ANATOLE DE;;;;60
201400011449;14;11;6;815;1;2;1;1;6;88;02, FAURE (AV. FELIX);;;;60
201400011450;14;11;6;1720;2;2;2;1;3;88;0, LEPANTE (R. DE);;;;60
201400011451;14;11;7;1752;5;2;1;1;6;88;57, GAMBETTA (A PARTIR D;;;;60
201400011452;14;11;7;2110;5;2;2;1;3;88;0, VERNIER (R.);;;;60
201400011453;14;11;8;525;5;2;2;1;6;88;245, ANGLAIS PLAGE (DU 1;;;;60
201400011454;14;11;8;710;1;2;1;1;3;88;0, BARLA (RUE);;;;60
201400011455;14;11;9;1730;4;2;1;3;6;88;70, GAMBETTA (A PARTIR D;;;;60
201400011456;14;11;10;1045;1;2;1;2;2;88;16, RIQUIER (BD DE);;;;60
201400011457;14;11;11;2045;1;2;1;2;6;88;39, SANTOLINE (R. DE LA);;;;60
201400011458;14;11;12;825;1;2;1;1;3;88;25, ROQUEBILLIERE (R. DE;;;;60
201400011459;14;11;12;1400;1;2;1;2;2;88;22, FALICON (BD COMTE DE;;;;60
201400011460;14;11;13;840;1;2;1;1;3;88;0, VOIE RAPIDE;;;;60
201400011461;14;11;13;1400;1;2;1;1;2;88;ignor?, ANGLAIS (DU N? 4;;;;60
201400011462;14;11;14;745;1;2;1;1;6;88;37 BIS, MATISSE (AV. HEN;;;;60
201400011463;14;11;15;1100;1;2;1;3;6;159;9, ALBERT 1ER (AVENUE);;;;60
201400011464;14;11;15;1100;1;2;1;3;4;88;0, VOIE RAPIDE;;;;60
201400011465;14;11;16;745;1;2;2;1;3;88;67, ARIANE (BD DE L');;;;60
201400011466;14;11;16;1235;1;2;1;1;3;88;31, CAP DE CROIX (AV. ET;;;;60
201400011467;14;11;16;1615;1;2;1;1;3;88;0, RAYNAUD (BD AUGUSTE);;;;60
201400011468;14;11;17;1420;1;2;1;1;6;88;0, LEPANTE (R. DE);;;;60
201400011469;14;11;17;1715;2;2;3;1;3;88;20, ARIANE (BD DE L');;;;60
201400011470;14;11;18;1025;1;2;1;1;3;88;0, CASSIN (BD RENE);;;;60
201400011471;14;11;18;1340;1;2;1;1;2;88;0, RD 6202;;;;60
201400011472;14;11;19;650;1;2;1;1;3;88;0, TZAREWITCH (BD DU);;;;60
201400011473;14;11;19;745;1;2;1;1;6;88;45, MADELEINE (BD DE LA);;;;60
201400011474;14;11;19;1445;1;2;1;1;6;88;28, ROQUEBILLIERE (R. DE;;;;60
201400011475;14;11;19;1530;1;2;3;1;3;88;ETATS UNIS (QUAI DES);;;;60
201400011476;14;11;19;1720;4;2;1;1;3;88;63, MADELEINE (BD DE LA);;;;60
201400011477;14;11;24;1225;1;2;2;8;3;88;0, COMBOUL (AV. RAYMOND);;;;60
201400011478;14;11;24;1450;1;2;1;1;2;88;0, RD 6202;;;;60
201400011479;14;11;26;20;5;2;1;2;4;88;143, GAMBETTA (A PARTIR;;;;60
201400011480;14;11;26;830;1;2;1;8;3;88;0, GINESTIERE (CH. DE LA;;;;60
201400011481;14;11;28;730;2;2;1;2;6;88;87, LYAUTEY (AV. DU MAL);;;;60
201400011482;14;11;28;750;1;2;1;2;2;88;59, CIMIEZ (BD) A PARTIR;;;;60
201400011483;14;11;29;1305;1;2;1;1;3;88;0, SAINT-ISIDORE (QUART.;;;;60
201400011484;14;11;29;1800;5;2;2;2;3;88;31, GAMBETTA (JUSQU'AU N;;;;60
201400011485;14;12;2;800;1;2;1;1;4;88;111, CAL DE SPAGNOL SOUB;;;;60
201400011486;14;12;2;1400;1;2;1;1;6;88;2, SAINT-SYLVESTRE (AV.;;;;60
201400011487;14;12;4;845;1;2;1;1;6;88;17, RAY (AV. DU);;;;60
201400011488;14;12;4;1849;5;2;1;2;6;88;MONTEL (BD PAUL);;;;60
201400011489;14;12;4;1900;5;2;9;2;6;88;158, SAINT-ANTOINE (RTE;;;;60
201400011490;14;12;6;1030;1;2;1;2;6;88;138, ARIANE (BD DE L');;;;60
201400011491;14;12;6;1125;1;2;1;1;1;159;0, CHARLES II D ANJOU (P;;;;60
201400011492;14;12;6;1615;1;2;1;3;2;88;0, VOIE RAPIDE;;;;60
201400011493;14;12;7;1600;1;2;1;1;4;88;0, ETATS UNIS (QUAI DES);;;;60
201400011494;14;12;8;710;2;2;1;1;6;88;38, LEPANTE (R. DE);;;;60
201400011495;14;12;8;1125;1;2;1;1;3;88;54, BRANCOLAR (AV.) (A P;;;;60
201400011496;14;12;9;750;1;2;3;1;1;88;0, ARBORAS (TRAV. DES);;;;60
201400011497;14;12;10;1125;1;2;1;1;2;88;LYAUTEY (AV. DU MAL);;;;60
201400011498;14;12;11;1910;5;2;1;1;6;88;6, AUNE (RUE FRANCOIS);;;;60
201400011499;14;12;12;1300;1;2;1;1;3;88;0, SLAMA (RUE MAURICE);;;;60
201400011500;14;12;13;1750;5;2;1;1;6;88;0, BRES (RUE J.);;;;60
201400011501;14;12;13;1840;5;2;1;1;3;88;400, ANGLAIS PLAGE(  PAR;;;;60
201400011502;14;12;13;2123;5;2;1;1;6;88;290, FABRON (AV. DE) (A;;;;60
201400011503;14;12;14;250;5;2;1;2;3;88;0, ANGLAIS (DU N? 45 AU;;;;60
201400011504;14;12;14;1435;1;2;1;1;6;88;5, ANGLAIS (A PARTIR DU;;;;60
201400011505;14;12;15;800;1;2;1;1;6;88;30, FLIREY (AV. DE);;;;60
201400011506;14;12;15;1530;1;2;1;1;6;88;50, GROSSO (JUSQU'AU N?;;;;60
201400011507;14;12;16;845;1;2;3;2;3;159;0, CORNE D OR (BOULEVARD;;;;60
201400011508;14;12;17;1420;1;2;1;1;6;88;0, TASSIGNY (ESPLANADE L;;;;60
201400011509;14;12;17;1435;1;2;1;1;3;88;SAINT-PHILIPPE (PL.);;;;60
201400011510;14;12;17;1905;5;2;2;1;3;88;VERANY (BD J.B.);;;;60
201400011511;14;12;18;220;5;2;1;1;3;88;0, VERANY (BD J.B.);;;;60
201400011512;14;12;18;340;5;2;1;1;6;88;0, ANGLAIS (A PARTIR DU;;;;60
201400011513;14;12;18;1325;1;2;1;1;3;88;7, BOSQUETS (AV. DES);;;;60
201400011514;14;12;18;1630;1;2;1;1;3;88;0, HUGO (BD VICTOR);;;;60
201400011515;14;12;18;1650;1;2;1;1;6;88;5, FALICON (BD COMTE DE);;;;60
201400011516;14;12;18;1815;5;2;1;1;4;88;10, GARNIER (BD JOSEPH);;;;60
201400011517;14;12;19;1150;1;2;2;1;3;88;0, BOSQUETS (AV. DES);;;;60
201400011518;14;12;19;1325;1;2;1;1;6;88;58, BRAILLE (BD LOUIS);;;;60
201400011519;14;12;23;300;5;2;1;1;6;88;0, MASSENA (PLACE);;;;60
201400011520;14;12;23;1225;1;2;1;1;2;88;0, ROQUEBILLIERE (R. DE);;;;60
201400011521;14;12;24;1100;1;2;1;1;6;88;0, SOLA (BD PIERRE);;;;60
201400011522;14;12;24;1100;1;2;1;1;6;88;0, MASSENA (PLACE);;;;60
201400011523;14;12;24;1430;1;2;1;1;6;88;22, ANGLETERRE (RUE D');;;;60
201400011524;14;12;25;1715;2;2;1;1;1;159;19, PRINCESSE GRACE DE M;;;;60
201400011525;14;12;26;745;2;2;1;1;6;88;13, GAMBETTA (JUSQU'AU N;;;;60
201400011526;14;12;26;1100;1;2;2;1;6;88;0, LATTRE DE TASSIGNY (E;;;;60
201400011527;14;12;26;1835;5;2;1;1;2;88;GRENOBLE (ROUTE DE);;;;60
201400011528;14;12;28;1405;1;2;7;1;3;88;BAREL (PLACE MAX);;;;60
201400011529;14;12;30;1410;1;2;2;1;3;88;57, ANGLAIS (DU N? 45 AU;;;;60
201400011530;14;12;30;1520;1;2;1;1;2;88;6, PHOCEENS (AV. DES);;;;60
201400011531;14;12;30;1720;5;2;1;1;3;88;QUAI PAPACINO;;;;60
201400011532;14;12;31;1115;1;2;1;1;6;88;38, SAPPIA (AV. HENRI);;;;60
201400011533;14;12;31;1135;1;2;1;1;3;88;33, GEORGES V (AV.);;;;60
201400011534;14;5;23;515;3;1;1;1;1;234;;M;0;0;330
201400011535;14;9;25;1730;1;1;2;1;3;85;;M;0;0;330
201400011536;14;1;12;1530;1;1;1;1;6;214;;M;0;0;580
201400011537;14;1;17;1900;2;1;1;1;3;303;;M;0;0;580
201400011538;14;4;6;1545;1;1;1;1;7;303;;M;0;0;580
201400011539;14;11;2;615;2;1;1;1;7;212;;M;0;0;580
201400011540;14;4;15;1730;1;2;1;1;3;515;Bld de l'universit?;M;4731600;510000;210
201400011541;14;8;29;1345;1;2;1;1;5;171;9 boulevard Jean Moulin;M;4729600;513900;210
201400011542;14;11;4;1730;1;2;1;2;3;515;rue des charri?res;M;4731800;509900;210
201400011543;14;11;24;1400;1;2;1;1;1;515;Boulevard Jean Jaurés;M;0;0;210
201400011544;14;11;27;730;5;2;1;2;6;171;avenue de la R?publique;M;4730200;513500;210
201400011545;14;12;22;1315;1;1;1;1;6;145;;M;4496000;292300;150
201400011546;14;1;20;615;3;1;1;9;6;40;CHEMIN DU ROUSSET;M;0;0;130
201400011547;14;2;9;100;3;1;1;8;6;40;;M;0;0;130
201400011548;14;2;13;1015;1;1;2;1;3;87;;M;0;0;130
201400011549;14;2;16;915;1;1;1;2;2;40;;M;0;0;130
201400011550;14;5;4;330;3;1;1;1;6;40;;M;0;0;130
201400011551;14;6;15;1345;1;1;1;1;6;87;;M;0;0;130
201400011552;14;9;4;545;3;2;1;1;1;87;Campagne Man?ou;M;0;0;130
201400011553;14;9;7;245;3;1;1;1;1;40;;M;0;0;130
201400011554;14;9;20;815;1;1;1;1;6;87;;M;0;0;130
201400011555;14;10;3;1930;5;2;1;1;2;40;;M;0;0;130
201400011556;14;10;19;1730;1;1;1;1;1;40;;M;0;0;130
201400011557;14;1;1;945;1;1;1;1;6;195;;M;4409330;36041;470
201400011558;14;1;8;800;2;1;1;1;6;174;;M;4405600;36900;470
201400011559;14;2;13;2130;5;2;1;1;1;143;avenue g?n?ral de Gaulle;M;0;0;470
201400011560;14;3;9;1200;1;1;1;1;2;195;;M;4415200;32300;470
201400011561;14;6;4;1530;1;1;2;1;3;172;;M;4413800;51200;470
201400011562;14;11;11;900;1;1;1;1;6;195;;M;4413400;35800;470
201400011563;14;11;15;2245;3;1;1;3;6;186;;M;4421100;45200;470
201400011564;14;12;27;945;1;1;2;2;3;176;;M;4420390;29392;470
201400011565;14;12;21;1010;1;2;1;1;6;229;247, ROUTE DE MONTELIMAR;;;;70
201400011566;14;12;22;640;3;1;1;1;6;116;RN 102;;;;70
201400011567;14;1;22;500;5;2;1;1;6;19;9, BELLANDE (AVENUE DE );;;;70
201400011568;14;2;15;1300;1;2;1;2;7;19;10, GEORGES COUDERC (RUE;;;;70
201400011569;14;3;15;1610;1;1;1;1;1;19;RN 102;;;;70
201400011570;14;3;19;1435;1;2;3;1;3;19;12, DOCTEUR PARGOIRE (RU;;;;70
201400011571;14;3;24;1400;1;2;6;1;3;19;MONTELIMAR ( ROUTE DE );;;;70
201400011572;14;4;12;1515;1;2;1;1;3;19;20, DELATTRE DE TASSIGNY;;;;70
201400011573;14;5;12;1300;1;2;1;1;6;19;93, JEAN MATHON(BOULEVAR;;;;70
201400011574;14;6;8;600;1;1;1;1;1;116;RN 102;;;;70
201400011575;14;8;1;1415;1;2;1;1;5;19;BOISVIGNAL (AVENUE);;;;70
201400011576;14;8;25;515;3;2;1;1;6;19;34, SAINT PIERRE(CHEMIN;;;;70
201400011577;14;9;15;1510;1;1;1;1;6;19;RN 102;;;;70