num_acc;an;mois;jour;hrmn;lum;agg;int;atm;col;com;adr;gps;lat;long;dep
201400011578;14;9;20;2300;5;2;6;1;6;19;4, CAMILLE LAPRADE (BOUL;;;;70
201400011579;14;2;5;1830;5;2;1;2;6;102;REPUBLIQUE (AV. DE LA) [;;;;70
201400011580;14;2;17;820;1;2;1;1;2;102;Chemin des MULETS;;;;70
201400011581;14;2;19;700;2;2;1;1;3;102;, MISTRAL (PONT FREDERIC;;;;70
201400011582;14;3;8;1559;1;2;2;1;3;102;0, BRANDONS (RUE DES);;;;70
201400011583;14;3;30;1510;1;1;1;1;6;281;C.D. 533 (VERS LE PUY);;;;70
201400011584;14;4;26;500;5;2;6;1;6;102;REPUBLIQUE (AV.DE LA) [D;;;;70
201400011585;14;5;8;1720;1;1;1;1;4;281;C.D. 533 (VERS LE PUY);;;;70
201400011586;14;5;21;750;1;2;3;2;3;70;100, COLONNEL ROUSSET (A;;;;70
201400011587;14;5;28;1325;1;2;1;1;6;281;GAULLE (AVENUE CHARLES D;;;;70
201400011588;14;6;26;1955;1;1;1;1;1;281;C.D.533;;;;70
201400011589;14;6;27;905;1;1;1;1;7;281;C.D. 533 (VERS LE PUY);;;;70
201400011590;14;7;20;1047;1;2;6;1;3;102;0, CRUSSOL (RUE DE);;;;70
201400011591;14;8;2;1215;1;1;1;1;6;281;C.D. 533 (VERS LE PUY);;;;70
201400011592;14;4;13;1630;1;1;1;1;1;202;;M;0;0;110
201400011593;14;4;15;1630;1;1;1;1;1;202;;M;0;0;110
201400011594;14;6;20;1145;1;1;1;1;3;86;;M;4293640;299134;110
201400011595;14;8;8;715;1;2;1;1;1;202;Avenue du Languedoc;M;0;0;110
201400011596;14;11;23;1845;3;1;1;2;2;202;;M;4285568;303279;110
201400011597;14;3;5;530;2;1;1;1;1;38;GN49.453 5.952;M;0;0;570
201400011598;14;4;1;1400;1;2;1;1;3;38;rue Salvador Allende;M;0;0;570
201400011599;14;4;2;1830;1;2;1;1;3;529;RUE DES ECOLES49.43 6.01;M;0;0;570
201400011600;14;4;6;2115;3;1;6;1;7;305;;M;0;0;570
201400011601;14;5;3;2015;1;2;6;1;7;41;Rond point RD906;M;4942314;593460;570
201400011602;14;5;5;1515;1;1;1;1;1;38;GN 49.468 5.964;M;0;0;570
201400011603;14;6;21;15;5;2;1;1;7;38;RD 16 008+100;M;0;0;570
201400011604;14;6;27;2015;1;2;1;1;3;498;RD57;M;0;0;570
201400011605;14;10;3;1130;1;1;1;1;3;41;;M;0;0;570
201400011606;14;12;17;1740;5;2;1;2;3;186;COTE DU BARON;;;;70
201400011607;14;1;31;1705;1;2;1;1;6;186;300, PASTE (BLD. DE);;;;70
201400011608;14;2;17;135;5;2;1;1;6;186;55, MINES (ROUTES DES) A;;;;70
201400011609;14;5;15;1210;1;2;1;1;2;186;445, SEGUIN (AVENUE MARC;;;;70
201400011610;14;5;23;1540;1;2;3;1;3;186;263, SEGUIN (AVENUE MARC;;;;70
201400011611;14;5;31;435;3;1;1;1;6;72;CHASSAGNE (BAS);;;;70
201400011612;14;8;5;1925;1;2;1;1;2;186;1 TER, MINES (ROUTES DES;;;;70
201400011613;14;8;24;1525;1;1;1;1;7;72;CHASSAGNE (HAUT);;;;70
201400011614;14;9;11;845;1;2;1;1;6;186;07, CHOMERAC (AVENUE DE);;;;70
201400011615;14;10;3;820;1;2;1;1;3;8;GRANDE RUE;;;;70
201400011616;14;9;23;1955;2;2;1;1;6;8;339, Route de ROCHESSAUV;;;;70
201400011617;14;10;19;1645;1;2;1;1;7;186;1, ROMAINE (VOIE);;;;70
201400011618;14;10;31;1645;1;2;1;1;3;186;1, ROUTE DEPARTEMENTALE;;;;70
201400011619;14;11;6;1655;1;2;1;1;2;186;13, COUX (AVENUE DE);;;;70
201400011620;14;11;8;2220;5;2;1;1;6;186;39, AUBENAS (ROUTE D');;;;70
201400011621;14;11;11;710;2;2;1;2;6;186;42, AUBENAS (ROUTE D');;;;70
201400011622;14;11;17;1325;1;2;1;1;6;186;1, RECLUSE (RUE DE LA);;;;70
201400011623;14;12;13;1310;1;1;1;8;3;8;D2 ( ROUTE DEPARTEMENTAL;;;;70
201400011624;14;1;17;1315;1;2;1;1;3;259;Route de Lodeve;M;0;0;340
201400011625;14;1;18;615;5;2;2;1;3;123;Route de Lodeve;M;0;0;340
201400011626;14;3;5;1915;3;2;1;1;6;134;cd 5;M;4359500;380600;340
201400011627;14;8;3;1900;1;1;1;1;3;202;;M;0;0;340
201400011628;14;8;9;800;1;1;1;1;6;202;;M;0;0;340
201400011629;14;11;5;1845;5;2;1;1;6;134;1 rue des serres;M;4397600;333400;340
201400011630;14;6;24;1115;1;1;9;1;5;397;;M;4320200;249200;110
201400011631;14;7;12;1315;1;2;1;1;6;397;route de BEZIERS;M;0;0;110
201400011632;14;10;16;1530;1;2;1;1;6;397;1 rue de picardie;M;4321000;244200;110
201400011633;14;11;13;1345;1;1;1;1;1;337;;M;4321900;262800;110
201400011634;14;6;1;730;2;1;1;1;6;257;;M;0;0;230
201400011635;14;12;10;1845;5;2;6;1;6;575;Place du 14 juillet;M;0;0;780
201400011636;14;1;15;1245;1;1;1;2;7;319;A10;M;4864100;214500;910
201400011637;14;2;12;630;3;1;1;1;2;9;;M;0;0;780
201400011638;14;2;27;1730;1;1;1;1;6;92;;M;4835405;187456;280
201400011639;14;4;2;1115;1;1;1;1;6;26;;M;4832164;186348;280
201400011640;14;5;23;1100;1;1;1;1;6;363;;M;4841943;189915;280
201400011641;14;5;30;2300;3;1;1;1;6;26;;M;4832792;186458;280
201400011642;14;6;22;1630;1;1;1;1;6;363;;M;4840085;189361;280
201400011643;14;7;10;800;1;1;1;8;6;3;;M;4853100;183600;780
201400011644;14;7;13;100;5;1;1;1;2;537;;M;0;0;780
201400011645;14;7;30;2230;3;1;1;1;2;9;;M;4846800;191300;780
201400011646;14;8;3;830;1;1;1;1;6;506;;M;0;0;780
201400011647;14;8;31;2315;3;1;1;1;6;26;;M;4832295;186352;280
201400011648;14;9;14;1130;1;1;1;1;7;408;;M;4837515;188680;280
201400011649;14;9;22;1800;1;1;1;1;5;349;;M;4857500;199300;780
201400011650;14;9;24;1545;1;1;1;1;7;349;;M;4857000;197900;780
201400011651;14;9;28;1345;1;1;1;1;6;601;;M;0;0;780
201400011652;14;9;29;845;1;1;1;2;2;363;A10;M;0;0;910
201400011653;14;10;11;745;2;1;9;2;4;3;;M;0;0;780
201400011654;14;10;14;1000;1;1;9;1;7;562;;M;0;0;780
201400011655;14;10;14;1630;1;1;1;1;3;499;;M;0;0;780
201400011656;14;10;14;1200;1;1;1;1;6;537;;M;4855900;193200;780
201400011657;14;10;26;1700;1;1;1;1;2;200;A 10;M;4856200;193900;910
201400011658;14;10;27;830;1;1;1;5;1;143;;M;0;0;780
201400011659;14;11;13;830;1;2;1;1;7;537;8 rue de Guhermont;M;0;0;780
201400011660;14;11;14;1600;1;1;6;8;7;3;;M;4853500;183300;780
201400011661;14;11;26;1315;1;1;1;2;6;3;;M;0;0;780
201400011662;14;11;26;1930;5;2;1;2;1;356;Rue jean baudin;M;0;0;780
201400011663;14;11;26;1130;1;2;1;1;6;513;Les Croix;M;0;0;780
201400011664;14;12;1;1145;1;1;1;1;2;499;;M;0;0;780
201400011665;14;12;7;1845;3;1;1;1;1;497;;M;0;0;780
201400011666;14;12;13;1300;1;1;1;3;6;128;;M;0;0;780
201400011667;14;12;18;1130;1;1;1;1;3;464;;M;0;0;780
201400011668;14;12;19;1245;1;1;1;2;1;356;;M;0;0;780
201400011669;14;12;30;1130;1;1;1;1;1;569;;M;4853600;195200;780
201400011670;14;4;20;2330;3;1;1;1;6;232;D980;M;0;0;510
201400011671;14;6;21;1225;1;1;1;1;1;105;D64;M;0;0;510
201400011672;14;7;26;2200;3;1;1;1;6;75;D274;M;0;0;510
201400011673;14;5;17;2100;2;2;1;1;3;7;ROUTE DE LA TAQUIERE;M;4549200;480500;690
201400011674;14;6;12;1545;1;1;1;1;3;189;;M;0;0;690
201400011675;14;6;29;745;1;1;1;1;6;80;;M;0;0;690
201400011676;14;7;18;2100;2;1;1;1;2;7;;M;0;0;690
201400011677;14;8;27;1130;1;2;7;1;6;7;place de l'?glise;M;0;0;690
201400011678;14;8;28;1745;1;2;1;1;7;64;Rue de l'Arbuel;M;4547200;476800;690
201400011679;14;9;2;1730;1;1;3;1;3;7;;M;0;0;690
201400011680;14;10;26;1800;1;1;1;1;6;7;;M;0;0;690
201400011681;14;1;17;1115;1;2;1;1;3;50;avenue de la Branchoire;M;0;0;370
201400011682;14;4;3;745;1;2;1;2;3;50;Carrefour RD910/RD943;M;0;0;370
201400011683;14;4;28;1815;1;2;1;1;3;50;AVENUE DE LA REPUBLIQUE;M;0;0;370
201400011684;14;7;10;1615;1;2;1;1;6;50;AV ALEXANDRE MINKOWSKI;M;0;0;370
201400011685;14;8;27;1100;1;1;6;8;3;99;ROND POINT DU PANIER;M;0;0;370
201400011686;14;9;10;1845;1;2;9;1;6;50;PARKING AUCHAN;M;0;0;370
201400011687;14;4;23;1915;1;1;1;1;6;140;;M;4837586;-430625;290
201400011688;14;4;29;2330;3;1;1;1;6;189;;M;4837401;-436867;290
201400011689;14;4;29;2030;1;1;1;1;1;189;;M;4837405;-436910;290
201400011690;14;5;26;1445;1;2;1;1;1;189;rue de la fontaine blanc;M;4837405;-436910;290
201400011691;14;5;26;1530;1;1;1;1;1;78;;M;4832749;-416111;290
201400011692;14;7;11;1730;1;1;1;1;2;78;;M;4831027;-418504;290
201400011693;14;1;29;30;3;2;6;3;6;229;Rond-Point Marilou;M;4471100;-104900;330
201400011694;14;2;8;315;3;1;6;2;6;229;;M;4473900;-103400;330
201400011695;14;6;4;930;1;1;1;1;3;5;;M;0;0;330
201400011696;14;6;13;2030;1;1;9;1;6;229;;M;0;0;330
201400011697;14;7;17;1230;1;1;1;1;6;229;;M;0;0;330
201400011698;14;8;3;1645;1;1;1;1;3;229;;M;0;0;330
201400011699;14;8;27;2145;5;2;3;1;3;5;50 bd J.Marcel Despagne;M;0;0;330
201400011700;14;9;14;300;5;2;1;1;6;229;5 bd de la R?publique;M;0;0;330
201400011701;14;12;2;745;2;1;1;1;1;229;;M;0;0;330
201400011702;14;12;20;1545;1;2;1;1;6;5;avenue de Bordeaux;M;0;0;330
201400011703;14;5;15;1130;1;2;1;1;2;142;924A;M;0;0;600
201400011704;14;5;18;1615;1;1;1;1;3;142;;M;0;0;600
201400011705;14;6;25;1500;1;2;1;1;1;142;Rue de Paris;M;0;0;600
201400011706;14;3;19;1015;1;1;1;1;1;257;;M;4536680;651870;730
201400011707;14;7;15;1645;1;1;1;1;5;257;;M;4535480;652230;730
201400011708;14;2;23;2030;3;1;1;1;2;617;A4;M;0;0;510
201400011709;14;7;14;1700;1;1;1;1;6;617;A4;M;0;0;510
201400011710;14;9;22;1630;1;1;1;1;1;326;D944;M;0;0;510
201400011711;14;11;2;745;1;1;1;1;2;99;A26;M;0;0;510
201400011712;14;12;9;200;3;1;1;1;6;409;A26;M;0;0;510
201400011713;14;12;17;1830;3;1;1;3;7;99;A26;M;0;0;510
201400011714;14;8;18;845;1;1;1;3;4;323;N4;M;0;0;510
201400011715;14;1;24;615;3;1;1;8;2;185;;M;4844210;253289;770
201400011716;14;3;9;1945;3;1;1;1;3;435;;M;4848900;251700;770
201400011717;14;4;7;815;1;1;1;1;2;370;;M;4824200;274800;770
201400011718;14;6;8;2230;3;1;1;1;6;168;;M;4815800;287200;770
201400011719;14;6;27;1830;1;1;1;3;6;216;;M;4828800;267600;770
201400011720;14;6;28;2230;3;1;1;2;5;407;;M;4850600;250600;770
201400011721;14;10;2;1515;1;1;9;1;3;69;;M;4848900;262900;770
201400011722;14;10;4;1900;2;1;1;1;7;115;;M;0;0;770
201400011723;14;10;21;545;3;1;1;1;6;99;;M;4817000;270400;770
201400011724;14;10;23;1715;1;2;1;1;1;477;intersection d152 /d63;M;;;770
201400011725;14;11;1;315;3;1;1;1;2;1;;M;4822001;234030;770
201400011726;14;11;3;1500;1;1;1;1;3;115;;M;0;0;770
201400011727;14;11;7;1500;1;1;1;8;6;471;;M;0;0;770
201400011728;14;11;9;1630;1;2;1;1;5;69;13 rue de forge;M;0;0;770
201400011729;14;11;12;1030;1;1;1;1;1;185;;M;4826269;232049;770
201400011730;14;12;3;1515;1;1;1;8;3;465;;M;4832800;295300;770
201400011731;14;12;5;2015;3;1;9;1;6;156;;M;4825900;272000;770
201400011732;14;12;6;645;3;1;1;8;1;370;;M;4825900;268500;770
201400011733;14;12;9;715;2;1;1;9;1;185;;M;4845800;255300;770
201400011734;14;12;18;1845;3;1;1;2;5;431;;M;4828600;268700;770
201400011735;14;12;22;1845;3;1;1;1;6;485;;M;4834700;252200;770
201400011736;14;12;26;1915;3;1;1;2;3;185;;M;4846400;255500;770
201400011737;14;2;18;115;3;1;1;1;2;259;;M;0;0;620
201400011738;14;4;10;2315;3;1;1;1;6;121;;M;0;0;620
201400011739;14;4;11;645;3;1;1;1;4;80;;M;0;0;620
201400011740;14;4;29;15;3;1;1;1;5;582;;M;0;0;620
201400011741;14;8;6;1430;1;1;1;3;6;121;;M;5012252;287176;620
201400011742;14;10;30;1945;3;1;1;1;6;426;;M;0;0;620
201400011743;14;11;20;1630;1;1;1;1;1;594;;M;0;0;620
201400011744;14;11;29;1200;1;1;1;1;1;680;;M;0;0;620
201400011745;14;12;11;930;1;1;1;1;1;754;;M;0;0;620
201400011746;14;1;25;1615;1;1;1;9;7;521;;M;0;0;800
201400011747;14;2;2;1930;3;1;1;1;6;555;;M;0;0;800
201400011748;14;3;10;615;2;1;1;1;6;101;;M;0;0;800
201400011749;14;4;16;400;3;1;1;1;7;741;;M;0;0;800
201400011750;14;4;27;1645;1;1;1;1;2;685;;M;0;0;800
201400011751;14;5;7;1500;1;1;1;1;3;430;;M;0;0;800
201400011752;14;6;10;1800;1;1;1;1;5;646;;M;0;0;800
201400011753;14;7;15;725;1;1;1;1;7;204;;M;0;0;800
201400011754;14;7;17;1330;1;1;9;1;3;685;;M;0;0;800
201400011755;14;8;14;1900;1;1;1;8;5;2;;M;0;0;800
201400011756;14;10;12;1045;1;1;1;2;2;58;;M;0;0;800
201400011757;14;10;15;845;1;1;1;8;3;521;;M;0;0;800
201400011758;14;11;28;2315;3;1;1;1;6;421;;M;0;0;800
201400011759;14;12;3;1745;2;1;1;1;2;101;;M;0;0;800
201400011760;14;12;23;715;3;1;1;1;4;685;;M;0;0;800
201400011761;14;12;30;2000;3;1;1;1;2;521;;M;0;0;800
201400011762;14;1;23;1000;1;1;1;1;3;103;A54 PK 71+500 Sens O-E;M;0;0;130
201400011763;14;2;8;1200;1;1;1;1;6;49;;M;0;0;130
201400011764;14;2;18;1045;1;1;1;1;6;51;;M;0;0;130
201400011765;14;2;26;1115;1;1;1;3;5;114;;M;0;0;130
201400011766;14;3;7;1645;1;1;1;1;2;67;;M;0;0;130
201400011767;14;3;15;1945;3;1;1;6;2;105;;M;0;0;130
201400011768;14;4;13;1800;1;1;1;1;6;105;;M;0;0;130
201400011769;14;6;15;2215;3;1;1;8;2;105;;M;0;0;130
201400011770;14;6;20;30;3;1;1;1;3;112;;M;0;0;130
201400011771;14;7;23;1115;1;1;1;1;4;103;;M;0;0;130
201400011772;14;8;25;1515;1;1;1;1;2;112;;M;0;0;130
201400011773;14;8;24;1415;1;1;1;1;2;51;;M;0;0;130
201400011774;14;8;31;515;3;1;1;1;2;114;;M;0;0;130
201400011775;14;8;31;1045;1;1;1;1;6;103;;M;0;0;130
201400011776;14;9;8;630;2;1;1;1;1;97;;M;0;0;130
201400011777;14;10;13;1030;1;1;1;1;7;103;;M;0;0;130
201400011778;14;10;22;1915;3;1;1;2;2;37;;M;0;0;130
201400011779;14;11;2;1830;3;1;1;1;4;103;;M;0;0;130
201400011780;14;11;4;1930;3;1;1;3;1;1;;M;0;0;130
201400011781;14;11;14;700;3;1;1;1;2;51;;M;0;0;130
201400011782;14;12;6;1600;1;1;1;2;2;1;;M;0;0;130
201400011783;14;12;10;1415;1;1;1;1;2;51;;M;0;0;130
201400011784;14;1;3;1830;3;1;1;2;3;87;;M;0;0;840
201400011785;14;1;13;615;3;1;1;1;2;212;;M;4393491;460071;300
201400011786;14;5;14;515;3;1;1;1;2;81;;M;0;0;840
201400011787;14;5;21;1230;1;1;1;1;5;91;;M;0;0;840
201400011788;14;6;20;415;3;1;1;1;3;91;;M;0;0;840
201400011789;14;6;20;1330;1;1;1;1;3;91;;M;0;0;840
201400011790;14;6;23;245;3;1;1;1;5;83;;M;0;0;840
201400011791;14;7;16;1630;1;1;1;1;7;81;;M;0;0;840
201400011792;14;9;5;1600;1;1;1;1;7;129;;M;0;0;840
201400011793;14;10;7;1515;1;1;1;1;1;83;;M;0;0;840
201400011794;14;10;8;745;1;1;1;1;2;221;;M;4402775;474576;300
201400011795;14;11;6;645;2;1;1;1;5;91;;M;0;0;840
201400011796;14;12;12;1630;1;1;1;1;2;116;;M;4393940;460866;300
201400011797;14;4;7;1145;3;1;1;1;1;86;;M;0;0;600
201400011798;14;4;12;1700;1;1;1;1;3;584;;M;0;0;600
201400011799;14;4;26;1115;1;1;1;3;1;393;;M;0;0;600
201400011800;14;5;31;715;1;1;1;1;3;686;;M;0;0;600
201400011801;14;8;6;1545;1;1;1;3;3;601;;M;0;0;600
201400011802;14;10;16;1030;1;2;1;8;1;393;rue de creil;M;0;0;600
201400011803;14;11;22;30;3;1;1;1;7;651;;M;0;0;600
201400011804;14;8;3;1530;1;1;1;3;7;142;;M;0;0;80
201400011805;14;6;21;330;3;1;9;1;6;466;;M;0;0;250
201400011806;14;10;22;845;1;1;1;1;5;133;;M;0;0;250
201400011807;14;11;11;300;3;1;1;5;3;368;;M;0;0;250
201400011808;14;12;24;1045;1;1;1;1;6;47;;M;0;0;250
201400011809;14;3;4;1200;1;1;1;1;6;102;;M;4922000;47300;270
201400011810;14;3;11;1200;1;1;1;1;6;518;;M;4927000;32300;270
201400011811;14;4;4;2330;3;1;1;1;2;102;;M;4922000;46400;270
201400011812;14;4;24;715;1;1;1;1;6;340;;M;4921500;48300;270
201400011813;14;5;18;1945;1;1;1;1;2;661;;M;4921200;52200;270
201400011814;14;5;28;1445;1;1;9;2;7;65;;M;4919100;18400;270
201400011815;14;6;8;1515;1;1;1;1;3;705;;M;4932942;108747;760
201400011816;14;7;29;730;2;1;1;2;7;580;;M;4920500;54000;270
201400011817;14;10;9;2315;3;1;1;1;6;263;;M;4923100;33300;270
201400011818;14;12;24;1130;1;1;1;8;6;227;;M;4922200;38400;270
201400011819;14;1;17;2045;5;1;1;1;1;697;;M;4912300;113000;270
201400011820;14;2;25;1945;3;1;1;1;4;68;;M;0;0;780
201400011821;14;4;5;2245;3;1;1;1;1;203;;M;4903000;126200;270
201400011822;14;10;15;1115;1;1;1;8;2;517;;M;4907300;119200;270
201400011823;14;10;29;745;2;1;1;1;2;336;;M;4903500;125000;270
201400011824;14;12;24;1915;3;1;1;1;2;701;;M;4914300;111300;270
201400011825;14;12;27;2230;3;1;1;1;4;188;;M;4917100;107200;270
201400011826;14;1;17;2330;3;1;9;1;2;541;;M;0;0;600
201400011827;14;3;6;2215;3;1;1;1;4;369;;M;0;0;600
201400011828;14;3;17;2000;4;1;1;1;7;125;;M;0;0;600
201400011829;14;4;24;1800;1;1;1;1;2;125;;M;0;0;600
201400011830;14;4;27;1630;1;1;1;1;6;369;;M;0;0;600
201400011831;14;5;2;200;3;1;1;1;3;100;;M;0;0;600
201400011832;14;5;16;530;2;1;1;1;6;100;;M;0;0;600
201400011833;14;5;26;815;1;1;1;2;5;100;;M;0;0;600
201400011834;14;6;22;849;1;1;1;1;6;19;;M;0;0;600
201400011835;14;8;12;630;2;1;1;1;6;100;;M;0;0;600
201400011836;14;10;19;245;3;1;1;1;5;558;;M;0;0;600
201400011837;14;11;29;1600;1;2;1;1;1;341;3 RUE DU TOURNESOL;M;0;0;600
201400011838;14;11;29;1545;1;1;1;1;6;533;;M;0;0;600
201400011839;14;11;30;730;2;1;1;5;5;100;;M;0;0;600
201400011840;14;12;22;1100;1;1;1;1;7;160;;M;0;0;600
201400011841;14;3;14;130;3;1;1;1;6;589;;M;4747300;495600;210
201400011842;14;4;6;1030;1;1;1;1;3;479;;M;4750900;474000;210
201400011843;14;5;25;2115;3;1;1;1;7;573;;M;4744700;479400;210
201400011844;14;8;30;1345;1;1;1;1;2;27;;M;4738500;505300;210
201400011845;14;9;28;1600;1;1;1;1;7;651;;M;0;0;210
201400011846;14;11;7;1815;3;1;2;1;3;3;;M;4737600;503800;210
201400011847;14;1;29;715;3;1;1;2;2;19;;M;0;0;690
201400011848;14;5;21;1800;1;1;1;1;6;264;;M;0;0;690
201400011849;14;6;1;1300;1;1;1;1;2;77;;M;0;0;690
201400011850;14;6;14;600;1;1;1;1;3;13;;M;0;0;690
201400011851;14;6;18;1030;1;1;1;1;7;115;;M;0;0;690
201400011852;14;6;20;2015;1;1;1;1;6;206;;M;0;0;690
201400011853;14;6;23;1600;1;1;1;1;2;206;;M;0;0;690
201400011854;14;11;8;1715;2;1;1;1;6;115;;M;0;0;690
201400011855;14;3;5;500;3;1;1;1;7;623;;M;0;0;590
201400011856;14;5;18;1945;1;1;1;1;6;731;;M;0;0;620
201400011857;14;8;4;545;2;1;1;1;6;488;;M;0;0;590
201400011858;14;9;6;530;3;1;1;1;5;125;;M;0;0;590
201400011859;14;1;10;2015;3;1;1;1;2;377;;M;0;0;380
201400011860;14;1;30;2200;3;1;1;2;6;449;;M;0;0;380
201400011861;14;4;16;330;3;1;1;1;3;381;;M;0;0;380
201400011862;14;4;19;445;3;1;1;1;5;348;;M;0;0;380
201400011863;14;6;23;1445;1;1;1;1;2;64;;M;4593200;566100;380
201400011864;14;7;17;1815;1;1;1;1;1;381;;M;0;0;380
201400011865;14;8;2;15;3;1;1;3;6;530;;M;0;0;380
201400011866;14;8;15;1530;1;1;1;8;3;449;;M;0;0;380
201400011867;14;10;30;1815;3;1;1;1;2;481;;M;0;0;380
201400011868;14;11;1;1615;1;1;1;1;6;530;;M;0;0;380
201400011869;14;11;2;2015;3;1;1;1;3;343;;M;0;0;380
201400011870;14;1;10;300;5;2;1;2;6;278;rue de Mulhouse;M;4775433;739088;680
201400011871;14;1;24;1130;1;1;1;1;2;118;;M;4771553;744691;680
201400011872;14;2;11;845;1;2;2;1;6;278;;M;4774978;740791;680
201400011873;14;5;19;1740;1;2;1;1;2;278;ALBERT SCWHEITZER 40;M;4775337;738435;680
201400011874;14;5;26;1900;1;2;3;1;3;278;rue saint jean;M;4774806;739835;680
201400011875;14;5;27;755;1;2;2;1;3;118;;M;4772832;742635;680
201400011876;14;8;19;1800;1;2;1;1;6;278;8 rue de bellevue;M;4774707;738985;680
201400011877;14;10;17;1530;1;2;1;1;3;278;42 rue Ile napoleon;M;4775535;740302;680
201400011878;14;11;28;1845;5;2;1;1;3;278;HABSHEIM (RUE DE) 16;M;4774833;740917;680
201400011879;14;1;18;1345;1;1;3;1;3;108;;M;4807393;-101844;530
201400011880;14;5;6;1530;1;1;1;2;6;39;;M;4815706;-100535;530
201400011881;14;7;4;1445;1;1;1;1;7;182;;M;4811521;-96009;530
201400011882;14;8;19;1700;1;1;1;1;3;243;;M;4814275;-89881;530
201400011883;14;9;8;1330;1;1;1;1;2;137;;M;4807042;-93134;530
201400011884;14;9;17;2230;3;1;1;1;7;226;la chevallerie;M;4824116;-95774;530
201400011885;14;10;8;30;3;1;1;1;1;137;;M;4807451;-93900;530
201400011886;14;12;20;1800;3;2;1;1;6;229;rue de la mairie;M;4813340;-75344;530
201400011887;14;1;4;2000;5;2;1;2;3;250;GRANDE RUE;M;4909590;248220;950
201400011888;14;1;23;530;3;1;1;3;3;604;RD 317;M;4910760;253190;950
201400011889;14;2;18;1130;1;2;1;1;6;250;SQUARE DE PROVENCE;M;4909670;250160;950
201400011890;14;3;5;1700;1;1;6;1;7;604;RD 317;M;4909950;253150;950
201400011891;14;3;5;2015;3;1;1;1;7;580;RD 16;M;4908780;254050;950
201400011892;14;3;11;1945;5;2;1;1;2;250;AV DE LA HAUTE GREVE;M;4909680;250350;950
201400011893;14;11;20;1000;1;2;1;1;6;250;AV HENRI BARBUSSE;M;4909550;251190;950
201400011894;14;12;4;1500;2;2;1;8;6;250;AV HENRI BARBUSSE;M;4909830;252060;950
201400011895;14;12;2;1015;1;1;2;8;2;571;D931/D34;M;0;0;510
201400011896;14;6;14;1900;1;1;1;1;7;377;;M;4950340;117602;760
201400011897;14;10;26;2345;3;1;1;1;6;517;;M;4950472;117769;760
201400011898;14;12;23;1530;1;1;1;5;6;434;;M;4611802;-76117;170
201400011899;14;1;12;415;3;1;1;1;7;299;;M;4596252;-96103;170
201400011900;14;5;5;2115;3;1;1;1;6;388;;M;4553127;-60862;170
201400011901;14;8;26;130;3;1;1;3;6;181;;M;4588533;-61633;170
201400011902;14;9;5;945;1;1;1;1;4;299;;M;4596213;-95877;170
201400011903;14;9;18;715;2;1;1;8;6;45;;M;4584882;-82096;170
201400011904;14;9;18;1500;1;1;1;1;3;181;;M;4587904;-62158;170
201400011905;14;10;5;1000;1;1;1;1;2;227;;M;4556724;-60119;170
201400011906;14;11;12;1615;1;1;1;1;1;179;;M;4569399;-61785;170
201400011907;14;11;16;1215;1;1;9;3;4;444;;M;4568167;-64401;170
201400011908;14;11;19;530;3;1;1;8;2;157;;M;4590050;-59238;170
201400011909;14;11;20;900;1;1;2;7;3;131;;M;4558518;-84759;170
201400011910;14;12;4;1630;1;1;1;8;2;336;;M;4577195;-68940;170
201400011911;14;12;15;1900;3;1;1;3;2;387;;M;4581517;-77287;170
201400011912;14;5;5;730;1;2;1;1;7;262;grande rue;M;0;0;250
201400011913;14;10;30;1330;1;2;1;1;6;578;GRANDE RUE;M;4714727;634577;250
201400011914;14;1;17;1045;1;2;1;5;1;22;32, route de Fronton;M;0;0;310
201400011915;14;2;2;1415;1;2;1;8;1;484;ROUTE DU CHATEAU D'EAU;M;4368751;149601;310
201400011916;14;2;17;1900;5;2;1;1;3;186;102 route de Fronton;M;4367634;142414;310
201400011917;14;6;29;830;1;1;1;1;1;410;;M;4369930;145470;310
201400011918;14;8;2;1745;1;2;1;1;7;116;Chemin des Barrières;M;4369579;143357;310
201400011919;14;10;24;1100;5;1;1;1;7;22;;M;0;0;310
201400011920;14;12;10;2000;5;2;6;2;6;22;31 avenue de Fronton;M;4366146;143145;310
201400011921;14;11;6;1300;1;1;1;1;5;567;;M;0;0;390
201400011922;14;2;22;700;2;1;1;1;5;116;;M;0;0;830
201400011923;14;3;2;1445;1;1;1;1;2;23;;M;0;0;830
201400011924;14;3;3;845;1;1;1;3;6;116;;M;0;0;830
201400011925;14;5;16;2145;4;1;1;1;2;110;;M;0;0;130
201400011926;14;5;23;700;1;1;1;1;2;116;;M;0;0;830
201400011927;14;9;9;1600;1;1;1;1;3;23;;M;0;0;830
201400011928;14;9;14;1730;1;1;1;1;2;116;;M;0;0;830
201400011929;14;11;10;1415;1;1;1;2;3;23;;M;0;0;830
201400011930;14;11;14;1315;1;1;1;3;2;87;;M;0;0;130
201400011931;14;12;24;615;3;1;1;1;6;23;;M;0;0;830
201400011932;14;3;5;745;1;1;1;1;6;256;;M;0;0;740
201400011933;14;6;4;545;2;1;9;1;2;197;;M;0;0;740
201400011934;14;9;16;700;2;1;1;1;7;118;;M;0;0;740
201400011935;14;1;1;400;3;1;6;2;6;340;;M;4319300;422600;340