num_acc;an;mois;jour;hrmn;lum;agg;int;atm;col;com;adr;gps;lat;long;dep
201400011936;14;1;7;1915;3;1;1;1;6;123;;M;4372711;418283;300
201400011937;14;2;8;2000;3;1;1;1;6;333;;M;4376465;426691;300
201400011938;14;2;17;800;1;1;1;1;3;333;;M;4375599;425996;300
201400011939;14;2;22;1230;1;1;1;1;2;22;;M;4365303;399043;340
201400011940;14;2;24;300;3;1;1;1;5;240;;M;0;0;340
201400011941;14;2;25;415;3;1;1;1;2;347;;M;4374825;424349;300
201400011942;14;2;28;1915;3;1;1;1;3;145;;M;4390203;453327;300
201400011943;14;6;15;1145;1;1;1;1;5;347;;M;4374855;424706;300
201400011944;14;6;18;1345;1;1;1;1;1;240;;M;0;0;340
201400011945;14;6;29;1030;1;1;1;1;2;123;;M;4372706;418273;300
201400011946;14;7;1;1130;1;1;1;1;6;294;;M;4370143;411407;340
201400011947;14;7;4;1800;1;1;1;1;2;34;;M;4373402;446786;300
201400011948;14;7;8;1430;1;1;1;1;6;125;;M;4377272;441847;300
201400011949;14;8;2;1200;1;1;1;1;4;189;;M;4380679;436044;300
201400011950;14;8;30;1730;1;1;1;1;2;60;;M;4379005;439916;300
201400011951;14;9;9;1345;1;1;1;1;7;344;;M;4375046;422693;300
201400011952;14;9;22;600;3;1;1;1;3;22;;M;0;0;340
201400011953;14;10;26;1700;1;1;1;1;6;317;;M;4391646;457482;300
201400011954;14;11;15;845;1;1;1;2;2;123;;M;4372584;417779;300
201400011955;14;11;17;100;3;1;1;1;2;240;;M;0;0;340
201400011956;14;11;7;2015;3;1;1;1;3;240;;M;0;0;340
201400011957;14;11;30;1630;1;1;1;1;1;189;;M;4380715;435790;300
201400011958;14;12;19;2345;3;1;1;1;2;256;;M;0;0;340
201400011959;14;1;18;730;3;1;1;1;2;262;;M;4318700;294700;110
201400011960;14;1;29;615;3;1;1;2;2;203;;M;4317000;274000;110
201400011961;14;1;30;1130;1;1;1;1;6;322;;M;0;0;110
201400011962;14;6;16;1830;1;1;1;1;2;379;;M;0;0;110
201400011963;14;6;30;345;3;1;1;1;6;86;;M;0;0;110
201400011964;14;10;5;630;3;1;1;2;4;441;;M;0;0;110
201400011965;14;1;25;1830;3;1;1;2;3;225;;M;0;0;370
201400011966;14;1;31;1715;1;2;6;1;1;27;giratoire mairie;M;0;0;370
201400011967;14;8;6;1315;1;1;1;2;7;8;;M;0;0;370
201400011968;14;8;17;1200;1;1;1;1;3;27;LA CHOLTRIE;M;0;0;370
201400011969;14;8;29;1;4;2;1;1;6;141;CHANCELLEE;M;0;0;370
201400011970;14;1;10;645;3;1;1;1;5;2;;M;0;0;280
201400011971;14;1;10;1445;1;1;1;1;6;164;;M;0;0;280
201400011972;14;2;23;1045;1;1;1;1;6;20;;M;4783923;167247;450
201400011973;14;2;28;830;1;1;1;8;6;311;;M;4821433;184702;280
201400011974;14;3;4;330;3;1;1;8;2;8;;M;4807723;185053;450
201400011975;14;3;6;1930;3;1;1;1;6;203;;M;4784901;168599;450
201400011976;14;3;9;1645;1;1;1;1;6;2;;M;4818663;185372;280
201400011977;14;3;26;1515;1;1;1;1;6;202;;M;4780983;162448;450
201400011978;14;4;5;1245;1;1;1;1;4;164;;M;4826188;185204;280
201400011979;14;5;2;800;1;1;1;1;2;169;;M;4790187;184517;450
201400011980;14;5;7;1945;1;1;1;3;6;276;;M;4829382;186094;280
201400011981;14;5;16;1530;1;1;1;1;6;175;;M;4775266;185843;450
201400011982;14;5;21;2315;3;1;1;1;4;276;;M;4828588;185995;280
201400011983;14;7;15;415;3;1;1;1;6;67;;M;4788315;174443;450
201400011984;14;7;18;1300;1;1;1;1;3;75;;M;4789963;183847;450
201400011985;14;7;26;1500;1;1;1;1;6;29;;M;4816818;185374;280
201400011986;14;7;27;830;1;1;1;1;6;6;;M;4782075;185857;450
201400011987;14;8;6;1830;1;1;1;8;2;367;;M;4815521;185516;280
201400011988;14;8;6;1745;1;1;1;8;5;303;;M;4811755;185090;280
201400011989;14;10;7;800;1;1;1;2;3;272;;M;4778231;193496;450
201400011990;14;10;12;2115;3;1;1;2;3;232;;M;4784356;186591;450
201400011991;14;10;24;1830;2;1;1;1;2;154;;M;4799944;185185;450
201400011992;14;10;30;1530;1;1;1;1;2;164;;M;4827564;185537;280
201400011993;14;11;20;215;3;1;1;9;5;276;;M;4830617;186194;280
201400011994;14;12;5;800;2;1;1;8;4;272;;M;4780616;192988;450
201400011995;14;1;10;830;1;1;6;1;3;32;;M;4357300;535500;130
201400011996;14;4;6;1945;1;2;1;1;3;37;;M;0;0;130
201400011997;14;4;26;1530;1;1;1;1;1;32;;M;0;0;130
201400011998;14;5;24;1000;1;2;6;1;3;114;rond point cd10 et cd 64;M;0;0;130
201400011999;14;7;13;1945;1;1;1;1;1;112;;M;0;0;130
201400012000;14;9;11;2030;3;1;1;1;3;37;;M;0;0;130
201400012001;14;10;25;945;1;1;1;1;1;114;;M;0;0;130
201400012002;14;1;26;1415;1;2;2;1;3;106;Carrefour rues Schifflan;M;0;0;670
201400012003;14;2;7;2215;5;2;1;8;1;194;31 rue d'Offendorf;M;0;0;670
201400012004;14;2;25;1630;1;1;1;1;3;472;;M;0;0;670
201400012005;14;5;12;1015;1;1;1;2;1;407;;M;0;0;670
201400012006;14;11;17;1915;5;1;1;1;6;14;;M;0;0;670
201400012007;14;3;22;900;1;1;1;1;2;405;;M;4657500;436700;210
201400012008;14;4;13;900;1;1;1;1;6;54;;M;4703000;445000;210
201400012009;14;5;13;800;1;1;1;8;2;295;;M;;;210
201400012010;14;10;26;200;3;1;1;5;7;572;;M;4712100;539100;210
201400012011;14;10;28;2245;3;1;1;1;3;267;;M;;;210
201400012012;14;1;31;1915;2;1;1;1;5;8;;M;4571500;592500;730
201400012013;14;2;2;1215;1;1;1;8;6;184;;M;4558020;579810;730
201400012014;14;6;12;1700;1;1;1;1;2;103;;M;0;0;730
201400012015;14;8;23;2230;3;1;1;1;2;191;;M;0;0;730
201400012016;14;9;19;745;1;1;1;1;6;103;;M;0;0;730
201400012017;14;1;27;645;3;1;1;1;5;307;;M;0;0;740
201400012018;14;4;27;230;3;1;1;8;6;262;;M;0;0;740
201400012019;14;7;5;645;2;1;1;1;7;307;;M;0;0;740
201400012020;14;10;16;2230;3;1;1;2;6;96;;M;0;0;740
201400012021;14;1;8;1015;1;2;1;1;6;105;1, TOUR DU ROY QUAI;M;4976050;471262;80
201400012022;14;1;30;1715;1;1;0;1;6;105;1, RICHIER P.;M;4973860;470787;80
201400012023;14;3;13;1350;1;2;1;1;6;105;1, DELAUTRE J. BOULEVARD;M;4973920;472362;80
201400012024;14;1;4;1700;2;2;1;1;6;105;49, FERROUL;M;4974610;472358;80
201400012025;14;6;28;500;2;2;1;1;1;105;7, RIMBAUD A. QUAI;M;4977570;472058;80
201400012026;14;7;12;50;5;2;1;1;7;105;1, BETHUNE (BOULEVARD DE;M;4975740;472008;80
201400012027;14;7;27;1200;1;2;1;1;7;3;7, SAINT LAURENT ROUTE;M;4977150;473667;80
201400012028;14;7;25;1400;1;2;7;1;3;105;1, HOTEL DE VILLE PLACE;M;4976050;471868;80
201400012029;14;8;23;2250;5;2;1;1;1;105;53, PIERQUIN L. BOULEVAR;M;4978000;469181;80
201400012030;14;9;27;1750;1;2;0;1;6;480;33, JAURES J. AVENUE;M;4974010;474614;80
201400012031;14;10;26;955;1;2;2;1;3;105;210, CARNOT AVENUE;M;4974340;472662;80
201400012032;14;11;9;2225;5;1;3;3;3;105;4, CAPUCINES RUE;M;4974450;471466;80
201400012033;14;11;16;235;5;2;1;1;2;105;145, DE GAULLE AVENUE;M;4977140;470882;80
201400012034;14;12;5;1910;5;2;0;1;1;105;153, WARCQ;M;4976560;469157;80
201400012035;14;12;10;1830;5;2;1;9;6;105;108, CARNOT AVENUE;M;4975040;472453;80
201400012036;14;4;7;1315;1;1;1;1;7;36;;;;;140
201400012037;14;5;3;1915;1;1;1;1;7;536;;M;4940910;26763;140
201400012038;14;5;9;715;2;1;1;1;6;36;;M;4916960;-21863;140
201400012039;14;5;7;1545;1;1;9;1;2;36;;M;4916820;-24054;140
201400012040;14;6;21;1445;1;1;1;1;2;286;A 29   FOURNEVILLE;M;4936510;21897;140
201400012041;14;7;4;1655;1;1;1;1;2;712;;M;4918850;-19166;140
201400012042;14;7;24;745;1;1;1;5;7;221;A13;M;4916810;-26548;140
201400012043;14;9;3;1430;1;1;1;1;6;203;;M;4922970;-7520;140
201400012044;14;9;24;800;2;1;1;1;6;55;;M;4925760;9493;140
201400012045;14;10;14;730;2;1;1;1;6;36;;;;;140
201400012046;14;11;24;1100;1;1;1;1;2;45;;;;;140
201400012047;14;2;2;1130;1;1;1;1;6;38;;M;0;0;130
201400012048;14;4;1;1500;1;1;1;1;6;11;;M;0;0;130
201400012049;14;5;2;1030;1;1;1;1;1;11;;M;0;0;130
201400012050;14;6;24;2030;1;1;1;1;6;38;;M;0;0;130
201400012051;14;10;11;1530;1;1;1;1;1;58;;M;0;0;130
201400012052;14;11;1;930;1;1;1;7;3;11;;M;0;0;130
201400012053;14;4;23;1730;1;2;1;7;6;27;rue du generale de gaull;M;4568000;475500;690
201400012054;14;4;27;1330;1;1;9;1;1;27;;M;0;0;690
201400012055;14;6;12;1600;1;1;1;1;1;43;;M;4572700;477200;690
201400012056;14;9;30;1500;1;2;1;1;1;268;18 rue des valli?res;M;0;0;690
201400012057;14;11;5;1400;1;2;1;2;1;27;route d'irigny;M;0;0;690
201400012058;14;1;29;1730;2;1;1;2;3;130;;M;4835881;-463698;290
201400012059;14;4;5;400;3;1;1;2;3;69;;M;4842484;-455824;290
201400012060;14;6;9;1;3;2;1;1;1;69;CD 105, PK6,400;M;4841699;-455926;290
201400012061;14;9;14;415;5;2;6;1;7;212;ROUTE DE TRENEN;M;4838347;-457613;290
201400012062;14;12;16;1830;4;2;1;2;6;11;route du tromeur;M;4843569;-450465;290
201400012063;14;10;6;1515;1;1;1;2;7;1;;M;4625400;78500;860
201400012064;14;11;5;1130;1;1;1;1;3;77;;M;4643900;68200;860
201400012065;14;2;18;2015;3;1;9;1;4;172;;M;4360900;393300;340
201400012066;14;3;7;745;1;1;1;1;1;157;;M;0;0;340
201400012067;14;4;11;15;3;1;1;1;2;157;;M;0;0;340
201400012068;14;4;12;1915;1;1;1;1;2;143;;M;4345600;360300;340
201400012069;14;4;14;2045;3;1;1;1;7;172;;M;0;0;340
201400012070;14;4;24;1345;1;1;1;1;6;95;;M;4355700;381700;340
201400012071;14;4;25;2030;4;1;1;1;2;172;;M;0;0;340
201400012072;14;5;7;1600;1;1;1;1;5;31;;M;0;0;340
201400012073;14;5;11;600;2;1;1;1;2;336;;M;4332800;327100;340
201400012074;14;5;12;1615;1;1;1;1;6;143;;M;4345200;358100;340
201400012075;14;5;16;845;1;1;1;1;4;172;;M;4360000;391000;340
201400012076;14;5;16;1645;1;1;1;1;2;31;;M;4337494;340530;340
201400012077;14;5;22;745;1;1;1;1;5;32;;M;0;0;340
201400012078;14;5;25;245;3;1;1;1;6;166;;M;4336156;335118;340
201400012079;14;6;6;1000;1;1;1;1;2;203;;M;0;0;340
201400012080;14;6;17;130;3;1;1;1;2;31;;M;0;0;340
201400012081;14;7;5;1200;1;1;1;1;6;135;;M;0;0;340
201400012082;14;7;11;715;2;1;1;1;6;101;;M;0;0;340
201400012083;14;7;11;1430;1;1;1;1;7;101;;M;0;0;340
201400012084;14;7;29;1030;1;1;1;1;4;95;;M;0;0;340
201400012085;14;8;12;1700;1;1;1;1;2;157;;M;0;0;340
201400012086;14;8;19;1145;1;1;1;1;1;213;;M;0;0;340
201400012087;14;9;5;730;1;1;1;1;2;172;;M;0;0;340
201400012088;14;9;10;945;1;1;9;1;6;172;;M;0;0;340
201400012089;14;9;12;2345;3;1;1;1;1;113;;M;4349500;371400;340
201400012090;14;9;24;845;1;1;1;3;3;172;;M;4359700;390400;340
201400012091;14;9;27;45;3;1;1;1;2;336;;M;0;0;340
201400012092;14;11;10;1800;3;1;1;2;5;135;;M;0;0;340
201400012093;14;11;17;615;3;1;1;1;5;73;;M;4334600;330800;340
201400012094;14;11;26;1800;3;1;1;3;3;157;;M;0;0;340
201400012095;14;11;30;515;3;1;1;2;6;336;;M;0;0;340
201400012096;14;12;7;800;2;1;1;1;6;95;;M;0;0;340
201400012097;14;12;11;1730;1;1;1;1;3;172;;M;0;0;340
201400012098;14;2;9;1500;1;1;1;1;1;331;;M;0;0;330
201400012099;14;5;4;1630;1;1;1;1;6;46;;M;0;0;330
201400012100;14;5;27;715;1;1;1;1;6;36;;M;0;0;330
201400012101;14;7;3;345;3;1;1;1;6;205;;M;0;0;330
201400012102;14;8;10;630;1;1;1;1;2;552;;M;0;0;330
201400012103;14;8;12;800;1;1;1;1;6;552;;M;0;0;330
201400012104;14;9;2;630;2;1;1;1;5;2;;M;0;0;330
201400012105;14;9;13;1515;1;1;1;1;7;155;;M;0;0;330
201400012106;14;10;16;600;3;1;1;1;6;50;;M;0;0;330
201400012107;14;10;19;1900;3;1;1;1;5;508;;M;0;0;330
201400012108;14;11;9;2000;3;1;1;1;6;46;;M;0;0;330
201400012109;14;11;24;1515;1;1;1;1;5;227;;M;0;0;330
201400012110;14;1;24;1945;5;2;1;3;6;506;28 avenue de gameville;M;4355272;153336;310
201400012111;14;2;25;1315;1;2;1;1;6;446;Rue Louis Braille;M;4353566;147857;310
201400012112;14;4;26;1030;1;2;3;1;1;506;AV GAMEVILLE/RUE LALANDE;M;0;0;310
201400012113;14;5;14;2030;1;1;1;1;3;254;;M;0;0;310
201400012114;14;5;19;800;1;1;1;1;4;254;rte  baziège/lauragaise;M;4354260;152072;310
201400012115;14;6;20;1715;1;1;1;1;1;446;;M;0;0;310
201400012116;14;9;16;1330;1;1;1;6;3;254;;M;4353417;151373;310
201400012117;14;10;28;1230;1;1;6;1;3;254;;M;4353011;152059;310
201400012118;14;1;1;500;3;1;1;1;7;83;26083;M;4525290;496060;260
201400012119;14;1;1;830;1;1;1;1;6;10;26010;M;0;0;260
201400012120;14;1;3;1030;1;1;2;8;3;84;26084;M;4501440;496250;260
201400012121;14;1;27;1500;1;2;1;1;1;118;QUARTIER NEUF;M;0;0;260
201400012122;14;2;12;1615;1;1;1;1;3;149;26149;M;0;0;260
201400012123;14;2;15;1430;1;1;1;1;6;41;26041;M;4521370;484800;260
201400012124;14;2;19;1400;1;1;1;1;1;148;26148;M;4527530;504130;260
201400012125;14;3;1;1100;1;2;9;1;3;301;AV GENERAL DE GAULLE;M;0;0;260
201400012126;14;3;7;830;1;2;1;1;3;341;26341;M;4513710;481740;260
201400012127;14;3;8;1700;1;2;1;1;1;41;RTE B LAFFEMAS;M;0;0;260
201400012128;14;3;14;1330;1;1;6;1;6;83;26083;M;0;0;260
201400012129;14;3;16;1945;5;1;1;1;3;333;QUAI SARRERE;M;0;0;260
201400012130;14;3;18;945;1;2;1;7;6;325;RUE DU RHONE;M;4529810;481140;260
201400012131;14;3;31;730;1;2;1;1;3;87;26087;M;0;0;260
201400012132;14;3;31;1700;1;1;3;1;3;88;RUE DU 19 MARS 1962;M;4503170;508040;260
201400012133;14;4;3;1730;1;1;1;1;7;4;26004;M;4499900;500240;260
201400012134;14;4;4;900;1;1;2;1;3;139;26139;M;4507120;508810;260
201400012135;14;4;7;1715;1;1;1;1;6;140;26140;M;0;0;260
201400012136;14;4;14;745;1;1;1;1;6;61;26061;M;0;0;260
201400012137;14;4;23;1530;1;1;2;1;3;88;26088;M;0;0;260
201400012138;14;4;27;1830;1;1;2;1;3;323;26323;M;4506950;514550;260
201400012139;14;4;27;1515;1;1;1;1;6;77;26077;M;0;0;260
201400012140;14;5;3;1100;1;1;2;1;3;139;26139;M;0;0;260
201400012141;14;5;11;1130;1;1;1;1;6;10;26010;M;0;0;260
201400012142;14;5;12;1530;1;2;2;1;3;79;26079;M;0;0;260
201400012143;14;5;19;845;1;1;1;1;5;295;26295;M;0;0;260
201400012144;14;6;6;915;1;1;9;1;1;179;26179;M;0;0;260
201400012145;14;6;13;900;1;1;3;1;3;72;26072;M;0;0;260
201400012146;14;6;13;1715;1;1;1;7;2;88;26088;M;0;0;260
201400012147;14;6;17;1745;1;1;3;1;7;380;26380;M;0;0;260
201400012148;14;6;19;1715;1;2;1;1;1;88;AVENUE CHARLES DE GAULLE;M;0;0;260
201400012149;14;6;20;2330;3;1;1;9;6;9;26009;M;0;0;260
201400012150;14;6;27;30;5;2;1;1;6;332;RUE DU LIEUT MABBOUX;M;0;0;260
201400012151;14;6;30;1645;1;1;1;1;2;88;26088;M;0;0;260
201400012152;14;7;3;2200;5;2;2;1;2;79;26079;M;0;0;260
201400012153;14;7;4;1730;1;1;1;1;1;2;26002;M;4522210;487810;260
201400012154;14;7;6;1100;1;1;1;1;2;250;26250;M;0;0;260
201400012155;14;7;8;1515;1;1;1;1;1;88;26088;M;0;0;260
201400012156;14;7;10;1345;1;1;1;1;3;323;26323;M;0;0;260
201400012157;14;7;15;1600;1;1;3;1;3;301;26301;M;4510580;500650;260
201400012158;14;7;15;1845;1;1;1;1;3;179;26179;M;0;0;260
201400012159;14;7;18;1900;1;1;1;1;3;231;26231;M;0;0;260
201400012160;14;8;8;845;1;1;1;1;1;295;26295;M;0;0;260
201400012161;14;8;11;1730;1;1;1;1;1;380;26380;M;0;0;260
201400012162;14;8;12;1315;1;2;1;1;1;9;RUE DE BELLEVUE;M;4526230;481920;260
201400012163;14;8;16;1800;1;1;1;1;7;88;26088;M;0;0;260
201400012164;14;8;19;1315;1;1;1;1;1;9;26009;M;0;0;260
201400012165;14;8;25;1000;1;1;3;1;2;34;26034;M;0;0;260
201400012166;14;8;28;1330;1;1;1;1;3;250;26250;M;0;0;260
201400012167;14;9;1;1630;1;1;1;1;6;129;26129;M;0;0;260
201400012168;14;9;7;1800;1;2;1;7;6;347;AVENUE RHIN ET DANUBE;M;0;0;260
201400012169;14;9;11;1745;1;1;3;1;3;84;26084;M;0;0;260
201400012170;14;9;20;330;3;2;1;1;7;347;26347;M;0;0;260
201400012171;14;9;20;1545;1;1;2;1;3;34;26034;M;0;0;260
201400012172;14;9;21;1145;1;2;1;1;1;72;26072;M;0;0;260
201400012173;14;9;24;1230;1;1;1;3;3;325;26325;M;0;0;260
201400012174;14;10;11;300;3;1;1;3;1;2;26002;M;0;0;260
201400012175;14;10;19;500;3;1;1;1;1;88;26088;M;0;0;260
201400012176;14;10;18;2045;3;1;1;1;6;325;26325;M;0;0;260
201400012177;14;10;19;1430;1;1;1;1;3;4;26004;M;4501060;500680;260
201400012178;14;10;19;2100;3;1;9;1;6;194;26194;M;0;0;260
201400012179;14;10;24;1945;3;1;1;1;1;231;26231;M;0;0;260
201400012180;14;10;31;2000;5;2;1;1;1;301;26301;M;0;0;260
201400012181;14;11;9;1715;2;1;1;3;6;194;26350;M;0;0;260
201400012182;14;11;13;745;1;1;1;8;7;231;26231;M;0;0;260
201400012183;14;11;13;1830;3;1;1;1;1;129;26129;M;0;0;260
201400012184;14;11;14;2145;3;2;9;3;5;341;379 LES BARRES;M;0;0;260
201400012185;14;11;16;1;5;2;1;1;6;218;26218;M;0;0;260
201400012186;14;11;18;945;1;1;1;8;3;301;26301;M;0;0;260
201400012187;14;11;21;830;1;2;9;1;6;87;26087;M;4508920;513160;260
201400012188;14;11;28;1830;5;2;3;1;3;333;26333;M;0;0;260
201400012189;14;12;7;445;3;1;1;1;6;160;;M;0;0;260
201400012190;14;8;30;215;3;1;1;2;7;301;26301;M;0;0;260
201400012191;14;3;17;830;1;1;1;1;6;21;;M;0;0;630
201400012192;14;5;14;1415;1;1;1;1;5;284;;M;0;0;630
201400012193;14;6;7;2230;2;1;1;1;1;302;;M;0;0;630
201400012194;14;6;13;2315;3;1;1;1;5;302;;M;0;0;630
201400012195;14;7;26;600;2;1;1;1;1;302;;M;0;0;630
201400012196;14;9;30;745;2;1;1;1;4;272;;M;0;0;630
201400012197;14;10;4;1145;1;1;1;1;4;113;;M;0;0;630
201400012198;14;10;10;500;3;1;1;2;1;126;;M;0;0;630
201400012199;14;11;3;815;1;1;1;3;2;302;;M;0;0;630
201400012200;14;11;3;1215;1;1;9;8;7;284;;M;4578524;319340;630
201400012201;14;12;2;830;1;1;1;1;2;302;;M;0;0;630
201400012202;14;1;2;115;3;1;1;1;6;483;;M;4340400;-163700;640
201400012203;14;1;5;1900;3;1;1;1;5;125;;M;0;0;640
201400012204;14;2;1;1800;3;1;1;4;5;545;;M;0;0;640
201400012205;14;5;27;1715;1;1;1;1;2;483;;M;0;0;640
201400012206;14;6;13;915;1;1;1;1;6;546;;M;4347700;-128200;640
201400012207;14;6;29;1530;1;1;1;2;3;102;;M;0;0;640
201400012208;14;7;15;1000;1;1;1;1;4;125;;M;0;0;640
201400012209;14;7;30;715;2;1;1;2;3;102;;M;0;0;640
201400012210;14;10;3;800;1;1;1;1;3;122;;M;0;0;640
201400012211;14;11;3;815;1;1;9;1;4;102;;M;0;0;640
201400012212;14;11;12;1015;1;1;1;1;2;122;;M;0;0;640
201400012213;14;2;6;1110;1;2;2;8;6;409;11, VERDUN (AVENUE DE);M;4969850;494860;80
201400012214;14;4;3;736;1;2;2;1;3;409;LAC (ESPLANADE DU);M;4969270;494196;80
201400012215;14;4;18;1755;1;2;3;1;1;409;CRUSSY (PLACE);M;4970010;494642;80
201400012216;14;7;10;105;5;2;3;1;3;409;PHILIPPOTEAUX (AVENUE);M;4969590;493477;80
201400012217;14;7;25;1500;1;2;1;1;6;194;MARNE (AVENUE DE LA);M;4969680;491768;80
201400012218;14;10;19;2225;5;2;3;1;3;409;MARGUERITTE (AVENUE GENE;M;4970790;493582;80
201400012219;14;11;3;1525;1;2;2;3;1;409;39, PHILIPPOTEAUX (AVENU;M;4969670;493894;80
201400012220;14;5;2;1245;1;1;1;1;3;14;;M;4695633;431549;710
201400012221;14;4;15;1220;1;1;1;1;5;610;;M;0;0;20
201400012222;14;9;18;1900;2;2;1;9;1;514;32 Hameau de Tannieres;M;0;0;20
201400012223;14;4;12;1545;1;1;1;1;4;454;A344;M;0;0;510
201400012224;14;5;5;1545;1;1;1;1;4;278;A4;M;0;0;510
201400012225;14;5;5;1415;1;1;1;1;4;599;A4;M;0;0;510
201400012226;14;6;2;1130;1;1;1;1;7;171;A26;M;0;0;510
201400012227;14;6;19;1300;1;1;1;1;4;278;A4;M;0;0;510
201400012228;14;6;2;1645;1;1;1;1;5;45;;M;0;0;130
201400012229;14;7;15;2015;1;1;1;1;1;96;;M;0;0;130
201400012230;14;8;6;1145;1;1;1;1;6;11;;M;0;0;130
201400012231;14;8;24;1530;1;1;3;1;1;45;;M;4384365;474436;130
201400012232;14;9;10;1015;1;1;1;1;6;4;;M;0;0;130
201400012233;14;9;17;1745;1;2;1;1;1;68;D17;M;0;0;130
201400012234;14;9;28;1745;1;1;1;1;1;4;;M;0;0;130
201400012235;14;10;25;115;3;1;1;1;1;4;;M;0;0;130
201400012236;14;12;9;1230;1;2;1;6;6;10;ROUTE DES CARRIERES;M;4388458;474807;130
201400012237;14;1;12;345;5;2;1;1;6;105;ROUTE DE DOUDAN;M;0;0;910
201400012238;14;3;7;2130;5;1;1;1;1;105;D19;M;4856900;218300;910
201400012239;14;5;9;1315;1;1;1;1;1;85;N20;M;4856000;222300;910
201400012240;14;5;17;930;1;2;1;1;6;485;Route de Saint Nizier;M;0;0;380
201400012241;14;5;17;1545;1;2;1;1;3;485;boulevard de l'Europe;M;0;0;380
201400012242;14;5;28;2230;3;1;1;1;3;485;;M;0;0;380
201400012243;14;6;4;2030;1;2;1;1;2;485;;M;0;0;380
201400012244;14;8;22;1015;1;2;6;1;2;486;rond point du rondeau;M;4515931;569603;380
201400012245;14;9;7;945;1;2;1;1;3;485;G?n?ral de Gaulle;M;0;0;380
201400012246;14;11;14;1830;3;2;1;2;2;485;avenue de la r?publique;M;0;0;380
201400012247;14;11;11;1245;1;2;1;1;3;486;RUE DU PL?TRE;M;0;0;380
201400012248;14;4;20;1700;1;1;1;1;6;52;;M;0;0;380
201400012249;14;6;1;1815;1;1;1;1;6;237;;M;0;0;380
201400012250;14;6;16;1930;1;1;1;1;7;191;;M;0;0;380
201400012251;14;6;15;1030;1;1;1;1;6;550;;M;0;0;380
201400012252;14;6;29;1900;1;1;1;1;6;191;;M;4507830;605053;380
201400012253;14;7;18;1030;1;1;1;1;1;52;;M;0;0;380
201400012254;14;8;12;1700;1;1;1;2;5;52;les Alberges;M;4503405;606670;380
201400012255;14;8;10;1115;1;1;1;1;7;289;;M;4520800;607100;380
201400012256;14;4;26;1145;1;1;1;1;7;211;A4;M;0;0;510
201400012257;14;10;16;1315;1;1;1;1;6;507;A4;M;0;0;510
201400012258;14;12;21;1845;3;1;1;1;6;515;A4;M;0;0;510
201400012259;14;10;9;1515;1;1;1;2;1;144;;M;0;0;570
201400012260;14;1;2;600;3;1;1;4;6;275;;M;4685000;52600;860
201400012261;14;3;19;645;5;1;1;5;1;115;;M;0;0;860
201400012262;14;5;20;1645;1;2;2;3;3;207;carrefour Rd 725b et RD5;M;4679300;81300;860
201400012263;14;6;1;1330;1;1;1;1;7;174;;M;0;0;860
201400012264;14;6;4;145;3;1;1;1;7;158;;M;0;0;860
201400012265;14;6;11;1945;1;1;1;1;5;174;;M;4678200;49700;860
201400012266;14;9;5;1000;1;1;1;1;5;66;;M;0;0;860
201400012267;14;9;8;1215;1;1;1;1;5;19;;M;4673700;40100;860
201400012268;14;10;28;1600;1;1;1;7;3;224;;M;4691900;44500;860
201400012269;14;9;30;815;1;2;1;1;3;22;Route du Haut-Nueil;M;0;0;860
201400012270;14;11;2;130;3;1;1;1;3;66;;M;4683400;52200;860
201400012271;14;12;8;1900;3;1;1;8;5;49;;M;4699900;9100;860
201400012272;14;2;27;1545;1;1;1;4;2;57;;M;4688280;172473;360
201400012273;14;5;5;2245;3;1;1;1;3;122;;M;4709020;185149;360
201400012274;14;6;17;115;3;1;1;1;6;26;;M;4694770;175387;360
201400012275;14;11;9;1615;2;1;1;2;7;230;;M;4706430;182001;360
201400012276;14;2;10;1630;1;1;1;1;1;298;;M;4744550;-72926;490
201400012277;14;4;2;1700;1;1;1;1;3;7;A11;M;4749285;-52877;490
201400012278;14;9;2;730;1;1;1;1;2;7;;M;4749219;-53089;490
201400012279;14;10;5;830;2;1;9;1;6;68;;M;4743342;-87081;490
201400012280;14;10;28;1400;1;1;2;7;3;68;La haute Parque;M;4740273;-85360;490
201400012281;14;11;3;1345;1;1;1;3;2;167;;M;4738933;-49769;490
201400012282;14;2;20;1730;1;1;1;2;7;85;;M;0;0;20
201400012283;14;5;15;1730;1;2;1;1;1;290;rue Jacques Fourrier;M;0;0;20
201400012284;14;12;21;1230;1;1;1;8;6;164;;M;0;0;20
201400012285;14;9;20;230;3;1;1;1;6;59;;M;4287837;96720;90
201400012286;14;3;20;1600;1;1;1;1;6;88;;M;0;0;60
201400012287;14;5;9;1445;1;1;1;1;7;88;;M;0;0;60
201400012288;14;5;14;1445;1;1;1;1;6;149;;M;0;0;60
201400012289;14;6;12;345;5;1;9;1;6;67;;M;0;0;60
201400012290;14;7;6;1300;1;1;9;1;6;83;;M;0;0;60
201400012291;14;7;9;1030;1;1;1;1;4;149;;M;0;0;60
201400012292;14;7;10;1100;1;1;1;1;4;88;;M;0;0;60