num_acc;an;mois;jour;hrmn;lum;agg;int;atm;col;com;adr;gps;lat;long;dep
201400012293;14;7;19;2030;1;1;1;1;5;88;;M;0;0;60
201400012294;14;7;21;615;2;1;1;1;1;88;;M;0;0;60
201400012295;14;8;2;730;2;1;1;1;1;88;;M;0;0;60
201400012296;14;8;3;15;3;1;1;1;2;88;;M;0;0;60
201400012297;14;8;30;1430;1;1;1;1;2;88;;M;0;0;60
201400012298;14;10;28;615;5;1;1;1;6;88;;M;0;0;60
201400012299;14;11;22;415;5;1;1;1;6;88;;M;0;0;60
201400012300;14;12;15;1400;1;1;1;1;2;88;;M;0;0;60
201400012301;14;2;4;1945;3;1;1;8;2;434;;M;0;0;670
201400012302;14;3;9;1500;1;1;1;1;6;540;;M;0;0;570
201400012303;14;7;15;2245;3;1;1;1;1;488;;M;0;0;670
201400012304;14;9;27;1230;1;1;1;1;6;761;;M;0;0;570
201400012305;14;6;22;845;1;1;1;1;2;10;;M;0;0;900
201400012306;14;9;9;1515;1;1;1;2;6;94;;M;0;0;900
201400012307;14;9;10;1800;1;1;1;2;5;1;;M;0;0;900
201400012308;14;9;16;1645;1;1;1;2;5;15;;M;0;0;900
201400012309;14;11;26;415;3;1;1;1;5;129;;M;0;0;680
201400012310;14;5;6;2000;1;1;1;1;7;217;;M;0;0;660
201400012311;14;6;7;130;3;1;1;1;1;214;;M;0;0;660
201400012312;14;6;12;300;3;1;1;1;6;164;;M;0;0;660
201400012313;14;6;16;1500;1;1;1;1;6;217;;M;0;0;660
201400012314;14;6;26;1400;1;1;1;1;2;190;;M;0;0;660
201400012315;14;8;26;115;5;1;9;1;6;15;;M;4257830;284762;660
201400012316;14;9;14;545;3;1;1;1;6;137;;M;4247253;286290;660
201400012317;14;9;20;515;3;1;1;1;6;164;;M;0;0;660
201400012318;14;10;30;1645;1;1;1;1;7;214;;M;0;0;660
201400012319;14;12;21;1530;2;1;9;1;1;106;;M;0;0;660
201400012320;14;5;27;1530;1;1;1;1;1;67;;M;0;0;670
201400012321;14;6;6;330;3;1;1;1;2;67;;M;0;0;670
201400012322;14;9;19;1730;1;1;1;1;2;460;;M;0;0;670
201400012323;14;10;14;515;3;1;1;1;5;506;;M;0;0;670
201400012324;14;12;12;1700;2;1;1;1;5;67;;M;0;0;670
201400012325;14;3;13;415;3;1;1;1;6;701;;M;5058019;236945;620
201400012326;14;10;8;1345;1;1;1;2;6;186;;M;0;0;620
201400012327;14;12;26;1045;1;1;1;1;6;224;;M;0;0;620
201400012328;14;12;29;1430;1;1;1;2;3;737;;M;0;0;620
201400012329;14;5;14;1600;1;1;6;1;3;210;rd pt des herbins;M;4729500;-220900;440
201400012330;14;10;10;915;1;1;1;5;4;219;;M;4830957;-67613;530
201400012331;14;12;17;1400;1;1;3;2;4;155;;M;4829937;-88945;530
201400012332;14;1;3;2215;3;1;1;4;1;621;;M;5088100;201149;620
201400012333;14;12;28;1845;3;1;1;1;5;504;;M;0;0;620
201400012334;14;5;26;745;1;1;9;2;1;16;;M;4916000;125000;270
201400012335;14;12;12;1600;1;1;2;8;1;348;;M;4581894;-93115;170
201400012336;14;10;16;745;2;1;3;8;2;49;;M;0;0;790
201400012337;14;7;28;715;1;2;1;1;1;32;RN 4, PK 52+466;M;4842038;314586;770
201400012338;14;8;5;1015;1;2;2;1;3;327;Carrefour RD 201 / RD 12;M;0;0;770
201400012339;14;2;26;2330;4;1;1;1;2;33;;M;0;0;180
201400012340;14;3;31;745;1;1;1;1;6;126;;M;0;0;180
201400012341;14;3;31;1330;1;1;1;1;6;33;;M;0;0;180
201400012342;14;4;18;200;3;1;1;1;6;89;;M;0;0;180
201400012343;14;8;9;245;3;1;1;1;6;63;;M;0;0;180
201400012344;14;11;8;1845;3;1;1;8;6;63;;M;0;0;180
201400012345;14;10;17;1530;1;1;1;1;7;155;;M;0;0;70
201400012346;14;3;15;1845;5;1;1;6;6;81;;M;0;0;130
201400012347;14;6;3;1515;1;2;1;1;5;88;RN568/Bd Carreirade;M;4336806;525100;130
201400012348;14;6;7;1730;1;1;1;1;6;14;;M;4351941;517080;130
201400012349;14;7;12;545;2;1;1;1;1;33;;M;0;0;130
201400012350;14;7;18;2300;3;1;6;1;6;63;;M;4348214;516548;130
201400012351;14;3;27;1945;3;1;1;1;5;22;;M;0;0;130
201400012352;14;4;16;900;1;1;1;1;3;13;;M;0;0;130
201400012353;14;4;20;1630;1;1;1;1;7;7;;M;0;0;130
201400012354;14;4;26;1715;1;1;1;1;5;42;;M;0;0;130
201400012355;14;6;8;945;1;1;1;1;1;30;;M;0;0;130
201400012356;14;7;18;1415;1;1;1;1;3;22;;M;0;0;130
201400012357;14;7;26;2115;2;1;1;1;1;7;;M;4337300;565900;130
201400012358;14;7;29;2015;1;1;1;1;5;42;Coord GPS;M;4327300;564800;130
201400012359;14;10;13;700;2;1;1;2;5;7;;M;0;0;130
201400012360;14;10;28;515;5;1;1;1;7;42;;M;0;0;130
201400012361;14;12;3;1515;1;1;1;1;7;37;;M;0;0;840
201400012362;14;12;12;730;3;1;1;1;5;31;;M;4360700;368300;340
201400012363;14;3;16;345;3;1;1;1;5;397;A 41 sud pk6+900;M;4523129;583135;380
201400012364;14;3;26;2100;3;1;1;1;2;140;;M;0;0;380
201400012365;14;2;28;1615;1;1;1;1;3;25;;M;0;0;130
201400012366;14;3;28;1130;1;1;1;1;3;86;;M;0;0;130
201400012367;14;4;9;1800;1;1;1;1;4;5;;M;0;0;130
201400012368;14;5;10;1115;1;1;1;1;4;25;;M;0;0;130
201400012369;14;7;1;815;1;1;1;1;5;73;;M;0;0;130
201400012370;14;7;3;845;1;1;1;1;5;1;;M;0;0;130
201400012371;14;7;7;1645;1;1;1;1;3;1;;M;0;0;130
201400012372;14;8;13;415;3;1;1;1;6;40;;M;0;0;130
201400012373;14;9;2;1545;1;1;1;1;3;25;;M;0;0;130
201400012374;14;9;13;1530;1;1;1;1;3;25;;M;0;0;130
201400012375;14;12;9;645;3;1;1;1;5;31;;M;0;0;130
201400012376;14;12;7;1700;1;1;1;1;4;25;;M;0;0;130
201400012377;14;12;20;1830;3;1;1;1;6;86;;M;0;0;130
201400012378;14;1;7;2315;3;1;1;1;6;85;;M;0;0;60
201400012379;14;1;17;1845;3;1;1;1;6;85;;M;0;0;60
201400012380;14;2;6;2300;3;1;2;2;5;4;;M;0;0;60
201400012381;14;3;7;1645;1;1;1;1;6;1;;M;0;0;830
201400012382;14;4;14;600;2;1;1;1;6;27;;M;0;0;60
201400012383;14;5;13;845;1;1;1;1;2;123;;M;0;0;60
201400012384;14;6;1;1845;1;1;1;8;2;29;;M;0;0;60
201400012385;14;8;6;1700;1;1;1;1;6;61;;M;0;0;830
201400012386;14;8;13;1745;1;1;1;1;5;27;;M;0;0;60
201400012387;14;8;14;1730;1;1;1;1;4;85;;M;0;0;60
201400012388;14;8;25;545;2;1;1;1;2;27;;M;0;0;60
201400012389;14;9;25;745;1;1;1;1;2;123;;M;0;0;60
201400012390;14;10;8;1645;1;1;1;1;7;85;;M;0;0;60
201400012391;14;10;9;1645;1;1;1;1;2;4;;M;0;0;60
201400012392;14;11;22;730;2;1;1;1;2;27;;M;0;0;60
201400012393;14;12;7;30;3;1;1;2;5;27;;M;0;0;60
201400012394;14;2;18;1245;1;1;1;1;6;335;;M;0;0;640
201400012395;14;4;28;1715;1;1;1;1;6;61;;M;0;0;640
201400012396;14;5;12;1430;1;1;1;1;2;112;;M;0;0;640
201400012397;14;10;19;1830;1;1;1;1;5;335;;M;4335300;-44000;640
201400012398;14;10;1;1045;1;2;1;1;6;172;08 boulevard du canigou;M;4271611;284765;660
201400012399;14;1;24;900;1;1;1;2;3;430;;M;4586600;350100;630
201400012400;14;4;16;1730;1;1;1;1;6;276;;M;4586200;348800;630
201400012401;14;6;15;615;1;1;1;1;6;195;;M;4585200;337100;630
201400012402;14;7;7;930;1;1;1;2;2;430;;M;0;0;630
201400012403;14;7;6;1800;1;1;1;1;6;430;;M;4586600;350700;630
201400012404;14;10;13;1945;3;1;1;2;6;265;;M;4585500;341100;630
201400012405;14;12;14;1630;1;1;9;1;1;213;;M;4582810;324140;630
201400012406;14;1;7;2030;5;1;1;1;3;81;CARREFOUR  LA MALADIERE;M;0;0;740
201400012407;14;1;18;2130;5;2;1;1;2;81;Avenue Charles Poncet;M;0;0;740
201400012408;14;3;14;1615;1;2;4;1;1;169;77 RUE DU GRAND PRE;M;0;0;740
201400012409;14;4;9;2100;5;2;2;1;1;81;AVENUE CHARLES PONCET;M;0;0;740
201400012410;14;4;21;1830;1;2;2;2;3;264;RUE DU CHATEAU;M;0;0;740
201400012411;14;4;21;1600;1;1;1;2;6;81;;M;0;0;740
201400012412;14;4;25;1730;1;2;3;8;3;81;;M;0;0;740
201400012413;14;4;27;1800;1;1;1;1;7;14;;M;0;0;740
201400012414;14;5;8;1100;1;1;1;1;7;264;;M;0;0;740
201400012415;14;5;23;1145;1;1;1;1;7;169;;M;0;0;740
201400012416;14;5;24;1615;1;1;3;1;3;159;;M;0;0;740
201400012417;14;6;7;2300;5;1;2;1;1;264;32 AVENUE ROUTE BLANCHE;M;0;0;740
201400012418;14;6;8;930;1;1;2;1;2;81;;M;0;0;740
201400012419;14;6;16;1645;1;1;1;1;1;159;;M;0;0;740
201400012420;14;6;29;830;1;1;1;2;6;169;;M;0;0;740
201400012421;14;8;18;1830;1;1;1;1;7;221;;M;0;0;740
201400012422;14;8;27;800;1;1;1;1;1;81;;M;0;0;740
201400012423;14;9;10;2215;3;1;1;1;6;221;ROUTE DE LA COLOMBIERE;M;0;0;740
201400012424;14;9;18;1045;1;1;3;1;3;81;;M;0;0;740
201400012425;14;9;25;645;3;1;1;2;5;169;;M;0;0;740
201400012426;14;10;3;1045;1;1;1;1;3;169;;M;0;0;740
201400012427;14;10;9;645;5;2;1;1;6;159;RD 1205;M;0;0;740
201400012428;14;10;18;1545;1;2;1;1;1;169;AVENUE DU STADE;M;0;0;740
201400012429;14;10;25;1330;1;2;2;1;1;81;Rue Emile Chautemps;M;0;0;740
201400012430;14;11;16;1500;1;2;6;1;1;81;AV SARDAGNE ET TRAPPIER;M;0;0;740
201400012431;14;11;29;630;2;1;1;5;6;81;;M;0;0;740
201400012432;14;12;18;1630;2;2;9;1;6;81;48 AVENUE G CLEMANCEAU;M;0;0;740
201400012433;14;3;28;1700;1;1;1;1;1;39;;M;0;0;590
201400012434;14;4;25;1145;1;1;1;1;1;485;;M;0;0;590
201400012435;14;5;17;1745;1;2;2;1;3;622;1 rue de Cambrai;M;0;0;590
201400012436;14;7;4;1045;1;1;1;1;1;39;;M;0;0;590
201400012437;14;9;20;1300;1;1;1;1;5;81;;M;0;0;590
201400012438;14;11;15;2030;3;1;1;8;7;37;;M;0;0;590
201400012439;14;3;20;1800;1;1;1;1;6;78;;M;0;0;470
201400012440;14;5;18;1800;1;1;1;1;6;159;;M;4438100;21003;470
201400012441;14;2;13;1845;3;1;1;4;7;93;;M;0;0;720
201400012442;14;3;17;1530;1;1;1;1;2;300;;M;0;0;720
201400012443;14;4;21;115;3;1;1;1;6;288;;M;0;0;720
201400012444;14;5;1;2030;1;1;1;2;7;241;;M;0;0;720
201400012445;14;5;4;1000;1;1;1;1;7;288;;M;0;0;720
201400012446;14;7;7;915;1;1;1;1;5;31;;M;0;0;720
201400012447;14;7;26;1315;1;1;1;1;2;241;;M;0;0;720
201400012448;14;8;1;1500;1;1;1;1;2;31;;M;0;0;720
201400012449;14;8;1;1215;1;1;1;1;7;241;;M;0;0;720
201400012450;14;8;12;1400;1;1;1;3;2;80;;M;0;0;720
201400012451;14;10;27;1730;2;1;1;7;7;241;;M;0;0;720
201400012452;14;10;28;1930;3;1;1;1;5;375;;M;0;0;720
201400012453;14;10;30;1830;3;1;2;1;3;300;;M;0;0;720
201400012454;14;11;29;1230;1;1;1;1;3;363;;M;0;0;720
201400012455;14;12;27;1545;1;1;1;1;7;288;;M;0;0;720
201400012456;14;5;16;1145;1;1;1;6;6;339;;M;4758199;392812;890
201400012457;14;6;2;645;2;1;1;1;6;277;;M;4769448;383135;890
201400012458;14;6;10;615;1;1;1;1;6;208;;M;4760019;391024;890
201400012459;14;6;14;1415;1;1;1;1;6;378;;M;4752036;398864;890
201400012460;14;7;26;1100;1;1;1;1;7;277;;M;4766882;386806;890
201400012461;14;8;11;330;3;1;1;1;2;379;;M;4750515;409047;890
201400012462;14;10;24;1600;1;1;1;1;1;16;;M;4667654;-162090;850
201400012463;14;3;5;845;1;2;1;2;7;122;FAURE (COURS GABRIEL);M;4296401;160753;90
201400012464;14;4;18;1615;1;2;1;1;2;122;1, PONT VIEUX;M;4296620;160890;90
201400012465;14;6;16;1545;1;2;1;1;7;122;21, CROS (cours Ir?n?e);M;4296924;160812;90
201400012466;14;8;17;1120;1;2;1;1;3;122;3, BARCELONE (AVENUE DE);M;4296199;161339;90
201400012467;14;8;20;1534;1;1;1;1;1;122;D1;M;4297656;160437;90
201400012468;14;9;16;1725;1;2;1;1;7;122;LECLERC (AVENUE DU GENER;M;4297631;160866;90
201400012469;14;10;9;1020;1;2;1;1;7;122;6, VILLOTE (PARKING DE);M;4296388;160803;90
201400012470;14;11;8;1640;1;2;1;1;7;122;11, DELCASSE (RUE);M;4296571;160835;90
201400012471;14;1;8;745;5;2;6;1;1;600;bd de la république;M;4865600;245000;910
201400012472;14;2;12;830;1;2;1;9;7;617;RUE DU LAC;M;0;0;910
201400012473;14;6;13;1100;1;2;1;1;1;600;22 rue BAC DE RIS;M;0;0;910
201400012474;14;9;3;1400;1;2;1;1;3;617;rue du bicheriot;M;0;0;910
201400012475;14;10;10;2030;5;2;6;2;3;617;rond point D33;M;4864200;250400;910
201400012476;14;7;5;1330;1;1;1;1;3;253;;M;0;0;380
201400012477;14;1;1;1700;5;2;1;1;3;225;0, DELCASSE BOULEVARD;M;4311499;161445;90
201400012478;14;2;22;545;5;2;2;1;3;225;RIJOLE AVENUE DE LA;M;4312135;162124;90
201400012479;14;5;10;2022;1;2;1;1;6;225;MAQUISARDS PROMENADE DES;M;4312008;160895;90
201400012480;14;7;22;830;1;2;9;1;6;225;19, JEU DU MAIL AVENUE D;M;4312084;160956;90
201400012481;14;8;24;1715;1;2;2;1;3;225;., MIREPOIX ROUTE DE;M;4310465;162160;90
201400012482;14;8;28;1525;1;2;1;1;3;225;., RIJOLE AVENUE DE LA;M;4312657;162116;90
201400012483;14;11;1;1335;1;2;1;1;6;225;22, FOIX AVENUE DE;M;4310584;161916;90
201400012484;14;4;29;500;3;1;1;1;2;162;;M;0;0;310
201400012485;14;6;27;2230;3;1;1;1;7;254;;M;4353180;151352;310
201400012486;14;8;22;1400;1;1;1;8;6;576;;M;0;0;310
201400012487;14;9;19;2115;3;1;1;1;5;100;;M;0;0;310
201400012488;14;10;19;1130;1;1;1;1;2;185;;M;4324555;164850;90
201400012489;14;10;20;1130;1;1;1;1;2;113;;M;0;0;310
201400012490;14;10;24;645;2;1;1;1;3;220;;M;0;0;310
201400012491;14;11;15;1500;1;1;1;1;6;113;;M;0;0;310
201400012492;14;11;17;645;3;1;1;1;5;381;;M;0;0;310
201400012493;14;12;18;1145;1;1;1;8;2;37;;M;0;0;310
201400012494;14;10;17;1500;1;1;1;1;1;247;;M;4149292;924597;201
201400012495;14;1;5;815;2;1;1;3;3;122;;M;0;0;330
201400012496;14;6;20;1245;1;1;6;1;1;199;;M;0;0;330
201400012497;14;6;26;2130;1;1;9;1;6;284;;M;0;0;330
201400012498;14;6;29;2115;2;1;1;1;2;199;;M;0;0;330
201400012499;14;7;5;930;1;1;1;2;2;284;;M;0;0;330
201400012500;14;7;15;815;1;1;1;7;7;284;;M;0;0;330
201400012501;14;8;25;1930;1;1;1;1;2;284;;M;0;0;330
201400012502;14;8;26;1300;1;1;1;2;4;498;;M;0;0;330
201400012503;14;9;2;2100;3;1;1;1;7;284;;M;0;0;330
201400012504;14;11;24;1345;1;1;1;1;2;284;;M;0;0;330
201400012505;14;1;19;1645;1;2;1;1;2;256;341 AVENUE DE GENEVE;M;0;0;740
201400012506;14;7;9;15;3;1;1;8;6;208;;M;0;0;740
201400012507;14;10;28;1130;1;1;1;1;2;56;;M;0;0;740
201400012508;14;8;20;615;2;1;1;1;6;256;;M;0;0;460
201400012509;14;10;1;1515;1;1;1;1;1;37;;M;4448587;164426;460
201400012510;14;8;10;845;1;1;1;1;6;112;;M;0;0;690
201400012511;14;8;10;1500;1;1;1;1;6;102;;M;0;0;690
201400012512;14;3;29;1845;2;1;1;4;2;61;;M;0;0;720
201400012513;14;4;20;930;1;1;1;1;2;22;;M;0;0;720
201400012514;14;6;16;530;2;1;1;1;7;149;;M;0;0;720
201400012515;14;7;15;1500;1;1;1;1;6;223;;M;0;0;720
201400012516;14;9;20;1630;1;1;1;1;6;127;;M;0;0;720
201400012517;14;11;1;1500;1;1;1;1;6;149;;M;0;0;720
201400012518;14;12;10;1400;1;1;1;1;7;253;;M;0;0;720
201400012519;14;12;24;30;3;1;1;1;5;177;;M;0;0;720
201400012520;14;2;8;645;3;1;1;1;2;21;;M;4763543;750095;680
201400012521;14;3;9;545;3;1;1;1;2;301;;M;4768511;745458;680
201400012522;14;3;21;1630;1;1;1;1;4;309;;M;4766761;747675;680
201400012523;14;3;28;450;3;1;1;1;3;309;;M;4765713;748686;680
201400012524;14;4;8;1745;1;1;1;1;2;301;;M;4769892;744221;680
201400012525;14;4;26;1230;1;1;1;1;6;72;;M;4770024;744128;680
201400012526;14;5;3;100;3;1;1;2;6;72;;M;4770045;744133;680
201400012527;14;10;24;830;1;1;1;1;6;42;;M;4761649;751597;680
201400012528;14;2;17;730;3;1;1;1;6;267;;M;4805078;-44148;530
201400012529;14;3;23;1345;1;1;1;4;6;45;;M;4807747;-96978;530
201400012530;14;5;4;1645;1;1;9;1;6;34;;M;4810426;-73567;530
201400012531;14;5;15;1045;1;1;1;1;2;108;;M;4808274;-103562;530
201400012532;14;6;12;1045;1;1;1;1;1;108;;M;4808305;-102687;530
201400012533;14;6;16;1200;1;1;1;1;6;137;;M;4807448;-93991;530
201400012534;14;10;22;745;3;1;1;2;1;276;;M;4814369;-28588;530
201400012535;14;12;1;2245;3;1;1;8;1;262;;M;4806227;-59813;530
201400012536;14;1;21;815;3;1;1;1;3;163;;M;0;0;440
201400012537;14;3;21;1815;2;1;1;1;7;3;;M;0;0;440
201400012538;14;5;29;1815;1;1;1;1;6;213;;M;4742400;-102800;440
201400012539;14;8;15;1945;1;1;1;1;6;3;péage;M;0;0;440
201400012540;14;9;22;1630;1;1;1;1;7;163;;M;0;0;440
201400012541;14;5;23;1630;1;1;1;1;6;169;;M;4415870;61511;470
201400012542;14;7;16;1500;1;1;1;7;1;41;;M;4421270;42632;470
201400012543;14;8;30;1400;1;1;1;1;6;91;;M;4416580;58569;470
201400012544;14;3;19;1745;1;1;1;1;2;202;;M;0;0;310
201400012545;14;4;20;2130;3;1;1;2;2;27;;M;4388700;131720;820
201400012546;14;9;23;1030;1;1;1;1;5;85;;M;0;0;820
201400012547;14;12;6;1815;1;1;1;1;4;79;;M;0;0;820
201400012548;14;12;12;515;3;1;1;5;2;149;;M;0;0;820
201400012549;14;12;11;630;3;1;1;1;7;25;;M;0;0;820
201400012550;14;7;19;900;1;1;1;1;7;90;;M;4209844;872431;201
201400012551;14;12;31;1145;1;2;2;8;6;934;RD70;M;0;0;201
201400012552;14;6;17;1115;1;1;1;2;1;331;;M;4183692;896417;201
201400012553;14;3;3;1415;1;1;1;1;3;219;;M;0;0;390
201400012554;14;6;23;900;1;1;1;1;6;465;;M;0;0;390
201400012555;14;10;21;1500;1;1;1;1;6;501;;M;0;0;390
201400012556;14;11;19;1730;2;1;1;1;6;31;;M;0;0;390
201400012557;14;3;14;1600;1;1;1;1;2;431;;M;4526292;584226;380
201400012558;14;3;19;815;1;1;1;1;2;471;les Boullières;M;4525037;576642;380
201400012559;14;4;16;1000;1;2;1;1;1;471;D512;M;0;0;380
201400012560;14;5;13;1915;1;1;1;2;6;249;;M;0;0;380
201400012561;14;9;2;1615;1;2;1;1;3;140;;M;0;0;380
201400012562;14;9;7;1145;1;1;1;1;3;39;;M;4527071;584116;380
201400012563;14;11;13;930;1;2;1;1;3;229;avenue du gr?sivaudan;M;0;0;380
201400012564;14;12;9;715;3;2;1;2;3;249;CD 11 PK 2.8;M;0;0;380
201400012565;14;3;2;2300;5;2;1;1;3;85;AVENUE MARECHAL JUIN;M;0;0;60
201400012566;14;5;9;945;1;2;1;1;1;85;route de vallauris;M;0;0;60
201400012567;14;8;27;1130;1;2;1;1;6;85;16 avenue de tournamy;M;0;0;60
201400012568;14;9;17;730;1;2;1;1;3;85;chemin des campelieres;M;0;0;60
201400012569;14;9;20;200;5;2;6;1;2;85;rond point de la victoir;M;0;0;60
201400012570;14;9;26;1845;1;2;1;1;2;85;avenue du golf;M;0;0;60
201400012571;14;10;20;1415;1;2;1;1;3;85;1318 chemin des peyroues;M;0;0;60
201400012572;14;12;11;730;1;2;1;1;2;85;route de la roquette;M;0;0;60
201400012573;14;12;18;2330;5;2;1;1;6;85;45 avenue saint basile;M;0;0;60
201400012574;14;1;11;30;3;1;1;2;1;189;;M;0;0;780
201400012575;14;4;9;1900;1;1;1;1;3;466;;M;0;0;780
201400012576;14;5;10;1545;1;1;1;1;3;10;;M;4891900;193500;780
201400012577;14;5;17;1130;1;1;1;1;1;466;;M;4893200;199800;780
201400012578;14;8;10;415;3;1;1;1;6;189;;M;4890100;195200;780
201400012579;14;3;11;800;1;1;6;1;3;122;;M;4474600;-76400;330
201400012580;14;4;17;245;3;1;1;1;6;122;;M;4476500;-63300;330
201400012581;14;2;10;1330;1;1;1;6;1;213;;M;0;0;660
201400012582;14;1;4;530;3;1;1;8;5;348;;M;0;0;670
201400012583;14;4;13;345;3;1;1;1;6;125;PV, SENS STRASBG-COLMAR;M;0;0;670
201400012584;14;5;25;1745;1;1;1;1;6;84;;M;0;0;670
201400012585;14;6;18;1715;1;1;1;1;4;329;;M;0;0;670
201400012586;14;6;28;1145;1;1;1;2;2;223;;M;0;0;670
201400012587;14;7;8;1115;1;1;1;8;6;8;;M;0;0;670
201400012588;14;7;18;1530;1;1;1;1;6;411;;M;0;0;670
201400012589;14;10;10;2015;3;1;1;3;4;329;PV;M;0;0;670
201400012590;14;11;28;1600;1;1;1;1;3;239;;M;0;0;670
201400012591;14;1;6;1145;1;1;1;1;7;31;;M;0;0;790
201400012592;14;8;3;2000;2;1;1;1;7;351;;M;0;0;330
201400012593;14;10;4;430;3;1;1;1;3;236;;M;4535434;-58393;170
201400012594;14;1;12;2100;3;1;1;1;5;91;;M;0;0;10
201400012595;14;2;13;900;1;1;1;3;6;201;;M;0;0;740
201400012596;14;4;11;15;5;1;1;1;7;9;;M;0;0;740
201400012597;14;4;27;1515;1;1;1;1;6;91;;M;0;0;10
201400012598;14;5;18;2200;3;1;1;1;7;44;;M;0;0;740
201400012599;14;6;1;1030;1;1;1;1;6;243;;M;0;0;740
201400012600;14;7;11;645;2;1;1;1;7;16;;M;0;0;740
201400012601;14;7;29;1715;1;1;1;2;6;82;;M;0;0;740
201400012602;14;9;20;700;1;1;1;1;6;288;;M;0;0;740
201400012603;14;11;4;2130;5;1;1;3;2;201;;M;0;0;740
201400012604;14;12;13;715;2;1;1;1;6;118;;M;0;0;740
201400012605;14;3;10;1315;1;1;9;1;1;139;;M;4167379;931383;201
201400012606;14;5;30;2015;1;2;1;1;3;139;allee Ile de beaute;M;4163383;934551;201
201400012607;14;7;10;1800;1;1;1;1;5;269;;M;4180780;939900;201
201400012608;14;8;18;1030;1;1;1;1;3;139;;M;4170370;935693;201
201400012609;14;8;27;1415;1;1;1;1;7;139;;M;0;0;201
201400012610;14;10;9;830;1;2;1;8;3;139;la croix;M;4168399;931900;201
201400012611;14;10;12;1645;1;2;1;1;6;92;lieu dit Tarco RN 198;M;4175100;940400;201
201400012612;14;1;21;1815;2;2;1;8;6;268;;M;0;0;740
201400012613;14;2;17;1945;5;2;1;1;3;268;76 AVENUE AIX LES BAINS;M;0;0;740
201400012614;14;5;16;1200;1;2;1;1;3;268;AVENUE HENRI ZANAROLLI;M;0;0;740
201400012615;14;5;21;2145;3;1;1;1;6;186;;M;0;0;740
201400012616;14;6;4;2035;1;1;1;1;6;186;;M;0;0;740
201400012617;14;6;14;530;2;2;1;1;6;268;route des creuses;M;0;0;740
201400012618;14;9;18;1200;1;2;3;1;3;268;RUE DU MURAILLON;M;0;0;740
201400012619;14;12;8;645;3;1;3;1;2;268;;M;0;0;740
201400012620;14;2;9;545;3;1;1;1;6;49;A 42;M;4583440;503233;10
201400012621;14;2;19;715;2;1;1;1;4;288;;M;4568000;505500;690
201400012622;14;3;16;430;3;1;1;1;2;89;;M;4598760;531285;10
201400012623;14;5;19;1645;1;1;1;1;7;89;;M;4599300;531335;10
201400012624;14;6;18;2215;3;1;1;1;1;288;;M;0;0;690
201400012625;14;6;16;1515;1;1;1;1;2;450;;M;4590510;523330;10
201400012626;14;10;23;1415;1;1;1;1;2;213;;M;4593870;528660;10
201400012627;14;9;10;1230;1;1;1;1;1;131;SUR LE PONT SENS NORD;M;0;0;370
201400012628;14;11;23;1815;3;1;1;1;3;153;;M;0;0;370
201400012629;14;1;13;1145;1;1;1;8;5;279;;M;4549419;428762;420
201400012630;14;2;2;1230;1;1;1;1;6;42;Vassalieux;M;4545287;420883;420
201400012631;14;2;21;1515;1;2;1;1;2;279;53 avenue mellet mandard;M;4550552;426212;420
201400012632;14;5;17;1115;1;1;1;1;1;42;Chemin de Sarroux;M;4544780;422620;420
201400012633;14;6;7;1045;1;2;1;7;6;279;Bd de la Lib?ration;M;4549993;424027;420
201400012634;14;6;14;1130;1;2;1;1;1;279;;M;4550654;423924;420
201400012635;14;8;7;2130;5;2;1;1;3;256;av charles de gaulle;M;4549762;416585;420
201400012636;14;9;14;1915;1;2;1;1;1;256;Route de St Bonnet;M;4549185;415861;420
201400012637;14;9;29;1645;1;1;1;1;1;42;;M;4542847;423104;420
201400012638;14;10;2;1745;1;1;1;1;1;256;;M;4546678;416479;420
201400012639;14;10;6;730;2;2;1;1;6;279;Avenue Gr?goire Chapoton;M;4550192;425517;420
201400012640;14;11;14;1545;1;1;1;8;5;256;;M;4546961;413349;420
201400012641;14;12;9;1300;1;1;1;1;7;256;;M;4546739;413009;420
201400012642;14;12;16;1930;5;2;6;8;3;279;Avenue Mellet Mandard;M;4550323;425993;420
201400012643;14;12;12;1215;1;2;9;1;5;279;143 BD JEAN JAURES;M;4551321;426345;420
201400012644;14;2;10;1530;1;1;1;1;2;441;D 948;M;0;0;910
201400012645;14;6;6;1945;1;1;1;1;7;649;D31;M;4855100;235000;910
201400012646;14;8;31;45;4;2;1;1;6;135;4 grande rue;M;0;0;910
201400012647;14;9;12;1645;1;1;1;1;7;135;D75;M;0;0;910
201400012648;14;10;4;430;5;1;1;1;6;37;rue de Fitte;M;0;0;910
201400012649;14;12;4;2300;5;1;1;2;2;45;D17;M;0;0;910
201400012650;14;12;8;915;1;1;1;2;1;649;D31;M;0;0;910
201400012651;14;1;6;700;2;1;4;2;3;613;D944/D8E4;M;0;0;510
201400012652;14;1;11;1500;1;1;1;1;6;613;CHEMIN DE LA BARBARIE;M;0;0;510
201400012653;14;2;1;1320;1;1;1;1;1;333;D9;M;0;0;510
201400012654;14;2;12;900;1;2;1;9;6;536;D308;M;0;0;510
201400012655;14;3;10;1630;1;1;1;1;1;562;D9;M;0;0;510
201400012656;14;4;1;845;1;1;1;1;6;450;D33;M;0;0;510
201400012657;14;4;10;900;1;1;1;1;2;571;D944;M;0;0;510
201400012658;14;4;12;1015;1;2;8;1;2;375;RUE DE CHAMPFLEURY;M;0;0;510