num_acc;an;mois;jour;hrmn;lum;agg;int;atm;col;com;adr;gps;lat;long;dep
201400012659;14;5;14;1515;1;2;1;3;2;44;D944;M;0;0;510
201400012660;14;7;3;1400;1;1;2;1;3;571;D34/D35;M;0;0;510
201400012661;14;9;13;1115;1;1;1;1;6;614;D26;M;0;0;510
201400012662;14;12;3;1500;1;1;1;1;1;536;D944;M;0;0;510
201400012663;14;12;26;1245;1;1;4;8;1;636;D26/D37;M;0;0;510
201400012664;14;1;6;645;5;1;1;1;3;157;avenue de francazal;M;4353468;135424;310
201400012665;14;7;7;1700;5;2;1;1;1;203;Rue Jean Jaures;M;4352046;132764;310
201400012666;14;8;14;1845;1;2;1;1;1;157;3 Av Georges Pompidou;M;4352992;135102;310
201400012667;14;8;18;1730;1;2;1;1;1;157;route de tournefeuille;M;0;0;310
201400012668;14;1;17;930;1;1;1;3;6;152;;M;0;0;60
201400012669;14;2;20;900;1;1;1;1;2;152;;M;0;0;60
201400012670;14;3;5;1315;1;2;3;1;1;18;CD 98 Rue Albert Caquot;M;0;0;60
201400012671;14;5;21;1745;1;1;1;1;6;152;;M;0;0;60
201400012672;14;7;26;100;3;1;1;1;5;152;;M;0;0;60
201400012673;14;8;5;1130;1;2;3;1;1;18;78 chemin de la vigne ha;M;0;0;60
201400012674;14;8;28;1745;1;2;6;1;3;152;rue du fr?ne;M;0;0;60
201400012675;14;9;5;930;1;1;1;1;6;18;;M;0;0;60
201400012676;14;9;16;1400;1;1;1;1;3;18;;M;0;0;60
201400012677;14;11;21;1930;3;1;1;8;1;152;;M;0;0;60
201400012678;14;11;29;1215;1;1;1;1;3;152;;M;0;0;60
201400012679;14;12;18;2000;3;1;1;1;1;152;;M;4360400;705100;60
201400012680;14;1;13;1215;1;2;1;2;3;292;avenue felix faure;M;0;0;690
201400012681;14;5;20;1415;1;2;6;1;5;168;D433;M;4584300;483400;690
201400012682;14;9;16;1645;1;2;6;1;2;88;mont?e roy;M;0;0;690
201400012683;14;10;25;1430;1;2;1;1;1;88;mont?e roy;M;0;0;690
201400012684;14;3;4;1700;1;2;1;1;6;244;rue joliot curie;M;0;0;690
201400012685;14;3;18;845;1;2;1;1;3;44;Route de Saint Bel;M;0;0;690
201400012686;14;3;27;2045;5;2;1;1;1;244;rue joliot curie;M;0;0;690
201400012687;14;5;27;1725;1;2;1;1;6;244;51 av 11 novembre 1918;;;;690
201400012688;14;6;7;1315;1;2;1;1;1;244;rue de boyer;M;0;0;690
201400012689;14;8;28;1145;1;2;1;1;3;244;Rue Charles De gaulle;M;0;0;690
201400012690;14;10;8;1645;1;2;1;1;1;244;TASSIN LA DEMI LUNE;M;4575900;478200;690
201400012691;14;10;16;1800;1;2;1;1;1;244;avenue victor hugo;M;0;0;690
201400012692;14;10;28;1915;5;2;1;1;1;244;Chemin Finat Duclos;M;0;0;690
201400012693;14;12;1;1215;1;2;1;1;3;244;avenue g?n?ral brosset;M;4575300;478700;690
201400012694;14;12;22;2130;5;2;1;1;6;244;rue fran?ois mermet;M;0;0;690
201400012695;14;1;23;715;2;2;1;1;2;340;Aveneu de la Lib?ration;M;0;0;380
201400012696;14;3;15;200;5;2;1;1;1;340;;M;0;0;380
201400012697;14;3;15;1345;1;2;1;1;6;340;24 av de la lib?ration;M;0;0;380
201400012698;14;5;9;1700;1;1;1;1;1;378;;M;0;0;380
201400012699;14;5;20;2330;1;2;1;8;5;378;RN7 PARASSAT;M;0;0;380
201400012700;14;6;6;915;1;1;1;1;2;448;;M;0;0;380
201400012701;14;6;8;1445;1;2;1;1;6;425;rue auguste rodin;M;0;0;380
201400012702;14;6;10;1215;1;2;6;1;2;425;rue Fran?ois TRUFFAUT;M;0;0;380
201400012703;14;7;11;1230;1;2;3;1;6;536;311 route des alpes;M;4542171;490443;380
201400012704;14;7;31;1345;1;2;6;1;3;425;rue fran?ois truffaut;M;0;0;380
201400012705;14;8;9;1630;1;2;1;1;3;19;RN 7 Le village;M;0;0;380
201400012706;14;9;11;1115;1;2;2;1;3;425;RUE DU 19 MARS 1962;M;0;0;380
201400012707;14;10;4;1930;5;2;1;1;1;19;RN7 Le Village;M;0;0;380
201400012708;14;11;18;730;2;2;1;2;2;378;route de p?age;M;0;0;380
201400012709;14;3;21;1500;1;2;1;1;6;299;ROUTE DE MENTHON;M;0;0;740
201400012710;14;5;8;1930;1;1;1;1;3;303;ROUTE DE LA FILIERE;M;0;0;740
201400012711;14;5;5;1600;1;2;2;1;1;11;chemin de la colline;M;0;0;740
201400012712;14;5;9;1600;1;1;1;1;1;120;;M;0;0;740
201400012713;14;5;10;1900;1;2;3;1;1;282;RUE DE LA JAVAFONNE;M;0;0;740
201400012714;14;6;21;1530;1;2;1;1;2;176;281 route d'Annecy;M;0;0;740
201400012715;14;7;3;1345;1;1;1;1;2;11;;M;0;0;740
201400012716;14;8;31;2030;5;2;1;1;1;282;rue du Capitaine Anjot;M;0;0;740
201400012717;14;12;12;845;1;2;6;1;3;11;rue de l'arc en ciel;M;0;0;740
201400012718;14;12;17;1400;1;2;1;2;1;137;Route de Lecy;M;0;0;740
201400012719;14;3;6;1715;1;2;1;1;6;116;route de Montferrier;M;0;0;340
201400012720;14;5;10;1045;1;1;1;1;3;153;;M;0;0;340
201400012721;14;5;16;915;1;1;3;1;3;116;;M;4376200;352100;340
201400012722;14;11;8;215;3;1;1;1;6;82;;M;4367100;380200;340
201400012723;14;11;17;1400;1;1;1;7;1;255;;M;4366200;383100;340
201400012724;14;1;15;1115;1;2;6;1;3;266;ROND POINT CAISSE EPARGN;M;4633590;512671;10
201400012725;14;4;9;645;1;1;1;7;2;451;;M;4626330;518893;10
201400012726;14;4;30;1715;1;1;1;1;6;159;A 40;M;4632550;488303;10
201400012727;14;7;29;2200;2;1;1;1;6;151;;;;;10
201400012728;14;8;11;1600;1;1;1;1;7;159;;M;4632860;488052;10
201400012729;14;11;17;1515;1;1;1;2;7;159;;M;4632860;488052;10
201400012730;14;12;22;1830;3;1;1;1;2;343;;M;4628150;496606;10
201400012731;14;6;24;1800;1;2;9;1;6;183;15 rue de la gare;M;0;0;770
201400012732;14;8;6;1445;1;1;1;3;1;505;;M;0;0;770
201400012733;14;3;5;2305;3;1;1;1;6;702;;M;0;0;20
201400012734;14;1;15;1845;3;1;1;3;6;43;;M;0;0;780
201400012735;14;2;1;1315;1;1;1;1;6;152;;M;0;0;780
201400012736;14;3;2;630;5;2;2;1;1;571;carrefour d 307 - d 98;M;0;0;780
201400012737;14;3;29;1000;1;2;2;1;4;571;Avenue Charles DE GAULLE;M;0;0;780
201400012738;14;4;18;1745;1;2;1;1;6;455;1 rue andre le bourblanc;M;0;0;780
201400012739;14;8;16;1715;1;2;1;1;1;233;96 grande rue;M;0;0;780
201400012740;14;9;8;1500;1;1;1;1;6;43;;M;0;0;780
201400012741;14;9;9;2015;2;2;1;1;7;233;RD307;M;0;0;780
201400012742;14;11;11;915;1;2;1;7;6;455;33 rue Andr? lebourblanc;M;0;0;780
201400012743;14;11;8;1600;1;1;1;1;4;455;;M;0;0;780
201400012744;14;11;12;1100;1;2;9;1;6;455;parking centre commercia;M;0;0;780
201400012745;14;11;18;1915;1;1;1;1;3;233;;M;0;0;780
201400012746;14;3;28;1715;1;1;1;1;1;112;;M;0;0;130
201400012747;14;4;25;1215;1;1;1;1;1;112;;M;4353032;523849;130
201400012748;14;5;4;515;3;1;1;1;3;37;;M;4354772;518326;130
201400012749;14;12;29;1615;1;1;1;1;6;112;;M;0;0;130
201400012750;14;10;8;1430;1;1;1;1;2;353;RN 1;M;4908360;231420;950
201400012751;14;11;1;1815;3;1;1;2;2;353;RN1;M;4908360;231420;950
201400012752;14;11;4;1015;1;1;1;8;5;678;RN 184;M;0;0;950
201400012753;14;10;10;2245;3;1;1;8;7;252;;M;4274550;208596;90
201400012754;14;5;10;1100;1;1;1;1;3;189;;M;4267762;183351;90
201400012755;14;5;23;1515;1;1;1;1;1;326;;M;4277112;172598;90
201400012756;14;6;1;1745;1;1;1;1;1;4;;M;4277506;169843;90
201400012757;14;6;15;1745;1;1;1;1;7;139;;M;4258032;179718;90
201400012758;14;6;16;1530;1;2;1;1;3;326;RN 20;M;4277134;172206;90
201400012759;14;6;16;1445;1;1;1;1;3;139;;M;4260492;181354;90
201400012760;14;6;28;1215;1;1;1;1;1;70;;M;4278986;168754;90
201400012761;14;11;2;1300;1;1;1;1;1;32;;M;4268194;182820;90
201400012762;14;12;27;1445;1;1;1;3;1;176;;M;4275781;176945;90
201400012763;14;1;24;1745;3;1;1;2;4;210;;M;4814520;-178343;350
201400012764;14;2;28;1130;1;1;1;2;7;210;;M;4813377;-176280;350
201400012765;14;4;6;200;3;1;1;1;6;275;;M;0;0;350
201400012766;14;6;20;1845;1;1;1;1;7;210;;M;0;0;350
201400012767;14;9;18;915;1;2;2;1;3;210;avenuede la Crespiniere;M;4815152;-175929;350
201400012768;14;9;30;700;3;1;1;5;2;210;;M;4815024;-173044;350
201400012769;14;2;4;2245;3;1;1;6;7;150;;M;0;0;560
201400012770;14;8;19;1245;1;1;9;1;3;240;;M;4750768;-277186;560
201400012771;14;10;15;830;1;2;1;3;6;243;RUE COUSTEAU;M;4764895;-272340;560
201400012772;14;10;27;2000;5;2;1;1;1;5;RUE DES ORMEAUX;M;4755570;-289835;560
201400012773;14;12;7;2100;3;1;1;8;6;240;;M;4750135;-279280;560
201400012774;14;1;2;1045;1;1;1;1;6;255;;M;4587610;389161;420
201400012775;14;2;25;2100;3;1;1;1;2;108;;M;4558810;421172;420
201400012776;14;2;27;1;3;1;1;8;6;154;;M;4584837;421912;420
201400012777;14;2;28;1530;1;1;1;1;7;249;;M;4586447;424382;420
201400012778;14;4;22;645;1;1;1;1;2;34;;M;4585082;376877;420
201400012779;14;7;21;1600;1;1;1;8;2;173;;M;4584180;409007;420
201400012780;14;8;3;545;1;1;1;5;2;173;;M;4582878;410363;420
201400012781;14;10;7;1930;3;1;1;1;5;5;;M;4555491;425789;420
201400012782;14;11;27;1830;3;1;1;1;1;255;;M;4587652;388719;420
201400012783;14;4;5;315;3;1;1;1;7;591;;M;0;0;780
201400012784;14;8;30;1845;3;1;1;1;1;474;;M;0;0;780
201400012785;14;9;20;915;1;1;1;1;3;192;;M;0;0;780
201400012786;14;12;3;800;1;1;1;1;6;291;;M;0;0;780
201400012787;14;5;11;600;3;1;1;1;6;48;;M;0;0;380
201400012788;14;10;11;15;5;2;1;3;1;553;rue du midi;M;0;0;380
201400012789;14;1;14;915;1;1;1;1;2;113;;M;0;0;130
201400012790;14;4;16;1445;1;1;1;1;6;48;;M;0;0;130
201400012791;14;5;9;1415;1;1;1;1;6;1;;M;0;0;130
201400012792;14;9;3;1130;1;1;1;1;2;74;;M;0;0;130
201400012793;14;9;27;1045;1;1;1;1;6;113;;M;0;0;130
201400012794;14;2;8;530;3;1;1;2;1;167;;M;0;0;180
201400012795;14;6;29;815;1;1;1;1;6;190;;M;0;0;180
201400012796;14;6;30;1030;1;1;1;1;3;279;;M;4727272;204265;180
201400012797;14;7;3;230;3;1;1;1;6;138;;M;0;0;180
201400012798;14;7;21;630;2;1;1;1;2;96;;M;0;0;180
201400012799;14;8;6;745;1;1;1;1;2;190;;M;0;0;180
201400012800;14;9;6;715;1;1;1;1;6;190;;M;0;0;180
201400012801;14;12;11;2210;3;1;1;2;3;214;;M;0;0;180
201400012802;14;6;17;1300;1;1;1;1;3;333;;M;0;0;340
201400012803;14;6;19;1545;1;2;6;1;7;337;av Mireval rue Vignes An;M;4388800;342700;340
201400012804;14;7;3;900;1;1;1;1;7;337;;M;4391700;338700;340
201400012805;14;8;12;1800;1;1;6;1;3;337;;M;4389900;349700;340
201400012806;14;8;15;1545;1;1;1;1;1;333;;M;0;0;340
201400012807;14;8;24;1400;1;1;6;1;4;337;;M;4354035;389723;340
201400012808;14;12;6;1030;1;1;1;2;1;337;;M;0;0;340
201400012809;14;12;6;1300;2;1;1;3;4;333;;M;0;0;340
201400012810;14;10;8;945;1;1;1;1;7;59;;M;4454928;602425;50
201400012811;14;2;2;645;3;1;1;4;6;67;;M;4611500;548968;10
201400012812;14;2;20;830;1;1;1;5;6;307;;M;4617020;556052;10
201400012813;14;3;23;1115;1;1;1;4;2;274;A 40;M;4616130;565188;10
201400012814;14;5;14;945;1;1;1;8;6;283;;M;4622160;561202;10
201400012815;14;5;29;1145;1;1;1;1;2;274;;M;4616160;565240;10
201400012816;14;7;2;1500;1;1;1;1;3;331;;M;4610600;544997;10
201400012817;14;7;8;1600;1;1;1;3;6;373;;;;;10
201400012818;14;7;11;1915;1;1;1;2;4;228;A40;M;4613330;552244;10
201400012819;14;7;20;1300;1;1;1;3;2;373;A40 122+600;M;4612710;557646;10
201400012820;14;8;7;830;3;1;1;1;7;237;;;;;10
201400012821;14;12;27;1315;1;1;1;1;3;303;;M;4609720;542618;10
201400012822;14;1;26;1600;1;1;2;8;5;8;;M;4927560;-49306;140
201400012823;14;1;8;745;1;2;1;1;6;44;d16 Rte de Salon;M;0;0;130
201400012824;14;3;27;830;1;1;1;1;6;69;;M;0;0;130
201400012825;14;7;13;900;1;1;6;1;3;69;;M;0;0;130
201400012826;14;8;18;15;3;1;1;1;3;51;;M;0;0;130
201400012827;14;9;2;1815;1;1;1;1;7;51;;M;0;0;130
201400012828;14;10;6;1815;1;1;1;1;1;44;;M;0;0;130
201400012829;14;10;20;645;2;1;2;1;3;69;;M;4357174;536050;130
201400012830;14;8;8;1045;1;1;1;1;1;85;;M;4492671;669707;50
201400012831;14;8;9;1245;1;2;1;1;3;85;RN94;M;4492782;671104;50
201400012832;14;4;26;1115;1;1;1;1;2;21;;M;4612700;312100;30
201400012833;14;6;21;830;1;1;1;1;6;277;;M;4630600;302400;30
201400012834;14;7;31;745;1;1;1;1;2;175;;M;4625500;308700;30
201400012835;14;8;17;915;1;1;1;1;7;277;;M;4629200;304400;30
201400012836;14;9;29;1115;1;1;1;2;6;118;;M;4610500;314100;30
201400012837;14;12;15;1745;3;1;1;1;2;243;;M;0;0;30
201400012838;14;3;10;2000;3;1;1;1;2;113;;M;4577600;314100;630
201400012839;14;4;12;1800;1;1;1;1;2;278;;M;4592900;314400;630
201400012840;14;4;15;1745;1;1;1;1;2;113;;M;4581000;314000;630
201400012841;14;8;17;2215;3;1;1;1;3;300;;M;0;0;630
201400012842;14;5;18;30;5;2;1;1;6;84;252 corniche paul b?nard;M;0;0;60
201400012843;14;8;19;715;1;1;1;1;2;127;;M;4768986;-25021;490
201400012844;14;9;12;1545;1;1;1;1;3;110;;M;4751751;-40867;490
201400012845;14;10;6;1715;1;1;1;2;6;18;;M;4756379;-9877;490
201400012846;14;10;28;445;3;1;1;5;6;174;;M;4765392;-27298;490
201400012847;14;11;12;1130;1;1;2;7;3;18;;M;4756992;-9584;490
201400012848;14;12;3;1615;1;2;1;8;1;18;route de la Fleche;M;4754785;-10651;490
201400012849;14;7;22;1545;1;1;1;1;6;168;;M;4380803;-119876;400
201400012850;14;11;7;1700;2;1;1;2;2;261;;M;4370060;-122868;400
201400012851;14;11;14;1545;1;1;1;2;1;261;;M;4369573;-123108;400
201400012852;14;1;5;2115;3;1;1;8;1;156;;M;4427577;-89481;400
201400012853;14;2;16;2015;3;1;1;1;5;210;;M;4409922;-99509;400
201400012854;14;2;28;1700;1;1;1;4;5;94;;M;4415092;-96179;400
201400012855;14;2;28;1700;1;1;1;4;5;94;;M;4415132;-96127;400
201400012856;14;6;7;1630;1;1;1;1;5;295;;M;4435136;-85758;400
201400012857;14;8;21;1830;1;1;1;1;6;134;;M;4422989;-91211;400
201400012858;14;3;28;1445;1;2;2;1;3;198;Le bourg - cd 227;M;0;0;630
201400012859;14;6;6;800;1;1;1;1;6;349;;M;4595400;285200;630
201400012860;14;8;10;1915;1;1;1;1;1;4;;M;0;0;630
201400012861;14;11;1;1445;1;1;1;1;7;198;;M;0;0;630
201400012862;14;11;22;800;1;1;1;1;1;464;;M;4598600;291800;630
201400012863;14;12;20;551;5;2;1;1;3;60;81, GENERAL LECLERC (RUE;M;4825165;409894;100
201400012864;14;12;13;1635;2;2;1;1;4;387;PREMIER MAI (RUE DU);M;4830403;408754;100
201400012865;14;1;15;2050;3;1;1;2;6;357;GEORGES POMPIDOU (BD);M;4830668;410169;100
201400012866;14;1;21;1845;3;1;1;2;2;362;ROCADE OUEST (RD 610);;;;100
201400012867;14;1;17;1610;1;2;1;1;3;387;GENERAL CHARLES DELESTRA;M;4829136;407428;100
201400012868;14;1;30;1320;1;2;1;1;6;387;FAUBOURG CRONCELS (RUE D;M;4828233;407928;100
201400012869;14;1;6;1700;2;2;1;8;3;387;PREMIER RAM (RUE DU);;;;100
201400012870;14;1;24;1410;1;2;4;1;6;297;DANTON (RUE);M;4832859;410933;100
201400012871;14;1;26;1850;5;2;1;2;6;387;ANATOLE FRANCE (RUE);M;4828166;407019;100
201400012872;14;1;14;1840;5;2;1;2;6;387;PIERRE BROSSOLETTE (RUE);M;4829209;407457;100
201400012873;14;2;12;1355;1;2;3;1;6;387;ANATOLE FRANCE (RUE);M;4827860;406609;100
201400012874;14;12;22;1824;5;2;1;1;6;387;9, PREMIER RAM (RUE DU);;;;100
201400012875;14;1;28;2139;5;2;6;1;3;387;ROBERT GALLEY (RUE);M;4828990;406707;100
201400012876;14;3;6;600;5;2;3;1;2;387;Boulevard Victor Hugo;M;4829131;407088;100
201400012877;14;3;11;1119;1;2;6;1;3;387;ROBERT GALLEY (PLACE);M;4829001;406742;100
201400012878;14;2;19;1200;1;2;1;1;7;357;FOSSES BLANCHES (RUE DES;M;4829231;411996;100
201400012879;14;2;28;1128;1;1;1;2;1;357;EDME DENIZOT (RUE);M;4830274;412969;100
201400012880;14;3;22;1750;1;2;1;8;3;297;JULES GUESDE(avenue);M;4831850;410451;100
201400012881;14;4;1;840;1;2;1;1;6;387;QUATORZE JUILLET (Bd du);M;4829548;408031;100
201400012882;14;4;10;1645;1;2;1;1;2;387;LUCIEN MOREL PAYEN (RUE);M;4830545;408998;100
201400012883;14;4;11;1330;1;2;2;1;3;387;MAURICE ROMAGON (RUE);M;4828002;408743;100
201400012884;14;2;24;1456;1;2;1;1;6;387;LOMBARDS (AVENUE);M;4827016;408221;100
201400012885;14;4;17;1725;1;2;3;1;7;387;VOULDY (CHAUSSEE DU);;;;100
201400012886;14;5;6;555;2;1;1;1;7;325;ROCADE OUEST (RD 610);M;4826749;406490;100
201400012887;14;3;17;1322;1;2;1;1;2;387;BON PASTEUR (RUE);M;4829998;408307;100
201400012888;14;5;5;1900;1;2;1;1;7;333;ABBAYE DE MONTIER LA CEL;M;4828565;405286;100
201400012889;14;4;19;1250;1;2;2;1;3;387;HENRI BARBUSSE (RUE);M;4829671;408481;100
201400012890;14;5;14;1225;1;2;1;1;6;297;7, JULES GUESDE (BDL);M;4831484;409925;100
201400012891;14;5;17;2010;1;2;1;1;6;387;26, THENARD (RUE);;;;100
201400012892;14;5;21;1500;1;2;3;1;3;387;JEAN LOUIS DELAPORTE (RU;;;;100
201400012893;14;5;31;1910;1;2;1;1;6;387;MAROTS (RUE DES);;;;100
201400012894;14;5;31;1850;1;2;1;1;6;387;46, GUSTAVE MASSON (RUE);;;;100
201400012895;14;6;10;1227;1;2;2;1;3;387;JACQUIN (RUE);M;4830430;408252;100
201400012896;14;6;30;1610;1;2;1;1;6;387;21, PIERRE BROSSOLETTE;M;4829159;407510;100
201400012897;14;6;10;1750;1;2;1;1;6;297;TIRVERTS (RUE);M;4831883;408705;100
201400012898;14;6;27;1820;1;2;1;1;6;387;ALEXANDRE RIBOT (RUE);;;;100
201400012899;14;7;7;1800;1;2;3;2;2;387;VOLTAIRE (RUE);M;4829482;406499;100
201400012900;14;6;19;1730;1;2;1;1;3;387;GUSTAVE MASSON (RUE);M;4827411;408037;100
201400012901;14;8;20;1235;1;1;1;1;1;357;R.N. 19;M;4829552;413852;100
201400012902;14;8;12;1013;1;2;1;1;3;357;GENERAL DE GAULLE (RUE D;M;4829785;412925;100
201400012903;14;8;27;1507;1;2;1;1;3;387;WOOD ET WEST (RUE);M;4829517;408185;100
201400012904;14;7;16;1725;1;2;1;1;6;387;BAS TREVOIS (RUE DES);;;;100
201400012905;14;9;12;1650;1;2;6;1;2;387;GEORGES POMPIDOU (RUE);M;4829128;408774;100
201400012906;14;9;19;1235;1;2;3;1;2;81;PRESIDENT RENE COTY;M;4832325;403230;100
201400012907;14;9;12;1125;1;2;2;1;3;387;LUCIEN MOREL PAYEN (RUE);M;4829689;407549;100
201400012908;14;10;8;1215;1;2;9;3;6;81;46, JEAN JAURES (AVENUE);M;4831083;403923;100
201400012909;14;9;26;1540;1;2;1;1;6;387;DANTON (RUE);;;;100
201400012910;14;10;8;2008;5;2;1;1;6;387;JULES GUESDE (BD);M;4829307;408202;100
201400012911;14;10;7;1348;1;2;1;1;6;387;CHARMILLES (MAIL DES);M;4829933;408727;100
201400012912;14;10;4;2130;5;2;6;1;3;387;GEORGES POMPIDOU (RUE);M;4829653;409410;100
201400012913;14;9;24;1550;1;2;1;1;6;387;REPUBLIQUE (RUE DE LA );M;4829689;407549;100
201400012914;14;9;27;1101;1;2;3;1;3;343;VANNES (RUE);M;4828017;409959;100
201400012915;14;7;4;1550;1;2;1;8;6;387;EDMOND FARIAT (RUE);;;;100
201400012916;14;10;3;1725;1;2;1;1;1;81;Boulevard de l'Ouest;M;4830624;402609;100
201400012917;14;9;6;1356;1;2;1;1;2;387;GAMBETTA (boulevard);M;4829980;407328;100
201400012918;14;9;29;1810;1;2;9;1;6;81;20, ROGER SALENGRO (NATI;M;4831260;404901;100
201400012919;14;10;14;1915;5;2;1;1;6;333;AUXERRE (ROUTE);;;;100
201400012920;14;10;3;1140;1;2;3;1;3;387;CHOMEDEY DE MAISONNEUVE;M;4830530;407177;100
201400012921;14;11;9;1250;1;2;2;1;3;387;QUATORZE JUILLET (BD DU;;;;100
201400012922;14;11;14;850;1;2;1;1;6;387;VOULDY (CHAUSSEE DU);M;4829426;408282;100
201400012923;14;11;16;730;1;2;1;2;2;297;09, JULES GUESDE (BDL);M;4831499;409941;100
201400012924;14;10;29;2123;5;2;2;1;3;387;MISSION (RUE DE LA);M;4828801;407436;100
201400012925;14;11;23;330;5;2;1;1;7;325;., EGALITE (RUE DE L');M;4826946;406119;100
201400012926;14;11;21;1725;2;2;1;1;2;387;16, VOULDY (CHAUSSEE DU);M;4829265;408432;100
201400012927;14;12;16;1854;5;2;1;1;2;325;EGALITE (RUE DE L');;;;100
201400012928;14;12;8;1929;5;2;6;9;3;387;WOOD ET WEST (RUE);M;4829501;408179;100
201400012929;14;12;17;900;5;2;1;3;6;387;105, GENERAL DE GAULLE;M;4829679;406772;100
201400012930;14;12;12;1716;2;2;2;1;3;387;KLEBER (RUE);M;4830388;408709;100
201400012931;14;5;28;1545;1;1;1;1;3;152;;M;0;0;670
201400012932;14;5;28;1130;1;1;1;1;6;49;;M;0;0;670
201400012933;14;7;22;1715;1;2;1;1;2;124;route de strasbourg;M;0;0;670
201400012934;14;9;3;1200;1;2;1;1;1;152;chemin de la hardt;M;0;0;670
201400012935;14;11;19;2215;3;1;1;1;3;108;;M;0;0;670
201400012936;14;12;15;745;2;2;1;8;3;152;rue du coll?ge;M;0;0;670
201400012937;14;1;2;1130;1;1;1;8;3;389;;M;4865100;776200;670
201400012938;14;1;22;2315;3;1;1;8;6;296;;M;4861500;768600;670
201400012939;14;2;11;1200;1;2;2;1;1;256;D63;M;0;0;670
201400012940;14;2;6;1500;1;2;1;7;6;506;19 rue G?n?ral LECLERC;M;0;0;670
201400012941;14;3;22;1315;1;2;1;1;6;343;3, rue Erckmann Chatrian;M;4861000;768700;670
201400012942;14;4;1;1500;1;1;1;1;5;389;;M;4865400;773900;670
201400012943;14;4;17;1245;1;1;9;1;6;309;;M;0;0;670
201400012944;14;4;30;1530;1;2;1;1;6;326;rue du Stade;M;0;0;670
201400012945;14;5;9;1330;1;2;1;1;7;471;rue de l'?cole;M;0;0;670
201400012946;14;8;26;1700;1;2;1;2;3;343;route de Strasbourg;M;0;0;670
201400012947;14;9;19;1345;1;1;9;1;2;309;;M;0;0;670
201400012948;14;10;1;1545;1;2;1;1;1;343;Route D?partementale 41;M;0;0;670
201400012949;14;10;4;1430;1;2;1;1;3;506;13 rue g?n?ral leclerc;M;0;0;670
201400012950;14;10;9;1630;1;2;3;2;3;309;rue de Strasbourg;M;0;0;670
201400012951;14;11;18;1815;5;2;1;2;6;326;27 Rue de Hoenheim;M;0;0;670
201400012952;14;12;7;1400;1;2;1;1;3;343;;M;0;0;670
201400012953;14;12;16;1045;1;1;1;8;6;119;;M;0;0;670
201400012954;14;1;24;1215;1;2;1;1;3;38;192 rte de valbonne-Pla;M;4364400;698400;60
201400012955;14;3;18;1530;5;2;1;1;3;105;RD 2085 PK 14+900;M;0;0;60
201400012956;14;6;29;1045;1;2;1;1;1;112;;M;0;0;60
201400012957;14;7;22;1545;1;2;1;1;3;38;Route de Nice;M;0;0;60
201400012958;14;8;14;1645;1;1;1;1;2;105;;M;0;0;60
201400012959;14;9;13;1815;1;1;1;1;1;148;;M;0;0;60
201400012960;14;10;21;30;5;1;1;1;7;38;;M;0;0;60
201400012961;14;11;1;800;1;2;1;1;3;148;RD 2210;M;0;0;60
201400012962;14;4;30;1800;1;1;1;3;7;394;;M;0;0;650
201400012963;14;5;11;2145;3;1;1;1;2;356;;M;0;0;650
201400012964;14;7;20;800;1;1;1;1;2;394;;M;0;0;650
201400012965;14;9;5;1545;1;1;1;1;2;394;;M;0;0;650
201400012966;14;9;21;1130;1;1;9;1;6;238;;M;0;0;640
201400012967;14;10;18;630;3;1;1;1;2;389;;M;0;0;650
201400012968;14;12;22;1830;3;1;1;1;3;356;A 64;M;0;0;650
201400012969;14;1;22;700;3;1;1;1;6;399;;M;0;0;20
201400012970;14;8;9;1115;1;1;1;1;6;157;;M;0;0;20
201400012971;14;3;8;1830;1;1;1;1;1;193;;M;4561082;524594;380
201400012972;14;7;2;715;1;1;1;2;1;530;;M;0;0;380
201400012973;14;9;17;1230;1;1;1;1;5;530;;M;0;0;380
201400012974;14;10;5;1530;1;1;1;1;6;530;;M;0;0;380
201400012975;14;11;8;1500;2;2;1;1;3;193;rue des sayes;M;0;0;380
201400012976;14;12;3;1800;3;1;1;8;2;158;;M;4651100;264000;30
201400012977;14;3;6;1615;1;1;1;1;6;173;;M;4430927;590003;50
201400012978;14;4;26;1300;1;1;1;1;6;173;;M;4434138;590344;50
201400012979;14;5;15;1330;1;1;1;1;6;49;;M;0;0;40
201400012980;14;7;15;830;1;1;1;1;7;242;;M;0;0;40
201400012981;14;9;29;1045;2;1;1;2;3;40;;M;0;0;600
201400012982;14;11;14;1600;1;2;1;2;1;19;base navale;M;4838666;-449666;290
201400012983;14;3;10;845;1;1;1;1;6;162;;M;4821136;424243;100
201400012984;14;5;8;1145;1;1;1;8;6;45;;M;4816908;447972;100
201400012985;14;7;6;1715;1;1;1;3;2;76;;M;4813805;463543;100
201400012986;14;7;22;1445;1;1;1;1;5;110;;M;4827457;420220;100