num_acc;an;mois;jour;hrmn;lum;agg;int;atm;col;com;adr;gps;lat;long;dep
201400012987;14;7;24;1415;1;1;1;1;2;216;;M;4865508;417489;100
201400012988;14;5;19;800;1;1;1;2;3;113;;M;0;0;130
201400012989;14;6;1;1415;1;1;1;1;3;113;;M;0;0;130
201400012990;14;7;27;630;1;1;1;1;1;80;;M;0;0;130
201400012991;14;7;24;1815;1;1;1;1;1;113;;M;0;0;130
201400012992;14;3;14;1430;1;1;1;1;3;82;;M;0;0;730
201400012993;14;4;19;1530;1;1;1;1;6;118;;M;0;0;730
201400012994;14;6;2;500;2;1;1;1;7;183;;M;0;0;730
201400012995;14;9;12;930;1;1;1;1;7;7;;M;0;0;730
201400012996;14;11;20;1745;3;1;1;1;4;213;;M;0;0;730
201400012997;14;1;26;1845;3;1;1;8;1;33;A49 PK 27+100;M;4517237;538496;380
201400012998;14;2;1;415;3;1;1;1;6;416;;M;0;0;380
201400012999;14;3;26;1400;1;1;1;1;6;454;;M;0;0;380
201400013000;14;9;10;1645;1;1;1;1;1;4;;M;4520854;545476;380
201400013001;14;10;31;1130;3;1;1;1;7;450;;M;4535000;556400;380
201400013002;14;1;3;1915;5;2;9;1;6;352;Parking de la Chalotais;M;4804532;-160508;350
201400013003;14;1;5;1930;3;1;1;2;1;206;;M;4804160;-167532;350
201400013004;14;1;6;1815;5;1;1;8;4;352;;M;4804462;-161026;350
201400013005;14;1;8;745;3;1;3;5;1;32;;M;4799950;-160075;350
201400013006;14;2;15;945;1;1;1;1;2;352;;M;0;0;350
201400013007;14;4;6;230;3;1;1;1;6;352;;M;0;0;350
201400013008;14;5;27;1745;1;2;1;1;4;206;CD 34 - PK 20,5 d?croiss;M;4804435;-166334;350
201400013009;14;9;20;1545;1;1;1;1;2;352;;M;4803339;-160026;350
201400013010;14;10;20;800;2;1;1;1;7;352;;M;4807449;-162790;350
201400013011;14;12;8;1615;1;1;1;1;1;206;;M;4804333;-166567;350
201400013012;14;1;3;1315;1;1;1;1;6;472;;M;0;0;670
201400013013;14;2;21;1200;1;1;1;1;7;356;;M;0;0;670
201400013014;14;4;9;630;2;1;1;1;2;140;;M;0;0;670
201400013015;14;4;16;1030;1;1;1;1;7;194;;M;0;0;670
201400013016;14;5;14;200;3;1;1;2;7;506;;M;0;0;670
201400013017;14;6;18;900;1;1;1;1;4;156;;M;0;0;670
201400013018;14;7;15;1715;1;1;1;1;7;237;;M;0;0;670
201400013019;14;8;1;645;1;1;1;1;6;194;;M;0;0;670
201400013020;14;11;24;1045;1;1;1;1;7;463;;M;0;0;670
201400013021;14;2;13;1645;1;1;1;1;1;397;;M;5085904;189320;620
201400013022;14;7;21;330;4;2;1;2;6;769;Rue du Marais;M;5090534;185661;620
201400013023;14;1;27;1340;1;2;1;2;6;69;PLAINE SAINT NAZAIRE -AL;M;4322053;236287;110
201400013024;14;2;7;830;1;1;1;1;7;69;1, BRAM -ROUTE DE-;M;4322591;229094;110
201400013025;14;2;16;210;5;2;1;2;6;69;118, LECLERC AV. DU GENE;M;4321115;236092;110
201400013026;14;4;2;1800;1;1;1;1;3;69;MONTREAL -ROUTE DE -;M;4321340;228442;110
201400013027;14;1;13;1524;1;1;1;1;7;69;ROCADE SUD RD 342;M;4319228;233950;110
201400013028;14;1;16;509;3;1;1;1;6;69;FAJEOLLE -AVENUE DE LA-;M;4322478;238059;110
201400013029;14;1;16;2333;4;1;1;1;7;69;R N 113, SENS TOULOUSE/;;;;110
201400013030;14;1;17;1057;1;2;1;1;2;69;14, COMMANDANT ROUMENS;M;4321112;235538;110
201400013031;14;1;22;1222;1;1;1;1;7;69;CAZILHAC -IMPASSE DE LA;;;;110
201400013032;14;1;23;712;2;1;1;1;1;69;CITE -CHEMIN-;M;4319961;235274;110
201400013033;14;1;23;1452;1;1;1;1;3;69;MONTREAL -ROUTE DE -;M;4321243;232848;110
201400013034;14;8;26;1025;1;2;1;1;7;69;CITROEN ANDRE;M;4321919;234378;110
201400013035;14;1;25;1350;1;1;1;1;3;69;2, DUPLEIX JOSEPH FRANCO;M;4320946;232362;110
201400013036;14;1;26;1604;1;2;1;1;7;69;87, BRINGER JEAN -ET IMP;M;4321532;235304;110
201400013037;14;1;31;2333;3;1;1;1;7;69;R N 113 sens NARBONNE/TO;M;4320427;241224;110
201400013038;14;2;3;755;2;1;1;1;6;69;MONTREAL -ROUTE DE -;M;4321343;230728;110
201400013039;14;2;4;1402;1;2;1;1;6;69;LECLERC AV. DU GENERAL P;;;;110
201400013040;14;2;4;1756;1;2;1;1;1;69;1430, BLUM NR IMPAIRS JU;M;4322494;234521;110
201400013041;14;2;5;1854;1;2;1;1;3;69;29, GOUT HENRI -AV. N I;M;4321093;233924;110
201400013042;14;2;7;1700;1;1;1;1;7;69;ROCADE OUEST;M;4320123;231497;110
201400013043;14;2;10;1233;1;1;1;1;7;69;3, COLOMB CHRISTOPHE -PO;M;4323623;236909;110
201400013044;14;2;15;1506;1;2;1;1;3;69;2, BRINGER JEAN -ET IMPA;M;4321553;235313;110
201400013045;14;2;17;900;1;1;1;1;1;69;2, ALPHA -DU CENTAURE-;M;4318041;241035;110
201400013046;14;2;17;1703;1;2;1;1;3;69;POMPIDOU GEORGES -ROND P;M;4322627;233109;110
201400013047;14;2;18;725;2;2;1;1;7;69;BRAM -ROUTE DE-;M;4322621;229013;110
201400013048;14;2;18;1736;1;2;1;1;6;69;LECLERC AV. DU GENERAL I;M;4321790;234489;110
201400013049;14;2;19;1455;1;2;1;1;4;69;GARIGLIANO -PONT DU-;M;4320347;233422;110
201400013050;14;3;7;1115;1;2;1;1;2;69;2, BERRIAC -ROUTE DE-;M;4320905;237920;110
201400013051;14;3;12;1921;2;2;1;1;4;69;PAPIN DENIS -BD-;M;4320828;231993;110
201400013052;14;3;14;500;3;2;1;1;7;69;NARBONNE -ROUTE DE-;M;4320480;239939;110
201400013053;14;3;14;1948;3;2;1;1;1;69;BRAM -ROUTE DE-;M;4321947;230349;110
201400013054;14;3;15;2118;3;2;1;1;2;69;NARBONNE -ROUTE DE-;M;4320495;240555;110
201400013055;14;3;18;735;1;2;1;1;6;69;VARSOVIE -BD-;M;4321351;234673;110
201400013056;14;3;22;2002;2;2;1;1;6;69;MARECHAL FOCH -AVENUE-;M;4321732;235265;110
201400013057;14;4;1;755;1;2;1;1;1;69;NOEL SUZANNE DR -AVENUE-;M;4319255;234068;110
201400013058;14;4;3;1035;1;2;1;1;2;69;CHARLEMAGNE -ROND POINT;;;;110
201400013059;14;4;8;1754;1;2;1;1;3;69;BARBES BD ET PROMENADE-P;M;4321034;234892;110
201400013060;14;4;11;1609;1;2;1;1;2;69;MOULIN JEAN -AVENUE-;M;4320891;237609;110
201400013061;14;4;12;1104;1;2;1;1;6;69;BUFFON RUE A PARTIR DU 5;M;4322275;235465;110
201400013062;14;4;14;751;1;2;1;1;3;69;CHARLEMAGNE -ROND POINT;M;4319729;235789;110
201400013063;14;4;15;1750;1;2;1;1;2;69;ROCADE SUD RD 342;M;4322863;233870;110
201400013064;14;4;15;2239;2;2;1;1;3;69;ALSACE;M;4321559;235707;110
201400013065;14;4;17;2035;1;2;1;1;6;69;SARRAUT MAURICE;M;4321642;235147;110
201400013066;14;4;18;952;1;2;1;1;6;69;MONNET JEAN;M;4320785;238162;110
201400013067;14;4;19;1755;1;2;1;1;3;69;BOUFFET HENRY;M;4320976;230673;110
201400013068;14;4;24;1648;1;2;1;1;2;69;NARBONNE -ROUTE DE-;M;4320813;238964;110
201400013069;14;4;26;1105;1;2;1;1;6;69;SARRAUT OMER BR -PAIRS-;;;;110
201400013070;14;4;27;2100;2;2;1;1;7;69;JARDIN BEAUMETZ;M;4320683;235995;110
201400013071;14;4;30;1550;1;1;1;1;3;69;VEDRINES JULES;M;4321340;230403;110
201400013072;14;5;3;1612;1;2;1;1;5;69;ROCADE SUD RD 342;M;4319402;234175;110
201400013073;14;5;4;1404;1;2;1;1;3;69;ZAMENHOF -DU DOCTEUR-;M;4321720;234206;110
201400013074;14;5;4;2050;2;2;1;1;3;69;LECLERC AV. DU GENERAL I;M;4320927;236810;110
201400013075;14;5;6;1430;1;1;1;1;1;69;MADELEINE -CHEMIN DE LA;M;4322808;239376;110
201400013076;14;5;12;1516;1;2;1;1;2;69;PAPIN;M;4320827;232004;110
201400013077;14;5;12;1706;1;2;1;1;2;69;ROCADE SUD RD 342;;;;110
201400013078;14;5;13;130;3;2;1;2;7;69;BRAM -ROUTE DE-;M;4321992;230227;110
201400013079;14;5;16;1214;1;2;1;1;3;69;JUIN MARECHAL;M;4321119;237602;110
201400013080;14;5;16;1815;1;2;1;1;1;69;JOLIOT CURIE -BD IRENE F;M;4321112;236973;110
201400013081;14;5;17;1739;1;2;1;1;7;69;LUPINS -ET ALLEE DES-;M;4322922;239027;110
201400013082;14;5;22;450;2;2;1;1;7;69;LECLERC AV. DU GENERAL I;M;4320921;236787;110
201400013083;14;5;22;1828;1;2;1;1;2;69;BLUM APRES LE 1429;M;4322528;234499;110
201400013084;14;5;23;1713;1;2;1;1;7;69;ROCADE SUD RD 342;M;4319260;233926;110
201400013085;14;5;24;1818;1;2;1;1;1;69;ROCADE SUD RD 342;M;4319957;236542;110
201400013086;14;5;28;150;3;2;1;1;7;69;IENA -ALLEE D- N IMPAI;M;4321324;234506;110
201400013087;14;5;30;1842;2;2;1;1;7;69;CLEMATITES -CHEMIN-;M;4322092;235938;110
201400013088;14;5;31;1219;1;2;1;1;6;69;GUESDES JULES -BD-;M;4320821;232828;110
201400013089;14;6;6;1351;1;2;1;1;1;69;PEGUY CHARLES;M;4322340;235408;110
201400013090;14;6;8;1030;1;2;1;1;3;69;MINERVOISE -ROUTE-;M;4321756;235319;110
201400013091;14;6;8;2207;1;2;1;1;3;69;MAZAGRAN;M;4321415;235702;110
201400013092;14;6;9;1731;1;2;1;1;6;69;BREL JACQUES;M;4322630;236433;110
201400013093;14;6;11;832;1;2;1;1;2;69;LECLERC AV. DU GENERAL P;M;4320882;236922;110
201400013094;14;6;11;2017;1;2;1;1;6;69;SARRAUT OMER BD -IMPAIRS;M;4321637;235408;110
201400013095;14;6;13;1858;1;2;1;1;7;69;R N 113, SENS TOULOUSE/;M;4320455;241018;110
201400013096;14;6;13;1947;1;2;1;1;3;69;RAMOND AIME;M;4321196;235049;110
201400013097;14;6;24;1429;1;2;1;1;3;69;JUIN MARECHAL;M;4321197;237391;110
201400013098;14;7;1;1125;1;2;1;1;1;69;SEMARD PIERRE -AVENUE-;M;4321498;234102;110
201400013099;14;7;4;910;1;1;1;2;6;69;MAGINOT ANDRE -AVENUE-;M;4321954;238055;110
201400013100;14;7;5;1650;1;2;9;1;3;69;REPUBLIQUE;M;4321426;235478;110
201400013101;14;7;7;1540;1;2;1;1;2;69;SARRAUT OMER BR -PAIRS-;M;4321645;235207;110
201400013102;14;7;10;2102;2;1;1;1;7;69;ROCADE SUD RD 342;M;4319951;236557;110
201400013103;14;7;19;1718;1;2;1;1;2;69;JAURES JEAN -BD-IMPAIRS;M;4321343;235548;110
201400013104;14;7;23;1525;1;1;1;1;6;69;ROCADE SUD RD 342;;;;110
201400013105;14;7;24;1900;1;1;1;1;7;69;CAVAYERE -ROUTE DE LA -;M;4318742;240284;110
201400013106;14;8;2;150;4;2;1;2;7;69;VERDUN;M;4321266;235203;110
201400013107;14;8;6;1617;1;2;1;1;3;69;ROCADE SUD RD 342;M;4320427;238703;110
201400013108;14;8;10;330;3;2;1;1;7;69;CARCASS -DAME-;;;;110
201400013109;14;8;13;1135;1;2;1;1;6;69;MINERVOISE -ROUTE-;M;4321931;235456;110
201400013110;14;8;14;1330;1;2;1;1;6;69;ROCADE SUD RD 342;M;4320377;238097;110
201400013111;14;8;16;1756;1;2;1;1;2;69;ROCADE SUD RD 342;;;;110
201400013112;14;8;18;1049;1;2;1;1;3;69;ROCADE SUD RD 342;M;4319888;235804;110
201400013113;14;8;21;2315;3;1;1;1;1;69;ROCADE SUD RD 342;;;;110
201400013114;14;8;23;555;3;1;1;1;6;69;MONTREAL -ROUTE DE -;M;4321374;229118;110
201400013115;14;8;23;2140;2;2;1;1;2;69;LECLERC AV. DU GENERAL I;;;;110
201400013116;14;8;25;1026;1;2;1;1;2;69;BUNAU VARILLA -AV-;M;4320943;233890;110
201400013117;14;8;25;1243;1;2;1;1;3;69;RIVOLI  -BD ET IMPASSE-;M;4322746;235365;110
201400013118;14;8;27;900;1;2;1;1;7;69;NADAUD GUSTAVE;;;;110
201400013119;14;8;29;941;1;2;1;1;3;69;LIMOUX -ROUTE DE - JUSQU;M;4320645;233471;110
201400013120;14;8;29;1232;1;2;1;1;5;69;SARRAUT OMER BD -IMPAIRS;;;;110
201400013121;14;9;1;941;1;2;1;1;2;69;ROCADE OUEST;M;4322139;232424;110
201400013122;14;9;2;2108;1;2;1;1;2;69;CURIE PIERRE;M;4321617;236375;110
201400013123;14;9;3;1828;1;2;1;1;6;69;AIGLE D'OR;M;4321361;235180;110
201400013124;14;9;8;16;3;2;1;1;7;69;BUFFON RUE JUSQUAU 48 ET;M;4322633;235840;110
201400013125;14;9;9;855;1;2;1;1;6;69;JOLIOT CURIE -BD IRENE F;M;4321487;236746;110
201400013126;14;9;12;759;1;2;1;1;6;69;MUSSET ALFRED -ET IMPASS;M;4321962;234394;110
201400013127;14;9;12;1045;1;2;1;1;2;69;GARIGLIANO -PONT DU-;M;4320361;233418;110
201400013128;14;9;12;2232;3;2;1;1;1;69;EIFFEL GUSTAVE;M;4320746;230395;110
201400013129;14;9;26;945;1;2;1;1;6;69;BARBES BD IMPAIR;M;4321032;234898;110
201400013130;14;9;26;1617;1;2;1;1;2;69;ROOSEVELT - PAIRS APRES;M;4322353;233538;110
201400013131;14;10;8;846;1;2;1;1;6;69;IENA -ALLEE D- N PAIRS;M;4321115;234497;110
201400013132;14;10;11;1602;1;2;1;1;6;69;5, BRINGER JEAN -ET IMPA;M;4321154;235349;110
201400013133;14;10;13;1807;1;1;1;1;7;69;BRAM -ROUTE DE-;M;4322625;228989;110
201400013134;14;10;19;1919;2;1;1;1;7;69;PARKING KFC;M;4320395;231223;110
201400013135;14;11;1;155;5;2;1;1;7;69;VARSOVIE -BD-;M;4321464;234729;110
201400013136;14;11;3;1415;1;2;1;1;7;69;ISLY D';M;4321213;233817;110
201400013137;14;11;4;1758;2;2;1;1;7;69;SOUVENIR FRANCAIS -AVENU;M;4320835;238523;110
201400013138;14;11;7;2045;2;2;1;1;7;69;BLUM APRES LE 1429;M;4322403;235390;110
201400013139;14;11;12;1815;2;2;1;1;3;69;SAINT HILAIRE -ROUTE DE-;M;4319290;233613;110
201400013140;14;11;13;1553;1;2;1;1;3;69;VOLTAIRE;M;4321112;234856;110
201400013141;14;11;21;1513;1;2;1;1;6;69;ARMAGNAC -ANCIEN RUE DU;M;4321490;235113;110
201400013142;14;11;25;854;1;2;1;1;4;69;SARRAUT MAURICE;M;4321648;235059;110
201400013143;14;11;26;1520;1;2;1;1;3;69;ETUDES -DES-;M;4321337;234836;110
201400013144;14;11;27;907;1;2;1;1;3;69;GRAZAILLES -DE-;M;4322663;235895;110
201400013145;14;12;7;543;2;2;1;1;7;69;IENA -ALLEE D- N PAIRS;M;4321240;234498;110
201400013146;14;12;9;1000;1;2;1;1;3;69;DUPLEIX JOSEPH FRANCOIS;M;4321135;232651;110
201400013147;14;12;9;1054;1;2;1;1;5;69;LIMOUX -ROUTE DE - JUSQU;M;4320117;231249;110
201400013148;14;12;12;1610;1;2;1;1;2;69;IENA -ALLEE D- N PAIRS;M;4321145;234503;110
201400013149;14;12;19;1810;2;2;1;1;3;69;PAPIN;M;4320907;232498;110
201400013150;14;12;21;1326;1;2;1;1;1;69;SAINT SAENS CAMILLE;M;4320733;237117;110
201400013151;14;12;22;1234;1;2;1;1;3;69;ALSACE;M;4321561;235835;110
201400013152;14;1;2;1645;1;1;1;1;6;232;;M;0;0;310
201400013153;14;2;20;1245;1;1;1;1;2;216;;M;0;0;310
201400013154;14;2;28;1330;1;1;1;4;1;228;;M;0;0;310
201400013155;14;3;20;1430;3;1;1;1;4;94;;M;0;0;310
201400013156;14;6;7;645;1;1;1;1;2;118;A 62;M;4376399;138542;310
201400013157;14;7;7;1600;1;1;1;2;1;91;;M;4371697;139952;310
201400013158;14;8;1;800;1;1;1;1;1;117;;M;0;0;310
201400013159;14;9;2;1015;1;1;1;1;2;467;;M;0;0;310
201400013160;14;12;26;2030;3;1;1;2;6;91;;M;4373539;139527;310
201400013161;14;6;2;45;3;1;1;1;7;306;;M;4858600;268600;770
201400013162;14;8;2;615;2;1;1;1;6;279;;M;4815200;295500;770
201400013163;14;9;15;800;1;1;1;1;6;453;;M;4872100;240400;770
201400013164;14;12;31;200;3;1;1;1;7;34;;M;4893100;228000;770
201400013165;14;1;7;1205;1;2;2;1;3;262;FERROUL (BOULEVARD  DOCT;M;4318077;300482;110
201400013166;14;1;10;1045;1;2;1;1;6;262;PYRENEES (PLACE ET AVENU;M;4318263;299759;110
201400013167;14;1;22;500;3;2;1;1;6;262;RD 6009 NARBONNE - PERPI;;;;110
201400013168;14;11;16;1740;2;2;1;1;6;262;0, DIGEON (PLACE EMILE);M;4318110;300445;110
201400013169;14;2;8;1420;1;2;1;1;4;262;RD 6009 NARBONNE - BEZIE;;;;110
201400013170;14;2;10;750;1;2;2;1;3;262;15, BRUXELLES (RUE DE);M;4317716;300467;110
201400013171;14;2;21;850;1;2;1;1;6;262;PYRENEES (PLACE ET AVENU;M;4318258;299771;110
201400013172;14;3;7;1755;1;2;3;1;3;262;0, SERMET (AVENUE ELIE);M;4318703;301578;110
201400013173;14;3;16;405;5;2;1;6;6;262;MAYOLLE (BOULEVARD DE LA;M;4317559;301029;110
201400013174;14;5;23;745;1;2;1;1;2;262;0, BORDEAUX (AVENUE DE);;;;110
201400013175;14;3;16;430;2;2;1;1;3;262;AUGE (BOULEVARD DU DR LE;M;4318748;300198;110
201400013176;14;1;17;1053;1;2;1;1;6;262;PORT (RUE DU);M;4318477;299872;110
201400013177;14;2;14;1845;5;2;1;1;1;262;1, DIGEON (PLACE EMILE);M;4318116;300441;110
201400013178;14;3;19;1715;1;2;2;1;3;262;LORRAINE (QUAI DE);M;4318657;299769;110
201400013179;14;3;22;1530;1;2;1;1;6;262;1, BEZIERS (ROUTE DE);M;4319335;298062;110
201400013180;14;1;19;2040;4;2;1;1;2;262;RD 6009 NARBONNE - PERPI;;;;110
201400013181;14;3;27;1435;1;2;1;1;6;262;0, LACROIX (BOULEVARD DU;M;4318076;299955;110
201400013182;14;1;22;925;1;2;1;1;7;262;LECLERC (AVENUE DU GENER;;;;110
201400013183;14;1;22;1520;1;2;3;1;3;262;1848 (BOULEVARD);;;;110
201400013184;14;4;19;805;1;2;2;1;3;262;DAHLIAS (RUES DES);M;4318972;302426;110
201400013185;14;1;25;1930;5;2;1;1;6;262;ESPAGNE (AVENUE D');M;4317083;298986;110
201400013186;14;5;5;1445;1;2;1;1;6;262;JACOBINS (RUE ET PLACE D;M;4318186;300430;110
201400013187;14;1;28;1110;1;2;1;1;6;262;MARS (AVENUE DU CHAMP DE;M;4316964;298844;110
201400013188;14;5;10;2135;5;2;1;1;2;262;TOULOUSE (AVENUE DE);M;4318211;299141;110
201400013189;14;5;11;1630;1;2;1;1;6;262;KENNEDY (AVENUE DU PRESI;M;4318421;301256;110
201400013190;14;5;8;1645;1;2;1;1;6;262;HUBERT MOULY (AVENUE);M;4318068;302488;110
201400013191;14;2;14;1716;1;2;1;1;3;262;0, BORDEAUX (AVENUE DE);;;;110
201400013192;14;5;24;1100;1;2;1;1;6;262;9, REPUBLIQUE (COURS DE;M;4318315;300475;110
201400013193;14;5;4;1230;1;2;1;6;3;262;171, BORDEAUX (AVENUE DE;M;4318129;297383;110
201400013194;14;2;24;1020;1;2;2;1;3;262;FABRE (RUE D'EGLANTINE);;;;110
201400013195;14;5;24;711;1;2;1;1;3;262;FRANCE (AVENUE ANATOLE);M;4318684;299119;110
201400013196;14;6;29;1700;1;2;6;1;6;262;28, BRIQUETTERIE (RUE DE;M;4318583;299268;110
201400013197;14;5;16;1704;1;2;1;1;6;262;0, HUGO (QUAI ET PASSERE;M;4318081;300981;110
201400013198;14;2;26;823;1;2;1;1;2;262;ESPAGNE (AVENUE D');M;4317207;299063;110
201400013199;14;7;6;1915;1;2;1;1;2;262;LECLERC (AVENUE DU GENER;M;4317825;299501;110
201400013200;14;7;21;2010;2;2;1;7;6;262;17, HUGO (QUAI ET PASSER;M;4318086;300995;110
201400013201;14;3;5;1415;1;2;3;1;3;262;0, CARNOT (AVENUE);M;4319466;301042;110
201400013202;14;7;31;2050;1;2;3;1;3;262;0, MAINE (RUE DU);M;4319640;301758;110
201400013203;14;8;5;1615;1;2;1;1;3;262;0, FERROUL (BOULEVARD  D;M;4318077;300490;110
201400013204;14;8;13;1140;1;2;1;1;2;262;1, GAMBETTA (BOULEVARD);M;4318288;300769;110
201400013205;14;8;18;1419;1;2;1;1;4;262;MARAUSSAN (BOULEVARD DE);M;4317508;300333;110
201400013206;14;8;12;1245;1;2;1;1;2;262;0, COLONNES (GIRATOIRES;M;4318150;303005;110
201400013207;14;9;12;1225;1;2;1;1;7;262;0, GRUISSAN (ROUTE DE);M;4317841;302155;110
201400013208;14;3;15;835;1;2;1;1;3;262;SALVAYRE (RUE DE);M;4318556;298726;110
201400013209;14;9;5;1150;1;2;1;1;7;262;RD 6009 NARBONNE - BEZIE;M;4320075;301224;110
201400013210;14;9;18;915;1;2;1;1;6;262;0, MISTRAL (BOULEVARD FR;M;4318839;300429;110
201400013211;14;9;21;2300;5;2;1;1;7;262;1, COUBERTIN (AVENUE PIE;M;4318268;302003;110
201400013212;14;9;25;2300;5;2;6;1;6;262;CARNOT (AVENUE);M;4319476;301042;110
201400013213;14;9;26;2250;5;2;6;1;5;262;PYRENEES (PLACE ET AVENU;M;4318247;299761;110
201400013214;14;9;29;755;1;2;1;1;6;262;0, MISTRAL (BOULEVARD FR;M;4318821;300417;110
201400013215;14;3;22;1515;1;2;2;1;3;262;CORBIERES (RUE DES);M;4318127;299325;110
201400013216;14;3;24;1745;1;1;1;1;4;262;RD 6009 NARBONNE - BEZIE;M;4317435;297458;110
201400013217;14;10;7;1735;1;2;1;1;6;262;1, GAMBETTA (BOULEVARD);M;4318289;300767;110
201400013218;14;3;26;1910;2;2;6;1;3;262;MALARD (GIRATOIRE DE);M;4318698;303136;110
201400013219;14;10;15;1020;1;2;1;1;6;262;VIEU (RUE PAUL);M;4318269;299256;110
201400013220;14;10;25;1610;1;2;1;1;6;262;15, REVERDY (RUE PIERRE);M;4317962;299466;110
201400013221;14;4;4;930;1;2;3;2;3;262;ASTON(RUE);M;4315717;296739;110
201400013222;14;4;4;830;1;2;1;1;6;262;0, ELYSIQUES (VOIES DES);M;4318568;298269;110
201400013223;14;4;5;1020;1;2;1;1;6;262;ELYSIQUES (VOIES DES);M;4318538;297935;110
201400013224;14;4;5;1230;1;2;1;1;7;262;HUBERT MOULY (AVENUE);M;4318049;302509;110
201400013225;14;4;9;1845;1;2;1;1;6;262;0, MARAUSSAN (BOULEVARD;M;4317559;299973;110
201400013226;14;12;5;1150;1;2;1;2;7;262;2, THIERS (RUE PAUL);M;4318372;301424;110
201400013227;14;12;31;1534;1;2;1;7;6;262;0, AUGE (BOULEVARD DU DR;M;4318547;300001;110
201400013228;14;4;17;1535;1;2;1;1;4;262;0, ESPAGNE (AVENUE D');M;4317209;299063;110
201400013229;14;4;25;2020;1;2;1;1;6;262;0, FERROUL (BOULEVARD  D;M;4318071;300469;110
201400013230;14;4;27;1726;1;2;1;1;7;262;ALARIC (RUE DU MONT);M;4318313;297312;110
201400013231;14;4;28;1635;1;2;1;1;6;262;LORRAINE (QUAI DE);M;4318665;299769;110
201400013232;14;4;28;2015;2;2;1;1;6;262;CORBIERES (RUE DES);M;4317997;299070;110
201400013233;14;5;9;1905;2;2;1;1;2;262;FRANCE (AVENUE ANATOLE);M;4318614;299263;110
201400013234;14;5;12;1645;1;2;1;1;6;262;FORUM (CHEMIN DU);M;4318659;300609;110
201400013235;14;5;14;1850;1;2;3;1;6;262;SERMET (AVENUE ELIE);;;;110
201400013236;14;5;16;1750;1;2;1;1;2;262;1, MARCORIGNAN (ROUTE DE;M;4319607;297741;110
201400013237;14;5;17;1807;1;2;1;1;3;262;0, MARAUSSAN (BOULEVARD;M;4317492;300574;110
201400013238;14;5;18;801;1;2;1;1;6;262;TRENET (RUE CHARLES);M;4318485;299784;110
201400013239;14;5;20;1555;1;2;1;1;1;262;CREISSEL (BOULEVARD DE);M;4317824;302909;110
201400013240;14;5;24;1557;1;2;1;1;7;262;CROIX SUD (AVENUE DE);M;4315881;298619;110
201400013241;14;5;26;1535;1;2;1;1;2;262;MISTRAL (BOULEVARD FREDE;M;4318759;300351;110
201400013242;14;6;2;1509;1;2;1;1;2;262;POMPIDOR (AVENUE);M;4318331;300652;110
201400013243;14;6;3;1543;1;2;1;1;6;262;HUGO (QUAI ET PASSERELLE;M;4318083;300984;110
201400013244;14;6;10;1656;1;2;1;1;3;262;CROIX SUD (ZI);M;4316255;298870;110
201400013245;14;6;12;1110;1;2;1;1;4;262;0, BORDEAUX (AVENUE DE);M;4318168;298012;110
201400013246;14;6;13;1025;1;2;1;1;7;262;0, RD 6009 NARBONNE - PE;;;;110
201400013247;14;6;24;1835;1;2;6;1;3;262;ESPAGNE (AVENUE D');M;4317207;299059;110
201400013248;14;6;29;1520;1;2;1;1;1;262;0, RD 6009 NARBONNE - BE;M;4318092;296742;110
201400013249;14;7;1;1730;1;2;1;8;7;262;TLEMCEN (RUE DE);M;4318579;299716;110
201400013250;14;7;2;1247;1;2;1;1;5;262;0, LECLERC (AVENUE DU GE;M;4317589;299357;110
201400013251;14;7;6;132;4;1;1;1;7;262;ESPAGNE (AVENUE D');M;4317421;299241;110
201400013252;14;7;21;1250;1;2;1;1;3;262;0, REVERDY (RUE PIERRE);M;4317989;299370;110
201400013253;14;8;2;1806;1;2;1;2;3;262;0, HUGO (QUAI ET PASSERE;M;4318081;300980;110
201400013254;14;8;9;1210;1;2;1;1;3;262;VERDOUBLE (RUE DU);M;4318277;297881;110
201400013255;14;8;11;1625;1;2;1;1;3;262;0, GRUISSAN (ROUTE DE);M;4310586;308572;110
201400013256;14;8;23;1905;1;2;1;1;4;262;10, HUGO (QUAI ET PASSER;M;4318099;300919;110
201400013257;14;8;30;1935;1;2;1;1;3;262;REMPARTS (RUE DES);M;4318037;300298;110
201400013258;14;9;1;935;1;2;1;1;2;262;RD 6009 NARBONNE - BEZIE;M;4317019;297948;110
201400013259;14;9;1;1745;1;2;1;1;3;262;MAZAGRAN (RUE DE);M;4318038;299741;110
201400013260;14;9;5;1135;1;2;3;1;6;262;BATIES (RUE DES VIGNES);M;4318909;301530;110
201400013261;14;9;18;1350;1;2;1;1;7;262;BORDEAUX (AVENUE DE);M;4318182;298548;110
201400013262;14;9;23;1710;1;2;2;1;2;262;CORBIERES (RUE DES);M;4318118;299310;110
201400013263;14;9;28;403;5;2;1;1;7;262;HUBERT MOULY (AVENUE);M;4318089;302492;110
201400013264;14;10;1;750;1;2;2;1;3;262;1848 (BOULEVARD);M;4319213;301392;110