num_acc;an;mois;jour;hrmn;lum;agg;int;atm;col;com;adr;gps;lat;long;dep
201400013265;14;10;1;1435;1;2;1;1;2;262;0, MARCORIGNAN (ROUTE DE;M;4319526;297844;110
201400013266;14;10;3;1455;1;2;1;1;2;262;BORDEAUX (AVENUE DE);M;4318162;298046;110
201400013267;14;10;3;1548;1;2;1;1;2;262;0, RD 6009 NARBONNE - BE;M;4315091;297891;110
201400013268;14;10;3;1600;1;2;1;1;2;262;1, RD 6009 NARBONNE - PE;M;4315091;297891;110
201400013269;14;10;9;2305;5;2;1;1;6;262;0, TOULOUSE (AVENUE DE);M;4318236;299632;110
201400013270;14;10;10;1605;1;2;1;1;2;262;GRUISSAN (ROUTE DE);M;4317983;301849;110
201400013271;14;10;10;2345;5;2;2;1;3;262;POMPIDOR (AVENUE);M;4318285;297926;110
201400013272;14;10;13;1745;1;2;1;1;3;262;0, MARAUSSAN (BOULEVARD;M;4317562;299960;110
201400013273;14;10;29;1030;1;2;1;1;3;262;0, MISTRAL (BOULEVARD FR;M;4318764;300351;110
201400013274;14;10;30;1400;1;2;1;1;6;262;0, DILLON (QUAI);M;4318454;300053;110
201400013275;14;10;31;1035;1;2;1;1;6;262;0, LECLERC (AVENUE DU GE;M;4317806;299505;110
201400013276;14;11;3;1835;5;2;3;1;2;262;MAYOLLE (BOULEVARD DE LA;M;4317806;301216;110
201400013277;14;11;13;1310;1;2;1;1;7;262;ESPAGNE (AVENUE D');M;4317079;298993;110
201400013278;14;11;14;1200;1;2;1;1;5;262;28, HIPPOLYTE (RUE DE SA;M;4316164;297432;110
201400013279;14;11;15;1610;1;2;1;1;6;262;0, LACROIX (BOULEVARD DU;M;4318032;300138;110
201400013280;14;11;18;1510;1;2;1;1;7;262;LOUBAT (AVENUE DE PECH);M;4316188;296760;110
201400013281;14;11;19;1810;2;2;1;1;4;262;RD 6009 NARBONNE   BEZIE;M;4317028;297938;110
201400013282;14;11;21;1012;1;2;1;1;3;262;0, BATIES (RUE DES VIGNE;M;4318873;301621;110
201400013283;14;11;24;745;2;2;1;2;2;262;ESPAGNE (AVENUE D');M;4317095;298998;110
201400013284;14;11;26;1308;1;2;1;1;3;262;0, ELYSIQUES (VOIES DES);M;4318472;297893;110
201400013285;14;12;14;1750;3;2;1;1;6;262;0, GRUISSAN (ROUTE DE);M;4317726;304333;110
201400013286;14;12;17;1750;4;2;1;1;6;262;MISTRAL (BOULEVARD FREDE;M;4318881;300475;110
201400013287;14;12;22;1710;2;2;1;1;7;262;CUXAC (ROUTE DE);M;4321848;301120;110
201400013288;14;12;31;1642;1;2;1;1;4;262;0, ESPAGNE (AVENUE D');M;4317063;298979;110
201400013289;14;6;11;1430;1;1;9;1;2;480;;M;0;0;600
201400013290;14;10;16;1930;3;1;1;8;2;9;;M;0;0;600
201400013291;14;11;10;1515;1;1;9;1;6;395;Autoroute A16 P?age;M;0;0;600
201400013292;14;1;22;1015;1;2;1;7;6;91;;M;0;0;130
201400013293;14;7;14;1445;1;2;1;1;6;50;av badonviller;M;0;0;130
201400013294;14;9;7;1230;1;1;1;1;6;50;;M;0;0;130
201400013295;14;11;2;945;1;1;1;1;1;50;;M;0;0;130
201400013296;14;11;4;615;3;1;1;5;1;94;LE BEUGNON;M;4653266;-68208;850
201400013297;14;2;17;900;1;1;1;1;3;107;;M;0;0;310
201400013298;14;3;13;1815;1;1;1;1;5;399;;M;0;0;310
201400013299;14;7;15;1645;1;1;1;1;2;433;;M;0;0;310
201400013300;14;8;30;2245;3;1;1;1;5;286;;M;0;0;310
201400013301;14;10;4;1045;1;1;1;1;7;334;;M;0;0;310
201400013302;14;1;13;830;2;1;4;8;7;533;;M;4949337;27656;760
201400013303;14;6;5;1515;1;1;1;1;2;657;;M;4948398;32717;760
201400013304;14;6;20;130;3;1;1;1;7;279;;M;4962327;59872;760
201400013305;14;7;30;1030;1;1;1;1;2;660;;M;4949150;28728;760
201400013306;14;8;5;1845;1;1;1;1;7;533;;M;4950323;27895;760
201400013307;14;11;5;2130;3;1;1;1;6;660;;M;4948626;31657;760
201400013308;14;12;9;915;5;1;1;1;2;660;;M;4943397;27376;760
201400013309;14;12;20;445;3;1;1;2;1;657;;M;4948611;36520;760
201400013310;14;2;14;2245;3;1;1;1;5;270;;M;0;0;310
201400013311;14;5;26;1730;1;1;1;8;3;391;;M;4312000;92400;310
201400013312;14;9;8;1530;1;1;1;1;6;430;;M;0;0;310
201400013313;14;2;26;1900;2;1;1;1;6;2;;M;4728982;-907;490
201400013314;14;6;2;700;1;1;1;1;2;41;A85;M;4727481;7969;490
201400013315;14;6;7;1900;1;1;1;1;7;280;;M;4748129;-21211;490
201400013316;14;6;14;1045;1;1;1;1;6;180;;M;4741869;-13262;490
201400013317;14;6;24;315;3;1;1;1;7;378;;M;4731182;-3415;490
201400013318;14;7;4;600;2;1;1;1;7;180;;M;4741870;-13262;490
201400013319;14;8;25;1900;1;1;1;1;6;180;;M;4738729;-9603;490
201400013320;14;8;27;2245;3;1;1;1;6;378;;M;4733007;-3668;490
201400013321;14;10;13;1430;1;1;1;1;2;100;;M;4720564;-19838;490
201400013322;14;10;20;1230;1;1;1;7;6;49;;M;4743717;-17154;490
201400013323;14;4;6;1515;1;2;3;1;3;164;;M;0;0;740
201400013324;14;4;15;1730;1;2;6;1;2;209;;M;0;0;740
201400013325;14;9;23;1445;1;1;1;1;3;241;;M;0;0;740
201400013326;14;3;21;1230;1;1;1;1;7;218;;M;0;0;800
201400013327;14;4;7;715;2;1;1;1;7;107;;M;0;0;800
201400013328;14;5;14;1145;1;1;1;1;3;21;A16;M;0;0;800
201400013329;14;6;15;1900;1;1;1;1;2;227;;M;0;0;800
201400013330;14;10;16;1100;1;1;1;1;6;160;;M;0;0;800
201400013331;14;12;27;1545;1;1;1;4;5;424;;M;0;0;800
201400013332;14;1;27;745;2;1;1;4;6;598;;M;0;0;800
201400013333;14;1;27;845;1;1;1;4;6;87;;M;0;0;800
201400013334;14;3;10;2230;3;1;1;1;6;268;;M;0;0;800
201400013335;14;3;23;15;3;1;1;4;7;806;;M;0;0;800
201400013336;14;3;28;815;1;1;1;8;7;518;;M;0;0;800
201400013337;14;4;12;1915;1;1;1;1;6;76;;M;0;0;800
201400013338;14;4;16;1725;1;1;1;1;6;806;;M;0;0;800
201400013339;14;4;20;845;1;1;1;1;1;809;;M;0;0;800
201400013340;14;6;21;1630;1;1;1;1;6;815;;M;0;0;800
201400013341;14;6;27;715;1;1;1;1;6;1;;M;0;0;800
201400013342;14;8;2;1800;1;1;1;1;6;578;;M;0;0;800
201400013343;14;9;9;2030;3;1;1;1;6;332;;M;0;0;800
201400013344;14;12;1;800;2;1;1;1;5;578;;M;0;0;800
201400013345;14;11;6;1945;3;1;1;1;6;117;;M;0;0;730
201400013346;14;1;30;600;3;1;1;8;2;229;;M;0;0;390
201400013347;14;3;1;700;2;1;1;2;6;49;;M;0;0;390
201400013348;14;4;18;930;1;1;1;1;7;177;;M;0;0;710
201400013349;14;7;13;1815;1;1;1;3;7;300;;M;0;0;710
201400013350;14;1;26;1610;1;1;1;2;1;89;1095, ESTAQUES (LES);M;4457530;224315;120
201400013351;14;2;5;1005;1;2;1;2;6;305;30, JAURES JEAN (AVENUE);M;4455540;221636;120
201400013352;14;4;11;1235;1;2;1;1;7;13;17 AV. PAUL VAILLANT COU;M;4452750;224281;120
201400013353;14;6;15;555;2;2;1;1;6;13;30, LYCEE (AVENUE);M;4453090;223745;120
201400013354;14;7;10;1620;1;2;1;1;3;89;33, RODEZ (AVENUE DE);;;;120
201400013355;14;8;19;1845;1;1;1;1;6;28;RD 840;M;4457580;0;120
201400013356;14;8;27;1640;1;2;1;1;6;83;1ER MAI (DU);M;4452642;0;120
201400013357;14;8;31;1250;1;2;2;1;3;83;., JAURES JEAN (PLACE);M;4452502;0;120
201400013358;14;4;30;905;1;1;1;1;1;145;D911;M;4412120;306262;120
201400013359;14;4;22;1015;1;2;2;2;6;145;0, REC;M;4409710;307156;120
201400013360;14;8;13;745;2;1;1;2;5;145;D911;;;;120
201400013361;14;9;4;1820;1;2;1;1;2;145;03, FRATERNITE (PLACE DE;;;;120
201400013362;14;12;5;1935;5;2;1;2;6;145;31, RICHARD (BOULEVARD);;;;120
201400013363;14;12;15;1925;5;2;1;1;7;145;34, DE GAULLE CHARLES (A;;;;120
201400013364;14;12;27;21;5;2;1;1;1;145;GUYENNE (AVENUE DE);;;;120
201400013365;14;1;7;2045;5;2;6;1;3;202;SAINT LOUIS (GIRATOIRE);M;4436520;257419;120
201400013366;14;1;10;730;5;2;1;1;6;202;8, BORDEAUX (AVENUE DE);M;4435630;257577;120
201400013367;14;1;10;1220;1;2;2;1;3;202;MOYRAZES (ROUTE DE);M;4435110;255557;120
201400013368;14;2;7;1420;1;2;1;1;6;202;91, RUE PIERRE CARRERE;M;4436320;255666;120
201400013369;14;2;16;1120;1;2;1;1;6;146;38, MILLAU (AVENUE DE);M;4434520;258002;120
201400013370;14;2;20;915;1;2;1;1;3;202;VABRE (AVENUE DE);M;4436730;257187;120
201400013371;14;2;23;1600;1;2;1;1;2;174;GIRATOIRE DU LACHET;M;4432570;255797;120
201400013372;14;2;25;855;1;2;1;1;3;202;MOYRAZES (ROUTE DE);M;4435420;256537;120
201400013373;14;3;8;1530;1;2;1;1;2;202;70, GINESTE (AVENUE DE L;M;4436290;255986;120
201400013374;14;3;19;1830;1;2;3;1;1;176;9, PALOMBES (RUE DES);M;4437660;256956;120
201400013375;14;4;3;855;1;2;3;1;2;176;RN 88;M;4436840;258090;120
201400013376;14;4;16;1110;1;2;6;1;2;202;BEL AIR (CARREFOUR);M;4437340;254588;120
201400013377;14;4;19;845;1;2;3;1;6;202;FRANCOIS FABIE (BOULEVAR;M;4434670;257607;120
201400013378;14;4;30;1540;1;2;1;2;6;174;48, MOULINE (AVENUE DES;M;4433740;256209;120
201400013379;14;6;27;800;1;2;3;1;3;174;MOULINE (AVENUE DES HAUT;M;4432980;255922;120
201400013380;14;7;1;1720;1;2;1;1;6;202;PAUL RAMADIER (BOULEVARD;;;;120
201400013381;14;7;7;1255;1;2;1;3;7;174;RN88 (Rocade);;;;120
201400013382;14;7;10;1005;1;2;1;1;4;202;96, GINESTE (AVENUE DE L;;;;120
201400013383;14;7;12;1145;1;2;1;1;2;202;RN88 (Rocade);;;;120
201400013384;14;7;20;2040;1;2;1;2;1;202;RN88 (Rocade);;;;120
201400013385;14;7;23;1215;1;2;1;1;4;176;RN 88;;;;120
201400013386;14;8;1;1530;1;2;1;1;6;202;MARECHAL JOFFRE (AVENUE;;;;120
201400013387;14;8;20;1730;1;2;1;1;2;202;RN88 (Rocade);;;;120
201400013388;14;8;30;1655;1;2;3;1;3;202;Avenue Boscary Monsservi;;;;120
201400013389;14;9;5;240;3;2;1;1;7;176;SAINT MAYME (ROUTE DE);;;;120
201400013390;14;9;12;1735;1;2;1;1;6;202;GINESTE (GIRATOIRE DE LA;;;;120
201400013391;14;9;27;225;5;2;1;1;7;202;SAINT PIERRE (ROUTE DE);;;;120
201400013392;14;10;9;520;5;2;1;1;7;202;36, MONTPELLIER (AVENUE;;;;120
201400013393;14;10;11;1720;1;2;1;1;2;176;Rue Jo?l Pilon;;;;120
201400013394;14;10;14;1535;1;2;1;1;2;176;CAPUCINES (BOULEVARD DES;;;;120
201400013395;14;10;21;1620;1;2;3;1;6;202;6, CAMBON (IMPASSE);;;;120
201400013396;14;10;24;2035;3;2;1;1;6;202;RN88 (Rocade);;;;120
201400013397;14;10;27;435;5;2;2;1;1;176;SEVERAC LE CHATEAU (ROUT;;;;120
201400013398;14;10;31;1715;1;2;1;1;6;202;52, TARAYRE (AVENUE);;;;120
201400013399;14;11;5;1910;3;2;1;1;6;202;MOUTIERS (GIRATOIRE DES);;;;120
201400013400;14;11;13;1815;5;2;3;1;3;202;17, BORDEAUX (AVENUE DE);;;;120
201400013401;14;11;20;1740;5;2;6;1;3;176;SEVERAC LE CHATEAU (ROUT;;;;120
201400013402;14;12;24;650;5;1;1;5;6;176;VABRE (AVENUE DE);;;;120
201400013403;14;6;15;1415;1;1;1;1;6;309;;M;4489909;150102;460
201400013404;14;10;2;1115;1;1;1;1;5;178;;M;4483038;149574;460
201400013405;14;1;7;945;1;1;3;1;3;68;;M;0;0;600
201400013406;14;12;19;800;1;1;1;1;3;524;;M;0;0;380
201400013407;14;12;24;815;3;1;1;1;6;524;;M;0;0;380
201400013408;14;1;17;1000;1;1;1;1;6;238;;M;4761875;280684;450
201400013409;14;1;17;1130;1;1;1;1;6;281;;M;4803502;300306;450
201400013410;14;2;13;1415;1;1;1;4;4;113;;M;4804283;292874;450
201400013411;14;2;14;1545;1;1;1;1;6;155;;M;4769148;273940;450
201400013412;14;2;27;1615;1;1;1;1;6;247;;M;4799588;267639;450
201400013413;14;11;23;1300;1;2;2;7;3;148;D 2007/RUE DE LA GARE;M;4809637;277333;450
201400013414;14;12;10;845;1;1;2;2;3;66;;M;4794269;255422;450
201400013415;14;3;17;1700;1;1;1;1;3;370;PRENTYGARDE;M;4484960;11264;240
201400013416;14;9;24;1100;1;1;1;1;6;501;PORT DE PESSAC;M;4482190;7682;240
201400013417;14;12;13;215;5;2;1;1;6;35;VAUREZ;M;4477520;100808;240
201400013418;14;10;1;915;1;1;1;5;3;14;;M;4783042;-68560;530
201400013419;14;5;22;1100;1;2;3;8;3;135;INTERSECTION D979/ D982;M;4549060;231328;190
201400013420;14;7;10;1030;1;1;1;3;2;134;SENS CLERMONT > BORDEAUX;M;4562380;247794;190
201400013421;14;8;15;645;2;1;1;8;7;399;;M;0;0;630
201400013422;14;12;15;745;2;1;2;5;3;58;LA VILLE EN BOIS;M;4547030;215882;190
201400013423;14;12;22;1345;1;1;1;1;7;70;FONT MARTIN;M;4543530;208998;190
201400013424;14;1;2;2045;3;1;1;1;4;45;;M;0;0;100
201400013425;14;1;4;230;3;1;1;1;6;130;;M;0;0;100
201400013426;14;1;16;1830;3;1;1;8;2;92;;M;0;0;100
201400013427;14;2;13;2045;3;1;1;8;6;442;;M;0;0;100
201400013428;14;12;2;1300;1;1;1;8;7;45;;M;4817244;445841;100
201400013429;14;1;31;400;5;2;1;2;6;1;00, ARTS ET METIERS (COU;;;;130
201400013430;14;1;15;1230;1;1;2;1;3;1;0, ST CANADET (ROUTE) D;M;4359884;546402;130
201400013431;14;1;26;220;3;2;1;1;6;1;2100, PUY SAINTE REPARAD;M;4357710;543212;130
201400013432;14;1;22;825;2;2;3;1;6;1;1, VILLENEUVE ST THOMAS;M;4353340;545910;130
201400013433;14;2;3;840;1;2;6;1;6;1;1, SAINT MITRE (QUARTIER;;;;130
201400013434;14;2;4;1847;2;2;1;9;4;1;RD9;M;4349997;538562;130
201400013435;14;2;7;1716;1;2;1;1;6;1;FACE 33, ST LOUIS (COURS;;;;130
201400013436;14;2;12;1555;1;2;1;1;6;1;90, BONAPARTE NAPOLEON(A;M;4352650;544496;130
201400013437;14;2;14;1200;1;1;1;1;3;1;2840, BELLEC MAURICE (RT;M;4357559;542500;130
201400013438;14;2;16;810;2;2;1;2;2;1;19, ST JEROME (AV);M;4352255;545239;130
201400013439;14;2;12;800;1;1;1;1;2;1;0, MARSEILLE (ROUTE DE );;;;130
201400013440;14;2;26;950;1;2;1;2;6;1;115, VILLEVIELLE JOSEPH;M;4352625;544241;130
201400013441;14;3;2;640;3;1;1;1;7;1;6065, RD 543;;;;130
201400013442;14;2;20;1438;1;1;1;1;2;1;".;, LEDOUX CLAUDE NICOLA";;;;130
201400013443;14;3;8;645;3;1;1;1;1;1;RD 14;;;;130
201400013444;14;3;12;1205;1;2;1;1;6;1;., BEAUVALLE (CH DE LA);;;;130
201400013445;14;3;12;2000;3;2;1;1;6;1;0, GALICE (RTE DE);;;;130
201400013446;14;3;5;1330;1;2;3;1;3;1;SCHUMAN ROBERT (AV);;;;130
201400013447;14;3;14;1320;1;2;2;1;6;1;/, JUVENAL MAX (AV);M;4352609;544116;130
201400013448;14;3;21;1730;1;2;1;1;3;1;36, ZOLA FRANCOIS ET EMI;M;4353289;545492;130
201400013449;14;4;3;1050;1;2;1;8;3;1;67, BROSSOLETTE PIERRE (;;;;130
201400013450;14;3;27;1500;1;2;1;1;3;1;35, BELGES (AV DES);;;;130
201400013451;14;4;14;1625;1;2;1;1;6;1;1, HUGO VICTOR (AV);M;4352576;544610;130
201400013452;14;4;24;2050;5;2;1;1;3;1;20, ROI RENE (BD DU);;;;130
201400013453;14;5;7;1610;1;2;3;1;3;1;160, VAIR GUILLAUME DU (;M;4350809;540644;130
201400013454;14;5;14;1400;1;2;1;1;6;1;22, MANUEL (RUE);M;4352846;545270;130
201400013455;14;5;9;1230;1;2;1;1;6;1;/, MARSEILLE (ROUTE DE );;;;130
201400013456;14;5;28;1530;1;1;1;1;6;1;nc, MILLES (RTE DES);;;;130
201400013457;14;6;1;115;5;2;2;1;7;1;1, PETRARQUE (RUE);M;4353301;545546;130
201400013458;14;5;28;1815;1;1;1;1;3;1;4865, BELLEC MAURICE (RT;M;4358119;544858;130
201400013459;14;5;31;2015;2;2;3;9;4;1;/, KENNEDY PRESIDENT (BD;M;4351865;543168;130
201400013460;14;5;27;1125;1;2;1;1;1;1;100, THUMINE GRANDE (BD;;;;130
201400013461;14;6;5;1515;1;2;2;1;3;1;BROSSOLETTE PIERRE (AV);M;4351644;544278;130
201400013462;14;6;8;1140;1;2;1;1;6;1;40, EUROPE (AV );M;4352487;543007;130
201400013463;14;5;3;810;1;2;1;1;6;1;RD 543;;;;130
201400013464;14;6;7;1400;1;2;1;1;7;1;1, DE GAULE GENERALE (PL;;;;130
201400013465;14;6;11;1615;1;2;1;1;6;1;13, HUGO VICTOR (AV);M;4352500;544628;130
201400013466;14;6;7;345;5;2;1;1;2;1;563, DALMAS JEAN (RUE);M;4353164;543126;130
201400013467;14;6;21;2125;4;1;1;1;6;1;RD 17;;;;130
201400013468;14;6;21;545;2;1;1;1;3;1;RD9;;;;130
201400013469;14;6;16;1405;1;2;1;1;6;1;1, DE LATTRE DE TASSIGNY;;;;130
201400013470;14;6;22;215;5;2;2;1;3;1;0, ENFANT (RTE DE L');M;4348856;538734;130
201400013471;14;6;28;1900;1;2;1;1;3;1;BREDASQUE (AV DE LA);;;;130
201400013472;14;7;13;600;2;1;1;1;7;1;1025, GARDANNE (ROUTE DE;M;4349585;540397;130
201400013473;14;7;29;830;1;2;1;1;6;1;44, GALICE (RTE DE);M;4352853;542557;130
201400013474;14;7;30;1535;1;2;1;1;6;1;90, BONAPARTE NAPOLEON(A;M;4352649;544495;130
201400013475;14;7;28;1700;1;1;1;1;3;1;2260, RD 65;M;4350990;539211;130
201400013476;14;8;12;1520;1;2;6;1;2;1;1, GALICE (RTE DE);;;;130
201400013477;14;8;15;830;1;2;6;1;3;1;EUROPE (AV );M;4352363;543697;130
201400013478;14;8;16;2315;4;2;1;1;3;1;R.D7;;;;130
201400013479;14;8;16;145;5;2;1;1;6;1;50, ROI RENE (BD DU);M;4352426;545256;130
201400013480;14;8;21;2115;5;2;1;1;2;1;2005, PRESIDENTE (CH DE;M;4359055;545682;130
201400013481;14;8;27;400;3;2;1;8;6;1;/, GARDANNE (ROUTE DE );M;4348953;540769;130
201400013482;14;8;23;2010;1;2;6;1;3;1;24, GAMBETTA (COURS);M;4352374;545536;130
201400013483;14;9;4;1800;1;2;3;1;7;1;RN 7;M;4354929;542724;130
201400013484;14;9;14;430;3;1;1;1;2;1;RD9;;;;130
201400013485;14;9;16;1740;1;2;1;1;6;1;15, MALACRIDA HENRI (AV);M;4351675;546652;130
201400013486;14;9;18;1445;1;2;4;1;3;1;PETIT BARTHELEMY (AV DU);M;4351923;543626;130
201400013487;14;9;20;945;1;1;9;1;6;1;10, AUBEPINES (CHEMIN DE;;;;130
201400013488;14;8;23;1335;1;2;1;1;6;1;10, VILLEVIELLE JOSEPH (;M;4352511;544146;130
201400013489;14;9;20;2120;5;2;1;1;3;1;FOURANE (RUE);;;;130
201400013490;14;9;28;1815;1;1;1;1;2;1;N96, R.N 296;;;;130
201400013491;14;10;8;1230;1;2;1;1;6;1;389, CLUB HIPPIQUE (AV);M;4351428;543178;130
201400013492;14;10;14;1745;1;1;2;2;5;1;ROSE (CH DE LA);M;4355898;544276;130
201400013493;14;10;17;2030;5;2;1;1;1;1;PEUPLIERS (ALLEE DES);M;4353783;545231;130
201400013494;14;10;18;2000;5;2;2;1;3;1;51, ST MICHEL DU PIGONNE;;;;130
201400013495;14;10;22;905;1;1;1;1;1;1;;;;;130
201400013496;14;10;23;2345;3;1;9;1;6;1;1925, BLAQUE (CHEMIN );M;4350563;542214;130
201400013497;14;10;24;230;5;2;1;1;7;1;0, GIONO JEAN (AV);;;;130
201400013498;14;9;29;1920;2;2;1;1;2;1;BROSSOLETTE PIERRE (AV);;;;130
201400013499;14;10;14;1300;1;2;2;1;6;1;REPUBLIQUE (BD DE LA);M;4352731;544318;130
201400013500;14;10;30;1816;5;2;3;1;3;1;MALACRIDA HENRI (AV);M;4351719;546544;130
201400013501;14;11;1;900;1;1;3;1;3;1;/, RD 7;M;4356477;540484;130
201400013502;14;11;6;2045;5;1;1;1;3;1;580, VAIR GUILLAUME DU (;M;4350750;540165;130
201400013503;14;11;7;1930;3;2;3;1;2;1;791, FERRINI FORTUNE (AV;M;4350484;543544;130
201400013504;14;10;20;1710;1;1;1;1;2;1;RD9;;;;130
201400013505;14;11;13;920;1;2;6;1;3;1;0, ST EXUPERY (RUE);M;4351891;543276;130
201400013506;14;11;14;2350;5;2;3;2;3;1;HUGO VICTOR (AV);M;4352492;544632;130
201400013507;14;11;7;2030;3;1;1;1;1;1;4665, EGUILLES (ROUTE D';M;4355613;538177;130
201400013508;14;11;30;415;3;1;1;1;6;1;R.N 296;;;;130
201400013509;14;12;4;1450;1;2;3;1;3;1;BROSSOLETTE PIERRE (AV);M;4351599;544281;130
201400013510;14;12;16;1740;3;2;2;1;6;1;PUY SAINTE REPARADE (CH);M;4358746;543258;130
201400013511;14;12;17;840;1;2;1;1;1;1;GUIENNE (CH DE LA);M;4357511;540926;130
201400013512;14;12;19;1530;1;2;1;1;6;1;PREMIERE DIV FRANCAISE L;;;;130
201400013513;14;12;20;800;2;2;1;1;3;1;., SOLARI PHILIPPE (AV);;;;130
201400013514;14;12;22;1655;2;2;1;1;6;1;1460, GALICE (RTE DE);M;4353037;541874;130
201400013515;14;1;15;1705;2;2;1;1;6;4;DOCTEUR SCHWEITZER RUE D;;;;130
201400013516;14;1;30;1840;5;2;1;2;6;4;158, STALINGRAD AVENUE D;M;4369371;463962;130
201400013517;14;2;8;950;1;2;4;1;6;4;DOCTEUR ROBERT MOREL AVE;M;4368156;461896;130
201400013518;14;2;13;1850;5;2;1;1;6;4;MARECHAL JUIN AVENUE DU;;;;130
201400013519;14;2;24;1450;1;2;2;1;7;4;VALENTIN JAUME RUE;;;;130
201400013520;14;2;26;1555;1;2;1;1;6;4;STALINGRAD AVENUE DE;;;;130
201400013521;14;3;1;1730;3;1;1;1;3;4;ABRIVADO RUE DE L';;;;130
201400013522;14;3;22;2045;5;2;1;1;3;4;V.C.N33 DITE CHEMIN DE F;;;;130
201400013523;14;3;22;950;1;2;1;1;6;4;VICTOR HUGO AVENUE;M;4367493;463410;130
201400013524;14;4;20;25;3;1;4;1;3;4;V.C.N34 DE NADAL;;;;130
201400013525;14;4;22;1825;1;2;1;1;7;4;GEORGES CLEMENCEAU BOULE;;;;130
201400013526;14;5;3;2315;5;2;1;1;7;4;GAMBETTA RUE;;;;130
201400013527;14;5;16;1740;1;2;1;1;6;4;0, EMILE COMBES BOULEVAR;;;;130
201400013528;14;5;29;1200;1;1;1;1;2;4;R.D113 DU PETIT RHONE;;;;130
201400013529;14;6;8;1200;1;1;1;1;2;4;R.N.N113 DU PETIT RHONE;;;;130
201400013530;14;6;11;1810;1;2;3;1;3;4;RUE DE HERPY L'ARLESIENN;;;;130
201400013531;14;6;17;1800;1;2;1;1;3;4;STALINGRAD AVENUE DE;;;;130
201400013532;14;6;26;1310;1;2;1;1;6;4;35, GEORGES CLEMENCEAU B;;;;130
201400013533;14;7;3;1745;1;1;9;1;1;4;R.N.572 DU VITTIER VERS;M;4367915;460755;130
201400013534;14;7;23;900;1;1;1;1;2;4;R.N.N113 DU PETIT RHONE;;;;130
201400013535;14;7;24;1205;1;2;1;1;3;4;ARCHES AVENUE DES;;;;130
201400013536;14;7;26;1542;1;2;1;1;3;4;75, MOINES CHEMIN DES;M;4369875;463920;130
201400013537;14;7;31;1630;1;1;9;1;5;4;R.N.N113 DU PETIT RHONE;;;;130
201400013538;14;8;18;1450;1;1;3;1;4;4;R.N.N113 DU PETIT RHONE;M;4366540;461856;130
201400013539;14;8;19;1655;1;2;1;1;3;4;LOUIS VISSAC AVENUE;;;;130
201400013540;14;8;22;830;1;2;1;1;6;4;15, LA BRUYERE RUE;M;4324682;540274;130
201400013541;14;8;26;1450;1;2;1;1;6;4;LICES BOULEVARD DES;M;4367529;462787;130
201400013542;14;8;28;945;1;1;1;1;6;4;51, V.C.N25 DE BARRIOL;M;4366690;461122;130
201400013543;14;9;5;800;1;2;6;1;3;4;0, PREMIERE DIVISION FRA;;;;130
201400013544;14;9;16;1920;1;2;1;1;7;4;13, PRESIDENT SALVADOR A;M;4366968;461583;130
201400013545;14;9;22;810;1;2;2;1;5;4;21, GAMBETTA RUE;M;4367497;462501;130
201400013546;14;9;27;830;1;2;1;1;6;4;ALYSCAMPS AV DES;;;;130
201400013547;14;9;26;1700;1;2;1;1;6;4;18, DOCTEUR FANTON RUE D;M;4367812;462684;130
201400013548;14;9;30;715;2;2;9;1;6;4;19, LUCIEN GUINTOLI RUE;M;4367012;462736;130
201400013549;14;10;2;1450;1;1;1;1;6;4;V.C.N1 DITE DES LIMITES;;;;130
201400013550;14;10;3;1849;1;2;1;1;6;4;FERDINAND DE LESSEPS RUE;;;;130
201400013551;14;10;5;1555;1;2;1;1;6;4;01, ALYSCAMPS AV DES;M;4367487;463237;130
201400013552;14;10;6;1725;1;2;2;1;6;4;FORUM PLACE DU;M;4367782;462712;130
201400013553;14;10;10;810;1;2;1;1;2;4;STALINGRAD AVENUE DE;;;;130
201400013554;14;10;15;1220;1;2;1;1;6;4;23, VICTOR HUGO AVENUE;M;4367478;463447;130
201400013555;14;11;5;1850;5;2;1;1;6;4;164, STALINGRAD AVENUE D;M;4369402;463982;130
201400013556;14;11;3;1225;1;2;3;1;2;4;57, STALINGRAD AVENUE DE;M;4368572;463436;130
201400013557;14;11;10;955;1;2;3;1;1;4;121, DOCTEUR ROBERT MORE;M;4368179;460946;130
201400013558;14;11;20;735;1;2;1;1;6;4;71, HONGRIE AVENUE DE;M;4369135;463367;130
201400013559;14;11;19;1605;1;2;1;1;6;4;77, STALINGRAD AVENUE DE;M;4368845;463607;130
201400013560;14;11;8;1310;1;2;1;1;6;4;05, EMILE FASSIN RUE;M;4367432;462935;130
201400013561;14;12;1;1300;1;2;2;2;6;4;MARECHAL LYAUTEY AVENUE;M;4367120;463310;130
201400013562;14;12;17;1750;5;2;1;2;6;4;MIREILLE RUE;;;;130
201400013563;14;12;6;2325;5;2;1;1;6;4;8, LICES BOULEVARD DES;M;4367528;462981;130
201400013564;14;12;15;1145;1;2;1;1;6;4;MOINES CHEMIN DES;M;4369834;463829;130
201400013565;14;1;3;1445;1;2;3;1;3;5;420, RN 8;M;4328634;558729;130
201400013566;14;1;6;750;1;2;1;1;3;5;D8N;M;4328481;559198;130
201400013567;14;1;9;1700;1;1;1;1;1;5;RD 43 C;;;;130
201400013568;14;1;25;1615;1;2;1;1;3;5;0, GEMENOS (ROUTE DE CD2;M;4328815;554359;130