num_acc;an;mois;jour;hrmn;lum;agg;int;atm;col;com;adr;gps;lat;long;dep
201400013569;14;1;14;1720;2;1;3;1;5;5;3170, GEMENOS (ROUTE DE;M;4329765;560755;130
201400013570;14;1;20;1045;1;2;1;2;6;5;RD 96;;;;130
201400013571;14;1;20;1735;2;2;1;1;4;5;GARLABAN (AVENUE DU);M;4330038;557137;130
201400013572;14;1;22;1515;1;2;1;1;7;5;1, RD 559 A (ROUTE DE LA;;;;130
201400013573;14;1;27;1157;1;2;7;1;2;5;0, RASTEGUE (COURS BARTH;M;4329264;556569;130
201400013574;14;1;27;1845;5;2;3;2;3;5;FENESTRELLES (CHEMIN DE);M;4327987;556520;130
201400013575;14;1;29;1355;1;2;2;2;1;5;VERDUN (AVENUE DE);M;4328924;557254;130
201400013576;14;1;31;1015;1;2;2;2;6;5;RN 8;;;;130
201400013577;14;2;3;1535;1;2;1;1;6;5;018407, RN 396 (ROUTE NA;;;;130
201400013578;14;2;7;850;1;1;2;2;1;5;RD 396 (ROUTE NATIONALE);M;4330867;560809;130
201400013579;14;2;8;1200;1;2;1;1;1;5;1435, QUARTIER VAUX (CHE;M;4328043;556658;130
201400013580;14;2;9;2125;5;2;1;1;1;5;RD 2 (CAMP MAJOR);;;;130
201400013581;14;2;10;1155;1;1;1;2;2;5;2250, RD 396 (ROUTE NATI;M;0;0;130
201400013582;14;2;12;810;1;2;1;1;3;5;276, DOUARD (AVENUE DU);M;4328629;559830;130
201400013583;14;2;12;1250;1;2;1;1;2;5;0, PLANQUE (TRAVERSE DE;M;4329486;557376;130
201400013584;14;2;14;1110;1;2;1;1;4;5;1, GEMENOS (ROUTE DE RD2;;;;130
201400013585;14;2;14;1510;1;2;1;1;7;5;1, RD8N;M;4328493;555166;130
201400013586;14;2;14;1515;1;2;1;1;3;5;PALUDS (AVENUE DES);;;;130
201400013587;14;2;18;1050;1;2;1;1;3;5;., SALENGRO (AVENUE ROGE;;;;130
201400013588;14;2;21;1240;1;2;1;1;7;5;RD 43 C;M;4330732;559237;130
201400013589;14;2;22;1130;1;2;3;1;3;5;PAGNOL (AVENUE MARCEL);M;4329644;556939;130
201400013590;14;2;28;1310;1;2;1;3;1;5;SALENGRO (AVENUE ROGER);;;;130
201400013591;14;3;5;1520;1;1;2;1;3;5;RD 396 (ROUTE NATIONALE);M;4330872;560810;130
201400013592;14;3;6;1745;1;2;1;1;6;5;VERDUN (AVENUE DE);;;;130
201400013593;14;3;7;1445;1;2;1;1;3;5;., GEMENOS (ROUTE DE RD2;;;;130
201400013594;14;3;13;1720;1;2;1;1;4;70;ANTONETTI (AVENUE);M;4328719;551238;130
201400013595;14;3;16;1840;5;2;1;1;3;5;RN 96 (ROUTE NATIONALE );;;;130
201400013596;14;3;18;1810;1;2;1;1;6;5;31, GOUMS (AVENUE DES);M;4329146;556106;130
201400013597;14;3;18;1930;5;1;1;1;6;5;RD 2 (CAMP MAJOR);;;;130
201400013598;14;3;19;1315;1;2;9;1;7;5;AIRES NOUVEAUX (TRAVERSE;;;;130
201400013599;14;3;22;1810;2;2;1;2;7;5;AUBES (CHEMIN DES);;;;130
201400013600;14;3;28;1930;5;2;1;1;3;5;RD 2 (CAMP MAJOR);;;;130
201400013601;14;3;29;930;1;2;3;1;3;5;GARLABAN (AVENUE DU);M;4329757;557377;130
201400013602;14;4;1;1445;1;2;6;1;3;5;0, NATIONALE 8;M;4328373;559463;130
201400013603;14;4;2;1800;1;2;1;1;6;5;1465, D8N;;;;130
201400013604;14;4;5;1125;1;2;1;1;4;5;RD 396;;;;130
201400013605;14;4;9;1545;1;2;1;1;6;70;272, VOLTAIRE (BOULEVARD;M;4328190;552527;130
201400013606;14;4;9;1235;1;2;1;1;6;5;ROBESPIERRE (AVENUE);;;;130
201400013607;14;4;9;1845;1;2;1;1;6;5;LASCOURS (CHEMIN DE );;;;130
201400013608;14;4;11;830;1;2;1;1;2;70;148, VOLTAIRE (BOULEVARD;M;4328137;551663;130
201400013609;14;4;14;1015;1;2;1;1;1;5;GOUMS (AVENUE DES);;;;130
201400013610;14;4;17;930;1;2;1;1;6;5;817, PALUDS (AVENUE DES);M;4328974;559733;130
201400013611;14;4;23;1145;1;2;1;1;3;5;1420, RN 8;;;;130
201400013612;14;4;18;1935;1;2;1;1;6;5;0, 21 AOUT 1944 (AVENUE;;;;130
201400013613;14;4;29;1700;1;1;1;1;7;5;RD 96 (ROUTE NATIONALE );;;;130
201400013614;14;4;30;1450;1;1;1;1;7;5;RD 559 A (ROUTE DE LA BE;;;;130
201400013615;14;4;30;1940;1;2;1;1;1;5;BLANCARD (PROMENADE PIER;;;;130
201400013616;14;5;3;1700;1;2;1;1;2;5;GEMENOS (ROUTE DE RD2);;;;130
201400013617;14;5;9;1910;1;2;3;1;3;5;18, VERDUN (AVENUE DE);M;4328877;557331;130
201400013618;14;5;11;1940;1;2;6;1;6;5;VERDUN (AVENUE DE);;;;130
201400013619;14;5;14;1325;1;2;9;1;6;5;90, D8N;;;;130
201400013620;14;5;15;1830;1;2;1;1;2;5;SALENGRO (AVENUE ROGER);;;;130
201400013621;14;5;4;2130;5;2;2;1;3;5;1, SALENGRO (AVENUE ROGE;M;4329559;556824;130
201400013622;14;5;21;110;5;2;1;1;1;5;BLANCARD (PROMENADE PIER;;;;130
201400013623;14;4;16;1610;1;2;1;1;3;5;GOUMS (AVENUE DES);M;4329234;556207;130
201400013624;14;5;21;1810;1;2;1;1;2;5;AVELANEDE (CHEMIN DE L');;;;130
201400013625;14;5;22;1520;1;2;3;1;3;5;AMITIE (AVENUE DE L');;;;130
201400013626;14;5;24;2105;2;2;1;1;1;5;ROUGIER (RUE ELZEARD);;;;130
201400013627;14;5;25;1000;1;2;1;1;2;5;CEINTURE DE CAMPS MAJOR;;;;130
201400013628;14;5;25;1145;1;2;1;1;5;5;GARLABAN (AVENUE DU);;;;130
201400013629;14;5;26;830;1;2;9;1;6;5;0, MERLANCON (CHEMIN DU);M;4328436;558075;130
201400013630;14;5;26;800;1;2;1;1;1;5;CIOTAT (ROUTE DE LA RN55;;;;130
201400013631;14;5;29;1930;1;1;1;1;1;5;EOURES (ROUTE D');;;;130
201400013632;14;5;27;820;1;1;1;1;3;5;2260, GEMENOS (ROUTE DE;M;4329825;559970;130
201400013633;14;6;3;1600;1;2;1;1;2;70;287, VOLTAIRE (BOULEVARD;M;4328214;552632;130
201400013634;14;6;6;1915;2;2;1;1;6;5;VERDUN (AVENUE DE);;;;130
201400013635;14;6;8;1555;1;1;1;1;7;5;RD96 (ROUTE NATIONALE);;;;130
201400013636;14;11;21;1900;3;1;1;1;3;5;SAINT JEAN DE GARGUIER (;M;4330251;559484;130
201400013637;14;6;5;1650;1;2;3;1;3;5;BARBAROUX PROLONGEE AV.;M;4328639;554551;130
201400013638;14;6;11;1415;1;2;3;1;3;5;BEAUDINARD (ROUTE DE);;;;130
201400013639;14;6;18;1215;1;2;1;1;2;5;1965, GEMENOS (ROUTE DE;M;4329961;559691;130
201400013640;14;6;19;1830;1;2;1;3;3;70;0, ANTONETTI (AVENUE);;;;130
201400013641;14;6;21;1005;1;2;1;1;3;5;900, 21 AOUT 1944 (AVENU;M;4328682;555890;130
201400013642;14;6;23;820;1;2;1;1;6;70;GARE (BOULEVARD DE LA);;;;130
201400013643;14;6;25;2040;5;2;1;1;3;5;1000, GEMENOS (ROUTE DE;M;4329672;558489;130
201400013644;14;6;30;1200;1;1;1;1;1;5;0, RD 559 A (ROUTE DE LA;M;4326399;558621;130
201400013645;14;7;3;1245;1;2;1;1;3;5;COURONNE DES PINS (AVENU;;;;130
201400013646;14;7;9;1805;1;2;7;1;6;5;0, CHAULAN (PLACE);M;4329137;557089;130
201400013647;14;7;12;950;1;2;1;1;2;70;3000, VOLTAIRE (BOULEVAR;;;;130
201400013648;14;7;12;1245;1;2;3;1;2;5;1, FOCH (COURS MARECHAL);M;4329500;556806;130
201400013649;14;7;13;1810;1;2;1;1;4;5;1345, RN 96 (ROUTE NATIO;M;4331757;558253;130
201400013650;14;7;16;1655;1;2;1;1;6;5;1047, 21 AOUT 1944 (AVEN;M;4328585;555556;130
201400013651;14;7;18;1055;1;2;1;1;2;5;BONNES NOUVELLES (CH.DES;;;;130
201400013652;14;7;18;1815;1;2;1;1;2;5;665, RN 96 (ROUTE NATION;;;;130
201400013653;14;7;18;1800;1;2;1;1;3;5;31, VERDUN (AVENUE DE);M;4328784;557876;130
201400013654;14;7;23;1120;1;2;1;1;3;5;CD 2 (CAMP MAJOR);;;;130
201400013655;14;7;24;1855;1;1;1;1;2;5;1, RN 96 (ROUTE NATIONAL;;;;130
201400013656;14;7;28;1410;1;2;1;1;6;5;RN 8;;;;130
201400013657;14;7;30;1815;1;1;3;1;5;5;RN 96 (ROUTE NATIONALE );M;4330549;557256;130
201400013658;14;8;6;1800;1;2;1;1;2;5;545, GARLABAN (AVENUE DU;M;4330009;557202;130
201400013659;14;8;8;1440;1;2;1;1;6;5;RD 43 C;;;;130
201400013660;14;8;10;2225;5;2;2;1;3;5;0, BEAUDINARD (CHEMIN DE;M;4331186;558022;130
201400013661;14;8;14;1545;1;2;2;1;3;5;REPUBLIQUE (RUE DE LA);;;;130
201400013662;14;8;12;930;1;2;2;1;2;5;1, SALENGRO (AVENUE ROGE;M;4330319;557169;130
201400013663;14;8;14;1350;1;2;1;1;3;5;PAIX (AVENUE DE LA );;;;130
201400013664;14;8;19;1125;1;2;1;1;2;5;71, JOUQUES (AVENUE DES);M;4328841;560186;130
201400013665;14;8;20;750;1;2;1;1;2;5;1, NATIONALE 8;;;;130
201400013666;14;8;24;1940;1;2;1;1;3;5;5, GOUMS (AVENUE DES);M;4329258;556466;130
201400013667;14;8;25;1445;1;2;1;1;2;5;GARLABAN (AVENUE DU);;;;130
201400013668;14;8;27;1830;1;2;1;1;2;70;49, QUEIRADE (CHEMIN DE;M;4327548;552899;130
201400013669;14;8;27;1845;1;2;1;1;3;5;MANOUCHIAN (AVENUE);;;;130
201400013670;14;8;30;1145;1;2;1;1;2;5;27, GOUMS (AVENUE DES);M;4329178;556142;130
201400013671;14;8;31;1800;2;2;2;1;3;5;TEMPLIERS (AVENUE DES);M;4331725;558239;130
201400013672;14;9;2;800;1;2;1;1;7;5;GEMENOS (ROUTE DE CD2);;;;130
201400013673;14;9;4;1640;1;2;1;1;2;5;0, GARLABAN (AVENUE DU);;;;130
201400013674;14;9;5;1125;1;2;1;1;3;5;99, REPUBLIQUE (RUE DE L;M;4328933;557244;130
201400013675;14;9;5;2010;5;2;1;1;2;70;164, VOLTAIRE (BOULEVARD;M;4328125;551746;130
201400013676;14;9;6;235;5;2;1;1;6;5;NATIONALE 8 DE PARIS A T;;;;130
201400013677;14;9;9;1325;1;2;1;1;2;5;GEMENOS (ROUTE DE CD2);;;;130
201400013678;14;9;10;1750;1;1;6;1;4;5;RN 8;M;4328414;559407;130
201400013679;14;9;12;1200;1;1;9;1;3;5;CIOTAT (ROUTE DE LA RN55;;;;130
201400013680;14;9;12;1330;1;1;1;1;6;5;1990, EOURES (ROUTE D');M;4330786;555231;130
201400013681;14;9;12;1940;1;1;1;1;1;5;RD 559 A (ROUTE DE LA BE;;;;130
201400013682;14;9;15;1115;1;1;1;1;2;5;RN 96 (ROUTE NATIONALE );;;;130
201400013683;14;9;16;1615;1;1;1;1;4;5;RN 96 (ROUTE NATIONALE );;;;130
201400013684;14;9;16;1900;1;2;1;1;3;5;0, AVELANEDE (CHEMIN DE;;;;130
201400013685;14;9;18;1757;1;2;3;1;5;5;SALENGRO (AVENUE ROGER);;;;130
201400013686;14;9;21;15;5;1;1;1;3;5;GEMENOS (ROUTE DE CD2);;;;130
201400013687;14;9;24;1630;1;2;1;1;2;70;ROUSSEAU (BOULEVARD JEAN;;;;130
201400013688;14;9;30;830;1;1;1;1;1;5;RD 559 A (ROUTE DE LA BE;;;;130
201400013689;14;10;1;950;1;2;1;1;2;5;15, VERDUN (AVENUE DE);M;4328864;557358;130
201400013690;14;10;2;1150;1;2;1;1;2;5;RN 8;;;;130
201400013691;14;10;2;1445;1;2;1;1;6;5;BONNES NOUVELLES (CH.DES;;;;130
201400013692;14;10;2;1820;1;2;1;1;2;70;BOURGADE (TRAVERSE DE LA;M;4328442;552356;130
201400013693;14;10;2;1800;1;2;1;1;2;5;THUILIERE (CHEMIN DE LA;;;;130
201400013694;14;10;8;2010;5;1;1;1;5;5;825, EOURES (ROUTE D');M;4330045;556001;130
201400013695;14;10;16;1715;1;2;1;1;2;5;1, RN 8;;;;130
201400013696;14;10;18;1620;1;2;1;1;2;5;17, DELFIEU (AVENUE LOUL;M;4329257;556573;130
201400013697;14;10;18;2240;5;2;3;1;3;5;1, PAIX (AVENUE DE LA );M;4328296;554904;130
201400013698;14;10;20;1640;1;2;1;1;2;5;0, BLANCARD (PROMENADE P;;;;130
201400013699;14;10;22;1150;1;2;1;1;6;5;6, FOCH (COURS MARECHAL);M;4329327;556777;130
201400013700;14;10;24;1330;1;2;3;1;1;5;RN 8;M;4328633;558726;130
201400013701;14;10;24;1655;1;1;1;1;6;5;RD 43 C;;;;130
201400013702;14;10;24;1655;1;2;3;1;3;5;PAIX (AVENUE DE LA );M;4328296;554911;130
201400013703;14;10;29;1240;1;2;1;1;7;70;17, BOURGADE (TRAVERSE D;M;4328410;552365;130
201400013704;14;10;31;1315;1;2;1;1;6;5;130, CHATEAU (IMPASSE DU;M;4329350;557716;130
201400013705;14;11;4;1845;5;2;1;3;6;5;19, SALENGRO (AVENUE ROG;M;4330050;556964;130
201400013706;14;11;5;840;1;2;3;1;3;70;VOLTAIRE (BOULEVARD);M;4328155;552277;130
201400013707;14;11;5;1540;1;2;1;1;2;5;..., RN 8;;;;130
201400013708;14;11;5;2240;5;2;1;1;1;5;PAIX (AVENUE DE LA );;;;130
201400013709;14;11;8;1135;1;2;1;1;6;70;13, ANTONETTI (AVENUE);M;4328742;551405;130
201400013710;14;11;12;745;1;2;1;2;6;5;7, FOCH (COURS MARECHAL);M;4329322;556751;130
201400013711;14;11;20;1325;1;2;1;1;6;70;GARE (BOULEVARD DE LA);M;4328295;551500;130
201400013712;14;11;23;1130;1;2;9;1;2;5;RN 8;;;;130
201400013713;14;11;26;830;1;2;1;1;6;5;MARCEL PAUL (AVENUE);;;;130
201400013714;14;11;30;620;5;1;1;8;7;5;3190, CD 2 (CAMP MAJOR);M;4328809;552235;130
201400013715;14;12;12;1115;1;2;1;1;2;70;42, BEAL (BOULEVARD DU);M;4328032;550666;130
201400013716;14;12;14;1150;1;1;3;2;3;5;BEAUDINARD (ROUTE DE);M;4331001;558333;130
201400013717;14;12;16;1320;1;2;1;1;3;5;PALUDS (Z.I. DES );;;;130
201400013718;14;12;18;1430;1;2;1;1;2;70;GARE (BOULEVARD DE LA);;;;130
201400013719;14;12;20;2030;5;2;1;1;1;5;501, BLANCARD (PROMENADE;M;4329730;556486;130
201400013720;14;12;16;1945;5;2;3;1;3;5;15, VOLTAIRE (COURS);M;4329501;556806;130
201400013721;14;12;23;900;1;2;1;1;7;70;176, VOLTAIRE (BOULEVARD;M;4328116;551812;130
201400013722;14;12;28;1235;1;2;3;1;3;70;221, VOLTAIRE (BOULEVARD;M;4328124;552068;130
201400013723;14;12;28;1900;5;2;3;1;3;5;19, VERDUN (AVENUE DE);M;4328842;557397;130
201400013724;14;1;13;1900;5;2;1;2;6;28;1943, DULAC (AVENUE GUIL;M;4320011;561958;130
201400013725;14;1;17;750;2;2;1;2;6;28;217, ERNEST SUBILIA;M;4318396;560972;130
201400013726;14;2;17;830;1;1;1;7;3;28;CD 559;M;0;0;130
201400013727;14;2;22;1555;1;2;1;1;6;28;FERRY (AVENUE JULES );M;0;0;130
201400013728;14;2;27;1145;1;2;1;1;6;28;15, BOURGOGNE (AVENUE DE;M;4319075;561820;130
201400013729;14;3;9;1645;1;2;1;1;3;28;ROVARCH (AVENUE PIERRE);M;4311237;537332;130
201400013730;14;3;31;1410;1;2;6;1;6;28;885, DULAC (AVENUE GUILL;M;4319220;560939;130
201400013731;14;4;11;1850;1;1;1;1;1;28;BODIN (AVENUE EMILE);;;;130
201400013732;14;5;4;1415;1;2;3;1;3;28;CD 559;M;4319071;564089;130
201400013733;14;5;20;1425;1;2;1;1;3;28;7, GANTEAUME (QUAI HONOR;M;4317378;560927;130
201400013734;14;5;28;1900;1;2;2;7;3;28;LORRAINE (AVENUE DE);M;4318739;562017;130
201400013735;14;5;30;1835;1;1;1;1;1;28;RD 559;;;;130
201400013736;14;5;25;1340;1;2;1;1;3;28;LORRAINE (AVENUE DE);M;4318839;562691;130
201400013737;14;6;8;1040;1;2;2;1;3;28;394, LAVAUX (BOULEVARD D;M;4319873;562642;130
201400013738;14;6;29;1940;1;2;3;7;3;28;GARDE (CHEMIN DE LA);;;;130
201400013739;14;7;4;1810;1;2;1;1;3;28;CD40B;M;4319290;560286;130
201400013740;14;7;15;1300;1;2;2;1;3;28;HOMME ROUGE (CHEMIN DE L;M;4319270;563504;130
201400013741;14;7;21;1820;1;1;2;1;3;28;HOMME ROUGE (CHEMIN DE L;M;4319271;563506;130
201400013742;14;8;8;140;5;2;6;1;3;28;105, RIPERT (AVENUE EMIL;M;4319168;561775;130
201400013743;14;8;9;1045;1;2;1;1;4;28;Rond-Point*Rovarch/Saint;M;4311237;537332;130
201400013744;14;8;26;1850;1;2;6;7;3;28;ROVARCH (AVENUE PIERRE);M;4319191;560472;130
201400013745;14;8;30;1955;1;2;2;1;3;28;CROZET (AVENUE LOUIS );M;4317896;560008;130
201400013746;14;9;18;2135;3;2;1;8;6;28;1194, LAVAUX (BOULEVARD;M;4319991;562658;130
201400013747;14;9;22;1650;1;2;1;1;2;28;501, ROUMANILLE (AVENUE;M;4319687;562104;130
201400013748;14;9;22;1900;2;2;1;1;3;28;ns, PROVENCE (AVENUE DE;;;;130
201400013749;14;10;3;935;1;2;1;1;3;28;181, BODIN (AVENUE EMILE;M;4319045;560270;130
201400013750;14;10;12;2110;3;2;3;8;2;28;CD 559;M;4319349;560179;130
201400013751;14;10;17;1530;1;2;3;1;3;28;WILSON (AVENUE PRESIDENT;M;4318319;561617;130
201400013752;14;10;19;1030;1;1;1;1;3;28;CD.559;;;;130
201400013753;14;10;23;1730;1;2;1;1;2;28;DULAC (AVENUE GUILLAUME);;;;130
201400013754;14;10;23;1900;1;2;1;1;6;28;DULAC (AVENUE GUILLAUME);M;0;0;130
201400013755;14;10;25;1225;1;2;1;1;3;28;64, RIPERT (AVENUE EMIL;M;4318752;561531;130
201400013756;14;10;26;1710;1;2;1;1;3;28;590, LAVAUX (BOULEVARD D;M;4319521;562865;130
201400013757;14;10;29;1620;1;2;1;1;6;28;LAMARTINE (BOULEVARD JEA;;;;130
201400013758;14;11;4;1715;5;2;1;3;6;28;ns, DIFFONTY (RUE HENRI);;;;130
201400013759;14;11;6;830;1;1;1;1;3;28;CD 559;;;;130
201400013760;14;10;24;1955;5;2;3;1;3;28;ROUMANILLE (AVENUE JOSEP;M;4319726;562126;130
201400013761;14;11;8;1045;1;2;1;1;4;28;857, RIPERT (AVENUE EMIL;;;;130
201400013762;14;11;10;1800;4;2;3;1;3;28;CLEMENCEAU (BOULEVARD GE;M;4317857;561094;130
201400013763;14;11;13;1730;2;2;3;1;3;28;LAVAUX (BOULEVARD DE);;;;130
201400013764;14;11;14;800;1;2;1;8;2;28;3, ROMAGOUA (CHEMIN DE);M;4319515;561120;130
201400013765;14;11;15;1610;1;2;1;1;6;28;PUITS DE BRUNET (CHEMIN;;;;130
201400013766;14;11;15;1915;5;2;3;1;3;28;WILSON (AVENUE PRESIDENT;M;4318321;561618;130
201400013767;14;11;19;1000;1;2;1;1;1;28;1807, DULAC (AVENUE GUIL;M;4320007;561960;130
201400013768;14;12;1;1650;2;2;6;3;3;28;20, BERTOLUCCI (BOULEVAR;M;4317397;560412;130
201400013769;14;12;3;645;5;2;1;1;2;28;ROVARCH (AVENUE PIERRE);M;0;0;130
201400013770;14;12;7;1525;1;2;9;1;1;28;1, MUGEL (AVENUE DU);M;4316709;560531;130
201400013771;14;12;7;1430;1;2;1;1;6;28;111, ROOSEVELT (AVENUE F;;;;130
201400013772;14;12;12;1320;1;2;1;1;6;28;PEPINIERE (CHEMIN DE LA);M;4319039;560251;130
201400013773;14;12;14;1310;1;2;1;1;2;28;471, FONTSAINTE (AVENUE;M;4319065;563855;130
201400013774;14;12;13;915;1;1;1;1;3;28;CD.559;M;4318076;567179;130
201400013775;14;12;17;1430;1;2;2;1;3;28;33, BILLOUX (AVENUE FRAN;M;4317873;559749;130
201400013776;14;12;19;520;5;2;1;1;6;28;ns, PETIT ROUMAGOUA (CHE;;;;130
201400013777;14;12;19;1020;1;2;1;1;1;28;537, Chemin Puits de bru;;;;130
201400013778;14;12;27;1310;1;1;1;2;1;28;CD 559 (CHEMIN DEPAR;;;;130
201400013779;14;12;19;1835;3;1;1;1;4;28;CD40B;M;4319262;560346;130
201400013780;14;12;30;1340;1;2;1;1;2;28;ns, CLEMENCEAU (BOULEVAR;;;;130
201400013781;14;3;15;1000;1;2;1;1;2;380;rue saint vincent;M;0;0;780
201400013782;14;4;24;745;1;2;1;1;5;380;RD 191;M;0;0;780
201400013783;14;12;9;1230;1;1;1;7;1;206;;M;0;0;780
201400013784;14;9;17;945;1;2;1;1;6;368;Rue Christian Pouillard;M;0;0;780
201400013785;14;1;27;1140;1;2;1;1;6;63;BARBIER JAUFFRET RUE;M;4357932;500125;130
201400013786;14;3;7;1640;1;1;2;1;3;63;D 10;M;4356161;502977;130
201400013787;14;3;18;1650;1;1;1;1;5;47;RD 1569;;;;130
201400013788;14;5;10;1240;1;1;1;1;3;47;100, RN 1569;;;;130
201400013789;14;6;23;1650;1;1;1;1;1;47;RN 1569 LA TRANSHUMANCE;;;;130
201400013790;14;7;4;2005;1;2;3;1;3;63;ARC EN CIEL AVENUE DE L';M;4359806;500952;130
201400013791;14;8;6;530;5;2;1;1;1;47;100, FOS ROUTE DE;;;;130
201400013792;14;8;20;1830;1;1;1;1;3;47;CD16 (LE DELA);;;;130
201400013793;14;8;22;1225;1;1;8;1;6;47;19, BELLONS CHEMIN DES;M;4352881;497155;130
201400013794;14;9;4;1900;1;1;1;1;3;47;94, RD16 (LE DELA);M;4355069;501149;130
201400013795;14;10;10;1625;1;1;1;1;3;47;D.5;;;;130
201400013796;14;10;15;1155;1;1;3;1;6;47;100, MAS DE CHAUVET CHEM;;;;130
201400013797;14;10;27;1315;1;1;1;1;3;47;RD 1569;;;;130
201400013798;14;12;4;1740;3;1;1;2;1;47;100, D.5;M;4346462;500346;130
201400013799;14;12;11;1950;5;2;1;1;6;47;100, RAYMOND FILIPPI AVE;;;;130
201400013800;14;12;13;1810;5;2;1;1;6;47;ALDERIC CHAVE AVENUE;M;4350264;499303;130
201400013801;14;1;4;2025;3;1;1;2;1;54;10, C D 9;M;4342128;522872;130
201400013802;14;1;10;1925;5;2;1;1;3;54;45,AV BARRELET  HENRI;M;4341676;521003;130
201400013803;14;1;12;1820;5;2;2;1;3;102;ABBADIE  BLD;M;4341577;524401;130
201400013804;14;1;13;1050;1;1;1;1;4;54;C D 9;;;;130
201400013805;14;1;17;1650;1;1;1;1;2;54;CD9;;;;130
201400013806;14;2;8;1450;1;2;1;2;2;54;25, SAINT PIERRE  CHE DE;M;4341354;521139;130
201400013807;14;2;13;1125;1;2;1;1;1;54;DUBOS  RUE RENE;M;0;0;130
201400013808;14;2;19;1840;5;2;3;1;3;54;0, SALAN  AVE GENERAL;;;;130
201400013809;14;3;3;736;1;1;1;2;4;54;R D 9;;;;130
201400013810;14;3;8;1820;1;2;3;1;3;54;0, BERNARD  BOULEVARD A.;M;4342033;521958;130
201400013811;14;3;19;1945;5;2;1;1;6;43;PAUL  AVENUE MARCEL;;;;130
201400013812;14;3;20;1205;1;2;1;1;1;54;DUBOS  RUE RENE;;;;130
201400013813;14;3;28;950;1;2;2;1;2;54;SALAN  AVE GENERAL;M;4340295;521650;130
201400013814;14;4;5;1450;1;2;6;1;3;43;FRANCOIS MITTERAND  AVEN;M;4339605;523862;130
201400013815;14;4;6;1955;1;2;1;1;3;54;MARTIGUES  RTE DE;;;;130
201400013816;14;4;11;2155;3;2;4;1;3;102;JUIN  AVENUE MARECHAL;;;;130
201400013817;14;4;17;810;1;2;6;1;3;102;ABBADIE  BLD;M;4341998;523654;130
201400013818;14;4;17;1500;1;2;1;1;3;54;DE GAULLE  AVE GAL DE;;;;130
201400013819;14;4;26;2340;5;2;2;2;3;54;RUINAT  AVENUE MARIUS;M;4341564;521066;130
201400013820;14;4;29;1420;1;2;1;1;5;54;RD9;;;;130
201400013821;14;4;30;1620;1;1;3;1;3;43;FERNANDEL  AVENUE;;;;130
201400013822;14;5;11;1410;1;2;2;1;3;54;GUYNEMER  AVENUE;;;;130
201400013823;14;5;17;1050;1;2;2;1;5;54;SALAN  AVE GENERAL;M;4340368;521705;130
201400013824;14;6;7;35;4;2;1;1;6;54;30, ROSTAND  RUE EDMOND;M;4341586;520602;130
201400013825;14;6;10;920;1;2;1;1;6;54;BRUYERES  RUE DES;;;;130
201400013826;14;6;10;1315;1;2;3;1;3;54;SALAN  AVE GENERAL;M;4340368;521705;130
201400013827;14;6;16;2140;4;2;3;1;3;43;1, POUSARAQUE  AVENUE DE;;;;130
201400013828;14;7;3;1445;1;1;4;1;3;43;RD 368;M;4339487;520698;130
201400013829;14;8;2;1735;1;1;1;1;3;43;MEDITERRANEE  AVENUE DE;;;;130
201400013830;14;8;8;1310;1;1;1;1;4;54;CD9;;;;130
201400013831;14;8;14;1010;1;2;2;1;6;54;GUYNEMER  AVENUE;M;4341838;521827;130
201400013832;14;9;5;2320;5;2;3;1;3;54;SAINT EXUPERY  RUE A.;M;4341727;521968;130
201400013833;14;9;10;1655;1;2;3;1;2;43;96, POMPIDOU (384);M;4338751;521449;130
201400013834;14;9;11;755;1;2;4;1;3;54;OLIVIERS  ALLEE DES;M;4341415;523022;130
201400013835;14;9;12;1515;1;2;1;1;3;54;BARRELET  AVENUE HENRI;;;;130
201400013836;14;9;15;1215;1;2;1;1;7;43;23, REPUBLIQUE  AVENUE D;M;4339415;523736;130
201400013837;14;10;15;1230;1;2;1;1;4;54;MAI-45 AV DU 8;;;;130
201400013838;14;10;20;1030;1;2;3;1;3;54;COUVENT  CHEMIN DU;M;4341881;522728;130
201400013839;14;10;23;1335;1;1;2;6;3;43;000, POMPIDOU  AVENUE;M;4338752;521447;130
201400013840;14;10;26;1255;1;2;2;1;3;43;0000, RICAUD  AVENUE JUL;;;;130
201400013841;14;10;27;1740;1;1;2;8;3;54;00000, CD9;;;;130
201400013842;14;10;28;1620;1;2;3;1;6;54;6, SCHWEITZER  AVENUE DU;M;4341828;521825;130
201400013843;14;11;19;1835;5;2;1;1;1;102;00000, JUIN  AVENUE MARE;;;;130
201400013844;14;12;12;1600;1;2;1;1;3;54;DE GAULLE  AVE GAL DE;;;;130
201400013845;14;12;18;1950;2;2;1;1;2;54;CARPENTIER  AVENUE GEORG;;;;130
201400013846;14;1;7;840;1;2;1;1;6;55;6, RUE LAUTARD;M;4330911;538158;130
201400013847;14;12;26;2115;4;2;2;1;6;55;89, BD LOUIS MAZAUDIER;M;4331145;542288;130
201400013848;14;12;9;1655;1;2;1;1;6;55;12, VOI LA CANEBIERE;M;4329550;537511;130
201400013849;14;12;8;1830;5;2;1;1;2;55;21, BD JEAN MOULIN;M;4328982;539987;130
201400013850;14;12;9;1030;1;2;2;1;3;55;02, RUE DE VERDUN;M;4329654;539514;130
201400013851;14;11;26;2230;5;2;1;3;6;55;01, BD D ATHENES;M;0;538091;130
201400013852;14;12;26;1915;5;2;2;1;3;55;49, RUE BROCHIER;M;4329098;539211;130
201400013853;14;12;5;1100;1;2;1;1;6;55;69, PCE JEAN JAURES;M;4329415;538601;130
201400013854;14;12;15;945;1;2;1;1;2;55;14, AVE DE CORINTHE;M;4328396;539027;130
201400013855;14;11;4;1200;1;2;1;2;6;55;00, BD SAKAKINI;;;;130
201400013856;14;12;19;1415;1;2;1;1;2;55;222, RUE SAINT PIERRE;M;4329270;540022;130