num_acc;an;mois;jour;hrmn;lum;agg;int;atm;col;com;adr;gps;lat;long;dep
201400013857;14;12;19;1640;1;2;1;1;2;55;08, RUE DES CATALANS;M;4329076;535591;130
201400013858;14;9;30;1345;1;2;1;3;6;55;00, RTE LEON LACHAMP;;;;130
201400013859;14;12;24;1145;1;2;1;1;6;55;36, TRA DE LA MONTRE;M;4329401;547447;130
201400013860;14;12;28;1930;3;2;1;1;2;55;00, RUE BELLE OMBRE;M;4326948;540842;130
201400013861;14;12;18;1120;1;2;1;1;6;55;70, AVE ANDRE ZENATTI;M;4324634;538774;130
201400013862;14;12;29;1120;1;2;1;1;6;55;15, BD DES DAMES;M;4330209;537117;130
201400013863;14;12;19;1435;1;2;1;1;6;55;54, RUE FRANCOIS ARAGO;M;4328967;539117;130
201400013864;14;8;16;920;1;2;6;1;3;55;00, RPT PIERRE PARAF;M;4332966;538821;130
201400013865;14;12;4;1615;1;2;1;2;6;55;07, CHE DE SAINT JOSEPH;M;4334184;538648;130
201400013866;14;12;23;600;3;2;2;1;3;55;57, RUE ALPHONSE DAUDET;M;4331908;540816;130
201400013867;14;12;22;1900;5;2;1;1;6;55;00, BD HENRI BARNIER;;;;130
201400013868;14;12;25;1320;1;2;3;1;6;55;01, BD SIMON BOLIVAR;M;4334110;537721;130
201400013869;14;12;23;1015;1;2;1;1;6;55;18, VSN ROSE A LA GRAVE;;;;130
201400013870;14;12;8;1635;1;2;1;1;7;55;278, AVE DE LA CROIX ROU;;;;130
201400013871;14;12;18;1420;1;2;1;1;7;55;0.3, PCE SADI CARNOT;M;4329939;537159;130
201400013872;14;12;12;1640;1;2;1;1;6;55;10, BD VOLTAIRE;M;4330208;538258;130
201400013873;14;10;12;1830;1;2;1;1;6;55;30, BD MICHELET;M;4327075;539226;130
201400013874;14;12;13;1550;1;2;1;1;6;55;71, RUE D' ITALIE;M;4328822;538330;130
201400013875;14;12;22;1430;1;2;1;1;6;55;11, RUE DES TROIS FRERES;M;4329270;538448;130
201400013876;14;12;19;1430;1;2;1;1;6;55;433, RUE DE LYON;M;4334219;535987;130
201400013877;14;10;14;1120;1;2;1;1;6;55;36, BD CHARLES LIVON;M;4329221;536045;130
201400013878;14;12;8;915;1;2;1;1;6;55;06, ALL LEON GAMBETTA;M;4329911;538115;130
201400013879;14;12;10;1210;1;2;1;1;6;55;144, BD BAILLE;M;4328826;539260;130
201400013880;14;10;17;1345;1;2;1;1;7;55;00, BD SCHLOESING;;;;130
201400013881;14;12;5;1800;5;2;1;8;4;2;00, CANTON VERT (AVENUE;;;;130
201400013882;14;12;19;1630;1;2;1;1;6;55;780, AVE DU VINGT QUATRE;;;;130
201400013883;14;12;29;1550;1;2;1;1;6;55;34, BD DE PLOMBIERES;M;4331545;538655;130
201400013884;14;12;19;1500;1;2;1;1;1;55;67, CHE DE LA PARETTE;;;;130
201400013885;14;12;20;30;5;2;1;1;7;55;131, COR PRESIDENT JOHN;M;4328699;535190;130
201400013886;14;12;20;155;5;2;1;1;2;55;44, BD NOTRE DAME;M;4328837;537317;130
201400013887;14;12;31;1310;1;2;4;1;6;55;00, QAI DE RIVE NEUVE;M;4329222;536321;130
201400013888;14;12;12;1320;1;2;1;2;6;55;22, ALL LEON GAMBETTA;M;4329909;538218;130
201400013889;14;12;24;1150;1;2;1;1;6;55;08, RUE SAINTE BARBE;M;4329976;537429;130
201400013890;14;11;26;1800;5;2;1;2;7;2;08, BON RENCONTRE (CHEMI;M;4335208;547848;130
201400013891;14;12;8;1815;5;2;1;1;2;55;01, CV DU RUISSEAU MIRAB;M;4335103;535379;130
201400013892;14;12;27;1225;1;2;1;1;4;55;182, CHE DE GIBBES;M;4332659;538404;130
201400013893;14;12;18;1145;1;2;1;1;6;55;75, RUE DU DOCTEUR ESCAT;M;4328305;538047;130
201400013894;14;12;20;1345;1;2;1;1;2;55;140, AVE DU PRADO;M;4327977;538686;130
201400013895;14;11;20;140;5;2;1;1;6;55;410, RUE PARADIS;M;4327615;538405;130
201400013896;14;12;30;1700;2;2;1;1;6;55;282, BD MIREILLE LAUZE;M;4328495;542177;130
201400013897;14;12;27;1740;2;2;1;1;6;55;01, AVE MILLIE MATHYS;;;;130
201400013898;14;10;5;1930;1;2;1;1;4;55;261, AVE DE LA VISTE;;;;130
201400013899;14;11;20;2121;5;2;1;2;1;55;23, AVE DESIRE BIANCO;M;4328635;542553;130
201400013900;14;12;24;1850;5;2;2;1;6;55;132, BD ROMAIN ROLLAND;M;4327376;541387;130
201400013901;14;1;10;710;2;2;1;1;2;55;AVE ALEXANDRE FLEMING;;;;130
201400013902;14;1;3;1655;5;2;2;1;3;55;140, AVE DU PRADO;M;4327986;538682;130
201400013903;14;1;3;610;5;2;1;1;3;55;546, BD MIREILLE LAUZE;M;4328877;543652;130
201400013904;14;1;1;645;5;2;6;1;7;55;RPT PERE WRESINKI;;;;130
201400013905;14;1;3;1500;1;2;1;1;6;55;129, CHE DE SAINT JOSEPH;M;4334580;538179;130
201400013906;14;1;3;1930;3;2;1;1;6;55;315, BD NATIONAL;M;4331272;537587;130
201400013907;14;1;5;2300;5;2;1;2;1;55;BD LEDRU ROLLIN;;;;130
201400013908;14;10;12;55;5;2;1;1;6;55;00, RTE LEON LACHAMP;;;;130
201400013909;14;1;5;320;5;2;2;3;6;55;BD DU MARECHAL JUIN;M;4331380;540579;130
201400013910;14;12;31;2330;5;2;1;1;6;55;156, BD RABATAU;;;;130
201400013911;14;7;4;2120;5;2;1;1;6;55;340, AVE DE LA CAPELETTE;M;4327982;541613;130
201400013912;14;10;27;1530;1;2;1;1;6;55;41, BD CHARLES MORETTI;M;4332377;538443;130
201400013913;14;1;13;1945;5;2;2;3;3;55;RUE DE RUFFI;;;;130
201400013914;14;1;3;2330;5;2;1;1;6;55;117, AVE DE SAINT LOUIS;M;4334692;535914;130
201400013915;14;1;16;810;1;2;1;2;6;55;02, RUE FAUCHIER;M;4330487;537271;130
201400013916;14;12;30;1340;1;2;3;1;6;55;QAI D ARENC;M;4331326;536631;130
201400013917;14;1;6;1800;5;2;1;1;6;55;72, RUE FRANCOIS MAURIAC;M;4327364;541978;130
201400013918;14;11;5;1645;1;2;3;1;1;55;47, CRS LIEUTAUD;;;;130
201400013919;14;11;4;950;1;2;1;2;6;55;49, RUE DES TROIS FRERES;M;4329332;538622;130
201400013920;14;12;28;625;5;2;1;1;7;55;00, TUN TUNNEL ST CHARLE;;;;130
201400013921;14;1;16;1245;1;2;1;1;2;55;1, VOL PLOMBIERES FERDIN;;;;130
201400013922;14;1;1;1645;1;2;1;1;3;55;19, AVE DE LA MARTHELINE;M;4324647;539881;130
201400013923;14;11;12;1130;1;2;1;8;6;55;18, AVE DE VALDONNE;;;;130
201400013924;14;12;31;2120;5;2;1;1;6;55;05, BD GARIBALDI;M;4329693;538117;130
201400013925;14;1;4;600;3;2;2;2;3;55;4, BD GILLIBERT;M;4326483;540934;130
201400013926;14;1;17;2130;5;2;1;1;6;55;76, AVE DES CHUTES LAVIE;M;4331444;539754;130
201400013927;14;1;21;1940;5;2;3;1;3;55;16, CRS FRANKLIN ROOSEVE;M;4329904;538663;130
201400013928;14;1;19;2055;5;2;2;2;3;55;49, RUE BRETEUIL;M;4329025;537585;130
201400013929;14;11;22;1200;1;2;1;1;6;55;000, RUE PARADIS;;;;130
201400013930;14;1;14;2100;5;2;1;1;5;55;BD DE LA CORDERIE;M;4329023;536866;130
201400013931;14;1;8;1915;5;2;1;1;3;55;03, RTE D ENCO DE BOTTE;M;4331284;546524;130
201400013932;14;1;9;1800;5;2;1;8;3;55;41, AVE LOUIS MALOSSE;;;;130
201400013933;14;1;12;1625;1;2;1;1;3;55;146, BD DE LA VALBARELLE;M;4328833;545140;130
201400013934;14;1;13;1510;5;2;1;2;2;55;AVE DES PEINTRES ROUX;;;;130
201400013935;14;1;14;1330;1;2;1;1;3;55;15, BD JEAN EUGENE CABAS;M;4328590;541288;130
201400013936;14;1;21;1710;1;2;1;1;1;55;108, AVE DU PRADO;M;4328111;538608;130
201400013937;14;1;22;125;3;2;1;1;6;55;50, CHE DE LA MADRAGUE V;M;4332152;536496;130
201400013938;14;1;12;800;1;2;1;1;7;75;55, PAUL SIRVENT (AVE);M;4334277;546946;130
201400013939;14;1;14;1600;1;2;1;1;4;55;164, BD DE PLOMBIERES;M;4331867;537962;130
201400013940;14;1;17;1800;2;2;1;1;1;55;RUE DES MUSARDISES;;;;130
201400013941;14;12;30;1915;5;2;1;1;6;55;262, RUE PARADIS;M;4328147;538183;130
201400013942;14;1;22;830;1;2;1;1;1;55;1, AVE DU CAP PINEDE ROC;M;4332898;536563;130
201400013943;14;1;9;1630;1;1;1;1;1;55;VSN CAP JANET CHE;;;;130
201400013944;14;1;26;2350;3;2;1;1;2;55;1, AVE DU CAP PINEDE ROC;;;;130
201400013945;14;10;28;1530;1;2;1;1;6;55;08, BD DUGOMMIER;M;4329829;538096;130
201400013946;14;1;18;1900;5;2;1;2;1;55;CHE DES JONQUILLES;;;;130
201400013947;14;1;8;730;2;2;1;1;6;55;04, CHE DE SAINT ANTOINE;M;4334973;537515;130
201400013948;14;1;28;940;1;2;1;1;6;55;142, AVE PIERRE MENDES F;M;4325683;537647;130
201400013949;14;1;15;1340;1;2;1;1;3;55;105, CRS LIEUTAUD;M;4328913;538408;130
201400013950;14;1;12;1700;1;2;3;1;6;55;146, RUE DE ROME;M;4328870;538220;130
201400013951;14;11;5;1300;1;2;1;1;6;55;01, AVE FLORIAN;M;4328171;542755;130
201400013952;14;1;16;1310;1;2;1;8;3;55;AVE ESCADRILLE NORMANDIE;;;;130
201400013953;14;1;9;1825;5;2;1;1;3;55;84, AVE DU MERLAN;M;4333909;540802;130
201400013954;14;1;5;1235;1;2;3;1;6;55;111, RUE DE L' EVECHE;M;4330242;536736;130
201400013955;14;1;7;1630;1;2;1;1;6;55;75, BD LOUIS VILLECROZE;M;4332025;539198;130
201400013956;14;1;13;1030;1;2;1;1;6;55;106, RUE D' ITALIE;M;4328657;538442;130
201400013957;14;1;8;2100;5;2;1;1;7;55;30, RTE DE LA SABLIERE;M;4329233;547937;130
201400013958;14;12;11;1910;5;2;3;1;6;55;40, RUE CHATEAU PAYAN;M;4329106;538904;130
201400013959;14;1;14;1830;2;2;1;2;3;55;55, CV DE MORGIOU;;;;130
201400013960;14;1;16;830;1;2;1;2;4;55;69, AVE DE LATTRE DE TAS;M;4324657;540819;130
201400013961;14;1;22;2130;5;2;3;1;1;55;CHE DE LA MILLIERE A S;M;4328924;549920;130
201400013962;14;1;9;1005;1;2;1;1;7;55;CV DE L' ARGILE;;;;130
201400013963;14;1;10;1000;1;2;1;2;7;55;120, BD RABATAU;M;4327796;539922;130
201400013964;14;1;16;830;1;2;1;3;7;55;12, BD FERNAND BONNEFOY;;;;130
201400013965;14;12;4;915;1;2;1;1;6;55;00, RUE DE SUEZ;;;;130
201400013966;14;1;17;1410;1;2;6;1;2;55;AVE SALVADOR ALLENDE;M;4333038;538906;130
201400013967;14;1;3;1440;1;2;2;1;3;2;4, GUSTAVE RAMBERT (BOUL;;;;130
201400013968;14;1;5;1700;5;2;1;1;1;75;1, PAUL SIRVENT (AVE);M;4334501;546134;130
201400013969;14;1;8;700;2;1;3;1;3;55;BD SIMON BOLIVAR;M;4334320;537586;130
201400013970;14;1;8;1145;1;2;1;1;6;55;89, AVE DES CAILLOLS;M;4330357;543132;130
201400013971;14;1;11;1;5;2;6;1;7;2;1,AV GENERAL LECLERC;M;4333966;548434;130
201400013972;14;1;11;1530;1;2;1;1;6;2;12, JEAN GIONO (AVENUE);M;4333410;548010;130
201400013973;14;1;13;1710;1;2;1;3;6;2;563, SALVATORE ALLENDE (;M;4335251;548145;130
201400013974;14;1;15;730;2;2;1;1;6;55;205, AVE DU VINGT QUATRE;;;;130
201400013975;14;1;18;1830;5;2;1;3;7;75;90, FREDERIC CHEVILLON;M;4334812;546476;130
201400013976;14;1;8;1215;1;2;3;1;2;55;347, AVE DE SAINT ANTOIN;M;4338028;535742;130
201400013977;14;1;18;1515;1;2;2;3;3;55;1, RUE DE ROUBAIX;M;4332232;541270;130
201400013978;14;1;19;735;1;2;3;2;2;55;41, BD SIMON BOLIVAR;M;4334521;537822;130
201400013979;14;1;25;1415;1;2;1;1;6;55;RUE ALBERT MARQUET;;;;130
201400013980;14;12;8;2130;5;2;6;1;6;55;01, RPT PERE WRESINKI;M;4333033;540969;130
201400013981;14;1;29;700;1;2;1;2;1;55;AVE DE LA CAPELETTE;M;4327934;541142;130
201400013982;14;1;17;1450;1;2;2;1;3;55;8, PCE DE LA GARE DE L';M;4328123;542696;130
201400013983;14;2;3;920;1;2;3;1;6;55;01, AVE MERLEAU PONTY;M;4333745;542089;130
201400013984;14;1;1;300;5;2;3;1;2;55;13, RTE D ENCO DE BOTTE;M;4331360;546578;130
201400013985;14;1;7;1930;4;2;1;1;6;55;AVE DU MARECHAL FOCH;;;;130
201400013986;14;1;19;1350;1;2;1;2;1;55;44, RUE DU RACATI;M;4330664;537565;130
201400013987;14;1;20;1650;1;2;1;1;3;55;AVE JEAN PAUL SARTRE;;;;130
201400013988;14;1;11;1350;1;2;3;1;3;55;12, RUE DE LA GRANDE ARM;M;4330028;538418;130
201400013989;14;1;22;1445;1;2;1;1;6;55;RUE BENEDIT;M;4330641;539309;130
201400013990;14;1;15;1215;1;2;1;1;2;55;341, CHE DE LA MADRAGUE;M;4333782;535774;130
201400013991;14;1;4;1430;1;2;1;2;7;55;252, AVE DES CAILLOLS;M;4330224;544529;130
201400013992;14;1;25;1915;5;2;9;1;6;55;24, RUE ALBERT EINSTEIN;M;4333361;543120;130
201400013993;14;1;20;1240;1;2;3;1;7;55;104, RUE FELIX PYAT;M;4331660;537414;130
201400013994;14;8;5;2015;1;2;1;1;6;55;00, RUE ESPERANDIEU;;;;130
201400013995;14;1;25;1525;1;2;1;1;2;55;1, BD DE PLOMBIERES AERI;;;;130
201400013996;14;1;10;915;1;2;2;1;2;55;62, RUE CONSOLAT;M;4330064;538833;130
201400013997;14;1;13;1407;5;2;1;2;3;55;960, BD DE LA LIBERATION;;;;130
201400013998;14;1;25;1215;1;2;2;1;3;55;RUE BEL AIR;M;4328958;538240;130
201400013999;14;1;26;1615;1;2;1;1;2;55;12, QAI DE RIVE NEUVE;M;4329334;537108;130
201400014000;14;1;16;1700;2;2;1;2;5;55;368, BD HENRI BARNIER;M;4336073;534258;130
201400014001;14;1;16;2040;5;2;1;2;3;55;44, BD FERDINAND DE LESS;M;4332087;537481;130
201400014002;14;11;27;1100;1;2;3;1;6;2;01, ANGE MARTIN  (BOULEV;;;;130
201400014003;14;1;20;1040;1;2;1;2;2;55;AVE JEAN PAUL SARTRE;;;;130
201400014004;14;1;24;1520;1;2;1;1;3;55;60, RUE DE LA REPUBLIQUE;M;4330089;537046;130
201400014005;14;1;22;1230;1;2;1;1;3;55;17, AVE CAMILLE PELLETAN;M;4330310;537400;130
201400014006;14;1;23;1635;1;2;6;1;6;55;1, RUE LOUIS REYBAUD;M;4329737;542698;130
201400014007;14;12;1;245;5;2;1;2;7;55;122, AVE DES PEINTRES RO;M;4330297;547384;130
201400014008;14;1;24;1150;1;2;1;1;6;55;BD DE LA BOUGIE;;;;130
201400014009;14;1;27;1630;1;2;3;1;3;55;243, AVE ROGER SALENGRO;M;4332056;536757;130
201400014010;14;1;22;1315;1;2;1;1;6;55;, RUE PEYSSONNEL;;;;130
201400014011;14;1;18;930;1;2;1;2;7;55;CHE DU LITTORAL;;;;130
201400014012;14;1;28;1330;1;2;1;1;6;55;RUE BOISSELOT;;;;130
201400014013;14;2;23;1940;5;2;1;8;2;55;01, BD DE PLOMBIERES;;;;130
201400014014;14;1;14;1200;1;2;1;1;1;55;VSN ROVE ANC CHE DU;;;;130
201400014015;14;2;5;2300;5;2;3;1;1;55;77, BD DE PLOMBIERES;M;4331608;538401;130
201400014016;14;1;30;800;1;2;1;3;3;106;NELSON MANDELA (AVENUE);M;4340841;536648;130
201400014017;14;2;1;800;1;2;1;3;1;106;00, NELSON MANDELA (AVEN;;;;130
201400014018;14;1;13;1140;1;2;1;1;3;55;37, RUE FALQUE;M;4328414;538193;130
201400014019;14;2;5;735;1;2;1;3;6;55;74, BD DE SAINT LOUP;;;;130
201400014020;14;1;27;1635;1;2;1;1;4;55;161, BD ROMAIN ROLLAND;M;4327635;541818;130
201400014021;14;10;21;2245;5;2;1;1;7;55;76B, AVE JEAN LOMBARD;M;4328893;543092;130
201400014022;14;1;14;1745;2;2;1;2;1;55;95, BD VAUBAN;M;4328274;537430;130
201400014023;14;7;31;15;5;2;1;1;7;55;88, BD DE LA MILLIERE;;;;130
201400014024;14;1;17;1209;1;2;1;1;2;55;11, BD DU METRO;M;4333440;542877;130
201400014025;14;2;9;1030;1;2;2;1;3;55;00, BD MIREILLE LAUZE;M;4328332;541281;130
201400014026;14;2;9;1700;1;2;1;1;6;55;11, AVE D' AIR BEL;;;;130
201400014027;14;1;27;1345;1;2;1;1;3;55;41, BD CHARLES MORETTI;M;4332383;538442;130
201400014028;14;2;6;1230;1;2;1;1;6;55;01, BD DU BOSPHORE;;;;130
201400014029;14;1;28;1200;1;2;1;1;2;55;210, AVE DE SAINT LOUIS;M;4335067;535868;130
201400014030;14;1;9;1100;1;2;1;1;2;55;9, RUE SAINT PIERRE;M;4329378;538732;130
201400014031;14;1;27;1830;5;2;1;1;3;55;1, PRO GEORGES POMPIDOU;;;;130
201400014032;14;1;29;2230;5;2;2;1;6;55;83, BD DE STRASBOURG;M;4330904;537840;130
201400014033;14;2;1;540;5;2;2;1;3;55;00, RUE CHARRAS;M;4329073;535736;130
201400014034;14;1;20;1015;1;1;1;1;7;55;VSN LEON LACHAMP (RTE);;;;130
201400014035;14;1;22;910;1;2;1;1;3;55;386, RUE PARADIS;M;4327745;538351;130
201400014036;14;1;26;1437;1;2;1;1;6;55;78, BD DE SAINT LOUP;M;4328241;543063;130
201400014037;14;2;4;1000;1;2;2;1;6;55;144, AVE DU PRADO;M;4328039;538719;130
201400014038;14;1;13;1945;5;1;1;1;3;55;53, RUE GASTON DE FLOTTE;M;4329677;542752;130
201400014039;14;1;21;955;1;2;1;1;7;55;112, CHE DE LA PARETTE;M;4329083;542638;130
201400014040;14;1;22;1125;1;2;1;1;3;55;17, RUE SAINT PIERRE;M;4329373;538751;130
201400014041;14;1;27;620;5;2;1;1;3;55;1, AVE FLORIAN;M;4328348;542700;130
201400014042;14;1;26;1730;4;2;9;1;3;55;BD ROLAND DORGELES;;;;130
201400014043;14;1;27;1330;1;2;1;1;6;55;529, CHE DE LA MADRAGUE;M;4334656;535418;130
201400014044;14;1;28;1800;5;2;3;2;3;75;98, FREDERIC MISTRAL (AV;M;4335113;547181;130
201400014045;14;2;13;1620;1;2;1;1;6;55;18, AVE PROSPER MERIMEE;M;4332817;539805;130
201400014046;14;2;12;1630;1;2;3;1;6;55;75, BD JEANNE D' ARC;M;4329327;540403;130
201400014047;14;2;13;520;5;2;2;1;6;55;29, BD FRANCOISE DUPARC;M;4330193;540053;130
201400014048;14;2;13;2200;5;2;1;1;6;55;50, BD DE LA BARASSE RN;M;4328618;547722;130
201400014049;14;11;12;1905;5;2;1;1;6;55;AVE ARNAVON;;;;130
201400014050;14;11;13;1005;1;2;3;1;1;55;00, BD ROMAIN ROLLAND;M;4327070;540760;130
201400014051;14;1;26;720;5;2;2;1;3;55;00, RUE PIERRE DUPRE;M;4328140;538324;130
201400014052;14;2;14;950;1;2;3;1;6;55;84, RUE SAINT ANTOINE;M;4337036;535625;130
201400014053;14;11;26;1810;5;2;1;3;6;55;270, BD PAUL CLAUDEL;;;;130
201400014054;14;2;15;1500;1;2;1;1;6;55;31, RUE DE LA REINE ELIS;M;4329680;537437;130
201400014055;14;2;15;930;5;2;2;1;6;55;03, AVE DE LA ROSE;M;4332622;542073;130
201400014056;14;2;16;1130;1;2;1;1;6;55;35, BD BERNABO;;;;130
201400014057;14;2;14;2130;5;2;1;1;6;55;00, RUE RENE CASSIN;;;;130
201400014058;14;2;17;1545;1;2;1;1;6;55;63, VOI LA CANEBIERE;M;4329691;537909;130
201400014059;14;2;17;1845;5;2;1;1;1;55;RTE LEON LACHAMP;M;4324655;544765;130
201400014060;14;2;6;2320;1;2;1;1;6;55;42, RUE EDMOND ROSTAND;M;4328717;538080;130
201400014061;14;2;2;1720;2;2;1;1;6;55;35, RUE GRAND RUE;M;4329775;537091;130
201400014062;14;2;3;1710;1;2;1;1;6;55;03, RUE BELLE DE MAI;M;4330824;538182;130
201400014063;14;1;19;2115;5;2;1;2;2;55;107, BD SAKAKINI;M;4329249;540129;130
201400014064;14;2;8;2305;5;2;1;8;6;55;40, RUE FELIX PYAT;M;4331426;537604;130
201400014065;14;1;9;1145;1;2;1;1;7;55;526, RUE PARADIS;M;4327189;538588;130
201400014066;14;1;9;1310;1;2;6;1;2;55;1, PLACE LOUIS BONNEFON;M;4325422;538173;130
201400014067;14;1;10;815;1;2;3;1;3;55;1, BD DE LA VERRERIE;M;4323500;536024;130
201400014068;14;1;10;1915;5;2;1;1;6;55;256, BD PAUL CLAUDEL;M;4326899;542201;130
201400014069;14;1;11;920;1;2;1;1;2;55;1, RUE DU COMMANDANT ROL;M;4327892;538215;130
201400014070;14;1;13;1715;5;2;1;2;3;55;1, AVE DE LA BARQUIERE;;;;130
201400014071;14;1;13;1600;1;2;1;2;3;55;00, RTE LEON LACHAMP;;;;130
201400014072;14;1;22;900;1;2;1;1;6;55;03, RUE CHALUSSET;;;;130
201400014073;14;1;24;930;1;2;1;1;6;55;21, RUE DE PROVENCE;M;4330174;539708;130
201400014074;14;2;8;1300;1;2;1;1;6;55;01, RPT PERE WRESINKI;;;;130
201400014075;14;2;13;2030;5;2;1;1;2;55;03, AVE FRANCOIS MIGNET;M;4332967;542729;130
201400014076;14;1;14;1030;1;2;1;1;6;2;702, GENERAL MONTSABERT;M;4335576;548688;130
201400014077;14;1;24;1400;1;2;3;1;3;55;26, RUE GUIBAL;M;4330633;538509;130
201400014078;14;1;26;1620;1;2;1;1;3;55;83, AVE DU CAP PINEDE RO;;;;130
201400014079;14;2;8;1900;5;2;1;2;6;55;107, AVE DES OLIVES;M;4332806;543679;130
201400014080;14;2;12;830;1;2;1;1;6;55;53, AVE DE FRAIS VALLON;;;;130
201400014081;14;2;12;1130;1;2;1;1;2;55;128, RUE DE LYON;M;4332745;536617;130
201400014082;14;2;13;200;5;2;1;1;7;55;01, QAI D ARENC;;;;130
201400014083;14;1;29;1;5;2;1;3;7;55;RPT LIEUTENANT COLONEL P;;;;130
201400014084;14;1;30;1100;1;2;1;3;3;55;41, AVE DE SAINT BARNABE;M;4330409;541081;130
201400014085;14;1;17;1730;5;2;6;1;7;55;CHE DU LANCIER;M;4324606;539514;130
201400014086;14;2;8;1400;1;2;1;2;1;55;08, RUE DU CARGO RHIN FI;M;4332741;535527;130
201400014087;14;2;8;2000;3;2;1;2;6;55;327, RUE DE LYON;M;4333722;536277;130
201400014088;14;2;19;2040;5;2;1;1;6;55;00, AVE JEAN PAUL SARTRE;;;;130
201400014089;14;1;13;2050;5;2;1;2;4;55;01, AVE DU PRADO;M;4328552;538431;130
201400014090;14;2;6;2140;5;2;1;1;6;55;145, BD RABATAU;;;;130
201400014091;14;2;2;1805;5;2;6;1;3;55;01, RPT DU PRADO;M;4327266;539155;130
201400014092;14;2;11;558;3;2;1;1;6;55;00, CHE DE LA PELOUQUE;;;;130
201400014093;14;2;20;1140;1;2;1;1;2;55;01, BD FERDINAND DE LESS;M;4331910;536759;130
201400014094;14;2;21;2110;5;1;3;1;3;55;00, RUE JEAN QUEILLAU;M;4333199;538661;130
201400014095;14;2;13;1230;1;2;1;1;6;55;60, AVE JEAN LOMBARD;M;4328894;543043;130
201400014096;14;1;28;1325;1;2;1;1;3;55;32, BD FERNAND BONNEFOY;M;4328039;540068;130
201400014097;14;2;10;1700;1;2;1;2;6;55;181, RUE LE CHATELIER;M;4334895;537388;130
201400014098;14;2;15;1530;1;2;1;1;2;106;20, 8 MAI 1945 (AVENUE D;M;4338803;535999;130
201400014099;14;2;21;1630;1;2;1;1;2;55;38, AVE DES ARNAVAUX;;;;130
201400014100;14;1;25;800;1;2;1;1;2;55;175, BD BAILLE;M;4328986;539836;130
201400014101;14;2;14;1300;1;2;1;1;6;55;02, RUE PEYRONNET;M;4327970;536244;130
201400014102;14;2;6;810;1;2;1;1;6;55;01, RPT ANDRE ROUSSIN CO;;;;130
201400014103;14;2;6;1715;1;2;1;1;6;55;1820, RUE MARIUS BRIATA;;;;130
201400014104;14;2;17;930;1;2;1;1;3;55;00, RPT JEAN MOULIN ST P;;;;130
201400014105;14;1;6;815;1;2;1;1;3;55;RTE DES TROIS LUCS A LA;;;;130
201400014106;14;2;6;900;1;2;1;1;6;55;75, BD CHARLES LIVON;M;4329200;535903;130
201400014107;14;1;17;1100;1;2;1;1;2;55;0, RUE DE LA CREDENCE;;;;130
201400014108;14;1;22;1645;1;2;1;1;5;55;323, BD MICHELET;M;4325881;539930;130
201400014109;14;2;14;240;5;2;2;1;3;55;81, RUE SAINTE;M;4329150;537084;130
201400014110;14;2;23;1720;1;2;1;1;1;55;29, BD DE LA COMTESSE;M;4331359;544741;130
201400014111;14;1;9;850;1;2;1;1;1;55;101, AVE DU PRADO;M;4328087;538692;130
201400014112;14;1;17;750;1;2;1;2;3;55;15, AVE DE LATTRE DE TAS;M;4324975;540474;130
201400014113;14;1;31;1030;1;2;1;1;5;55;33, BD DU CABOT;M;4325931;541666;130
201400014114;14;2;10;1400;1;2;1;2;6;55;230, BD PERIER;M;4327775;537550;130
201400014115;14;2;17;1415;1;2;3;1;6;55;01, BD JOURDAN;M;4333403;539097;130
201400014116;14;1;20;1410;1;2;2;1;3;55;10, BD DE LA LIBERTE;M;4330081;538164;130
201400014117;14;1;22;850;1;2;1;1;2;55;174, BD DE LA LIBERATION;M;4330225;539514;130
201400014118;14;2;10;1755;1;2;1;2;2;55;10, CRS FRANKLIN ROOSEVE;M;4329902;538644;130
201400014119;14;2;12;1850;1;2;1;1;6;55;11, CRS LIEUTAUD;M;4329495;538185;130
201400014120;14;2;11;1700;1;2;2;1;3;55;09, RUE DE LA REPUBLIQUE;M;4329692;537363;130
201400014121;14;1;29;845;1;2;1;1;6;55;VSN MIREILLE LAUZE BD;;;;130
201400014122;14;2;3;1220;1;2;1;1;6;55;BD ACHILLE MARCEL;;;;130
201400014123;14;1;12;1400;1;2;1;1;6;55;51, RUE DU DOCTEUR LEON;M;4331550;538924;130
201400014124;14;2;11;1715;1;2;1;1;6;55;35, RUE LOUIS REYBAUD;M;4329794;542560;130
201400014125;14;2;4;1315;1;2;1;1;6;55;18, BD BARRY;M;4331700;540848;130
201400014126;14;1;24;800;1;2;1;1;2;55;ns4, RUE BERTHE SYLVA;;;;130
201400014127;14;2;4;1600;1;2;3;1;1;55;24, AVE DU MERLAN;M;4333355;540739;130
201400014128;14;2;4;1930;5;2;1;1;2;55;52, BD DU CAPITAINE GEZE;M;4333082;537232;130
201400014129;14;2;12;845;1;2;1;1;6;55;49, BD FERDINAND DE LESS;M;4332170;537595;130
201400014130;14;2;12;200;1;2;1;1;2;55;274, AVE DE SAINT ANTOIN;M;4337504;535577;130