num_acc;an;mois;jour;hrmn;lum;agg;int;atm;col;com;adr;gps;lat;long;dep
201400014131;14;2;16;1615;1;2;4;1;6;55;60, AVE PROSPER MERIMEE;M;4333066;540479;130
201400014132;14;2;19;1410;1;2;1;1;6;55;26, RUE SAINTE BAUME;M;4328689;540044;130
201400014133;14;2;19;1700;1;1;1;1;6;55;06, AVE DE SAINT JULIEN;M;4330446;541479;130
201400014134;14;2;14;1215;1;2;1;1;6;55;05, AVE DE DELPHES;M;4328493;538824;130
201400014135;14;1;17;2100;5;2;1;1;2;55;1, CHE DE SAINT ANTOINE;;;;130
201400014136;14;2;22;30;5;2;1;1;1;75;26, JEAN GIONO (AVE);M;4334606;545718;130
201400014137;14;2;27;2245;5;2;2;1;1;55;76, RUE DE LODI;M;4328915;538745;130
201400014138;14;2;27;2230;5;2;1;1;2;55;32, AVE DU DOCTEUR HECKE;M;4328859;544159;130
201400014139;14;3;2;1715;1;2;1;1;2;55;487, RUE JEAN QUEILLAU;M;4333945;538652;130
201400014140;14;3;4;830;1;2;1;1;6;55;25, BD BOUES;M;4331146;538283;130
201400014141;14;1;12;1415;1;2;2;1;3;55;00, RUE CONSOLAT;M;4330064;538834;130
201400014142;14;1;24;1300;1;2;1;1;6;55;0, QAI DES BELGES;;;;130
201400014143;14;2;18;1515;1;1;1;1;6;55;01, RUE BRETEUIL;M;4329279;537478;130
201400014144;14;2;19;1610;2;2;1;1;6;55;05, BD D ATHENES;M;4329999;538072;130
201400014145;14;2;24;940;1;2;1;1;6;55;212 BIS, AVE JULES CANTI;M;4327875;539683;130
201400014146;14;2;23;1400;1;2;1;1;6;55;227, RUE DU TERRAIL;;;;130
201400014147;14;1;24;1540;1;2;2;1;6;55;53, CRS FRANKLIN ROOSEVE;M;4329890;538903;130
201400014148;14;2;22;1750;1;2;3;1;3;55;58, AVE DES CHARTREUX;M;4330463;539882;130
201400014149;14;2;27;2000;5;2;1;2;2;55;122, AVE DE LA VISTE;M;4335931;535763;130
201400014150;14;2;23;1345;1;2;3;1;3;55;69, BD FRANCOISE DUPARC;M;4330453;540085;130
201400014151;14;2;7;1410;1;2;1;1;6;55;52, BD PERIER;M;4327933;538408;130
201400014152;14;2;7;2050;5;2;1;8;6;55;283, AVE DU PRADO;M;4327321;539124;130
201400014153;14;2;14;2240;5;1;1;1;3;55;01, PCE ERNEST DELIBES;;;;130
201400014154;14;2;15;2050;5;2;1;1;6;55;45, AVE DE LA POINTE ROU;;;;130
201400014155;14;2;6;850;1;1;1;1;6;55;82, AVE DE HAMBOURG;M;4325073;538848;130
201400014156;14;1;6;1140;1;2;1;1;6;55;25, RUE PIERRE DUPRE;M;4328163;538417;130
201400014157;14;1;9;830;1;2;1;1;6;55;04, BD GASTON CREMIEUX;M;4327876;538047;130
201400014158;14;2;1;430;5;2;1;1;2;55;265 , AVE DU PRADO;M;4327394;539083;130
201400014159;14;2;6;1545;1;2;1;1;6;55;00, BD DU SABLIER;;;;130
201400014160;14;2;5;940;1;2;1;3;5;55;559, RTE A CASSIS;;;;130
201400014161;14;2;5;1650;1;2;1;1;6;55;00, BD MICHELET;;;;130
201400014162;14;2;6;1130;1;1;1;1;3;55;325, AVE DU PRADO;;;;130
201400014163;14;2;11;1700;1;2;1;1;3;55;47, AVE CLOT BEY;M;4326031;538701;130
201400014164;14;1;23;1245;1;2;1;1;6;55;02, PCE DU GENERAL FERRI;M;4327750;539891;130
201400014165;14;3;6;145;5;2;2;1;6;55;04, BD LOUIS PASTEUR;;;;130
201400014166;14;3;6;230;5;2;2;1;3;55;153, RUE SAINTE;M;4329068;536646;130
201400014167;14;1;29;1910;5;2;1;1;2;55;95, COR PRESIDENT JOHN F;M;4328877;535378;130
201400014168;14;2;22;2030;5;2;1;1;6;55;22, BD CAMILLE FLAMMARIO;M;4330415;538788;130
201400014169;14;1;25;2010;5;2;1;1;6;55;32, BD FERNAND BONNEFOY;M;4328043;540072;130
201400014170;14;2;17;1200;1;2;3;1;3;55;35, AVE ALEXANDRE DUMAS;M;4326366;538945;130
201400014171;14;2;21;2140;5;2;1;1;1;55;310, CHE DE L ARMEE D AF;M;4328588;541973;130
201400014172;14;2;25;1930;5;2;3;1;3;55;11, BD DE SAINT LOUP;M;4328166;542829;130
201400014173;14;2;26;2350;5;2;2;2;3;55;00, AVE FLORIAN;;;;130
201400014174;14;2;21;1340;1;2;1;1;6;55;63, BD JEAN MOULIN;M;4328549;539882;130
201400014175;14;3;2;1415;1;2;2;1;3;55;27, RUE PIERRE GUYS;M;4330962;543752;130
201400014176;14;2;25;1305;1;2;1;2;6;2;00, ETIENNE CUCCA-RD908;;;;130
201400014177;14;2;12;1905;5;2;3;1;3;55;00, VOI LA CANEBIERE;M;4329727;538012;130
201400014178;14;3;1;1830;1;2;1;1;2;55;00, BD FRANCOISE DUPARC;;;;130
201400014179;14;2;6;940;1;2;1;1;6;55;195, RUE LE CHATELIER;M;4334882;537540;130
201400014180;14;2;16;1345;1;2;3;1;3;55;04, AVE CLAUDE MONET;M;4332374;539313;130
201400014181;14;2;18;650;5;2;1;1;2;55;91, CHE DU MERLAN A LA R;M;4333062;541120;130
201400014182;14;2;19;1045;1;2;3;1;3;55;274, AVE DE SAINT ANTOIN;M;4337516;535581;130
201400014183;14;2;20;725;2;2;1;1;6;55;00, CV DES BESSONS;;;;130
201400014184;14;2;22;1840;5;2;1;1;6;55;00, BD CHARLES MORETTI;;;;130
201400014185;14;3;12;724;1;2;1;1;2;55;AVE FREDERIC MISTRAL;;;;130
201400014186;14;3;9;630;2;2;2;1;3;55;08, RUE DU BOSQUET;M;4329987;539967;130
201400014187;14;3;13;2245;5;2;1;1;6;55;RPT PERE WRESINKI;;;;130
201400014188;14;3;15;255;5;2;1;1;6;55;00, AVE DU CAP PINEDE RO;M;4332855;536480;130
201400014189;14;2;14;1610;1;2;3;1;3;55;32, RUE RAPHAEL PONSON;M;4326579;538741;130
201400014190;14;2;3;2130;5;2;3;2;6;55;274, CHE DU CAP JANET;M;4334017;534867;130
201400014191;14;3;17;1315;1;2;3;1;3;55;282, CHE DE LA MADRAGUE;M;4333445;535811;130
201400014192;14;3;18;910;1;2;1;1;6;55;131, AVE CLOT BEY;M;4325723;538298;130
201400014193;14;2;4;1415;1;2;1;1;6;55;04, BD DE LA REVOLUTION;M;4331299;538529;130
201400014194;14;2;21;1535;1;2;1;1;6;55;10, RUE DE JEMMAPES;M;4329973;538196;130
201400014195;14;1;14;1145;1;2;1;1;6;55;15, AVE DE MAZARGUES;M;4326943;538818;130
201400014196;14;2;20;850;1;2;1;1;6;55;150, AVE DU PRADO;M;4327938;538709;130
201400014197;14;2;6;1040;1;2;3;1;6;55;42, AVE DU VINGT QUATRE;M;4330781;542931;130
201400014198;14;2;15;1720;1;2;1;1;6;55;00, CR DE LA VALBARELLE;;;;130
201400014199;14;2;27;1430;1;2;1;1;6;55;000, CHE DU ROY D' ESPAG;;;;130
201400014200;14;2;6;920;1;2;1;1;6;55;20, BD MIREILLE JOURDAN-;M;4324485;537682;130
201400014201;14;3;7;1115;1;2;1;1;6;55;15, RUE LOUIS CONTE;M;4324836;540079;130
201400014202;14;2;19;1205;1;2;1;1;6;55;58, CRS LIEUTAUD;M;4329290;538248;130
201400014203;14;3;1;1700;1;2;2;1;3;55;26, BD CHARLES NEDELEC;;;;130
201400014204;14;3;4;2230;5;2;2;1;3;55;00, CRS PIERRE PUGET;M;4328995;537257;130
201400014205;14;2;21;2030;5;2;2;1;6;55;00, RUE DE RUFFI;M;4331430;536968;130
201400014206;14;3;6;100;5;2;1;1;6;55;146, BD DE PONT DE VIVAU;M;4328161;542503;130
201400014207;14;2;26;1110;1;2;1;2;3;55;08, BD DES TILLEULS;M;4331902;540821;130
201400014208;14;3;3;1400;1;2;1;1;2;75;95, LIBERATION (AVE DE L;M;4334178;545713;130
201400014209;14;3;2;1300;1;2;1;1;6;55;01, AVE ALFRED BLACHERE;;;;130
201400014210;14;3;19;1310;1;2;1;1;6;55;68, BD FRANCOISE DUPARC;M;4330390;540097;130
201400014211;14;1;30;1330;1;2;1;3;1;55;210, RTE LEON LACHAMP;M;4324792;545461;130
201400014212;14;1;30;1900;5;2;1;2;6;55;27, AVE DE LA POINTE ROU;M;4324803;537502;130
201400014213;14;2;11;1745;1;1;1;1;6;55;45, AVE ANDRE ZENATTI;M;4324605;539234;130
201400014214;14;3;16;630;1;2;2;1;3;55;201, BD DE SAINTE MARGUE;M;4326478;540940;130
201400014215;14;3;14;1330;1;2;1;1;4;55;90, AVE FREDERIC MISTRAL;M;4332264;545561;130
201400014216;14;2;23;1345;1;2;1;1;6;55;70, BD DE SAINTE MARGUER;M;4326838;540540;130
201400014217;14;3;5;2330;5;2;2;1;3;55;01, RUE DE CRIMEE;M;4330904;537840;130
201400014218;14;3;9;430;5;2;1;1;6;55;200, COR PRESIDENT JOHN;M;4326858;537051;130
201400014219;14;3;11;2340;5;2;1;1;2;55;168, RUE BRETEUIL;M;4328301;537879;130
201400014220;14;3;21;245;5;2;1;1;6;55;200, COR PRESIDENT JOHN;M;4326887;536901;130
201400014221;14;3;10;1345;1;2;1;1;6;55;RUE RUISSEAU MIRABEAU;;;;130
201400014222;14;3;1;2145;5;2;1;1;6;55;258, CHE DE SAINT ANTOIN;M;4337430;535572;130
201400014223;14;3;4;830;1;2;1;1;6;55;169, RUE DE LYON;M;4333065;536505;130
201400014224;14;3;5;1510;1;2;1;1;2;55;27, BD CHARLES MORETTI;M;4332609;537712;130
201400014225;14;3;7;1230;1;2;3;1;3;55;114, TRA CHARLES SUSINI;M;4333973;541378;130
201400014226;14;3;23;1140;1;2;1;1;2;55;93, AVE JEAN LOMBARD;M;4328938;543782;130
201400014227;14;3;11;1415;1;2;2;1;2;55;90, BD DES DAMES;M;4330289;536753;130
201400014228;14;2;9;510;5;2;1;1;7;55;00, RUE DES TROIS FRERES;;;;130
201400014229;14;3;2;1955;5;2;1;1;1;55;09, RUE BRANDIS;M;4328557;539495;130
201400014230;14;3;19;1530;1;2;2;1;6;55;118, CHE SAINT JEAN DU D;M;4329381;540960;130
201400014231;14;3;11;1740;1;2;1;1;6;55;06, TRA MARITIME;M;4333787;535372;130
201400014232;14;2;15;1450;1;2;3;1;6;55;02, AVE DES CHARTREUX;M;4330293;539689;130
201400014233;14;2;27;1400;1;2;1;1;6;55;02, RUE HENRI FIOCCA;M;4329773;537402;130
201400014234;14;3;4;1145;1;2;2;1;3;55;20, BD EUGENE PIERRE;M;4329770;539053;130
201400014235;14;3;5;1430;1;2;2;1;6;55;16, RUE JOEL RECHER;M;4328771;536241;130
201400014236;14;3;16;750;1;2;1;1;6;55;110, BD DE PARIS;M;4331018;537004;130
201400014237;14;2;20;2030;5;2;1;1;6;55;59, AVE DE SAINT JUST;M;4331688;540468;130
201400014238;14;3;9;150;5;2;3;1;6;55;73, BD EUGENE PIERRE;M;4329573;539075;130
201400014239;14;3;14;1930;5;2;1;1;6;55;110, CHE DE LA MADRAGUE;;;;130
201400014240;14;3;13;2000;5;2;1;1;4;55;248, AVE ROGER SALENGRO;M;4332124;536760;130
201400014241;14;2;20;1805;2;2;1;1;6;2;992, 7EME TIRAILLEURS AL;;;;130
201400014242;14;3;8;1930;2;2;3;1;5;55;01, AVE DE SAINT LOUIS;M;4334267;535965;130
201400014243;14;3;19;845;1;2;1;1;6;55;05, QAI DE LA JOLIETTE;M;4330381;536497;130
201400014244;14;3;16;520;5;2;1;1;6;55;19, BD DE LA BARASSE RN;M;4328626;547560;130
201400014245;14;3;10;1320;1;2;1;1;6;55;31, BD VOLTAIRE;;;;130
201400014246;14;2;27;815;1;2;1;1;6;55;71, AVE DES CHARTREUX;M;4330571;539942;130
201400014247;14;1;16;800;1;2;3;1;3;55;0, RUE SAINT PIERRE;M;4329162;540599;130
201400014248;14;2;7;1610;1;2;2;1;3;55;00, BD CHAVE;M;4329586;540040;130
201400014249;14;3;13;1350;1;2;1;7;4;55;242, AVE DES CAILLOLS;M;4330226;544396;130
201400014250;14;2;22;1440;1;2;1;1;6;55;30, BD JEAN MOULIN;M;4329003;539985;130
201400014251;14;3;12;1940;5;2;1;1;2;55;233, BD BAILLE;M;4329004;539984;130
201400014252;14;3;13;1515;1;2;3;1;6;55;02, AVE DE PROVENCE;M;4331083;542186;130
201400014253;14;3;12;1145;1;2;1;1;6;55;46, BD DE LA CARTONNERIE;M;4329126;546165;130
201400014254;14;1;28;1500;1;2;1;1;6;55;2373, AVE DES OLIVES;;;;130
201400014255;14;2;4;1210;1;2;1;1;6;55;00, RUE MIRES;;;;130
201400014256;14;3;11;1600;1;2;1;1;6;55;53, RUE DE LA REPUBLIQUE;M;4330050;537061;130
201400014257;14;3;11;2105;5;2;1;1;6;55;248, CHE DE LA MADRAGUE;M;4333265;535883;130
201400014258;14;1;22;810;1;2;2;1;3;55;103, RUE PARADIS;M;4328922;537858;130
201400014259;14;3;9;2200;5;2;1;1;6;55;317 BIS, COR PRESIDENT J;;;;130
201400014260;14;3;10;2220;5;2;2;1;3;55;213, BD CHAVE;M;4329584;540015;130
201400014261;14;2;25;1355;1;2;1;2;6;55;12, RTE DE LA SABLIERE;;;;130
201400014262;14;3;4;1100;1;2;1;1;2;55;01, PCE DU 10 JUIN 1944;;;;130
201400014263;14;1;21;1715;1;2;1;1;5;55;01, BD DE VINTIMILLE;M;4331997;536742;130
201400014264;14;3;1;1130;1;2;1;1;5;55;388, BD MICHELET;M;4325485;540103;130
201400014265;14;3;11;1240;1;2;1;1;6;55;PIERRE CHEVALIER (RUE);;;;130
201400014266;14;1;30;805;2;2;1;1;6;55;81, AVE DU MERLAN;M;4333871;540767;130
201400014267;14;2;17;655;2;2;1;1;1;106;24, 8 MAI 1945 (AVENUE D;M;4339067;536297;130
201400014268;14;2;20;1420;1;1;1;1;6;55;00, RUE ENRICO FERMI;;;;130
201400014269;14;3;18;1745;1;2;1;1;6;55;100, CHE DE SAINTE MARTH;M;4332342;538929;130
201400014270;14;3;15;2020;5;2;1;1;2;55;178, BD RABATAU;;;;130
201400014271;14;2;6;1810;2;2;1;1;6;55;06, BD CAMILLE FLAMMARIO;M;4330364;538630;130
201400014272;14;3;3;700;2;2;1;3;6;55;46, RUE CESAR ALEMAN;M;4329010;535624;130
201400014273;14;3;9;2045;5;2;1;1;6;55;00, BD JEAN MOULIN;;;;130
201400014274;14;3;16;2325;5;2;1;1;6;55;19, RUE HENRI BARBUSSE;M;4329831;537405;130
201400014275;14;2;27;1900;5;2;3;2;6;55;48, AVE DE MAZARGUES;M;4326859;538871;130
201400014276;14;3;2;1910;5;1;1;1;6;55;273, RUE PIERRE DOIZE;M;4327116;542576;130
201400014277;14;3;7;705;2;2;1;1;6;55;163, AVE DE LUMINY;M;4323420;543605;130
201400014278;14;3;15;1220;1;2;1;1;6;55;42, AVE SAINT PAUL;M;4332689;540808;130
201400014279;14;1;3;1340;1;2;2;1;3;55;490, AVE DU PRADO;M;4326638;538140;130
201400014280;14;3;26;1600;1;2;1;2;1;55;46, PRO DU GRAND LARGE;M;4323844;536237;130
201400014281;14;3;22;1900;5;2;1;2;6;55;260, BD NATIONAL;M;4331120;537806;130
201400014282;14;3;20;800;1;2;1;1;6;55;03, BD DU MARECHAL JUIN;;;;130
201400014283;14;3;13;1840;2;2;1;1;6;55;01, ALL MANUEL DE FALLA;;;;130
201400014284;14;3;14;1450;1;2;1;1;1;55;28, BD DU CABOT;M;4326012;541588;130
201400014285;14;3;14;1800;1;2;1;1;6;55;87, RUE AUGUSTIN AUBERT;M;4326509;540372;130
201400014286;14;3;20;1130;1;2;1;1;6;55;08, RUE RAYMOND TEISSEIR;M;4327315;539903;130
201400014287;14;3;19;1825;1;2;1;1;6;55;89, BD PINATEL;M;4331526;544446;130
201400014288;14;3;16;1254;1;2;1;1;2;55;RPT JANE CASTINEL;M;4331695;543684;130
201400014289;14;3;17;1245;1;2;1;1;6;55;01, RTE DE LA SABLIERE;;;;130
201400014290;14;1;18;1135;1;2;1;1;6;55;41, AVE FRANCOIS MIGNET;M;4333079;542773;130
201400014291;14;3;3;920;1;2;1;8;6;55;61, BD DE PLOMBIERES;M;4331583;538484;130
201400014292;14;2;18;1600;1;2;1;1;2;106;09, Z.A.C. HAUTE B?DOULE;;;;130
201400014293;14;3;27;1155;1;2;1;1;6;55;27, BD FRANCOISE DUPARC;M;4330163;540056;130
201400014294;14;3;23;1240;1;2;1;1;6;55;70, AVE DE HAMBOURG;M;4325119;538789;130
201400014295;14;4;1;1750;1;2;1;1;6;55;00, RUE AVIATEUR LE BRIX;;;;130
201400014296;14;4;4;1325;1;2;3;1;6;55;000, BD CHAVE;M;4329519;539081;130
201400014297;14;1;11;1145;1;2;1;1;6;55;14, RUE DES TROIS FRERES;;;;130
201400014298;14;4;4;1310;1;2;2;1;3;55;41, RUE DES BONS ENFANTS;M;4329088;538830;130
201400014299;14;4;5;2215;4;2;1;1;6;55;35, PRO GEORGES POMPIDOU;M;4326516;537353;130
201400014300;14;4;7;245;5;2;1;1;7;55;142, RUE DU COMMANDANT R;M;4326812;537913;130
201400014301;14;4;6;1920;1;2;1;1;6;55;57, MTE DE SAINT MENET;M;4329417;549223;130
201400014302;14;3;7;1200;1;2;1;2;6;55;01, RUE DU DOCTEUR LEON;M;4331321;538627;130
201400014303;14;4;7;2310;5;2;3;1;3;55;00, AVE DU MERLAN;M;4333195;540658;130
201400014304;14;3;28;740;2;2;1;1;6;55;00, BD RABATAU;;;;130
201400014305;14;2;7;830;1;2;1;3;1;55;04, AVE LUDOVIC LEGRE;;;;130
201400014306;14;3;6;1330;1;2;1;1;6;55;327, BD MICHELET;M;4325797;539979;130
201400014307;14;3;24;1900;2;2;1;1;6;55;32, AVE CESAR BOY;M;4329629;548280;130
201400014308;14;3;25;1300;1;2;1;1;6;55;28, BD DU CABOT;M;4326016;541585;130
201400014309;14;3;12;1240;1;2;6;1;2;55;23, BD AMPERE;;;;130
201400014310;14;3;4;930;1;2;1;1;1;55;01, AVE CAMILLE PELLETAN;M;4330189;537440;130
201400014311;14;2;23;1030;1;2;2;1;3;55;00, AVE SALVADOR ALLENDE;M;4333019;540976;130
201400014312;14;3;18;800;1;2;1;1;6;55;853, AVE ROGER SALENGRO;;;;130
201400014313;14;2;19;1505;1;2;1;1;1;55;00, RUE ANDRE CHAMSON;;;;130
201400014314;14;2;20;800;1;2;1;1;6;55;03 bis, RUE D HOZIER;M;4330475;536971;130
201400014315;14;3;11;2030;5;2;2;1;5;55;95, BD HENRI FABRE;;;;130
201400014316;14;3;21;1815;1;2;1;1;6;55;BD ACHILLE MARCEL;;;;130
201400014317;14;4;8;1150;1;2;3;1;6;55;93, CHE DE SAINT JOSEPH;M;4334360;538536;130
201400014318;14;4;7;705;2;2;1;1;6;55;10, BD LAVERAN;M;4332512;541473;130
201400014319;14;2;26;410;5;2;2;1;3;55;01, AVE DU VINGT QUATRE;M;4330768;542536;130
201400014320;14;3;9;215;5;2;1;1;3;55;00, RUE PIERRE DOIZE;;;;130
201400014321;14;3;21;1830;1;2;1;1;2;55;39-41, BD VINCENT DELPUE;M;4328290;539196;130
201400014322;14;3;18;1230;1;2;1;1;6;55;38, BD FERDINAND DE LESS;M;4332060;537380;130
201400014323;14;3;10;1735;1;2;1;1;6;55;425, BD ROMAIN ROLLAND;;;;130
201400014324;14;3;19;1105;1;2;3;1;5;75;136, LIBERATION (AVE DE;M;4334345;545809;130
201400014325;14;3;21;1400;1;2;6;1;6;2;272, MARCEL JULIEN (AVEN;M;4335708;548814;130
201400014326;14;4;9;30;5;2;1;1;6;55;18, BD CHARLES MORETTI;M;4332603;537730;130
201400014327;14;2;13;815;1;2;1;1;6;75;0, MARECHAL JUIN (AVE DU;;;;130
201400014328;14;2;8;504;5;2;2;1;3;55;00, RUE JEAN MARTIN;M;4329341;540309;130
201400014329;14;3;13;1300;1;2;1;1;6;55;395, RUE PARADIS;M;4327548;538434;130
201400014330;14;3;15;1840;2;1;1;6;1;55;01, RTE LEON LACHAMP;M;4324499;542801;130
201400014331;14;1;30;945;1;2;1;1;6;55;23, RUE PIERRE DOIZE;M;4328114;542961;130
201400014332;14;2;9;1600;1;1;1;1;6;55;20, BD SCHLOESING;M;4327479;539974;130
201400014333;14;2;26;1620;1;2;1;1;6;55;17, PRO GEORGES POMPIDOU;M;4326682;537256;130
201400014334;14;4;9;1710;1;2;1;1;5;55;52, BD DU CAPITAINE GEZE;M;4333081;537232;130
201400014335;14;4;9;2130;5;2;2;1;3;55;135, RUE DE LYON;M;4332922;536555;130
201400014336;14;3;28;1710;1;2;1;1;6;55;33, CRS LIEUTAUD;;;;130
201400014337;14;3;28;1110;1;2;1;1;6;55;20, BD BAILLE;M;4328669;538653;130
201400014338;14;4;9;1745;1;2;1;1;6;55;33, AVE RAIMU;;;;130
201400014339;14;3;14;715;2;2;1;1;2;55;00, BD DE PLOMBIERES AER;;;;130
201400014340;14;3;14;1715;1;2;1;1;6;55;112, AVE CAMILLE PELLETA;M;4330836;537410;130
201400014341;14;3;21;920;1;2;1;1;2;55;05, RUE DE LYON;M;4332297;536771;130
201400014342;14;3;16;1700;1;2;2;1;3;55;01, PCE ERNEST DELIBES;M;4327908;538286;130
201400014343;14;3;26;1330;1;2;6;1;6;55;00, RPT LOUIS MATHIEU VE;;;;130
201400014344;14;3;5;1330;1;2;1;1;2;55;62, AVE DU MERLAN;M;4333773;540751;130
201400014345;14;3;6;1330;1;2;1;1;6;55;62, PGE DE L' ESTAQUE;;;;130
201400014346;14;3;26;1450;1;2;1;2;6;55;10, TRA DU PRIEUR;M;4334250;535991;130
201400014347;14;3;24;1815;1;2;1;1;6;75;18, JEAN GIONO (AVE);M;4334485;545824;130
201400014348;14;4;10;2055;2;2;1;1;6;55;01, PCE PAUL RICARD;M;4328442;534970;130
201400014349;14;4;12;1630;1;2;1;1;6;55;54, BD PAUL PEYTRAL;M;4329013;537821;130
201400014350;14;3;28;2030;5;2;2;1;3;75;18 BIS, JEAN GIONO (AVE);M;4334500;0;130
201400014351;14;3;25;1415;1;2;1;1;2;55;CHE DE SAINT JOSEPH A SA;;;;130
201400014352;14;2;19;1130;1;2;1;1;6;55;121, AVE DU VINGT QUATRE;M;4330816;543532;130
201400014353;14;4;14;925;1;2;3;1;6;55;01, AVE ALEXANDRE ANSALD;M;4333236;540404;130
201400014354;14;3;14;1030;1;2;3;1;3;55;0, BD HILARION BOEUF;M;4328982;540719;130
201400014355;14;3;11;2200;5;2;1;1;6;55;293, BD ROMAIN ROLLAND;M;4327268;541159;130
201400014356;14;3;22;2100;5;2;1;1;6;55;02, RUE AGUILLON;M;4326585;541170;130
201400014357;14;4;1;835;1;2;1;1;6;55;90, AVE DE MAZARGUES;M;4326722;538952;130
201400014358;14;3;28;1430;1;2;1;1;6;55;05, RUE CALLELONGUE;;;;130
201400014359;14;3;28;1800;1;2;1;1;6;55;10, CR DE LA VALBARELLE;;;;130
201400014360;14;1;27;1320;1;2;3;1;2;55;00, AVE DES TROIS LUCS;M;4329780;548273;130
201400014361;14;3;15;1750;1;2;1;1;1;55;40, AVE DES BORROMEES;M;4330055;543435;130
201400014362;14;3;25;920;1;2;1;1;2;55;51, BD DU CAPITAINE GEZE;M;4333118;537367;130
201400014363;14;3;26;1715;1;2;1;1;6;55;44, BD DU CAPITAINE GEZE;M;4333058;537136;130
201400014364;14;3;3;930;1;2;1;1;2;55;37, AVE DE FRAIS VALLON;M;4332462;542445;130
201400014365;14;3;10;930;1;2;1;1;2;55;00, AVE ESCADRILLE NORMA;;;;130
201400014366;14;3;21;1715;1;2;1;1;6;55;00, BD SCHLOESING;;;;130
201400014367;14;3;12;1100;1;2;1;2;2;55;59, AVE DE LA CROIX ROUG;M;4333201;543428;130
201400014368;14;3;27;1930;5;2;1;1;2;55;15, BD GUEY;M;4330410;542249;130
201400014369;14;3;25;2020;5;1;1;1;6;55;146, AVE DES OLIVES;M;4332639;543864;130
201400014370;14;3;25;1950;5;2;1;2;6;55;01, RUE DES DOCKS;;;;130
201400014371;14;3;27;1215;1;2;3;1;6;55;01, RUE CENTRALE;;;;130
201400014372;14;3;26;1815;1;2;1;2;1;2;ETIENNE CUCCA-RD908 (AVE;;;;130
201400014373;14;4;2;1510;1;2;1;1;6;2;459, ETIENNE CUCCA-RD908;;;;130
201400014374;14;1;30;1330;1;2;1;2;6;55;222, CHE DU ROUCAS BLANC;M;4328064;536874;130
201400014375;14;3;5;1020;1;2;1;1;6;55;147, CRS LIEUTAUD;M;4328724;538506;130
201400014376;14;3;15;1330;1;2;1;1;6;55;21, RUE NATIONALE;M;4329955;537743;130
201400014377;14;3;26;245;5;2;1;1;6;55;BD CHARLES LIVON;;;;130
201400014378;14;3;27;1520;1;2;1;1;6;55;100, CRS LIEUTAUD;M;4329115;538305;130
201400014379;14;3;28;800;1;2;2;1;3;55;00, CRS GOUFFE;M;4328607;538700;130
201400014380;14;3;31;755;1;2;2;1;3;55;60, RUE DES BONS ENFANTS;M;4328996;538834;130
201400014381;14;3;31;1330;1;2;1;1;6;55;00, QAI DES BELGES;;;;130
201400014382;14;3;28;1500;1;2;1;1;6;55;27, BD MIRABEAU;M;4331381;536811;130
201400014383;14;3;21;1410;1;2;1;1;3;55;00, BD RABATAU DANIEL MA;;;;130
201400014384;14;3;25;1445;1;2;1;1;4;55;51, AVE FRANCOIS MIGNET;M;4333181;542878;130
201400014385;14;4;4;1510;1;2;1;8;6;55;66, CHE DE SAINTE MARTHE;M;4332122;538985;130
201400014386;14;3;31;1300;1;2;1;1;6;55;00, RUE LE PELLETIER;;;;130
201400014387;14;3;19;1810;1;2;1;1;6;55;00, AVE DU CAP PINEDE RO;;;;130
201400014388;14;4;2;1125;1;2;1;1;2;55;08, BD LOUIS VILLECROZE;M;4331780;539056;130
201400014389;14;4;12;2240;5;2;3;1;3;55;179, BD NATIONAL;M;4330887;538059;130
201400014390;14;4;1;930;1;2;1;1;6;55;145, BD BAILLE;M;4328877;539430;130
201400014391;14;4;5;1650;1;2;1;1;6;55;05, RUE HENRI BARBUSSE;M;4329723;537409;130
201400014392;14;4;5;1425;1;1;7;1;3;55;01, RPT DE MAZARGUES;M;4325060;540378;130
201400014393;14;4;2;1910;1;2;1;1;6;55;26, BD FERNAND BONNEFOY;M;4328081;540123;130
201400014394;14;4;4;935;1;2;1;1;6;55;01, BD DE LA POMME;M;4329093;544188;130
201400014395;14;4;10;1345;1;2;1;1;6;55;88, IMP DE LA FARANDOLE;M;4332685;542307;130
201400014396;14;4;11;2230;5;2;1;1;6;55;00, RPT PIERRE PARAF;;;;130
201400014397;14;3;27;1600;1;2;3;1;6;2;41, VALLON VERT (AVENUE;M;4333599;545549;130
201400014398;14;3;28;1820;1;2;1;1;2;75;126, LIBERATION (AVE DE;M;4334265;545750;130
201400014399;14;4;8;1700;1;2;1;1;6;2;52, ENCO DE BOTTE (ROUTE;;;;130
201400014400;14;4;2;745;1;2;1;1;6;55;140, BD HENRI BARNIER;M;4337077;534697;130
201400014401;14;4;2;1630;1;2;2;1;3;55;34, BD DU CAPITAINE GEZE;M;4333027;537008;130
201400014402;14;4;6;850;1;2;1;1;6;55;00, AVE JEAN PAUL SARTRE;;;;130
201400014403;14;4;15;1720;1;2;1;1;6;55;127, CHE DU MERLAN A LA;M;4333079;540757;130