num_acc;an;mois;jour;hrmn;lum;agg;int;atm;col;com;adr;gps;lat;long;dep
201400014404;14;3;2;1540;1;2;1;1;6;55;186, BD DE PARIS;M;4331343;536814;130
201400014405;14;3;8;1830;2;2;1;1;2;55;00, RUE CAPITAINE DESSEM;;;;130
201400014406;14;4;2;1330;1;2;2;1;3;55;22, RUE DECAZES;M;4328781;535966;130
201400014407;14;4;7;1610;1;2;1;1;6;55;16, RUE BRETEUIL;M;4329198;537512;130
201400014408;14;3;31;1915;1;2;1;1;6;55;35, AVE DU DOCTEUR HECKE;;;;130
201400014409;14;4;3;1345;1;2;2;1;3;55;47, TRA MARCEL MARIDET;M;4330940;542279;130
201400014410;14;4;16;1450;1;2;1;1;6;55;22, BD GUSTAVE GANAY;M;4326612;540079;130
201400014411;14;2;5;750;1;2;1;1;6;55;18, BD CHAVE;M;4329500;538820;130
201400014412;14;3;14;1620;1;2;1;1;1;55;76, BD DE LA CORDERIE;M;4329026;536897;130
201400014413;14;4;9;1500;1;2;1;1;2;55;03, BD DE STRASBOURG;M;4330658;537446;130
201400014414;14;4;4;730;1;2;1;1;6;55;15, RUE BELLE OMBRE;M;4326853;540913;130
201400014415;14;3;27;2000;5;2;1;1;6;55;130, BD DE SAINTE MARGUE;M;4326719;540795;130
201400014416;14;4;9;2300;5;2;1;1;1;55;256, AVE DE MAZARGUES;M;4326273;539306;130
201400014417;14;3;18;1350;1;2;1;1;6;55;AVE FLORIAN;;;;130
201400014418;14;4;1;1755;1;2;1;1;6;55;84, BD DE LA MEDITERRANE;M;4333264;535980;130
201400014419;14;4;7;1715;1;2;1;1;6;55;283, ANC CHE CHATEAU GOM;;;;130
201400014420;14;4;18;1315;1;2;2;1;2;55;00, RUE PARADIS;M;4328863;537882;130
201400014421;14;4;18;8;5;2;2;1;3;55;03, AVE DE LA CORSE;M;4328985;536630;130
201400014422;14;4;6;2150;5;2;3;1;6;55;00, AVE DE MAZARGUES;M;4325338;539457;130
201400014423;14;3;20;1730;1;2;1;1;6;55;21, AVE COLGATE;M;4323426;540928;130
201400014424;14;4;4;1800;1;2;1;1;6;55;494, AVE DU PRADO;M;4326648;538153;130
201400014425;14;4;4;2245;5;2;1;1;6;55;313, BD ROMAIN ROLLAND;M;4327199;541031;130
201400014426;14;4;4;1340;1;2;3;1;3;55;68, AVE VINCENT ANDREU;M;4328600;545163;130
201400014427;14;3;30;1500;1;2;1;1;6;55;01, CHE DE SAINT ANTOINE;M;4321333;562658;130
201400014428;14;4;5;1340;1;2;1;1;6;55;78, RUE CLOVIS HUGUES;M;4331114;538450;130
201400014429;14;4;19;2015;2;2;1;1;6;75;26, L'ENJOLRAS (AVE DE);;;;130
201400014430;14;2;25;1700;1;2;1;1;6;55;200, AVE DE MAZARGUES;M;4326462;539169;130
201400014431;14;4;3;1600;1;2;3;1;6;55;424, BD MICHELET;M;4325300;540206;130
201400014432;14;4;1;1320;1;2;1;1;6;55;58, RUE DU ROUET;M;4328323;538695;130
201400014433;14;4;8;1050;1;2;1;1;6;55;550, RUE PARADIS;M;4327084;538633;130
201400014434;14;4;14;1430;1;2;1;1;2;55;274, AVE DES POILUS;M;4332089;545812;130
201400014435;14;4;15;800;1;2;1;1;6;55;273, AVE DE LA CAPELETTE;M;4327912;541236;130
201400014436;14;4;16;1900;1;2;1;1;6;55;573, RUE SAINT PIERRE;M;4329141;542245;130
201400014437;14;4;9;1145;1;2;3;1;3;55;00, RUE ALPHONSE DAUDET;M;4332061;540997;130
201400014438;14;1;8;2220;5;2;3;1;6;55;00, CHE DE GIBBES;M;4332047;538053;130
201400014439;14;4;25;650;1;2;1;1;6;55;01, RUE DE MONDOVI;M;4328595;538554;130
201400014440;14;4;25;5;5;2;1;1;6;55;00, BD HENRI BARNIER;;;;130
201400014441;14;4;19;1600;1;1;1;1;1;2;000, ETIENNE CUCCA-RD908;;;;130
201400014442;14;2;6;1530;1;2;1;1;6;55;00, RUE SAINT SAVOURNIN;;;;130
201400014443;14;4;15;1030;1;2;1;1;6;55;218, AVE DE CHATEAU GOMB;;;;130
201400014444;14;4;11;915;1;2;1;1;6;55;03, CRS JEAN BALLARD;M;4329363;537439;130
201400014445;14;4;12;1415;1;2;1;1;6;55;20, AVE JEAN LOMBARD;M;4328913;542770;130
201400014446;14;4;15;1400;1;2;2;1;3;55;05, PCE EDMOND AUDRAN;M;4330972;540154;130
201400014447;14;4;9;1930;2;2;1;1;1;55;24, RUE D ANTHOINE;M;4331613;536718;130
201400014448;14;4;8;1230;1;2;1;1;1;55;49, BD PERIER;M;4327932;538409;130
201400014449;14;4;9;1145;1;2;3;1;3;55;260, RTE DES TROIS LUCS;M;4329874;548122;130
201400014450;14;4;14;1845;1;2;1;1;6;55;08, ALL TURCAT MERY;;;;130
201400014451;14;2;3;820;1;2;1;1;1;55;182, BD PERIER;M;4327878;537735;130
201400014452;14;4;1;1930;1;2;1;1;6;55;222, BD RABATAU DANIEL M;M;4328301;539954;130
201400014453;14;4;5;400;5;2;1;1;6;55;387, AVE DU PRADO;M;4326874;538580;130
201400014454;14;4;3;2050;5;2;1;1;6;55;05, AVE PIERRE MENDES FR;;;;130
201400014455;14;4;4;700;2;2;3;1;5;55;62, AVE DU MERLAN;M;4333717;540871;130
201400014456;14;4;7;1720;1;2;1;1;6;55;01, RUE LOUIS LEPRINCE R;;;;130
201400014457;14;3;13;1510;1;2;1;1;6;55;70, VOI LA CANEBIERE;M;4329765;538119;130
201400014458;14;3;27;1245;1;2;1;1;2;55;60, RUE MARX DORMOY;M;4329963;539716;130
201400014459;14;4;10;1715;1;2;2;1;6;55;17, RUE D' ORANGE;M;4331279;538635;130
201400014460;14;4;16;800;1;2;1;1;6;55;30, TRA DE LA MONJARDE;M;4336109;532849;130
201400014461;14;4;16;1430;1;2;1;1;6;55;31, RUE PLUMIER;M;4330417;536802;130
201400014462;14;3;21;1800;1;2;1;1;6;55;01, RUE PARADIS;M;4329571;537578;130
201400014463;14;4;19;1850;1;2;1;1;6;55;86, CR DE LA VALBARELLE;;;;130
201400014464;14;4;15;1954;1;2;1;1;6;55;100, RUE DE L AUDIENCE;M;4329560;548794;130
201400014465;14;3;31;835;1;2;1;1;6;2;890, JEAN GIONO (AVENUE);;;;130
201400014466;14;4;10;1915;1;2;3;1;2;55;171, BD RABATAU DANIEL M;M;4328109;539943;130
201400014467;14;2;6;2020;5;2;1;1;6;55;66, RUE JEAN MARTIN;M;4329218;540364;130
201400014468;14;4;1;1430;1;2;1;1;6;55;32, AVE DES CHARTREUX;M;4330407;539828;130
201400014469;14;4;3;2100;5;2;1;1;2;55;138, BD BAILLE;M;4328820;539237;130
201400014470;14;4;7;2020;2;2;1;1;6;55;01, RUE VITALIS;M;4329215;539264;130
201400014471;14;4;15;1410;1;2;1;1;6;55;129, BD DE LA LIBERATION;M;4330107;539124;130
201400014472;14;4;10;845;1;2;2;1;6;55;30, VSN MICHELET CONTRE;;;;130
201400014473;14;1;9;1700;2;2;1;1;1;55;68, BD DE LA VALBARELLE;M;4328697;544583;130
201400014474;14;1;29;1030;1;2;1;3;2;55;81, AVE DE MONTOLIVET;M;4330938;540567;130
201400014475;14;4;2;1940;1;2;2;1;3;55;31, BD HENRI FABRE;M;4330766;541611;130
201400014476;14;4;3;1615;1;2;1;1;2;55;20, TRA DE LA MONTRE;;;;130
201400014477;14;4;6;1210;1;2;1;1;6;55;87, BD DES FAUVETTES;M;4331689;543865;130
201400014478;14;3;30;1200;1;2;1;1;6;55;48, BD DE SAINT MARCEL;M;4328873;545835;130
201400014479;14;4;28;1600;1;2;1;1;6;55;00, AVE ELLEON;;;;130
201400014480;14;2;5;345;5;2;1;2;6;55;56, BD ROMAIN ROLLAND;M;4327958;542358;130
201400014481;14;1;12;535;5;2;1;1;6;55;RUE LOUIS REGIS;;;;130
201400014482;14;4;5;1515;1;2;3;1;6;55;75, RUE CAPITAINE DESSEM;M;4328917;535459;130
201400014483;14;4;7;1115;1;2;2;1;3;55;107, RUE HORACE BERTIN;M;4329590;539362;130
201400014484;14;4;17;800;1;2;1;1;6;55;171B, CHE DE LA MADRAGUE;M;4332828;535949;130
201400014485;14;4;19;2105;5;2;1;1;6;55;347, RUE PARADIS;M;4327805;538329;130
201400014486;14;3;31;900;1;2;1;1;2;55;361, BD DU REDON;M;4324521;542695;130
201400014487;14;4;17;840;1;2;1;1;6;55;01, RPT MARIE-MADELEINE;;;;130
201400014488;14;4;17;1730;1;2;1;1;6;55;15, RUE JEAN TRINQUET;M;4330087;537108;130
201400014489;14;4;18;1200;1;2;1;1;6;55;09, AVE ALEXANDRE FLEMIN;M;4331610;540062;130
201400014490;14;4;18;1430;1;2;1;1;6;55;110, CHE DE LA MADRAGUE;M;4332449;536237;130
201400014491;14;2;13;1615;1;2;2;1;3;55;00, RUE DU PROGRES;M;4329637;539151;130
201400014492;14;2;21;1810;1;2;3;1;3;55;190, CHE DU VALLON DE L';M;4327755;536205;130
201400014493;14;4;15;750;1;2;2;1;3;55;22, CRS PIERRE PUGET;M;4329042;537578;130
201400014494;14;4;15;1100;1;2;3;1;6;55;000, BD FRANCOISE DUPARC;M;4330291;540059;130
201400014495;14;2;21;1100;1;2;1;1;6;55;000, CHE DE LA COLLINE S;;;;130
201400014496;14;4;9;830;1;2;1;1;6;55;18, AVE ROBERT SCHUMAN;M;4330095;536598;130
201400014497;14;4;10;1200;1;2;4;1;6;55;00, CHE DE LA MADRAGUE V;M;4334093;535167;130
201400014498;14;4;18;1600;1;2;1;1;2;55;138, CHE DE CHATEAU GOMB;M;4334244;542025;130
201400014499;14;4;22;1830;1;2;1;1;1;55;00, AVE DE LA ROSE;;;;130
201400014500;14;5;4;630;2;2;1;1;6;55;188, BD DE LA MILLIERE;M;4328298;550463;130
201400014501;14;5;4;2100;5;2;1;1;6;55;BD DE PLOMBIERES;;;;130
201400014502;14;5;4;540;5;2;2;1;3;55;00, AVE DU GENERAL LECLE;M;4330411;537793;130
201400014503;14;4;6;1500;1;2;1;1;2;55;00, RUE DE LA BUSSERINE;;;;130
201400014504;14;4;11;1515;1;2;1;1;6;55;000, RUE BONNETERIE;;;;130
201400014505;14;4;22;1305;1;2;1;8;2;55;17, BD DE PLOMBIERES;M;4331505;538730;130
201400014506;14;3;25;1415;1;2;1;1;6;55;37, AVE BELLE VUE;M;4331554;538046;130
201400014507;14;3;15;1135;1;2;1;1;6;55;385, RUE PARADIS;M;4327602;538414;130
201400014508;14;4;9;830;1;2;1;1;6;55;314, RPT DU PRADO;;;;130
201400014509;14;4;12;1550;1;2;1;1;2;55;214, AVE DE LA CAPELETTE;M;4327963;541056;130
201400014510;14;4;29;930;1;2;6;1;6;55;117, TRA DE LA MONTRE;;;;130
201400014511;14;4;2;1430;1;2;1;1;6;55;00, RUE DE LA REPUBLIQUE;;;;130
201400014512;14;4;25;2050;2;2;1;1;1;55;50, RUE CHARLES KADDOUZ;M;4331038;542742;130
201400014513;14;4;13;1120;1;2;1;1;6;55;RUE LE CHATELIER;;;;130
201400014514;14;4;25;1300;1;2;6;2;2;55;00, RUE DE LA REPUBLIQUE;M;4329952;537148;130
201400014515;14;4;16;1815;1;2;1;1;6;55;00, BD DES FABRES;;;;130
201400014516;14;4;26;30;5;2;3;1;6;55;00, PIERRE CHEVALIER (RU;M;4329487;541753;130
201400014517;14;4;6;1300;1;2;1;1;6;55;41, AVE DE HAMBOURG;M;4325279;538569;130
201400014518;14;4;7;800;1;2;1;1;6;55;162, AVE DE LATTRE DE TA;;;;130
201400014519;14;4;16;715;1;2;1;1;6;55;279, AVE DU PRADO;M;4327339;539114;130
201400014520;14;4;26;2030;5;2;1;2;6;55;00, PRO GEORGES POMPIDOU;;;;130
201400014521;14;4;27;2130;5;2;1;1;6;55;112, AVE JULES CANTINI;M;4328117;539239;130
201400014522;14;4;29;1350;1;1;2;1;3;55;238, RTE DES TROIS LUCS;;;;130
201400014523;14;4;4;610;5;2;1;2;6;55;187, AVE DE MONTOLIVET;M;4331257;541180;130
201400014524;14;4;22;1700;1;2;1;1;6;55;310, CHE DE L ARMEE D AF;;;;130
201400014525;14;4;22;2010;1;2;1;3;6;55;101, PIERRE CHEVALIER (R;;;;130
201400014526;14;4;25;1320;1;2;1;2;1;55;01, BD JEAN EUGENE CABAS;;;;130
201400014527;14;4;5;1830;1;2;1;1;6;55;64, BD NATIONAL;M;4330537;538418;130
201400014528;14;3;28;830;1;2;1;1;6;55;202, AVE DES CHARTREUX;M;4331151;540110;130
201400014529;14;4;14;1600;1;2;1;1;6;55;31, AVE DE LA MADRAGUE D;M;4323744;536370;130
201400014530;14;4;15;930;1;2;1;1;2;55;RUE DE LA BOISERAIE;;;;130
201400014531;14;4;22;615;2;2;1;1;6;55;43, BD RABATAU;M;4327453;539449;130
201400014532;14;4;14;1340;1;2;1;1;7;55;178, AVE DES POILUS;M;4332089;545812;130
201400014533;14;4;15;1220;1;2;1;1;6;55;96, RUE SAINT PIERRE;M;4329228;539223;130
201400014534;14;4;23;1645;1;2;1;1;6;55;285, COR PRESIDENT JOHN;M;4327714;535695;130
201400014535;14;4;10;715;1;2;3;1;3;55;341, AVE DE CHATEAU GOMB;M;4335121;543296;130
201400014536;14;4;24;1300;1;2;1;1;2;55;274, AVE DES POILUS;M;4331641;545991;130
201400014537;14;4;24;1800;1;2;3;1;6;55;01, CHE DE SAINTE MARTHE;M;4331820;539029;130
201400014538;14;4;28;840;1;2;1;1;6;55;69, AVE DE LA CAPELETTE;M;4328271;540238;130
201400014539;14;4;29;2300;5;2;3;1;6;55;149, AVE DU PRADO;M;4327886;538805;130
201400014540;14;3;28;1550;1;2;1;1;6;55;176, RUE PIERRE DOIZE;M;4327366;542722;130
201400014541;14;5;13;1730;1;2;1;1;6;55;40, RPT ANDRE ROUSSIN CO;;;;130
201400014542;14;5;14;1730;1;2;1;1;6;55;AVE JEAN PAUL SARTRE;;;;130
201400014543;14;5;14;2030;2;2;1;1;6;55;42, QAI DE RIVE NEUVE;M;4329244;536677;130
201400014544;14;3;31;1900;1;2;2;1;3;55;01, PCE SEBASTOPOL;M;4329962;539715;130
201400014545;14;4;28;1600;1;2;1;1;6;55;36, BD DE LA MEDITERRANE;M;4333309;536226;130
201400014546;14;4;3;1500;1;2;1;1;6;55;BD SCHLOESING;;;;130
201400014547;14;3;11;2000;5;2;1;1;2;55;01, BD DE LA CARTONNERIE;M;4329257;545804;130
201400014548;14;4;24;1315;1;2;3;1;3;55;358, RUE SAINT PIERRE;M;4329173;540895;130
201400014549;14;4;14;1000;1;2;1;1;6;55;00, AVE DES TROIS LUCS;;;;130
201400014550;14;4;27;1645;1;1;3;1;6;55;00, BD BARBES;M;4332615;537504;130
201400014551;14;4;27;605;5;2;1;1;6;55;128, CRS LIEUTAUD;M;4328915;538407;130
201400014552;14;4;26;1150;1;2;1;1;6;55;89, BD CHARLES LIVON;M;4329195;535826;130
201400014553;14;4;26;30;5;2;2;1;3;55;30, RUE PIERRE ROCHE;M;4330931;540344;130
201400014554;14;3;21;1000;1;2;1;1;6;55;86, BD BAILLE;M;4328757;538997;130
201400014555;14;4;25;1320;2;2;3;1;3;55;00, RUE ROGER RENZO;M;4327788;539413;130
201400014556;14;4;10;1725;1;2;1;1;6;75;03, JULES ROLLANDIN (BD);M;4334789;546299;130
201400014557;14;4;24;1430;1;2;1;1;1;2;01, QUATRE SAISONS (ROUT;M;4333110;548859;130
201400014558;14;2;12;2050;5;2;1;1;2;55;03, PCE DES MARSEILLAISE;M;4330137;538002;130
201400014559;14;3;6;1930;5;2;1;1;2;55;00, TUN TUNNEL JOLIETTE;;;;130
201400014560;14;4;6;500;2;2;2;1;1;55;00, BD BAILLE;M;4328637;538578;130
201400014561;14;3;30;1830;1;2;1;1;6;55;00, RUE JEAN QUEILLAU;;;;130
201400014562;14;4;20;1230;1;2;1;1;2;55;01, AVE ALEXANDRE FLEMIN;M;4331489;538791;130
201400014563;14;5;19;230;5;2;1;2;2;55;2444, AVE DU PRADO;;;;130
201400014564;14;5;17;820;1;2;1;1;6;55;125, BD OLIVES;M;4332678;543761;130
201400014565;14;5;18;20;5;2;1;1;6;55;08, PCE DE LA GARE DE L';M;4328154;542650;130
201400014566;14;5;19;945;1;1;2;2;6;55;47, RUE BRETEUIL;M;4329041;537577;130
201400014567;14;3;26;1310;1;2;1;1;6;55;38, RUE JEAN MERMOZ;M;4327672;538717;130
201400014568;14;4;27;630;2;2;1;1;1;55;36, BD GASTON CREMIEUX;M;4327990;537870;130
201400014569;14;4;30;1645;1;2;1;1;6;55;0116, AVE JULES CANTINI;M;4328097;539276;130
201400014570;14;4;26;1130;1;2;2;1;6;55;00, CHE DE L ARMEE D AFR;M;4328690;541243;130
201400014571;14;5;19;1000;1;2;1;2;6;55;12, AVE DE MAZARGUES;M;4326968;538801;130
201400014572;14;3;23;1000;1;2;6;1;1;55;RPT ANTOINE SARTORIO;M;4336182;534563;130
201400014573;14;5;20;1830;1;2;3;1;3;55;27, RUE LEVAT;M;4331031;538455;130
201400014574;14;4;5;2330;5;2;6;1;2;55;00, AVE ARNAVON;M;4333019;538780;130
201400014575;14;4;10;800;1;2;2;1;6;55;00, AVE DES AYGALADES;M;4334632;536610;130
201400014576;14;4;18;1225;1;2;2;1;3;55;44B, BD BARBES;M;4332529;537483;130
201400014577;14;4;22;1200;1;1;1;1;2;55;112, BD BARA;M;4334788;544779;130
201400014578;14;4;22;930;1;2;1;1;5;55;25, VOL PASSERELLE PLOMB;;;;130
201400014579;14;4;30;2000;1;2;1;1;2;55;426, BD NATIONAL;M;4331487;537179;130
201400014580;14;5;1;1640;1;2;2;1;7;55;00, RUE LE CHATELIER;M;4334632;536611;130
201400014581;14;5;4;1430;1;2;1;1;6;55;145, RUE FELIX PYAT;M;4332006;537437;130
201400014582;14;5;7;2200;5;2;1;1;2;55;114, BD DE PLOMBIERES;M;4331693;538211;130
201400014583;14;5;12;2200;5;2;1;1;6;55;23, BD DE PLOMBIERES;;;;130
201400014584;14;4;19;1630;1;2;1;1;6;55;00, TRA PARANGON;;;;130
201400014585;14;5;11;550;2;2;2;1;6;55;173, BD ROMAIN ROLLAND;M;4327592;541741;130
201400014586;14;4;13;1630;1;2;1;1;6;55;32, CHE DE CHATEAU GOMBE;M;4333592;542083;130
201400014587;14;5;9;1515;1;2;1;1;3;55;27, BD CHARLES MORETTI;M;4332608;537714;130
201400014588;14;5;8;1830;1;2;1;1;6;106;00, ORATOIRE (CHEMIN DE;;;;130
201400014589;14;5;1;1130;1;2;1;1;6;55;153, BD CHARLES MORETTI;;;;130
201400014590;14;5;2;1115;1;2;1;1;1;55;15, RUE ETIENNE DOLET;M;4333883;539499;130
201400014591;14;3;31;1310;1;2;1;1;6;55;03, PCE DU QUATRE SEPTEM;M;4328851;535927;130
201400014592;14;4;14;1845;1;2;1;1;2;55;178, BD FRANCOISE DUPARC;;;;130
201400014593;14;4;4;815;1;2;1;2;6;55;00, TRA DE MALPASSE;;;;130
201400014594;14;4;23;1430;1;2;3;1;3;55;000, BD HENRI BARNIER;M;4336742;534369;130
201400014595;14;5;9;2145;5;2;3;1;5;55;82, BD DE LA BARASSE RN;M;4328583;547954;130
201400014596;14;5;12;1358;1;2;3;1;3;55;82, BD DE LA BARASSE RD;M;4328583;547954;130
201400014597;14;4;2;1115;1;2;1;1;6;55;193, BD HENRI BARNIER;M;4336834;534457;130
201400014598;14;4;9;1530;1;2;1;2;6;55;RUE DU CARGO RHIN FIDELI;;;;130
201400014599;14;5;3;1415;1;2;2;1;3;55;47, RUE LE CHATELIER;M;4334826;536246;130
201400014600;14;5;8;1847;1;2;1;1;4;55;00, AVE DE SAINT MENET;;;;130
201400014601;14;5;9;10;5;2;1;1;6;75;89, LIBERATION (AVE DE L;M;4334081;545674;130
201400014602;14;5;13;1540;1;2;1;1;6;55;55, ALL LEON GAMBETTA;M;4329905;538392;130
201400014603;14;5;13;1055;1;2;2;1;3;55;355, AVE DE SAINT ANTOIN;M;4338031;535738;130
201400014604;14;4;18;1430;1;2;1;1;6;55;01, BD CHARLES LIVON;M;4329223;536333;130
201400014605;14;4;10;730;1;2;1;1;6;55;123, BD PERIER;M;4327828;537884;130
201400014606;14;4;22;800;1;2;6;2;6;55;00, RPT DES PIERRE GUERR;M;4325046;538885;130
201400014607;14;4;24;1850;1;2;1;1;6;55;212, VSN PRADO CASTELLAN;;;;130
201400014608;14;5;14;1745;1;2;1;1;2;55;41, AVE ANDRE ZENATTI;;;;130
201400014609;14;1;13;1900;5;2;1;2;1;55;19, AVE DE SAINT MENET;M;4328970;549561;130
201400014610;14;5;11;845;1;1;1;1;7;55;AVE DE SAINT MENET;;;;130
201400014611;14;5;12;1510;1;2;1;1;6;55;00, RTE DE LA SABLIERE;;;;130
201400014612;14;5;13;1920;1;2;1;1;6;55;89, CHE DU MERLAN A LA R;;;;130
201400014613;14;4;7;1030;1;2;1;1;6;55;60, RUE FRANCOIS MAURIAC;M;4327533;541790;130
201400014614;14;4;12;1840;1;2;1;1;6;2;ETIENNE CUCCA-CD908 (AVE;;;;130
201400014615;14;4;7;1745;1;2;1;1;2;55;00, RUE DU CARGO RHIN FI;;;;130
201400014616;14;5;5;1000;1;2;1;1;7;55;94, AVE CAMILLE PELLETAN;M;4330776;537392;130
201400014617;14;5;2;600;1;2;6;1;6;55;87, RUE JULES ISAAC;M;4325205;540069;130
201400014618;14;5;3;1130;1;2;1;1;6;55;21, AVE DE LA CAPELETTE;M;4328363;539985;130
201400014619;14;5;5;1830;1;1;2;1;5;55;50, BD QUEIREL;M;4328158;543424;130
201400014620;14;5;20;1055;1;2;1;1;2;55;18, RUE FRANCIS DAVSO;M;4329351;537786;130
201400014621;14;5;8;1510;1;2;1;1;6;55;614, AVE DU PRADO;M;4326250;537535;130
201400014622;14;5;8;2030;5;2;1;1;6;55;59, BD PERIER;M;4327919;538347;130
201400014623;14;5;9;1620;1;2;1;1;6;55;00, AVE PIERRE MENDES FR;;;;130
201400014624;14;5;10;1835;1;2;1;1;6;55;78, BD DES FAUVETTES;M;4331616;543883;130
201400014625;14;5;13;1415;1;2;1;1;2;55;182, AVE JULES CANTINI;M;4327912;539619;130
201400014626;14;5;14;1230;1;2;1;1;6;55;60, AVE DE LA TIMONE;M;4328575;540270;130
201400014627;14;5;13;1515;1;2;1;1;6;55;01, AVE VITON;;;;130
201400014628;14;5;12;1837;1;2;1;1;6;55;157, BD DE SAINT MARCEL;M;4328772;546461;130
201400014629;14;5;13;1210;1;2;1;1;1;55;12, AVE DE LA GROGNARDE;M;4329186;543557;130
201400014630;14;4;23;1530;1;2;1;1;6;55;01, BD DU MARECHAL JUIN;;;;130
201400014631;14;4;25;1330;1;2;1;2;1;55;03, BD CAMILLE FLAMMARIO;M;4330428;538873;130
201400014632;14;4;25;1515;1;2;2;1;2;55;25, BD DE LA LIBERTE;M;4330092;538240;130
201400014633;14;4;24;1830;1;2;1;1;1;55;17, AVE ALEXANDRE ANSALD;M;4333535;540003;130
201400014634;14;2;17;825;1;2;1;1;1;55;167, AVE JULES CANTINI;;;;130
201400014635;14;4;28;1910;1;2;1;1;6;55;151, BD PAUL CLAUDEL;M;4326819;541577;130
201400014636;14;4;14;1030;1;2;1;1;6;55;23, BD DES TRINITAIRES;M;4327179;540670;130
201400014637;14;4;17;1700;1;2;1;1;6;55;13BIS, BD DE LA PUGETTE;M;4326878;540175;130
201400014638;14;5;1;2020;2;2;1;1;1;55;40, BD QUEIREL;M;4328186;543396;130
201400014639;14;5;2;1300;1;2;1;2;6;55;274, AVE DES POILUS;M;4331645;546097;130
201400014640;14;4;30;1115;1;2;1;1;2;55;18, AVE DES OLIVES;M;4332935;543046;130
201400014641;14;5;19;1040;1;2;1;2;6;55;09, RUE D' ORANGE;M;4331217;538643;130
201400014642;14;4;14;1935;1;2;2;1;3;55;27, RUE JOEL RECHER;M;4328772;536240;130
201400014643;14;5;7;1800;1;2;1;1;6;55;000, CRS BELSUNCE;;;;130
201400014644;14;5;9;1740;1;2;2;1;3;55;34, RUE DE FORBIN;M;4330536;536936;130
201400014645;14;4;25;1300;1;2;2;1;3;55;66, BD DE LA CONCORDE;M;4324816;540105;130
201400014646;14;4;15;1545;1;2;1;1;6;55;83, RPT MTEE ST MENET TS;;;;130
201400014647;14;5;7;1600;1;2;3;1;6;55;123, RUE PIERRE DOIZE;M;4327707;542722;130
201400014648;14;5;12;655;1;2;1;1;6;55;01, TRA DE LA VERRERIE;M;4327976;541838;130
201400014649;14;4;30;1600;1;2;1;1;2;55;00, PAR BORELY;;;;130
201400014650;14;5;25;220;5;2;1;1;6;55;198, AVE DES CHARTREUX;M;4331126;540106;130
201400014651;14;5;5;740;1;2;3;1;2;55;146, RUE PARADIS;M;4328710;537947;130
201400014652;14;4;23;1350;1;2;2;1;3;55;39, RUE DE L' OLIVIER;M;4329461;538898;130
201400014653;14;5;10;2205;5;2;3;1;3;55;189, RUE SAINT PIERRE;M;4329233;539692;130
201400014654;14;5;5;1550;1;2;3;1;6;55;132, AVE DU PRADO;M;4327988;538681;130
201400014655;14;4;11;1610;1;2;1;1;6;55;63, BD JEAN MOULIN;M;4328549;539882;130
201400014656;14;4;30;820;1;2;7;1;3;55;00, BD DE LA CONCORDE;M;4325060;540345;130
201400014657;14;3;4;1000;1;2;1;1;2;55;87, AVE FERNANDEL;M;4331168;545314;130
201400014658;14;4;11;2040;5;2;1;1;6;55;83, TRA DU DIABLE;M;4330924;544937;130
201400014659;14;5;5;755;1;2;1;1;2;75;36, PAUL SIRVENT (AVE);;;;130
201400014660;14;5;25;1500;1;2;3;1;2;55;210, BD ROMAIN ROLLAND;M;4327459;541524;130
201400014661;14;5;26;2230;5;2;1;1;6;55;AVE ALEXANDRE FLEMING;;;;130
201400014662;14;5;27;915;1;2;1;1;3;55;92 BIS, VSN SABLES JAUNE;M;4331129;543560;130
201400014663;14;5;2;840;1;2;1;1;2;55;27, BD CHARLES MORETTI;M;4332609;537712;130
201400014664;14;5;5;1730;1;2;1;1;2;55;00, VOL PASSER PLOMBIERE;;;;130
201400014665;14;4;4;1850;1;2;1;1;6;55;83, BD DU REDON;;;;130
201400014666;14;5;15;1830;1;2;1;1;2;55;306, BD DE SAINT MARCEL;M;4328624;547353;130
201400014667;14;5;9;745;1;2;1;1;6;55;02, AVE DES CIGALONS;M;4330332;545381;130
201400014668;14;4;25;1400;1;2;1;1;6;55;000, RUE GEORGES DE BEAU;;;;130
201400014669;14;4;25;1700;1;2;1;1;6;55;00, CHE DE SAINTE MARTHE;;;;130
201400014670;14;5;11;100;3;2;1;1;7;2;01, ALLAUCH A PICHAURIS;;;;130
201400014671;14;5;31;125;5;2;1;1;6;55;0, AVE DU PRADO;M;4328185;538569;130
201400014672;14;5;31;415;5;2;1;1;6;55;68, BD NATIONAL;M;4330558;538401;130
201400014673;14;4;19;1940;1;2;1;1;6;55;47, AVE DE TOULON;M;4328535;538817;130
201400014674;14;4;6;2120;5;2;1;1;1;55;30, BD CAMILLE FLAMMARIO;M;4330482;539052;130
201400014675;14;4;23;1305;1;2;1;1;6;55;65, AVE DE TOULON;M;4328512;538917;130
201400014676;14;5;12;835;1;2;1;1;6;55;55, BD SAKAKINI;M;4329590;540038;130
201400014677;14;5;3;1310;1;2;1;1;6;55;142, BD DE SAINT MARCEL;M;4328794;546397;130