num_acc;an;mois;jour;hrmn;lum;agg;int;atm;col;com;adr;gps;lat;long;dep
201400014678;14;2;25;1045;1;2;2;1;3;55;00, RUE ALPHONSE DAUDET;M;4332231;541270;130
201400014679;14;5;15;1150;1;2;1;1;6;55;45, AVE DE SAINT LOUIS;M;4334435;535940;130
201400014680;14;5;15;2015;1;2;1;1;6;55;30, BD CAMILLE FLAMMARIO;M;4330481;539068;130
201400014681;14;4;29;1600;1;2;1;1;2;55;306, AVE DU VINGT QUATRE;M;4331032;544229;130
201400014682;14;5;14;930;1;2;1;1;1;55;23, RUE DES AYGADIERS;M;4334747;541619;130
201400014683;14;5;16;735;1;2;1;1;6;55;141, TRA CHARLES SUSINI;M;4334105;541108;130
201400014684;14;5;16;1250;1;2;1;1;6;55;01, CHE DES JONQUILLES;;;;130
201400014685;14;5;17;1545;1;2;1;1;1;55;428, AVE DE SAINT ANTOIN;M;4338242;535807;130
201400014686;14;5;17;1600;1;2;2;1;6;55;17, BD DE PLOMBIERES;M;4331477;538857;130
201400014687;14;5;18;2245;5;2;2;1;3;55;28, RUE STANISLAS TORREN;M;4328779;537823;130
201400014688;14;5;2;1130;1;2;1;1;6;55;91, CHE DU ROY D' ESPAGN;;;;130
201400014689;14;5;13;1230;1;2;2;1;3;55;151, BD MICHELET;M;4326524;539568;130
201400014690;14;5;13;1750;1;2;1;1;4;55;69, AVE D' HAIFA;M;4325111;539024;130
201400014691;14;5;16;755;1;2;1;1;6;55;27, BD DE LOUVAIN;M;4327632;539274;130
201400014692;14;3;19;2040;5;2;1;1;6;55;161, BD RABATAU;;;;130
201400014693;14;5;26;20;5;2;1;1;2;55;391, BD PIERRE DRAMARD;;;;130
201400014694;14;5;9;1220;1;2;1;1;6;55;42, AVE BACCHUS;;;;130
201400014695;14;5;22;1015;1;2;1;1;6;55;278, CHE DE SAINT ANTOIN;;;;130
201400014696;14;3;29;1740;1;2;1;1;6;55;00, BD DU MARECHAL JUIN;;;;130
201400014697;14;4;29;850;1;2;1;1;2;55;317, COR PRESIDENT JOHN;M;4327466;536067;130
201400014698;14;5;3;1935;1;2;1;1;3;55;100, CRS LIEUTAUD;M;4329114;538305;130
201400014699;14;5;15;1745;1;2;1;1;6;55;BD BOUYALA D' ARNAUD;;;;130
201400014700;14;5;17;1130;1;2;3;1;6;55;02, AVE DU DOCTEUR HECKE;;;;130
201400014701;14;4;8;1400;1;2;1;1;6;55;472, RPT FRANCE INDOCHIN;;;;130
201400014702;14;4;30;1930;1;2;1;1;2;55;00, BD LIONEL TERRAY;;;;130
201400014703;14;6;1;930;1;2;1;1;6;55;02, BD SIDOLLE;M;4328153;542366;130
201400014704;14;5;24;1310;1;2;3;1;3;55;157, BD DE PLOMBIERES;M;4331846;537954;130
201400014705;14;3;18;1100;1;2;1;1;6;55;01, AVE DU CAP PINEDE RO;;;;130
201400014706;14;4;16;1035;1;2;1;1;6;55;118, CHE DE MIMET;M;4338115;535824;130
201400014707;14;5;9;1808;1;2;1;1;5;55;182, BD HENRI BARNIER;M;4336875;534476;130
201400014708;14;5;17;55;5;2;1;1;6;55;179, BD DE SAINT MARCEL;M;4328729;546586;130
201400014709;14;5;19;1200;1;2;1;2;6;55;28, AVE ANDRE ZENATTI;;;;130
201400014710;14;5;20;2045;2;2;3;1;6;55;187, AVE PIERRE MENDES F;M;4325250;537587;130
201400014711;14;5;20;905;1;2;1;1;4;55;130, BD RABATAU;M;4327850;539925;130
201400014712;14;5;20;1530;1;2;1;1;3;55;280, AVE DU PRADO;M;4327388;539025;130
201400014713;14;5;20;2140;3;2;3;1;3;75;89, FREDERIC MISTRAL (AV;;;;130
201400014714;14;5;22;1200;1;2;1;1;3;55;30, BD BARRAL;M;4326470;539342;130
201400014715;14;5;23;315;5;2;1;1;7;55;122, BD DE PONT DE VIVAU;M;4328153;542341;130
201400014716;14;5;23;1520;1;2;1;1;6;55;00, RUE PIERRE DOIZE;;;;130
201400014717;14;3;12;1050;1;2;1;1;2;55;09, AVE DE GARLABAN;M;4329822;541857;130
201400014718;14;3;23;2100;5;2;1;1;6;55;00, ALL DES PRIMEVERES;;;;130
201400014719;14;5;6;1900;1;2;1;1;2;55;02, CV DE LA MILLIERE A;;;;130
201400014720;14;5;17;1825;1;2;1;1;5;55;52, AVE DE LA CROIX ROUG;M;4333149;543325;130
201400014721;14;5;24;1730;1;2;1;1;1;55;96, CHE DE LA PELOUQUE;M;4336491;533789;130
201400014722;14;6;3;1730;1;2;1;1;4;55;000, RUE MAHBOUBI TIR;;;;130
201400014723;14;4;25;1400;1;2;1;1;6;55;23, IMP BOYER;;;;130
201400014724;14;5;12;910;1;2;1;1;1;55;61, RUE PAUL LANGEVIN;M;4334335;543164;130
201400014725;14;5;14;925;1;2;1;1;7;55;37, BD PIERRE DRAMARD;;;;130
201400014726;14;5;17;1030;1;2;1;1;2;55;100, AVE DES OLIVES;M;4332753;543598;130
201400014727;14;5;23;1450;1;2;1;1;6;55;71, AVE DE LA VISTE;M;4335721;535747;130
201400014728;14;5;3;1805;1;2;1;1;2;55;56, RUE GRANOUX;M;4329875;540059;130
201400014729;14;5;22;1000;1;2;1;1;6;55;00, AVE SAINT PAUL;;;;130
201400014730;14;6;2;1255;1;2;1;1;6;55;01, BD THERMIDOR;M;4333561;543646;130
201400014731;14;5;19;1600;1;2;1;2;3;55;97, AVE DES OLIVES;M;4332751;543608;130
201400014732;14;5;20;1030;1;2;1;1;2;55;38, AVE CAMILLE PELLETAN;M;4330377;537366;130
201400014733;14;5;23;1200;1;2;1;1;5;55;80, AVE DES AYGALADES;M;4333714;536730;130
201400014734;14;5;19;1725;1;2;1;1;6;55;63, AVE DE SAINT JEROME;M;4333072;541921;130
201400014735;14;5;4;1115;1;2;1;1;2;55;107, BD SAKAKINI;M;4329260;540135;130
201400014736;14;5;8;1850;1;2;1;1;7;55;31, ALL LATERALE P. CRS;;;;130
201400014737;14;5;14;1610;1;2;2;1;3;55;43, AVE DE LA CORSE;M;4328910;536206;130
201400014738;14;5;13;1140;1;2;1;1;6;55;00, RUE CHARRAS;;;;130
201400014739;14;5;30;2030;1;1;1;1;6;55;21, BD CARMAGNOLE;M;4326829;538704;130
201400014740;14;5;23;2100;5;2;1;1;7;55;28, RUE JULES ISAAC;M;4325609;539845;130
201400014741;14;5;31;1410;1;2;6;1;3;55;00, RPT IAN PALACH;M;4327892;542628;130
201400014742;14;4;21;1220;1;2;3;1;6;55;19, QAI DES BELGES;M;4329529;537442;130
201400014743;14;5;20;1330;1;2;1;1;6;55;01, BD DE LA LIBERTE;M;4330069;538084;130
201400014744;14;5;20;1730;1;2;1;1;6;55;41, RUE BERLIOZ;M;4328979;538550;130
201400014745;14;5;2;900;1;2;1;1;6;55;40, BD VOLTAIRE;M;4330269;538435;130
201400014746;14;5;24;2215;5;2;1;1;2;55;00, AVE ALEXANDRE FLEMIN;;;;130
201400014747;14;5;30;1630;1;2;6;1;2;55;00, AVE DE HAMBOURG;M;4324613;539454;130
201400014748;14;5;31;605;2;2;1;1;6;55;251, BD PERIER;M;4327715;537554;130
201400014749;14;4;26;1930;1;2;1;1;6;55;258, BD ROMAIN ROLLAND;;;;130
201400014750;14;5;19;1330;1;2;1;2;6;55;TRA REGNY;;;;130
201400014751;14;5;20;1500;1;2;1;1;2;55;182, BD DE SAINTE MARGUE;M;4326520;540897;130
201400014752;14;5;27;1750;1;2;1;1;6;55;56, BD ROMAIN ROLLAND;M;4327958;542357;130
201400014753;14;5;28;1000;1;2;1;1;6;55;02, AVE DU DOCTEUR HECKE;M;4328997;544110;130
201400014754;14;5;27;1600;1;2;1;1;6;55;38, BD BARRAL;M;4326430;539242;130
201400014755;14;5;12;1845;1;2;3;1;3;55;262, AVE DE LA CAPELETTE;M;4327913;541223;130
201400014756;14;5;13;730;1;2;3;1;3;55;46, CHE DU VALLON DE TOU;M;4326687;542409;130
201400014757;14;5;14;800;1;2;1;1;2;55;190, VSN PERIER;M;4327878;537709;130
201400014758;14;5;23;1720;1;2;3;1;3;55;01, AVE SOLE MIO;;;;130
201400014759;14;3;14;1730;1;2;1;1;1;55;33, AVE CLOT BEY;M;4326019;538824;130
201400014760;14;5;26;1620;1;2;3;1;3;55;02, BD DE LA CHARBONNELL;M;4329824;541669;130
201400014761;14;5;16;2000;1;2;1;1;2;55;06, BD SIMON BOLIVAR;M;4334145;537760;130
201400014762;14;5;7;1510;1;2;1;1;6;55;255, AVE DU PRADO;M;4327422;539067;130
201400014763;14;5;7;1250;1;2;1;1;6;55;34, CHE DE SAINT JOSEPH;M;4334091;538675;130
201400014764;14;5;19;1030;1;2;1;2;6;55;327, COR PRESIDENT JOHN;M;4327390;536239;130
201400014765;14;5;9;858;1;2;1;1;6;55;BD SIMON BOLIVAR;;;;130
201400014766;14;4;16;1350;1;2;1;1;2;55;194, BD DE SAINT LOUP;M;4328457;543701;130
201400014767;14;6;9;2345;5;2;1;1;6;55;147, AVE DES CHARTREUX;M;4330844;540026;130
201400014768;14;6;6;140;5;2;1;1;6;55;04, BD LOUIS VILLECROZE;;;;130
201400014769;14;6;6;1345;1;2;1;1;6;55;00, QAI DE LA TOURETTE;;;;130
201400014770;14;5;2;1530;1;2;1;1;1;55;000, CHE DE NOTRE DAME D;;;;130
201400014771;14;5;15;1220;1;2;3;1;6;55;000, RUE DESIREE CLARY;M;4330949;537264;130
201400014772;14;5;19;1745;2;2;1;1;6;55;00, RUE LOUBON;;;;130
201400014773;14;5;21;1130;1;2;3;1;3;55;114, TRA CHARLES SUSINI;M;4333973;541377;130
201400014774;14;1;27;1230;1;2;2;1;3;55;00, BD BOISSON;M;4329682;540397;130
201400014775;14;4;23;1800;1;2;1;1;2;55;141, BD FRANCOISE DUPARC;M;4330794;540192;130
201400014776;14;5;17;100;5;2;2;1;3;55;50, CRS GOUFFE;M;4328637;538578;130
201400014777;14;5;18;1815;1;2;2;1;3;55;06, RUE EDOUARD PONS;M;4328862;538838;130
201400014778;14;5;17;1140;1;2;1;1;6;55;09, PCE ROBESPIERRE;;;;130
201400014779;14;6;2;805;1;2;1;1;6;55;193, AVE DE LA CAPELETTE;M;4328042;540831;130
201400014780;14;6;11;1530;1;2;1;1;2;55;03, CRS GOUFFE;M;4328629;538620;130
201400014781;14;6;11;1800;1;2;1;1;6;55;45, BD FRANCOISE DUPARC;M;4330385;540079;130
201400014782;14;6;12;551;2;2;1;1;2;55;26, BD SAKAKINI;M;4329796;540082;130
201400014783;14;6;1;1830;1;2;1;1;6;55;138, AVE PIERRE MENDES F;;;;130
201400014784;14;6;2;2130;2;2;1;1;2;55;24, RUE LOUIS REGE;M;4328148;539141;130
201400014785;14;6;5;1130;1;2;3;1;1;106;00, NELSON MANDELA (AVEN;M;4340847;536654;130
201400014786;14;4;4;1445;1;2;1;1;6;55;239, VSN MORGIOU CHE;;;;130
201400014787;14;4;9;1650;1;2;1;1;5;55;82, RUE AUGUSTIN AUBERT;M;4326560;540345;130
201400014788;14;5;24;1530;1;2;1;1;6;55;338, AVE DE MAZARGUES;M;4325972;539405;130
201400014789;14;5;27;730;1;2;1;1;6;55;00, AVE DE LATTRE DE TAS;;;;130
201400014790;14;6;3;810;1;1;3;1;3;106;00, BEDOULE (CHEMIN DE L;;;;130
201400014791;14;6;2;1345;1;2;1;1;3;55;81, BD HENRI BARNIER;M;4337264;534950;130
201400014792;14;4;22;1830;1;2;1;1;6;55;91, ALL DE LA ROUGUIERE;M;4329760;545774;130
201400014793;14;5;20;730;1;2;1;1;6;55;162, AVE DE LA TIMONE;M;4328607;540970;130
201400014794;14;5;23;1530;1;2;1;1;6;55;174, BD DU REDON;M;4325129;542198;130
201400014795;14;6;3;1430;1;2;1;1;6;55;219, BD DE SAINT LOUP;M;4328489;543932;130
201400014796;14;5;20;1655;1;2;1;1;2;55;CHE DE SAINT JOSEPH A SA;;;;130
201400014797;14;5;25;1600;1;2;3;1;3;55;52, BD DANIELLE CASANOVA;M;4332315;537428;130
201400014798;14;5;30;845;1;2;1;1;6;55;124, CHE DE NOTRE DAME D;M;4333905;542857;130
201400014799;14;6;2;1220;1;2;1;1;2;55;0, RPT PIERRE PARAF;;;;130
201400014800;14;4;22;1830;1;2;1;1;6;55;39, BD BALTHAZAR BLANC;M;4334455;535751;130
201400014801;14;1;31;1220;1;2;1;1;6;55;34, VOI LA CANEBIERE;;;;130
201400014802;14;6;1;1645;1;2;3;1;3;55;205, RUE PARADIS;M;4328390;538083;130
201400014803;14;6;2;540;2;2;1;1;6;55;69, BD BAILLE;M;4328731;538891;130
201400014804;14;5;29;1640;1;2;1;1;1;55;01, RUE MIGNARD;M;4326204;540087;130
201400014805;14;6;2;1100;1;2;1;1;6;55;14, RUE FRANCOIS MAURIAC;M;4327832;541648;130
201400014806;14;6;8;2255;5;2;1;1;6;55;30, BD SCHLOESING;M;4327323;540057;130
201400014807;14;2;15;2245;5;2;1;1;6;55;43, AVE DE LA VISTE;M;4335631;535735;130
201400014808;14;5;25;1700;1;2;1;1;6;55;11, AVE DES OLIVES;M;4332958;543007;130
201400014809;14;5;27;1245;1;2;1;1;6;55;CHE DU MERLAN A LA ROSE;;;;130
201400014810;14;5;20;1810;1;2;3;1;6;55;130, AVE DE LA VISTE;;;;130
201400014811;14;6;2;1630;1;2;1;1;6;55;21, AVE DE LA CROIX ROUG;M;4333060;543072;130
201400014812;14;6;1;400;5;2;1;1;3;55;366, AVE DE SAINT ANTOIN;M;4337908;535702;130
201400014813;14;6;1;530;5;2;2;1;3;55;01, BD DE PLOMBIERES;M;4331489;538787;130
201400014814;14;6;4;1200;1;2;1;1;1;55;305, CHE DE SAINTE MARTH;M;4333613;539215;130
201400014815;14;6;6;1945;1;2;3;1;6;55;21, BD SIMON BOLIVAR;M;4334105;537735;130
201400014816;14;1;24;1047;1;2;1;1;1;55;34, AVE DE SAINT JEROME;M;4332929;541895;130
201400014817;14;6;2;730;1;2;1;1;6;55;03, AVE ROGER SALENGRO;M;4330911;537403;130
201400014818;14;4;28;1715;1;2;1;1;6;55;86, BD VAUBAN;M;4328317;537479;130
201400014819;14;5;13;1430;1;2;1;1;6;55;22, RUE DE LA GRANDE ARM;M;4330101;538353;130
201400014820;14;5;21;1645;1;2;1;1;2;55;00, RUE DE LA REINE ELIS;;;;130
201400014821;14;5;28;825;1;2;2;1;6;55;272, BD CHAVE;M;4329596;540220;130
201400014822;14;5;28;1450;1;2;1;1;6;55;11, BD DU DOCTEUR DAVID;M;4329297;539758;130
201400014823;14;6;1;235;5;2;1;1;2;55;100, BD DE LA LIBERATION;M;4330102;539117;130
201400014824;14;6;3;750;1;2;1;1;6;55;366, AVE DES POILUS;M;4331325;546362;130
201400014825;14;5;27;1500;1;2;1;1;6;55;355, AVE DU PRADO;M;4327016;538803;130
201400014826;14;5;28;1915;1;2;1;1;6;106;000, COLLINES (R?SIDENCE;;;;130
201400014827;14;6;18;700;1;2;1;1;3;55;149, BD BAILLE;M;4328947;539694;130
201400014828;14;6;18;135;5;2;1;1;3;55;20, RUE SAINT THEODORE;;;;130
201400014829;14;5;13;720;1;2;1;1;6;55;000, AVE DU MARCHE NATIO;;;;130
201400014830;14;6;3;1640;1;2;6;1;3;55;126, RPT ADRIEN LEGROS 1;M;4329081;547281;130
201400014831;14;5;30;338;5;2;1;1;1;55;240, CHE SAINT JEAN DU D;M;4329546;541924;130
201400014832;14;6;3;1325;1;2;1;1;6;55;20, ALL DE LA ROUGUIERE;M;4329585;545808;130
201400014833;14;5;12;1830;1;2;3;1;3;55;01, CHE DE LA MADRAGUE V;;;;130
201400014834;14;6;3;730;1;2;1;1;2;55;79, AVE DE LA ROSE;;;;130
201400014835;14;6;6;1355;1;2;3;1;3;55;00, AVE RAIMU;M;4333576;539873;130
201400014836;14;6;5;1930;1;2;1;1;6;55;01, AVE DU CAP PINEDE RO;;;;130
201400014837;14;6;11;1105;1;2;1;1;6;55;67, BD MARIUS RICHARD;M;4331561;542733;130
201400014838;14;6;5;1100;1;2;1;1;6;55;08, BD DE PARIS;M;4330558;537262;130
201400014839;14;5;28;1230;1;2;1;1;6;55;149, BD MICHELET;M;4326520;539571;130
201400014840;14;5;21;1430;1;2;1;1;6;55;384, BD MICHELET;M;4325502;540094;130
201400014841;14;5;29;2030;2;2;1;1;7;55;08, AVE DES GOUMIERS;M;4324785;537511;130
201400014842;14;5;5;1320;1;2;1;1;2;55;38, AVE DE LA FIGONE;M;4330672;543824;130
201400014843;14;5;20;1030;1;2;1;1;7;55;63, RUE SAINT JEAN DU DE;M;4329835;543621;130
201400014844;14;3;12;610;5;2;1;1;2;55;12, AVE ROBERT SCHUMAN;M;4330073;536591;130
201400014845;14;4;17;2015;2;2;3;1;3;55;57, AVE DU GENERAL LECLE;M;4330325;537896;130
201400014846;14;6;5;2020;1;2;1;1;6;106;102, 8 MAI 1945 (AVENUE;M;4340527;537184;130
201400014847;14;6;8;1315;1;2;1;1;6;55;146, AVE DES OLIVES;M;4332638;543873;130
201400014848;14;6;8;1945;1;2;1;1;2;55;58, AVE DE LA CROIX ROUG;M;4333156;543340;130
201400014849;14;6;16;1320;1;2;1;1;6;55;110, BD DE LA LIBERATION;M;4330116;539160;130
201400014850;14;6;7;1250;1;2;1;1;3;55;90, AVE DU PRADO;M;4328185;538569;130
201400014851;14;6;5;1700;1;2;1;1;6;55;26, RUE ELZEARD ROUGIER;M;4330940;541031;130
201400014852;14;6;11;1500;1;2;1;1;2;55;00, RUE JOSEPH CLERISSY;;;;130
201400014853;14;6;19;1109;1;2;1;1;6;55;779, AVE DE MAZARGUES;M;4324827;539893;130
201400014854;14;5;29;1600;1;2;1;1;6;55;02, QAI D ARENC;M;4331228;536699;130
201400014855;14;6;4;1840;1;2;1;1;6;55;96, BD DANIELLE CASANOVA;M;4332511;537391;130
201400014856;14;4;30;1000;1;2;1;1;6;55;57, RUE ROQUEBRUNE;M;4330799;540475;130
201400014857;14;5;29;1045;1;2;2;1;3;55;00, BD FRANCOISE DUPARC;M;4330293;540079;130
201400014858;14;6;5;1510;1;2;1;1;6;55;18, BD GARIBALDI;M;4329675;538123;130
201400014859;14;6;6;2000;1;2;1;1;3;55;549, BD DE LA CORDERIE;;;;130
201400014860;14;5;20;900;1;2;1;1;2;55;101, BD DES LIBERATEURS;M;4329838;545915;130
201400014861;14;5;20;1150;1;2;2;1;3;55;23, RUE GRAND RUE;M;4329775;537209;130
201400014862;14;6;4;2045;1;2;6;1;2;55;01, AVE SALVADOR ALLENDE;M;4333013;538907;130
201400014863;14;6;5;1815;1;2;3;1;2;55;00, RUE LE CHATELIER;M;4334707;536847;130
201400014864;14;6;7;1200;1;2;2;1;3;55;17, RUE CRINAS;M;4328803;536096;130
201400014865;14;5;23;1500;1;2;3;1;6;55;74, AVE DE MAZARGUES;M;4326772;538925;130
201400014866;14;6;9;1920;1;2;1;1;6;55;263, AVE DU PRADO;M;4327400;539079;130
201400014867;14;6;10;900;1;2;1;1;6;55;458, RUE DE LYON;M;4334171;536022;130
201400014868;14;6;10;1530;1;2;3;1;3;55;00, CHE DE SAINT ANTOINE;M;4335188;537313;130
201400014869;14;6;11;840;1;2;1;1;3;55;01, RPT PERE WRESINKI;;;;130
201400014870;14;6;11;2000;1;2;1;1;1;55;01, VOL FRAIS VALLON / J;;;;130
201400014871;14;5;18;630;2;2;1;1;7;75;31, LOUIS PASTEUR (AVE);M;4335270;546729;130
201400014872;14;5;27;1630;1;2;1;1;6;55;28, TRA PARANGON;M;4324506;538016;130
201400014873;14;6;2;1645;2;2;3;1;3;55;147, AVE WILLIAM BOOTH;;;;130
201400014874;14;1;24;2000;1;2;2;1;3;55;51, RUE D' ITALIE;M;4328884;538289;130
201400014875;14;5;2;1330;1;2;2;2;3;55;10, RUE DE LA REPUBLIQUE;M;4329692;537363;130
201400014876;14;5;13;35;5;2;2;1;3;55;22, AVE DE CORINTHE;M;4328305;539000;130
201400014877;14;5;26;1745;1;2;1;1;4;55;169, RUE SAINT PIERRE;M;4329218;539542;130
201400014878;14;6;7;1500;1;2;1;1;6;55;28, BD JEAN MOULIN;M;4328950;539997;130
201400014879;14;5;16;2345;4;2;3;1;6;55;35, AVE DE LA CORSE;M;4328930;536314;130
201400014880;14;5;28;1520;1;2;6;1;6;55;00, PCE LOUIS BONNEFON;M;4325441;538199;130
201400014881;14;6;3;1815;1;2;1;1;2;55;49, BD GILLIBERT;M;4326436;540657;130
201400014882;14;5;14;1535;1;2;1;1;6;55;AVE JEAN PAUL SARTRE;;;;130
201400014883;14;5;27;1355;1;1;3;1;3;55;06, BD DE REIMS;;;;130
201400014884;14;5;30;1440;1;2;1;1;7;55;76, RUE LE CHATELIER;M;4334638;536518;130
201400014885;14;6;4;1800;1;2;1;1;2;55;01, VOL PASSERELLE PLOMB;;;;130
201400014886;14;6;7;1210;1;2;1;1;6;55;148, CHE DE LA MADRAGUE;M;4332755;536013;130
201400014887;14;6;11;1830;1;2;6;1;3;55;01, RPT PIERRE PARAF;M;4333016;538905;130
201400014888;14;5;13;930;1;2;1;1;6;55;430, RUE PARADIS;M;4327545;538434;130
201400014889;14;6;7;1625;1;2;3;1;6;55;93, RUE FELIX PYAT;M;4331613;537439;130
201400014890;14;6;17;845;1;2;4;1;6;55;83, RTE DES TROIS LUCS A;M;4330760;547026;130
201400014891;14;6;22;1600;1;2;1;1;6;55;90, CHE DU FOUR DE BUZE;M;4334541;539792;130
201400014892;14;5;26;210;5;2;2;1;3;55;00, BD NATIONAL;M;4330348;538596;130
201400014893;14;3;11;1740;1;2;2;1;2;55;36, RUE DU ROUET;M;4328416;538555;130
201400014894;14;5;21;1535;1;2;1;1;2;55;397, COR PRESIDENT JOHN;M;4327009;536609;130
201400014895;14;6;6;2345;4;2;1;1;2;55;07, RUE FONDERE;M;4330185;539896;130
201400014896;14;6;10;845;1;2;1;1;6;55;95, AVE DU PRADO;M;4328093;538688;130
201400014897;14;6;12;1445;1;1;2;1;3;55;10, RUE DE L' EGLISE SAI;M;4329590;539362;130
201400014898;14;6;4;1140;1;2;3;1;6;55;166, BD DE PLOMBIERES;M;4331901;537916;130
201400014899;14;6;10;1500;1;2;1;1;2;55;61, CHE DE SAINT ANTOINE;M;4335347;537175;130
201400014900;14;6;12;1750;1;2;1;2;2;55;43, RUE FELIX PYAT;M;4331418;537614;130
201400014901;14;6;14;1815;1;2;1;1;4;55;181, RUE LE CHATELIER;M;4334895;537388;130
201400014902;14;5;21;1215;1;2;1;6;6;55;92, BD SAKAKINI;;;;130
201400014903;14;6;12;1630;1;2;2;1;3;55;53, BD CHARLES MORETTI;M;4332359;538665;130
201400014904;14;6;13;1500;1;2;1;1;6;55;04, BD DES DAMES;M;4330164;537347;130
201400014905;14;6;17;845;1;2;1;1;2;55;01, AVE ARNAVON;;;;130
201400014906;14;6;11;745;1;2;1;1;2;55;69, RTE D ENCO DE BOTTE;M;4331601;546845;130
201400014907;14;6;12;1615;1;2;1;1;2;55;40, CHE DU ROY D' ESPAGN;;;;130
201400014908;14;5;7;1510;1;2;2;1;6;55;60, BD VOLTAIRE;M;4330348;538595;130
201400014909;14;6;13;1930;1;2;1;1;6;55;93, BD HENRI BARNIER;M;4337120;535024;130
201400014910;14;6;3;1545;1;2;1;1;6;55;65, CHE DE LA PARETTE;M;4329359;542513;130
201400014911;14;6;11;2330;5;2;1;1;6;2;31, GRAND'RUE (RUE);;;;130
201400014912;14;5;22;2040;5;2;2;2;3;55;13, BD BAILLE;M;4328645;538557;130
201400014913;14;5;24;1530;1;2;7;1;2;55;107, BD SAKAKINI;M;4329249;540130;130
201400014914;14;6;12;1230;1;2;1;1;6;55;01, RUE GILBERT BOSSY;;;;130
201400014915;14;6;24;1910;1;2;4;1;6;55;245, AVE ROGER SALENGRO;M;4332056;536755;130
201400014916;14;6;24;1130;1;2;1;1;6;55;00, PIERRE CHEVALIER (RU;;;;130
201400014917;14;5;21;1220;1;2;1;1;6;55;17, AVE PASTEUR;M;4329112;535910;130
201400014918;14;6;9;1045;1;2;1;1;6;55;279, COR PRESIDENT JOHN;M;4327772;535584;130
201400014919;14;6;12;1320;1;2;1;1;6;55;10, BD CASSINI;M;4330621;539601;130
201400014920;14;6;14;1400;1;1;1;1;6;55;10, VOI LA CANEBIERE;M;4329551;537514;130
201400014921;14;6;7;2015;1;2;1;1;6;55;375, BD NATIONAL;M;4331423;537357;130
201400014922;14;2;19;1530;1;2;1;1;2;55;99, BD FRANCOISE DUPARC;;;;130
201400014923;14;6;18;945;2;2;1;1;6;55;04, RUE DU MONASTERE;M;4330169;540131;130
201400014924;14;6;12;1930;1;2;1;2;7;55;09, RUE RAIBAUD;M;4328015;539876;130
201400014925;14;6;12;800;1;2;1;1;1;55;130, BD MIREILLE LAUZE;M;4328320;541178;130
201400014926;14;6;17;1420;1;2;1;1;6;55;21, BD FERDINAND DE LESS;M;4332026;537195;130
201400014927;14;6;13;1600;1;2;1;1;6;55;54, BD DANIELLE CASANOVA;M;4332328;537419;130
201400014928;14;6;26;1415;1;2;1;1;4;55;35, BD MARCEL DELPRAT;M;4333426;545495;130
201400014929;14;6;30;110;5;2;1;1;3;55;00, AVE DU CAP PINEDE RO;;;;130
201400014930;14;6;24;1440;1;2;1;1;2;55;730, AVE DE MAZARGUES;;;;130
201400014931;14;6;27;2320;5;2;1;1;1;55;58, BD DE LA MILLIERE;M;4328328;549611;130
201400014932;14;7;2;223;5;2;1;1;6;55;00, RPT JEAN MONDET;M;4328988;548137;130
201400014933;14;2;20;1920;5;2;1;1;6;55;186, CHE DE LA MADRAGUE;M;4332950;535901;130
201400014934;14;6;10;1730;1;2;1;1;6;55;15, BD DES DAMES;M;4330209;537116;130
201400014935;14;6;16;1400;1;2;1;1;6;55;69, AVE DE LA CAPELETTE;M;4328269;540241;130
201400014936;14;6;2;1030;1;2;1;1;6;55;272, BD DE SAINTE MARGUE;;;;130
201400014937;14;6;27;1530;1;2;1;1;1;55;167, RUE D ENDOUME;M;4328623;536079;130
201400014938;14;6;19;815;1;2;1;1;2;55;123, BD DE PARIS;M;4331050;536980;130
201400014939;14;6;10;1140;1;2;3;1;3;55;36, BD DE SAINT MARCEL;M;4328872;545831;130
201400014940;14;6;17;800;1;2;1;1;6;55;67, AVE DE LA FOURRAGERE;M;4330022;543072;130
201400014941;14;6;15;1500;1;2;5;8;3;55;CHE DE SAINT ANTOINE A S;;;;130
201400014942;14;6;16;940;1;2;1;1;6;55;RPT ANTOINE SARTORIO;M;4336162;534508;130
201400014943;14;6;17;1700;1;2;1;1;6;55;174, BD RABATAU;;;;130
201400014944;14;6;24;1130;1;2;1;1;6;55;24, BD SCHLOESING;M;4327422;539996;130
201400014945;14;6;18;1825;1;2;1;1;6;55;282, CHE DE LA MADRAGUE;M;4333429;535815;130
201400014946;14;6;21;1630;1;2;1;1;6;55;120, AVE JEAN PAUL SARTR;;;;130
201400014947;14;4;30;1130;1;2;1;1;6;2;07, QUATRE SAISONS (ROUT;;;;130
201400014948;14;6;22;300;5;2;1;1;6;55;03, AVE DES TILLEULS;;;;130
201400014949;14;6;20;1510;1;2;2;1;2;55;15, TRA PARANGON;M;4324590;538025;130
201400014950;14;6;12;850;1;2;1;1;6;55;63, AVE JEAN LOMBARD;M;4328908;543001;130