num_acc;an;mois;jour;hrmn;lum;agg;int;atm;col;com;adr;gps;lat;long;dep
201400014951;14;6;20;1200;1;2;1;1;6;55;373, BD MICHELET;M;4325520;540134;130
201400014952;14;6;12;2130;5;2;1;1;6;55;01, AVE WILLIAM BOOTH;;;;130
201400014953;14;6;20;1420;1;1;2;1;1;55;00, BD ROMAIN ROLLAND;M;4327667;541869;130
201400014954;14;6;25;1745;1;2;1;1;1;55;22, BD FERDINAND DE LESS;M;4332007;537183;130
201400014955;14;6;19;1545;1;2;1;1;6;55;246, RUE DE LYON;M;4333232;536449;130
201400014956;14;6;20;1030;1;2;1;1;2;55;54, AVE DU MERLAN;M;4333636;540728;130
201400014957;14;6;27;745;1;2;6;1;6;55;00, RPT JEAN MONDET;M;4328968;548143;130
201400014958;14;7;2;1600;1;2;1;1;6;55;00, AVE DU CAP PINEDE RO;M;4332887;536559;130
201400014959;14;6;11;935;1;2;1;1;2;55;65, BD DU SABLIER;M;4325129;538298;130
201400014960;14;6;17;1215;1;2;1;1;4;55;173, AVE CLOT BEY;M;4325518;538218;130
201400014961;14;6;24;800;1;2;1;1;2;55;304, CHE DE L ARMEE D AF;M;4328549;542150;130
201400014962;14;6;29;1700;1;2;1;1;6;55;90, AVE DE MAZARGUES;;;;130
201400014963;14;6;25;1845;1;2;1;1;6;55;00, CHE DE LA PARETTE;;;;130
201400014964;14;6;14;930;1;2;1;1;6;55;115, RUE MONTAIGNE;M;4330390;541822;130
201400014965;14;6;11;1015;1;2;1;1;2;55;421, CHE DE LA MADRAGUE;M;4334090;535209;130
201400014966;14;6;11;1540;1;2;3;1;3;55;171, AVE DE LA VISTE;M;4336570;535689;130
201400014967;14;6;16;1730;1;2;3;1;3;55;01, RUE JEAN QUEILLAU;M;4333199;538661;130
201400014968;14;6;19;820;1;2;1;1;7;55;46, AVE DU CAP PINEDE RO;;;;130
201400014969;14;6;26;930;1;2;1;1;6;55;34, BD DU CAPITAINE GEZE;M;4333027;537011;130
201400014970;14;5;31;1930;1;2;1;1;5;55;217, AVE DES POILUS;M;4331949;546024;130
201400014971;14;6;1;1530;1;2;1;1;6;55;26, CHE DE SAINTE MARTHE;M;4331900;539026;130
201400014972;14;6;5;1310;1;2;1;1;6;55;00, BD DE L ANGELETTE;;;;130
201400014973;14;6;23;2000;5;1;1;1;6;55;04, QAI D ARENC;M;4331481;536561;130
201400014974;14;6;19;830;1;2;1;1;6;55;63, BD JEAN MOULIN;M;4328550;539882;130
201400014975;14;6;25;1700;1;2;1;1;4;55;00, AVE JEAN PAUL SARTRE;;;;130
201400014976;14;6;23;1600;1;2;1;1;6;55;99, RUE DE LYON;M;4332727;536621;130
201400014977;14;6;19;50;5;2;1;1;3;55;00, AVE PIERRE MENDES FR;;;;130
201400014978;14;5;16;900;1;2;1;1;6;55;144, RTE DE LA VALENTINE;M;4329007;547525;130
201400014979;14;6;9;1900;1;2;7;1;6;55;00, RUE CHARLES KADDOUZ;M;4330760;542544;130
201400014980;14;6;20;1400;1;2;1;1;6;55;00, AVE DES POILUS;;;;130
201400014981;14;6;20;1900;1;2;1;1;2;55;265, AVE DE LA CAPELETTE;M;4327917;541202;130
201400014982;14;5;9;1545;1;2;1;1;6;55;00, BD ROMAIN ROLLAND;;;;130
201400014983;14;4;5;1240;1;2;1;1;6;55;06, PCE DES ETATS UNIS;M;4332617;537492;130
201400014984;14;5;30;1910;1;2;1;1;1;55;10, AVE DE BOISBAUDRAN;M;4334041;537192;130
201400014985;14;6;27;630;1;2;1;1;3;55;00, AVE DU GENERAL LECLE;;;;130
201400014986;14;2;21;1900;5;2;1;1;7;55;08, PCE PAUL CEZANNE;M;4329248;538324;130
201400014987;14;6;17;1510;1;2;1;1;2;55;208, RUE SAINT PIERRE;M;4329255;539853;130
201400014988;14;5;17;1139;1;2;1;1;2;55;00, RPT ALAIN SAVARY;;;;130
201400014989;14;6;19;1030;1;2;1;1;3;55;398, RUE PARADIS;M;4327681;538379;130
201400014990;14;6;16;1800;1;2;1;1;6;55;220, RUE CHARLES KADDOUZ;M;4331734;543816;130
201400014991;14;6;28;25;5;2;3;1;2;55;340, BD ROMAIN ROLLAND;M;4327057;540749;130
201400014992;14;4;19;1550;1;2;1;1;6;55;250, BD ROMAIN ROLLAND;M;4327344;541312;130
201400014993;14;6;13;1730;1;2;1;1;3;55;02, AVE CLOT BEY;M;4326221;538773;130
201400014994;14;6;24;1455;1;2;1;1;6;55;141, AVE DE LATTRE DE TA;M;4324615;541755;130
201400014995;14;7;2;1410;1;2;1;1;6;55;36, BD CHARLES NEDELEC;M;4330291;537821;130
201400014996;14;6;26;1715;1;2;1;1;2;55;57, RUE DE L AUDIENCE;M;4329606;548678;130
201400014997;14;6;23;940;1;2;1;1;6;55;01, RUE PLUMIER;M;4330469;536967;130
201400014998;14;6;26;1720;1;2;1;1;6;55;00, AVE FRANCOIS MIGNET;;;;130
201400014999;14;6;16;1600;1;2;1;1;3;55;11, AVE DE SAINT ANTOINE;M;4336655;535670;130
201400015000;14;6;26;2015;1;2;1;1;3;55;49, AVE FRANCOIS MIGNET;M;4333118;542810;130
201400015001;14;6;27;2130;2;2;1;1;6;55;225, AVE DE LA ROSE;M;4332913;542737;130
201400015002;14;6;28;1600;1;2;1;1;6;55;01, CHE DU MERLAN A LA R;;;;130
201400015003;14;5;8;100;5;2;1;1;6;55;108, AVE JULES CANTINI;M;4328132;539212;130
201400015004;14;6;17;1700;1;2;1;1;3;55;190, BD DU REDON;M;4324953;542249;130
201400015005;14;6;25;1730;1;2;1;1;3;55;161, AVE DE LATTRE DE TA;M;4324615;541754;130
201400015006;14;6;26;1100;1;2;1;1;3;55;102, BD MIREILLE LAUZE;M;4328309;541040;130
201400015007;14;6;30;820;1;2;1;1;6;55;09, BD VELASQUEZ;M;4324303;538636;130
201400015008;14;6;30;1535;1;2;3;1;2;55;343, BD ROMAIN ROLLAND;M;4327132;540911;130
201400015009;14;6;25;1900;1;2;1;1;6;55;69, AVE BENJAMIN DELESSE;M;4328523;540438;130
201400015010;14;7;2;1530;1;2;2;1;6;55;68, BD FRANCOISE DUPARC;M;4330293;540078;130
201400015011;14;7;6;1740;1;2;1;1;7;55;159, RUE LE CHATELIER;M;4334887;537242;130
201400015012;14;6;30;1230;1;2;1;1;3;55;98, AVE DES CHARTREUX;M;4330595;539952;130
201400015013;14;6;30;2030;1;2;1;1;4;55;200, COR PRESIDENT JOHN;M;4326886;536906;130
201400015014;14;6;26;2150;3;2;3;1;3;55;207, BD DE PLOMBIERES;M;4331909;537910;130
201400015015;14;6;27;525;2;2;1;1;2;55;58, BD DE LA POMME;M;4329305;545055;130
201400015016;14;6;30;1930;1;2;1;1;6;55;08, BD FERDINAND DE LESS;M;4331937;536974;130
201400015017;14;6;28;1150;1;2;6;1;3;55;00, RPT LOUISE MICHEL 18;M;4336995;534610;130
201400015018;14;6;25;2340;5;2;1;1;3;55;13, BD DE PLOMBIERES;M;4331500;538750;130
201400015019;14;7;5;50;5;2;6;1;6;55;00, RPT PERE WRESINKI;M;4333021;540964;130
201400015020;14;6;12;1710;1;2;1;1;6;55;21, BD NOTRE DAME;M;4328927;537281;130
201400015021;14;6;14;1215;1;2;1;1;2;55;16, BD DUGOMMIER;M;4329861;538094;130
201400015022;14;6;10;950;1;2;1;1;6;55;22, AVE PASTEUR;M;4329068;535915;130
201400015023;14;6;30;1345;1;2;2;1;6;55;000, BD DE LA CORDERIE;M;4328986;536630;130
201400015024;14;5;29;1600;1;2;2;1;3;55;01, PCE DE L HOTEL DES P;M;4329926;537413;130
201400015025;14;6;15;1730;1;2;1;2;2;55;01, AVE JEAN PAUL SARTRE;;;;130
201400015026;14;6;19;1600;1;2;1;1;2;55;107, BD SAKAKINI;M;4329258;540134;130
201400015027;14;6;28;1415;1;2;1;1;6;55;230, AVE DU MERLAN;;;;130
201400015028;14;3;24;1300;1;2;1;1;6;55;000, IMP BERANGER;M;4336832;535613;130
201400015029;14;7;3;1700;1;2;1;1;6;55;01, BD LUCIEN BAGNASCO;M;4325115;537733;130
201400015030;14;7;2;1925;1;2;1;1;6;55;71, AVE DE HAMBOURG;M;4325070;538868;130
201400015031;14;6;26;1010;1;2;3;1;7;55;01, BD D ANJOU;M;4335340;536578;130
201400015032;14;6;23;1145;1;2;1;1;2;55;04, BD DE LA CONCORDE;M;4325018;540307;130
201400015033;14;7;4;2030;2;2;1;1;6;55;32, TRA NOTRE DAME DE BO;M;4331440;538589;130
201400015034;14;7;4;2100;1;2;1;1;6;55;37, BD HENRI BARNIER;M;4337316;535313;130
201400015035;14;7;4;835;1;2;2;1;3;55;00, RUE AMELIE;M;4332691;537609;130
201400015036;14;6;9;1200;1;2;1;1;4;55;191, AVE DES POILUS;M;4332017;545859;130
201400015037;14;7;4;1530;1;2;1;1;6;55;03, SQ STALINGRAD;M;4329958;538484;130
201400015038;14;6;16;1730;1;2;8;1;2;55;00, TRA DU PRADEL;;;;130
201400015039;14;4;27;1200;1;2;1;1;2;55;20, RUE LEON GOZLAN;M;4330570;538036;130
201400015040;14;3;31;730;1;2;1;1;6;55;296, AVE DES OLIVES;M;4332311;544668;130
201400015041;14;1;23;736;2;2;1;1;1;55;191, AVE DE SAINT LOUIS;M;4334990;535876;130
201400015042;14;3;5;1800;2;2;1;1;5;55;254, AVE DES OLIVES;M;4332392;544428;130
201400015043;14;7;3;1745;1;2;1;1;1;55;32, CHE DES AMARYLLIS;M;4331672;544144;130
201400015044;14;7;6;1855;1;2;1;1;1;55;TRA DE LA GOUFFONNE;;;;130
201400015045;14;7;8;1905;1;2;1;1;6;55;46, BD DE LA CARTONNERIE;M;4329126;546164;130
201400015046;14;7;15;1000;1;2;3;1;3;55;07, BD SAINT BRUNO;M;4331327;540355;130
201400015047;14;6;26;1430;1;2;3;1;3;55;509, AVE DU PRADO;M;4326536;537982;130
201400015048;14;3;13;1600;1;2;2;1;3;55;79 rue louis rege;M;4328172;539148;130
201400015049;14;7;30;1630;1;2;1;1;7;55;RTE LEON LACHAMP;;;;130
201400015050;14;6;30;1700;1;2;1;1;2;55;01, RUE D' ANDRE BARDON;;;;130
201400015051;14;6;28;1700;1;2;1;1;6;55;179, AVE DE LA CAPELETTE;M;4328061;540775;130
201400015052;14;4;19;2015;5;2;1;1;6;55;00, RUE AVIATEUR LE BRIX;;;;130
201400015053;14;6;15;215;5;2;1;1;2;55;34, BD DU CAPITAINE GEZE;M;4333025;537008;130
201400015054;14;7;17;1518;1;2;1;1;6;55;77, RUE RUISSEAU MIRABEA;M;4334945;534709;130
201400015055;14;5;21;1915;1;2;1;1;6;55;00, RPT HENRI MARTINET;;;;130
201400015056;14;4;15;1730;1;2;1;1;7;55;70, AVE DE LA MADRAGUE D;M;4323618;536184;130
201400015057;14;6;27;1850;1;2;1;1;3;2;499, G?N?RAL DE GAULLE (;;;;130
201400015058;14;7;1;1300;1;2;1;1;3;2;678, CANTON VERT (AVENUE;M;4334191;547131;130
201400015059;14;7;10;745;1;2;1;1;2;55;145, BD RABATAU;M;4327720;539850;130
201400015060;14;7;15;833;1;2;2;1;3;55;00, RUE CHATEAU PAYAN;M;4328931;538912;130
201400015061;14;7;1;1500;1;2;3;1;6;55;00, BD DE LA PUGETTE;M;4326868;540151;130
201400015062;14;7;5;1630;1;2;1;1;6;55;01, RTE DE LA TREILLE;M;4330167;550450;130
201400015063;14;6;22;1930;1;2;1;1;4;55;CHE DE SAINT ANTOINE A S;;;;130
201400015064;14;5;18;140;5;2;1;1;6;55;164, BD DE PLOMBIERES;M;4331880;537942;130
201400015065;14;7;10;1220;1;2;1;1;6;55;48, AVE DE SAINT LOUIS;M;4334393;535949;130
201400015066;14;7;7;1500;1;2;3;1;3;55;00, AVE RAIMU;M;4333320;539887;130
201400015067;14;7;13;1815;1;2;1;1;2;55;409, BD MICHELET;M;4325281;540269;130
201400015068;14;7;13;1725;1;2;1;1;6;55;97/99, PRO GEORGES POMPI;M;4326225;537461;130
201400015069;14;6;30;1215;1;2;1;1;6;55;141, BD RABATAU;;;;130
201400015070;14;7;12;1530;1;2;1;1;6;55;460, AVE DU PRADO;M;4326708;538282;130
201400015071;14;2;16;330;5;2;1;1;6;55;32, BD FERNAND BONNEFOY;M;4328038;540067;130
201400015072;14;7;4;1910;1;2;2;1;6;55;55, BD SAKAKINI;M;4329583;540029;130
201400015073;14;7;11;2340;5;2;1;1;2;55;02, BD CHAVE;M;4329495;538717;130
201400015074;14;7;6;1140;1;2;1;1;5;55;217, AVE DES POILUS;M;4331950;546029;130
201400015075;14;6;28;1315;1;2;1;1;2;55;79, CHE DU MERLAN A LA R;M;4333082;540543;130
201400015076;14;7;7;1230;1;2;1;1;4;55;211, RUE DU ROUET;M;4327606;539510;130
201400015077;14;7;7;1700;1;2;1;1;6;55;73, AVE DE LATTRE DE TAS;M;4324653;540829;130
201400015078;14;7;3;1130;1;2;3;1;6;55;12, RUE DAUMIER;M;4327840;538464;130
201400015079;14;7;2;1025;1;2;1;1;7;55;01, PCE ERNEST DELIBES;M;4327906;538303;130
201400015080;14;7;3;1850;1;2;1;1;2;55;347, RUE PARADIS;M;4327807;538331;130
201400015081;14;2;20;1755;1;2;3;1;3;55;05, RUE D' ANDRE BARDON;M;4328341;542700;130
201400015082;14;6;10;1400;1;2;1;1;6;55;00, CHE DU ROY D' ESPAGN;;;;130
201400015083;14;7;19;1700;1;2;1;1;6;55;07, AVE DE SAINT BARNABE;M;4330424;540735;130
201400015084;14;7;6;2030;2;2;1;1;2;55;141, RUE FRANCOIS MAURIA;M;4326915;542534;130
201400015085;14;6;27;1600;1;2;1;1;2;55;231, CHE DE LA MADRAGUE;M;4333289;535872;130
201400015086;14;7;3;1830;1;2;1;1;6;55;83, AVE DU CAP PINEDE RO;M;4332904;536558;130
201400015087;14;7;2;815;1;2;2;1;3;55;006, RUE BONNARDEL;;;;130
201400015088;14;7;8;900;1;2;3;1;6;55;0, BD DE LA COMTESSE;M;4332170;544839;130
201400015089;14;7;12;1400;1;2;1;1;2;55;300, BD DE SAINTE MARGUE;M;4326170;541442;130
201400015090;14;7;13;1830;1;2;1;1;7;55;37, AVE DE MONTREDON;M;4324421;537151;130
201400015091;14;7;7;1930;1;2;1;1;1;55;109, AVE CLOT BEY;M;4325803;538347;130
201400015092;14;7;5;2040;1;2;1;1;6;55;137, RUE RABELAIS;M;4335953;533220;130
201400015093;14;1;26;400;5;2;1;1;1;55;00, AVE PROSPER MERIMEE;;;;130
201400015094;14;7;13;1140;1;2;1;1;6;55;124, BD FRANCOISE DUPARC;M;4330762;540184;130
201400015095;14;6;16;1110;1;2;1;1;2;55;94, RUE FRANCOIS SCARAME;M;4330821;541090;130
201400015096;14;6;28;1100;1;2;1;1;6;55;51, AVE DU MERLAN;M;4333603;540733;130
201400015097;14;6;30;720;1;2;1;1;6;55;40, CHE DU VAL DES BOIS;M;4326394;542273;130
201400015098;14;7;3;2330;5;2;1;1;6;55;11, BD GAY LUSSAC;M;4333160;537467;130
201400015099;14;7;14;1145;1;2;1;1;6;55;18, RUE ALBERT MARQUET;M;4333274;541266;130
201400015100;14;7;3;745;1;2;1;1;6;55;01, RUE LUCIEN ROLMER;M;4330491;537609;130
201400015101;14;7;16;1310;1;2;1;1;6;55;67, CHE DE SAINTE MARTHE;M;4332175;538938;130
201400015102;14;7;5;1320;1;1;1;1;6;55;02, BD BAILLE;M;4328602;538433;130
201400015103;14;7;16;1910;1;2;1;1;4;55;00, AVE JULES CANTINI;;;;130
201400015104;14;7;17;1345;1;2;1;1;6;55;116, RUE FELIX PYAT;M;4331711;537404;130
201400015105;14;1;30;645;5;2;2;3;6;55;000, CHE DE SAINT ANTOIN;M;4335787;536585;130
201400015106;14;7;14;1850;1;2;1;1;2;55;57, TRA BERNABO;M;4333703;535743;130
201400015107;14;7;15;2245;4;2;1;1;2;55;379, RUE SAINT PIERRE;M;4329168;540929;130
201400015108;14;7;16;855;1;2;1;1;5;55;00, CHE DE L ARMEE D AFR;;;;130
201400015109;14;7;12;110;5;2;1;1;6;55;00, AVE SALVADOR ALLENDE;;;;130
201400015110;14;2;23;720;2;2;1;1;6;55;08, RUE DU CARGO RHIN FI;;;;130
201400015111;14;7;7;645;1;2;1;1;6;55;20, PGE DE L' ESTAQUE;M;4335981;531600;130
201400015112;14;5;12;1420;1;2;3;1;3;55;430, CHE DE LA MADRAGUE;M;4334094;535233;130
201400015113;14;1;9;1630;1;2;1;1;6;55;54, BD LAVERAN;M;4332854;541377;130
201400015114;14;1;21;1645;2;2;3;1;4;55;01, BD HENRI BARNIER;M;4335997;534290;130
201400015115;14;6;19;940;1;2;1;1;6;55;02, CV DE LA MILLIERE A;;;;130
201400015116;14;7;3;910;1;2;1;1;1;55;00, BD JEAN MOULIN;;;;130
201400015117;14;7;18;845;1;2;1;1;6;55;04, AVE EMMANUEL ALLARD;M;4328934;543848;130
201400015118;14;7;17;1630;1;2;1;1;2;55;01, RPT PIERRE PARAF;M;4333022;538834;130
201400015119;14;7;17;1015;1;2;1;1;2;55;706, CHE DU LITTORAL;M;4335754;532027;130
201400015120;14;7;1;1730;1;2;1;1;6;55;110, TRA DE LA MALVINA;M;4332118;546095;130
201400015121;14;7;8;640;1;1;1;1;6;55;53, AVE PASTEUR;M;4328929;535942;130
201400015122;14;7;3;2215;5;2;1;1;6;55;160, CHE DES JONQUILLES;M;4332319;543776;130
201400015123;14;6;30;1730;1;2;1;1;1;106;329, 8 MAI 1945 (AVENUE;;;;130
201400015124;14;7;13;2000;1;2;1;1;7;55;37, AVE ANDRE ZENATTI;M;4324676;538478;130
201400015125;14;7;24;1725;1;2;1;1;3;55;151, BD MICHELET;M;4326498;539556;130
201400015126;14;7;24;1630;1;2;1;1;1;55;108, RUE LE CHATELIER;M;4334689;536770;130
201400015127;14;7;16;1150;1;2;1;1;6;55;01, BD DU DOCTEUR RODOCA;M;4327455;538650;130
201400015128;14;7;25;910;1;2;1;1;6;55;00, BD CHARLES LIVON;;;;130
201400015129;14;7;24;1510;1;2;2;1;3;55;79, AVE DE LA ROSE;M;4332623;542071;130
201400015130;14;7;26;420;5;2;1;1;6;55;02, RUE PIERRE BERANGER;M;4331080;544286;130
201400015131;14;7;27;1750;1;2;2;1;3;55;81, ALL LATERALE I. CRS;M;4328996;537258;130
201400015132;14;7;29;1300;1;2;1;1;3;55;01, CHE DU MERLAN A LA R;M;4332852;541745;130
201400015133;14;7;18;2330;5;2;1;9;7;55;00, AVE D' HAIFA;;;;130
201400015134;14;7;19;1740;1;2;1;1;2;55;211, BD ROMAIN ROLLAND;M;4327463;541533;130
201400015135;14;6;19;1330;1;2;2;1;6;55;48, BD FIGUIERE;M;4331039;540744;130
201400015136;14;7;4;645;1;2;1;1;6;55;105, RUE D ENDOUME;M;4328702;536402;130
201400015137;14;6;26;1215;1;2;1;1;3;55;49, BD DE LA LIBERATION;M;4329992;538786;130
201400015138;14;6;25;1903;1;2;3;1;6;55;84, VSN QUAI DU PORT A L;M;4329598;536882;130
201400015139;14;6;1;200;5;2;1;1;6;55;244, SQ NOTRE DAME D' AF;;;;130
201400015140;14;6;8;100;5;2;1;1;2;55;31, BD NOTRE DAME;M;4328887;537297;130
201400015141;14;6;15;1600;1;1;1;2;7;55;200, AVE ROGER SALENGRO;M;4331809;536823;130
201400015142;14;6;16;1010;1;2;7;1;2;55;61, BD RABATAU;M;4327544;539593;130
201400015143;14;4;19;245;5;2;1;1;6;55;626, RUE SAINT PIERRE;M;4329012;542578;130
201400015144;14;5;21;1730;1;2;1;1;6;55;42, BD MICHELET;M;4325231;540303;130
201400015145;14;4;25;1550;1;2;1;1;7;55;01, RPT IBRAHIM ALI (197;;;;130
201400015146;14;6;5;2330;3;2;1;1;2;55;10, RTE DE LA VALENTINE;;;;130
201400015147;14;7;11;2215;5;2;1;6;2;55;75, RUE LOUIS REGIS;M;4328857;550108;130
201400015148;14;6;11;1630;1;2;1;1;3;55;15, AVE JEAN PAUL SARTRE;;;;130
201400015149;14;3;14;1945;5;2;3;1;3;55;57, RUE TEISSERE;;;;130
201400015150;14;6;19;940;1;2;1;1;6;55;108, BD DE SAINT LOUP;M;4328270;543202;130
201400015151;14;6;24;2030;1;2;1;1;2;55;123, COR PRESIDENT JOHN;M;4328750;535220;130
201400015152;14;6;25;840;1;2;1;1;3;55;07, QAI DE LA JOLIETTE;M;4330354;536489;130
201400015153;14;7;31;1530;1;2;1;1;6;55;85, AVE DE LA POINTE ROU;M;4324557;537330;130
201400015154;14;8;3;1055;1;2;1;1;2;55;55, RUE DU DOCTEUR ESCAT;M;4328330;538164;130
201400015155;14;7;8;1640;1;2;1;1;6;55;341, CHE DE LA MADRAGUE;M;4333782;535773;130
201400015156;14;7;9;1940;1;2;1;1;6;55;131, CRS LIEUTAUD;M;4328785;538476;130
201400015157;14;7;14;1820;1;2;1;1;6;55;43, QAI DE RIVE NEUVE;M;4329241;536664;130
201400015158;14;7;19;2030;1;2;5;1;3;55;02, RUE SAINTE CECILE;M;4328671;539037;130
201400015159;14;6;18;1015;1;2;1;1;6;55;18, BD GASTON CREMIEUX;M;4327952;537973;130
201400015160;14;7;13;1440;1;2;3;1;6;55;00, BD DANIELLE CASANOVA;M;4332589;537437;130
201400015161;14;7;1;2145;5;2;1;1;2;55;160, BD DE SAINT MARCEL;M;4328763;546483;130
201400015162;14;1;27;1230;1;2;2;1;6;55;00, RUE LOUIS MOURONVAL;M;4331188;538643;130
201400015163;14;7;1;1630;1;2;3;1;1;55;00, AVE DE LATTRE DE TAS;M;4324592;542100;130
201400015164;14;8;2;200;5;2;1;1;1;55;60, BD VOLTAIRE;M;4330337;538578;130
201400015165;14;7;24;845;1;2;1;1;3;55;122, BD DE LA CORDERIE;;;;130
201400015166;14;7;10;740;1;2;1;1;2;55;24, AVE DU PRADO;M;4328412;538444;130
201400015167;14;7;21;1130;1;2;1;7;6;55;438, BD MIREILLE LAUZE;M;4328834;543498;130
201400015168;14;7;4;1730;1;2;2;1;3;55;343, BD ROMAIN ROLLAND;M;4327133;540912;130
201400015169;14;7;25;1225;1;2;1;1;3;55;154, BD DE SAINT LOUP;M;4328363;543453;130
201400015170;14;7;6;1345;1;1;1;1;7;2;00, ETIENNE CUCCA-CD908;;;;130
201400015171;14;7;2;1250;1;2;1;1;2;55;45, CHE DU VALLON DE L';M;4328216;536341;130
201400015172;14;7;26;400;5;2;2;1;7;55;00, CHE DU VALLON DE TOU;M;4326657;542677;130
201400015173;14;7;17;1656;1;2;1;1;3;55;138, RUE MONTAIGNE;M;4330383;541749;130
201400015174;14;7;24;2140;5;2;6;1;3;55;00, PRK ANDRE BARDON/FLO;M;4328208;542692;130
201400015175;14;7;1;2300;5;2;3;1;3;55;00, AVE DU PRADO;M;4326909;538637;130
201400015176;14;7;2;1640;1;2;1;1;1;55;26, CHE DES CAMPANULES;M;4330162;544814;130
201400015177;14;7;10;2100;2;2;1;1;6;55;08, AVE DE HAMBOURG;M;4325377;538410;130
201400015178;14;7;1;1230;1;2;1;1;3;55;176, AVE DES POILUS;M;4332099;545804;130
201400015179;14;7;16;1015;1;2;1;1;6;55;50, BD FERDINAND DE LESS;M;4332102;537539;130
201400015180;14;7;16;1730;1;2;1;1;2;55;01, RPT DE FORESTA;M;4336593;535460;130
201400015181;14;7;19;1945;1;2;1;1;7;55;143, AVE DE LA CROIX ROU;M;4333425;544181;130
201400015182;14;6;16;1100;1;2;1;1;3;55;154, CHE DE LA COMMANDER;M;4334578;536145;130
201400015183;14;6;28;1230;1;2;1;1;1;55;00, BD DU CAPITAINE GEZE;;;;130
201400015184;14;5;21;850;1;2;1;1;6;55;88, BD DE LA CORDERIE;M;4329019;536845;130
201400015185;14;6;3;1630;1;2;1;1;3;55;042, QAI DE RIVE NEUVE;;;;130
201400015186;14;6;25;1630;1;2;3;1;3;55;304, RUE SAINT PIERRE;M;4329162;540599;130
201400015187;14;7;5;2145;5;2;1;1;7;55;55, BD JEAN MOULIN;M;4328646;539920;130
201400015188;14;7;12;200;5;2;1;1;3;55;294, RUE SAINT ANTOINE;M;4337580;535604;130
201400015189;14;7;28;100;5;2;1;2;6;55;99, BD DE LA LIBERATION;M;4330061;538987;130
201400015190;14;7;11;1000;1;2;1;1;6;55;152, AVE DE MAZARGUES;M;4326546;539029;130
201400015191;14;7;16;550;2;2;1;1;6;55;00, CHE DE SORMIOU;;;;130
201400015192;14;7;18;1225;1;2;1;1;6;55;256, AVE DE TOULON;M;4328338;539721;130
201400015193;14;8;4;2045;1;2;1;1;6;55;00, AVE DE LA MARTHELINE;;;;130
201400015194;14;6;22;120;5;2;2;1;6;55;01, BD D ATHENES;M;4329913;538089;130
201400015195;14;7;22;1100;1;2;1;1;2;55;227, RUE SAINT PIERRE;M;4329264;539906;130
201400015196;14;7;26;2000;1;1;2;1;3;55;35, RUE D' ALGER;M;4328931;538913;130
201400015197;14;7;17;1115;1;2;1;1;2;55;400, AVE PIERRE MENDES F;M;4325502;537634;130
201400015198;14;7;22;720;1;2;1;1;2;55;00, RUE DU ROUET;;;;130
201400015199;14;7;28;850;1;2;1;1;6;55;28, BD MICHELET;M;4327073;539209;130
201400015200;14;6;9;725;1;2;1;1;3;55;148, AVE PIERRE MENDES F;;;;130
201400015201;14;7;17;1515;1;2;1;1;6;55;254, AVE DU PRADO;M;4327500;538953;130
201400015202;14;6;10;1600;1;2;1;1;2;55;430, AVE DE LATTRE DE TA;M;4324498;542482;130
201400015203;14;4;11;2315;4;2;1;1;3;55;000, PCE BOUGAINVILLE;;;;130
201400015204;14;7;24;1530;1;2;1;1;6;55;00, BD ODDO;;;;130
201400015205;14;7;20;1800;1;2;3;1;1;55;120, CHE DE PALAMA;M;4336054;544299;130
201400015206;14;7;27;1310;1;2;1;1;6;75;31, JEAN GIONO (AVE);M;4334653;545651;130
201400015207;14;8;5;1840;1;2;1;1;6;55;00, BD DES BASSINS DE RA;;;;130
201400015208;14;6;27;20;5;2;2;1;3;55;0, BD BAILLE;M;4328638;538577;130
201400015209;14;6;28;2220;5;2;3;1;1;55;00, CRS BELSUNCE;M;4329638;537765;130
201400015210;14;7;7;1500;1;2;1;1;6;55;29, RUE DE LA PROVIDENCE;M;4329960;537820;130
201400015211;14;7;23;800;1;2;1;1;4;55;05, CRS GOUFFE;M;4328659;538632;130
201400015212;14;7;24;840;1;2;1;1;6;55;00, AVE DU PARC BORELY;;;;130
201400015213;14;7;18;1120;1;2;1;1;6;75;122, LIBERATION (AVE DE;M;4334253;545745;130
201400015214;14;7;23;1610;1;2;1;1;1;55;00, RTE LEON LACHAMP;;;;130
201400015215;14;8;7;450;5;2;1;1;2;55;35, BD SCHLOESING;M;4327408;540020;130
201400015216;14;8;7;800;1;2;1;1;6;55;14, BD GUSTAVE GANAY;M;4326574;539948;130
201400015217;14;8;7;1230;1;2;1;1;6;55;00, BD DANIELLE CASANOVA;;;;130
201400015218;14;7;25;1640;1;2;2;1;3;55;100, CRS LIEUTAUD;M;4329110;538307;130
201400015219;14;7;26;1600;1;2;1;1;6;55;00, BD CHARLES MORETTI;;;;130