num_acc;an;mois;jour;hrmn;lum;agg;int;atm;col;com;adr;gps;lat;long;dep
201400015220;14;7;22;1520;1;2;1;1;3;55;143, RUE*D ENDOUME;M;4328622;536213;130
201400015221;14;7;24;1100;1;2;6;1;2;55;01, TRA PARANGON;M;4324573;538036;130
201400015222;14;7;24;925;1;2;3;1;6;55;01, CHE DES PAROYES;M;4335915;546052;130
201400015223;14;7;25;945;1;2;5;1;3;55;358, AVE DE SAINT ANTOIN;M;4337865;535683;130
201400015224;14;7;26;1840;1;2;1;1;7;55;80, CHEMIN VICINAL DE LA;;;;130
201400015225;14;7;23;1100;1;1;2;1;1;75;146, FREDERIC*MISTRAL (A;M;4335188;547589;130
201400015226;14;7;20;1140;1;2;4;1;3;55;387, BD NATIONAL;M;4331480;537263;130
201400015227;14;7;25;900;1;2;1;1;6;55;23, AVE DE CORINTHE;M;4328350;539023;130
201400015228;14;7;29;1135;1;2;1;1;5;55;115, AVE DU*PRADO;M;4328006;538739;130
201400015229;14;7;28;1630;1;2;1;1;6;55;243, AVE DES POILUS;M;4331847;545971;130
201400015230;14;7;27;1950;1;2;3;1;3;55;00, AVE LOUIS MALOSSE;M;4329821;545011;130
201400015231;14;7;3;1600;1;2;2;1;6;55;01, BD MIRABEAU;M;4331455;537050;130
201400015232;14;7;7;1530;1;2;1;1;6;55;10, CRS PIERRE PUGET;M;4329052;537699;130
201400015233;14;7;24;1600;1;2;2;1;3;55;100, BD DE LA BLANCARDE;M;4330319;540311;130
201400015234;14;7;27;920;1;2;2;1;3;55;49, BD DE LA LIBERTE;M;4330185;538334;130
201400015235;14;7;27;415;5;2;1;1;6;55;01, PCE DU GENERAL FERRI;M;4327760;539895;130
201400015236;14;7;31;1630;1;2;1;1;6;55;69, AVE DE LATTRE DE TAS;M;4324661;540814;130
201400015237;14;7;23;1835;1;2;3;1;3;55;56, AVE DE FRAIS VALLON;M;4332554;543051;130
201400015238;14;7;28;1500;1;2;1;1;6;55;00, CHE DU LITTORAL;;;;130
201400015239;14;7;28;1900;1;2;1;1;1;55;23, BD LAVERAN;M;4332504;541478;130
201400015240;14;7;30;2130;5;2;1;1;6;55;347, AVE DE CHATEAU GOMB;M;4335047;543201;130
201400015241;14;7;30;1615;1;2;1;1;1;55;40, AVE DE LA CROIX ROUG;M;4333128;543258;130
201400015242;14;7;6;2020;1;2;1;1;6;55;162, VOI LA CANEBIERE;M;4329878;538446;130
201400015243;14;7;30;1330;1;2;2;1;6;55;00, BD MARIUS THOMAS;M;4328506;536000;130
201400015244;14;7;31;1810;1;2;3;1;3;55;17, RUE DU CAMBODGE;M;4328052;537513;130
201400015245;14;7;10;1220;1;2;2;1;3;55;00, RUE DE CRIMEE;M;4330903;537841;130
201400015246;14;7;31;410;5;2;1;1;3;55;160, AVE DU PRADO;M;4327903;538732;130
201400015247;14;8;5;1500;1;2;1;1;6;55;35, RUE ADOLPHE THIERS;M;4329744;538539;130
201400015248;14;8;9;1330;1;2;1;1;6;55;255, AVE DU PRADO;M;4327422;539067;130
201400015249;14;8;3;45;5;2;1;8;6;55;200, COR PRESIDENT JOHN;M;4326886;536909;130
201400015250;14;8;5;800;1;2;1;1;6;55;110, RUE SAINT PIERRE;M;4329194;539348;130
201400015251;14;8;6;35;5;2;1;1;7;55;36, BD JEAN MOULIN;M;4328760;540031;130
201400015252;14;7;6;1215;1;2;1;1;6;55;83, PRO GEORGES POMPIDOU;M;4326372;537391;130
201400015253;14;8;8;2135;5;2;1;1;5;55;38, AVE DE LA CROIX ROUG;M;4333123;543236;130
201400015254;14;6;16;930;1;2;1;1;3;55;00, AVE PAUL GAFFAREL;;;;130
201400015255;14;6;16;930;1;2;1;1;2;55;01, AVE ARNAVON;;;;130
201400015256;14;8;3;235;5;2;1;3;7;55;01, RPT HENRI FRENAY;M;4325449;537640;130
201400015257;14;4;23;200;5;2;1;8;6;55;222, AVE DE LA MADRAGUE;;;;130
201400015258;14;7;22;1745;1;2;1;1;6;55;21, AVE DE LA FOURRAGERE;M;4329896;543066;130
201400015259;14;8;4;1645;1;1;1;1;6;55;68, RTE DES CAMOINS;M;4329655;549586;130
201400015260;14;8;5;1123;1;2;1;1;6;55;125, AVE DU PRADO;M;4327990;538749;130
201400015261;14;2;3;1130;1;2;3;1;6;55;237, RUE DE LYON;M;4333344;536409;130
201400015262;14;3;28;1830;2;2;6;1;7;55;00, RPT 1ERE ARMEE FRANC;M;4337353;535486;130
201400015263;14;5;27;1445;1;2;1;1;2;55;00, AVE DU MARCHE NATION;;;;130
201400015264;14;8;2;2300;5;2;6;3;3;55;00, AVE DU CAP PINEDE RO;M;4332871;536569;130
201400015265;14;8;12;1425;1;2;1;1;6;55;326, AVE DE MONTOLIVET;M;4331767;541754;130
201400015266;14;8;3;1200;1;2;1;1;6;55;34, BD DU CAPITAINE GEZE;M;4333024;537008;130
201400015267;14;7;9;1740;1;2;3;1;1;55;551, AVE DE MAZARGUES;M;4325413;539435;130
201400015268;14;7;26;1550;1;2;6;1;6;55;00, RPT IAN PALACH;;;;130
201400015269;14;7;31;1750;1;1;6;1;6;55;00, RPT M.LAUZE/FLORIAN;M;4328584;542526;130
201400015270;14;8;1;1830;1;2;1;1;6;2;00, QUATRE SAISONS (ROUT;;;;130
201400015271;14;8;4;1015;1;2;1;1;6;55;19, AVE DE LA TIMONE;M;4328552;540018;130
201400015272;14;8;7;840;1;2;3;1;2;55;00, BD SCHLOESING;M;4327017;540262;130
201400015273;14;8;2;1715;1;2;1;1;6;55;100, BD DE SAINT LOUP;M;4328258;543167;130
201400015274;14;8;7;2005;1;2;1;1;4;55;00, PGE DE L' ESTAQUE;;;;130
201400015275;14;8;14;1850;1;2;2;1;3;55;100, AVE ROGER SALENGRO;M;4331676;536913;130
201400015276;14;7;31;250;5;2;1;1;6;55;02, RUE DU MONASTERE;M;4330165;540080;130
201400015277;14;8;11;5;5;2;1;1;7;55;83, BD VAUBAN;M;4328306;537468;130
201400015278;14;8;1;1640;1;2;1;1;6;55;30, BD CHARLES LIVON;M;4329224;536207;130
201400015279;14;8;7;1;5;2;1;1;1;55;00, BD RABATAU;;;;130
201400015280;14;7;30;1730;1;2;1;1;6;55;00, CHE DE SORMIOU;;;;130
201400015281;14;8;10;425;5;2;1;1;6;55;200, COR PRESIDENT JOHN;M;4326888;536906;130
201400015282;14;8;7;1045;5;2;1;1;4;55;03, BD GASTON RAMON;M;4326678;539541;130
201400015283;14;7;22;2100;5;2;1;1;2;55;44, BD DU CAPITAINE GEZE;M;4333049;537096;130
201400015284;14;8;9;745;1;2;1;1;6;55;01, RUE CAVAIGNAC;M;4330637;538503;130
201400015285;14;8;4;930;1;2;1;1;1;55;122, BD ROMAIN ROLLAND;M;4327765;542050;130
201400015286;14;8;6;1430;1;2;3;1;3;55;01, BD PERIER;M;4327986;538680;130
201400015287;14;6;11;2340;5;2;1;1;7;55;27, CRS PIERRE PUGET;M;4329021;537552;130
201400015288;14;8;10;2340;5;2;2;1;5;55;11, RUE BERNEX;M;4330063;538834;130
201400015289;14;8;10;1705;1;2;1;1;6;55;222, BD ROMAIN ROLLAND;M;4327459;541522;130
201400015290;14;8;6;1320;1;2;1;1;2;55;105, BD DE LA BARASSE RN;M;4328533;548208;130
201400015291;14;7;31;1500;1;2;1;1;2;55;18, RUE ARMENY;M;4329056;537823;130
201400015292;14;8;6;1410;1;2;2;1;3;55;75, RUE D' ITALIE;M;4328795;538344;130
201400015293;14;8;4;1930;1;2;1;1;2;55;48, AVE DE SAINT LOUIS;M;4334388;535948;130
201400015294;14;7;29;950;1;2;1;1;6;55;373, BD MICHELET;M;4325511;540115;130
201400015295;14;8;13;1730;1;2;1;1;6;55;149, CHE DE LA COMMANDER;M;4334583;536145;130
201400015296;14;8;20;1315;2;1;2;1;3;55;00, PIERRE CHEVALIER (RU;M;4329493;542699;130
201400015297;14;8;21;1910;1;2;1;1;6;55;13, BD BAILLE;M;4328642;538526;130
201400015298;14;8;8;1400;1;2;1;1;6;55;00, VSN ROVE ANC CHE DU;;;;130
201400015299;14;8;12;1150;1;2;2;1;3;55;48, RUE D' ITALIE;M;4328885;538289;130
201400015300;14;8;15;1515;1;2;2;1;3;55;35, RUE GRANOUX;M;4329871;539878;130
201400015301;14;7;27;1010;1;2;1;1;6;55;179, AVE DES OLIVES;M;4332570;544101;130
201400015302;14;7;29;1015;1;2;1;1;6;55;14, RUE LEON CHARVE;M;4328342;535884;130
201400015303;14;8;13;1730;1;2;1;1;6;55;53, BD DE PONT DE VIVAUX;M;4328008;541929;130
201400015304;14;8;24;530;5;2;6;1;1;55;300, AVE DU PRADO;M;4327259;539100;130
201400015305;14;7;17;1600;1;2;1;1;3;55;01, BD DU MARECHAL JUIN;M;4331109;540358;130
201400015306;14;8;10;1950;1;2;2;1;3;55;23, RUE DE LA CARRIERE;M;4331968;538258;130
201400015307;14;8;11;1930;1;2;2;1;3;55;00, BD DE PLOMBIERES;M;4331498;538797;130
201400015308;14;8;6;850;1;2;1;1;1;55;79, RUE DE LA MAURELLE;M;4332232;544025;130
201400015309;14;8;13;1030;1;2;1;3;1;55;614, CHE DU LITTORAL;M;4335391;532850;130
201400015310;14;8;16;1515;1;1;3;1;1;55;132, RUE ALPHONSE DAUDET;M;4332156;541109;130
201400015311;14;8;17;1745;1;2;1;1;2;55;01, AVE SALVADOR ALLENDE;;;;130
201400015312;14;7;15;1950;1;2;1;1;3;75;02, LOUIS PASTEUR (AVE);M;4335907;546614;130
201400015313;14;8;8;855;1;2;3;1;1;2;12, JEAN GIONO (AVENUE);;;;130
201400015314;14;8;9;1000;1;2;1;1;6;55;23, AVE DES CAILLOLS;M;4330412;542391;130
201400015315;14;8;17;1900;1;2;1;1;2;55;120, RUE FRANCOIS MAURIA;M;4327064;542274;130
201400015316;14;8;14;1340;1;2;1;1;6;2;676, CANTON VERT (AVENUE;M;4334203;547113;130
201400015317;14;8;26;8;5;2;2;1;2;55;00, RUE DE LA ROTONDE;M;4330047;538320;130
201400015318;14;8;25;2130;5;2;1;1;7;55;01, SQ DE NARVIK;;;;130
201400015319;14;8;24;1;5;2;2;1;6;106;01, DESSERTE (CHEMIN DE);;;;130
201400015320;14;8;16;1950;1;2;1;1;4;55;317, COR PRESIDENT JOHN;M;4327452;536125;130
201400015321;14;8;3;1300;1;2;1;1;2;55;595, AVE PIERRE MENDES F;;;;130
201400015322;14;8;9;1900;1;2;1;1;6;55;24, AVE CLAUDE MONET;M;4332530;539404;130
201400015323;14;8;21;1730;1;2;3;1;1;55;377, RUE DE LYON;M;4333954;536176;130
201400015324;14;2;2;1350;1;2;2;1;2;55;75, BD DE PARIS;M;4330877;537081;130
201400015325;14;7;30;2000;1;2;1;1;1;2;00, ETIENNE CUCCA-CD908;;;;130
201400015326;14;8;18;1630;1;2;2;1;3;55;50, RUE DE RUFFI;M;4331161;537131;130
201400015327;14;8;24;1900;1;2;1;1;6;55;01, RUE DE FORBIN;M;4330649;537321;130
201400015328;14;9;1;2320;5;2;2;1;3;55;439, RUE DE LYON;M;4334257;535967;130
201400015329;14;7;21;510;5;2;1;1;6;55;54, CRS LIEUTAUD;M;4329330;538237;130
201400015330;14;5;12;1530;1;2;1;1;6;55;37, CHE DE LA MADRAGUE V;;;;130
201400015331;14;8;19;2100;5;1;1;2;6;55;00, AVE DE MONTREDON;;;;130
201400015332;14;8;14;950;1;2;1;1;6;55;0, AVE DU DOCTEUR HECKEL;;;;130
201400015333;14;8;19;1510;1;2;1;1;6;55;11, BD BEZOMBES;M;4328798;542923;130
201400015334;14;3;15;1550;1;2;6;1;2;55;00, RPT M.LAUZE/FLORIAN;M;4328514;542595;130
201400015335;14;8;16;2250;5;2;1;1;6;55;141, BD DE SAINT MARCEL;M;4328803;546378;130
201400015336;14;7;15;1200;1;2;1;1;6;55;136, CHE HENRI BEYLE;M;4335223;536040;130
201400015337;14;8;20;1840;1;2;2;1;5;75;01, JULES ROLLANDIN (BD);M;4334749;546373;130
201400015338;14;8;20;2130;5;2;1;1;7;2;335, MOULINS (RUE DES);;;;130
201400015339;14;8;23;1855;1;2;1;1;1;55;62, RUE RAPHAEL PONSON;M;4326657;538836;130
201400015340;14;8;29;100;5;2;1;1;6;55;90, AVE DU PRADO;M;4328195;538598;130
201400015341;14;8;21;1745;1;2;1;1;2;55;250, BD PERIER;M;4327719;537544;130
201400015342;14;8;10;1315;1;2;1;1;2;55;298, AVE DES POILUS;M;4331553;546155;130
201400015343;14;5;11;130;5;2;6;1;6;55;00, RUE AVIATEUR LE BRIX;M;4326276;540446;130
201400015344;14;8;14;1800;1;2;1;1;6;55;26, AVE ALEXANDRE DUMAS;M;4326395;538988;130
201400015345;14;9;3;2050;2;2;1;1;6;55;329, BD MICHELET;M;4325773;539992;130
201400015346;14;8;29;300;5;2;1;1;7;55;40, BD DE DUNKERQUE;M;4330686;536774;130
201400015347;14;9;2;1240;1;2;2;1;6;55;00, BD DU MARECHAL JUIN;M;4330940;540294;130
201400015348;14;7;31;1720;1;2;3;1;6;55;157, BD BOMPARD;M;4327846;536019;130
201400015349;14;5;24;1950;1;2;1;1;6;55;11, CHE DE LA BIGOTTE;;;;130
201400015350;14;8;4;1130;1;2;3;1;3;55;37, AVE BELLE VUE;M;4331508;538028;130
201400015351;14;8;21;1845;1;2;1;1;1;55;22, RUE EDMOND JALOUX;M;4332890;538093;130
201400015352;14;8;27;1645;1;2;2;1;3;55;21, RUE NEUVE SAINTE CAT;M;4329192;536832;130
201400015353;14;7;21;1530;1;2;1;1;2;55;128, RUE AUGUSTIN AUBERT;M;4326412;540416;130
201400015354;14;8;20;1830;1;2;1;1;6;55;06, RUE ROGER RENZO;M;4327932;539354;130
201400015355;14;7;13;2230;5;2;1;1;6;55;112, RPT WILLIAM BOOTH L;M;4329566;544627;130
201400015356;14;8;12;725;1;2;1;1;6;55;13, RUE PIERRE DRAVET;M;4328892;546223;130
201400015357;14;8;27;945;1;2;2;1;3;55;138, RUE DU DOCTEUR CAUV;M;4329825;541668;130
201400015358;14;8;26;2300;5;2;1;1;3;55;01, RUE EDGAR MELIK;;;;130
201400015359;14;8;23;1115;1;2;1;1;6;55;115, BD DE LA MILLIERE;M;4328340;549849;130
201400015360;14;9;2;800;1;2;1;1;6;55;02, BD DE SAINT LOUP;M;4328161;542756;130
201400015361;14;8;21;1700;1;2;1;1;7;75;00, TERMES (ALLEE DES);;;;130
201400015362;14;6;7;1650;1;2;1;1;3;55;100, RUE DU ROUET;M;4328045;538989;130
201400015363;14;8;29;750;1;2;3;1;7;55;00, CHE DE SAINT JOSEPH;M;4334361;538534;130
201400015364;14;8;31;1700;1;2;1;1;6;55;352, CHE DE SAINT ANTOIN;M;4336673;536304;130
201400015365;14;8;7;1020;1;2;1;1;1;55;44, CHE DE L AMERICAINE;M;4337171;536284;130
201400015366;14;8;12;1926;1;2;1;1;2;55;358, AVE DE SAINT ANTOIN;M;4337854;535687;130
201400015367;14;8;29;2035;2;2;1;1;6;55;46, CRS LIEUTAUD;M;4329374;538221;130
201400015368;14;9;8;1130;1;2;1;1;6;55;24, RUE LULLI;M;4329233;537648;130
201400015369;14;9;1;2230;5;2;1;1;6;55;19, RUE HENRI BARBUSSE;M;4329843;537404;130
201400015370;14;8;29;1730;1;2;1;1;6;55;11, BD FERNAND BONNEFOY;M;4328062;540099;130
201400015371;14;8;31;1200;1;2;1;1;7;55;626, RUE SAINT PIERRE;M;4329029;542554;130
201400015372;14;8;21;1440;1;1;1;1;4;55;246, AUT NORD LYON MARSE;;;;130
201400015373;14;8;28;1830;1;2;1;1;6;106;43, BEDOULE (CHEMIN DE L;M;4338753;535201;130
201400015374;14;8;24;830;1;2;3;1;3;55;140, VSN PRADO CASTELLAN;M;4327987;538684;130
201400015375;14;8;31;1715;1;2;3;1;3;55;289, BD ROMAIN ROLLAND;M;4327281;541180;130
201400015376;14;8;5;1330;1;2;6;1;3;55;00, RPT PROFESSEUR PIERR;;;;130
201400015377;14;9;1;1700;1;1;6;2;6;55;70, RUE SAINT JEAN DU DE;M;4329869;543673;130
201400015378;14;8;24;1845;1;2;1;1;7;2;00, ETIENNE CUCCA-CD908;;;;130
201400015379;14;9;2;1050;1;2;3;1;3;75;00, LIBERATION (AVE DE L;M;4334055;545658;130
201400015380;14;9;4;820;1;2;6;1;6;2;34, MARCEL JULIEN (AVENU;M;4335602;548692;130
201400015381;14;9;2;2100;5;2;1;1;7;55;59, PRO GEORGES POMPIDOU;M;4326480;537340;130
201400015382;14;9;2;1120;1;2;2;1;3;55;140, VSN PRADO AVE;M;4327989;538675;130
201400015383;14;8;28;2120;5;2;1;1;7;55;63, AVE CLAUDE MONET;M;4332640;539453;130
201400015384;14;8;20;1130;1;2;1;1;6;55;108 Boulevard de la Valb;M;4328747;544810;130
201400015385;14;9;4;930;1;2;1;1;7;55;39, CRS LIEUTAUD;M;4329330;538238;130
201400015386;14;9;8;1820;1;2;2;1;3;55;11, BD DE PLOMBIERES;;;;130
201400015387;14;9;7;1420;1;2;1;1;1;55;41, AVE ALEXANDRE ANSALD;M;4333333;540309;130
201400015388;14;9;6;400;5;2;1;1;2;55;00, AVE DU GENERAL LECLE;;;;130
201400015389;14;9;10;540;5;2;1;1;1;55;30, CHE DE LA MADRAGUE V;M;4332058;536506;130
201400015390;14;9;7;1030;1;2;1;1;6;55;00, AVE DE LA POINTE ROU;;;;130
201400015391;14;9;10;1915;1;2;1;1;2;106;51, 8 MAI 1945 (AVENUE D;M;4338767;535962;130
201400015392;14;9;11;915;1;2;1;1;6;55;210, BD DE LA LIBERATION;M;4330260;539614;130
201400015393;14;9;11;1715;1;2;1;1;3;55;207, BD DE PLOMBIERES;M;4332072;537886;130
201400015394;14;9;13;1800;1;2;1;1;4;55;152, AVE DE LA MADRAGUE;M;4323901;536552;130
201400015395;14;8;18;1700;1;2;3;1;6;55;18, RUE COLBERT;M;4329925;537411;130
201400015396;14;8;27;1455;1;2;2;1;3;55;00, CRS PIERRE PUGET;M;4329004;537253;130
201400015397;14;8;30;1630;1;2;1;1;6;55;218, CHE DE SAINTE MARTH;M;4333090;538893;130
201400015398;14;7;9;2150;5;2;2;1;3;55;24, RUE NEUVE SAINTE CAT;M;4329214;536897;130
201400015399;14;8;21;1545;1;2;1;1;6;55;77, BD FRANCOISE DUPARC;M;4330532;540077;130
201400015400;14;8;23;650;2;2;1;1;2;75;33, MARECHAL JUIN (AVE D;M;4335211;546093;130
201400015401;14;8;28;1430;1;2;2;1;3;55;28, RUE ABBE DE L EPEE;M;4329701;538879;130
201400015402;14;9;3;1800;1;2;3;1;3;55;84, BD ODDO;M;4332922;536554;130
201400015403;14;9;4;750;1;2;1;1;6;55;20, RUE LOUBON;M;4331164;537870;130
201400015404;14;9;4;930;1;2;1;1;6;55;89, BD DE STRASBOURG;M;4330925;537870;130
201400015405;14;9;6;1410;1;2;1;1;3;55;00, RUE DE LA PETITE OUR;M;4334180;537293;130
201400015406;14;9;6;1457;1;2;1;1;6;55;360, CHE DE LA MADRAGUE;;;;130
201400015407;14;9;6;1730;1;2;1;1;1;55;000, CHE DU CAP JANET;;;;130
201400015408;14;7;5;1515;1;2;1;1;2;55;197, AVE PIERRE MENDES F;M;4325182;537571;130
201400015409;14;9;3;1640;1;2;1;1;6;55;105, RUE FLORALIA;M;4324535;538917;130
201400015410;14;9;5;2220;5;2;1;1;6;55;106, BD DE SAINT MARCEL;M;4328859;546206;130
201400015411;14;9;1;1030;1;2;1;1;6;55;347, BD MICHELET;;;;130
201400015412;14;9;16;1840;1;2;1;1;6;55;00, TUN TUNNEL ST CHARLE;;;;130
201400015413;14;9;1;1900;1;2;2;1;6;55;349, BD ROMAIN ROLLAND;M;4327133;540909;130
201400015414;14;9;3;1830;1;2;1;1;6;55;86, BD DE PONT DE VIVAUX;M;4328065;542114;130
201400015415;14;9;5;1900;1;2;2;1;3;55;371, BD ROMAIN ROLLAND;M;4327060;540747;130
201400015416;14;9;6;955;1;2;1;1;4;55;555, RUE SAINT PIERRE;M;4329048;542028;130
201400015417;14;8;26;1720;1;2;1;1;2;55;141, BD DE SAINT MARCEL;M;4328803;546375;130
201400015418;14;8;27;1740;1;2;1;1;6;55;028, BD DE LA PADOUANE;M;4335341;536640;130
201400015419;14;9;3;1545;1;2;2;1;6;55;12, PCE BOUGAINVILLE;;;;130
201400015420;14;8;24;350;5;2;1;1;2;55;66, VOI LA CANEBIERE;M;4329711;537966;130
201400015421;14;6;10;1415;1;2;2;1;3;55;00, RUE BERNEX;M;4330063;538833;130
201400015422;14;8;28;1311;1;2;2;1;1;55;78, AVE DE LA CORSE;M;4328936;535760;130
201400015423;14;9;7;1400;1;2;1;1;6;55;146, BD BAILLE;;;;130
201400015424;14;8;27;1945;1;2;3;1;6;55;00, BD RICARD;M;4331281;538449;130
201400015425;14;7;31;930;1;2;1;1;1;55;67, AVE DE SAINT ANTOINE;M;4336970;535630;130
201400015426;14;9;4;1530;1;2;2;1;2;55;27, AVE DU PRADO;M;4328402;538479;130
201400015427;14;8;23;1700;1;2;3;1;6;55;00, AVE DE LA MADRAGUE D;M;4323877;536517;130
201400015428;14;8;31;1030;1;2;1;1;2;55;00, COR PRESIDENT JOHN F;;;;130
201400015429;14;9;4;1150;1;2;1;1;1;55;224, BD ROMAIN ROLLAND;M;4327421;541465;130
201400015430;14;9;12;1350;1;2;1;1;2;55;01, RPT PROFESSEUR LOUIS;M;4324665;543451;130
201400015431;14;9;9;1010;1;2;1;1;6;55;34, RUE DE LA CREDENCE;;;;130
201400015432;14;9;9;1000;1;2;2;1;3;55;186, BD DE PARIS;;;;130
201400015433;14;9;9;1705;1;2;1;1;6;55;56, CHE DE GIBBES;;;;130
201400015434;14;4;2;1600;1;2;3;1;3;55;01, TRA DE L HERMITAGE;M;4336217;535732;130
201400015435;14;9;17;2135;5;2;1;3;4;55;171, AVE DE LA VISTE;M;4336504;535689;130
201400015436;14;9;4;2000;5;2;1;1;6;55;00, RUE ANDRE MAURIC;;;;130
201400015437;14;9;4;1700;1;2;1;1;6;55;101, AVE DES OLIVES;M;4332721;543666;130
201400015438;14;9;14;1550;1;2;2;1;3;55;160, RUE ALBERT EINSTEIN;M;4333914;543981;130
201400015439;14;9;13;1530;1;2;4;1;6;55;298, AVE DU VINGT QUATRE;M;4330992;544163;130
201400015440;14;9;15;750;1;2;1;2;2;55;04, RUE MARIUS DUBOIS;M;4327747;539936;130
201400015441;14;9;11;1600;1;2;1;1;2;55;00, BD DANIELLE CASANOVA;;;;130
201400015442;14;9;4;1530;1;2;6;1;7;2;01, GUERIDON (CHEMIN  DU;M;4333186;548655;130
201400015443;14;9;8;1040;1;2;1;1;2;55;765, CHE DU LITTORAL;M;4335695;532730;130
201400015444;14;9;18;1631;1;2;1;1;6;55;36, BD CHARLES LIVON;M;4329225;536055;130
201400015445;14;9;18;1549;1;2;1;1;6;55;00, BD SAKAKINI;;;;130
201400015446;14;9;21;700;2;2;1;1;7;55;176, AVE JULES CANTINI;M;4327945;539559;130
201400015447;14;9;22;1145;1;2;2;1;6;55;47, RUE LE CHATELIER;M;4334825;536248;130
201400015448;14;9;9;1030;1;2;1;1;6;55;469, RUE PARADIS;M;4327281;538550;130
201400015449;14;9;11;1315;1;2;1;1;6;55;94, RUE D AUBAGNE;M;4329357;538178;130
201400015450;14;8;31;1810;1;2;1;1;2;55;11, BD DE LA POMME;;;;130
201400015451;14;6;8;145;5;2;1;1;6;55;44, AVE MARIE JEANNE BER;M;4329395;548791;130
201400015452;14;9;6;2152;1;2;1;1;6;55;18, TRA DES QUATRE CHEMI;M;4331572;542200;130
201400015453;14;9;7;2200;5;2;1;1;2;55;55, AVE DU VINGT QUATRE;M;4330797;543056;130
201400015454;14;9;8;915;1;2;1;1;7;55;99, RTE DES CAMOINS;M;4329806;549813;130
201400015455;14;9;11;1935;1;2;2;1;3;55;00, AVE DE SAINT BARNABE;M;4330428;541307;130
201400015456;14;9;4;530;5;2;1;1;6;55;96, RUE DE LYON;M;4332644;536654;130
201400015457;14;9;1;1745;1;2;1;1;1;55;249, AVE DES AYGALADES;M;4335213;536545;130
201400015458;14;9;1;650;1;2;1;1;6;55;01, RUE DU CARGO RHIN FI;M;4332731;535531;130
201400015459;14;9;15;1100;1;2;1;1;6;55;107, BD JEANNE D' ARC;M;4329297;540633;130
201400015460;14;9;5;1015;1;2;1;1;7;55;81, BD DE SAINT LOUP;M;4328274;543208;130
201400015461;14;9;13;1050;1;2;1;1;7;55;147, CR DES PRUD' HOMMES;;;;130
201400015462;14;8;29;1730;1;2;1;1;2;55;24, BD SCHLOESING;M;4327431;540001;130
201400015463;14;9;11;955;1;2;1;1;6;106;00, BEDOULE (CHEMIN DE L;;;;130
201400015464;14;9;12;800;1;2;3;1;1;55;96, AVE DE LA CAPELETTE;M;4328140;540506;130
201400015465;14;9;6;1650;1;2;1;1;6;55;00, BD MICHELET;;;;130
201400015466;14;7;21;2040;1;2;1;1;2;55;325, BD ROMAIN ROLLAND;M;4327191;541020;130
201400015467;14;9;2;1400;1;2;3;1;6;55;00, BD DE LA POMME;M;4329326;545506;130
201400015468;14;9;8;1200;1;2;1;1;6;55;45, RUE D ENDOUME;M;4328886;536652;130
201400015469;14;8;18;1510;1;2;1;1;7;55;207, BD DE SAINT MARCEL;M;4328677;546731;130
201400015470;14;9;17;600;5;2;1;1;1;55;49/55, AVE DU DOCTEUR HE;M;4328739;544200;130
201400015471;14;9;22;1655;1;2;1;1;6;55;11, QAI DES BELGES;M;4329464;537456;130
201400015472;14;9;16;630;1;2;1;1;6;55;363, RUE PARADIS;M;4327720;538366;130
201400015473;14;9;6;1130;1;2;1;1;2;55;00, AVE ANDRE ZENATTI;;;;130
201400015474;14;9;8;1445;1;2;1;1;2;55;61, AVE ROGER SALENGRO;M;4331239;537190;130
201400015475;14;9;9;2000;2;2;1;1;6;55;55, SQ DE LA COMETE;M;4334446;537308;130
201400015476;14;9;12;1600;1;2;1;1;7;55;00, AVE MILLIE MATHYS;;;;130
201400015477;14;9;13;1345;1;2;3;1;3;55;07, BD DE BRIANCON;M;4331690;536955;130
201400015478;14;9;13;1815;1;2;1;1;6;55;101, CHE DE SAINTE MARTH;;;;130
201400015479;14;9;18;1250;1;2;1;1;6;55;12, BD DE PARIS;M;4330600;537238;130
201400015480;14;9;19;2030;5;2;1;1;7;55;00, AVE DE LA FOURRAGERE;;;;130
201400015481;14;9;24;1655;1;2;1;1;6;55;033, VSN MARECHAL JUIN F;;;;130
201400015482;14;9;9;1720;1;2;1;1;6;55;32, CRS LIEUTAUD;M;4329428;538202;130
201400015483;14;9;12;900;1;2;3;1;3;55;84, RUE DE LODI;M;4328861;538793;130
201400015484;14;9;19;1530;1;2;1;1;6;55;142, CRS LIEUTAUD;M;4328859;538434;130
201400015485;14;9;9;710;1;2;1;1;2;55;03, AVE CAMILLE PELLETAN;M;4330261;537431;130
201400015486;14;9;9;1015;1;2;1;1;4;55;121, CHE DE SAINTE MARTH;M;4332516;538824;130
201400015487;14;9;9;1430;1;2;1;1;6;55;297, AVE DE SAINT ANTOIN;M;4337670;535630;130
201400015488;14;9;20;1820;1;2;1;1;6;55;67, AVE DE FRAIS VALLON;M;4332539;542940;130