num_acc;an;mois;jour;hrmn;lum;agg;int;atm;col;com;adr;gps;lat;long;dep
201400015489;14;9;16;1630;1;2;1;1;1;55;07, RUE EMILE ZOLA;M;4324789;539985;130
201400015490;14;9;19;800;1;2;1;1;4;55;114, BD MIREILLE LAUZE;M;4328153;541107;130
201400015491;14;2;28;515;3;2;1;8;7;55;62, AVE JULES CANTINI;M;4328268;538960;130
201400015492;14;8;1;930;1;2;1;1;7;55;01, PIERRE CHEVALIER (RU;M;4329529;542537;130
201400015493;14;9;4;1900;1;2;1;1;7;55;210, RUE PIERRE DOIZE;M;4327271;542815;130
201400015494;14;9;15;1210;1;2;1;1;6;2;0, ENCO DE BOTTE (ROUTE;;;;130
201400015495;14;9;16;1610;1;2;2;1;6;55;168, AVE DE SAINT JULIEN;M;4330763;542546;130
201400015496;14;9;18;1055;1;2;1;1;2;55;219, AVE DE CHATEAU GOMB;M;4334575;542472;130
201400015497;14;9;18;1330;1;2;1;1;7;55;122, RUE DE LYON;M;4332721;536626;130
201400015498;14;9;29;1700;1;2;1;8;6;55;168, AVE DE LA ROSE;M;4332861;542625;130
201400015499;14;9;29;1830;1;2;1;1;7;55;78, BD NATIONAL;M;4330602;538356;130
201400015500;14;8;19;1920;1;2;1;1;6;55;04, RUE DES DOMINICAINES;M;4329999;537619;130
201400015501;14;9;13;1110;1;2;1;1;6;55;06, BD D ATHENES;M;4329918;538088;130
201400015502;14;9;30;1630;1;2;1;3;6;55;80, AVE ALEXANDRE ANSALD;M;4333089;540591;130
201400015503;14;9;17;1535;1;2;3;1;1;55;AVE DE MAZARGUES;M;4326143;539358;130
201400015504;14;9;23;2120;5;2;1;2;7;55;70, AVE DE MAZARGUES;M;4326812;538898;130
201400015505;14;9;18;2000;3;2;7;1;6;55;00, AVE DE MAZARGUES;M;4324762;540046;130
201400015506;14;9;19;715;1;2;1;8;6;55;239, CV DE MORGIOU;M;4323323;541253;130
201400015507;14;9;20;1300;1;2;1;1;6;55;02, AVE DE BONNEVEINE;;;;130
201400015508;14;9;22;1730;1;1;1;1;6;55;131, AVE DU PRADO;M;4327958;538766;130
201400015509;14;9;11;1730;1;2;1;1;6;55;02, RUE PIERRE DRAVET;M;4328886;546145;130
201400015510;14;9;17;1100;1;2;1;1;6;55;00, BD DE LA POMME;;;;130
201400015511;14;9;20;1345;1;2;1;1;6;55;68, BD DE PLOMBIERES;M;4331605;538466;130
201400015512;14;9;23;1805;1;2;1;1;6;55;00, AVE ALEXANDRE FLEMIN;;;;130
201400015513;14;9;3;1110;1;1;3;1;1;55;134, BD DE PONT DE VIVAU;M;4328157;542365;130
201400015514;14;9;11;1425;1;2;1;1;6;2;314, ETIENNE CUCCA-CD908;M;4336088;549399;130
201400015515;14;9;17;1825;1;2;1;1;6;75;17, LOUIS PASTEUR (AVE);M;4335093;546818;130
201400015516;14;8;24;1340;1;2;1;1;6;55;01, PCE DES MARSEILLAISE;M;4330137;537988;130
201400015517;14;8;24;1850;1;2;2;1;6;55;44, CRS FRANKLIN ROOSEVE;M;4329896;538815;130
201400015518;14;9;7;700;1;2;1;1;7;55;02, RAM SAINT MAURICE;;;;130
201400015519;14;9;21;1445;1;2;1;1;6;55;139, AVE CAMILLE PELLETA;M;4330804;537394;130
201400015520;14;8;25;1900;1;2;1;1;6;55;270, BD PAUL CLAUDEL;M;4326976;542189;130
201400015521;14;9;22;1954;2;2;3;1;6;55;09, TRA PETROCCOCHINO;M;4325214;538395;130
201400015522;14;9;16;1605;1;2;6;1;1;55;00, RPT PERE WRESINKI;;;;130
201400015523;14;6;22;1;5;2;1;1;6;55;546, AVE DU PRADO;M;4326433;537822;130
201400015524;14;10;1;2020;5;2;3;1;6;55;168, BD DE SAINT MARCEL;M;4328725;546595;130
201400015525;14;9;22;2000;5;2;1;1;6;55;00, CHE DE LA MADRAGUE V;;;;130
201400015526;14;10;4;248;5;2;1;1;6;55;06, BD DE SAINTE MARGUER;M;4326959;540181;130
201400015527;14;9;29;1525;1;2;1;1;6;55;61, ALL DE LA GRANDE BAS;;;;130
201400015528;14;9;8;1555;1;2;1;1;7;55;01, BD DE LA VALBARELLE;M;4328582;544248;130
201400015529;14;8;21;2300;5;2;1;1;6;55;06, RUE DES LICES;M;4328948;536705;130
201400015530;14;9;20;930;1;2;1;1;2;55;19, AVE DE SAINT MENET;M;4328966;549577;130
201400015531;14;9;22;2130;5;2;1;1;6;55;00, BD ACHILLE MARCEL;;;;130
201400015532;14;9;23;2020;5;2;1;1;6;55;78, BD DES LIBERATEURS;M;4330107;546213;130
201400015533;14;9;11;905;1;2;1;1;6;55;327, BD MICHELET;M;4325796;539978;130
201400015534;14;9;25;1815;1;2;1;1;4;2;21, PROVENCE (AVENUE DE);;;;130
201400015535;14;9;24;1130;1;2;1;1;7;55;60, BD CAMILLE FLAMMARIO;M;4330560;539219;130
201400015536;14;9;22;1230;1;2;1;1;6;55;00, COR PRESIDENT JOHN F;;;;130
201400015537;14;9;26;740;1;2;1;1;6;55;116, BD DE SAINT LOUP;M;4328286;543240;130
201400015538;14;9;28;1825;1;2;1;1;1;2;00, ETIENNE CUCCA-CD908;;;;130
201400015539;14;8;29;1015;1;2;1;1;2;55;08, RUE NEGRESKO;M;4327016;539182;130
201400015540;14;9;22;1010;1;2;1;1;6;55;33, AVE DES FELIBRES;M;4331154;542523;130
201400015541;14;10;7;30;5;2;1;1;7;55;00, RUE PAUL LANGEVIN;M;4334536;542912;130
201400015542;14;9;22;1450;1;2;1;1;6;55;138, RUE PARADIS;M;4328753;537924;130
201400015543;14;9;25;1225;1;2;1;1;6;55;00, BD GARIBALDI;;;;130
201400015544;14;9;30;740;1;2;1;2;6;55;219, AVE DES CHARTREUX;M;4331227;540132;130
201400015545;14;9;6;1500;1;2;1;1;6;55;00, RPT ANTOINE SARTORIO;M;4336159;534510;130
201400015546;14;9;21;25;5;2;1;1;7;55;141, AVE DE MONTOLIVET;M;4331037;540911;130
201400015547;14;9;21;40;5;2;2;1;6;55;02, CRS LIEUTAUD;M;4329615;538145;130
201400015548;14;8;12;2310;5;2;1;1;6;55;582, CHE DU LITTORAL;M;4335396;533223;130
201400015549;14;9;10;1025;1;2;1;1;6;55;85, RUE DE LA REPUBLIQUE;M;4330230;536910;130
201400015550;14;9;13;1130;1;2;2;1;6;55;00, RUE LE CHATELIER;M;4334769;536173;130
201400015551;14;9;26;1730;1;2;2;1;6;55;00, BD DU MARECHAL JUIN;M;4331321;540509;130
201400015552;14;9;27;1400;1;2;1;1;6;55;62, CHE DU LITTORAL;M;4333330;535465;130
201400015553;14;9;27;1930;3;2;1;1;2;55;05, CHE DE SAINT JOSEPH;M;4334126;538659;130
201400015554;14;10;5;130;5;2;1;1;6;55;07, QAI DE RIVE NEUVE;M;4329369;537253;130
201400015555;14;10;5;2215;5;2;2;1;7;55;45, BD FRANCOISE DUPARC;M;4330293;540068;130
201400015556;14;9;14;1020;1;2;1;1;6;55;122, VSN COMMANDANT ROLL;M;4326926;538097;130
201400015557;14;9;27;1405;1;2;1;1;6;55;01, PCE LOUIS BONNEFON;M;4325423;538195;130
201400015558;14;8;27;1705;1;2;1;1;6;55;57, MTE DE SAINT MENET;M;4328863;549913;130
201400015559;14;10;3;2230;5;2;1;1;6;55;160, BD DE LA BARASSE RN;M;4328465;548437;130
201400015560;14;10;4;540;5;2;1;1;6;55;132, RUE DE CRIMEE;M;4330844;537905;130
201400015561;14;9;16;830;1;2;1;1;2;55;00, VOL LESSEPS / PASSER;;;;130
201400015562;14;9;24;1900;1;2;1;1;6;55;81, RUE LE CHATELIER;M;4334660;536462;130
201400015563;14;9;27;1540;1;2;1;1;4;55;09, AVE DE SAINT ANTOINE;M;4336635;535673;130
201400015564;14;9;27;2145;5;2;3;1;3;55;144, CHE DE SAINT ANTOIN;M;4335624;536967;130
201400015565;14;9;30;2010;5;2;3;2;3;55;00, BD LIONEL TERRAY;M;4331557;540378;130
201400015566;14;10;1;1500;1;2;1;1;6;55;00, AVE JENNY HELIA;M;4336659;535574;130
201400015567;14;10;1;1800;1;2;1;1;6;55;34, BD DU CAPITAINE GEZE;M;4333030;537004;130
201400015568;14;10;2;710;1;2;1;1;6;55;36, AVE DU MERLAN;M;4333535;540748;130
201400015569;14;10;9;2130;5;2;2;1;3;55;22, AVE DE MONTOLIVET;M;4330814;540310;130
201400015570;14;10;9;2100;5;2;2;1;6;55;149, BD RABATAU DANIEL M;M;4327935;539928;130
201400015571;14;10;11;1;5;2;1;1;2;75;144, LIBERATION (AVE DE;M;4334408;545949;130
201400015572;14;10;8;1335;1;2;1;1;1;106;0000, DESSERTE (CHEMIN D;;;;130
201400015573;14;4;5;550;2;2;1;1;3;55;421, BD MICHELET;M;4325232;540296;130
201400015574;14;9;2;1040;1;2;2;1;3;55;82, RUE BRETEUIL;M;4328752;537694;130
201400015575;14;9;11;1630;1;2;1;1;6;55;48, BD VOLTAIRE;M;4330278;538455;130
201400015576;14;9;29;1740;1;2;2;1;6;55;02, BD LEGLIZE;M;4331131;539621;130
201400015577;14;10;2;2030;5;2;1;1;1;55;431, RUE SAINT PIERRE;M;4329171;541279;130
201400015578;14;9;30;730;1;2;1;2;6;55;00, BD DE PLOMBIERES;;;;130
201400015579;14;9;30;1550;1;2;1;2;6;55;385, BD NATIONAL;M;4331463;537294;130
201400015580;14;9;30;1040;1;2;1;3;1;55;0, RTE LEON LACHAMP;;;;130
201400015581;14;10;1;1025;1;2;1;1;7;55;18, CHE DU VAL DES BOIS;M;4326421;542277;130
201400015582;14;8;27;1800;1;2;1;1;6;55;349, AVE DU PRADO;M;4327028;538822;130
201400015583;14;9;25;1115;1;2;1;2;6;55;58, AVE JEAN LOMBARD;M;4328872;543001;130
201400015584;14;9;25;1030;1;2;1;1;6;55;00, AVE DU PRADO;;;;130
201400015585;14;9;13;1115;1;2;1;1;6;55;148, AVE DES PEINTRES RO;M;4330126;547579;130
201400015586;14;10;3;1215;1;2;1;1;6;55;216, BD HENRI BARNIER;M;4336693;534345;130
201400015587;14;10;3;905;1;2;1;1;7;55;52, RUE RAPHAEL;M;4326803;539017;130
201400015588;14;8;25;1745;1;2;1;1;6;55;62, CRS LIEUTAUD;M;4329274;538252;130
201400015589;14;10;1;1350;1;2;1;1;7;55;42, RUE TAPIS VERT;M;4329865;537917;130
201400015590;14;8;16;1150;1;2;2;1;3;55;70, RUE SAINT JEAN DU DE;M;4329871;543667;130
201400015591;14;9;24;1000;1;2;1;1;6;55;121, AVE DE LA CAPELETTE;M;4328145;540500;130
201400015592;14;9;29;1220;1;1;1;1;6;55;61, RTE LEON LACHAMP;M;4324636;543143;130
201400015593;14;10;1;1310;1;2;1;1;4;55;98, AVE DES POILUS;M;4332465;545534;130
201400015594;14;10;2;815;1;2;1;1;6;55;113, AVE DE SAINT JULIEN;M;4330690;542196;130
201400015595;14;10;7;1000;1;2;1;2;7;55;61, CHE SAINT JEAN DU DE;M;4329357;540700;130
201400015596;14;7;24;2340;5;2;1;1;7;55;13, RUE RICARD;M;4331341;538406;130
201400015597;14;9;8;1805;1;2;1;1;6;55;01, RPT VERRERIE LAFFON;;;;130
201400015598;14;9;19;1610;1;2;1;1;6;55;00, PCE MARCEAU;M;4330506;537291;130
201400015599;14;10;1;1145;1;2;1;1;6;55;215, CHE DE SAINTE MARTH;M;4333096;538897;130
201400015600;14;10;10;1230;1;2;1;1;6;55;01, BD DE LA STATION;M;4333375;538295;130
201400015601;14;9;25;2105;5;2;2;1;6;55;64, BD SAKAKINI;M;4329583;540015;130
201400015602;14;9;13;1215;1;2;1;1;2;55;194, BD PAUL CLAUDEL;M;4326800;541815;130
201400015603;14;10;4;1240;1;2;1;1;6;55;99, RUE FLORALIA;M;4324516;538972;130
201400015604;14;9;6;1905;1;2;1;1;2;55;305, BD DE SAINT MARCEL;M;4328628;547267;130
201400015605;14;9;26;915;1;2;2;1;3;55;000, PCE DU 10 JUIN 1944;;;;130
201400015606;14;6;11;2215;5;2;1;1;6;55;35, RUE NIELS BOHR;M;4333624;544498;130
201400015607;14;10;1;2010;5;2;1;1;6;55;00, RUE HENRI COCHET;;;;130
201400015608;14;7;25;1530;1;2;1;1;6;55;35, BD BOUES;M;4331219;538168;130
201400015609;14;9;20;1500;1;2;1;1;4;55;00, AVE DE SAINT LOUIS;;;;130
201400015610;14;10;5;2230;5;2;2;1;3;55;70, RUE DU CAMAS;M;4329727;539408;130
201400015611;14;10;6;945;1;2;1;1;6;55;40, BD VINCENT DELPUECH;M;4328098;539513;130
201400015612;14;9;24;910;1;2;1;2;7;2;18, ETIENNE CUCCA-CD908;;;;130
201400015613;14;10;5;1650;1;2;1;1;6;75;117, LIBERATION (AVE DE;M;4330087;539060;130
201400015614;14;10;4;33;5;2;1;1;6;55;0, AVE DE MONTREDON;;;;130
201400015615;14;9;28;2340;5;2;3;1;6;55;72, CHE DU MERLAN A LA R;M;4333046;541252;130
201400015616;14;9;29;1000;1;2;1;1;6;55;255, AVE DES OLIVES;M;4332346;544570;130
201400015617;14;10;1;730;2;2;1;1;6;55;25, AVE ALEXANDRE ANSALD;M;4333532;540008;130
201400015618;14;10;6;830;1;2;1;1;2;55;01, AVE DU MARCHE NATION;M;4334150;537312;130
201400015619;14;10;3;2345;5;2;1;1;6;55;206, RUE FELIX PYAT;M;4332060;537465;130
201400015620;14;10;9;1040;1;2;1;1;6;55;00, RUE DES CEDRATS;;;;130
201400015621;14;8;25;1710;1;2;1;1;6;55;01, CHE DE LA NERTHE;M;4336340;531576;130
201400015622;14;10;2;1145;1;2;1;1;1;55;68, BD DU CAPITAINE GEZE;M;4333146;537554;130
201400015623;14;10;8;1500;1;2;1;1;6;55;25, AVE DU PRADO;M;4328432;538501;130
201400015624;14;10;9;1630;1;2;1;1;6;55;39, BD SAKAKINI;M;4329715;540060;130
201400015625;14;10;10;1050;1;2;1;1;6;55;34, RUE BRIFFAUT;M;4329434;539743;130
201400015626;14;10;12;125;5;2;1;1;6;55;01, PCE DE L HOTEL DES P;M;4329906;537410;130
201400015627;14;10;7;1530;1;2;1;1;3;55;09, RUE EDMOND ROSTAND;M;4328900;538003;130
201400015628;14;10;1;1515;1;2;1;1;6;55;87, BD MIREILLE LAUZE;;;;130
201400015629;14;10;7;1400;1;2;2;1;3;55;174, CHE DE L ARMEE D A;M;4328691;541242;130
201400015630;14;10;11;1635;1;2;1;1;6;55;132, AVE DE LA CAPELETTE;;;;130
201400015631;14;10;4;1345;1;2;1;1;7;55;111, RPT VALENTINE SABLI;M;4329341;548095;130
201400015632;14;10;9;2300;5;2;1;1;6;55;08, RUE GORDE;M;4328572;539924;130
201400015633;14;10;8;740;1;2;1;1;6;55;00, CHE DE SAINT JOSEPH;;;;130
201400015634;14;10;6;1900;5;2;1;1;4;55;01, CHE DU LITTORAL;;;;130
201400015635;14;10;7;2115;5;2;1;1;7;55;02, AVE JEAN BOUIN;M;4326682;540293;130
201400015636;14;10;3;1030;1;2;1;1;6;55;262, BD PAUL CLAUDEL;M;4326955;542136;130
201400015637;14;10;6;1725;1;2;1;1;6;55;23, RUE FRANCOIS MAURIAC;M;4327785;541653;130
201400015638;14;10;2;1250;1;2;1;1;6;55;160, RUE LE CHATELIER;M;4334879;537215;130
201400015639;14;8;30;1740;1;2;3;1;1;55;00, BD DES BOUIRES;M;4329918;545341;130
201400015640;14;10;13;1845;1;2;1;1;6;55;38, AVE DU MARCHE NATION;M;4333910;538116;130
201400015641;14;10;19;525;5;2;1;1;6;55;6310, BD JEAN MOULIN;;;;130
201400015642;14;10;19;2020;2;2;1;1;6;55;19, RUE DE LA BIBLIOTHEQ;M;4329562;538489;130
201400015643;14;10;6;1230;1;2;1;1;2;55;65, AVE DE LA CAPELETTE;M;4328292;540203;130
201400015644;14;9;25;1920;2;2;6;1;6;55;00, RPT M.LAUZE/FLORIAN;M;4328584;542526;130
201400015645;14;10;19;1900;2;2;1;1;6;55;112, AVE WILLIAM BOOTH;M;4329567;544626;130
201400015646;14;10;13;1330;1;2;1;1;6;55;90, RUE DE L' EVECHE;M;4330081;536677;130
201400015647;14;10;13;1115;1;2;1;1;6;55;01, RTE LEON LACHAMP;M;4324500;542800;130
201400015648;14;10;17;1610;1;2;1;1;6;55;78, AVE ANDRE ZENATTI;;;;130
201400015649;14;9;23;1210;1;2;1;1;6;55;153, AVE DE SAINT LOUIS;M;4334845;535894;130
201400015650;14;10;14;1050;1;2;1;1;6;55;34, CHE DE SAINTE MARTHE;M;4331910;539024;130
201400015651;14;8;27;1230;1;2;1;1;6;55;02, QAI DE LA JOLIETTE;M;4330435;536510;130
201400015652;14;10;22;50;5;2;1;1;7;55;72, CHE DU MERLAN A LA R;M;0;541326;130
201400015653;14;7;30;309;5;2;1;1;1;55;00, BD BOURRELY;;;;130
201400015654;14;10;1;1430;1;2;1;1;4;55;222, AVE DE LA VISTE;;;;130
201400015655;14;10;2;1620;1;2;1;1;6;55;10, RUE JUNOT;M;4331069;537632;130
201400015656;14;10;8;1050;1;2;6;1;7;55;00, RPT PASCAL LENA;M;4333119;539833;130
201400015657;14;10;11;1600;1;2;1;1;6;55;32, AVE CAMILLE PELLETAN;M;4330359;537376;130
201400015658;14;9;13;530;5;2;1;1;6;55;00, BD DU REDON;;;;130
201400015659;14;10;17;2245;5;2;1;1;1;55;369, AVE DU PRADO;M;4326941;538685;130
201400015660;14;10;9;1945;5;2;1;1;6;55;000, QAI D ARENC;;;;130
201400015661;14;10;14;1900;1;2;1;1;2;55;00, QAI DU LAZARET;;;;130
201400015662;14;10;1;2030;5;2;1;1;6;55;145, BD DANIELLE CASANOV;M;4332632;537459;130
201400015663;14;9;26;745;1;2;1;1;2;55;67, BD DU CAPITAINE GEZE;M;4333219;537592;130
201400015664;14;9;14;1500;1;2;1;1;6;55;00, QAI DE RIVE NEUVE;;;;130
201400015665;14;9;17;1000;1;2;1;1;6;55;36, BD CHARLES LIVON;M;4329227;536068;130
201400015666;14;10;11;1825;1;2;1;1;6;55;01, PCE BUREL;M;4331437;538740;130
201400015667;14;10;13;1935;5;2;1;1;3;55;64, AVE DE LA CORSE;M;4328884;536048;130
201400015668;14;8;30;1040;1;2;1;1;6;55;02, BD MIREILLE JOURDAN-;M;4324590;537422;130
201400015669;14;9;25;2140;5;2;1;1;6;55;116, BD MIREILLE LAUZE;M;4328206;541051;130
201400015670;14;10;10;1900;5;2;1;1;7;55;01, BD BAPTISTIN CAYOL;M;4324841;538217;130
201400015671;14;10;15;1525;1;2;1;1;6;55;158, BD DE SAINTE MARGUE;M;4326601;540850;130
201400015672;14;8;5;1700;1;2;1;1;2;55;551, AVE DU PRADO;M;4326367;537792;130
201400015673;14;10;10;1000;1;2;1;1;2;55;00, AVE JEAN PAUL SARTRE;;;;130
201400015674;14;10;27;555;5;2;1;1;6;55;00, AVE DU CAP PINEDE RO;M;4357932;500125;130
201400015675;14;10;26;120;5;2;1;1;6;55;23, AVE ALEXANDRE DUMAS;M;4326403;538997;130
201400015676;14;10;25;1600;1;2;1;1;6;55;000, PAR BORELY;;;;130
201400015677;14;10;28;915;1;2;1;1;6;55;355, AVE DU PRADO;M;4327016;538799;130
201400015678;14;9;29;1420;1;2;1;1;7;55;114, BD DE LA CORDERIE;M;4329001;536714;130
201400015679;14;9;18;800;1;2;2;1;3;55;37, RUE DE BRUYS;M;4329567;538889;130
201400015680;14;10;9;1345;2;2;6;1;6;55;00, AVE DU CAP PINEDE RO;M;4332863;536566;130
201400015681;14;10;4;155;5;2;3;1;6;55;23, BD LOUIS SALVATOR;M;4329118;538250;130
201400015682;14;10;5;1900;5;2;1;1;6;55;78, AVE JULES CANTINI;M;4328235;539019;130
201400015683;14;10;17;1;5;2;1;1;2;55;106, COR PRESIDENT JOHN;M;4328348;535016;130
201400015684;14;10;6;800;1;2;1;1;2;55;63, BD JEAN MOULIN;M;4328551;539882;130
201400015685;14;10;16;900;1;2;1;1;2;55;141, BD FRANCOISE DUPARC;M;4330794;540191;130
201400015686;14;10;8;1310;1;1;1;1;2;55;39, AVE CLAUDE MONET;M;4332556;539410;130
201400015687;14;10;11;1645;1;2;2;1;6;55;RUE FELIX PYAT;M;4331332;537625;130
201400015688;14;10;29;700;5;2;2;1;3;55;04, RUE D IENA;M;4328545;538983;130
201400015689;14;10;29;615;5;2;2;1;3;55;180, AVE DES AYGALADES;M;4334633;536610;130
201400015690;14;7;22;1410;1;2;1;1;6;55;58, VOI LA CANEBIERE;;;;130
201400015691;14;7;27;1410;1;2;1;1;6;55;58, VOI LA CANEBIERE;M;4329682;537889;130
201400015692;14;7;23;1930;1;2;1;1;7;55;399, COR PRESIDENT JOHN;M;4326901;536823;130
201400015693;14;10;16;830;1;2;2;1;3;55;33 RUE LONGUE DES CAPUCI;M;4329789;537911;130
201400015694;14;10;16;1530;1;2;4;1;6;55;86, AVE ROBERT SCHUMAN;M;4330467;536708;130
201400015695;14;8;7;1400;1;2;1;1;6;55;41, AVE ALEXANDRE ANSALD;M;4333340;540295;130
201400015696;14;9;27;1830;1;2;2;1;1;55;146, BD DANIELLE CASANOV;M;4332750;537502;130
201400015697;14;10;16;1400;1;2;1;1;6;55;215, CHE DE GIBBES;M;4332825;538497;130
201400015698;14;10;20;1531;1;2;1;1;6;55;199, AVE PIERRE MENDES F;M;4325168;537566;130
201400015699;14;7;2;1840;1;2;1;1;6;55;540, RUE PARADIS;M;4327141;538611;130
201400015700;14;7;2;2015;1;2;1;1;6;55;148, BD FERNAND BONNEFOY;M;4328067;540122;130
201400015701;14;9;21;1350;1;2;1;1;4;55;47, AVE DE LATTRE DE TAS;M;4324836;540603;130
201400015702;14;10;16;1455;1;2;1;1;2;55;281, BD ROMAIN ROLLAND;M;4327295;541205;130
201400015703;14;10;18;1800;1;2;1;1;6;55;04, BD GASTON RAMON;M;4326676;539546;130
201400015704;14;10;15;920;1;2;1;1;6;55;259, BD DE SAINT MARCEL;M;4328629;547002;130
201400015705;14;10;25;2015;5;2;2;1;3;55;99, RUE PARADIS;M;4328922;537858;130
201400015706;14;9;14;915;1;2;1;1;2;55;80, RUE BRETEUIL;M;4328757;537689;130
201400015707;14;10;2;1215;1;2;1;1;6;55;87, AVE DE FRAIS VALLON;M;4332551;543218;130
201400015708;14;10;15;830;1;2;1;1;6;55;40, BD DE PLOMBIERES;M;4331555;538620;130
201400015709;14;10;17;1655;1;2;2;1;3;55;00, BD FERDINAND DE LESS;M;4332103;537472;130
201400015710;14;10;17;2235;5;2;1;1;6;55;246, RUE SAINT PIERRE;M;4329215;540162;130
201400015711;14;11;3;725;1;2;1;2;6;55;49, RUE CAPITAINE DESSEM;M;4328881;535523;130
201400015712;14;10;14;1230;1;2;1;2;6;55;01, VOL RABATAU PROL CAP;;;;130
201400015713;14;9;3;1610;1;2;1;1;2;55;214, AVE DE LA CAPELETTE;M;4327961;541058;130
201400015714;14;10;20;925;1;2;1;1;2;55;31, BD EDOUARD HERRIOT;M;4327226;538848;130
201400015715;14;10;13;1435;1;2;1;1;6;55;13, BD D ATHENES;M;4329991;538070;130
201400015716;14;10;13;1730;1;2;1;1;1;55;01, VOL RPT CASINO RTE S;M;4329379;547935;130
201400015717;14;10;20;2220;5;2;1;1;7;55;00, RUE DE L' OLIVIER;;;;130
201400015718;14;10;18;1545;1;2;2;1;3;55;39, BD SAKAKINI;M;4329748;540101;130
201400015719;14;8;5;1015;1;2;2;1;3;55;174, VOI LA CANEBIERE;M;4329905;538528;130
201400015720;14;11;3;1610;1;2;1;1;1;55;150, RUE FELIX PYAT;M;4331839;537487;130
201400015721;14;10;4;1705;1;2;1;1;6;55;08, PCE CASTELLANE;M;4328609;538351;130
201400015722;14;10;24;1700;1;2;1;1;6;55;104, BD FRANCOISE DUPARC;M;4330592;540095;130
201400015723;14;10;27;1500;1;2;1;1;6;55;30, BD LONGCHAMP;M;4330131;538828;130
201400015724;14;10;30;610;5;2;1;1;6;55;243, CHE DE LA MADRAGUE;M;4333297;535868;130
201400015725;14;10;14;2220;5;2;1;1;6;55;00, AVE JULES CANTINI;;;;130
201400015726;14;10;19;1930;5;2;1;1;6;55;62, BD DE SAINT LOUP;M;4328214;542994;130
201400015727;14;10;16;1715;1;2;1;1;6;55;122, AVE DE LATTRE DE TA;;;;130
201400015728;14;10;21;2220;5;2;2;1;6;55;52, RUE PARADIS;M;4329221;537728;130
201400015729;14;10;18;330;5;2;1;1;6;55;00, VSN MARECHAL JUIN AL;;;;130
201400015730;14;10;26;205;5;2;1;1;6;55;55, BD JEAN MOULIN;M;4328618;539903;130
201400015731;14;10;17;1815;2;2;1;1;6;55;00, BD LOUIS FRANGIN;;;;130
201400015732;14;10;20;1845;2;2;1;8;6;2;564, CANTON VERT (AVENUE;M;4334136;547251;130
201400015733;14;10;26;1530;1;2;2;1;6;55;106, BD GEORGES ESTRANGI;M;4327702;537293;130
201400015734;14;10;25;620;5;2;3;1;6;55;185, AVE DE MONTOLIVET;M;4331236;541144;130
201400015735;14;10;25;1950;1;2;1;1;1;55;111, CHE HENRI BEYLE;M;4335248;535932;130
201400015736;14;10;24;1600;1;2;1;1;6;55;06, RUE DE LA BUSSERINE;M;4333201;539835;130
201400015737;14;10;24;1315;1;2;1;1;6;55;00, AVE JEAN PAUL SARTRE;;;;130
201400015738;14;10;24;900;1;2;1;1;2;55;595, AVE DE LA ROSE;;;;130
201400015739;14;10;24;2100;5;2;1;1;6;55;29, TRA DE CHANTE PERDRI;M;4327306;543682;130
201400015740;14;10;25;2330;5;2;1;2;6;55;46, RUE NEGRESKO;M;4326921;538885;130
201400015741;14;10;7;1240;1;2;1;1;6;55;83, BD PERIER;M;4327879;538155;130
201400015742;14;10;20;2030;5;2;1;1;1;55;357, AVE DU PRADO;M;4326994;538763;130
201400015743;14;10;15;640;5;2;1;1;6;55;02, AVE CESAR BOY;M;4329698;548393;130
201400015744;14;10;18;1830;5;2;1;1;6;55;000, AVE DE LATTRE DE TA;;;;130
201400015745;14;10;17;920;1;2;6;1;6;55;01, PCE MARCEAU;M;4330485;537282;130
201400015746;14;10;16;1730;1;2;1;1;4;55;00, BD DE PLOMBIERES;;;;130
201400015747;14;10;8;1300;1;2;1;1;6;55;00, AVE WILLIAM BOOTH;;;;130
201400015748;14;10;23;1400;1;2;1;1;6;55;21, AVE FERNANDEL;M;4331239;544885;130
201400015749;14;10;22;1930;5;2;1;6;6;2;379, SAINTE EUPHEMIE (CH;M;4334418;547084;130
201400015750;14;10;26;1150;1;2;1;1;1;55;16, AVE DE LA ROSE;M;4332494;541734;130
201400015751;14;10;25;1410;1;2;2;1;2;55;00, AVE DES PEINTRES ROU;M;4331076;546539;130
201400015752;14;10;25;1730;1;2;1;1;6;55;67, RTE DES TROIS LUCS A;M;4330857;546956;130
201400015753;14;10;19;1415;1;2;1;1;2;55;000, AVE PIERRE MENDES F;;;;130
201400015754;14;10;22;1840;2;2;1;6;6;55;00, AVE DE LA FOURRAGERE;;;;130
201400015755;14;9;30;1750;1;2;1;2;6;55;16, AVE DE LA VISTE;;;;130