num_acc;an;mois;jour;hrmn;lum;agg;int;atm;col;com;adr;gps;lat;long;dep
201400015756;14;9;4;1945;1;2;1;1;6;55;125, BD FRANCOISE DUPARC;M;4330667;540087;130
201400015757;14;10;16;1030;1;2;2;1;6;55;14, RUE DE LA REPUBLIQUE;M;4329713;537346;130
201400015758;14;11;4;1730;2;2;1;3;6;55;09, BD DE STRASBOURG;M;4330647;537483;130
201400015759;14;11;6;1000;1;2;1;1;2;2;272, LEI RIMA (AVENUE);M;4335727;548897;130
201400015760;14;11;2;2335;5;2;1;1;6;55;32, BD FERNAND BONNEFOY;M;4328032;540056;130
201400015761;14;10;28;1430;1;2;1;1;6;55;00, RPT PERE WRESINKI;;;;130
201400015762;14;10;28;1930;5;2;1;1;6;55;435, RUE JEAN QUEILLAU;M;4333835;538607;130
201400015763;14;10;20;1730;1;2;2;1;6;55;43, AVE ROBERT SCHUMAN;M;4330309;536663;130
201400015764;14;10;30;1345;1;2;1;1;6;55;231, AVE ROGER SALENGRO;M;4331990;536744;130
201400015765;14;9;22;2315;5;2;1;1;6;55;155, VSN MORGIOU CHE;M;4323821;540854;130
201400015766;14;10;14;1250;1;2;1;1;6;55;108, BD DE PONT DE VIVAU;M;4328119;542261;130
201400015767;14;10;22;1115;1;2;1;1;6;55;23, RUE DE LA MAURELLE;M;4332542;543814;130
201400015768;14;10;16;1500;1;2;1;1;6;55;01, AVE DU CAP PINEDE RO;;;;130
201400015769;14;11;7;1230;1;2;1;1;6;55;69, AVE D' HAIFA;M;4325109;539019;130
201400015770;14;9;30;930;1;2;1;1;6;55;148, RUE BRETEUIL;M;4328410;537834;130
201400015771;14;10;30;1715;1;2;1;1;6;55;25, CRS GOUFFE;M;4328597;538760;130
201400015772;14;7;5;100;5;2;1;1;6;55;331, COR PRESIDENT JOHN;M;4327331;536274;130
201400015773;14;11;9;1430;1;2;1;2;6;55;40, CHE DES BAUMILLONS;M;4338151;536786;130
201400015774;14;9;30;2015;2;2;1;1;6;55;153, AVE DE SAINT LOUIS;M;4334845;535894;130
201400015775;14;10;25;930;1;2;3;1;6;55;120, BD LOUIS VILLECROZE;M;4332227;539220;130
201400015776;14;11;1;2130;5;2;1;1;7;55;202, BD DE LA VALBARELLE;M;4328860;545495;130
201400015777;14;10;30;1320;1;2;1;1;7;55;00, BD SCHLOESING;;;;130
201400015778;14;11;1;1425;1;2;1;1;7;55;56, AVE JULES CANTINI;M;4328309;538881;130
201400015779;14;10;13;1610;1;2;1;1;6;55;47, CRS LIEUTAUD;M;4329255;538261;130
201400015780;14;10;29;1700;1;2;1;1;6;55;00, BD CHARLES MORETTI;;;;130
201400015781;14;10;26;1910;5;2;1;1;6;55;72, BD NATIONAL;M;4330573;538385;130
201400015782;14;10;27;900;1;2;1;1;6;55;00, RUE PARADIS;;;;130
201400015783;14;11;3;1850;2;2;1;1;1;55;00, TRA DE CHANTE PERDRI;;;;130
201400015784;14;11;3;550;5;2;2;2;3;55;02, AVE DU MARCHE NATION;M;4334108;537723;130
201400015785;14;10;31;1755;1;2;1;1;2;55;00, CHE DE SAINT ANTOINE;;;;130
201400015786;14;11;1;1920;5;2;1;1;6;55;01, RUE DE L' OLIVIER;M;4329449;538695;130
201400015787;14;10;28;1215;1;2;1;1;6;55;17, BD GARIBALDI;M;4329641;538137;130
201400015788;14;11;2;2210;5;2;1;1;6;75;143, ANDRE BAILLET (RUE);;;;130
201400015789;14;9;1;1030;1;2;1;1;6;55;236, AVE DE MONTOLIVET;M;4331440;541389;130
201400015790;14;9;18;1030;1;2;2;1;3;55;10, RUE DE LA REPUBLIQUE;M;4329692;537360;130
201400015791;14;10;6;715;1;2;1;1;6;55;17, CHE DU VALLON VERT;M;4333507;545274;130
201400015792;14;9;25;1010;1;2;1;1;6;55;01, RPT DU PRADO;M;4327247;539129;130
201400015793;14;10;29;1130;1;2;1;1;6;55;546, BD MIREILLE LAUZE;M;4328871;543620;130
201400015794;14;10;15;1330;1;2;1;1;4;2;563, SALVATORE ALLENDE (;M;4335250;548143;130
201400015795;14;10;5;1850;5;2;1;1;6;55;56, BD DE LA VALBARELLE;M;4328689;544556;130
201400015796;14;9;20;740;1;2;3;8;3;55;192, BD DU REDON;M;4324961;542258;130
201400015797;14;10;30;1510;1;2;2;1;3;55;00, RUE DU ROUET;M;4327612;539496;130
201400015798;14;10;28;1545;1;2;1;1;2;55;28, BD DE LA CARTONNERIE;M;4329162;546064;130
201400015799;14;9;25;1005;1;2;1;1;6;55;218, CHE DE L ARMEE D AF;M;4328673;541436;130
201400015800;14;10;29;1630;1;2;1;1;2;55;46, BD DE LA CARTONNERIE;M;4329126;546165;130
201400015801;14;10;20;1445;1;2;6;1;6;55;01, RPT DE MAZARGUES;M;4325075;540355;130
201400015802;14;10;30;815;1;2;3;7;6;55;21, AVE DE LA CAPELETTE;M;4328362;539968;130
201400015803;14;10;28;630;5;2;1;1;6;55;55, RTE DES CAMOINS;M;4329705;549404;130
201400015804;14;10;29;2020;5;2;1;1;6;55;30, BD SCHLOESING;M;4327323;540055;130
201400015805;14;10;30;1725;1;2;1;1;1;2;409, ANTOINE CAMOIN (CHE;M;4333064;545975;130
201400015806;14;11;15;1430;1;1;1;1;6;55;RTE LEON LACHAMP;;;;130
201400015807;14;10;17;1915;5;2;1;1;1;55;00, CV DU RUISSEAU MIRAB;;;;130
201400015808;14;11;1;1440;1;2;1;1;2;55;00, AVE ARNAVON;;;;130
201400015809;14;11;7;830;1;2;1;1;6;55;582, CHE DU LITTORAL;M;4335383;533195;130
201400015810;14;7;28;2230;5;2;3;1;3;55;00, CHE DE SAINT ANTOINE;M;4336375;536136;130
201400015811;14;11;8;1555;1;2;1;1;6;55;00, BD PIERRE MENARD;;;;130
201400015812;14;10;27;1730;1;2;1;1;6;55;00, CHE DU MERLAN A LA R;;;;130
201400015813;14;11;8;1330;1;2;1;1;6;55;01, BD HENRI BARNIER;M;4337319;535501;130
201400015814;14;11;3;1200;1;2;1;1;6;55;01, CHE DE MIMET;M;4337027;535667;130
201400015815;14;11;6;1210;1;2;1;1;6;55;41, AVE ALEXANDRE ANSALD;M;4333350;540287;130
201400015816;14;11;5;1115;1;2;1;1;6;55;70, CV DU RUISSEAU MIRAB;M;4335029;534903;130
201400015817;14;10;25;1030;1;2;4;1;6;55;00, AVE FLORIAN;;;;130
201400015818;14;11;2;1415;1;2;1;1;6;55;09, AVE LOUIS MALOSSE;M;4330240;544963;130
201400015819;14;10;4;1515;1;2;1;1;2;55;02, RUE D' ITALIE;M;4329071;538155;130
201400015820;14;10;19;1040;1;2;2;1;7;55;00, BD CHAVE;M;4329572;539787;130
201400015821;14;11;3;1810;4;2;1;1;6;55;35, AVE DES FELIBRES;M;4331154;542538;130
201400015822;14;10;30;2220;5;2;1;1;6;55;46, BD DE LA CARTONNERIE;M;4329106;546218;130
201400015823;14;11;3;2230;5;2;1;1;7;55;00, AVE D' AIR BEL;;;;130
201400015824;14;10;31;830;1;2;1;1;6;55;00, RUE FLORALIA;;;;130
201400015825;14;10;24;920;1;2;3;1;1;55;00, RUE DES MYOSOTIS;M;4329217;544153;130
201400015826;14;10;10;1530;1;2;3;1;2;55;98, CHE DE LA COLLINE SA;M;4325066;541568;130
201400015827;14;10;28;1430;1;2;3;1;3;55;26, AVE ANDRE ZENATTI;M;4324679;538360;130
201400015828;14;11;8;1800;5;2;1;1;4;55;81, BD FRANCOISE DUPARC;M;4330615;540075;130
201400015829;14;11;7;1350;1;2;1;1;6;55;00, BD ACHILLE MARCEL;;;;130
201400015830;14;9;12;1146;1;2;6;1;3;2;0, GENERAL MONTSABERT (A;M;4334949;548745;130
201400015831;14;11;3;1030;1;2;1;1;6;55;313, COR PRESIDENT JOHN;M;4327554;535970;130
201400015832;14;9;16;1245;1;2;6;1;6;55;00, PCE CASTELLANE;M;4328569;538384;130
201400015833;14;11;2;1615;1;2;1;1;6;55;31, PCE JEAN JAURES;M;4329511;538589;130
201400015834;14;11;5;2120;5;2;1;1;6;55;32, BD NATIONAL;M;4330298;538640;130
201400015835;14;11;4;820;1;2;1;1;6;55;51, AVE FRANCOIS MIGNET;M;4333174;542864;130
201400015836;14;11;8;1715;1;2;1;1;6;55;00, AVE PIERRE MENDES FR;;;;130
201400015837;14;10;31;400;5;2;1;1;7;55;01, VOI LA CANEBIERE;;;;130
201400015838;14;11;6;1815;2;2;6;1;6;55;00, RPT ALAIN SAVARY;M;4324621;539509;130
201400015839;14;11;7;1430;1;2;1;1;6;55;270, BD PAUL CLAUDEL;M;4326979;542197;130
201400015840;14;10;3;1200;1;2;1;1;4;55;57, AVE DU MERLAN;M;4333668;540726;130
201400015841;14;11;11;915;1;2;1;3;6;55;162, AVE DE FRAIS VALLON;M;4332465;543528;130
201400015842;14;10;9;815;1;2;1;1;6;55;00, AVE DE LA CAPELETTE;;;;130
201400015843;14;10;10;1125;1;2;1;1;6;55;00, TRA DE LA MAURELLE;;;;130
201400015844;14;10;3;1820;1;2;1;1;6;55;115, AVE DE TOULON;M;4328476;539276;130
201400015845;14;11;12;610;5;2;1;2;7;55;29, BD SCHLOESING;M;4327459;539996;130
201400015846;14;11;2;1810;5;2;1;1;6;55;01, AVE PIERRE MENDES FR;;;;130
201400015847;14;11;8;2030;5;2;1;1;6;55;76, BD DE LA BARASSE RN;M;4328585;547936;130
201400015848;14;11;2;1230;1;2;1;1;5;75;52, L'ENJOLRAS (AVE DE);M;4333929;545413;130
201400015849;14;11;8;10;5;2;1;1;7;55;10, AVE DE BONNEVEINE;M;4325437;538028;130
201400015850;14;9;7;1400;1;2;1;1;2;55;36, BD JEAN MOULIN;M;4328755;540030;130
201400015851;14;11;5;1745;2;2;1;1;4;55;35, BD SCHLOESING;M;4327409;540017;130
201400015852;14;11;12;1240;1;2;3;2;6;55;103, AVE DE LA MADRAGUE;M;4323500;536023;130
201400015853;14;10;30;2115;5;2;1;1;6;55;00, CHE DU MERLAN A LA R;;;;130
201400015854;14;11;11;1950;4;2;1;1;6;55;310, CHE DE L ARMEE D AF;M;4328555;542122;130
201400015855;14;10;31;1940;5;2;1;1;6;55;154, BD MIREILLE LAUZE;M;4328345;541399;130
201400015856;14;10;22;1545;1;2;1;6;1;55;185, PRK KENNEDY / RAPAT;M;4328430;534974;130
201400015857;14;11;9;1840;5;2;1;2;6;55;106, BD CHARLES MORETTI;;;;130
201400015858;14;11;6;1230;1;2;1;1;6;55;39, BD CHARLES MORETTI;M;4332502;538232;130
201400015859;14;11;5;1210;1;2;1;1;6;55;00, CHE DE SAINT ANTOINE;;;;130
201400015860;14;11;12;745;1;2;1;3;2;55;10, CHE DU ROY D' ESPAGN;;;;130
201400015861;14;9;25;1230;1;2;1;1;6;55;01, AVE ESCADRILLE NORMA;;;;130
201400015862;14;11;12;1350;1;2;1;1;6;55;00, AVE RAIMU;;;;130
201400015863;14;11;9;1130;1;2;3;1;1;55;09, CRS FRANKLIN ROOSEVE;M;4329903;538662;130
201400015864;14;10;19;1220;1;1;3;1;6;55;00, CRS LIEUTAUD;M;4329347;538227;130
201400015865;14;10;30;1200;1;2;1;1;2;55;91, RUE DE LODI;M;4328839;538812;130
201400015866;14;11;13;145;5;2;1;1;6;55;26, AVE JULES CANTINI;M;4328430;538663;130
201400015867;14;11;13;1730;2;2;1;1;6;55;25, RUE AVIATEUR LE BRIX;M;4326180;540404;130
201400015868;14;10;29;2010;5;2;1;1;6;55;79, AVE DE LA CORSE;;;;130
201400015869;14;11;2;130;5;2;1;1;6;55;203, AVE ROGER SALENGRO;M;4331840;536801;130
201400015870;14;11;12;1650;1;2;1;1;6;55;00, AVE DU GENERAL LECLE;;;;130
201400015871;14;11;1;1000;1;2;1;1;6;55;64, BD MIREILLE LAUZE;M;4328260;540685;130
201400015872;14;11;14;700;1;1;2;1;6;55;27, BD LOUIS MAZAUDIER;M;4331215;541795;130
201400015873;14;5;5;2145;5;2;2;1;3;55;02, BD DE SAINT LOUP;;;;130
201400015874;14;11;3;1530;1;2;1;1;6;55;120, BD RABATAU;M;4327796;539920;130
201400015875;14;10;8;840;1;2;1;1;6;55;00, RUE SAINT PIERRE;;;;130
201400015876;14;11;19;1750;2;2;3;1;3;55;33, BD DU CABOT;M;4326018;541582;130
201400015877;14;11;12;1535;1;2;1;1;6;55;395, RUE PARADIS;M;4327526;538445;130
201400015878;14;11;21;610;5;2;2;1;6;55;69, BD DE LA LIBERATION;M;4330017;538872;130
201400015879;14;11;21;221;5;2;1;1;6;55;00, AVE DES PEINTRES ROU;;;;130
201400015880;14;11;4;1945;5;2;1;1;6;55;00, BD DE LA LIBERTE;;;;130
201400015881;14;10;13;750;1;2;1;1;2;55;348, AVE DES POILUS;M;4331381;546301;130
201400015882;14;11;12;720;1;2;1;2;4;2;00, ETIENNE CUCCA-CD908;;;;130
201400015883;14;11;14;2300;5;2;3;2;6;2;535, SALVATORE ALLENDE;M;4335263;548211;130
201400015884;14;11;16;1920;5;2;2;1;6;55;00, AVE DU MARCHE NATION;M;4334074;537819;130
201400015885;14;11;12;800;1;1;1;3;1;75;89, LIBERATION (AVE DE L;M;4334082;545675;130
201400015886;14;11;16;1315;1;2;1;1;6;55;257, BD DE SAINT LOUP;M;4328577;544230;130
201400015887;14;11;16;1950;5;2;1;1;6;55;51, AVE DE SAINT JULIEN;M;4330527;541679;130
201400015888;14;11;2;1015;1;2;1;1;6;55;47, BD DE LA VALBARELLE;M;4328678;544519;130
201400015889;14;10;2;2200;5;2;1;1;6;55;250, BD MIREILLE LAUZE;M;4328410;541945;130
201400015890;14;11;3;820;1;2;1;3;1;55;218, AVE DES CAILLOLS;M;4330327;544242;130
201400015891;14;11;14;1815;5;2;3;2;1;55;44, RUE NEGRESKO;M;4326926;538903;130
201400015892;14;11;10;1530;1;2;1;1;6;55;01, RUE LE CHATELIER;M;4334774;535917;130
201400015893;14;11;8;1810;5;2;1;1;6;55;01, BD HENRI BARNIER;M;4337318;535497;130
201400015894;14;11;13;1540;1;2;3;1;4;55;71, AVE DE FRAIS VALLON;M;4332554;543049;130
201400015895;14;11;16;720;1;2;1;1;6;55;01, AVE DU MARCHE NATION;;;;130
201400015896;14;11;13;1630;1;2;1;1;7;55;41, RUE COUTELLERIE;M;4329672;537225;130
201400015897;14;11;6;1530;1;2;1;1;4;55;01, BD SCHLOESING;M;4327733;539920;130
201400015898;14;11;16;1840;1;2;1;1;4;55;00, RTE DE LA SABLIERE;;;;130
201400015899;14;11;8;950;1;2;1;1;2;55;222, AVE DU PRADO;M;4327622;538887;130
201400015900;14;11;8;1044;1;2;2;1;6;55;00, PIERRE CHEVALIER (RU;M;4329492;542699;130
201400015901;14;11;15;330;5;2;1;2;6;2;992, 7EME TIRAILLEURS AL;M;4333841;546852;130
201400015902;14;11;15;1240;1;2;1;3;6;55;01, BD SIMON BOLIVAR;M;4334136;537744;130
201400015903;14;11;17;1730;5;2;1;1;6;55;00, RUE JUNOT;;;;130
201400015904;14;11;17;830;1;2;3;2;6;106;00, 8 MAI 1945 (AVENUE D;M;4339018;536268;130
201400015905;14;11;24;2130;5;2;1;1;6;55;00, RUE ALBERT MARQUET;;;;130
201400015906;14;11;26;1010;1;2;1;1;6;55;01, BD DE MONTRICHER;M;4330381;539310;130
201400015907;14;11;26;1140;1;2;1;1;6;55;00, RUE DE LYON;;;;130
201400015908;14;11;6;1715;1;2;1;1;6;55;08, BD DE DUNKERQUE;M;4330523;536725;130
201400015909;14;10;21;1200;1;2;6;1;6;55;00, BD VINCENT DELPUECH;M;4328288;539237;130
201400015910;14;11;6;1000;1;2;1;1;6;55;00, AVE RAIMU;;;;130
201400015911;14;11;19;1800;5;2;1;1;1;55;72, AVE DU VINGT QUATRE;M;4330802;543182;130
201400015912;14;11;12;1225;1;2;1;1;2;55;23, RUE AVIATEUR LE BRIX;M;4326189;540411;130
201400015913;14;11;12;845;1;2;3;3;3;55;196, AVE DE TOULON;M;4328484;539503;130
201400015914;14;11;24;2030;5;2;1;1;6;55;00, BD FRANCOISE DUPARC;;;;130
201400015915;14;11;18;2000;5;2;1;1;4;55;310, AVE DE CHATEAU GOMB;M;4334933;543103;130
201400015916;14;11;18;2118;5;2;3;1;6;55;00, BD DE PLOMBIERES;M;4331499;538796;130
201400015917;14;11;1;700;5;2;1;1;1;2;693, CANTON VERT (AVENUE;M;4334220;547070;130
201400015918;14;11;18;820;1;2;1;1;6;55;250, RUE ALBERT EINSTEIN;M;4334374;544616;130
201400015919;14;11;23;1330;1;2;1;1;6;55;357, RUE DE LYON;M;4333862;536226;130
201400015920;14;11;8;1341;1;2;1;1;6;55;00, SQ STALINGRAD;;;;130
201400015921;14;10;30;1815;3;2;2;1;6;55;00, RUE PYTHEAS;M;4329439;537542;130
201400015922;14;11;13;1500;1;2;1;1;6;55;355, COR PRESIDENT JOHN;M;4327130;536285;130
201400015923;14;11;4;1930;3;1;1;3;4;55;01, AVE DES CHUTES LAVIE;M;4331171;539605;130
201400015924;14;11;6;1040;1;2;1;1;6;55;00, RUE MISSION DE FRANC;M;4329854;538010;130
201400015925;14;12;1;700;5;2;1;1;6;55;AVE PROSPER MERIMEE;;;;130
201400015926;14;11;5;500;5;2;1;1;1;55;73, BD EUGENE PIERRE;M;4329640;539076;130
201400015927;14;11;19;1100;1;2;1;1;6;55;04, QAI D ARENC;M;4331453;536563;130
201400015928;14;11;21;615;5;2;1;1;6;55;70, CV DU RUISSEAU MIRAB;M;4335030;534908;130
201400015929;14;11;18;2115;5;2;2;1;6;55;01, BD FERDINAND DE LESS;M;4332083;537473;130
201400015930;14;11;24;1225;1;2;1;1;6;55;12, RUE LEON D' ASTROS;M;4333358;543534;130
201400015931;14;10;25;1415;1;2;1;1;1;55;68, BD DES OLIVETTES;M;4328260;545363;130
201400015932;14;11;10;1610;1;2;3;1;6;55;269, AVE DE MONTOLIVET;M;4331622;541559;130
201400015933;14;11;14;1130;1;2;2;1;6;55;104, BD DE LA BLANCARDE;M;4330293;540067;130
201400015934;14;11;7;100;5;2;1;1;6;55;22, BD JEAN MOULIN;;;;130
201400015935;14;11;6;1500;1;2;3;1;6;55;00, RUE DES DOCKS;M;4330782;536701;130
201400015936;14;11;17;1315;1;2;1;1;6;55;368, BD HENRI BARNIER;M;4336189;534230;130
201400015937;14;11;19;10;5;2;3;1;6;55;01, BD GUSTAVE GANAY;M;4326670;540286;130
201400015938;14;11;22;1130;1;2;1;1;6;55;00, CHE DU LITTORAL VOIE;;;;130
201400015939;14;11;24;1430;1;2;1;1;6;55;11, RUE NOGARETTE;M;4333168;540771;130
201400015940;14;11;17;2000;5;2;1;1;6;55;00, BD ACHILLE MARCEL;;;;130
201400015941;14;11;24;1130;1;2;2;1;6;55;00, BD PIERRE MENARD;M;4329009;543790;130
201400015942;14;11;20;750;1;2;1;1;2;55;173, AVE DE LA ROSE;M;4332890;542684;130
201400015943;14;11;24;1810;5;2;2;1;6;55;02, RUE BONNETERIE;M;4329667;537170;130
201400015944;14;12;3;1550;1;2;1;1;6;55;02, BD DUGOMMIER;M;4329772;538094;130
201400015945;14;10;15;1640;1;2;1;1;6;55;16, AVE JEAN BOUIN;M;4326740;540325;130
201400015946;14;11;13;1110;1;2;3;1;6;55;501, RUE PARADIS;M;4327131;538614;130
201400015947;14;11;13;750;1;2;3;1;6;55;08, AVE DE CHATEAU GOMBE;M;4335185;543446;130
201400015948;14;11;19;1250;1;2;3;1;6;55;90, AVE DU PRADO;M;4328195;538561;130
201400015949;14;11;14;1240;1;2;1;1;6;55;114, RUE DE ROME;M;4328989;538144;130
201400015950;14;11;4;900;1;2;2;2;6;55;65, CRS LIEUTAUD;M;4329049;538338;130
201400015951;14;10;22;1450;1;2;1;1;6;55;01, SQ PAUL MELIZAN;;;;130
201400015952;14;11;24;1230;1;2;1;8;6;55;27, AVE DESIRE BIANCO;M;4328909;542575;130
201400015953;14;11;12;1615;1;2;3;1;6;55;00, AVE ANNE MARIE;M;4338019;535436;130
201400015954;14;11;18;1320;1;2;1;1;6;55;00, VOL PASSERELLE PLOMB;M;4332093;537807;130
201400015955;14;11;19;1050;1;2;1;1;6;55;43, BD RABATAU;M;4327475;539432;130
201400015956;14;10;25;2015;5;2;1;1;7;55;48, AVE DE SAINT LOUIS;M;4334414;535940;130
201400015957;14;11;19;815;1;2;1;1;6;55;33, RUE FREDERIC JOLIOT-;M;4334082;543649;130
201400015958;14;11;19;830;1;2;1;1;6;55;33, RUE FREDERIC JOLIOT-;M;4334087;543646;130
201400015959;14;11;13;1230;1;2;1;1;6;55;306, AVE DES OLIVES;M;4332307;544714;130
201400015960;14;11;19;230;5;2;1;1;6;55;143, VSN GOUFFONE DE LAT;;;;130
201400015961;14;11;19;1350;1;2;1;1;6;55;00, RUE DESIREE CLARY;;;;130
201400015962;14;12;8;1530;1;2;1;1;6;55;01, IMP SAINT MARTIN;M;4328216;535185;130
201400015963;14;11;13;1930;5;2;3;1;6;55;120, BD DE LA POMME;M;4329328;545503;130
201400015964;14;11;23;800;1;2;2;1;6;55;00, RUE AUGUSTIN AUBERT;M;4326670;540286;130
201400015965;14;11;19;1530;1;2;1;1;6;55;CHE DU ROY D' ESPAGN;;;;130
201400015966;14;11;7;1225;1;2;1;1;6;55;22, BD GILLIBERT;M;4329321;539504;130
201400015967;14;11;25;1350;1;2;1;8;6;106;42, TUBIE (ROUTE DE);M;4340886;536621;130
201400015968;14;11;21;1335;1;2;1;1;6;55;29, RUE NATIONALE;M;4329966;537781;130
201400015969;14;11;25;1145;1;2;1;2;6;55;58, AVE DES CAMOINS;M;4330510;551207;130
201400015970;14;11;25;1910;5;2;1;1;4;55;191, AVE DES POILUS;M;4332019;545859;130
201400015971;14;11;25;1420;1;2;1;1;1;55;21, RUE LUCIEN ROLMER;M;4330601;537628;130
201400015972;14;11;15;630;5;2;3;2;6;55;00, BD DANIELLE CASANOVA;M;4333271;537776;130
201400015973;14;11;12;900;1;2;1;1;6;55;00, AVE ALEXANDRE ANSALD;;;;130
201400015974;14;12;1;1830;5;2;1;2;6;55;31, BD VOLTAIRE;M;4330281;538460;130
201400015975;14;11;26;1950;5;2;1;2;6;55;03, AVE VITON;M;4326132;540562;130
201400015976;14;11;6;2030;5;2;1;1;6;55;12, QAI DE RIVE NEUVE;M;4329337;537108;130
201400015977;14;10;24;1245;1;2;1;1;6;55;127, CHE DE SAINT JOSEPH;M;4334562;538216;130
201400015978;14;11;24;1905;5;2;1;1;6;55;00, RUE CAVAIGNAC;;;;130
201400015979;14;11;30;1300;1;2;1;2;6;55;00, AVE RAIMU;;;;130
201400015980;14;11;1;1215;1;2;1;1;6;55;00, CHE DE SAINT LOUIS A;;;;130
201400015981;14;11;19;1730;1;2;1;1;5;55;01, RUE CADE;M;4333151;538948;130
201400015982;14;11;26;2030;5;2;1;2;6;55;128, RUE AUGUSTIN AUBERT;M;4326413;540415;130
201400015983;14;11;26;1700;5;2;1;2;6;55;138, AVE DU PRADO;M;4327990;538682;130
201400015984;14;11;28;830;1;1;2;1;6;55;47, BD QUEIREL;M;4328158;543423;130
201400015985;14;10;22;1330;1;2;1;1;2;55;00, AVE DE LA CROIX ROUG;;;;130
201400015986;14;11;21;745;2;1;1;1;6;55;23, BD DU MARECHAL JUIN;M;4331090;540335;130
201400015987;14;11;25;200;5;2;1;1;6;55;112, BD FRANCOISE DUPARC;M;4330710;540142;130
201400015988;14;11;30;20;5;2;1;2;6;55;197, AVE DES OLIVES;M;4332506;544204;130
201400015989;14;12;10;1230;1;2;1;1;6;55;12, BD DEMANDOLX;M;4333349;535781;130
201400015990;14;11;29;1330;1;2;1;1;4;55;220, RUE CHARLES KADDOUZ;M;4331723;543801;130
201400015991;14;11;24;1210;1;2;1;1;6;55;17, AVE DE SAINT MENET;M;4328758;550767;130
201400015992;14;11;26;1000;1;2;1;1;6;55;30, BD SCHLOESING;M;4327322;540058;130
201400015993;14;11;27;2210;5;2;1;1;6;55;00, RPT DU PRADO;M;4327237;539105;130
201400015994;14;11;25;1830;5;2;2;2;6;55;0, AVE DES ARNAVAUX;;;;130
201400015995;14;11;26;1905;5;2;2;2;6;55;00, BD CAMILLE FLAMMARIO;M;4330428;538874;130
201400015996;14;11;3;1640;1;2;1;1;4;55;299, AVE DE MAZARGUES;M;4326162;539349;130
201400015997;14;11;27;1600;1;2;6;1;6;55;44, RPT R FOLLEREAU BD B;M;4329535;544532;130
201400015998;14;11;30;1110;1;2;1;1;6;55;26, AVE DE SAINT JULIEN;M;4330473;541566;130
201400015999;14;11;20;1040;1;2;6;1;6;55;01, RPT M.LAUZE/FLORIAN;M;4328584;542525;130
201400016000;14;11;14;1545;1;2;1;1;6;55;08, TRA DE CHANTE PERDRI;M;4327701;543069;130
201400016001;14;11;28;2230;5;2;1;1;6;55;102, AVE DU PRADO;M;4328135;538596;130
201400016002;14;11;25;1600;1;2;1;8;6;55;01, BD DE LA BARASSE RN;M;4328370;549359;130
201400016003;14;11;24;1250;1;2;3;2;6;55;55, VSN MORGIOU CHE;M;4324382;540603;130
201400016004;14;5;21;2130;5;2;1;1;6;55;00, ALL DE LA ROUGUIERE*;;;;130
201400016005;14;12;15;1450;1;2;1;1;6;55;04, QAI D ARENC;M;4331337;536622;130
201400016006;14;11;27;2140;5;2;1;1;6;55;00, CHE DU LITTORAL;;;;130
201400016007;14;11;24;1400;1;2;1;8;6;55;239, BD NATIONAL;M;4331054;537878;130
201400016008;14;11;25;2030;5;2;1;1;6;55;16, RUE DE LA GARDIETTE;M;4335957;541333;130
201400016009;14;11;28;1355;1;2;6;1;6;2;37, PASTEUR ( BOULEVARD);M;4335323;546692;130
201400016010;14;11;25;1000;1;2;1;1;6;2;BD35, PROVENCE (AVENUE D;M;4333136;548631;130
201400016011;14;11;20;2230;5;2;3;1;6;55;BD ROLAND DORGELES;M;4334735;537840;130
201400016012;14;12;3;750;2;2;1;1;6;55;204, CHE DE LA MADRAGUE;M;4333075;535917;130
201400016013;14;11;28;1530;1;2;1;1;6;55;265, AVE DE LA CAPELETTE;M;4327924;541174;130
201400016014;14;11;28;1240;1;2;6;2;6;55;207, RTE DES TROIS LUCS;M;4330049;547717;130
201400016015;14;11;17;730;1;2;1;2;6;55;01, RUE DE LYON;M;4332306;536770;130
201400016016;14;11;30;1110;1;2;1;1;6;55;00, AVE JEAN PAUL SARTRE;;;;130
201400016017;14;11;21;755;1;2;1;1;6;55;01, RPT DOCTEUR MARIA;M;4336366;534218;130
201400016018;14;12;16;1415;1;2;1;1;6;55;55, AVE DE LA ROSE;M;4332581;541982;130
201400016019;14;10;3;1300;1;2;4;1;6;55;00, TUN TUNNEL ST CHARLE;M;4330193;538074;130
201400016020;14;8;14;1410;1;2;5;1;6;55;RUE ANTOINE ZATTARA;M;4330402;537753;130
201400016021;14;12;2;930;1;2;1;2;6;55;00, CHE DE L HERMITAGE;;;;130
201400016022;14;12;2;1230;1;2;3;1;3;55;121, CHE DE SAINTE MARTH;;;;130