num_acc;an;mois;jour;hrmn;lum;agg;int;atm;col;com;adr;gps;lat;long;dep
201400016023;14;12;10;530;5;2;1;1;6;55;84, COR PRESIDENT JOHN F;M;4328427;534971;130
201400016024;14;11;19;1150;1;2;2;1;6;55;00, TRA CAPRON;M;4331352;541799;130
201400016025;14;11;21;1200;1;2;1;1;6;55;53, RUE ESPERANDIEU;M;4330513;539173;130
201400016026;14;11;27;1700;2;2;1;1;7;55;148, AVE DES CHARTREUX;M;4330821;540022;130
201400016027;14;9;16;1940;2;2;1;1;6;55;00, BD DU MARECHAL JUIN;;;;130
201400016028;14;12;3;900;1;2;2;1;3;55;15, CRS GOUFFE;M;4328609;538700;130
201400016029;14;12;18;1910;3;2;1;1;6;55;00, AVE DE LATTRE DE TAS;;;;130
201400016030;14;12;19;1500;1;2;1;7;6;55;AVE RAOUL FOLLEREAU;;;;130
201400016031;14;12;5;1635;1;2;1;1;7;55;10, AVE DE VALDONNE;M;4332294;541299;130
201400016032;14;12;3;945;1;2;2;1;6;55;15, RUE DE BISKRA;M;4332745;537647;130
201400016033;14;9;28;1430;1;2;1;1;1;55;249, AVE ROGER SALENGRO;M;4332069;536751;130
201400016034;14;12;5;1100;1;2;1;1;6;55;293, AVE ROGER SALENGRO;M;4332293;536769;130
201400016035;14;11;29;1210;1;2;1;1;4;55;37, AVE DES CAILLOLS;M;4330377;542639;130
201400016036;14;11;11;930;1;2;1;1;6;55;146, AVE DE LA VISTE;M;4336321;535716;130
201400016037;14;10;16;800;1;2;1;1;2;55;277, AVE DES OLIVES;M;4332310;544709;130
201400016038;14;11;26;1750;5;2;1;2;3;55;23, BD FERDINAND DE LESS;M;4332033;537219;130
201400016039;14;11;27;2005;5;2;2;1;6;55;00, RUE DU DOCTEUR LEON;M;4331321;538626;130
201400016040;14;12;1;1350;1;2;1;2;1;55;52, BD DE LA POMME;M;4329153;544820;130
201400016041;14;11;20;1240;1;2;1;1;1;55;40, CHE DE LA MADRAGUE V;M;4332088;536486;130
201400016042;14;12;6;1750;1;2;1;3;6;55;AVE PROSPER MERIMEE;;;;130
201400016043;14;10;4;2130;5;2;1;1;6;55;00, BD D ATHENES;;;;130
201400016044;14;11;24;1910;5;2;1;1;6;55;23, RUE AVIATEUR LE BRIX;M;4326186;540411;130
201400016045;14;12;6;1925;5;2;1;2;6;55;01, AVE DU CORAIL;M;4324030;537711;130
201400016046;14;12;5;1150;1;2;1;8;6;55;132, AVE JULES CANTINI;M;4328070;539327;130
201400016047;14;12;7;300;5;2;1;1;7;55;48, AVE DE BONNEVEINE;M;4325437;537912;130
201400016048;14;12;5;700;5;2;1;2;6;55;153, AVE WILLIAM BOOTH;M;4329598;544630;130
201400016049;14;11;28;1835;5;2;2;2;3;55;27, RUE PIERRE GUYS;M;4330963;543752;130
201400016050;14;11;26;620;3;2;1;2;7;2;ETIENNE CUCCA-CD908 (AVE;;;;130
201400016051;14;11;18;1115;1;2;1;1;7;2;00, RIBASSIERE (CHEMIN D;;;;130
201400016052;14;11;26;1540;1;2;1;8;5;55;10, AVE CLAUDE MONET;M;4332403;539328;130
201400016053;14;9;21;1210;1;2;1;1;6;55;42, BD CHAVE;M;4329517;538951;130
201400016054;14;11;4;1330;1;2;1;2;7;55;132, CHE DU ROUCAS BLANC;M;4328318;536781;130
201400016055;14;11;21;1450;1;2;1;1;6;55;20, RUE DES VERTUS;M;4329130;539210;130
201400016056;14;11;6;1215;1;2;1;1;2;55;05, BD NOTRE DAME;M;4329038;537238;130
201400016057;14;11;27;1635;1;2;1;2;6;55;00, BD FRANCOISE DUPARC;;;;130
201400016058;14;11;5;720;1;2;1;1;6;55;31, AVE DU PRADO;M;4328398;538519;130
201400016059;14;12;7;2130;5;2;1;1;6;55;541, AVE DU PRADO;M;4326389;537825;130
201400016060;14;12;7;1645;2;2;1;1;4;55;197, AVE PIERRE MENDES F;M;4325183;537570;130
201400016061;14;11;21;1640;1;2;1;1;1;55;90, TRA DU COMMANDEUR;M;4331972;546531;130
201400016062;14;11;25;2010;4;2;1;3;6;55;01, BD MARCEL DELPRAT;M;4333484;545352;130
201400016063;14;12;6;1935;5;2;1;2;2;55;AVE DE L' ARGILITE;;;;130
201400016064;14;12;5;2235;5;2;3;3;6;55;29, AVE RAIMU;M;4333189;539854;130
201400016065;14;12;7;2010;5;2;1;1;6;55;01, AVE JEAN PAUL SARTRE;;;;130
201400016066;14;12;19;1135;1;2;1;1;6;55;67, AVE DES CAILLOLS;M;4330378;542647;130
201400016067;14;10;20;1800;1;2;1;1;6;55;00, TRA DE BEAUMONT;M;4331006;544053;130
201400016068;14;12;23;1000;1;2;1;1;6;55;00, IMP MONTAGNON MONIER;M;4331220;545397;130
201400016069;14;12;6;2100;5;2;1;8;6;55;125, BD BOURRELY;M;4338512;536447;130
201400016070;14;12;28;1300;1;2;2;1;6;55;166, BD DE PLOMBIERES;M;4331902;537918;130
201400016071;14;12;27;1330;1;2;1;2;2;55;VSN ANCIEN CHEMIN DU LIT;;;;130
201400016072;14;12;31;1900;5;2;1;1;2;55;61, BD NOTRE DAME;M;4328708;537377;130
201400016073;14;12;23;1930;5;2;1;1;7;55;00, PCE DE LA JOLIETTE;;;;130
201400016074;14;12;21;630;5;2;1;1;6;55;03, ALL DE LA MONTAGNETT;M;4334778;537279;130
201400016075;14;12;9;1130;1;2;3;1;6;55;91, CHE DU MERLAN A LA;M;4333067;541178;130
201400016076;14;11;26;1810;5;2;2;3;6;55;40, BD DE DUNKERQUE;M;4330621;536754;130
201400016077;14;12;10;1210;1;2;3;1;6;55;267, AVE DE SAINT LOUIS;M;4335261;535770;130
201400016078;14;12;7;845;1;2;2;1;3;55;00, RUE MARCEL SEMBAT;M;4330174;538249;130
201400016079;14;12;11;2015;5;2;1;1;2;55;36, AVE FLORIAN;M;4328352;542699;130
201400016080;14;12;12;1500;1;2;1;1;6;55;134, BD MICHELET;M;4326536;539508;130
201400016081;14;12;12;825;1;2;1;1;2;55;71, TRA PARANGON;M;4324128;537868;130
201400016082;14;12;10;755;1;2;1;1;6;55;23, BD DES DAMES;M;4330221;537052;130
201400016083;14;12;14;1230;1;2;1;1;6;55;61, RUE PAUL LANGEVIN;M;4334327;543175;130
201400016084;14;12;10;2100;5;2;4;1;2;75;80, FREDERIC MISTRAL (AV;M;4335061;547119;130
201400016085;14;11;28;1700;1;2;3;1;2;55;358, AVE DE SAINT ANTOIN;M;4337864;535685;130
201400016086;14;11;16;1320;1;2;1;1;6;55;24, AVE CLAUDE MONET;M;4332527;539401;130
201400016087;14;11;4;1950;5;2;1;1;6;55;01, AVE ARNAVON;M;4333041;538771;130
201400016088;14;12;9;1350;1;2;1;1;6;55;0268, CHE DE LA MADRAGUE;M;4333358;535841;130
201400016089;14;11;27;1045;1;2;3;3;6;55;21, BD DE PLOMBIERES;M;4331525;538720;130
201400016090;14;12;9;1930;5;2;1;1;6;55;102, CHE DE L ARMEE D AF;M;4328904;540870;130
201400016091;14;11;25;1300;1;2;1;1;1;55;27, AVE DESIRE BIANCO;M;4328748;542518;130
201400016092;14;12;10;1335;1;2;3;1;6;55;03, AVE ELSA TRIOLET;M;4325063;538545;130
201400016093;14;12;4;1740;5;2;3;3;6;55;00, AVE WILLIAM BOOTH;M;4329622;544785;130
201400016094;14;12;8;1815;5;2;1;1;1;55;20, RUE JOBIN;M;4331059;538925;130
201400016095;14;10;18;1500;1;2;1;1;6;55;15, BD DES DAMES;M;4330207;537123;130
201400016096;14;12;17;1430;1;2;1;8;2;55;184, BD RABATAU;M;4328111;539932;130
201400016097;14;11;28;1350;1;2;3;1;6;75;69, REPUBLIQUE (AVE DE L;;;;130
201400016098;14;12;9;900;1;2;1;1;7;55;188, BD BAILLE;M;4328892;539486;130
201400016099;14;11;26;1300;1;2;1;1;7;55;03, BD MAURICE BOURDET;M;4330234;537958;130
201400016100;14;12;7;1520;1;2;1;1;6;55;00, AVE DU CAP PINEDE RO;;;;130
201400016101;14;12;7;15;5;2;1;1;6;55;23, BD DUGOMMIER;M;4329869;538092;130
201400016102;14;12;23;1100;1;2;3;1;6;106;106, 8 MAI 1945 (AVENUE;M;4340680;537115;130
201400016103;14;12;3;1000;1;2;1;1;1;55;38, AVE DE LA VISTE;;;;130
201400016104;14;2;20;1040;1;2;1;1;6;55;139, CHE DE LA MADRAGUE;M;4332688;536066;130
201400016105;14;12;9;1800;2;2;1;1;6;55;70, AVE CLAUDE MONET;M;4332620;539445;130
201400016106;14;12;15;950;1;2;2;1;6;55;27, BD CHRISTOPHE MONCAD;M;4332319;536919;130
201400016107;14;12;11;1015;1;2;1;1;6;55;439, RUE DE LYON;M;4334245;535969;130
201400016108;14;12;1;550;3;2;1;9;6;55;264, AVE ROGER SALENGRO;M;4332241;536772;130
201400016109;14;11;8;2110;5;2;3;1;6;55;01, TRA DU PRADEL;M;4335594;534631;130
201400016110;14;11;29;2220;5;2;1;2;6;55;34, BD FRANCOISE DUPARC;M;4330192;540071;130
201400016111;14;12;2;730;5;2;1;3;1;55;16, BD DE SAINT MARCEL;M;4328862;545612;130
201400016112;14;12;15;2045;5;2;1;1;7;55;00, AVE FLORIAN;;;;130
201400016113;14;12;16;1620;1;2;1;1;7;55;110, BD ROMAIN ROLLAND;M;4327804;542105;130
201400016114;14;12;14;705;2;2;1;8;6;55;01, BD DU REDON;M;4325651;541972;130
201400016115;14;12;12;1707;2;2;1;1;6;55;03, BD GILLIBERT;M;4326478;540876;130
201400016116;14;12;16;1550;1;2;1;1;6;55;222, AVE DU PRADO;M;4327636;538879;130
201400016117;14;11;3;1433;1;2;1;1;6;75;04, GENERAL DE GAULLE (M;M;4333735;548343;130
201400016118;14;12;16;1900;5;2;1;1;6;55;02, BD GUSTAVE GANAY;M;4326546;539673;130
201400016119;14;12;17;1730;5;2;1;2;2;55;AVE MERLEAU PONTY;;;;130
201400016120;14;12;17;1345;1;2;1;2;6;55;17, BD ROLAND DORGELES;M;4334646;537982;130
201400016121;14;12;18;1700;1;2;1;1;6;55;28, BD DE LA PADOUANE;M;4335337;536659;130
201400016122;14;12;19;1305;1;2;3;1;6;55;158, BD DE SAINTE MARGUE;M;4326648;540824;130
201400016123;14;12;4;1610;1;2;1;2;6;55;00, RUE ALBERT EINSTEIN;;;;130
201400016124;14;12;16;1830;5;2;1;1;6;55;137, AVE CLOT BEY;M;4325694;538283;130
201400016125;14;11;23;1855;5;2;6;1;6;55;00, RPT ALEXANDRE ET JER;M;4329223;544585;130
201400016126;14;12;22;1915;5;2;1;1;6;55;07, BD JULIEN RANCUREL;M;4328483;548303;130
201400016127;14;12;19;1500;1;2;2;1;7;55;68, BD NATIONAL;;;;130
201400016128;14;12;21;1330;1;2;1;1;6;55;236, AVE DE SAINT ANTOIN;M;4337391;535578;130
201400016129;14;12;22;420;5;2;1;1;6;55;130, AVE DE SAINT JEROME;M;4333358;542017;130
201400016130;14;11;28;900;1;2;1;6;6;55;01, AVE FERNAND SARDOU;M;4335973;533925;130
201400016131;14;12;20;1500;2;2;1;1;6;55;36, TRA DE GIBBES;M;4331846;537884;130
201400016132;14;12;19;845;1;2;1;1;6;55;00, CHE DE L ARMEE D AFR;;;;130
201400016133;14;12;23;1530;1;2;1;1;6;55;30, BD DE LA POMME;M;4329209;544606;130
201400016134;14;12;10;2110;3;2;2;1;1;55;344, BD MICHELET;M;4325787;539936;130
201400016135;14;12;16;1730;2;2;1;1;6;55;01, AVE ELLEON;M;4328560;544209;130
201400016136;14;11;19;1445;1;2;1;1;6;55;02, IMP ROUSSEAU;M;4329043;539379;130
201400016137;14;12;16;1230;1;2;4;1;1;55;00, AVE DESIRE BIANCO;M;4328896;542575;130
201400016138;14;11;19;1300;1;2;1;1;6;55;53, RUE DAUMIER;M;4327831;538397;130
201400016139;14;12;12;1830;5;2;1;1;6;55;614, AVE DU PRADO;M;4326260;537549;130
201400016140;14;12;14;1900;5;2;1;1;6;55;164, BD DE SAINTE MARGUE;M;4326575;540861;130
201400016141;14;11;24;1900;5;2;1;1;7;55;00, ALL DE LA ROUGUIERE;;;;130
201400016142;14;12;23;1330;1;2;1;1;6;55;266, RTE DES TROIS LUCS;M;4329855;548152;130
201400016143;14;12;15;840;1;2;1;1;6;55;101, BD NATIONAL;M;4330674;538275;130
201400016144;14;12;11;1805;1;2;2;1;6;55;151, BD MICHELET;M;4326521;539567;130
201400016145;14;12;12;1920;5;2;1;1;6;55;00, RPT IAN PALACH;M;4327900;542668;130
201400016146;14;12;28;700;2;2;1;1;7;55;01, RUE ANDRE MAURIC;;;;130
201400016147;14;12;24;1800;4;2;1;1;6;55;AVE DES POILUS;;;;130
201400016148;14;12;21;330;5;2;1;1;7;55;712, AUT DU LITTORAL A55;;;;130
201400016149;14;12;23;1240;1;2;1;1;5;55;AVE ALEXANDRE FLEMING;;;;130
201400016150;14;12;19;1530;1;2;1;1;6;55;274, BD HENRI BARNIER;M;4336450;534223;130
201400016151;14;12;2;740;2;2;3;8;6;55;79, AVE DE LA FOURRAGERE;M;4329891;543069;130
201400016152;14;12;10;930;1;2;1;1;6;55;328, BD DE SAINTE MARGUE;M;4326188;541421;130
201400016153;14;12;27;1625;1;2;1;1;6;55;100, BD ROMAIN ROLLAND;M;4327866;542198;130
201400016154;14;12;18;1800;5;2;1;1;7;55;198, BD RABATAU;M;4328173;539960;130
201400016155;14;12;25;1720;5;2;1;1;6;55;27, AVE DESIRE BIANCO;M;4328902;542574;130
201400016156;14;12;28;1820;5;2;1;1;6;55;219, BD RABATAU DANIEL M;M;4328257;539945;130
201400016157;14;7;31;1620;1;2;1;1;6;55;201, AVE DE SAINT ANTOIN;M;4337365;535580;130
201400016158;14;11;3;1610;1;2;1;1;6;55;150, RUE FELIX PYAT;;;;130
201400016159;14;11;28;1405;1;2;3;1;6;55;269, AVE ROGER SALENGRO;M;4332190;536768;130
201400016160;14;12;2;445;5;2;1;2;7;55;01, VOL PASSERELLE PLOMB;;;;130
201400016161;14;12;6;2130;5;2;1;1;6;55;43, BD SIMON BOLIVAR;M;4334401;537814;130
201400016162;14;1;27;1230;1;2;2;1;3;55;00, BD BOISSON;;;;130
201400016163;14;1;30;1525;1;2;1;2;6;55;81, BD BAILLE;M;4328747;538957;130
201400016164;14;4;25;1700;1;2;1;1;6;55;183, AVE DES CHARTREUX;M;4330973;540064;130
201400016165;14;9;7;130;5;2;1;1;6;55;59, BD FRANCOISE DUPARC;M;4330369;540071;130
201400016166;14;11;15;550;5;2;1;1;6;75;29, MARECHAL JUIN (AVE D;M;4335215;546100;130
201400016167;14;11;20;1915;5;2;1;1;6;55;71, BD BAILLE;M;4328734;538899;130
201400016168;14;11;24;1409;1;2;2;1;3;55;24, RUE D' ITALIE;;;;130
201400016169;14;12;11;1130;1;2;1;1;6;55;92, BD BAILLE;M;4328768;539037;130
201400016170;14;12;28;1500;1;2;1;1;6;55;81, RUE DE LODI;M;4328892;538765;130
201400016171;14;12;30;1430;1;2;2;1;6;55;00, RUE BRETEUIL;M;4328752;537694;130
201400016172;14;5;8;1950;1;2;1;1;2;55;01, RUE DU COMMANDANT RO;;;;130
201400016173;14;4;3;1900;1;2;1;1;6;55;41, RUE VERDILLON;M;4327624;542225;130
201400016174;14;4;4;2315;5;2;5;1;6;55;122, BD RABATAU;M;4327752;539920;130
201400016175;14;8;7;1745;1;2;1;1;6;55;00, RTE DE LA SABLIERE;;;;130
201400016176;14;8;22;100;5;2;6;1;6;55;300, RPT DU PRADO;M;4327292;539074;130
201400016177;14;11;7;1610;1;2;1;1;6;55;314, AVE DU PRADO;M;4327239;539064;130
201400016178;14;11;19;900;1;2;1;1;6;55;423, BD MICHELET;M;4325222;540301;130
201400016179;14;11;25;1030;1;2;1;2;6;55;20, CHE DU ROY D' ESPAGN;M;4324228;539693;130
201400016180;14;11;26;1200;1;2;1;1;6;55;00, IMP PARADOU;;;;130
201400016181;14;12;5;1915;5;2;1;1;6;55;09, BD GUSTAVE GANAY;M;4326625;540120;130
201400016182;14;12;6;1800;5;2;1;1;6;55;00, RUE CAPITAINE GALINA;;;;130
201400016183;14;12;13;1015;1;2;2;1;7;55;02, AVE FLORIAN;M;4328164;542751;130
201400016184;14;12;20;1535;1;2;3;1;6;55;AVE COLGATE;M;4323334;540555;130
201400016185;14;8;8;2050;2;2;1;1;7;55;231, RUE PIERRE DOIZE;M;4327188;542774;130
201400016186;14;7;27;550;2;2;1;1;7;55;00, RTE LEON LACHAMP;;;;130
201400016187;14;8;28;2000;1;2;1;1;2;55;376, AVE DU PRADO;M;4327011;538723;130
201400016188;14;12;2;730;5;2;1;3;6;55;16, BD DE SAINT MARCEL;;;;130
201400016189;14;10;15;2030;5;2;1;1;7;55;124, RTE DE LA TREILLE;M;4331071;551166;130
201400016190;14;11;15;1400;1;2;1;1;6;55;90, BD BOUYALA D' ARNAUD;M;4329747;544087;130
201400016191;14;11;26;1210;1;2;1;1;2;55;ALL DE LA GRANDE BASTIDE;;;;130
201400016192;14;6;5;2040;1;2;1;1;6;55;54, BD ROLAND DORGELES;M;4334794;537726;130
201400016193;14;8;7;900;1;2;1;1;6;55;37, AVE DU MERLAN;M;4333510;540751;130
201400016194;14;9;20;1140;1;2;1;1;6;55;172, AVE DES OLIVES;;;;130
201400016195;14;9;20;1015;1;2;1;1;6;55;110, CHE DE LA MADRAGUE;M;4332450;536238;130
201400016196;14;9;30;2010;3;2;1;2;6;55;00, BD LIONEL TERRAY;;;;130
201400016197;14;10;7;30;5;2;1;1;6;55;000, RUE PAUL LANGEVIN;;;;130
201400016198;14;10;30;2130;5;2;1;1;7;55;34, BD FREDERIC SAUVAGE;;;;130
201400016199;14;3;16;1100;1;2;1;1;6;55;02, AVE DU CAP PINEDE RO;;;;130
201400016200;14;3;22;2310;5;2;1;2;6;55;00, BD AMPERE;;;;130
201400016201;14;5;5;1200;1;2;1;1;6;55;AVE DU MARCHE NATIONAL;;;;130
201400016202;14;5;30;2300;5;2;3;1;6;55;CHE DE SAINT LOUIS AU RO;M;4334850;535678;130
201400016203;14;5;2;2345;5;2;1;1;6;55;244, AVE DE SAINT ANTOIN;;;;130
201400016204;14;6;19;45;5;1;1;1;7;55;00, BD DE LA GARE;;;;130
201400016205;14;9;12;2000;5;2;1;1;6;55;00, BD ROLAND DORGELES;;;;130
201400016206;14;9;24;1300;1;2;1;1;6;55;01, QAI DE LA JOLIETTE;M;4330444;536515;130
201400016207;14;10;27;1210;1;2;1;1;6;55;136, CHE DU LITTORAL;M;4333651;535302;130
201400016208;14;11;25;535;5;2;1;3;6;55;00, TRA DU PRADEL;;;;130
201400016209;14;1;23;1830;1;2;1;1;1;75;45-47, PAUL SIRVENT (AVE;M;4334300;546861;130
201400016210;14;3;19;1500;1;2;1;1;6;55;00, AVE DE LA CROIX ROUG;;;;130
201400016211;14;8;27;1615;1;2;1;1;6;75;28, FR?D?RIC CHEVILLON (;M;4334565;546151;130
201400016212;14;8;27;1730;1;2;1;1;2;55;108, TRA DE CHANTE PERDR;M;4327361;543618;130
201400016213;14;10;11;1;5;2;1;1;2;75;144, LIBERATION (AVE DE;M;4334408;545950;130
201400016214;14;10;16;955;1;2;1;1;6;55;37, RUE PARADIS;M;4329284;537703;130
201400016215;14;11;2;1900;5;2;2;1;6;55;59, PAL PIERRE MENARD /;M;4329089;544282;130
201400016216;14;4;22;930;1;2;1;3;1;55;00, VSN TELLENE BD ROUCA;;;;130
201400016217;14;6;5;520;2;2;1;1;6;55;141, BD DE LA LIBERATION;M;4330125;539180;130
201400016218;14;6;14;1930;1;2;1;1;6;55;00, CRS BELSUNCE;;;;130
201400016219;14;6;10;1330;1;2;1;1;6;55;47, QAI DE RIVE NEUVE;M;4329237;536623;130
201400016220;14;8;12;2150;5;2;1;1;6;55;26, BD GARIBALDI;M;4329632;538137;130
201400016221;14;8;14;1155;1;1;2;1;3;55;01, AVE DE CORINTHE;M;4328304;539005;130
201400016222;14;9;8;1230;1;2;1;1;6;55;000, AVE DE LA CORSE;;;;130
201400016223;14;11;26;1800;3;2;2;1;6;55;22, BD DE LA LIBERTE;;;;130
201400016224;14;12;21;225;5;2;1;1;6;55;01, BD CHARLES LIVON;M;4329223;536333;130
201400016225;14;7;4;1450;1;2;1;1;2;55;00, BD DE PLOMBIERES;;;;130
201400016226;14;5;23;1520;1;2;1;1;6;55;68, RUE LOUBON;M;4331245;538082;130
201400016227;14;7;19;20;5;2;1;1;6;55;391, RUE DE LYON;M;4334025;536127;130
201400016228;14;8;18;1810;1;2;2;1;6;55;00, BD DE STRASBOURG;M;4330660;537447;130
201400016229;14;8;22;45;5;2;1;1;6;55;81, BD LOUIS VILLECROZE;M;4332060;539198;130
201400016230;14;9;13;1650;1;2;1;1;6;55;51, RUE LE CHATELIER;M;4334751;536341;130
201400016231;14;8;24;130;5;2;1;1;6;55;00, AVE DE LA POINTE ROU;;;;130
201400016232;14;8;26;1730;1;2;6;1;6;55;01, RPT SORMIOU COLGATE;M;4323521;541083;130
201400016233;14;1;6;945;1;1;1;1;3;39;ROUTE NATIONALE 569;M;4347050;494637;130
201400016234;14;1;8;1000;1;2;1;1;1;56;LAVANDIN RUE DU;;;;130
201400016235;14;1;10;1920;5;2;1;1;7;77;CRISTOFOL JEAN (bld);;;;130
201400016236;14;1;22;835;1;2;1;1;3;56;KENNEDY AVENUE DU PRESID;;;;130
201400016237;14;1;27;1130;1;1;1;2;5;77;RN 568;;;;130
201400016238;14;2;12;1205;1;2;1;1;6;26;LAURE (route de);;;;130
201400016239;14;2;11;1520;1;2;1;1;6;77;THOREZ MAURICE (avenue);;;;130
201400016240;14;2;22;1130;1;2;1;1;7;77;NEDELEC CHARLES (rue);;;;130
201400016241;14;3;3;715;2;2;1;3;6;39;CHALAND (Chemin du);;;;130
201400016242;14;2;27;1115;1;2;1;1;7;26;5, CLAIRIN (bld Germain);M;4338249;516439;130
201400016243;14;3;13;845;1;1;3;1;5;77;27, MIRABEAU (rue);;;;130
201400016244;14;2;18;710;2;1;1;1;7;39;RN 568;;;;130
201400016245;14;3;21;1335;1;2;1;1;6;56;AUGUETTE AVENUE D';;;;130
201400016246;14;4;7;2252;5;2;3;1;6;56;CANTO PERDRIX AVENUE DE;M;4341979;505411;130
201400016247;14;4;22;1715;1;2;1;1;2;77;ETANG (chemin de l');;;;130
201400016248;14;4;8;1150;1;2;1;3;6;77;VELLA PAUL (rue);;;;130
201400016249;14;4;15;2100;5;2;1;1;6;56;QUATORZE JUILLET;;;;130
201400016250;14;4;10;2230;3;1;1;1;6;56;RD 49;;;;130
201400016251;14;4;9;1415;1;1;1;1;4;26;RD 568;;;;130
201400016252;14;3;26;1000;1;2;1;1;2;56;TURCAN FRANCIS;;;;130
201400016253;14;4;18;1330;1;2;1;1;3;56;RD 5 (Route d'Istres);;;;130
201400016254;14;4;24;1220;1;2;1;1;1;56;ELUARD BOULEVARD PAUL;;;;130
201400016255;14;4;25;1210;1;1;1;1;2;39;RN 568;;;;130
201400016256;14;5;3;1300;1;1;1;1;3;39;FOSSETTE (Rond-point de;M;4348707;488417;130
201400016257;14;5;10;1800;1;2;1;1;1;26;CHATEAU MOUSTIER (bld du;;;;130
201400016258;14;5;18;1345;1;1;1;1;3;39;ROUTE NATIONALE 569;;;;130
201400016259;14;6;11;1800;1;1;1;1;3;56;BARBOUSSADE CHEMIN DE;;;;130
201400016260;14;5;19;1115;1;2;1;1;6;77;PAPIN DENIS (rue);;;;130
201400016261;14;5;26;1240;1;2;1;1;2;56;TURCAN FRANCIS;;;;130
201400016262;14;6;9;1800;1;2;1;1;6;56;CARRO (avenue de);;;;130
201400016263;14;6;11;600;2;2;1;1;6;26;MICHELES (rue des);;;;130
201400016264;14;6;12;805;1;2;1;1;2;56;ROUTE DU PORT DE LAVERA;;;;130
201400016265;14;6;16;1120;1;2;1;1;3;56;LECLERC (Parking G?n?ral;;;;130
201400016266;14;6;20;1300;1;2;1;1;1;56;ELUARD BOULEVARD PAUL;;;;130
201400016267;14;6;22;1915;1;1;1;1;3;39;RN 568;;;;130
201400016268;14;6;28;550;2;2;1;1;3;77;RN 568;;;;130
201400016269;14;7;2;2005;1;2;1;1;6;56;TOURET DE VALLIER;M;4342689;505838;130
201400016270;14;7;1;2030;1;2;1;1;6;56;ALLENDE BOULEVARD SALVAD;;;;130
201400016271;14;7;6;1830;2;2;1;1;1;77;CHOPIN FREDERIC (bld);;;;130
201400016272;14;7;21;2145;5;1;3;1;3;56;TAMARIS;M;4338466;502553;130
201400016273;14;7;18;840;1;1;1;1;3;56;COURONNE;;;;130
201400016274;14;7;19;1010;1;2;3;1;3;77;RN 568;M;4342181;497736;130
201400016275;14;7;22;640;1;1;1;1;5;26;RN 568;;;;130
201400016276;14;7;30;1450;1;2;1;1;6;56;QUATORZE JUILLET;M;4340874;505628;130
201400016277;14;7;24;1740;1;1;1;1;1;26;RN 568;;;;130
201400016278;14;8;3;1430;1;1;3;1;3;56;REVEILLA;M;4342267;502111;130
201400016279;14;8;10;1;5;2;2;1;1;39;PHION (Chemin de);M;4345556;493732;130
201400016280;14;8;23;240;3;1;1;1;5;56;ROUTE DE SAINT PIERRE;M;4337782;506467;130
201400016281;14;8;25;540;2;1;1;1;4;77;RN 568;;;;130
201400016282;14;8;20;1050;1;1;1;1;2;77;LA TREMIE (acc?s RN 568;;;;130
201400016283;14;8;21;1810;1;2;3;1;3;56;PORT DE BOUC ROUTE DE;M;4341091;502112;130
201400016284;14;8;27;2200;5;2;1;1;1;77;THOREZ MAURICE (avenue);;;;130
201400016285;14;9;3;2057;3;2;1;1;6;56;ROUTE DU PORT DE LAVERA;M;4340156;501386;130
201400016286;14;8;25;1615;1;2;3;1;3;56;ISTRES ROUTE D';M;4342289;505614;130
201400016287;14;8;28;1840;1;2;1;1;6;77;RN 568;;;;130
201400016288;14;9;12;1545;1;2;3;1;3;56;DIX NEUF MARS 1962 BOULE;M;4342084;503582;130
201400016289;14;9;12;1810;1;2;1;1;6;56;PARADIS CHEMIN DE;;;;130
201400016290;14;9;21;515;3;1;1;5;7;39;FOSSETTE (Rond-point de;M;4348679;488541;130
201400016291;14;9;29;1340;1;1;1;1;6;39;RN 544;M;4346045;489693;130
201400016292;14;9;26;1530;1;1;1;1;6;39;RN 568;;;;130
201400016293;14;9;19;1445;1;2;1;1;4;56;AV TURCAN FRANCIS;;;;130
201400016294;14;10;6;1055;1;1;1;1;2;39;SAINT-GERVAIS (Carrefour;M;4343305;494129;130
201400016295;14;10;7;1115;1;2;2;2;6;56;BARBOUSSADE CHEMIN DE;M;4342484;505353;130
201400016296;14;10;8;1945;5;2;2;1;3;26;AUDIBERT (bld Armand);M;4338628;516915;130
201400016297;14;10;20;800;2;1;1;5;4;39;RN 568;M;4349082;488114;130
201400016298;14;10;29;910;1;1;1;1;4;39;RN 568;;;;130
201400016299;14;10;13;1430;1;1;1;1;2;77;RN 568;;;;130
201400016300;14;10;14;830;1;1;1;1;6;26;CD 9;;;;130
201400016301;14;10;21;2355;5;2;2;1;1;56;FOURNIER BOULEVARD HELEN;M;4341364;505703;130
201400016302;14;10;24;1750;1;2;1;1;2;56;LECLERC QUAI GENERAL CHA;;;;130