num_acc;an;mois;jour;hrmn;lum;agg;int;atm;col;com;adr;gps;lat;long;dep
201400016303;14;11;8;1910;5;2;1;1;6;56;TESSE MAURICE;;;;130
201400016304;14;11;10;830;1;2;1;1;1;56;ARAGON (rue Louis);;;;130
201400016305;14;11;19;1120;1;2;1;1;2;56;TURCAN FRANCIS;;;;130
201400016306;14;12;3;1530;1;1;1;1;2;26;CD 9;;;;130
201400016307;14;11;13;815;1;2;1;1;2;77;LA TREMIE (acc?s RN 568;;;;130
201400016308;14;11;19;830;1;2;1;1;6;56;PINEDE ALLEE DE LA;;;;130
201400016309;14;11;27;1210;1;2;2;3;3;26;AUDIBERT (bld Armand);M;4338625;516913;130
201400016310;14;12;12;1540;1;1;1;1;6;39;RN 568;;;;130
201400016311;14;12;13;1130;1;2;1;2;2;56;FLEMING AVENUE DU ALEXAN;;;;130
201400016312;14;12;18;1515;1;2;1;1;7;39;GUIGONNET (Route du);;;;130
201400016313;14;1;9;1610;1;2;1;1;6;103;275, RUE PIRON -EUGENE;;;;130
201400016314;14;1;16;820;1;2;1;2;6;103;CHEMIN SAINT JEAN-RD 68E;;;;130
201400016315;14;1;18;504;3;1;1;8;6;103;D 113;;;;130
201400016316;14;1;28;1710;2;1;1;1;3;103;ROUTE DE JEAN MOULIN-RN;M;4364733;509333;130
201400016317;14;1;29;735;2;1;3;3;3;103;AVENUE CHABAN DELMAS -JA;M;4364048;506474;130
201400016318;14;3;17;750;1;2;6;1;3;103;1, RPT DES BARETTES;M;4364035;507641;130
201400016319;14;4;30;845;1;2;1;1;3;103;AVENUE DE L' EUROPE;;;;130
201400016320;14;5;1;2230;3;1;1;1;6;103;ROUTE D'ARLES-RN 113;;;;130
201400016321;14;5;9;1445;1;1;1;1;1;103;RTE D' EYGUIERES-RD 17;;;;130
201400016322;14;5;26;1150;1;1;1;1;7;103;VIEILLE ROUTE DE PELISSA;;;;130
201400016323;14;5;27;1200;1;2;9;1;7;103;RUE DE GRIGNAN;;;;130
201400016324;14;6;29;610;2;1;1;1;6;103;RTE DE PELISSANNE-RD 572;;;;130
201400016325;14;7;3;1230;1;2;1;1;3;103;483, AVENUE DE LATTRE DE;;;;130
201400016326;14;7;18;315;3;1;1;1;1;103;ROUTE DE JEAN MOULIN-RN;;;;130
201400016327;14;7;18;1500;1;1;1;1;4;103;RN 569;;;;130
201400016328;14;7;25;830;1;2;1;1;6;103;AVENUE MICHELET;;;;130
201400016329;14;7;27;210;3;1;1;1;6;103;153, ROUTE DE JEAN MOULI;M;4364868;509392;130
201400016330;14;7;28;2200;5;2;1;1;6;103;BOULEVARD DANTON;;;;130
201400016331;14;8;15;1;3;2;1;1;7;103;AVENUE DE LATTRE DE TASS;M;4367299;507361;130
201400016332;14;8;26;930;1;2;3;8;1;103;AVENUE CHABAN DELMAS  J;M;4364049;506475;130
201400016333;14;9;9;1550;1;2;1;1;6;103;0, BOULEVARD DES CAPUCIN;;;;130
201400016334;14;9;15;2310;5;2;2;2;3;103;0, RUE KINET;M;4364730;509298;130
201400016335;14;10;9;1305;1;2;1;1;3;103;0, AVENUE LECLERC   DU M;;;;130
201400016336;14;11;17;430;5;2;1;1;6;103;RUE CHANZY;M;4364014;509454;130
201400016337;14;11;17;1640;1;1;9;1;3;103;AVENUE MOULIN -JEAN- RN;;;;130
201400016338;14;12;7;1205;1;2;1;1;6;103;COURS CARNOT;;;;130
201400016339;14;1;2;20;3;1;1;2;1;32;BELLEGARDE ROUTE DE;M;4377966;454872;300
201400016340;14;1;3;1250;1;1;3;1;6;32;SAINT GILLES ROUTE DE;M;4379738;460914;300
201400016341;14;1;11;1830;5;2;3;1;3;32;FARCIENNES AVENUE DE;M;4381237;462964;300
201400016342;14;1;23;1030;1;1;1;1;7;108;VALLABREGUES ( RD 81 ROU;;;;130
201400016343;14;1;31;700;2;2;1;3;6;108;JULES FERRY (BOULEVARD);M;4380210;466378;130
201400016344;14;1;8;800;2;1;1;1;7;108;1, D33 ROUTE DE FONTVEIL;M;4375046;470165;130
201400016345;14;2;1;120;3;1;1;1;7;32;SAINT GILLES ROUTE DE;;;;300
201400016346;14;2;7;1230;1;2;3;1;3;108;70, VICTOR HUGO (BOULEVA;M;4380306;466135;130
201400016347;14;2;8;1010;1;1;1;2;7;32;8135, saint gilles route;M;4378024;454998;300
201400016348;14;2;12;2255;5;1;1;1;6;32;D999;M;4380462;464919;300
201400016349;14;2;12;1235;1;1;1;1;7;108;RD 570 N ROUTE D ARLES;;;;130
201400016350;14;2;17;845;1;1;1;1;1;32;NIMES ROUTE DE CD 999;M;4381718;461682;300
201400016351;14;2;17;1845;4;2;1;1;6;32;NIMES ROUTE DE CD 999;M;4381682;461446;300
201400016352;14;2;20;1220;1;1;1;1;7;32;NIMES ROUTE DE CD 999;M;4381865;461227;300
201400016353;14;2;21;1840;2;2;1;1;6;108;3, REPUBLIQUE (AVENUE);M;4380486;465519;130
201400016354;14;2;25;700;2;1;3;1;3;32;saint gilles route de;M;4379821;460857;300
201400016355;14;3;1;1400;1;1;2;1;3;32;CABANETTE CHEMIN DE;M;4373854;458408;300
201400016356;14;3;8;2330;3;1;9;1;7;32;D 90;M;4379249;463025;300
201400016357;14;3;9;1745;1;1;1;1;5;108;RD 970 ROUTE D'AVIGNON;M;4381401;467212;130
201400016358;14;3;13;1;3;1;1;1;7;108;ARLES (PETITE ROUTE D AR;M;4374212;465352;130
201400016359;14;3;23;1830;2;1;1;1;7;108;2A, RD 970 ROUTE D'AVIGN;M;4381767;468076;130
201400016360;14;3;27;1720;1;2;3;1;3;32;MIRABEAU RUE;M;4380728;464782;300
201400016361;14;4;10;1345;1;2;1;1;2;108;VOLTAIRE (FAUBOURG);;;;130
201400016362;14;4;10;1400;1;1;1;1;7;108;ARLES (PETITE ROUTE D AR;;;;130
201400016363;14;4;11;2015;2;2;9;1;7;108;1, SAINT GEORGES (CHEMIN;M;4380778;466293;130
201400016364;14;4;14;1145;1;2;1;1;6;32;12, FARCIENNES AVENUE DE;M;4380928;463856;300
201400016365;14;4;15;1710;1;1;1;1;6;108;RD 99 ROUTE DE SAINT REM;M;4379662;469045;130
201400016366;14;4;17;1900;1;2;1;1;7;32;34, MARECHAL JUIN AVENUE;M;4380911;462265;300
201400016367;14;4;21;1635;1;1;2;1;3;108;RD 970 ROUTE D'AVIGNON;M;4383694;472565;130
201400016368;14;4;25;958;1;2;1;1;2;32;MARECHAL FOCH BD DU;M;4380956;463863;300
201400016369;14;5;2;900;1;1;1;1;7;108;CD 35 ROUTE DE BOULBON;M;4383508;467378;130
201400016370;14;5;3;945;1;1;1;1;2;108;RD 970 ROUTE D'AVIGNON;;;;130
201400016371;14;5;6;1600;1;1;1;1;7;108;RD 570 N ROUTE D ARLES;;;;130
201400016372;14;5;8;1720;1;2;1;1;7;32;43, LILAS IMPASSE DES;;;;300
201400016373;14;5;13;1740;1;1;1;1;7;32;BELLEGARDE ROUTE DE;M;4378518;456978;300
201400016374;14;5;15;1430;1;2;3;1;3;108;REVOLUTION (RUE);M;4380474;466135;130
201400016375;14;5;17;419;3;1;1;1;1;32;FOURQUES ROUTE DE;;;;300
201400016376;14;5;17;1849;1;1;1;1;3;108;RD 99 ROUTE DE SAINT REM;M;4379663;469032;130
201400016377;14;5;22;930;1;1;1;1;3;32;VALESCURE CHEMIN DE;M;4377990;452980;300
201400016378;14;5;24;655;1;1;1;1;2;32;D 90;M;4383087;461846;300
201400016379;14;6;3;1540;1;1;1;1;6;32;BELLEGARDE ROUTE DE;M;4377330;453754;300
201400016380;14;6;7;1045;1;2;1;1;5;32;FARCIENNES AVENUE DE;M;4381130;463486;300
201400016381;14;6;15;1546;1;2;1;2;7;32;MOULINELLE AVENUE DE;;;;300
201400016382;14;6;14;1415;1;1;1;1;7;108;RD 570 N ROUTE D ARLES;;;;130
201400016383;14;6;9;1530;1;2;1;1;7;32;CHEMIN DE LANDAU;M;4378532;455502;300
201400016384;14;6;17;830;1;1;1;1;7;108;RD 99 ROUTE DE SAINT REM;M;4379520;469669;130
201400016385;14;6;24;1810;1;1;1;1;7;108;RD 970 ROUTE D'AVIGNON;;;;130
201400016386;14;6;25;1930;1;1;1;1;7;108;VALLABREGUES ( RD 81 ROU;;;;130
201400016387;14;6;25;1045;1;2;1;3;2;32;FARCIENNES AVENUE DE;;;;300
201400016388;14;6;26;2110;5;2;1;1;7;108;DESPLACES GUSTAVE (BOULE;M;4380258;465766;130
201400016389;14;6;27;1845;1;1;1;1;5;32;JEAN MONNET AVENUE;;;;300
201400016390;14;7;5;730;1;1;1;1;3;32;BELLEGARDE ROUTE DE;M;4377954;454844;300
201400016391;14;7;22;1700;1;1;1;1;3;108;RD 570 N ROUTE D ARLES;M;4375607;468337;130
201400016392;14;7;22;1250;1;1;1;1;7;108;RD 570 N ROUTE D ARLES;M;4375607;468337;130
201400016393;14;7;25;1950;1;1;1;2;7;32;8135, SAINT GILLES ROUTE;M;4377855;454546;300
201400016394;14;7;25;2000;1;1;1;1;7;108;RD 970 ROUTE D ARLES;M;4378661;467652;130
201400016395;14;7;29;820;1;1;1;1;7;32;D 90;M;4379892;460813;300
201400016396;14;8;1;2250;4;2;1;1;5;108;CHATEAU (RUE);;;;130
201400016397;14;8;5;1130;1;2;2;1;3;32;ANCIENS COMBATTANTS AFRI;M;4381138;464429;300
201400016398;14;8;5;1346;1;2;1;1;2;108;RD 99 ROUTE DE SAINT REM;M;4380113;467021;130
201400016399;14;8;10;1550;1;1;3;1;3;108;RD 570 N ROUTE D ARLES;M;4379476;467011;130
201400016400;14;8;17;1810;1;1;4;1;3;108;1, D33 ROUTE DE FONTVEIL;M;4375096;470083;130
201400016401;14;8;21;1615;1;1;1;1;4;32;NIMES ROUTE DE CD 999;M;4379246;463123;300
201400016402;14;8;26;1925;1;1;3;1;6;108;1, D33 A;M;4375102;470079;130
201400016403;14;8;31;740;1;1;1;1;7;108;RD 570 N ROUTE D ARLES;M;4374611;467691;130
201400016404;14;9;1;845;1;2;2;1;6;108;ITAM (BOULEVARD);M;4380654;465743;130
201400016405;14;9;1;1515;1;2;1;1;3;32;SAINT JOSEPH CHEMIN DE;M;4380340;464157;300
201400016406;14;9;1;1725;1;2;1;1;2;32;22, FARCIENNES AVENUE DE;M;4381127;463545;300
201400016407;14;9;3;750;1;2;2;1;3;32;GAMBETTA COURS;M;4380607;464337;300
201400016408;14;9;5;1700;1;1;1;1;1;108;ARLES (PETITE ROUTE D AR;M;4376990;466814;130
201400016409;14;9;9;1615;1;2;1;1;6;108;JULES FERRY (BOULEVARD);M;4380271;466294;130
201400016410;14;9;11;1545;1;1;1;1;7;108;RD 970 ROUTE D'AVIGNON;M;4380213;466326;130
201400016411;14;9;13;1540;1;2;1;1;5;108;2, VOLTAIRE (FAUBOURG);M;4380876;466358;130
201400016412;14;9;16;1230;1;1;1;1;2;32;38, SAINT GILLES ROUTE D;;;;300
201400016413;14;9;20;840;1;1;1;1;7;108;RD 570 N ROUTE D ARLES;M;4378024;470029;130
201400016414;14;9;24;818;1;1;1;3;7;32;saint gilles route de D3;M;4377879;454608;300
201400016415;14;9;26;745;1;1;1;1;6;108;RD 99 ROUTE DE SAINT REM;;;;130
201400016416;14;9;26;1015;1;1;1;1;6;108;VALLABREGUES ( RD 81 ROU;M;4382345;464944;130
201400016417;14;9;30;1730;1;1;1;1;2;32;SAINT GILLES ROUTE DE;M;4379917;460983;300
201400016418;14;10;9;2130;3;1;1;1;6;32;COMPS ROUTE DE;M;4383073;461783;300
201400016419;14;10;10;1350;1;2;1;2;7;108;ROUSTIDES (CHEMIN DES);;;;130
201400016420;14;10;10;1500;1;1;1;1;6;108;CD 8O ROUTE DE GRAVESON;;;;130
201400016421;14;10;12;1645;1;2;1;1;6;32;REDOUTE RUE DE LA;;;;300
201400016422;14;10;18;1730;1;2;1;1;7;32;saint gilles route de;M;4380718;463640;300
201400016423;14;10;31;1815;3;1;1;1;7;32;saint gilles route de D3;M;4379142;458240;300
201400016424;14;11;1;215;3;1;1;1;7;32;saint gilles route de D3;;;;300
201400016425;14;11;4;1903;3;1;1;2;7;108;RD 970 ROUTE D'AVIGNON;M;4382470;469685;130
201400016426;14;11;6;1715;2;1;1;1;6;32;D 90;M;4379412;461167;300
201400016427;14;11;7;735;2;2;1;1;6;32;paix quai de la;;;;300
201400016428;14;11;4;1230;1;1;1;2;7;108;CD 35 ROUTE DE BOULBON;;;;130
201400016429;14;11;8;1630;1;1;1;1;3;108;RD 970 ROUTE D'AVIGNON;M;4377963;468142;130
201400016430;14;11;15;1805;5;2;1;2;6;108;GAMBETTA (BOULEVARD);M;4380277;466290;130
201400016431;14;11;18;2005;3;1;1;1;7;108;VALLABREGUES ( RD 81 ROU;M;4382996;465142;130
201400016432;14;11;19;1615;1;2;1;1;6;32;hotel de ville;;;;300
201400016433;14;11;19;2300;3;1;1;1;7;32;4828, BELLEGARDE ROUTE D;M;4379283;458590;300
201400016434;14;11;27;1540;1;2;1;1;6;32;JULES FERRY AVENUE;;;;300
201400016435;14;11;27;1730;3;1;1;3;1;108;RD 99 D;M;4378522;466033;130
201400016436;14;12;7;1745;4;2;1;1;4;108;ITAM (BOULEVARD);;;;130
201400016437;14;12;6;1852;3;1;1;1;1;108;RD 570 N ROUTE D ARLES;;;;130
201400016438;14;12;12;1657;2;1;1;1;2;108;699, MAS DE BOSC CHEMIN;;;;130
201400016439;14;12;12;1930;3;1;1;1;3;32;FOURQUES ROUTE DE;M;4375764;461500;300
201400016440;14;12;18;1100;1;1;1;1;7;32;SAINT GILLES ROUTE DE;;;;300
201400016441;14;12;18;1400;1;2;1;1;6;32;CARREFOUR PARKING CENTRE;M;4381716;461339;300
201400016442;14;12;19;1145;1;1;1;1;7;108;1, D33 ROUTE DE FONTVEIL;;;;130
201400016443;14;12;20;2150;5;2;1;1;7;32;D999;;;;300
201400016444;14;12;22;1956;3;1;1;1;7;108;VALLABREGUES ( RD 81 ROU;M;4382378;464903;130
201400016445;14;12;23;1500;1;1;1;1;1;32;FOURQUES ROUTE DE;M;4378488;462690;300
201400016446;14;12;23;1930;3;1;1;1;7;108;D33 ROUTE DE FONTVEILLE;;;;130
201400016447;14;12;24;1050;1;2;1;1;3;32;CARREFOUR PARKING CENTRE;M;4381710;461360;300
201400016448;14;1;1;1300;1;1;1;1;6;19;7255, AVENUE MARCEL MATT;M;4346191;536953;130
201400016449;14;1;2;1410;1;2;9;1;2;117;GRIFFON ( ECHANGEUR DU );;;;130
201400016450;14;1;3;1140;1;2;1;1;6;117;PADOVANI ( AVE );;;;130
201400016451;14;1;7;2030;5;2;1;1;5;71;87, MITTERRAND (AVENUE F;M;4338019;534846;130
201400016452;14;1;7;2130;5;1;2;1;3;71;RD 543;M;4341759;536710;130
201400016453;14;1;10;530;5;2;1;1;2;117;48, ATHENES (RUE D');M;4344208;524140;130
201400016454;14;1;10;1815;5;2;1;1;6;71;17, HUGO ( AVENUE VICTOR;M;4341025;531230;130
201400016455;14;1;13;1610;1;1;1;2;4;117;STADIUM (CD9);;;;130
201400016456;14;1;15;830;1;1;1;1;3;117;ROUTE DEPARTEMENTALE 20;;;;130
201400016457;14;1;15;1530;1;2;2;1;3;117;xx, MONNET ( AVENUE JEAN;M;4342592;527838;130
201400016458;14;1;15;2010;5;2;2;1;3;117;xx, RABIN ( AVENUE YITZH;M;4344852;524652;130
201400016459;14;1;16;745;2;2;2;2;1;117;SALYENS ( AVENUE DES );M;4344405;525177;130
201400016460;14;1;16;810;1;1;1;3;6;117;D9;;;;130
201400016461;14;1;19;1300;1;2;1;8;6;117;ROUTE NATIONALE 113 - CA;;;;130
201400016462;14;1;20;1230;1;1;6;1;2;19;ROUTE D'APT;M;4342194;536774;130
201400016463;14;1;21;1600;1;2;1;1;1;71;JEAN-JAURES;;;;130
201400016464;14;1;23;1640;1;2;1;1;6;71;MITTERRAND (AVENUE FRANC;;;;130
201400016465;14;1;24;340;5;2;1;1;6;117;MARSEILLE ( AVENUE DE );M;4345477;525069;130
201400016466;14;1;26;1745;2;2;2;1;3;117;EUROPE ( AVENUE DE L' );M;4344156;524377;130
201400016467;14;1;27;710;1;2;6;1;2;71;ROUTE NATIONALE 113 - AG;M;4341719;528302;130
201400016468;14;1;29;1900;3;1;3;1;3;71;ROUTE NATIONALE 368 (PLA;M;4340803;530392;130
201400016469;14;1;30;1700;1;2;1;2;3;71;BOEUFS ( CHEMIN DES );;;;130
201400016470;14;1;30;1015;1;1;1;3;6;117;DEPARTEMENTALE 9;;;;130
201400016471;14;2;5;905;1;1;1;3;6;117;RD 20;;;;130
201400016472;14;2;5;1145;1;2;1;3;6;117;ROUCAS ( CORNICHE DU );;;;130
201400016473;14;2;4;1150;1;1;1;1;6;19;2, AVENUE ETIENNE RABATT;;;;130
201400016474;14;2;6;1630;1;1;1;1;2;117;D 9;;;;130
201400016475;14;2;6;1800;3;2;1;1;2;117;D 9 ESTROUBLANS;;;;130
201400016476;14;2;7;1600;1;2;1;1;2;117;0, ROUARD ( AVENUE VITAL;;;;130
201400016477;14;2;7;1900;4;1;1;1;2;19;RD6;;;;130
201400016478;14;2;8;1845;3;1;1;2;6;19;ROUTE D'APT;;;;130
201400016479;14;2;10;1205;1;1;1;2;3;71;CD 543;;;;130
201400016480;14;2;16;420;3;1;1;1;7;117;STADIUM (CD9);;;;130
201400016481;14;2;16;1145;1;1;1;1;6;117;ROUTE NATIONALE 113-L'AN;;;;130
201400016482;14;2;16;1410;1;2;1;1;6;19;AVENUE DU PLAN DE CAMPAG;;;;130
201400016483;14;2;18;1610;1;2;1;1;1;117;ROUTE NATIONALE 113 - CA;;;;130
201400016484;14;2;20;1910;3;1;1;1;6;19;RD 6 (;;;;130
201400016485;14;3;4;1755;1;2;6;1;4;117;MONNET (AVENUE JEAN);;;;130
201400016486;14;3;6;1120;1;2;9;1;6;71;VERSAILLES (ROND POINT D;;;;130
201400016487;14;3;9;1550;1;2;1;1;7;117;TRESORERIE PRINCIPALE (A;;;;130
201400016488;14;3;13;930;1;1;1;1;2;71;PTT GAVOTTE (RN 113);;;;130
201400016489;14;3;14;1630;1;2;4;1;2;117;RD 9 ESTROUBLANS;M;4342735;526637;130
201400016490;14;3;14;1800;1;1;1;1;4;117;RD 113-L'AN;;;;130
201400016491;14;3;16;1850;1;1;2;1;3;71;ROUTE NATIONALE 368 (PLA;M;4340616;528589;130
201400016492;14;3;18;1745;1;2;3;1;3;117;GLACIERE ( RUE DE LA );;;;130
201400016493;14;3;19;845;1;1;1;1;4;117;RD 9 ESTROUBLANS;;;;130
201400016494;14;3;20;25;3;1;1;1;7;117;EUROCOPTER RD 20;;;;130
201400016495;14;3;21;850;1;2;1;8;4;117;RD 113 - AG;;;;130
201400016496;14;3;21;1745;1;2;3;1;1;19;AVENUE MARCEL MATTEODA;M;4345584;538449;130
201400016497;14;3;21;2220;5;2;3;1;3;117;EUROPE ( AVENUE DE L' );;;;130
201400016498;14;3;22;1000;1;1;1;2;6;19;ROUTE D'APT;;;;130
201400016499;14;3;23;1520;1;1;1;1;3;117;RD 113 - CA;;;;130
201400016500;14;3;24;1000;1;2;1;1;4;71;AVENUE BARREAU NORD-SUD;;;;130
201400016501;14;3;25;900;1;1;1;1;3;117;RD 9;;;;130
201400016502;14;3;25;900;1;1;1;1;6;117;GLYCINES ( ALLEE DES );M;4344124;525487;130
201400016503;14;3;23;1055;1;1;1;1;6;19;AVENUE DU PLAN DE CAMPAG;;;;130
201400016504;14;3;29;1015;1;2;6;1;2;19;CARREFOUR DU MAR. DE LA;M;4346533;535358;130
201400016505;14;3;29;1820;1;2;3;1;2;117;ROUARD ( AVENUE VITAL );M;4345634;525030;130
201400016506;14;4;3;1345;1;2;1;1;4;117;MONNET ( AVENUE JEAN );;;;130
201400016507;14;4;3;1735;1;2;1;1;3;117;10, LION ( CHEMIN DU );M;4345388;523285;130
201400016508;14;4;4;830;1;2;1;1;2;117;ROUTE DEPARTEMENTALE 20;;;;130
201400016509;14;4;10;830;1;2;1;1;6;19;AVENUE MARECHAL LECLERC;;;;130
201400016510;14;4;10;900;1;1;1;1;7;71;2, BRUTUS (AV DU CAPITAI;M;4339956;533276;130
201400016511;14;4;10;1600;1;1;1;1;4;71;TOTAL (RN 113 - LE TUNNE;;;;130
201400016512;14;4;12;1640;1;2;1;1;3;117;MARSEILLE ( AVENUE DE );;;;130
201400016513;14;4;14;1300;1;1;6;1;6;19;ROUTE D?APT;M;4342194;536774;130
201400016514;14;4;15;1705;1;1;1;1;2;117;RD 20;;;;130
201400016515;14;4;18;555;5;2;1;1;7;117;37, PADOVANI ( AVE );;;;130
201400016516;14;4;19;1115;1;2;1;1;6;19;817, AVENUE EUGENE MIRAB;;;;130
201400016517;14;4;19;1200;1;1;3;1;3;19;ROUTE DE PIMPARIN;M;4346242;536892;130
201400016518;14;4;20;1030;1;1;1;2;6;71;CAPITAINE DE CORVETTE P.;;;;130
201400016519;14;4;21;555;2;2;9;1;6;117;MONNET (AVENUE JEAN);;;;130
201400016520;14;4;22;1100;1;2;6;2;3;71;JAS DE RHODES (RUE DU);M;4338933;533415;130
201400016521;14;4;23;805;2;1;1;5;2;19;D9;;;;130
201400016522;14;4;25;1345;1;1;6;2;3;117;LAVANDE (ROND POINT);;;;130
201400016523;14;4;28;800;1;2;1;1;3;117;12, GLACIERE ( RUE DE LA;M;4341889;524513;130
201400016524;14;4;28;1740;1;1;1;1;6;117;EUROPE (AVENUE DE L');;;;130
201400016525;14;5;3;1710;1;1;1;1;6;71;PINCHINADES ( CHEMIN DES;;;;130
201400016526;14;5;6;1330;1;2;1;1;7;71;82, HUGO ( AVENUE VICTOR;M;4341080;531803;130
201400016527;14;5;7;1030;1;2;1;1;7;71;6, DOMREMY ( RUE );M;4338221;534508;130
201400016528;14;5;7;2220;5;2;1;1;3;71;PLAN DE CAMPAGNE;;;;130
201400016529;14;5;10;1610;1;1;1;1;6;19;D9;M;4345728;533034;130
201400016530;14;5;12;1845;1;2;1;1;3;71;90, VIEILLE ROUTE DE LA;M;4339251;534121;130
201400016531;14;5;14;2100;5;2;3;1;3;71;VIEILLE ROUTE DE LA GAVO;;;;130
201400016532;14;5;15;1810;1;1;1;1;2;117;24, PADOVANI ( AVE );;;;130
201400016533;14;5;16;2315;5;1;1;1;2;117;EUROCOPTER CD 20;;;;130
201400016534;14;5;16;1935;1;2;3;1;3;71;ROUTE NATIONALE 113 - RE;M;4341587;529547;130
201400016535;14;5;18;1307;1;2;1;1;6;117;31, 8 MAI 1945 (AVENUE);;;;130
201400016536;14;5;18;1625;1;2;1;1;7;117;RHIN DANUBE ( AVENUE );;;;130
201400016537;14;5;20;1615;1;2;1;1;3;19;AVENUE DU PLAN DE CAMPAG;;;;130
201400016538;14;5;20;1830;1;2;1;1;6;71;PENNES AUX PINS ( CHEMIN;;;;130
201400016539;14;5;22;2135;5;2;1;2;2;117;LAMARTINE (RESIDENCE) AV;;;;130
201400016540;14;5;24;2020;1;2;1;1;6;117;CARREFOUR (PARKING CENTR;;;;130
201400016541;14;5;27;1640;1;1;1;1;6;117;ROUTE NATIONALE 113-L'AN;;;;130
201400016542;14;5;31;1230;1;2;4;1;3;71;ROUTE NATIONALE 113 - VI;M;4341124;531229;130
201400016543;14;5;26;50;5;2;1;1;7;117;CARREFOUR (CENTRE COMMER;;;;130
201400016544;14;6;1;1455;1;2;1;1;6;117;PADOVANI ( AVE );;;;130
201400016545;14;6;3;1100;1;2;1;1;1;117;EUROCOPTER RD20;;;;130
201400016546;14;6;5;845;1;1;1;1;2;117;CHEMIN DEPARTEMENTAL RD;;;;130
201400016547;14;6;5;1015;1;1;2;1;3;117;CHEMIN DEPARTEMENTAL CD;;;;130
201400016548;14;6;5;1735;1;1;1;1;4;117;ROUTE NATIONALE 113-L'AN;;;;130
201400016549;14;6;7;1535;1;1;1;1;1;19;ROUTE D'APT;;;;130
201400016550;14;6;7;2115;1;2;1;1;3;117;00, PIERRE PLANTEE (ROND;M;4344639;524840;130
201400016551;14;6;10;835;1;2;1;1;2;117;DROITS DE L'HOMME (AVENU;;;;130
201400016552;14;6;10;1630;1;1;1;1;3;71;ROUTE NATIONALE 368 (PLA;;;;130
201400016553;14;6;11;1700;1;2;9;1;3;117;DE LATTRE DE TASSIGNY (;;;;130
201400016554;14;6;12;1940;1;2;9;2;6;117;LUTHER-KING ( RUE MARTIN;;;;130
201400016555;14;6;16;1700;1;1;1;1;2;71;ROUTE NATIONALE 368 (PLA;;;;130
201400016556;14;6;21;1350;1;1;1;1;3;71;BAMBA (LA) - CHEMIN DE B;;;;130
201400016557;14;6;22;1445;1;1;1;1;7;117;LA BASTIDE BLANCHE CD 9;;;;130
201400016558;14;6;25;620;2;1;1;2;7;19;D9;;;;130
201400016559;14;6;29;2245;3;1;1;1;7;71;0, VANADES  ( CHEMIN DES;;;;130
201400016560;14;6;30;1000;1;2;1;1;2;71;TOTAL (RN 113 - LE TUNNE;;;;130
201400016561;14;6;30;1810;1;2;1;1;4;117;PADOVANI ( AVE );;;;130
201400016562;14;7;2;535;2;2;4;1;3;117;CHEMIN DEPARTEMENTAL CD;M;4350006;522694;130
201400016563;14;7;5;2000;1;1;1;1;6;117;STADIUM (CD9);;;;130
201400016564;14;7;8;1720;1;2;1;1;3;117;1071, MONNET (AVENUE JEA;M;4342367;528428;130
201400016565;14;7;10;1300;1;2;1;1;7;71;ROUTE NATIONALE 113 - MO;;;;130
201400016566;14;7;10;2050;1;1;2;1;3;117;LONDRES (AVENUE DE);M;4342719;523538;130
201400016567;14;7;11;1400;1;1;1;1;2;19;D60 A;;;;130
201400016568;14;7;11;1600;1;2;3;1;3;117;RHIN DANUBE ( AVENUE );M;4342275;527074;130
201400016569;14;7;11;1800;1;2;1;1;6;117;FILLE DU PUISATIER ( RUE;;;;130
201400016570;14;7;14;1945;1;2;1;1;2;71;CD 6;;;;130
201400016571;14;7;21;1230;1;2;6;1;2;117;INDOCHINE( ROND POINT);M;4344414;524575;130
201400016572;14;7;26;1620;1;1;1;1;4;19;0, CD6;;;;130
201400016573;14;7;28;2250;5;2;1;1;6;117;ROUTE NATIONALE 113 - CA;;;;130
201400016574;14;7;29;540;3;1;1;1;6;117;CD 9 ESTROUBLANS;;;;130
201400016575;14;7;31;1930;1;2;4;1;3;19;AVENUE RENE CASSIN;M;4346076;535361;130
201400016576;14;8;3;340;5;2;1;3;6;117;CHEMIN DEPARTEMENTAL 9 (;;;;130
201400016577;14;8;8;1310;1;1;1;1;1;71;PENNES AUX PINS ( CHEMIN;;;;130
201400016578;14;8;10;1320;1;1;1;1;6;117;ROUTE NATIONALE 113 - LA;;;;130
201400016579;14;8;14;1900;1;2;2;1;1;71;138, MITTERRAND (AVENUE;M;4338536;534550;130
201400016580;14;8;14;1825;1;2;3;1;7;117;MARSEILLE ( AVENUE DE );M;4344742;525509;130
201400016581;14;8;15;2345;5;1;1;1;3;71;ROUTE NATIONALE 113 - AG;;;;130
201400016582;14;8;18;1830;1;1;1;1;7;117;STADIUM (CD9);;;;130
201400016583;14;8;21;1520;1;2;1;1;2;117;ASSEDIC (DENIS PADOVANI);M;4343807;525607;130
201400016584;14;8;22;1700;1;1;3;1;6;117;STADIUM (CD9);;;;130
201400016585;14;8;25;1000;1;1;3;1;3;19;ROUTE DE PONT DE BOUC;M;4344547;537639;130
201400016586;14;8;25;1130;1;2;3;1;3;117;PADOVANI ( AVE );M;4343792;525649;130
201400016587;14;8;25;1220;1;2;1;1;3;117;DROITS DE L'HOMME (AVENU;;;;130
201400016588;14;8;26;705;1;1;3;1;3;117;CHEMIN DEPARTEMENTAL 20;M;4345401;523184;130
201400016589;14;8;26;1715;1;1;1;1;5;117;ROUTE DEPARTEMENTALE 20;;;;130
201400016590;14;8;27;2000;1;2;1;1;2;71;16, CD 543;M;4340434;536390;130
201400016591;14;8;30;1150;1;2;1;1;6;19;CD6;;;;130