num_acc;an;mois;jour;hrmn;lum;agg;int;atm;col;com;adr;gps;lat;long;dep
201400016592;14;8;30;1240;1;2;1;1;3;71;1, QUICK (CD6);;;;130
201400016593;14;9;2;1040;1;2;1;1;6;71;72, MITTERRAND (AVENUE F;M;4337984;535078;130
201400016594;14;9;4;1020;1;2;1;1;2;19;CHEMIN DU MOULIN DES SON;;;;130
201400016595;14;9;4;1330;1;1;1;1;6;19;AVENUE DU PLAN DE CAMPAG;;;;130
201400016596;14;9;4;1645;1;1;1;1;6;19;D9;;;;130
201400016597;14;9;5;1630;1;2;4;1;3;117;ROUTE NATIONALE 113 - AG;;;;130
201400016598;14;9;8;1150;1;1;2;1;3;19;ROUTE D'APT;M;4344005;536179;130
201400016599;14;9;10;1815;1;2;1;1;3;117;FONT BLANCHE ( ROND POIN;;;;130
201400016600;14;9;16;820;1;2;3;1;3;117;PADOVANI ( AVE );;;;130
201400016601;14;9;17;1530;1;1;1;1;7;117;CD 9 ESTROUBLANS;;;;130
201400016602;14;9;18;1210;1;1;3;1;3;19;AVENUE ETIENNE RABATTU;;;;130
201400016603;14;9;18;1655;1;1;1;1;2;71;ROUTE NATIONALE 113 - AG;;;;130
201400016604;14;9;19;215;3;2;1;1;6;117;CHEMIN DEPARTEMENTAL CD;;;;130
201400016605;14;9;19;940;1;2;1;3;6;117;VICTOIRE ( PLACE DE LA );;;;130
201400016606;14;9;19;1200;1;1;1;1;6;117;CHEMIN DEPARTEMENTAL 9 (;;;;130
201400016607;14;9;21;1300;1;1;1;1;3;19;519, AVENUE EUGENE MIRAB;M;4345220;538039;130
201400016608;14;9;24;1000;1;1;1;2;6;117;EUROCOPTER CD 20;;;;130
201400016609;14;9;24;1400;1;2;1;8;6;117;CORNICHE (MONTEE DE LA);;;;130
201400016610;14;9;24;1400;1;1;1;8;7;117;EUROCOPTER CD 20;M;4343720;523523;130
201400016611;14;9;28;1315;1;2;1;1;3;71;PLAN DE CAMPAGNE (AVE. D;;;;130
201400016612;14;9;28;1850;1;2;1;1;2;19;CHEMIN DE LA GRANDE CAMP;;;;130
201400016613;14;9;30;1650;1;1;1;3;1;71;CD 543;;;;130
201400016614;14;10;1;2010;3;1;3;1;3;71;ROUTE NATIONALE 113 - AG;;;;130
201400016615;14;10;3;1900;1;1;1;1;7;71;CD 6;;;;130
201400016616;14;10;4;1730;1;2;1;1;2;71;RIGONS ( CHEMIN DES );;;;130
201400016617;14;10;7;1215;1;2;6;1;1;117;EUROPE ( AVENUE DE L' );M;4343974;524261;130
201400016618;14;10;7;2030;3;1;1;1;7;117;1, AEROPORT(ZONE DE L');;;;130
201400016619;14;10;8;1210;1;2;1;1;3;117;SALYENS ( AVENUE DES );;;;130
201400016620;14;10;9;1715;1;2;1;1;5;117;ROUTE NATIONALE 113-L'AN;;;;130
201400016621;14;10;12;1730;1;2;2;1;1;117;SALYENS ( AVENUE DES );M;4344205;525299;130
201400016622;14;10;14;1530;1;2;1;2;1;117;D55F;;;;130
201400016623;14;10;15;1730;1;1;1;1;4;117;ROUTE NATIONALE 113-L'AN;;;;130
201400016624;14;10;16;1315;1;2;6;1;3;71;VELAUX (CHEMIN);M;4341486;535015;130
201400016625;14;10;16;1730;1;1;1;1;3;117;EUROPE ( AVENUE DE L' );;;;130
201400016626;14;10;17;1710;1;2;1;1;3;71;HUGO ( AVENUE VICTOR );;;;130
201400016627;14;10;21;1120;1;1;1;1;2;117;LA BASTIDE BLANCHE RN 11;;;;130
201400016628;14;10;26;1530;1;1;1;1;7;117;CHEMIN DEPARTEMENTAL CD;;;;130
201400016629;14;10;27;1830;2;2;3;1;3;117;MOULIN ( AVENUE JEAN);M;4345480;524379;130
201400016630;14;11;1;450;5;2;1;5;6;71;1854, VELAUX (CHEMIN);M;4341966;534818;130
201400016631;14;11;3;845;1;2;1;2;2;71;JOYEUX ( AVENUE DES );;;;130
201400016632;14;11;3;1135;1;2;1;2;3;117;ROUTE NATIONALE 113-L'AN;;;;130
201400016633;14;11;3;910;1;1;1;2;7;19;CHEMIN DE LA GRANDE CAMP;;;;130
201400016634;14;11;6;820;1;1;1;1;2;19;ROUTE D'APT;;;;130
201400016635;14;11;10;820;1;1;1;8;1;19;ROUTE D'APT;;;;130
201400016636;14;11;10;835;1;2;1;8;7;117;CUGNOT ( AVENUE JOSEPH );;;;130
201400016637;14;11;10;1030;1;1;1;8;7;117;STADIUM (CD9);;;;130
201400016638;14;11;12;1100;1;2;1;2;6;19;ROUTE D'APT;;;;130
201400016639;14;11;11;1515;1;1;1;2;3;71;1448, CD 6;;;;130
201400016640;14;11;12;845;1;2;9;3;6;117;CHEMIN DEPARTEMENTAL 9 (;M;4342864;527221;130
201400016641;14;11;12;2035;5;2;1;1;6;71;ROUTE NATIONALE 113 - AG;;;;130
201400016642;14;11;14;1330;1;2;2;1;3;71;VIEILLE ROUTE DE LA GAVO;M;4339077;534173;130
201400016643;14;11;15;1135;1;2;1;2;7;19;CD6;;;;130
201400016644;14;11;15;1430;1;1;1;2;5;19;ROUTE D'APT;;;;130
201400016645;14;11;15;1400;1;1;1;1;3;71;PLAN DE CAMPAGNE;;;;130
201400016646;14;11;15;2120;5;2;3;8;3;19;AVENUE MARECHAL LECLERC;M;4346493;534839;130
201400016647;14;11;15;2300;5;2;9;8;1;71;VELAUX (CHEMIN);;;;130
201400016648;14;11;17;1510;1;2;1;1;2;117;MONTICELLI ( RUE ADOLPHE;;;;130
201400016649;14;11;20;1215;1;2;3;1;3;71;17-19, MITTERRAND (AVENU;M;4337714;535279;130
201400016650;14;11;21;900;1;1;1;1;2;71;RD113/RD6/RD368 Rd point;M;4340944;532505;130
201400016651;14;11;21;1100;1;2;2;1;3;117;SALYENS ( AVENUE DES );M;4344207;525297;130
201400016652;14;11;21;1625;1;1;1;1;3;117;EUROPE (AVENUE DE L');;;;130
201400016653;14;11;23;1457;1;1;1;1;6;71;PLAN DE CAMPAGNE;;;;130
201400016654;14;11;24;1735;3;1;1;1;4;117;ROUTE NATIONALE 113-L'AN;;;;130
201400016655;14;11;25;1100;1;1;1;2;6;117;EUROCOPTER CD 20;;;;130
201400016656;14;11;27;810;1;2;1;1;3;117;DROITS DE L'HOMME (AVENU;;;;130
201400016657;14;11;27;1445;1;2;1;2;2;117;PADOVANI ( AVE );;;;130
201400016658;14;11;27;1730;2;1;1;2;6;19;ROUTE D'APT;;;;130
201400016659;14;11;28;1845;3;2;1;1;2;117;ROUTE NATIONALE 113 - CA;;;;130
201400016660;14;11;28;1900;3;1;1;1;2;117;ROUTE NATIONALE 113 - CA;;;;130
201400016661;14;11;29;1100;1;2;2;1;3;117;LONDRES (AVENUE DE);M;4342708;523511;130
201400016662;14;11;29;1320;1;1;1;1;3;71;CD 6;;;;130
201400016663;14;12;1;1200;1;2;1;2;7;117;CHEMIN DEPARTEMENTAL 9 (;;;;130
201400016664;14;12;2;840;1;1;1;1;7;117;STADIUM (CD9);;;;130
201400016665;14;12;1;1340;1;1;2;2;3;19;2, ROUTE D'APT;M;4344004;536170;130
201400016666;14;12;2;1145;1;2;1;1;6;117;40, PADOVANI ( AVE );M;4343621;525822;130
201400016667;14;12;2;1800;5;1;1;1;4;117;ROUTE NATIONALE 113 - CA;;;;130
201400016668;14;12;3;1530;1;2;3;1;3;71;PLAN DE CAMPAGNE (AVE. D;;;;130
201400016669;14;12;3;1730;1;2;1;1;5;71;CHEMIN DEPARTEMENTAL 6 (;;;;130
201400016670;14;12;4;745;1;1;1;1;2;71;VERSAILLES (ROND POINT D;;;;130
201400016671;14;12;4;1900;5;2;3;2;1;117;SEYSSAUD ( RUE RENE );M;4344041;525721;130
201400016672;14;12;9;1930;5;2;6;1;6;117;VALERY ( RUE PAUL );M;4344627;524998;130
201400016673;14;12;12;1830;3;1;1;1;3;117;D9B1, CD 9 ESTROUBLANS;;;;130
201400016674;14;12;17;805;1;2;9;1;3;71;ROUTE NATIONALE 113 - RE;;;;130
201400016675;14;12;17;1600;1;1;1;1;5;117;CHEMIN DEPARTEMENTAL 9 (;;;;130
201400016676;14;12;17;1805;5;1;1;1;1;19;ROUTE D'APT;;;;130
201400016677;14;12;17;1845;5;2;1;1;6;71;AVENUE BARREAU NORD-SUD;;;;130
201400016678;14;12;18;1915;5;2;1;1;5;117;CHEMIN DEPARTEMENTAL 9 (;;;;130
201400016679;14;12;18;1945;3;1;1;1;4;117;CHEMIN DEPARTEMENTAL 9 (;;;;130
201400016680;14;12;26;1700;2;2;1;1;6;71;REPUBLIQUE ( RUE DE LA );M;4340998;530907;130
201400016681;14;1;19;1645;1;1;1;8;3;22;;M;4782108;739355;680
201400016682;14;2;7;1845;3;1;1;1;4;252;;M;4814841;736947;680
201400016683;14;2;8;1400;1;1;1;2;6;295;;M;4801463;737338;680
201400016684;14;2;12;1945;3;1;1;1;5;295;;M;4801810;737424;680
201400016685;14;2;27;2015;3;1;1;2;2;113;;M;4817798;738195;680
201400016686;14;3;7;605;3;1;1;1;2;205;;M;4793216;736000;680
201400016687;14;4;2;745;1;1;1;1;2;242;;M;4797614;737339;680
201400016688;14;4;16;600;3;1;1;1;2;205;;M;4792491;735979;680
201400016689;14;4;20;745;2;1;1;1;6;82;;M;4785434;739417;680
201400016690;14;5;16;400;3;1;1;1;7;252;;M;4813850;736515;680
201400016691;14;5;18;1115;1;1;1;1;6;82;;M;4788746;737849;680
201400016692;14;5;29;1815;1;1;1;1;7;66;;M;4815821;737914;680
201400016693;14;6;6;1545;1;1;1;1;4;205;;M;4793055;735977;680
201400016694;14;6;12;800;1;1;1;1;6;252;;M;4814629;736885;680
201400016695;14;6;13;2315;3;1;1;1;6;266;;M;4789555;737375;680
201400016696;14;6;18;800;1;1;1;1;2;22;;M;4781910;739321;680
201400016697;14;6;29;2200;3;1;1;2;6;113;;M;4818875;739265;680
201400016698;14;8;6;1530;1;1;1;1;7;66;;M;4809517;738231;680
201400016699;14;9;18;415;3;1;1;1;2;82;;M;4790466;736811;680
201400016700;14;10;9;1045;1;1;1;1;6;37;;M;4796945;737145;680
201400016701;14;10;13;1245;1;1;1;1;2;146;;M;4812282;736514;680
201400016702;14;10;30;730;2;1;1;1;6;205;;M;4792331;736029;680
201400016703;14;11;10;645;2;1;2;2;3;295;;M;4799556;738103;680
201400016704;14;11;15;1000;1;1;1;8;7;66;;M;4806691;738347;680
201400016705;14;11;26;815;1;1;1;1;5;82;;M;4788352;738097;680
201400016706;14;12;2;100;3;1;1;2;6;113;;M;4818727;739109;680
201400016707;14;12;18;2230;3;1;1;1;2;22;;M;4783187;739408;680
201400016708;14;1;1;1445;1;1;1;2;6;356;;M;0;0;780
201400016709;14;1;25;1900;3;1;1;5;1;356;;M;4874000;206999;780
201400016710;14;2;12;730;1;1;1;9;1;356;;M;0;0;780
201400016711;14;2;28;1900;3;1;1;2;1;143;;M;0;0;780
201400016712;14;5;5;1600;1;2;1;1;1;406;CD 46;M;4873300;200800;780
201400016713;14;7;10;930;1;1;1;2;3;356;;M;0;0;780
201400016714;14;7;25;915;1;1;4;1;1;356;;M;4874400;204199;780
201400016715;14;8;1;1700;1;1;1;1;7;356;;M;0;0;780
201400016716;14;8;3;930;1;1;1;1;2;561;;M;4874100;201600;780
201400016717;14;8;5;2100;1;1;1;1;7;356;;M;4874400;209600;780
201400016718;14;9;17;800;1;1;1;1;6;356;;M;4874500;203700;780
201400016719;14;5;18;1130;1;1;1;1;6;191;;M;0;0;330
201400016720;14;8;8;800;1;1;1;2;2;447;;M;0;0;330
201400016721;14;6;20;1400;1;1;1;1;6;191;;M;0;0;720
201400016722;14;7;18;945;1;1;1;1;2;124;;M;0;0;720
201400016723;14;9;23;1015;1;1;1;1;6;47;;M;0;0;720
201400016724;14;9;27;830;3;1;1;1;6;231;;M;0;0;720
201400016725;14;10;15;745;3;1;1;1;6;191;;M;0;0;720
201400016726;14;12;2;930;1;1;1;8;3;54;;M;4801400;31200;720
201400016727;14;2;18;1015;1;1;1;8;3;351;;M;0;0;720
201400016728;14;3;3;1200;1;1;1;8;5;261;;M;0;0;720
201400016729;14;3;6;1530;1;1;1;1;3;351;;M;0;0;720
201400016730;14;6;6;745;1;2;1;1;6;315;RUE GRASBY;M;0;0;720
201400016731;14;9;5;1415;1;1;1;1;5;24;;M;4811610;14712;720
201400016732;14;9;18;1800;1;1;1;1;1;315;;M;0;0;720
201400016733;14;9;15;1945;1;1;1;1;1;89;;M;0;0;720
201400016734;14;10;19;130;3;1;1;1;6;256;;M;0;0;720
201400016735;14;10;28;1100;1;1;9;5;3;255;;M;4817100;-16900;720
201400016736;14;8;21;1900;1;2;1;1;1;392;R DE L'ABBAYE DU VAL;M;4907590;221570;950
201400016737;14;9;18;1930;1;2;1;1;3;394;AV DE LA LIBERATION;M;4905420;219440;950
201400016738;14;9;22;1330;1;2;1;1;1;394;CHE DES BOEUFS;M;4905510;217140;950
201400016739;14;10;7;1700;1;2;1;1;2;394;R JEAN BRESTEL;M;4905330;219090;950
201400016740;14;11;26;1830;5;2;1;2;6;394;AV DE LA LIBERATION;M;4905210;219710;950
201400016741;14;1;10;1600;1;1;1;5;6;97;;M;0;0;720
201400016742;14;7;23;1445;1;1;1;1;6;380;;M;0;0;720
201400016743;14;7;30;1630;1;1;1;1;6;56;;M;0;0;720
201400016744;14;10;9;1545;1;1;1;1;6;308;;M;4841900;14800;720
201400016745;14;1;17;330;3;1;1;1;6;308;;M;4739934;-51474;490
201400016746;14;2;28;630;3;1;1;2;6;71;A87;M;4724108;-64833;490
201400016747;14;2;28;1645;1;1;1;6;7;92;A87;M;4722999;-75274;490
201400016748;14;3;20;1530;1;1;1;1;2;355;A87;M;4713642;-82466;490
201400016749;14;4;3;1230;1;1;1;8;7;99;A87;M;4701179;-88867;490
201400016750;14;5;17;1700;1;1;1;1;7;92;;M;4722858;-75443;490
201400016751;14;8;31;1415;1;1;1;1;7;92;;M;4724483;-68203;490
201400016752;14;10;7;745;3;1;1;3;2;92;;M;4716515;-75368;490
201400016753;14;11;28;715;2;1;1;1;3;27;;M;4713698;-95676;490
201400016754;14;12;12;1745;3;1;1;2;2;74;;M;4715875;-81562;490
201400016755;14;1;15;715;3;1;1;1;6;373;;M;4468900;47500;240
201400016756;14;1;14;1715;1;1;1;1;6;549;LES DURANDS;M;4476370;30265;240
201400016757;14;2;11;1030;1;1;1;1;1;186;LE PETIT LAC;M;4471290;41191;240
201400016758;14;4;18;1915;1;2;8;7;3;225;LE BOURG;M;4484260;37969;240
201400016759;14;4;30;2315;3;1;1;1;6;357;LA BRANDE;M;4477070;45633;240
201400016760;14;5;20;530;5;1;2;1;3;168;LA HALTE D'EYRENVILLE;M;4470400;56335;240
201400016761;14;8;7;2030;1;1;2;1;3;532;MOULIN NEUF;M;4466910;46533;240
201400016762;14;8;7;1745;1;1;1;1;3;274;;M;4480010;46402;240
201400016763;14;8;12;1630;1;1;1;1;2;225;SAINT GEORGES;M;4484100;39003;240
201400016764;14;11;1;30;3;1;1;1;1;186;LE TUQUET;M;4470610;42085;240
201400016765;14;12;18;200;3;2;1;2;6;357;PLAN DU CASSE;M;4479130;45378;240
201400016766;14;2;8;1830;5;2;3;2;6;375;148 RUE DE REININGUE;M;4779021;722714;680
201400016767;14;3;31;1700;1;1;1;1;3;375;;M;4781635;726725;680
201400016768;14;5;17;1545;1;2;1;1;7;375;2a rue de STAFFELFELDEN;M;4781015;724050;680
201400016769;14;10;13;945;1;1;1;3;1;375;;M;4781465;726390;680
201400016770;14;12;24;1000;1;2;1;1;1;375;Route du Wahlweg;M;0;0;680
201400016771;14;2;28;2015;3;1;1;3;3;287;SENS BORDEAUX > CLERMONT;M;4537070;196032;190
201400016772;14;4;20;1000;1;1;1;2;7;176;SENS CLERMONT - BORDEAUX;M;4539820;198623;190
201400016773;14;7;17;1300;1;1;1;1;2;207;SENS CLERMONT - BORDEAUX;M;4529270;163977;190
201400016774;14;8;31;1415;1;1;1;1;6;176;SENS CLERMONT > BORDEAUX;M;4539830;198633;190
201400016775;14;11;21;2200;3;1;1;1;2;234;BARREAU A20 - A89;M;4529280;159723;190
201400016776;14;3;17;1000;1;1;1;1;6;388;PV,SENS FROESCHW./REICHS;M;0;0;670
201400016777;14;4;15;1000;1;1;1;1;7;388;;M;0;0;670
201400016778;14;5;8;1830;1;2;1;1;6;238;15A rue de Bitschhoffen;M;0;0;670
201400016779;14;6;8;1745;1;1;3;1;1;324;;M;0;0;670
201400016780;14;6;22;1730;1;1;1;1;1;388;;M;0;0;670
201400016781;14;8;7;945;1;1;1;1;7;48;;M;0;0;670
201400016782;14;9;17;1645;1;2;1;1;3;174;RUE PRINCIPALE;M;0;0;670
201400016783;14;11;5;1215;1;1;1;2;7;238;;M;0;0;670
201400016784;14;11;28;2100;5;2;9;1;3;388;6 rue du g?n?ral Koenig;M;0;0;670
201400016785;14;1;1;140;5;1;1;1;6;167;0, CD N  226 A;M;4920420;-31093;140
201400016786;14;1;9;1400;1;2;3;1;3;118;0, GUILLOU (BOULEVARD YV;M;4917720;-36737;140
201400016787;14;1;14;740;2;2;2;8;3;327;GAULLE (AVENUE DU GENERA;M;4921260;-34202;140
201400016788;14;1;17;1705;1;2;1;8;6;566;21, ARDENNES ( RUE D');M;4921270;-40493;140
201400016789;14;1;17;2015;5;1;1;1;5;587;ECHANGEUR N  7 ( CHEMIN;M;4919120;-41820;140
201400016790;14;1;19;2030;5;1;1;1;6;101;0, RN 814;M;4916550;-42917;140
201400016791;14;1;24;430;5;2;2;1;1;118;0, BAYEUX (RUE DE  <= 14;M;4918330;-38702;140
201400016792;14;1;26;500;5;1;1;1;6;437;ECHANGEUR N  01 ( PORTE;M;4916920;-30208;140
201400016793;14;1;28;150;5;1;1;1;6;118;RN 814;M;4919840;-37372;140
201400016794;14;2;4;1200;1;2;2;7;6;118;1, LEBISEY (RUE DE);M;4919130;-35733;140
201400016795;14;2;6;1240;1;2;1;2;6;118;0, SOHIER (PASSAGE);M;4918420;-36039;140
201400016796;14;2;12;1640;1;2;1;3;6;118;1, PAIX (ESPLANADE DE LA;M;4918880;-36393;140
201400016797;14;2;28;905;1;2;2;8;2;327;1, GARBSEN (AVENUE DE);M;4921540;-34808;140
201400016798;14;2;28;750;2;2;1;1;2;118;ROUTE NATIONALE 814;M;4920150;-36690;140
201400016799;14;3;5;735;1;2;1;1;1;118;1, CHAMPLAIN (PLACE);M;4919760;-34742;140
201400016800;14;3;10;1800;1;2;3;1;6;101;0, BRETAGNE (ROUTE DE );M;4916520;-41749;140
201400016801;14;3;14;1245;1;2;2;1;3;327;0, GAULLE (AVENUE DU GEN;M;4921260;-34202;140
201400016802;14;3;21;1220;1;1;3;1;3;137;0, MONTS PANNEAUX (RUE D;M;4919230;-44366;140
201400016803;14;3;21;440;5;2;1;1;2;437;1, MONTALIVET (COURS);M;4918220;-32224;140
201400016804;14;3;30;625;5;1;1;1;6;341;ECHANGEUR N  13 ( PORTE;M;4914620;-32987;140
201400016805;14;4;3;2150;5;2;1;1;3;118;1, JUIN (BD MARECHAL;M;4919650;-39666;140
201400016806;14;4;6;1550;1;2;2;1;3;118;HAVRE (RUE DU);M;4917950;-35760;140
201400016807;14;4;10;1910;1;1;1;1;2;327;RD 515 (ROUTE DE OUISTRE;M;4921740;-31851;140
201400016808;14;4;11;2200;5;2;2;1;3;118;CARREFOUR CYGNE DE CROIX;M;4917050;-35332;140
201400016809;14;4;16;1745;1;2;1;1;6;118;1, JUIN (BOULEVARD MAREC;M;4920970;-37106;140
201400016810;14;4;21;1845;1;2;1;1;6;118;104, SAINT MARTIN (RUE);M;4918250;-37375;140
201400016811;14;4;22;815;1;2;1;1;1;118;1, MORICE (AVENUE PROFES;M;4920620;-35207;140
201400016812;14;4;17;1240;1;1;1;1;2;181;ECHANGEUR N  14 ( CORMEL;M;4914800;-32223;140
201400016813;14;4;6;1155;1;2;1;1;6;118;0, HAMELIN (QUAI AMIRAL);;;;140
201400016814;14;5;18;320;5;2;1;1;6;327;0, TSUKUBA (AVENUE DE);;;;140
201400016815;14;5;20;1500;1;2;1;1;4;327;0, GAULLE (AVENUE DU GEN;M;4921280;-34176;140
201400016816;14;5;20;2010;1;1;1;1;6;101;RN 814;M;4916390;-42813;140
201400016817;14;5;12;1715;1;2;2;1;1;118;0, CALMETTE (RUE DOCTEUR;M;4919370;-34792;140
201400016818;14;5;23;1240;1;2;1;1;6;437;31 BIS, EGLISE (RUE DE L;M;4917930;-30027;140
201400016819;14;5;27;2045;1;2;1;1;2;271;25 BIS, HARCOURT (ROUTE;M;4915000;-37173;140
201400016820;14;5;28;1300;1;2;2;1;3;118;1, SAINT JEAN (RUE DE 1;M;4917950;-35758;140
201400016821;14;5;30;1425;1;2;1;1;3;437;54, MENDES FRANCE  (AVEN;M;4917000;-32355;140
201400016822;14;5;28;1745;1;2;1;1;6;271;0, ROUZIERE (RUE SERGE);M;4914740;-37737;140
201400016823;14;6;12;1640;1;2;6;1;2;167;ROND POINT LAZARRO;M;4919930;-29281;140
201400016824;14;6;14;250;5;1;1;1;2;327;RN 814;M;4918750;-33064;140
201400016825;14;6;17;1715;1;2;1;1;3;437;54, MENDES FRANCE  (AVEN;M;4916990;-32309;140
201400016826;14;6;18;1710;1;2;6;1;2;118;1, POMPIDOU (BOULEVARD G;M;4918160;-40051;140
201400016827;14;6;20;2040;1;2;1;1;6;118;0, FRANCOIS MITTERAND (Q;M;4918240;-35168;140
201400016828;14;6;11;1225;1;2;1;1;6;327;BOULEVARD DES ORMES;M;4920920;-32459;140
201400016829;14;6;29;1705;1;2;1;1;6;118;CARNOT (RUE SADI);;;;140
201400016830;14;6;17;1840;1;1;1;1;4;327;RN 814;;;;140
201400016831;14;4;11;1940;1;2;1;1;7;437;RUE BRI?RE;M;4917440;-31151;140
201400016832;14;7;11;630;1;2;1;1;6;118;0, MONTMORENCY (QUARTIER;M;4918720;-33516;140
201400016833;14;6;21;1715;1;2;1;1;3;118;?CHANGEUR 5;M;4920280;-35775;140
201400016834;14;8;6;5;3;1;3;1;2;137;CAUMONT (ROUTE DE );M;4918270;-46744;140
201400016835;14;7;4;2125;1;2;1;1;7;437;PASTEUR (RUE);M;4918110;-31841;140
201400016836;14;8;9;530;5;2;1;1;3;167;JEAN JAURES (RUE );M;4920160;-30211;140
201400016837;14;8;9;2300;5;2;2;1;3;242;1, RD N  7 (DE CAEN A DO;M;4922250;-36837;140
201400016838;14;8;13;1015;1;1;3;1;3;327;1, CD N  226 B;M;4920780;-31728;140
201400016839;14;8;14;535;5;2;3;1;3;118;DELIVRANDE (RUE DE LA);M;4919270;-35975;140
201400016840;14;8;21;1820;1;2;1;1;6;118;28, EPARGNE (RUE DE L');;;;140
201400016841;14;8;31;1830;1;2;1;1;6;327;1, VAL (BLD DU );M;4920500;-32599;140
201400016842;14;9;3;1755;1;2;3;1;3;341;7, DRONNIERE (RUE DE LA);M;4913940;-33763;140
201400016843;14;9;2;1715;1;1;6;1;6;271;ECHANGEUR 11;M;4913560;-37670;140
201400016844;14;9;7;2210;5;2;2;1;6;118;CLEMENCEAU (AVENUE GEORG;M;4919060;-34265;140
201400016845;14;9;8;1620;1;1;6;1;3;341;0, ADER ( BD CLEMENT );M;4913930;-33031;140
201400016846;14;9;6;1630;1;2;1;1;6;118;0, BALADAS (BOULEVARD DE;;;;140
201400016847;14;9;16;2315;5;2;1;1;7;118;ALLIES (BOULEVARD DES;M;4918380;-35992;140
201400016848;14;9;13;1805;1;2;6;1;3;118;1, COURSEULLES (AVENUE D;M;4920620;-37662;140
201400016849;14;9;24;120;5;2;1;1;6;118;15, ISIGNY (RUE D');M;4919000;-40166;140
201400016850;14;9;29;1930;5;2;1;1;3;167;LEON BLUM (AVENUE;M;4920430;-29422;140
201400016851;14;10;1;2345;5;1;1;1;2;327;RN 814;M;4919340;-33614;140
201400016852;14;10;1;1215;1;2;3;1;1;118;1, VANIER (BOULEVARD GEN;M;4919910;-34683;140
201400016853;14;10;3;1735;1;2;1;1;6;118;0, GEOLE (RUE DE);M;4918500;-36267;140
201400016854;14;10;2;750;1;1;3;1;3;437;1, MONTALIVET (COURS);M;4918280;-31925;140
201400016855;14;10;6;2055;5;2;1;1;6;118;1, SOREL (AVENUE ALBERT);M;4917620;-37122;140
201400016856;14;9;24;1120;1;2;1;1;3;118;AV NICOLAS COPERNIC;M;4919960;-35462;140
201400016857;14;10;8;800;3;2;1;2;6;118;125, FALAISE (RUE DE >=9;M;4916900;-35243;140
201400016858;14;10;9;1655;1;2;1;1;3;215;0, SCHOEFFLER ( PLACE AN;M;4919230;-26340;140
201400016859;14;10;12;500;5;2;1;8;6;301;21, MONTAGNE (RUE DE LA);;;;140
201400016860;14;10;13;840;1;2;2;1;1;118;GAULLE (AVENUE DU GENERA;M;4920550;-35060;140
201400016861;14;10;15;1600;1;2;1;8;6;118;121, DOUMER (RUE PAUL);;;;140
201400016862;14;10;30;1700;1;2;2;1;1;167;1, LEON BLUM (AVENUE);M;4920450;-29101;140
201400016863;14;11;5;1405;1;1;1;1;2;327;1, RD 515 (ROUTE DE OUIS;M;4920470;-32264;140
201400016864;14;11;6;2310;5;2;1;1;1;118;1, DELIVRANDE (RUE DE LA;M;4919630;-36008;140
201400016865;14;11;2;2020;5;2;1;2;7;118;1, DUNOIS (BOULEVARD);M;4918330;-38704;140
201400016866;14;11;17;645;5;2;3;2;3;301;1, COLOMBELLES CD N  230;M;4916860;-28322;140
201400016867;14;11;26;2130;5;2;1;1;1;437;1, MENDES FRANCE  (AVENU;M;4917140;-32773;140
201400016868;14;12;3;805;2;2;1;1;6;118;125, BAYEUX (RUE DE  <=;;;;140
201400016869;14;12;3;2315;5;2;1;1;6;118;1, SAINT PIERRE (PLACE);;;;140
201400016870;14;12;6;1915;5;2;2;1;6;118;CHEMIN VERT (RUE DU >= N;;;;140
201400016871;14;12;5;2055;4;2;2;2;3;437;ROCHES (RUE DES);;;;140
201400016872;14;12;14;600;5;2;1;1;6;118;138, CHERON (AVENUE HENR;;;;140
201400016873;14;12;17;830;4;2;1;2;6;118;1, MONTALIVET (COURS);;;;140
201400016874;14;12;17;1630;1;2;1;1;6;118;0, SAINT JEAN (RUE DE 1;;;;140
201400016875;14;12;18;1115;1;1;1;2;5;118;ROUTE NATIONALE 814;;;;140
201400016876;14;12;21;710;5;2;2;1;3;118;0, BASSE (RUE >= 93 IMPA;;;;140
201400016877;14;12;28;615;5;2;1;1;6;118;1, VENDEUVRE (QUAI);;;;140
201400016878;14;10;31;1630;1;2;1;1;5;276;RN 77;M;4804229;379172;890
201400016879;14;1;9;1545;1;1;1;1;1;454;;M;0;0;310
201400016880;14;1;13;830;1;1;2;2;3;454;;M;0;0;310
201400016881;14;5;17;1630;1;1;1;1;3;269;;M;0;0;310
201400016882;14;5;31;30;3;2;1;8;6;547;RUE EDMOND ROSTAND;M;4349561;131710;310
201400016883;14;5;31;300;3;1;1;7;7;419;;M;4341720;103651;310
201400016884;14;8;17;2000;1;1;1;1;6;547;730 ch de vallesville;M;4351076;125425;310
201400016885;14;10;19;600;3;1;1;1;6;454;;M;4343543;113475;310
201400016886;14;1;4;1230;1;2;3;8;3;225;MAURICE THOREZ (BLD);M;4928470;-10243;140
201400016887;14;1;28;1750;2;2;1;8;6;225;MAURICE THOREZ (BLD);M;4928830;-9908;140
201400016888;14;2;14;1445;1;1;1;2;6;225;SARLABOT (COTE);M;4928360;-8285;140
201400016889;14;1;23;1320;1;2;1;1;2;225;FRANCOIS MITTERAND (AVEN;M;4927890;-9514;140