num_acc;an;mois;jour;hrmn;lum;agg;int;atm;col;com;adr;gps;lat;long;dep
201400016890;14;3;24;950;1;2;1;1;2;225;GAULLE (RUE DU GAL);M;4928540;-11014;140
201400016891;14;4;26;1145;1;2;1;1;2;338;BAINS (RUE DES);M;4930070;-8277;140
201400016892;14;5;5;1345;1;2;1;1;3;225;105, GAULLE (RUE DU GAL);M;4928520;-10889;140
201400016893;14;5;20;830;1;2;1;8;2;117;GENERAL LECLERC (AVENUE;M;4928680;-11712;140
201400016894;14;7;23;1700;1;2;1;1;1;225;FRANCOIS MITTERAND (AVEN;M;4928070;-9577;140
201400016895;14;8;4;1335;1;2;6;2;3;117;16, CHARLES DE GAULLE (A;M;4928750;-12344;140
201400016896;14;8;12;1125;1;2;1;1;3;117;GENERAL LECLERC (AVENUE;M;4928680;-11729;140
201400016897;14;8;26;900;1;2;2;1;3;225;MAURICE THOREZ (BLD);M;4929090;-9606;140
201400016898;14;9;3;1515;1;1;1;1;2;225;LISIEUX (ROUTE DE);M;4928260;-8144;140
201400016899;14;7;26;2055;1;2;1;7;7;117;14, GENERAL LECLERC (AVE;M;4928630;-11347;140
201400016900;14;9;18;1800;1;2;2;1;3;117;MAURICE DUVAL (RUE);;;;140
201400016901;14;10;14;1530;1;1;1;1;7;225;00, SARLABOT (COTE);M;4928890;-8932;140
201400016902;14;10;19;1825;1;2;6;1;3;117;28, CHARLES DE GAULLE (A;M;4928710;-12623;140
201400016903;14;11;13;1505;1;2;6;1;6;225;SARLABOT (COTE);M;4928620;-9100;140
201400016904;14;12;6;1725;5;2;1;1;7;225;LIBERTE (AVENUE DE LA);;;;140
201400016905;14;2;25;1145;1;1;3;2;1;34;;M;4376184;452514;300
201400016906;14;3;19;1745;1;2;1;1;3;135;RD999 et RD 763;M;4383041;456340;300
201400016907;14;4;30;700;1;1;1;1;1;135;;M;4382853;459106;300
201400016908;14;7;21;1415;1;2;3;1;3;60;CD 135;M;4379251;438236;300
201400016909;14;7;30;115;3;1;1;1;6;34;;M;4376848;447402;300
201400016910;14;10;5;1615;1;2;1;1;2;60;98 route de saint gilles;M;4379050;438665;300
201400016911;14;11;13;2230;3;1;1;1;6;135;;M;4383122;458202;300
201400016912;14;11;16;1900;3;1;1;1;6;34;;M;4373945;447547;300
201400016913;14;12;14;315;3;1;1;1;6;34;;M;4377054;453385;300
201400016914;14;12;25;1330;1;1;1;1;1;47;;M;4380028;440985;300
201400016915;14;12;21;1630;1;1;2;7;3;125;;M;4377621;442754;300
201400016916;14;4;18;2130;5;2;1;1;3;65;3 rue de mirecourt;M;4809839;605686;880
201400016917;14;7;29;1800;1;1;1;1;3;450;;M;4798642;579520;880
201400016918;14;5;18;1345;1;1;2;1;1;237;;M;4982770;477357;80
201400016919;14;6;7;1115;1;2;2;1;3;328;Rue des M?sanges;M;0;0;80
201400016920;14;6;8;930;1;1;1;1;1;448;;M;4988600;480684;80
201400016921;14;6;9;115;3;2;1;1;6;302;LES WOIRIES;M;4990720;474771;80
201400016922;14;7;19;1400;1;1;1;1;6;302;;M;0;0;80
201400016923;14;10;14;1445;3;1;1;8;6;139;;;;;80
201400016924;14;11;5;2100;5;2;1;1;6;328;191 RUE JEAN JAURES;M;4981730;476888;80
201400016925;14;12;21;1600;5;2;1;1;6;218;30 BIS RUE DU RAUTOU;M;4987970;484517;80
201400016926;14;1;13;1800;3;1;1;2;3;460;;M;4986200;451000;80
201400016927;14;6;1;1230;1;2;1;1;6;206;route de Lonny;M;0;0;80
201400016928;14;6;16;715;1;2;1;1;3;260;ROUTE DE LAON;M;4981330;458301;80
201400016929;14;7;2;1145;1;1;1;1;3;155;;M;4986050;444790;80
201400016930;14;7;16;1400;1;2;2;1;3;340;CD925-PK5;M;0;0;80
201400016931;14;11;12;900;1;2;1;1;3;239;;M;0;0;80
201400016932;14;12;21;1230;1;2;1;1;6;314;22 RUE FREDERIC PATE;M;4940800;431187;80
201400016933;14;3;9;1545;1;2;1;1;6;419;Ruelle de Cour Rogelet;M;0;0;80
201400016934;14;5;13;1630;1;1;1;2;6;262;;M;4954100;446491;80
201400016935;14;6;17;1215;1;1;1;1;7;113;;M;4962740;421450;80
201400016936;14;8;3;1915;1;1;1;1;7;329;;M;0;0;80
201400016937;14;8;7;2000;1;1;1;8;7;102;;M;4960880;432158;80
201400016938;14;9;14;500;5;2;1;1;6;402;;M;0;0;80
201400016939;14;10;30;1145;1;2;4;1;3;185;RUE DES EVIGNES;M;4999110;469589;80
201400016940;14;11;23;400;3;1;1;5;7;363;;M;4990820;468808;80
201400016941;14;3;8;1430;1;2;1;7;3;28;7 RUE MARECHAL FOCH;M;5010260;476326;80
201400016942;14;8;3;1200;1;2;1;1;2;183;RD 46;M;5013070;484718;80
201400016943;14;11;27;200;3;1;1;1;6;122;;M;5012510;479520;80
201400016944;14;5;4;2100;2;2;1;1;2;37;;M;0;0;80
201400016945;14;5;17;2300;3;1;1;1;6;37;;M;0;0;80
201400016946;14;9;18;1145;1;2;1;1;7;282;7 RUE DE CHARLEVILLE-MEZ;M;4986930;442749;80
201400016947;14;10;5;545;5;2;1;3;6;53;24 RUE DU FOUR;M;4967350;497863;80
201400016948;14;11;23;545;5;2;1;1;6;475;14, RUE DE LA BARRIERE;M;4971580;503457;80
201400016949;14;4;10;1000;1;1;1;1;1;119;;M;0;0;80
201400016950;14;8;5;1815;1;1;1;1;7;357;;M;4966320;497339;80
201400016951;14;8;9;1845;1;1;2;1;3;23;;M;4957420;486917;80
201400016952;14;8;17;1015;1;2;4;1;3;191;RUE DES SABOTIERS;M;4972250;498872;80
201400016953;14;9;28;2030;3;1;1;1;2;354;;M;4957340;496071;80
201400016954;14;10;5;1215;1;1;1;1;6;391;;M;4975410;493801;80
201400016955;14;11;6;1415;1;2;1;1;7;357;;M;4965280;499365;80
201400016956;14;2;7;2030;3;1;1;2;6;164;;M;4939530;473332;80
201400016957;14;5;4;1500;1;2;1;1;6;490;rue albert caquot;M;0;0;80
201400016958;14;5;5;1130;1;2;1;1;6;490;Rue Chanzy;M;0;0;80
201400016959;14;6;26;1;3;1;1;1;6;443;;M;0;0;80
201400016960;14;7;18;1845;1;1;1;7;3;103;;M;0;0;80
201400016961;14;8;31;1700;1;1;1;1;7;320;;M;4934980;444792;80
201400016962;14;9;15;830;1;2;1;1;6;97;23 RUE REMUAT;M;4931320;471242;80
201400016963;14;12;17;1100;1;1;2;3;3;490;;M;4941170;472105;80
201400016964;14;6;29;615;2;1;1;3;6;116;;M;0;0;80
201400016965;14;8;24;1715;1;1;1;1;7;405;;M;4954250;477710;80
201400016966;14;8;29;1130;1;2;1;1;6;353;1 rue Carnot;M;4802669;534250;520
201400016967;14;5;30;1915;1;2;1;1;3;60;Route de Bourgogne;M;4795290;575237;520
201400016968;14;7;29;515;1;1;1;2;6;60;u;M;4792471;576018;520
201400016969;14;8;11;1115;1;1;1;1;2;135;;M;4792583;569633;520
201400016970;14;9;3;1445;1;1;1;1;1;197;;M;4778930;560549;520
201400016971;14;1;9;830;2;2;6;1;3;243;CD 579;M;4939710;21250;140
201400016972;14;1;10;1540;1;2;2;1;3;536;QUATRE FRANCS (CARREFOUR;M;4940950;25132;140
201400016973;14;1;25;135;5;2;1;2;6;243;49, CAPUCINS (RUE DES);M;4942200;22925;140
201400016974;14;1;28;758;3;2;3;2;2;333;0, CARTIER (AVENUE JACQU;M;4939330;24756;140
201400016975;14;2;3;1830;3;1;1;1;7;1;LE CALVAIRE;M;4938770;28915;140
201400016976;14;2;24;1530;1;2;1;7;3;536;CD 580;M;4941170;25149;140
201400016977;14;2;28;1350;1;2;3;2;1;333;DUCHESNE (AVENUE DU PRES;M;4941550;25144;140
201400016978;14;3;1;1425;1;2;1;1;6;333;2, PASSAGERS (QUAI DES);M;4942140;23365;140
201400016979;14;4;5;1740;1;2;1;1;3;333;16, MONTPENSIER (RUE);M;4941950;23293;140
201400016980;14;4;24;1400;1;2;1;1;6;333;24, BUTTES (RUE DES);M;4941560;23150;140
201400016981;14;4;27;225;5;2;1;1;7;333;BAT  C, MANUEL (COURS AL;M;4941290;22776;140
201400016982;14;5;3;1520;1;2;1;1;4;333;64, MANUEL (COURS ALBERT;M;4941120;22654;140
201400016983;14;5;6;1224;1;2;1;3;3;333;JETEE DE L'EST;M;4942100;23775;140
201400016984;14;5;22;925;1;1;3;1;3;1;1700, GENNEVILLE (ROUTE);M;4938950;27685;140
201400016985;14;5;31;1630;1;2;2;1;3;536;CANTELOUP (AVENUE DU);M;4940870;24692;140
201400016986;14;6;16;1555;1;2;1;1;6;333;16, LEPAULMIER (QUAI);M;4941870;23700;140
201400016987;14;6;23;1610;1;2;6;1;2;536;ANGLAIS (ROND POINT DES);M;4941120;25890;140
201400016988;14;7;1;1750;1;1;1;1;7;333;CD 579;M;4939370;24993;140
201400016989;14;7;10;1004;1;2;1;8;2;333;9, CHARLES V (BOULEVARD);M;4942260;23291;140
201400016990;14;8;22;1720;1;1;1;2;6;1;1650, GENNEVILLE (ROUTE);M;4939010;27683;140
201400016991;14;9;20;1625;1;2;1;1;6;333;22, HAMELIN (PLACE);;;;140
201400016992;14;9;28;230;3;1;1;1;6;243;CD 579;;;;140
201400016993;14;10;8;1845;1;1;1;1;2;1;23, LES VATS;;;;140
201400016994;14;10;13;1945;5;2;1;1;3;333;39 BIS, CHARLES V (BOULE;M;4942320;23178;140
201400016995;14;11;1;1855;5;2;1;1;3;243;CD 579;;;;140
201400016996;14;11;5;1602;1;1;2;2;3;304;0, CD 144 B;;;;140
201400016997;14;11;13;1940;3;2;4;8;3;536;MONTSAINT (CHARRIERE);;;;140
201400016998;14;11;27;1750;5;2;1;8;6;333;2, PORTE DE ROUEN (PLACE;;;;140
201400016999;14;12;4;905;1;1;2;8;3;304;C D 579;;;;140
201400017000;14;12;12;756;5;2;2;2;6;333;1, DAUPHIN (RUE DU);;;;140
201400017001;14;3;26;1330;1;2;1;1;1;364;;M;4777585;527158;520
201400017002;14;5;18;1545;1;2;1;1;6;425;rue de cheville;M;4765908;523358;520
201400017003;14;9;21;1200;1;2;1;1;7;189;mis permis valide;M;4768697;524708;520
201400017004;14;5;3;1115;1;2;1;1;3;250;24 av. de la Marne;M;4844940;514699;520
201400017005;14;5;17;200;3;1;1;1;6;391;u2 prise sang ms ps taux;M;4850872;479618;520
201400017006;14;2;26;1000;1;1;1;8;7;133;;M;0;0;480
201400017007;14;5;1;545;2;1;1;8;7;147;;M;0;0;480
201400017008;14;6;6;1700;1;2;1;1;6;13;12 AV J-Antoine CHAPTAL;M;0;0;480
201400017009;14;6;7;1245;1;1;1;1;6;147;;M;0;0;480
201400017010;14;6;8;1215;1;1;1;1;7;16;;M;0;0;480
201400017011;14;7;19;1200;1;1;1;1;1;27;;M;0;0;480
201400017012;14;8;14;1615;1;1;1;1;1;157;;M;0;0;480
201400017013;14;8;31;1215;1;1;1;1;7;53;;M;0;0;480
201400017014;14;10;4;530;3;1;1;1;6;42;;M;0;0;480
201400017015;14;6;11;730;1;1;1;1;6;180;;M;0;0;480
201400017016;14;6;18;1745;1;1;1;2;1;146;;M;0;0;480
201400017017;14;7;3;1545;1;1;1;7;7;146;;M;4437200;341400;480
201400017018;14;10;20;15;3;1;1;1;3;39;;M;0;0;480
201400017019;14;9;3;1715;1;1;1;1;6;90;;M;4485500;332900;480
201400017020;14;1;30;1745;3;1;1;8;1;102;;M;4392782;428128;300
201400017021;14;1;19;1830;5;2;1;1;2;50;1 AVENUE MINKOWSKI a;;;;370
201400017022;14;5;5;1600;1;2;1;1;6;272;rue principale;M;0;0;370
201400017023;14;8;27;1040;1;2;6;8;3;99;ROND POINT DU PANIER;;;;370
201400017024;14;9;27;2015;3;1;1;1;1;54;;M;0;0;370
201400017025;14;7;6;2230;3;2;1;1;6;231;;;;;370
201400017026;14;8;9;1150;1;2;1;1;1;21;LA GRANDE CARRERIE;;;;370
201400017027;14;10;19;1530;1;2;3;1;5;54;LE BUISSON RTE DE MONNAI;;;;370
201400017028;14;1;19;630;3;2;1;1;7;139;BOUGE AU VIN;;;;370
201400017029;14;1;22;900;1;1;1;2;6;217;63 ROUTE DE LA CHAPPE;M;0;0;370
201400017030;14;2;23;1830;2;2;1;1;6;55;RUE DU CIMETIERE;M;0;0;370
201400017031;14;3;14;2015;5;2;1;1;7;109;RUE ALFRED DE MUSSET;;;;370
201400017032;14;6;29;1300;1;1;6;3;1;109;;M;0;0;370
201400017033;14;9;15;1800;1;2;1;1;5;109;73 AV DU GAL DE  GAULLE;M;0;0;370
201400017034;14;11;14;1830;3;1;1;1;6;109;48 RUE DE LA  LIMOUGERE;M;0;0;370
201400017035;14;12;2;1130;1;2;1;2;6;109;84 AV DU GAL DE GAULLE;M;0;0;370
201400017036;14;12;11;2045;3;1;1;1;6;241;LA GITIERE;M;0;0;370
201400017037;14;2;22;2145;5;2;1;1;6;225;RUE DE LA RESISTANCE;M;0;0;370
201400017038;14;5;18;1800;1;1;1;1;3;273;;M;0;0;370
201400017039;14;7;14;200;3;2;1;1;7;8;ROUTE DE  GRANDLAY;;;;370
201400017040;14;7;20;2215;3;1;1;1;7;156;RUE DU BAS DE NOUY;M;0;0;370
201400017041;14;8;28;1615;1;1;1;1;3;8;;M;0;0;370
201400017042;14;8;30;845;1;1;1;1;1;15;LE GRAIS;M;0;0;370
201400017043;14;9;5;1715;1;2;1;1;7;156;QUAI DE LA GARE;M;0;0;370
201400017044;14;10;12;620;5;2;2;8;1;91;48 RUE JACQUES SOUFFLET;;;;370
201400017045;14;10;16;1930;5;2;1;3;6;156;35 RUE DESCARTES;M;0;0;370
201400017046;14;10;19;845;1;1;1;7;3;156;;M;0;0;370
201400017047;14;11;12;920;1;2;3;1;3;273;;;;;370
201400017048;14;4;24;945;1;1;1;1;7;10;;M;0;0;370
201400017049;14;11;25;1745;3;2;1;1;3;179;2x2 voies;;;;370
201400017050;14;12;9;1530;1;1;6;1;6;179;;M;0;0;370
201400017051;14;1;9;1345;1;2;1;2;6;366;ROCQUES (CHEMIN DE);M;4915580;23107;140
201400017052;14;1;12;1825;5;2;3;1;3;366;38, FOURNET (RUE);M;4913810;22721;140
201400017053;14;1;18;1545;1;2;3;1;2;366;30, ROGER AINI (RUE);M;4914360;24814;140
201400017054;14;1;29;745;2;2;6;2;6;366;64, LOUIS PASTEUR (BOULE;M;4914400;21907;140
201400017055;14;2;13;2140;5;2;6;1;3;366;SAINTE ANNE (BOULEVARD);M;4914300;22699;140
201400017056;14;2;20;1700;1;2;3;1;3;366;AVENUE GEORGES DUVAL;M;4914490;27531;140
201400017057;14;3;9;1850;1;2;2;1;3;366;22, CARNOT (BOULEVARD);M;4914790;22498;140
201400017058;14;3;19;1110;1;2;3;1;3;366;188, EDOUARD BRANLY (RUE;M;4914830;25835;140
201400017059;14;4;2;1645;1;1;1;1;2;574;2342, DIVES (D.45 ROUTE;M;4915380;19937;140
201400017060;14;4;11;1400;1;2;1;1;6;366;43, PAUL BANASTON (RUE);M;4915020;22230;140
201400017061;14;4;14;1630;1;2;1;1;2;366;3, GENERAL LECLERC (RUE;M;4914920;22454;140
201400017062;14;4;16;830;1;2;2;1;6;366;0, J. FERRY (BOULEVARD);M;4914830;22820;140
201400017063;14;4;19;45;5;2;2;1;3;366;PONT MORTAIN (RUE);M;4914360;22676;140
201400017064;14;4;27;2030;1;2;2;1;3;366;0, EUGENE BOUDIN (RUE);M;4914280;24631;140
201400017065;14;5;4;2200;5;2;3;1;7;366;1, FOURNET (PLACE);M;4914080;22708;140
201400017066;14;5;6;1450;1;1;1;2;2;366;LIVAROT (CD579 ROUTE DE);M;4912730;22495;140
201400017067;14;5;13;1345;1;2;1;2;2;366;54, FOURNET (RUE);M;4913700;22706;140
201400017068;14;5;23;800;1;1;2;1;3;487;CD 48;M;4917840;20935;140
201400017069;14;6;16;600;1;2;1;1;6;366;26, GENERAL LECLERC (RUE;M;4915010;22430;140
201400017070;14;6;24;1950;1;1;2;1;3;574;D. 159;M;4915990;19274;140
201400017071;14;7;2;2020;1;2;1;1;3;366;41, PARIS (RUE DE);M;4914670;23217;140
201400017072;14;9;11;1850;1;2;1;1;1;69;77, ORBEC (ROUTE D');M;4913010;26220;140
201400017073;14;9;14;15;5;2;1;1;7;366;RUE DE LA R?SISTANCE;M;4914440;22707;140
201400017074;14;9;17;1425;1;1;1;1;1;366;0, AUGUSTIN FRESNEL;M;4914360;27423;140
201400017075;14;9;19;1830;1;2;2;1;3;366;28, REPUBLIQUE (PLACE DE;M;4914380;22368;140
201400017076;14;9;28;1545;1;2;1;1;6;366;0, TOUQUES (RUE DE LA);;;;140
201400017077;14;10;2;950;1;1;6;2;7;366;ESPERANCE (CARREFOUR DE;M;4914440;26312;140
201400017078;14;10;2;1815;1;2;1;1;2;366;10A, FOURNET (PLACE);;;;140
201400017079;14;10;7;1630;1;2;1;1;6;69;0, SALLE DES DROITS;M;4913160;25500;140
201400017080;14;10;10;1840;2;2;2;1;3;366;26, DUCHESNE FOURNET (BO;M;4914830;22821;140
201400017081;14;10;13;700;5;2;1;2;6;366;84, CARMEL (RUE DU);M;4914120;22728;140
201400017082;14;10;17;1035;1;1;1;1;6;366;0, CAPRON (RUE);M;4914360;26379;140
201400017083;14;11;4;750;1;1;1;1;3;366;D.613 ( LISIEUX);M;4912950;22675;140
201400017084;14;11;14;800;2;2;6;2;3;366;0, ALBERT SCHWEITZER (GI;M;4914630;22939;140
201400017085;14;11;14;855;1;2;1;8;6;366;4, ROGER AINI (RUE);M;4914580;23327;140
201400017086;14;11;24;1215;1;2;1;1;6;366;85, LOUIS PASTEUR (BOULE;M;4914350;21903;140
201400017087;14;11;28;1455;1;2;1;1;2;366;ESPERANCE (CARREFOUR DE;M;4914440;26308;140
201400017088;14;11;29;1500;1;2;2;1;7;366;20, CONDORCET (RUE);M;4914790;22497;140
201400017089;14;12;5;715;2;2;1;2;3;366;68, PAUL CORNU ( RD48 RU;;;;140
201400017090;14;12;9;445;3;1;1;9;6;366;D.613 ( LISIEUX);;;;140
201400017091;14;12;11;845;1;2;1;2;4;366;64, GUIZOT (RUE);;;;140
201400017092;14;12;14;1820;5;2;1;2;7;366;96, ORBEC (ROUTE D');;;;140
201400017093;14;12;22;1250;1;2;1;1;1;366;57, ORBEC (ROUTE D');;;;140
201400017094;14;2;13;835;1;2;1;8;1;72;F MITTERAND/BOUQUETEAU;;;;370
201400017095;14;6;29;1625;1;2;1;1;1;69;VAL-MENARD (CHEMIN DU;M;4913860;25879;140
201400017096;14;9;2;1610;1;2;6;1;6;366;91, LOUIS PASTEUR (BOULE;M;4914330;21879;140
201400017097;14;10;19;300;5;2;1;1;6;366;14, SAINTE ANNE (BOULEVA;M;4914320;22808;140
201400017098;14;11;23;1130;1;2;1;2;1;366;31, MARECHAL DE LATTRE D;M;4914230;24516;140
201400017099;14;12;3;2305;3;2;1;1;6;366;00, JEAN XXIII (AVENUE);;;;140
201400017100;14;12;4;1330;1;1;6;1;4;366;0, ESPERANCE (CARREFOUR;;;;140
201400017101;14;6;12;1645;1;2;1;1;3;72;QUAI JEANNE D ARC;;;;370
201400017102;14;1;20;515;3;1;1;5;3;53;NEUVILLE;M;0;0;370
201400017103;14;2;10;2215;3;1;1;1;7;269;;M;0;0;370
201400017104;14;3;14;1345;1;1;1;1;2;16;;M;0;0;370
201400017105;14;3;14;1300;1;2;1;1;6;111;Le Pont GENILLE 37460;M;0;0;370
201400017106;14;7;10;1200;1;1;1;1;7;269;LES CONTENTS VC 10;M;0;0;370
201400017107;14;10;11;1800;1;1;1;1;1;53;;M;0;0;370
201400017108;14;10;15;1215;1;1;1;1;7;111;;M;0;0;370
201400017109;14;8;31;2130;3;1;1;1;6;168;LA THIBAUDIERE;M;0;0;370
201400017110;14;12;12;1830;5;2;9;8;3;88;pl docteur donnet;M;0;0;870
201400017111;14;4;22;1030;1;1;1;2;3;11;;M;0;0;870
201400017112;14;9;10;1130;1;1;3;1;3;59;;M;0;0;870
201400017113;14;7;24;1830;1;2;1;1;7;154;avenue Voltaire;M;0;0;870
201400017114;14;8;6;1600;1;2;1;3;6;140;route du Moulin;M;0;0;870
201400017115;14;3;8;1730;1;1;1;1;6;30;;M;0;0;870
201400017116;14;6;23;1000;1;1;1;1;1;34;;M;0;0;870
201400017117;14;8;24;1945;1;2;6;1;6;111;avenue de ventadour;M;0;0;870
201400017118;14;12;28;1000;1;1;1;4;6;36;;M;0;0;870
201400017119;14;1;14;900;1;2;1;1;6;106;Intersection D11 et D.15;M;0;0;870
201400017120;14;2;6;715;2;1;1;1;1;49;;M;0;0;870
201400017121;14;2;23;1015;1;1;1;1;6;106;;M;0;0;870
201400017122;14;4;12;1445;1;1;1;1;7;127;;M;0;0;870
201400017123;14;8;3;2300;3;1;1;1;7;49;;M;0;0;870
201400017124;14;10;10;1615;1;1;1;1;1;187;;M;0;0;870
201400017125;14;10;29;1330;1;1;1;1;6;187;;M;0;0;870
201400017126;14;11;10;2115;3;1;1;1;6;71;;M;0;0;870
201400017127;14;6;1;1115;1;1;1;1;7;168;;M;0;0;230
201400017128;14;8;28;830;1;2;1;1;6;11;Rue principale - RD. 912;M;4608300;168900;230
201400017129;14;6;9;1700;1;1;1;1;7;102;;M;4628100;204500;230
201400017130;14;7;26;1045;1;1;1;1;7;100;;M;4618700;207799;230
201400017131;14;2;3;1545;1;2;1;7;6;8;Avenue des lissiers;M;4595900;217200;230
201400017132;14;5;8;1500;1;1;1;1;6;214;;M;0;0;230
201400017133;14;6;15;1515;1;1;2;1;3;185;;M;4614200;219900;230
201400017134;14;10;12;345;3;1;1;1;6;182;;M;0;0;230
201400017135;14;11;26;1600;1;1;1;1;3;8;;M;0;0;230
201400017136;14;6;27;1700;1;1;1;2;3;199;;M;;;280
201400017137;14;1;16;645;3;1;1;2;1;44;;M;4858200;109100;270
201400017138;14;1;31;730;3;1;1;5;1;287;;M;4900200;105100;270
201400017139;14;1;29;1345;1;1;1;1;6;44;;M;4856200;106500;270
201400017140;14;7;19;1130;1;1;1;1;7;44;;M;4858200;108300;270
201400017141;14;8;1;1545;1;2;9;1;6;439;Rond de CAER-NORMANVILLE;M;4903300;110200;270
201400017142;14;8;25;1830;1;1;1;3;6;439;;M;4903200;110200;270
201400017143;14;8;28;430;3;2;1;1;6;165;rue rhodes;M;4857000;55500;270
201400017144;14;1;24;915;1;1;1;2;1;225;;M;4851500;59400;270
201400017145;14;3;7;1300;1;1;2;1;2;225;;M;4853200;100099;270
201400017146;14;5;21;1145;1;1;1;2;1;693;;M;4852300;105000;270
201400017147;14;6;11;2000;1;1;1;1;1;406;;M;4845500;116400;270
201400017148;14;7;5;2145;2;1;1;2;1;548;;M;4846000;116000;270
201400017149;14;7;4;1800;1;1;1;3;4;378;;M;4845300;114100;270
201400017150;14;8;8;1930;1;1;1;1;7;350;;M;4850200;114200;270
201400017151;14;12;6;1900;5;2;1;1;6;438;69 grande rue - D50;M;4846100;111500;270
201400017152;14;1;18;1815;3;1;1;1;1;265;;M;4846400;51300;270
201400017153;14;1;24;1515;1;1;1;1;1;19;;M;4841500;49400;270
201400017154;14;6;13;1945;1;1;1;1;6;578;;M;4847300;52500;270
201400017155;14;9;7;400;3;1;1;1;6;573;;M;4849000;55100;270
201400017156;14;9;30;1145;1;2;7;7;6;112;Place Laffitte;M;4850100;54400;270
201400017157;14;10;24;2245;3;1;2;1;3;108;;M;4844500;47400;270
201400017158;14;11;14;2245;1;1;1;2;6;19;;M;4841500;49400;270
201400017159;14;12;12;2130;3;1;1;2;6;643;;M;4844500;101000;270
201400017160;14;7;6;1845;1;1;1;1;5;463;;M;4908100;38500;270
201400017161;14;11;10;1845;3;1;2;1;3;295;;M;4902000;31200;270
201400017162;14;12;9;730;2;1;1;1;7;179;;M;4906500;34000;270
201400017163;14;12;11;1900;3;1;1;2;6;414;;M;4856300;28300;270
201400017164;14;12;24;1615;1;1;1;2;3;442;;M;0;0;270
201400017165;14;4;18;1200;1;1;1;1;1;296;;M;4902100;40000;270
201400017166;14;4;15;1815;1;2;1;1;3;51;boulevard boisgelin;M;4904400;46300;270
201400017167;14;5;15;1200;1;2;1;1;1;210;RD 613;M;4907500;48300;270
201400017168;14;5;15;1200;1;1;1;1;6;52;;M;4912200;44400;270
201400017169;14;6;8;645;1;1;1;1;7;210;;M;4907100;50300;270
201400017170;14;7;10;1000;1;2;1;1;3;41;rue de l'?glise;M;4856400;39500;270
201400017171;14;10;26;1530;1;1;1;1;7;49;;M;4900100;41400;270
201400017172;14;10;31;2300;5;2;2;1;3;40;route de beaumont;M;4901400;51500;270
201400017173;14;11;12;845;1;1;1;1;7;164;;M;4907000;51400;270
201400017174;14;11;23;1845;3;1;1;2;7;444;;M;4900200;46500;270
201400017175;14;2;4;715;3;1;1;1;4;670;;M;4922200;119500;270
201400017176;14;5;28;1945;2;1;1;2;7;294;;M;4919300;123100;270
201400017177;14;1;31;700;3;1;1;5;1;617;;M;4818300;131300;270
201400017178;14;3;19;1730;2;2;3;1;3;324;rue des landes;M;4921000;143300;270
201400017179;14;12;17;1845;4;1;1;2;1;284;;M;4916000;147000;270
201400017180;14;3;7;2030;5;2;1;1;2;428;rue de Verdun;M;4909000;54200;270
201400017181;14;4;23;1015;1;1;2;7;3;192;Hameau de Coquerel;M;4907200;56200;270
201400017182;14;8;30;1830;1;1;2;2;3;53;;M;4914300;58400;270
201400017183;14;9;10;1630;1;1;2;1;3;185;;M;4912300;58300;270
201400017184;14;5;23;1500;1;2;1;1;7;243;;M;4923200;18300;270
201400017185;14;4;9;1630;1;1;1;1;7;227;;M;4922500;40200;270
201400017186;14;8;5;1930;1;1;1;1;3;102;;M;4921200;46400;270
201400017187;14;9;3;2215;3;1;1;1;1;77;;M;4916000;46100;270
201400017188;14;9;28;1800;1;1;1;1;3;340;;M;4922280;48280;270
201400017189;14;10;18;1530;1;1;1;1;3;340;;M;4921300;51100;270
201400017190;14;10;26;1830;5;2;1;1;1;316;route de barneville;M;4923400;46100;270
201400017191;14;11;23;2115;3;1;1;1;1;163;;M;4921200;38100;270
201400017192;14;4;13;1715;1;1;1;1;2;230;;M;0;0;40
201400017193;14;6;28;15;3;1;1;1;6;94;;M;0;0;40
201400017194;14;6;29;1600;1;1;1;1;1;230;;M;0;0;40
201400017195;14;1;17;930;1;1;1;4;6;90;;M;0;0;40
201400017196;14;6;22;1500;1;1;1;1;1;8;;M;0;0;40
201400017197;14;9;12;1445;1;1;1;1;3;174;;M;0;0;40
201400017198;14;12;20;415;3;1;1;5;6;76;;M;0;0;40
201400017199;14;7;13;1745;2;1;1;1;6;6;;M;0;0;40
201400017200;14;9;26;1615;1;1;1;1;1;136;;M;0;0;40
201400017201;14;9;27;1600;1;1;1;1;3;219;;M;0;0;40
201400017202;14;1;13;1545;1;2;1;8;3;157;RD08 PK 24.800;M;0;0;40
201400017203;14;3;16;1715;1;1;1;1;7;135;;M;0;0;40
201400017204;14;6;22;45;3;1;1;1;7;135;;M;0;0;40
201400017205;14;1;13;1445;1;1;1;2;1;88;;M;0;0;40
201400017206;14;2;16;315;3;1;1;1;6;242;;M;0;0;40
201400017207;14;3;31;915;1;1;1;1;3;111;;M;0;0;40
201400017208;14;4;28;915;1;1;1;1;2;88;;M;4394633;577318;40