num_acc;an;mois;jour;hrmn;lum;agg;int;atm;col;com;adr;gps;lat;long;dep
201400017209;14;5;24;30;3;1;1;2;6;188;;M;0;0;40
201400017210;14;9;29;2045;3;1;1;1;6;162;lieu-dit Gubian;M;0;0;40
201400017211;14;7;10;2045;2;1;1;1;1;123;;M;4428000;585300;40
201400017212;14;12;17;2115;3;1;1;1;6;134;;M;0;0;40
201400017213;14;4;26;500;3;1;1;1;6;468;LE COMBALET;M;4500220;71732;240
201400017214;14;6;6;1830;1;1;1;1;6;115;LA TAMANIE;M;4526790;71063;240
201400017215;14;1;25;1200;1;1;3;1;3;210;LE BUISSON;M;4527070;112888;240
201400017216;14;2;16;1930;4;1;1;1;6;123;LEYTERIE;M;4495640;65377;240
201400017217;14;1;21;1030;1;1;2;1;1;28;GONDRAS;M;4475450;77333;240
201400017218;14;8;26;1250;1;1;1;3;1;307;LE TONDU;M;4475050;73112;240
201400017219;14;11;19;730;1;1;1;5;6;142;LES PRADASQUES;M;4483330;94043;240
201400017220;14;1;5;930;1;2;1;8;6;311;ROUTE DE VILLARS;M;4552280;66418;240
201400017221;14;2;20;1500;1;2;1;2;1;311;ROUTE DE VILLARS;M;4552230;66449;240
201400017222;14;6;12;2000;2;2;2;1;3;56;LE BOURG;M;4560220;62823;240
201400017223;14;6;30;1630;1;2;1;1;1;479;SIMPLY MARKET;M;4549430;74188;240
201400017224;14;8;24;1200;1;2;1;1;6;311;AVENUE JULES FERRY;M;4553270;66519;240
201400017225;14;12;30;1145;1;1;1;1;1;16;PUYBEGOUT;M;4556390;69363;240
201400017226;14;7;16;1715;1;1;1;1;6;99;LES TROIS PIERRES;M;4544460;58767;240
201400017227;14;5;14;1945;1;2;2;1;3;304;AVENUE L?ON COUZINOU;M;4540870;92098;240
201400017228;14;7;8;1900;1;1;2;1;1;8;D704/D80;M;4542560;114211;240
201400017229;14;12;3;1615;1;2;1;8;6;551;PLACE DE LA REPUBLIQUE;M;4541550;91881;240
201400017230;14;9;18;915;1;1;1;2;3;504;LE MAS POITEVIN;M;4517500;38867;240
201400017231;14;3;12;45;5;2;1;1;6;354;BALAN;M;4515920;706;240
201400017232;14;3;1;1430;1;1;4;1;3;520;LE BOIS DE BONTEMPS;M;4486740;124784;240
201400017233;14;4;15;1900;1;2;1;1;1;520;Impasse Pech Sud;M;4489400;124500;240
201400017234;14;4;8;815;1;2;1;1;6;516;ROUTE DE SARLAT;M;4497380;132340;240
201400017235;14;5;23;1530;1;1;2;2;3;412;LES QUATRE ROUTES;M;4499610;124176;240
201400017236;14;7;26;1130;1;1;1;1;1;82;LE SINGLE DE MONFORT;M;4484430;125249;240
201400017237;14;12;8;1715;2;1;3;2;3;82;LES SIX CHEMINS;M;4486270;126337;240
201400017238;14;11;28;1745;3;1;1;1;1;179;GUINASSOU;M;4512520;139684;240
201400017239;14;12;31;1600;1;2;1;1;7;102;rue du marsan;M;4398522;1087;400
201400017240;14;6;1;2045;1;1;2;1;5;259;les arbouts;M;4381293;-29658;400
201400017241;14;8;3;530;2;1;1;1;6;161;RD 933N;M;4409871;-1704;400
201400017242;14;7;12;1000;1;1;1;1;1;233;;M;4359287;-103124;400
201400017243;14;9;3;930;1;1;1;1;3;332;;M;4432188;-89812;400
201400017244;14;10;11;1600;1;1;1;2;5;217;;M;4433491;-105316;400
201400017245;14;10;26;1030;1;1;2;1;5;217;;M;4434209;-102379;400
201400017246;14;6;27;2215;3;1;2;1;3;78;;M;4367110;-76414;400
201400017247;14;10;5;2130;3;1;1;1;6;205;;M;4372023;-81414;400
201400017248;14;1;11;2330;3;1;1;1;6;32;;M;0;0;210
201400017249;14;12;6;730;2;1;1;1;6;502;;M;4703000;510800;210
201400017250;14;3;13;1345;1;1;1;1;5;163;;M;0;0;210
201400017251;14;6;22;45;3;1;1;1;3;211;;M;0;0;210
201400017252;14;5;25;115;3;1;1;1;2;547;;M;0;0;210
201400017253;14;9;13;400;3;1;1;1;6;429;;M;4758500;433600;210
201400017254;14;9;16;615;3;2;1;1;6;394;D9D;M;4751200;440000;210
201400017255;14;9;21;615;2;1;1;1;6;709;;M;4754200;429600;210
201400017256;14;1;2;1630;1;1;1;1;1;393;;M;4788800;459600;210
201400017257;14;2;10;1345;1;1;1;2;6;104;;M;4774000;459500;210
201400017258;14;9;4;1715;1;2;1;1;6;154;marechal de lattre;M;4786300;457300;210
201400017259;14;1;25;2300;5;2;2;1;3;663;Avenue de Dijon;M;4754500;446200;210
201400017260;14;2;26;730;1;1;1;5;2;140;;M;4811076;-73457;530
201400017261;14;6;10;1545;1;1;2;1;3;76;;M;4796480;-35675;530
201400017262;14;12;19;845;2;1;1;2;6;152;;M;4795311;-59074;530
201400017263;14;3;1;2000;3;1;1;2;6;153;;M;4820722;-43775;530
201400017264;14;6;11;1145;1;1;1;1;3;97;;M;4812015;-37258;530
201400017265;14;8;24;2345;3;2;1;1;6;161;rue de la Gare;M;4814028;-55181;530
201400017266;14;9;14;1800;1;1;1;1;6;97;;M;4815977;-41081;530
201400017267;14;1;24;830;4;2;6;2;6;84;PLACE DU 11 NOVEMBRE;M;4784689;-94825;530
201400017268;14;2;6;1830;5;2;6;2;6;84;boulevard d'Ok?hampton;M;4784692;-94823;530
201400017269;14;3;12;915;1;1;1;1;1;12;;M;4789266;-93180;530
201400017270;14;3;14;1915;2;1;1;8;7;88;;M;4795662;-110877;530
201400017271;14;8;18;1715;1;2;3;1;3;147;rue boris vian;M;4830423;-63932;530
201400017272;14;3;11;1730;1;2;9;1;2;107;avenue de l'Abb? Angot;M;4841332;-82828;530
201400017273;14;2;7;1345;1;1;3;1;1;190;;M;4836015;-45107;530
201400017274;14;1;16;1800;5;2;1;3;6;349;avenue L?on Blum;M;0;0;70
201400017275;14;2;1;930;1;2;3;1;3;260;intersection RD 2 RD 322;M;0;0;70
201400017276;14;3;8;1600;1;1;1;1;3;5;;M;0;0;70
201400017277;14;5;17;1745;1;1;1;1;6;38;;M;4460900;406700;70
201400017278;14;7;25;1945;1;1;1;1;6;81;;M;4493900;410440;70
201400017279;14;8;23;1945;2;1;1;1;1;132;;M;4486200;451900;70
201400017280;14;1;22;1330;1;1;1;1;1;91;;M;0;0;70
201400017281;14;2;23;1500;1;1;1;1;7;158;;M;4482000;433400;70
201400017282;14;3;1;1530;1;1;1;1;1;210;;M;0;0;70
201400017283;14;8;16;1015;1;1;1;1;6;139;;M;0;0;70
201400017284;14;8;15;445;3;1;1;1;7;121;;M;0;0;70
201400017285;14;4;2;1315;1;1;1;1;3;156;;M;0;0;70
201400017286;14;8;27;745;3;1;1;1;1;156;;M;0;0;70
201400017287;14;1;15;1000;1;1;1;1;1;23;;M;0;0;70
201400017288;14;2;26;800;1;1;1;1;4;183;;M;0;0;70
201400017289;14;6;15;1930;1;1;1;1;6;201;;M;0;0;70
201400017290;14;6;25;2100;1;1;1;1;3;330;;M;0;0;70
201400017291;14;6;29;1130;1;1;1;1;2;291;;M;0;0;70
201400017292;14;7;23;2300;3;1;1;2;6;328;;M;0;0;70
201400017293;14;7;25;1700;1;1;1;3;1;101;;M;0;0;70
201400017294;14;2;23;1745;1;1;1;1;5;308;;M;0;0;70
201400017295;14;9;29;1715;1;1;1;8;3;227;;M;0;0;70
201400017296;14;10;14;2000;3;1;1;8;6;10;;M;0;0;70
201400017297;14;10;19;1500;1;1;1;1;7;243;;M;0;0;70
201400017298;14;12;2;1415;1;2;8;8;6;10;ROUTE LEVERT;M;0;0;70
201400017299;14;2;12;1430;1;1;1;1;6;73;;M;0;0;70
201400017300;14;3;1;1415;3;1;1;1;1;52;;M;0;0;70
201400017301;14;9;13;2000;1;1;1;1;7;79;;M;0;0;70
201400017302;14;5;25;2015;1;1;1;1;1;204;;M;0;0;70
201400017303;14;9;18;1630;1;2;1;2;6;64;AVENUE DE JAGORNAC;M;0;0;70
201400017304;14;10;30;45;3;1;1;1;6;204;;M;0;0;70
201400017305;14;1;21;1000;1;1;1;7;6;119;Le Pouyaud Chateau;M;4555429;26372;160
201400017306;14;2;21;845;1;1;1;1;5;175;Cote de Petignac;M;4553837;-4503;160
201400017307;14;6;15;1720;1;2;1;1;1;338;rue de l'eglise;M;4551141;-13785;160
201400017308;14;1;1;215;3;2;1;2;6;167;17 rue pasteur;M;4568150;-17216;160
201400017309;14;5;17;1930;1;1;1;1;7;148;Les petits Foys;M;4579228;1231;160
201400017310;14;6;21;1130;3;1;1;1;3;167;Lartige;M;4568698;-15155;160
201400017311;14;6;23;1600;1;2;1;1;7;167;avenue du general Lecler;M;4568068;-15725;160
201400017312;14;8;27;1715;1;1;2;1;3;369;La Jarrie;M;4573974;-18901;160
201400017313;14;3;9;1545;1;1;1;1;5;393;;M;4574247;13136;160
201400017314;14;5;10;1030;1;2;1;1;6;206;RUE GRANGE DU CHAPITRE;M;4587488;17885;160
201400017315;14;8;18;1015;1;2;1;1;1;140;La Gagnarderie;M;4588140;18300;160
201400017316;14;10;10;730;2;1;1;5;5;210;;M;4571582;7420;160
201400017317;14;4;18;1145;1;2;1;1;1;292;route d'aigre;M;4502249;19236;160
201400017318;14;3;16;1330;1;1;1;1;6;86;;M;4703800;142576;360
201400017319;14;6;15;1600;1;2;1;1;6;149;RUE DU MOULIN;M;4694170;131575;360
201400017320;14;8;28;1900;1;1;1;1;6;188;;M;4702170;112132;360
201400017321;14;8;31;1830;1;1;1;1;3;88;LES MAISONS NEUVES;M;4693890;202679;360
201400017322;14;1;14;1145;1;1;2;1;3;143;;M;4663070;194432;360
201400017323;14;1;19;700;2;1;1;1;7;109;;M;4654220;198710;360
201400017324;14;4;4;1815;1;1;1;2;1;91;;M;4658140;204022;360
201400017325;14;6;9;1815;1;1;1;1;7;208;;M;4652460;206771;360
201400017326;14;7;3;1830;1;2;2;1;3;91;R LA FONTAINE/RUE DU PRE;M;4658410;202385;360
201400017327;14;8;26;1745;2;1;1;2;6;240;;M;4642730;215916;360
201400017328;14;9;8;1900;1;2;1;1;2;46;30 RUE P DECOURTEIX;M;4657930;198760;360
201400017329;14;11;10;1800;5;2;1;1;6;46;AVENUE ARISTIDE BRIAND;M;4658310;198467;360
201400017330;14;12;23;815;2;1;1;9;6;126;;M;4648960;176465;360
201400017331;14;1;28;1330;1;1;1;1;6;78;LIEU DIT FROMENTEAU;M;4658160;187820;360
201400017332;14;1;26;200;5;1;6;1;7;172;;M;4664030;139772;360
201400017333;14;2;17;1130;1;2;3;1;3;161;;M;4662660;149010;360
201400017334;14;3;1;1215;1;1;2;1;3;42;;M;4667900;150032;360
201400017335;14;3;7;1415;1;1;3;1;3;219;;M;4665030;156317;360
201400017336;14;3;14;1330;1;1;1;1;1;32;"LD ""LES GRANGES""";M;4654400;155580;360
201400017337;14;6;8;1030;1;2;3;1;6;134;11 LIEU DIT RHODE;M;4635350;142359;360
201400017338;14;8;9;1330;1;1;1;1;6;33;;M;4654680;149660;360
201400017339;14;11;20;1730;5;2;1;1;6;231;ROUTE DE MOSNAY;M;4668670;164677;360
201400017340;14;11;27;1615;1;2;1;1;6;6;RUE BARA;;;;360
201400017341;14;7;9;1;5;1;1;2;6;430;;M;4863374;411215;100
201400017342;14;11;29;2115;3;1;1;1;2;6;;M;4851900;414300;100
201400017343;14;1;22;1215;1;1;3;1;3;133;;M;0;0;100
201400017344;14;6;21;240;3;2;1;1;6;40;Route d?partemantale 23;M;4799510;400036;100
201400017345;14;6;29;2230;2;1;1;1;6;140;;M;4809767;386450;100
201400017346;14;7;4;1800;1;2;1;1;6;395;10 rue du bois;M;4802656;402704;100
201400017347;14;8;16;1030;1;1;1;1;7;371;;M;4816352;394193;100
201400017348;14;8;27;1745;1;1;1;1;7;51;;M;4818417;398489;100
201400017349;14;9;30;845;1;1;1;1;6;331;;M;4814197;417831;100
201400017350;14;12;20;945;1;1;1;1;6;328;;M;4835800;426100;100
201400017351;14;1;12;1600;1;1;1;1;6;401;;M;0;0;100
201400017352;14;9;10;1545;1;2;1;1;2;33;Ave du G?n?ral Leclerc;M;4823771;470101;100
201400017353;14;2;2;645;3;1;1;9;6;158;;M;4814800;427500;100
201400017354;14;2;3;1845;2;1;1;1;7;418;;M;4808832;430401;100
201400017355;14;2;13;2100;5;2;1;1;6;34;10 avenue Paul Portier;M;4811500;437900;100
201400017356;14;2;18;2145;3;1;1;1;6;55;;M;4813000;436500;100
201400017357;14;4;21;1745;1;1;1;2;1;158;;M;4814309;427946;100
201400017358;14;7;20;945;1;1;1;2;6;155;;M;4808645;459629;100
201400017359;14;8;26;1500;1;1;1;6;7;296;;M;4804815;437435;100
201400017360;14;9;4;600;2;1;1;1;6;55;;M;4812930;434136;100
201400017361;14;1;17;1800;2;1;4;1;3;54;;M;4838900;361200;100
201400017362;14;3;30;600;3;2;1;1;6;280;80 rue nationale;M;4849000;373200;100
201400017363;14;3;27;1845;1;1;1;1;6;280;;M;4846000;370700;100
201400017364;14;4;24;1445;1;2;6;1;1;323;rue Pierre Semard;M;4851200;374600;100
201400017365;14;5;4;945;1;1;4;7;3;341;;M;4851232;368342;100
201400017366;14;5;23;730;1;2;2;1;3;280;Route Nationale;M;4848341;373024;100
201400017367;14;6;30;1700;1;2;1;1;6;323;85 rue Pierre Semard;M;4850615;375136;100
201400017368;14;7;15;1800;1;1;1;1;1;220;;M;4850400;381700;100
201400017369;14;7;16;1230;1;1;1;1;1;353;;M;4844200;391100;100
201400017370;14;7;22;615;2;1;1;1;7;89;;M;4850300;384000;100
201400017371;14;7;24;1430;1;1;1;1;7;347;;M;4845200;363500;100
201400017372;14;9;2;2000;5;2;1;1;6;341;Rue Mouille Cul;M;4851721;365830;100
201400017373;14;9;14;845;1;1;1;1;6;368;;M;4842000;393200;100
201400017374;14;10;5;900;1;2;2;2;1;280;rue traversiere;M;4848700;373100;100
201400017375;14;12;19;2000;5;2;1;8;7;323;1r Gornet Boivin;M;4852300;372700;100
201400017376;14;12;24;1800;5;1;1;2;1;323;;M;4852973;373896;100
201400017377;14;6;7;1000;1;2;3;1;3;111;LOT BEL AIR;;;;430
201400017378;14;3;16;1430;1;1;6;1;3;190;RDPT DE SAINT GERMAIN;M;4503860;397007;430
201400017379;14;6;29;1335;1;1;1;1;3;150;"LIEU-DIT ""LES GRANGES""";M;4510570;407247;430
201400017380;14;9;9;1340;1;1;1;2;6;61;"LIEU-DIT ""LES VARENNES""";M;4507450;396441;430
201400017381;14;12;21;1415;1;1;1;1;6;216;"LIEU-DIT ""NOLHAC""";M;4511500;381858;430
201400017382;14;1;31;1400;1;1;1;1;7;234;MOULIN NEUF;M;4496570;354250;430
201400017383;14;4;2;1045;1;2;3;1;2;185;RD5 /RUE DE LA GAIETE;M;4539200;332704;430
201400017384;14;7;20;130;3;1;1;1;6;121;LIEU-DIT TOURETTE;;;;430
201400017385;14;12;31;2300;5;1;1;1;1;25;PIROLLES;M;4527040;411365;430
201400017386;14;9;29;845;1;2;7;1;6;268;GARE ROUTI?RE D'ANTREUIL;;;;430
201400017387;14;7;19;930;1;1;3;1;1;268;INTER ROUTE D'ARD'HUY;M;4514320;414093;430
201400017388;14;9;24;1500;1;1;1;8;6;203;LA CHAUD DE VERNE;M;4516690;405990;430
201400017389;14;12;14;1145;1;1;1;8;6;25;SUC DU CHABANOU;M;4526310;410529;430
201400017390;14;3;3;1245;1;1;1;1;6;223;"LIEU-DIT ""LES COINS""";M;4527200;433651;430
201400017391;14;5;7;845;1;1;1;2;6;227;"LIEU-DIT""LE TREVE""";M;4530200;431568;430
201400017392;14;8;19;1000;1;1;1;1;1;213;"LIEU-DIT ""LA VIALATTE""";M;4525650;427571;430
201400017393;14;8;28;1545;1;2;2;1;1;224;RUE ST DIDIER/RUE FAYARD;M;4524370;423557;430
201400017394;14;11;24;1545;1;2;1;8;1;177;2 BIS RUE NATIONALE;M;4530350;427666;430
201400017395;14;6;22;1645;1;1;1;1;6;142;LA BERTHE;M;4516500;436791;430
201400017396;14;10;13;930;1;1;1;1;6;51;"LIEU-DIT ""LA FAYOLLE""";M;4505510;428658;430
201400017397;14;10;21;2115;3;1;1;1;1;159;LA DETOURBE;M;4517190;428572;430
201400017398;14;11;9;1830;2;1;1;2;3;244;"LIEU-DIT ""LA POMME """;M;4510370;430029;430
201400017399;14;12;3;815;1;1;1;4;6;142;LIEU-DIT AULAGNIER;M;4516120;430693;430
201400017400;14;1;8;900;1;2;1;1;6;23;rue saint martin;M;4708088;272795;180
201400017401;14;3;16;945;1;1;1;1;6;118;;M;4704900;298600;180
201400017402;14;3;18;2100;3;1;1;1;3;18;;M;4704100;260100;180
201400017403;14;3;30;1630;1;1;1;1;1;139;;M;0;0;180
201400017404;14;4;7;615;2;1;1;1;7;53;;M;4715600;285800;180
201400017405;14;6;1;430;5;2;1;1;6;49;71 avenue jacques Coeur;M;0;0;180
201400017406;14;6;17;845;1;1;1;1;7;118;;M;4705000;299700;180
201400017407;14;6;18;415;3;1;1;1;7;174;;M;0;0;180
201400017408;14;8;14;900;1;2;3;1;6;77;D53;M;4711681;282472;180
201400017409;14;8;31;1730;1;1;1;7;3;35;;M;0;0;180
201400017410;14;9;12;1930;2;1;2;1;3;265;;M;4698767;300187;180
201400017411;14;11;10;1645;1;2;1;1;6;240;RN 151;M;4715500;291400;180
201400017412;14;12;12;1845;5;2;1;1;1;118;Cite Heymann;M;4706112;301616;180
201400017413;14;12;21;515;3;1;1;1;6;184;;M;4712132;293076;180
201400017414;14;1;8;2030;3;1;1;1;6;162;;M;0;0;180
201400017415;14;2;7;1145;1;1;1;6;3;151;;M;4726071;269976;180
201400017416;14;4;10;200;3;1;1;2;6;151;;M;0;0;180
201400017417;14;4;12;1945;1;1;1;1;2;194;11 route des Aix;M;4718798;261048;180
201400017418;14;5;10;930;1;1;1;1;1;194;;M;0;0;180
201400017419;14;5;14;1100;1;1;1;1;1;223;;M;0;0;180
201400017420;14;5;18;1210;1;1;2;9;3;226;;M;4715667;249451;180
201400017421;14;7;6;1815;1;1;1;2;6;109;;M;0;0;180
201400017422;14;7;19;1800;1;1;4;4;3;51;;M;4735261;260944;180
201400017423;14;8;5;815;1;1;1;1;7;235;;M;0;0;180
201400017424;14;8;26;2230;3;2;1;1;6;156;D46 route de la borne;M;0;0;180
201400017425;14;9;15;730;2;1;1;1;6;4;;M;0;0;180
201400017426;14;10;4;1015;1;1;1;2;6;145;;M;4722545;250027;180
201400017427;14;12;18;1200;1;1;4;2;3;51;;M;4735258;260936;180
201400017428;14;12;19;945;1;1;1;2;6;226;;M;0;0;180
201400017429;14;1;11;1530;1;2;1;1;1;197;;M;4672115;251860;180
201400017430;14;1;17;1730;1;2;3;1;3;197;Avenue Jean Jaures;M;4672413;249894;180
201400017431;14;1;23;15;3;1;1;2;6;86;;M;4670100;252500;180
201400017432;14;2;20;1945;3;1;3;2;3;197;RD101-Le Ptit Marcais;M;4671023;253790;180
201400017433;14;3;21;1100;1;2;1;1;6;197;parking commerce GIFI;M;4673490;249187;180
201400017434;14;5;14;1945;1;1;1;1;7;38;;M;4677304;242774;180
201400017435;14;6;1;1815;1;1;1;1;6;136;Bouffeloux;M;4668720;238718;180
201400017436;14;8;29;1530;1;2;1;1;7;38;20 avenue de St Amand;M;4676808;243330;180
201400017437;14;10;30;1345;1;2;1;1;6;197;avenue Jean Jaures;M;4672519;249560;180
201400017438;14;12;22;2245;5;2;2;5;3;197;Avenue de la Republique;M;4672853;250882;180
201400017439;14;7;10;915;1;1;1;2;6;89;;M;0;0;180
201400017440;14;8;30;915;1;1;1;1;6;57;;M;0;0;180
201400017441;14;12;24;1245;1;1;2;8;4;112;;M;0;0;180
201400017442;14;5;8;2000;2;1;2;1;3;8;;M;4695500;234890;180
201400017443;14;7;25;2215;3;1;1;1;7;58;;M;4689000;234000;180
201400017444;14;3;3;1830;2;2;1;1;1;62;LIEU DIT LES BLANCS;M;4698229;298880;180
201400017445;14;3;5;1745;1;1;1;1;6;275;;M;4687000;289100;180
201400017446;14;3;16;1045;1;2;1;1;2;108;rue du marechal leclerc;M;0;0;180
201400017447;14;7;25;1130;1;1;1;1;6;155;;M;0;0;180
201400017448;14;8;30;1745;1;1;1;1;6;48;;M;4690800;294800;180
201400017449;14;10;9;715;3;1;1;3;7;113;;M;0;0;180
201400017450;14;2;2;1400;1;2;1;1;6;67;16 Route d'Isdes;M;4756997;230525;180
201400017451;14;4;25;1030;1;2;1;8;6;30;35 ROUTE DE COULLONS;M;4754100;253000;180
201400017452;14;5;18;1515;1;1;1;1;1;11;;M;0;0;180
201400017453;14;6;30;1145;1;2;1;1;6;165;Place du 8 mai;M;4732000;225600;180
201400017454;14;9;24;730;2;1;2;1;3;159;;M;4732035;218315;180
201400017455;14;11;9;2030;3;1;1;2;6;165;;M;4729900;227700;180
201400017456;14;11;21;1045;1;1;1;1;1;219;;M;0;0;180
201400017457;14;2;17;845;1;2;1;7;6;138;45 rue des marais;M;4710203;227851;180
201400017458;14;3;9;1015;1;2;3;1;3;141;RUE ANDRE BREMU;M;4713027;221103;180
201400017459;14;3;21;15;3;1;1;1;6;28;;M;0;0;180
201400017460;14;4;2;345;3;1;1;1;7;103;;M;0;0;180
201400017461;14;4;8;2130;3;1;1;1;1;128;;M;0;0;180
201400017462;14;5;16;1900;1;2;6;1;3;281;;M;0;0;180
201400017463;14;5;21;1500;1;1;2;1;3;138;;M;0;0;180
201400017464;14;7;21;1530;1;2;1;1;6;141;111 RUE JEANNE D ARC;M;4714454;221597;180
201400017465;14;7;30;1830;1;1;1;1;3;237;;M;4706900;219290;180
201400017466;14;8;8;1600;1;1;2;1;6;281;;M;4719470;221426;180
201400017467;14;9;27;1415;1;2;1;1;1;190;route de MEHUN;M;0;0;180
201400017468;14;11;4;1745;3;1;1;1;6;210;;M;0;0;180
201400017469;14;11;18;715;2;2;1;3;6;141;place du 14 juillet;M;0;0;180
201400017470;14;11;26;1715;2;2;1;1;1;237;route de BOURGES;M;4708080;219810;180
201400017471;14;3;8;715;1;1;1;1;6;50;;M;4568130;585090;730
201400017472;14;5;17;1600;1;1;1;1;3;127;;M;4560260;569000;730
201400017473;14;5;31;1100;1;1;1;1;5;39;;M;4556830;566510;730
201400017474;14;6;22;1015;1;2;3;1;2;219;;M;4555790;578900;730
201400017475;14;9;23;345;3;1;1;1;1;229;;M;4545590;578710;730
201400017476;14;11;21;400;3;1;1;1;7;282;;M;4548900;583540;730
201400017477;14;2;8;2220;5;1;4;1;3;84;;M;4551140;600670;730
201400017478;14;8;2;1740;1;2;1;1;2;151;;M;4550030;600030;730
201400017479;14;10;23;900;1;1;1;1;6;247;;M;4554300;613920;730
201400017480;14;1;31;1930;5;2;3;1;3;188;cd925/d69A;M;4562680;634190;730
201400017481;14;5;19;1900;1;1;1;1;6;283;;M;4561960;630680;730
201400017482;14;6;22;1145;1;1;1;1;7;303;;M;4579450;648440;730
201400017483;14;8;13;1815;1;2;1;1;1;129;270 grand rue;M;0;0;730
201400017484;14;2;25;830;1;1;1;1;1;248;;M;4526820;632790;730
201400017485;14;5;5;1815;1;1;1;1;2;511;;M;0;0;640
201400017486;14;9;23;2200;5;1;1;1;6;37;;M;4334300;-50900;640
201400017487;14;1;18;1500;1;1;1;2;1;216;;M;0;0;640
201400017488;14;1;30;730;5;2;1;3;6;405;RUE DES CORDELIERS;M;4335000;-26200;640
201400017489;14;2;12;1;3;1;1;2;6;152;;M;0;0;640
201400017490;14;4;16;1715;1;1;1;1;7;210;;M;0;0;640
201400017491;14;7;22;1215;1;1;6;1;2;405;;M;0;0;640
201400017492;14;9;6;1900;1;1;1;1;3;238;;M;0;0;640
201400017493;14;9;22;900;1;2;6;1;3;405;D943;M;4335500;-25500;640
201400017494;14;11;19;1900;3;1;1;1;6;59;;M;4328300;-23200;640
201400017495;14;12;12;1800;3;2;1;1;4;419;RD 817;M;0;0;640
201400017496;14;1;1;400;3;1;1;1;6;68;;M;0;0;640
201400017497;14;1;12;1530;1;1;1;1;7;400;;M;4314500;-20800;640
201400017498;14;6;27;2000;1;1;1;1;6;536;;M;0;0;640
201400017499;14;7;1;1600;1;2;1;1;3;321;CHEMIN DE BEDAT;M;4343800;-29700;640
201400017500;14;7;12;1120;1;1;1;1;1;63;;M;0;0;640
201400017501;14;2;12;1900;3;1;1;1;6;256;;M;0;0;640
201400017502;14;4;1;2245;3;1;1;1;6;377;;M;0;0;640
201400017503;14;10;16;1315;1;1;1;1;6;94;;M;0;0;640
201400017504;14;7;8;1100;1;1;1;2;5;317;;M;4338100;-143400;640
201400017505;14;10;17;1130;1;2;1;1;3;188;Rue Muxurendorda;M;4323700;-86600;640
201400017506;14;9;29;845;1;1;1;1;1;175;;M;4308500;-41700;640
201400017507;14;10;23;1630;1;1;1;1;7;320;;M;4282600;-39600;640
201400017508;14;12;5;1115;1;1;1;4;7;320;;M;4282600;-40500;640
201400017509;14;3;29;1500;1;1;1;1;6;393;;M;4332500;-59600;640
201400017510;14;5;10;1245;1;1;1;1;5;149;;M;0;0;640
201400017511;14;9;1;1645;1;1;1;1;1;306;;M;4334300;-59600;640
201400017512;14;10;17;1400;1;1;1;1;3;178;;M;4334100;-77900;640
201400017513;14;11;29;1245;1;1;1;1;1;459;;M;4328400;-72100;640
201400017514;14;3;10;2030;5;2;1;1;7;108;ROUTE DE LAHONTAN;M;0;0;640
201400017515;14;7;20;1545;1;2;1;1;6;146;RTE DE CHAUMONT;M;4770258;193024;450
201400017516;14;2;10;745;2;2;1;2;6;272;1136 R DE GAUTRAY;M;4781051;195282;450
201400017517;14;3;11;1830;2;2;1;1;3;324;9 RTE D'OUVROUER;M;4779989;219672;450
201400017518;14;6;25;1130;1;1;2;1;3;173;;M;4784767;213554;450
201400017519;14;6;27;1345;1;2;1;1;3;311;53 RTE CHATEAUNEUF;M;4783605;222521;450
201400017520;14;9;17;745;1;2;2;1;3;193;D 921/D 7;M;4776451;202095;450
201400017521;14;10;18;1800;1;1;1;1;3;272;;M;4781681;197277;450
201400017522;14;6;8;2030;1;1;1;1;6;40;CH LA CHEUILLE;M;4757927;280973;450
201400017523;14;11;12;1515;1;1;1;1;1;323;;M;0;0;450
201400017524;14;6;21;1430;1;1;1;1;6;149;;M;4808946;301645;450
201400017525;14;7;6;1200;1;1;1;2;1;265;LES GOURDETS;M;4810532;294868;450
201400017526;14;11;12;1045;1;2;1;1;7;97;rue de chateau renard;M;0;0;450
201400017527;14;2;27;1300;1;2;3;2;3;347;R BOURG/CROIX ALLARD;M;4808271;223287;450
201400017528;14;3;16;1715;1;1;1;1;6;111;;M;4805389;221948;450
201400017529;14;9;15;915;1;1;1;7;1;224;;M;4808962;203987;450
201400017530;14;9;27;1915;1;1;2;1;3;240;D 97/D 22;M;4823316;207665;450