num_acc;an;mois;jour;hrmn;lum;agg;int;atm;col;com;adr;gps;lat;long;dep
201400017531;14;11;23;1800;5;2;1;8;1;88;RTE BAZOCHES;M;4816972;197909;450
201400017532;14;12;9;545;3;1;1;9;6;72;;M;4799574;194289;450
201400017533;14;1;18;1915;5;2;1;1;1;646;intersection D901 - D133;M;0;0;600
201400017534;14;4;4;1745;1;1;1;1;7;230;;M;0;0;600
201400017535;14;2;9;715;2;1;1;1;1;681;;M;0;0;600
201400017536;14;2;12;915;1;1;1;1;7;516;;M;0;0;600
201400017537;14;3;6;1145;1;1;1;7;6;319;;M;0;0;600
201400017538;14;3;21;830;1;1;1;2;6;516;;M;0;0;600
201400017539;14;8;12;930;1;1;1;1;1;235;;M;0;0;600
201400017540;14;9;25;730;2;1;1;5;3;29;;M;0;0;600
201400017541;14;10;3;1215;1;1;1;1;6;660;;M;0;0;600
201400017542;14;1;14;50;5;2;1;8;6;590;rue du Marechal Leclerc;M;0;0;600
201400017543;14;2;23;630;2;1;1;9;6;387;;M;0;0;600
201400017544;14;3;1;1430;1;1;1;1;7;435;;M;0;0;600
201400017545;14;3;9;1545;1;1;6;7;7;387;;M;0;0;600
201400017546;14;3;11;1615;1;1;1;1;1;286;;M;0;0;600
201400017547;14;4;10;1200;1;2;1;1;6;387;;M;0;0;600
201400017548;14;5;4;930;1;1;2;1;1;388;;M;0;0;600
201400017549;14;6;24;745;1;1;3;1;1;110;;M;0;0;600
201400017550;14;6;27;2030;1;1;2;1;3;4;;M;0;0;600
201400017551;14;9;12;1915;2;1;1;7;6;271;;M;0;0;600
201400017552;14;10;2;300;5;1;1;1;6;566;;M;0;0;600
201400017553;14;9;21;2215;3;1;1;1;6;245;;M;0;0;600
201400017554;14;10;24;1945;3;1;1;2;3;521;;M;0;0;600
201400017555;14;11;3;1645;1;1;1;3;1;521;;M;0;0;600
201400017556;14;12;1;800;1;1;1;1;1;605;;M;0;0;600
201400017557;14;12;9;1845;5;2;1;1;6;590;Rue du Maréchal Leclerc;M;0;0;600
201400017558;14;12;16;800;2;1;1;5;5;286;;M;0;0;600
201400017559;14;12;19;800;3;1;1;2;1;136;;M;0;0;600
201400017560;14;1;3;745;2;1;1;1;1;513;;M;0;0;600
201400017561;14;2;11;745;2;2;1;1;3;601;;M;0;0;600
201400017562;14;3;5;900;1;2;1;1;3;686;;M;0;0;600
201400017563;14;3;11;1600;1;2;1;1;3;584;RUE DE L HOTEL DIEU;M;0;0;600
201400017564;14;5;1;1100;1;2;3;2;6;686;;M;0;0;600
201400017565;14;5;13;1200;1;1;1;1;6;686;;M;0;0;600
201400017566;14;2;18;1715;1;1;2;1;3;253;;M;0;0;600
201400017567;14;12;19;2130;5;1;1;1;6;627;;M;0;0;600
201400017568;14;3;1;1415;1;1;2;1;3;133;;M;0;0;600
201400017569;14;3;1;1800;2;1;1;1;1;581;;M;0;0;600
201400017570;14;8;18;2015;1;1;2;1;3;177;;M;4946300;256600;600
201400017571;14;10;3;1415;1;2;2;1;5;522;Carrefour D23 - D 117;M;4955900;242600;600
201400017572;14;10;19;1830;2;2;2;1;1;581;Rue de Beauvais;M;4951000;243000;600
201400017573;14;10;27;1800;2;2;1;1;6;581;RUE DU BANC ST PIERRE;M;4951300;243500;600
201400017574;14;11;14;1815;5;2;2;2;3;581;RD938;M;0;0;600
201400017575;14;11;24;1445;2;1;1;1;1;526;;M;0;0;600
201400017576;14;3;21;2100;5;2;1;1;1;188;rue des tuileries;M;0;0;600
201400017577;14;4;30;200;5;2;1;8;6;119;201,rue nationale;M;0;0;600
201400017578;14;5;1;1145;1;2;1;2;6;188;RUE DU DOCTEUR MOUSSEAU;M;0;0;600
201400017579;14;5;5;1215;1;1;2;1;3;25;;M;0;0;600
201400017580;14;6;15;2015;1;2;1;1;6;32;11 rue de la Horse;M;0;0;600
201400017581;14;7;26;1245;1;2;1;1;7;119;254 rue du moulinet;M;0;0;600
201400017582;14;8;20;1130;1;1;1;7;3;438;;M;0;0;600
201400017583;14;9;14;1115;1;2;1;1;7;156;130 rue de la République;M;0;0;600
201400017584;14;10;17;1845;5;2;6;3;5;392;d15, petit melicocq;M;0;0;600
201400017585;14;12;8;800;2;1;1;9;1;537;;M;0;0;600
201400017586;14;12;31;1815;5;2;1;1;1;119;rue des plantes;M;0;0;600
201400017587;14;7;16;1530;1;1;1;1;1;21;;M;0;0;600
201400017588;14;7;25;130;3;2;1;1;6;181;RUE MARCEL FOULIN;M;0;0;600
201400017589;14;8;7;545;2;2;1;2;1;278;RUE DE PARIS;M;0;0;600
201400017590;14;8;19;2100;1;2;1;1;6;471;D145 - avenue Jean JAURE;M;0;0;600
201400017591;14;9;7;2045;4;2;1;1;2;507;d934 grande rue;M;0;0;600
201400017592;14;10;5;645;2;2;1;1;6;471;rue de llalib?ration;M;0;0;600
201400017593;14;10;27;1700;1;2;1;7;6;558;Rue Saint-Martin;M;0;0;600
201400017594;14;11;21;1700;2;2;1;1;6;471;Boulevard Ernest Noel;M;0;0;600
201400017595;14;1;12;1830;3;1;1;1;1;48;;M;0;0;600
201400017596;14;2;20;815;1;1;2;2;3;254;;M;0;0;600
201400017597;14;2;20;1930;5;2;1;2;6;383;grande rue;M;0;0;600
201400017598;14;3;10;800;1;1;4;1;2;160;;M;0;0;600
201400017599;14;4;16;1930;1;1;6;7;3;441;;M;0;0;600
201400017600;14;5;26;700;1;1;1;2;1;386;;M;0;0;600
201400017601;14;8;7;1830;1;1;1;1;1;351;;M;0;0;600
201400017602;14;9;24;1600;1;2;1;1;1;223;rue des sablons;M;0;0;600
201400017603;14;12;16;1230;1;1;1;1;1;281;;M;0;0;600
201400017604;14;2;17;1915;5;2;1;1;2;667;Avenue Rene Firmin;M;0;0;600
201400017605;14;4;30;730;1;1;1;1;6;560;;M;0;0;600
201400017606;14;4;30;1930;2;1;1;1;6;670;;M;0;0;600
201400017607;14;5;14;715;1;2;1;1;6;509;rue PERRONET;M;0;0;600
201400017608;14;8;30;1730;1;2;1;1;3;670;rue camilles desmoulins;M;0;0;600
201400017609;14;10;14;1900;1;2;9;1;6;68;Chateau de la DOUYE;M;0;0;600
201400017610;14;12;26;1130;1;2;1;1;3;670;D 120;M;0;0;600
201400017611;14;7;16;1530;1;1;1;1;7;139;;M;4261159;181924;90
201400017612;14;10;19;1545;1;1;1;1;4;32;;M;4170650;183637;90
201400017613;14;10;20;730;2;2;1;1;7;131;;M;4276813;175577;90
201400017614;14;11;1;1145;1;1;1;1;7;189;;M;4266350;183439;90
201400017615;14;7;11;530;2;1;1;1;7;290;;M;0;0;90
201400017616;14;7;21;1745;1;2;1;1;2;261;Avenue Aristide Berg?s;M;4298935;113920;90
201400017617;14;7;23;1130;1;2;1;1;6;289;Avenue Charles de Gaulle;M;0;0;90
201400017618;14;8;10;1945;2;1;1;3;7;5;;M;0;0;90
201400017619;14;1;9;2115;3;1;1;1;7;25;;M;0;0;830
201400017620;14;3;10;1045;1;1;1;1;1;32;;M;0;0;830
201400017621;14;4;4;1830;1;1;1;1;3;21;;M;0;0;830
201400017622;14;4;9;30;5;2;1;1;1;32;RD 562, PK 11+100;M;0;0;830
201400017623;14;4;18;2045;3;1;1;1;1;154;;M;0;0;830
201400017624;14;5;16;2315;3;1;1;1;1;135;;M;4357100;601700;830
201400017625;14;5;23;2130;3;1;1;1;6;84;;M;0;0;830
201400017626;14;6;7;1030;1;2;1;1;2;12;RD554, route de Tavernes;M;0;0;830
201400017627;14;6;25;1015;1;1;1;1;3;51;;M;0;0;830
201400017628;14;7;2;1745;1;2;7;1;7;46;Place Joseph SIGOT;M;4352675;615046;830
201400017629;14;7;8;1800;1;1;1;1;7;32;;M;0;0;830
201400017630;14;7;23;445;3;1;1;1;6;60;;M;0;0;830
201400017631;14;8;4;2330;3;1;1;1;1;25;;M;0;0;830
201400017632;14;8;10;1200;1;1;1;1;1;32;;M;0;0;830
201400017633;14;8;10;1900;1;1;1;1;1;32;;M;0;0;830
201400017634;14;9;11;2215;3;1;1;1;6;39;;M;0;0;830
201400017635;14;9;24;2000;3;1;1;1;1;95;;M;0;0;830
201400017636;14;9;29;2145;3;2;1;1;6;12;RD 560 - PK 38+700;M;0;0;830
201400017637;14;11;25;1915;5;1;1;3;6;83;627 Rue des ecoles;M;4347365;612333;830
201400017638;14;12;13;1215;1;1;1;1;7;39;;M;0;0;830
201400017639;14;7;22;1700;1;1;1;1;1;56;;M;0;0;830
201400017640;14;8;18;2245;3;1;1;1;6;10;;M;0;0;830
201400017641;14;9;10;1430;1;2;1;2;6;9;rue des d?port?s;M;0;0;900
201400017642;14;10;21;1130;1;1;1;3;1;63;;M;0;0;900
201400017643;14;10;28;1715;2;1;1;2;7;9;;M;0;0;900
201400017644;14;1;15;1900;4;2;1;1;6;72;RUE GENERAL LECLERC;M;0;0;900
201400017645;14;3;16;1415;1;2;8;1;1;77;rue de la barri?re;M;0;0;900
201400017646;14;6;15;1045;1;1;1;1;7;14;;M;0;0;900
201400017647;14;8;9;1115;1;2;1;1;4;601;RUE HAVIN;M;4903750;-98137;500
201400017648;14;8;13;1430;1;1;1;1;1;32;ROUTE DE LA BARBEE;M;4908150;-103304;500
201400017649;14;10;8;1130;1;1;3;1;3;538;LA CROIX ROUGE;M;4913830;-96276;500
201400017650;14;10;22;1445;1;1;1;1;6;325;LE BOURG;M;4915970;-127789;500
201400017651;14;2;21;1345;1;1;1;1;1;74;LA TESSONNIERE;M;4873290;-116769;500
201400017652;14;3;27;1500;1;1;2;1;1;74;LA DOISNELLIERE;M;4873270;-116766;500
201400017653;14;6;21;1030;1;1;1;1;2;185;LA GALONNIERE;M;4884130;-129076;500
201400017654;14;10;29;800;1;1;1;1;1;121;L'AULNERIE;M;4881210;-117155;500
201400017655;14;7;14;1700;1;1;3;1;3;397;LA GEFRERE;M;4872120;-100991;500
201400017656;14;9;24;445;3;1;1;5;6;131;LES FORGES;M;4870400;-99065;500
201400017657;14;10;9;1630;1;1;2;1;3;494;;M;4860910;-90907;500
201400017658;14;6;4;2130;1;1;3;1;3;347;LA LATTE;M;4852490;-129253;500
201400017659;14;1;27;1130;1;2;1;2;6;256;LE BOURG;M;4858640;-118502;500
201400017660;14;3;5;1130;1;1;1;1;6;293;LA HODINIERE;M;4862810;-112014;500
201400017661;14;4;12;1930;1;2;2;1;3;484;LA CROIX DE  L'EPINE;M;4856870;-107589;500
201400017662;14;4;12;1530;1;1;3;1;3;256;;M;4861510;-124006;500
201400017663;14;5;4;1745;1;1;1;1;3;515;LA RUSSELIERE;M;4857280;-117976;500
201400017664;14;6;1;1745;1;2;3;1;3;274;PLACE SAINT MICHEL;M;4857750;-109377;500
201400017665;14;6;11;1500;1;1;1;1;2;293;LE TURMEL;M;4860850;-110205;500
201400017666;14;6;24;1900;1;2;2;1;3;591;RUE DU DOCTEUR MALON;M;4853800;-87398;500
201400017667;14;7;19;1815;1;1;3;1;3;515;LA FROIDRIERE;M;4856470;-118657;500
201400017668;14;7;30;1045;1;2;2;1;3;263;LA CROIX DE L'EPINE;M;4856870;-107589;500
201400017669;14;9;21;1745;1;1;2;1;3;256;LA CROIX VEZINS;M;4859800;-122824;500
201400017670;14;10;23;2000;5;1;3;1;3;484;RUE DE PARIS;M;4857190;-107615;500
201400017671;14;12;29;2015;5;2;1;9;3;274;RUE DE PARIS;M;4857540;-108315;500
201400017672;14;1;15;1515;1;2;1;2;1;433;RUE DU GENERAL DE GAULLE;M;4961890;-125959;500
201400017673;14;3;21;1430;1;1;3;1;2;296;HAMEL ES RONCHE;M;4964500;-145916;500
201400017674;14;7;11;1700;1;2;1;1;6;615;RUE VILLAULT DUCHESNOIS;M;4950990;-146943;500
201400017675;14;12;18;945;1;1;3;2;3;395;L'ESCARBOSVILLE;M;4961020;-129270;500
201400017676;14;3;1;1430;1;1;1;1;3;503;VARREVILLE;M;4932090;-166946;500
201400017677;14;9;11;1730;1;1;1;7;1;604;;M;4955540;-185374;500
201400017678;14;12;9;645;3;1;1;1;3;646;LE HAUT DES COTES;M;4945020;-168368;500
201400017679;14;5;5;1045;1;1;1;1;2;400;LA CAMPAGNE SAINT ANDRE;M;4937100;-138972;500
201400017680;14;5;17;1615;1;1;1;1;6;341;ROUTE DE LA MUSERESTE;M;4949970;-138518;500
201400017681;14;10;4;30;3;1;1;1;6;186;LE RUAGE;M;4947080;-145015;500
201400017682;14;10;30;2200;3;1;2;1;3;341;LES BUHOTS;M;4950800;-137001;500
201400017683;14;11;1;1900;3;1;1;1;1;191;;M;4943670;-125932;500
201400017684;14;11;10;1530;1;1;1;1;1;370;RUE DE SAUDRE;M;4940810;-156647;500
201400017685;14;12;5;2015;3;1;1;2;1;509;LA DUNE;M;4940050;-119972;500
201400017686;14;1;26;1715;1;1;1;8;6;111;LA BERGERIE;M;4903180;-124889;500
201400017687;14;2;6;2000;3;1;1;3;6;61;LA CLERQUERIE;M;4908270;-153825;500
201400017688;14;4;8;745;1;1;2;2;3;388;;M;4900140;-144294;500
201400017689;14;10;24;1130;1;1;3;1;3;3;LES LANDELLES;M;4906360;-159788;500
201400017690;14;11;14;1000;1;2;1;7;6;215;RUE DU SUD;M;4909470;-158686;500
201400017691;14;11;14;1900;4;1;1;1;5;44;LA CHAPELLE;M;4907380;-135160;500
201400017692;14;4;6;1545;1;1;1;1;1;228;LE MIGNON;M;4895170;-127307;500
201400017693;14;7;16;1130;1;2;6;1;1;76;RUE BRISELANCE;M;4889810;-151143;500
201400017694;14;4;30;1700;1;2;2;1;3;403;RUE DES VINGT LIBRAIRES;M;4918070;-157336;500
201400017695;14;4;2;1745;1;2;1;1;6;50;;M;4446491;622999;50
201400017696;14;10;24;2200;3;1;1;1;7;39;;M;4475882;600797;50
201400017697;14;7;14;1600;1;1;1;1;1;40;;M;4453030;632206;50
201400017698;14;6;11;1215;1;2;9;7;2;164;avenue de la combe d'or;M;4452635;640145;50
201400017699;14;12;8;1815;1;1;1;1;5;45;;M;4453375;646398;50
201400017700;14;6;22;700;1;2;1;1;6;288;D 93 A;M;4925190;-48674;140
201400017701;14;3;24;1645;1;2;1;1;6;605;ROUTE DE PORT-EN- BESSIN;M;4935910;-88102;140
201400017702;14;3;29;1715;1;2;2;1;3;614;RUE DE LA GARE;M;4922650;-105009;140
201400017703;14;8;6;1145;1;2;6;8;7;480;;M;4932220;-109222;140
201400017704;14;10;10;715;2;2;6;1;3;370;ROND POINT DE L  TOILE;M;4924270;-87284;140
201400017705;14;10;11;2100;3;1;1;1;7;763;;;;;140
201400017706;14;10;12;1815;1;1;1;2;6;35;;M;4918030;-82410;140
201400017707;14;1;22;1815;4;2;7;1;2;676;;M;4929370;-64819;140
201400017708;14;3;18;1145;1;2;1;1;6;191;RUE DE LA MER;M;4933200;-45798;140
201400017709;14;6;2;2000;1;2;4;1;1;515;CHEMIN DU SEMAPHORE;M;4934620;-77351;140
201400017710;14;12;31;1815;3;1;2;1;3;200;;M;0;0;140
201400017711;14;4;11;1705;1;1;2;1;2;692;;M;4915890;-63255;140
201400017712;14;7;14;1220;1;2;1;1;6;372;LIEU-DIT MITRECAMP;M;4910290;-79328;140
201400017713;14;11;30;1645;2;1;1;1;2;449;;M;4912270;-62847;140
201400017714;14;1;12;430;3;1;1;1;6;578;;M;4936400;15254;140
201400017715;14;1;31;630;3;1;1;8;6;85;;M;4928450;34823;140
201400017716;14;5;26;2205;3;1;2;2;3;578;;M;4935530;17072;140
201400017717;14;11;12;1630;1;2;1;1;1;77;ROUTE DE LA CIDRERIE;M;4924880;27235;140
201400017718;14;1;30;900;1;1;1;1;6;70;;M;4919500;-5579;140
201400017719;14;3;8;1530;1;1;1;1;6;126;;M;4914240;6038;140
201400017720;14;4;10;2130;5;1;2;1;1;723;CARREFOUR RD45/RD16;M;4923510;9681;140
201400017721;14;6;2;1400;1;1;1;1;1;45;;M;4920890;-11733;140
201400017722;14;6;22;1100;1;2;9;1;2;16;LE  BOURG;M;4925370;5671;140
201400017723;14;9;17;430;5;2;1;1;6;16;D 45  ANNEBAULT;M;4925330;5727;140
201400017724;14;2;28;915;1;1;3;7;3;45;;M;4920030;-12981;140
201400017725;14;2;4;1300;1;1;1;6;7;5;;M;4908440;-15114;140
201400017726;14;6;24;2110;5;2;1;1;7;20;;M;4914180;-16375;140
201400017727;14;6;26;1115;1;1;1;1;7;637;D 78;M;4917240;-11311;140
201400017728;14;8;21;1830;1;2;1;1;6;408;RUE PAUL SAMSON;M;4909610;-37160;140
201400017729;14;9;3;745;1;1;1;5;1;90;BOULON RD 562 A;M;4907090;-38985;140
201400017730;14;9;19;1040;1;1;2;1;3;116;D 91/ D 239 LE BU SUR RO;M;4903720;-16794;140
201400017731;14;10;1;1515;1;1;2;1;2;556;;M;4912850;-37712;140
201400017732;14;10;1;2200;3;1;1;3;3;287;;M;4913830;-23743;140
201400017733;14;10;17;1650;1;1;1;1;6;57;;M;4913180;-20314;140
201400017734;14;10;18;2330;3;1;1;1;3;20;;M;4911910;-18072;140
201400017735;14;3;15;1500;1;1;1;1;6;213;;;;;140
201400017736;14;7;21;2230;3;1;1;1;7;427;;M;4885130;-38044;140
201400017737;14;1;7;1900;3;1;1;1;3;326;;M;4916310;27540;140
201400017738;14;3;29;1415;1;2;1;1;1;154;;M;4906790;33075;140
201400017739;14;5;25;345;3;1;1;1;6;270;;;;;140
201400017740;14;6;1;115;3;1;1;1;6;293;;M;4915740;37857;140
201400017741;14;6;8;1715;1;1;2;1;3;478;D519;M;4901710;40506;140
201400017742;14;7;2;1100;1;2;1;1;2;460;RUE JEAN MONNET;M;4919470;36006;140
201400017743;14;9;13;1200;1;1;1;1;3;326;;;;;140
201400017744;14;9;21;1745;1;1;1;1;3;626;LA FORTINERIE;M;4907710;28848;140
201400017745;14;10;28;1115;1;1;1;1;3;504;;;;;140
201400017746;14;12;1;815;2;1;1;1;6;595;;M;0;0;140
201400017747;14;7;15;1515;1;1;1;1;1;189;;M;4906200;10615;140
201400017748;14;7;20;220;3;1;1;1;7;697;COTE DU BILLOT;M;4897030;6846;140
201400017749;14;8;22;545;3;2;1;2;6;173;ROUTE DE GLATIGNY;;;;140
201400017750;14;1;4;1824;5;2;1;2;6;762;;M;4884550;-89849;140
201400017751;14;2;9;1745;1;1;3;8;3;762;;M;4884470;-91340;140
201400017752;14;2;10;1230;1;1;1;8;1;417;;M;4886670;-96650;140
201400017753;14;7;15;1245;1;1;1;1;5;717;LE VIVIER DES BROUSSES;M;4879640;-80040;140
201400017754;14;9;1;1800;1;1;2;7;3;584;LE MAUPAS D76;M;4881040;-92854;140
201400017755;14;9;26;1945;5;2;1;1;6;762;ROUTE DES VAUX;;;;140
201400017756;14;10;27;1845;3;1;1;1;5;584;;;;;140
201400017757;14;3;23;115;3;1;1;2;6;113;;M;4885970;-81553;140
201400017758;14;4;27;1230;1;1;1;2;6;174;;M;4886000;-53354;140
201400017759;14;5;15;600;2;1;1;1;6;521;;M;4889050;-77476;140
201400017760;14;6;9;1945;1;2;1;2;7;662;LE BOURG;M;4890860;-64243;140
201400017761;14;12;24;1145;1;1;1;2;1;521;;M;4889200;-78300;140
201400017762;14;10;3;815;1;2;1;1;2;7;RD9 Route de CANNES;M;0;0;60
201400017763;14;4;6;300;3;1;1;1;6;148;;M;0;0;60
201400017764;14;8;16;1430;1;1;1;2;1;136;;M;0;0;60
201400017765;14;2;27;745;1;1;1;9;1;163;;M;4410300;758900;60
201400017766;14;8;6;1615;5;2;1;1;6;23;;M;4394600;751800;60
201400017767;14;3;21;1245;1;1;1;1;6;150;;M;0;0;60
201400017768;14;7;13;1015;1;2;1;1;2;59;;M;0;0;60
201400017769;14;8;23;145;5;1;1;1;1;150;;M;0;0;60
201400017770;14;11;24;900;1;1;1;1;1;59;;M;0;0;60
201400017771;14;12;4;800;1;1;1;8;2;150;;M;0;0;60
201400017772;14;10;23;830;1;1;1;1;3;101;;M;0;0;60
201400017773;14;7;27;1100;1;1;1;1;6;120;;M;0;0;60
201400017774;14;8;11;1400;1;1;1;1;7;120;;M;0;0;60
201400017775;14;10;25;1315;1;1;1;1;6;73;;M;0;0;60
201400017776;14;8;27;1800;1;1;1;7;6;127;;M;0;0;60
201400017777;14;2;9;1700;1;1;1;3;1;328;;M;4803100;22200;720
201400017778;14;5;15;730;1;1;1;1;1;94;;M;4799500;62000;720
201400017779;14;5;24;545;2;2;1;1;1;54;rue Leopold Goulomes;M;4802700;33500;720
201400017780;14;6;21;2045;1;1;1;1;6;241;;M;4805300;44200;720
201400017781;14;1;5;2130;3;1;1;2;5;24;;M;0;0;720
201400017782;14;1;8;1900;5;2;1;1;3;89;24 Rue de l'eglise;M;4812396;-1923;720
201400017783;14;5;7;1945;1;1;1;1;5;198;;M;0;0;720
201400017784;14;1;10;1645;1;1;2;1;3;27;;M;4767600;55900;720
201400017785;14;2;22;1030;1;1;3;3;3;134;;M;0;0;720
201400017786;14;2;14;1815;5;2;1;6;1;184;rue principale;M;0;0;720
201400017787;14;1;26;1015;1;2;1;1;7;51;62 rue Nationale;M;0;0;720
201400017788;14;2;5;1930;3;1;1;2;7;291;;M;0;0;720
201400017789;14;2;24;1600;1;1;1;1;1;176;;M;4764000;8700;720
201400017790;14;4;20;845;1;2;1;1;7;176;avenue de la lib?ration;M;4765400;14000;720
201400017791;14;6;7;1345;1;2;1;1;3;364;rue de la liberation;M;0;0;720
201400017792;14;1;18;15;3;1;1;1;1;122;;M;0;0;720
201400017793;14;2;5;1330;1;1;1;6;3;122;;M;0;0;720
201400017794;14;9;5;830;1;1;1;1;1;245;;M;0;0;720
201400017795;14;9;18;45;3;1;1;1;2;375;;M;0;0;720
201400017796;14;9;27;1515;1;2;1;1;3;132;rue robert surmont;M;0;0;720
201400017797;14;10;26;15;3;1;1;5;6;363;;M;0;0;720
201400017798;14;11;19;1830;2;1;2;1;3;93;;M;0;0;720
201400017799;14;12;8;1045;1;1;1;1;6;132;;M;0;0;720
201400017800;14;12;9;1815;3;1;1;2;2;80;;M;0;0;720
201400017801;14;1;16;1800;2;1;1;2;1;337;;M;0;0;720
201400017802;14;3;14;1815;1;1;1;1;7;212;;M;0;0;720
201400017803;14;7;25;1700;1;1;1;1;7;137;;M;0;0;720
201400017804;14;9;9;715;1;1;1;1;1;337;;M;0;0;720
201400017805;14;9;12;1530;1;1;1;7;6;266;;M;0;0;720
201400017806;14;3;20;1700;1;1;1;1;1;569;;M;4884418;612852;540
201400017807;14;4;13;615;2;2;1;1;4;60;RD 657;M;4849040;654800;540
201400017808;14;4;20;2245;3;1;1;1;7;372;;M;4882474;626554;540
201400017809;14;5;9;845;1;2;3;1;3;31;route de Millery;M;4882131;611641;540
201400017810;14;6;27;800;1;1;1;1;2;72;;M;4884710;609534;540
201400017811;14;2;3;715;2;1;1;5;6;445;;M;4865244;649316;540
201400017812;14;2;25;1800;2;2;1;1;6;76;Avenue Pierre S?mard;M;4855600;639700;540
201400017813;14;6;1;1230;1;1;1;1;2;393;;M;4846625;656117;540
201400017814;14;5;9;1130;1;2;9;1;6;77;80 rue du 18 novembre;M;4859202;684385;540
201400017815;14;6;14;1130;1;1;1;1;7;427;;M;4846743;692978;540
201400017816;14;7;23;1000;1;1;1;1;3;427;;M;4844100;692200;540
201400017817;14;8;25;1600;1;1;1;1;1;230;;M;4861733;687531;540
201400017818;14;5;1;530;3;1;1;1;7;523;;M;4857300;596200;540
201400017819;14;2;14;1900;3;1;1;1;7;225;;M;4884034;600515;540
201400017820;14;3;21;1245;1;1;1;1;3;557;;M;4868920;600359;540
201400017821;14;9;28;1830;1;1;1;7;2;202;;M;4870830;597848;540
201400017822;14;10;30;1015;1;1;1;1;1;557;;M;0;0;540
201400017823;14;12;13;1645;2;1;1;2;7;208;;M;4873217;593545;540
201400017824;14;12;14;745;2;1;1;2;6;318;;M;4874754;607718;540
201400017825;14;5;13;2330;5;2;1;1;6;415;rue Jean-Jaures;M;4898062;602406;540
201400017826;14;9;26;2115;3;1;1;1;6;564;;M;4893017;590021;540
201400017827;14;10;23;1800;3;1;1;1;6;22;;M;4901300;604100;540
201400017828;14;9;30;1130;1;2;1;3;5;3;ROUTE DE CERET;M;0;0;660
201400017829;14;5;18;1145;1;2;1;1;3;220;30, FERNAND MOUREAUX (BO;M;4936250;8524;140
201400017830;14;1;1;120;3;1;1;1;6;79;TOURGEVILLE (ROUTE DE);M;4932390;4148;140
201400017831;14;1;1;1700;1;1;1;1;3;63;;M;0;0;660
201400017832;14;3;10;420;3;1;1;1;6;79;4, TOURGEVILLE (ROUTE DE;M;4932430;3872;140
201400017833;14;3;15;1310;1;1;2;1;6;701;CD 278 A;M;4931100;8371;140
201400017834;14;1;16;1350;1;2;1;1;7;715;SOEURS DE L'HOPITAL (RUE;M;4936170;8951;140
201400017835;14;4;22;1305;1;2;1;3;7;715;61, JOHN FITZGERALD KENN;M;4935670;8996;140
201400017836;14;4;7;1400;1;2;2;1;3;699;CD 677;M;4935100;9245;140
201400017837;14;4;20;430;3;1;1;2;7;79;TOURGEVILLE (ROUTE DE);M;4932340;2741;140
201400017838;14;5;21;2115;1;2;3;1;3;220;REPUBLIQUE (AVENUE DE LA;M;4935500;6772;140
201400017839;14;4;24;1945;1;2;1;1;3;79;89, MICHEL D'ORNANO (AVE;M;4933640;2263;140
201400017840;14;6;1;1535;1;1;1;1;6;699;HONFLEUR (ROUTE D'HONFLE;M;4936130;12162;140
201400017841;14;6;7;850;1;1;1;1;6;79;VILLERS (ROUTE DE);M;4931050;2737;140
201400017842;14;6;25;1200;1;2;1;1;6;220;ECORES (RUE DES);M;4936410;8340;140
201400017843;14;2;14;915;1;2;1;1;3;220;MARINE (QUAI DE LA );M;4936070;8029;140
201400017844;14;2;23;1305;1;2;3;1;3;715;RUE EUGENE ISABEY;M;4936030;8792;140
201400017845;14;3;1;850;1;1;1;1;3;699;ARGUILLERS (CHEMIN DES);M;4936360;12402;140
201400017846;14;10;2;640;3;1;0;2;6;701;CD 278 A;;;;140
201400017847;14;3;11;1820;1;2;1;1;7;699;TONNELIERS (RUE DES);M;4934800;9501;140
201400017848;14;12;11;1645;1;1;1;1;1;24;;M;4251749;283230;660
201400017849;14;4;17;1625;1;2;2;1;3;220;FERNAND MOUREAUX (BOULEV;M;4936440;8266;140
201400017850;14;5;1;1950;1;2;2;1;3;699;HAUT BOIS (RUE DU);M;4935190;10098;140
201400017851;14;5;21;1905;1;2;2;1;7;59;TERRASSE (AVENUE DE LA);M;4935240;5421;140
201400017852;14;6;5;1600;1;2;3;1;3;699;ROY (CHEMIN DU);M;4934680;9711;140
201400017853;14;6;13;1711;1;2;1;1;7;715;GUILLAUME LE CONQUERANT;M;4936310;8702;140
201400017854;14;7;1;852;1;2;1;1;3;220;AGUSTE-DECAENS (RUE);;;;140
201400017855;14;7;14;1155;1;2;1;1;7;220;REPUBLIQUE (AVENUE DE LA;;;;140
201400017856;14;7;18;1100;1;2;1;2;7;220;50, MIRABEAU (RUE);;;;140
201400017857;14;7;18;1620;1;1;1;1;7;79;TOURGEVILLE (ROUTE DE);;;;140
201400017858;14;7;20;130;3;1;1;1;7;715;AGUESSEAU (ROUTE D');;;;140
201400017859;14;7;20;1255;1;2;3;1;3;715;PARC CORDIER (AVENUE DU);;;;140
201400017860;14;7;22;1045;1;2;1;1;6;699;28, ROSES (RUE DES);;;;140
201400017861;14;7;25;1118;1;2;1;1;7;59;LAIS DE MER (RUE DES);;;;140