num_acc;an;mois;jour;hrmn;lum;agg;int;atm;col;com;adr;gps;lat;long;dep
201400017862;14;7;25;1420;1;2;1;1;3;220;BRIQUETTERIE (CHEMIN DE;;;;140
201400017863;14;7;29;2205;3;1;1;1;7;701;CD 275;;;;140
201400017864;14;7;30;1330;1;2;1;1;2;220;REPUBLIQUE (AVENUE DE LA;;;;140
201400017865;14;7;31;1515;1;1;1;1;7;557;MARE (VOIE COMMUNALE DE;;;;140
201400017866;14;8;2;1715;1;2;3;1;3;715;FERNAND MOUREAUX (BOULEV;;;;140
201400017867;14;8;3;1158;1;1;1;1;7;79;MICHEL D'ORNANO (AVENUE);;;;140
201400017868;14;8;19;1114;1;2;1;1;7;220;REPUBLIQUE (AVENUE DE LA;;;;140
201400017869;14;9;2;1150;1;2;1;1;2;715;GENERAL DE GAULLE (RUE D;;;;140
201400017870;14;9;4;1655;1;2;1;1;2;220;AGUSTE-DECAENS (RUE);;;;140
201400017871;14;9;13;1310;1;2;1;1;7;220;REPUBLIQUE (AVENUE DE LA;;;;140
201400017872;14;10;11;1550;1;2;0;1;1;59;LITTORAL (AVENUE DU);;;;140
201400017873;14;10;25;2215;5;2;0;1;6;220;AGUSTE-DECAENS (RUE);;;;140
201400017874;14;11;2;10;5;1;1;1;6;699;PEUPLIERS (RUE DES);;;;140
201400017875;14;11;9;2030;5;2;1;1;3;220;GENERAL LECLERC (RUE);;;;140
201400017876;14;11;17;1750;5;2;2;2;3;220;VICTOR HUGO (RUE);M;4935470;6493;140
201400017877;14;11;20;1120;1;2;1;1;6;699;ECOLES (RUE DES);M;4934380;9985;140
201400017878;14;11;25;1140;1;2;1;2;6;220;AGUSTE DECAENS (RUE);;;;140
201400017879;14;11;26;855;1;1;1;5;6;701;CD 275;;;;140
201400017880;14;11;27;1805;5;2;1;1;6;220;CORNUCHE (BOULEVARD);M;4936310;7543;140
201400017881;14;11;28;1345;1;2;1;1;1;715;AGUESSEAU (ROUTE D');;;;140
201400017882;14;12;10;1845;4;2;1;2;6;220;GARE (QUAI DE LA);;;;140
201400017883;14;12;10;2030;3;2;1;2;6;79;LAFORGE (RUE);;;;140
201400017884;14;4;16;945;1;1;1;1;1;222;;M;0;0;660
201400017885;14;9;4;1400;1;1;1;1;6;147;;M;0;0;660
201400017886;14;3;4;1500;1;2;9;4;6;4;AVENUE DE BALCERE;M;4258042;207225;660
201400017887;14;12;28;1645;1;2;1;4;1;124;45 avenue Joffre;M;4250304;204375;660
201400017888;14;3;8;645;1;1;1;1;6;71;;M;0;0;660
201400017889;14;6;10;730;1;1;1;7;1;71;;M;0;0;660
201400017890;14;6;24;1615;1;1;1;1;2;107;;M;0;0;660
201400017891;14;12;11;1430;1;1;1;2;3;187;;M;0;0;660
201400017892;14;12;17;2015;5;2;2;1;1;46;avenue du roussilon;M;0;0;660
201400017893;14;8;30;1045;1;2;1;1;3;95;rd 981;M;0;0;580
201400017894;14;2;14;2045;5;2;1;1;6;88;rue du 08 mai 1945;M;0;0;580
201400017895;14;6;30;2130;2;2;1;1;1;212;les champs martins;M;0;0;580
201400017896;14;9;4;900;1;1;2;1;1;303;;M;0;0;580
201400017897;14;10;5;1700;1;1;2;2;3;311;;M;0;0;580
201400017898;14;3;20;1230;1;1;1;1;7;276;;M;0;0;580
201400017899;14;5;13;1130;1;1;1;8;2;63;;M;0;0;580
201400017900;14;5;18;1515;1;1;1;1;7;82;;M;0;0;580
201400017901;14;6;3;1200;1;1;1;1;1;63;;M;0;0;580
201400017902;14;8;9;1700;1;1;1;2;7;276;;M;0;0;580
201400017903;14;9;11;1600;1;1;1;1;5;262;;M;0;0;580
201400017904;14;9;23;1600;1;1;1;1;6;221;;M;0;0;580
201400017905;14;1;11;2315;3;1;1;1;6;80;;M;0;0;580
201400017906;14;10;4;1500;1;2;1;1;1;65;lieu dit Frasnay;M;0;0;580
201400017907;14;8;15;1815;1;1;1;1;3;165;26165;M;0;0;260
201400017908;14;1;10;715;2;2;1;1;6;113;AVENUE SADI CARNOT;M;0;0;260
201400017909;14;2;10;1645;1;1;1;1;1;368;26368;M;0;0;260
201400017910;14;5;29;1445;1;1;1;1;2;69;26069;M;0;0;260
201400017911;14;11;13;1715;2;1;1;1;1;339;26339;M;0;0;260
201400017912;14;12;20;830;1;2;1;1;1;106;rn7;M;0;0;260
201400017913;14;12;23;1530;1;1;1;1;1;339;26339;M;0;0;260
201400017914;14;11;24;1315;2;1;1;2;1;116;;M;0;0;660
201400017915;14;7;2;1700;1;1;1;1;6;307;26307;M;0;0;260
201400017916;14;11;14;900;1;1;1;1;1;349;26349;M;4520980;500410;260
201400017917;14;12;22;1845;3;1;1;1;6;349;26349;M;0;0;260
201400017918;14;8;21;1845;1;2;1;1;1;428;D322;M;0;0;700
201400017919;14;6;12;1100;1;1;1;1;1;329;;M;0;0;700
201400017920;14;8;8;1200;1;1;1;1;6;292;;M;0;0;700
201400017921;14;3;15;2015;3;1;1;1;7;533;;M;0;0;700
201400017922;14;4;10;1830;1;1;1;7;5;334;;M;0;0;700
201400017923;14;6;16;730;1;2;1;1;1;126;departementale 12;M;0;0;700
201400017924;14;6;25;1230;1;1;1;1;3;193;;M;0;0;700
201400017925;14;6;26;1630;1;1;9;1;3;102;;M;0;0;700
201400017926;14;7;16;1945;1;1;1;1;3;152;;M;0;0;700
201400017927;14;8;21;515;2;2;1;1;3;126;d?partementale 12;M;0;0;700
201400017928;14;9;3;845;1;2;1;1;6;104;18 rue de l'Europe;M;0;0;700
201400017929;14;11;8;1115;1;2;1;1;1;181;departementale 11;M;0;0;700
201400017930;14;1;31;1630;1;2;1;7;3;248;CARREFOUR DES BARRES;M;0;0;700
201400017931;14;10;4;15;5;2;1;1;7;258;rue de la plaine;M;0;0;700
201400017932;14;11;10;2315;3;1;1;2;7;155;;M;0;0;700
201400017933;14;4;2;1445;1;2;1;1;7;315;Av. jacques Parisot;M;0;0;700
201400017934;14;5;8;1000;1;1;1;1;3;245;;M;0;0;700
201400017935;14;5;28;1545;1;2;1;1;6;245;4 rue de Fontaine;M;0;0;700
201400017936;14;6;2;430;2;1;1;1;3;245;;M;0;0;700
201400017937;14;8;6;845;1;2;2;1;3;245;rue du bas de laval;M;0;0;700
201400017938;14;5;9;715;1;1;1;8;6;38;;M;4690873;-131921;850
201400017939;14;5;12;1000;1;1;1;1;1;84;;M;4681069;-121000;850
201400017940;14;9;4;845;1;1;1;7;5;191;;M;4673036;-139402;850
201400017941;14;10;8;1000;1;1;1;2;1;65;;M;4691030;-123852;850
201400017942;14;1;29;2330;3;1;1;1;1;72;;M;4617000;534264;10
201400017943;14;4;25;1530;1;1;4;1;3;321;;M;4616580;536069;10
201400017944;14;5;2;1415;1;1;3;1;3;195;"""LE CANTON""";M;4623710;528687;10
201400017945;14;7;19;845;1;2;1;1;3;350;RUE CENTRALE;;;;10
201400017946;14;7;9;945;2;1;1;2;6;85;;M;4609520;500290;10
201400017947;14;1;3;1240;1;1;1;2;1;412;;M;4616600;494970;10
201400017948;14;1;25;1530;1;2;6;1;3;457;;M;4621930;499214;10
201400017949;14;3;20;1845;1;1;2;1;3;93;;M;4612890;495933;10
201400017950;14;1;17;1200;1;2;1;1;1;102;LE BOURG;;;;10
201400017951;14;3;28;2000;5;2;1;1;6;266;AV DE MACON;M;4633610;512855;10
201400017952;14;11;9;1616;1;1;1;2;7;266;;M;4631330;510990;10
201400017953;14;11;11;330;3;1;1;5;6;144;;M;4632490;502603;10
201400017954;14;12;20;1915;3;1;1;3;7;232;;M;4633370;522049;10
201400017955;14;12;27;1015;1;1;1;1;4;296;;;;;10
201400017956;14;8;15;145;3;1;6;3;6;134;;M;4629480;489335;10
201400017957;14;10;21;1215;1;1;1;1;3;25;;;;;10
201400017958;14;7;31;1515;1;2;1;1;6;138;12 RUE DE LA ROSERAIE;;;;10
201400017959;14;1;6;2030;3;1;1;1;6;300;;M;4614930;567580;10
201400017960;14;1;11;2230;3;1;1;9;6;171;;M;4626360;562843;10
201400017961;14;1;27;1715;1;1;1;4;6;152;;M;4622900;570988;10
201400017962;14;3;7;1600;1;2;6;1;3;307;;M;4616580;557115;10
201400017963;14;7;25;1630;1;1;3;1;4;274;;M;4615980;565205;10
201400017964;14;8;16;345;3;1;1;1;6;51;;M;4619360;546591;10
201400017965;14;10;6;1545;1;2;6;1;1;265;AVENUE DE QUEBEC;M;4618340;557836;10
201400017966;14;12;6;2230;5;2;1;1;7;148;ROUTE DE SAINTE CLAUDE;;;;10
201400017967;14;6;4;200;5;2;1;1;6;304;D984 SORTIE A42;M;4604960;532802;10
201400017968;14;6;11;1730;1;1;1;1;2;145;;M;4607710;522136;10
201400017969;14;6;25;1620;1;1;1;1;1;199;;M;4603540;541683;10
201400017970;14;7;6;215;3;1;1;1;6;314;RTE DU PONT;M;4600440;529159;10
201400017971;14;9;27;2030;3;1;1;1;6;273;;M;4609100;537590;10
201400017972;14;12;10;1345;1;1;1;1;7;151;;M;4605400;532110;10
201400017973;14;6;27;1105;1;1;2;1;3;424;CHEMIN GRAND ETANG;M;4588790;496928;10
201400017974;14;1;12;1020;1;1;2;8;3;183;;M;4610150;476502;10
201400017975;14;9;3;1815;1;2;3;1;3;263;CHEMIN VERT;;;;10
201400017976;14;12;9;710;5;1;1;1;6;263;;M;4608010;476895;10
201400017977;14;3;20;1930;2;1;2;1;3;267;;M;4489900;234900;150
201400017978;14;9;13;745;1;1;1;1;1;204;;M;4496000;228200;150
201400017979;14;1;22;1445;1;1;1;3;5;196;;M;0;0;150
201400017980;14;6;18;1145;1;1;1;2;6;184;;M;0;0;150
201400017981;14;10;11;2345;3;1;1;1;6;36;;M;4524700;228500;150
201400017982;14;11;22;1745;2;1;1;1;1;153;;M;4513200;229200;150
201400017983;14;7;12;1730;1;1;1;1;6;170;;M;4534500;268400;150
201400017984;14;12;29;1430;1;1;1;1;7;162;;M;4526800;267600;150
201400017985;14;8;27;1715;1;1;1;1;6;202;;M;0;0;150
201400017986;14;7;24;1830;1;1;1;7;1;168;;M;4500100;322600;150
201400017987;14;8;30;1115;1;1;1;1;3;231;;M;4510200;307200;150
201400017988;14;8;27;1600;1;1;1;1;6;142;;M;4489800;298300;150
201400017989;14;9;13;1345;1;1;2;1;3;156;;M;0;0;30
201400017990;14;5;31;1800;1;2;1;7;3;130;le bourg BARDAIS;M;0;0;30
201400017991;14;7;10;1200;1;1;1;2;1;31;;M;0;0;30
201400017992;14;9;18;1645;1;2;6;3;6;82;rue des pégauds;M;0;0;30
201400017993;14;2;21;830;4;2;1;2;5;80;02 route de Bellerive;M;0;0;30
201400017994;14;10;3;2030;3;1;1;1;3;163;;M;0;0;30
201400017995;14;3;2;1530;1;1;1;1;6;78;;M;0;0;30
201400017996;14;4;28;1415;1;1;1;2;7;22;;M;0;0;30
201400017997;14;5;17;830;1;1;1;1;4;268;;M;0;0;30
201400017998;14;12;10;1145;1;1;1;2;6;43;;M;0;0;30
201400017999;14;1;31;115;5;2;1;8;6;254;D2009 route de Moulins;M;4632300;328700;30
201400018000;14;7;22;1115;1;2;6;1;1;254;route de varennes;M;0;0;30
201400018001;14;8;10;1530;1;1;1;1;3;49;;M;0;0;30
201400018002;14;11;25;1745;3;1;1;1;3;134;;M;0;0;30
201400018003;14;12;17;1600;1;2;1;2;6;254;83 bvd ledru rollin;M;0;0;30
201400018004;14;4;12;900;1;1;1;1;1;20;;M;0;0;840
201400018005;14;4;24;1515;1;2;1;1;6;89;Avenue du 8 mai;M;0;0;840
201400018006;14;8;16;30;3;1;1;1;6;2;;M;0;0;840
201400018007;14;4;10;1530;1;1;1;1;1;79;;M;4409255;534904;840
201400018008;14;10;12;1230;1;2;1;1;6;30;Rue de la Baisse;M;0;0;840
201400018009;14;11;20;1500;1;1;1;1;1;77;;M;0;0;840
201400018010;14;11;26;1445;1;1;1;2;6;148;;M;0;0;840
201400018011;14;2;19;815;2;1;1;2;1;468;;M;0;0;20
201400018012;14;6;21;1330;1;1;2;1;3;180;;M;0;0;20
201400018013;14;7;19;1500;1;2;1;1;6;689;11 rue de l'Eglise;M;0;0;20
201400018014;14;10;21;1330;1;2;1;3;6;559;11 rue de ponceau;M;0;0;20
201400018015;14;12;23;1800;3;1;1;1;3;338;;M;0;0;20
201400018016;14;1;31;1715;2;2;3;8;3;820;;M;0;0;20
201400018017;14;4;22;1635;1;2;1;1;3;173;;M;4961231;321983;20
201400018018;14;7;5;1400;1;1;1;8;6;336;;M;0;0;20
201400018019;14;2;6;1645;1;1;2;2;3;159;;M;4954171;326290;20
201400018020;14;2;13;1245;1;1;1;2;6;750;;M;0;0;20
201400018021;14;12;2;730;3;1;2;2;3;159;;M;0;0;20
201400018022;14;12;25;1515;1;2;2;1;3;18;rue jean jaures;M;4950527;344959;20
201400018023;14;6;19;1945;1;1;1;1;1;252;;M;4940976;370170;20
201400018024;14;7;16;1815;1;1;1;1;1;7;;M;0;0;20
201400018025;14;2;3;1545;1;1;1;1;6;307;;M;0;0;20
201400018026;14;1;12;815;2;1;1;5;1;32;;M;0;0;20
201400018027;14;7;29;745;1;2;1;1;1;32;D 930;M;0;0;20
201400018028;14;8;10;2015;2;1;1;1;6;310;;M;0;0;20
201400018029;14;1;8;1745;3;2;1;1;6;648;2 Rue Blondel;M;4978300;339700;20
201400018030;14;2;16;1945;3;1;1;1;6;397;;M;4972012;324430;20
201400018031;14;5;6;940;1;1;1;2;4;636;;M;0;0;20
201400018032;14;9;10;1900;1;1;1;1;1;756;;M;0;0;20
201400018033;14;9;14;2045;5;2;1;1;6;648;rue des Fosses;M;4979608;346181;20
201400018034;14;11;19;1930;3;1;1;2;7;667;;M;0;0;20
201400018035;14;4;15;930;1;1;1;1;6;224;;M;0;0;20
201400018036;14;8;16;1515;1;1;1;1;6;179;;M;0;0;20
201400018037;14;4;11;1845;1;1;2;1;5;232;;M;0;0;20
201400018038;14;4;21;1715;1;1;1;1;3;810;;M;0;0;20
201400018039;14;5;4;1130;1;2;1;1;7;201;;M;0;0;20
201400018040;14;7;11;1930;1;2;3;1;1;810;rue lavoisier;M;0;0;20
201400018041;14;7;28;1700;1;1;3;1;1;528;;M;4934662;309880;20
201400018042;14;9;12;1745;1;2;1;1;1;326;48 rue de Soissons;M;0;0;20
201400018043;14;9;21;530;3;1;1;2;1;506;;M;0;0;20
201400018044;14;10;4;1045;1;1;2;1;3;792;;M;0;0;20
201400018045;14;11;13;1830;3;1;1;1;1;810;;M;0;0;20
201400018046;14;12;12;1745;3;1;1;3;1;232;;M;0;0;20
201400018047;14;12;25;2045;3;1;1;8;1;506;;M;0;0;20
201400018048;14;3;14;1830;1;1;1;1;6;181;;M;0;0;20
201400018049;14;4;30;2110;2;1;1;1;6;69;;M;0;0;20
201400018050;14;5;31;1500;1;2;1;1;6;502;RUE DE L EGALITE;M;4969260;401963;20
201400018051;14;7;17;1130;1;1;1;1;6;586;;M;0;0;20
201400018052;14;8;31;2030;2;2;1;8;6;369;D37;M;0;0;20
201400018053;14;10;24;1645;1;1;1;1;3;789;;M;0;0;20
201400018054;14;1;15;1345;1;2;1;2;6;381;2 rue du Plain;M;4992639;408680;20
201400018055;14;4;17;940;1;2;1;1;6;134;80 route d'hirson;M;0;0;20
201400018056;14;9;23;1445;1;2;1;1;6;381;80 RUE CHARLES DE GAULLE;M;4992026;408416;20
201400018057;14;10;17;1130;1;2;3;1;1;197;CD 1043 - CD 41;M;0;0;20
201400018058;14;10;22;1945;3;1;1;1;1;419;;M;0;0;20
201400018059;14;11;6;1815;3;1;1;1;7;547;;M;0;0;20
201400018060;14;5;1;930;1;1;1;1;3;45;;M;0;0;130
201400018061;14;6;7;2100;1;1;1;1;1;45;;M;0;0;130
201400018062;14;6;20;1;3;1;1;1;6;36;;M;4386300;485100;130
201400018063;14;11;7;1845;3;2;1;1;2;10;route de la gare;M;0;0;130
201400018064;14;11;9;1100;1;2;1;3;6;45;RN 571 EYRAGUES 13630;M;0;0;130
201400018065;14;2;26;1930;2;1;1;2;4;158;;M;4514698;576500;380
201400018066;14;2;16;345;3;1;1;4;6;413;;M;0;0;380
201400018067;14;4;16;1600;1;1;1;1;2;254;;M;0;0;380
201400018068;14;8;27;1445;1;1;1;1;6;497;;M;0;0;380
201400018069;14;6;3;1930;1;1;1;2;3;445;;M;0;0;380
201400018070;14;6;19;1900;1;1;1;1;2;562;;M;4505188;578009;380
201400018071;14;6;25;1;3;1;1;1;6;212;;M;0;0;380
201400018072;14;10;26;1530;1;2;1;1;1;562;Rte d'Uriage;M;4507524;578070;380
201400018073;14;11;4;1845;4;2;1;3;5;562;avenue maurice thorez;M;0;0;380
201400018074;14;5;25;1630;1;2;1;2;3;165;22 route de luissert;M;0;0;380
201400018075;14;5;26;1745;1;2;1;1;1;29;route de lyon;M;0;0;380
201400018076;14;6;8;1830;1;2;1;1;6;525;rue de la poterie;M;0;0;380
201400018077;14;7;4;1715;1;1;1;2;3;14;;M;0;0;380
201400018078;14;7;20;1845;1;1;1;3;3;148;;M;0;0;380
201400018079;14;10;19;445;5;2;2;1;6;29;rue de la soie;M;4557887;552791;380
201400018080;14;11;4;900;1;1;1;3;5;261;;M;0;0;380
201400018081;14;1;28;1100;1;1;1;1;4;249;;M;4537400;535900;380
201400018082;14;6;11;1215;1;2;1;1;3;229;01 boulevard des Alpes;M;0;0;380
201400018083;14;6;16;745;1;2;2;1;5;126;route de chartreuse;M;0;0;380
201400018084;14;8;21;1315;1;1;1;1;1;431;;M;4527290;584181;380
201400018085;14;11;20;1345;1;2;3;1;1;126;105 avenue de l'eygala;M;4521218;575763;380
201400018086;14;3;5;1215;1;2;1;1;3;150;rue casimir julhiet;M;0;0;380
201400018087;14;3;18;1200;1;2;2;1;6;547;RUE ALFRED FREYDET;M;4525843;590842;380
201400018088;14;6;8;2030;1;2;1;1;3;150;Carrefour des mortes;M;0;0;380
201400018089;14;7;29;930;1;2;1;3;6;422;lieu dit Le Rossin;M;0;0;380
201400018090;14;8;29;1615;1;2;9;1;3;150;62 rue jean jaures;M;0;0;380
201400018091;14;4;30;1700;1;1;1;1;4;36;;M;0;0;380
201400018092;14;8;23;1730;1;2;1;1;3;453;54 route de Valence;M;0;0;380
201400018093;14;9;6;1400;1;1;1;1;6;245;;M;0;0;380
201400018094;14;10;25;1530;1;1;9;1;6;356;;M;0;0;380
201400018095;14;11;21;1630;1;2;1;;7;384;38 ROUTE ST PIERRE DE BR;M;4533540;533544;380
201400018096;14;8;23;830;1;1;1;1;3;457;;M;4553000;529800;380
201400018097;14;12;14;1445;1;1;1;2;5;347;;M;0;0;380
201400018098;14;1;11;645;3;1;3;1;1;130;le rival;M;4535161;526497;380
201400018099;14;3;11;1845;3;1;2;1;3;130;;M;4539265;523901;380
201400018100;14;6;23;1230;1;1;1;1;1;121;;M;0;0;380
201400018101;14;10;1;2200;3;2;1;1;7;34;;M;0;0;380
201400018102;14;10;19;1245;1;1;1;1;3;69;;M;0;0;380
201400018103;14;10;28;1415;1;2;1;1;2;161;Chemin de chantemerle;M;0;0;380
201400018104;14;5;15;1745;1;1;1;1;5;157;;M;0;0;380
201400018105;14;6;20;830;1;1;1;1;1;215;;M;0;0;380
201400018106;14;7;21;2000;1;1;1;8;6;336;;M;0;0;380
201400018107;14;8;8;1230;1;1;1;1;2;199;;M;0;0;380
201400018108;14;12;20;2200;5;2;1;1;2;215;rue du plan;M;0;0;380
201400018109;14;12;25;1745;3;2;1;1;1;238;"""La D?tourbe"" RD502";M;0;0;380
201400018110;14;2;7;1715;1;1;1;4;1;519;;M;4560588;501604;380
201400018111;14;2;28;1930;3;1;1;2;1;389;;M;4556318;509544;380
201400018112;14;4;8;1000;1;2;1;1;6;519;RD53A;M;0;0;380
201400018113;14;8;28;2315;3;1;1;1;6;15;;M;0;0;380
201400018114;14;12;4;1445;1;1;1;1;6;184;;M;0;0;380
201400018115;14;12;9;1545;1;2;1;1;6;189;;M;0;0;380
201400018116;14;12;26;1030;1;1;1;1;4;480;;M;0;0;380
201400018117;14;1;31;945;1;1;1;8;5;341;route de toulouse;M;0;0;310
201400018118;14;5;13;1230;1;1;1;1;1;341;;M;0;0;310
201400018119;14;6;16;1430;1;2;1;1;2;232;RD17;M;4376476;129390;310
201400018120;14;6;16;1645;1;1;3;1;3;120;chemin bousquettes/RD 24;M;4366737;116875;310
201400018121;14;6;24;1130;1;1;2;1;3;592;rte de larra/RD 87;M;4372906;123796;310
201400018122;14;8;12;1915;1;1;1;8;1;90;;M;0;0;310
201400018123;14;8;13;1445;1;1;1;1;6;232;;M;0;0;310
201400018124;14;10;16;600;2;1;1;2;3;341;;M;0;0;310
201400018125;14;10;30;1445;1;1;1;1;2;553;;M;0;0;310
201400018126;14;11;16;845;1;1;1;1;6;341;;M;0;0;310
201400018127;14;12;14;1545;1;1;2;1;3;341;;M;0;0;310
201400018128;14;12;20;1230;1;1;1;1;6;425;;M;4316377;111998;310
201400018129;14;5;25;1645;2;1;1;1;6;466;;M;4353420;116782;310
201400018130;14;2;9;1515;1;1;1;8;6;108;;M;0;0;310
201400018131;14;5;22;2330;3;1;1;1;7;18;;M;4314520;92220;310
201400018132;14;5;31;1515;1;1;1;1;6;315;;M;0;0;310
201400018133;14;6;29;1400;1;1;1;8;6;245;;M;0;0;310
201400018134;14;10;11;1545;1;1;1;1;1;183;;M;0;0;310
201400018135;14;9;30;1615;1;1;2;7;3;106;;M;0;0;310
201400018136;14;8;31;1615;1;1;1;1;1;451;;M;0;0;310
201400018137;14;1;6;1630;1;1;1;1;3;37;;M;4788370;-416387;290
201400018138;14;3;10;1800;2;2;1;1;6;220;;M;0;0;290
201400018139;14;4;10;815;1;1;1;1;6;296;;M;4790527;-421145;290
201400018140;14;4;25;1945;1;2;1;1;6;220;;M;4786716;-422197;290
201400018141;14;7;16;1800;1;2;1;1;1;171;;M;4784085;-428358;290
201400018142;14;11;4;1830;5;2;1;2;6;135;rue du g?n?ral de gaulle;M;4783278;-418092;290
201400018143;14;12;1;745;3;1;1;1;4;174;bourg;M;4790287;-428263;290
201400018144;14;12;20;1645;1;2;6;1;3;135;croaziou;M;4783454;-418899;290
201400018145;14;9;9;1800;1;2;1;1;6;75;rue anne de bretagne;M;4844200;-439500;290
201400018146;14;1;1;1445;2;1;1;3;6;160;;M;4850640;-438266;290
201400018147;14;3;5;1330;1;2;1;1;6;209;place de la mairie;M;4853005;-445165;290
201400018148;14;3;7;630;2;1;2;1;3;15;;M;4849962;-450627;290
201400018149;14;4;7;245;3;1;1;2;6;160;;M;4849896;-441854;290
201400018150;14;4;9;930;1;1;6;1;3;15;;M;4849950;-450657;290
201400018151;14;5;4;1845;1;1;1;1;1;93;;M;4857004;-441928;290
201400018152;14;6;9;1715;1;1;1;2;6;160;;M;4849896;-441854;290
201400018153;14;6;24;2000;2;1;3;1;3;15;;M;4849950;-450657;290
201400018154;14;7;16;1715;1;2;1;1;3;195;Croas Thevezan;M;4787283;-392073;290
201400018155;14;8;29;1700;1;2;1;1;2;195;Lieu-dit La Martyre;M;4861551;-451503;290
201400018156;14;9;28;1345;1;2;1;1;3;93;;M;4857004;-441928;290
201400018157;14;10;17;2230;2;2;1;1;6;117;52 rue de la roche;M;4857270;-453041;290
201400018158;14;11;27;1500;1;1;1;2;3;195;;M;4860592;-450451;290
201400018159;14;12;28;1830;3;1;1;1;6;160;;M;4849896;-441854;290
201400018160;14;4;6;1800;1;1;1;1;1;149;;M;4846688;-456667;290
201400018161;14;12;21;615;3;1;1;1;6;149;;M;4846688;-456667;290
201400018162;14;5;12;1445;1;1;1;3;1;24;;M;4827558;-357418;290
201400018163;14;10;19;1200;1;1;6;8;7;24;;M;4827558;-357418;290
201400018164;14;1;16;1200;1;1;1;4;1;267;;M;4815433;-388636;290
201400018165;14;5;15;2015;1;1;1;1;6;107;pont ar helec;M;4805761;-397555;290
201400018166;14;6;17;1500;1;1;1;1;7;16;;M;4832039;-396436;290
201400018167;14;2;23;2315;5;2;1;1;6;256;rue de la Plage;M;4819727;-429978;290
201400018168;14;1;4;1530;1;1;1;4;6;202;;M;4846640;-387704;290
201400018169;14;10;3;1545;1;1;1;1;1;105;;M;4851013;-407326;290
201400018170;14;9;3;1915;1;1;1;1;1;259;;M;4868511;-398653;290
201400018171;14;9;28;1845;1;1;1;1;6;79;;M;4863246;-392753;290
201400018172;14;11;8;545;5;2;1;1;7;276;CD10 - Le bourg;M;4866246;-404513;290
201400018173;14;5;31;1200;1;2;1;1;3;293;Rue de St Philibert;M;4785093;-385076;290
201400018174;14;6;11;1830;1;1;1;1;6;926;;M;0;0;340
201400018175;14;8;7;830;1;2;1;1;1;192;rue de l'Abbe Broccardi;M;0;0;340
201400018176;14;8;15;900;1;1;1;1;2;154;;M;0;0;340
201400018177;14;4;5;700;3;1;1;1;7;326;;M;4834100;-152300;350
201400018178;14;4;4;2000;1;1;1;1;3;146;;M;4824615;-182060;350
201400018179;14;6;8;2100;1;1;1;1;7;356;;M;0;0;350
201400018180;14;6;10;945;1;1;1;1;7;355;;M;4832615;-150926;350
201400018181;14;9;1;1415;1;1;1;1;6;128;;M;4829458;-173435;350
201400018182;14;11;30;1045;1;1;1;1;7;251;;M;0;0;350
201400018183;14;1;1;700;3;1;1;3;6;290;;M;4809492;-210931;350
201400018184;14;1;14;900;1;1;1;9;6;171;;M;4827258;-204354;350
201400018185;14;2;18;1915;2;1;1;1;6;257;La Bigottière;M;4839821;-137299;350
201400018186;14;2;19;1400;1;1;4;1;3;297;;M;4818881;-221090;350
201400018187;14;10;12;1515;1;1;1;2;2;184;;M;4821829;-210321;350
201400018188;14;12;12;645;3;1;1;3;6;58;;M;4826702;-184309;350
201400018189;14;12;20;1645;1;2;1;8;3;297;rue henri letord;M;4819107;-220190;350
201400018190;14;12;9;845;1;1;1;9;6;227;;M;4819501;-186622;350
201400018191;14;2;18;845;1;1;1;1;3;227;;M;4819500;-186300;350
201400018192;14;5;1;330;3;1;1;1;6;133;;M;4815086;-204933;350
201400018193;14;5;11;1315;1;1;1;1;3;169;;M;0;0;350
201400018194;14;9;15;1800;1;1;1;1;1;227;;M;4818792;-194138;350
201400018195;14;11;8;1815;3;1;1;3;6;223;;M;4801240;-208576;350
201400018196;14;1;28;830;1;1;1;8;1;243;;M;4837528;-124896;350
201400018197;14;2;6;2000;3;1;1;3;2;179;;M;4854485;-192774;350
201400018198;14;2;9;30;3;1;1;1;6;224;;M;4854284;-185396;350
201400018199;14;3;10;1030;1;2;7;1;6;49;2 rue Jean-Marie Savatte;M;4867548;-185177;350
201400018200;14;3;28;45;3;1;6;1;6;179;;M;4853562;-191508;350
201400018201;14;4;22;1745;1;2;1;1;6;49;1 rue du Cocar;M;0;0;350
201400018202;14;4;27;530;5;2;1;1;6;299;Rue de l'emeraude;M;0;0;350
201400018203;14;5;22;815;1;2;1;1;6;284;C15;M;4860690;-198503;350
201400018204;14;6;8;2315;3;1;1;1;6;49;;M;0;0;350
201400018205;14;6;16;1545;1;1;1;1;7;179;;M;4849547;-190625;350
201400018206;14;7;4;1000;1;2;1;1;2;49;avenue du Gal de gaulle;M;4867857;-186067;350
201400018207;14;7;20;1945;1;1;1;1;1;263;;M;4869064;-190027;350