num_acc;an;mois;jour;hrmn;lum;agg;int;atm;col;com;adr;gps;lat;long;dep
201400018208;14;8;28;2300;5;2;1;1;1;49;36 rue du Port ? CANCALE;M;4867591;-185171;350
201400018209;14;10;8;1900;3;1;2;1;3;224;;M;4851051;-184454;350
201400018210;14;10;13;700;3;1;2;2;3;179;;M;4850230;-189773;350
201400018211;14;11;1;200;3;1;1;1;6;362;;M;0;0;350
201400018212;14;11;3;1815;2;1;3;2;3;122;;M;4861181;-190363;350
201400018213;14;11;8;830;1;1;1;1;6;306;;M;4860438;-192666;350
201400018214;14;11;18;845;1;1;1;1;1;263;;M;4866918;-193446;350
201400018215;14;12;19;845;2;1;1;2;1;299;;M;4862981;-188144;350
201400018216;14;4;17;1700;1;1;1;1;6;186;;M;4858323;-174114;350
201400018217;14;12;4;1815;3;1;1;1;3;9;;M;4851738;-174420;350
201400018218;14;2;4;1100;1;2;6;7;1;69;Rond Point Du Z?phyr;M;4803806;-150298;350
201400018219;14;2;21;2230;3;1;1;2;7;254;;M;0;0;350
201400018220;14;4;14;1900;1;1;1;1;4;264;;M;4807865;-132339;350
201400018221;14;6;22;1615;1;1;1;1;7;161;;M;0;0;350
201400018222;14;6;28;230;3;1;1;1;1;204;;M;4804775;-158231;350
201400018223;14;9;2;830;1;1;2;1;1;68;;M;4809934;-140127;350
201400018224;14;12;8;1520;1;2;9;1;7;68;;M;4809959;-141717;350
201400018225;14;7;28;900;1;1;1;1;1;60;;M;0;0;440
201400018226;14;8;8;1945;1;2;1;8;1;213;route de Nantes D723;M;0;0;440
201400018227;14;11;19;700;2;2;1;1;3;3;bd pierre marie curie;M;0;0;440
201400018228;14;12;9;945;1;2;1;7;1;180;rue de l' Europe;M;0;0;440
201400018229;14;2;21;1845;3;1;1;1;6;202;La croix;M;0;0;440
201400018230;14;8;5;1915;1;1;3;1;3;202;la bouillère;M;0;0;440
201400018231;14;9;5;1600;1;1;1;1;1;28;;M;0;0;440
201400018232;14;9;26;815;1;1;1;1;1;48;;M;0;0;440
201400018233;14;10;4;1330;1;1;1;1;6;77;le marais;M;0;0;440
201400018234;14;11;5;730;2;1;1;1;3;82;la feuillée;M;0;0;440
201400018235;14;12;12;1130;1;1;1;3;4;28;launay;M;0;0;440
201400018236;14;12;21;1515;1;2;1;1;6;118;LA BOURDINNIERE;M;0;0;440
201400018237;14;1;4;1230;1;1;1;3;1;56;La rétentais;M;4744200;-178300;440
201400018238;14;5;29;1845;1;1;1;8;7;57;la guilbourgere;M;0;0;440
201400018239;14;7;2;1230;1;1;1;1;3;128;Ker Philippe;M;0;0;440
201400018240;14;8;24;15;5;1;6;1;6;185;montplaisir;M;0;0;440
201400018241;14;8;17;945;1;1;1;1;6;126;;M;0;0;440
201400018242;14;10;19;1215;1;1;1;1;1;131;le pont du clion;M;0;0;440
201400018243;14;1;25;1915;5;2;1;1;1;154;Avenue de la Guerche;M;0;0;440
201400018244;14;2;21;1515;1;2;1;1;6;43;Place des Douves;M;0;0;440
201400018245;14;11;6;400;3;1;1;5;6;88;la pepiere;M;0;0;440
201400018246;14;1;25;1630;1;2;7;1;1;212;parking - rd116;M;0;0;440
201400018247;14;4;11;930;1;2;1;1;6;212;boulevard Evariste DEJOI;M;0;0;440
201400018248;14;6;11;1500;1;1;1;1;6;84;la quintaine;M;0;0;440
201400018249;14;6;12;730;2;1;1;1;1;212;le drouillet;M;0;0;440
201400018250;14;6;10;1700;1;1;1;1;1;212;la raingaillot;M;0;0;440
201400018251;14;8;13;2145;2;1;1;1;5;169;84 rue de la goulaine;M;0;0;440
201400018252;14;12;15;745;3;1;2;1;3;32;route de nantes;M;4717800;-137200;440
201400018253;14;1;15;1915;3;1;6;3;2;130;rd pt viais;M;0;0;440
201400018254;14;2;7;1015;1;2;1;1;6;130;RUE DU VIGNOBLE;M;0;0;440
201400018255;14;4;17;1845;1;1;3;1;3;18;La Beauvaiserie;M;4713300;-165000;440
201400018256;14;10;14;845;1;1;2;7;1;18;;M;0;0;440
201400018257;14;9;29;815;1;1;1;2;5;155;ZA  pont james;M;4702000;-157000;440
201400018258;14;5;1;515;3;1;1;2;6;69;rte de sandun;M;4734200;-237700;440
201400018259;14;8;3;1900;1;1;2;2;3;473;;M;4718200;599500;250
201400018260;14;4;16;845;1;1;1;1;1;34;;M;4731200;594400;250
201400018261;14;4;16;1330;1;2;1;1;6;217;grande rue;M;4731600;586900;250
201400018262;14;6;26;1730;1;1;1;1;3;30;;M;4726700;586200;250
201400018263;14;7;31;800;1;2;2;1;3;527;MONTFERRAND-LE-CHATEAU;M;4718300;592700;250
201400018264;14;8;23;1700;1;1;1;1;1;475;;M;4711400;587800;250
201400018265;14;9;16;1815;1;1;1;1;4;149;;M;4716400;595300;250
201400018266;14;6;3;830;1;2;1;1;3;505;CD 486 Pk 39+900;M;0;0;250
201400018267;14;9;3;1015;1;2;1;1;1;578;Rue du lavoir;M;4714818;634403;250
201400018268;14;12;18;745;2;2;6;2;1;578;rond point du gros ch?ne;M;4714869;633235;250
201400018269;14;2;18;2300;3;1;1;1;7;190;;M;4750900;692200;250
201400018270;14;3;8;1700;1;2;1;1;6;237;2 RUE DE DAMPIERRE;M;4752300;690100;250
201400018271;14;4;9;1745;1;2;1;1;3;367;rue de la lib?ration;M;4745500;680100;250
201400018272;14;9;6;1530;1;1;1;1;7;378;;M;4742100;689300;250
201400018273;14;10;14;2015;5;2;1;1;7;4;28 grande rue;M;4743500;692000;250
201400018274;14;4;6;730;1;2;1;1;1;463;CD 437 - PR 123+050;M;0;0;250
201400018275;14;12;19;1915;3;1;1;2;1;422;;M;0;0;250
201400018276;14;1;10;2200;3;1;1;1;3;282;;M;0;0;250
201400018277;14;7;10;1415;1;1;1;2;1;110;;M;0;0;250
201400018278;14;9;5;1745;1;1;1;1;7;440;;M;0;0;250
201400018279;14;10;4;1700;1;1;1;1;3;259;;M;0;0;250
201400018280;14;10;25;1630;1;2;1;1;6;25;Grande rue;M;0;0;250
201400018281;14;11;13;1015;1;1;1;8;1;157;;M;0;0;250
201400018282;14;11;25;1600;1;1;1;1;6;122;;M;0;0;250
201400018283;14;11;1;2245;3;1;1;1;6;514;;M;0;0;250
201400018284;14;2;27;1430;1;2;3;1;6;321;ROUTE DES BRENETS;M;0;0;250
201400018285;14;5;31;930;1;1;1;1;7;248;;M;4720000;675000;250
201400018286;14;7;12;1445;1;1;1;2;6;12;;M;0;0;250
201400018287;14;10;7;715;2;1;1;2;1;347;;M;0;0;250
201400018288;14;6;29;545;2;1;1;3;1;141;;M;4543830;604990;730
201400018289;14;7;28;1630;1;1;1;2;2;43;;M;0;0;390
201400018290;14;2;12;900;1;2;9;1;6;500;Parking supermarch? ATAC;M;0;0;390
201400018291;14;6;6;230;3;1;1;1;6;176;;M;4700400;577000;390
201400018292;14;3;24;1100;1;1;1;4;7;37;;M;0;0;390
201400018293;14;4;23;1730;1;1;1;1;5;34;;M;0;0;390
201400018294;14;12;23;1515;1;2;2;1;3;571;CROISEMENT RD 469 / 217;M;0;0;390
201400018295;14;4;4;1945;2;2;1;1;7;190;Rue de Dole;M;0;0;390
201400018296;14;9;4;2000;2;1;1;1;6;579;;M;0;0;390
201400018297;14;9;6;1545;1;2;1;1;1;491;Grande Rue;M;0;0;390
201400018298;14;3;10;645;2;1;1;2;6;131;;M;0;0;390
201400018299;14;6;14;1645;1;1;1;1;3;470;;M;0;0;390
201400018300;14;11;16;2045;3;1;1;2;2;470;;M;0;0;390
201400018301;14;5;17;1730;1;1;1;1;6;222;Ld Barac'h;M;4868070;-295611;220
201400018302;14;6;19;2115;1;2;1;1;1;367;;M;4855662;-285331;220
201400018303;14;7;25;1600;1;2;1;1;6;222;Place Foch;M;4867595;-292901;220
201400018304;14;8;8;945;1;1;1;1;1;251;;M;4854336;-283701;220
201400018305;14;8;8;1000;1;2;1;2;1;222;15 rue Carles Le Goffic;M;4866818;-292002;220
201400018306;14;9;21;2015;2;2;1;1;7;7;rue des marionnettes;M;4860888;-282264;220
201400018307;14;9;27;1000;1;2;1;1;3;7;les pré calans;M;4861199;-282881;220
201400018308;14;10;17;1800;1;2;4;1;3;325;rue des martourets;M;4864957;-283930;220
201400018309;14;3;14;1800;1;1;2;1;3;136;;M;4818416;-278005;220
201400018310;14;3;24;2115;3;1;1;1;2;136;;M;4815070;-275928;220
201400018311;14;4;5;1700;1;1;2;1;3;136;;M;4817830;-277860;220
201400018312;14;5;10;730;2;1;1;2;7;155;;M;4822183;-273963;220
201400018313;14;5;26;1545;1;1;1;1;7;136;pas dossier geo;M;4818154;-280963;220
201400018314;14;6;17;1500;1;1;1;1;1;136;;M;4820451;-275558;220
201400018315;14;7;16;1415;1;1;2;1;2;136;le guerrieux;M;4818341;-283133;220
201400018316;14;9;13;2300;3;1;1;1;1;136;;M;4820019;-278635;220
201400018317;14;9;16;930;1;1;1;1;6;330;le pont geffray;M;4822681;-284725;220
201400018318;14;11;3;700;3;1;1;3;1;300;;M;4827733;-280277;220
201400018319;14;12;21;1145;1;1;2;1;3;384;le pas tranchant;M;4827906;-283121;220
201400018320;14;12;24;1745;1;1;1;2;6;155;saint potan;M;4823317;-268517;220
201400018321;14;1;26;2300;3;1;6;1;6;371;;M;4819643;-233194;220
201400018322;14;5;9;1230;1;1;2;8;1;183;;M;4817851;-261021;220
201400018323;14;11;12;945;1;1;1;1;1;183;;M;4817676;-256178;220
201400018324;14;11;21;1745;2;1;1;8;1;309;;M;4821802;-238581;220
201400018325;14;3;4;1900;5;2;2;2;3;258;rue de l'H?tel Girault;M;4842138;-265880;220
201400018326;14;3;25;1315;1;1;1;2;1;80;;M;4835657;-283777;220
201400018327;14;4;28;2330;3;1;1;1;6;258;LE BOHU D'EN BAS;M;4843156;-264028;220
201400018328;14;5;15;1715;1;1;9;1;6;191;la ville neuve;M;4827336;-259452;220
201400018329;14;7;26;1945;1;1;1;1;1;79;La Maladerie;M;4838263;-265614;220
201400018330;14;10;6;1500;1;1;1;1;6;80;;M;4834744;-284174;220
201400018331;14;10;10;730;2;1;2;8;3;281;la croix cabaret;M;4841180;-274346;220
201400018332;14;10;18;1130;1;2;7;1;6;345;place de l'église;M;4835548;-255288;220
201400018333;14;11;8;745;2;2;2;2;3;203;rue de Montifault;M;4834969;-275906;220
201400018334;14;12;12;1700;2;1;1;2;6;191;la ville louis;M;4831250;-261495;220
201400018335;14;12;15;200;3;1;1;2;7;80;la ville adam;M;4835764;-285462;220
201400018336;14;12;26;1600;1;1;1;2;1;258;la chesnaie;M;4841760;-262535;220
201400018337;14;3;4;1030;1;2;1;1;6;50;place du 11 novembre;M;4845648;-205327;220
201400018338;14;3;26;1700;1;1;1;1;6;118;les forges;M;4843363;-201244;220
201400018339;14;4;2;745;1;1;1;1;1;26;;M;4839691;-202711;220
201400018340;14;4;11;1730;3;1;1;1;1;364;;M;4843712;-209352;220
201400018341;14;4;21;115;5;2;1;1;6;50;rue de Brest;M;4844755;-207247;220
201400018342;14;5;16;1500;1;2;3;1;3;50;Rue Thiers;M;4845537;-204913;220
201400018343;14;6;3;845;1;1;3;1;3;35;le bourg;M;4841470;-196026;220
201400018344;14;7;11;1730;1;1;1;1;1;308;la hautière;M;4834918;-204227;220
201400018345;14;7;16;1745;1;1;2;1;3;213;;M;4852689;-200548;220
201400018346;14;7;31;1945;1;1;2;1;3;197;;M;4848736;-193822;220
201400018347;14;8;9;2145;3;1;1;1;3;197;;M;4850332;-196357;220
201400018348;14;8;22;1515;1;1;1;1;3;385;;M;4849313;-197518;220
201400018349;14;9;1;315;3;2;1;1;6;118;Avenue des Acacias;M;4845665;-202990;220
201400018350;14;9;12;1115;1;2;1;1;6;50;Av Saint Jean de Dieu;M;4844561;-204752;220
201400018351;14;9;18;1745;1;2;1;1;6;299;;M;4847080;-195974;220
201400018352;14;10;1;1745;1;1;1;2;3;3;;M;4845348;-210663;220
201400018353;14;10;2;900;1;2;6;1;3;123;Rd pt de la Brancherie;M;4844223;-204735;220
201400018354;14;11;10;1915;3;1;1;1;7;35;bonne fontaine;M;4842305;-196749;220
201400018355;14;11;27;1030;1;2;1;1;1;197;41 rue de Saint Malo;M;4851426;-194722;220
201400018356;14;12;26;1200;1;2;1;2;7;8;57 route de Caulnes;M;4841118;-208248;220
201400018357;14;5;27;1815;1;1;4;1;1;310;LD  Rubiant;M;4862597;-324153;220
201400018358;14;12;27;2015;3;1;1;2;7;248;Ty-coat;M;4862557;-313305;220
201400018359;14;3;23;1000;1;2;3;1;6;13;;M;4847406;-318829;220
201400018360;14;5;5;930;1;1;1;1;7;23;poull ar big;M;4844682;-335688;220
201400018361;14;9;12;1515;1;1;1;1;6;216;lan pont névez;M;4847940;-338806;220
201400018362;14;2;26;2000;3;1;1;1;6;181;;M;4821712;-320627;220
201400018363;14;7;10;1045;1;1;1;1;6;107;;M;4823302;-314320;220
201400018364;14;7;10;1630;1;2;1;1;7;181;Grande Rue - CD 76;M;4820303;-320918;220
201400018365;14;8;8;1545;1;1;2;3;3;158;;M;4820315;-296586;220
201400018366;14;12;19;1330;1;1;2;3;3;158;;M;4820875;-297339;220
201400018367;14;1;3;1830;5;2;1;1;6;266;20 rue abbé gibert;M;4823573;-331985;220
201400018368;14;1;30;2115;3;1;3;1;3;61;;M;4825546;-338609;220
201400018369;14;4;5;45;3;1;1;1;6;229;Toul Pry;M;4827524;-326345;220
201400018370;14;6;7;1445;1;1;1;1;7;29;Ld Kanac'h Bernard;M;4834305;-308143;220
201400018371;14;6;17;1800;1;1;2;1;3;163;;M;4825721;-344682;220
201400018372;14;4;13;1119;1;2;2;1;3;155;REPUBLIQUE (RUE);M;4809619;730383;680
201400018373;14;9;21;1115;2;1;1;1;1;29;;M;4831523;-312803;220
201400018374;14;11;1;1845;3;1;1;1;1;229;;M;4826987;-327322;220
201400018375;14;12;27;1300;1;1;1;2;3;61;;M;4823543;-338278;220
201400018376;14;4;25;1615;1;1;1;1;2;211;;M;4869005;-344546;220
201400018377;14;5;2;1745;1;1;1;1;6;119;;M;4861833;-353146;220
201400018378;14;6;7;2030;1;1;2;1;1;207;Le Croajou;M;4863872;-345499;220
201400018379;14;6;15;1630;1;1;1;1;6;226;Landebouc'h;M;4868753;-356100;220
201400018380;14;6;29;45;3;1;1;1;5;349;KERVAN;M;4870635;-355916;220
201400018381;14;9;9;1930;1;1;1;1;6;194;keravénou;M;4866559;-360140;220
201400018382;14;9;29;1930;1;1;3;1;3;211;;M;4865571;-344448;220
201400018383;14;10;16;945;1;1;1;2;4;224;;M;4871507;-349479;220
201400018384;14;1;9;830;2;2;1;9;2;362;3 Ave des Etats de Breta;M;4878275;-323214;220
201400018385;14;2;16;1500;1;1;2;1;3;347;;M;4880546;-319867;220
201400018386;14;3;1;1330;1;1;2;1;3;152;;M;4876633;-327885;220
201400018387;14;3;31;1500;1;1;6;2;1;152;;M;4877259;-323808;220
201400018388;14;4;10;1130;1;1;2;1;2;28;;M;4878335;-332487;220
201400018389;14;4;18;1715;1;2;3;1;3;199;rue de la mer;M;4880017;-315556;220
201400018390;14;6;1;1400;1;2;7;1;1;362;;M;4878808;-322510;220
201400018391;14;7;15;1830;1;1;1;1;1;166;rue de kerancoualc'h;M;4882280;-330567;220
201400018392;14;7;29;1300;1;2;1;1;3;195;27 Rue de Pleumeur;M;4884110;-313943;220
201400018393;14;8;23;1800;1;1;1;1;6;218;pors hir;M;4885855;-322085;220
201400018394;14;10;16;1600;1;1;1;1;1;42;;M;4875738;-330346;220
201400018395;14;10;17;1845;1;1;2;1;3;166;;M;4879717;-331312;220
201400018396;14;11;7;1715;1;1;6;1;1;152;pont losquet;M;4876063;-329386;220
201400018397;14;12;5;830;2;1;1;9;6;28;crec'h illy;M;4878122;-331935;220
201400018398;14;1;6;1600;1;1;1;1;1;374;;M;4806718;724865;680
201400018399;14;5;9;1740;1;2;1;1;7;150;;M;4803502;728734;680
201400018400;14;5;30;1515;1;1;1;1;7;374;;M;4807256;726608;680
201400018401;14;11;19;1700;2;2;1;2;6;270;142 rue principale;M;4778171;727391;680
201400018402;14;2;28;2215;3;1;3;8;3;135;;M;4758921;754723;680
201400018403;14;4;9;1900;2;2;3;1;7;135;rue de folgensbourg;M;4757269;751207;680
201400018404;14;4;28;645;1;2;2;2;2;349;boulevard d'alsace;M;4760253;758377;680
201400018405;14;10;18;1800;1;2;2;1;3;349;BOULEVARD D ALSACE;M;4760253;758377;680
201400018406;14;8;22;1710;1;1;2;1;3;234;;M;4794219;741721;680
201400018407;14;3;9;1345;1;1;1;1;7;307;;M;4781199;687086;680
201400018408;14;7;14;1830;1;1;1;1;6;60;;M;4771446;711582;680
201400018409;14;11;26;1430;1;1;1;1;1;201;;M;4778200;699500;680
201400018410;14;2;17;1815;2;2;1;1;6;252;2 route de Saint Gervais;M;0;0;340
201400018411;14;4;14;1730;1;1;6;1;1;119;;M;0;0;340
201400018412;14;4;29;1345;1;1;1;1;1;19;;M;0;0;340
201400018413;14;7;1;930;1;2;1;1;6;126;29 avenue charcot;M;0;0;340
201400018414;14;3;16;1930;2;1;1;1;7;310;;M;0;0;340
201400018415;14;4;18;1545;1;2;1;1;1;310;rue Frederic Mistral;M;0;0;340
201400018416;14;5;11;1845;1;2;1;1;6;69;avenue waldeck rousseau;M;4339626;309799;340
201400018417;14;5;13;1145;1;1;1;1;1;178;;M;0;0;340
201400018418;14;5;14;745;1;1;1;1;3;310;;M;0;0;340
201400018419;14;6;8;1700;1;1;1;1;7;223;;M;0;0;340
201400018420;14;6;11;1600;1;1;1;1;7;130;;M;4353643;318355;340
201400018421;14;6;24;1800;1;2;2;1;3;74;AVENUE RAOUL BAYOU;M;0;0;340
201400018422;14;7;1;830;1;1;1;1;2;70;;M;0;0;340
201400018423;14;7;4;2100;2;1;1;1;6;130;;M;0;0;340
201400018424;14;6;21;1100;1;1;1;1;1;147;;M;4348277;320156;340
201400018425;14;9;7;2215;3;1;1;1;1;214;;M;0;0;340
201400018426;14;9;27;15;3;1;1;1;6;300;;M;0;0;340
201400018427;14;2;9;1515;1;1;1;1;1;334;;M;4354700;298000;340
201400018428;14;5;29;1500;1;1;1;1;7;293;;M;4399000;216500;340
201400018429;14;9;19;1645;1;1;1;1;6;193;;M;0;0;340
201400018430;14;8;6;1430;1;1;1;1;6;209;;M;0;0;340
201400018431;14;3;6;530;3;1;1;1;6;72;;M;0;0;340
201400018432;14;7;28;1730;1;1;1;1;1;220;;M;0;0;340
201400018433;14;4;4;1745;1;2;1;1;3;222;Route de Tressan;M;0;0;340
201400018434;14;4;16;1400;1;2;1;1;6;79;Bd Gambetta N 57;M;0;0;340
201400018435;14;4;25;1830;1;1;1;1;1;13;;M;0;0;340
201400018436;14;7;4;430;3;1;1;1;6;76;;M;0;0;340
201400018437;14;7;4;2315;3;1;1;1;6;180;;M;0;0;340
201400018438;14;7;19;2215;3;1;1;1;6;323;;M;0;0;340
201400018439;14;10;16;1130;1;2;1;1;6;79;place du cdt demarne;M;0;0;340
201400018440;14;10;26;1800;2;1;1;1;3;51;;M;0;0;340
201400018441;14;11;15;1600;2;2;1;1;6;194;Allee des tilleuils;M;0;0;340
201400018442;14;12;18;1745;3;2;1;1;6;79;D609;M;0;0;340
201400018443;14;1;8;1850;3;1;1;1;5;12;SENILHES BAS;;;;150
201400018444;14;1;17;1410;1;2;1;1;6;14;CAMISIERES (RUE DES);;;;150
201400018445;14;2;17;1600;1;2;1;7;6;14;JOLY (BOULEVARD ANTHONY);;;;150
201400018446;14;3;1;1400;1;1;1;1;6;14;LIBERTE (AVENUE DE LA);;;;150
201400018447;14;3;11;1535;1;2;1;1;6;14;94, BLUM (RUE LEON);;;;150
201400018448;14;3;13;905;1;2;1;1;6;14;1, LESCUDILLIERS (BOULEV;;;;150
201400018449;14;4;11;1745;1;1;1;1;1;12;1, RD 920;;;;150
201400018450;14;5;15;1715;1;2;2;1;3;14;32, PRADES (AVENUE DES);;;;150
201400018451;14;6;11;1134;1;1;1;1;3;12;611, LABROUSSE (ROUTE DE;;;;150
201400018452;14;7;29;1300;1;2;2;1;3;14;1, PLOMB DU CANTAL (AVEN;;;;150
201400018453;14;8;14;1900;1;2;1;1;6;14;1, BAR (RUE DU);;;;150
201400018454;14;9;20;1545;1;1;1;1;6;14;DONE (AVENUE DE);;;;150
201400018455;14;10;25;2034;5;2;1;1;6;14;16, PUPILLES DE LA NATIO;;;;150
201400018456;14;6;21;2045;1;1;9;1;3;101;;M;4337660;348532;340
201400018457;14;7;12;2015;1;1;1;1;1;150;;M;4332000;354054;340
201400018458;14;8;24;1145;1;1;1;1;6;101;;M;0;0;340
201400018459;14;1;4;30;3;1;1;3;7;2;;M;4353500;343300;340
201400018460;14;4;18;1630;1;2;9;1;6;199;paul vidal de la blache;M;0;0;340
201400018461;14;5;19;1700;1;1;1;3;6;17;;M;4347373;345212;340
201400018462;14;6;13;1615;1;1;1;1;1;199;;M;4342437;341628;340
201400018463;14;10;15;1300;1;2;1;1;6;199;Place Frederic Mistral;M;0;0;340
201400018464;14;8;13;2015;1;2;6;1;3;178;rue de la chanterie;M;0;0;860
201400018465;14;8;15;2200;3;1;1;3;6;263;;M;0;0;860
201400018466;14;9;5;945;1;1;1;1;7;99;;M;0;0;860
201400018467;14;10;3;1830;2;1;2;7;3;141;;M;0;0;860
201400018468;14;6;17;1700;1;2;1;1;2;82;Avenue de PARIS;M;0;0;860
201400018469;14;6;20;530;2;1;1;1;1;82;;M;0;0;860
201400018470;14;8;23;1130;1;1;1;2;3;213;;M;0;0;860
201400018471;14;1;19;430;3;1;1;1;6;30;;M;0;0;860
201400018472;14;6;7;1200;1;1;1;1;2;300;;M;0;0;860
201400018473;14;7;25;845;1;1;1;1;6;177;;M;0;0;860
201400018474;14;7;31;1115;1;1;1;1;2;271;;M;0;0;860
201400018475;14;9;1;1145;1;2;1;1;7;160;Rue Gilbert Landry;M;0;0;860
201400018476;14;10;1;1145;1;2;1;1;7;160;rue Gilbert Landry;M;0;0;860
201400018477;14;11;7;1745;5;2;1;1;6;160;13 bld foulques Nerra;M;0;0;860
201400018478;14;12;16;1045;3;1;1;2;6;160;;M;0;0;860
201400018479;14;2;4;2315;3;2;2;2;3;92;route de descartes;M;0;0;860
201400018480;14;6;7;800;1;2;1;8;1;137;rue de la mairie;M;0;0;860
201400018481;14;6;12;2030;1;1;1;1;3;137;VC DE BEAU SOLEIL;M;0;0;860
201400018482;14;7;15;730;1;1;1;1;1;49;;M;0;0;860
201400018483;14;8;5;1730;1;1;2;1;3;137;;M;0;0;860
201400018484;14;8;25;1915;1;1;1;1;4;137;;M;0;0;860
201400018485;14;8;29;1800;1;1;3;1;3;137;;M;0;0;860
201400018486;14;10;20;830;1;1;1;5;1;274;;M;0;0;860
201400018487;14;11;13;1315;1;1;1;1;2;137;;M;0;0;860
201400018488;14;7;18;1630;1;2;1;1;6;189;rue du pont;M;4837623;-437077;290
201400018489;14;8;19;1730;1;1;1;1;1;86;;M;4837300;-421700;290
201400018490;14;11;12;1545;1;2;1;1;6;189;Gorrequer;M;4838500;-434300;290
201400018491;14;1;4;1230;1;1;1;1;3;97;;M;4727200;166300;410
201400018492;14;1;14;1645;1;1;2;7;3;97;R villefranche/R pecheri;M;4728400;170700;410
201400018493;14;2;22;930;1;1;1;1;3;38;;M;4727800;174500;410
201400018494;14;6;11;1100;1;1;1;1;7;222;;M;4727300;181800;410
201400018495;14;6;13;2100;2;1;1;1;6;242;61 rue de la collinière;M;4727600;156300;410
201400018496;14;9;5;2100;5;2;1;1;6;242;all?e de la gravouille;M;4727700;155800;410
201400018497;14;8;27;930;1;1;1;1;6;97;;M;4728800;171400;410
201400018498;14;9;17;1230;1;1;1;1;6;242;;M;4727200;155700;410
201400018499;14;10;5;415;3;1;1;2;6;139;Les avrays;M;4725500;152900;410
201400018500;14;11;2;2015;3;1;1;3;6;185;chateau margot;M;4734800;172300;410
201400018501;14;12;13;1345;1;1;1;8;7;16;;M;4732200;157100;410
201400018502;14;1;2;1515;1;1;1;2;2;229;;M;4731000;134800;410
201400018503;14;1;9;1330;1;1;1;6;6;180;lieu dit l'alleu;M;4740800;121000;410
201400018504;14;1;20;1400;1;2;1;1;6;151;08 rue vieille de Blois;M;4734600;118600;410
201400018505;14;2;25;1030;1;1;1;1;1;145;;M;4747000;129400;410
201400018506;14;3;15;1330;1;1;1;1;1;229;RD675;M;4731100;139800;410
201400018507;14;4;1;1115;1;2;1;1;3;59;boulevard de l'industrie;M;4742600;143300;410
201400018508;14;4;12;1430;1;2;1;1;6;257;rue pierre girault;M;4738800;128300;410
201400018509;14;4;21;1800;1;2;2;1;3;92;route des vignobles de t;M;4744800;134200;410
201400018510;14;5;25;15;3;1;1;8;6;146;7 route de thenay;M;4736700;131200;410
201400018511;14;6;18;700;1;1;1;1;1;94;;M;4744300;142700;410
201400018512;14;7;21;745;1;2;1;1;2;237;6 route de soings;M;4739500;144200;410
201400018513;14;7;25;800;1;2;1;8;6;145;28 route de montrichard;M;4747600;129400;410
201400018514;14;8;6;1215;1;1;1;2;7;181;;M;4732600;127300;410
201400018515;14;8;19;1130;1;1;1;1;1;51;route de vallières;M;4734500;114000;410
201400018516;14;8;27;1630;1;1;1;1;1;145;;M;4734600;126200;410
201400018517;14;8;26;1800;1;1;1;1;1;151;;M;4736300;121000;410
201400018518;14;9;4;1115;1;1;1;1;7;239;;M;4726000;135600;410
201400018519;14;9;19;1130;1;2;1;1;6;164;rue du g?n?ral de gaulle;M;4728900;138700;410
201400018520;14;9;26;1730;1;1;1;1;6;94;;M;4744000;140200;410
201400018521;14;9;28;1045;1;1;1;1;6;80;;M;4733200;119500;410
201400018522;14;10;27;1700;2;1;1;1;2;49;;M;4734600;148100;410
201400018523;14;11;5;1200;1;2;1;1;1;180;57 route de montrichard;M;4768700;125100;410
201400018524;14;11;24;1500;1;2;8;2;1;258;LIEU DIT LES VARENNES;M;4732600;131800;410
201400018525;14;1;5;1230;1;1;1;1;6;232;route de marcilly;M;4743900;202599;410
201400018526;14;1;9;830;1;2;1;1;6;232;23 bvd de la république;M;4742500;205300;410
201400018527;14;2;5;1730;2;1;1;1;1;152;La métairie du chesnay;M;4753900;169200;410
201400018528;14;2;10;800;1;1;1;2;6;106;avenue napoléon 3;M;4759600;201900;410