num_acc;an;mois;jour;hrmn;lum;agg;int;atm;col;com;adr;gps;lat;long;dep
201400018529;14;4;5;1830;1;1;1;1;1;232;RD 55;M;4745400;206999;410
201400018530;14;7;6;645;2;1;1;2;6;297;;M;4765500;186400;410
201400018531;14;8;27;2015;3;1;1;2;7;241;;M;4735800;190500;410
201400018532;14;9;8;430;3;1;1;1;7;296;;M;4763400;200100;410
201400018533;14;9;26;1815;1;1;1;1;7;232;;M;4744400;206700;410
201400018534;14;10;27;330;3;1;1;5;7;296;;M;4763700;200400;410
201400018535;14;11;15;915;1;1;2;1;3;241;;M;0;0;410
201400018536;14;12;1;1045;1;1;1;2;6;159;;M;4754000;176300;410
201400018537;14;1;6;1830;5;2;1;2;2;175;34 Route de PARIS;M;4787000;114100;410
201400018538;14;1;8;745;2;2;1;1;6;209;Rue des bl?s d'or;M;4785200;108700;410
201400018539;14;1;28;1630;1;1;1;2;7;26;D42 PR 3+600;M;4794600;128800;410
201400018540;14;3;22;2230;3;1;1;1;7;190;;M;4728700;113400;410
201400018541;14;5;29;800;1;1;1;1;6;254;;M;4792900;93300;410
201400018542;14;6;2;530;2;1;1;1;6;209;;M;4785700;108400;410
201400018543;14;6;25;1515;1;1;1;1;2;60;RD151 A;M;4797100;90900;410
201400018544;14;6;28;2300;4;2;1;1;6;254;1 route de mondoubleau;M;4793800;93400;410
201400018545;14;7;19;1915;1;1;1;2;6;277;les fontaines;M;4796900;117000;410
201400018546;14;7;25;630;1;1;1;1;6;28;;M;4789300;111900;410
201400018547;14;9;2;1545;1;1;1;1;4;214;RD19;M;4791900;121300;410
201400018548;14;9;13;2045;3;1;1;1;7;73;;M;4788300;103699;410
201400018549;14;10;5;45;3;1;1;1;1;175;RN 10;M;4786700;112700;410
201400018550;14;10;7;445;5;2;1;2;6;235;lieu dit monplaisir;M;4791000;85100;410
201400018551;14;10;31;1345;1;1;1;1;3;196;;M;4802400;112300;410
201400018552;14;2;24;945;1;1;1;1;6;209;;M;0;0;470
201400018553;14;4;4;1900;2;1;1;1;6;66;;M;4425130;40572;470
201400018554;14;1;23;1445;1;1;1;1;6;113;;M;0;0;470
201400018555;14;1;23;1730;1;1;3;3;3;216;;M;0;0;470
201400018556;14;1;28;1145;1;1;3;3;3;3;;M;0;0;470
201400018557;14;3;19;1815;1;1;1;1;1;35;;M;0;0;470
201400018558;14;7;22;800;1;1;1;1;6;232;;M;0;0;470
201400018559;14;7;28;1845;1;1;2;1;3;296;;M;4459610;52057;470
201400018560;14;9;2;1915;1;1;1;1;7;218;;M;0;0;470
201400018561;14;9;10;815;1;1;1;1;3;294;;M;4472690;19332;470
201400018562;14;9;29;715;2;2;1;1;3;301;;M;0;0;470
201400018563;14;10;14;1830;2;2;2;1;3;168;17 LATTRE DE TASSIGNY;M;4460030;36254;470
201400018564;14;3;30;1030;1;2;1;1;7;325;LACASSORE;M;0;0;470
201400018565;14;5;26;730;2;1;1;1;7;65;;M;0;0;470
201400018566;14;8;22;1545;1;2;3;3;3;95;RUE J PANNO/D813;M;4440500;29694;470
201400018567;14;8;30;1345;1;1;1;1;6;65;;M;0;0;470
201400018568;14;9;9;1645;1;1;1;1;1;110;;M;4444690;29243;470
201400018569;14;9;29;1830;1;1;1;1;7;42;;M;0;0;470
201400018570;14;11;16;630;3;1;1;2;1;46;;M;4438000;23968;470
201400018571;14;12;8;1815;1;1;1;1;6;310;;M;4437810;31846;470
201400018572;14;12;22;945;1;1;1;5;7;285;;M;4441920;12525;470
201400018573;14;7;25;2315;3;1;3;1;6;41;;M;4420610;41043;470
201400018574;14;1;6;1730;2;1;1;1;3;43;;M;0;0;470
201400018575;14;2;25;1000;1;1;1;1;6;93;;M;0;0;470
201400018576;14;3;11;1815;1;1;1;1;1;39;;M;4414800;11100;470
201400018577;14;5;9;1033;1;2;1;2;1;43;RD642;M;0;0;470
201400018578;14;5;24;415;3;1;1;1;6;52;;M;4429630;9930;470
201400018579;14;12;13;2230;4;1;1;1;7;222;;M;4431020;13398;470
201400018580;14;11;8;1415;1;1;1;1;6;280;;M;0;0;470
201400018581;14;11;19;1515;1;1;1;1;6;203;;M;4438220;83019;470
201400018582;14;11;26;1730;3;1;6;2;2;315;;M;4444990;88691;470
201400018583;14;12;4;1915;5;2;6;1;3;175;ROND POINT DU COLL?GE;M;4452750;76069;470
201400018584;14;9;23;1315;1;1;1;1;1;241;;M;0;0;470
201400018585;14;2;15;1900;2;1;1;1;6;79;;M;4438000;87600;470
201400018586;14;6;2;500;3;1;1;1;6;106;;M;4450080;94717;470
201400018587;14;11;11;300;3;1;1;1;6;36;;M;4441680;97231;470
201400018588;14;6;6;1500;1;1;1;1;6;169;;M;4470790;129690;460
201400018589;14;11;20;1700;3;1;1;1;1;79;;;;;10
201400018590;14;1;3;1630;1;2;1;2;6;56;449 AVENUE DU CENTRE;M;4427710;243603;120
201400018591;14;4;18;1730;1;1;1;1;3;133;291 AVENUE DE RODEZ;M;4431800;255819;120
201400018592;14;5;23;1450;1;1;3;8;1;102;BELLEVUE;M;4431490;266616;120
201400018593;14;6;11;805;1;2;3;1;3;162;INTERSECTION VC 24/CD 85;M;4434310;239802;120
201400018594;14;7;27;1300;1;2;1;1;6;50;RD 176;M;0;0;120
201400018595;14;8;2;1730;1;2;1;1;3;133;route de calzins;M;4431900;253500;120
201400018596;14;11;8;930;1;1;1;7;1;185;;M;0;0;120
201400018597;14;11;9;1745;3;1;1;2;6;162;;M;4435800;239500;120
201400018598;14;8;30;1700;1;1;1;1;7;94;;M;4465200;256100;120
201400018599;14;9;4;900;1;1;1;7;1;116;;M;0;0;120
201400018600;14;9;7;1100;1;1;1;1;6;209;;M;4466600;266300;120
201400018601;14;10;4;1915;2;1;1;1;6;93;;M;4465900;250900;120
201400018602;14;10;8;715;2;1;1;1;6;36;;M;4482900;268800;120
201400018603;14;6;12;1600;1;1;1;3;6;168;LIEUDIT : LES CARBONIES;M;4409250;326206;120
201400018604;14;10;17;900;1;2;6;1;1;208;Bd Aristide Briand;M;4396300;288200;120
201400018605;14;2;1;2030;2;1;1;2;7;147;LIEUDIT CAMI DE LA ROQUE;M;4380680;301129;120
201400018606;14;2;6;1445;1;1;1;1;5;186;CD 999;M;4386900;256863;120
201400018607;14;5;2;1630;1;1;3;1;3;25;CARREFOUR DU PETIT ST JE;M;4387030;275674;120
201400018608;14;5;28;1200;1;1;1;1;3;42;RD 902;M;4392690;273492;120
201400018609;14;6;26;945;1;1;1;1;6;69;LIEUDIT : LA BESSEDE;M;4387630;270105;120
201400018610;14;7;7;1145;1;1;1;2;5;195;;M;0;0;120
201400018611;14;7;2;1930;1;1;1;1;6;217;;M;4442900;195500;120
201400018612;14;4;25;2330;5;2;1;1;1;35;rue chevrière;M;4741896;-61175;490
201400018613;14;5;17;945;1;2;1;1;6;214;10 Rue Espéranto;M;4752924;-60475;490
201400018614;14;6;17;1800;1;1;1;1;7;278;;M;4743292;-56929;490
201400018615;14;1;12;315;3;1;6;2;6;42;;M;4746697;-43526;490
201400018616;14;1;12;1700;1;2;1;1;3;42;rue du veau dore;M;4748019;-41382;490
201400018617;14;2;15;1900;3;1;1;1;6;307;;M;4742917;-29974;490
201400018618;14;3;2;1200;1;1;1;1;2;307;;M;4741415;-34740;490
201400018619;14;6;10;845;1;1;1;1;4;32;;M;4741604;-35837;490
201400018620;14;7;3;1815;1;1;1;7;1;117;;M;4742014;-42131;490
201400018621;14;8;8;1015;1;2;1;2;6;323;avenue de la millardiere;M;4751403;-47396;490
201400018622;14;8;26;1915;1;2;1;1;3;323;avenue de la millardière;M;4751410;-47417;490
201400018623;14;11;7;2355;3;1;1;1;1;42;;M;4746882;-44426;490
201400018624;14;12;21;800;1;1;1;1;6;42;Le grand limesle;M;4744798;-43864;490
201400018625;14;12;29;1415;1;2;1;7;2;42;grande rue;M;4744762;-40962;490
201400018626;14;1;26;1345;1;1;1;2;6;63;;M;4731550;-76648;490
201400018627;14;5;30;1830;1;1;2;1;3;39;;M;4732199;-84103;490
201400018628;14;1;20;1900;5;2;1;2;1;316;rue de vendee;M;4727164;-107380;490
201400018629;14;2;16;1500;1;1;1;7;7;204;;M;4739699;-92060;490
201400018630;14;9;26;1545;1;2;1;1;6;313;avenue du Parc;M;4726938;-102592;490
201400018631;14;5;23;1630;1;1;2;1;3;150;;M;4755258;6961;490
201400018632;14;8;15;830;1;1;1;8;6;372;;M;4750646;-15994;490
201400018633;14;8;20;1015;1;1;1;7;2;369;;M;4738033;8685;490
201400018634;14;1;8;815;3;1;1;5;6;370;;M;4726999;-20144;490
201400018635;14;2;12;1700;1;2;2;2;3;261;inters D751 Bis et D952;M;4734973;-22664;490
201400018636;14;1;8;745;2;1;1;5;6;46;;M;4716290;-4542;490
201400018637;14;6;29;815;1;2;2;1;3;364;Rue croix St André;M;4714562;-24212;490
201400018638;14;8;16;1915;1;1;1;7;4;215;;M;4713703;-16378;490
201400018639;14;1;21;1730;4;1;1;2;1;248;;M;4777702;-119317;490
201400018640;14;1;31;445;3;1;1;5;6;36;;M;4774887;-97868;490
201400018641;14;2;25;1400;1;1;1;1;6;277;;M;4769264;-89862;490
201400018642;14;3;8;1945;3;1;6;1;7;331;La Renaissance;M;4769694;-87014;490
201400018643;14;4;29;1215;1;2;1;2;3;229;rue du parc;M;4770567;-96258;490
201400018644;14;7;12;1800;1;1;1;1;3;305;;M;4769804;-70928;490
201400018645;14;8;30;800;1;1;1;1;7;178;;M;4760585;-99057;490
201400018646;14;9;16;730;2;1;1;1;6;248;Les Loges;M;4774382;-119121;490
201400018647;14;10;26;200;3;1;1;1;6;187;La Pagerie;M;4765095;-86116;490
201400018648;14;11;8;900;1;1;1;8;1;178;;M;4760597;-99047;490
201400018649;14;12;2;1345;1;1;2;8;3;184;La Lambergere;M;4770201;-83094;490
201400018650;14;3;29;1430;1;1;1;1;7;251;La chevrie;M;4758799;-66483;490
201400018651;14;7;3;1845;1;1;2;1;3;367;Le Bignon;M;4756336;-86786;490
201400018652;14;11;28;900;1;2;3;1;3;176;Place cochard;M;4762487;-71877;490
201400018653;14;8;24;1830;1;1;1;1;7;85;;M;4881958;571511;550
201400018654;14;9;12;1800;1;1;2;1;3;537;;M;0;0;550
201400018655;14;10;4;1845;1;1;1;1;6;361;;M;4927300;577300;550
201400018656;14;10;14;1445;1;1;1;1;1;317;;M;4918300;596500;550
201400018657;14;4;17;45;3;1;1;1;6;351;"lieu-dit ""TIVOLI""";M;4952498;536155;550
201400018658;14;10;31;1100;1;1;1;1;7;104;;M;4858638;-27733;610
201400018659;14;5;17;1615;1;1;1;1;7;64;;M;4864334;32131;610
201400018660;14;7;6;915;1;1;1;3;6;215;;M;4853464;37231;610
201400018661;14;7;26;2045;1;2;1;1;6;314;;M;4878533;-6446;610
201400018662;14;8;22;1400;1;1;1;1;2;170;;M;4868711;-5962;610
201400018663;14;10;29;1330;1;1;2;1;3;9;SAINTE EUGENIE;M;4878411;7373;610
201400018664;14;12;5;1745;3;1;1;2;6;199;BISSEY;M;4877421;-16982;610
201400018665;14;1;10;1830;3;1;3;5;1;86;HOTELLERIE FAROULT;M;4889445;11036;610
201400018666;14;5;4;845;1;1;1;1;7;138;LE BOUILLONNAY;M;4875178;27478;610
201400018667;14;7;11;1455;1;2;1;1;7;275;RUE GUITRY;M;4870189;29022;610
201400018668;14;11;8;2225;3;2;1;8;6;310;;M;4871024;20314;610
201400018669;14;4;17;915;1;2;1;7;6;145;6 RUE DE LA REPUBLIQUE;M;4859145;-64654;610
201400018670;14;10;20;915;1;1;2;1;3;421;L HOTEL MORTON;M;4854690;-77095;610
201400018671;14;12;23;1230;1;2;1;2;2;145;L'HOTELLERIE;M;4858007;-61942;610
201400018672;14;4;12;1445;1;2;1;1;6;186;Rue Saint Hilaire;M;4851108;-48108;610
201400018673;14;5;3;1230;1;1;1;1;6;168;;M;4855547;-38523;610
201400018674;14;5;28;745;1;1;1;1;3;243;LA COUR CHALMEL;M;4858736;-33797;610
201400018675;14;7;6;1230;1;1;1;1;6;243;SAINT JEAN;M;4858138;-35170;610
201400018676;14;9;4;1445;1;1;1;1;1;463;;M;4862753;-42889;610
201400018677;14;10;25;2030;3;1;1;1;6;239;LA BROUDIERE;M;4856587;-77095;610
201400018678;14;12;14;1645;1;1;1;1;6;260;LES MANOIRS;M;4866882;-40924;610
201400018679;14;4;11;1915;1;1;3;1;3;66;LA HARACHE;M;4850734;40567;610
201400018680;14;5;5;900;1;1;2;1;3;411;LA GRAVELLE;M;4843955;45689;610
201400018681;14;5;9;1815;1;2;1;1;1;418;RUE DE L'EGLISE;M;4850978;63339;610
201400018682;14;6;10;1700;1;2;2;1;3;414;rue des Ravenelles/D931;M;4851267;54014;610
201400018683;14;9;2;1025;1;1;3;1;5;29;;M;4853439;49361;610
201400018684;14;11;18;1900;3;1;3;1;3;327;;M;4843582;44684;610
201400018685;14;2;9;615;2;2;1;1;6;342;LE MOULIN;M;4874703;57951;610
201400018686;14;3;8;1715;1;2;1;1;6;456;65 BLD LECLERC;M;4876133;64398;610
201400018687;14;4;4;30;3;2;1;1;6;214;Avenue du mont st michel;M;4875721;60721;610
201400018688;14;5;30;15;3;1;1;1;7;456;LA FERME D ECUBLEI;M;4877969;66527;610
201400018689;14;5;30;115;3;1;1;1;6;136;BEAUFILS;M;4884767;55887;610
201400018690;14;6;10;1900;1;2;1;1;6;214;10 RUE DR FRINAULT;M;4876584;61294;610
201400018691;14;7;12;1215;1;1;3;8;5;432;;M;4875853;68151;610
201400018692;14;10;1;630;5;1;7;1;6;214;PLACE FULBERT DE BEINA;M;4876483;62960;610
201400018693;14;8;5;1800;1;1;1;1;1;296;;M;4855060;77624;610
201400018694;14;8;8;2030;2;1;1;1;6;115;LA PETITE PITOUGERE;M;4838652;82223;610
201400018695;14;1;31;930;1;1;1;1;1;192;;M;5002183;134792;760
201400018696;14;2;14;730;1;1;3;1;3;618;;M;4996261;123642;760
201400018697;14;2;26;1700;1;1;1;1;6;442;;M;4998796;147822;760
201400018698;14;3;13;1015;1;1;3;5;3;255;;M;5006200;142454;760
201400018699;14;5;24;630;2;2;1;1;6;638;78, R DE LA FORET;M;5001948;145540;760
201400018700;14;7;6;1500;1;2;1;2;1;255;AV DES CANADIENS;M;5003870;142358;760
201400018701;14;8;2;630;1;2;2;1;6;435;2, RUE CHASSES MAREES;M;4997121;144550;760
201400018702;14;8;20;845;1;2;1;1;1;255;5, R DES BELGES;M;5005640;142345;760
201400018703;14;9;26;1315;1;1;1;1;6;192;;M;5001073;129925;760
201400018704;14;9;27;1045;1;2;1;1;2;374;50, R PIERRE ET MARIE CU;M;5001155;149370;760
201400018705;14;9;23;1800;1;2;1;1;6;192;72, R DE LA LIBERATION;M;5001656;131830;760
201400018706;14;10;2;700;2;1;1;1;6;435;;M;4997934;144298;760
201400018707;14;10;17;1845;1;2;1;1;3;638;70 Rue du fresne;M;5000796;143794;760
201400018708;14;10;30;2000;3;1;1;1;4;618;;M;4995608;122882;760
201400018709;14;11;2;2315;5;2;1;2;7;507;33, RTE D'EU;M;5004226;143711;760
201400018710;14;11;12;1845;3;1;3;8;2;696;;M;5000008;128460;760
201400018711;14;12;14;1515;1;1;1;1;1;266;;M;5003303;137638;760
201400018712;14;2;2;930;1;1;2;1;3;591;;M;4945114;120936;760
201400018713;14;3;25;1815;1;2;6;2;6;106;RUE DE L EGLISE;M;4943310;125614;760
201400018714;14;4;9;2230;4;1;1;1;6;121;;M;4956831;143522;760
201400018715;14;11;14;945;1;1;2;1;3;738;;M;4955500;127946;760
201400018716;14;12;6;1615;1;2;2;1;6;243;RD 93 - RD 290;M;4953540;136198;760
201400018717;14;3;22;1430;1;1;1;1;1;350;;M;0;0;630
201400018718;14;5;17;2045;1;2;1;1;6;214;Route d?partementale D8;M;4569200;319100;630
201400018719;14;7;17;1600;1;1;3;1;1;378;;M;0;0;630
201400018720;14;2;16;1700;1;1;1;1;3;207;;M;4565100;367000;630
201400018721;14;3;30;1215;1;2;1;1;7;132;place du marché;M;4563236;356020;630
201400018722;14;5;8;1515;1;1;1;1;7;132;;M;0;0;630
201400018723;14;5;11;1215;1;2;1;1;6;258;;M;4568000;363300;630
201400018724;14;6;25;1400;1;1;1;1;1;207;;M;0;0;630
201400018725;14;9;8;1745;1;1;1;3;3;207;;M;4567100;364700;630
201400018726;14;9;17;630;2;1;1;1;1;207;;M;4567200;364600;630
201400018727;14;10;10;1300;1;1;1;3;3;258;;M;4568100;363800;630
201400018728;14;10;23;1730;1;2;7;1;6;132;ld la barge;M;4562542;356384;630
201400018729;14;11;20;1545;1;2;1;1;6;258;l'Orme;M;4567538;364000;630
201400018730;14;12;7;1515;1;1;1;2;7;414;;M;0;0;630
201400018731;14;4;5;1400;1;1;1;1;3;412;;M;4541000;389000;630
201400018732;14;5;28;1700;1;1;1;1;2;178;;M;0;0;630
201400018733;14;8;29;1630;1;2;3;1;3;178;chemin de pardines;M;4554709;324121;630
201400018734;14;10;6;1730;1;1;1;2;6;199;;M;0;0;630
201400018735;14;11;6;1300;1;1;3;1;3;261;;M;4556270;327359;630
201400018736;14;12;19;845;1;2;3;1;2;178;Kennedy/mendes france;M;4555139;325007;630
201400018737;14;6;8;900;1;1;1;1;7;236;;M;4559000;279600;630
201400018738;14;6;16;1500;1;2;1;7;7;246;le bourg D219;M;0;0;630
201400018739;14;7;9;1945;1;1;1;3;7;28;;M;0;0;630
201400018740;14;7;18;1130;1;1;2;1;1;317;;M;4596396;331763;630
201400018741;14;8;9;2015;3;1;1;1;7;400;;M;0;0;630
201400018742;14;8;20;1745;1;1;1;1;1;89;;M;4587303;321886;630
201400018743;14;8;26;1600;1;1;3;1;3;148;;M;4589800;321500;630
201400018744;14;4;28;1445;1;1;1;1;6;55;;M;0;0;630
201400018745;14;6;27;2215;3;1;1;1;6;85;;M;0;0;630
201400018746;14;7;17;1200;1;1;1;1;3;118;;M;0;0;630
201400018747;14;7;30;1915;1;1;1;1;1;385;;M;0;0;630
201400018748;14;6;30;1500;1;1;2;1;3;281;;M;4611144;269843;630
201400018749;14;11;8;1315;1;2;3;1;3;233;rue poste/ rue promenade;M;4617939;280931;630
201400018750;14;2;12;1015;1;2;1;1;6;430;rue du moutier;M;4585124;354402;630
201400018751;14;3;23;2300;3;1;1;8;6;430;;M;0;0;630
201400018752;14;6;14;1915;1;2;1;1;1;430;avenue Ernest Grange;M;0;0;630
201400018753;14;7;17;1630;1;2;1;1;6;430;en face gendar et Brouss;M;4584850;353325;630
201400018754;14;12;17;1700;5;2;1;3;6;125;9 AVENUE HENRI POURRAT;M;4575514;354283;630
201400018755;14;4;25;100;3;1;1;2;6;265;;M;0;0;630
201400018756;14;4;25;1345;1;1;1;2;6;195;;M;0;0;630
201400018757;14;8;19;1400;1;1;1;1;1;364;;M;0;0;630
201400018758;14;6;13;845;1;2;1;1;6;119;route de clamecy;M;4752051;353983;890
201400018759;14;6;16;1900;1;1;1;1;6;256;;M;0;0;890
201400018760;14;8;21;1615;1;1;1;1;6;125;;M;4758628;351371;890
201400018761;14;8;29;245;5;2;6;1;6;200;;M;4792861;360544;890
201400018762;14;11;4;115;3;1;1;3;3;263;;M;4784241;355079;890
201400018763;14;11;20;700;2;1;1;1;2;68;;M;4782031;377911;890
201400018764;14;4;1;1630;1;1;1;1;6;216;;M;4755942;326742;890
201400018765;14;6;22;1100;1;1;1;1;3;254;;M;4770654;318178;890
201400018766;14;7;12;1130;1;1;9;1;6;192;;M;4778929;319077;890
201400018767;14;1;24;1830;3;1;1;1;6;235;;M;4748589;399082;890
201400018768;14;2;4;1915;5;2;1;2;3;25;10 avenue Victor Hugo;M;4749037;389697;890
201400018769;14;4;7;600;2;1;1;1;2;134;;M;4747773;401047;890
201400018770;14;4;26;2115;3;1;1;2;3;25;;M;4745940;391786;890
201400018771;14;5;10;1545;1;1;1;1;6;349;;M;4739955;403014;890
201400018772;14;8;17;1545;1;1;1;1;6;277;;M;4769115;386529;890
201400018773;14;2;17;1600;1;1;6;1;7;418;;M;0;0;890
201400018774;14;3;13;1745;1;1;1;1;6;211;;M;4788381;394747;890
201400018775;14;1;17;1800;3;1;1;1;1;78;;M;4793539;336611;890
201400018776;14;2;11;1030;1;2;1;1;6;3;35 Rue Saint Antoine;M;4787436;335069;890
201400018777;14;3;16;1545;1;2;1;1;3;304;04, rue des Grains d'Arg;M;4783093;342023;890
201400018778;14;6;7;1630;1;2;1;1;7;167;15 Grande Rue;M;4787060;345347;890
201400018779;14;6;26;1815;1;2;1;1;3;304;rue Saint Louis;M;4784345;339401;890
201400018780;14;9;7;1015;1;1;1;7;7;334;;M;4783277;331232;890
201400018781;14;12;15;1015;1;1;1;7;6;334;;M;4783631;329249;890
201400018782;14;12;17;1345;1;1;1;2;6;163;;M;4786527;323728;890
201400018783;14;6;4;1800;1;2;1;1;6;460;21 rue Gustave Eiffel;M;4834147;307695;890
201400018784;14;9;3;1600;1;1;1;1;3;449;;M;4832846;307713;890
201400018785;14;9;27;1830;2;1;1;7;1;414;;M;4830376;342276;890
201400018786;14;10;26;1100;1;1;1;1;6;414;;M;4828732;342764;890
201400018787;14;12;1;1745;3;1;1;2;3;74;;M;4831627;314850;890
201400018788;14;1;14;1900;3;1;3;1;3;459;;M;4814927;317576;890
201400018789;14;11;11;1745;3;1;1;1;1;380;;M;4807026;310456;890
201400018790;14;1;23;1945;5;2;2;2;3;464;Rue Carnot/Valprofonde;M;4808351;329476;890
201400018791;14;5;11;1630;1;1;1;1;1;388;;M;4793791;325867;890
201400018792;14;6;11;2030;1;2;1;1;6;348;39 avenue pasteur;M;4802829;330282;890
201400018793;14;4;29;2230;3;1;1;3;6;525;;M;0;0;710
201400018794;14;10;30;1730;1;1;1;1;6;582;;M;0;0;710
201400018795;14;12;23;1845;3;1;1;4;7;217;;M;4628696;459142;710
201400018796;14;1;30;2015;3;2;6;1;6;591;;M;4644910;488635;710
201400018797;14;6;9;915;1;1;1;1;3;550;;M;0;0;710
201400018798;14;10;11;1815;1;2;2;1;4;345;;M;4643551;480841;710
201400018799;14;10;28;1115;1;1;1;1;5;305;;M;0;0;710
201400018800;14;5;29;245;3;1;1;1;6;190;;M;0;0;710
201400018801;14;5;31;1600;1;1;1;1;6;190;;M;0;0;710
201400018802;14;6;4;1530;1;2;1;1;2;14;avenue du 2eme dragon;M;4695607;431433;710
201400018803;14;6;8;2200;3;1;1;1;3;162;;M;0;0;710
201400018804;14;7;7;1815;1;2;1;2;6;190;38 rue jean bouveri;M;4698563;451737;710
201400018805;14;8;18;945;1;1;9;1;3;144;;M;4703863;433976;710
201400018806;14;8;29;945;1;1;1;2;1;14;;M;0;0;710
201400018807;14;11;3;1800;3;1;1;2;1;349;;M;0;0;710
201400018808;14;11;4;1815;2;1;1;2;1;14;;M;4694828;434980;710
201400018809;14;12;27;1745;5;2;1;8;6;14;rue Arbalete;M;4694949;430040;710
201400018810;14;9;7;1545;1;1;1;1;7;450;;M;0;0;710
201400018811;14;3;23;1315;1;2;1;1;6;390;31 RUE DU PAQUIER;M;4669462;434114;710
201400018812;14;7;26;1915;1;1;1;8;1;310;;M;0;0;710
201400018813;14;11;7;1515;1;1;1;1;6;268;;M;0;0;710
201400018814;14;9;18;1530;1;1;1;3;1;95;;M;0;0;710
201400018815;14;10;18;1945;5;1;1;1;1;133;;M;0;0;710
201400018816;14;8;3;930;1;2;1;1;1;230;rue Roger COUDERC;M;4659527;405364;710
201400018817;14;11;28;630;5;1;1;1;3;212;;M;0;0;710
201400018818;14;1;20;1315;2;1;1;2;1;558;;M;0;0;710
201400018819;14;3;7;1700;1;2;1;7;7;263;rue d'Alsace;M;4662983;522564;710
201400018820;14;5;17;2030;1;1;1;1;6;528;;M;4660422;517847;710
201400018821;14;5;25;2230;3;1;1;1;6;528;;M;0;0;710
201400018822;14;5;29;1545;1;1;1;1;6;56;;M;4664149;519717;710
201400018823;14;5;30;1430;1;2;3;1;3;263;Rue de Beaufort;M;0;0;710
201400018824;14;6;1;1715;1;2;1;1;3;263;route de Sornay;M;0;0;710
201400018825;14;7;18;1015;1;1;1;1;1;367;;M;0;0;710
201400018826;14;10;27;1400;1;1;2;1;3;484;;M;4667080;527088;710
201400018827;14;9;6;315;3;1;1;1;1;248;;M;0;0;710
201400018828;14;1;23;1845;5;2;1;2;6;410;avenue Henri IV;M;4337600;-63000;640
201400018829;14;3;10;1415;1;2;1;1;1;512;ROUTE DE LOUBIENG - D110;M;4341100;-71500;640
201400018830;14;3;29;300;5;1;1;1;6;288;;M;4337900;-53000;640
201400018831;14;8;23;2130;3;2;1;1;7;57;ROUTE DE CAUBIN;M;0;0;640
201400018832;14;8;29;800;1;2;6;8;6;410;AVENUE CHARLES  MOUREU;M;0;0;640
201400018833;14;10;30;1030;1;2;9;1;6;410;avenue charles moureu;M;4337500;-62500;640
201400018834;14;9;2;1245;1;2;6;1;3;154;rue Paul Sabatier;M;0;0;710
201400018835;14;11;17;1115;1;2;2;2;2;154;44 rue Paul Sabatier;M;4682744;486714;710
201400018836;14;9;20;1345;1;1;3;1;5;31;;M;4362840;241049;810
201400018837;14;1;6;745;2;1;3;1;3;2;;M;4351730;231097;810
201400018838;14;7;16;1830;1;2;1;1;6;307;LE BOURG;M;4356860;230889;810
201400018839;14;8;3;930;1;1;1;1;6;237;;M;4348090;211293;810
201400018840;14;8;10;1015;1;2;3;1;6;66;CARREFOUR MAIRIE;M;4356870;230841;810
201400018841;14;8;13;5;3;1;1;2;6;288;;M;4345310;203551;810
201400018842;14;9;17;2115;3;1;1;1;6;325;;M;4355410;219811;810
201400018843;14;9;19;2000;3;1;1;1;1;120;;M;4351940;230512;810
201400018844;14;10;21;1;5;2;1;1;6;307;CD 612;M;4356880;230230;810
201400018845;14;12;21;500;3;1;1;1;6;289;;M;0;0;810
201400018846;14;8;23;2000;2;2;3;2;3;82;;M;4622500;467200;690
201400018847;14;9;7;1045;1;2;1;1;6;150;le bourg;M;0;0;690
201400018848;14;12;28;2000;3;1;1;9;6;162;;M;4613000;462400;690
201400018849;14;12;2;830;1;1;1;5;3;169;;M;4597400;442300;690
201400018850;14;3;28;2330;5;2;1;1;6;236;AVENUE DE LA VIGNE;M;0;0;330
201400018851;14;5;7;1045;1;2;1;1;6;36;Rue Fondespan;M;0;0;330
201400018852;14;6;14;1645;1;1;1;1;6;195;;M;0;0;330
201400018853;14;7;7;1545;1;2;2;1;3;36;;M;0;0;330