num_acc;an;mois;jour;hrmn;lum;agg;int;atm;col;com;adr;gps;lat;long;dep
201400018854;14;8;16;600;3;2;1;1;6;333;avenue de l'oc?an;M;0;0;330
201400018855;14;5;17;2230;3;1;1;1;7;125;;M;0;0;330
201400018856;14;6;4;2230;5;1;1;1;6;314;;M;0;0;330
201400018857;14;7;5;600;2;1;1;1;1;125;;M;0;0;330
201400018858;14;12;6;2115;5;2;1;1;3;314;SAINT LAMBERT;M;0;0;330
201400018859;14;9;30;1630;1;1;1;1;6;490;;M;0;0;330
201400018860;14;3;20;1745;1;1;1;1;1;301;;M;0;0;330
201400018861;14;4;16;1745;1;1;1;1;1;531;;M;0;0;330
201400018862;14;12;22;1700;1;1;1;1;6;194;;M;0;0;330
201400018863;14;10;16;1100;1;1;1;2;6;320;;M;0;0;330
201400018864;14;12;6;2330;3;1;1;1;7;480;;M;4441400;29900;330
201400018865;14;6;30;1230;1;2;1;7;6;281;24 route des Pyrenees;M;4311690;6917;650
201400018866;14;6;2;1500;1;1;1;1;1;315;;M;4324651;49864;650
201400018867;14;9;25;1430;1;1;1;1;7;28;D 24;M;0;0;650
201400018868;14;2;9;1430;1;1;1;1;1;130;;M;4355999;-1970;650
201400018869;14;5;27;1945;1;2;1;1;6;460;rue du mar?chal foch;M;4338519;5211;650
201400018870;14;5;26;1615;1;2;6;1;3;121;Rond-point de ST-AUNIS;M;4335857;6467;650
201400018871;14;7;23;1015;1;2;1;1;6;460;23 BD ALSACE LORRAINE;M;4338514;5516;650
201400018872;14;10;14;1400;1;1;1;1;1;425;;M;0;0;650
201400018873;14;1;1;15;3;1;1;1;7;138;ROUTE DU CAMBASQUE;M;4288263;-14044;650
201400018874;14;9;19;1330;1;1;1;1;7;271;;M;4310123;-632;650
201400018875;14;6;22;515;2;1;1;1;7;110;;M;4730900;183600;410
201400018876;14;7;21;2045;1;1;1;1;6;126;A85 PR146+200;M;4729200;128000;410
201400018877;14;8;11;600;2;1;1;1;6;2;PR 142+000;M;4730000;122600;410
201400018878;14;8;29;1945;1;1;1;1;2;110;PR 190+600;M;4731000;183400;410
201400018879;14;9;12;1645;1;1;1;1;2;180;;M;4740200;126200;410
201400018880;14;9;26;1115;2;1;1;1;2;44;;M;4729400;193200;410
201400018881;14;5;16;630;1;2;6;1;3;48;RD 813 - RD 06;M;0;0;820
201400018882;14;9;15;1800;1;1;1;1;6;25;;M;0;0;820
201400018883;14;3;17;1945;2;1;1;1;6;127;;M;0;0;820
201400018884;14;8;20;1900;1;1;1;1;6;51;;M;4418500;115800;820
201400018885;14;10;29;2245;3;1;1;1;6;112;;M;0;0;820
201400018886;14;11;14;1715;2;1;1;3;2;169;;M;0;0;820
201400018887;14;11;25;2045;3;1;1;5;1;80;;M;0;0;820
201400018888;14;2;10;1530;1;2;1;1;6;338;63, RUE JULES LARDIERE;M;0;0;800
201400018889;14;2;15;2215;3;1;1;8;6;36;;M;0;0;800
201400018890;14;3;21;1900;2;1;2;1;3;461;;M;0;0;800
201400018891;14;4;30;2345;3;1;1;1;1;426;;M;0;0;800
201400018892;14;5;18;1600;1;1;1;1;6;752;;M;0;0;800
201400018893;14;7;21;1600;1;1;1;1;6;112;;M;0;0;800
201400018894;14;8;3;715;2;2;1;1;6;429;1 rue du Chateau;M;0;0;800
201400018895;14;10;6;1330;1;1;1;1;1;507;;M;4985408;254997;800
201400018896;14;11;17;1930;3;1;1;2;7;159;;M;4986965;246662;800
201400018897;14;3;14;745;1;1;1;5;5;754;;M;0;0;800
201400018898;14;3;16;1045;1;2;1;1;1;62;38 RUE DE BEUVILLE;M;4984601;178448;800
201400018899;14;4;9;1430;1;1;1;1;7;554;;M;0;0;800
201400018900;14;4;14;1145;1;1;1;1;5;456;;M;0;0;800
201400018901;14;6;18;600;1;1;1;1;7;796;;M;0;0;800
201400018902;14;7;25;1030;1;1;1;1;3;587;;M;0;0;800
201400018903;14;9;1;230;3;1;1;1;6;61;;M;4982856;177331;800
201400018904;14;10;31;530;5;1;1;1;2;732;;M;4988882;171836;800
201400018905;14;12;24;1130;1;1;1;2;6;61;;M;4982929;177273;800
201400018906;14;1;31;915;1;1;2;5;3;583;;M;0;0;800
201400018907;14;2;9;545;5;2;1;6;6;301;rue de la gare;M;0;0;800
201400018908;14;2;23;1645;1;1;1;1;7;656;;M;0;0;800
201400018909;14;3;3;1400;1;2;1;8;6;791;01 le culmont;M;0;0;800
201400018910;14;4;25;330;3;1;1;1;7;627;;M;0;0;800
201400018911;14;6;7;1930;1;1;1;1;7;611;RUE DE LA FONTENELLE;M;4976994;226965;800
201400018912;14;6;22;1545;1;2;1;1;6;485;5 rue du marais;M;4977218;217023;800
201400018913;14;7;16;1915;1;1;1;1;3;717;;M;0;0;800
201400018914;14;7;25;1930;1;2;1;1;1;696;Rue de la chaussée - RD7;M;0;0;800
201400018915;14;8;9;1750;1;1;1;1;3;573;;M;0;0;800
201400018916;14;9;30;1830;1;2;1;1;6;583;RUE D AMIENS;M;4979507;220176;800
201400018917;14;1;18;2245;3;1;1;1;6;207;;M;0;0;800
201400018918;14;2;22;1900;3;1;1;1;3;24;;M;0;0;800
201400018919;14;3;4;1100;1;2;1;8;6;718;331 RUE MAURICE THOREZ;M;0;0;800
201400018920;14;7;1;1330;1;1;1;1;3;20;;M;0;0;800
201400018921;14;9;5;2300;3;2;1;1;3;639;rue H et G. DESJARDIN;M;4994214;228028;800
201400018922;14;10;8;1600;1;1;1;1;1;173;RUE D'ARTOIS;M;4995204;235800;800
201400018923;14;10;13;1515;1;1;1;1;3;24;;M;4994067;223276;800
201400018924;14;12;2;15;3;1;1;1;6;562;;M;4997967;243026;800
201400018925;14;12;10;815;3;1;1;2;2;718;;M;4995740;222786;800
201400018926;14;2;15;315;3;2;1;6;6;512;route de rouen;M;0;0;800
201400018927;14;5;30;915;1;1;1;1;2;215;;M;0;0;800
201400018928;14;6;1;1645;1;1;1;1;1;328;;M;0;0;800
201400018929;14;6;12;1230;1;2;1;1;1;635;cd901;M;0;0;800
201400018930;14;6;25;1545;1;1;1;1;5;779;;M;0;0;800
201400018931;14;7;5;845;1;1;1;1;6;282;;M;0;0;800
201400018932;14;9;7;1200;1;1;1;1;3;486;32 R DE LA CHAPELLE;M;5004267;198626;800
201400018933;14;9;21;2045;5;2;1;1;2;249;29 chaussee brunehaut;M;5011677;204715;800
201400018934;14;10;26;1915;5;2;1;1;6;512;107 grande rue;M;5007348;182240;800
201400018935;14;11;25;1730;3;1;1;2;1;578;;M;5006625;177414;800
201400018936;14;12;8;1415;1;1;1;1;1;260;;M;5015010;185060;800
201400018937;14;12;17;1200;1;1;1;2;4;635;;M;5006094;189439;800
201400018938;14;1;13;1715;1;2;1;1;6;368;RUE JULES VALLES;M;5008951;155210;800
201400018939;14;2;7;2045;5;2;1;1;6;182;RUE MARECHAL FOCH;M;0;0;800
201400018940;14;2;18;715;3;1;1;1;6;183;;M;0;0;800
201400018941;14;2;25;1300;1;2;1;1;1;597;10 RUE DE FEUQUIERES;M;5007802;160074;800
201400018942;14;3;2;1130;1;2;1;1;6;39;BD MICHEL COUILLET;M;5010686;145151;800
201400018943;14;3;3;1415;1;1;2;1;3;265;;M;5003394;156712;800
201400018944;14;3;9;1445;1;2;1;1;3;662;;M;0;0;800
201400018945;14;3;22;700;2;2;1;1;6;146;6 route nationale;M;0;0;800
201400018946;14;4;15;845;1;1;1;1;6;146;;M;0;0;800
201400018947;14;4;29;1230;1;2;1;1;7;518;14 rue de vismes;M;0;0;800
201400018948;14;5;9;1830;1;2;1;1;6;597;rue de feuquieres;M;5007839;160052;800
201400018949;14;5;13;1645;1;2;3;1;3;368;Avenue de la Liberation;M;0;0;800
201400018950;14;6;1;1745;1;1;1;1;7;110;;M;5016201;165558;800
201400018951;14;6;30;1830;1;1;1;1;1;182;;M;0;0;800
201400018952;14;7;7;1800;1;1;1;1;5;110;;M;0;0;800
201400018953;14;7;11;1615;1;1;2;2;3;518;;M;0;0;800
201400018954;14;7;31;1700;1;2;2;1;3;765;carrefour CD 29 - CD 22;M;0;0;800
201400018955;14;8;3;1145;1;1;2;8;3;721;;M;0;0;800
201400018956;14;8;17;1915;1;2;1;2;7;110;CD940;M;0;0;800
201400018957;14;9;13;1115;1;1;1;1;1;161;;M;5012762;173898;800
201400018958;14;9;22;1645;1;1;6;1;3;714;;M;5006310;146550;800
201400018959;14;12;7;1245;1;2;1;8;6;721;49, QUAI BLAVET;M;5018596;164172;800
201400018960;14;12;14;1415;1;1;1;1;1;4;;M;0;0;800
201400018961;14;12;27;1545;1;2;1;7;1;500;rue principale;M;5001043;160647;800
201400018962;14;3;9;1415;1;1;1;1;2;688;;M;0;0;800
201400018963;14;3;9;1130;1;2;1;1;3;598;;M;0;0;800
201400018964;14;4;1;1715;1;1;1;1;3;250;;M;0;0;800
201400018965;14;6;26;2045;1;1;1;1;6;649;;M;0;0;800
201400018966;14;7;22;800;1;1;2;1;6;590;;M;0;0;800
201400018967;14;8;14;1300;1;1;1;2;3;149;;M;0;0;800
201400018968;14;9;4;815;1;2;1;1;6;688;rue du marais;M;5026885;167607;800
201400018969;14;10;4;2200;3;1;1;2;6;149;;M;5015539;181812;800
201400018970;14;10;6;1630;1;1;1;3;3;633;;M;5022907;172060;800
201400018971;14;10;13;1030;1;1;1;6;6;633;;M;5021139;167162;800
201400018972;14;10;31;1830;3;1;9;1;1;109;;M;5025701;196922;800
201400018973;14;11;2;530;3;2;1;1;6;374;rue du quesnoy;M;5019049;194194;800
201400018974;14;5;11;1100;1;2;1;2;7;153;3 Grande rue;M;0;0;800
201400018975;14;7;1;1030;1;2;7;1;6;253;PLACE THELU;M;5015579;234348;800
201400018976;14;8;7;1115;1;2;1;1;1;3;8, rue de Lealvillers;M;5007241;253140;800
201400018977;14;10;4;2200;3;1;1;2;3;253;;M;0;0;800
201400018978;14;11;14;2300;3;1;1;8;7;70;;M;5007541;235399;800
201400018979;14;12;8;1545;1;1;1;1;1;43;;M;5011628;250313;800
201400018980;14;5;27;2015;2;2;1;1;7;100;rue principale;M;0;0;800
201400018981;14;7;9;1945;1;2;1;2;6;795;2, rue georges outrebon;M;0;0;800
201400018982;14;7;18;1900;1;2;1;7;3;93;12, rue lucien peyrat;M;5004608;214698;800
201400018983;14;10;3;1830;1;1;2;1;1;566;;M;5008854;220131;800
201400018984;14;10;17;1115;1;2;1;1;6;318;2 rue roger godard;M;5001670;207944;800
201400018985;14;1;18;1815;2;1;3;1;1;685;AV FRANCOIS MITTERAND;M;4969625;279799;800
201400018986;14;3;14;730;2;1;1;5;3;176;;M;0;0;800
201400018987;14;4;28;1645;1;2;1;1;1;561;Avenue Maurice Leconte;M;0;0;800
201400018988;14;5;1;1930;1;2;1;1;3;561;place exeter;M;0;0;800
201400018989;14;5;20;1745;2;1;1;2;3;232;;M;0;0;800
201400018990;14;5;29;315;5;2;1;1;6;685;Rue St Gilles;M;0;0;800
201400018991;14;7;11;1615;1;1;1;2;1;685;;M;0;0;800
201400018992;14;8;2;2230;3;1;1;1;7;74;;M;0;0;800
201400018993;14;9;18;1730;1;2;1;1;1;53;route de Roye;M;4971003;286169;800
201400018994;14;10;11;115;3;1;1;1;6;232;;M;0;0;800
201400018995;14;11;6;1200;1;1;2;1;3;293;;M;4966880;260198;800
201400018996;14;12;13;1600;1;1;1;2;7;170;;M;4965909;250181;800
201400018997;14;1;16;1730;2;2;1;2;1;652;;M;0;0;800
201400018998;14;2;19;730;2;1;1;1;6;242;;M;0;0;800
201400018999;14;8;3;730;1;2;1;1;6;315;Route Nationale;M;0;0;800
201400019000;14;8;31;1400;1;2;1;1;3;499;RUE DE SAUVILLERS;M;0;0;800
201400019001;14;9;14;1415;1;1;1;1;1;758;;M;4973338;242817;800
201400019002;14;9;27;2030;3;1;1;1;7;321;;M;4969488;237228;800
201400019003;14;10;18;1615;1;1;1;1;7;31;;M;4975544;265152;800
201400019004;14;5;4;2000;1;1;2;7;3;240;;M;0;0;800
201400019005;14;6;30;1145;1;1;1;1;1;150;;M;0;0;800
201400019006;14;9;13;1100;1;2;1;1;2;620;;M;4990143;292455;800
201400019007;14;9;24;1345;1;1;1;1;6;762;;M;4994382;303477;800
201400019008;14;10;10;2030;3;1;1;1;6;258;;M;4995131;299992;800
201400019009;14;10;19;1730;1;1;1;1;1;401;;M;0;0;800
201400019010;14;11;6;1645;1;2;1;1;1;620;25, RUE DU QUINCONCE;M;4993561;292873;800
201400019011;14;11;11;2145;5;2;1;2;3;601;ROUTE NATIONALE;M;5000688;301910;800
201400019012;14;1;9;900;1;2;2;1;3;116;D934;M;0;0;800
201400019013;14;2;17;745;2;2;1;1;6;186;rue de nesle;M;0;0;800
201400019014;14;3;2;1330;1;1;8;1;1;481;;M;4981287;276946;800
201400019015;14;3;16;1030;1;2;3;1;3;417;Rue de Lihons;M;0;0;800
201400019016;14;8;25;1745;1;1;1;1;6;608;;M;0;0;800
201400019017;14;10;30;1400;1;1;1;1;7;432;;M;4987416;275211;800
201400019018;14;11;29;2045;3;1;1;5;1;33;;M;4989356;283297;800
201400019019;14;12;7;2030;5;2;1;1;1;593;55 ROUTE DE ROYE;M;4992532;272554;800
201400019020;14;2;5;2015;5;2;1;1;3;410;Rue de ST Quentin;M;0;0;800
201400019021;14;6;1;1630;1;1;1;1;3;585;;M;0;0;800
201400019022;14;6;24;2050;1;1;1;1;7;158;;M;0;0;800
201400019023;14;12;28;1745;3;1;1;1;7;509;;M;0;0;800
201400019024;14;3;30;1900;1;2;2;1;3;154;Rue Yvonne DROUIN;M;0;0;600
201400019025;14;4;17;815;1;1;1;1;3;539;;M;0;0;600
201400019026;14;5;24;530;2;1;1;1;6;539;;M;0;0;600
201400019027;14;11;14;1100;1;2;1;2;3;102;chemin de halage;M;0;0;600
201400019028;14;11;26;730;5;2;1;2;6;587;Rue de Paris;M;0;0;600
201400019029;14;2;3;1130;1;1;1;1;2;30;sens brive > bordeaux;M;4516014;133607;190
201400019030;14;5;26;1445;1;1;1;3;6;274;SORTIE 19;M;4517490;147139;190
201400019031;14;6;23;1115;1;1;1;1;6;124;;M;0;0;190
201400019032;14;8;11;1530;1;2;1;1;6;233;COVILI;M;0;0;202
201400019033;14;5;4;2300;3;1;1;1;7;194;;M;0;0;202
201400019034;14;5;6;1730;1;1;1;1;7;299;;M;0;0;202
201400019035;14;1;23;1500;1;1;6;2;6;49;;M;0;0;202
201400019036;14;1;30;1330;1;1;1;2;6;50;;M;0;0;202
201400019037;14;6;18;1245;1;1;1;1;1;150;;M;0;0;202
201400019038;14;4;22;530;3;1;1;1;7;218;;M;0;0;202
201400019039;14;11;10;1130;1;2;1;1;3;96;RN 200 Chenes verts;M;0;0;202
201400019040;14;1;15;1745;4;2;1;1;3;251;D244/strada di a scola;M;0;0;202
201400019041;14;3;16;30;5;2;1;1;2;123;route de Ghisoni;M;0;0;202
201400019042;14;5;30;2200;3;1;1;1;3;251;;M;0;0;202
201400019043;14;7;29;1730;1;1;1;1;1;123;;M;0;0;202
201400019044;14;8;5;1630;1;1;1;1;3;123;;M;0;0;202
201400019045;14;8;24;415;3;1;1;1;3;123;;M;0;0;202
201400019046;14;9;6;845;1;1;2;1;1;342;;M;0;0;202
201400019047;14;11;24;1800;3;2;1;1;2;123;Ancienne voie ferr?e;M;0;0;202
201400019048;14;1;8;1630;1;2;1;1;6;56;50 rue de la république;M;4366338;137052;310
201400019049;14;3;18;830;1;2;1;8;6;150;32 route de Aussonne;M;4365738;132458;310
201400019050;14;4;18;1515;1;2;1;1;2;150;RD 63E;M;0;0;310
201400019051;14;7;16;445;1;2;1;1;3;541;route de Grenade;M;4369553;135078;310
201400019052;14;7;29;1030;1;1;1;1;6;56;;M;0;0;310
201400019053;14;8;23;900;1;1;1;1;1;150;route de pibrac;M;0;0;310
201400019054;14;9;1;1545;1;1;1;1;5;541;;M;0;0;310
201400019055;14;9;12;1500;1;1;1;1;7;541;;M;4369321;135929;310
201400019056;14;10;31;2230;5;2;1;1;1;351;8 RUE DE LA REPUBLIQUE;M;4367120;128786;310
201400019057;14;12;17;645;3;1;1;1;2;150;;M;4366520;131404;310
201400019058;14;3;13;1300;1;1;1;1;1;48;;M;4205104;875107;201
201400019059;14;5;20;1200;1;1;1;1;3;48;;M;4203196;876292;201
201400019060;14;4;28;1645;1;2;1;1;3;130;DEPARTEMENTALE 555;M;4188977;881424;201
201400019061;14;9;27;615;2;2;1;1;3;130;BD Marie Jeanne Bozzi;M;4188863;879888;201
201400019062;14;3;13;1045;1;1;1;1;2;41;;M;4141923;917962;201
201400019063;14;4;27;600;2;1;1;1;7;41;;M;4147317;922678;201
201400019064;14;5;31;1715;1;1;1;1;6;41;;M;4137775;920898;201
201400019065;14;12;31;1945;3;1;1;1;5;130;;M;4187823;894767;201
201400019066;14;4;2;2315;3;1;6;1;6;66;;M;0;0;790
201400019067;14;6;30;2100;1;1;1;1;7;119;;M;0;0;790
201400019068;14;7;10;1845;1;2;1;1;6;281;ROUTE DE NIORT;M;0;0;790
201400019069;14;10;20;1800;1;1;2;1;3;77;;M;0;0;790
201400019070;14;10;26;1730;1;1;1;1;6;351;;M;0;0;790
201400019071;14;12;28;930;1;1;1;1;6;77;"LD ""LE BOIS CHAPELEAU""";M;0;0;790
201400019072;14;1;12;1200;1;2;1;1;1;34;RUE DU CHATEAU D'EAU;M;0;0;790
201400019073;14;2;18;1145;1;1;2;1;3;46;;M;0;0;790
201400019074;14;3;6;815;1;1;3;1;3;137;;M;0;0;790
201400019075;14;4;2;1540;1;2;1;1;6;100;11 RUE DE PREPLOT;M;0;0;790
201400019076;14;4;3;1130;1;1;1;1;7;257;;M;0;0;790
201400019077;14;4;7;945;1;2;1;1;2;162;;M;0;0;790
201400019078;14;4;13;945;1;2;1;1;6;112;;M;0;0;790
201400019079;14;5;9;1745;1;1;1;1;1;216;;M;0;0;790
201400019080;14;6;7;915;1;1;1;1;5;34;;M;0;0;790
201400019081;14;7;6;515;2;1;1;3;7;216;"LD ""CHIRON-MALLET""";M;0;0;790
201400019082;14;7;5;530;3;1;9;2;7;130;;M;0;0;790
201400019083;14;8;5;1345;1;1;2;1;3;130;;M;0;0;790
201400019084;14;9;2;800;1;1;1;1;3;3;;M;0;0;790
201400019085;14;10;6;1200;1;2;1;8;3;170;ROUTE SAINT-HILAIRE;M;0;0;790
201400019086;14;2;12;1430;1;1;1;6;6;327;;M;0;0;790
201400019087;14;7;25;1640;1;1;1;1;7;4;;M;0;0;790
201400019088;14;8;24;215;3;1;1;1;7;217;;M;0;0;790
201400019089;14;8;29;345;4;2;1;1;7;90;ROUTE DU FOUR A CHAUX;M;0;0;790
201400019090;14;10;17;1815;1;1;1;1;1;126;;M;0;0;790
201400019091;14;10;31;1200;1;1;1;1;1;174;"LD ""LA VERGNE""";M;0;0;790
201400019092;14;11;19;1600;1;2;1;1;6;174;PLACE RENE GROUSSARD;M;0;0;790
201400019093;14;2;19;1930;5;2;2;1;3;270;RUE GARRAN DE BALZAN;M;0;0;790
201400019094;14;2;28;1600;1;1;1;9;6;48;;M;0;0;790
201400019095;14;3;13;1306;1;1;1;1;2;48;;M;0;0;790
201400019096;14;3;28;2025;3;1;1;1;6;24;;M;0;0;790
201400019097;14;8;11;1745;1;2;1;1;6;270;24 AVENUE GAMBETTA;M;0;0;790
201400019098;14;9;2;1845;1;1;3;7;3;302;;M;0;0;790
201400019099;14;11;7;1215;1;1;1;2;6;114;;M;0;0;790
201400019100;14;12;12;1945;3;1;2;8;1;201;;M;0;0;790
201400019101;14;3;20;1600;1;2;1;1;1;79;RUE DU MOUTON BLANC;M;0;0;790
201400019102;14;4;13;1945;1;1;2;1;3;62;;M;0;0;790
201400019103;14;8;2;1545;1;1;3;3;4;207;"LD ""LA MAUFREYERE""";M;0;0;790
201400019104;14;9;5;445;3;1;1;1;6;195;;M;0;0;790
201400019105;14;9;23;730;2;1;1;1;3;50;;M;0;0;790
201400019106;14;10;31;1615;1;2;1;1;3;62;20 AVENEU DE LA GARE;M;0;0;790
201400019107;14;5;23;1700;1;2;1;1;1;265;RUE DE FONTENILLES;M;0;0;790
201400019108;14;7;25;1545;1;1;8;1;3;161;;M;0;0;790
201400019109;14;8;1;1430;1;1;1;1;6;292;;M;0;0;790
201400019110;14;8;9;2145;2;2;3;1;6;171;RUE DE LA LOGE;M;0;0;790
201400019111;14;9;18;1745;1;1;1;1;6;171;"LD ""LA CROIX D'INGAND""";M;0;0;790
201400019112;14;11;1;2000;3;1;1;1;7;161;;M;4692300;-19600;790
201400019113;14;11;2;910;1;1;1;1;6;280;;M;0;0;790
201400019114;14;3;28;1545;1;1;1;1;6;213;;M;0;0;790
201400019115;14;4;17;1520;1;2;1;1;6;202;;M;0;0;790
201400019116;14;5;6;2045;2;1;1;1;1;202;;M;0;0;790
201400019117;14;5;9;2045;1;2;2;1;2;172;RUE DE LA VERRONNERIE;M;0;0;790
201400019118;14;5;16;1145;1;2;9;1;3;213;ROUTE DE ST MAIXENT;M;0;0;790
201400019119;14;7;9;115;3;1;1;8;7;29;;M;0;0;790
201400019120;14;8;4;1445;1;1;1;1;1;225;;M;0;0;790
201400019121;14;10;6;1445;1;1;1;2;6;29;"LD ""LA PIOCHERE""";M;0;0;790
201400019122;14;10;16;1730;1;2;6;3;7;202;Boulevard de l'Europe;M;0;0;790
201400019123;14;10;27;1700;1;2;1;1;1;339;4 RUE DU CHENE;M;0;0;790
201400019124;14;11;21;1345;1;1;1;1;6;8;;M;0;0;790
201400019125;14;11;25;1415;1;2;1;8;6;202;;M;0;0;790
201400019126;14;12;18;830;2;1;1;1;1;213;;M;0;0;790
201400019127;14;12;22;445;5;2;1;1;1;347;ROUTE DE THOUARS;M;0;0;790
201400019128;14;2;12;2015;4;1;2;3;3;135;;M;0;0;790
201400019129;14;4;4;1745;1;1;4;8;1;16;;M;0;0;790
201400019130;14;4;9;1730;1;2;1;1;6;5;;M;0;0;790
201400019131;14;12;16;1630;1;1;1;1;1;260;;M;0;0;790
201400019132;14;1;26;1430;1;1;1;3;6;311;;M;0;0;790
201400019133;14;2;12;1900;3;2;1;3;6;179;;M;0;0;790
201400019134;14;4;20;2245;3;1;1;1;6;188;;M;0;0;790
201400019135;14;5;8;2000;2;2;1;1;6;311;6 ROUTE DE LA FORET;M;0;0;790
201400019136;14;7;19;330;3;1;1;2;6;7;"LD ""L'AUBERTIERE""";M;0;0;790
201400019137;14;8;8;1745;1;1;1;3;6;311;;M;0;0;790
201400019138;14;10;19;1515;1;1;1;1;3;94;;M;0;0;790
201400019139;14;2;6;1045;1;1;1;2;3;179;;M;4961408;110962;760
201400019140;14;7;14;1345;1;1;3;1;3;197;;M;4977928;107817;760
201400019141;14;10;23;1400;1;1;1;8;6;360;;M;4973346;106577;760
201400019142;14;3;28;1200;1;1;3;1;3;556;D81;M;4953031;47577;760
201400019143;14;10;19;1530;1;2;1;1;1;279;;M;4961613;59304;760
201400019144;14;12;16;1615;1;1;2;1;3;281;;M;4952195;58435;760
201400019145;14;6;23;845;1;2;3;1;1;744;;M;4983866;156869;760
201400019146;14;1;14;930;1;2;1;7;6;495;22, R JEAN MAILLARD;M;4956841;95388;760
201400019147;14;2;13;645;3;1;2;3;3;433;;M;4958409;88624;760
201400019148;14;6;22;1630;1;1;1;1;1;436;;M;4941926;86421;760
201400019149;14;7;31;2000;1;2;1;1;6;608;91, RTE DE SAINT PAER;M;4951074;85124;760
201400019150;14;11;11;1700;1;1;6;1;3;636;;M;4951515;91960;760
201400019151;14;4;17;1230;1;1;1;1;6;165;;M;0;0;670
201400019152;14;5;21;1145;1;1;1;1;3;59;;M;0;0;670
201400019153;14;6;25;2230;2;1;1;1;6;436;;M;0;0;670
201400019154;14;7;24;2315;3;1;1;1;6;325;;M;0;0;670
201400019155;14;10;20;1645;1;2;1;1;1;276;142, rue principale;M;0;0;670
201400019156;14;11;15;1200;1;1;1;1;1;543;;M;0;0;670
201400019157;14;12;7;1;3;1;1;1;6;342;PV;M;0;0;670
201400019158;14;12;15;1700;3;1;1;1;1;420;;M;0;0;670
201400019159;14;8;21;1830;1;2;1;1;6;105;12 rue du printemps;M;0;0;670
201400019160;14;11;15;1645;2;1;1;1;2;2;;M;0;0;670
201400019161;14;11;28;715;3;1;1;1;7;234;;M;0;0;670
201400019162;14;11;30;200;5;1;1;5;6;514;;M;0;0;670
201400019163;14;9;25;1515;1;1;2;8;3;330;;M;4889000;804299;670
201400019164;14;3;9;1530;1;1;1;1;3;160;;M;0;0;670
201400019165;14;4;7;730;1;2;1;1;3;379;CD28 / CD77;M;0;0;670
201400019166;14;5;15;1715;1;2;1;1;6;257;3 rue du g?n?ral LECLERC;M;0;0;670
201400019167;14;9;1;1215;1;1;1;1;1;537;;M;0;0;670
201400019168;14;9;12;2030;5;2;1;2;3;110;71 rue principale;M;0;0;670
201400019169;14;10;5;715;2;1;1;8;6;160;;M;0;0;670
201400019170;14;7;22;1530;1;1;1;1;1;597;;M;0;0;780
201400019171;14;7;28;15;3;1;1;3;1;474;;M;4887200;165100;780
201400019172;14;4;9;815;1;1;1;1;1;446;;M;0;0;770
201400019173;14;7;12;415;5;1;1;8;1;467;;M;4839100;308600;770
201400019174;14;12;8;1730;3;1;1;2;2;507;;M;0;0;770
201400019175;14;12;18;645;3;1;1;2;6;212;;M;4840300;312200;770
201400019176;14;1;6;730;2;2;3;1;6;11;RUE DES CYGNES/MOUETTES;M;0;0;740
201400019177;14;4;29;1415;1;1;1;1;6;282;LIEU DIT CHENE;M;0;0;740
201400019178;14;7;1;1915;1;1;1;1;1;11;;M;0;0;740
201400019179;14;7;7;1815;1;1;1;2;5;120;;M;0;0;740
201400019180;14;8;17;1900;1;1;1;1;5;299;ROUTE d'ANNECY;M;0;0;740
201400019181;14;9;1;1115;1;1;1;1;1;307;;M;0;0;740
201400019182;14;10;21;745;2;2;1;2;6;11;17,avenue de Chavoires;M;0;0;740
201400019183;14;6;16;1845;1;1;1;1;7;289;;M;0;0;740
201400019184;14;10;7;400;3;1;1;2;1;225;;M;0;0;740
201400019185;14;10;19;400;3;1;1;5;7;170;CHEMIN DE LIGNY A PERRET;M;0;0;740
201400019186;14;10;19;1945;3;1;1;1;7;2;;M;0;0;740
201400019187;14;11;2;1745;3;1;1;1;2;165;;M;0;0;740
201400019188;14;3;30;355;3;2;1;1;6;288;rue de Saint Quentin;M;0;0;20
201400019189;14;1;24;1030;1;1;1;1;7;240;;M;0;0;740
201400019190;14;2;14;1830;5;2;1;1;1;312;AVENUE DE GENEVE;M;0;0;740
201400019191;14;3;28;2000;5;2;1;1;1;164;121 AVENUE D'ANTERNE;M;0;0;740
201400019192;14;5;22;1415;1;1;1;1;1;311;ROUTE DE THY;M;0;0;740
201400019193;14;7;1;1430;1;1;1;1;1;304;;M;0;0;740
201400019194;14;8;9;2315;3;1;1;1;6;294;Route de taninges;M;0;0;740
201400019195;14;9;7;1500;1;1;1;1;6;183;;M;0;0;740
201400019196;14;2;3;1645;1;1;1;1;1;229;;M;0;0;740
201400019197;14;5;6;2230;3;1;1;2;1;40;;M;0;0;740
201400019198;14;5;30;1000;1;1;2;1;5;21;LIEU DI LA CHAPELLE;M;0;0;740
201400019199;14;7;2;745;1;1;1;2;3;128;;M;0;0;740
201400019200;14;10;5;1015;1;2;3;1;6;220;;M;0;0;740
201400019201;14;10;13;845;1;1;1;9;4;197;;M;0;0;740
201400019202;14;11;1;945;5;2;2;1;1;220;intersection CD 2 et 19;M;0;0;740
201400019203;14;11;5;645;5;2;1;2;6;193;34 centre ville;M;0;0;740