num_acc;an;mois;jour;hrmn;lum;agg;int;atm;col;com;adr;gps;lat;long;dep
201400019204;14;12;15;1245;1;1;1;1;6;197;;M;0;0;740
201400019205;14;12;29;1800;3;1;1;4;1;128;;M;0;0;740
201400019206;14;3;8;745;1;1;1;1;6;314;;M;0;0;740
201400019207;14;6;12;2245;3;1;1;1;1;296;;M;0;0;740
201400019208;14;6;21;2330;5;1;3;1;3;88;;M;0;0;740
201400019209;14;5;28;645;2;1;1;1;7;168;;M;0;0;740
201400019210;14;7;18;1715;1;1;1;1;6;269;;M;0;0;740
201400019211;14;7;18;1845;1;1;1;1;6;311;;M;0;0;740
201400019212;14;9;24;815;1;1;1;1;1;140;;M;0;0;740
201400019213;14;10;5;1515;1;1;4;1;1;236;;M;0;0;740
201400019214;14;4;18;1700;1;1;3;1;6;208;;M;0;0;740
201400019215;14;6;24;1415;1;2;4;1;3;208;;M;0;0;740
201400019216;14;2;20;1900;5;2;1;8;6;94;rue decoussemaecker;M;0;0;590
201400019217;14;4;20;1815;1;1;1;1;7;358;;M;5090000;226200;590
201400019218;14;8;18;1100;1;2;1;1;1;94;rue de bergues;M;0;0;590
201400019219;14;10;11;1115;1;2;1;1;1;94;;M;0;0;590
201400019220;14;10;4;1830;1;1;1;1;6;18;;M;0;0;590
201400019221;14;2;15;1730;1;1;1;3;1;186;;M;0;0;250
201400019222;14;6;18;1445;1;2;1;1;6;258;4 Grande Rue;M;4724000;592600;250
201400019223;14;7;19;2000;1;1;1;1;6;258;;M;4721700;593600;250
201400019224;14;8;1;1530;1;2;1;1;7;381;RUE DU NEUF SEPTEMBRE;M;4729200;597300;250
201400019225;14;8;27;600;2;1;1;1;1;133;;M;4731900;599800;250
201400019226;14;9;13;1945;1;1;1;1;5;30;;M;0;0;250
201400019227;14;12;16;745;3;1;1;8;1;67;;M;0;0;560
201400019228;14;4;11;1745;1;1;1;1;1;2;;M;0;0;560
201400019229;14;6;12;2015;1;1;1;1;6;126;;M;0;0;560
201400019230;14;9;26;1130;1;1;1;1;3;212;;M;0;0;560
201400019231;14;10;3;1115;1;2;1;1;3;52;rue de kervoyal;M;4752097;-256972;560
201400019232;14;10;7;1315;1;1;1;1;5;58;;M;0;0;560
201400019233;14;5;21;2015;1;1;1;3;1;150;;M;0;0;560
201400019234;14;5;25;1415;1;1;1;1;3;251;;M;0;0;560
201400019235;14;7;14;1100;1;1;1;1;3;240;;M;4753923;-273752;560
201400019236;14;8;24;1100;1;2;1;1;6;5;Rue de la Gendarmerie;M;4755007;-289252;560
201400019237;14;10;23;700;3;1;1;2;6;252;;M;0;0;560
201400019238;14;1;11;215;3;1;1;8;6;168;;M;0;0;560
201400019239;14;4;19;1215;1;1;1;1;6;34;;M;4761232;-305070;560
201400019240;14;5;28;1345;1;1;1;1;3;34;;M;4757358;-307220;560
201400019241;14;7;21;1700;1;2;1;1;6;186;Bd Rene Cassin;M;4747607;-311237;560
201400019242;14;8;15;1900;1;2;1;1;7;186;3 RUE DE LA VIERGE;M;4749929;-312162;560
201400019243;14;8;23;515;3;1;1;1;6;34;;M;0;0;560
201400019244;14;8;28;600;5;2;1;1;1;34;Avenue de l'Atlantique;M;0;0;560
201400019245;14;9;17;1045;1;2;2;1;3;233;rue des Ormes;M;4758683;-300159;560
201400019246;14;9;28;945;1;1;1;1;3;234;;M;0;0;560
201400019247;14;10;12;1400;1;1;1;3;6;234;;M;0;0;560
201400019248;14;10;24;1945;5;2;1;1;6;258;RUE DE CARNAC;M;4758965;-302948;560
201400019249;14;11;1;1130;1;2;1;1;7;34;10 avenue des salines;M;4758292;-308155;560
201400019250;14;11;9;1230;1;2;1;1;6;186;rue de kermorvan;M;4748492;-311724;560
201400019251;14;12;28;630;5;1;1;2;7;258;;M;0;0;560
201400019252;14;7;25;330;3;1;1;1;6;101;;M;0;0;560
201400019253;14;1;20;745;3;1;1;8;1;185;;M;0;0;560
201400019254;14;2;25;1815;1;1;1;1;1;36;;M;4779131;-334063;560
201400019255;14;3;8;300;3;1;1;5;6;26;;M;0;0;560
201400019256;14;3;27;2130;2;1;1;8;6;78;;M;0;0;560
201400019257;14;5;31;1130;1;1;1;1;2;78;;M;0;0;560
201400019258;14;6;18;1045;1;1;1;1;1;26;;M;0;0;560
201400019259;14;6;27;1030;1;1;1;2;7;185;;M;0;0;560
201400019260;14;7;15;1600;1;1;1;1;3;40;;M;4787888;-337265;560
201400019261;14;7;24;1815;1;1;1;1;2;78;;M;0;0;560
201400019262;14;7;31;1845;1;1;1;1;3;179;;M;0;0;560
201400019263;14;8;25;1615;2;2;1;3;6;78;RUE ANNE DE BRETAGNE;M;4781469;-347686;560
201400019264;14;8;29;15;3;2;1;1;6;166;BD CHAMPIONNATS DU MONDE;M;0;0;560
201400019265;14;9;7;2130;2;1;3;1;3;40;;M;0;0;560
201400019266;14;9;20;1015;1;1;1;1;5;185;;M;0;0;560
201400019267;14;9;23;1200;1;1;1;1;6;36;;M;4779014;-332031;560
201400019268;14;9;25;1100;1;1;1;1;4;36;;M;0;0;560
201400019269;14;9;25;1800;1;2;6;1;7;185;RUE JULES VERNE;M;4778041;-341210;560
201400019270;14;9;29;1315;1;1;1;1;2;36;;M;0;0;560
201400019271;14;12;10;745;5;2;1;2;1;36;;M;4779310;-335315;560
201400019272;14;1;11;1100;1;1;1;1;3;119;;M;0;0;560
201400019273;14;7;3;2315;3;1;1;1;3;54;;M;0;0;560
201400019274;14;9;2;1845;1;1;4;7;1;13;;M;0;0;560
201400019275;14;9;3;915;1;2;1;7;1;55;RUE CROIX IZAN;M;0;0;560
201400019276;14;4;21;1600;1;1;1;1;6;165;;M;0;0;560
201400019277;14;2;23;1030;1;2;1;1;6;124;4, rue Edouard Entremont;M;4780992;-237730;560
201400019278;14;6;22;1200;1;2;7;1;6;12;place de l'eglise;M;4797014;-217204;560
201400019279;14;6;21;1530;1;1;1;1;1;133;;M;0;0;560
201400019280;14;7;4;2215;3;2;1;3;7;191;rue de l'eglise;M;4785932;-223220;560
201400019281;14;7;12;245;3;1;1;1;1;75;;M;0;0;560
201400019282;14;7;3;1630;1;2;1;1;6;124;CHEMIN DE L'ECLUSE;M;4781103;-238369;560
201400019283;14;10;1;1700;1;1;1;1;2;219;;M;0;0;560
201400019284;14;9;30;845;1;2;1;5;6;75;1 rue aux roux;M;4790411;-211966;560
201400019285;14;11;27;1300;1;2;1;1;3;75;rue du cahello;M;4794461;-212590;560
201400019286;14;12;15;1945;5;2;7;2;3;124;place queinnec;M;4781057;-238413;560
201400019287;14;1;11;815;3;1;1;1;6;102;;M;4798063;-260175;560
201400019288;14;3;8;1615;1;1;1;1;6;204;;M;0;0;560
201400019289;14;4;18;1600;1;1;1;1;7;50;;M;0;0;560
201400019290;14;4;24;1830;1;2;1;1;3;47;lieu dit kerbris D17;M;0;0;560
201400019291;14;6;19;1900;1;1;1;1;3;222;;M;0;0;560
201400019292;14;9;18;2145;3;1;9;1;6;24;;M;0;0;560
201400019293;14;10;30;1215;1;1;1;1;6;70;;M;0;0;560
201400019294;14;12;29;500;3;1;1;1;6;189;;M;0;0;560
201400019295;14;5;28;1945;1;1;1;2;1;92;;M;0;0;560
201400019296;14;8;18;1445;1;1;1;1;7;151;;M;0;0;560
201400019297;14;11;1;1715;1;1;1;1;2;151;;M;0;0;560
201400019298;14;11;14;900;1;1;1;1;6;151;;M;4805399;-288733;560
201400019299;14;11;11;930;1;2;6;1;3;178;26 Ave de la liberation;M;4806878;-295625;560
201400019300;14;12;10;830;2;2;1;9;6;178;3 RUE DES RECOLLETS;M;4807029;-296579;560
201400019301;14;7;9;845;1;2;1;1;6;117;BOULEVARD DUGUESCLIN;M;0;0;560
201400019302;14;9;12;1800;1;1;1;1;5;140;;M;0;0;560
201400019303;14;2;2;300;3;2;1;1;7;66;route de spezet;M;4814395;-361659;560
201400019304;14;9;14;1630;1;2;1;1;1;66;Rue J Louis KERGARAVAT;M;4813652;-361075;560
201400019305;14;1;8;2000;3;1;6;2;3;280;RD 47;M;4901290;247160;950
201400019306;14;3;9;1230;1;1;1;1;2;527;RD 317 B2;M;4900160;248590;950
201400019307;14;8;4;800;1;1;1;1;4;527;AV CHARLES DE GAULLE;M;4899790;250750;950
201400019308;14;9;8;1615;1;2;1;1;2;633;R DE PARIS;M;4900130;248760;950
201400019309;14;10;31;1945;3;1;1;1;3;527;RD 902A;M;4900510;250570;950
201400019310;14;12;2;800;2;2;1;8;3;612;RTE DE GONESSE;M;4900660;246390;950
201400019311;14;2;14;1630;1;1;1;1;1;176;FONTAINE DU TRAIT;M;4537210;200278;190
201400019312;14;11;22;1100;1;1;1;2;1;235;LA CROIX DU DON;M;4520640;189324;190
201400019313;14;6;23;1145;1;1;1;2;5;213;LES FONTBELLES;M;4538140;167003;190
201400019314;14;1;17;1200;1;1;1;8;5;273;LA VAYSSE;M;4505520;157354;190
201400019315;14;3;11;2345;3;1;1;1;6;13;LES VAYRES;M;4520180;166109;190
201400019316;14;9;3;930;1;2;7;1;6;19;Place du Marche;M;0;0;190
201400019317;14;9;7;1915;2;1;1;7;6;257;LA PLANTADE;M;4510350;173561;190
201400019318;14;9;11;1430;1;1;1;1;1;19;COURSAC;M;4496970;182574;190
201400019319;14;1;14;1830;5;2;9;8;1;101;rue de la resistance;M;0;0;560
201400019320;14;1;17;1700;1;1;1;1;1;177;;M;0;0;560
201400019321;14;1;19;1500;1;1;1;1;7;94;;M;4778052;-321466;560
201400019322;14;2;4;1330;1;1;1;1;1;175;;M;0;0;560
201400019323;14;5;4;1215;1;1;1;1;6;90;;M;4786403;-321628;560
201400019324;14;5;25;1130;1;1;1;1;2;83;;M;0;0;560
201400019325;14;6;7;1330;1;1;1;1;5;101;;M;0;0;560
201400019326;14;6;7;1830;1;2;2;1;3;101;rue de la mairie;M;0;0;560
201400019327;14;6;12;1245;1;1;1;1;7;175;;M;0;0;560
201400019328;14;8;22;1715;1;1;2;1;3;177;;M;4775768;-296973;560
201400019329;14;9;1;1915;1;2;1;1;5;90;15 RUE LANN VIHAN;M;4782952;-325622;560
201400019330;14;9;1;1800;1;2;1;1;2;177;ROUTE DE BIEUZY;M;0;0;560
201400019331;14;9;28;1630;1;1;1;1;7;31;;M;0;0;560
201400019332;14;12;19;1845;2;1;1;8;1;94;;M;4776265;-329523;560
201400019333;14;12;20;1515;1;1;1;8;3;31;;M;0;0;560
201400019334;14;12;25;1645;1;1;6;1;6;94;;M;0;0;560
201400019335;14;12;28;1045;1;1;1;1;7;101;;M;0;0;560
201400019336;14;10;1;600;2;2;1;5;6;384;RUE DES JUIFS;M;0;0;590
201400019337;14;10;19;1745;1;2;1;2;7;607;GRAND RUE;M;0;0;590
201400019338;14;11;30;1615;2;1;1;5;6;384;;M;0;0;590
201400019339;14;12;21;745;2;2;1;1;6;61;route de floyon;M;0;0;590
201400019340;14;10;20;830;1;1;1;1;1;528;;M;0;0;590
201400019341;14;3;27;1145;1;2;2;1;2;624;ROUTE DE GOUY;M;0;0;590
201400019342;14;7;25;1800;1;2;1;1;6;231;rue L?o LAGARANGE;M;0;0;590
201400019343;14;2;4;1800;2;1;1;1;6;343;D50;M;0;0;510
201400019344;14;6;2;1600;1;1;9;1;1;535;N4/BRETELLE;M;0;0;510
201400019345;14;6;4;1630;1;1;1;3;1;407;N4;M;0;0;510
201400019346;14;4;10;530;3;1;1;1;1;488;D951;M;0;0;510
201400019347;14;9;22;2115;3;1;1;1;6;347;D1;M;0;0;510
201400019348;14;10;20;1200;1;1;2;1;3;204;D1/R. DU GENERAL SARRAIL;M;0;0;510
201400019349;14;12;14;1515;1;1;3;5;5;76;D3/D222;M;0;0;510
201400019350;14;3;13;1700;1;1;1;1;1;362;CV3 DE POUILLON;M;0;0;510
201400019351;14;7;25;2345;5;2;1;1;1;183;D26;M;0;0;510
201400019352;14;11;19;1330;2;1;1;5;5;580;D26;M;0;0;510
201400019353;14;8;24;345;3;1;1;1;6;440;D980;M;0;0;510
201400019354;14;8;25;1445;1;1;1;1;6;440;D64;M;0;0;510
201400019355;14;12;2;815;1;1;1;2;1;261;D74;M;0;0;510
201400019356;14;12;7;215;5;2;1;9;6;443;RD65;M;5045633;265143;620
201400019357;14;5;5;1730;1;1;1;3;1;230;;M;5074747;186481;620
201400019358;14;6;24;1100;1;1;1;1;3;281;;M;5070796;166016;620
201400019359;14;6;28;900;1;2;1;1;3;896;Route de desvres;M;5068001;177957;620
201400019360;14;2;20;1715;1;2;1;2;3;573;avenue louis lachenal;M;0;0;910
201400019361;14;2;23;245;4;1;6;5;7;225;D448;M;4863200;247400;910
201400019362;14;2;24;1945;3;1;1;1;3;573;Av Louis Lachenal;M;0;0;910
201400019363;14;3;3;215;4;2;1;1;2;600;av du général de gaulle;M;4864600;245700;910
201400019364;14;3;20;215;3;2;1;1;2;600;N448;M;4864600;245700;910
201400019365;14;6;2;830;1;2;1;1;6;573;rue vivaldi;M;4862500;253500;910
201400019366;14;8;11;1745;1;2;6;1;6;573;AVENUE DU GAL DE GAULLE;M;0;0;910
201400019367;14;6;9;2215;3;1;1;8;7;274;D988;M;0;0;910
201400019368;14;9;28;15;5;2;1;1;6;274;9 rue de la vacheresse;M;4868100;210000;910
201400019369;14;2;7;2030;3;1;1;1;6;26;RD 316;M;4914260;243930;950
201400019370;14;2;22;1445;1;2;1;1;6;652;R JEAN MOULIN;M;4913480;237530;950
201400019371;14;7;16;1645;1;1;1;1;2;56;RD 909;M;4908870;235830;950
201400019372;14;7;21;1630;1;1;1;1;1;352;RD 922;M;4910020;241310;950
201400019373;14;10;12;1130;1;1;1;1;6;144;R HONORE MIRABEAU;M;4906630;246190;950
201400019374;14;2;2;845;1;1;1;9;1;308;;M;4817831;342360;890
201400019375;14;7;14;2030;1;1;1;1;2;240;;M;4817455;339940;890
201400019376;14;7;27;1400;1;2;1;1;6;14;24 route de St Florentin;M;4808769;360392;890
201400019377;14;9;1;915;1;1;1;1;1;429;;M;4815044;349470;890
201400019378;14;10;10;1645;1;2;1;1;3;387;rd606;M;4814684;330705;890
201400019379;14;10;24;1615;1;1;1;1;1;102;;M;0;0;40
201400019380;14;3;8;1730;1;2;2;1;5;708;D913-D67;M;0;0;570
201400019381;14;10;9;2200;3;1;1;1;6;57;;M;0;0;570
201400019382;14;10;13;230;3;1;1;2;6;547;;M;0;0;570
201400019383;14;1;29;1000;1;1;1;1;5;28;;M;0;0;570
201400019384;14;2;11;845;1;1;6;1;6;510;;M;4912639;626750;570
201400019385;14;2;8;1900;5;2;1;2;1;97;;M;0;0;570
201400019386;14;4;19;930;1;2;1;1;6;132;4, rue de METZ;M;0;0;570
201400019387;14;6;15;1245;1;1;1;1;5;290;;M;0;0;570
201400019388;14;7;20;15;3;1;1;1;7;483;;M;0;0;570
201400019389;14;11;10;1;3;1;1;2;6;275;;M;0;0;570
201400019390;14;5;20;1530;1;1;1;1;1;682;;M;0;0;570
201400019391;14;5;25;1530;1;1;1;1;7;682;;M;0;0;570
201400019392;14;6;19;1530;1;1;1;1;6;321;;M;0;0;570
201400019393;14;6;21;1630;1;2;1;1;7;382;;M;0;0;570
201400019394;14;7;23;1030;1;2;1;1;3;462;R Principale48.808 7.207;M;0;0;570
201400019395;14;4;13;945;1;1;1;1;3;260;;M;0;0;570
201400019396;14;5;15;1845;1;2;1;1;2;535;9A rue de la colline;M;4905303;730099;570
201400019397;14;5;31;345;5;2;6;1;6;89;2 place du g?n?ral Bizot;M;4905584;743408;570
201400019398;14;7;20;1845;1;1;1;1;1;338;GN 49.087 7.382;M;0;0;570
201400019399;14;10;1;1815;1;1;1;1;7;541;48.996 7.559;M;0;0;570
201400019400;14;10;5;1330;1;1;1;1;6;89;;M;0;0;570
201400019401;14;10;7;1630;1;2;1;1;6;103;7, rue Eugene PISTORIUS;M;4912170;745703;570
201400019402;14;3;10;1400;1;2;1;7;6;38;1 rue de la libération;M;0;0;570
201400019403;14;3;2;1600;1;1;1;1;7;331;GN49.302 6.364;M;0;0;570
201400019404;14;3;4;1100;1;2;1;1;7;358;1T route de Bouzonville;M;4930682;633575;570
201400019405;14;3;24;1430;1;2;1;3;6;269;rue du General MANGIN;M;0;0;570
201400019406;14;2;5;900;1;2;9;1;6;24;BOULEVARD D'ARMORIQUE;M;4818156;-163977;350
201400019407;14;2;28;1830;2;1;2;2;5;173;;M;4819576;-169167;350
201400019408;14;3;25;1200;1;1;6;1;3;24;;M;4815524;-162533;350
201400019409;14;3;27;1430;1;1;1;8;1;24;;M;4816166;-165484;350
201400019410;14;4;28;1030;1;1;1;1;4;24;;M;4816626;-167344;350
201400019411;14;5;21;1515;1;2;1;1;2;24;rue de rennes;M;4818078;-163596;350
201400019412;14;7;8;1445;1;1;2;2;3;24;Les 4 chemins;M;4818966;-167136;350
201400019413;14;7;30;1830;1;1;4;1;2;173;le Clos Vallé;M;4823007;-169314;350
201400019414;14;8;19;1700;1;1;2;1;3;24;;M;4821678;-172767;350
201400019415;14;10;20;1600;1;1;2;1;3;24;;M;4818483;-169384;350
201400019416;14;11;25;815;2;2;1;2;6;24;RUE DU TREGOR;M;4818393;-165011;350
201400019417;14;1;13;745;5;2;6;3;3;203;CH MAILHEAUX/RUE FERRY;M;4351991;132017;310
201400019418;14;3;28;1645;1;2;6;1;1;157;rue du canigou;M;4353279;135449;310
201400019419;14;10;1;2000;2;2;6;1;6;157;avenue du 11 novembre;M;4354528;134975;310
201400019420;14;1;18;600;5;1;1;1;6;9;;M;0;0;440
201400019421;14;1;15;900;2;1;1;3;4;9;;M;4721700;-142700;440
201400019422;14;2;11;1700;2;2;2;3;5;71;Le champ failli;M;0;0;440
201400019423;14;6;18;1130;1;2;1;1;1;70;rue de la gare;M;0;0;440
201400019424;14;8;8;1830;1;2;1;8;6;71;04 rue de l'ile challand;M;0;0;440
201400019425;14;12;5;2045;3;1;1;9;1;73;;M;0;0;30
201400019426;14;5;31;245;3;1;1;1;6;458;;M;5079441;215815;620
201400019427;14;12;31;1915;3;1;1;1;5;116;;M;0;0;830
201400019428;14;1;17;1300;1;1;1;8;6;87;;M;0;0;830
201400019429;14;5;28;1245;1;2;1;1;6;87;D80;M;0;0;830
201400019430;14;7;12;1;3;1;1;1;7;116;;M;0;0;830
201400019431;14;8;31;1015;1;2;1;1;3;116;zone des garniers;M;4345611;585227;830
201400019432;14;9;19;1745;1;1;1;1;6;110;;M;0;0;830
201400019433;14;10;19;730;2;1;1;5;6;116;;M;0;0;830
201400019434;14;10;24;115;3;1;1;1;1;116;;M;0;0;830
201400019435;14;11;14;930;1;2;1;1;3;116;rue estienne d'orves;M;0;0;830
201400019436;14;12;15;1615;1;2;1;2;6;116;13 rue de la Republique;M;4345283;586091;830
201400019437;14;12;2;1215;1;2;7;1;6;116;route d'Aix;M;4345438;585443;830
201400019438;14;12;22;1730;3;1;1;1;2;116;;M;0;0;830
201400019439;14;1;15;1530;1;2;1;1;6;73;dn97;M;0;0;830
201400019440;14;1;27;730;2;1;1;1;2;31;;M;0;0;830
201400019441;14;3;2;1645;1;1;1;1;3;92;;M;4351000;641000;830
201400019442;14;3;7;615;2;2;1;1;6;31;PR 62+100 RN7;M;0;0;830
201400019443;14;3;6;2245;5;2;6;1;4;73;dn7;M;0;0;830
201400019444;14;3;20;1245;1;1;1;1;7;33;;M;4348700;636500;830
201400019445;14;4;12;2315;3;1;1;1;7;31;;M;0;0;830
201400019446;14;6;24;1215;1;1;1;1;5;31;;M;0;0;830
201400019447;14;9;2;845;1;1;1;1;3;31;;M;0;0;830
201400019448;14;10;12;1945;3;1;1;2;6;67;;M;0;0;830
201400019449;14;1;9;730;1;2;2;1;1;105;ROUTE DE THONON/ORATOIRE;M;0;0;740
201400019450;14;1;24;1745;3;2;1;1;6;150;;M;4627400;631600;740
201400019451;14;1;28;1930;3;1;1;1;3;25;ROUTE DES FOURNEES;M;0;0;740
201400019452;14;2;15;330;3;1;1;1;1;263;;M;0;0;740
201400019453;14;3;17;1830;1;1;2;1;3;293;;M;0;0;740
201400019454;14;4;14;1500;1;2;3;1;3;263;avenue de Sciez;M;0;0;740
201400019455;14;4;30;1515;1;2;1;1;2;263;ROUTE D'EXCENEVEX;M;0;0;740
201400019456;14;5;6;1345;1;1;1;1;3;263;;M;0;0;740
201400019457;14;5;17;300;5;2;1;1;6;43;687 ROUTE DU SALEVE;M;0;0;740
201400019458;14;6;10;1545;1;1;1;1;1;263;;M;0;0;740
201400019459;14;7;6;445;5;1;1;1;4;293;;M;0;0;740
201400019460;14;7;19;845;1;1;9;1;3;210;;M;0;0;740
201400019461;14;7;22;1015;1;2;1;1;6;43;96 AVENUE DU LEMAN;M;0;0;740
201400019462;14;7;28;1200;1;2;1;1;2;105;AVENUE DES VOIRONS;M;0;0;740
201400019463;14;7;31;2015;1;1;1;1;6;150;;M;0;0;740
201400019464;14;8;9;130;5;1;1;1;3;263;;M;0;0;740
201400019465;14;9;3;1115;1;1;2;1;1;163;;M;0;0;740
201400019466;14;9;3;230;3;1;1;1;6;5;ROUTE DES CHATEAUX VIEUX;M;0;0;740
201400019467;14;9;7;1745;1;1;1;1;3;171;;M;0;0;740
201400019468;14;9;6;1230;1;1;2;1;3;106;;M;0;0;740
201400019469;14;10;27;1930;5;2;2;1;3;105;AVENUE DE GENEVE;M;0;0;740
201400019470;14;10;29;1000;1;1;1;1;1;263;;M;0;0;740
201400019471;14;10;31;2000;3;1;1;1;2;48;;M;0;0;740
201400019472;14;12;6;1715;5;2;1;1;1;210;716 ROUTE DE THONON;M;0;0;740
201400019473;14;12;11;800;1;1;1;1;3;171;;M;0;0;740
201400019474;14;12;20;2015;3;1;1;1;6;53;;M;0;0;740
201400019475;14;10;13;1045;1;1;1;1;2;59;A 89;M;4502310;39193;240
201400019476;14;12;20;145;3;1;1;2;4;442;;M;4510450;49682;240
201400019477;14;1;3;1100;1;1;1;3;1;169;;M;4366585;386621;340
201400019478;14;1;23;1800;3;1;1;1;5;118;;M;0;0;340
201400019479;14;2;7;1700;1;2;1;1;1;217;route de Mende;M;0;0;340
201400019480;14;5;5;2200;3;1;1;1;7;14;;M;0;0;340
201400019481;14;7;9;1615;1;1;1;1;1;309;;M;0;0;340
201400019482;14;7;9;1715;1;2;1;1;6;217;avenue de Montpellier;M;0;0;340
201400019483;14;7;21;1800;1;1;1;1;5;309;;M;0;0;340
201400019484;14;10;1;1445;1;1;1;1;1;118;;M;4372900;306500;340
201400019485;14;2;1;1010;1;2;1;2;6;15;BOULEVARD PASTEUR;M;4564980;15853;160
201400019486;14;12;6;1800;5;2;1;1;2;113;;M;4560753;8841;160
201400019487;14;1;29;2115;4;1;1;2;3;113;;M;4560952;8352;160
201400019488;14;1;29;1411;1;1;1;1;1;291;Cote de la poste manquee;M;4569474;26331;160
201400019489;14;1;17;900;1;2;3;1;1;341;AV ANCIENS COMBATTANTS;M;4564318;7071;160
201400019490;14;1;28;1745;3;1;1;2;4;113;vallee des eaux claires;M;4561607;14849;160
201400019491;14;1;28;1530;1;2;1;2;6;15;127 rue SAINT ROCH;M;4564985;16937;160
201400019492;14;1;9;1505;1;2;1;1;6;341;1 RUE DU LOGIS;M;4564364;10489;160
201400019493;14;3;4;1355;1;2;1;1;6;15;23 place  QUATRE SILLONS;M;4564523;16692;160
201400019494;14;3;7;625;5;2;1;1;6;154;37, FOUR A CHAUX (RUE DE;M;4567974;17364;160
201400019495;14;2;6;800;1;2;2;1;3;154;ROUTE DE VARS;M;4567181;15936;160
201400019496;14;2;6;1730;2;2;1;1;6;15;rue de BEAULIEU;M;4565049;14773;160
201400019497;14;2;8;1855;5;2;6;1;6;15;Giratoire de l'eperon;M;4564992;16045;160
201400019498;14;2;5;2013;3;1;1;1;5;15;;M;4563998;11873;160
201400019499;14;2;11;1415;1;2;1;2;6;15;3 PLACE VICTOR HUGO;M;4564883;17374;160
201400019500;14;2;4;505;3;1;1;1;7;78;Combe d'arsac;M;4569206;23420;160
201400019501;14;2;28;1825;5;2;1;1;6;291;2157  route de gond pont;M;4567828;19299;160
201400019502;14;3;20;1840;5;2;1;1;4;15;63 BOULEVARD BESSON BEY;M;4565436;15808;160
201400019503;14;2;21;830;2;2;9;8;6;15;Bd du hUIT MAI 1945;M;4565616;17040;160
201400019504;14;3;27;900;1;2;1;1;6;15;RUE PAUL DESFARGES;M;4566024;18131;160
201400019505;14;3;28;820;1;2;1;1;4;15;364 RUE DE MONTMOREAU;M;4563578;15427;160
201400019506;14;3;29;1350;1;1;1;1;6;271;vallée des Eaux Claires;M;4564523;14767;160
201400019507;14;4;1;1830;1;2;7;1;6;154;113 ROUTE DE VARS;M;4566844;16067;160
201400019508;14;4;3;1935;1;2;1;2;2;154;ROUTE DE PARIS;M;4567884;17700;160
201400019509;14;4;15;825;1;1;1;1;2;154;RN 10;M;4569285;16421;160
201400019510;14;4;11;2110;5;2;1;1;7;374;17 rue  COLETTE;M;4564925;18618;160
201400019511;14;4;12;900;1;2;1;1;1;291;ROUTE DES SOURCES;M;4567522;24036;160
201400019512;14;4;23;1035;1;2;1;1;6;113;RUE PASTEUR;M;4560800;10281;160
201400019513;14;3;20;1400;1;1;1;1;7;15;chemin des jesuites a la;M;4563255;17996;160
201400019514;14;4;14;1610;1;2;2;1;6;15;;M;4564835;12063;160
201400019515;14;5;6;1800;1;2;6;1;6;166;boulevard salvator allen;M;4567110;19383;160
201400019516;14;5;8;150;5;2;1;1;6;15;CARREFOUR DE LILLE;M;4564805;16089;160
201400019517;14;4;12;1725;1;2;4;1;2;113;55 route de  BORDEAUX;M;4561376;9941;160
201400019518;14;5;19;1842;1;2;1;1;6;374;AVENUE DU Gal DE GAULLE;M;4564314;18655;160
201400019519;14;5;21;1105;1;2;1;2;2;358;Deviation d'Angouleme;M;4566669;13290;160
201400019520;14;5;21;1840;1;2;6;2;7;15;RUE DE MONTMOREAU;M;4564988;16057;160
201400019521;14;4;21;1750;1;2;1;1;2;154;123 rue des four a Chaux;M;4567922;16619;160
201400019522;14;5;24;900;1;2;6;1;6;15;317 rue de BASSEAU;M;4565116;11959;160
201400019523;14;5;25;1850;1;1;1;1;1;358;25 rueMONTEE DE VENAT;M;4568885;10971;160
201400019524;14;5;23;1920;1;2;1;1;2;166;225 AVENUE REPUBLIQUE;M;4566518;20127;160
201400019525;14;5;30;940;1;2;1;1;2;15;385 ROUTE DE BORDEAUX;M;4564397;13709;160
201400019526;14;5;30;920;1;1;1;1;6;374;RUE DU 19 MARS 1962;M;4565374;20440;160
201400019527;14;6;5;1000;1;2;1;1;6;15;65 RUE DE SAINTES;M;4565731;14709;160
201400019528;14;6;6;2210;5;2;1;1;6;15;RUE DE SAINTES;M;4565419;14811;160
201400019529;14;6;7;1210;1;2;1;1;6;15;Av de LATTRE DE TASSIGNY;M;4565498;16843;160
201400019530;14;6;11;1200;1;2;1;1;4;166;.AVENUE DU MAREChal JUIN;M;4566529;17831;160
201400019531;14;6;20;1900;1;2;1;1;4;15;AV de LATTRE DE TASSIGNY;M;4565708;17094;160
201400019532;14;6;20;745;1;2;1;1;2;291;1221  AV Malrechal FOCH;M;4568733;24345;160
201400019533;14;6;25;1930;1;2;1;1;6;15;RAMPE D'AGUESSEAU;M;4564966;15973;160
201400019534;14;7;3;1525;1;2;1;1;6;291;route du Gond-Pontouvre;M;4567978;20226;160