num_acc;an;mois;jour;hrmn;lum;agg;int;atm;col;com;adr;gps;lat;long;dep
201400019535;14;6;10;1730;1;2;1;1;6;15;11 rue CARNOT;M;4564682;15487;160
201400019536;14;6;10;2020;1;2;1;1;2;15;364 route de BORDEAUX;M;4564594;13937;160
201400019537;14;6;17;1405;1;2;1;1;6;15;201 RUE DE SAINTES;M;4566037;14053;160
201400019538;14;6;21;1655;1;2;9;1;6;15;;M;4566089;14036;160
201400019539;14;7;25;1355;1;2;1;1;2;154;ROUTE DE VARS;M;4566245;16238;160
201400019540;14;7;4;1155;1;2;6;1;2;374;AVENUE DU Gal DE GAULLE;M;4564452;18119;160
201400019541;14;7;25;934;1;2;6;1;7;15;route de Bordeaux;M;4565037;14467;160
201400019542;14;7;24;2010;1;2;3;1;3;15;CHEMIN DE HALAGE;M;4565654;14381;160
201400019543;14;7;25;1555;1;2;1;2;1;166;BD SALVATOR ALLENDE;M;4566975;20594;160
201400019544;14;8;6;955;1;2;1;1;6;15;Voie de l'Europe;M;4564402;16165;160
201400019545;14;9;12;1700;1;2;3;1;6;166;AVENUE MARYSE BASTIE;M;4567190;19006;160
201400019546;14;9;22;1820;1;2;2;1;3;154;ROUTE DE PARIS;M;4566178;16695;160
201400019547;14;9;3;1738;1;2;2;1;1;358;;M;4566874;13111;160
201400019548;14;10;3;332;5;2;1;1;6;15;386 ROUTE DE BORDEAUX;M;4566489;13805;160
201400019549;14;10;2;913;1;2;1;1;6;166;12 BIS Av de  REPUBLIQUE;M;4566086;18270;160
201400019550;14;8;21;900;1;1;1;1;6;374;Contournement Est;M;4564669;20783;160
201400019551;14;8;19;2010;2;1;1;1;7;374;Bel Air;M;4567192;21247;160
201400019552;14;8;24;1800;1;1;1;1;2;15;BOULEVARD DE BIGORRE;M;4562945;14014;160
201400019553;14;10;24;1510;1;2;7;1;6;113;9 RUE LEONARD JARRAUD;M;4560957;10145;160
201400019554;14;10;17;1555;1;2;3;1;6;166;BOULEVARD des ECASSEAUX;M;4566419;19049;160
201400019555;14;10;17;935;1;2;1;2;6;15;30 BD du HUIT MAI 1945;M;4565859;17168;160
201400019556;14;10;18;1750;2;1;1;1;7;374;Contournement Est;M;4562871;20294;160
201400019557;14;10;15;1215;1;2;1;1;3;15;AVENUE DE NAVARRE;M;4563355;15402;160
201400019558;14;10;18;2050;5;2;3;1;6;15;RUE DE BORDEAUX;M;4565337;14796;160
201400019559;14;10;6;1315;1;2;1;2;7;154;17  ROUTE DE VARS;M;4566243;16239;160
201400019560;14;10;7;1800;1;1;1;2;7;358;AVENUE DE L'UNION;M;4567823;13151;160
201400019561;14;9;29;728;2;2;1;1;6;113;AV ETANG DES MOINES;M;4561193;9803;160
201400019562;14;11;3;855;1;2;1;1;4;15;13 BOULEVARD d'AQUITAINE;M;4564482;13413;160
201400019563;14;11;6;1335;1;2;1;1;6;15;RUE RAYMOND POINCARE;M;4564835;16293;160
201400019564;14;9;12;1525;1;1;1;1;3;113;Déviation La Couronne;M;4561221;9169;160
201400019565;14;9;7;750;2;1;3;1;3;358;90, Route  De  ROYAN;M;4566277;13271;160
201400019566;14;9;3;1015;1;1;1;1;7;341;DEVIATION La Couronne;M;4563614;11802;160
201400019567;14;11;18;1145;1;2;2;1;3;374;CHEMIN DE FREGENEUIL;M;4563944;20394;160
201400019568;14;11;19;835;1;2;1;2;6;166;170 av de la republique;M;4566323;19282;160
201400019569;14;11;12;1755;3;1;1;1;7;374;Les Rochers;M;4565345;20878;160
201400019570;14;11;11;1145;1;2;1;1;2;15;PLACE VICTOR HUGO;M;4564879;17432;160
201400019571;14;11;6;1620;1;2;1;1;6;15;BOULEVARD jean MOULIN;M;4563184;15164;160
201400019572;14;11;14;740;5;2;1;2;7;15;11rue de larochefoucauld;M;4565174;16004;160
201400019573;14;11;12;1720;2;2;1;2;7;15;RUE EDOUARD ESCALIER;M;4565166;16303;160
201400019574;14;10;31;2320;5;2;1;1;7;341;4 AVENUE DE LA LIBERTE;M;4563639;10636;160
201400019575;14;11;29;1632;1;2;1;1;6;15;Av de Lattre de Tassigny;M;4565271;16410;160
201400019576;14;11;29;1850;5;2;1;1;1;15;42 ROUTE DE BORDEAUX;M;4565284;15612;160
201400019577;14;10;30;1000;1;2;1;1;3;15;27 AVENUE DES MARECHAUX;M;4564740;15367;160
201400019578;14;12;11;1810;5;2;1;1;3;113;140 route de Bordeaux;M;4560748;8829;160
201400019579;14;12;17;1300;1;2;1;1;6;15;18 MPASSE d'AUSTERLITZ;M;4564767;15776;160
201400019580;14;12;22;730;2;1;1;1;1;113;AVENUE ITZEHOE;M;4562127;10735;160
201400019581;14;12;18;1745;1;1;1;1;6;113;AVENUE D' ITZEHOE;M;4562341;11019;160
201400019582;14;12;12;2155;5;2;1;1;2;15;198 RUE DE PARIS;M;4565244;15903;160
201400019583;14;12;23;1805;3;2;1;1;7;374;120,Av général de Gaulle;M;4564238;18990;160
201400019584;14;12;10;1725;3;1;1;1;4;358;DEVIATION d'Angouleme;M;4566178;12744;160
201400019585;14;12;10;2045;3;2;1;1;7;15;BOULEVARD JEAN MONNET;M;4564168;14831;160
201400019586;14;3;1;1520;1;2;1;1;2;102;41 RUE DE MONTPLAISIR;M;4569817;-33934;160
201400019587;14;3;29;2100;5;2;2;1;1;89;Beauregard;M;4569817;-33934;160
201400019588;14;4;7;1005;1;2;3;1;3;102;BOULEVARD D ECHATENAY;M;4569873;-31859;160
201400019589;14;4;10;1810;1;2;2;1;3;102;RUE AMBROISE PARE;M;4569344;-32023;160
201400019590;14;5;3;1150;1;2;2;1;3;102;RUE MILLARDET;M;4568995;-31937;160
201400019591;14;6;7;545;5;2;1;1;7;89;Tout Blanc;M;4565664;-32500;160
201400019592;14;6;7;1600;1;2;7;1;6;89;rue Samuel de Champlain;M;4568413;-30506;160
201400019593;14;7;24;1852;1;2;1;3;6;102;RUE D'ANGOULEME;M;4569435;-32646;160
201400019594;14;8;24;945;1;2;1;1;6;102;71 AVENUE VICTOR HUGO;M;4569105;-32246;160
201400019595;14;8;30;1845;1;2;1;1;6;102;Quais des Flammands;M;4569595;-33302;160
201400019596;14;9;12;1800;1;2;1;1;7;102;Allee de  la COURTINE;M;4570420;-32513;160
201400019597;14;9;16;1315;1;2;3;1;3;102;;M;4569216;-32513;160
201400019598;14;10;14;1805;5;2;1;1;7;102;AV de LATTRE DE TASSIGNY;M;4569955;-33261;160
201400019599;14;11;19;1715;1;1;1;1;1;102;déviation der Cognac;M;4567687;-32006;160
201400019600;14;11;28;1620;1;2;1;1;6;102;RUE ELYSEE MOUSNIER;M;4569108;-32914;160
201400019601;14;12;3;1845;5;2;3;1;3;102;AVENUE VICTOR HUGO;M;4569061;-32152;160
201400019602;14;12;8;745;2;2;1;2;7;102;127 bd DENFERT ROCHEREAU;M;4569864;-32903;160
201400019603;14;12;22;1615;1;2;1;1;5;89;RN 141;M;4567844;-31567;160
201400019604;14;5;22;1445;1;1;1;1;1;65;;M;4845400;251900;770
201400019605;14;7;1;1015;1;2;1;1;3;69;15 RUE DE MELUN;M;0;0;770
201400019606;14;7;4;1345;1;1;1;2;6;69;;M;0;0;770
201400019607;14;7;31;1445;1;1;1;1;1;65;;M;4877700;290900;770
201400019608;14;1;25;1315;1;2;1;1;3;100;60 RUE DU VIEUX PORT;M;0;0;690
201400019609;14;2;11;1630;1;2;1;2;6;260;rue des usines;M;4565200;481500;690
201400019610;14;2;20;1015;1;2;1;1;6;100;Rue d'Yvours CD 315;M;0;0;690
201400019611;14;3;2;1700;1;1;1;1;1;133;;M;0;0;690
201400019612;14;6;8;2015;1;2;1;1;1;100;11 rue de la damette;M;0;0;690
201400019613;14;7;26;1400;1;1;1;3;6;133;;M;4562800;478500;690
201400019614;14;10;16;1030;1;2;9;2;6;260;170 route de LYON;M;0;0;690
201400019615;14;12;5;1800;5;2;1;1;6;260;rue du pont;M;0;0;690
201400019616;14;12;27;1800;5;2;1;2;1;46;rue du malpas;M;0;0;690
201400019617;14;1;7;955;1;2;1;1;7;299;03, POTTIER RUE AMIRAL;M;4594161;-96867;170
201400019618;14;1;11;1330;1;1;2;1;5;449;R.D. 137 (TONNAY CHARENT;M;4594439;-86476;170
201400019619;14;1;14;1320;1;2;1;1;7;299;20 Bis, LESSON RUE;M;4593595;-96031;170
201400019620;14;1;16;1830;5;2;1;3;7;299;70, PELTIER RUE DU DOCTE;M;4593437;-96474;170
201400019621;14;1;20;740;5;2;1;2;7;299;43, PELLETAN AVENUE;M;4594311;-96076;170
201400019622;14;1;21;1815;5;2;2;1;3;449;2, BRIAND AVENUE ARISTID;M;4594475;-89287;170
201400019623;14;1;23;900;1;2;6;1;3;299;VAUBAN ROND POINT;M;4593067;-96014;170
201400019624;14;1;23;1725;1;2;1;1;2;449;174490025, PONT ROUGE AV;M;4595060;-93238;170
201400019625;14;1;25;1755;5;2;2;1;3;299;GAMBETTA RUE;M;4594018;-97116;170
201400019626;14;2;8;2015;5;2;3;2;3;299;HUIT MAI 1945 AVENUE DU;M;4595554;-96912;170
201400019627;14;2;10;1650;1;2;6;2;3;299;PECHEURS D'ISLANDE RUE D;M;4594700;-98842;170
201400019628;14;2;18;1210;1;2;1;1;2;299;21, BUISSON BOULEVARD;M;4594235;-98107;170
201400019629;14;2;23;1800;1;2;1;1;7;299;35, BACHELARD AVENUE VIC;M;4595223;-95423;170
201400019630;14;3;9;1740;1;2;2;1;3;299;JAURES RUE JEAN;M;4593584;-95941;170
201400019631;14;3;15;1110;1;2;2;1;3;299;79, ONZE NOVEMBRE 1918 A;M;4592561;-96008;170
201400019632;14;3;24;1655;1;1;1;3;7;449;174490160, RD 117;M;4598044;-83996;170
201400019633;14;4;1;1520;1;2;1;1;7;299;65, DENFERT ROCHEREAU RU;M;4593640;-96756;170
201400019634;14;4;4;1615;1;2;1;1;6;299;38, DE GAULLE AVENUE DU;M;4593564;-96261;170
201400019635;14;4;6;50;5;2;1;2;6;299;40, BUISSON BOULEVARD;M;4594178;-98214;170
201400019636;14;4;10;1950;1;1;1;1;2;299;172990257, MILLE PATTES;M;4593591;-98460;170
201400019637;14;4;24;555;5;2;1;1;7;299;53, POUZET BOULEVARD EDO;M;4593130;-97083;170
201400019638;14;4;29;825;1;2;1;3;7;299;172990048, BIGNON BOULEV;M;4594657;-98840;170
201400019639;14;5;3;1745;1;2;1;1;2;449;22, AUNIS AVENUE D';M;4594832;-91388;170
201400019640;14;5;7;1220;1;2;1;1;6;299;33, TOUFAIRE RUE;M;4593760;-95817;170
201400019641;14;5;13;1245;1;1;1;1;7;299;172990397, RD 5;M;4597496;-95674;170
201400019642;14;5;22;825;1;1;1;1;2;299;172990257, MILLE PATTES;M;4592236;-97130;170
201400019643;14;5;25;700;2;2;1;1;6;299;1, CHARRE CHEMIN;M;4595713;-95784;170
201400019644;14;6;2;1400;1;2;1;1;6;299;70, JAURES RUE JEAN;M;4593319;-96002;170
201400019645;14;6;14;1705;1;1;1;1;1;449;174490160, RD 117;M;4597383;-84597;170
201400019646;14;6;27;1035;1;2;4;1;3;299;., PELLETAN AVENUE;M;4594196;-96265;170
201400019647;14;7;2;1255;1;2;3;1;3;449;., RD 214;M;4595273;-88728;170
201400019648;14;7;4;1005;1;2;1;1;2;449;04, FONDSECHE RUE;M;4594481;-88303;170
201400019649;14;7;5;1120;1;1;1;2;2;299;MILLE PATTES BOULEVARD D;M;4592804;-97840;170
201400019650;14;7;5;1245;1;2;1;1;2;449;24, AUNIS AVENUE D';M;4594835;-91407;170
201400019651;14;7;8;805;1;1;1;2;7;449;19, PUYJARREAU RUE DE;M;4594551;-91893;170
201400019652;14;7;9;955;1;2;1;1;4;299;., BIGNON BOULEVARD ET R;M;4594725;-98820;170
201400019653;14;7;11;1020;1;2;1;1;2;299;., PONTY AVENUE W.;M;4594421;-95904;170
201400019654;14;7;16;1645;1;2;1;1;3;299;31, FULLER AVENUE;M;4595048;-94311;170
201400019655;14;7;17;830;1;2;1;1;7;299;19, DENFERT ROCHEREAU RU;M;4594042;-96544;170
201400019656;14;7;20;1110;1;2;1;2;7;299;., BIGNON BOULEVARD ET R;;;;170
201400019657;14;8;7;1040;1;2;1;1;3;449;13, PONT ROUGE AVENUE DU;M;4595068;-93206;170
201400019658;14;8;22;900;1;2;1;1;7;299;2, GIRAUD RUE;M;4594957;-97663;170
201400019659;14;8;25;1730;1;1;1;1;5;449;147, SAINTONGE AVENUE DE;M;4595334;-87902;170
201400019660;14;8;29;955;1;2;1;1;3;299;14, DAUPHINS RUE DES;M;4594103;-97657;170
201400019661;14;8;29;1735;1;2;1;1;2;449;SAINTONGE AVENUE DE;M;4595171;-88800;170
201400019662;14;9;2;1545;1;2;1;1;7;299;63, PELTIER RUE DU DOCTE;M;4593556;-96449;170
201400019663;14;9;4;1445;1;2;1;1;7;299;19, DENFERT ROCHEREAU RU;M;4594042;-96544;170
201400019664;14;9;9;1110;1;2;1;1;3;299;BIGNON BOULEVARD ET ROND;M;4593860;-98514;170
201400019665;14;9;15;1825;1;2;1;1;2;449;SAINTONGE AVENUE DE;M;4595023;-89689;170
201400019666;14;9;16;1720;1;2;1;1;2;299;33, PASTEUR RUE;M;4594214;-96658;170
201400019667;14;9;29;1025;2;2;2;1;3;299;., DE GAULLE AVENUE DU G;M;4593574;-96341;170
201400019668;14;10;4;1535;1;1;1;1;3;299;MILLE PATTES BOULEVARD D;M;4593152;-98203;170
201400019669;14;10;10;1625;1;2;1;1;2;449;6, PONT ROUGE AVENUE DU;M;4595067;-93169;170
201400019670;14;10;13;1400;1;2;1;1;3;299;9, CASSE AUX PRETRES RUE;M;4595520;-97055;170
201400019671;14;10;27;1405;1;1;1;1;6;449;5, RD 124;M;4593888;-87164;170
201400019672;14;10;28;1840;5;2;1;1;7;299;., SADI CARNOT AVENUE;M;4593854;-96616;170
201400019673;14;11;5;1115;1;1;1;1;7;449;., R.D. 911;M;4597103;-91837;170
201400019674;14;11;14;1805;3;2;1;1;2;449;SAINTONGE AVENUE DE;M;4595236;-87299;170
201400019675;14;11;15;2310;5;2;1;2;7;299;510, PELTIER RUE DU DOCT;M;4593709;-96415;170
201400019676;14;11;25;1745;2;2;2;1;3;449;SAINTONGE AVENUE DE;M;4594938;-90201;170
201400019677;14;12;1;1815;5;2;6;1;7;299;., PELLETAN AVENUE;M;4594322;-96061;170
201400019678;14;12;2;745;5;2;1;2;2;299;20, DULIN AVENUE;M;4596005;-96132;170
201400019679;14;12;3;1230;1;2;9;1;3;299;ONZE NOVEMBRE 1918 AVENU;M;4592342;-95848;170
201400019680;14;12;6;1345;1;2;2;1;3;299;75, GAMBETTA RUE;M;4594015;-97114;170
201400019681;14;12;11;925;1;2;1;1;7;299;63, PELTIER RUE DU DOCTE;M;4593574;-96444;170
201400019682;14;12;12;1815;3;1;1;1;7;299;MILLE PATTES BOULEVARD D;M;4592661;-97674;170
201400019683;14;12;15;1820;5;2;1;2;3;299;., TORRELAVEGA AVENUE DE;M;4592697;-96592;170
201400019684;14;12;17;820;2;2;1;2;7;299;34, DEPORTES ET FUSILLES;M;4593305;-96647;170
201400019685;14;1;2;35;5;2;1;2;6;300;40, LYAUTEY   BOULEVARD;M;4616143;-120649;170
201400019686;14;1;3;1220;1;2;1;1;2;300;125, CORSAIRES   AVENUE;M;4616952;-117021;170
201400019687;14;1;7;719;2;2;2;1;6;300;SARTRE   AVENUE JEAN-PAU;M;4615656;-112659;170
201400019688;14;1;7;900;1;2;3;1;3;300;SAUTEL  BOULEVARD ANDRE;M;4616670;-113658;170
201400019689;14;1;14;1801;2;2;1;1;3;274;3, GRANDE RUE   RUE;M;4615436;-109707;170
201400019690;14;1;16;1650;1;2;2;1;6;300;VILLENEUVE   RUE;M;4616175;-114669;170
201400019691;14;1;16;1755;1;2;1;1;6;300;40, VOILIERS   RUE DES;M;4616521;-114561;170
201400019692;14;1;25;1813;2;2;3;1;6;300;2, REAUMUR   RUE;M;4615862;-115638;170
201400019693;14;2;1;2235;5;1;1;2;7;28;2, PLAGE   ROUTE DE LA;M;4612622;-112718;170
201400019694;14;2;1;1515;1;2;1;1;6;300;35 PK RN11 ROCADE NANTES;M;4617222;-112005;170
201400019695;14;2;2;2240;4;1;1;1;7;300;116 PK RN137 ROCHEFORT J;M;4615459;-111499;170
201400019696;14;2;2;2225;3;1;1;1;6;300;2, 05 PK RN237 MOULIN JU;M;4617438;-117498;170
201400019697;14;2;5;1706;1;2;3;2;3;300;2, DEFLANDRE   RUE MARCE;M;4617222;-121293;170
201400019698;14;2;5;1751;2;2;1;1;6;300;2, DENFERT-ROCHEREAU   A;M;4616554;-118860;170
201400019699;14;2;7;1802;1;2;1;1;3;300;36, MARILLAC   AVENUE;M;4614119;-116053;170
201400019700;14;2;11;1225;1;2;1;1;7;300;50, SCHWEITZER   RUE DU;M;4615851;-114565;170
201400019701;14;2;11;1823;2;2;1;1;3;300;2, CARNOT   AVENUE;M;4616458;-118166;170
201400019702;14;2;13;840;1;2;1;1;6;300;2, SCHWEITZER   RUE DU D;M;4615851;-114547;170
201400019703;14;2;15;1725;1;1;1;1;3;291;02 PK RN237 RE MOULIN JU;M;4618152;-114149;170
201400019704;14;2;18;820;1;2;1;2;7;300;4, GUILLAUMAT   RUE GENE;M;4616336;-118246;170
201400019705;14;2;18;1850;2;2;1;1;6;300;2, GRANDES VARENNES   AV;M;4617142;-117701;170
201400019706;14;2;19;1541;1;2;3;1;3;300;SAUTEL  BOULEVARD ANDRE;M;4617066;-112459;170
201400019707;14;2;21;1924;2;2;6;1;3;200;2, MOISY   AVENUE DU REC;M;4617393;-116664;170
201400019708;14;3;5;1745;1;2;1;1;6;300;2, CORDELIERS   AVENUE D;M;4616329;-114550;170
201400019709;14;3;6;1247;1;1;1;1;5;200;02 PK RN237 MOULIN JUSTI;M;4618149;-114155;170
201400019710;14;3;7;1820;1;2;1;1;7;200;2, MOISY   AVENUE DU REC;M;4617262;-117026;170
201400019711;14;3;12;1610;1;1;1;1;6;300;33 PK RN11 ROCADE NANTES;M;4617673;-110310;170
201400019712;14;3;13;2110;5;2;1;1;6;300;2, BRIAND   AVENUE ARIST;M;4616309;-116501;170
201400019713;14;3;14;1250;1;2;1;1;7;300;14, HILAIRE   COURS DAME;M;4615755;-115371;170
201400019714;14;3;16;315;5;2;1;1;6;300;2, CHIRONS LONGS   CHEMI;M;4616488;-120341;170
201400019715;14;3;26;1820;1;2;1;1;6;300;02, LACROIX   RUE MARIUS;M;4616951;-114658;170
201400019716;14;3;30;440;5;2;1;1;1;28;2, ANVILLE   RUE D';M;4613793;-111110;170
201400019717;14;4;1;1245;1;2;1;1;6;300;2, VALIN   QUAI;M;4615704;-114996;170
201400019718;14;4;3;1935;1;1;1;1;2;291;46, LIBERATION   RUE DE;M;4617693;-111518;170
201400019719;14;4;7;120;5;2;1;1;7;274;QUATRE CHEVALIERS   RUE;M;4616329;-111174;170
201400019720;14;4;8;1640;1;2;1;1;6;300;2, NORMANDIN   RUE EMILE;M;4614144;-113863;170
201400019721;14;4;10;830;1;2;1;7;7;300;176, CARNOT   AVENUE;M;4616461;-117893;170
201400019722;14;4;11;1840;1;2;1;1;6;300;124, GUITON   AVENUE JEA;M;4616059;-117143;170
201400019723;14;4;11;1830;1;2;1;1;6;300;2, CRAPAUDIERES   AVENUE;M;4616896;-117196;170
201400019724;14;5;27;2021;2;1;2;1;1;200;44, ROSE AVENUE DU FIEF;M;4618091;-116716;170
201400019725;14;4;14;1722;1;2;1;1;6;300;6, FROMENTIN   RUE CHARL;M;4616030;-115397;170
201400019726;14;4;15;925;1;2;1;1;7;300;170, GUITON   AVENUE JEA;M;4616116;-117491;170
201400019727;14;4;21;1826;1;2;1;1;6;300;CHAMP DE MARS   AVENUE D;M;4616940;-114875;170
201400019728;14;4;22;140;5;2;1;1;7;300;395, GUITON   AVENUE JEA;M;4615994;-119693;170
201400019729;14;4;22;853;1;1;1;1;7;300;115 PK RN137 ROCHEFORT J;M;4614589;-110901;170
201400019730;14;4;22;926;1;2;1;1;6;28;2, 114 PK RN137 JUSTICE;M;4613726;-110348;170
201400019731;14;4;22;1829;1;1;1;1;7;200;12, ROSE AVENUE DU FIEF;M;4617444;-116669;170
201400019732;14;4;22;1509;1;2;1;1;7;300;22, ALBERT IER   RUE;M;4616449;-115165;170
201400019733;14;4;25;1230;1;2;1;1;7;300;2, BERLIN   AVENUE DE;M;4616705;-118170;170
201400019734;14;4;29;1750;1;1;3;1;3;300;2, DEFLANDRE   RUE MARCE;M;4617050;-121284;170
201400019735;14;4;29;1040;1;2;1;1;7;300;2, LACROIX   RUE MARIUS;M;4616951;-114656;170
201400019736;14;5;3;1517;1;2;1;1;6;300;2, 112 PK RN137 JUSTICE;M;4612082;-110954;170
201400019737;14;5;7;1211;1;2;1;1;7;300;230, CARNOT   AVENUE;M;4616485;-118324;170
201400019738;14;5;8;1450;1;1;1;1;3;300;05 PK RN237 MOULIN JUSTI;M;4618089;-114716;170
201400019739;14;5;10;1525;1;2;3;1;6;200;2, ROSE AVENUE DU FIEF;M;4618000;-116416;170
201400019740;14;5;10;1620;1;2;1;2;7;300;48, GARGOULLEAU   RUE;M;4616202;-115251;170
201400019741;14;5;16;2350;5;2;1;1;7;274;2, REPUBLIQUE   ROND-POI;M;4615304;-111188;170
201400019742;14;5;20;1220;1;2;1;1;6;300;2, 537 RN ROND POINT DEN;M;4616465;-119782;170
201400019743;14;5;21;1635;1;2;1;3;6;300;86, SAUTEL  BOULEVARD AN;M;4617069;-112481;170
201400019744;14;5;22;1205;1;2;1;1;7;300;DUPERRE   QUAI;M;4615815;-115188;170
201400019745;14;5;24;350;5;2;1;9;6;300;CREPEAU   AVENUE MICHEL;M;4614815;-115847;170
201400019746;14;6;5;1003;1;2;1;1;7;300;60, SAUTEL  BOULEVARD AN;M;4616792;-113309;170
201400019747;14;6;5;1432;1;2;1;1;6;300;2, ROUX   RUE DE;M;4614711;-115219;170
201400019748;14;6;7;5;5;2;1;1;2;300;134, SAUTEL  BOULEVARD A;M;4617022;-112610;170
201400019749;14;6;12;1520;1;2;1;1;7;300;88, SAUTEL  BOULEVARD AN;M;4616912;-112938;170
201400019750;14;6;13;1513;1;2;1;1;6;300;2, JOFFRE   BOULEVARD (1;M;4616089;-114036;170
201400019751;14;6;15;1930;1;2;1;1;2;300;59, ONZE NOVEMBRE 1918;M;4617447;-115048;170
201400019752;14;6;22;435;5;2;1;1;5;291;52, MARE  RUE DU FIEF DE;M;4618062;-112713;170
201400019753;14;6;25;1809;1;1;1;1;2;300;114 PK RN137 JUSTICE ROC;M;4615140;-111275;170
201400019754;14;6;25;1210;1;2;1;1;6;300;2, MAUBEC   QUAI;M;4615903;-114864;170
201400019755;14;6;22;725;2;1;1;1;7;274;2, D 111;M;4616118;-106965;170
201400019756;14;6;30;958;1;2;1;2;3;300;27, SCHWEITZER   RUE DU;M;4615854;-114551;170
201400019757;14;6;30;1022;1;2;1;1;1;300;12, LYAUTEY   BOULEVARD;M;4616154;-120389;170
201400019758;14;7;8;2240;5;2;1;1;1;300;SCIERIE   RUE DE LA;M;4614896;-115354;170
201400019759;14;7;10;1945;2;2;1;1;6;300;2, 33 PK RN11 ROCADE NAN;M;4617253;-111893;170
201400019760;14;7;11;2050;2;2;1;1;2;300;28, MAIL   ALLEE DU;M;4615601;-116513;170
201400019761;14;7;14;1827;1;2;1;1;3;300;18, LECLERC   AVENUE DU;M;4616255;-115986;170
201400019762;14;7;14;2016;1;2;1;1;1;28;CLAIRES   RUE DES;M;4613138;-113707;170
201400019763;14;7;14;2210;2;2;3;1;1;300;148, LECLERC   AVENUE DU;M;4616293;-116339;170
201400019764;14;7;16;1657;1;2;1;1;3;274;2, REPUBLIQUE   ROND-POI;M;4615288;-111072;170
201400019765;14;7;22;824;1;2;1;1;6;300;2, MAIL   ALLEE DU;M;4615613;-116239;170
201400019766;14;7;22;1800;1;2;1;1;6;300;107, BRIAND   AVENUE ARI;M;4616857;-116371;170
201400019767;14;7;24;1721;1;2;2;1;3;300;LECLERC   AVENUE DU GENE;M;4616245;-115857;170
201400019768;14;7;28;415;5;2;1;1;7;300;SARTRE   AVENUE JEAN-PAU;M;4615642;-112803;170
201400019769;14;7;31;1144;1;2;3;1;6;300;JUIN   AVENUE DU MARECHA;M;4615573;-118089;170
201400019770;14;7;31;1741;1;2;1;1;6;300;2, NORMANDIN   RUE EMILE;M;4614119;-113788;170
201400019771;14;7;31;2050;1;2;1;1;7;300;2, VERDUN   PLACE DE;M;4616280;-115258;170
201400019772;14;8;6;955;1;1;1;3;7;291;112 PK RN137 ROCHEFORT J;M;4617216;-112125;170
201400019773;14;8;6;1140;1;1;1;1;2;291;113 PK RN137 JUSTICE ROC;M;4617225;-112127;170
201400019774;14;8;6;1236;1;2;1;1;3;300;6, CORDELIERS   PLACE DE;M;4616289;-114561;170
201400019775;14;8;10;215;5;2;3;1;3;200;2, HUIT MAI 1945   AVENU;M;4617748;-115261;170
201400019776;14;8;15;923;1;2;1;1;6;300;30, KENNEDY   AVENUE DU;M;4616752;-118035;170
201400019777;14;8;15;2130;1;2;1;1;7;300;06, BERNIER   AVENUE DU;M;4616654;-115956;170
201400019778;14;8;16;2125;2;2;1;1;1;300;BILLAUD-VARENNE   AVENUE;M;4615157;-111883;170
201400019779;14;8;26;825;1;2;1;1;6;300;2, SAUTEL  BOULEVARD AND;M;4616667;-113667;170
201400019780;14;8;21;1600;1;2;1;1;3;300;ALBERT IER   RUE;M;4616317;-115219;170
201400019781;14;8;25;1700;1;2;1;1;6;300;23, FLEURIAU   RUE;M;4616152;-115221;170
201400019782;14;8;26;30;5;2;1;3;2;300;167, SAUTEL  BOULEVARD A;M;4617072;-112470;170
201400019783;14;9;2;1719;1;2;1;1;6;28;13, COPERNIC   RUE;M;4612833;-109462;170
201400019784;14;9;3;1214;1;2;1;1;6;300;2, REMBLAIS   CHEMIN DES;M;4616723;-120407;170
201400019785;14;9;4;1657;1;1;1;1;2;291;09 PK RN237 RE MOULIN JU;M;4617831;-115861;170
201400019786;14;9;4;1605;1;2;1;1;6;28;74, GRASSET   AVENUE EDM;M;4613180;-110675;170
201400019787;14;9;5;825;1;2;1;1;2;274;2, GRANDE RUE   RUE;M;4615424;-109749;170
201400019788;14;9;6;2024;1;2;1;1;2;28;D 939;M;4613127;-109891;170
201400019789;14;9;7;1335;1;2;1;1;6;300;115 PK RN137 ROCHEFORT J;;;;170
201400019790;14;9;7;1045;1;2;6;1;3;291;SONNETTERIE   RUE DE LA;M;4618118;-112511;170
201400019791;14;9;12;1733;1;1;1;1;2;291;0 PK RN237 RE MOULIN DE;M;4617270;-112161;170
201400019792;14;9;13;1016;1;2;1;1;3;300;2, DENFERT-ROCHEREAU   A;M;4616555;-118866;170
201400019793;14;9;14;1455;1;2;1;1;2;300;156, CARNOT   AVENUE;M;4616436;-117723;170