num_acc;an;mois;jour;hrmn;lum;agg;int;atm;col;com;adr;gps;lat;long;dep
201400019794;14;9;15;1600;1;2;1;1;6;300;2, TASDON   IMPASSE DE;M;4614367;-114032;170
201400019795;14;9;18;1503;1;2;1;1;2;300;SAUTEL  BOULEVARD ANDRE;M;4617123;-112310;170
201400019796;14;9;20;1725;1;2;3;1;3;300;74, CORSAIRES   AVENUE D;M;4616474;-117531;170
201400019797;14;9;20;1905;1;1;1;1;3;300;33 PK RN11 NANTES ROCADE;M;4617917;-109653;170
201400019798;14;9;21;2235;5;1;1;1;6;300;115 PK RN137 JUSTICE ROC;M;4614594;-110922;170
201400019799;14;9;23;1916;1;2;1;1;6;300;2, CHAUDRIER   RUE;M;4616120;-115306;170
201400019800;14;9;26;1000;1;2;6;1;6;300;251, GUITON   AVENUE JEA;M;4616147;-117903;170
201400019801;14;9;28;655;5;2;1;1;7;300;2, CACAUD    PLACE;M;4616306;-114767;170
201400019802;14;9;29;1030;1;1;1;1;7;291;0 PK RN237 MOULIN JUSTIC;M;4618144;-114148;170
201400019803;14;9;30;1830;1;2;1;1;2;300;LECLERC   AVENUE DU GENE;M;4616311;-116517;170
201400019804;14;10;1;1821;1;2;1;1;6;300;78, SARTRE   AVENUE JEAN;M;4615616;-111878;170
201400019805;14;10;3;2100;2;2;1;1;6;300;33, VIENNE   AVENUE DE;M;4616771;-116915;170
201400019806;14;10;8;1420;1;2;3;1;3;300;74, FRERES PRECHEURS   R;M;4616298;-114718;170
201400019807;14;10;9;1807;1;2;1;1;3;300;5, LA FONTAINE   RUE;M;4616562;-114121;170
201400019808;14;10;18;1508;1;2;1;1;6;300;18, PARIS   AVENUE DE;M;4616939;-117476;170
201400019809;14;10;18;1943;2;2;1;1;1;300;20, SARTRE   AVENUE JEAN;M;4615569;-113447;170
201400019810;14;10;21;15;5;2;1;1;7;300;LACROIX   RUE MARIUS;M;4617306;-114640;170
201400019811;14;10;22;705;5;1;1;1;3;300;176, SAUTEL  BOULEVARD A;M;4617106;-112337;170
201400019812;14;10;27;1800;5;2;4;1;6;300;JURA   RUE DU;M;4617391;-119951;170
201400019813;14;10;29;1535;1;2;1;1;2;300;81, GUITON   AVENUE JEAN;M;4615986;-116683;170
201400019814;14;10;31;1730;1;2;1;1;6;300;150, SARTRE   AVENUE JEA;M;4615626;-112975;170
201400019815;14;11;1;1835;1;2;1;1;2;300;16, MESCHINET DE RICHEMO;M;4616228;-118355;170
201400019816;14;11;3;1500;1;2;1;1;2;28;LYSIACK   AVENUE DU COMM;M;4613634;-112419;170
201400019817;14;11;9;1835;2;2;1;1;7;300;12, GERMINAL   RUE;M;4616787;-118009;170
201400019818;14;11;16;1915;5;2;1;1;7;274;25, JOLIOT-CURIE   AVENU;M;4615753;-110682;170
201400019819;14;11;17;2140;4;2;1;2;7;300;64, MOULIN   AVENUE JEAN;M;4614863;-113815;170
201400019820;14;11;18;925;2;2;2;1;6;200;1, BECQUEREL   RUE HENRI;M;4618740;-115285;170
201400019821;14;11;20;1616;1;2;1;1;6;300;2, ROYALE   AVENUE DE LA;M;4616239;-114080;170
201400019822;14;11;21;550;5;2;1;1;2;300;SAINT-LOUIS   RUE;M;4616082;-114570;170
201400019823;14;11;24;2230;5;2;1;2;3;300;MOULIN   AVENUE JEAN;M;4615175;-113964;170
201400019824;14;11;26;1600;1;2;1;1;7;300;15, GUE   RUE DU;M;4617695;-114094;170
201400019825;14;11;26;1713;1;2;1;1;3;300;12, SCHUMANN   AVENUE RO;M;4616652;-117848;170
201400019826;14;11;30;2210;5;2;1;1;6;300;2, DAME HILAIRE   COURS;M;4616861;-117309;170
201400019827;14;12;4;105;5;2;1;1;7;300;2, VESPUCCI   AVENUE AME;M;4615313;-115469;170
201400019828;14;12;8;750;5;2;3;1;3;300;SARTRE   AVENUE JEAN-PAU;M;4615575;-113437;170
201400019829;14;12;11;1500;1;1;1;1;6;291;2, QUATORZE JUILLET   RU;M;4617466;-111675;170
201400019830;14;12;11;1720;5;2;2;2;3;300;02, PRIEURE   CHEMIN DU;M;4617341;-115036;170
201400019831;14;12;12;2030;5;1;1;1;2;291;33 PK RN11 ROCADE NANTES;M;4617912;-109652;170
201400019832;14;12;18;802;2;2;1;1;1;274;2, LUMIERE   AVENUE LOUI;M;4615856;-110115;170
201400019833;14;12;18;1750;5;2;1;1;6;300;MONNET   AVENUE JEAN;M;4614433;-115308;170
201400019834;14;12;18;1809;5;2;1;1;6;300;9, COLIGNY   AVENUE;M;4615716;-116618;170
201400019835;14;12;19;1045;1;1;1;1;7;291;02, CHENES  RUE DES;M;4619271;-111101;170
201400019836;14;12;22;1150;1;2;1;1;6;300;8, FORBIN   COURS;M;4616537;-117646;170
201400019837;14;12;28;1645;1;2;1;1;3;300;167, GUITON   AVENUE JEA;M;4616087;-117318;170
201400019838;14;12;29;1811;2;2;1;1;5;291;05 PK RN237 MOULIN JUSTI;M;4617824;-112832;170
201400019839;14;1;3;900;1;2;2;1;3;306;., CLEMENCEAU  GEORGES (;M;4562753;-102012;170
201400019840;14;1;22;2014;5;2;1;2;6;306;16, SION (DE);M;4563028;-102931;170
201400019841;14;2;4;1415;1;2;1;1;6;461;78, SOURCE (CHEMIN DE LA;M;4564280;-105000;170
201400019842;14;2;5;2200;5;2;1;1;6;306;2, PAPIN DENIS;M;4563232;-99406;170
201400019843;14;2;9;2220;5;2;1;1;6;461;ROCHE (DE LA);M;4564794;-105473;170
201400019844;14;2;19;1958;5;2;2;1;3;306;LOTI PIERRE;M;4562451;-102974;170
201400019845;14;2;26;1405;1;2;2;1;3;306;LOTI PIERRE;M;4562453;-102975;170
201400019846;14;2;18;1955;5;2;1;1;2;306;., QUEBEC (AVENUE);M;4563372;-102035;170
201400019847;14;2;19;1000;1;2;2;1;3;306;ROCHEFORT (DE)  (AVENUE);M;4563560;-102636;170
201400019848;14;3;4;945;1;2;4;1;3;333;SAUJON (DE);M;4560467;-98172;170
201400019849;14;3;11;1012;1;1;1;1;2;306;EXPRESS (VOIE);M;4563931;-102573;170
201400019850;14;3;17;1045;1;2;1;1;6;380;GANIPOTE (AVENUE DE LA);M;4565156;-108525;170
201400019851;14;3;18;1350;1;2;1;1;3;306;61, DOUMER PAUL (PARKING;M;4562923;-102958;170
201400019852;14;3;25;1651;1;1;2;1;3;380;VERDUN (AVENUE DE);M;4566365;-107201;170
201400019853;14;3;8;1425;1;2;1;1;3;306;CLEMENCEAU  GEORGES (BD);M;4562751;-102011;170
201400019854;14;4;2;1900;1;2;1;1;6;306;51, GAMBETTA;M;4562248;-103107;170
201400019855;14;4;8;2325;5;2;1;1;7;306;89, BASTIE MARYSE;M;4562402;-101492;170
201400019856;14;4;17;1502;1;2;1;1;6;306;FRONT DE MER (PROMENADE;M;4562385;-102716;170
201400019857;14;4;19;2015;1;2;1;1;6;306;SCHUMAN (PLACE);M;4562134;-103167;170
201400019858;14;4;22;1825;2;2;2;2;3;380;PALOMBES (DES);M;4565156;-110868;170
201400019859;14;4;24;1140;1;2;2;1;3;306;46, BRIAND  ARISTIDE  (B;M;4562595;-103009;170
201400019860;14;4;27;320;3;2;1;1;7;306;76, LAMY (BD FRANCK);M;4562766;-101509;170
201400019861;14;4;7;2335;3;2;1;1;7;306;60, GRANDE CONCHE (DE LA;M;4562366;-101716;170
201400019862;14;4;30;1805;1;2;1;1;6;306;SOURCE (DE LA);M;4562809;-103225;170
201400019863;14;5;11;1205;1;2;1;1;2;306;EUROPE (COURS DE L');M;4562486;-102235;170
201400019864;14;5;11;1815;2;2;1;1;6;306;4, 5 JANVIER 1945 (DU) (;M;4562519;-102801;170
201400019865;14;5;14;815;1;2;1;1;6;306;ZOLA (ALLEE EMILE);M;4561795;-101388;170
201400019866;14;5;21;1605;1;2;1;1;1;333;MOULIN  JEAN  (AVENUE);M;4559313;-96997;170
201400019867;14;5;23;1345;1;2;2;1;3;306;222, ROCHEFORT (DE)  (AV;M;4565343;-102327;170
201400019868;14;5;25;2230;3;1;1;1;6;306;PUISADE;M;4563384;-97994;170
201400019869;14;5;29;2035;2;2;1;1;1;306;28, RENAISSANCE (DE LA);M;4562967;-103977;170
201400019870;14;5;30;1542;1;2;1;1;3;306;1, LIBERATION (DE LA) (A;M;4562359;-101286;170
201400019871;14;6;1;545;3;1;1;1;1;306;EXPRESS (VOIE);M;4563191;-98583;170
201400019872;14;6;3;1906;2;2;1;1;6;306;13, CHATEAU D'EAU (DU);M;4562381;-103258;170
201400019873;14;6;8;1046;1;2;1;1;3;306;143, ROCHEFORT (DE)  (AV;M;4565486;-102300;170
201400019874;14;6;13;1900;2;1;1;1;1;333;MEDIS  (DE);M;4560923;-96986;170
201400019875;14;6;14;155;5;2;1;1;6;306;41, PONTAILLAC (DE) (AVE;M;4562122;-103746;170
201400019876;14;6;14;1450;1;1;1;1;5;306;EXPRESS (VOIE);M;4563934;-102570;170
201400019877;14;6;15;1855;1;2;1;1;1;306;47, GRANDE CONCHE (DE LA;M;4562362;-101787;170
201400019878;14;6;18;2350;3;2;2;1;3;306;VERDUN (DE) AVENUE);M;4562108;-100883;170
201400019879;14;6;24;1245;1;1;1;1;3;380;EXPRESS (VOIE);M;4565573;-111517;170
201400019880;14;7;6;1510;1;1;1;1;1;380;EXPRESS (VOIE);M;4566247;-113318;170
201400019881;14;7;7;1530;1;2;1;1;6;306;01, PLATANES (DES) (AVEN;M;4562509;-104107;170
201400019882;14;7;10;1740;1;2;1;1;6;333;RHIN ET DANUBLE (AVENUE);M;4561870;-96549;170
201400019883;14;7;11;1700;1;2;1;1;6;333;49, DE GAULLE (DU GENERA;M;4560584;-99716;170
201400019884;14;7;11;1440;1;2;1;1;2;306;., FRONT DE MER (PROMENA;M;4562130;-102997;170
201400019885;14;7;19;505;5;2;1;2;6;380;51, MOUILLERES (AVENUE D;M;4565158;-109629;170
201400019886;14;7;19;1150;1;1;1;1;6;306;., EXPRESS (VOIE);M;4562905;-100346;170
201400019887;14;7;24;1804;1;2;1;1;6;306;49, CLEMENCEAU  GEORGES;M;4562843;-102209;170
201400019888;14;7;26;1250;1;1;1;1;6;333;., EXPRESS (voie);M;4561659;-98822;170
201400019889;14;7;29;2330;3;2;1;1;6;380;., TAMARIS (AVENUE DES);M;4562329;-104991;170
201400019890;14;7;30;1415;1;2;3;1;3;306;BOUCHET LOUIS (AVENUE);M;4562866;-99495;170
201400019891;14;7;31;130;5;2;2;1;3;306;BAILLET (BD COLONEL ROBE;M;4562674;-104351;170
201400019892;14;8;4;1750;1;2;2;1;6;333;., TILLEULS (AVENUE DES);M;4560314;-99340;170
201400019893;14;8;6;1135;1;2;3;1;3;306;., CLEMENCEAU  GEORGES (;M;4563090;-102833;170
201400019894;14;8;9;1625;1;2;2;1;6;306;., CLEMENCEAU  GEORGES (;M;4562752;-102012;170
201400019895;14;8;10;1104;1;2;3;1;3;306;., ISAURE CLEMENCE (AVEN;M;4562660;-104834;170
201400019896;14;8;12;1715;1;2;1;1;6;333;., COTE DE BEAUTE (BOULE;M;4560121;-99852;170
201400019897;14;8;16;930;1;2;1;1;3;461;., PASTEUR (AVENUE);M;4563177;-105688;170
201400019898;14;8;17;50;5;2;1;1;6;306;71-73, HEDDE (AVENUE DAN;M;4563657;-102845;170
201400019899;14;8;19;1443;1;2;1;1;2;306;., EUROPE (COURS DE L');M;4562489;-102152;170
201400019900;14;8;20;1149;1;2;1;1;2;306;., ROCHEFORT (DE)  (AVEN;M;4563970;-102507;170
201400019901;14;8;22;2130;2;2;3;1;3;306;., CLEMENCEAU  GEORGES (;M;4562499;-101810;170
201400019902;14;8;24;1720;1;2;6;1;6;333;., MOCQUERIES (AVENUE);M;4559944;-99427;170
201400019903;14;8;31;2200;5;2;1;1;3;333;., COTE DE BEAUTE (BOULE;M;4559519;-99159;170
201400019904;14;9;3;1716;1;2;1;1;6;306;., EUROPE (COURS DE L');M;4562489;-102159;170
201400019905;14;9;7;205;5;2;1;1;6;333;82, DE LATTRE DE TASSIGN;M;4560710;-100669;170
201400019906;14;9;9;858;1;2;1;2;6;306;AQUITAINE (ALIENOR D') (;M;4561639;-100268;170
201400019907;14;9;9;1520;1;2;1;1;4;333;., 107 REGIMENT D'INFANT;M;4559311;-97056;170
201400019908;14;9;12;810;1;2;1;1;6;306;., AMPERE;M;4563088;-100539;170
201400019909;14;9;17;815;1;2;6;1;6;333;., TILLEULS (AVENUE DES);M;4560476;-99332;170
201400019910;14;9;20;1500;1;2;1;1;6;306;80, BRIAND  ARISTIDE  (B;M;4562680;-103072;170
201400019911;14;10;3;1407;1;2;1;1;2;306;AMPERE;M;4563122;-99681;170
201400019912;14;10;10;753;3;2;2;1;6;306;ROCHEFORT (DE)  (AVENUE);M;4564898;-102447;170
201400019913;14;10;10;1740;1;1;1;1;6;306;27, VERDUN (DE) AVENUE);M;4562233;-101305;170
201400019914;14;10;15;1752;1;1;2;1;3;333;2, SUZAC (AVENUE DE);M;4558455;-98555;170
201400019915;14;10;20;1815;2;2;2;1;3;306;43, MARNE (DE LA) (BD);M;4562676;-100825;170
201400019916;14;11;5;1445;1;2;4;1;3;306;., HEDDE (AVENUE DANIEL);M;4563613;-102858;170
201400019917;14;11;12;1930;5;2;1;1;7;306;REGAZZONI (AVENUE CHARLE;M;4563922;-104014;170
201400019918;14;11;14;1221;1;2;1;2;6;306;6, REUTIN (BD FELIX);M;4563603;-102747;170
201400019919;14;11;14;1800;5;2;1;1;2;306;71, HEDDE (AVENUE DANIEL;M;4563672;-102848;170
201400019920;14;11;20;1940;5;2;2;1;3;306;6, PAIX (DE LA);M;4562004;-103756;170
201400019921;14;11;26;1828;5;2;1;1;2;306;EUROPE (COURS DE L');M;4562489;-102166;170
201400019922;14;12;1;1300;1;2;1;1;2;306;., FRESNEL AUGUSTIN;M;4563148;-99231;170
201400019923;14;12;8;1928;5;2;1;1;6;306;05, BRANLY EDOUARD;M;4563007;-99491;170
201400019924;14;12;12;1810;5;2;1;1;6;306;., DE LATTRE DE TASSIGNY;M;4562527;-102276;170
201400019925;14;12;22;1030;1;2;1;1;6;306;0, ROCHEFORT (DE)  (AVEN;M;4565458;-102301;170
201400019926;14;12;29;1120;1;2;1;9;2;306;63, CLEMENCEAU  GEORGES;M;4562963;-102515;170
201400019927;14;10;2;730;3;1;1;2;6;564;;M;4904200;28200;270
201400019928;14;5;4;1740;1;1;1;1;7;192;;M;4867984;23020;610
201400019929;14;8;24;1200;1;1;9;1;7;352;;M;4881628;-12934;610
201400019930;14;1;1;1800;5;2;1;1;6;415;1, SAINT PIERRE PLACE;M;4574503;-63259;170
201400019931;14;1;7;805;2;1;1;1;6;415;route nationale 141;M;4574579;-59005;170
201400019932;14;1;12;1505;1;2;1;1;6;415;2, DUFAURE AVENUE JULES;M;4574622;-61786;170
201400019933;14;1;17;950;1;2;1;1;7;415;107, BOULE RUE DE LA;M;4575132;-63880;170
201400019934;14;1;18;2315;5;2;1;1;6;415;42, NATIONAL 69 A FIN ET;M;4574724;-63287;170
201400019935;14;1;20;758;2;1;1;1;6;415;VOIVILLE EST ROND POINT;M;4574044;-66129;170
201400019936;14;1;25;1710;1;2;1;1;6;415;10, BELLEVUE AVENUE DE;M;4573280;-64334;170
201400019937;14;1;31;1230;1;1;1;1;6;415;route nationale 141;M;4572397;-69205;170
201400019938;14;2;1;1120;2;2;1;1;6;415;1, NATIONAL 1 A 67 ET 2;M;4574704;-63063;170
201400019939;14;2;8;115;5;2;1;1;6;415;113, DUFAURE AVENUE JULE;M;4574868;-60995;170
201400019940;14;2;9;525;3;1;1;1;6;415;Route Départementale 137;M;4575091;-66042;170
201400019941;14;2;15;2245;3;1;1;2;6;415;VOIVILLE EST ROND POINT;M;4574029;-66221;170
201400019942;14;2;17;1435;1;2;1;1;6;415;1, GAMBETTA 2 A 72 ET 5;M;4574698;-62830;170
201400019943;14;2;28;1130;1;2;1;1;6;415;44, NATIONAL 1 A 67 ET 2;M;4574725;-63355;170
201400019944;14;2;28;1550;1;2;1;1;6;415;01, SAINTONGE IMPASSE DE;M;4574070;-62260;170
201400019945;14;3;15;1400;1;2;1;1;6;415;KENNEDY AVENUE JOHN FITZ;M;4573362;-64541;170
201400019946;14;3;25;1220;1;2;1;1;6;415;1, LECLERC COURS DU MARE;M;4574873;-64411;170
201400019947;14;3;30;1855;1;2;1;1;6;415;16 bis, MONTPLAISIR RUE;M;4574037;-61550;170
201400019948;14;4;1;825;1;2;1;1;6;415;16, REVERSEAUX 2 A 46 ET;M;4574586;-63826;170
201400019949;14;4;3;750;2;1;5;1;6;415;., RETAUD ROUTE DE;M;4573903;-65366;170
201400019950;14;4;10;1640;1;2;1;1;6;415;33, MASSIOU 31 A 45 RUE;M;4574958;-63448;170
201400019951;14;4;12;1435;1;2;1;1;6;415;15, LECLERC COURS DU MAR;M;4574931;-64543;170
201400019952;14;4;15;1430;1;2;1;1;6;415;2, EGLANTINES RUE DES;M;4573767;-64703;170
201400019953;14;4;18;1620;1;1;1;1;6;415;20, COTE DE BEAUTE RUE D;M;4574978;-66808;170
201400019954;14;4;25;1725;1;2;1;1;6;415;24, GAUTIER RUE;M;4574468;-62735;170
201400019955;14;5;7;1600;1;2;1;1;6;415;02, CHAMP DE TIR RUE DU;M;4574646;-67417;170
201400019956;14;5;16;1130;1;2;1;1;6;415;2, GENET 2 A 64 COURS;M;4574774;-64538;170
201400019957;14;5;21;2155;2;1;1;1;6;415;Route Nationale 137;M;4574520;-66171;170
201400019958;14;5;27;1130;1;1;1;1;6;415;Route Nationale 137;M;4573535;-65957;170
201400019959;14;6;4;1610;1;2;1;1;6;415;1, FROMENTIN RUE EUGENE;M;4574761;-62961;170
201400019960;14;6;10;2350;5;1;1;1;6;415;1, KENNEDY AVENUE JOHN F;M;4573344;-64548;170
201400019961;14;6;20;1710;1;1;1;1;6;415;D?partementale  137;M;4571652;-63456;170
201400019962;14;6;20;1850;1;1;1;1;6;415;D?partementale  137;M;4572402;-63936;170
201400019963;14;6;26;1300;1;1;1;1;6;415;D?partementale  137;M;4573221;-65869;170
201400019964;14;6;27;1555;1;2;1;1;6;415;1, DOUMER 2 A 143 /ROC.O;M;4574391;-64718;170
201400019965;14;7;7;1725;1;1;1;1;6;415;7, GEMOZAC AVENUE DE;M;4572202;-64144;170
201400019966;14;7;8;2000;1;2;1;1;6;415;92, BOULE RUE DE LA;M;4575001;-63890;170
201400019967;14;7;18;1615;1;1;1;1;6;415;D?partementale  137;M;4573309;-65898;170
201400019968;14;7;21;1830;1;2;1;1;6;415;23, DUFAURE AVENUE JULES;M;4574697;-61434;170
201400019969;14;7;30;925;1;2;1;1;6;415;1, CASSIN RUE RENE;M;4574201;-62716;170
201400019970;14;8;2;800;1;2;1;1;6;415;15, LECLERC COURS DU MAR;M;4574935;-64554;170
201400019971;14;8;13;2135;4;2;1;1;6;415;26, BERTHELOT RUE MARCEL;M;4574236;-62153;170
201400019972;14;8;18;1435;1;2;1;1;6;415;1, ECHALAS RUE DE L';M;4574084;-65397;170
201400019973;14;8;24;1520;1;1;1;1;7;415;1, PORT D'ENVAUX ROUTE D;M;4576378;-64038;170
201400019974;14;8;28;1600;1;2;1;1;6;415;1, VARENNE RUE DE LA;M;4574819;-67453;170
201400019975;14;9;19;1030;1;2;6;1;6;415;1, DESCLAUDE RUE GEORGES;M;4575783;-64471;170
201400019976;14;9;22;1030;1;2;2;1;6;415;1, JEAN RUE DU DOCTEUR;M;4573799;-61650;170
201400019977;14;9;25;1740;1;2;1;1;6;415;8, ORMEAU DE PIED RUE DE;M;4574358;-66430;170
201400019978;14;9;25;2100;5;2;1;1;6;415;9, JOURDAN AVENUE;M;4574523;-61683;170
201400019979;14;10;4;1600;1;2;1;1;6;415;., BAUCHES DE GATERAT CH;M;4574569;-67605;170
201400019980;14;10;7;1740;1;2;1;1;6;415;1, DOUMER 2 A 143 /ROC.O;M;4574620;-66458;170
201400019981;14;10;7;1840;2;1;1;1;6;415;1, CHANIERS RUE DE;M;4573293;-60916;170
201400019982;14;10;20;1610;1;1;1;1;6;415;Route Nationale 137;M;4574453;-66153;170
201400019983;14;10;31;1030;1;2;1;1;6;415;1, JOURDAN AVENUE;M;4574523;-61787;170
201400019984;14;10;31;2015;5;1;1;1;6;415;1, TOMBOUCTOU AVENUE DE;M;4573850;-65362;170
201400019985;14;11;11;300;5;2;1;1;6;415;5, EPINEUIL 1 A 65 RUE D;M;4574032;-62270;170
201400019986;14;11;23;1140;1;1;1;1;6;415;2, GEMOZAC AVENUE DE;M;4572371;-64008;170
201400019987;14;11;27;2245;5;2;1;1;7;415;23, ROCHES 1 A 31 QUAI D;M;4573736;-63913;170
201400019988;14;12;5;1745;2;2;1;1;6;415;1, SAINTONGE BLANC. A AP;M;4574181;-64271;170
201400019989;14;12;5;1800;5;2;1;2;6;415;1, SAINTONGE RUELLE  DE;M;4574515;-62726;170
201400019990;14;12;5;1851;5;2;1;2;6;415;1, DUFAURE AVENUE JULES;M;4574627;-61745;170
201400019991;14;12;12;1910;3;1;1;1;6;415;., VARZAY ROUTE DE;M;4572651;-67711;170
201400019992;14;12;23;920;1;1;1;1;6;415;Route Nationale 137;M;4572530;-64422;170
201400019993;14;6;2;1310;1;2;1;1;6;415;1, LECLERC COURS DU MARE;M;4574875;-64429;170
201400019994;14;4;19;610;3;1;1;1;3;153;;;;;370
201400019995;14;5;2;530;3;1;1;1;2;166;;M;0;0;370
201400019996;14;7;16;1815;1;1;1;1;2;166;;M;0;0;370
201400019997;14;8;10;1815;1;1;1;1;5;204;;M;0;0;370
201400019998;14;9;14;1345;1;1;1;1;6;153;;M;0;0;370
201400019999;14;10;13;700;2;2;1;1;3;203;26 QUAI DE LA LOIRE;M;0;0;370
201400020000;14;12;22;1145;1;1;1;1;2;213;;M;0;0;370
201400020001;14;2;23;1730;1;1;6;1;2;270;;M;0;0;340
201400020002;14;3;26;1000;1;1;1;6;5;95;;M;0;0;340
201400020003;14;7;2;1115;1;2;1;1;3;270;rue Gossec;M;0;0;340
201400020004;14;8;9;15;3;1;1;3;1;270;;M;0;0;340
201400020005;14;9;27;1545;3;1;1;1;1;95;;M;0;0;340
201400020006;14;10;9;1000;1;1;1;1;1;270;;M;0;0;340
201400020007;14;1;14;2130;3;1;1;1;1;141;;M;0;0;660
201400020008;14;3;23;1500;1;2;1;1;3;21;d1 pk 24,300;M;0;0;660
201400020009;14;2;18;830;1;1;1;1;2;141;;M;4410043;464190;300
201400020010;14;3;27;1045;1;2;1;1;7;127;chemin de l'oppidum;M;4407928;457027;300
201400020011;14;4;16;900;1;2;1;1;5;141;D121;M;4409809;467767;300
201400020012;14;4;27;230;3;1;1;8;6;127;;M;4406307;457490;300
201400020013;14;6;26;2000;1;1;1;1;6;141;;M;4410015;464084;300
201400020014;14;9;4;800;1;1;9;1;3;331;;M;4412017;461526;300
201400020015;14;9;7;2345;3;1;1;1;6;225;;M;4416552;454606;300
201400020016;14;11;11;1945;3;1;1;8;1;127;;M;4407070;458112;300
201400020017;14;12;12;1530;1;1;1;1;5;141;;M;4411226;469085;300
201400020018;14;1;4;245;3;1;1;1;6;10;;M;4783800;99700;410
201400020019;14;2;25;1400;1;1;1;8;1;287;;M;4775600;104400;410
201400020020;14;6;6;1800;1;1;3;1;3;107;RD 108 RD 65 chandelay;M;4767800;104099;410
201400020021;14;6;10;1830;1;1;1;1;6;278;lieu dit la carte RD71;M;4764900;94100;410
201400020022;14;6;29;100;4;2;1;2;6;199;54 rue pasteur;M;4768400;102000;410
201400020023;14;7;21;2000;1;1;1;1;3;255;;M;4774200;80300;410
201400020024;14;7;30;930;1;1;1;1;2;265;"""la borde""";M;4777500;76600;410
201400020025;14;8;4;915;1;1;1;1;3;87;;M;4777000;85500;410
201400020026;14;8;9;1100;1;1;1;1;6;225;;M;4775000;81500;410
201400020027;14;8;18;1700;1;1;1;1;1;102;;M;4776100;95000;410
201400020028;14;9;13;1515;1;1;1;1;7;120;;M;4778700;91800;410
201400020029;14;10;12;1630;1;1;1;1;7;278;;M;4765200;95200;410
201400020030;14;10;17;730;3;1;1;2;1;199;;M;4767700;97800;410
201400020031;14;11;3;1245;1;1;1;2;5;287;;M;4776400;105300;410
201400020032;14;11;12;1130;1;1;1;1;1;113;;M;4775100;89500;410
201400020033;14;12;1;745;2;2;1;2;3;10;Place de l'Eglise;M;4643100;476100;410
201400020034;14;3;29;2320;3;2;1;1;7;488;;M;4927520;-26631;140
201400020035;14;2;3;900;1;1;1;9;1;162;;M;4887300;312800;770
201400020036;14;2;7;2145;5;2;1;1;7;116;10 la fr?nois;M;4876900;323100;770
201400020037;14;5;6;2015;1;1;2;1;3;406;;M;4883400;350900;770
201400020038;14;5;19;1215;1;2;1;1;6;93;30 RUE DE RELAIS DE POST;M;4875900;337100;770
201400020039;14;7;10;1000;1;1;1;2;7;385;;M;4838000;340100;770
201400020040;14;8;14;1430;1;1;1;1;6;436;;M;4833900;335400;770
201400020041;14;3;6;1445;1;1;2;1;3;839;;M;5015605;289114;620
201400020042;14;4;30;2030;2;1;1;1;6;549;;M;5011912;271574;800
201400020043;14;5;17;1500;1;1;1;1;3;181;;M;5013838;271086;620
201400020044;14;6;8;1615;1;2;9;1;1;733;D27;M;5012295;260806;620
201400020045;14;12;4;1530;1;1;2;1;3;85;;M;5023242;263424;620
201400020046;14;3;12;100;5;1;1;1;6;376;;M;5055678;252976;620
201400020047;14;1;12;1445;1;1;1;5;7;437;;M;5053482;200713;620
201400020048;14;9;27;1645;1;1;1;1;1;799;;M;5045651;170259;620
201400020049;14;5;26;2130;2;1;1;2;1;180;;M;5040641;236644;620
201400020050;14;7;3;730;1;1;1;1;1;36;;M;5044972;226123;620
201400020051;14;8;2;1815;1;2;1;2;7;138;15 rue de Fruges;M;5042792;217202;620
201400020052;14;8;28;2300;3;1;1;1;1;677;;M;5034267;203072;620
201400020053;14;2;19;1830;3;1;1;8;1;513;;M;5028065;225676;620
201400020054;14;5;4;1945;1;2;1;1;6;47;43. rue principale;M;5030628;217571;620
201400020055;14;10;3;900;1;1;1;1;1;187;;M;0;0;440
201400020056;14;10;8;1645;1;1;1;3;1;133;;M;0;0;440
201400020057;14;3;23;1500;1;1;1;4;4;289;;M;0;0;630
201400020058;14;10;28;1545;1;1;1;1;7;55;;M;0;0;630
201400020059;14;1;27;1100;1;1;1;8;6;266;;M;0;0;370
201400020060;14;3;2;1300;1;1;1;1;7;250;;M;0;0;370
201400020061;14;3;7;2000;3;1;1;1;1;99;;M;0;0;370
201400020062;14;3;7;1950;3;1;1;1;7;18;A 85 SENS ANGERS/VIERZON;;;;370
201400020063;14;4;7;245;5;1;9;1;3;250;;M;0;0;370
201400020064;14;4;13;1305;1;1;1;1;7;18;;;;;370