num_acc;an;mois;jour;hrmn;lum;agg;int;atm;col;com;adr;gps;lat;long;dep
201400020065;14;4;15;815;1;1;1;1;2;261;;M;0;0;370
201400020066;14;4;21;2015;1;1;1;1;7;261;;M;0;0;370
201400020067;14;4;26;1900;1;1;1;1;2;159;;M;0;0;370
201400020068;14;5;16;1330;1;1;1;1;7;31;;M;0;0;370
201400020069;14;5;25;145;3;1;1;1;2;216;;M;0;0;370
201400020070;14;6;10;1600;1;1;1;1;6;141;;M;0;0;370
201400020071;14;6;26;1630;1;1;1;3;7;141;;M;0;0;370
201400020072;14;6;28;1655;1;1;1;2;7;190;A 10;;;;370
201400020073;14;7;11;1700;1;1;1;1;6;216;;M;0;0;370
201400020074;14;7;30;145;3;1;1;1;6;142;;M;0;0;370
201400020075;14;9;22;630;3;1;1;1;2;272;;M;0;0;370
201400020076;14;9;29;1600;1;1;1;1;2;190;;M;0;0;370
201400020077;14;10;24;1600;1;1;1;1;6;72;;M;0;0;370
201400020078;14;11;6;1800;3;2;4;1;3;266;D910;M;0;0;370
201400020079;14;11;8;215;3;2;1;2;6;14;D751;M;0;0;370
201400020080;14;11;15;1445;1;1;3;1;3;67;;M;0;0;370
201400020081;14;11;16;515;5;2;1;2;3;50;AVENUE DE LA REPUBLIQUE;M;0;0;370
201400020082;14;11;15;1756;5;1;1;1;3;261;;;;;370
201400020083;14;11;20;2200;5;2;1;1;6;50;8 avenue de Bordeaux;M;0;0;370
201400020084;14;11;28;1815;3;1;1;1;6;250;;M;0;0;370
201400020085;14;12;30;945;1;1;6;8;3;154;LA BARAUDIERE;M;0;0;370
201400020086;14;2;24;859;1;1;1;1;2;261;;;;;370
201400020087;14;11;7;715;1;1;1;5;2;520;;M;4728200;461300;210
201400020088;14;1;26;1515;1;2;1;1;7;130;338 chemin des Andues;M;4319640;605030;830
201400020089;14;6;16;2230;3;1;1;1;6;54;;M;0;0;830
201400020090;14;7;24;945;1;1;1;1;5;17;;M;0;0;830
201400020091;14;8;5;630;2;2;1;1;6;130;chemin de sauvebonne;M;0;0;830
201400020092;14;8;25;1630;1;2;1;1;3;130;461 av de Lattre de Tass;M;0;0;830
201400020093;14;10;3;1245;1;1;1;1;2;130;;M;4320500;604300;830
201400020094;14;11;2;1000;1;1;1;1;5;54;;M;0;0;830
201400020095;14;11;4;1115;1;2;1;3;1;54;1016rue du Dr SCHWEITZER;M;0;0;830
201400020096;14;12;15;1845;5;2;1;1;6;54;29 rue de la r?publique;M;0;0;830
201400020097;14;12;19;2300;5;2;1;1;6;54;606 RUE DE LA GARE;M;4316639;604991;830
201400020098;14;4;26;1545;1;1;3;2;3;15;;M;0;0;870
201400020099;14;10;24;1945;5;1;1;1;1;152;;M;0;0;870
201400020100;14;3;23;1100;1;1;1;4;7;124;;M;0;0;202
201400020101;14;4;20;645;1;1;1;1;6;143;;M;0;0;202
201400020102;14;4;23;1900;1;1;1;1;3;143;;M;0;0;202
201400020103;14;7;5;1730;1;1;1;7;1;320;;M;0;0;202
201400020104;14;10;2;2300;3;1;1;1;7;347;;M;0;0;202
201400020105;14;10;4;1045;1;2;1;1;1;229;Route de la rivi?re;M;0;0;202
201400020106;14;7;27;2245;3;1;1;1;6;191;;M;4447900;10500;470
201400020107;14;9;27;1845;1;1;1;1;3;108;;M;4449300;13000;470
201400020108;14;12;14;2315;3;1;1;5;6;108;"LDT ""AU LUC""";M;4448910;13042;470
201400020109;14;8;28;945;1;1;1;1;1;191;;M;4412975;467648;300
201400020110;14;12;19;1930;5;2;1;3;6;176;Avenue Jean Jaures;M;4623900;148100;230
201400020111;14;2;25;1845;3;1;2;8;3;291;CARREFOUR DE L'ENSEIGNE;M;4888860;-113952;500
201400020112;14;3;22;1545;1;1;1;8;7;202;LES BRUYERES;M;4898600;-101674;500
201400020113;14;6;23;1530;1;1;1;1;6;465;LE CHENE;M;4908290;-115314;500
201400020114;14;6;27;1545;1;1;2;1;3;393;LE MONT ROBIN;M;4892990;-117474;500
201400020115;14;7;6;822;1;2;1;1;6;316;LA CROIX A LA MAIN;M;4902800;-114449;500
201400020116;14;10;16;1645;1;1;1;1;3;465;LA MAISON BALLERY;M;4908060;-115688;500
201400020117;14;11;30;1045;1;1;1;2;7;592;LA CARRIERE;M;4894720;-109681;500
201400020118;14;1;14;945;1;2;2;9;6;240;RD 46;M;4825643;-223402;220
201400020119;14;1;19;1545;1;1;2;1;3;185;;M;4838609;-242700;220
201400020120;14;2;20;100;3;1;1;1;7;84;La Ville Hunault;M;4843523;-229485;220
201400020121;14;3;1;1000;1;2;1;2;6;32;11 rue du bois;M;4828203;-215571;220
201400020122;14;3;6;2130;3;1;1;1;6;20;Les Coudrais;M;4834265;-220269;220
201400020123;14;5;10;1000;1;1;1;1;1;337;;M;4834881;-231611;220
201400020124;14;6;30;1800;1;1;1;2;5;240;;M;4824035;-222273;220
201400020125;14;7;10;745;1;1;1;1;3;391;la carrée;M;4834539;-218914;220
201400020126;14;7;26;1215;1;1;1;1;7;348;le douet robert;M;4836120;-223611;220
201400020127;14;8;2;1415;1;1;1;1;3;20;le moulin de broons;M;4829433;-227721;220
201400020128;14;8;11;1745;1;1;1;1;1;239;la louviere;M;4835060;-209966;220
201400020129;14;10;22;2200;3;1;1;1;6;84;Le Clos;M;4840469;-234940;220
201400020130;14;10;26;1830;3;1;3;1;3;185;la landelle;M;4837184;-235124;220
201400020131;14;6;8;1015;1;1;1;1;6;252;;M;4899600;-25641;140
201400020132;14;6;20;840;1;1;1;1;2;691;;M;4911390;-32065;140
201400020133;14;6;23;1500;1;1;1;1;1;691;;;;;140
201400020134;14;4;1;1930;2;1;1;1;6;327;;M;4973280;480201;80
201400020135;14;6;7;1200;1;1;1;1;7;79;;M;4969260;476762;80
201400020136;14;6;16;1815;1;1;1;1;6;469;;M;4962330;477251;80
201400020137;14;7;28;1000;1;2;1;3;1;327;25 rue de Nancy;M;0;0;80
201400020138;14;10;19;1215;1;1;1;1;1;400;;M;4966690;477953;80
201400020139;14;3;5;1630;1;1;1;1;7;424;;M;4476044;566772;380
201400020140;14;3;7;1330;1;1;4;1;1;492;la motte de sinard;M;4495690;563845;380
201400020141;14;8;2;1600;1;2;1;1;6;208;rue du Mont Aiguille;M;4484575;567152;380
201400020142;14;12;19;1715;2;1;1;1;6;321;;M;0;0;380
201400020143;14;1;1;1055;1;2;2;1;6;33;INDUSTRIE (BOULEVARD;M;4707156;239035;180
201400020144;14;1;3;1852;5;2;3;1;2;33;INDUSTRIE (BOULEVA;M;4707204;239377;180
201400020145;14;1;7;1604;1;1;6;1;6;213;GAULLE (AVENUE DU GENERA;M;4710006;249706;180
201400020146;14;1;11;1750;5;1;1;1;4;213;CHARITE (ROUTE DE LA);M;4709655;244740;180
201400020147;14;1;14;1230;1;1;1;7;1;255;RD 31;;;;180
201400020148;14;1;16;1900;5;2;1;2;6;33;LABONNE (RUE EIRICK);M;4706437;240251;180
201400020149;14;1;20;1720;1;2;2;1;3;33;AVENIR (BD DE L);M;4707964;238201;180
201400020150;14;1;24;740;5;2;2;2;3;33;JOFFRE (BOULEVARD DU MAR;M;4707491;240456;180
201400020151;14;1;26;300;5;2;1;2;6;33;60, GAMBETTA (BOULEVARD);M;4708733;238884;180
201400020152;14;2;3;1353;1;2;6;1;3;33;INDUSTRIE (BOULEVARD DE;M;4707373;240266;180
201400020153;14;2;3;1327;1;2;1;1;2;33;JURANVILLE (BOULEVARD DE;M;4708202;238923;180
201400020154;14;2;4;1101;1;2;3;7;6;33;MALLARME (RUE STEP;M;4710009;241087;180
201400020155;14;2;7;1102;1;2;7;1;3;205;ORLEANS (ROUTE D');M;4711292;237707;180
201400020156;14;2;13;1524;1;2;1;1;6;33;46, PROSPECTIVE (AVENUE;M;4711176;240341;180
201400020157;14;2;15;731;2;2;1;8;6;33;JURANVILLE(boulevard;M;4708288;238896;180
201400020158;14;2;15;1500;1;1;1;1;7;213;RD 955;;;;180
201400020159;14;2;17;1510;1;2;1;1;6;33;34, CHAPPE (CHAUSSEE DE);M;4709213;242198;180
201400020160;14;2;18;838;1;1;2;1;2;50;RD 16;M;4705124;230585;180
201400020161;14;2;24;910;1;2;6;1;3;33;rond point P Latecoere;M;4706169;236487;180
201400020162;14;2;24;1200;1;2;1;1;2;205;MALITORNE (RUE DE);M;4710560;238021;180
201400020163;14;3;1;24;3;2;1;2;6;33;ISSOUDUN (ROUTE D');M;;;180
201400020164;14;3;5;1920;3;1;1;1;1;33;RD 2076;;;;180
201400020165;14;3;12;1810;1;1;6;1;3;213;CHARITE (ROUTE DE LA);M;4709694;245231;180
201400020166;14;3;13;1122;1;2;2;1;2;33;CARNOT (AVENUE);M;4707239;241096;180
201400020167;14;3;14;1720;1;1;2;1;3;205;RD 2076;M;4712494;234690;180
201400020168;14;3;17;945;1;2;6;5;2;33;MALRAUX (PLACE AND;M;4707974;239919;180
201400020169;14;3;17;1430;1;2;2;1;3;33;rue du gl challe;;;;180
201400020170;14;3;17;1720;1;2;3;1;6;33;305, SAINT-MICHEL (RTE D;M;4710744;242941;180
201400020171;14;3;19;1321;1;2;1;1;6;33;GAUTIERS (CHEMIN DE;M;4711982;242139;180
201400020172;14;3;25;1410;1;2;3;2;6;33;125, TURLY (RUE DE);M;4709931;241810;180
201400020173;14;3;26;1740;1;2;1;1;3;205;1, DEBORD (AVENUE DU);M;4709597;237263;180
201400020174;14;3;27;830;1;1;2;1;5;205;RD 2076;M;4712494;234688;180
201400020175;14;4;1;800;1;2;1;1;6;33;DE GAULLE (AV DU GENERAL;M;4710249;240889;180
201400020176;14;4;1;1707;1;2;1;1;6;33;4, PLANCHAT (PLACE);M;4708549;239300;180
201400020177;14;4;1;1858;1;2;1;1;4;33;CHARITE (ROUTE DE LA);M;4709374;240387;180
201400020178;14;4;3;1200;1;2;2;1;1;33;175, DE GAULLE (AV DU GE;M;4710453;241028;180
201400020179;14;4;7;1824;1;2;1;1;4;33;DUN-SUR-AURON (AVENUE DE;M;4707132;241220;180
201400020180;14;4;9;1315;1;2;1;1;3;33;02, CLEMENCEAU (BOULEVAR;M;4708629;239903;180
201400020181;14;4;9;1629;1;2;1;1;3;33;JURANVILLE (BOULEV;M;4708256;238917;180
201400020182;14;4;9;1709;1;2;9;1;3;33;13a, LIBERATION (AVENUE;M;4710298;240501;180
201400020183;14;4;14;1830;1;1;1;1;2;205;RD 2076;M;4712503;234639;180
201400020184;14;4;18;2204;5;2;2;1;3;33;CHARITE (ROUTE DE;M;4709491;242064;180
201400020185;14;4;25;1315;1;1;1;1;7;205;PORTE DE BERRY-BOUY (ROC;M;4709775;233577;180
201400020186;14;4;26;1135;1;2;1;2;4;33;54, GAMBETTA (BOULEVARD);M;4708777;238939;180
201400020187;14;4;27;1440;1;1;6;1;6;33;RD 400 (Rocade);;;;180
201400020188;14;4;29;1744;1;1;1;3;2;205;RD 2076;M;4712355;235559;180
201400020189;14;5;3;5;5;2;1;1;6;33;14, LAUDIER (AVENUE HENR;M;4709232;239383;180
201400020190;14;5;9;2215;5;2;1;1;6;267;202, SAINT-AMAND (ROUTE;;;;180
201400020191;14;5;10;640;2;2;1;1;6;205;496, BERRY-BOUY (ROUTE D;;;;180
201400020192;14;5;13;1805;1;2;1;1;3;33;INDUSTRIE (BOULEVA;M;4707237;239608;180
201400020193;14;5;16;1955;1;1;1;1;7;205;Rocade;;;;180
201400020194;14;5;17;1440;1;1;1;1;6;33;RD 106;M;4704958;240834;180
201400020195;14;5;19;655;1;2;1;1;6;213;20, GENERAL DE GAULLE (A;M;4709908;248346;180
201400020196;14;5;20;1830;1;2;1;1;6;33;43, FOCH (BOULEVARD DU M;M;4707731;240776;180
201400020197;14;5;21;1110;1;2;3;8;6;33;34, PARMENTIER (RUE);M;4708874;239625;180
201400020198;14;5;25;1635;1;2;1;1;3;33;10, HAEGELEN (AVENUE MAR;M;4707531;238399;180
201400020199;14;6;3;800;1;1;1;1;4;33;RD 400;;;;180
201400020200;14;6;3;1030;1;2;6;1;6;33;1, JAURES (AVENUE JEAN);M;4709046;239351;180
201400020201;14;6;4;855;1;2;3;2;6;33;FOCH (BD DU MARECHAL);M;4707855;240925;180
201400020202;14;6;4;1600;1;1;1;1;5;205;RD 400 (Rocade);;;;180
201400020203;14;6;7;1133;1;2;3;1;6;33;BOUIN (RUE JEAN);M;4707777;239772;180
201400020204;14;6;10;1810;1;2;3;7;3;33;8, LAHITOLLE (BOULEVARD);M;4708103;240821;180
201400020205;14;6;12;1820;1;2;1;7;6;33;40, FILEUSES (RUE DES);M;4706487;241550;180
201400020206;14;6;13;1650;1;2;5;1;3;33;AUGER (BD);M;4707818;240970;180
201400020207;14;6;14;2045;2;2;1;1;6;33;113, HAEGELEN (AVENUE MA;M;4707109;237789;180
201400020208;14;6;16;210;5;2;1;1;6;33;GARE DE MARCHANDISES (RU;M;4709520;239272;180
201400020209;14;6;16;1250;1;1;1;1;6;33;RN 151;M;4705378;235181;180
201400020210;14;6;18;1110;1;2;1;1;6;33;59, MITTERRAND (AVENUE F;M;4708371;242455;180
201400020211;14;6;20;239;5;2;1;1;7;213;CHARITE (ROUTE DE LA);;;;180
201400020212;14;6;25;1630;1;1;1;1;6;205;RD 2076;;;;180
201400020213;14;6;25;1808;1;2;1;1;2;33;CHARITE (ROUTE DE;M;4709571;243477;180
201400020214;14;7;1;1150;1;2;2;1;3;33;39, MERMOZ (BOULEVARD JE;M;4706697;237995;180
201400020215;14;7;4;1345;1;2;3;3;5;33;LATTRE DE TASSIGNY (AVEN;M;4709493;242078;180
201400020216;14;7;4;1511;1;1;6;2;2;33;porte de Nevers;M;4708395;244522;180
201400020217;14;7;4;1920;1;2;1;3;3;33;GARROS (AVENUE ROLLAND);M;4706653;238249;180
201400020218;14;7;8;1240;1;2;1;1;6;33;14 TER, CHATEAU D'EAU (R;M;4707591;240200;180
201400020219;14;7;9;1800;1;1;6;3;5;213;RN142;M;4708265;244359;180
201400020220;14;7;14;1825;1;1;3;2;3;33;GARE DE MARCHANDISES (RU;M;4709638;239283;180
201400020221;14;7;18;1520;1;2;6;1;4;33;PAUL (RUE MARCEL);M;4706545;239481;180
201400020222;14;7;21;1630;1;2;1;1;3;33;30, SANTOS-DUMONT (BOULE;M;4707072;238462;180
201400020223;14;7;22;1750;1;2;1;1;2;50;LE VERNILLET (LIEU-DIT);M;4704878;232348;180
201400020224;14;7;22;1849;1;2;1;1;3;33;avenue ernest renan;M;4708257;241303;180
201400020225;14;7;23;800;1;1;6;1;7;33;RN 142;M;4705666;242764;180
201400020226;14;7;24;725;1;2;6;1;6;33;CHAPPE (CHAUSSEE DE;M;4709178;242164;180
201400020227;14;7;25;1745;1;2;1;1;6;33;LIBERATION (AVENUE DE LA;M;4710265;240468;180
201400020228;14;7;28;747;1;2;1;3;6;33;VAL D'AURON (AV DU);M;4706365;241174;180
201400020229;14;7;28;1005;1;1;1;8;4;33;QUATRE VENTS (ROUTE DES);;;;180
201400020230;14;7;28;1500;1;1;1;1;6;33;SAINT-MICHEL (ROUTE DE);;;;180
201400020231;14;7;29;1800;1;2;6;2;7;213;RN 151;M;4709635;244405;180
201400020232;14;7;31;1900;1;1;3;1;1;33;NIEPCE (RUE NICEPH;M;4704579;234404;180
201400020233;14;8;7;1803;1;2;3;1;3;33;DE VOGUE (RUE ARNAUD);M;4709469;240543;180
201400020234;14;8;8;1845;1;2;1;1;3;33;DUN-SUR-AURON (AVENUE DE;M;4706623;241819;180
201400020235;14;8;12;1135;1;1;1;1;6;267;PLAIMPIED (ROUTE DE);M;4701006;238470;180
201400020236;14;8;12;1554;1;2;1;1;6;33;sans, FRANCE (COUR ANATO;M;4708325;240261;180
201400020237;14;8;14;2010;1;2;4;1;1;205;ORLEANS (ROUTE D');M;4709174;238383;180
201400020238;14;8;20;1440;1;2;3;1;2;205;80, ORLEANS (ROUTE D');M;4709971;238119;180
201400020239;14;8;20;1800;1;2;2;1;3;33;AVENIR (BD DE L');M;4708074;238293;180
201400020240;14;8;24;1815;1;2;4;1;1;205;ORLEANS (AVENUE D');M;4709141;238398;180
201400020241;14;8;26;840;1;2;1;2;6;205;PONTS (RUE DES DEUX);M;4709606;238687;180
201400020242;14;9;2;1330;1;2;1;1;3;33;112, LATTRE DE TASSIGNY;M;4709827;241700;180
201400020243;14;9;3;1405;1;2;1;1;2;33;362, DE GAULLE (AV DU GE;M;4711379;241662;180
201400020244;14;9;6;1508;1;2;1;1;2;33;rue de sarrebourg;M;4708007;240248;180
201400020245;14;9;8;1920;1;2;3;1;2;33;224, SAINT-MICHEL (ROUTE;M;4710449;242452;180
201400020246;14;9;9;1711;1;2;1;1;6;33;VILLON (RUE FRANCOIS);M;4710185;241084;180
201400020247;14;9;10;1445;1;1;6;1;3;33;RD 400 (Rocade);;;;180
201400020248;14;9;10;1955;1;2;3;1;3;33;VOLTA (RUE);M;4708891;239325;180
201400020249;14;9;11;1700;1;2;1;1;2;33;CHARITE (ROUTE DE LA);M;4709499;242154;180
201400020250;14;9;11;2350;3;2;1;1;6;33;64, LAMARCK (BOULEVARD);M;4707853;239186;180
201400020251;14;9;12;1850;1;2;6;1;2;33;AUGER (BD);;;;180
201400020252;14;9;18;1355;1;2;3;1;7;33;DE GAULLE (AV DU GENERA;M;4710316;240934;180
201400020253;14;9;20;117;5;1;1;1;2;33;CHAUSSEE DE CHAPPE;M;4709486;242348;180
201400020254;14;9;24;1600;1;2;1;1;4;33;JURANVILLE (BOULEVARD DE;M;4708243;238911;180
201400020255;14;9;27;2220;5;2;1;1;1;33;69, BOURBONNOUX (RUE);M;4708330;239997;180
201400020256;14;10;2;845;1;2;1;1;4;33;rue du gl challe;M;4709385;240153;180
201400020257;14;10;6;1550;1;1;1;1;6;33;Rocade;;;;180
201400020258;14;10;7;945;1;2;2;2;1;33;bd Ml Foch/rue E Martin;M;4707823;240890;180
201400020259;14;10;14;1610;1;2;1;1;6;33;25, JURANVILLE (BOULEVAR;M;4708555;238847;180
201400020260;14;10;18;1125;1;1;1;1;1;213;RD 151;;;;180
201400020261;14;10;20;1655;1;2;1;1;6;33;69, BOURBONNOUX (RUE);M;4708307;240009;180
201400020262;14;10;23;1715;1;2;2;1;3;33;LYAUTEY (ALLEE DU MARECH;M;4711199;241770;180
201400020263;14;11;4;1045;1;2;9;2;6;33;LAMARCK (BOULEVARD;M;4708219;238926;180
201400020264;14;11;6;850;1;2;2;5;2;33;SANTOS-DUMONT (BOULEVARD;M;4707038;238228;180
201400020265;14;11;10;805;1;2;1;1;2;33;15, AUDOUX (rueMARGUERIT;M;4707709;237773;180
201400020266;14;11;11;1150;1;2;2;1;3;33;LAZENAY (RUE DE);M;4706317;240018;180
201400020267;14;11;11;1850;5;2;2;1;3;33;165, DE GAULLE (AV DU GE;M;4710387;240979;180
201400020268;14;11;13;1455;1;2;3;1;5;33;REPUBLIQUE (BD DE LA);M;4708873;239618;180
201400020269;14;11;15;1557;1;2;1;3;1;213;RN 151;;;;180
201400020270;14;11;18;1245;1;2;2;3;3;33;SAINT-MICHEL (RTE;M;4710007;241565;180
201400020271;14;11;20;1905;5;2;1;1;6;33;20, FOCH (BOULEVARD DU M;M;4707681;240717;180
201400020272;14;12;1;820;1;2;1;2;6;33;57, SERAUCOURT (RUE DE);M;4707626;240086;180
201400020273;14;12;10;1650;2;2;6;2;6;33;MALRAUX (PLACE;;;;180
201400020274;14;12;11;1700;1;2;1;1;2;33;LATTRE DE TASSIGNY (AVEN;M;4709777;241739;180
201400020275;14;12;18;810;2;2;2;2;6;33;MALLET (RUE LOUIS);M;4707983;238193;180
201400020276;14;12;18;1745;4;2;1;2;6;33;43, PRES-LE-ROI (AVENUE;M;4709337;238655;180
201400020277;14;1;22;915;1;2;1;1;1;91;la joselette;M;0;0;830
201400020278;14;1;24;1115;1;1;1;1;2;49;;M;0;0;830
201400020279;14;1;25;930;1;2;1;1;7;100;177 rue de la liberation;M;0;0;830
201400020280;14;2;9;1900;3;1;1;1;1;91;;M;0;0;830
201400020281;14;2;17;1715;1;2;1;1;1;43;AVENUE CAMINAT;M;0;0;830
201400020282;14;2;24;1045;1;2;2;1;6;33;2 rue Pierre Curie;M;0;0;830
201400020283;14;3;31;815;1;1;1;1;3;49;;M;0;0;830
201400020284;14;5;11;1500;1;1;1;1;6;43;;M;0;0;830
201400020285;14;5;25;1800;1;2;1;1;6;91;;M;0;0;830
201400020286;14;5;29;1;3;1;1;1;2;100;;M;0;0;830
201400020287;14;6;27;600;2;1;1;1;6;100;;M;0;0;830
201400020288;14;8;22;1100;1;1;1;1;7;91;;M;0;0;830
201400020289;14;9;16;1000;1;1;1;1;7;43;;M;0;0;830
201400020290;14;10;4;1700;1;1;1;1;6;100;;M;0;0;830
201400020291;14;12;2;600;5;2;1;2;6;49;place pasteur;M;4323788;607130;830
201400020292;14;12;5;1415;1;1;1;2;5;49;;M;0;0;830
201400020293;14;12;10;630;5;2;1;1;6;91;Parking du DIXMUDE;M;0;0;830
201400020294;14;12;12;1745;3;1;3;1;3;100;;M;0;0;830
201400020295;14;12;19;1830;5;1;1;1;2;91;avenue des Poilus;M;0;0;830
201400020296;14;4;21;1730;1;1;2;8;3;173;;M;4788600;153100;410
201400020297;14;12;19;1800;5;2;1;8;6;173;Avenue de Chanzy;M;4791100;153100;410
201400020298;14;12;19;2115;3;1;9;8;3;290;;M;4772400;115400;410
201400020299;14;1;3;1800;3;1;1;3;3;270;SENS SUD/NORD;M;4431500;309768;120
201400020300;14;9;8;1245;1;1;1;1;7;270;;M;0;0;120
201400020301;14;12;5;1700;1;1;1;4;3;270;;M;4436700;311800;120
201400020302;14;3;11;315;3;1;1;1;7;67;;M;0;0;580
201400020303;14;5;23;1545;1;2;1;1;1;248;;M;0;0;580
201400020304;14;7;25;2245;1;1;1;1;2;86;;M;0;0;580
201400020305;14;8;2;2315;3;1;1;8;6;164;;M;0;0;580
201400020306;14;8;5;1100;1;1;1;1;5;164;;M;0;0;580
201400020307;14;3;28;1900;2;1;1;1;3;4;;M;0;0;710
201400020308;14;2;16;1500;1;1;1;1;2;33;;M;4651130;150812;360
201400020309;14;3;14;1700;1;1;1;1;6;134;;M;4638110;144790;360
201400020310;14;3;25;1;3;1;1;2;6;6;;M;4660230;149882;360
201400020311;14;4;11;2345;3;1;1;1;2;150;;M;4644680;148682;360
201400020312;14;5;15;1100;1;1;1;1;6;101;;M;4671440;159535;360
201400020313;14;7;4;1015;1;1;1;3;6;150;;M;4645130;149192;360
201400020314;14;7;15;1630;1;1;1;1;6;200;;M;4661660;153935;360
201400020315;14;8;19;2245;3;1;1;1;6;239;;M;4649400;149877;360
201400020316;14;10;11;1615;1;1;1;1;3;6;;M;4659530;149945;360
201400020317;14;12;2;1215;1;1;1;8;2;239;;M;4647390;149769;360
201400020318;14;12;8;1815;3;1;1;4;1;150;;M;4644030;148191;360
201400020319;14;5;18;1815;1;1;1;1;6;108;;M;4494600;320000;150
201400020320;14;6;25;1500;1;1;1;1;2;191;;M;4535990;328113;430
201400020321;14;7;7;1500;1;1;1;2;6;55;;M;4510400;313000;150
201400020322;14;7;19;1645;1;1;1;1;6;88;X;M;4529800;324400;430
201400020323;14;4;22;1200;1;1;1;1;6;52;;M;4545900;326400;630
201400020324;14;5;18;1530;1;1;1;1;6;121;;M;4561600;321000;630
201400020325;14;7;10;1600;1;1;1;2;6;178;;M;4551900;326100;630
201400020326;14;7;20;630;2;1;1;3;2;241;;M;4562500;319900;630
201400020327;14;9;7;1930;2;1;1;1;7;241;;M;4562900;319600;630
201400020328;14;9;22;1030;1;1;1;1;6;54;;M;0;0;630
201400020329;14;11;5;515;3;1;1;2;7;178;;M;0;0;630
201400020330;14;12;19;2115;3;1;1;1;6;31;;M;0;0;630
201400020331;14;3;3;1500;1;1;1;3;6;20;;;;;870
201400020332;14;7;20;1730;1;1;1;3;3;3;;M;0;0;870
201400020333;14;8;27;1215;1;1;1;1;7;183;;M;0;0;870
201400020334;14;9;5;1000;1;1;1;1;7;14;;M;0;0;870
201400020335;14;9;9;1100;1;1;1;1;7;14;;M;0;0;870
201400020336;14;10;5;1730;1;1;1;1;1;47;;M;0;0;870
201400020337;14;10;16;1145;1;1;1;1;3;14;;M;0;0;870
201400020338;14;12;30;1330;1;1;1;8;4;122;;M;0;0;870
201400020339;14;1;1;215;3;1;1;2;6;123;;M;4362300;378400;340
201400020340;14;12;30;615;3;1;1;6;6;196;;M;4336100;330700;340
201400020341;14;1;19;2315;3;1;1;2;2;282;;M;4362840;369807;340
201400020342;14;3;10;745;1;1;1;1;6;194;;M;0;0;340
201400020343;14;6;13;2000;1;1;1;1;5;300;;M;0;0;340
201400020344;14;7;23;1715;1;1;9;1;6;196;;M;4382113;331995;340
201400020345;14;7;27;1515;1;1;1;1;6;282;;M;0;0;340
201400020346;14;7;31;1445;1;1;1;1;6;79;;M;0;0;340
201400020347;14;8;10;15;3;1;1;1;3;16;;M;0;0;340
201400020348;14;8;18;715;1;1;1;7;4;79;;M;0;0;340
201400020349;14;8;21;2030;2;1;1;1;6;32;;M;0;0;340
201400020350;14;8;26;1115;1;1;1;1;2;79;;M;0;0;340
201400020351;14;9;4;1645;1;1;1;1;6;199;;M;0;0;340
201400020352;14;9;13;630;5;1;1;1;6;142;;M;4372776;332696;340
201400020353;14;9;30;845;1;1;1;1;6;163;;M;4363259;373886;340
201400020354;14;10;4;1445;1;1;1;1;5;300;;M;0;0;340
201400020355;14;10;21;1600;1;1;1;1;6;163;;M;0;0;340
201400020356;14;10;27;2230;3;1;1;1;6;123;;M;4302700;333000;340
201400020357;14;11;14;1800;3;1;1;3;2;282;;M;0;0;340
201400020358;14;1;5;600;3;1;1;4;7;32;;M;0;0;480
201400020359;14;6;12;1315;1;1;1;1;7;17;;M;0;0;480
201400020360;14;7;27;800;1;1;1;1;3;99;;M;0;0;480
201400020361;14;7;28;1015;1;1;1;1;2;17;;M;0;0;480
201400020362;14;9;13;630;1;1;1;1;6;5;;M;0;0;480
201400020363;14;10;16;845;1;1;1;2;6;5;;M;0;0;480
201400020364;14;11;24;245;3;1;1;1;7;5;;M;0;0;480
201400020365;14;12;26;745;2;1;1;1;2;99;;M;0;0;480
201400020366;14;1;10;800;2;1;1;1;7;397;;M;0;0;80
201400020367;14;2;28;2030;3;1;1;4;1;402;;M;4958740;449091;80
201400020368;14;4;26;900;1;1;1;1;6;395;;M;4969810;469146;80
201400020369;14;6;7;1100;2;1;1;1;6;503;;M;4968400;466940;80
201400020370;14;11;18;1430;1;1;1;1;2;150;;M;4955380;428325;80
201400020371;14;9;6;130;3;1;1;1;6;51;;M;0;0;440
201400020372;14;10;12;715;3;1;1;2;7;113;;M;0;0;440
201400020373;14;2;25;2145;3;1;1;8;6;129;;M;0;0;440
201400020374;14;3;23;1430;1;1;1;1;2;195;;M;0;0;440
201400020375;14;7;6;145;3;1;1;2;6;195;;M;0;0;440
201400020376;14;7;26;2215;3;1;1;1;6;89;;M;0;0;440
201400020377;14;8;21;1815;1;1;1;1;6;25;;M;0;0;440
201400020378;14;10;12;2000;3;1;1;3;2;194;;M;0;0;440
201400020379;14;11;9;30;3;1;1;2;2;89;;M;0;0;440
201400020380;14;4;18;830;1;1;1;1;2;596;;;;;140