num_acc;an;mois;jour;hrmn;lum;agg;int;atm;col;com;adr;gps;lat;long;dep
201400020381;14;7;5;715;1;1;1;1;6;311;;;;;140
201400020382;14;7;8;39;3;1;1;1;7;636;;M;4902100;-83996;140
201400020383;14;7;23;1000;1;1;1;5;5;374;A84 LES LOGES;M;4903870;-80645;140
201400020384;14;8;22;1630;1;1;1;1;4;738;;M;4916430;-43597;140
201400020385;14;9;26;915;1;1;1;7;5;752;A 84;M;4907480;-64384;140
201400020386;14;11;20;1800;3;1;1;1;2;636;;M;4901990;-84196;140
201400020387;14;11;29;2105;3;1;1;1;7;449;;M;4910070;-61335;140
201400020388;14;3;3;1545;1;1;1;3;6;407;;M;4861660;-133454;500
201400020389;14;4;11;1645;1;1;1;1;7;616;;M;4867030;-137267;500
201400020390;14;6;15;1445;1;1;1;1;6;513;;;;;140
201400020391;14;7;21;745;1;1;1;1;7;607;;M;4880170;-126199;500
201400020392;14;8;9;700;2;1;1;1;7;48;;M;4886100;-119847;500
201400020393;14;10;7;1630;1;1;1;1;2;71;;M;4875840;-127856;500
201400020394;14;10;8;2145;3;1;1;1;1;407;;M;4860380;-133256;500
201400020395;14;10;16;1500;1;1;1;1;7;411;;M;4870740;-133373;500
201400020396;14;1;3;1815;3;1;1;1;2;615;;M;4951630;-149644;500
201400020397;14;2;10;1645;1;1;1;1;1;578;;M;4949530;-142381;500
201400020398;14;8;19;1515;1;1;1;1;6;498;;M;0;0;500
201400020399;14;9;24;1100;1;1;1;1;2;172;;M;4945460;-135299;500
201400020400;14;11;21;1000;1;1;1;1;3;194;;M;4944250;-134377;500
201400020401;14;1;3;1625;1;2;2;1;3;279;MANHES (RUE DU COLONEL);M;4722417;207710;180
201400020402;14;1;10;1050;1;2;1;1;3;279;BRASSENS (SQUARE);M;4720156;207749;180
201400020403;14;2;2;1620;1;2;1;1;7;279;CHAILLOT (AVENUE DE);M;4719897;208656;180
201400020404;14;2;14;910;1;2;2;2;3;279;TRAMWAYS DE L'INDRE/ripa;M;4721367;205845;180
201400020405;14;3;11;1150;1;2;1;1;2;279;FOECY (ROUTE DE);M;4721061;210117;180
201400020406;14;3;21;1710;1;1;1;1;1;279;RD 2020;M;4725247;206027;180
201400020407;14;4;1;1725;1;2;3;1;3;279;BASSIN (QUAI DU);M;4722041;206794;180
201400020408;14;4;2;1630;1;2;1;1;6;279;BARON (RUE BLANCHE);M;4722287;206591;180
201400020409;14;4;4;1650;1;2;1;2;6;279;NEUVY (ROUTE DE);M;4724735;209633;180
201400020410;14;4;9;1710;1;2;1;1;6;279;REPUBLIQUE (AVENUE DE LA;M;4722355;206474;180
201400020411;14;4;12;1930;1;2;1;1;6;279;MERIGOT (RUE LEO );M;4722949;205033;180
201400020412;14;4;22;1020;1;2;3;1;3;279;VAILLANT (AVENUE EDOUARD;M;4724015;206079;180
201400020413;14;5;15;1700;1;2;1;1;6;279;MARS 1962 (AVE DU 19);M;4723946;209129;180
201400020414;14;5;17;1845;1;2;1;1;4;279;MARCEL (RUE ETIENNE);M;4721793;209730;180
201400020415;14;6;6;1815;1;1;2;1;3;279;RD 926;;;;180
201400020416;14;6;16;1635;1;2;3;1;3;279;GOURDON (RUE);M;4722418;206870;180
201400020417;14;6;13;1150;1;2;1;1;1;279;VAILLANT (AVENUE EDOUARD;M;4722982;206112;180
201400020418;14;6;19;1710;1;2;3;1;3;279;RUE DU TRAVAIL;M;4723244;204392;180
201400020419;14;7;7;905;1;2;1;1;3;279;24, VAILLANT (AVENUE EDO;M;4723135;206112;180
201400020420;14;7;17;1715;1;2;2;1;2;279;ROUX (RUE DU DOCTEUR);M;4722421;206877;180
201400020421;14;7;19;220;5;2;2;1;3;279;REPUBLIQUE (AVENUE DE LA;M;4722299;206599;180
201400020422;14;7;22;825;1;2;2;1;3;279;JAURES (RUE JEAN );M;4723015;204902;180
201400020423;14;8;8;1600;1;2;1;1;6;279;MARCEL (RUE ETIENNE);M;4721708;210115;180
201400020424;14;9;6;1940;1;2;1;1;2;279;MARCEL (RUE ETIENNE);M;4721753;209983;180
201400020425;14;9;8;1010;1;2;3;1;3;279;RECHIGNARDES (CHEMIN DES;M;4723166;207799;180
201400020426;14;9;10;1905;1;2;2;1;6;279;REPUBLIQUE (AVENUE DE LA;M;4722241;206725;180
201400020427;14;9;13;1220;1;1;3;1;3;279;D 926;M;4724392;208436;180
201400020428;14;9;17;1217;1;2;1;1;6;279;81, PONTS ( RUE DES );M;4721657;206530;180
201400020429;14;9;17;1600;1;2;1;1;3;279;parking hypermarche L.;;;;180
201400020430;14;9;19;1620;1;2;1;1;3;279;parking carrefour market;M;4722180;206530;180
201400020431;14;9;24;1540;1;2;3;1;3;279;BRINAY (ROUTE DE);M;4708066;240682;180
201400020432;14;10;11;1915;5;2;2;1;4;279;CLEMENT J.B rue berteau;M;4723413;207840;180
201400020433;14;10;31;1315;1;2;1;1;6;279;YEVRE (QUAI D');M;4721919;206364;180
201400020434;14;11;5;1655;1;2;2;1;6;279;JAURES (RUE JEAN );M;4723017;204903;180
201400020435;14;11;8;1610;1;2;1;1;6;279;184, PUITS BERTEAU (CITE;M;4723965;206304;180
201400020436;14;11;10;510;5;1;6;5;7;279;CD 926;M;4724543;207617;180
201400020437;14;11;12;1500;1;2;1;1;2;279;MOUTON (RUE DU );M;4723100;208136;180
201400020438;14;11;13;935;1;2;1;1;6;279;92,RUE FELIX PYAT;M;4722732;208748;180
201400020439;14;11;15;1123;1;2;2;1;3;279;MOUTON (RUE DU );M;4723026;208827;180
201400020440;14;11;23;1910;5;2;1;1;1;279;122, VAILLANT (AVENUE ED;M;4723921;206083;180
201400020441;14;11;24;2337;5;2;1;1;1;279;TOURS (ROUTE DE);M;4723855;202989;180
201400020442;14;11;25;1255;1;2;2;2;3;279;BLANC (RUE DU CHEMIN);M;4720646;205622;180
201400020443;14;11;28;1505;1;2;9;1;6;279;BLANQUI (RUE) pa Hopital;M;4722757;205085;180
201400020444;14;12;1;1145;1;2;3;8;3;279;PONTS ( RUE DES );M;4721677;206538;180
201400020445;14;12;3;1640;2;2;1;2;3;279;MITTERRAND ( RUE FRANCOI;M;4721885;206054;180
201400020446;14;12;10;2010;5;2;1;2;6;279;QUINET (RUE EDGARD;M;4722425;206656;180
201400020447;14;12;30;955;1;2;1;1;6;279;PUITS BERTEAU (CITE DU C;M;4723744;207098;180
201400020448;14;1;10;1815;1;1;4;1;7;51;;M;0;0;440
201400020449;14;1;17;1700;1;1;1;1;6;113;la villatte;M;0;0;440
201400020450;14;2;27;1315;1;1;1;1;6;105;villerbray;M;0;0;440
201400020451;14;2;6;1515;1;1;1;1;1;213;;M;0;0;720
201400020452;14;2;8;1530;1;1;1;8;5;350;;M;0;0;720
201400020453;14;5;3;1900;1;1;1;1;7;287;;M;0;0;720
201400020454;14;8;23;1200;1;2;1;1;1;124;63 route du mans;M;0;0;720
201400020455;14;1;27;1345;1;1;1;1;6;306;;M;0;0;720
201400020456;14;3;14;1630;1;2;2;1;3;8;avenue de lla libert?;M;0;0;720
201400020457;14;4;16;945;1;2;1;1;6;124;;M;0;0;720
201400020458;14;4;24;1615;1;1;1;1;1;213;;M;0;0;720
201400020459;14;5;2;2200;2;1;1;1;3;58;;M;0;0;720
201400020460;14;6;14;830;1;1;1;7;1;187;;M;0;0;720
201400020461;14;6;12;1915;1;1;2;1;3;200;;M;0;0;720
201400020462;14;6;21;1930;1;1;1;1;5;124;;M;0;0;720
201400020463;14;7;4;1900;1;1;2;1;3;213;;M;0;0;720
201400020464;14;8;4;2230;3;1;1;1;3;8;;M;0;0;720
201400020465;14;10;30;1115;2;1;1;1;1;350;;M;0;0;720
201400020466;14;11;9;315;3;2;1;1;6;260;route de brette les pins;M;0;0;720
201400020467;14;11;22;1300;1;2;1;1;5;260;D 140 ter;M;0;0;720
201400020468;14;1;12;1600;1;2;2;1;3;285;rue du midi;M;4329986;15502;650
201400020469;14;1;16;1945;3;2;1;2;1;19;RN 98;M;0;0;830
201400020470;14;1;29;715;2;2;1;3;3;70;avenue de provence;M;0;0;830
201400020471;14;4;27;945;1;2;1;1;7;70;AVENUE MARECHAL JUIN;M;4313617;635935;830
201400020472;14;5;4;2115;5;2;1;1;7;19;rue des dionnees;M;0;0;830
201400020473;14;5;8;930;1;2;1;1;1;19;ROUTE DE BENAT;M;0;0;830
201400020474;14;5;8;1745;1;1;1;1;6;70;;M;0;0;830
201400020475;14;5;10;1745;1;2;3;1;3;19;chemin de benat;M;4313821;634634;830
201400020476;14;5;23;1330;1;2;3;1;5;19;route de Benat;M;0;0;830
201400020477;14;5;29;1645;1;1;1;1;3;70;;M;0;0;830
201400020478;14;6;20;315;5;1;1;1;6;70;;M;0;0;830
201400020479;14;6;25;1245;1;1;1;1;1;19;;M;0;0;830
201400020480;14;7;15;845;1;2;1;1;1;19;avenue lou mistraou;M;0;0;830
201400020481;14;7;21;1945;1;2;1;1;3;70;avenue vincent AURIOL;M;0;0;830
201400020482;14;8;25;500;5;2;1;1;6;70;20 Avenue Paul Valery;M;4313858;636242;830
201400020483;14;8;24;1830;1;2;1;1;6;19;la verrerie;M;0;0;830
201400020484;14;12;8;1545;1;2;1;1;6;70;Avenue du Levant;M;0;0;830
201400020485;14;12;14;415;5;2;1;1;1;70;cd 559;M;0;0;830
201400020486;14;1;12;1500;1;1;1;1;3;552;;M;0;0;600
201400020487;14;1;28;1700;2;1;1;1;1;479;;M;0;0;600
201400020488;14;2;18;730;1;2;1;1;1;176;route de Soissons;M;0;0;600
201400020489;14;5;13;1700;1;2;3;1;3;672;cote de vez;M;0;0;600
201400020490;14;7;27;1730;1;2;1;1;1;176;rue henri laroche;M;0;0;600
201400020491;14;8;10;500;5;2;1;8;6;83;324 route de CREPY;M;0;0;600
201400020492;14;8;10;2345;3;2;1;1;7;380;rue de la fontaine;M;0;0;600
201400020493;14;9;2;845;1;2;1;1;6;203;RD 1324;M;0;0;600
201400020494;14;9;3;930;3;2;1;1;7;479;grande rue;M;0;0;600
201400020495;14;9;27;1330;1;1;1;1;3;69;;M;0;0;600
201400020496;14;10;13;2115;3;1;1;1;6;176;;M;0;0;600
201400020497;14;10;14;1800;1;2;1;1;6;231;01 rue de l'eglise;M;0;0;600
201400020498;14;11;3;1145;1;1;1;1;6;69;;M;0;0;600
201400020499;14;11;22;1915;5;1;1;1;3;176;;M;0;0;600
201400020500;14;1;15;1430;1;1;1;2;1;340;D153;M;0;0;910
201400020501;14;2;1;245;5;2;1;2;1;340;rue de paris;M;0;0;910
201400020502;14;2;9;900;3;2;1;1;1;340;CD153;M;0;0;910
201400020503;14;8;21;615;2;1;1;1;2;648;D26;M;0;0;910
201400020504;14;9;5;1530;1;2;1;1;1;340;avenue des parcs;M;0;0;910
201400020505;14;9;28;1245;1;1;1;1;2;648;D31;M;0;0;910
201400020506;14;10;13;1330;1;2;7;1;3;340;rue du bois chaland;M;0;0;910
201400020507;14;10;21;1745;2;1;1;8;3;648;RD 31;M;0;0;910
201400020508;14;1;7;805;2;2;1;1;6;31;QUATRE JUILLET 1776 (AVE;M;4515920;147621;190
201400020509;14;1;9;1125;1;2;1;1;6;31;40, VOLTAIRE (BOULEVARD);M;4515990;154072;190
201400020510;14;1;10;625;5;2;2;1;3;31;DE JOUVENEL (BOULEVARD H;M;4515740;152379;190
201400020511;14;1;10;1735;1;2;1;1;3;31;DE JOUVENEL (BOULEVARD H;M;4515910;152344;190
201400020512;14;1;20;1725;1;2;1;3;6;31;VERLHAC (BOULEVARD DOCTE;M;4516780;153286;190
201400020513;14;1;21;730;2;2;2;1;6;31;127, RIBOT (AVENUE);M;4516470;150735;190
201400020514;14;1;21;1345;1;2;2;1;6;31;DELMAS (RUE FERNAND);M;4515930;153056;190
201400020515;14;1;24;1605;1;2;3;3;3;31;EMERY (AVENUE ANDRE);M;4515780;151110;190
201400020516;14;1;25;1835;5;2;3;2;6;31;04, YERNAUX (RUE JOSEPH);M;4514830;150923;190
201400020517;14;1;30;1845;5;2;1;2;6;31;3, THIERS (PLACE);M;4515650;153352;190
201400020518;14;2;3;1345;1;2;1;1;3;31;18, VERLHAC (BOULEVARD D;M;4516820;153670;190
201400020519;14;2;4;1720;1;2;1;1;3;31;2, DE JOUVENEL (BOULEVAR;M;4515770;152369;190
201400020520;14;2;4;1830;5;2;3;1;3;31;PASTEUR (AVENUE);M;4516590;153181;190
201400020521;14;2;18;1750;1;2;1;1;6;31;22, FOCH (AVENUE MARECHA;M;4516280;153669;190
201400020522;14;2;22;1300;1;2;1;1;2;31;KOENIG (BOULEVARD GENERA;M;4515930;153064;190
201400020523;14;2;22;1440;1;2;1;1;3;31;100, RIBOT (AVENUE);M;4516470;150903;190
201400020524;14;2;23;1510;1;2;1;1;2;31;103, RIBOT (AVENUE);M;4516470;150872;190
201400020525;14;3;3;1735;1;2;3;2;3;31;ROYER (BOULEVARD GONTRAN;M;4516690;152321;190
201400020526;14;3;4;1540;1;2;3;1;3;31;DUBOUSQUET LABORDERIE (R;M;4516200;153108;190
201400020527;14;3;9;710;2;2;2;1;1;31;DUBOIS (BOULEVARD CARDIN;M;4516310;154063;190
201400020528;14;3;10;1720;1;2;1;1;2;31;MALRAUX (AVENUE ANDRE);M;4516470;149797;190
201400020529;14;3;11;1810;1;2;1;1;6;31;141, KENNEDY (AVENUE JOH;M;4516760;155093;190
201400020530;14;3;14;1405;1;2;6;1;3;31;CARIVEN (CARREFOUR);M;4516500;153208;190
201400020531;14;3;14;1715;1;2;1;1;3;31;CHAUMEIL (RUE PIERRE);M;4515470;149830;190
201400020532;14;3;19;1215;1;2;1;1;6;31;GRIVEL (BOULEVARD AMIRAL;M;4515430;153835;190
201400020533;14;4;4;740;2;2;2;2;3;31;FRANKLIN (RUE BENJAMIN);M;4516400;151246;190
201400020534;14;4;5;1400;1;2;1;1;2;31;MALRAUX (AVENUE ANDRE);M;4516430;149212;190
201400020535;14;4;6;1750;1;2;1;1;6;31;21, DOUMER (AVENUE PAUL);M;4516600;151895;190
201400020536;14;4;8;845;1;2;1;1;6;31;149, RIBOT (AVENUE);M;4516470;150313;190
201400020537;14;4;8;1220;1;2;2;1;3;31;TREILHARD (AVENUE);M;4515530;152999;190
201400020538;14;4;9;1230;1;2;3;1;3;31;MOULIN (BOULEVARD JEAN);M;4516130;150318;190
201400020539;14;4;11;2315;5;2;2;1;3;31;ROUSSEAU (AVENUE JEAN JA;M;4515260;151977;190
201400020540;14;4;15;945;1;2;1;1;6;31;11, PARIS (AVENUE DE);M;4516330;153240;190
201400020541;14;4;16;1845;1;2;1;1;6;31;ALVITRE (AVENUE ABBE);M;4515290;150702;190
201400020542;14;4;19;1730;1;2;2;1;4;31;MIRABEAU (BOULEVARD) COT;M;4516270;152277;190
201400020543;14;4;19;1820;1;2;2;1;3;31;MOULIN (BOULEVARD JEAN);M;4516310;150279;190
201400020544;14;4;30;945;1;2;1;1;6;31;FOCH (AVENUE MARECHAL);M;4516250;153641;190
201400020545;14;4;30;1235;1;2;1;1;6;31;39 BIS, RIBOT (AVENUE);M;4516480;151664;190
201400020546;14;5;5;745;1;2;2;1;3;31;LAGRANGE (AVENUE LEO);M;4515900;154057;190
201400020547;14;5;18;505;3;1;1;1;7;31;MEYSSAC (ROUTE DE);M;4512760;155402;190
201400020548;14;5;19;1655;1;2;1;1;3;31;PRINTEMPS (AVENUE DU);M;4516930;152836;190
201400020549;14;5;21;830;1;2;1;2;2;31;9 SEMARD (AVENUE PIERRE;M;4515720;152303;190
201400020550;14;5;21;1835;1;2;6;3;3;31;CARIVEN (CARREFOUR);M;4516500;153205;190
201400020551;14;5;28;2100;1;2;1;1;3;31;ALSACE LORRAINE (AVENUE);M;4515330;153933;190
201400020552;14;6;2;930;1;2;2;1;3;31;KOENIG (BOULEVARD GENERA;M;4516130;153282;190
201400020553;14;6;9;1005;1;2;1;1;6;31;50TER, POMPIDOU (AVENUE;M;4515760;154038;190
201400020554;14;6;11;1225;1;2;3;1;3;31;RIVET (AVENUE JEAN CHARL;M;4514960;149419;190
201400020555;14;6;11;1705;1;2;2;1;3;31;172, RIBOT (AVENUE);M;4516470;150253;190
201400020556;14;6;11;1925;1;2;1;1;4;31;31, BOURLIAGUET (RUE LEO;M;4514530;149796;190
201400020557;14;6;12;1715;1;2;1;1;2;31;COURBET (RUE GUSTAVE);M;4515070;149349;190
201400020558;14;6;17;1230;1;2;1;1;2;31;11, GRIVEL (BOULEVARD AM;M;4515500;153921;190
201400020559;14;6;18;1920;1;2;1;1;3;31;29, MAILLARD (AVENUE);M;4516530;153586;190
201400020560;14;6;22;420;5;2;1;1;6;31;56, MUSSET (RUE ALFRED D;M;4516250;152457;190
201400020561;14;6;27;2340;5;2;1;1;2;31;136, SEMARD AVENUE PIER;M;4515650;151879;190
201400020562;14;7;2;1530;1;2;2;1;3;31;EMERY (AVENUE ANDRE);M;4516060;150331;190
201400020563;14;7;2;1910;1;2;2;1;3;31;MUSSET (RUE ALFRED DE);M;4516230;152642;190
201400020564;14;7;7;1825;1;2;1;1;3;31;DIX HUIT JUIN 1940 (AVEN;M;4515820;149427;190
201400020565;14;7;15;810;1;2;3;1;6;31;MOISSINAC (RUE XAVIER);M;4516480;151730;190
201400020566;14;7;15;2245;5;2;1;1;7;31;52, GUYNEMER (AVENUE);M;4515100;151136;190
201400020567;14;7;16;1615;1;2;2;1;3;31;DELESSERT (RUE BENJAMIN);M;4516310;154056;190
201400020568;14;7;17;1615;1;2;3;1;3;31;DELMAS (RUE FERNAND);M;4516000;152758;190
201400020569;14;7;26;2215;5;2;2;1;3;31;MICHELET (AVENUE EDMOND);M;4515070;153176;190
201400020570;14;7;31;2020;1;2;1;1;2;31;GUYNEMER (AVENUE);M;4515090;150794;190
201400020571;14;8;1;1500;1;2;1;1;6;31;ESTIENNE D'ORVES (BD);M;4516550;152046;190
201400020572;14;8;4;2030;1;2;2;1;3;31;LAGRANGE (AVENUE LEO);M;4516050;154076;190
201400020573;14;8;12;1040;1;2;1;1;7;31;71, COSNAC (RUE DANIEL D;M;4515020;156360;190
201400020574;14;8;17;2310;5;2;1;1;6;31;ROCHE (RUE MARCELIN);M;4516520;152883;190
201400020575;14;8;26;1215;1;2;1;1;4;31;RIVET (AVENUE JEAN CHARL;M;4514970;149478;190
201400020576;14;8;28;855;1;2;2;1;6;31;VOLTAIRE (BOULEVARD);M;4515900;154058;190
201400020577;14;8;29;820;2;2;2;2;3;31;MAILLARD (AVENUE);M;4515740;152377;190
201400020578;14;8;31;925;1;2;1;1;3;31;71, TURGOT (AVENUE);M;4516610;152432;190
201400020579;14;8;31;1700;1;2;1;1;6;31;18, VERLHAC (BOULEVARD D;M;4516810;153588;190
201400020580;14;9;1;833;1;2;3;1;3;31;BLUM (AVENUE LEON);M;4515200;153248;190
201400020581;14;9;4;1330;1;2;1;1;2;31;ALVITRE (AVENUE ABBE);M;4515160;150190;190
201400020582;14;9;6;1130;1;2;1;1;2;31;35, MAILLARD (AVENUE);M;4516540;153639;190
201400020583;14;9;7;1100;1;2;1;1;6;31;ROCHE (RUE MARCELIN);M;4516430;152162;190
201400020584;14;9;10;1345;1;2;1;1;3;31;RIBOT (AVENUE);M;4516530;152014;190
201400020585;14;9;12;750;2;2;3;7;3;31;CHAUMEIL (RUE PIERRE);M;4515590;150179;190
201400020586;14;9;12;1210;1;2;1;1;2;31;34, ROOSEVELT (AVENUE DU;M;4515870;152838;190
201400020587;14;9;14;2300;5;2;1;1;6;31;20, FERRY (BOULEVARD JUL;M;4515730;153592;190
201400020588;14;9;16;750;1;2;3;1;3;31;12, SEMARD (AVENUE PIERR;M;4515700;152201;190
201400020589;14;9;16;940;1;2;1;1;2;31;12, PAINLEVE (BOULEVARD;M;4516800;153892;190
201400020590;14;9;17;1735;1;2;1;1;4;31;HUIT MAI 1945 (AVENUE DU;M;4516400;155214;190
201400020591;14;9;19;1850;1;2;1;1;2;31;04, TURGOT (AVENUE);M;4516520;153150;190
201400020592;14;9;19;2045;5;2;6;1;3;31;CARIVEN (CARREFOUR);M;4516510;153225;190
201400020593;14;9;22;1530;1;2;1;1;3;31;26, RIVET (AVENUE JEAN C;M;4515040;149731;190
201400020594;14;9;24;1820;1;2;1;1;3;31;36, ALSACE LORRAINE (AVE;M;4515310;153947;190
201400020595;14;9;26;955;1;1;6;1;6;31;COMTE (RUE ERNEST);M;4515550;148066;190
201400020596;14;10;3;1600;1;2;1;1;4;31;1, RIVET (AVENUE JEAN CH;M;4515150;150126;190
201400020597;14;10;5;1020;1;2;1;2;2;31;MARBEAU (BOULEVARD DU DO;M;4515480;152858;190
201400020598;14;10;6;1940;5;2;3;3;3;31;125, POMPIDOU (AVENUE GE;M;4515790;155003;190
201400020599;14;10;9;1055;1;2;1;3;6;31;1, GAMBETTA (RUE);M;4515870;153385;190
201400020600;14;10;11;355;5;2;1;1;1;31;10, BUGEAUD (AVENUE MARE;M;4516050;153722;190
201400020601;14;10;13;1130;1;2;1;1;4;31;SEMARD (AVENUE PIERRE) A;M;4515550;151637;190
201400020602;14;10;14;750;1;2;3;1;3;31;SEMARD (AVENUE PIERRE) A;M;4515440;151222;190
201400020603;14;10;17;1715;1;2;1;1;6;31;VEZERE (ROND POINT DE LA;M;4514660;148341;190
201400020604;14;10;18;1015;1;2;1;1;1;31;SAINT SIMON (RUE);M;4514300;149557;190
201400020605;14;10;18;1015;1;2;3;1;3;31;RIBOT (AVENUE);M;4516470;150465;190
201400020606;14;10;20;1115;1;2;1;1;3;31;RIBOT (AVENUE);M;4516460;150280;190
201400020607;14;10;23;1810;1;2;1;1;4;31;RIVET (AVENUE JEAN CHARL;M;4515070;149834;190
201400020608;14;10;24;1335;1;2;1;1;1;31;LECORNU (RUE LEON);M;4515310;156389;190
201400020609;14;10;24;1450;1;2;3;1;3;31;MOULIN (BOULEVARD JEAN);M;4516130;150314;190
201400020610;14;10;26;2125;5;2;1;1;2;31;13, ALSACE LORRAINE (AVE;M;4515650;153635;190
201400020611;14;10;27;1555;1;2;1;1;2;31;23, PARIS (AVENUE DE);M;4516290;153248;190
201400020612;14;10;28;840;1;2;1;1;2;31;BRUNE (BOULEVARD);M;4515330;153371;190
201400020613;14;10;30;1155;1;2;1;1;1;31;QUATORZE JUILLET (AVENUE;M;4516250;153263;190
201400020614;14;10;30;1245;1;2;1;1;2;31;140, POMPIDOU (AVENUE GE;M;4515790;155229;190
201400020615;14;11;3;1230;1;2;1;1;3;31;11, ALLARD (AVENUE ADRIE;M;4516210;152104;190
201400020616;14;11;4;1015;1;2;5;1;3;31;CARIVEN (CARREFOUR);M;4516510;153209;190
201400020617;14;11;4;1645;1;2;3;1;3;31;142, QUEUILLE (AVENUE HE;M;4517770;152771;190
201400020618;14;11;6;1615;1;2;1;1;3;31;24, MELITOPOL (AVENUE DE;M;4516090;151531;190
201400020619;14;11;7;1525;1;2;1;1;7;31;MICHELET (BOULEVARD);M;4516510;154118;190
201400020620;14;11;10;1520;1;2;1;1;2;31;42, SEMARD (AVENUE PIERR;M;4515650;152010;190
201400020621;14;11;10;2150;5;2;1;9;6;31;32, ZOLA (AVENUE EMILE);M;4515640;152648;190
201400020622;14;11;11;1455;1;2;6;9;6;31;MENDES FRANCE (AVENUE PI;M;4514440;147502;190
201400020623;14;11;12;1823;5;2;3;1;3;31;RIBOT (AVENUE);M;4516460;150280;190
201400020624;14;11;17;1620;1;2;1;2;2;31;CHAUMEIL (RUE PIERRE);M;4515650;150417;190
201400020625;14;11;17;1915;5;2;2;1;3;31;GRIVEL (BOULEVARD AMIRAL;M;4515430;153838;190
201400020626;14;11;19;1335;1;2;1;1;2;31;SEMARD (AVENUE PIERRE) A;M;4515590;151797;190
201400020627;14;11;21;850;1;2;1;1;6;31;VAUBAN (RUE);M;4514830;151348;190
201400020628;14;11;21;1205;1;2;2;1;3;31;EMERY (AVENUE ANDRE);M;4515820;150955;190
201400020629;14;11;25;1830;5;2;2;2;3;31;MICHELET (AVENUE EDMOND);M;4515070;153173;190
201400020630;14;12;1;1130;1;2;3;1;3;31;1, LAGRANGE (AVENUE LEO);M;4515900;154076;190
201400020631;14;12;3;1350;1;2;1;1;7;31;82, ILE DU ROI (RUE);M;4516180;151438;190
201400020632;14;12;6;1750;5;2;3;1;3;31;ROYER (BOULEVARD GONTRAN;M;4516690;152317;190
201400020633;14;12;8;740;2;2;2;1;3;31;VOLTAIRE (BOULEVARD);M;4515760;154032;190
201400020634;14;12;9;1500;1;2;1;1;2;31;QUINZE AOUT (PLACE DU );M;4516060;153023;190
201400020635;14;12;9;1735;5;2;1;1;7;31;18, HOTEL DE VILLE (RUE;M;4515710;153165;190
201400020636;14;12;17;1255;1;2;3;2;2;31;SELVA (RUE BLANCHE);M;4516910;151174;190
201400020637;14;12;19;1900;5;2;1;2;3;31;76, ZOLA (AVENUE EMILE);M;4515510;152274;190
201400020638;14;12;20;1900;5;2;3;1;3;31;KENNEDY (AVENUE JOHN);M;4516650;154365;190
201400020639;14;12;22;1800;5;2;1;1;2;31;10, VOLTAIRE (BOULEVARD);M;4515940;154095;190
201400020640;14;12;24;1740;5;2;1;1;6;31;HOTEL DE VILLE (RUE DE L;M;4515740;153198;190
201400020641;14;12;25;1815;5;2;1;1;3;31;DUBOIS (BOULEVARD CARDIN;M;4516620;152031;190
201400020642;14;8;3;1630;1;1;1;1;1;309;Rue des Moeres;M;5098281;257469;590
201400020643;14;9;3;1700;1;1;1;1;3;605;;M;0;0;590
201400020644;14;1;8;1045;1;1;1;2;7;641;Route d'Hondschoote;M;5096450;248494;590
201400020645;14;4;14;2145;3;1;1;1;6;260;;M;0;0;590
201400020646;14;6;11;1130;1;1;1;1;6;641;;M;0;0;590
201400020647;14;7;14;1930;1;2;1;1;1;46;rue principale;M;0;0;590
201400020648;14;7;26;1330;1;1;1;1;7;309;;M;0;0;590
201400020649;14;8;30;1815;1;1;1;1;5;641;;M;0;0;590
201400020650;14;10;10;100;3;1;9;1;7;641;;M;0;0;590
201400020651;14;10;31;1230;5;2;1;1;3;107;RUE PIERRE DECOCK;M;0;0;590
201400020652;14;11;4;2015;5;2;9;1;6;107;Bd du General de Gaulle;M;0;0;590
201400020653;14;12;21;1015;1;1;1;1;6;641;;M;0;0;590
201400020654;14;1;10;1555;1;2;1;1;6;272;36 BIS, BALUZE (QUAI);M;4526950;177316;190
201400020655;14;1;29;1000;1;2;1;2;6;272;FOIRAIL (PLACE);M;4525250;176096;190
201400020656;14;2;3;1045;1;2;1;1;6;272;0, RIGNY (QUAI);M;4526420;176349;190
201400020657;14;3;12;1325;1;2;1;1;2;272;78, VICTOR HUGO (RUE);M;4526250;176101;190
201400020658;14;3;23;1435;1;2;1;1;5;272;1, REPUBLIQUE (QUAI);M;4526550;177000;190
201400020659;14;4;1;1025;1;2;1;1;6;272;23, VICTOR HUGO (RUE);M;4526330;176342;190
201400020660;14;4;8;745;1;2;1;1;3;272;53, MARTYRS (RUE);M;4526050;174806;190
201400020661;14;5;7;1540;1;2;1;1;5;272;7, RIGNY (QUAI);M;4526370;176224;190
201400020662;14;5;17;1601;1;2;1;7;6;272;FOIRAIL (PLACE);M;4525210;176259;190