num_acc;an;mois;jour;hrmn;lum;agg;int;atm;col;com;adr;gps;lat;long;dep
201400020663;14;8;25;1015;1;1;1;1;3;272;RD89;M;4528020;179398;190
201400020664;14;9;14;1230;1;2;1;1;7;272;MARTYRS (RUE);M;4525930;175220;190
201400020665;14;10;14;1750;1;2;1;1;6;272;3, TULIPES (IMPASSE);M;4527770;176437;190
201400020666;14;11;1;225;5;2;6;1;6;272;BASTILLE (AV);M;4527050;177481;190
201400020667;14;11;16;1225;1;1;1;8;7;272;EVARISTE GALLOIS (AVENUE;M;4528010;179289;190
201400020668;14;1;12;1140;1;2;1;1;1;275;60, LECLERC (AVENUE DU G;M;4555810;230162;190
201400020669;14;4;5;1045;1;2;1;1;6;275;1, GRAMMONT (RUE DE);M;4555370;231817;190
201400020670;14;5;28;1020;1;1;1;1;7;275;R.D. 982 SUD;M;4552620;230471;190
201400020671;14;7;15;1915;1;2;3;1;3;275;22, PEUPLIERS (RUE DES);M;4555580;231195;190
201400020672;14;8;31;1625;1;2;1;1;6;275;25, LECLERC (AVENUE DU G;M;4555570;230226;190
201400020673;14;10;10;1755;1;2;1;3;6;275;RD 1089 SUD;M;4557420;235145;190
201400020674;14;7;31;1725;1;2;1;1;3;275;90, LECLERC (AVENUE DU G;M;4556223;230032;190
201400020675;14;12;7;202;5;1;1;2;6;275;RD 1089 NORD;M;4557220;233437;190
201400020676;14;12;20;2123;5;2;9;1;2;275;25, GOUDOUNECHE (BD DU D;M;4554760;231399;190
201400020677;14;12;23;1625;1;2;1;1;6;275;ALSACE-LORRAINE (PLACE);M;4554650;230848;190
201400020678;14;4;9;1600;1;2;2;1;3;15;Rue de l'Eglise;M;4779846;737920;680
201400020679;14;7;1;1730;1;2;3;1;3;300;rue du général de Gaulle;M;4777556;737952;680
201400020680;14;7;14;1530;1;2;1;1;3;22;cd 201;M;4782745;738105;680
201400020681;14;11;21;1300;1;1;1;1;6;300;;M;4778057;741909;680
201400020682;14;12;30;1230;1;1;1;4;6;20;;M;4781530;751058;680
201400020683;14;4;9;730;2;2;1;1;6;54;5, CHASSEURS (RUE DU 16;;;;210
201400020684;14;5;22;1815;1;2;1;1;2;54;2, PASTEUR (RUE);;;;210
201400020685;14;5;12;1930;1;2;3;1;3;54;MAUCHAMP (RUE MAURICE);;;;210
201400020686;14;6;2;1015;1;2;2;1;3;54;0, CHOREY (RUE DE);;;;210
201400020687;14;6;17;450;5;2;2;1;3;54;0, SAVIGNY (ROUTE DE);;;;210
201400020688;14;6;26;840;1;2;1;1;7;54;6, HUIT SEPTEMBRE (AVENU;;;;210
201400020689;14;8;25;1915;1;2;2;1;2;54;LAC (AVENUE DU);;;;210
201400020690;14;9;19;1350;1;2;1;3;6;54;16, BRETONNIERE (RUE DU;;;;210
201400020691;14;8;31;1728;1;2;2;1;3;54;CHALLANGES (ROUTE DE);;;;210
201400020692;14;9;17;1235;1;2;2;1;6;54;MOULIN (RUE JEAN);;;;210
201400020693;14;9;26;1250;1;2;1;1;6;54;4, COLBERT (RUE);;;;210
201400020694;14;4;10;1450;1;2;1;1;3;54;104, DIJON (ROUTE DE);;;;210
201400020695;14;10;5;1510;1;2;2;3;3;54;CHALLANGES (ROUTE DE);;;;210
201400020696;14;10;2;1730;1;2;1;1;3;54;JOFFRE (BOULEVARD MARECH;;;;210
201400020697;14;10;14;1215;1;2;1;1;3;54;164, DIJON (ROUTE DE);;;;210
201400020698;14;10;8;1418;1;2;1;1;7;54;28, MADELEINE (RUE DU FA;;;;210
201400020699;14;11;11;1720;5;2;2;1;3;54;RICHARD (RUE);;;;210
201400020700;14;12;6;1605;1;2;1;1;6;54;SEURRE (ROUTE DE);;;;210
201400020701;14;1;3;1931;5;2;2;1;2;278;FAUBOURG ST NICOLAS (DU);;;;210
201400020702;14;1;7;1724;5;2;3;1;6;166;0, MAXIME GUILLOT (RUE);;;;210
201400020703;14;1;8;1755;5;2;1;1;6;231;12, CRACOVIE (DE) (RUE);;;;210
201400020704;14;1;8;1845;5;2;3;1;1;278;DOCTEUR MAJNONI D'INTIGN;;;;210
201400020705;14;1;10;1450;1;1;2;1;3;231;LANGRES (DE) (ROUTE);;;;210
201400020706;14;1;23;1312;1;2;1;1;6;231;72, DRAPEAU (DU) (AVENUE;;;;210
201400020707;14;1;31;1402;1;2;4;1;1;231;PERRIERES (DES) (RUE);;;;210
201400020708;14;2;1;2027;5;2;6;1;2;231;CRACOVIE (DE) (RUE);;;;210
201400020709;14;2;11;1202;1;2;3;1;6;231;39, JOUVENCE (DE) (IMPAS;;;;210
201400020710;14;2;13;849;1;2;1;2;6;231;PREMIER CONSUL (DU) (AVE;;;;210
201400020711;14;2;13;1931;5;2;1;2;6;231;28, LONGVIC (DE) (RUE);;;;210
201400020712;14;2;15;1435;1;2;7;2;6;231;PASCAL (BOULEVARD);;;;210
201400020713;14;2;20;1820;5;2;1;1;6;231;45, AUXONNE (D') (RUE);;;;210
201400020714;14;2;25;1618;1;2;3;2;2;231;12, GUSTAVE EIFFEL (AVEN;;;;210
201400020715;14;2;26;1138;1;2;3;1;6;617;22, RESERVOIR (DU) (RUE);;;;210
201400020716;14;3;1;2030;5;2;7;1;1;231;50, DEVOSGE (RUE);;;;210
201400020717;14;3;12;1225;1;2;2;1;1;231;VOLTAIRE (BOULEVARD);;;;210
201400020718;14;3;16;1108;1;2;2;1;3;231;CHAMPOLLION (AVENUE);;;;210
201400020719;14;3;17;1518;1;2;3;1;3;166;MARECHAL DE LATTRE DE TA;;;;210
201400020720;14;3;22;55;5;2;1;1;6;617;CLOMIERS (DES) (BOULEVAR;;;;210
201400020721;14;3;26;1214;1;2;2;1;2;231;20, CARNOT (BOULEVARD);;;;210
201400020722;14;3;27;820;1;2;3;1;3;231;ALBERT PREMIER (AVENUE);;;;210
201400020723;14;4;1;2047;5;2;2;1;2;231;2, STEARINERIE (DE LA) (;;;;210
201400020724;14;4;3;1415;1;2;3;1;2;231;2 bis, FLEURY (COURS);;;;210
201400020725;14;4;8;2028;5;2;3;1;7;231;ALBERT PREMIER (AVENUE);;;;210
201400020726;14;4;9;1046;1;2;1;1;6;231;12, ETIENNE DOLET (RUE);;;;210
201400020727;14;4;14;2058;5;2;2;1;3;231;21, THEODORE DE BEZE (RU;;;;210
201400020728;14;4;16;331;5;2;1;1;6;231;84, PASCAL (BOULEVARD);;;;210
201400020729;14;4;30;2128;5;2;2;1;3;231;46, GENERAL FAUCONNET (D;;;;210
201400020730;14;5;9;1132;1;2;2;1;6;231;MARTYRS DE LA RESISTANCE;;;;210
201400020731;14;5;16;1020;1;2;3;1;6;231;5, SEVIGNE (DE) (BOULEVA;;;;210
201400020732;14;5;24;1554;1;1;1;1;6;231;COMBE A LA SERPENT (DE L;;;;210
201400020733;14;5;30;1007;1;2;2;1;6;231;JACQUES CELLERIER (RUE);;;;210
201400020734;14;6;1;1817;1;2;1;1;2;231;25, LANGRES (DE) (AVENUE;;;;210
201400020735;14;6;6;1757;1;2;2;1;3;231;MARCEL SEMBAT (RUE);;;;210
201400020736;14;6;10;951;1;2;1;1;2;231;20, YORK (D') (RUE);;;;210
201400020737;14;6;13;1632;1;2;1;1;6;231;19, HENRI FARMAN (RUE);;;;210
201400020738;14;6;15;120;5;1;9;1;2;355;122 A (CD);;;;210
201400020739;14;6;20;2056;1;2;1;1;6;231;UNIVERSITE (DE L') (BOUL;;;;210
201400020740;14;6;21;440;5;2;7;1;7;231;31, CHABOT CHARNY (RUE);;;;210
201400020741;14;6;23;2013;1;1;9;8;6;231;GEORGES POMPIDOU (VOIE);;;;210
201400020742;14;6;24;1124;1;2;7;1;6;231;REPUBLIQUE (DE LA) (PLAC;;;;210
201400020743;14;6;24;1329;1;2;3;1;3;231;CHAMPOLLION (AVENUE);;;;210
201400020744;14;6;26;2104;1;2;2;1;3;231;PREMIER CONSUL (DU) (AVE;;;;210
201400020745;14;6;30;1731;1;2;1;1;2;166;54, MAXIME GUILLOT (RUE);;;;210
201400020746;14;7;2;205;5;2;1;1;6;231;MARTYRS DE LA RESISTANCE;;;;210
201400020747;14;7;4;29;5;2;2;1;3;231;MARECHAL LYAUTEY (AVENUE;;;;210
201400020748;14;7;4;2130;2;2;2;2;3;231;65, CHENOVE (DE) (RUE);;;;210
201400020749;14;7;9;1215;1;2;1;1;2;231;7, CHEVREUL (RUE);;;;210
201400020750;14;7;10;200;5;2;1;2;6;231;ALBERT PREMIER (AVENUE);;;;210
201400020751;14;7;16;737;1;2;6;1;3;231;GEORGES POMPIDOU (ROND P;;;;210
201400020752;14;7;19;114;5;2;1;1;6;231;30, MARECHAL JOFFRE (BOU;;;;210
201400020753;14;7;23;2105;2;2;1;1;1;231;3, HENRI FARMAN (RUE);;;;210
201400020754;14;7;29;2014;1;1;1;2;1;231;PIERRE DE COUBERTIN (RUE;;;;210
201400020755;14;8;1;755;1;2;4;1;3;231;29, LEONARD DE VINCI (RU;;;;210
201400020756;14;8;1;2232;5;2;2;1;1;231;VICTOR HUGO (AVENUE);;;;210
201400020757;14;8;2;1923;1;2;2;1;3;231;AUGUSTE DROUOT (RUE);;;;210
201400020758;14;8;5;805;1;2;1;1;6;231;9, PETIT CITEAUX (DU) (R;;;;210
201400020759;14;8;6;1818;1;2;3;8;6;231;14, FYOT DE LA MARCHE (R;;;;210
201400020760;14;8;14;2042;2;2;2;1;3;231;CHARLES POISOT (RUE);;;;210
201400020761;14;8;16;1747;1;2;1;1;6;231;ALBERT PREMIER (AVENUE);;;;210
201400020762;14;8;19;16;5;2;1;1;3;231;LANGRES (DE) (ROUTE);;;;210
201400020763;14;8;21;2025;1;2;3;1;1;355;ROMELET (DE) (RUE);;;;210
201400020764;14;8;30;1634;1;2;1;1;2;166;PALISSY (BERNARD) (BOULE;;;;210
201400020765;14;8;30;50;5;2;2;1;6;231;MANUTENTION (DE LA) (RUE;;;;210
201400020766;14;9;17;2105;5;2;2;1;3;231;CHAMPAGNE (DE) (BOULEVAR;;;;210
201400020767;14;9;24;2149;5;2;2;1;1;231;MARECHAL GALLIENI (BOULE;;;;210
201400020768;14;9;25;1202;1;2;2;1;3;231;CREUX D'ENFER (RUE);;;;210
201400020769;14;9;26;1431;1;2;3;1;1;231;34, EUGENE SPULLER (BOUL;;;;210
201400020770;14;9;28;1522;1;2;3;1;6;166;MARECHAL DE LATTRE DE TA;;;;210
201400020771;14;10;2;2051;5;2;5;1;1;231;LANGRES (DE) (AVENUE);;;;210
201400020772;14;10;3;1021;1;2;1;1;6;231;16, STRASBOURG (DE) (BOU;;;;210
201400020773;14;10;3;1510;1;2;3;1;3;231;3-5, SULLY  (RUE);;;;210
201400020774;14;10;3;310;5;2;7;1;6;231;CHAMPOLLION (AVENUE);;;;210
201400020775;14;10;8;849;1;2;2;1;3;231;COTE D'OR (DE LA) (RUE);;;;210
201400020776;14;10;8;1754;1;2;1;1;6;231;22, CHARLES DUMONT (RUE);;;;210
201400020777;14;10;9;730;1;2;1;1;6;231;1, DE LATTRE DE TASSIGNY;;;;210
201400020778;14;10;11;1058;1;2;3;1;4;166;MARSANNAY (DE) (RUE);;;;210
201400020779;14;10;12;1606;1;2;3;2;6;231;JOHN KENNEDY (BOULEVARD);;;;210
201400020780;14;10;16;1431;1;2;1;1;6;166;6, MARECHAL DE LATTRE DE;;;;210
201400020781;14;10;13;829;1;2;1;2;6;166;11, VALENDONS (DES) (BOU;;;;210
201400020782;14;10;20;1213;1;2;1;1;3;231;21, CREBILLON (RUE);;;;210
201400020783;14;10;26;1536;1;2;9;1;1;231;GASTON BACHELARD (BOULEV;;;;210
201400020784;14;10;31;442;5;2;1;5;6;540;GEORGES POMPIDOU (voie);;;;210
201400020785;14;11;8;1839;5;2;1;1;3;231;170, AUXONNE (D') (RUE);;;;210
201400020786;14;11;15;1150;1;2;2;8;3;278;HAUTEVILLE (D') (RUE);;;;210
201400020787;14;11;15;1214;1;2;1;1;6;231;PIERRE DE COUBERTIN (RUE;;;;210
201400020788;14;11;17;1055;1;2;1;8;1;231;PIERRE DE COUBERTIN (RUE;;;;210
201400020789;14;11;28;2124;5;2;2;1;6;231;TREMOUILLE (BOULEVARD);;;;210
201400020790;14;12;7;435;5;2;3;1;3;231;47, CHABOT CHARNY (RUE);;;;210
201400020791;14;12;13;1847;5;2;2;2;3;231;MONTALEMBERT (RUE);;;;210
201400020792;14;12;14;653;5;2;3;1;3;231;DE LATTRE DE TASSIGNY (B;;;;210
201400020793;14;12;15;1006;1;2;7;8;6;231;2, MANSART (BOULEVARD);;;;210
201400020794;14;12;18;2100;5;2;2;8;1;166;MAXIME GUILLOT (RUE);M;4729443;501073;210
201400020795;14;12;19;502;5;2;1;1;6;231;47, THIERS (BOULEVARD);;;;210
201400020796;14;12;21;1423;1;2;5;1;1;231;21, TRANSVAAL (DU) (RUE);;;;210
201400020797;14;12;21;1633;1;2;2;1;5;231;THIERS (BOULEVARD);;;;210
201400020798;14;12;24;1406;1;2;2;1;3;231;CONCORDE  DE LA (AVENUE);;;;210
201400020799;14;4;14;1300;1;2;1;1;3;32;Route de l'Aqueduc;M;4550984;454182;420
201400020800;14;9;27;1600;1;1;1;1;4;308;;M;4544341;461805;420
201400020801;14;11;1;1745;1;1;1;1;7;308;;M;4546191;458294;420
201400020802;14;12;31;2010;5;2;1;9;6;113;7, TREBEURDEN (ROUTE DE);M;4874898;-348738;220
201400020803;14;12;19;1750;2;1;3;1;3;113;PASCAL (RUE BLAISE);M;4875906;-347143;220
201400020804;14;1;9;1237;1;1;1;2;2;113;191, BEG LEGUER (ROUTE D;M;4874058;-352505;220
201400020805;14;11;14;1610;1;2;1;1;6;113;11, ARMOR (BOULEVARD D');M;4874495;-347107;220
201400020806;14;2;10;955;1;2;1;1;6;113;PARK NEVEZ (AVENUE DE);M;4872962;-344988;220
201400020807;14;2;16;1820;2;2;1;1;7;113;MENDES FRANCE (BOULEVARD;M;4873038;-347238;220
201400020808;14;3;3;1020;1;2;6;2;6;113;rue de PLACENN AR GUER;M;4874681;-346093;220
201400020809;14;3;24;1650;1;2;1;8;6;113;32, POMPIDOU (RUE GEORGE;M;4873406;-346600;220
201400020810;14;4;9;1655;1;2;1;1;7;113;PARK NEVEZ (AVENUE DE);M;4872981;-344837;220
201400020811;14;4;28;1620;1;2;1;1;6;113;PALAIS DE JUSTICE (ALLEE;M;4873024;-345943;220
201400020812;14;3;26;1415;1;2;1;1;7;113;, TRIBUNAL (ALLEE DU);M;4873031;-345953;220
201400020813;14;6;14;1435;1;2;1;1;3;113;146, KER AN FAOUT (CHEMI;M;4875487;-348453;220
201400020814;14;7;4;1812;1;1;9;2;1;113;KERMARIA SULARD (ROUTE D;M;4874251;-342768;220
201400020815;14;7;4;1715;1;2;6;2;7;113;MENDES FRANCE (BOULEVARD;M;4872228;-348079;220
201400020816;14;8;5;1555;1;1;1;1;6;113;TREBEURDEN (ROUTE DE);M;4874729;-348208;220
201400020817;14;9;17;1418;1;2;1;1;7;113;KERLIGONAN (LIEU-DIT);M;4874133;-348117;220
201400020818;14;9;25;1600;1;2;9;7;6;113;SARTRE (RUE JEAN PAUL);M;4874444;-347702;220
201400020819;14;10;14;650;3;1;1;3;2;113;29, TREBEURDEN (ROUTE DE;M;4874808;-348423;220
201400020820;14;11;26;1720;2;1;1;2;6;113;66,ROUTE DE TREBEURDEN;M;4875157;-349538;220
201400020821;14;11;30;1945;5;2;1;8;1;113;MENDES FRANCE (BOULEVARD;M;4873029;-346614;220
201400020822;14;12;13;1355;1;2;6;1;3;113;AIGUILLON (QUAI D');M;4873234;-346180;220
201400020823;14;6;11;2315;4;2;1;1;6;113;SARTRE (RUE JEAN PAUL);M;4874338;-347409;220
201400020824;14;12;12;219;5;2;6;3;6;113;RESISTANCE (AVENUE DE LA;M;4875291;-345801;220
201400020825;14;1;1;1630;1;1;1;3;4;360;D 700;M;4847872;-276789;220
201400020826;14;1;5;1215;1;1;1;1;7;215;1, PONT DES ILES (RUE DU;M;4851831;-281368;220
201400020827;14;1;6;1905;5;2;6;2;6;215;rue guy de MAUPASSANT;M;4850131;-277999;220
201400020828;14;1;7;1620;1;2;1;1;6;278;Rue E. ROSTAND;M;4851692;-273459;220
201400020829;14;1;8;1415;1;1;1;1;3;360;D 700;M;4848368;-276529;220
201400020830;14;1;10;815;2;1;4;5;2;360;D 700;M;4849072;-276303;220
201400020831;14;1;11;1940;5;2;1;1;6;278;1, PENTHIEVRE (DE);M;4851932;-279315;220
201400020832;14;1;13;1245;1;1;4;1;3;187;rue de BEAUREGARD;M;4852928;-278178;220
201400020833;14;1;15;1849;3;1;3;3;5;360;0, VALLEE (RUE DE LA);M;4847889;-270951;220
201400020834;14;1;16;1415;1;1;1;1;6;215;PONT DES ILES (RUE DU);M;4852258;-281678;220
201400020835;14;1;17;1755;4;2;3;2;6;360;Rue Marcel RAULT;M;4848890;-273844;220
201400020836;14;1;20;815;2;2;2;1;7;278;chemin de  l'ECLUSES;M;4852769;-273119;220
201400020837;14;1;23;845;1;2;1;2;6;187;33, ADOLPHE LE BAIL (RUE;M;4852511;-274172;220
201400020838;14;1;24;1615;1;2;1;2;2;106;GENETS (RUE DES);M;4849902;-273563;220
201400020839;14;1;25;1410;1;2;1;1;6;278;10, GOUEDIC (DE);M;4851118;-275757;220
201400020840;14;1;26;2330;3;2;3;2;2;278;81, ATLANTIQUE (BD) N 58;M;4851896;-279314;220
201400020841;14;1;30;1620;1;2;6;1;3;278;0, APOLLINAIRE (GUILLAUM;M;4849732;-274718;220
201400020842;14;1;30;1925;5;2;1;1;6;278;ABBE GARNIER;M;4850687;-276092;220
201400020843;14;1;31;955;1;1;1;1;6;360;RN12;M;4848880;-272055;220
201400020844;14;1;31;1148;1;2;1;1;7;278;0, SAINT-MICHEL (PL.);M;4851599;-275807;220
201400020845;14;2;3;1045;1;2;1;1;2;278;10.Bd de L'ATLANTIQUE;M;4851906;-278618;220
201400020846;14;2;5;1040;1;2;2;3;3;278;43, FERRY (JULES);M;4850465;-276717;220
201400020847;14;2;7;1607;1;2;6;2;2;278;RUE DE LA GARE;M;4850808;-276453;220
201400020848;14;2;10;850;1;1;1;1;6;360;RN12;M;4848292;-269322;220
201400020849;14;2;8;1100;1;2;1;1;1;278;0, BOUGAINVILLE (DE);M;4851991;-271686;220
201400020850;14;2;16;30;3;2;6;1;7;106;RENNES (RUE DE);M;4849281;-270874;220
201400020851;14;2;17;130;5;2;1;1;7;278;32,Av. CORNEILLE;M;4851220;-274844;220
201400020852;14;2;16;1910;5;2;1;1;3;278;58,RUE DE  PARIS;M;4850350;-273994;220
201400020853;14;2;21;900;1;2;2;1;5;278;RUE DU DOCTEUR RAHUEL;M;4850564;-274513;220
201400020854;14;2;21;1625;1;1;1;1;2;215;RUE DU  PONT NOIR;M;4848966;-284041;220
201400020855;14;2;21;1915;2;1;3;1;2;360;RUE DE LA VALLEE;M;4847796;-271159;220
201400020856;14;2;21;2050;2;2;1;1;7;278;167, BERT (PAUL);M;4850087;-275181;220
201400020857;14;2;22;130;5;2;2;2;7;278;0, BERRIEN (DE);M;4852472;-280415;220
201400020858;14;2;25;1745;1;2;3;1;6;215;5RUE DES IRIS;M;4849761;-278640;220
201400020859;14;2;27;1800;2;2;1;1;6;278;GOUEDIC (DE);M;4851081;-275704;220
201400020860;14;3;4;1000;1;1;6;1;3;187;Av. CHALUTIER SANS PITIE;M;4853327;-275959;220
201400020861;14;3;5;1430;1;2;1;1;2;278;RAHUEL (DOCTEUR);M;4850712;-275055;220
201400020862;14;3;6;1545;1;2;1;1;7;278;0, VALLES (JULES);M;4850019;-274794;220
201400020863;14;3;6;2300;4;2;1;1;2;360;0, MONCONTOUR (RUE DE);M;4848382;-273190;220
201400020864;14;3;7;1415;1;2;1;1;6;215;47,Ae CHATELETS;M;4846268;-278544;220
201400020865;14;3;9;1500;1;1;1;1;2;187;0, RN12;M;4854593;-277841;220
201400020866;14;3;11;1900;2;2;1;1;1;278;27, LE GOFF (DES TROIS F;M;4851645;-276463;220
201400020867;14;3;12;1730;1;1;1;1;6;187;14,rue René  DESCARTES;M;4854641;-280286;220
201400020868;14;3;13;2030;3;1;1;5;2;187;RD786;M;4854876;-279417;220
201400020869;14;3;16;1730;1;2;6;1;7;215;0, RD 712;M;4850062;-277764;220
201400020870;14;3;20;855;1;2;1;1;4;278;76, HAREL-DE-LA-NOE (BD);M;4851886;-274808;220
201400020871;14;3;22;1030;1;2;3;2;7;215;RUE DE LA  CENSIE;M;4848729;-282699;220
201400020872;14;3;23;2250;5;1;1;1;7;106;0, RN12;M;4850083;-272761;220
201400020873;14;3;23;1225;1;2;1;1;7;278;VIEILLE COTE DE GOUET;M;4851793;-276594;220
201400020874;14;3;25;1515;1;2;1;1;6;187;3bPLACE DU SOUVENIR;M;4853504;-276786;220
201400020875;14;3;29;1545;1;2;1;1;6;278;RUE DES LYCEENS-MARTYRS;M;4851194;-276204;220
201400020876;14;4;4;800;2;2;6;2;6;278;RUE EDOUARD PRIGENT;M;4850878;-277202;220
201400020877;14;4;3;1820;1;1;3;1;7;215;RUE DU  PONT NOIR;M;4848732;-282690;220
201400020878;14;4;7;1700;1;2;1;1;2;278;RAHUEL (DOCTEUR);M;4850616;-274682;220
201400020879;14;4;7;1800;1;1;9;1;4;187;RN12;M;4853242;-275710;220
201400020880;14;4;9;1915;1;2;1;1;6;187;33,Rue des  Chênes;M;4853423;-276234;220
201400020881;14;4;10;1510;1;2;1;1;2;215;40,RUE  GRANDE METAIRIE;M;4849130;-280607;220
201400020882;14;4;13;130;4;2;2;1;2;278;RUE, MONGE;M;4850240;-273816;220
201400020883;14;4;14;745;2;2;6;2;7;278;0, AGADEZ (ROND-POINT);M;4851036;-278279;220
201400020884;14;4;19;2145;5;2;1;1;6;106;RUE DE  RENNES;M;4849133;-270323;220
201400020885;14;4;23;1940;1;2;1;1;7;278;6, BALZAC;M;4851415;-274745;220
201400020886;14;4;26;315;4;1;1;2;7;360;RUE DE MONCONTOUR;M;4847827;-272417;220
201400020887;14;4;26;1530;1;2;1;1;7;278;04, GARNIER (ABBE);M;4850625;-276118;220
201400020888;14;4;29;2345;5;2;1;1;7;187;1, LAMARTINE (Rue );M;4853933;-283351;220
201400020889;14;4;30;1600;1;2;1;1;6;360;Avenue du G. LECLERC;M;4849346;-273512;220
201400020890;14;5;2;930;1;1;6;1;3;360;Rd point DU BOCAGE;M;4848331;-274850;220
201400020891;14;5;2;2220;5;1;1;1;2;360;RUE DE L'URNE;M;4848328;-274843;220
201400020892;14;5;3;650;1;2;3;1;3;278;Rue du 71ème RI;M;4851100;-276034;220
201400020893;14;5;3;2000;1;2;3;1;3;106;RUE DE RENNES;M;4849458;-271477;220
201400020894;14;5;9;1400;1;2;1;1;3;278;44, TROIS-FRERES-LE-GOFF;M;4851687;-276506;220
201400020895;14;5;9;1610;1;2;1;1;7;187;RUE DE LA CROIX;M;4853064;-276515;220
201400020896;14;5;11;340;4;2;1;1;7;278;LAENNEC (BD);M;4851075;-277418;220
201400020897;14;5;12;1800;1;2;2;1;3;278;Bd HERAULT;M;4851709;-275443;220
201400020898;14;5;12;2040;1;1;4;1;2;187;1, RN12;M;4854561;-279013;220
201400020899;14;5;1;1230;1;2;3;1;7;278;RUE DE  GOUEDIC;M;4850832;-275289;220
201400020900;14;5;17;2055;2;2;1;1;6;278;93, PRIGENT (EDOUARD);M;4851004;-278155;220
201400020901;14;5;18;1015;1;1;6;1;3;215;giratoire du GRIMOLET;M;4848792;-279489;220
201400020902;14;5;17;1745;1;2;1;1;6;278;Parking Cc Géant;M;4852020;-278993;220
201400020903;14;5;21;855;1;2;2;1;3;187;1, VERDUN (rue de );M;4854271;-278242;220
201400020904;14;5;22;100;3;1;1;1;6;106;14, JOLIOT CURIE;M;4849925;-272145;220
201400020905;14;5;22;830;1;1;1;2;4;360;0, RN12;M;4848310;-269806;220
201400020906;14;5;24;1955;2;1;1;1;7;215;7, CHATELETS (rue des );M;4847110;-280151;220
201400020907;14;5;26;1830;1;2;1;1;1;187;26, GRIPPET (Rue du );M;4852941;-275340;220
201400020908;14;5;30;1540;1;1;1;1;7;187;1, RN12;M;4854607;-277980;220
201400020909;14;6;1;1230;1;2;1;1;2;215;0, BRETAGNE (AVENUE DE);M;4849346;-278437;220
201400020910;14;6;4;1600;1;2;6;1;3;360;RUE DE LA  FONTENELLE;M;4849347;-273765;220
201400020911;14;6;6;1515;1;2;1;1;3;278;RUE DES GALLOIS;M;4849694;-274709;220
201400020912;14;6;7;710;2;1;6;2;7;360;0, D 700;M;4847781;-276818;220
201400020913;14;6;11;2140;2;1;2;1;3;187;rue de la FONTAINE HUE;M;4853429;-281837;220
201400020914;14;6;12;1800;1;2;1;1;3;187;10, GABRIEL PERI (Quai);M;4852437;-274673;220
201400020915;14;6;14;1810;1;2;3;1;1;278;1, ROCHE-GAUTIER (DE LA);M;4849038;-275324;220
201400020916;14;6;16;1450;1;2;2;1;6;278;0, COMBAT-DES-TRENTE (DU;M;4851071;-275888;220
201400020917;14;6;19;1530;1;2;1;1;2;278;81rue de, GOUEDIC;M;4850874;-275361;220
201400020918;14;6;20;800;1;2;1;1;2;215;0, BEL-AIR (RUE DE);M;4849855;-278585;220
201400020919;14;6;21;600;2;2;3;1;3;278;40, CLEMENCEAU (BD);M;4850815;-276039;220
201400020920;14;6;22;1250;1;2;2;1;3;278;0, HOCHE (BD);M;4850521;-276967;220
201400020921;14;6;24;1720;1;2;6;1;7;278;0, LAMAZE (DOCTEUR);M;4850392;-274064;220
201400020922;14;6;26;1305;1;2;1;1;7;215;0, CROIX (RUE DES);M;4848588;-278921;220
201400020923;14;7;2;1930;1;2;1;1;3;278;0, CHAPTAL;M;4851023;-273545;220
201400020924;14;7;3;1530;1;2;6;1;2;278;0, LAMAZE (DOCTEUR);M;4850387;-274079;220
201400020925;14;7;3;2130;2;1;1;1;6;187;RD786;M;4854997;-279739;220
201400020926;14;7;7;1850;1;1;1;3;4;215;0, MAUPASSANT (Rue Guy d;M;4849474;-276479;220
201400020927;14;7;9;1610;1;1;2;1;3;187;0, ROSAIRES  AVE;M;4855628;-276490;220
201400020928;14;7;12;1315;1;1;1;1;2;187;61G, RN12;M;4854617;-278136;220
201400020929;14;7;14;1653;1;2;3;1;7;187;21, RUE DU GENERAL DE GA;M;4853714;-277145;220
201400020930;14;7;17;1500;1;1;3;1;2;215;0, MERLET (RUE DE);M;4849119;-280672;220
201400020931;14;7;17;1830;1;2;3;3;2;278;55, GOUEDIC (DE);M;4850934;-275478;220
201400020932;14;7;17;1830;1;2;2;1;3;278;0, LA FAYETTE;M;4851216;-274508;220
201400020933;14;7;20;1300;1;2;1;1;7;278;43, LUZEL;M;4850532;-277565;220
201400020934;14;7;21;1045;1;2;1;1;2;360;FONTENELLE (RUE DE LA);M;4849587;-273608;220
201400020935;14;7;22;1300;1;2;6;1;3;360;PASTEUR (RUE);M;4848618;-275061;220
201400020936;14;7;27;1130;1;1;6;1;3;360;1, MERIMEE (Prosper);M;4849437;-276204;220
201400020937;14;7;31;1830;1;1;1;1;7;215;0, RD 222;M;4847734;-276143;220
201400020938;14;8;2;1210;1;1;4;9;3;187;pk 59,200, RN12;M;4853534;-275941;220
201400020939;14;8;3;2045;5;2;6;1;1;278;0, NERUDA (RD PT PABLO);M;4851915;-279173;220
201400020940;14;8;6;1825;1;2;1;1;3;278;15, GOUET (VIEILLE COTE;M;4851819;-276561;220
201400020941;14;8;9;10;3;1;6;3;6;360;0, SAINT-BRIEUC (AVENUE;M;4847728;-272342;220