num_acc;an;mois;jour;hrmn;lum;agg;int;atm;col;com;adr;gps;lat;long;dep
201400020942;14;8;9;1405;1;2;9;1;3;215;parc de stationnement CC;M;4849916;-277817;220
201400020943;14;8;14;1925;1;2;1;2;6;215;16, BEL-AIR (RUE DE);M;4849778;-278843;220
201400020944;14;8;15;800;1;1;1;1;3;360;0, BOCAGE (RUE DU);M;4848322;-275005;220
201400020945;14;8;18;1435;1;2;1;1;3;278;106, HOCHE (BD);M;4850567;-277157;220
201400020946;14;8;20;245;5;2;1;1;7;278;LIBERATION (AV. DE LA);M;4851106;-275863;220
201400020947;14;8;20;2025;1;2;2;1;3;187;1, stade (rue du);M;4853884;-275706;220
201400020948;14;8;25;1915;1;1;1;1;2;215;1, PONT DES ILES (RUE DU;M;4852569;-282292;220
201400020949;14;8;26;855;1;2;1;1;7;278;3, LIBERATION (AV. DE LA;M;4851187;-275777;220
201400020950;14;8;29;1725;1;1;6;1;6;215;BOIS JOLI (RUE DU);M;4846457;-280881;220
201400020951;14;9;1;2030;2;2;1;1;3;278;COUCOU (DU);M;4850520;-277258;220
201400020952;14;9;5;1540;1;2;2;1;3;278;CORNEILLE COTE IMPAIR;M;4851209;-274507;220
201400020953;14;9;8;1125;1;2;1;1;6;278;6, PARIS (DE);M;4850543;-274455;220
201400020954;14;9;8;2300;5;2;1;1;7;278;SAINT-HILAIRE;M;4851975;-278887;220
201400020955;14;9;9;1415;1;2;3;1;3;278;153, BERT (PAUL);M;4850138;-275242;220
201400020956;14;9;10;1730;1;2;3;1;6;278;TULLAYE (DE LA);M;4850896;-274943;220
201400020957;14;9;11;1610;1;2;1;1;2;278;0, RAHUEL (DOCTEUR);M;4850630;-274729;220
201400020958;14;9;12;1905;1;2;1;1;6;278;49, RAHUEL (DOCTEUR);M;4850603;-274634;220
201400020959;14;9;14;1610;1;2;2;1;3;278;0, CARNOT (BD);M;4850631;-276587;220
201400020960;14;9;14;1730;1;1;1;1;2;187;0, VERDUN (rue de );M;4854571;-278759;220
201400020961;14;9;16;2110;5;2;1;1;6;278;7, LE GOFF (DES TROIS FR;M;4851530;-276346;220
201400020962;14;9;17;800;1;2;1;1;3;278;VAU-GICQUEL (DU);M;4852434;-278882;220
201400020963;14;9;18;725;1;2;2;1;3;278;1, CHAPTAL;M;4851227;-273749;220
201400020964;14;9;18;1530;1;2;1;1;6;278;0, SAINT-J.B DE LA SALLE;M;4851943;-273646;220
201400020965;14;9;22;1500;1;2;1;1;3;278;2, GALLOIS (DES);M;4849671;-274689;220
201400020966;14;9;24;720;5;2;1;1;3;278;0, TREGUEUX (DE);M;4849920;-275504;220
201400020967;14;9;24;1440;1;2;1;1;6;278;33, DUQUESNE;M;4852646;-272358;220
201400020968;14;9;25;230;5;2;6;1;7;278;56 BD de L', ATLANTIQUE;M;4851912;-279165;220
201400020969;14;9;25;745;2;2;3;1;3;187;0, GABRIEL PERI (Quai);M;4852506;-274185;220
201400020970;14;9;26;1710;1;1;1;1;6;215;25, LOGE (RUE DE LA);M;4847708;-279741;220
201400020971;14;10;2;1710;1;1;1;1;6;215;25, LOGE (RUE DE LA);M;4847336;-280078;220
201400020972;14;9;27;920;1;2;1;1;7;278;35, CORNOUAILLE (DE);M;4851656;-278804;220
201400020973;14;9;25;1650;1;2;1;1;6;278;1, CHAPTAL;M;4851278;-273826;220
201400020974;14;9;30;1000;1;2;2;1;2;278;1, BECQUEREL (HENRI);M;4850017;-275105;220
201400020975;14;10;2;2030;1;2;1;1;3;360;0, FONTENELLE (RUE DE LA;M;4849455;-273759;220
201400020976;14;10;3;1255;1;1;1;1;7;215;1, FUTUR (ROUTE DU);M;4848107;-280048;220
201400020977;14;10;8;730;4;2;1;2;6;187;0, REPUBLIQUE (Place de;M;4853532;-276989;220
201400020978;14;10;8;800;2;2;2;1;3;278;0, LAENNEC (BD);M;4851261;-277557;220
201400020979;14;10;9;1650;1;2;3;1;3;278;MALAUNAY (DE);M;4852152;-278854;220
201400020980;14;10;9;2220;3;2;6;1;7;187;1, PONT A L'ANGLAIS (Rue;M;4853256;-275452;220
201400020981;14;10;10;1000;1;2;1;1;7;278;1 BIS, CORDERIE (DE LA);M;4851512;-277158;220
201400020982;14;10;13;1120;1;2;1;1;7;187;1, VIADUC (RUE DU);M;4852452;-276280;220
201400020983;14;10;14;856;1;1;1;1;7;187;0, RN12;M;4854516;-279524;220
201400020984;14;10;14;1215;1;2;2;1;7;278;PARIS (DE);M;4850567;-274504;220
201400020985;14;10;17;1410;1;1;3;1;3;187;RD786;M;4854471;-278568;220
201400020986;14;10;19;1845;1;2;1;1;6;215;COUBERTIN (RUE PIERRE DE;M;4849808;-276240;220
201400020987;14;10;23;1150;1;2;1;1;2;278;47, RAHUEL (DOCTEUR);M;4850614;-274679;220
201400020988;14;10;28;820;2;2;6;1;3;278;0, 8 MAI 1945 (PL DU);M;4851236;-275555;220
201400020989;14;10;28;2200;5;2;3;1;2;215;42, BEL-AIR (RUE DE);M;4849844;-278613;220
201400020990;14;10;30;2005;3;1;1;1;6;106;0, LAENNEC (RUE);M;4849583;-272488;220
201400020991;14;11;3;850;1;2;3;2;6;278;0, CLEMENCEAU (BD);M;4850943;-275984;220
201400020992;14;11;3;1145;1;2;1;1;6;278;PARIS (DE);M;4850541;-274457;220
201400020993;14;11;3;2000;5;2;1;1;6;215;5, BEAU SOLEIL (RUE DU);M;4849209;-280032;220
201400020994;14;11;4;2000;4;2;1;1;2;278;0, FRANCE (AV. DE);M;4850855;-273745;220
201400020995;14;11;5;1310;1;1;1;1;2;187;0, RN12;M;4854486;-277268;220
201400020996;14;11;6;930;1;2;1;1;7;106;33, VERLAINE (RUE PAUL);M;4850313;-271960;220
201400020997;14;11;7;1150;1;1;4;1;2;187;61.500, RN12;M;4854581;-278772;220
201400020998;14;11;8;130;5;2;1;1;6;278;0, LYCEENS-MARTYRS (DES);M;4851133;-276204;220
201400020999;14;11;8;530;4;2;2;1;3;360;0, VILLEBONNE (RUE DE);M;4849114;-274275;220
201400021000;14;11;10;2030;5;2;1;1;4;278;1, PROUST (MARCEL);M;4849275;-274874;220
201400021001;14;11;11;1250;1;2;1;1;7;278;0, AMPERE;M;4850500;-273364;220
201400021002;14;11;12;910;1;2;1;1;1;278;3, VAU-MENO (DU);M;4852202;-278453;220
201400021003;14;11;11;2010;3;2;1;1;3;278;TREGUEUX (DE);M;4849853;-275396;220
201400021004;14;11;19;1730;1;2;1;1;2;278;, rue du 71ème RI;M;4851118;-276254;220
201400021005;14;11;20;1510;1;1;6;1;3;187;RD786;M;4854835;-279398;220
201400021006;14;11;20;1825;5;2;1;1;4;278;0, ARMOR (AV. D') COTE P;M;4851218;-275275;220
201400021007;14;11;25;1725;2;1;2;1;4;360;0, VALLEE (RUE DE LA);M;4847876;-271036;220
201400021008;14;11;25;2000;5;1;1;2;6;278;5, PENTHIEVRE (DE);M;4851942;-279377;220
201400021009;14;11;26;1700;1;2;6;2;6;278;1, rue du 71ème RI;M;4851117;-276251;220
201400021010;14;11;28;1700;1;2;6;1;2;106;0, COTE TERRE (RD-PT);M;4849669;-272469;220
201400021011;14;11;27;855;1;1;1;2;6;187;RUE DU, VIADUC;M;4852699;-276969;220
201400021012;14;11;27;1230;1;2;1;1;2;278;54, CHARNER (BD);M;4850856;-277024;220
201400021013;14;11;28;755;2;2;3;1;2;278;16, TOUR-D'AUVERGNE (BD;M;4851340;-277512;220
201400021014;14;11;29;1410;1;2;3;1;3;278;0, PROMENADES (ET ALL. D;M;4851367;-275718;220
201400021015;14;11;29;1740;2;2;6;1;6;278;0, TROIS-FRERES-LE-GOFF;M;4851753;-276580;220
201400021016;14;11;30;630;2;2;1;1;7;215;JUILLET 1789 (RUE DU 14);M;4850045;-278169;220
201400021017;14;12;3;1015;1;2;2;1;3;278;0, CORNEILLE COTE IMPAIR;M;4851209;-274502;220
201400021018;14;12;3;1320;1;1;1;1;7;278;1, AMPERE;M;4850507;-273360;220
201400021019;14;12;12;1330;1;2;1;1;7;187;31, VIADUC (RUE DU);M;4852704;-276969;220
201400021020;14;12;12;1800;4;1;3;1;3;187;0, VERDUN (rue de );M;4854471;-278573;220
201400021021;14;12;13;750;3;2;1;1;7;278;1, ROHANNEC'H (DE);M;4852360;-274074;220
201400021022;14;12;13;915;1;2;1;1;2;278;0, QUINQUAINE (ET IMP.);M;4851517;-276471;220
201400021023;14;12;13;1415;1;2;1;1;7;278;LEGUE (DU);M;4851880;-276471;220
201400021024;14;12;13;1745;3;1;1;1;3;215;LOGE (RUE DE LA);M;4847644;-279793;220
201400021025;14;12;15;1920;5;2;1;1;6;278;72, BAGOT;M;4851211;-277986;220
201400021026;14;12;17;1445;1;1;1;2;5;187;0, RN12;M;4854572;-277658;220
201400021027;14;12;21;30;4;1;6;1;2;360;D 700;M;4849302;-276231;220
201400021028;14;12;21;1735;2;1;1;1;7;106;1, RN12;M;4849764;-272470;220
201400021029;14;12;26;1430;1;1;1;1;3;106;0, AMBROISE PARE (RUE);M;4849743;-273194;220
201400021030;14;12;29;830;3;1;1;1;3;106;RN12;M;4849772;-272459;220
201400021031;14;1;22;745;5;2;9;9;6;96;33, CHARLES DE GAULLE (A;;;;230
201400021032;14;1;21;1805;5;2;1;2;6;96;10, BRESARD (RUE DU DOCT;;;;230
201400021033;14;2;4;1627;2;2;1;1;6;96;60, BEAUREGARD (RUE DE);;;;230
201400021034;14;5;16;1910;1;2;1;1;7;96;44, CHAMPEGAUD (RUE DE);;;;230
201400021035;14;5;28;1010;1;2;1;1;3;96;27, COURTILLE (ROUTE DE);;;;230
201400021036;14;6;8;1350;1;2;1;1;1;96;TABARLY (Rue Eric);;;;230
201400021037;14;6;24;1715;1;2;1;1;6;96;17 avenue de la Républiq;;;;230
201400021038;14;6;27;1000;1;2;1;1;6;96;2, GAMBETTA (AVENUE);;;;230
201400021039;14;7;4;1100;1;2;1;2;6;96;3650, BERRY (AVENUE DU);;;;230
201400021040;14;7;28;1755;1;2;6;1;7;96;ARFEUILLERE (ROND-POINT);;;;230
201400021041;14;9;16;2125;5;2;1;1;3;96;TABARLY (Rue Eric);;;;230
201400021042;14;9;30;1105;1;2;1;1;6;96;GARE (PLACE);;;;230
201400021043;14;10;25;2050;3;1;1;8;7;96;940 (ROUTE DEPARTEMENTAL;;;;230
201400021044;14;11;2;1220;1;2;2;2;3;96;, ROUDAIRE (RUE DU COLON;;;;230
201400021045;14;11;13;1030;1;2;4;1;3;96;3BIS, GARE (BOULEVARD DE;;;;230
201400021046;14;12;12;745;2;2;1;1;6;96;1, GARE (BOULEVARD DE LA;;;;230
201400021047;14;7;23;645;2;2;1;8;6;96;09, VERNET (RUE DE);;;;230
201400021048;14;2;24;855;1;2;1;1;3;37;11, BOULEVARD J.SANTRAIL;M;4485910;48485;240
201400021049;14;3;28;1525;1;1;1;1;1;37;ROUTE STE-FOY-DES-VIGNES;M;4488970;47756;240
201400021050;14;3;29;355;3;1;1;1;6;437;LE PAILLET;M;4483370;44284;240
201400021051;14;4;3;800;1;2;4;2;3;37;BOULEVARD CLAVEILLE;M;4485290;50700;240
201400021052;14;4;28;1730;1;1;1;1;2;437;LES MARTRAS;M;4481870;45451;240
201400021053;14;6;1;500;3;1;1;1;6;437;28 ROUTE DE, BORDEAUX;M;4483380;43868;240
201400021054;14;9;17;850;1;2;1;1;3;145;PLACE DE LA CREYSSETTE;M;4485580;57038;240
201400021055;14;9;27;1021;1;2;2;1;6;37;AVENUE DU WILSON;M;4485620;49124;240
201400021056;14;9;28;237;3;1;1;1;7;37;RN21;M;4482750;51188;240
201400021057;14;10;17;635;2;2;6;1;2;145;ROUTE DE LA NAUVE;M;4485010;53690;240
201400021058;14;11;11;1155;1;1;1;1;5;37;SAINT-CHRISTOPHE;M;4481470;50603;240
201400021059;14;11;13;1940;5;2;3;1;6;140;AVENUE  DE LA ROQUE;M;4485320;55435;240
201400021060;14;11;29;1737;5;2;1;2;6;419;GRAND RUE;M;4485510;56503;240
201400021061;14;2;21;1100;1;2;2;8;3;322;RUE ANTOINE GADAUD;M;4518810;71723;240
201400021062;14;3;8;1730;1;2;3;1;3;557;165, AVENUE GRANDOU;M;4518930;75170;240
201400021063;14;3;31;2255;5;2;1;1;6;138;AVENUE CHURCHILL;M;4518200;69909;240
201400021064;14;4;2;1815;1;2;1;1;6;322;PLACE YVES GUENA;M;4518720;72152;240
201400021065;14;4;4;2125;5;2;6;1;3;322;PLACE YVES GUENA;M;4518720;72152;240
201400021066;14;5;9;1630;1;2;1;1;6;53;ALLEE JACQUES DUCLOS;M;4518490;77686;240
201400021067;14;5;15;505;5;2;3;1;7;557;AVENUE MICHEL GRANDOU;M;4519450;77785;240
201400021068;14;5;20;1825;1;1;1;2;1;138;ALLEE DES CHENES;M;4515980;67292;240
201400021069;14;5;25;2215;5;2;6;1;7;557;CHARRIERAS;M;4520370;80291;240
201400021070;14;5;24;1624;1;2;1;9;6;53;AVENUE MARCEL PAUL;M;4518290;76700;240
201400021071;14;5;23;1445;1;2;1;2;6;322;PLACE BUGEAUD;M;4518400;71880;240
201400021072;14;5;29;1744;1;1;3;1;3;102;71, ROUTE DE RIBERAC;M;4519620;65100;240
201400021073;14;6;1;1600;1;2;1;1;6;322;COURS FENELON;M;4518260;71904;240
201400021074;14;6;2;1230;1;2;2;1;3;557;RUE DU MOULIN;M;4518880;74054;240
201400021075;14;6;8;1220;1;2;1;1;3;138;AVENUE DE GAULLE;M;4518770;69843;240
201400021076;14;6;17;1608;1;1;1;1;2;256;122, ROUTE DE BORDEAUX;M;4518320;64943;240
201400021077;14;6;17;940;1;2;1;1;6;322;66, RUE PIERRE SEMARD;M;4519430;70442;240
201400021078;14;8;30;1344;1;2;3;1;3;322;RUE VICTOR HUGO;M;4518970;71179;240
201400021079;14;9;11;1052;1;2;1;1;3;322;PLACE CHARLES DURAND;M;4517960;71535;240
201400021080;14;9;21;1810;1;2;1;1;6;322;276, ROUTE D'ANGOULEME;M;4520060;68442;240
201400021081;14;10;6;2115;5;2;3;2;3;322;BOULEVARD SAUMANDE;M;4518090;72277;240
201400021082;14;10;10;1035;1;1;1;1;1;53;ROUTE NATIONALE 221;M;4516610;77026;240
201400021083;14;10;29;812;1;2;1;1;6;322;16, RUE GAMBETTA;M;4518600;71813;240
201400021084;14;11;1;1912;5;2;1;1;6;138;AVENUE DE GAULLE;M;4519010;69388;240
201400021085;14;11;19;1306;1;2;3;1;3;322;80, BASCH (RUE VICTOR);;;;240
201400021086;14;12;11;900;1;1;9;2;6;138;PLACE PERON;M;4515750;68863;240
201400021087;14;1;5;156;5;2;1;3;6;56;50, DOLE RUE DE <82;M;4723468;600894;250
201400021088;14;1;9;1245;1;2;6;1;3;56;SANS, CHAR  RUE RENE;;;;250
201400021089;14;1;10;1018;1;2;1;1;6;56;20, BRABANT RUE DE;;;;250
201400021090;14;1;11;1030;1;2;3;1;6;56;SANS, BASILIQUE RUE DE L;;;;250
201400021091;14;1;10;1451;1;2;1;1;3;56;OUEST BOULEVARD;;;;250
201400021092;14;1;14;1625;1;2;1;3;4;56;SANS, OUEST BOULEVARD;;;;250
201400021093;14;1;15;800;1;2;1;1;3;56;sans, CHURCHILL BD WINST;;;;250
201400021094;14;1;15;1430;1;2;1;1;6;56;105 Bis, BELFORT RUE DE;M;4725149;603458;250
201400021095;14;1;17;1525;2;2;2;1;6;56;sans, LILAS  RUE DES;;;;250
201400021096;14;1;18;1843;5;2;1;1;6;56;10, CHAR  RUE RENE;M;4721831;595205;250
201400021097;14;1;20;1810;5;2;1;3;6;56;ALLENDE  BOULEVARD SALVA;;;;250
201400021098;14;1;24;630;3;2;1;1;7;56;SANS, ESCALE  CHEMIN DE;;;;250
201400021099;14;1;25;1800;5;1;3;1;3;56;SANS, CHURCHILL BD WINST;;;;250
201400021100;14;1;25;2208;5;2;1;1;6;56;ALLENDE  BOULEVARD SALVA;;;;250
201400021101;14;1;27;1915;5;2;2;1;6;56;sans, PROUDHON RUE J-B V;;;;250
201400021102;14;1;29;1901;5;2;1;2;3;56;23, VESOUL RUE DE < 52;M;4724828;601994;250
201400021103;14;2;4;950;1;2;1;2;6;56;SANS, EPITAPHE CHEMIN DE;;;;250
201400021104;14;2;4;1030;1;2;6;2;6;56;SANS, MONTBOUCONS CHEMIN;;;;250
201400021105;14;2;6;755;1;2;6;8;3;56;2, GRAY ROUTE DE;M;4724493;599575;250
201400021106;14;2;7;1110;1;2;1;2;6;56;61, GRANGES RUE DES > 26;M;4723712;602689;250
201400021107;14;2;7;1252;1;2;1;2;6;56;172, DOLE RUE DE >82 & <;M;4722782;598266;250
201400021108;14;2;8;2300;5;2;1;8;6;56;RN 1057 (ROUTE DE GRAY-C;;;;250
201400021109;14;2;11;1111;1;2;1;1;6;56;PLANCON RUE GABRIEL;;;;250
201400021110;14;2;11;1429;1;2;1;1;6;56;SEPTIEME ARMEE AM. AVENU;;;;250
201400021111;14;2;15;1930;5;2;1;2;3;56;SANS, KENNEDY  BOULEVARD;M;4714070;559057;250
201400021112;14;2;17;1610;1;2;1;1;2;56;DOLE RUE DE >200;;;;250
201400021113;14;2;17;1640;1;2;1;1;6;56;52, VESOUL RUE DE < 52;M;4725431;601546;250
201400021114;14;3;3;1208;1;2;1;1;6;56;CHURCHILL BD WINSTON >19;M;4725089;600922;250
201400021115;14;3;3;1710;1;2;1;1;4;56;DOLE RUE DE >185 & <200;;;;250
201400021116;14;3;7;1616;1;2;3;1;3;56;10, MUGUET  RUE DU;M;4726615;604988;250
201400021117;14;3;7;1701;1;2;1;1;6;56;5, BERLIOZ RUE HECTOR;M;4726103;604073;250
201400021118;14;3;10;1118;1;2;1;1;4;56;06, VOIRIN RUE;;;;250
201400021119;14;3;11;924;1;2;1;1;2;56;sans, NODIER  RUE CHARLE;;;;250
201400021120;14;3;13;1652;1;2;1;1;6;56;18, PARC AVENUE DU;M;4721800;597126;250
201400021121;14;3;20;2120;5;2;1;1;6;56;SANS, KENNEDY  BOULEVARD;;;;250
201400021122;14;3;25;746;1;2;1;1;2;56;SANS, LAGRANGE  AVENUE L;;;;250
201400021123;14;3;30;1524;1;2;1;1;6;56;SANS, MONTBOUCONS CHEMIN;;;;250
201400021124;14;4;2;1755;1;2;1;1;6;56;SANS, DOLE RUE DE >82 &;;;;250
201400021125;14;4;4;835;1;2;9;1;6;56;61, BELFORT RUE DE <144;;;;250
201400021126;14;4;6;1015;1;2;1;1;7;56;FRIBOURG RUE DE;;;;250
201400021127;14;4;8;731;1;2;1;2;2;56;81, DOLE RUE DE <82;;;;250
201400021128;14;4;8;1710;1;2;1;1;2;56;SANS, DOLE RUE DE >185 &;;;;250
201400021129;14;4;9;1137;1;2;1;1;4;56;SANS, KENNEDY  BOULEVARD;;;;250
201400021130;14;4;9;1950;2;2;1;1;6;56;30, CHOPARD RUE ALEXIS;M;4724867;603172;250
201400021131;14;4;12;1125;1;2;1;1;6;56;3, FLEMING BOULEVARD;;;;250
201400021132;14;4;13;1526;1;2;1;1;6;56;SANS, VAN GOGH SQUARE;;;;250
201400021133;14;4;16;1744;1;2;1;1;2;56;SANS, FAURE AVENUE EDGAR;M;4714691;613519;250
201400021134;14;4;26;417;3;1;1;2;1;56;MORRE ROUTE DE;M;0;0;250
201400021135;14;4;27;1248;1;2;1;1;7;56;27, GRETTE  RUE;M;4723246;602042;250
201400021136;14;5;4;1450;1;2;1;1;6;56;, MONTBOUCONS VOIES CITE;;;;250
201400021137;14;5;7;1300;1;2;3;1;5;56;SANS, ERMITAGE  CHEMIN D;;;;250
201400021138;14;5;13;1720;1;1;2;2;5;56;SANS, MARCHAUX ROUTE DE;M;4728760;606519;250
201400021139;14;5;13;1747;1;2;1;2;6;56;SANS, SEPTIEME ARMEE AM.;M;4714360;604100;250
201400021140;14;5;19;720;1;2;1;1;3;56;14 bis, JARDINS RUE DES;M;4725028;603740;250
201400021141;14;5;19;1510;1;1;1;1;6;56;MARCHAUX ROUTE DE;;;;250
201400021142;14;5;20;1153;1;2;1;1;1;56;VESOUL RUE DE < 52;;;;250
201400021143;14;5;26;2042;2;2;3;3;3;56;KENNEDY  BOULEVARD J.F.;;;;250
201400021144;14;5;24;1437;1;2;1;1;6;56;13, BERNARD RUE TRISTAN;M;4724894;603951;250
201400021145;14;5;25;1209;1;2;1;1;1;56;20, FONTAINE ECU RUE DE;M;4724962;601102;250
201400021146;14;5;27;11;5;2;5;2;3;56;LECLERC   PLACE MA;;;;250
201400021147;14;5;28;859;1;2;1;1;6;56;DOLE RUE DE <82;M;4723215;599922;250
201400021148;14;5;28;1255;1;2;1;1;6;56;CHURCHILL BD WINST;M;4724820;600048;250
201400021149;14;5;31;1423;1;2;1;1;6;56;15, CHARMONT RUE DU PETI;M;4724084;601672;250
201400021150;14;5;31;2345;5;2;1;1;6;56;14, CHAMPROND RUE;M;4724205;602156;250
201400021151;14;6;2;1541;1;2;2;1;3;56;BELLAY RUE JOACHIM DU;M;4721465;595109;250
201400021152;14;6;3;715;1;2;1;1;6;56;SANS, BLUM  BOULEVARD LE;M;4725944;602917;250
201400021153;14;6;3;808;1;2;1;1;4;56;SANS, MARCHAUX ROUTE DE;;;;250
201400021154;14;6;4;1615;1;2;1;1;2;56;136, DOLE RUE DE >82 & <;M;4722907;598859;250
201400021155;14;6;6;1415;1;2;3;1;6;56;SANS, VESOUL RUE DE < 52;M;4725431;601546;250
201400021156;14;6;9;1017;1;2;3;1;3;56;40, DOLE RUE DE <82;M;4723458;601066;250
201400021157;14;6;17;1035;1;2;1;1;6;56;87, VESOUL RUE DE < 52;M;4725709;601135;250
201400021158;14;6;17;1225;1;2;1;1;6;56;21 B, DELACROIX RUE ALPH;M;4724495;600554;250
201400021159;14;6;17;1651;1;2;1;1;6;56;SANS, DROZ   AVENUE EDOU;M;4723959;603233;250
201400021160;14;6;19;307;5;2;1;1;7;56;70, CRAS RUE DES;M;4725686;603587;250
201400021161;14;6;21;2313;5;2;1;1;6;56;0, FOCH AVENUE MARECHAL;M;4724295;602534;250
201400021162;14;6;24;1026;1;2;1;1;6;56;17, EDISON RUE THOMAS;M;4723026;597108;250
201400021163;14;6;24;1638;1;2;1;1;6;56;SANS, BATTANT GRAPILLE D;M;4724337;602291;250
201400021164;14;6;25;1146;1;2;3;1;2;56;SANS, MARCHAUX ROUTE DE;M;4727066;605782;250
201400021165;14;6;26;1247;1;2;1;1;3;56;0, LAGRANGE  AVENUE LEO;M;4724474;600370;250
201400021166;14;6;26;1840;1;2;1;1;6;56;0, BOURGOGNE AVENUE DE;M;4722162;597414;250
201400021167;14;6;27;854;1;2;1;1;3;56;SANS, VOIRIN RUE;M;4724252;601288;250
201400021168;14;7;8;2021;5;1;1;3;6;56;SANS, RN 1057 (BD CHURCH;M;4725050;600667;250
201400021169;14;7;10;1018;1;2;1;2;6;56;sans, BELIN RUE EDOUARD;M;4722597;596895;250
201400021170;14;7;15;1311;1;2;1;1;6;56;1, GRANGES RUE DES < 26;M;4723972;602325;250
201400021171;14;7;16;1856;1;2;3;1;6;56;sans, GAULARD AVENUE < 1;M;4723497;603330;250
201400021172;14;7;21;1218;1;2;6;2;3;56;0, CHAR  RUE RENE;M;4721813;595150;250
201400021173;14;7;21;1846;1;2;9;8;3;56;0, BRETON RUE ANDRE;M;4721564;594970;250
201400021174;14;7;22;1845;1;1;1;8;7;56;0, RN 1057 (CH. EPITAPHE;M;4725094;599196;250
201400021175;14;7;24;856;1;2;1;1;3;56;sans, GARE D'EAU AV.  DE;M;4723175;602396;250
201400021176;14;7;25;749;1;2;1;1;6;56;30, CHASNOT RUE DU;M;4725040;602676;250
201400021177;14;7;26;451;5;2;1;3;6;56;sans, CHAMARS PARKING;;;;250
201400021178;14;7;26;446;5;2;1;3;2;56;228, DOLE RUE DE >200;;;;250
201400021179;14;7;29;1835;1;1;1;2;1;56;GRAY ROUTE DE;M;4724450;598321;250
201400021180;14;8;1;55;5;2;1;1;6;56;170, BELFORT RUE DE BELF;M;4725694;604246;250
201400021181;14;8;7;2126;3;2;1;1;6;56;SANS, CHENE NOTRE DAME R;M;4717835;618842;250
201400021182;14;8;20;1451;1;2;1;8;6;56;SANS, HELVETIE AVENUE D';M;4714550;617778;250
201400021183;14;8;23;512;5;2;1;1;6;56;SANS, DOLE RUE DE >82 &;;;;250
201400021184;14;8;23;1728;1;2;1;1;6;56;sans, FLEMING BOULEVARD;M;4722547;596482;250
201400021185;14;8;23;2336;5;2;2;2;3;56;SANS, CHIFFLET RUE;M;4723316;602615;250
201400021186;14;8;28;1838;1;2;1;1;6;56;SANS, FAURE AVENUE EDGAR;M;4724391;601763;250
201400021187;14;8;29;1937;1;2;1;1;3;56;SANS, GRAY ROUTE DE;M;4724003;598203;250
201400021188;14;9;2;1718;1;2;1;1;3;56;54, DOLE RUE DE <82;M;4714041;604618;250
201400021189;14;9;2;2030;5;2;3;1;1;56;SANS, CLEMENCEAU AVENUE;M;4723707;600412;250
201400021190;14;9;9;1810;1;2;1;1;3;56;31, CLEMENCEAU AVENUE G.;M;4723865;601113;250
201400021191;14;9;5;1257;1;2;1;1;6;56;10, VIGNY  RUE ALFRED;M;4721574;596212;250
201400021192;14;9;6;1952;1;2;1;1;2;56;SANS, DOLE RUE DE <82;M;4723215;599922;250
201400021193;14;9;7;926;1;2;1;1;3;56;sans, BLUM BOULEVARD LEO;M;4726022;603156;250
201400021194;14;9;12;1953;2;2;1;1;6;56;RN 1057 (CH. EPITAPHE-CH;M;4725327;598860;250
201400021195;14;9;13;1414;1;2;6;1;3;56;SANS, MONTARMOTS CHEMIN;M;4726612;602734;250
201400021196;14;9;13;1905;1;2;1;1;6;56;15, AVANNE A VELOTTE CHE;M;4712975;601508;250
201400021197;14;9;14;2025;5;2;1;1;6;56;SANS, FAURE AVENUE EDGAR;M;4714579;610273;250
201400021198;14;9;13;1825;1;2;1;1;3;56;SANS, MORRE ROUTE DE;;;;250
201400021199;14;9;15;1741;1;2;1;1;3;56;SANS, DOLE RUE DE >185 &;M;4722700;598039;250
201400021200;14;9;19;425;5;2;1;1;6;56;58, DOLE RUE DE <82;M;4723309;600393;250
201400021201;14;9;18;1920;2;2;1;1;1;56;48, FORT BENOIT CHEMIN D;M;4725953;605151;250
201400021202;14;9;22;732;1;2;1;1;3;56;OUEST BOULEVARD;;;;250
201400021203;14;9;4;1700;1;2;1;1;6;56;HUIT MAI 1945 AVENUE DU;M;4723523;601315;250
201400021204;14;10;7;1745;1;2;1;3;7;56;LAGRANGE  AVENUE LEO;;;;250
201400021205;14;10;9;1307;1;2;1;1;6;56;SANS, LAGRANGE  AVENUE L;;;;250
201400021206;14;10;10;740;2;2;6;2;2;56;SANS, TORCOLS CHEMIN DES;M;4715559;609520;250
201400021207;14;10;15;1908;1;2;2;2;3;56;SANS, BELFORT RUE DE <14;M;4724680;602669;250
201400021208;14;10;16;1951;5;2;2;3;3;56;SANS, GAULLE BOULEVARD C;;;;250
201400021209;14;10;18;1729;1;2;5;1;3;56;SANS, LECLERC   PLACE MA;;;;250
201400021210;14;10;19;255;5;2;1;1;1;56;SANS, FAURE AVENUE EDGAR;;;;250
201400021211;14;10;17;1713;1;2;1;1;2;56;SANS, DOLE RUE DE >82 &;M;4713280;528120;250
201400021212;14;10;20;1630;1;2;1;1;3;56;SANS, VOIRIN RUE;;;;250
201400021213;14;10;21;1213;1;2;5;2;3;56;SANS, LECLERC   PLACE MA;M;4724205;601467;250