num_acc;an;mois;jour;hrmn;lum;agg;int;atm;col;com;adr;gps;lat;long;dep
201400021214;14;10;21;2349;5;2;2;1;6;56;SANS, PICARD RUE EMILE;M;4724439;604085;250
201400021215;14;10;24;1758;1;2;1;1;1;56;PUITS RUE DU;M;4723434;598948;250
201400021216;14;10;29;1150;1;2;1;1;6;56;2, BIBLIOTHEQUE RUE DE L;M;4723613;602805;250
201400021217;14;11;13;1602;1;2;1;1;6;56;1, BERLIOZ RUE HECTOR;M;4726099;604104;250
201400021218;14;11;14;1216;1;2;1;1;6;56;SANS, DROZ   AVENUE EDOU;;;;250
201400021219;14;11;20;1600;1;2;1;1;3;56;sans, CHAR  RUE RENE;;;;250
201400021220;14;11;25;1130;1;2;1;1;3;56;SANS, VESOUL RUE DE < 52;M;4725431;601546;250
201400021221;14;11;26;1715;5;2;1;1;3;56;97, DOLE RUE DE >82 & <1;M;4722925;598968;250
201400021222;14;11;27;1530;1;2;1;1;3;56;42, MONTRAPON AVENUE DE;M;4724802;600596;250
201400021223;14;12;1;1715;5;2;1;1;6;56;4, CAUSSES RUE DES;M;4721766;596598;250
201400021224;14;12;4;1553;1;2;1;1;6;56;9, BEAUREGARD RUE;M;4724442;603309;250
201400021225;14;12;7;1500;1;2;1;1;7;56;72, CHALEZEULE RUE DE >;M;4724923;605044;250
201400021226;14;12;13;1115;1;2;1;1;6;56;1, PREFECTURE RUE DE LA;M;4723586;602632;250
201400021227;14;12;19;2136;5;2;1;2;6;56;SANS, JARDINS RUE DES;M;4725123;603767;250
201400021228;14;12;25;7;5;2;1;2;6;56;25, CASSOTTE  RUE DE LA;M;4724711;603093;250
201400021229;14;12;28;1419;1;1;1;4;6;56;SANS, RN 1057 (CH. EPITA;;;;250
201400021230;14;1;15;1405;1;2;6;1;6;20;PERLINSKY (RUE R.);;;;250
201400021231;14;1;19;1534;1;2;1;1;6;388;45, CHABAUD-LATOUR (AVEN;M;4751071;680891;250
201400021232;14;3;18;755;1;2;1;1;6;388;0, CHENOIS (RUE DU PETIT;;;;250
201400021233;14;5;26;1620;1;2;1;1;3;388;ALLIES (AVENUE DES);M;4751364;679874;250
201400021234;14;5;26;945;1;2;1;1;5;388;LUDWIGSBURG (AVENUE DE);;;;250
201400021235;14;6;11;1610;1;2;1;1;6;31;PRESBYTERE (RUE DU);M;4748651;683164;250
201400021236;14;11;21;1220;1;2;1;1;1;388;LECLERC (RUE DU GENERAL);M;4751044;679767;250
201400021237;14;7;10;1649;1;2;6;8;3;539;2, BANNOT (RUE DU);M;4745941;685787;250
201400021238;14;7;15;1615;1;2;1;7;6;31;37, JAURES (AVENUE JEAN);M;4748754;683086;250
201400021239;14;10;6;1613;1;2;1;1;6;388;HOLLANDE (RUE DE LA PETI;M;4750067;679163;250
201400021240;14;11;2;1805;5;2;1;1;3;20;1, RD 472;;;;250
201400021241;14;7;26;1746;1;2;1;1;7;547;4, rue d'Epinal;M;4751502;683047;250
201400021242;14;9;19;1342;1;2;1;1;6;388;24, LECLERC (RUE DU GENE;M;4751231;679806;250
201400021243;14;9;25;1355;1;2;1;1;6;388;09, FONTAINE (RUE JEAN D;M;4751917;678722;250
201400021244;14;10;23;1640;1;2;3;1;1;388;1, GAMBETTA (AVENUE);M;4751449;679755;250
201400021245;14;10;23;1551;1;2;3;1;6;230;2, CONTEJEAN (RUE LOUIS);M;4749780;683328;250
201400021246;14;11;12;1104;1;2;3;2;6;388;2, MONT BART (RUE DU);M;4750612;679422;250
201400021247;14;11;12;1837;5;2;1;3;6;539;6, BERNE (RUE DE);M;4745385;687563;250
201400021248;14;11;24;2031;3;1;1;1;1;31;DASLE (RUE DE);M;4747967;686082;250
201400021249;14;10;11;2340;5;2;1;1;7;547;2, GRAND CHARMONT (RUE D;M;4753537;679610;250
201400021250;14;7;22;1740;1;2;1;3;3;580;BEAULIEU- RN 437 (ROUTE;M;4745687;684012;250
201400021251;14;11;28;1710;5;2;1;1;6;388;102, AUDINCOURT (ROUTE D;M;4749722;680616;250
201400021252;14;9;26;1250;1;2;1;1;1;547;06, rue d'Epinal;M;4751515;682986;250
201400021253;14;10;3;2015;5;2;1;1;6;388;59, CHABAUD-LATOUR (AVEN;M;4750919;680961;250
201400021254;14;10;29;916;1;2;1;1;6;539;129, LECLERC (AVENUE DU;M;4746139;685971;250
201400021255;14;11;12;740;5;2;1;2;6;539;6, LECLERC (AVENUE DU GE;M;4745875;686851;250
201400021256;14;11;15;1717;5;2;1;2;6;31;36, JAURES (AVENUE JEAN);M;4748745;683059;250
201400021257;14;11;18;1450;1;2;1;1;3;580;15, BRUYERES (AVENUE DES;M;4745485;682828;250
201400021258;14;1;14;1340;1;2;1;1;6;204;Fruiti?re  (de la );;;;250
201400021259;14;1;14;1804;5;2;1;4;6;462;PILLOD JOSEPH;;;;250
201400021260;14;1;31;650;5;2;1;9;7;462;18, DENIS PAPIN;M;4691467;633765;250
201400021261;14;2;26;1620;1;2;1;4;7;462;ETRACHES LES;;;;250
201400021262;14;2;28;1235;1;2;1;2;6;204;115, rue de Besançon;M;4692077;634379;250
201400021263;14;3;2;1720;1;2;6;8;3;462;1, MORTEAU DE (DU 0 AU 3;M;4690588;635757;250
201400021264;14;3;20;1640;1;2;1;1;6;462;8, CAMUS ALBERT;;;;250
201400021265;14;3;18;1215;1;2;2;1;3;462;15, PAIX DE LA;;;;250
201400021266;14;4;5;1530;1;2;3;2;6;462;GARE (DE LA);;;;250
201400021267;14;4;26;735;1;2;2;1;3;462;12, PAIX DE LA;M;4691029;635059;250
201400021268;14;5;24;1700;1;2;1;1;6;462;34A, BESANCON (RUE DE);M;4690702;635035;250
201400021269;14;6;21;1923;1;2;6;1;5;462;BESANCON (DU 72TER A LA;M;4753129;681057;250
201400021270;14;6;23;928;1;2;1;1;3;462;18, ARMEE DE L'EST (AVEN;M;4690410;635424;250
201400021271;14;6;23;2225;5;2;6;3;3;462;ROCADE G.POMPIDOU (DU 25;;;;250
201400021272;14;7;1;945;1;2;3;1;6;462;CHAPPE CLAUDE;M;4690816;634118;250
201400021273;14;7;1;1210;1;2;1;1;2;462;MARPAUD;M;4690198;635477;250
201400021274;14;7;1;1820;1;2;1;1;6;462;60, SALINS DE (DU 16 AU;M;4690849;634109;250
201400021275;14;7;10;930;1;2;1;3;6;462;38, BESANCON (RUE DE);M;4690770;635052;250
201400021276;14;7;11;1850;1;2;1;2;6;462;40, LIBERATION DE LA (DU;M;4691102;633864;250
201400021277;14;7;15;1600;1;2;1;1;2;462;BESANCON (DU 72TER A LA;M;4691435;634611;250
201400021278;14;7;19;1950;1;2;1;1;2;462;MARPAUD;M;4690198;635477;250
201400021279;14;8;1;1424;1;1;1;1;6;204;Route D?partementale 437;;;;250
201400021280;14;8;2;1135;1;2;1;1;3;462;12, PASTEUR (RUE);M;4690424;635032;250
201400021281;14;8;8;1010;1;2;9;1;3;462;4, SCHUMAN (ROBERT);M;4690838;633583;250
201400021282;14;8;9;1800;1;2;1;1;6;204;12, Buraco;M;4655000;621000;250
201400021283;14;8;20;1852;1;2;6;1;2;462;ARMEE DE L'EST (AVENUE D;;;;250
201400021284;14;9;8;1450;1;2;1;1;6;462;1, BERNARDINES;M;4690508;635457;250
201400021285;14;9;25;1920;3;1;1;1;6;204;R-N 57.;;;;250
201400021286;14;9;26;1919;2;2;3;1;3;462;CAPUCINS DES;M;4690655;635000;250
201400021287;14;10;3;1525;1;2;3;1;6;462;53, DOUBS DE (DU 25 A LA;M;4692000;635000;250
201400021288;14;10;21;700;5;2;1;2;1;462;ROCADE G.POMPIDOU (DU 25;;;;250
201400021289;14;10;22;1520;1;2;3;8;3;462;17, GRANGES DES;M;4689814;634587;250
201400021290;14;11;15;1710;5;2;1;2;6;462;33, SAINT ETIENNE FAUBOU;M;4690127;636078;250
201400021291;14;11;25;1215;1;2;1;1;2;204;1, Grande rue;M;4692748;634697;250
201400021292;14;11;27;1117;1;1;1;1;7;462;ROCADE G.POMPIDOU (DU 25;M;4690185;634476;250
201400021293;14;11;28;1340;1;2;3;1;3;462;1, THOMAS EMILE;M;4690574;634956;250
201400021294;14;11;29;1330;1;1;1;1;7;204;1, Route D?partementale;M;4738890;675296;250
201400021295;14;12;12;820;1;2;3;4;1;204;1, Chauss?e   (de la);;;;250
201400021296;14;12;18;1555;1;2;1;2;7;462;29, DENIS PAPIN;M;4690962;633526;250
201400021297;14;12;18;1815;5;2;1;2;6;462;81, SALINS DE (DU 64 A L;M;4690805;634133;250
201400021298;14;12;29;1330;1;2;2;4;3;462;1, BAUMONT;;;;250
201400021299;14;1;10;2130;3;1;2;1;3;62;;M;0;0;840
201400021300;14;1;18;1115;1;1;1;2;7;99;;M;0;0;840
201400021301;14;2;15;715;2;1;1;1;7;38;;M;0;0;840
201400021302;14;4;8;930;1;1;1;2;7;38;;M;0;0;840
201400021303;14;7;13;415;3;1;1;1;7;71;;M;0;0;840
201400021304;14;7;27;1830;1;1;1;1;3;62;;M;0;0;840
201400021305;14;11;17;1200;1;1;1;8;1;99;;M;0;0;840
201400021306;14;12;15;1400;1;1;1;1;6;99;;M;0;0;840
201400021307;14;1;15;815;3;1;2;2;3;16;;M;0;0;590
201400021308;14;1;26;615;3;1;1;1;6;463;;M;0;0;590
201400021309;14;1;28;1115;1;2;7;1;6;67;PLACE MARCHE AUX POISSON;M;5097060;243262;590
201400021310;14;6;7;1100;1;1;1;1;6;162;;M;0;0;590
201400021311;14;8;25;1630;1;1;1;3;1;478;;M;0;0;590
201400021312;14;9;17;1715;1;1;1;1;1;478;;M;0;0;590
201400021313;14;12;7;300;3;1;1;9;6;319;;M;0;0;590
201400021314;14;9;14;1115;1;1;2;1;3;95;;M;0;0;790
201400021315;14;9;14;1330;1;1;1;1;6;60;;M;0;0;790
201400021316;14;11;5;1800;3;1;1;1;6;349;;M;0;0;790
201400021317;14;1;12;1;3;2;1;8;6;849;rue de verton;M;5039682;163249;620
201400021318;14;4;13;1415;1;1;1;1;4;688;;M;5041422;166894;620
201400021319;14;4;17;1700;1;2;1;1;2;390;route de berck;M;5039352;160227;620
201400021320;14;5;10;2000;1;2;1;1;1;261;avenue de la lib?ration;M;5047369;161767;620
201400021321;14;5;17;1700;1;1;3;1;3;233;;M;5035011;164776;620
201400021322;14;6;11;1145;1;1;1;1;1;849;;M;5040770;164025;620
201400021323;14;6;13;1400;1;2;2;1;3;261;rue victor;M;5048237;159281;620
201400021324;14;6;27;600;1;1;1;1;6;752;;M;5049519;166236;620
201400021325;14;7;26;1445;1;2;1;7;1;866;;M;5038038;165391;620
201400021326;14;10;19;1645;1;1;2;1;3;849;;M;5040791;164747;620
201400021327;14;11;17;1645;2;2;1;2;2;849;route de Wailly CD142E2;M;5040138;165107;620
201400021328;14;12;6;1730;3;1;1;9;6;752;;M;5046634;166318;620
201400021329;14;12;19;1215;1;2;1;2;1;571;RD940;M;5044540;161754;620
201400021330;14;12;19;1645;2;2;2;1;3;261;;M;5048007;159529;620
201400021331;14;1;14;1745;5;2;3;1;6;278;10 rue De Gaulle;M;0;0;590
201400021332;14;3;5;1415;1;2;1;1;6;653;rue vincent auriol;M;0;0;590
201400021333;14;3;31;915;1;2;1;7;1;208;20 Route d'Aubers;M;0;0;590
201400021334;14;6;16;1230;1;2;1;1;6;653;20, PINTEAUX ACHILLE RUE;M;0;0;590
201400021335;14;9;3;1200;1;1;3;1;3;553;;M;0;0;590
201400021336;14;9;21;1700;1;1;6;1;6;278;;M;0;0;590
201400021337;14;11;7;2330;3;2;6;9;6;553;RD341;M;0;0;590
201400021338;14;12;1;1830;3;1;1;1;5;88;;M;0;0;590
201400021339;14;12;9;1715;2;1;1;8;1;278;;M;0;0;590
201400021340;14;2;7;1745;5;2;1;2;6;272;1290 ROUTE DE CLERMONT;M;0;0;740
201400021341;14;5;7;1745;1;1;1;1;1;26;ROUTE DE CHOISY - VINCY;M;0;0;740
201400021342;14;5;11;1700;1;1;1;1;1;19;;M;0;0;740
201400021343;14;6;12;815;1;2;3;1;3;272;4477 ROUTE DE CLERMONT;M;0;0;740
201400021344;14;7;5;1845;1;1;1;1;5;181;;M;0;0;740
201400021345;14;7;5;2300;5;2;1;1;6;217;ROUTE DE GENEVE;M;0;0;740
201400021346;14;9;2;2200;3;1;1;1;7;98;ROUTE DE PROMERY;M;0;0;740
201400021347;14;9;10;845;1;2;1;1;6;19;route de Pringy;M;0;0;740
201400021348;14;9;28;530;3;1;1;1;6;181;;M;0;0;740
201400021349;14;10;1;200;5;2;1;1;6;213;ROUTE DE L AGRICULTURE;M;0;0;740
201400021350;14;10;2;1000;1;2;9;1;6;182;3 RUE FRANCOIS VERNEX;M;0;0;740
201400021351;14;10;29;115;3;2;1;1;2;272;Route de Bellegarde;M;0;0;740
201400021352;14;11;14;2330;5;2;2;2;1;182;avenue du stade;M;0;0;740
201400021353;14;2;15;400;3;1;1;1;6;33;;M;4612160;581877;10
201400021354;14;3;7;1530;1;2;6;1;6;91;RUE DU MONT-BLANC;M;4611380;578671;10
201400021355;14;7;27;1400;1;1;1;1;6;44;;;;;10
201400021356;14;11;21;715;3;1;1;1;5;401;;;;;10
201400021357;14;8;16;800;2;1;1;1;7;43;;M;0;0;830
201400021358;14;10;18;1130;1;1;1;1;1;100;;M;0;0;830
201400021359;14;11;5;1815;3;1;6;1;1;49;;M;0;0;830
201400021360;14;1;11;1805;5;2;1;1;7;198;AVENUE JEAN JAURES;;;;260
201400021361;14;2;4;1000;1;2;1;2;6;198;AVENUE SAINT LAZARE;;;;260
201400021362;14;2;20;1355;1;2;1;1;6;198;RUE CHABERT;M;4455810;474530;260
201400021363;14;2;26;2325;3;1;1;1;2;198;RTE NATIONALE 7;;;;260
201400021364;14;3;1;600;5;2;1;2;6;198;115 RTE DE MARSEILLE;;;;260
201400021365;14;3;2;1650;1;2;1;1;3;198;CHEMIN DE LA NITRIERE;M;4457060;474990;260
201400021366;14;3;4;840;1;2;9;1;3;198;CHEMIN DE LA NITRIERE;M;4457050;475090;260
201400021367;14;2;21;1020;1;2;1;1;3;198;ROUTE DU TEIL;;;;260
201400021368;14;4;1;1220;1;1;1;1;7;198;RUE DES GREZES;;;;260
201400021369;14;5;21;1750;1;1;1;1;6;198;ROUTE DEPARTEMENTAL 540;;;;260
201400021370;14;5;25;2130;5;2;1;2;6;198;RUE DU DOCTEUR PINEL;;;;260
201400021371;14;6;3;1810;1;2;1;1;6;198;CHEMIN DES ROSIERS;M;4455550;472110;260
201400021372;14;6;5;1445;1;2;1;1;3;198;ROUTE DE MARSEILLE;;;;260
201400021373;14;6;13;2030;1;2;1;1;3;198;ROUTE DE MARSEILLE;;;;260
201400021374;14;6;23;1420;1;2;1;1;3;198;BD PRESIDT ALBERT LEBRUN;;;;260
201400021375;14;7;6;2010;2;1;2;1;3;198;RUE DE LA FEDERATION;;;;260
201400021376;14;7;15;2125;5;2;1;1;2;198;33  BD MARRE DESMARAIS;;;;260
201400021377;14;7;21;1225;1;1;1;1;2;198;RTE NATIONALE 7;;;;260
201400021378;14;8;7;1000;1;2;1;1;3;198;RD PT DES COMBATTANTS AF;;;;260
201400021379;14;8;2;1500;1;2;1;1;3;198;AVENUE DE GOURNIER;;;;260
201400021380;14;9;4;1000;1;1;3;1;3;198;26198;;;;260
201400021381;14;9;24;1700;1;1;1;2;3;198;26198;;;;260
201400021382;14;10;15;1445;1;2;1;1;2;198;26198;;;;260
201400021383;14;11;25;855;1;2;1;3;2;198;26198;;;;260
201400021384;14;12;8;2000;3;1;3;2;1;198;ROUTE DE DIEULEFIT;;;;260
201400021385;14;12;19;1006;1;2;1;1;3;198;26198;M;4456320;474710;260
201400021386;14;1;6;1655;2;2;1;1;6;57;RUE  VALLON ANTONIN;;;;260
201400021387;14;1;10;1730;2;2;7;1;3;281;PARKING CENTRAL GAMBETT;M;4504540;505710;260
201400021388;14;1;15;745;2;2;6;1;7;281;AVENUE DU DOCTEUR BONNET;M;4505040;504690;260
201400021389;14;1;16;1720;2;2;2;1;3;281;BD MARX DORMOY;M;4504680;505530;260
201400021390;14;1;17;945;1;2;1;1;3;281;PONT VIEUX;M;4504220;504850;260
201400021391;14;2;4;830;1;2;1;2;6;281;RD 538 DIRECTION MOURS;M;4504860;504910;260
201400021392;14;2;8;2005;5;2;3;1;3;281;RUE ARMILLERIE;M;4504390;505000;260
201400021393;14;2;10;1410;1;2;6;3;7;281;BD LAPASSAT ETIENNE JEAN;;;;260
201400021394;14;2;11;1900;5;2;3;1;3;281;RUE VALLIN NINON;M;4504810;507560;260
201400021395;14;2;16;2150;5;2;1;8;1;281;RUE  ABBAT SIMONE;M;4504830;503790;260
201400021396;14;2;17;905;1;2;1;1;4;281;BD LAPASSAT ETIENNE J;;;;260
201400021397;14;2;13;1500;1;1;1;1;3;281;BOULEVARD SERVET MICHEL;M;4505150;505330;260
201400021398;14;2;18;745;1;2;1;1;1;281;BD  MENDES FRANCE PIERRE;;;;260
201400021399;14;2;20;1815;2;2;3;1;6;281;BD LIBERATION;M;4504790;504740;260
201400021400;14;2;26;1230;1;1;1;2;3;281;26281;;;;260
201400021401;14;2;28;850;1;2;1;2;2;57;RD 2532N;;;;260
201400021402;14;3;3;906;1;2;1;2;2;281;26281;M;4504830;507370;260
201400021403;14;3;4;1430;1;2;3;1;6;281;BD MENDES FRANCE PIERRE;;;;260
201400021404;14;3;18;1650;1;2;1;1;6;281;BD LAPASSAT ETIENNE JEAN;;;;260
201400021405;14;3;19;1813;1;2;1;1;6;281;PLACE JEAN JAURES;M;4504580;505070;260
201400021406;14;3;24;1625;1;2;2;1;3;281;AVENUE DU 8 MAI;M;4504690;508120;260
201400021407;14;3;28;800;1;2;1;1;2;281;AVENUE DUCHESNE;M;4504710;504340;260
201400021408;14;3;29;1154;1;2;1;1;3;281;COTE DES MASSES;M;4504510;504460;260
201400021409;14;3;28;1710;1;2;1;1;2;281;RD 532 DIRECTION TAIN;;;;260
201400021410;14;4;4;757;1;2;2;1;2;57;RUE VALLON ANTONIN;M;4504000;505660;260
201400021411;14;4;9;730;1;2;1;1;2;57;RD 2532N;;;;260
201400021412;14;4;11;1440;1;2;2;1;3;281;RUE  PAPIN DENIS;M;4505410;510100;260
201400021413;14;4;14;1150;1;2;6;1;3;281;ROUTE DE  TAIN;M;4504330;502910;260
201400021414;14;4;15;940;1;2;6;1;6;281;AV DU MAQUIS;M;4505000;507840;260
201400021415;14;4;21;1335;1;2;1;1;1;281;BD LAPASSAT ETIENNE JEAN;;;;260
201400021416;14;4;23;1750;1;2;1;1;3;281;AVENUE FIGUET ADOLPHE;M;4504400;506260;260
201400021417;14;4;29;1900;1;1;1;1;2;57;RD 149;;;;260
201400021418;14;5;9;1130;1;2;3;1;3;57;CARREFOUR SUD;;;;260
201400021419;14;5;9;1820;1;2;2;1;3;281;COURS PIERRE DIDIER;M;4504580;504920;260
201400021420;14;5;13;1350;1;2;2;1;3;281;BOULEVARD REMY ROURE;M;4504990;503990;260
201400021421;14;6;2;1546;1;2;1;1;2;281;1 AVENUE  DUCHESNE;M;4504570;504600;260
201400021422;14;6;3;445;5;2;1;1;1;281;COTES DES CHAPELIERS;M;4504180;504420;260
201400021423;14;6;4;1620;1;2;2;2;3;57;RN 2532;;;;260
201400021424;14;6;5;1037;1;2;1;1;6;281;AVENUE BERTHELOT;M;4504360;503230;260
201400021425;14;6;7;1840;1;1;1;1;2;57;RD 538;;;;260
201400021426;14;6;9;830;1;2;6;1;3;281;AVENUE JEAN MOULIN;M;4505030;504710;260
201400021427;14;6;11;1540;1;2;1;1;3;281;PLACE CHARLES GAULLE;M;4504500;505010;260
201400021428;14;6;11;1920;1;2;1;1;1;281;AVENUE GAMBETTA;M;4504540;505940;260
201400021429;14;6;13;826;1;2;1;1;6;281;COURS PIERRE DIDIER;M;4504560;504820;260
201400021430;14;6;19;1740;1;2;6;1;6;281;PLACE CARNOT;M;4504860;504870;260
201400021431;14;6;27;820;1;2;1;1;1;57;AV GEORGES  POMPIDOU;;;;260
201400021432;14;7;3;1200;1;1;1;1;4;57;RD 2532N;;;;260
201400021433;14;7;4;825;1;2;1;1;4;57;RD 2532N;;;;260
201400021434;14;7;4;915;1;2;6;1;6;57;GRAND RUE JEAN JAURES;M;4503940;504770;260
201400021435;14;7;5;2050;2;2;2;1;3;281;BD PIERRE MENDES FRANCE;;;;260
201400021436;14;7;14;1535;1;2;1;1;7;281;RUE NICOLAS  APPERT;M;4505730;508910;260
201400021437;14;7;16;820;1;2;6;1;2;281;RD 532 DIRECTION TAIN;;;;260
201400021438;14;7;17;1546;1;2;1;1;2;281;BOULEVARD REMY ROURE;M;4505000;504370;260
201400021439;14;7;19;1415;1;2;2;1;1;57;RD 2532N;;;;260
201400021440;14;7;23;2145;2;1;1;1;2;57;RD 538;;;;260
201400021441;14;7;24;1420;1;2;1;1;1;281;RD 532 DIRECTION TAIN;;;;260
201400021442;14;7;31;1230;1;2;1;1;6;281;PLACE DE  PRESLE;M;4504280;504550;260
201400021443;14;8;7;2208;2;2;2;1;3;281;AVENUE DUCHESNE;M;4504680;504400;260
201400021444;14;8;16;1230;1;2;6;1;2;57;PLACE ENDREVON;M;4503860;505060;260
201400021445;14;8;22;1255;1;2;6;1;2;281;BD  LAPASSAT ETIENNE J;;;;260
201400021446;14;8;31;1315;1;1;1;1;1;281;RD 532 DIRECTION TAIN;;;;260
201400021447;14;9;9;1100;1;2;2;1;3;281;PLACE JEAN JAURES;M;4504590;505180;260
201400021448;14;9;15;1758;1;2;3;1;3;281;RD 532 DIRECTION TAIN;;;;260
201400021449;14;9;16;1820;1;2;1;1;3;281;RUE CHENIER ANDRE;M;4505110;505570;260
201400021450;14;9;19;1940;2;2;1;1;3;57;BD ALPES PROVENCE;;;;260
201400021451;14;9;30;1120;1;2;6;1;3;281;AVENUE GAMBETTA;M;4504530;506200;260
201400021452;14;10;1;1120;1;2;6;1;3;281;AVENUE GAMBETTA;M;4504530;506200;260
201400021453;14;9;30;1838;1;2;1;1;3;281;RD 532 DIRECTION TAIN;;;;260
201400021454;14;10;8;1705;1;2;4;1;3;281;26281;M;4504650;506900;260
201400021455;14;10;11;1826;1;2;6;1;3;281;26281;M;4504540;505330;260
201400021456;14;10;17;1630;1;2;1;1;4;281;26281;;;;260
201400021457;14;10;19;1335;1;2;2;1;6;57;BOUL RAPHAELLE LUPIS;M;4503690;506360;260
201400021458;14;10;22;1725;1;2;1;1;6;281;26281;M;4504700;505420;260
201400021459;14;10;24;1700;1;2;1;1;2;281;26281;M;4505210;506120;260
201400021460;14;10;24;1950;5;2;3;1;2;281;26281;M;4505920;505030;260
201400021461;14;10;26;2050;5;2;3;1;3;281;26281;M;4505780;504980;260
201400021462;14;10;27;1100;1;2;3;1;3;57;GRAND RUE JEAN JAURES;M;4503190;504680;260
201400021463;14;11;4;820;1;2;2;3;3;281;26281;M;4504710;507080;260
201400021464;14;11;7;840;1;2;1;1;6;281;26281;M;4505010;504100;260
201400021465;14;11;7;1725;2;1;2;1;2;57;26057;;;;260
201400021466;14;11;19;1815;2;2;1;1;3;57;26057;M;4504070;505360;260
201400021467;14;11;24;1630;1;2;2;1;3;57;26057;;;;260
201400021468;14;11;27;1340;1;2;1;1;6;281;26281;M;4504770;505460;260
201400021469;14;11;27;1445;1;2;1;1;6;57;26057;;;;260
201400021470;14;12;3;845;1;2;0;2;2;281;MENDES FRANCE PIE;;;;260
201400021471;14;12;8;940;1;2;6;1;6;281;PLACE JEAN JAURES;M;4504570;505540;260
201400021472;14;12;9;1515;1;2;6;1;3;281;AVENUE EMILE ZOLA;M;4505520;506460;260
201400021473;14;12;10;745;2;2;6;1;3;281;AVENUE ADOLPHE FIGUET;M;4504270;505800;260
201400021474;14;12;15;1300;1;2;0;1;3;281;BOULEVARD REMY ROURE;M;4505000;504250;260
201400021475;14;12;17;1100;1;1;2;1;2;57;RD 538;;;;260
201400021476;14;12;17;1138;1;2;1;1;6;281;COURS PIERRE DIDIER;M;4504560;504810;260
201400021477;14;12;17;1742;2;1;1;2;3;281;RD 532;;;;260
201400021478;14;12;17;1811;5;2;1;2;7;281;26281;M;4504860;504960;260
201400021479;14;12;19;1805;3;1;2;1;3;57;RD 102;;;;260
201400021480;14;1;8;1720;5;2;6;1;3;58;RUE GAY LUSSAC;M;4494380;489100;260
201400021481;14;1;10;1050;1;2;1;1;3;362;RUE DE LA FORET;M;4492010;491520;260
201400021482;14;1;14;2135;5;2;2;2;3;252;RUE JEAN JAURES;;;;260
201400021483;14;1;15;2007;5;2;3;1;1;362;AVENUE DE ROMANS;M;4493460;490730;260
201400021484;14;1;16;455;3;1;1;1;6;313;LACRA RN 532;;;;260
201400021485;14;1;17;1537;1;2;1;1;3;252;DEVIATION DE PORTES;;;;260
201400021486;14;1;29;736;1;2;1;1;6;362;RUE DENIS PAPIN;M;4492620;489200;260
201400021487;14;1;31;800;1;2;1;1;3;362;31 BOULEVARD  ROOSEVELT;M;4492020;491520;260
201400021488;14;2;2;220;5;2;1;1;6;362;RUE ARMENIE;M;4493350;489490;260
201400021489;14;2;16;805;1;1;1;2;7;4;LACRA RN532;;;;260
201400021490;14;2;24;900;1;2;1;1;6;362;AVENUE  GAMBETTA;M;4493040;488850;260
201400021491;14;2;26;800;1;2;1;2;6;362;98 RUE CHATEAUVERT;M;4492160;489860;260
201400021492;14;3;7;1545;1;2;4;1;3;252;RUE DORMOY MARX;M;4487930;488520;260
201400021493;14;3;17;1705;1;2;1;1;6;362;RUE BRANLY EDOUARD;M;4491840;489910;260
201400021494;14;3;18;1445;1;2;1;1;6;58;AVENUE JACQUES BREL;M;4495180;490320;260
201400021495;14;3;22;2205;5;2;6;2;1;362;AV DE  LA LIBERATION;M;4491490;489010;260
201400021496;14;3;21;1000;1;2;1;1;6;362;123 AVENUE DE ROMANS;M;4493420;490550;260
201400021497;14;3;31;1330;1;1;1;1;2;252;RN7 DEVIATION DE PORTES;;;;260
201400021498;14;4;9;1515;1;2;1;1;6;362;376 AV VICTOR HUGO;M;4491320;488460;260
201400021499;14;4;12;2355;5;2;1;1;6;362;47 AVENUE DOCTEUR SANTY;M;4491440;490800;260
201400021500;14;4;12;1545;1;2;2;1;7;362;RUE FAVENTINES;M;4491910;490790;260
201400021501;14;4;14;2104;5;2;2;1;3;362;RUE DES  ALPES;M;4492620;490130;260
201400021502;14;4;18;1725;1;2;3;1;6;362;109 AVENUE HUGO  VICTOR;M;4492590;488870;260
201400021503;14;4;23;2205;5;2;1;1;4;362;41 AVENUE  FAURE FELIX;M;4493070;489480;260
201400021504;14;4;26;1634;1;2;3;1;3;362;BD ROOSEVELT FRANCKLIN;M;4492030;491540;260
201400021505;14;5;10;1420;1;2;1;1;6;362;PONT  FREDERIC MISTRAL;M;4493180;488370;260
201400021506;14;5;24;1455;1;2;1;1;7;252;AVENUE JEAN JAURES;;;;260
201400021507;14;6;4;1625;1;2;2;2;6;362;RUE JULIEN VEYRENC;M;4492890;489680;260
201400021508;14;6;7;725;1;1;1;1;2;313;RN 532;;;;260
201400021509;14;6;8;1940;1;2;6;1;3;362;RD PT PONT DES ANGLAIS;;;;260
201400021510;14;6;11;1105;1;2;1;1;2;252;RUE JEAN JAURES;;;;260