num_acc;an;mois;jour;hrmn;lum;agg;int;atm;col;com;adr;gps;lat;long;dep
201400021511;14;6;23;1624;1;1;2;1;3;58;ROUTE DE PONT USERE;;;;260
201400021512;14;6;28;1453;1;2;1;1;1;362;RUE HENRI DU PARC FOUQUE;M;4492940;491820;260
201400021513;14;6;30;2125;1;2;3;1;3;362;AVENUE DE PROVENCE;M;4493170;488500;260
201400021514;14;7;23;1520;1;2;2;1;3;362;BD WINSTON CHURCHILL;M;4493270;491840;260
201400021515;14;7;28;1446;1;2;1;2;3;362;192 AVENUE DE  ROMANS;M;4493800;491300;260
201400021516;14;8;13;1025;1;2;1;1;6;362;37 AVENUE SADI CARNOT;M;4493560;489710;260
201400021517;14;8;15;1315;1;2;2;1;7;362;47 BD MARECHAL JUIN;M;4491330;489350;260
201400021518;14;8;27;1825;1;1;2;1;3;362;CHEMIN DES  BRUYERES;M;4495400;496300;260
201400021519;14;8;28;1405;1;1;1;1;7;313;LACRA RN532;;;;260
201400021520;14;8;15;1035;1;1;1;1;2;58;ROUTE LA ROCHE DE GLUN;;;;260
201400021521;14;9;3;1620;1;2;1;1;2;362;26362;M;4489990;487890;260
201400021522;14;9;5;2240;5;1;1;1;7;4;26004;;;;260
201400021523;14;9;6;2125;5;2;2;1;3;362;26362;M;4491630;488510;260
201400021524;14;9;9;2320;3;1;1;1;2;362;26362;;;;260
201400021525;14;9;17;1125;1;1;2;1;6;252;26252;;;;260
201400021526;14;9;17;1135;1;1;3;1;3;362;26362;;;;260
201400021527;14;9;17;2210;5;2;1;3;7;362;26362;M;4494090;492470;260
201400021528;14;9;18;1912;1;1;1;3;7;362;26362;M;4490290;487910;260
201400021529;14;9;19;120;4;1;1;2;6;362;26362;;;;260
201400021530;14;9;19;1630;1;2;1;1;6;362;AVENUE SADI CARNOT;M;4493310;489610;260
201400021531;14;9;21;2020;5;2;1;1;3;362;26362;M;4491690;488520;260
201400021532;14;9;27;1245;1;2;1;1;3;58;26058;M;4494020;489550;260
201400021533;14;9;26;1940;5;2;1;1;3;362;69 AV LIBERATION 31 AOUT;M;4490970;488730;260
201400021534;14;10;4;1648;1;2;1;1;6;58;26058;M;4494040;489300;260
201400021535;14;10;1;1905;1;1;1;1;2;362;26362;;;;260
201400021536;14;10;8;2100;3;1;1;1;2;362;26362;;;;260
201400021537;14;10;8;2055;3;2;6;1;2;252;RUE MARX DORMOY;M;4487910;488610;260
201400021538;14;10;24;1645;1;2;2;1;6;362;AVENUE VICTOR HUGO;M;4491630;488510;260
201400021539;14;10;1;1000;1;2;1;1;6;362;RUE DENIS PAPIN;M;4492720;489250;260
201400021540;14;11;16;1415;1;2;1;1;6;362;ROUTE DE ROMANS;M;4494420;492070;260
201400021541;14;11;15;1110;1;2;6;1;3;58;RUE ROGER SALENGRO;M;4494840;490400;260
201400021542;14;11;19;1559;1;2;1;1;6;58;QUAI DE LA LIBERATION;M;4494380;489070;260
201400021543;14;11;27;1000;1;1;1;1;1;313;LACRA RN 7;;;;260
201400021544;14;11;30;1012;1;2;1;1;6;362;BOULEVARD  VAUBAN;M;4493550;489300;260
201400021545;14;12;1;1725;2;2;1;1;5;58;AVENUE DE LYON;M;4494700;489310;260
201400021546;14;12;3;1620;1;2;1;1;3;362;AVENUE DE ROMANS;M;4493340;490220;260
201400021547;14;12;10;1200;1;1;1;1;5;362;L A C R A RN 7;;;;260
201400021548;14;12;12;1910;3;1;1;1;7;362;L A C R A  RN 7;;;;260
201400021549;14;12;26;830;1;1;1;1;7;362;26200;;;;260
201400021550;14;3;1;1545;1;1;1;1;2;37;;M;0;0;840
201400021551;14;5;7;2015;1;2;2;1;3;37;Route de Courthezon;M;0;0;840
201400021552;14;8;29;1515;1;2;1;1;3;39;1356 rte de chateauneuf;M;0;0;840
201400021553;14;5;6;800;1;2;1;1;3;33;Z.I de Carros 1?re av.;M;0;0;60
201400021554;14;5;19;1645;1;1;1;1;1;64;;M;0;0;60
201400021555;14;9;30;645;2;2;1;2;1;64;514 route de la BARONNE;M;0;0;60
201400021556;14;10;29;915;1;1;6;1;2;117;;M;0;0;60
201400021557;14;11;2;1445;1;1;1;1;7;938;;M;0;0;60
201400021558;14;4;23;745;1;2;1;1;5;373;RD 12 route du vercors;M;0;0;380
201400021559;14;9;29;1700;1;2;1;1;3;133;route du Bourg;M;0;0;380
201400021560;14;4;6;815;1;2;1;1;6;133;route de chartreuse;M;4536338;560540;380
201400021561;14;4;9;1915;1;1;1;1;2;105;;M;0;0;380
201400021562;14;6;5;715;1;1;1;1;6;383;;M;0;0;380
201400021563;14;8;1;1630;1;1;1;1;6;84;;M;0;0;380
201400021564;14;8;29;1100;1;1;1;1;1;105;;M;0;0;380
201400021565;14;9;12;1815;1;2;1;1;6;337;75 RUE DE LA REPUBLIQUE;M;0;0;380
201400021566;14;9;14;630;2;1;1;1;1;337;;M;0;0;380
201400021567;14;10;10;2215;3;2;1;1;6;383;chemin des reynauds;M;0;0;380
201400021568;14;10;12;1130;1;1;9;1;1;337;;M;0;0;380
201400021569;14;10;15;1600;1;2;1;1;2;337;RUE ALFRED BUTTIN;M;0;0;380
201400021570;14;10;30;1830;3;1;1;1;6;30;;M;0;0;380
201400021571;14;12;12;1000;1;2;1;1;1;337;RD 50 F;M;0;0;380
201400021572;14;12;20;1230;1;2;1;2;1;283;route d' Heyrieux;M;0;0;690
201400021573;14;1;24;1030;1;1;1;8;7;33;;M;0;0;580
201400021574;14;6;4;1445;1;2;1;1;3;86;Rue du Colonel RABIER;M;0;0;580
201400021575;14;8;5;2145;5;2;1;1;6;86;quai du marchal joffre;M;0;0;580
201400021576;14;12;8;2230;5;2;1;2;6;187;route de villeberne;M;0;0;580
201400021577;14;1;25;30;3;1;1;2;1;136;A10;M;4772000;148800;410
201400021578;14;1;28;745;3;1;1;8;7;252;A10;M;4768800;142700;410
201400021579;14;4;8;115;3;1;1;8;7;206;A10 PR 145+300;M;4764700;136800;410
201400021580;14;5;2;1345;1;1;1;8;6;288;;M;4766200;138400;410
201400021581;14;5;5;600;2;1;1;1;2;223;;M;4761700;121400;410
201400021582;14;6;7;845;1;1;1;1;2;101;A10 PR 163+400;M;4761400;115700;410
201400021583;14;6;12;330;3;1;1;1;5;156;;M;4767200;139600;410
201400021584;14;6;19;2100;2;1;1;7;2;8;A10 paris province;M;4773800;152300;410
201400021585;14;7;4;1745;1;1;1;1;1;276;A10 PR 152+700;M;4761600;130900;410
201400021586;14;7;21;15;3;1;1;1;4;252;;M;4769300;143400;410
201400021587;14;10;17;2145;3;1;1;1;2;252;A10 PR 141+500;M;4767700;140300;410
201400021588;14;10;25;330;3;1;9;1;2;206;;M;4763000;135300;410
201400021589;14;11;25;300;3;1;1;8;3;206;;M;4763600;135800;410
201400021590;14;12;21;1800;1;1;1;1;6;136;;M;4771500;147800;410
201400021591;14;12;15;1830;3;1;1;2;7;206;;M;4763700;135800;410
201400021592;14;1;10;925;1;2;1;1;6;229;0, MOULIN (RUE JEAN);M;4901000;109100;270
201400021593;14;1;29;1935;5;2;1;1;2;299;133, BRIAND (AVENUE ARIS;M;4902500;109500;270
201400021594;14;2;6;250;5;2;1;1;6;229;QUATORZE JUILLET (BOULEV;M;4900200;109400;270
201400021595;14;3;3;1205;1;2;6;1;3;229;1, BROSSOLETTE (RUE PIER;M;4901000;110100;270
201400021596;14;3;6;1555;1;2;1;1;6;229;57, QUATORZE JUILLET (BO;M;4900200;109500;270
201400021597;14;3;11;1259;1;2;1;1;6;229;route de paris;M;4900500;111100;270
201400021598;14;3;19;1849;1;2;1;1;6;229;28, LEPOUZE (RUE);M;4901400;109100;270
201400021599;14;3;29;1300;1;2;1;1;4;299;91, BRIAND (AVENUE ARIST;M;4902400;109300;270
201400021600;14;4;9;1920;1;2;9;1;6;229;rue des lombards;M;4901300;108500;270
201400021601;14;4;30;935;1;2;1;1;6;229;SEPTIEME CHASSEUR (RUE D;M;4901400;108400;270
201400021602;14;5;16;1325;1;2;1;1;6;229;27, CHARTRAINE (RUE);M;4901300;108500;270
201400021603;14;5;25;2155;3;2;1;1;1;299;rue de netreville;M;4902300;110200;270
201400021604;14;6;1;1255;1;2;3;1;3;229;MOULIN (RUE JEAN);M;4900500;109000;270
201400021605;14;6;5;1810;1;2;1;1;6;229;72, VERNON (RUE DE);M;4901200;110000;270
201400021606;14;6;16;1350;1;2;1;1;6;229;2, BORVILLE DUPUIS (RUE);M;4901400;109000;270
201400021607;14;6;23;1525;1;2;1;1;3;229;17, MILLET (RUE);M;4901500;109200;270
201400021608;14;6;7;1440;1;2;1;1;6;229;4, CURIE (RUE PIERRE ET;M;4901000;109500;270
201400021609;14;7;7;1235;1;2;1;1;3;229;REPUBLIQUE (PLACE DE LA);M;4901300;109200;270
201400021610;14;8;15;1740;1;2;2;1;6;229;34, RUGBY (RUE DE);M;4900300;109300;270
201400021611;14;8;16;200;5;2;1;1;6;229;46, ARGENCE (RUE D');M;4902000;109400;270
201400021612;14;10;2;1000;1;2;1;2;6;229;SEMARD (RUE PIERRE);M;4900500;109400;270
201400021613;14;10;9;905;1;2;1;1;6;229;1, CONCHES (ROUTE DE);M;4901200;107300;270
201400021614;14;11;15;2230;5;2;1;1;6;229;2, BERNARD (RUE GEORGES);;;;270
201400021615;14;11;16;2115;5;2;1;1;6;229;41, GAMBETTA (BOULEVARD);;;;270
201400021616;14;12;1;1655;1;2;1;1;6;299;21, AVIRON (RUE D');M;4902500;109300;270
201400021617;14;12;3;805;2;2;1;1;6;229;01, CHURCHILL (AVENUE WI;;;;270
201400021618;14;11;25;2110;5;2;1;1;1;229;ROCHETTE (RUE DE LA);;;;270
201400021619;14;6;25;1800;1;1;1;1;2;353;;M;4812255;-177371;350
201400021620;14;1;22;815;5;2;1;3;7;375;CHURCHILL (AVENUE WINSTO;M;4913300;110000;270
201400021621;14;3;1;1550;1;2;1;1;6;701;0, BLANCHE (CH. DE LA VO;M;4916200;112100;270
201400021622;14;3;20;955;1;2;1;1;6;375;0, BELGIQUE (RUE DE);M;4912100;109100;270
201400021623;14;4;15;1150;1;2;2;1;5;375;JOFFRE (BOULEVARD DU ML);M;4912500;110000;270
201400021624;14;5;4;1720;1;1;1;1;6;375;1, RD313;M;4913100;110500;270
201400021625;14;5;30;1420;1;2;1;1;6;701;QUATRES SAISONS (PLACE D;M;4916100;112300;270
201400021626;14;8;25;1450;1;2;2;2;3;701;1, ANDELLE (CHAUSSEE D');M;4916100;114000;270
201400021627;14;9;16;1635;1;2;1;1;3;701;ANDELLE (CHAUSSEE D');M;4916300;113400;270
201400021628;14;9;25;1045;1;2;3;1;3;701;ANDELLE (CHAUSSEE D');M;4916300;113400;270
201400021629;14;9;25;1355;1;2;1;1;2;375;19, SAINT JEAN (RUE);M;4912300;110300;270
201400021630;14;10;15;1415;1;2;2;1;3;375;HUIT MAI 1945 (RUE DU);M;4912400;109500;270
201400021631;14;11;4;2010;5;2;3;1;6;375;CHURCHILL (AVENUE WINSTO;M;4913100;110000;270
201400021632;14;12;17;1855;1;2;3;2;4;375;CHURCHILL (AVENUE WINSTO;M;4913200;110000;270
201400021633;14;12;23;1755;4;2;2;1;5;701;LERY (CH. DE) SEINE A FA;M;4914610;113000;270
201400021634;14;1;1;815;2;1;1;2;6;700;;M;4929970;-79592;140
201400021635;14;1;10;2345;3;1;1;2;6;4;;M;4933390;-91691;140
201400021636;14;1;30;1615;1;1;1;4;6;453;;M;4930460;-81680;140
201400021637;14;4;9;2045;3;1;1;1;6;124;;M;4934010;-101513;140
201400021638;14;4;23;230;3;1;1;1;6;124;;M;4933950;-101423;140
201400021639;14;6;7;1030;1;1;1;1;3;132;RN 13 CANCHY;M;4934140;-98005;140
201400021640;14;7;4;2020;1;1;1;1;6;480;;M;4933160;-106990;140
201400021641;14;9;20;530;3;1;1;1;6;397;RN 13 PR 105+500;M;4931790;-84955;140
201400021642;14;9;22;830;1;1;1;1;4;543;;;;;140
201400021643;14;9;23;2015;3;1;1;1;6;406;;;;;140
201400021644;14;12;12;445;3;1;1;3;6;378;;M;0;0;140
201400021645;14;1;5;1715;1;2;1;2;1;118;Route des grottes;M;0;0;60
201400021646;14;2;9;1415;1;1;1;1;6;130;;M;0;0;60
201400021647;14;3;21;1800;1;1;1;1;6;118;;M;0;0;60
201400021648;14;4;16;730;1;2;1;1;3;95;AV DE BOUTINY;M;0;0;60
201400021649;14;4;28;900;1;2;1;1;6;95;;M;0;0;60
201400021650;14;5;6;1115;1;2;1;1;2;95;82 route de DRAGUIGNAN;M;0;0;60
201400021651;14;5;23;1615;1;2;1;1;6;95;03 av du doctr belletrud;M;0;0;60
201400021652;14;5;24;1545;1;2;1;1;6;95;02 RUE DE LA TOUR;M;0;0;60
201400021653;14;6;7;1100;1;2;1;1;3;140;380 ROUTE DE DRAGUIGNAN;M;0;0;60
201400021654;14;7;29;1315;1;1;1;1;6;95;;M;0;0;60
201400021655;14;8;2;1700;1;1;1;1;6;130;;M;0;0;60
201400021656;14;8;11;1115;1;2;1;1;2;95;;M;0;0;60
201400021657;14;9;6;1045;1;2;1;1;6;95;25 avenue Boutiny;M;0;0;60
201400021658;14;9;13;1300;1;1;9;1;6;130;;M;0;0;60
201400021659;14;10;9;1430;1;1;1;1;7;118;;M;0;0;60
201400021660;14;12;5;1945;5;2;1;2;3;140;route de draguignan;M;0;0;60
201400021661;14;12;19;1745;3;1;1;1;1;140;;M;0;0;60
201400021662;14;12;25;2115;5;2;1;1;1;95;Avenue de Boutiny;M;0;0;60
201400021663;14;11;10;1415;1;1;2;8;3;331;;M;0;0;390
201400021664;14;12;30;1440;1;2;6;1;3;681;ISAMBARD (BOULEVARD);;;;270
201400021665;14;1;4;1845;5;2;3;2;3;562;PRES (RUE DES);M;4906000;127000;270
201400021666;14;3;11;1110;1;1;1;1;7;562;1, D 64;M;4905300;124500;270
201400021667;14;4;12;750;1;2;1;1;3;681;8, ROUEN (AVENUE DE);M;4905400;128500;270
201400021668;14;5;6;1745;1;2;9;1;1;562;HAUTVILLE (RUE DE);M;4905300;126400;270
201400021669;14;6;12;830;1;1;1;1;5;588;;M;4907400;125500;270
201400021670;14;7;3;905;1;2;3;1;3;681;125, PARIS (AVENUE DE);M;4905200;129200;270
201400021671;14;7;31;755;1;2;3;1;3;681;FUTAIE (RUE DE LA);M;4904300;129000;270
201400021672;14;8;18;1425;1;2;3;1;7;681;BULLY (RUE AMBROISE);M;4905300;128500;270
201400021673;14;8;14;1855;1;2;3;1;3;681;1, SAINT LOUIS (RUE);M;4905100;128400;270
201400021674;14;9;8;915;1;2;3;1;3;681;RIQUIER (RUE);M;4905300;128500;270
201400021675;14;9;16;2105;3;2;1;1;6;681;IVRY (ROUTE D');M;4904400;128300;270
201400021676;14;10;5;1145;1;2;1;1;6;681;8, ROUEN (AVENUE DE);M;4905400;128500;270
201400021677;14;10;27;1605;2;2;6;1;6;681;20, CAPUCINS (AVENUE DES;M;4905300;109500;270
201400021678;14;12;10;1445;1;2;3;1;3;681;MONET (RUE CLAUDE);;;;270
201400021679;14;2;2;1115;1;1;3;1;1;142;;M;4616719;-109236;170
201400021680;14;7;13;2030;1;1;6;1;2;222;;M;4623190;-112365;170
201400021681;14;11;2;1430;1;1;1;1;3;222;;M;4624318;-112112;170
201400021682;14;2;22;630;2;1;1;1;7;32;;M;4738200;638700;250
201400021683;14;7;4;1715;1;1;1;1;2;614;;M;0;0;250
201400021684;14;7;25;900;1;1;1;1;5;67;;M;4742100;662100;250
201400021685;14;11;24;915;1;1;1;1;1;20;;M;4749200;681500;250
201400021686;14;1;5;1745;5;2;1;2;6;363;Rue Gambetta;M;4864600;222000;910
201400021687;14;1;8;800;2;1;1;1;7;363;D3;M;0;0;910
201400021688;14;3;5;1600;1;2;1;1;7;363;Impasse Colette;M;0;0;910
201400021689;14;6;2;830;1;2;1;1;3;665;chemin saint éloi;M;0;0;910
201400021690;14;6;29;1600;1;1;1;2;1;363;D446;M;4866700;220000;910
201400021691;14;6;29;2015;1;2;1;1;2;665;vieux chemin de montlher;M;4866000;227000;910
201400021692;14;7;2;130;3;2;6;1;6;666;avenue des Tropiques;M;0;0;910
201400021693;14;9;3;1815;1;1;6;1;3;458;Voie Nouvelle;M;0;0;910
201400021694;14;9;13;1730;1;1;1;1;2;458;Route de Montlhéry;M;0;0;910
201400021695;14;10;26;1400;1;2;2;1;3;665;vieux chemin montlhery;M;0;0;910
201400021696;14;12;23;1745;3;1;1;2;5;458;CD35;M;4866200;223300;910
201400021697;14;9;2;1145;1;1;1;1;6;278;;M;4984063;154022;760
201400021698;14;3;3;1140;1;1;1;8;5;203;;;;;870
201400021699;14;3;13;900;1;1;1;1;6;203;;M;0;0;870
201400021700;14;5;19;1845;1;1;1;1;2;203;;M;0;0;870
201400021701;14;11;5;1545;1;1;1;1;6;146;;M;0;0;870
201400021702;14;11;25;2045;3;1;1;3;1;154;;M;0;0;870
201400021703;14;1;26;1;3;1;1;1;7;248;SENS PARIS > PROVINCE;M;4546300;151332;190
201400021704;14;4;27;1800;1;1;1;2;3;250;;M;0;0;190
201400021705;14;6;8;1745;1;1;1;1;7;178;SENS PARIS - TOULOUSE;M;4527340;155710;190
201400021706;14;7;15;1345;1;1;9;1;6;250;SENS PARIS > TOULOUSE;M;4548060;152747;190
201400021707;14;8;9;500;3;1;1;1;5;250;SENS TOULOUSE > PARIS;M;4549420;152599;190
201400021708;14;9;25;645;2;1;1;1;2;276;SENS PARIS - PROVINCE;M;4540510;155807;190
201400021709;14;10;10;930;1;1;1;1;6;72;SENS PARIS - PROVINCE;M;4525080;153748;190
201400021710;14;10;29;1600;1;1;1;7;2;129;SENS PARIS - PROVINCE;M;4552420;151507;190
201400021711;14;11;12;1845;3;1;1;2;3;250;SENS PARIS - PROVINCE;M;4550180;151589;190
201400021712;14;12;15;1345;1;1;1;1;2;276;SENS PARIS - PROVINCE;M;4540360;156044;190
201400021713;14;2;3;845;1;1;1;7;5;123;;M;0;0;590
201400021714;14;4;2;1545;1;2;1;1;6;266;Rue Joseph Poissonnier;M;0;0;590
201400021715;14;5;26;845;1;2;1;1;2;266;64 rue de la barre;M;0;0;590
201400021716;14;12;30;515;3;1;1;9;1;123;;M;0;0;590
201400021717;14;1;4;1715;5;2;1;1;5;85;56, MERMOZ (RUE JEAN);M;4845027;150899;280
201400021718;14;9;16;1725;1;2;1;1;6;110;26, VOVES (RUE DE);M;4842873;149327;280
201400021719;14;1;7;2226;3;2;1;3;7;110;1, Henri MACE;;;;280
201400021720;14;1;8;1940;5;2;1;2;4;218;REPUBLIQUE (AVENUE DE LA;M;4843908;145927;280
201400021721;14;9;19;840;1;2;1;1;1;85;MAUNOURY (RUE DU DOCTEUR;M;4843874;148139;280
201400021722;14;1;10;738;5;2;7;1;6;85;4, SEMARD (PLACE PIERRE);M;4844811;148206;280
201400021723;14;9;20;220;5;2;1;1;1;85;30, COURTILLE (BOULEVARD;M;4844196;149305;280
201400021724;14;1;11;1510;1;2;1;1;6;85;22, CORROIERIE (RUE DE L;M;4844791;149042;280
201400021725;14;9;20;1640;1;2;1;1;6;218;49, CLEMENCEAU (RUE GEOR;M;4843513;147404;280
201400021726;14;9;25;1417;1;2;1;1;6;220;6, L'Orme de Sours (Rue;M;4841929;145553;280
201400021727;14;1;13;1850;5;2;1;2;3;85;HUGO (AVENUE VICTOR);;;;280
201400021728;14;9;25;1940;1;2;1;1;5;85;COURTILLE (BOULEVARD DE;M;4844234;149388;280
201400021729;14;1;19;635;3;1;1;1;6;85;sans, NOGENT LE PHAYE (R;M;4844721;154531;280
201400021730;14;9;20;1510;1;1;2;1;3;220;LECLERC (RUE DU MARECHAL;M;4843102;146386;280
201400021731;14;1;21;1225;1;2;1;1;2;85;18 ter, REPUBLIQUE (AVEN;M;4845564;147721;280
201400021732;14;9;22;735;2;1;6;1;1;24;RN 123;M;4841625;146403;280
201400021733;14;1;21;1425;1;2;1;1;2;85;43, NICOLE (RUE);M;4844531;147791;280
201400021734;14;9;28;1040;1;2;1;1;6;85;12, CHANZY (RUE ET ROND;M;4843741;148474;280
201400021735;14;1;22;1915;5;2;3;1;6;85;1, LAUNAY (RUE DE);M;4843307;149290;280
201400021736;14;10;3;1735;1;1;1;1;2;209;RN 1154;M;4847166;146391;280
201400021737;14;1;23;1740;5;2;1;1;6;85;28, CHASLES (BOULEVARD);M;4844275;148616;280
201400021738;14;10;4;515;5;2;1;1;3;85;70, MERMOZ (RUE JEAN);M;4845214;151999;280
201400021739;14;1;24;1058;1;2;3;2;3;218;BEAUCE (RUE DE);;;;280
201400021740;14;10;7;1800;1;2;3;1;1;85;41, LAUNAY (RUE DE);;;;280
201400021741;14;1;27;1415;1;2;1;1;3;85;60, MAUNOURY (RUE DU DOC;M;4844077;148259;280
201400021742;14;10;8;1500;1;2;6;1;6;218;EUROPE (CARREFOUR DE L');;;;280
201400021743;14;2;3;2005;3;1;1;1;7;70;D823;M;4846258;152736;280
201400021744;14;10;11;1350;1;2;3;1;3;70;Rue Jean Moulin;M;4846685;150580;280
201400021745;14;2;3;1930;4;2;2;1;3;85;BOURGNEUF (RUE DU);M;4845772;148540;280
201400021746;14;10;12;845;1;2;1;2;1;85;01, PORTE DROUAISE (RUE;M;4845230;148876;280
201400021747;14;2;9;2040;3;1;1;6;6;229;1, RD24;M;4845048;144990;280
201400021748;14;10;12;150;5;2;1;1;6;85;40, FAUBOURG LA GRAPPE (;M;4844176;150056;280
201400021749;14;10;12;1825;1;2;1;1;6;218;23, FOCH (RUE DU MARECHA;M;4843604;147517;280
201400021750;14;2;11;650;3;2;1;1;7;229;5, DUNANT (IMPASSE HENRI;M;4844465;146666;280
201400021751;14;10;14;1725;1;2;1;1;4;85;39, NICOLE (RUE);;;;280
201400021752;14;2;11;1357;1;2;1;1;1;220;0, LIBERTE (RUE DE LA);M;4842766;146535;280
201400021753;14;10;16;900;1;2;1;1;6;218;EUROPE (AVENUE DE L');M;4844297;145153;280
201400021754;14;2;12;830;1;2;2;1;7;218;FOREAU (RUE FRANCOIS);;;;280
201400021755;14;10;16;1220;1;2;1;1;6;85;44, FOCH (BOULEVARD DU M;M;4845003;149189;280
201400021756;14;2;13;800;2;2;9;3;6;218;12, DE TASSIGNY (RUE DE;M;4843464;145682;280
201400021757;14;10;22;1235;1;2;1;1;6;85;BEAULIEU (AVENUE DE);;;;280
201400021758;14;2;12;1125;1;2;6;1;7;70;D823;M;4847164;151162;280
201400021759;14;2;12;830;1;2;1;1;7;110;1, DU GORD;M;4843582;146118;280
201400021760;14;10;29;1645;1;2;2;2;3;85;CHANZY (RUE ET ROND POIN;;;;280
201400021761;14;2;16;1500;1;2;1;1;6;220;30, Hochstadt (boulevard;M;4842240;146616;280
201400021762;14;10;31;638;5;2;4;1;1;85;MENDES FRANCE (RUE PIERR;M;4844142;149520;280
201400021763;14;2;17;1640;1;2;2;1;6;220;1, AVENUE DE LA REPUBLIQ;M;4841924;146667;280
201400021764;14;10;31;1130;1;2;1;1;6;85;01, VIOLETTE (BOULEVARD;M;4844574;148360;280
201400021765;14;2;20;2200;5;2;4;1;5;85;MARTIN (RUE JULES);M;4844207;149341;280
201400021766;14;2;21;730;1;1;1;1;6;85;LAENNEC (AVENUE DU DOCTE;M;4844537;152951;280
201400021767;14;10;31;1505;1;2;1;1;7;85;FACE 7, DESPORTES (RUE P;M;4843988;148120;280
201400021768;14;10;31;1930;2;2;1;1;6;220;31, AVENUE DE LA REPUBLI;M;4842582;147164;280
201400021769;14;2;21;1945;5;2;1;1;6;70;PRESSOIR (RUE DU);M;4847023;150603;280
201400021770;14;2;22;1918;3;1;5;1;3;209;RN 1154;M;4846705;146481;280
201400021771;14;11;1;1405;1;2;1;1;6;85;PICHARD (RUE JOSEPH);;;;280
201400021772;14;2;24;1230;1;2;1;1;3;218;9, MAUNOURY (CITE JEAN);M;4843829;146097;280
201400021773;14;11;2;740;1;1;6;1;6;85;ROUTE NATIONALE 123;M;4842741;151484;280
201400021774;14;11;3;2020;5;2;1;3;3;85;1, MACE (RUE HENRI);M;4842895;150546;280
201400021775;14;2;28;1920;5;2;1;2;2;85;2, VIOLETTE (BOULEVARD M;M;4844554;148357;280
201400021776;14;11;4;1825;5;2;2;1;1;218;01, REPUBLIQUE (RUE DE L;;;;280
201400021777;14;11;5;1325;1;2;1;1;6;85;34, MERMOZ (RUE JEAN);M;4844957;150549;280
201400021778;14;3;6;1525;1;2;3;1;3;220;1, VALLEE DE L'EURE (RUE;M;4842959;148110;280
201400021779;14;3;9;1;5;2;3;1;3;85;ORMES (RUE DES);M;4844313;148990;280
201400021780;14;11;7;830;1;2;1;8;6;220;34, DE GAULLE (RUE GENER;;;;280
201400021781;14;3;10;1445;1;2;1;1;6;85;REGNIER (RUE MATHURIN);M;4844302;148736;280
201400021782;14;11;8;1600;1;1;1;1;1;85;JUBELINES (IMPASSE DES);M;4845027;148232;280
201400021783;14;10;30;1600;1;1;3;1;1;110;DOUIN Charles Isidor (D3;M;4842924;149271;280
201400021784;14;3;10;1545;1;2;1;1;2;229;CHATEAU D'EAU (RUE DU);;;;280
201400021785;14;11;16;1355;1;2;1;2;3;85;2, BOURGNEUF (RUE DU);;;;280
201400021786;14;3;11;1508;1;2;1;1;3;220;1, MARCEAU (RUE);M;4842677;147265;280
201400021787;14;3;12;820;1;2;1;1;6;85;SAINT ANDRE (PLACE ET RU;M;4844975;148984;280
201400021788;14;11;21;800;1;2;1;1;1;218;GENEVE (RUE DE);M;4843908;144313;280
201400021789;14;3;12;1040;1;2;1;1;2;220;1, MARCEAU (RUE);M;4842679;147257;280
201400021790;14;11;22;1800;3;1;1;2;6;85;ROUTE D'ORLEANS;M;4842741;151539;280
201400021791;14;11;25;1830;4;2;1;2;6;85;SEMARD (PLACE PIERRE);M;4844785;148161;280
201400021792;14;3;12;1655;1;2;3;7;1;70;1, SAINT PERE EN VALLEE;M;4846579;150668;280
201400021793;14;3;19;815;1;1;1;1;7;85;HUGO (AVENUE VICTOR);M;4844699;154157;280
201400021794;14;11;26;1540;1;2;1;1;1;85;6, CHATEAUDUN (RUE DE);;;;280
201400021795;14;3;19;1430;1;2;2;1;3;220;LECLERC (RUE DU MARECHAL;M;4842846;146023;280
201400021796;14;11;27;1200;1;2;1;1;1;85;1, DROUAISE (PLACE);M;4845297;148852;280
201400021797;14;3;20;945;1;2;3;1;3;85;7, LECLERC (RUE DU MAREC;M;4843918;147422;280
201400021798;14;11;28;900;1;2;1;1;1;85;45, ORLEANS (AVENUE D');;;;280
201400021799;14;11;28;1850;5;2;1;2;7;85;31, PATTON (RUE DU GENER;;;;280
201400021800;14;3;11;830;2;2;2;1;3;85;MORARD (PLACE);M;4844526;149648;280
201400021801;14;3;22;1615;1;1;1;1;2;110;RN 123 (ROCADE);M;4841587;150168;280
201400021802;14;11;21;2235;5;2;3;1;2;220;33, MAUNOURY (MAURICE);M;4843463;147825;280
201400021803;14;3;24;2030;5;2;3;1;3;85;102, GRANDES FILLES DIEU;M;4845641;149491;280