num_acc;an;mois;jour;hrmn;lum;agg;int;atm;col;com;adr;gps;lat;long;dep
201400021804;14;12;2;1745;5;2;3;2;7;85;01, SAINT MICHEL (RUE);M;4844364;148987;280
201400021805;14;3;25;1915;5;2;9;1;3;85;VIOLETTE (BOULEVARD MAUR;M;4844505;148350;280
201400021806;14;12;8;1518;1;1;3;2;3;229;CHATEAU D'EAU (RUE DU);M;4845093;144711;280
201400021807;14;3;25;1240;1;2;6;2;7;85;MERMOZ (RUE JEAN);;;;280
201400021808;14;12;8;1735;5;2;1;2;6;229;6, COUBERTIN (RUE PIERRE;M;4844685;147371;280
201400021809;14;3;26;1545;1;2;9;1;6;85;ONZE NOVEMBRE (PLACE DU);M;4844717;151989;280
201400021810;14;12;9;900;1;2;1;9;7;85;72, MERMOZ (RUE JEAN);M;4845223;151967;280
201400021811;14;3;27;1010;1;1;1;1;7;209;RD 1154;M;4848252;146294;280
201400021812;14;12;9;1600;1;2;1;1;6;85;PEGUY (BOULEVARD CHARLES;M;4827009;129041;280
201400021813;14;3;29;1625;1;2;1;1;3;85;1, CHASLES (BOULEVARD);M;4844218;148927;280
201400021814;14;12;10;1845;3;1;1;2;2;229;D105;M;4846531;146445;280
201400021815;14;4;4;1650;1;2;1;1;6;85;62, BRIAND (RUE ARISTIDE;M;4844705;152083;280
201400021816;14;12;11;835;1;2;2;1;6;229;88, REPUBLIQUE (rue de L;M;4826545;128068;280
201400021817;14;4;5;2300;5;1;1;1;7;110;ROUTE NATIONALE 123;M;4841681;150479;280
201400021818;14;12;14;1555;1;1;2;2;1;218;BEAUCE (RUE DE);M;4842846;146026;280
201400021819;14;4;9;2110;3;1;1;1;3;209;RN 154;M;4848575;146747;280
201400021820;14;12;16;705;3;1;6;1;6;85;FRESNAY (RUE DE);M;4846665;146532;280
201400021821;14;4;11;950;1;2;6;1;3;85;EPARS (PLACE DES);M;4844421;148359;280
201400021822;14;12;14;750;2;2;1;2;6;85;01, SAINT MICHEL (RUE);M;4844234;148955;280
201400021823;14;4;12;1905;1;2;3;1;4;85;1, MADELEINE (RUE DE LA);M;4845065;151040;280
201400021824;14;12;17;1800;3;1;1;2;2;209;RD 1154;M;4848758;147054;280
201400021825;14;4;13;2140;5;2;3;1;1;85;98, FAUBOURG LA GRAPPE (;M;4843775;150400;280
201400021826;14;12;19;1243;1;2;6;1;3;85;13, EPARS (PLACE DES);M;4844367;148377;280
201400021827;14;4;15;1635;1;2;1;1;2;85;COMTESSES (IMPASSE ET RU;M;4843465;148459;280
201400021828;14;12;22;1640;1;2;2;1;3;218;FOREAU (RUE FRANCOIS);M;4843586;146125;280
201400021829;14;4;19;1930;1;2;1;2;2;218;2, PARC (RUE DU);M;4844062;147230;280
201400021830;14;12;21;2020;5;2;3;1;3;85;PROUST (AVENUE MARCEL);M;4845122;152798;280
201400021831;14;12;22;1800;5;2;1;1;6;229;34, DUNANT (RUE HENRI);M;4826516;128048;280
201400021832;14;5;6;1150;1;2;1;1;6;85;CHASLES (BOULEVARD);M;4844226;148892;280
201400021833;14;12;24;1130;1;1;1;1;6;220;RIBOUCHES (RUE DES);M;4841929;146469;280
201400021834;14;5;6;1320;1;2;1;2;7;85;1, DROUAISE (PLACE);M;4845282;148803;280
201400021835;14;12;27;1740;2;2;9;2;6;85;41, MAUNOURY (RUE DU DOC;M;;;280
201400021836;14;5;7;149;5;2;1;1;6;85;0, FAUBOURG GUILLAUME (R;M;4844699;149222;280
201400021837;14;12;29;1308;1;2;3;1;3;229;ANJOU (RUE D');;;;280
201400021838;14;5;8;955;1;1;1;1;7;229;R.N.1154;M;4844493;143543;280
201400021839;14;12;30;840;1;1;1;9;7;85;ARAGO (RUE FRANCOIS);M;4843386;152006;280
201400021840;14;5;10;1840;1;2;1;1;3;85;, PATTON (RUE DU GENERAL;M;4844148;147440;280
201400021841;14;12;30;1920;5;2;3;1;6;218;31, LECLERC (RUE DU MARE;M;4843756;147247;280
201400021842;14;5;11;1150;1;2;2;1;3;85;BEAUREPAIRE (AVENUE);M;4845858;148797;280
201400021843;14;5;13;1140;1;2;3;1;3;85;MERMOZ (RUE JEAN);M;4844902;150280;280
201400021844;14;5;19;1655;1;1;6;1;3;220;AVENUE DE LA REPUBLIQUE;M;4841629;146417;280
201400021845;14;5;23;1325;1;2;9;1;6;85;HALLES (PLACE DES);M;4844421;148769;280
201400021846;14;5;23;1900;1;1;1;1;4;229;1.000, RN 1154;M;4844633;143747;280
201400021847;14;5;25;1508;1;2;1;1;6;85;FRANCOIS MITTERAND (rue);M;4843686;151094;280
201400021848;14;5;28;1815;1;2;1;2;7;85;44, CLEMENCEAU (BOULEVAR;M;4844669;149400;280
201400021849;14;6;4;1920;1;1;3;1;6;229;1.000, RD24;M;4845065;144370;280
201400021850;14;6;6;830;1;2;2;1;3;218;LECLERC (RUE DU MARECHAL;M;4843097;146386;280
201400021851;14;6;6;1940;1;1;3;1;2;229;D939;;;;280
201400021852;14;6;10;1400;1;2;6;1;6;220;81, LEPINE (fran?ois);M;4842709;146316;280
201400021853;14;6;10;1910;1;2;1;1;2;218;1.000, LECLERC (RUE DU M;M;4842507;145554;280
201400021854;14;6;11;1125;1;2;3;1;6;229;1, RENOIR (RUE AUGUSTE);M;4845348;146891;280
201400021855;14;6;13;1330;1;2;7;1;2;85;MORARD (PLACE);M;4844522;149653;280
201400021856;14;6;14;1450;1;2;1;1;4;110;RN 123 (ROCADE);M;4842140;151117;280
201400021857;14;6;20;2350;5;2;1;1;2;85;30, SAINT PIERRE (RUE);M;4844469;149173;280
201400021858;14;6;22;2035;1;2;1;1;6;229;MARCHE (PLACE DU);M;4845099;146288;280
201400021859;14;6;21;1750;1;2;1;1;3;85;36, ALLONNES (RUE D');M;4843390;150775;280
201400021860;14;6;27;825;1;2;1;1;2;229;33, COUBERTIN (RUE PIERR;M;4844701;146899;280
201400021861;14;6;28;1945;1;2;1;2;2;85;BOURGNEUF (RUE DU);M;4846051;148301;280
201400021862;14;7;6;2045;1;2;1;1;4;85;20, RENOUARD SAINT LOUP;M;4843884;148850;280
201400021863;14;7;8;2145;2;2;1;3;6;209;52, LONGSAULT(RUE);M;4846882;149064;280
201400021864;14;7;16;1455;1;2;2;1;3;85;RESERVOIRS (RUE - IMPASS;M;4843693;148967;280
201400021865;14;7;17;1840;1;2;1;1;3;218;61 BIS, REPUBLIQUE (RUE;M;4843949;146153;280
201400021866;14;7;18;1735;1;2;9;1;3;85;1, PROUST (AVENUE MARCEL;M;4845210;152685;280
201400021867;14;7;17;1605;1;2;1;1;6;218;10, ARCADES (PLACE DES);M;4843640;144722;280
201400021868;14;7;21;1720;1;2;6;1;3;85;VIEUX CAPUCINS (rue des);M;4843800;148853;280
201400021869;14;7;23;1610;1;2;1;1;3;209;1.000, HOCHE ALLARD (rue;M;4847023;148027;280
201400021870;14;7;24;1435;1;1;1;1;6;85;HUGO (AVENUE VICTOR);M;4844665;153485;280
201400021871;14;7;24;1650;1;1;1;1;6;209;1, Mousseau (Rue du);M;4848849;144810;280
201400021872;14;7;25;1740;1;2;2;1;3;85;8, CHANZY (RUE ET ROND P;M;4843740;148465;280
201400021873;14;7;29;1325;1;2;1;1;6;85;VIOLETTE (BOULEVARD MAUR;M;4844544;148355;280
201400021874;14;8;6;1435;1;2;1;8;7;218;113, REPUBLIQUE (AVENUE;M;4843866;145656;280
201400021875;14;8;7;1825;1;2;1;2;7;85;44, FOCH (BOULEVARD DU M;M;4845014;149186;280
201400021876;14;8;9;1900;1;2;1;1;6;229;45, LIBERATION (RUE DE L;M;4845400;145890;280
201400021877;14;8;10;1130;1;2;1;2;3;218;59, REPUBLIQUE (RUE DE L;M;4843957;146202;280
201400021878;14;8;16;1230;1;2;9;1;1;220;23, AVENUE DE LA REPUBLI;M;4842722;147268;280
201400021879;14;8;10;145;5;2;1;2;6;85;3, ANE REZ (RUE DE L');M;4844427;149328;280
201400021880;14;8;23;2020;1;2;1;1;3;85;97, MAUNOURY (RUE DU DOC;M;4843969;148210;280
201400021881;14;8;29;1730;1;1;1;1;2;110;RN 123 (ROCADE);M;4841549;149243;280
201400021882;14;9;2;1250;1;2;8;1;6;85;1, NICOLE (RUE);M;4844766;148130;280
201400021883;14;9;3;2220;3;1;1;1;6;229;RD24;M;4845100;144296;280
201400021884;14;9;4;820;1;2;1;1;7;85;33, FAUBOURG LA GRAPPE (;M;4844324;149905;280
201400021885;14;9;4;2040;5;2;1;1;6;85;56, COURTILLE (BOULEVARD;M;4844457;149626;280
201400021886;14;9;5;820;1;2;1;8;3;85;46, MAUNOURY (RUE DU DOC;M;4844091;148264;280
201400021887;14;9;5;1225;1;2;3;8;6;85;GILBERT (RUE VICTOR);M;4844026;149113;280
201400021888;14;9;5;1615;1;2;3;1;3;85;46, ORLEANS (AVENUE D');M;4843076;151068;280
201400021889;14;9;6;1120;1;2;1;1;7;85;14, PERRIERS (RUE DES);M;4843457;149205;280
201400021890;14;9;8;1230;1;1;1;1;7;229;D121.5;M;4846591;144065;280
201400021891;14;9;9;1940;1;2;1;1;2;85;98, FAUBOURG LA GRAPPE (;M;4843792;150391;280
201400021892;14;9;7;700;2;2;2;1;6;85;10, FOCH (BOULEVARD DU M;M;4844756;149340;280
201400021893;14;9;12;2010;2;2;1;1;6;85;FAUBOURG LA GRAPPE (RUE;;;;280
201400021894;14;9;14;2130;5;2;1;1;6;85;68, SOUVENIR FRANCAIS (R;M;4844402;150431;280
201400021895;14;9;13;1655;1;2;1;1;5;85;ARAGO (RUE FRANCOIS);M;4843212;151893;280
201400021896;14;9;12;1830;1;2;1;1;3;85;SAINT BRICE (RUE);M;4843383;149297;280
201400021897;14;2;24;1745;1;2;1;1;7;232;PLACE VERDUN;M;4606698;391447;420
201400021898;14;9;28;1300;1;1;1;1;6;49;;M;4614676;390029;420
201400021899;14;2;20;1115;1;1;2;1;3;220;;M;4612465;393131;420
201400021900;14;5;10;1800;1;1;1;1;7;3;Le Moulin Juste;M;4608989;390503;420
201400021901;14;5;27;1100;1;1;1;1;3;232;;M;4606385;392452;420
201400021902;14;5;30;1615;1;1;1;7;1;257;;M;4620358;380466;420
201400021903;14;7;7;930;1;1;1;2;6;49;;M;4614040;389975;420
201400021904;14;7;9;1345;1;1;1;2;6;182;;M;4605571;390586;420
201400021905;14;7;15;930;1;2;2;1;5;233;;M;4606707;392185;420
201400021906;14;9;6;1630;1;2;1;7;1;253;Chemin des Saules;M;4603651;400260;420
201400021907;14;9;8;815;2;1;1;1;7;182;;M;4604053;386832;420
201400021908;14;9;11;1215;1;1;2;7;3;49;;M;4613830;389437;420
201400021909;14;10;8;1845;2;2;1;1;3;253;592 route de rensaison;M;4604267;400126;420
201400021910;14;10;8;1315;1;1;1;1;6;3;;M;4612108;389861;420
201400021911;14;12;9;1215;1;1;1;1;6;253;;M;4603613;401196;420
201400021912;14;12;26;1230;1;1;1;8;5;220;;M;4612503;393061;420
201400021913;14;1;3;1330;1;2;1;1;2;134;17, VIEUX PRE (PLACE DU);;;;280
201400021914;14;9;30;945;1;1;1;1;2;404;RN 154;M;4870884;136986;280
201400021915;14;1;9;1640;1;2;1;1;6;134;2, FENOTS (AVENUE DES);;;;280
201400021916;14;10;5;2015;5;2;1;1;2;404;BREZOLLES (ROUTE DE);;;;280
201400021917;14;10;9;1920;2;2;1;1;3;134;91, NUISEMENT (RUE DE);M;4871894;137526;280
201400021918;14;2;3;820;1;2;2;1;6;404;DE GAULLE (ROND POINT CH;M;4871193;135995;280
201400021919;14;11;7;1055;1;2;1;1;1;643;75, BUREAU (RUE SUZANNE);;;;780
201400021920;14;2;6;650;2;2;1;1;6;134;31, DUNANT (RUE HENRI);M;4873753;139348;280
201400021921;14;11;8;1800;5;2;1;1;3;134;24, LIVRAINDIERES (RUE D;M;4874838;136097;280
201400021922;14;11;21;1835;5;2;1;1;6;134;17, MARCEAU (AVENUE DU G;M;4872578;136629;280
201400021923;14;3;11;1815;1;2;6;1;2;134;72, SAINT THIBAULT (RUE);;;;280
201400021924;14;12;3;1600;1;2;3;1;3;134;MARCEAU (AVENUE DU GENER;M;4872428;136607;280
201400021925;14;3;20;2005;2;2;3;1;3;134;POTEZ (RUE HENRY);M;4875059;136091;280
201400021926;14;12;28;1150;1;2;1;1;1;134;ISAACS (RUE SAM);M;4874665;138291;280
201400021927;14;3;23;640;1;2;1;1;7;404;LIBERTE (AVENUE DE LA);M;4872947;132677;280
201400021928;14;3;29;2350;3;1;1;1;3;404;RN 154;M;4870474;137218;280
201400021929;14;3;30;545;5;2;1;1;3;134;RN 12 (CARREFOUR DELISLE;M;4874598;136838;280
201400021930;14;4;4;635;3;1;1;1;1;134;RN 12 (DESCENTE ET PONT;M;4874648;138101;280
201400021931;14;4;7;1355;1;2;1;1;6;134;18, EUROPE (BOULEVARD DE;M;4873967;134588;280
201400021932;14;4;7;1230;1;2;1;1;2;134;73, HAUTS BUISSONS (RUE;M;4875366;133126;280
201400021933;14;4;9;1725;1;2;8;1;3;134;0, SAINT THIBAULT (RUE);M;4873333;134713;280
201400021934;14;5;7;1445;1;2;1;1;5;134;0, EPARGES (RUE DES);M;4873240;137174;280
201400021935;14;5;7;1830;1;2;1;1;2;134;7, VERNOUILLET (RUE DE);M;4873078;136409;280
201400021936;14;5;19;1445;1;2;1;1;2;134;124, SAINT THIBAULT (RUE;M;4873332;135516;280
201400021937;14;5;23;530;2;2;9;1;3;134;111, RN 12 (ARCHE DU GAZ;M;4874291;133761;280
201400021938;14;6;3;1200;1;2;6;1;3;404;DE GAULLE (ROND POINT CH;M;4871187;136035;280
201400021939;14;6;6;1410;1;2;1;1;6;134;0, HARICOT (RUE LEON);M;4873238;138070;280
201400021940;14;6;13;1250;1;2;1;1;6;134;70, SAINT THIBAULT (RUE);M;4873469;136001;280
201400021941;14;6;17;800;1;1;1;1;3;134;RN 12 (CARREFOUR DELISLE;M;4874541;139172;280
201400021942;14;6;18;1200;1;2;2;1;3;404;FRANCOIS MITTERAND (AVE);M;4870916;135803;280
201400021943;14;6;21;1620;1;2;1;1;3;134;, GARENNE (RUE DE LA);M;4875842;135652;280
201400021944;14;6;22;1800;1;2;1;1;6;134;40, KENNEDY (AVENUE DU P;M;4873045;137912;280
201400021945;14;7;4;655;1;2;2;1;3;134;GAULTS (RUE DES);M;4873648;137218;280
201400021946;14;7;7;1745;1;2;1;1;3;404;55, CHARTRES (AVE DE);M;4871598;136735;280
201400021947;14;7;17;1250;1;2;6;1;3;134;2, ROND POINT DES BATES;M;4873755;135712;280
201400021948;14;7;21;1310;1;2;1;1;7;134;33, DUNANT (RUE HENRI);M;4873746;139291;280
201400021949;14;7;23;1230;1;2;1;1;6;134;2, MELSUNGEN  (AVENUE DE;M;4873063;136517;280
201400021950;14;8;1;1850;1;1;1;1;3;404;RN 154;M;4872091;138357;280
201400021951;14;8;8;2205;3;1;1;2;7;404;RN 154;M;4870050;137453;280
201400021952;14;9;4;110;5;2;1;1;2;134;31, FENOTS (AVENUE DES);M;4874032;134902;280
201400021953;14;9;5;1240;1;2;1;1;1;134;0, PASTEUR (BOULEVARD);M;4873452;137612;280
201400021954;14;9;15;1655;1;2;1;1;6;134;34, SAINT THIBAULT (RUE);M;4873589;136169;280
201400021955;14;1;9;1845;3;1;1;1;5;512;;M;0;0;710
201400021956;14;3;13;115;3;1;9;1;2;52;;M;0;0;710
201400021957;14;6;2;1130;1;1;1;1;6;520;;M;0;0;710
201400021958;14;6;15;2015;1;1;1;1;6;475;;M;0;0;710
201400021959;14;9;8;800;1;1;1;1;2;202;;M;0;0;710
201400021960;14;10;13;930;1;1;1;1;2;512;;M;0;0;710
201400021961;14;12;5;930;1;1;1;2;2;527;RD 317;M;4900720;249010;950
201400021962;14;2;27;745;2;1;2;3;3;347;;M;4903120;-73278;140
201400021963;14;7;6;845;1;1;1;2;6;129;;M;4896370;-93920;140
201400021964;14;9;6;2115;3;1;2;1;3;347;RD 107 / RD 577 JURQUES;M;4903120;-73278;140
201400021965;14;9;21;1940;2;1;1;1;1;532;LE MESNIL LE RECULEY;M;4889990;-83877;140
201400021966;14;2;1;745;1;1;1;7;2;188;;M;4852583;-289437;220
201400021967;14;2;20;1115;1;1;1;1;6;67;;M;4854909;-316294;220
201400021968;14;2;27;1115;1;1;1;4;7;135;;M;4856737;-331058;220
201400021969;14;3;28;1530;1;1;1;3;7;4;;M;4861765;-329226;220
201400021970;14;4;2;1700;1;1;1;1;6;5;;M;4855103;-339099;220
201400021971;14;4;16;1400;1;1;1;1;7;304;;M;4853612;-303524;220
201400021972;14;5;3;2300;3;1;9;1;6;225;belle vue PAS DOSSIER;M;4855235;-312955;220
201400021973;14;5;24;1400;1;1;1;8;7;182;LA BRAGUETTE;M;4853132;-293580;220
201400021974;14;8;6;1315;1;1;1;1;7;225;;M;4855208;-311796;220
201400021975;14;9;13;2030;2;1;1;1;6;251;;M;4853490;-285016;220
201400021976;14;9;24;1400;1;1;1;1;6;225;;M;4855160;-313356;220
201400021977;14;12;3;1830;3;1;4;2;4;225;;M;4854361;-308338;220
201400021978;14;12;31;830;1;1;1;9;6;372;;M;4852241;-287348;220
201400021979;14;2;3;845;1;1;1;1;6;341;pas dossier geo;M;4839369;-239876;220
201400021980;14;2;27;1000;1;1;1;1;4;44;Les Landes;M;4847586;-258151;220
201400021981;14;3;1;1230;1;1;9;1;6;193;;M;4842020;-243884;220
201400021982;14;3;31;1115;1;1;1;1;7;327;;M;4848502;-204179;220
201400021983;14;6;4;415;3;1;1;2;7;259;;M;4845833;-207595;220
201400021984;14;6;21;1745;1;1;1;1;6;185;PAS DOSSIER GEO;M;4842621;-245758;220
201400021985;14;6;30;1330;1;1;1;1;5;93;;M;4846745;-254884;220
201400021986;14;7;6;30;3;1;1;3;6;193;;M;4842354;-245327;220
201400021987;14;7;15;1415;1;1;1;1;6;213;;M;4853490;-201152;220
201400021988;14;7;28;1045;1;1;1;1;7;193;;M;4842245;-245181;220
201400021989;14;7;20;1715;1;1;1;1;6;337;;M;4835346;-230263;220
201400021990;14;8;8;2215;1;1;1;1;6;20;;M;4829287;-221730;220
201400021991;14;10;28;720;3;1;1;5;6;339;;M;4847083;-205481;220
201400021992;14;11;5;845;1;1;1;3;4;93;La Ville es Lan;M;4846662;-254734;220
201400021993;14;11;23;500;3;1;1;3;6;97;la tombe;M;4842739;-217550;220
201400021994;14;12;8;945;1;1;1;1;7;93;;M;4846114;-253860;220
201400021995;14;12;9;430;3;1;1;9;6;305;;M;4827017;-215464;220
201400021996;14;12;13;445;3;1;9;3;6;93;;M;4846831;-255005;220
201400021997;14;12;15;845;1;1;1;2;2;389;;M;4847966;-267094;220
201400021998;14;1;21;715;3;1;1;1;4;179;;M;4848084;-430280;290
201400021999;14;2;25;1415;1;1;1;1;7;68;;M;4855110;-396233;290
201400022000;14;3;12;1700;1;1;1;1;7;75;;M;0;0;290
201400022001;14;4;9;1545;1;1;1;1;7;266;;M;4852125;-394684;290
201400022002;14;4;16;800;1;1;1;1;7;245;;M;4845369;-433553;290
201400022003;14;6;10;400;3;1;1;1;1;105;;M;4851823;-404155;290
201400022004;14;6;18;930;1;1;1;7;7;266;;M;4852681;-395256;290
201400022005;14;8;28;1300;1;1;1;1;6;75;;M;4843598;-440070;290
201400022006;14;9;7;1730;1;1;1;1;6;245;;M;4845369;-433553;290
201400022007;14;10;5;230;3;1;1;1;6;264;;M;4851154;-415433;290
201400022008;14;10;17;2315;3;1;1;1;6;68;;M;4855110;-396233;290
201400022009;14;10;21;1515;3;1;1;1;6;199;;M;4856761;-370135;290
201400022010;14;11;6;1230;1;1;1;2;7;75;;M;4843598;-440070;290
201400022011;14;12;9;530;3;1;9;2;6;183;bourg;M;4862076;-367413;290
201400022012;14;12;15;830;2;1;1;1;4;61;bourg;M;4845133;-446899;290
201400022013;14;12;17;1745;3;1;1;2;6;61;vieux bourg;M;4845133;-446899;290
201400022014;14;5;3;800;1;1;1;1;2;302;;M;4825439;-408964;290
201400022015;14;3;16;1230;1;2;2;1;1;215;VC721/VC1-RUE TRINITE;M;4799207;-443088;290
201400022016;14;6;28;1515;1;1;1;1;2;20;;M;4810239;-399989;290
201400022017;14;7;29;845;1;1;1;1;6;20;;M;4810239;-399989;290
201400022018;14;3;3;530;3;1;1;2;3;139;;M;4799003;-169542;350
201400022019;14;3;16;1445;1;1;9;1;7;124;;M;4774513;-171483;350
201400022020;14;3;29;800;1;1;1;1;6;231;;M;4791967;-167945;350
201400022021;14;4;13;2215;3;1;1;1;2;139;;M;0;0;350
201400022022;14;6;13;1000;1;1;1;1;6;139;;M;4797886;-169548;350
201400022023;14;6;25;1000;1;1;1;1;4;206;;M;4807189;-167609;350
201400022024;14;9;16;800;2;1;1;5;2;66;;M;4804229;-168522;350
201400022025;14;12;7;845;1;1;1;1;6;231;;M;4788671;-169021;350
201400022026;14;7;22;1445;1;1;1;1;3;152;;M;4823539;-147836;350
201400022027;14;11;16;2200;3;1;1;8;2;356;;M;4824194;-176032;350
201400022028;14;1;24;1925;2;1;1;2;1;109;;M;4612280;589782;10
201400022029;14;3;26;2100;5;2;1;1;6;401;181 RUE DES PRESLES;;;;10
201400022030;14;4;5;2100;3;1;1;1;1;354;;M;4624450;603851;10
201400022031;14;4;7;1730;1;2;1;1;1;308;;M;4613900;595116;10
201400022032;14;7;9;1330;1;1;1;1;6;209;;M;4609190;586803;10
201400022033;14;5;16;1;3;1;1;1;6;401;RUE DU MONT BLANC;;;;10
201400022034;14;7;3;2115;1;2;1;1;3;78;ROUTE DE LA PLAINE;;;;10
201400022035;14;9;25;1315;1;2;1;1;1;109;RD 884;;;;10
201400022036;14;9;26;1845;1;2;1;1;3;135;ROUTE AVOUZON;;;;10
201400022037;14;10;18;2030;5;2;1;1;1;401;1510 RUE DU JURA;;;;10
201400022038;14;10;22;945;1;1;1;1;6;354;;M;4625440;604208;10
201400022039;14;11;5;1445;1;1;1;2;7;354;;M;4625200;604549;10
201400022040;14;7;5;830;1;1;1;8;3;209;;;;;10
201400022041;14;9;23;1800;1;2;1;1;3;78;ROUTE DE LA PLAINE;M;4618050;598379;10
201400022042;14;9;27;1745;1;1;1;1;6;354;;;;;10
201400022043;14;10;11;1345;1;1;1;8;6;109;;;;;10
201400022044;14;1;11;1800;3;1;1;1;1;138;;M;4951323;572806;540
201400022045;14;1;13;715;3;1;1;5;7;514;;M;4950396;562978;540
201400022046;14;4;25;1930;1;1;1;1;1;378;;M;4947395;566549;540
201400022047;14;5;20;1700;1;2;1;1;6;151;29 route de chenieres;M;4947954;575102;540
201400022048;14;6;3;830;1;1;1;1;1;428;;M;4943100;569600;540
201400022049;14;6;20;1215;1;2;1;1;7;322;RUE DE LONGWY  D618;M;4945237;560134;540
201400022050;14;7;6;2345;3;1;1;8;6;322;;M;4946059;559459;540
201400022051;14;7;13;1030;1;2;1;1;6;322;rue marechal Joffre;M;4945300;560300;540
201400022052;14;7;20;1915;1;2;1;1;7;322;RD643;M;4944387;560426;540
201400022053;14;9;26;2130;3;2;1;1;6;134;Avenue antioche;M;4945751;555885;540
201400022054;14;10;5;230;5;2;1;1;1;476;RUE DU 1ER BCP;M;4945591;546916;540
201400022055;14;10;15;1545;1;1;1;1;5;537;;M;4945812;571357;540
201400022056;14;3;3;1915;3;1;1;1;6;283;;M;0;0;670
201400022057;14;3;18;1715;1;1;1;1;6;6;;M;0;0;670
201400022058;14;8;4;30;3;1;1;1;6;161;;M;0;0;670
201400022059;14;5;22;1315;1;2;1;8;6;106;avenue de l' europe;M;4929651;655166;570
201400022060;14;4;22;1730;1;2;1;1;6;48;RD559 - Le Resto;M;0;0;830
201400022061;14;5;31;2215;5;1;1;1;1;36;;M;4331300;691300;830
201400022062;14;7;30;1830;1;2;1;7;1;152;4 avenue Courmes;M;4315400;648600;830
201400022063;14;9;8;1815;1;1;1;1;1;152;;M;4315000;645000;830
201400022064;14;9;20;15;3;1;1;1;6;36;;M;4319700;654700;830
201400022065;14;9;27;145;5;2;1;1;7;36;395 promenade de la Mer;M;0;0;830
201400022066;14;1;5;1900;5;2;1;4;6;62;Departementale D29;M;4445950;674276;40
201400022067;14;8;17;400;3;1;1;1;6;86;;M;4440300;670600;40
201400022068;14;1;11;1115;1;1;9;2;6;285;Le Sévéroué;M;4776338;-194075;350
201400022069;14;2;12;130;3;1;1;1;1;129;;M;4787963;-187599;350
201400022070;14;5;2;2130;3;1;1;1;6;129;;M;4787877;-185453;350
201400022071;14;5;22;1000;1;1;1;2;3;285;;M;4776236;-193945;350
201400022072;14;6;18;1945;1;2;1;1;6;57;Rue du Plat d'Or;M;4792836;-194174;350
201400022073;14;7;30;545;2;1;1;1;6;168;;M;4791195;-208012;350
201400022074;14;7;30;1515;1;1;1;1;3;129;La Bimais;M;4781176;-185068;350
201400022075;14;8;4;1600;1;1;1;1;1;219;;M;4778217;-192783;350
201400022076;14;8;7;230;4;2;1;2;6;219;60 rue Pasteur;M;4780900;-195352;350
201400022077;14;8;8;700;1;1;1;2;7;129;;M;4788229;-187519;350
201400022078;14;11;27;1415;1;1;2;1;3;219;La Croix Belle à Pied;M;4783009;-197019;350
201400022079;14;12;31;915;1;1;1;5;5;311;;M;4784602;-202410;350
201400022080;14;7;8;1915;1;1;1;2;6;100;;M;0;0;860
201400022081;14;8;2;1615;1;1;1;1;6;91;;M;0;0;860
201400022082;14;10;27;615;2;1;1;5;4;56;;M;0;0;860
201400022083;14;2;13;1545;1;1;1;4;5;634;;M;4714850;469973;210
201400022084;14;2;28;2200;3;1;1;2;7;214;;M;0;0;210
201400022085;14;4;7;815;1;1;1;1;2;634;;M;0;0;210
201400022086;14;5;6;1400;1;1;1;1;7;214;;M;0;0;210
201400022087;14;5;19;630;1;1;1;1;6;449;;M;0;0;210
201400022088;14;7;17;445;3;1;1;1;2;633;;M;0;0;210
201400022089;14;8;11;1030;1;1;1;1;7;449;;M;0;0;210
201400022090;14;8;23;2345;3;1;1;1;6;282;;M;0;0;210
201400022091;14;8;26;2045;3;1;1;2;6;214;;M;0;0;210
201400022092;14;9;12;115;3;1;1;1;2;501;;M;0;0;210
201400022093;14;9;30;115;3;1;1;1;7;87;;M;0;0;210
201400022094;14;10;11;1515;1;1;1;1;7;73;;M;0;0;210
201400022095;14;10;12;1445;1;1;1;3;6;676;;M;;;210
201400022096;14;10;31;2130;3;1;1;1;3;529;;M;0;0;210
201400022097;14;5;10;1700;1;1;1;1;1;153;;M;0;0;860
201400022098;14;7;14;1630;1;2;1;1;6;140;RUE DE L ETANG;M;0;0;860
201400022099;14;9;13;1130;1;1;1;1;6;77;;M;0;0;860
201400022100;14;7;25;1200;1;1;6;1;6;71;;M;4631800;606429;10
201400022101;14;9;8;1645;1;2;1;1;6;173;82 RUE CHARLES HARENT;;;;10