num_acc;an;mois;jour;hrmn;lum;agg;int;atm;col;com;adr;gps;lat;long;dep
201400022102;14;9;24;1630;1;2;1;8;3;143;RD15-FRONTIERE CHAVANNE;M;4634600;615184;10
201400022103;14;10;7;1445;1;1;1;3;1;143;;M;4635930;611749;10
201400022104;14;10;18;2130;5;1;6;1;7;103;;;;;10
201400022105;14;11;11;1615;1;1;1;8;1;180;;;;;10
201400022106;14;1;8;1730;1;1;1;1;6;216;D 987 - LIEUDIT MALET;M;4452110;282237;120
201400022107;14;3;20;1850;1;1;1;1;6;201;RD 20;M;4449670;266909;120
201400022108;14;8;14;1415;1;1;1;1;3;201;;M;0;0;120
201400022109;14;8;16;1715;1;1;1;1;1;120;;M;0;0;120
201400022110;14;11;28;1245;1;1;1;3;6;131;;M;0;0;120
201400022111;14;12;24;1900;3;1;1;5;6;276;;M;0;0;120
201400022112;14;3;14;1500;1;2;1;1;1;396;CD 817;M;4344900;-67100;640
201400022113;14;5;29;1230;1;2;6;1;1;410;AV DU BOURG D33;M;4338800;-61100;640
201400022114;14;6;11;1645;1;1;1;1;2;396;;M;4344600;-66700;640
201400022115;14;6;30;1215;1;1;1;1;3;57;;M;4349300;-61100;640
201400022116;14;7;4;1745;1;1;1;1;2;382;;M;0;0;640
201400022117;14;6;21;1230;1;1;1;1;3;22;;M;4783180;738015;680
201400022118;14;6;5;1330;1;2;1;1;3;300;RUE JEAN DE LA FONTAINE;M;4777894;736819;680
201400022119;14;9;17;1;1;1;1;1;2;300;;M;4778275;742487;680
201400022120;14;1;6;1230;1;2;1;1;7;194;;M;4598720;475712;10
201400022121;14;3;18;945;1;2;1;1;3;238;86 RTE DE CIVRIEUX;M;4590630;482559;10
201400022122;14;6;1;2000;1;1;9;1;3;194;;M;4597710;475664;10
201400022123;14;6;30;1045;1;1;1;1;3;157;;M;4602960;475425;10
201400022124;14;9;6;2345;5;2;1;1;6;358;RD 6;M;4850057;153584;280
201400022125;14;1;2;1325;1;2;1;1;3;19;0, CLEMENCEAU GEORGES (D;M;4839070;-448715;290
201400022126;14;1;6;1700;1;2;1;6;6;19;GUYNEMER CAPITAINE (DE 1;M;4839567;-446408;290
201400022127;14;1;10;705;5;2;1;1;3;19;BACH JEAN SEBASTIEN;M;4839209;-452331;290
201400022128;14;1;17;720;5;2;2;1;3;19;D'ESTIENNE D'ORVES;M;4839137;-446148;290
201400022129;14;1;17;1800;2;2;3;2;3;19;., CEZANNE;M;4841361;-447134;290
201400022130;14;1;24;1635;2;2;1;3;2;19;GILOUX YVES (DE 13 A;M;4841502;-448600;290
201400022131;14;1;25;1405;1;2;1;1;6;19;MONTAIGNE (DE 1 A 37 ET;M;4840509;-447823;290
201400022132;14;1;28;940;1;2;1;1;6;19;CONCARNEAU;M;4840587;-445988;290
201400022133;14;1;29;1840;5;2;1;2;6;19;LESVEN JULES (DE 1 A;M;4840536;-447842;290
201400022134;14;2;2;1;5;2;1;2;6;19;., PLYMOUTH (DE 89 A 135;M;4838613;-453243;290
201400022135;14;2;3;1805;2;2;3;2;3;19;QUATRE POMPES (DE 1 A;M;4839039;-448607;290
201400022136;14;2;14;1120;1;2;1;6;6;19;16, DEUXIEME DB;M;4839039;-448607;290
201400022137;14;2;14;1305;1;2;1;6;6;19;REPUBLIQUE 19 ET 30 A F;M;4839015;-447740;290
201400022138;14;2;16;1515;1;2;3;1;3;19;REVEILLERE AMIRAL JARDIN;M;4838670;-448442;290
201400022139;14;2;17;2018;5;2;1;2;3;19;32, LOUPPE ALBERT;M;4840329;-446986;290
201400022140;14;2;22;1530;1;2;1;1;6;19;REPUBLIQUE 19 ET 30 A F;M;4839102;-447666;290
201400022141;14;2;27;1005;1;2;1;1;6;19;., DOCTEUR DELALANDE AND;M;4839035;-452693;290
201400022142;14;2;27;1710;1;2;1;2;2;19;SEBASTOPOL;M;4839908;-447101;290
201400022143;14;2;28;750;2;2;3;3;6;19;., COMMANDANT SOMME PY;M;4840378;-448551;290
201400022144;14;3;3;1745;1;2;1;3;4;19;0, TALLIN;M;4838955;-452511;290
201400022145;14;3;7;1845;5;2;1;2;4;19;QUIMPER (154 ET 173 A;M;4839956;-444264;290
201400022146;14;3;13;900;1;2;3;5;3;19;GAMBETTA DE 2 A 64 S;M;4838869;-448027;290
201400022147;14;3;18;1325;1;2;1;1;6;19;";, KERVEZENNEC";M;4841843;-446177;290
201400022148;14;3;18;1535;1;2;1;1;6;19;NORMANDIE;M;4840291;-451001;290
201400022149;14;3;18;2100;5;2;6;1;2;19;VILLENEUVE IMPASSE;M;4841001;-446324;290
201400022150;14;3;21;1740;1;2;3;1;6;19;GOUESNOU DE 1 A 29 E;M;4840539;-446757;290
201400022151;14;3;24;1635;1;2;1;1;1;19;PAULET GENERAL DE 1 A 10;M;4841439;-447505;290
201400022152;14;3;25;710;2;2;6;2;3;19;., ROND POINT Dun Laogha;M;4840067;-449997;290
201400022153;14;3;25;1415;1;2;1;2;3;19;6 FOCH MARECHAL;M;4839299;-448778;290
201400022154;14;3;31;855;1;2;1;1;4;19;6, QUIMPER (DE 1 A 103 E;M;4840241;-446540;290
201400022155;14;4;1;1055;1;2;3;1;3;19;TARENTE;M;4840424;-450911;290
201400022156;14;4;3;1635;1;2;3;1;5;19;PORTMOGUER;M;4839228;-449214;290
201400022157;14;4;3;1710;1;2;1;1;3;19;, LE GORGEU (N29 TOTAL;M;4841006;-451479;290
201400022158;14;4;7;740;2;2;2;2;6;19;, EUROPE (DE 58 A 166 E;M;4841311;-449247;290
201400022159;14;4;8;2030;1;2;2;1;7;19;0, ARMORIQUE (DE 1 A 51;M;4838526;-449912;290
201400022160;14;4;9;1020;1;2;1;1;3;19;., TRITSCHLER;M;4838827;-445970;290
201400022161;14;4;10;1750;1;2;3;1;3;19;PRIGENT TANGUY (DE MESNO;M;4839763;-453062;290
201400022162;14;4;11;1805;1;2;1;1;6;19;67, KERMARIA (DE 33 A 83;M;4841690;-448465;290
201400022163;14;4;15;1550;1;2;2;1;3;19;0, PEN AR CH'LEUZ;M;4841511;-447976;290
201400022164;14;4;17;1920;1;2;1;1;3;19;0, VILLENEUVE (RUE);M;4841012;-446254;290
201400022165;14;4;17;1930;1;2;1;1;6;19;83, ROBESPIERRE (DE 33 A;M;4840799;-449068;290
201400022166;14;4;24;2030;5;2;1;2;6;19;13, DUC D'AUMALE;M;4840122;-450505;290
201400022167;14;4;27;1705;1;2;3;1;3;19;., BALZAC HONORE DE;M;4839025;-448616;290
201400022168;14;5;1;1300;1;2;3;1;3;19;35, EUSEN VICTOR;M;4838005;-453357;290
201400022169;14;5;4;1855;1;2;1;1;3;19;EUROPE (DE 37 A 47);M;4841319;-448750;290
201400022170;14;5;12;1425;1;2;9;1;6;19;LIBERTE PLACE DE LA;M;4839061;-448478;290
201400022171;14;5;18;2005;1;2;1;1;3;19;0, COLLET YVES (DE 1 A 2;M;4839267;-447941;290
201400022172;14;5;20;825;1;2;2;2;6;19;ROBESPIERRE (96 ET 109 A;M;4841005;-449088;290
201400022173;14;5;20;810;1;2;1;2;3;19;., GOUESNOU (DE 1 A 29 E;M;4841506;-446832;290
201400022174;14;5;22;750;1;2;1;2;1;19;12, GILOUX YVES (DE 13 A;M;4841564;-449122;290
201400022175;14;5;22;1245;1;2;1;2;2;19;171, PAULET GENERAL (DE;M;4842060;-447490;290
201400022176;14;5;25;205;5;2;2;1;3;19;., MARCEAU (DE 1 A 15 ET;M;4840167;-447970;290
201400022177;14;5;26;1640;1;2;1;1;6;19;4, QUIMPER (154 ET 173 A;M;4840262;-446556;290
201400022178;14;5;26;1900;1;2;9;1;3;19;ROUTE DE SAINTE ANNE DU;M;4836171;-455440;290
201400022179;14;6;2;1325;1;2;6;1;3;19;., POULCANASTROC (RUE ET;M;4840489;-449714;290
201400022180;14;6;12;1235;1;2;1;1;6;19;NAPOLEON III (PLACE);M;4840447;-450760;290
201400022181;14;6;13;1700;1;2;3;1;3;19;DUVAL MARCELLIN (DE 1 A;M;4839039;-448607;290
201400022182;14;6;13;1715;1;2;1;1;2;19;13, DOURJACQ;M;4840669;-447489;290
201400022183;14;6;15;635;2;2;1;1;6;19;COLLET YVES (DE 27 ET 28;M;4839140;-448069;290
201400022184;14;6;18;1405;1;2;2;1;3;19;PLANTE GASTON;M;4842741;-446529;290
201400022185;14;6;18;1753;1;2;2;1;3;19;GAY LUSSAC;M;4840706;-449465;290
201400022186;14;6;19;840;1;2;3;1;3;19;RODIN AUGUSTE;M;4839656;-446444;290
201400022187;14;6;20;930;1;2;1;1;6;19;10, DOCTEUR LE NOBLE;M;4839212;-448590;290
201400022188;14;6;20;2225;5;2;3;1;7;19;PARIS ( 33 ET 42 A FIN);M;4840500;-446348;290
201400022189;14;6;23;1845;1;2;6;1;3;19;PAULET GENERAL (DE 1;M;4840680;-447551;290
201400022190;14;6;24;730;1;2;1;1;6;19;12, SAINT POL ROUX;M;4840004;-448148;290
201400022191;14;6;24;1215;1;2;1;1;6;19;DEUXIEME DB;M;4839210;-448311;290
201400022192;14;6;25;1310;1;2;1;1;2;19;EUROPE (DE 13 A 15);M;4841319;-448750;290
201400022193;14;6;27;1155;1;2;6;1;3;19;SALAUN PENQUER;M;4838432;-448403;290
201400022194;14;6;27;2300;5;2;1;1;3;19;COLAS ALAIN (PARTIE O;M;4839031;-444330;290
201400022195;14;6;29;1835;1;2;6;1;3;19;LE GORGEU;M;4840461;-450601;290
201400022196;14;7;2;1355;1;2;1;1;3;19;2, ARCHIVES;M;4839877;-450757;290
201400022197;14;7;4;1655;1;2;1;2;5;19;KERVALGUEN (CHEMIN);M;4845015;-451258;290
201400022198;14;7;8;1325;1;2;2;1;3;19;., BRUAT (DE 1 A 23 ET 2;M;4839658;-448263;290
201400022199;14;7;8;2330;5;2;7;1;3;19;Albert 1er;M;4839759;-448935;290
201400022200;14;7;16;1640;1;2;1;1;1;19;5, MORVAN AUGUSTIN;M;4839182;-448712;290
201400022201;14;7;18;1445;1;2;1;1;2;19;PEN AR CH'LEUZ;M;4841405;-447933;290
201400022202;14;7;19;1630;1;2;2;1;6;19;., DUPLEIX;M;4839283;-448318;290
201400022203;14;7;23;1000;1;2;1;1;6;19;13, MESSIDOU;M;4840192;-448134;290
201400022204;14;7;23;1255;1;2;6;7;3;19;., PREMIERE DFL (AVENUE);M;4837604;-455391;290
201400022205;14;7;30;955;1;2;3;1;3;19;BOUGUEN;M;4839716;-449744;290
201400022206;14;7;30;2040;1;1;1;1;2;19;0, RN 12 (PEN AR CH'LEUZ;M;4839039;-448607;290
201400022207;14;8;2;835;1;2;1;1;6;19;0, PICASSO PABLO;M;4841587;-447376;290
201400022208;14;8;5;1810;1;2;3;1;3;19;., HEMON LOUIS;M;4838733;-449213;290
201400022209;14;8;7;1110;1;2;1;1;2;19;., LE GORGEU (SANS N? EN;M;4840461;-450601;290
201400022210;14;8;11;1420;1;2;1;1;3;19;80, PAULET GENERAL (DE 1;M;4841047;-447654;290
201400022211;14;8;18;1440;1;2;2;1;3;19;., FRANCE ANATOLE (DE 1;M;4838075;-453063;290
201400022212;14;8;19;1310;1;2;2;1;3;19;., PARIS ( 33 ET 42 A FI;M;4840700;-446037;290
201400022213;14;8;21;820;1;2;1;1;1;19;PRIGENT TANGUY (DE MESNO;M;4839677;-453253;290
201400022214;14;8;22;1900;1;2;1;1;2;19;., TARENTE;M;4840469;-450960;290
201400022215;14;9;1;755;1;2;1;1;2;19;., RN 12;M;4839039;-448607;290
201400022216;14;9;2;1135;1;2;1;1;6;19;7, TARENTE;;;;290
201400022217;14;9;5;750;1;2;2;1;3;19;., MAISSIN;M;4838790;-450338;290
201400022218;14;9;5;825;1;2;1;1;3;19;., BEREST EUGENE;M;4839368;-443454;290
201400022219;14;9;7;1630;1;2;1;1;3;19;59, MONTAIGNE (DE 39 A 1;M;4840246;-448144;290
201400022220;14;9;10;755;1;2;6;1;6;19;., QUIMPER (DE 1 A 103 E;M;4840088;-445133;290
201400022221;14;9;11;1033;1;2;1;1;6;19;0, SARTHE;M;4838388;-449039;290
201400022222;14;9;11;1300;1;2;1;1;3;19;0, VILLENEUVE (RUE);M;4841004;-446289;290
201400022223;14;9;1;1925;1;2;1;1;2;19;., LE GORGEU (SANS N? EN;M;4840461;-450601;290
201400022224;14;9;15;800;1;2;3;1;2;19;MONTAIGNE (DE 1 A 37 ET;M;4840328;-448087;290
201400022225;14;9;18;2015;2;2;2;1;3;19;., FRANCE ANATOLE (DE 1;M;4838289;-451791;290
201400022226;14;9;19;1735;1;2;3;1;6;19;., VAUBAN (DE 1 A 23 ET;M;4838489;-450096;290
201400022227;14;9;22;1053;1;2;3;1;3;19;., TARENTE;M;4840469;-450960;290
201400022228;14;9;23;1205;1;2;2;1;6;19;., BLUM LEON;M;4840559;-448466;290
201400022229;14;9;23;1700;1;2;3;1;6;19;MAGENTA;M;4839778;-447281;290
201400022230;14;9;26;755;2;2;1;1;3;19;18, COLLET YVES (DE 1 A;M;4839124;-448143;290
201400022231;14;9;26;1830;1;2;1;2;4;19;QUIMPER (DE 1 A 103 ET 2;M;4840088;-445133;290
201400022232;14;9;28;1020;1;2;2;1;3;19;., THOMAS ALBERT;M;4840268;-449440;290
201400022233;14;9;29;1330;1;2;1;1;2;19;207, RUE HUNDERTWASSER;M;4838884;-453722;290
201400022234;14;9;29;1550;1;2;1;1;3;19;EUROPE (DE 161 A 199);M;4841319;-448750;290
201400022235;14;10;2;2030;2;2;1;1;3;19;HUGO VICTOR (DE 1 A 17 E;M;4839089;-447895;290
201400022236;14;10;1;750;2;2;2;2;3;19;., LOUPPE ALBERT (DE 1 A;M;4840352;-447229;290
201400022237;14;10;1;1635;1;2;1;1;6;19;GILOUX YVES (DE 13 A 63;M;4841492;-448383;290
201400022238;14;10;2;1910;1;2;1;1;2;19;., TARENTE;M;4840469;-450960;290
201400022239;14;10;4;1400;1;2;3;1;6;19;., PLYMOUTH (DE 89 A 135;M;4838613;-453243;290
201400022240;14;10;5;205;5;2;3;1;3;19;., DONNART MATHIEU (DE 1;M;4839970;-448600;290
201400022241;14;10;6;1725;1;2;2;1;3;19;., GOUESNOU (DE 1 A 29 E;M;4841515;-446823;290
201400022242;14;10;7;1535;1;2;6;1;3;19;., PEN AR CH'LEUZ (ROND;M;4841405;-447933;290
201400022243;14;10;7;1610;1;2;1;1;6;19;., ROOSEVELT FRANKLIN (A;M;4838225;-449012;290
201400022244;14;10;11;220;4;2;6;8;6;19;PEN AR CH'LEUZ (ROND POI;M;4841405;-447933;290
201400022245;14;10;11;1515;1;2;1;1;2;19;PEN AR CH'LEUZ (ROND POI;M;4841405;-447933;290
201400022246;14;10;15;1215;1;2;1;2;6;19;BLUM LEON;;;;290
201400022247;14;10;16;920;1;2;1;9;3;19;ROBESPIERRE (96 ET 109 A;M;4841005;-449088;290
201400022248;14;10;20;1740;1;2;2;1;6;19;56, DUVAL MARCELLIN (DE;M;4841685;-448731;290
201400022249;14;10;21;1610;1;2;1;1;2;19;., LE GROS CHARLES (DE 1;M;4842477;-446038;290
201400022250;14;10;22;2145;4;2;1;1;7;19;SIAM (DE 46 A 82 ET 49 A;M;4838725;-449019;290
201400022251;14;10;24;925;1;2;1;2;6;19;QUIMPER (DE 1 A 103 ET 2;M;4840088;-445133;290
201400022252;14;10;24;1545;1;2;1;1;3;19;., LE GORGEU (N?29 (TOTA;M;4840461;-450601;290
201400022253;14;10;28;745;1;2;1;1;4;19;109, GOUESNOU (DE 43 A 2;M;4841180;-446836;290
201400022254;14;10;28;1330;1;2;1;1;2;19;PEN AR CH'LEUZ (ROND POI;M;4841405;-447933;290
201400022255;14;10;28;1855;4;2;2;1;2;19;., CLEMENCEAU GEORGES (D;M;4839083;-448715;290
201400022256;14;11;2;1612;1;2;1;8;6;19;7, PARIS (DE 1 A 31 ET 2;M;4799787;-412655;290
201400022257;14;11;3;810;5;2;3;1;6;19;., DURAS MARGUERITE;M;4841787;-449652;290
201400022258;14;11;3;1320;1;2;1;1;7;19;KIEL;;;;290
201400022259;14;11;4;730;2;2;1;2;3;19;8, COLAS ALAIN (PARTIE Z;M;4839318;-444859;290
201400022260;14;11;4;900;1;2;1;1;6;19;., FOCH MARECHAL;M;4839530;-448848;290
201400022261;14;11;5;1820;3;2;3;1;6;19;., VALY HIR (DE 1 A 19 E;M;4838558;-452259;290
201400022262;14;11;5;2015;5;2;6;1;3;19;HUGO VICTOR (DE 1 A 17 E;M;4839089;-447895;290
201400022263;14;11;16;1145;1;2;3;1;3;19;PETIT THOUARS;M;4839039;-448607;290
201400022264;14;11;24;135;5;2;1;3;1;19;., SALAUN PENQUER;M;4838432;-448403;290
201400022265;14;11;29;835;1;2;1;1;6;19;., MIRABEAU;M;4840816;-448683;290
201400022266;14;11;27;715;5;2;1;1;6;19;., LOSCOAT;M;4842355;-449135;290
201400022267;14;11;29;1215;1;2;1;1;2;19;99, MONTAIGNE (DE 98 ET;M;4840441;-447881;290
201400022268;14;11;29;1610;1;2;1;1;6;19;111, ECOLE NAVALE (DE 86;M;4837974;-452689;290
201400022269;14;12;1;1635;1;2;2;1;3;19;., GILLOUX YVES (DE 1 A;M;4841548;-448078;290
201400022270;14;12;2;800;2;2;1;2;6;19;74, GALLIENI GENERAL (DE;M;4839089;-450652;290
201400022271;14;12;4;735;5;2;2;2;6;19;., LANGEVIN PROFESSEUR;M;4840272;-449838;290
201400022272;14;12;7;205;3;2;1;1;6;19;22, LE BORGNE JOSEPH (1;M;4840243;-449025;290
201400022273;14;12;8;845;1;2;2;2;6;19;., GRETRY;M;4841054;-449684;290
201400022274;14;12;8;1100;1;2;1;2;4;19;., SALAUN PENQUER;M;4838474;-448310;290
201400022275;14;12;8;1245;1;2;3;2;2;19;27 BIS, PORTE (DE 1 A 75;M;4838437;-449910;290
201400022276;14;12;10;1815;5;2;7;2;3;19;., ALBERT 1ER;M;4839758;-448906;290
201400022277;14;12;11;1225;1;2;1;1;4;19;., MONTAIGNE (DE 1 A 37;M;4840328;-448087;290
201400022278;14;12;15;805;2;2;6;2;3;19;., PRIGENT TANGUY (RP CA;M;4839549;-453877;290
201400022279;14;12;18;1138;1;2;2;2;6;19;3, BEAUMANOIR;M;4838718;-451392;290
201400022280;14;12;20;1700;1;2;3;1;2;19;., PARIS ( 33 ET 42 A FI;M;4840497;-446357;290
201400022281;14;2;26;1615;1;1;1;3;6;164;;M;4413956;-27585;400
201400022282;14;4;13;1215;1;1;1;1;6;259;;M;4384611;-33537;400
201400022283;14;7;18;1215;1;1;1;1;6;245;;M;4403997;-34317;400
201400022284;14;1;14;1413;1;1;1;1;4;39;VILLENEUVE ( RUE DE LA);M;4789964;-391174;290
201400022285;14;1;18;2230;4;1;1;2;7;39;KERAMPERU ( ROND POINT D;M;4789463;-391401;290
201400022286;14;1;28;608;3;1;1;2;7;39;KERSIMONOU ( CHEMIN DE );M;4793512;-391970;290
201400022287;14;1;27;1815;3;2;1;8;7;39;RD 783;M;4789662;-391200;290
201400022288;14;2;1;1400;1;1;1;2;3;39;RN165 (VE);M;4787283;-392073;290
201400022289;14;2;3;1850;5;2;1;1;6;39;GENERAL DE GAULLE (PLACE;M;4787160;-391901;290
201400022290;14;2;11;1830;1;2;1;1;6;39;118, GARE AVENUE DE LA;M;4788218;-391943;290
201400022291;14;2;15;1;5;2;6;1;1;39;122, GARE AVENUE DE LA;M;4788263;-391923;290
201400022292;14;2;28;1055;1;1;1;6;6;39;STANG AR LIN ( RUE DE);M;4788133;-390531;290
201400022293;14;3;1;1525;1;1;1;1;6;39;TREGUNC RUE DE;M;4786033;-388295;290
201400022294;14;3;17;2000;3;1;6;1;2;39;RD 70 (route d?partement;;;;290
201400022295;14;4;7;1720;1;2;1;1;3;39;PARE ( RUE AMBOISE);M;4786753;-389892;290
201400022296;14;5;8;1245;1;2;1;2;7;39;RD 783 MOROS 'ROND POINT;M;4787974;-390598;290
201400022297;14;5;8;1648;1;2;2;2;1;39;SIMON ( RUE JULES );M;4787283;-392073;290
201400022298;14;5;27;1315;1;2;1;1;6;39;30, DEBUSSY ( RUE CLAUDE;M;4787764;-392437;290
201400022299;14;6;4;1055;1;2;6;1;7;39;1, JAN (RUE ROBERT);M;4787283;-392073;290
201400022300;14;6;19;1045;1;2;1;1;6;39;20, TREGUNC ( RUE DE );M;4786855;-390418;290
201400022301;14;6;20;1340;1;2;1;1;3;39;23, MAISON BLANCHE (LIEU;M;4788965;-391851;290
201400022302;14;6;24;1730;1;1;1;1;7;39;RN165 (VE);M;4787283;-392073;290
201400022303;14;6;25;1840;1;2;1;1;4;39;VILLENEUVE ( RUE DE LA);M;4789727;-391240;290
201400022304;14;7;1;935;1;1;1;2;3;39;RD 44;M;4787283;-392073;290
201400022305;14;7;13;1640;1;2;1;1;7;39;LANRIEC ( RUE DE );M;4786918;-389477;290
201400022306;14;7;21;1330;1;2;1;1;7;39;PENEROFF ( QUAI);M;4787064;-391677;290
201400022307;14;7;25;1130;1;1;2;1;3;39;TRICHARD (RUE YVES);M;4787868;-386993;290
201400022308;14;7;30;1030;1;1;1;1;7;39;STANG BIHAN ( LIEU-DIT);M;4787283;-392073;290
201400022309;14;8;9;1208;1;2;1;1;7;39;JAN (RUE ROBERT);M;4787891;-392427;290
201400022310;14;8;17;2110;3;2;1;1;6;39;16, GUILLOU ( BOULEVARD;M;4787476;-392847;290
201400022311;14;8;20;1408;1;1;1;1;3;39;RD 783;M;4787283;-392073;290
201400022312;14;8;31;825;1;2;1;1;6;39;NEUVE ( RUE);M;4789423;-390559;290
201400022313;14;9;4;1025;1;2;6;1;7;39;01, TREGUNC ( RUE DE );M;4787297;-390540;290
201400022314;14;9;9;1045;1;1;1;1;1;39;RD 44;M;4787283;-392073;290
201400022315;14;9;19;1550;1;2;1;1;6;39;CROIX ( PLACE DE LA );M;4786901;-391757;290
201400022316;14;9;20;405;3;1;1;1;7;39;COLGUEN ( RUE DE);M;4789954;-390940;290
201400022317;14;10;1;1220;1;2;1;2;6;39;MOROS 'ROND POINT DU);M;4787953;-390641;290
201400022318;14;10;1;1520;1;2;3;2;6;39;71, LE LAY ( AVENUE ALAI;M;4787721;-391503;290
201400022319;14;10;4;1120;1;2;1;2;4;39;209, TREGUNC ( RUE DE );M;4786105;-388599;290
201400022320;14;10;13;1725;1;1;2;1;1;39;RD 783 BEUZEC;M;4752540;345699;290
201400022321;14;10;22;2245;3;1;1;1;6;39;RD 783;M;4782988;-388891;290
201400022322;14;10;23;820;1;2;6;1;7;39;KERAMPORIEL ( ROND POINT;M;4790021;-391174;290
201400022323;14;10;23;1800;1;2;1;1;6;39;7, FRENES ( RUE DES);M;4788225;-391570;290
201400022324;14;11;1;1430;1;1;1;1;3;39;RN165 (VE);M;4793811;-391468;290
201400022325;14;11;16;905;1;1;9;1;7;39;MELGVEN ( RUE DE );M;4788118;-388344;290
201400022326;14;11;17;1050;1;2;1;1;7;39;WYLIE ( BOULEVARD KATHER;M;4787072;-392760;290
201400022327;14;11;22;910;1;1;3;1;7;39;FORET (ANCIENNE ROUTE DE;M;4789103;-392226;290
201400022328;14;11;22;1318;1;2;1;2;7;39;RN165 (VE);M;4787283;-392073;290
201400022329;14;11;30;1557;1;1;1;1;7;39;RN165 (VE);M;4787283;-392073;290
201400022330;14;12;3;1539;1;2;2;1;3;39;ROUTE DE PENANGUER;M;4790917;-391942;290
201400022331;14;12;6;1810;3;1;1;1;4;39;RD 783 BEUZEC;M;4788892;-391525;290
201400022332;14;12;6;1944;3;1;1;1;7;39;RD 44;M;4792075;-391288;290
201400022333;14;12;17;1520;1;2;2;2;2;39;KERGUERES (Route de);M;4789161;-392307;290
201400022334;14;12;17;1630;1;1;1;2;2;39;RD 783;M;4787283;-392073;290
201400022335;14;12;18;1715;5;2;6;2;3;39;4, VERGER ( RUE DU);M;4788411;-392691;290
201400022336;14;4;18;1945;1;2;1;1;3;151;8, OTAGES (PLACE DES);M;4857723;-382837;290
201400022337;14;6;6;1510;1;2;1;1;7;254;29, ST FRANCOIS (LIEU DI;M;4859737;-384172;290
201400022338;14;6;13;1415;1;2;1;1;6;151;5, CORLE (RUE PIERRE);M;4859366;-381525;290
201400022339;14;6;10;1235;1;2;1;1;7;151;24, REPUBLIQUE (AVENUE D;M;4858433;-383357;290
201400022340;14;6;20;1430;1;2;1;1;2;254;17, SAINT MARTIN (BOULEV;M;4857401;-384994;290
201400022341;14;6;28;1605;1;2;1;1;1;254;ST FRANCOIS (LIEU DIT);M;4859313;-384144;290
201400022342;14;7;13;1435;1;2;1;1;6;254;CUBURIEN (LIEU DIT);M;4859849;-385281;290
201400022343;14;7;25;1705;1;2;1;1;7;254;., GOAREM PELLA (RUE);M;4858018;-386630;290
201400022344;14;8;16;1615;1;1;1;1;5;254;ST FRANCOIS (LIEU DIT);M;4859313;-384144;290
201400022345;14;9;2;2230;5;2;1;1;6;151;48, PARIS (ROUTE DE);M;4857486;-381540;290
201400022346;14;11;16;455;3;1;1;1;6;254;LE CUN (LIEU DIT);M;4877842;333618;290
201400022347;14;12;7;135;3;1;1;1;6;151;OREE DU BOIS (RUE DE L');M;4858280;-380795;290
201400022348;14;12;6;1703;5;2;9;1;2;254;12, SAINT MARTIN (BOULEV;M;4857361;-385029;290
201400022349;14;2;11;2015;3;1;1;1;7;432;;M;4794845;532740;520
201400022350;14;2;24;1215;1;1;1;1;2;519;;M;4770117;518676;520
201400022351;14;3;21;445;3;1;1;1;2;282;;M;4798394;513021;520
201400022352;14;5;14;900;1;1;1;8;2;282;;M;4797032;514179;520
201400022353;14;7;23;1445;1;1;1;1;6;258;;M;4810372;479990;520
201400022354;14;8;17;745;1;1;1;1;6;14;;M;4775826;518832;520
201400022355;14;8;25;1700;1;1;1;1;6;147;;M;4782419;522559;520
201400022356;14;9;23;1815;1;1;1;1;2;282;;M;4797597;513695;520
201400022357;14;10;3;1400;1;1;1;1;7;384;;M;4781540;522371;520
201400022358;14;10;12;1900;3;1;1;8;5;282;;M;4796446;514731;520
201400022359;14;10;30;400;3;1;1;5;6;432;;M;4794773;534001;520
201400022360;14;11;24;2330;3;1;1;1;2;399;;M;4808045;486906;520
201400022361;14;9;11;1630;1;1;1;7;1;224;;M;0;0;570
201400022362;14;8;4;830;1;1;1;1;3;404;;M;4958733;25542;760
201400022363;14;11;16;330;4;2;1;1;7;275;R SAINT MICHEL;M;4956114;18227;760
201400022364;14;11;16;1930;5;1;1;1;5;167;;M;4960645;15031;760
201400022365;14;5;29;1630;1;1;1;3;2;256;;M;4734700;204900;410
201400022366;14;7;8;900;1;1;1;1;7;161;A71 PR 150+800;M;4752300;200400;410
201400022367;14;10;14;2030;3;1;1;1;5;106;;M;4758700;199000;410
201400022368;14;12;26;1830;3;1;1;2;7;232;;M;4743500;201700;410
201400022369;14;1;1;1830;5;2;1;6;2;232;BOULEVARD DE FRANCE;M;4798404;-413022;290
201400022370;14;1;2;1150;1;2;1;1;7;232;POULGUINAN BOULEVARD DE;M;4797940;-412147;290
201400022371;14;1;2;1750;3;2;1;2;6;232;LE GUENNEC LOUIS BOULEVA;M;4798003;-410760;290
201400022372;14;1;6;1708;1;2;1;1;2;232;LEBON PHILIPPE  ROND POI;M;4799474;-407305;290