num_acc;an;mois;jour;hrmn;lum;agg;int;atm;col;com;adr;gps;lat;long;dep
201400022373;14;1;8;821;3;1;1;2;2;232;., VOIE EXPRESS QUIMPER;M;4800604;-406268;290
201400022374;14;1;9;815;1;1;1;1;2;232;LEBON PHILIPPE  ROND Pt;M;4799521;-407318;290
201400022375;14;1;9;1810;5;2;1;8;6;232;1, PEN AR STANG;M;4799348;-409906;290
201400022376;14;1;10;1333;1;1;1;1;2;232;KERDRONIOU CHEMIN DE;M;4797490;-400099;290
201400022377;14;1;11;1228;1;1;1;7;7;232;, VIEILLE ROUTE DE BRIEC;M;4802746;-407768;290
201400022378;14;1;11;2251;5;2;1;1;2;232;DUPLEIX BOULEVARD;M;4799474;-410123;290
201400022379;14;1;14;1800;5;2;1;2;7;232;UNIVERSITE RUE DE L';M;4798131;-409674;290
201400022380;14;1;16;1504;1;2;1;3;3;232;., GUTENBERG ROND POINT;M;4798023;-407934;290
201400022381;14;1;16;2015;5;2;1;9;1;232;SAINT POL ROUX RUE;M;4799038;-409755;290
201400022382;14;1;18;1137;1;1;1;2;7;232;VOIE EXPRESS QUIMPER;M;4798853;-402734;290
201400022383;14;1;18;1530;1;2;1;2;7;232;POULGUINAN BOULEVARD;M;4798321;-411905;290
201400022384;14;1;21;1115;1;2;1;1;6;232;FRANCE LIBRE  AVENUE;M;4800892;-409626;290
201400022385;14;1;21;2028;5;2;1;2;2;232;43, AMIRAL DE KERGUELEN;M;4799528;-409946;290
201400022386;14;1;23;730;4;1;1;2;3;232;VICTOR LE GORGEU;M;4797510;-413191;290
201400022387;14;1;24;1010;1;2;1;9;6;232;JUSTICES CHEMIN DES;M;4799334;-411916;290
201400022388;14;1;27;1710;1;1;1;2;2;232;LOC' H ROUTE DU;M;4801128;-409141;290
201400022389;14;1;27;1915;1;2;1;2;7;232;., TY BOS AVENUE DE;M;4797473;-406665;290
201400022390;14;1;28;1955;5;2;1;2;7;232;7 AV, POMPIDOU GEORGES;M;4798288;-407223;290
201400022391;14;2;2;1130;1;1;6;1;3;51;., SAINT JOAQUIM Rond Po;M;4799638;-402738;290
201400022392;14;2;3;750;2;2;1;1;6;232;REMSCHEID AVENUE DE;M;4799754;-409789;290
201400022393;14;2;6;1130;1;2;1;2;6;232;44, BREST ROUTE DE;M;4799754;-409789;290
201400022394;14;2;6;1805;2;2;6;1;3;232;80, LIBERATION AVENUE;M;4799245;-408180;290
201400022395;14;2;7;1545;1;2;1;1;2;232;FLANDRES DUNKERQUE 19;M;4797928;-409356;290
201400022396;14;2;11;805;5;2;1;3;7;232;14  DUPLEIX BOULEVARD;M;4799510;-409782;290
201400022397;14;2;15;2105;5;2;1;1;7;232;BECHARLES AVENUE DE;M;4801670;-409112;290
201400022398;14;2;18;1900;2;2;1;2;3;232;42 ROSPORDEN VIEILLE ROU;M;4799078;-406777;290
201400022399;14;2;21;1710;1;2;4;1;6;232;PARC RUE DU;M;4799427;-410563;290
201400022400;14;2;28;1100;1;2;1;3;6;232;POHER RUE DU;M;4798363;-410632;290
201400022401;14;3;3;1330;1;1;1;1;7;232;VOIE EXPRESS QUIMPER;M;4800369;-405824;290
201400022402;14;3;3;1645;1;2;1;1;7;232;VOIE EXPRESS QUIMPER;M;4802995;-408807;290
201400022403;14;3;3;2320;5;1;1;1;7;232;., LOUIS LE GUENNEC;M;4798040;-410057;290
201400022404;14;3;4;2022;5;1;1;1;3;232;163 BENODET ROUTE DE;M;4797581;-409365;290
201400022405;14;3;8;1150;1;2;1;1;7;232;36, DOUARNENEZ ROUTE DE;M;4799935;-411465;290
201400022406;14;3;10;1720;1;1;1;1;7;232;CHAPELLE DE CUZON RUE;M;4800382;-407058;290
201400022407;14;3;12;2106;4;1;1;1;7;232;FRANCE BOULEVARD DE;M;4798447;-413033;290
201400022408;14;3;13;1330;1;2;1;1;6;232;CREAC' H GWEN BOULEVARD;M;4797703;-410014;290
201400022409;14;3;15;311;3;1;1;9;6;232;CNO;M;4801575;-411681;290
201400022410;14;3;24;750;1;1;1;1;7;232;., CONCARNEAU ROUTE DE;M;4796867;-406283;290
201400022411;14;3;25;730;1;1;2;3;3;232;CONCARNEAU ROUTE DE;M;4795241;-403704;290
201400022412;14;3;22;1415;1;1;1;4;7;232;MORBIHAN AVENUE DU;M;4797880;-406253;290
201400022413;14;3;28;1135;1;2;1;1;7;232;REMSCHEID AVENUE DE;M;4798166;-409565;290
201400022414;14;4;7;1645;1;2;6;2;3;232;GOURVILLY  ROND POINT DE;M;4801871;-408380;290
201400022415;14;4;9;1310;1;2;1;1;2;232;12, BARBUSSE HENRI RUE;M;4799067;-407606;290
201400022416;14;4;11;1440;1;2;1;1;4;232;0, LE GUENNEC LOUIS BOUL;M;4798023;-410282;290
201400022417;14;4;15;1555;1;2;1;1;6;232;., ERGUE ARMEL  ROND POI;M;4798693;-407406;290
201400022418;14;4;16;1335;1;2;1;1;6;232;43, KEREON RUE DE;M;4799601;-410529;290
201400022419;14;4;22;1613;1;1;1;1;7;232;9, LEON RUE DU;M;4798217;-410453;290
201400022420;14;4;25;1855;1;2;1;1;7;232;., VOIE EXPRESS QUIMPER;M;4799754;-409789;290
201400022421;14;4;26;1810;1;2;3;2;7;232;PARC RUE DU;M;4799623;-402902;290
201400022422;14;4;27;1700;1;2;1;1;7;232;RUE HENT GLAZ;M;4799754;-409790;290
201400022423;14;4;29;1600;1;2;1;1;2;232;RUE DE PONT L'ABBE;M;4799124;-411553;290
201400022424;14;5;1;1650;1;2;3;1;3;51;ROUILLEN AVENUE;M;4799905;-405517;290
201400022425;14;5;3;213;5;2;1;1;6;232;15, 19 MARS 1962 RUE DU;M;4500518;16063;290
201400022426;14;5;4;1850;1;1;1;1;2;232;BREST ROUTE DE;M;4802319;-408428;290
201400022427;14;5;5;2347;5;2;2;1;3;232;DEESSE RUE DE LA;M;4799754;-409789;290
201400022428;14;5;7;1054;1;2;6;1;2;232;GUTENBERG ROND POINT;M;4797942;-407979;290
201400022429;14;5;8;2150;2;1;1;2;6;232;MORBIHAN AVENUE DU;M;4797857;-404778;290
201400022430;14;5;9;700;1;1;1;1;6;232;VOIE EXPRESS QUIMPER - B;M;4799754;-409789;290
201400022431;14;5;10;1030;1;2;1;1;7;232;BREST ROUTE DE;M;4802319;-408449;290
201400022432;14;5;13;1838;1;2;3;1;3;232;BREST RUE DE;M;4802313;-408458;290
201400022433;14;5;15;1540;1;2;6;1;5;232;POULGUINAN BOULEVARD DE;M;4798371;-411729;290
201400022434;14;5;16;617;1;1;1;1;7;232;Park Poullig rond point;M;4799754;-409789;290
201400022435;14;5;16;1530;1;2;1;1;2;232;11, KERGESTIN RUE DE;M;4798622;-413030;290
201400022436;14;5;22;804;1;2;6;2;2;232;TY BOS AVENUE DE;M;4797302;-406494;290
201400022437;14;5;22;1700;1;2;1;2;6;232;., KERVILLOU de Rond-Poi;M;4798601;-405973;290
201400022438;14;5;23;1846;1;2;1;1;3;232;PROVENCE BOULEVARD DE;M;4798312;-412907;290
201400022439;14;5;25;1700;1;2;1;1;7;232;PONT L'ABBE RUE DE;M;4798312;-412907;290
201400022440;14;5;27;2020;1;2;1;1;3;232;., BRETAGNE BOULEVARD DE;M;4798515;-412651;290
201400022441;14;5;28;1830;1;2;9;1;3;232;12, VICTOR LE GORGEU;M;4797534;-413246;290
201400022442;14;5;28;1815;1;2;1;1;2;232;1, HAUTE RUE;M;4798951;-411082;290
201400022443;14;5;30;1630;1;2;1;8;4;232;., PRESIDENT ALLENDE BOU;M;4800035;-407621;290
201400022444;14;5;31;1945;1;2;2;1;1;232;AMIRAL RONARC'H RUE;M;4799425;-410742;290
201400022445;14;6;1;443;1;1;1;1;6;232;103, TERRE NOIRE RUE DE;M;4799848;-413020;290
201400022446;14;6;1;1825;1;2;1;1;3;232;., FRUGY RUE DU;M;4798755;-410399;290
201400022447;14;6;12;440;2;2;1;1;7;232;., TOUL SABLE  ROND POIN;M;4797308;-408773;290
201400022448;14;6;14;1830;1;2;6;1;3;232;., LUDUGRIS  ROND POINT;M;4797946;-412209;290
201400022449;14;6;14;1900;1;1;1;1;7;51;., CORAY ROUTE DE;M;4802702;-397103;290
201400022450;14;6;15;1;3;1;1;1;7;51;PEN CARN ROND POINT;M;4801220;-401478;290
201400022451;14;6;15;1605;1;2;1;1;7;232;BENODET ROUTE DE;M;4795707;-408210;290
201400022452;14;6;18;1850;1;1;1;1;4;232;TY BOS AVENUE DE;M;4797302;-406494;290
201400022453;14;6;22;527;5;2;6;1;6;232;VERDI RUE;M;4800295;-408932;290
201400022454;14;6;23;850;1;1;1;1;3;232;ERGUE ARMEL  ROND POINT;M;4797941;-409516;290
201400022455;14;6;24;1645;1;2;2;1;6;232;71, BREST ROUTE DE;M;4800184;-408542;290
201400022456;14;6;26;832;1;1;3;1;5;232;REMSCHEID AVENUE DE;M;4798241;-409275;290
201400022457;14;6;27;845;1;2;1;1;3;232;POULGUINAN PONT DE;M;4798349;-411834;290
201400022458;14;6;27;2308;2;2;1;1;6;232;., LEBON RUE PHILIPPE;M;4797251;-399470;290
201400022459;14;6;30;1500;1;2;1;1;4;232;LOUIS LE GUENNEC;M;4798018;-410299;290
201400022460;14;7;5;2350;3;2;1;3;2;232;PRESIDENT ALLENDE BOULEV;M;4799372;-407337;290
201400022461;14;7;9;1835;1;1;1;1;7;232;., VOIE EXPRESS QUIMPER;;;;290
201400022462;14;7;13;1046;1;2;5;2;3;232;FACE AU 53, TOUR D'AUVER;M;4798920;-408203;290
201400022463;14;7;17;1135;1;2;1;1;6;232;TY PONT AVENUE DE;M;4801542;-410533;290
201400022464;14;7;24;1525;1;1;1;1;3;232;VOIE EXPRESS QUIMPER - B;M;4799754;-409789;290
201400022465;14;7;26;1940;1;2;1;1;6;232;GARE AVENUE DE LA;M;4799443;-409431;290
201400022466;14;7;29;1025;1;2;1;1;6;232;SAINT ALOR RUE;M;4798299;-406754;290
201400022467;14;7;30;1625;1;1;3;1;6;232;PLOMELIN ROUTE DE;M;4797016;-412731;290
201400022468;14;8;2;1240;1;1;4;1;1;51;AMPERE Rue;M;4800073;-404351;290
201400022469;14;8;5;35;3;1;1;1;7;51;REUNIC Route du;M;4800025;-400558;290
201400022470;14;8;8;8;5;2;3;2;6;232;BRIAND  ARISTIDE RUE;M;4799502;-409660;290
201400022471;14;8;11;900;1;2;1;1;7;232;., DUPLEIX BOULEVARD;M;4799473;-410127;290
201400022472;14;8;14;1405;1;2;1;2;3;232;., EAU BLANCHE  ROND POI;M;4799090;-407396;290
201400022473;14;8;12;1900;1;1;1;1;7;232;VOIE EXPRESS QUIMPER - B;M;4799754;-409789;290
201400022474;14;8;19;57;5;2;1;1;3;232;6, LIMERICK AVENUE DE;M;4798744;-409193;290
201400022475;14;8;19;810;1;2;3;1;3;232;Face au 27, BREST ROUTE;M;4799924;-409240;290
201400022476;14;8;23;40;5;2;1;1;2;232;39, KERGESTIN RUE DE;M;4798415;-413077;290
201400022477;14;8;23;1310;1;2;3;1;6;232;., DOUARNENEZ ROUTE DE;M;4799917;-413323;290
201400022478;14;8;23;1430;1;2;1;1;2;232;., DUPLEIX BOULEVARD;M;4799917;-413323;290
201400022479;14;8;28;1736;1;2;1;2;2;232;POULGUINAN PONT DE;M;4798313;-411904;290
201400022480;14;8;25;1335;1;2;1;3;6;232;GARE AVENUE DE LA;M;4799443;-409431;290
201400022481;14;8;25;1940;1;1;1;2;1;51;., CORAY ROUTE DE;M;4802580;-397435;290
201400022482;14;8;25;710;2;1;1;2;1;51;ROUTE d'ELLIANT;M;4799061;-401633;290
201400022483;14;8;30;140;3;1;1;1;7;232;CORAY ROUTE DE;M;4799429;-407085;290
201400022484;14;9;8;840;1;2;6;1;2;232;ERGUE ARMEL  ROND POINT;M;4797941;-409516;290
201400022485;14;9;10;1800;1;2;3;1;1;232;., DANTON RUE;M;4798872;-410135;290
201400022486;14;9;15;1220;1;1;4;1;3;232;ROSPORDEN ROUTE DE;M;4798121;-403027;290
201400022487;14;9;20;335;3;1;1;1;7;51;., RD 115 Lieu Dit Stang;M;4802385;-404388;290
201400022488;14;9;20;1325;1;1;3;1;5;232;., TY BOS AVENUE DE;M;4797316;-406504;290
201400022489;14;9;23;1530;1;1;1;7;7;232;COAT BILY CHEMIN DE;M;4802772;-408459;290
201400022490;14;9;28;1530;1;2;4;1;7;232;., MENDES FRANCE  PIERRE;M;4797575;-412729;290
201400022491;14;10;1;1805;1;2;6;2;4;232;FLANDRES DUNKERQUE 1940;M;4797985;-408731;290
201400022492;14;10;4;1330;1;2;3;1;3;232;OISEAUX AVENUE DES;M;4799132;-412605;290
201400022493;14;10;6;845;2;2;1;3;7;232;4, UNIVERSITE RUE DE L';M;4798213;-409773;290
201400022494;14;10;8;805;2;1;3;2;3;232;CONCARNEAU ROUTE DE;M;4795833;-404864;290
201400022495;14;10;17;1415;1;1;1;2;6;232;ROSPORDEN ROUTE DE;M;4798517;-404328;290
201400022496;14;10;17;1945;5;2;6;2;6;232;MANOIR DU PARC  ROND POI;M;4799754;-409789;290
201400022497;14;10;21;835;1;2;1;2;2;232;BREST ROUTE DE;M;4802313;-408458;290
201400022498;14;10;24;510;3;1;1;2;6;51;CORAY ROUTE DE;M;4802580;-397435;290
201400022499;14;10;31;630;3;1;1;1;7;232;PRESIDENT ALLENDE BOULEV;M;4840238;-441622;290
201400022500;14;10;31;1535;1;2;6;1;6;232;LUDUGRIS  ROND POINT DE;M;4797946;-412209;290
201400022501;14;11;1;1950;2;2;1;1;6;232;TERRE NOIRE RUE DE LA;M;4799787;-412655;290
201400022502;14;11;2;245;3;1;1;3;7;232;CNO;M;4801675;-411459;290
201400022503;14;11;6;530;3;1;1;1;7;232;MORBIHAN AVENUE DU;M;4797852;-404788;290
201400022504;14;11;7;845;1;2;1;3;3;232;41 BIS, LE DEAN AIME JEA;M;4799754;-409789;290
201400022505;14;11;8;1729;1;1;6;2;3;232;Park Poullig rond point;M;4799754;-409789;290
201400022506;14;11;11;1230;1;2;1;1;6;232;MENDES FRANCE  PIERRE AV;M;4797575;-412729;290
201400022507;14;11;12;1325;1;2;1;3;6;232;JUNIVILLE RUE;M;4799558;-409996;290
201400022508;14;11;12;1950;5;2;3;2;6;232;DUPLEIX BOULEVARD;M;4799473;-410127;290
201400022509;14;11;14;1100;1;2;1;1;7;232;TY DOUAR AVENUE DE;M;4798148;-407466;290
201400022510;14;11;17;800;2;2;3;1;7;232;., FRANCE LIBRE  AVENUE;M;4800610;-409733;290
201400022511;14;11;19;1540;1;2;1;8;6;232;., DOUARNENEZ ROUTE DE;M;4799917;-413323;290
201400022512;14;11;20;1815;1;1;1;2;2;232;., MORBIHAN AVENUE DU;M;4797852;-404788;290
201400022513;14;11;23;133;4;1;1;3;6;232;., POULGUINAN PONT DE;M;4798313;-411904;290
201400022514;14;12;1;840;2;2;1;1;1;232;2, THEPOT YVES AVENUE;M;4798730;-409829;290
201400022515;14;12;4;1400;1;1;6;1;3;232;., KERUSTUM  ROND POINT;M;4797941;-409516;290
201400022516;14;12;9;1315;1;2;1;1;7;232;., BENODET RUE DE;M;4798404;-410490;290
201400022517;14;12;11;1320;1;2;1;9;6;232;55, KERADENNEC AVENUE DE;M;4797808;-407773;290
201400022518;14;12;12;614;3;1;1;2;7;51;., ROUTE d'ELLIANT;M;4799061;-401633;290
201400022519;14;12;14;615;3;1;1;2;7;232;., BENODET ROUTE DE;M;4795701;-408217;290
201400022520;14;12;18;1805;2;2;1;2;6;232;95, BLUM  LEON RUE;M;4798736;-408485;290
201400022521;14;12;22;1830;4;2;1;1;3;232;., POULGUINAN BOULEVARD;M;4798367;-411750;290
201400022522;14;12;27;1905;2;2;1;2;6;232;STANG BIHAN RUE DE;M;4801039;-410336;290
201400022523;14;12;27;1510;1;2;1;1;2;232;., LUZEL RUE;M;4799655;-410000;290
201400022524;14;6;21;1800;1;1;1;1;2;253;;M;4919813;589519;540
201400022525;14;6;28;745;1;1;1;1;1;400;;M;0;0;550
201400022526;14;7;24;1315;1;1;1;1;2;443;;M;0;0;570
201400022527;14;2;7;1630;1;1;1;1;5;88;;M;0;0;600
201400022528;14;3;21;745;2;1;1;1;3;395;;M;0;0;600
201400022529;14;4;20;1300;1;1;1;1;6;88;;M;0;0;600
201400022530;14;9;18;715;1;1;2;1;3;395;;M;0;0;600
201400022531;14;9;20;1100;1;1;2;1;3;395;;M;0;0;600
201400022532;14;10;15;900;1;2;1;1;1;395;rue Vaillant Radiologue;M;0;0;600
201400022533;14;1;27;1654;1;2;1;7;7;7;., PERI (PLACE GABRIEL);M;4412151;408038;300
201400022534;14;1;29;1100;1;2;1;2;7;7;., SAUVAGES (RUE);;;;300
201400022535;14;2;13;1730;1;1;1;2;3;7;120, BACHAGA BOUALEM (RU;M;4412378;409515;300
201400022536;14;2;26;1230;1;2;1;1;4;7;., JUIN (AVE DU MARECHAL;;;;300
201400022537;14;2;27;1240;1;2;1;1;3;243;831, MONTEZE (ROUTE DE);M;4409246;408420;300
201400022538;14;2;27;1815;1;2;1;1;1;243;., MONTEZE (ROUTE DE);M;4407654;408992;300
201400022539;14;3;1;1550;1;2;1;1;7;7;., BEAUTEVILLE (RUE DE);;;;300
201400022540;14;3;17;750;1;2;1;1;4;7;., ONZE NOVEMBRE 1918 (Q;;;;300
201400022541;14;3;27;230;5;2;1;1;6;7;., BOISSIER DE SAUVAGE;;;;300
201400022542;14;4;9;1615;1;2;1;1;3;7;., GRABIEUX (QUAI DU);;;;300
201400022543;14;4;17;1735;1;2;1;1;3;7;., BARBUSSE (PLACE HENRI;M;4412388;408035;300
201400022544;14;4;23;1050;1;2;3;1;4;7;., FAUBOURG D'AUVERGNE (;M;4412922;407950;300
201400022545;14;4;24;845;1;2;2;1;3;7;1062, SAINT JEAN DU PIN;M;4412169;406012;300
201400022546;14;5;5;1635;1;2;1;1;7;7;1C, MOULIN (GRAND' RUE J;M;4412443;407354;300
201400022547;14;6;21;115;3;2;1;1;6;7;., CARNOT (AVE);M;4412133;408183;300
201400022548;14;6;30;2000;2;2;1;1;6;7;17, BLANC (BD LOUIS);M;4412494;408021;300
201400022549;14;6;10;1515;1;2;1;1;2;7;RIBOT (AVE GASTON);M;4413528;408946;300
201400022550;14;6;27;920;1;2;1;1;3;7;NORD (PLACE DU);M;4414954;408113;300
201400022551;14;6;18;1530;1;2;1;2;3;7;PERRIN (RUE JEAN);M;4414443;409682;300
201400022552;14;7;22;1345;1;2;1;1;6;243;., MONTPELLIER (ROUTE);M;4406103;409029;300
201400022553;14;7;26;1130;1;2;1;1;6;7;SAINT VINCENT (RUE);M;4412386;407953;300
201400022554;14;8;5;1800;1;2;1;1;4;7;MONGE (AVENUE);;;;300
201400022555;14;9;1;1120;1;2;1;1;6;7;30, CHAPTAL ( QUAI MAX );;;;300
201400022556;14;8;16;1840;1;2;1;1;2;7;30, CARNOT (AVE);M;4412144;408769;300
201400022557;14;9;20;1400;1;2;1;1;2;7;MAS D'HOURS (QUAI DU);;;;300
201400022558;14;10;3;100;5;2;6;1;3;7;SPORTS (CHEMIN DES);M;4411972;408671;300
201400022559;14;11;5;1754;5;2;1;1;2;7;., SERRES (AVE OLIVIER D;;;;300
201400022560;14;10;28;1637;1;2;1;1;5;7;., MONGE (AVENUE);;;;300
201400022561;14;10;18;1110;1;2;1;1;2;7;0, BAGNOLS (ROUTE DE);;;;300
201400022562;14;11;6;1100;1;2;1;1;6;7;BLANC (BD LOUIS);;;;300
201400022563;14;11;17;1255;1;2;1;1;7;7;ERMITAGE (PROMENADE DE L;;;;300
201400022564;14;11;19;1335;1;2;1;9;6;7;PASTEUR (RUE);;;;300
201400022565;14;11;21;2145;5;2;1;9;3;7;DE GAULLE (AVE DU GENERA;M;4412702;408237;300
201400022566;14;12;13;2125;3;2;1;9;6;243;DRAILLE (ROUTE DE LA);;;;300
201400022567;14;12;1;815;1;2;1;1;6;7;., SAINT MARTIN (ROUTE D;;;;300
201400022568;14;12;2;1135;1;2;1;1;3;7;RESCA (PONT DE);M;4412661;407350;300
201400022569;14;12;14;1540;1;2;1;1;6;7;CLAVIERES (AVE DE);;;;300
201400022570;14;12;20;1535;1;2;1;7;6;7;7, ALSACE (ROUTE D');M;4413572;408427;300
201400022571;14;12;11;1130;1;2;1;1;3;7;MOULIN (GRAND' RUE JEAN);;;;300
201400022572;14;1;17;1010;1;2;1;2;6;28;1, LACOMBE (BOULEVARD TH;M;4416185;462264;300
201400022573;14;1;22;240;5;2;8;1;3;28;BERRET (AVENUE DE);M;4415685;463381;300
201400022574;14;2;5;1900;5;2;1;1;6;28;PERRIERES (DESCENTE DES);;;;300
201400022575;14;2;14;1345;1;2;1;1;2;28;354, COMMANDO VIGAN BRAQ;M;4416283;461180;300
201400022576;14;3;1;525;5;2;1;1;2;28;NIMES (ROUTE DE);M;4414804;461548;300
201400022577;14;3;7;1110;1;2;3;1;3;28;LADROIT (RUE DU);;;;300
201400022578;14;3;23;630;2;2;1;1;6;28;1, SAINT GERVAIS (ROUTE);;;;300
201400022579;14;4;13;1015;1;1;1;1;2;28;PONT SAINT ESPRIT (ROUTE;;;;300
201400022580;14;4;23;1230;1;2;1;1;6;28;1, ROGER SALENGRO (AVENU;M;4416517;461873;300
201400022581;14;5;10;1345;1;2;1;1;2;28;PONT SAINT ESPRIT (ROUTE;M;4418417;462111;300
201400022582;14;5;29;1755;1;2;3;1;3;28;2, ANCYSE (AVENUE DEL');M;4415979;461386;300
201400022583;14;6;4;640;1;2;3;1;3;28;1, JAURES (PLACE JEAN);M;4416530;461936;300
201400022584;14;6;18;1220;1;2;1;1;2;28;CHARRIER (AVENUE);M;4416128;462441;300
201400022585;14;6;25;1855;1;1;1;1;1;28;AVIGNON (ROUTE D');M;4415450;464260;300
201400022586;14;7;15;1154;1;2;1;1;3;28;36, ANCYSE (AVENUE DE L);M;4416047;460819;300
201400022587;14;7;28;1350;1;2;1;1;1;28;GOURDON (AVENUE ROBERT);M;4416550;462561;300
201400022588;14;7;23;1240;1;2;6;1;2;28;DE LATTRE DE TASSIGNY (A;M;4416901;461882;300
201400022589;14;7;25;1920;1;1;3;1;3;28;1, CASSOULE (CHEMIN DE);M;4417975;460056;300
201400022590;14;8;5;1810;1;2;1;1;3;28;JEAN MONNET (ROND POINT);M;4416883;461941;300
201400022591;14;8;6;1800;1;1;3;1;3;28;1, ROUTE DE SAINT GERVAI;M;4417810;461441;300
201400022592;14;10;3;1125;1;2;1;1;4;28;GENERAL DE GAULE (AVENUE;;;;300
201400022593;14;10;31;530;3;1;1;1;1;28;ALES (ROUTE D');;;;300
201400022594;14;10;13;1330;1;2;1;1;6;28;1, LACOMBE (BOULEVARD TH;M;4416181;462264;300
201400022595;14;11;15;620;5;2;1;1;2;28;COMPERE MOREL (ROND POIN;M;4415823;463236;300
201400022596;14;12;4;1700;5;2;1;2;6;28;1, AURIOL (AVENUE VINCEN;M;4415529;461660;300
201400022597;14;1;2;1700;1;2;1;1;3;189;125, BEAUCAIRE (ROUTE);M;4383765;438119;300
201400022598;14;1;4;1830;5;2;3;1;3;189;MAS DE CHEYLON;M;4380525;433644;300
201400022599;14;1;7;1815;5;2;3;1;6;189;AVIGNON (ROUTE);M;4384216;437895;300
201400022600;14;1;11;1215;1;2;1;2;2;189;DHUODA (RUE);;;;300
201400022601;14;1;13;1820;5;2;3;2;6;189;6, LIBERATION (BOULEVARD;M;4382283;435511;300
201400022602;14;1;17;1440;1;2;6;1;6;189;ALLENDE SALVADOR (RUE);M;4381784;434750;300
201400022603;14;1;18;2210;5;2;2;2;6;189;AQUITAINE (RUE);M;4384159;436308;300
201400022604;14;1;17;720;2;2;1;1;6;189;ARENES (BOULEVARD);;;;300
201400022605;14;1;21;1820;3;1;2;1;3;189;PARATONNERRE (CHEMIN);;;;300
201400022606;14;1;26;1205;1;1;3;1;3;189;POULX (ROUTE DE);M;4389203;441886;300
201400022607;14;1;29;830;1;2;1;2;2;189;ALLENDE SALVADOR (RUE);;;;300
201400022608;14;1;31;945;1;2;6;2;7;189;baillet claude;;;;300
201400022609;14;1;31;1825;5;2;2;1;3;189;AQUEDUC (RUE);M;4383024;435458;300
201400022610;14;1;31;1925;5;2;3;1;6;189;BEAUCAIRE (RUE);M;4383852;437212;300
201400022611;14;1;31;2145;5;2;2;1;7;189;REPUBLIQUE (RUE);M;4382969;435586;300
201400022612;14;2;3;900;1;2;2;1;6;189;MARECHAL JUIN (BOULEVARD;M;4382096;434699;300
201400022613;14;2;4;1010;1;2;1;1;1;189;POETES (AVENUE);M;4382198;433694;300
201400022614;14;2;5;1915;5;2;3;1;3;189;DAYAN GEORGES (AVENUE);M;4382035;434029;300
201400022615;14;2;7;1540;1;2;1;1;2;189;ALES (ROUTE);M;4385360;432115;300
201400022616;14;2;7;1610;1;2;1;1;4;189;ALES (ROUTE);M;4383611;432111;300
201400022617;14;2;7;2040;5;2;1;1;6;189;CONDE (RUE);M;4383930;436426;300
201400022618;14;2;10;1205;1;2;7;1;6;189;DEBUSSY CLAUDE (PLACE);M;4382410;433564;300
201400022619;14;2;12;2150;5;2;2;1;3;189;JAURES JEAN (BOULEVARD);M;4382687;435310;300
201400022620;14;2;15;2345;5;2;2;1;3;189;25, TRIAIRE SERGENT (BOU;M;4382841;435996;300
201400022621;14;2;19;1810;2;2;2;1;6;189;CROIX DE VAUVERT (CHEMIN;M;4382106;434730;300
201400022622;14;2;19;1825;5;2;1;1;2;189;MENDES FRANCE PIERRE (AV;M;4382146;438468;300
201400022623;14;2;19;1915;5;2;4;1;2;189;16, FAITA VINCENT (RUE);M;4384134;436674;300
201400022624;14;2;20;1835;5;2;1;1;6;189;13, POETES (AVENUE);M;4382160;433042;300
201400022625;14;2;21;740;1;2;1;2;6;189;POMPIDOU GEORGES (AVENUE;M;4383609;434671;300
201400022626;14;2;24;735;1;1;1;1;1;189;D 135;M;4378855;436260;300
201400022627;14;2;24;920;1;2;2;9;5;189;REINACH SALOMON (RUE);M;4383566;437513;300
201400022628;14;2;24;1420;1;2;1;1;6;189;BEAUCAIRE (ROUTE);;;;300
201400022629;14;3;2;2233;5;2;2;1;3;189;TRIAIRE SERGENT (BOULEVA;M;4382850;435995;300
201400022630;14;3;3;1708;1;2;1;1;4;189;ALLENDE SALVADOR (RUE);;;;300
201400022631;14;3;4;1945;5;2;2;1;3;189;JAURES JEAN (BOULEVARD);M;4383325;440562;300
201400022632;14;3;7;1210;1;1;3;1;2;189;SAINT GILLES (ROUTE);M;4376466;440562;300
201400022633;14;3;8;1620;1;2;2;1;3;189;MAS DE CHEYLON;M;4380523;433643;300
201400022634;14;3;8;1925;5;2;3;1;3;189;MENDES FRANCE PIERRE (AV;M;4382734;437490;300
201400022635;14;3;9;1658;1;2;6;1;3;189;FOUR A CHAUX (ROND POINT;M;4381417;433477;300
201400022636;14;3;14;1442;1;2;1;1;3;189;990, MAURICE SCHUMANN;M;4381225;436876;300
201400022637;14;3;14;1825;2;2;4;1;6;189;TRIAIRE SERGENT (BOULEVA;M;4383004;436237;300
201400022638;14;3;15;1740;1;2;3;1;3;189;DAYAN GEORGES (AVENUE);M;4381652;433300;300
201400022639;14;3;16;1535;1;2;7;1;2;189;VERDUN (RUE);M;4383058;435165;300