num_acc;an;mois;jour;hrmn;lum;agg;int;atm;col;com;adr;gps;lat;long;dep
201400022640;14;3;17;817;1;2;3;1;4;189;DAYAN GEORGES (AVENUE);M;4381652;433300;300
201400022641;14;3;17;820;1;2;2;1;3;189;VIERGE (RUE);M;4384235;436253;300
201400022642;14;3;20;700;1;2;1;1;1;189;57, FAITA VINCENT (RUE);M;4384889;437364;300
201400022643;14;3;21;1845;2;2;3;1;3;189;BEAUCAIRE (ROUTE);M;4383697;438716;300
201400022644;14;3;21;1830;5;2;2;1;3;189;MENDES FRANCE PIERRE (AV;M;4382503;437875;300
201400022645;14;3;27;1602;1;2;6;1;2;189;BOEGNER PASTEUR MARC (BO;;;;300
201400022646;14;3;27;1645;1;2;1;1;6;189;DE LATTRE DE TASSIGNY (A;;;;300
201400022647;14;3;28;1110;1;2;2;1;5;189;MAS DE CHEYLON;M;4380524;433644;300
201400022648;14;3;28;1710;1;2;2;1;3;189;MENARD (RUE);M;4384216;435551;300
201400022649;14;3;30;600;5;2;1;1;6;189;103, SAINT GILLES (ROUTE;M;4382107;436555;300
201400022650;14;4;1;100;5;2;1;1;6;189;UTRILLO (RUE OU IMPASSE);M;4382274;433517;300
201400022651;14;4;2;1259;1;2;2;1;2;189;ALLENDE SALVADOR (RUE);M;4382739;437478;300
201400022652;14;4;3;1420;1;2;1;1;6;189;MONTJARDIN (RUE);;;;300
201400022653;14;4;3;1555;1;2;3;1;3;189;PAVLOV (AVENUE);M;4381428;431511;300
201400022654;14;4;4;1145;1;2;2;1;3;189;ATON BERNARD (RUE);M;4383210;436256;300
201400022655;14;4;4;1655;1;2;2;1;3;189;FOURNIER ALAIN (RUE);M;4382420;434791;300
201400022656;14;4;5;1550;1;2;3;1;3;189;CANAUX (CHEMIN);;;;300
201400022657;14;4;6;610;1;2;1;1;7;189;KENNEDY (AVENUE);;;;300
201400022658;14;4;7;544;3;2;6;1;3;189;BEAUCAIRE (ROUTE);;;;300
201400022659;14;4;8;2110;5;2;2;1;3;189;MAIL (RUE);M;4383274;435266;300
201400022660;14;4;9;2106;5;2;1;1;1;189;BOMPARD ROBERT (AVENUE);;;;300
201400022661;14;4;10;2328;5;2;6;1;6;189;PUCCINI (RUE);M;4382298;433601;300
201400022662;14;4;11;2050;5;2;1;1;1;189;ROBERVAL GILLES (RUE OU;;;;300
201400022663;14;4;12;1305;1;2;1;1;4;189;SAINT GILLES (ROUTE);;;;300
201400022664;14;4;12;1450;1;2;3;1;6;189;TRIAIRE SERGENT (BOULEVA;M;4382842;435996;300
201400022665;14;4;14;1440;1;2;2;1;4;189;JAURES JEAN (BOULEVARD);M;4383333;435167;300
201400022666;14;4;18;2350;5;2;1;1;3;189;TELLIER CHARLES (RUE);M;4383875;442161;300
201400022667;14;4;19;1625;1;2;2;1;2;189;UZES (ROUTE D');M;4385040;437442;300
201400022668;14;4;19;2225;5;2;3;1;3;189;DELON ANTOINE (RUE);M;4384136;437598;300
201400022669;14;4;20;1942;3;2;6;2;2;189;BEAUCAIRE (ROUTE);M;4383688;438841;300
201400022670;14;4;23;740;1;2;1;2;2;189;MENDES FRANCE PIERRE (AV;;;;300
201400022671;14;4;22;1550;1;2;2;2;3;189;NICOT (RUE);M;4384081;437107;300
201400022672;14;4;25;130;5;2;1;1;7;189;KENNEDY (AVENUE);M;4382625;433242;300
201400022673;14;4;28;350;3;2;1;1;6;189;149, SAUVE (ROUTE);M;4384038;431859;300
201400022674;14;4;29;1155;1;2;2;1;6;189;POMPIDOU GEORGES (AVENUE;M;4383780;434521;300
201400022675;14;4;30;310;5;2;4;1;3;189;MAS DE LAUZE (CHEMIN);M;4383078;432272;300
201400022676;14;5;1;1810;1;2;2;1;2;189;MAS DE CHEYLON;M;4380522;433645;300
201400022677;14;5;3;1150;1;2;2;1;6;189;SEMARD PIERRE (RUE);M;4383925;436473;300
201400022678;14;5;3;1717;1;2;2;1;6;189;TALABOT (BOULEVARD);M;4383846;437243;300
201400022679;14;5;4;1338;1;2;1;1;6;189;FRANCAIS LIBRES (BD);M;4383639;432110;300
201400022680;14;5;5;820;1;2;1;1;6;189;8, DHUODA (RUE);M;4382940;435359;300
201400022681;14;5;6;1455;1;2;3;1;1;189;MENDES FRANCE PIERRE (AV;M;4381435;438663;300
201400022682;14;5;9;1500;1;1;1;1;1;189;CANAUX (CHEMIN);M;4379175;437366;300
201400022683;14;5;13;1225;1;2;1;1;6;189;NATIONALE (RUE);M;4384003;435948;300
201400022684;14;5;13;2000;1;2;2;1;1;189;TRIAIRE SERGENT (BOULEVA;M;4383128;436428;300
201400022685;14;5;16;815;1;2;1;1;3;189;GOLF (CHEMIN OU IMPASSE);M;4385105;430978;300
201400022686;14;5;17;2258;5;2;2;1;3;189;ENCLOS REY (RUE);M;4384160;436309;300
201400022687;14;5;20;1820;1;2;2;1;3;189;PLACETTE (PLACE);M;4383371;435317;300
201400022688;14;5;20;1955;1;2;2;1;6;189;BIR HAKEIM (AVENUE);M;4384195;438787;300
201400022689;14;5;22;1005;1;2;5;1;3;189;SIMON ANDRE (RUE);M;4382511;436183;300
201400022690;14;5;27;910;1;2;1;1;4;189;LECLERC GENERAL (AVENUE);;;;300
201400022691;14;5;28;2112;2;2;1;1;6;189;GENERAC (ROUTE);;;;300
201400022692;14;5;31;955;1;2;2;1;3;189;TOUR DE L'EVEQUE (RUE);M;4382662;436616;300
201400022693;14;5;31;2225;5;1;1;1;3;189;SAUVE (ROUTE);;;;300
201400022694;14;6;6;615;1;2;1;1;6;189;TALABOT (BOULEVARD);M;4383389;436721;300
201400022695;14;6;6;1840;1;1;1;1;3;189;25, CALVAS (RUE);M;4384986;436542;300
201400022696;14;6;8;1420;1;2;1;1;1;189;SAUVE (ROUTE);;;;300
201400022697;14;6;8;2245;5;2;1;1;6;189;51, POMPIDOU GEORGES (AV;M;4383649;434634;300
201400022698;14;6;9;1650;1;2;1;1;6;189;JAURES JEAN (BOULEVARD);;;;300
201400022699;14;6;9;45;5;2;2;1;3;189;JAURES JEAN (BOULEVARD);M;4382684;435311;300
201400022700;14;6;9;2025;1;2;3;1;3;189;MENDES FRANCE PIERRE (AV;M;4382514;437850;300
201400022701;14;6;10;900;1;2;1;1;2;189;ALES (ROUTE);M;4387191;431984;300
201400022702;14;6;13;1750;1;1;1;3;3;189;ALES (ROUTE);M;4385580;432315;300
201400022703;14;6;13;1945;1;2;2;2;2;189;GAMBETTA (BD);M;4383964;435556;300
201400022704;14;6;17;1225;1;2;3;1;6;189;REPUBLIQUE (RUE);M;4383255;435845;300
201400022705;14;6;17;1750;1;2;1;1;6;189;NEPER (RUE);;;;300
201400022706;14;6;17;2150;5;2;3;2;1;189;MAURICE SCHUMANN;M;4384121;438648;300
201400022707;14;6;18;1630;1;2;1;3;2;189;REINACH SALOMON (RUE);M;4383397;437784;300
201400022708;14;6;18;2240;5;2;3;1;7;189;AVIGNON (ROUTE);M;4384219;437909;300
201400022709;14;6;20;1720;1;2;1;1;7;189;ARTS (AVENUE);M;4382387;433526;300
201400022710;14;6;25;725;1;2;1;2;2;189;MENDES FRANCE PIERRE (AV;;;;300
201400022711;14;6;26;230;3;1;3;1;7;189;MAS DE CHEYLON;M;4379372;434652;300
201400022712;14;6;26;1605;1;2;4;1;6;189;NATOIRE (BOULEVARD);M;4383080;436915;300
201400022713;14;6;30;2115;2;2;2;1;6;189;BOURDAN PIERRE (RUE);M;4384243;438495;300
201400022714;14;7;1;1240;1;2;1;1;3;189;TOUR DE L'EVEQUE (RUE);M;4382885;436286;300
201400022715;14;7;1;1545;1;2;1;1;6;189;FEUCHERES (AVENUE);M;4383295;436542;300
201400022716;14;7;1;1735;1;2;1;1;3;189;ALLENDE SALVADOR (RUE);M;4381561;434204;300
201400022717;14;7;5;1720;1;2;3;1;6;189;CHASSAINTES (RUE);M;4383702;435233;300
201400022718;14;7;7;2225;5;2;6;1;1;189;RISHON LE ZION (ROND POI;M;4383689;438851;300
201400022719;14;7;8;1912;1;2;1;1;4;189;57, JAURES JEAN (BOULEVA;M;4382948;435276;300
201400022720;14;7;8;1810;1;2;1;1;6;189;BABY JACQUES (RUE ET IMP;M;4385008;439899;300
201400022721;14;7;8;2115;2;2;3;1;3;189;SAUVE (RUE);M;4383748;434764;300
201400022722;14;7;13;52;5;2;2;1;7;189;CLERISSEAU (RUE);M;4384137;435794;300
201400022723;14;7;15;1340;1;2;6;1;3;189;ROND POINT DE LA LIBERTE;M;4381182;436693;300
201400022724;14;7;15;1452;1;2;1;1;7;189;FRANCAIS LIBRES (BD);M;4382481;432687;300
201400022725;14;7;16;725;1;2;3;1;3;189;BOSC AUGUSTE (RUE);M;4382806;434772;300
201400022726;14;7;18;15;5;2;2;1;3;189;CASERNETTE (RUE);M;4382811;435518;300
201400022727;14;7;19;1520;1;2;3;1;6;189;JAURES JEAN (BOULEVARD);M;4383793;435034;300
201400022728;14;7;23;1145;1;2;1;1;3;189;MONTPELLIER (ROUTE DE);;;;300
201400022729;14;7;25;445;5;2;1;1;3;189;MAS DE CHEYLON;M;4380026;434116;300
201400022730;14;7;25;2145;5;2;6;1;3;189;LANGUEDOC (AVENUE);;;;300
201400022731;14;7;26;1828;1;2;3;1;3;189;3, HUGO VICTOR (BOULEVAR;M;4383579;435778;300
201400022732;14;7;30;1300;1;2;1;1;2;189;BOEGNER PASTEUR MARC (BO;;;;300
201400022733;14;7;31;1820;1;2;1;1;2;189;BEAUCAIRE (ROUTE);M;4383327;442469;300
201400022734;14;8;3;1800;1;1;1;1;7;189;CANAUX (CHEMIN);M;4379169;437240;300
201400022735;14;8;4;935;1;2;1;1;2;189;ALLENDE SALVADOR (RUE);M;4382328;436772;300
201400022736;14;8;8;1915;1;2;6;1;3;189;ARTS (AVENUE);M;4382612;433265;300
201400022737;14;8;10;2330;5;2;1;1;7;189;19, ECLUSE (PLACE OU RUE;M;4383889;436578;300
201400022738;14;8;11;2135;5;2;3;1;6;189;JAURES JEAN (BOULEVARD);M;4382970;435226;300
201400022739;14;8;13;1850;1;2;2;1;6;189;TESSIER GASTON (RUE);M;4382226;435612;300
201400022740;14;8;15;15;5;2;1;1;3;189;13, GAMBETTA (BD);M;4384046;435940;300
201400022741;14;8;28;745;2;2;1;1;3;189;MONTPELLIER (ROUTE DE);M;4381323;433312;300
201400022742;14;9;1;1530;1;2;3;1;3;189;FAITA VINCENT (RUE);M;4384433;365997;300
201400022743;14;9;1;1830;1;2;2;1;3;189;DHUODA (RUE);M;4382753;435582;300
201400022744;14;9;3;1240;1;2;1;1;3;189;FAITA VINCENT (RUE);;;;300
201400022745;14;9;4;1720;1;2;1;1;3;189;JEAN LAURET;M;4380937;436163;300
201400022746;14;9;5;1730;1;2;1;1;2;189;ALLENDE SALVADOR (RUE);;;;300
201400022747;14;9;6;945;1;2;2;1;2;189;ANDUZE (ROUTE OU ANCIENN;M;4386752;430112;300
201400022748;14;9;9;2135;3;1;1;1;1;189;SAUVE (ROUTE);;;;300
201400022749;14;9;10;1025;1;2;3;1;6;189;BEAUCAIRE (ROUTE);M;4383771;438080;300
201400022750;14;9;11;2100;5;2;3;1;6;189;BROSSOLETTE PIERRE (RUE);M;4384364;439124;300
201400022751;14;9;12;630;2;1;1;1;3;189;SAINT GILLES (ROUTE);;;;300
201400022752;14;9;13;930;1;1;6;1;2;189;BEAUCAIRE (ROUTE);M;4383315;442629;300
201400022753;14;9;13;835;1;2;9;1;6;189;KENNEDY (AVENUE);M;4382636;433304;300
201400022754;14;9;14;2205;5;2;3;1;2;189;GAMBETTA (BD);M;4384045;436013;300
201400022755;14;9;14;2245;5;2;3;1;3;189;CIRQUE ROMAIN (RUE);M;4383206;435283;300
201400022756;14;9;15;925;1;2;1;2;6;189;baillet claude;M;0;0;300
201400022757;14;9;16;730;2;1;1;2;7;189;ANDUZE (ROUTE OU ANCIENN;;;;300
201400022758;14;9;17;1228;1;2;6;1;3;189;BEAUCAIRE (ROUTE);M;4383689;438826;300
201400022759;14;9;17;1300;1;2;1;1;1;189;SAINT GILLES (ROUTE);M;0;0;300
201400022760;14;9;17;1300;1;2;4;1;6;189;NATOIRE (BOULEVARD);M;4383078;436701;300
201400022761;14;9;18;810;1;2;1;2;2;189;BEAUCAIRE (ROUTE);M;4383321;442527;300
201400022762;14;9;18;920;1;2;1;1;6;189;DAUMIER (RUE);M;4382089;433377;300
201400022763;14;9;19;1511;1;2;7;1;6;189;ROBERT JEAN (PLACE);M;4384000;436570;300
201400022764;14;9;19;2120;5;2;1;1;2;189;ALLENDE SALVADOR (RUE);M;4382220;436497;300
201400022765;14;9;19;2115;5;2;1;1;7;189;MAS BOULBON (CHEMIN);;;;300
201400022766;14;9;22;1300;1;2;1;1;6;189;PITOT (RUE);M;4384725;437804;300
201400022767;14;9;22;1510;1;2;4;1;6;189;BABY JACQUES (RUE ET IMP;M;4385307;439773;300
201400022768;14;9;27;1825;1;2;1;1;7;189;JAURES JEAN (BOULEVARD);;;;300
201400022769;14;9;30;1515;1;2;2;1;3;189;21, REPUBLIQUE (RUE);M;4383217;435800;300
201400022770;14;10;1;955;1;2;3;1;3;189;PASTEUR PAUL BRUNEL;M;;;300
201400022771;14;10;6;635;5;2;2;1;3;189;JAURES JEAN (BOULEVARD);M;4383025;435234;300
201400022772;14;10;6;850;1;2;3;1;6;189;VERDUN (RUE);M;4383217;434986;300
201400022773;14;10;6;1550;1;2;6;1;3;189;ALLENDE SALVADOR (RUE);M;4382436;436926;300
201400022774;14;10;7;920;1;2;3;2;3;189;AVIGNON (ROUTE);M;4384182;437760;300
201400022775;14;10;7;1045;1;1;1;1;2;189;AVIGNON (ROUTE);M;0;0;300
201400022776;14;10;7;1210;1;2;2;3;3;189;GENERAC (ROUTE);M;4380525;433644;300
201400022777;14;10;7;2010;3;2;1;2;2;189;163, SAUVE (ROUTE);M;4383936;432183;300
201400022778;14;10;9;2210;5;2;3;1;3;189;DAYAN GEORGES (AVENUE);M;4382143;434290;300
201400022779;14;10;11;1430;1;2;2;1;3;189;TRIAIRE SERGENT (BOULEVA;M;4382671;435680;300
201400022780;14;10;11;1800;1;2;6;1;6;189;KENNEDY (AVENUE);M;4382353;432787;300
201400022781;14;10;11;2220;5;2;3;1;6;189;GALILEE (RUE, PLACE OU I;M;4382947;432653;300
201400022782;14;10;12;1525;1;2;1;2;3;189;63, LECLERC GENERAL (AVE;M;4382852;437288;300
201400022783;14;10;12;2044;5;2;2;1;3;189;RANGUEIL (RUE);M;4384211;436124;300
201400022784;14;10;14;840;1;2;3;1;3;189;SAUVE (ROUTE);M;4383942;432162;300
201400022785;14;10;16;2220;5;2;3;1;6;189;PUECH DE LA GRUE (CHEMIN;M;4382255;434770;300
201400022786;14;10;17;1246;1;2;2;1;3;189;AVIGNON (ROUTE);;;;300
201400022787;14;10;19;1141;1;2;1;1;2;189;BOEGNER PASTEUR MARC (BO;;;;300
201400022788;14;10;19;1820;1;1;6;1;6;189;BEAUCAIRE (ROUTE);M;4383321;442634;300
201400022789;14;10;24;2125;5;2;3;1;3;189;276, AVIGNON (ROUTE);M;4384725;438961;300
201400022790;14;10;26;925;1;2;3;1;1;189;BOUIN JEAN (RUE);M;4384746;437300;300
201400022791;14;10;26;1050;1;2;3;1;3;189;FAITA VINCENT (RUE);M;4384747;437301;300
201400022792;14;10;29;1556;1;2;6;1;3;189;PERE BROTTIER  (RUE);M;4381781;434750;300
201400022793;14;10;29;2255;5;2;2;1;3;189;SEMARD PIERRE (RUE);M;4384088;437325;300
201400022794;14;10;30;1815;5;2;1;1;6;189;ADER CLEMENT (AVENUE);;;;300
201400022795;14;10;31;2355;5;2;2;1;6;189;ARENES (BOULEVARD);M;4383391;435989;300
201400022796;14;10;31;840;1;2;1;1;6;189;LANGUEDOC (AVENUE);;;;300
201400022797;14;11;3;125;3;2;1;1;6;189;BRETELLE SORTIE RN 106;M;4389420;428962;300
201400022798;14;11;5;1730;2;2;3;1;3;189;MARECHAL JUIN (BOULEVARD;M;4382224;435003;300
201400022799;14;11;6;1755;2;2;3;1;3;189;FAITA VINCENT (RUE);M;4384568;437169;300
201400022800;14;11;7;950;1;2;2;1;3;189;TRAJAN (RUE);M;4383977;435338;300
201400022801;14;11;7;1650;1;2;1;1;6;189;538, PROUVE JEAN (AVENUE;M;4381421;435297;300
201400022802;14;11;8;1250;1;2;3;1;6;189;GAMBETTA (BD);M;4384043;436032;300
201400022803;14;11;10;1240;1;2;1;1;3;189;FOREZ (RUE);M;4382438;436793;300
201400022804;14;11;10;2055;5;2;2;2;3;189;TALABOT (BOULEVARD);M;4383694;437112;300
201400022805;14;11;11;1050;1;2;1;1;4;189;GENERAC (ROUTE);;;;300
201400022806;14;11;11;1512;1;2;1;1;4;189;baillet claude;;;;300
201400022807;14;11;12;1850;5;2;1;1;4;189;FAITA VINCENT (RUE);;;;300
201400022808;14;11;14;730;2;2;1;1;1;189;POULX (ROUTE DE);M;4391380;439560;300
201400022809;14;11;15;1900;5;2;1;1;3;189;FAITA VINCENT (RUE);M;4384609;437198;300
201400022810;14;11;18;1840;5;2;3;1;6;189;LILLE (RUE);M;4382830;437325;300
201400022811;14;11;18;2328;5;2;2;1;3;189;SAINTE FELICITE (RUE);M;4383017;436436;300
201400022812;14;11;19;1055;1;2;6;1;6;189;FAITA VINCENT (RUE);M;4384316;436956;300
201400022813;14;11;20;2120;3;2;1;1;7;189;AVIGNON (ROUTE);M;4385953;441169;300
201400022814;14;11;21;1025;1;2;1;1;6;189;HUGO VICTOR (BOULEVARD);;;;300
201400022815;14;11;23;1810;5;2;1;1;6;189;23, FLORIAN (RUE);M;4383512;434909;300
201400022816;14;11;24;1955;5;2;1;3;6;189;COLBERT (RUE);M;4383725;436631;300
201400022817;14;11;27;2340;5;2;1;3;2;189;ALLENDE SALVADOR (RUE);M;4383111;438138;300
201400022818;14;11;29;1410;1;2;3;1;6;189;FORT (RUE);M;4384072;435672;300
201400022819;14;11;29;1650;1;2;1;1;3;189;NATOIRE (BOULEVARD);M;4383089;436526;300
201400022820;14;12;5;1435;1;1;1;2;7;189;ALES (ROUTE);;;;300
201400022821;14;12;5;1830;5;2;3;2;3;189;FAITA VINCENT (RUE);M;4384567;437169;300
201400022822;14;12;6;1100;1;2;2;2;3;189;MAS DE CHEYLON;M;4380526;433644;300
201400022823;14;12;11;430;5;2;4;1;6;189;764, NEPER (RUE);M;4382709;433152;300
201400022824;14;12;11;935;1;2;1;1;6;189;ARENES (BOULEVARD);;;;300
201400022825;14;12;11;1715;2;2;1;1;3;189;ALLENDE SALVADOR (RUE);M;4382324;436778;300
201400022826;14;12;11;2240;5;2;1;1;3;189;TRIAIRE SERGENT (BOULEVA;M;4383111;436416;300
201400022827;14;12;12;1525;1;2;4;1;3;189;MICHEL DEBRE (RUE);M;4382238;431863;300
201400022828;14;12;21;1445;1;2;1;1;6;189;29, FONTAINE (QUAI);M;4383839;435093;300
201400022829;14;12;21;1745;3;1;1;1;1;189;ALES (ROUTE);M;4386352;432344;300
201400022830;14;12;24;2236;3;2;1;1;6;189;1332, ANTIQUAILLES (CHEM;M;4387064;434498;300
201400022831;14;12;25;2140;5;2;2;1;3;189;SAINT LAURENT (RUE);M;4383667;434715;300
201400022832;14;12;28;1440;1;2;6;1;2;189;TOUR DE L'EVEQUE (RUE);M;4382400;437000;300
201400022833;14;2;23;1730;1;1;1;1;3;11;ARAMON ROUTE D';;;;300
201400022834;14;1;11;1700;1;2;1;1;6;446;la combes;M;4605000;316538;630
201400022835;14;8;4;1600;1;1;1;1;2;116;;M;0;0;630
201400022836;14;8;9;1000;1;1;1;1;5;13;;M;4597700;317900;630
201400022837;14;10;31;1645;1;1;1;1;2;473;;M;0;0;630
201400022838;14;3;16;1715;1;1;2;7;6;53;;M;0;0;630
201400022839;14;3;20;1115;1;1;1;1;7;225;;M;0;0;630
201400022840;14;12;9;1045;1;1;1;4;3;163;;M;4577100;283100;630
201400022841;14;10;13;1815;1;1;1;1;1;193;;M;4615400;190900;230
201400022842;14;1;28;1330;1;1;1;1;6;193;;M;4614400;191100;230
201400022843;14;2;19;100;3;1;1;1;2;2;;M;4620000;196000;230
201400022844;14;3;2;515;3;1;1;1;6;68;;M;0;0;230
201400022845;14;3;8;1730;1;1;3;1;3;208;;M;4617100;180700;230
201400022846;14;5;3;1415;1;1;1;1;6;193;;M;0;0;230
201400022847;14;6;23;1845;1;1;1;2;6;262;;M;4616600;209100;230
201400022848;14;7;11;1445;1;1;1;1;6;247;;M;4620200;176200;230
201400022849;14;9;13;730;1;1;1;1;6;247;;M;0;0;230
201400022850;14;9;15;1230;1;1;1;1;2;154;;M;0;0;230
201400022851;14;10;18;30;3;2;1;1;6;88;place du 19 mars 1962;M;4615300;173900;230
201400022852;14;11;3;1815;3;1;1;2;7;138;;M;4609700;206500;230
201400022853;14;1;13;715;3;1;1;2;5;116;26116;M;0;0;260
201400022854;14;1;13;1800;3;1;2;3;3;345;26345;M;0;0;260
201400022855;14;1;7;2015;3;1;1;1;6;305;26305;M;0;0;260
201400022856;14;1;27;1730;1;1;1;1;2;357;;M;4428700;492900;260
201400022857;14;2;6;1615;1;1;1;1;6;235;26235;M;4435720;471210;260
201400022858;14;2;19;415;3;1;1;1;2;166;26166;M;0;0;260
201400022859;14;2;19;2115;3;1;1;1;6;121;26121;M;0;0;260
201400022860;14;2;19;1630;1;1;1;1;6;116;26116;M;0;0;260
201400022861;14;2;28;1545;1;2;1;1;6;235;RUE DU PONT NOIR;M;4436580;470540;260
201400022862;14;3;6;1115;1;2;1;1;6;235;AVENUE MARECHAL LECLERC;M;4437900;470070;260
201400022863;14;3;24;1830;1;1;1;1;1;235;26235;M;0;0;260
201400022864;14;3;25;1800;1;2;1;1;3;85;CITE BONLIEU;M;4449790;471350;260
201400022865;14;2;20;1245;1;1;1;1;1;3;26003;M;0;0;260
201400022866;14;3;30;1545;1;1;1;1;2;5;26005;M;0;0;260
201400022867;14;3;30;230;3;1;1;1;7;169;26169;M;0;0;260
201400022868;14;3;4;815;1;1;1;1;2;191;26191;M;0;0;260
201400022869;14;4;7;630;2;1;1;1;2;33;26033;M;0;0;260
201400022870;14;4;11;1630;1;2;1;1;1;5;RD 126 A face cimetiere;M;0;0;260
201400022871;14;4;23;1530;1;1;1;1;1;169;26169;M;0;0;260
201400022872;14;4;26;745;1;1;1;1;6;169;26169;M;0;0;260
201400022873;14;5;2;900;1;2;1;1;1;235;18 RUE JEAN MOULIN;M;4438200;470360;260
201400022874;14;5;2;1630;1;1;3;1;5;121;26121;M;0;0;260
201400022875;14;5;4;1015;1;2;1;6;7;324;RD 158;M;0;0;260
201400022876;14;5;11;2215;3;1;1;1;2;324;26324;M;0;0;260
201400022877;14;5;21;2015;1;2;2;1;3;169;RUE NOTRE DAME;M;4437990;469260;260
201400022878;14;5;29;1415;1;1;1;1;3;357;26357;M;0;0;260
201400022879;14;5;31;1815;1;1;1;1;7;5;26005;M;0;0;260
201400022880;14;6;1;745;2;1;1;1;2;339;26339;M;0;0;260
201400022881;14;6;6;1045;1;1;1;1;4;339;26339;M;0;0;260
201400022882;14;6;8;345;3;1;1;1;6;360;26360;M;0;0;260
201400022883;14;5;25;1200;1;1;1;1;7;326;26326;M;0;0;260
201400022884;14;6;18;1215;1;1;1;1;6;338;26338;M;0;0;260
201400022885;14;6;20;1600;1;1;1;1;3;312;26312;M;0;0;260
201400022886;14;6;22;1645;1;1;1;1;6;5;26005;M;0;0;260
201400022887;14;6;26;1745;1;1;1;1;7;339;26339;M;4459570;479610;260
201400022888;14;6;27;2315;3;2;1;1;1;54;RD441;M;0;0;260
201400022889;14;7;4;1700;1;1;1;3;1;322;26322;M;0;0;260
201400022890;14;7;20;1845;1;1;1;1;1;138;26138;M;0;0;260
201400022891;14;7;21;1330;1;1;1;1;4;353;26353;M;0;0;260
201400022892;14;7;31;2100;2;1;1;1;3;324;26324;M;4433390;472860;260
201400022893;14;8;2;2030;1;1;1;2;5;243;26243;M;0;0;260
201400022894;14;8;6;1715;1;1;1;1;2;235;26235;M;0;0;260
201400022895;14;8;10;1700;1;1;1;1;6;93;26169;M;0;0;260
201400022896;14;8;17;1830;1;2;9;1;6;324;AV GENERAL DE GAULLE;M;0;0;260
201400022897;14;8;20;1545;1;1;1;2;2;191;26191;M;0;0;260
201400022898;14;8;24;945;1;2;1;1;1;345;26345;M;0;0;260
201400022899;14;8;24;1215;1;1;1;1;3;235;26235;M;0;0;260
201400022900;14;8;25;815;1;1;1;1;5;85;26085;M;0;0;260
201400022901;14;8;27;400;3;1;3;1;6;5;26005;M;0;0;260
201400022902;14;7;8;1645;1;2;1;1;1;326;CHEMIN DE LA COTE;M;4432400;479880;260
201400022903;14;9;3;1515;1;1;1;1;2;169;26169;M;0;0;260
201400022904;14;9;6;1545;1;1;2;1;3;145;26145;M;0;0;260
201400022905;14;9;10;1730;1;1;1;1;5;324;26324;M;0;0;260
201400022906;14;9;10;1800;1;1;2;1;5;235;26235;M;4437460;467280;260
201400022907;14;9;17;1700;1;1;1;3;2;85;26085;M;0;0;260
201400022908;14;9;18;1730;1;2;1;1;6;106;26106;M;0;0;260
201400022909;14;9;19;745;1;1;2;3;3;235;26235;M;0;0;260
201400022910;14;9;20;1130;1;1;1;1;4;138;26324;M;0;0;260
201400022911;14;10;1;145;3;1;1;1;5;106;26106;M;0;0;260
201400022912;14;10;6;1630;1;1;1;1;7;261;26261;M;0;0;260
201400022913;14;10;7;1100;2;1;1;3;6;338;26338;M;0;0;260
201400022914;14;9;21;1615;1;1;1;1;6;176;26176;M;4464760;487110;260
201400022915;14;10;17;1245;1;1;1;1;2;5;26005;M;0;0;260
201400022916;14;10;25;1645;1;1;1;1;7;146;26146;M;0;0;260
201400022917;14;11;10;945;1;1;1;8;6;337;26337;M;0;0;260
201400022918;14;10;31;1100;1;1;1;1;4;145;26145;M;0;0;260
201400022919;14;11;16;2015;3;1;1;2;4;337;26337;M;0;0;260
201400022920;14;11;26;2245;3;1;1;2;3;312;26312;M;0;0;260
201400022921;14;12;12;915;3;1;1;1;1;85;26085;M;0;0;260
201400022922;14;12;11;1100;1;1;1;1;2;45;26045;M;0;0;260
201400022923;14;12;21;1745;5;2;1;1;6;324;RD 59;M;0;0;260
201400022924;14;12;31;845;1;1;1;6;7;127;;M;0;0;840
201400022925;14;8;1;1500;1;1;2;1;3;203;;M;4323033;279552;110
201400022926;14;1;23;900;1;1;3;2;3;265;;M;4837091;-187509;350
201400022927;14;3;9;1800;1;1;1;7;2;337;;M;4831981;-186794;350
201400022928;14;3;9;900;1;1;2;7;1;226;;M;4842677;-189051;350
201400022929;14;3;13;730;2;1;1;5;5;85;;M;4839518;-173631;350
201400022930;14;5;17;600;1;2;1;1;6;337;avenue des trente;M;4832798;-184118;350
201400022931;14;6;12;1545;1;1;1;1;7;226;;M;4839312;-190955;350
201400022932;14;6;20;1600;1;1;1;1;3;226;;M;4842792;-191023;350
201400022933;14;6;20;1600;1;1;1;7;1;308;;M;4844724;-192603;350
201400022934;14;8;23;1830;1;1;2;2;1;172;Tournebride;M;4841499;-183913;350
201400022935;14;8;28;1000;1;1;1;1;4;17;;M;4833693;-182252;350