num_acc;an;mois;jour;hrmn;lum;agg;int;atm;col;com;adr;gps;lat;long;dep
201400022936;14;9;19;1430;1;2;1;1;6;226;19 rue de rennes;M;4839655;-190129;350
201400022937;14;10;20;2030;5;2;1;1;1;85;le pont thebault;M;4841155;-175783;350
201400022938;14;12;11;715;2;2;3;1;1;337;67 RUE LAMENAIS;M;4833463;-184428;350
201400022939;14;12;23;2215;3;1;1;1;7;159;;M;0;0;350
201400022940;14;3;30;2015;1;1;1;1;6;421;;M;4854100;121000;270
201400022941;14;4;20;1445;1;1;1;1;6;309;;M;4852200;122000;270
201400022942;14;6;28;1400;1;1;1;2;1;177;;M;4852300;114300;270
201400022943;14;7;25;2130;2;1;1;1;6;421;;M;4854300;122100;270
201400022944;14;9;5;1945;2;2;1;1;6;230;53 rue octave lenoir;M;4851500;124500;270
201400022945;14;10;5;430;5;2;1;1;6;183;Rue d'EZY;M;4853400;124200;270
201400022946;14;1;24;930;1;2;1;1;6;756;rue du wetz;M;5088800;218034;620
201400022947;14;2;10;1700;1;1;1;8;1;57;;M;5089430;207072;620
201400022948;14;4;23;945;1;1;1;1;1;228;;M;5079343;197004;620
201400022949;14;8;9;1115;1;2;1;1;1;57;RD224 - RUE D'HENNUIN;M;5087773;208604;620
201400022950;14;8;23;300;5;2;1;1;6;38;AVENUE DU LAC;M;5086614;197403;620
201400022951;14;1;11;2000;5;2;2;1;3;4;Avenue des 13 Lorguais;M;4345513;647979;830
201400022952;14;1;24;1915;5;2;1;1;1;86;bd de la liberation;M;4347307;656110;830
201400022953;14;5;6;1315;1;1;1;1;3;134;;M;0;0;830
201400022954;14;7;10;1115;1;1;1;1;3;4;;M;0;0;830
201400022955;14;7;29;1730;1;1;1;1;6;4;;M;0;0;830
201400022956;14;8;8;1730;1;1;1;1;1;134;;M;0;0;830
201400022957;14;9;2;1200;1;2;1;1;6;86;;M;4347164;656632;830
201400022958;14;11;28;1400;1;1;1;2;4;148;;M;0;0;830
201400022959;14;12;5;1730;3;1;1;1;2;148;;M;0;0;830
201400022960;14;3;29;930;5;2;1;1;6;264;16 route de nancy;M;4853500;609100;540
201400022961;14;9;4;915;1;1;1;1;1;299;;M;4846900;625583;540
201400022962;14;7;4;215;3;2;1;1;6;161;RD1091;M;4493899;657459;50
201400022963;14;8;5;1445;1;1;1;1;5;107;;M;4486556;659980;50
201400022964;14;8;18;1800;1;1;1;1;3;79;5220;M;4498262;649353;50
201400022965;14;2;15;2115;3;1;1;1;7;207;;M;0;0;550
201400022966;14;5;5;845;1;1;1;7;1;120;;M;0;0;550
201400022967;14;10;12;1500;2;1;1;8;1;254;;M;4893400;519900;550
201400022968;14;2;6;1530;1;1;1;1;3;493;;M;4834300;732100;670
201400022969;14;8;14;1415;1;1;1;1;1;239;;M;0;0;670
201400022970;14;1;2;1405;1;2;6;1;3;483;BLD ENCORE/RUE CAUSSADES;M;4311570;73761;310
201400022971;14;1;15;1920;5;1;6;1;4;483;D921/RUE BOUERY;M;4309550;73654;310
201400022972;14;2;2;1930;5;2;1;1;3;483;65, FOCH (AVENUE DU MARE;M;4310470;71374;310
201400022973;14;2;6;1535;1;2;6;1;3;483;AVE FOCH/AVE JOFFRE;M;4310696;72071;310
201400022974;14;2;22;2115;5;2;1;1;6;483;102 F. MITTERRAND (AVE);M;4311132;74086;310
201400022975;14;2;22;2015;5;2;1;1;6;483;ETANCELIN PHILIPPE (RUE);M;4310000;70746;310
201400022976;14;3;13;1059;1;2;6;1;3;483;AZEMAR EUGENE (BD);M;4310680;72067;310
201400022977;14;4;4;1220;1;2;1;2;2;483;114, FRANCOIS MITTERAND;M;4311192;74394;310
201400022978;14;4;13;245;5;2;1;1;6;483;13, VIDAILHET. J (RUE);M;4311352;73297;310
201400022979;14;3;9;1640;1;2;1;1;7;483;0, MONTAGUT HENRI (AVE);M;4310762;72666;310
201400022980;14;4;30;1250;1;2;1;1;5;483;09, GAULLE (BOULEVARD CH;M;4310880;72150;310
201400022981;14;4;11;1830;1;1;1;1;7;483;3584, CAZAUX (ROUTE DE L;M;4314016;73530;310
201400022982;14;5;26;1430;1;2;9;1;3;483;ARRIEU ANSELME (AVENUE);M;4311025;71867;310
201400022983;14;6;18;1420;1;2;3;1;3;483;BD SOUMES/ALL COMMINGES;M;4312151;72486;310
201400022984;14;7;3;1206;1;2;3;1;1;483;ROUTE DE LA SERRE DE CAZ;M;4312192;72586;310
201400022985;14;7;20;1958;1;2;4;3;7;483;KENNEDY (AVENUE);M;4310623;72535;310
201400022986;14;8;11;852;1;1;1;2;7;483;1394,RTE SERRE DE NEROU;M;4313223;70596;310
201400022987;14;8;23;2308;5;2;3;1;2;483;SOUMES (BOULEVARD DU);;;;310
201400022988;14;8;31;1920;1;2;1;1;7;483;CAZAUX (RTE DE LA SERRE);M;4312214;72590;310
201400022989;14;9;1;1620;1;2;7;1;3;483;PL FOURNIER/BD CAZASSUS;M;4311253;71415;310
201400022990;14;9;2;1430;1;2;2;1;2;483;BD GAULLE/RUE NEBOUZAN;M;4310858;72098;310
201400022991;14;9;6;1625;1;1;6;1;2;483;D8/D21/bd étancelin;M;4309889;70768;310
201400022992;14;9;26;1730;1;2;3;1;6;483;RUE MONDON/RTE CLAVERIN;M;4311111;75142;310
201400022993;14;10;21;1145;1;2;3;1;2;483;ARRIEU ANSELME (AVE);M;4311067;71783;310
201400022994;14;10;21;1930;5;2;1;1;6;483;GAULLE (BLD) CHARLES DE;M;4310896;72260;310
201400022995;14;10;30;1100;1;2;2;1;5;483;02, ARRIEU ANSELME (AVE;M;4311027;71869;310
201400022996;14;11;5;1335;1;1;1;1;7;344;ASPET (ROUTE);;;;310
201400022997;14;10;1;1715;1;2;1;1;6;483;GAULLE (BOULEVARD CHARLE;M;4310923;72555;310
201400022998;14;12;8;1730;3;1;1;3;6;344;POINTIS INARD (ROUTE DE);M;4309731;77058;310
201400022999;14;12;12;1800;3;1;1;1;6;344;ASPET (ROUTE);M;4309158;75313;310
201400023000;14;12;23;1328;1;2;1;1;7;344;ASPET (ROUTE);;;;310
201400023001;14;5;12;1415;1;1;1;8;1;277;;M;0;0;690
201400023002;14;5;16;1915;1;1;2;7;5;277;;M;0;0;690
201400023003;14;7;14;1845;1;2;1;1;2;280;ROUTE DE PUSIGNAN;M;4580200;508500;690
201400023004;14;1;2;1445;1;2;1;1;2;555;999, BD DES CRETES;;;;310
201400023005;14;1;2;1630;1;2;1;1;6;555;BD DE STRASBOURG;;;;310
201400023006;14;1;2;1630;1;1;1;1;3;555;VA007331 A620;M;4362940;141988;310
201400023007;14;1;3;340;5;2;1;1;7;555;BOULINGRIN;;;;310
201400023008;14;1;5;445;5;2;1;1;6;555;28, RUE DOMINIQUE CLOS;;;;310
201400023009;14;1;7;835;1;2;3;1;1;555;1, AV JEAN RIEUX;;;;310
201400023010;14;1;7;1750;1;2;1;1;1;555;304, RTE DE SEYSSES;;;;310
201400023011;14;1;7;1455;1;2;1;1;1;557;AV DE GASCOGNE/CH PANEGA;M;4359244;133782;310
201400023012;14;1;7;1000;1;2;3;1;3;555;999, RUE BENOIT ARZAC;;;;310
201400023013;14;1;8;1630;1;2;1;1;3;149;46 MONNET (AVENUE JEAN);M;4362981;134454;310
201400023014;14;1;11;620;5;1;1;2;6;555;Rd Pt Firmin Pons;;;;310
201400023015;14;1;10;810;1;2;1;1;6;555;AV JEAN RIEUX;;;;310
201400023016;14;1;13;1135;1;2;1;2;6;69;FIL D'ARIANE (RD902);M;4365420;136475;310
201400023017;14;1;13;1145;1;2;1;1;3;149;CH SALVETAT/RP JUPITER;M;4360473;130730;310
201400023018;14;1;13;1524;1;2;1;2;6;555;25, ALL JEAN JAURES;;;;310
201400023019;14;1;13;1550;1;2;1;2;2;557;2, DOUMERGUE (RUE GASTON;M;4358252;133908;310
201400023020;14;1;9;800;1;2;3;1;3;149;MARCEL DASSAULT (BLD);M;4361090;134657;310
201400023021;14;1;10;1410;1;2;1;1;5;69;PINS (AV DES);M;4364000;138288;310
201400023022;14;1;14;1600;1;2;6;1;6;555;01, AV DE GRANDE BRETAGN;;;;310
201400023023;14;1;15;1330;1;2;1;1;3;555;999, CHE DE RIVALSUPERVI;;;;310
201400023024;14;1;15;1950;1;2;3;1;3;555;999, BD DU MARECHAL JUIN;;;;310
201400023025;14;1;16;1650;1;2;3;1;6;555;AV JEAN CHAUBET;;;;310
201400023026;14;1;16;850;1;2;1;1;4;69;FIL D'ARIANE (RD902);;;;310
201400023027;14;1;17;800;1;2;1;1;6;555;RUE GAZAGNE;;;;310
201400023028;14;1;19;1425;1;2;1;1;1;555;999, CHE COTES DE PECH D;;;;310
201400023029;14;1;20;1315;1;2;1;1;3;555;999, ESP COMPANS CAFFARE;;;;310
201400023030;14;1;17;820;1;1;1;1;1;555;VA007342 LA CEPIERE  A62;;;;310
201400023031;14;1;17;1000;1;2;1;1;3;555;170, AV DE GRANDE BRETAG;;;;310
201400023032;14;1;17;1640;1;2;1;1;6;557;PEYRETTE (CH DE LA);M;4358300;130625;310
201400023033;14;1;17;1620;1;2;1;7;6;149;BD MONTEL/ESP MITTERRAND;M;4360721;133566;310
201400023034;14;1;19;1610;1;2;1;1;6;555;27, RUE AUGUSTE GUENOT;;;;310
201400023035;14;1;20;1830;1;2;1;1;2;555;999, BD DES MINIMES;;;;310
201400023036;14;1;22;1945;5;2;1;2;6;555;1, PL DU CAPITOLE;;;;310
201400023037;14;1;21;1220;1;2;1;1;6;555;1 bis, AV PAUL SEJOURNE;;;;310
201400023038;14;1;24;620;5;2;1;2;6;555;100, ALL DE BARCELONE;;;;310
201400023039;14;1;24;1000;1;2;1;1;6;555;53, GRANDE RUE SAINT MIC;;;;310
201400023040;14;1;24;605;1;2;1;1;6;555;108, RUE LOUIS PLANA;;;;310
201400023041;14;1;25;2325;5;2;1;1;6;555;ALL DE BRIENNE;;;;310
201400023042;14;1;26;500;5;2;1;2;6;555;76, AV CAMILLE PUJOL;;;;310
201400023043;14;1;21;1826;5;2;1;1;3;149;BD DE GAULLE/ALLEE ASPIN;M;4361010;132826;310
201400023044;14;1;26;1815;5;2;1;2;3;555;0, RTE DE SEYSSES;;;;310
201400023045;14;1;27;750;3;1;1;1;2;555;VA007495 A62;;;;310
201400023046;14;1;28;710;5;2;2;1;3;555;999, CHE TRICOU;;;;310
201400023047;14;1;28;755;1;2;1;1;1;555;187, RTE D ALBI;;;;310
201400023048;14;1;22;1350;1;2;1;1;6;149;BD SELERY/ALLEE MORIAME;M;4362274;132503;310
201400023049;14;1;24;1015;1;1;1;3;2;555;VA007622 RANGUEIL A620 S;;;;310
201400023050;14;1;24;1940;5;2;1;3;6;555;1, GRANDE RUE SAINT MICH;;;;310
201400023051;14;1;29;740;2;2;1;2;6;555;22, PL DES CARMES;;;;310
201400023052;14;1;31;20;5;2;1;1;6;555;30, BD JEAN BRUNHES;;;;310
201400023053;14;1;31;1430;1;2;1;2;2;555;AV LOUIS BAZERQUE;;;;310
201400023054;14;1;31;1525;1;2;1;2;4;555;1, AV DE REYNERIE;;;;310
201400023055;14;1;31;1600;1;2;1;1;4;555;AV DES ETATS UNIS;;;;310
201400023056;14;1;31;2030;4;2;1;1;6;555;47, ALL FORAIN FRANCOIS;;;;310
201400023057;14;1;31;2140;5;1;1;1;2;555;VA007355 PURPAN A620 Sor;;;;310
201400023058;14;2;1;1450;1;2;1;3;6;69;FIL D'ARIANE (RD902);;;;310
201400023059;14;2;2;150;5;2;1;1;1;555;999, RUE DU POLE;;;;310
201400023060;14;2;2;1420;1;2;1;1;1;555;RD916;M;4355431;149769;310
201400023061;14;2;1;1230;1;2;1;1;6;557;114, LARRAMET (CH DE);M;4356074;134827;310
201400023062;14;1;30;1040;1;2;3;2;6;555;1, AV JEAN RIEUX;;;;310
201400023063;14;1;31;1400;1;2;1;1;6;555;1, RUE AUGUSTE GUENOT;;;;310
201400023064;14;1;31;1730;1;2;3;1;6;555;1, RTE DE SAINT SIMON;;;;310
201400023065;14;2;3;1610;1;2;1;1;3;555;28, RUE JEAN PERRIN;;;;310
201400023066;14;1;30;1810;5;2;3;1;6;555;416, RTE DE SAINT SIMON;;;;310
201400023067;14;1;31;1430;1;2;1;2;6;149;46, HUGO (BOULEVARD VICT;M;4361670;131227;310
201400023068;14;2;5;1450;1;2;3;1;3;555;RUE BOUDEVILLE;;;;310
201400023069;14;1;30;2010;5;2;1;2;6;555;AV CRAMPEL;;;;310
201400023070;14;2;5;2005;5;2;1;1;3;555;56, BD DE STRASBOURG;;;;310
201400023071;14;2;6;1125;1;2;1;1;2;555;AV DE FRONTON;;;;310
201400023072;14;2;6;1650;1;2;1;7;6;555;92 bis, RTE DE SAINT SIM;;;;310
201400023073;14;2;6;1355;1;2;1;1;6;555;98, BD SILVIO TRENTIN;;;;310
201400023074;14;2;7;1635;1;1;1;1;2;555;VA007379 BAYLAC  A624 So;;;;310
201400023075;14;2;7;1650;1;2;1;1;3;557;3, BORDENEUVE (CH DE);M;4357754;132576;310
201400023076;14;2;7;1745;1;2;1;1;3;555;999, AV DE CASSELARDIT;;;;310
201400023077;14;2;8;1015;1;2;1;1;7;555;PL DES CARMES;;;;310
201400023078;14;2;10;745;2;2;9;1;3;555;93, AV JEAN CHAUBET;;;;310
201400023079;14;2;6;1810;1;2;1;1;6;149;MARCEL DASSAULT (BD);M;4361127;134583;310
201400023080;14;2;6;1930;5;1;3;1;3;555;999, RUE DU POLE;;;;310
201400023081;14;2;7;2000;1;1;1;1;1;555;LA FAOURETTE A620;M;4358260;140402;310
201400023082;14;2;11;1840;5;2;1;2;6;555;9, RUE CLAUDE GONIN;;;;310
201400023083;14;2;12;200;5;2;1;2;6;69;ROND POINT BORDEBASSE;M;4363690;137568;310
201400023084;14;2;12;700;2;1;1;1;7;555;VA007553 A62;;;;310
201400023085;14;2;12;1615;1;2;1;1;3;557;1 SPORTS (ALL DES);M;4357953;134276;310
201400023086;14;2;12;1615;1;2;1;1;6;69;15, COMPANS (AV DU GENER;M;4362668;139839;310
201400023087;14;2;13;800;2;2;1;1;6;555;260, AV DE CASSELARDIT;;;;310
201400023088;14;2;13;1340;1;2;1;1;2;557;39 DOUMERGUE (RUE GASTON;M;4358410;134290;310
201400023089;14;2;14;1350;1;2;1;1;3;555;28, BD LAZARE CARNOT;;;;310
201400023090;14;2;15;2150;5;2;1;2;2;149;4, 3 COLOMIERS EST (A624;;;;310
201400023091;14;2;17;5;1;2;1;2;3;555;999, PL DU PARLEMENT;;;;310
201400023092;14;2;14;1835;5;2;1;1;3;555;1, PL INTERIEURE ST CYPR;;;;310
201400023093;14;2;21;1730;1;2;1;1;1;555;999, AV SALVADOR DALI;;;;310
201400023094;14;2;21;2140;5;2;1;1;3;555;999, ALL CHARLES DE FITT;;;;310
201400023095;14;2;26;1715;1;1;3;1;3;149;CH NASQUE/CH DE CHASSE;M;4360081;130615;310
201400023096;14;2;24;1605;1;2;1;1;2;149;RP F.LUMINEU/RTE BAYONNE;M;4360952;135275;310
201400023097;14;2;24;1935;5;2;1;1;4;149;D980;;;;310
201400023098;14;2;27;600;5;1;1;1;7;555;A 62;;;;310
201400023099;14;2;27;2230;5;2;1;2;6;555;72, AV DES ETATS UNIS;;;;310
201400023100;14;2;28;700;2;2;1;2;6;69;D 902;M;0;0;310
201400023101;14;2;28;900;2;2;1;3;2;555;999, AV EDOUARD BELIN;;;;310
201400023102;14;2;28;900;1;2;3;2;6;555;58, AV DES ETATS UNIS;;;;310
201400023103;14;3;2;1800;2;2;1;1;6;555;1, RUE DE L ETOILE;;;;310
201400023104;14;3;3;2025;5;2;1;3;6;555;999, RTE DE NARBONNE;;;;310
201400023105;14;3;3;2125;5;2;2;2;3;555;999, AV DE LA GLOIRE;;;;310
201400023106;14;1;6;1500;1;2;2;1;3;555;xx, RUE LANCEFOC;;;;310
201400023107;14;3;5;1545;1;2;3;1;6;555;999, RUE ARISTIDE MAILLO;;;;310
201400023108;14;3;6;1800;1;1;1;1;2;555;VA007313 LE CHAPITRE A64;;;;310
201400023109;14;3;7;1700;1;2;1;1;6;555;13, AV DES MAZADES;;;;310
201400023110;14;3;7;1745;1;2;1;1;3;555;999, AV JEAN RIEUX;;;;310
201400023111;14;3;8;815;1;1;1;1;7;555;VA007418 PONT JUMEAUX A6;M;4361120;141577;310
201400023112;14;3;8;1200;1;2;1;1;1;555;78, BD PIERRE ET MARIE C;;;;310
201400023113;14;3;8;1710;1;1;1;1;6;555;VA007495 A62;;;;310
201400023114;14;3;9;1355;1;2;1;1;2;555;0, BD LAZARE CARNOT;;;;310
201400023115;14;3;6;1020;1;1;1;1;5;555;VA007331 A620;M;4355800;149020;310
201400023116;14;3;11;220;5;2;1;1;7;555;2, AV YVES BRUNAUD;;;;310
201400023117;14;3;6;1724;1;2;1;1;4;557;32, AURIOL (BD VINCENT);M;4358709;134921;310
201400023118;14;3;11;1805;1;2;3;1;6;555;91, CHE DE GABARDIE;;;;310
201400023119;14;3;12;100;5;2;1;1;6;555;32, AV VICTOR SEGOFFIN;;;;310
201400023120;14;3;11;1730;1;2;2;1;1;555;999, BD DE LA GARE;;;;310
201400023121;14;3;12;1300;1;2;1;1;6;555;999, AV DU GENERAL EISEN;;;;310
201400023122;14;3;12;1845;1;2;1;2;2;555;RD901;M;4361650;139312;310
201400023123;14;3;10;1700;1;2;1;1;2;149;SIDOBRE (PLACE DU);M;4360956;134570;310
201400023124;14;3;13;1820;1;2;1;1;6;555;224, AV DES ETATS UNIS;;;;310
201400023125;14;3;12;1730;1;2;1;1;4;555;348, CHE DE TUCAUT;;;;310
201400023126;14;3;14;1015;1;2;1;1;2;555;999, RTE D ALBI;;;;310
201400023127;14;3;14;1110;1;2;6;1;3;555;999, CHE CARROSSE;;;;310
201400023128;14;3;14;1715;1;2;1;1;5;555;999, RUE DU POLE;;;;310
201400023129;14;3;14;2200;5;2;3;1;1;69;BELISAIRE (CH)/CH BERRY;M;4363373;138973;310
201400023130;14;3;15;545;1;2;1;1;7;555;999, AV DE GRANDE BRETAG;;;;310
201400023131;14;3;15;2145;1;2;3;1;3;555;112, GRANDE RUE SAINT MI;;;;310
201400023132;14;3;15;2315;5;2;1;1;3;555;AV PAUL SEJOURNE;;;;310
201400023133;14;3;16;445;1;1;1;1;7;555;VA007547 SOUPETARD A61 S;;;;310
201400023134;14;3;16;100;5;2;3;1;1;555;41, AV CRAMPEL;;;;310
201400023135;14;3;17;845;1;1;1;1;5;555;VA007518 A68;M;4364476;149756;310
201400023136;14;3;18;1800;1;2;2;1;3;555;999, RUE DU GENERAL PELE;;;;310
201400023137;14;3;14;935;1;2;6;1;2;149;RP GALILEE;M;4360973;130819;310
201400023138;14;3;20;832;1;2;2;1;2;555;RUE DU PONT GUILHEMERY;;;;310
201400023139;14;3;20;940;1;1;1;1;5;555;VA007539 LA ROSERAIE A61;;;;310
201400023140;14;3;20;1900;1;2;1;1;1;555;331, AV DE FRONTON;;;;310
201400023141;14;3;21;825;1;2;3;1;3;555;22, RUE SALVY;;;;310
201400023142;14;3;21;1125;1;1;1;1;2;555;VA007331 A620;M;4356860;141579;310
201400023143;14;3;21;1800;1;2;1;1;3;69;AVE CORNEBARRIEU/PINS;M;4363757;138383;310
201400023144;14;3;22;1700;1;2;1;1;6;555;271, AV DE MURET;;;;310
201400023145;14;3;23;600;5;2;1;1;7;555;18, PL DOMINIQUE MARTIN;;;;310
201400023146;14;3;24;1515;1;2;3;1;3;555;999, BD MATABIAU;;;;310
201400023147;14;3;24;1940;5;2;3;3;5;555;999, CHE RAYNAL;;;;310
201400023148;14;3;25;1025;1;2;1;1;6;555;BD DE L EMBOUCHURE;;;;310
201400023149;14;3;23;905;1;1;1;1;7;555;VA007644 EMPALOT A620;M;4357180;143558;310
201400023150;14;3;25;1345;1;2;1;3;1;555;25, RTE D ESPAGNE;;;;310
201400023151;14;3;25;1620;1;1;1;1;2;555;VA007493 LES IZARDS A62;;;;310
201400023152;14;3;25;2140;1;2;1;1;6;555;57, BD LASCROSSES;;;;310
201400023153;14;3;24;2000;5;2;1;1;1;555;999, RTE DE LAUNAGUET;;;;310
201400023154;14;3;25;1725;1;1;1;1;5;555;VA007379 BAYLAC  A624;M;4360490;139716;310
201400023155;14;3;26;1230;1;2;1;1;6;555;33, BD LAZARE CARNOT;;;;310
201400023156;14;3;27;820;1;2;1;1;6;555;999, RTE DE LAUNAGUET;;;;310
201400023157;14;3;27;750;1;2;1;1;5;555;999, CHE DE GABARDIE;;;;310
201400023158;14;3;26;2020;4;2;1;1;1;555;999, ALL DES DEMOISELLES;;;;310
201400023159;14;3;28;1800;1;2;1;1;6;555;999, RUE DR ALBERT SCHWE;;;;310
201400023160;14;3;28;1900;2;2;1;1;6;555;20, RTE DE REVEL;;;;310
201400023161;14;3;28;1435;1;2;1;1;3;149;CALVET (BOULEVARD EMILE);M;4361158;133662;310
201400023162;14;4;1;830;1;2;1;1;6;555;1, RUE JOACHIM DU BELLAY;;;;310
201400023163;14;4;1;900;1;1;1;1;6;555;VA007333 LA FAOURETTE;M;4358140;140482;310
201400023164;14;4;1;1140;1;2;1;1;3;555;2, RUE MONTMORENCY;;;;310
201400023165;14;3;27;1910;2;2;1;1;6;555;999, AV JULES JULIEN;;;;310
201400023166;14;4;2;1000;1;2;1;1;6;555;37bis, AV JEAN ZAY;;;;310
201400023167;14;4;3;1350;1;2;1;1;6;555;235, AV DE FRONTON;;;;310
201400023168;14;4;3;1730;1;2;1;1;1;555;19, CHE DE LA LOGE;;;;310
201400023169;14;4;5;215;1;2;1;1;2;555;65, AV DES MINIMES;;;;310
201400023170;14;4;5;425;1;2;1;1;2;555;999, ALL JULES GUESDE;;;;310
201400023171;14;4;7;820;1;2;1;1;6;557;158, LARRAMET (CH DE);M;4356058;135509;310
201400023172;14;4;7;1345;1;1;1;1;2;555;VA007379 BAYLAC  A624 So;M;4360490;139729;310
201400023173;14;4;7;1755;1;2;1;1;6;555;999, AV DE RANGUEIL;;;;310
201400023174;14;4;2;1700;1;2;1;1;6;149;OCCITANIE (PLACE D');M;4361133;133515;310
201400023175;14;4;1;1755;1;2;1;1;2;149;Maurice Grynfogel (bd);M;4361686;133988;310
201400023176;14;4;7;700;1;2;1;1;2;149;07, MARCEL DASSAULT (BOU;M;4361027;134854;310
201400023177;14;4;8;1005;1;2;1;1;6;555;3, BD LASCROSSES;;;;310
201400023178;14;4;8;1630;1;2;1;1;6;555;75, ALL JULES GUESDE;;;;310
201400023179;14;4;8;2325;5;2;2;1;1;555;0, AV DE LARDENNE;M;4359210;139939;310
201400023180;14;4;9;1120;1;2;3;1;3;555;999, RUE BERTRAND DE BOR;;;;310
201400023181;14;4;9;1940;1;1;1;1;2;555;DEMOISELLE/RANGUEIL;M;4357230;145796;310
201400023182;14;4;9;2118;5;1;1;1;6;555;VA007500 CROIX DAURADE A;;;;310
201400023183;14;4;10;1028;1;2;1;1;3;69;BRASSENS (AV GEORGE;M;4364954;137970;310
201400023184;14;4;10;1930;1;2;1;1;3;149;15, BD DE L'EUROPE;M;4360039;135618;310
201400023185;14;4;11;655;1;1;1;1;1;149;HUGO (BLD) VICTOR;M;4360496;130690;310
201400023186;14;4;12;1429;1;2;1;1;3;149;RN124;;;;310
201400023187;14;4;12;1640;1;2;1;1;6;555;999, RUE D ALSACE LORRAI;;;;310
201400023188;14;4;13;20;5;2;2;1;3;555;999, BD DE BONREPOS;;;;310
201400023189;14;4;13;50;5;1;1;1;2;555;VA007306 A64;;;;310
201400023190;14;4;13;827;1;2;3;1;3;555;999, RTE DE SAINT SIMON;;;;310
201400023191;14;4;13;1820;1;2;9;1;6;555;37, RUE ROBERT MESURET;;;;310
201400023192;14;4;14;830;1;2;1;1;6;555;999, RUE ADOLPHE COLL;;;;310
201400023193;14;4;9;2035;2;2;1;1;7;555;999, Rd Pt Firmin Pons;;;;310
201400023194;14;4;14;835;1;2;1;1;6;555;118, RTE DE NARBONNE;;;;310
201400023195;14;4;15;845;1;2;3;1;3;557;TARBES (ROUTE DE);;;;310
201400023196;14;4;15;1045;1;2;1;1;2;555;408, AV DE FRONTON;;;;310
201400023197;14;4;15;1645;1;1;1;1;4;555;VA008482 A624;M;4361130;137832;310
201400023198;14;4;15;1550;1;2;1;1;3;149;8, BRUNAUD (AVENUE YVES);M;4361499;134731;310
201400023199;14;4;15;1815;1;1;1;1;4;555;VA008124 A 620;M;4360540;140471;310
201400023200;14;4;16;828;1;2;1;1;3;555;223, RTE D ALBI;;;;310
201400023201;14;4;16;2000;1;2;2;1;1;149;AL DU LOT/RUE GILET;M;4360963;133927;310
201400023202;14;4;17;650;1;1;1;1;1;555;VA008482 A624 ancely;M;4360530;139485;310
201400023203;14;4;17;2200;5;2;1;1;2;555;999, BD DES RECOLLETS;;;;310
201400023204;14;4;19;610;5;1;1;1;2;555;VA007418 PURPAN;M;4360610;140626;310
201400023205;14;4;22;2040;1;2;1;1;5;555;999, RTE DE NARBONNE;;;;310
201400023206;14;4;23;650;5;2;1;1;3;149;MONTEL (BD)/AL COMMINGES;M;4360705;133525;310
201400023207;14;4;23;1815;1;2;1;1;3;555;999, CHE DE FENOUILLET;;;;310
201400023208;14;4;23;850;1;2;1;1;6;555;13, RUE DE METZ;;;;310
201400023209;14;4;24;1335;1;2;1;1;1;555;999, RUE ANDRE VASSEUR;;;;310
201400023210;14;4;24;1820;1;2;1;1;3;555;999, AV DE FRONTON;;;;310
201400023211;14;4;25;1140;1;2;1;1;6;555;999, RUE ANTONIO VIVALDI;;;;310
201400023212;14;4;28;615;2;2;1;1;6;69;51, BUCHES (RUE DES);M;4363674;139138;310
201400023213;14;4;28;900;1;2;1;1;3;69;88 RTE GRENADE/ PASTEUR;M;4363437;139135;310
201400023214;14;4;28;1445;1;2;1;1;2;149;SALVETAT (CHEMIN DE);M;4360333;130469;310
201400023215;14;4;29;1700;1;1;1;1;2;555;VA007331 A620;M;4358310;140373;310
201400023216;14;4;28;1135;1;2;1;1;6;555;999, RUE HENRI DESBALS;;;;310
201400023217;14;4;30;820;1;1;1;1;2;555;VA007622 RANGUEIL A620 S;M;4357230;145823;310
201400023218;14;4;30;1010;1;2;1;1;1;149;LOUDET (CHEMIN DU);M;4360776;130078;310
201400023219;14;4;30;2355;5;2;3;1;6;555;999, AV DE L URSS;;;;310
201400023220;14;5;3;1710;1;2;1;1;6;555;999, AV DE LAVAUR;;;;310
201400023221;14;5;4;115;5;2;3;1;3;555;999, AV DES MINIMES;;;;310
201400023222;14;5;4;600;5;2;3;1;3;555;999, AV DE LA GLOIRE;;;;310
201400023223;14;5;6;209;5;1;1;1;2;555;VA007440 LES MINIMESA620;M;4362420;141788;310
201400023224;14;5;6;1345;1;2;1;1;2;555;60, BD DE L EMBOUCHURE;;;;310
201400023225;14;5;7;1945;1;2;1;1;6;555;42, RUE DE LA BEAUCE;;;;310
201400023226;14;5;8;225;5;2;2;1;6;555;81, BD LAZARE CARNOT;;;;310
201400023227;14;5;8;2220;5;2;1;1;6;555;999, AV DES MINIMES;;;;310
201400023228;14;5;2;2040;2;2;3;1;3;149;COMMINGES/PISCINE (ALLEE;M;4360764;133347;310
201400023229;14;5;8;1430;1;2;1;1;3;555;91, BD GABRIEL KOENIGS;;;;310
201400023230;14;5;10;2340;1;2;1;1;1;555;125, RTE DE REVEL;;;;310
201400023231;14;5;13;2020;1;2;1;1;6;555;999, ALL GABRIEL BIENES;;;;310
201400023232;14;5;14;715;1;2;1;1;3;555;999, PONT GARIGLIANO;;;;310