num_acc;an;mois;jour;hrmn;lum;agg;int;atm;col;com;adr;gps;lat;long;dep
201400023233;14;5;14;1115;1;2;1;1;3;555;999, AV DES ETATS UNIS;;;;310
201400023234;14;5;14;1910;1;1;1;1;3;555;VA007500 CROIX DAURADA62;;;;310
201400023235;14;5;15;730;1;1;1;1;7;555;VA007306 A64;;;;310
201400023236;14;5;16;745;1;2;1;1;1;149;ROUERGUE (ALLEE DU);M;4360942;133018;310
201400023237;14;5;16;850;1;2;2;1;3;555;999, AV EMMANUEL MAIGNAN;;;;310
201400023238;14;5;16;1005;1;2;1;1;6;555;999, PL DU RAVELIN;;;;310
201400023239;14;5;17;350;4;2;1;1;6;555;15, BD DE LA GARE;;;;310
201400023240;14;5;17;1730;1;2;1;1;6;555;999, RUE RIGUEPELS;;;;310
201400023241;14;5;17;1950;1;2;3;1;3;555;ALL DES DEMOISELLES;;;;310
201400023242;14;5;18;1255;1;2;1;1;6;555;72, RUE ACHILLE VIADIEU;;;;310
201400023243;14;5;18;1640;1;2;1;1;6;555;17, RUE ANDRE CHAMSON;;;;310
201400023244;14;5;18;1725;1;2;1;1;3;555;20, GRANDE RUE SAINT MIC;;;;310
201400023245;14;5;18;1900;1;2;1;1;2;555;221, RTE D ALBI;;;;310
201400023246;14;5;16;1920;1;2;1;1;7;149;EL PEY (CHEMIN D');M;4360218;131492;310
201400023247;14;5;17;1345;1;2;1;1;6;149;80, LOUDET (CHEMIN DU);M;4360983;130776;310
201400023248;14;5;19;850;1;1;1;1;2;555;VA007644 EMPALOT A620 So;M;4357070;143147;310
201400023249;14;5;20;1105;1;2;1;1;6;69;CORNEBARRIEU (ROUTE DE);M;4364502;136427;310
201400023250;14;5;20;935;1;2;1;1;4;555;10, PORT SAINT SAUVEUR;;;;310
201400023251;14;5;20;1220;1;2;5;1;3;555;BD PIERRE ET MARIE CURIE;;;;310
201400023252;14;4;18;1340;1;2;1;1;6;555;42, RUE MATABIAU;;;;310
201400023253;14;5;16;1400;1;2;1;1;6;555;15, RUE DE LA REPUBLIQUE;;;;310
201400023254;14;5;18;1730;1;2;1;1;6;555;82, RTE DE BAYONNE;;;;310
201400023255;14;5;23;850;1;2;1;1;3;149;12, GUYNEMER (AVE) GEORG;M;4361784;134396;310
201400023256;14;5;23;1240;1;2;1;1;2;69;FIL D'ARIANE (RD902);;;;310
201400023257;14;5;23;2050;2;2;1;1;6;149;RN124;M;4360690;133142;310
201400023258;14;5;24;1730;1;1;1;1;6;555;VA008432 LANGLADE A620;M;4356860;141992;310
201400023259;14;5;24;2345;5;2;6;1;6;555;999, AV ETIENNE BILLIERE;;;;310
201400023260;14;5;23;1800;1;2;3;1;3;555;999, AV DES ETATS UNIS;;;;310
201400023261;14;5;24;1520;1;2;1;1;2;555;999, AV DES ETATS UNIS;;;;310
201400023262;14;5;27;1710;1;2;1;1;6;555;13, CHE CARROSSE;;;;310
201400023263;14;5;26;1515;1;2;1;3;6;555;10, CHE DES CAPELLES;;;;310
201400023264;14;5;28;655;1;2;2;1;3;555;AV JEAN ZAY;;;;310
201400023265;14;5;28;745;1;2;1;1;3;555;999, BD RICHARD WAGNER;;;;310
201400023266;14;5;28;1930;2;2;1;3;1;555;RTE DE LABEGE;;;;310
201400023267;14;5;28;1240;1;2;6;1;6;555;999, RUE LOUIS BONIN;;;;310
201400023268;14;5;29;1635;1;2;6;1;3;555;ROND POINT LALANDE;;;;310
201400023269;14;5;30;1400;1;2;1;1;6;555;999, RUE D ARMAGNAC;;;;310
201400023270;14;5;30;1435;1;1;1;1;6;555;VA007440 LES MINIMESA620;;;;310
201400023271;14;5;30;1645;1;2;3;1;3;555;19, AV JEAN RIEUX;;;;310
201400023272;14;5;30;1850;1;2;1;1;6;555;999, RUE THOMAS EDISON;;;;310
201400023273;14;5;30;1930;1;2;1;1;6;555;325, AV DES ETATS UNIS;;;;310
201400023274;14;5;30;750;1;2;3;1;3;555;999, RUE DU POLE;;;;310
201400023275;14;5;31;1325;1;2;1;1;6;555;42, RUE DE LA TOURAINE;;;;310
201400023276;14;6;1;2315;5;2;1;1;6;149;3, MONNET (AVENUE JEAN);M;4361784;134082;310
201400023277;14;6;2;1525;1;2;1;1;6;555;67, GRANDE RUE SAINT MIC;;;;310
201400023278;14;6;3;1435;1;2;1;1;7;555;16, AV CAMILLE FLAMMARIO;;;;310
201400023279;14;6;2;1700;1;2;1;1;6;555;999, RUE DU CHER;;;;310
201400023280;14;6;2;1610;1;2;1;1;1;555;999, AV DE GRANDE BRETAG;;;;310
201400023281;14;6;5;1345;1;2;3;1;6;555;1, AV DE LESPINET;;;;310
201400023282;14;6;5;2329;4;2;1;1;7;149;sortie 4/colomiers gare;M;4360624;133759;310
201400023283;14;6;2;1658;1;2;1;1;6;149;ADER (AVENUE CLEMENT);M;4361525;134570;310
201400023284;14;6;5;1755;1;2;1;1;6;149;EUGENE MONTEL (BOULEV);M;4360780;133582;310
201400023285;14;6;7;1210;1;2;3;1;3;555;999, RUE DOULADOURE;;;;310
201400023286;14;6;7;2110;1;2;1;1;7;555;999, AV CRAMPEL;;;;310
201400023287;14;6;10;1000;1;2;5;1;7;555;47, BD LAZARE CARNOT;;;;310
201400023288;14;6;10;1255;1;2;1;1;7;555;37, AV HONORE SERRES;;;;310
201400023289;14;6;10;1740;1;2;1;1;1;555;999, PONT DES CATALANS;;;;310
201400023290;14;6;11;1220;1;2;1;1;3;555;999, ALL DE BARCELONE;;;;310
201400023291;14;6;11;1536;1;2;1;1;3;69;211, GRENADE (ROUTE DE);M;4364434;138581;310
201400023292;14;6;11;1600;1;2;1;1;1;557;210, RAMELET MOUNDI (CH;M;4357917;135908;310
201400023293;14;6;11;1840;1;2;1;1;1;555;143, CHE DE FENOUILLET;;;;310
201400023294;14;6;11;1920;1;2;1;1;3;555;37 Bis, AV HONORE SERRES;;;;310
201400023295;14;6;11;2218;5;2;1;1;6;555;999, CHE HENRI BESSEMER;;;;310
201400023296;14;6;11;2242;5;1;1;1;2;555;VA007331 A620;M;4355570;149142;310
201400023297;14;6;12;1310;1;2;1;1;6;555;999, RUE SARAH BERNHARDT;;;;310
201400023298;14;6;12;1630;1;2;1;1;7;555;999, AV DES ETATS UNIS;;;;310
201400023299;14;6;12;2000;1;2;1;1;6;555;44, ALL JEAN JAURES;;;;310
201400023300;14;6;13;1935;1;2;2;1;3;69;BARTAVELLES/BRASSENS;M;4364868;137229;310
201400023301;14;6;15;20;5;2;1;1;6;149;SAINT GRANIER (AVENUE DE;M;4359724;136307;310
201400023302;14;6;16;10;5;2;1;1;1;555;RD916;M;4355879;149597;310
201400023303;14;6;17;1635;1;2;1;1;3;149;ingres (auguste);M;4359708;134989;310
201400023304;14;6;18;1608;1;2;3;1;1;555;999, BD LAZARE CARNOT;;;;310
201400023305;14;6;18;2005;1;2;1;1;5;555;CHE MARTYRS DE BORDELONG;;;;310
201400023306;14;6;19;745;1;2;1;1;6;555;999, PL DU DR JOSEPH BAY;;;;310
201400023307;14;6;19;825;1;2;1;1;3;555;14, IMP BARTHE;;;;310
201400023308;14;6;19;1000;1;2;1;7;6;555;116, RTE DE BLAGNAC;;;;310
201400023309;14;6;19;1705;1;1;1;1;2;555;VA007418 PONTJUMEAUXA620;M;4361130;141590;310
201400023310;14;6;20;1930;1;2;1;1;3;555;8, BD LASCROSSES;;;;310
201400023311;14;6;20;1235;1;2;1;1;6;555;10, RUE MARIE FRANCE BRI;;;;310
201400023312;14;6;20;1155;1;1;1;1;5;555;VA00 N124;;;;310
201400023313;14;6;21;1849;1;2;1;1;1;555;39, RUE DU PONT DE TOUNI;;;;310
201400023314;14;6;21;2110;5;1;1;1;7;557;sortie tournef./lardenne;M;4358789;136139;310
201400023315;14;6;20;1620;1;2;1;1;3;555;999, BD DE BONREPOS;;;;310
201400023316;14;6;23;810;1;2;1;1;3;149;49, GILET (RUE);M;4361029;133957;310
201400023317;14;6;23;1740;1;2;2;1;3;555;CHE DU COIN DE LA MOURE;;;;310
201400023318;14;6;24;1;4;2;3;1;3;555;999, BD PIERRE PAUL RIQU;;;;310
201400023319;14;6;24;900;1;2;1;1;6;555;19, AV CAMILLE PUJOL;;;;310
201400023320;14;6;24;1330;1;2;1;1;5;555;999, AV M BOURGES MAUNOU;;;;310
201400023321;14;6;24;1415;1;2;1;1;3;555;999, CHE DE LA SALADE PO;;;;310
201400023322;14;6;25;735;1;1;1;1;5;555;VA007331 A620;M;4357529;144041;310
201400023323;14;6;25;635;1;1;1;1;7;555;VA007440 LES MINIMESA620;M;4362960;141990;310
201400023324;14;6;25;1700;1;2;1;1;2;555;sortie 03/colomiers est;M;4360919;135711;310
201400023325;14;6;27;933;1;2;2;1;3;555;., AV ALBERT BEDOUCE;;;;310
201400023326;14;6;28;2030;1;2;1;1;3;555;999, AV DE LYON;;;;310
201400023327;14;6;30;2055;1;2;1;1;6;555;999, AV DE REYNERIE;;;;310
201400023328;14;6;30;2245;5;2;3;1;6;555;148, BD DE SUISSE;;;;310
201400023329;14;6;25;1725;1;2;3;1;1;555;127, RUE HENRI DESBALS;;;;310
201400023330;14;7;1;1215;1;2;3;1;3;555;16, RUE DU REMPART ST ET;;;;310
201400023331;14;7;1;145;5;2;1;1;7;69;1, SARRAZINIERE (RUE);M;4363621;139857;310
201400023332;14;7;1;1120;1;2;1;1;3;555;999, BD DE LA MARQUETTE;;;;310
201400023333;14;7;1;1510;1;2;1;1;6;149;2 PIBRAC (ROUTE DE);M;4361325;132251;310
201400023334;14;7;2;1215;1;1;1;8;4;69;3 LE RITOURET (FIL D'ARI;;;;310
201400023335;14;7;2;2117;2;2;8;1;3;555;ALL MAURICE SARRAUT;;;;310
201400023336;14;7;3;1418;1;2;1;1;5;555;999, CHE DE TUCAUT;;;;310
201400023337;14;7;5;1215;1;2;1;1;4;555;999, ALL FORAIN FRANCOIS;;;;310
201400023338;14;7;4;1710;1;2;1;1;6;555;45, AV DE L URSS;;;;310
201400023339;14;7;6;1000;1;1;1;1;2;555;VA007539 LA ROSERAIE A61;;;;310
201400023340;14;7;6;2036;5;1;1;9;7;555;VA007440 LES MINIMESA620;M;4362410;141782;310
201400023341;14;7;7;1630;1;2;1;1;2;555;999, PONT SAINT MICHEL;;;;310
201400023342;14;7;8;1800;1;2;3;1;6;555;999, CHE DE TOURNEFEUILL;;;;310
201400023343;14;7;7;1650;1;2;1;1;6;149;27, HUGO (BLD) VICTOR;M;4361209;130874;310
201400023344;14;7;9;2025;1;2;3;1;3;555;137, CHE DE LAPUJADE;;;;310
201400023345;14;7;9;2354;5;2;1;1;6;555;999, AV M BOURGES MAUNOU;;;;310
201400023346;14;7;10;130;5;2;3;1;6;555;999, BD DE SUISSE;;;;310
201400023347;14;7;7;1915;1;1;1;1;4;555;VA008432 LANGLADE A620 S;M;4356860;142045;310
201400023348;14;7;11;1627;1;2;1;1;7;555;2, RUE ROGER CAMBOULIVES;;;;310
201400023349;14;7;15;1850;1;2;1;1;6;555;999, RUE PEYROLIERES;;;;310
201400023350;14;7;13;1915;1;2;1;1;2;149;VA008482 N124;;;;310
201400023351;14;7;14;140;5;2;3;1;2;555;RUE DU POLE;;;;310
201400023352;14;7;14;1515;1;2;1;1;1;555;0, BD DE GENEVE;;;;310
201400023353;14;7;16;1721;1;2;1;1;2;555;999, BD D ARCOLE;;;;310
201400023354;14;7;17;235;5;2;2;1;3;555;2, AV ETIENNE BILLIERES;;;;310
201400023355;14;7;15;1220;1;2;1;1;5;555;27, CHE DE LESTANG;M;4355480;139439;310
201400023356;14;7;20;600;2;2;1;1;3;555;999, RUE DE METZ;;;;310
201400023357;14;7;19;1030;1;2;1;1;2;69;2, ZOLA (ALL)  EMILE;M;4364474;136928;310
201400023358;14;7;19;1715;1;1;1;1;2;555;VA007331 A620;M;4365420;142641;310
201400023359;14;7;20;340;5;1;1;1;6;555;VA007495 A62;;;;310
201400023360;14;7;20;2015;1;2;1;1;3;555;999, AV DU GENERAL EISEN;;;;310
201400023361;14;7;21;1120;1;2;4;1;3;149;ALL LAURAGAIS/ROUERGUE;M;4360992;133173;310
201400023362;14;7;21;2020;5;2;1;1;5;555;999, AV DES ETATS UNIS;;;;310
201400023363;14;7;22;1535;1;2;1;1;3;555;999, AV DE LARDENNE;;;;310
201400023364;14;7;22;1710;1;2;1;1;2;555;RUE LOUIS PLANA;;;;310
201400023365;14;7;22;2010;1;2;6;1;3;555;131, RTE DE LAUNAGUET;;;;310
201400023366;14;7;22;2020;1;1;1;1;2;555;VA007500 CROIX DAURADE A;;;;310
201400023367;14;7;23;1840;1;2;1;1;6;555;999, RUE JEAN MERMOZ;;;;310
201400023368;14;7;23;2305;1;2;2;1;3;555;999, RTE D ALBI;;;;310
201400023369;14;7;27;1830;1;2;1;1;3;557;111, TARBES (ROUTE DE);M;4358057;133404;310
201400023370;14;7;28;1835;1;1;1;2;4;555;VA001490 A621;;;;310
201400023371;14;7;29;1755;1;2;1;1;1;555;4, RUE THEODORE OZENNE;;;;310
201400023372;14;7;29;2055;1;2;3;1;3;555;230, RTE DE LAUNAGUET;;;;310
201400023373;14;7;31;1125;1;2;2;1;3;555;999, RUE PEYRAS;;;;310
201400023374;14;7;31;850;1;1;1;1;2;555;VA007553 A61;;;;310
201400023375;14;7;31;1830;1;2;1;1;6;555;999, RUE DE METZ;;;;310
201400023376;14;8;1;1715;1;2;1;1;2;555;203, AV DE FRONTON;;;;310
201400023377;14;8;1;1815;1;2;1;1;2;555;100, BD SILVIO TRENTIN;;;;310
201400023378;14;8;3;2200;5;2;1;1;3;555;61, BD DE STRASBOURG;;;;310
201400023379;14;8;4;345;5;2;1;1;7;555;31, BD DEODAT DE SEVERAC;;;;310
201400023380;14;8;4;800;1;1;1;1;2;69;A621 ST MICHEL DU TOUCH;;;;310
201400023381;14;8;5;100;5;2;1;1;7;555;19, RUE DE METZ;;;;310
201400023382;14;8;6;1800;1;2;1;1;2;555;999, AV DE GRANDE BRETAG;;;;310
201400023383;14;8;7;850;1;2;1;1;1;555;999, ROND POINT HENRY PO;;;;310
201400023384;14;8;9;1335;1;1;1;1;6;555;VA007333 LA FAOURETTE;M;4358270;140398;310
201400023385;14;8;10;48;5;2;1;1;6;555;999, RUE JEAN GOUJON;;;;310
201400023386;14;8;11;1315;1;2;1;1;3;555;999, RUE DU POLE;;;;310
201400023387;14;8;11;1500;1;2;1;1;6;69;216, GRENADE (ROUTE DE);M;4364683;138408;310
201400023388;14;8;12;1515;1;2;1;1;6;555;999, BD ANDRE NETWILLER;;;;310
201400023389;14;8;12;1910;1;2;1;1;2;555;999, PONT SAINT MICHEL;;;;310
201400023390;14;8;12;1935;1;2;1;1;6;555;RTE D ALBI;;;;310
201400023391;14;8;4;1220;1;1;1;3;6;555;VA007355 PURPAN A620 Sor;M;4360500;140365;310
201400023392;14;8;15;1128;1;2;1;1;6;555;23, BD DE BONREPOS;;;;310
201400023393;14;8;15;1350;1;2;1;1;3;555;999, AV JEAN ZAY;;;;310
201400023394;14;7;30;1825;1;2;2;1;6;555;999, AV ETIENNE BILLIERE;;;;310
201400023395;14;8;16;1310;1;2;1;1;2;555;344, AV DES ETATS UNIS;;;;310
201400023396;14;8;13;1608;1;2;1;1;6;149;Rond Point fontaine lumi;M;4360919;135241;310
201400023397;14;8;18;1950;1;2;3;1;3;555;999, PL DU DR JOSEPH BAY;;;;310
201400023398;14;8;19;1515;1;2;1;1;6;149;EUGENE MONTEL (BLD);M;4360876;133623;310
201400023399;14;8;20;2325;5;1;1;1;6;69;A621 SAINT MICHEL DU TOU;M;4362250;139171;310
201400023400;14;8;20;1715;1;2;1;1;6;149;CHE DE LAPUJOUANE;M;4359511;134802;310
201400023401;14;8;21;1750;1;2;1;1;2;555;3, AV MAURICE MAGRE;;;;310
201400023402;14;8;21;1945;1;2;1;1;6;555;73, RTE D ALBI;;;;310
201400023403;14;8;23;500;5;2;1;1;6;555;6, AV DES ETATS UNIS;;;;310
201400023404;14;8;22;1600;1;1;1;2;4;555;VA007342 LA CEPIERE A620;M;4358290;140381;310
201400023405;14;8;22;1150;1;2;1;1;6;149;AV MAURICE GRYNFOGEL;M;4361821;133889;310
201400023406;14;8;24;450;5;2;1;1;6;555;999, ALL DES FOULQUES;;;;310
201400023407;14;8;25;1840;1;2;1;1;3;555;126, CHE DE NICOL;;;;310
201400023408;14;8;25;2215;5;2;1;1;2;555;341, AV DES ETATS UNIS;;;;310
201400023409;14;8;26;2210;5;1;1;3;6;555;VA007644 EMPALOT A620;M;4357070;143173;310
201400023410;14;8;27;250;5;1;1;2;2;555;VA007313 LE CHAPITRE A64;;;;310
201400023411;14;8;22;1545;1;1;1;2;6;555;VA007342 LA CEPIERE A620;M;4359130;139885;310
201400023412;14;8;27;1710;1;2;3;1;3;555;999, RTE DE NARBONNE;;;;310
201400023413;14;8;28;715;1;2;3;1;6;555;999, RUE DU CANON D ARCO;;;;310
201400023414;14;8;28;940;1;1;1;1;4;555;VA007518 A68;M;4364070;148885;310
201400023415;14;8;28;1540;1;1;1;1;6;149;ECH ST MARTIN A624/D 901;M;4361020;138553;310
201400023416;14;8;28;1125;1;2;3;1;6;149;SIGAL (CH)/AL BLANQUETTE;M;4360610;132785;310
201400023417;14;8;29;700;1;2;1;1;6;149;8, BRUNAUD (AVENUE YVES);M;4361521;134589;310
201400023418;14;8;30;500;5;2;1;1;6;555;999, RD PT JJ LAFFONT;;;;310
201400023419;14;8;30;1700;1;2;1;1;6;555;999, RUE DES POTIERS;;;;310
201400023420;14;9;1;310;1;2;1;1;6;555;167, AV DE MURET;;;;310
201400023421;14;9;1;1130;1;2;1;1;3;555;999, AV DES MINIMES;;;;310
201400023422;14;9;1;1709;1;2;1;1;4;69;DEWOITINE (RD-PT EMILE);M;4362544;138302;310
201400023423;14;9;1;830;1;2;4;1;3;557;CH PIERRE (CH)/LANGUEDOC;M;4358371;133836;310
201400023424;14;9;1;1500;1;2;1;1;1;149;THULIEZ (allée);M;4362333;132687;310
201400023425;14;9;2;1330;1;2;1;1;3;555;142, AV DES ETATS UNIS;;;;310
201400023426;14;9;2;1740;1;2;1;1;5;555;999, AV M BOURGES MAUNOU;;;;310
201400023427;14;9;2;1505;1;2;1;1;2;555;999, ALL DE BRIENNE;;;;310
201400023428;14;9;3;1055;1;2;1;1;2;555;17, BD SILVIO TRENTIN;;;;310
201400023429;14;9;4;1650;1;1;1;1;2;555;VA008482 A624;M;4360950;138666;310
201400023430;14;9;5;1850;1;1;1;1;6;555;999, CHE DE PAYSSAT;;;;310
201400023431;14;9;7;1628;1;1;1;1;5;555;VA007456 SESQUIERES;M;4365110;142277;310
201400023432;14;9;8;1700;1;2;1;1;1;557;87, TARBES (ROUTE DE);M;4357918;133068;310
201400023433;14;9;9;2105;1;2;1;1;2;555;4, AV JEAN RIEUX;;;;310
201400023434;14;9;9;1315;1;2;1;1;6;149;MONTURON (AVENUE DE);M;4361654;131071;310
201400023435;14;9;9;1725;1;2;1;1;1;149;AVE G BRASSENS/AVE MAGRE;M;4359917;134608;310
201400023436;14;9;9;1840;1;2;1;1;7;555;21, AV GEORGES POMPIDOU;;;;310
201400023437;14;9;10;1335;1;2;1;1;4;555;376, AV DES ETATS UNIS;;;;310
201400023438;14;9;10;1505;1;2;1;1;2;555;63, BD LASCROSSES;;;;310
201400023439;14;9;10;1905;1;2;1;1;7;555;118, AV FREDERIC ESTEBE;;;;310
201400023440;14;9;11;755;1;2;6;1;3;555;ROND POINT JANY;;;;310
201400023441;14;9;11;1000;1;2;1;1;6;555;36, RUE D ALSACE LORRAIN;;;;310
201400023442;14;9;11;1310;1;2;2;1;3;555;999, RUE GABRIEL PERI;;;;310
201400023443;14;9;12;800;1;2;1;1;6;555;34, RUE CIMETIERE ST CYP;;;;310
201400023444;14;9;11;950;1;2;1;1;3;555;269, RTE DE NARBONNE;;;;310
201400023445;14;9;11;2025;1;1;1;1;2;555;VA007333LA FAOURETTEA620;M;4358300;140375;310
201400023446;14;9;12;845;1;2;2;1;3;555;999, RUE DELMAS;;;;310
201400023447;14;9;12;1650;1;2;1;1;2;555;999, R-PT EUGENE CLAUDIU;;;;310
201400023448;14;9;13;1030;1;2;1;1;3;555;999, BARRIERE DE LOMBEZ;;;;310
201400023449;14;9;10;555;5;2;1;1;7;555;213, AV ANTOINE DE ST EX;;;;310
201400023450;14;9;10;845;1;2;1;1;7;555;999, RUE JACQUES BABINET;;;;310
201400023451;14;9;11;830;1;2;1;1;3;557;275, LARDENNE (AV DE);M;4358991;137632;310
201400023452;14;9;15;1945;1;2;1;1;6;555;79, BD DE LA MARQUETTE;;;;310
201400023453;14;9;15;2005;1;2;1;1;1;555;999, AV CRAMPEL;;;;310
201400023454;14;9;12;854;1;2;1;1;2;555;999, Rd Pt Firmin Pons;;;;310
201400023455;14;9;12;1755;1;2;1;1;1;69;SERVANTY (AV LUCIEN);M;4362526;139811;310
201400023456;14;9;18;1332;1;2;1;1;6;555;12, BD DE STRASBOURG;;;;310
201400023457;14;9;19;1350;1;2;1;1;1;555;25, BD DE SUISSE;;;;310
201400023458;14;9;20;2040;5;2;1;1;2;555;999, BD DE STRASBOURG;;;;310
201400023459;14;9;21;1825;1;2;1;1;2;555;347, AV DES ETATS UNIS;;;;310
201400023460;14;9;22;1045;1;2;1;1;1;555;999, AV ETIENNE BILLIERE;;;;310
201400023461;14;9;22;1125;1;2;1;1;3;555;33, AV ETIENNE BILLIERES;;;;310
201400023462;14;9;22;1015;1;2;1;1;1;555;81, BD DEODAT DE SEVERAC;;;;310
201400023463;14;9;19;1540;1;2;1;1;6;557;3 b AURIOL (BD VINCENT);M;4358503;134520;310
201400023464;14;9;23;555;1;2;6;1;3;557;AV JAURES/CH ST EXUPERY;M;4358851;135881;310
201400023465;14;9;23;1930;1;1;1;2;3;555;999, AVENUE DU 14EME REG;;;;310
201400023466;14;9;23;2045;5;2;1;1;1;555;23, AV ANTOINE DE ST EXU;;;;310
201400023467;14;9;24;1215;1;2;1;1;3;555;101, RTE DE REVEL;;;;310
201400023468;14;9;25;835;1;1;1;1;2;555;VA007306 A64;;;;310
201400023469;14;9;25;845;1;2;1;1;6;555;73, BD SILVIO TRENTIN;;;;310
201400023470;14;9;25;1500;1;2;1;1;6;555;23, RUE DES FRERES LION;;;;310
201400023471;14;9;25;1637;1;2;1;1;3;555;45, RUE DE GIRONIS;;;;310
201400023472;14;9;26;730;1;2;6;1;4;69;PARC (AV DU)R P BELLONTE;M;4362706;138522;310
201400023473;14;9;26;740;1;2;1;1;3;149;RN124;;;;310
201400023474;14;9;26;646;5;2;1;1;1;555;999, RTE DE SEYSSES;;;;310
201400023475;14;9;28;321;5;1;1;1;6;555;VA007333LA FAOURETTEA620;M;4357522;140908;310
201400023476;14;9;26;828;1;2;1;1;6;555;25, RUE DE SAINTONGE;;;;310
201400023477;14;9;26;1415;1;2;1;1;6;555;37, BD DES RECOLLETS;;;;310
201400023478;14;9;26;1510;1;2;1;1;1;555;999, CHE D ESCALLES;;;;310
201400023479;14;9;26;1725;1;2;1;1;6;555;4, CHE MICHOUN;;;;310
201400023480;14;9;26;1910;1;1;1;1;2;555;VA007333LA FAOURETTEA620;M;4360720;140866;310
201400023481;14;9;26;2230;1;2;1;1;1;555;, BD DES MINIMES;;;;310
201400023482;14;9;28;540;1;2;1;1;4;555;999, RUE DU POLE;;;;310
201400023483;14;9;28;2220;1;2;1;1;6;555;999, AV DE L URSS;;;;310
201400023484;14;9;29;840;1;2;2;1;3;555;RUE PAUL BERNIES;;;;310
201400023485;14;9;29;1730;1;2;1;1;6;555;AV M BOURGES MAUNOURY;;;;310
201400023486;14;9;29;2015;1;2;1;1;6;555;999, AV PIERRE G LATECOE;;;;310
201400023487;14;9;27;20;5;2;1;1;6;555;999, BD PIERRE PAUL RIQU;;;;310
201400023488;14;9;30;815;1;2;1;1;6;555;62, AV JULES JULIEN;;;;310
201400023489;14;9;30;720;1;2;1;1;1;555;11, RUE FEDERICO GARCIA;;;;310
201400023490;14;9;30;1720;1;2;1;1;6;555;5, PL ROBERT SCHUMAN;;;;310
201400023491;14;10;1;730;5;2;1;1;3;555;14, AV GEORGES POMPIDOU;;;;310
201400023492;14;10;1;800;1;1;1;1;2;555;VA007331 A620;M;4357100;143381;310
201400023493;14;10;2;800;1;2;1;1;6;555;999, ALL CHARLES DE FITT;;;;310
201400023494;14;10;2;1200;1;2;1;1;3;555;31, RUE DES COSMONAUTES;;;;310
201400023495;14;10;2;1450;1;2;1;1;6;555;150, AV DE LESPINET;;;;310
201400023496;14;10;2;1800;1;2;1;1;2;555;999, RTE DE SAINT SIMON;;;;310
201400023497;14;10;3;5;5;2;1;1;3;555;341, AV DES ETATS UNIS;;;;310
201400023498;14;10;3;1800;1;2;1;1;2;555;248, AV DE GRANDE BRETAG;;;;310
201400023499;14;10;4;1000;1;2;1;1;3;555;999, AV JEAN RIEUX;;;;310
201400023500;14;10;3;1535;1;2;1;1;6;555;129, RUE DE CUGNAUX;;;;310
201400023501;14;10;4;1950;1;2;1;1;6;555;16, GRANDE RUE SAINT MIC;;;;310
201400023502;14;10;5;2230;5;2;1;1;3;555;999, BD DU MARECHAL JUIN;;;;310
201400023503;14;10;5;2039;5;2;1;1;6;555;999, QU DE LA DAURADE;;;;310
201400023504;14;10;3;1220;1;1;1;1;2;69;VA001490 A621;M;4362320;138978;310
201400023505;14;10;5;1655;1;2;1;1;6;69;19, DE GAULLE (AV DU GEN;M;4364091;137964;310
201400023506;14;10;2;2255;5;2;1;1;3;555;66, AV ETIENNE BILLIERES;;;;310
201400023507;14;10;6;1530;1;2;1;1;6;555;312, AV DES ETATS UNIS;;;;310
201400023508;14;10;6;1740;1;1;1;1;2;555;VA007331 A620;;;;310
201400023509;14;10;6;1810;1;2;1;1;3;555;999, AV SALVADOR DALI;;;;310
201400023510;14;10;2;1600;1;2;1;1;3;555;999, BD LAZARE CARNOT;;;;310
201400023511;14;10;7;2300;5;2;1;1;3;555;999, PL DE LA PATTE D OI;;;;310
201400023512;14;10;8;235;5;2;1;1;7;555;20, BD DE LA GARE;;;;310
201400023513;14;10;8;818;4;2;1;1;3;555;33, AV DES MAZADES;;;;310
201400023514;14;10;8;1355;1;2;1;1;3;555;239, RTE DE NARBONNE;;;;310
201400023515;14;10;8;1430;1;1;1;1;7;555;VA008482 A624;M;4361000;138581;310
201400023516;14;10;8;805;1;2;6;1;3;149;BRUNAUD (AVENUE YVES);M;4361399;135304;310
201400023517;14;10;10;1710;1;1;1;1;2;555;VA007342 LA CEPIERE A620;M;4359150;139875;310
201400023518;14;10;10;2130;5;2;1;2;6;555;999, Rd Pt Firmin Pons;;;;310
201400023519;14;10;13;1200;1;2;3;1;3;555;BD SUISSE/AVE ELCHE;M;4362180;142492;310
201400023520;14;10;8;1915;1;2;1;1;3;555;999, PL DE LA PATTE D OI;;;;310
201400023521;14;10;13;1230;1;1;1;1;4;555;VA008482 A624;M;4360904;137104;310
201400023522;14;10;13;1735;1;2;1;1;2;149;MARCEL DASSAULT (BD);M;4361200;134403;310
201400023523;14;10;14;1435;1;2;1;1;3;555;999, ALL DE BARCELONE;;;;310
201400023524;14;10;13;1550;1;2;1;1;6;555;40, AV JULES JULIEN;;;;310
201400023525;14;10;14;1745;4;2;1;1;3;555;999, RUE CAMBARD;;;;310
201400023526;14;10;15;725;2;2;1;1;3;555;999, ALL DE BARCELONE;;;;310
201400023527;14;10;15;755;2;2;1;1;3;555;3, RUE ANDRE VILLET;;;;310
201400023528;14;10;15;1045;1;2;1;1;3;555;25, RTE D ESPAGNE;;;;310