num_acc;an;mois;jour;hrmn;lum;agg;int;atm;col;com;adr;gps;lat;long;dep
201400023529;14;10;15;1355;1;2;1;1;1;555;8, RUE DU POIDS DE L HUI;;;;310
201400023530;14;10;15;1549;1;2;1;1;3;555;118, RTE DE NARBONNE;;;;310
201400023531;14;10;15;1600;1;2;1;1;3;555;999, PONT GEORGES POMPID;;;;310
201400023532;14;10;16;740;1;2;1;1;2;555;50, AV DE LOMBEZ;;;;310
201400023533;14;10;16;1905;1;1;3;1;3;555;999, RTE D ALBI;;;;310
201400023534;14;10;19;415;5;2;1;1;2;555;39, BD LASCROSSES;;;;310
201400023535;14;10;17;1720;1;2;3;1;3;149;Grynfogel Bd/CH GRAMONT;M;4361830;133888;310
201400023536;14;10;16;1730;1;2;1;1;6;149;PYRENEES (ALLEE DES);M;4361191;132660;310
201400023537;14;10;19;1630;1;2;1;1;6;555;999, AV JEAN MOULIN;;;;310
201400023538;14;10;20;820;1;1;1;1;2;555;VA007622 RANGUEIL A620 S;M;4357550;144501;310
201400023539;14;10;20;1320;1;1;1;1;2;555;VA007553 A61;;;;310
201400023540;14;10;21;1720;1;2;1;1;2;555;52, RUE ANDRE VASSEUR;;;;310
201400023541;14;10;21;1732;1;2;1;1;6;555;14, RUE DES BOUQUETINS;;;;310
201400023542;14;10;16;1220;1;2;1;1;6;555;65, AV DE L URSS;;;;310
201400023543;14;10;22;2330;5;2;1;1;1;555;999, BD DE STRASBOURG;;;;310
201400023544;14;10;23;1800;5;1;1;1;5;555;VA007644 EMPALOT A620 So;M;4356876;141568;310
201400023545;14;10;23;741;2;2;1;1;3;555;12, BD SILVIO TRENTIN;;;;310
201400023546;14;10;23;1245;1;1;1;1;2;555;VA007598 LESPINET A620;M;4357320;147246;310
201400023547;14;10;23;1600;1;2;1;1;6;555;999, RUE HENRI DESBALS;;;;310
201400023548;14;10;23;1650;1;1;1;1;2;555;VA007539 LA ROSERAIE A61;;;;310
201400023549;14;10;23;1830;1;2;1;1;6;555;15, BD LASCROSSES;;;;310
201400023550;14;10;25;545;5;2;1;1;6;555;54, BD DE STRASBOURG;;;;310
201400023551;14;10;26;440;5;2;1;1;6;555;127, CHE DE LANUSSE;;;;310
201400023552;14;10;25;1420;1;2;1;1;2;555;134, RTE D ESPAGNE;;;;310
201400023553;14;10;25;1840;5;2;1;1;6;555;999, AV DE GRANDE BRETAG;;;;310
201400023554;14;10;27;1535;1;2;1;1;6;555;999, RUE CAMBARD;;;;310
201400023555;14;10;28;1418;1;2;1;1;6;555;62, RUE DE METZ;;;;310
201400023556;14;10;29;125;5;2;1;1;3;555;57, AV DE L URSS;;;;310
201400023557;14;10;29;805;1;2;1;1;3;555;6, RUE CLAUDE GONIN;;;;310
201400023558;14;10;24;1730;1;2;3;1;1;149;LOUDET (CH DU)/AV AMPERE;M;4360930;130596;310
201400023559;14;10;27;810;1;2;1;1;5;149;GUYNEMER (8 AVE) GEORGES;M;4361677;134354;310
201400023560;14;10;29;1045;1;2;1;1;6;555;1, PL AGAPITO NADAL;;;;310
201400023561;14;10;29;1550;1;2;1;1;6;555;125, RUE HENRI DESBALS;;;;310
201400023562;14;10;29;1830;5;2;2;1;3;555;999, PONT NEUF;;;;310
201400023563;14;10;29;1850;5;2;1;1;3;555;999, RUE ANTONIO VIVALDI;;;;310
201400023564;14;10;30;1450;1;2;1;1;3;555;34-36, BD DE STRASBOURG;;;;310
201400023565;14;10;30;1120;1;1;1;1;2;555;VA007456 SESQUIERES;M;4365120;142287;310
201400023566;14;10;31;1025;1;2;1;1;2;555;24 bis, RTE DE NARBONNE;;;;310
201400023567;14;11;1;143;5;2;1;1;7;555;86 bis, RTE D ALBI;;;;310
201400023568;14;11;1;600;5;2;1;1;6;555;999, RUE CROIX BARAGNON;;;;310
201400023569;14;11;1;1350;1;2;1;1;6;555;28, RUE DES FRERES LION;;;;310
201400023570;14;11;1;1355;1;2;1;1;4;555;RD916;M;4357786;149390;310
201400023571;14;11;3;1815;5;2;1;1;5;555;999, BD DE STRASBOURG;;;;310
201400023572;14;10;31;800;1;2;1;1;3;555;288, AV DE FRONTON;;;;310
201400023573;14;11;4;1445;1;2;1;1;3;555;56, AV DES ETATS UNIS;;;;310
201400023574;14;11;5;1242;1;2;1;1;6;149;VOIE LATERALE NORD;M;4360707;133783;310
201400023575;14;11;8;1915;2;1;1;1;5;555;VA007331 A620;M;4357029;142985;310
201400023576;14;11;10;1430;1;1;2;1;3;69;BARTAVELLES/BRASSENS;M;4364864;137229;310
201400023577;14;11;10;1525;1;2;1;1;1;555;999, AV YVES BRUNAUD;;;;310
201400023578;14;11;10;1730;1;1;1;1;3;555;VA007553 A61;;;;310
201400023579;14;11;10;2100;5;2;1;1;4;555;999, BD DEODAT DE SEVERA;;;;310
201400023580;14;11;13;1400;1;2;3;1;6;555;26, BD DE STRASBOURG;;;;310
201400023581;14;11;13;1705;1;2;3;1;3;555;999, RUE DE L HIRONDELLE;;;;310
201400023582;14;11;14;1845;5;2;1;3;3;555;ALL FORAIN FRANCOIS VERD;;;;310
201400023583;14;11;14;1910;5;2;6;3;3;149;AVE BRASSENS/ALL MAILHOL;M;4359709;135002;310
201400023584;14;11;14;2155;5;2;6;2;3;149;BD HUGO/ALLEE GUERANDE;M;4361666;131215;310
201400023585;14;11;15;530;5;2;1;1;6;555;163, AV DES MINIMES;;;;310
201400023586;14;11;16;1845;5;1;1;3;4;555;VA007331 A62;;;;310
201400023587;14;11;17;920;1;1;1;1;3;555;227, AV DE CASSELARDIT;;;;310
201400023588;14;11;17;1252;1;2;1;2;7;69;FIL D'ARIANE (RD902);M;4363040;138192;310
201400023589;14;11;13;1420;1;2;1;1;2;555;275, AV DE GRANDE BRETAG;;;;310
201400023590;14;11;18;815;1;2;1;2;2;555;43, AV ETIENNE BILLIERES;;;;310
201400023591;14;11;18;1600;1;2;1;1;3;555;46, AV JEAN ZAY;;;;310
201400023592;14;11;15;1310;1;1;1;1;6;555;VA007331 A620;M;4360425;140401;310
201400023593;14;11;16;1420;1;2;1;1;4;555;363, AV DES ETATS UNIS;;;;310
201400023594;14;11;16;1830;3;1;1;3;4;555;VA007331 A62;;;;310
201400023595;14;11;17;1835;5;1;1;1;2;555;VA008482 A624;M;4361099;138386;310
201400023596;14;11;19;1240;1;2;1;1;3;555;999, RD PT JJ LAFFONT;;;;310
201400023597;14;11;19;1415;1;1;1;1;3;555;., VA007331 A620;;;;310
201400023598;14;11;17;1100;1;2;1;1;6;555;999, AV ETIENNE BILLIERE;;;;310
201400023599;14;11;20;830;1;2;1;1;2;555;999, AV DE LA MARCAISSON;;;;310
201400023600;14;11;20;1805;5;2;1;1;3;555;51, AV DE L URSS;;;;310
201400023601;14;11;21;625;5;2;1;1;1;555;RUE MARIE LAURENCIN;;;;310
201400023602;14;11;21;1020;1;2;1;1;6;555;999, RUE DE LA REPUBLIQU;;;;310
201400023603;14;11;21;1530;1;1;1;1;3;555;265, RTE DE LAUNAGUET;;;;310
201400023604;14;11;21;1745;5;2;1;1;3;555;28, RUE JEAN PERRIN;;;;310
201400023605;14;11;21;1800;1;2;1;1;1;555;999, RTE DE SAINT SIMON;;;;310
201400023606;14;11;20;810;1;2;1;1;1;557;DE GAULLE (AV DU GAL);M;4358180;132469;310
201400023607;14;11;20;850;1;2;1;1;3;555;999, RUE CARLOS GARDEL;;;;310
201400023608;14;11;24;1157;1;2;1;1;6;555;999, CHE DE LA TERRASSE;;;;310
201400023609;14;11;25;1205;1;2;1;1;3;555;361, AV DES ETATS UNIS;;;;310
201400023610;14;11;24;1845;5;2;1;1;6;149;41, LAURAGAIS (ALLEE DU);M;4360874;133584;310
201400023611;14;11;25;1325;1;2;1;1;1;555;355, AV DES ETATS UNIS;;;;310
201400023612;14;11;25;1330;1;2;1;1;2;555;999, AV PIERRE G LATECOE;;;;310
201400023613;14;11;23;1516;1;2;1;1;2;555;30, AV DE FRONTON;;;;310
201400023614;14;11;25;1700;1;2;1;1;2;555;26, BD LASCROSSES;;;;310
201400023615;14;11;25;1755;1;2;3;1;2;555;6, AV PAUL SEJOURNE;;;;310
201400023616;14;11;25;1905;5;2;1;1;6;555;61, RUE DE BAYARD;;;;310
201400023617;14;11;26;1840;5;2;1;3;6;555;16, AV JEAN RIEUX;;;;310
201400023618;14;11;27;740;2;1;1;1;4;555;VA008482 A624;M;4361090;137660;310
201400023619;14;11;25;1700;1;1;1;1;2;555;VA007379 BAYLAC A 624;;;;310
201400023620;14;11;27;1020;1;2;1;1;3;555;70, CHE DE GABARDIE;;;;310
201400023621;14;11;25;1320;1;2;9;2;6;555;AV JAMES CLERCK MAXWELL;;;;310
201400023622;14;11;26;1645;1;2;1;1;6;557;185, RAMELET MOUNDI (CH;M;4358148;136731;310
201400023623;14;11;28;1548;1;2;6;1;3;555;AV DES ETATS UNIS;;;;310
201400023624;14;11;28;440;5;2;1;1;1;555;84, RTE D AGDE;;;;310
201400023625;14;11;28;810;1;1;1;1;3;555;VA007331 A620;M;4358420;140297;310
201400023626;14;11;29;1750;1;2;3;1;3;555;., AV DE LA MARCAISSONNE;;;;310
201400023627;14;11;30;456;5;2;1;1;6;555;66, RUE DE LA COLOMBETTE;;;;310
201400023628;14;11;30;515;5;2;1;1;7;555;999, PL DE LA PATTE D OI;;;;310
201400023629;14;11;30;1115;1;1;1;1;7;555;VA007566 MONTAUDRAN A61;;;;310
201400023630;14;12;1;1515;1;2;1;1;3;555;999, Rd Pt Firmin Pons;;;;310
201400023631;14;12;2;1920;1;2;3;1;3;555;999, AV JEAN MOULIN;;;;310
201400023632;14;12;3;855;1;2;1;1;4;555;999, AV PAUL SEJOURNE;;;;310
201400023633;14;12;5;1815;5;2;1;1;5;555;103, CHE DE LANUSSE;;;;310
201400023634;14;12;5;2045;1;2;3;3;1;555;128, AV DES MINIMES;;;;310
201400023635;14;12;7;1645;1;2;1;1;6;555;999, AV SALVADOR ALLENDE;;;;310
201400023636;14;12;8;815;2;2;1;3;6;555;999, PONT GUILHEMERY;;;;310
201400023637;14;12;7;715;5;1;1;1;4;555;VA007313 LE CHAPITRE A64;;;;310
201400023638;14;12;9;835;1;2;1;1;2;555;33 BIS, BD ANDRE NETWILL;;;;310
201400023639;14;12;9;1640;1;2;1;1;6;555;999, RTE D ALBI;;;;310
201400023640;14;12;9;2015;5;2;1;1;3;149;Rond P. fontaine lumineu;M;4360926;135271;310
201400023641;14;12;8;1900;5;2;1;1;3;555;999, RTE DE SEYSSES;;;;310
201400023642;14;12;10;850;1;2;1;1;3;555;999, BD DE SUISSE;;;;310
201400023643;14;12;10;2023;5;2;2;1;6;555;40, ALL CHARLES DE FITTE;;;;310
201400023644;14;12;11;1530;1;2;1;1;6;555;17, BD LASCROSSES;;;;310
201400023645;14;12;11;1645;1;2;6;2;3;69;RP MATISSE/CH GRENADE;M;4363738;139073;310
201400023646;14;12;13;340;5;2;1;1;6;555;28-30, AV LEON BLUM;;;;310
201400023647;14;12;14;1205;1;2;2;1;3;555;RTE DE LAUNAGUET;;;;310
201400023648;14;12;15;930;1;2;1;2;2;555;126, AV DE GRANDE BRETAG;;;;310
201400023649;14;12;15;1855;5;1;1;1;3;555;., AV DES ETATS UNIS;;;;310
201400023650;14;12;16;1925;5;2;1;1;1;555;80, AV DE LA COLONNE;;;;310
201400023651;14;12;16;715;2;2;4;1;3;149;CH CHASSE/AVE ALLENDE;M;4360435;131347;310
201400023652;14;12;16;1245;1;2;1;1;2;555;32, RUE DU FAUBOURG BONN;;;;310
201400023653;14;12;16;1710;1;2;1;1;6;555;RUE LOUIS PLANA;;;;310
201400023654;14;12;16;1800;5;2;1;1;3;555;306, RTE DE SEYSSES;;;;310
201400023655;14;12;15;1850;5;1;1;1;2;555;VA007331 A620;M;4358710;140112;310
201400023656;14;12;17;750;2;2;1;1;1;555;0, RTE DE REVEL;;;;310
201400023657;14;12;17;905;1;2;1;2;2;555;14, RUE DU GEN JEAN COMP;;;;310
201400023658;14;12;17;1735;5;2;1;2;6;555;19, AV DES MINIMES;;;;310
201400023659;14;12;18;750;5;2;1;1;6;555;999, AV PAUL SEJOURNE;;;;310
201400023660;14;12;19;610;1;2;2;1;3;555;999, BD PIERRE ET MARIE;;;;310
201400023661;14;12;20;1600;1;2;1;1;6;555;22, ALL FREDERIC MISTRAL;;;;310
201400023662;14;12;20;2050;5;2;1;1;1;555;999, BD LAZARE CARNOT;;;;310
201400023663;14;12;21;350;5;1;1;1;2;555;VA007553 A61;;;;310
201400023664;14;12;25;2100;1;2;1;1;1;69;246, GRENADE (ROUTE DE);M;4364944;138222;310
201400023665;14;12;29;1940;5;1;1;2;2;555;VA007331 A620;M;4357070;143190;310
201400023666;14;12;26;1058;1;2;1;1;6;555;346, AV DE FRONTON;;;;310
201400023667;14;12;26;2200;5;2;1;2;3;555;72, AV DES ETATS UNIS;;;;310
201400023668;14;12;28;625;5;2;1;2;6;555;2, AV GEORGES POMPIDOU;;;;310
201400023669;14;12;29;220;5;2;1;1;2;555;402, RTE DE SAINT SIMON;;;;310
201400023670;14;12;22;900;1;2;1;1;3;557;13, MUSSET (RUE ALFRED D;M;4358882;135447;310
201400023671;14;12;31;1007;1;2;1;1;1;555;195, CHE DE FENOUILLET;;;;310
201400023672;14;12;31;1230;1;2;1;1;3;555;136, BD PIERRE ET MARIE;;;;310
201400023673;14;6;11;1100;1;1;1;1;6;329;;M;4825543;413003;100
201400023674;14;7;9;1100;1;2;2;8;3;340;Route Nationale 77;M;4823961;402124;100
201400023675;14;8;3;100;3;1;2;1;5;282;;M;4838899;396880;100
201400023676;14;8;9;1715;1;2;1;1;3;282;35 hugues de payns;M;4838176;397831;100
201400023677;14;4;15;1315;1;1;1;1;1;19;;M;4809020;756106;680
201400023678;14;8;30;1900;1;1;3;8;3;7;;M;4805138;745292;680
201400023679;14;10;31;1330;1;2;1;1;6;227;17 RUE PRINCIPALE;M;4810224;747213;680
201400023680;14;3;29;1750;2;1;1;1;6;317;;M;4806374;703013;680
201400023681;14;8;11;1715;1;1;6;1;3;310;;M;4813262;731862;680
201400023682;14;1;20;45;3;1;1;2;6;195;;M;0;0;710
201400023683;14;6;18;630;1;1;1;1;2;305;;M;0;0;710
201400023684;14;7;10;545;1;1;9;2;6;497;;M;4636939;483653;710
201400023685;14;8;2;2330;3;1;1;1;2;576;;M;0;0;710
201400023686;14;8;30;30;5;1;1;1;2;383;;M;0;0;710
201400023687;14;9;8;245;3;1;1;1;6;270;;M;0;0;710
201400023688;14;10;5;1145;1;1;1;2;6;270;;M;0;0;710
201400023689;14;11;17;1900;3;1;1;2;6;90;;M;0;0;710
201400023690;14;11;25;1615;1;1;1;1;1;90;;M;0;0;710
201400023691;14;5;10;945;1;1;1;1;2;132;;M;0;0;830
201400023692;14;1;5;1615;1;1;1;1;6;57;;M;0;0;830
201400023693;14;1;12;2015;3;1;1;1;2;54;;M;0;0;830
201400023694;14;2;7;915;1;1;1;3;4;62;;M;0;0;830
201400023695;14;2;11;2200;3;1;1;1;6;62;;M;0;0;830
201400023696;14;4;12;1830;1;1;1;1;2;57;;M;0;0;830
201400023697;14;5;4;1700;1;1;1;1;3;148;;M;0;0;830
201400023698;14;5;12;930;1;1;1;1;6;26;;M;0;0;830
201400023699;14;5;28;1845;1;1;1;1;3;54;;M;0;0;830
201400023700;14;6;6;830;1;1;1;1;1;67;;M;0;0;830
201400023701;14;6;8;1800;1;1;1;1;6;31;;M;0;0;830
201400023702;14;6;26;915;1;1;1;1;6;99;;M;0;0;830
201400023703;14;7;8;1215;1;1;1;1;3;148;;M;0;0;830
201400023704;14;7;19;1945;1;1;1;1;2;73;;M;0;0;830
201400023705;14;7;21;1730;1;1;1;1;3;26;;M;0;0;830
201400023706;14;8;14;715;1;1;1;1;6;31;;M;0;0;830
201400023707;14;10;10;730;2;1;1;1;4;54;;M;0;0;830
201400023708;14;10;10;1215;1;1;1;1;2;99;;M;0;0;830
201400023709;14;10;25;1415;1;1;1;1;5;57;;M;0;0;830
201400023710;14;10;27;1815;2;1;1;1;5;54;;M;0;0;830
201400023711;14;11;4;1830;3;1;1;3;6;99;;M;0;0;830
201400023712;14;11;13;630;2;1;9;1;6;62;;M;0;0;830
201400023713;14;11;24;715;2;1;1;1;2;130;;M;0;0;830
201400023714;14;12;17;1815;3;1;1;1;2;54;;M;0;0;830
201400023715;14;12;18;1045;1;1;1;1;2;54;;M;0;0;830
201400023716;14;12;30;2130;3;1;1;1;2;148;;M;0;0;830
201400023717;14;3;15;745;1;1;1;1;6;141;;M;4832211;136030;280
201400023718;14;3;23;1800;1;1;1;4;3;403;;M;4838506;149062;280
201400023719;14;5;20;1600;1;1;1;3;7;110;;M;4842164;151145;280
201400023720;14;6;8;1015;1;1;1;1;6;123;;M;4824022;108583;280
201400023721;14;6;16;1445;1;1;1;1;3;73;;M;4847784;162853;280
201400023722;14;6;23;1700;1;1;1;1;6;141;;M;4834946;142034;280
201400023723;14;6;29;815;1;1;1;8;6;73;;M;4847870;163204;280
201400023724;14;7;18;2245;3;1;1;8;2;327;;M;4819247;84362;280
201400023725;14;9;21;315;3;1;1;8;6;139;;M;4831700;133120;280
201400023726;14;12;23;615;3;1;1;8;7;361;;M;4851016;174931;280
201400023727;14;6;23;1945;1;1;1;1;2;50;;M;4809783;236210;450
201400023728;14;6;28;930;1;2;1;2;1;310;RTE DE PITHIVIERS;M;4829168;220332;450
201400023729;14;9;26;745;1;1;1;1;2;328;;M;4807232;264049;450
201400023730;14;1;2;1830;5;1;1;8;2;14;;M;0;0;440
201400023731;14;2;1;1215;1;1;1;4;3;216;;M;0;0;440
201400023732;14;6;20;645;1;1;2;1;5;206;la grollière;M;0;0;440
201400023733;14;10;15;745;3;1;1;2;2;41;;M;0;0;440
201400023734;14;11;4;945;1;1;1;1;2;9;;M;0;0;440
201400023735;14;11;7;1600;1;1;1;1;1;24;moulin cassé;M;0;0;440
201400023736;14;11;18;715;2;1;1;1;1;14;les gros cailloux;M;0;0;440
201400023737;14;12;3;1430;1;1;1;8;6;41;;M;0;0;440
201400023738;14;3;24;830;1;2;1;1;3;78;avenue louis arragon;M;0;0;130
201400023739;14;2;23;415;5;1;9;1;4;141;;M;0;0;770
201400023740;14;5;4;1515;1;1;1;1;6;401;;M;0;0;770
201400023741;14;11;13;1700;2;1;1;1;1;505;;M;4891900;298900;770
201400023742;14;10;4;400;3;1;1;2;7;198;;M;0;0;810
201400023743;14;10;4;2200;3;1;1;1;6;97;;M;4387320;221385;810
201400023744;14;5;14;630;3;1;1;1;6;238;LIEU DIT RIEUVERGNET;M;4347500;250431;810
201400023745;14;7;11;1000;1;2;1;2;1;115;37 BOULEVARD CARNOT;M;4347610;263811;810
201400023746;14;8;2;1515;1;1;1;8;2;36;;M;4349690;240207;810
201400023747;14;8;21;1445;1;2;1;1;3;321;le mariech;M;0;0;810
201400023748;14;9;9;1000;1;1;1;1;6;239;;M;4348900;246050;810
201400023749;14;2;16;2100;5;2;3;1;1;13;28, LORRAINE;M;4364970;58693;320
201400023750;14;2;21;1816;2;1;1;8;7;13;AGEN (ROUTE D');M;4367300;60229;320
201400023751;14;3;9;1;3;1;1;1;1;117;ROCADE (RN 124 OUEST);M;4366530;55270;320
201400023752;14;3;25;1645;1;2;1;2;7;13;11, RUE CHARRAS;M;4364610;58755;320
201400023753;14;4;15;920;1;2;3;1;1;13;PARKING DU MOUZON;M;4363610;58616;320
201400023754;14;4;15;1130;1;2;2;1;3;13;CORPS FRANC POMMIES (AVE;M;4363110;58131;320
201400023755;14;4;30;500;3;1;1;9;6;13;;M;4366020;63953;320
201400023756;14;5;5;1740;1;2;4;1;3;13;62, AV. 1ER  ARMEE FRANC;M;4364970;59806;320
201400023757;14;5;13;1100;1;2;4;2;3;13;119, PREMIERE ARMEE FRAN;M;4365100;60244;320
201400023758;14;6;3;1605;1;2;1;1;7;13;41, JEANNE D'ALBRET;M;4363230;59276;320
201400023759;14;6;17;1120;1;2;1;1;6;13;METZ;M;4364360;58327;320
201400023760;14;6;19;1915;1;2;1;1;3;13;AGEN (ROUTE D');M;4365640;59697;320
201400023761;14;6;20;227;3;1;1;1;6;13;ROQUELAURE (CHEMIN DE);M;4368780;59585;320
201400023762;14;7;2;150;3;1;1;2;6;13;CHEMIN DE L'AR?ON;M;4367710;61864;320
201400023763;14;7;16;755;1;2;1;1;2;13;PREMIERE ARMEE FRANCAISE;M;4364960;59757;320
201400023764;14;7;25;1740;1;1;1;8;1;13;TOULOUSE (ROUTE DE);M;4365170;62002;320
201400023765;14;7;29;1135;1;2;1;1;2;13;PREMIERE ARMEE FRANCAISE;M;4365010;59936;320
201400023766;14;8;6;1740;1;2;3;1;5;13;AVENUE DES PYR?N?ES;M;4363670;58375;320
201400023767;14;8;7;935;1;2;1;1;7;13;RETHOURIE (IMPASSE DE);M;4364400;60379;320
201400023768;14;8;14;828;1;2;1;1;6;13;8, ONZE NOVEMBRE;M;4364230;59083;320
201400023769;14;8;23;1200;1;1;1;1;6;13;SAINT-CRICQ (CHEMIN DE);M;4366800;63250;320
201400023770;14;8;24;730;1;1;1;1;7;13;BARRAN (ROUTE DE);M;4364760;52811;320
201400023771;14;9;12;1210;1;2;3;1;1;13;HERMITAGE (CHEMIN DE L');M;4363660;59816;320
201400023772;14;9;12;1405;1;2;2;1;2;13;ROUGET DE LISLE;M;4364660;59183;320
201400023773;14;9;18;1130;1;2;1;1;7;13;17, MARCEAU (RUE);M;4365000;58881;320
201400023774;14;9;23;2240;5;2;1;1;7;13;1, SADI-CARNOT (BOULEVAR;M;4363990;58498;320
201400023775;14;9;28;1205;1;2;1;1;7;13;0, SADI-CARNOT (BOULEVAR;M;4364750;58869;320
201400023776;14;10;3;1620;1;1;1;1;3;13;AGEN (ROUTE D');M;4366680;60216;320
201400023777;14;10;17;343;5;2;1;1;6;13;1, RUE DU POUY;M;4364850;58711;320
201400023778;14;10;27;1706;1;1;1;1;7;13;R N 21;M;4368690;60400;320
201400023779;14;10;30;1030;1;2;1;1;7;13;VOLTAIRE;M;4364660;59192;320
201400023780;14;11;8;1140;1;2;1;1;7;13;1, VOLTAIRE;M;4364660;59191;320
201400023781;14;11;12;1655;2;2;1;1;7;13;3, PAUL DESCOMPS (PLACE);M;4363380;59483;320
201400023782;14;11;14;800;2;2;1;2;7;13;SADI CARNOT (BOULEVARD);M;4364900;58943;320
201400023783;14;11;27;1145;1;2;1;1;7;13;ROUGET DE LISLE;M;4364790;59256;320
201400023784;14;11;29;256;3;2;1;1;7;13;ENGACHIES (ROUTE D');M;4365510;61566;320
201400023785;14;12;6;1959;3;2;1;2;6;13;PESSAN (ROUTE DE);M;4364080;59606;320
201400023786;14;12;10;1405;1;2;1;1;6;13;CORPS FRANC POMMIES (AVE;M;4363510;58316;320
201400023787;14;12;16;1840;5;1;1;2;3;13;JEAN JAURES (AVENUE);M;4366450;59539;320
201400023788;14;12;17;2355;5;2;1;2;1;13;VILLARET DE JOYEUSE (PLA;M;4364930;58813;320
201400023789;14;4;8;715;1;1;1;1;5;629;;M;0;0;570
201400023790;14;4;7;1615;1;1;1;1;7;635;;M;0;0;570
201400023791;14;5;18;1730;1;1;1;1;1;246;;M;4875299;673091;570
201400023792;14;8;7;645;1;1;1;1;6;98;;M;0;0;570
201400023793;14;12;5;1615;3;1;1;1;6;65;;M;0;0;570
201400023794;14;2;4;845;1;1;1;2;5;57;;M;0;0;210
201400023795;14;6;6;1415;1;1;1;1;3;599;;M;0;0;210
201400023796;14;11;27;1830;3;1;1;1;2;171;;M;4728113;512445;210
201400023797;14;12;20;1745;3;1;1;1;6;330;;M;0;0;210
201400023798;14;2;12;715;2;1;1;9;6;10;;M;4964538;96649;760
201400023799;14;11;17;1500;1;1;1;2;7;227;;M;4966199;91790;760
201400023800;14;3;5;815;1;1;1;8;3;445;route de castres;M;4358590;152378;310
201400023801;14;4;18;1815;1;1;1;1;1;285;;M;4364396;160806;310
201400023802;14;5;31;1915;1;1;1;1;6;163;;M;0;0;310
201400023803;14;2;20;1930;5;2;1;1;4;446;83 avenue tolosane;M;4354189;147833;310
201400023804;14;4;10;845;1;2;1;1;7;506;CHEMIN DE CAYRAS;M;4356889;151157;310
201400023805;14;6;27;1345;1;2;6;1;6;446;salvador allende;M;4354054;148304;310
201400023806;14;11;27;1800;5;2;1;1;3;446;106 AVENUE TOLOSANE;M;4353872;148057;310
201400023807;14;8;8;2345;3;1;1;1;6;116;;M;0;0;840
201400023808;14;11;20;1845;3;1;1;1;6;282;;M;0;0;310
201400023809;14;2;1;600;5;1;6;3;7;167;;M;4749200;119100;410
201400023810;14;2;22;1830;2;1;1;8;6;93;;M;4764200;110400;410
201400023811;14;4;3;1645;1;2;1;1;3;101;RD26 rue de beauce;M;4760700;114300;410
201400023812;14;4;28;1000;1;1;1;2;1;55;la sablière;M;4750200;122700;410
201400023813;14;5;22;1645;1;1;1;1;1;55;la morandière;M;4753200;123600;410
201400023814;14;5;27;1600;1;2;1;1;3;142;CHEMIN DES TIRONS;M;4757000;121900;410
201400023815;14;5;30;900;3;1;1;1;7;272;;M;4747000;112100;410
201400023816;14;6;15;530;2;1;9;1;7;167;;M;4748800;119200;410
201400023817;14;7;30;2330;5;2;1;1;6;230;ROUTE D4HERBAULT - CD 32;M;4760700;127200;410
201400023818;14;8;28;1815;1;1;1;1;1;276;;M;4762400;132600;410
201400023819;14;9;16;1030;1;1;1;1;1;55;;M;4753100;126700;410
201400023820;14;9;21;1045;1;1;1;1;1;55;;M;4753500;127400;410
201400023821;14;11;12;1230;1;2;1;1;1;230;;M;4760700;126700;410
201400023822;14;12;26;30;3;1;1;5;7;167;;M;4748400;117700;410
201400023823;14;1;14;755;5;2;1;3;2;529;33, CAZAUX (BD DE) DU 01;;;;330
201400023824;14;1;24;1400;1;2;2;9;3;9;., FARGES (AVE JEAN) DU;;;;330
201400023825;14;2;6;1620;1;2;1;1;6;9;37, GAMBETTA (AVE) DU 37;;;;330
201400023826;14;2;13;1455;1;1;1;1;2;529;24, CAZAUX (BD DE) DU 02;;;;330
201400023827;14;2;17;2130;5;2;1;1;1;529;60, LAGRUA (CH.);;;;330
201400023828;14;2;19;1345;1;2;1;1;3;529;., GRAILLY (RUE JEAN DE);;;;330
201400023829;14;3;6;1605;1;2;2;1;3;9;33, DELATTRE DE TASSIGNY;;;;330
201400023830;14;3;8;1935;1;2;1;1;6;529;., RD 1250 (CAMICAS-OUST;;;;330
201400023831;14;3;12;1545;1;1;1;1;1;529;RD1250 (BONNEVAL - LA HU;;;;330
201400023832;14;3;13;935;1;2;1;1;3;529;141, INDUSTRIE (BD DE L';;;;330
201400023833;14;3;17;1515;1;1;1;1;1;529;., RD 259;;;;330
201400023834;14;4;30;1925;1;1;1;8;6;529;., RD 259;;;;330
201400023835;14;5;3;1815;1;1;2;1;3;529;., LISIERE DU GOLF (ALL.;;;;330
201400023836;14;5;4;1745;1;2;1;7;3;529;3, DE GAULLE (AVE GAL) D;;;;330
201400023837;14;5;9;1440;1;1;1;1;4;529;., RD1250 (BONNEVAL - LA;;;;330
201400023838;14;5;17;245;5;1;1;1;6;529;63, OCEAN (BD DE L');;;;330
201400023839;14;6;1;1700;1;1;1;1;1;529;BISCAROSSE (AVE) DUNE VE;;;;330