num_acc;an;mois;jour;hrmn;lum;agg;int;atm;col;com;adr;gps;lat;long;dep
201400023840;14;6;13;805;1;1;1;1;6;529;., RD 1250 (BONNEVAL -LA;;;;330
201400023841;14;6;8;2015;1;2;6;1;3;529;., HUGO (RUE VICTOR);;;;330
201400023842;14;6;22;830;1;1;1;1;6;529;RD 112;;;;330
201400023843;14;7;8;1828;1;1;1;1;6;529;255, OCEAN (BD DE L');;;;330
201400023844;14;7;15;1855;1;1;1;1;3;9;164, COTE D'ARGENT (BD);;;;330
201400023845;14;7;16;1930;1;2;1;1;2;529;., LAC (RTE DU);;;;330
201400023846;14;7;15;1430;1;1;1;1;6;529;311, PARC DES EXPOSITION;;;;330
201400023847;14;8;4;1930;1;2;1;1;3;529;4, CUREPIPE (BD DE) DU 0;;;;330
201400023848;14;8;13;1420;1;2;1;1;3;529;55, SAINT-EXUPERY (AVE);;;;330
201400023849;14;8;21;1500;1;2;1;1;6;9;., BERDOULAT (AVE GAL);;;;330
201400023850;14;8;25;1530;1;1;1;1;6;529;BISCAROSSE (AVE) DUNE VE;;;;330
201400023851;14;9;8;1014;1;1;1;1;6;529;., BONDON (RPT);;;;330
201400023852;14;8;28;1810;1;1;1;1;6;529;51 bis, LECLERC (AVE DU;;;;330
201400023853;14;9;14;610;3;1;1;1;3;529;BISCAROSSE (AVE) DUNE VE;;;;330
201400023854;14;9;12;1620;1;1;1;1;5;529;RD 1250 (OUSTALET - BONN;;;;330
201400023855;14;9;25;1730;1;2;2;1;3;9;., GAMBETTA (AVE) DU 01;;;;330
201400023856;14;10;3;1610;1;1;1;1;6;529;., DE GAULLE (AVE CHARLE;;;;330
201400023857;14;10;12;1920;5;2;2;1;3;529;., PLOS (RUE GUSTAVE FER;;;;330
201400023858;14;10;13;1200;1;2;2;1;3;9;., LAMARQUE PLAISANCE (C;;;;330
201400023859;14;10;16;1945;5;2;1;1;6;529;83, DE GAULLE (AVE CHARL;;;;330
201400023860;14;10;25;1210;1;2;2;1;3;9;RAPP (AVE);;;;330
201400023861;14;10;22;1914;5;2;1;1;6;9;., REGUE VERTE (AVE)* BA;;;;330
201400023862;14;11;10;1930;5;2;9;1;3;529;., LECLERC (AVE DU GAL);;;;330
201400023863;14;11;28;1400;1;2;3;1;3;529;., LECLERC (AVE DU GAL);;;;330
201400023864;14;11;27;930;1;1;1;1;3;9;., ALBERT 1ER (RUE);;;;330
201400023865;14;12;13;2115;5;2;6;1;1;529;., CAZAUX (BD DE);;;;330
201400023866;14;12;12;2050;5;2;9;1;6;529;., CARNOT (RUE DU PRESID;;;;330
201400023867;14;12;28;1415;1;2;6;1;3;9;., GRANDS CHENES (CITE);;;;330
201400023868;14;7;17;1900;1;2;1;1;3;191;parking de la poste;M;0;0;740
201400023869;14;8;8;1815;1;1;1;1;1;188;LES LINDARETS;M;0;0;740
201400023870;14;8;20;1800;1;2;1;1;3;191;;M;0;0;740
201400023871;14;8;22;1200;1;2;1;1;1;188;LE LAVANCHY;M;4620900;670600;740
201400023872;14;8;26;1645;1;1;1;1;3;34;;M;0;0;740
201400023873;14;8;30;1340;1;1;1;1;3;238;ROUTE DES MARTINETS;M;4623100;665800;740
201400023874;14;8;31;1015;1;1;1;1;7;114;LIEUDIT CREUX DE LA MIAZ;M;4621800;666800;740
201400023875;14;9;25;745;1;1;1;1;6;238;;M;4621900;667000;740
201400023876;14;12;31;1415;1;1;1;1;6;34;;M;4625900;663000;740
201400023877;14;1;2;745;2;2;3;2;3;63;QUAI DE LA SOUYS;;;;330
201400023878;14;1;2;1650;1;2;3;1;3;63;RUE DE PESSAC;;;;330
201400023879;14;12;31;2000;5;2;1;1;3;63;27, RUE DOC CHARLES NANC;;;;330
201400023880;14;1;2;1920;5;2;1;1;3;63;139, RUE FONDAUDEGE;;;;330
201400023881;14;1;6;1530;1;2;2;1;2;63;88, RUE BERNARD ADOUR CA;;;;330
201400023882;14;1;7;2043;5;2;1;1;6;63;5, PCE LOUIS BARTHOU;;;;330
201400023883;14;1;2;1715;2;2;1;1;6;162;2, ALL DE L'EUROPE;;;;330
201400023884;14;1;2;1630;1;2;1;1;3;281;24, AVE DE LA SOMME;;;;330
201400023885;14;1;6;1700;1;2;2;1;3;63;CRS SAINT LOUIS;;;;330
201400023886;14;1;6;1425;1;2;6;1;6;281;AVE DE L'YSER;;;;330
201400023887;14;1;3;1926;5;2;1;1;2;167;QUAI DE LA SOUYS;;;;330
201400023888;14;1;9;1140;1;2;3;1;6;63;95, RUE BELLEVILLE;;;;330
201400023889;14;1;12;200;5;2;3;1;6;63;61, QUAI DES CHARTRONS;;;;330
201400023890;14;1;8;830;1;2;1;1;5;281;23, AVE MARCEL DASSAULT;;;;330
201400023891;14;1;12;1445;1;2;2;1;3;63;RUE STEHELIN CAUD;;;;330
201400023892;14;1;8;1750;5;2;5;1;3;281;AVE PRESIDENT J.F. KENNE;;;;330
201400023893;14;1;10;856;1;2;2;1;6;63;75, CRS DE L'YSER;;;;330
201400023894;14;1;3;1420;1;2;3;1;3;39;RUE FERDINAND BUISSON;;;;330
201400023895;14;1;11;1700;1;2;3;1;6;63;PONT SAINT- JEAN;;;;330
201400023896;14;1;7;1645;1;2;1;1;3;167;38, AVE HUBERT DUBEDOUT;;;;330
201400023897;14;1;11;940;1;2;1;1;3;281;7, AVE DE L'ALOUETTE;;;;330
201400023898;14;1;11;240;5;2;1;1;7;281;364, AVE D'ARES;;;;330
201400023899;14;1;12;1406;1;2;2;1;3;281;AVE DU MARECHAL GALLIENI;;;;330
201400023900;14;1;13;725;5;2;4;2;5;63;QUAI SAINTE- CROIX;;;;330
201400023901;14;1;10;1610;1;2;6;1;2;281;AVE ROLAND GARROS;;;;330
201400023902;14;1;9;1040;1;2;2;1;3;281;AVE DE LA LIBERATION;;;;330
201400023903;14;1;7;2319;5;2;1;1;7;522;RUE BOURGES;;;;330
201400023904;14;12;31;1729;1;2;3;1;2;318;AVE DU GENERAL LECLERC;;;;330
201400023905;14;12;31;1930;1;2;1;1;1;39;141, RUE ALEXIS LABRO;;;;330
201400023906;14;1;13;1400;1;2;3;1;5;318;AVE PASTEUR;;;;330
201400023907;14;1;16;1450;1;2;3;1;3;63;70, CRS D'ALBRET;;;;330
201400023908;14;1;14;1640;1;2;3;1;6;318;156, AVE JEAN JAURES;;;;330
201400023909;14;1;18;50;5;2;3;1;3;63;71, CRS ARISTIDE BRIAND;;;;330
201400023910;14;1;19;1150;1;2;2;1;6;63;RUE DE LA FUSTERIE;;;;330
201400023911;14;1;13;730;5;2;1;2;5;63;PONT SAINT- JEAN;;;;330
201400023912;14;1;19;1110;1;2;1;1;7;63;PONT DU GUIT;;;;330
201400023913;14;1;10;740;2;2;3;1;3;318;AVE DE MONBALLON;;;;330
201400023914;14;1;17;1105;1;2;3;1;3;63;RUE ESPRIT-DES-LOIS;;;;330
201400023915;14;1;19;700;5;2;3;2;6;63;PCE DE LA VICTOIRE;;;;330
201400023916;14;1;14;940;1;2;3;3;1;13;AVE DE L'EGLISE ROMANE;;;;330
201400023917;14;1;15;2010;4;2;3;1;3;13;AVE DES TABERNOTTES;;;;330
201400023918;14;1;16;1445;1;2;1;1;3;167;ALL DE LA GABARRE;;;;330
201400023919;14;1;16;1655;1;2;2;1;3;318;AVE DU DOCTEUR ROGER MAR;;;;330
201400023920;14;1;14;750;5;2;2;2;3;39;AVE JEANNE D'ARC;;;;330
201400023921;14;1;15;1950;5;2;2;1;6;63;QUAI DES QUEYRIES;;;;330
201400023922;14;1;21;1455;1;2;2;1;3;63;RUE LAFAURIE DE MONBADON;;;;330
201400023923;14;1;16;1120;1;2;3;1;3;75;AVE DE LA RESERVE;;;;330
201400023924;14;1;21;750;1;2;1;1;2;63;RUE DE LA PELOUSE DE DOU;;;;330
201400023925;14;1;16;2145;5;2;3;1;3;162;AVE DU MEDOC;;;;330
201400023926;14;1;21;900;1;2;1;1;2;63;QUAI DE PALUDATE;;;;330
201400023927;14;1;18;1300;1;2;3;2;2;281;132, AVE DE LA MARNE;;;;330
201400023928;14;1;16;810;1;2;6;1;3;281;AVE FRANCOIS MITTERRAND;;;;330
201400023929;14;1;17;820;1;2;2;1;6;249;AVE DE PARIS;;;;330
201400023930;14;1;20;715;5;2;1;2;6;249;AVE CARNOT;;;;330
201400023931;14;1;17;1000;1;2;1;1;6;249;AVE DE LA LIBERATION;;;;330
201400023932;14;1;17;510;5;2;1;1;2;39;RUE GUSTAVE EIFFEL;;;;330
201400023933;14;1;17;1324;1;2;1;1;3;69;44, AVE VICTOR HUGO;;;;330
201400023934;14;1;17;1910;5;2;6;1;2;550;CHEM DE COUHINS;;;;330
201400023935;14;1;20;1550;1;2;6;2;3;200;RUE VICTOR HUGO;;;;330
201400023936;14;1;17;1850;5;2;3;1;6;550;555, RTE DE TOULOUSE;;;;330
201400023937;14;1;10;835;1;2;1;1;3;522;351, CRS DE LA LIBERATIO;;;;330
201400023938;14;1;23;1700;1;2;1;2;5;522;88, CRS MARECHAL GALLIEN;;;;330
201400023939;14;1;18;1425;1;2;1;1;3;75;27, AVE PERIER;;;;330
201400023940;14;1;24;1953;5;2;4;2;3;63;IMP Brown de COLSTOUN;;;;330
201400023941;14;1;25;1630;1;2;1;1;3;63;3, QUAI DE LA SOUYS;;;;330
201400023942;14;1;26;225;5;2;4;2;1;63;RUE DOC CHARLES NANCEL P;;;;330
201400023943;14;1;24;1850;5;2;2;3;6;63;RUE CORPS FRANC POMMIES;;;;330
201400023944;14;1;25;1740;1;2;1;1;6;63;24, CRS GEORGES CLEMENCE;;;;330
201400023945;14;1;24;1700;1;2;1;2;2;63;150, AVE THIERS;;;;330
201400023946;14;1;28;35;5;2;2;2;3;63;CARLES (RUE VITAL);;;;330
201400023947;14;1;21;1635;1;2;2;1;3;39;FAVARQUE (AVE);;;;330
201400023948;14;1;20;1455;1;2;3;1;3;522;RUE DE LA REPUBLIQUE;;;;330
201400023949;14;12;19;2200;5;2;1;1;6;63;74, AVE THIERS;;;;330
201400023950;14;1;27;1340;1;2;1;2;7;63;AVE DE LABARDE;;;;330
201400023951;14;1;27;1750;2;2;1;2;6;63;15/21, BD DU PRESIDENT W;;;;330
201400023952;14;1;27;1120;1;2;2;3;6;63;AVE MARCEL DASSAULT;;;;330
201400023953;14;1;30;1515;1;2;4;1;6;63;PCE MARTYRS DE LA RESIST;;;;330
201400023954;14;1;30;1310;1;2;3;1;3;63;RUE CROIX DE SEGUEY;;;;330
201400023955;14;1;28;805;1;2;1;2;3;281;221, AVE DE L'ARGONNE;;;;330
201400023956;14;1;27;745;4;2;6;3;3;63;CRS DE L'ARGONNE;;;;330
201400023957;14;2;1;1110;1;2;1;1;6;69;BD GODARD;;;;330
201400023958;14;1;31;1110;1;2;7;1;6;63;AVE D'ARES CAUD;;;;330
201400023959;14;2;1;1755;2;2;2;2;3;63;CRS BALGUERIE STUTTENBER;;;;330
201400023960;14;1;27;1645;1;2;3;2;3;69;AVE DE LA LIBERATION-CH.;;;;330
201400023961;14;1;28;550;5;2;9;2;2;281;AVE PRESIDENT J.F. KENNE;;;;330
201400023962;14;1;31;1740;1;2;2;1;3;63;RUE VILLEDIEU;;;;330
201400023963;14;1;30;2140;5;2;4;2;3;167;Route D?partementale 10;;;;330
201400023964;14;2;3;1015;1;2;3;1;6;63;14, CRS DE LA SOMME;;;;330
201400023965;14;1;30;745;5;2;4;1;6;281;AVE PIERRE MENDES FRANCE;;;;330
201400023966;14;1;27;1735;2;2;3;3;3;318;ACCES AFPA;;;;330
201400023967;14;1;29;800;1;2;4;1;6;69;RUE AUSONE;;;;330
201400023968;14;2;4;935;1;2;2;1;7;63;CRS SAINT LOUIS;;;;330
201400023969;14;2;6;1440;1;2;2;1;6;63;RUE ABBE DE L'EPEE;;;;330
201400023970;14;2;6;920;1;2;3;2;3;63;74BIS, RUE FRANCOIS DE S;;;;330
201400023971;14;2;6;724;1;2;2;1;3;63;JARDIN PUBLIC (RUE DU);;;;330
201400023972;14;2;6;1530;1;2;1;1;2;63;16, FURTADO (RUE );;;;330
201400023973;14;2;3;1920;5;2;6;1;6;550;AVE JEAN MONNET;;;;330
201400023974;14;2;1;2205;5;2;3;8;6;522;AVE ROUL;;;;330
201400023975;14;2;3;1425;1;2;4;1;3;162;AVE DU MEDOC;;;;330
201400023976;14;2;10;800;1;2;3;1;3;63;QUAI DE LA SOUYS;;;;330
201400023977;14;2;9;150;5;2;2;2;6;63;CRS DE LA MARNE;;;;330
201400023978;14;1;30;1737;1;2;4;1;1;522;ALL PIERRE DE COUBERTIN;;;;330
201400023979;14;2;8;650;5;2;2;2;3;63;RUE CHARLES DOMERCQ;;;;330
201400023980;14;2;4;1730;1;2;2;1;6;249;RUE MICHEL MONTAIGNE;;;;330
201400023981;14;2;10;1355;1;2;2;1;6;63;GAMBETTA (PCE );;;;330
201400023982;14;2;10;1743;2;2;3;2;6;63;RUE PASTEUR CAUD;;;;330
201400023983;14;2;5;1435;1;2;1;3;3;249;VOIE D'ACCES CENTRE COMM;;;;330
201400023984;14;2;7;845;1;2;3;1;6;119;AVE GEORGES CLEMENCEAU;;;;330
201400023985;14;2;4;1735;1;2;3;1;3;39;62, RTE DE TOULOUSE;;;;330
201400023986;14;2;5;800;2;2;1;3;2;550;CHEM DE GALGON;;;;330
201400023987;14;2;6;2035;5;2;3;1;1;119;AVE RENE CASSAGNE;;;;330
201400023988;14;1;30;1905;5;2;1;3;3;550;AVE MIRIEU DE LABARRE;;;;330
201400023989;14;2;7;1840;4;2;3;1;6;281;8, AVE DU MARECHAL GALLI;;;;330
201400023990;14;2;12;2015;5;2;2;2;3;63;SOURDIS (RUE FRANCOIS DE;;;;330
201400023991;14;2;10;740;2;2;1;3;4;162;AVE DU MEDOC;;;;330
201400023992;14;2;13;900;1;2;2;2;3;63;CRS SAINT LOUIS;;;;330
201400023993;14;2;12;400;3;2;1;1;7;550;AVE DE THOUARS;;;;330
201400023994;14;2;16;1250;1;2;3;1;6;69;198, AVE D'EYSINES;;;;330
201400023995;14;2;6;1610;1;2;6;1;3;522;AVE ROUL;;;;330
201400023996;14;2;15;1835;5;2;2;1;3;63;CRS DU MEDOC;;;;330
201400023997;14;2;7;1405;1;2;2;2;5;39;RUE CALIXTE CAMELLE;;;;330
201400023998;14;2;16;430;5;2;6;1;7;550;AVE DES PYRENEES;;;;330
201400023999;14;2;11;1740;1;2;1;2;6;69;53, AVE LEON BLUM;;;;330
201400024000;14;2;13;2200;5;2;1;1;3;32;35, RUE D'AMBARES;;;;330
201400024001;14;2;12;1405;1;2;2;1;1;550;RUE JEAN MERMOZ;;;;330
201400024002;14;2;1;1050;1;2;3;1;6;281;ALL PRESIDENT RENE COTY;;;;330
201400024003;14;2;14;1809;1;2;3;1;3;318;AVE DE LA TUILERANNE;;;;330
201400024004;14;2;14;1825;5;2;1;2;2;200;149, AVE PASTEUR;;;;330
201400024005;14;1;1;515;5;2;2;2;3;63;QUAI DE PALUDATE;;;;330
201400024006;14;2;19;850;1;2;3;1;3;281;RUE THALES;;;;330
201400024007;14;2;19;1905;5;2;1;1;6;550;593, RTE DE TOULOUSE;;;;330
201400024008;14;2;21;1020;1;2;2;1;3;63;BARRES (RUE GEORGES);;;;330
201400024009;14;2;20;1800;2;2;1;2;2;318;AVE DU DOCTEUR ALBERT SC;;;;330
201400024010;14;2;21;1253;1;2;3;1;6;63;BONNIER (RUE CLAUDE);;;;330
201400024011;14;2;22;850;1;2;2;2;2;63;87, ALBRET (CRS D);;;;330
201400024012;14;2;17;1455;1;2;6;1;3;39;CRS VICTOR HUGO;;;;330
201400024013;14;2;24;915;1;2;2;1;5;63;RUE DE BEGLES;;;;330
201400024014;14;2;24;1100;1;2;1;1;6;63;RUE DES ETRANGERS;;;;330
201400024015;14;2;24;1640;1;2;1;1;3;63;22, RUE GEORGES BOUBES;;;;330
201400024016;14;2;24;2235;4;2;1;1;6;281;AVE ROLAND GARROS;;;;330
201400024017;14;2;14;2250;5;2;1;1;6;522;173, CRS GAMBETTA;;;;330
201400024018;14;2;25;1630;1;2;1;2;1;32;QUAI DE VIAL;;;;330
201400024019;14;2;17;830;1;2;1;1;3;522;318, CRS MARECHAL GALLIE;;;;330
201400024020;14;2;26;1545;1;2;3;1;3;63;RUE DE PESSAC;;;;330
201400024021;14;2;20;2115;5;2;2;2;3;522;RUE DE SUZON;;;;330
201400024022;14;2;26;1955;5;2;4;2;3;281;AVE MARCEL DASSAULT;;;;330
201400024023;14;2;26;1645;1;2;3;1;3;318;RUE AMBROISE PARE;;;;330
201400024024;14;2;26;2005;5;2;6;1;3;522;RUE PIERRE NOAILLES;;;;330
201400024025;14;2;27;2018;5;2;2;2;3;281;AVE PRESIDENT J.F. KENNE;;;;330
201400024026;14;2;28;620;5;2;1;3;6;39;218, AVE DU MARECHAL LEC;;;;330
201400024027;14;2;28;830;1;2;1;2;6;63;74 Bis, AVE THIERS;;;;330
201400024028;14;2;28;1720;1;2;3;8;6;63;AVE DE LA REPUBLIQUE CAU;;;;330
201400024029;14;2;28;1850;5;2;1;2;5;63;QUAI RICHELIEU;;;;330
201400024030;14;3;1;805;1;2;3;1;3;318;AVE DU BOURGAILH;;;;330
201400024031;14;2;28;1840;5;2;1;2;6;63;18, CRS DE LA MARNE;;;;330
201400024032;14;3;1;1315;1;2;3;1;2;63;QUAI DE BRAZZA;;;;330
201400024033;14;2;28;415;5;2;2;2;7;63;BD ANTOINE GAUTIER;;;;330
201400024034;14;3;2;2012;5;2;1;8;6;550;AVE FERNAND COIN;;;;330
201400024035;14;3;3;1205;1;2;6;3;2;281;9, AVE RENE CASSIN;;;;330
201400024036;14;3;3;1505;1;2;2;3;3;63;RUE LAJARTE;;;;330
201400024037;14;3;4;906;1;2;3;1;1;63;QUAI DE PALUDATE;;;;330
201400024038;14;3;5;930;1;2;3;1;3;63;AVE MAL DE LATTRE TASSIG;;;;330
201400024039;14;3;5;1515;1;2;1;1;2;63;353, BD ALFRED DANEY;;;;330
201400024040;14;3;5;1820;2;2;6;1;3;318;AVE MAL DE LATTRE DE TAS;;;;330
201400024041;14;3;6;20;5;2;4;1;6;522;RUE DE LA VIEILLE TOUR;;;;330
201400024042;14;3;6;640;2;2;2;1;3;63;RUE BABIN;;;;330
201400024043;14;3;6;1900;5;2;3;1;3;63;CRS DE LA SOMME;;;;330
201400024044;14;3;5;1535;1;2;1;1;2;318;20, AVE PASTEUR;;;;330
201400024045;14;3;7;1110;1;2;1;1;6;281;AVE DES FRERES ROBINSON;;;;330
201400024046;14;3;7;1040;1;2;3;1;6;550;RUE THIERS;;;;330
201400024047;14;3;7;1630;1;2;1;1;6;63;DIJEAUX (RUE DE LA PORTE;;;;330
201400024048;14;3;8;1030;1;2;1;1;4;281;AVE FRANCOIS MITTERRAND;;;;330
201400024049;14;3;8;1530;1;2;3;1;3;63;62, BRUNET (RUE JOSEPH);;;;330
201400024050;14;3;9;325;5;2;9;1;7;63;PONT SAINT- JEAN;;;;330
201400024051;14;3;7;225;5;2;1;1;6;63;1, QUAI SAINTE- CROIX;;;;330
201400024052;14;3;10;1604;1;2;3;1;6;63;RTE DE TOULOUSE;;;;330
201400024053;14;3;10;1800;1;2;1;1;3;281;AVE ROLAND GARROS;;;;330
201400024054;14;3;11;1700;1;2;2;1;3;162;AVE DU TAILLAN-MEDOC;;;;330
201400024055;14;3;11;1345;1;2;2;1;3;318;AVE PIERRE CORNEILLE;;;;330
201400024056;14;3;12;1000;1;2;1;1;3;318;90, AVE DU BOURGAILH;;;;330
201400024057;14;3;10;1744;1;2;2;1;6;249;RUE ANDRE DUPIN;;;;330
201400024058;14;3;7;1430;1;2;1;1;3;162;194, AVE DE SAINT-MEDARD;;;;330
201400024059;14;3;13;1530;1;2;2;1;6;63;RUE BERGERET;;;;330
201400024060;14;3;8;1146;1;2;2;1;3;167;RUE VAILLANT-COUTURIER;;;;330
201400024061;14;3;13;1726;1;2;1;1;6;63;286, CRS DE LA SOMME;;;;330
201400024062;14;3;13;1510;1;2;3;1;3;281;AVE MARCEL DASSAULT;;;;330
201400024063;14;3;11;1140;1;2;2;1;3;63;RUE DE BELFORT;;;;330
201400024064;14;3;14;1345;1;2;6;1;2;318;AVE DE MAGONTY;;;;330
201400024065;14;3;15;1330;1;2;1;1;2;63;311, WILSON (BD DU PRESI;;;;330
201400024066;14;3;15;2255;5;2;2;1;6;63;QUAI DE BACALAN;;;;330
201400024067;14;3;16;2015;5;2;1;1;5;63;PIERRE (PONT DE);;;;330
201400024068;14;3;17;127;5;2;4;1;7;281;AVE PRESIDENT J.F. KENNE;;;;330
201400024069;14;3;15;2010;5;2;2;1;3;63;POIRSON (RUE AUGUSTE);;;;330
201400024070;14;3;13;1135;1;2;2;1;3;63;AVE DE CAUDERAN CAUD;;;;330
201400024071;14;3;17;1455;1;2;2;1;4;63;FONDAUDEGE (RUE );;;;330
201400024072;14;3;19;900;1;2;3;1;6;281;AVE DU MARECHAL LECLERC;;;;330
201400024073;14;3;19;958;1;2;3;1;2;119;AVE RENE CASSAGNE;;;;330
201400024074;14;3;19;1535;1;2;1;1;6;63;AVE DE LAROQUE;;;;330
201400024075;14;3;19;1840;1;2;2;1;3;39;AVE DU PROFESSEUR BERGON;;;;330
201400024076;14;3;19;1747;1;2;2;1;3;63;RUE FRANCOIS DE SOURDIS;;;;330
201400024077;14;3;20;1400;1;2;1;1;3;63;93, QUAI DES CHARTRONS;;;;330
201400024078;14;3;20;2200;5;2;3;1;6;550;RTE DE TOULOUSE;;;;330
201400024079;14;3;19;1500;1;2;3;1;7;119;AVE JEAN JAURES;;;;330
201400024080;14;3;20;1230;1;2;1;1;5;119;62, AVE RENE CASSAGNE;;;;330
201400024081;14;3;23;14;5;2;6;2;3;249;126, QUAI CARRIET;;;;330
201400024082;14;3;23;1220;1;2;1;1;3;281;117BIS, AVE DE MAGUDAS;;;;330
201400024083;14;3;23;2055;5;2;2;1;2;63;QUAI SAINTE- CROIX;;;;330
201400024084;14;3;24;1410;1;2;4;2;1;522;50-52, RUE H. DE MONTHER;;;;330
201400024085;14;3;24;1645;1;2;2;2;3;63;BD JEAN-JACQUES BOSC;;;;330
201400024086;14;3;25;640;5;2;6;2;2;281;AVE FRANCOIS MITTERRAND;;;;330
201400024087;14;3;24;1050;1;2;3;1;3;167;43, AVE GASTON CABANNES;;;;330
201400024088;14;3;25;925;1;2;4;2;6;281;RUE ARMAND GAYRAL;;;;330
201400024089;14;3;24;1900;5;2;2;2;3;318;AVE MONTESQUIEU;;;;330
201400024090;14;3;25;1230;1;2;5;2;3;63;CRS DE LA LIBERATION;;;;330
201400024091;14;3;24;1720;1;2;3;2;3;63;AVE DE LA REPUBLIQUE CAU;;;;330
201400024092;14;3;25;1240;1;2;4;2;3;281;76, AVE DE LA MARNE;;;;330
201400024093;14;3;25;2035;5;2;1;1;6;162;9, AVE DU MAL DE LATTRE;;;;330
201400024094;14;3;25;1900;5;2;2;2;5;63;CRS GEORGES CLEMENCEAU;;;;330
201400024095;14;3;26;915;1;2;3;1;6;63;56, RUE AMEDEE SAINT-GER;;;;330
201400024096;14;3;26;1600;1;2;1;1;6;63;4, RUE DU PORT;;;;330
201400024097;14;3;27;2054;5;2;2;1;3;63;RTE DE TOULOUSE;;;;330
201400024098;14;3;27;1950;5;2;2;1;6;63;10, RUE DE TAUZIA;;;;330
201400024099;14;3;28;2150;5;2;2;1;3;63;RUE SAINT- JEAN;;;;330
201400024100;14;3;30;110;5;2;1;1;6;63;QUAI DE LA MONNAIE;;;;330
201400024101;14;3;30;1115;1;2;2;1;3;63;AVE MAL DE LATTRE TASSIG;;;;330
201400024102;14;3;30;1805;1;2;3;1;3;249;AVE DE LA LIBERATION;;;;330
201400024103;14;3;30;1140;1;2;3;1;1;162;98, AVE DE PICOT;;;;330
201400024104;14;3;31;840;1;2;1;1;6;63;8, BARBEY (CRS );;;;330
201400024105;14;4;1;1850;1;2;2;1;3;63;RUE LACORNEE;;;;330
201400024106;14;4;1;2325;5;2;9;1;6;281;RUE DIDIER PIRONI;;;;330
201400024107;14;4;2;1145;1;2;1;1;2;249;AVE DE PARIS;;;;330
201400024108;14;3;28;1130;1;2;1;1;6;119;AVE ROGER SCHWOB;;;;330
201400024109;14;4;3;1015;1;2;4;2;3;63;DESCHAMPS (QUAI );;;;330
201400024110;14;4;2;1552;1;2;2;1;6;63;162, ARGONNE (CRS DE L);;;;330
201400024111;14;4;3;1550;1;2;3;2;2;249;RUE DU PIMPIN;;;;330
201400024112;14;4;3;2105;5;2;6;2;6;63;RUE JULES FERRY CAUD;;;;330
201400024113;14;4;3;2110;5;2;1;3;3;63;75, MEDOC (CRS DU);;;;330
201400024114;14;4;4;2115;5;2;4;1;6;63;BD JOLIOT-CURIE;;;;330
201400024115;14;4;4;1940;1;2;3;1;3;119;RUE JULES GUESDE;;;;330
201400024116;14;4;5;1510;1;2;2;1;6;63;273, CRS DE LA SOMME;;;;330
201400024117;14;4;6;725;2;2;2;1;2;318;AVE JEAN JAURES;;;;330
201400024118;14;4;6;1935;1;2;1;1;2;63;AVE DE LA REPUBLIQUE CAU;;;;330
201400024119;14;4;6;2100;5;2;1;1;2;63;3, QUAI RICHELIEU;;;;330
201400024120;14;4;5;1300;1;2;3;1;6;281;RUE DES VIGNOBLES;;;;330
201400024121;14;4;7;815;1;2;1;1;6;63;326, AVE D'ARES CAUD;;;;330
201400024122;14;4;7;1915;1;2;3;1;3;63;CROIX (QUAI SAINTE-);;;;330
201400024123;14;4;8;1010;1;2;2;1;3;318;AVE DU GENERAL LECLERC;;;;330
201400024124;14;4;8;1310;1;2;3;1;3;281;146, AVE DE MAGUDAS;;;;330
201400024125;14;4;8;1320;1;2;2;1;3;63;CRS DE L'ARGONNE;;;;330
201400024126;14;4;9;930;1;2;2;1;3;63;RUE CLAUDE BONNIER;;;;330
201400024127;14;4;9;900;1;2;1;1;6;63;35, ALBERT 1ER (BD );;;;330
201400024128;14;4;9;1020;1;2;7;1;6;63;CRS DU CHAPEAU ROUGE;;;;330
201400024129;14;4;9;1655;1;2;2;1;3;63;AUCHAN (PRK );;;;330
201400024130;14;4;9;2050;5;2;3;1;7;13;AVE DESCLAUX;;;;330
201400024131;14;4;7;1640;1;2;3;1;6;75;78, RTE DU MEDOC;;;;330
201400024132;14;4;10;815;1;2;2;1;3;63;BD DU PRESIDENT WILSON;;;;330
201400024133;14;4;10;935;1;2;2;1;2;63;31, RUE CAMILLE GODARD;;;;330
201400024134;14;4;10;2125;5;2;3;1;3;550;RTE DE TOULOUSE;;;;330
201400024135;14;4;11;50;5;2;1;1;7;63;241, RUE CAMILLE GODARD;;;;330
201400024136;14;4;10;1745;1;2;3;1;3;318;AVE GUSTAVE EIFFEL;;;;330
201400024137;14;4;11;1050;1;2;3;1;3;63;AVE DE LA REPUBLIQUE CAU;;;;330
201400024138;14;4;11;1330;1;2;1;1;6;69;449, AVE D'EYSINES;;;;330
201400024139;14;4;11;1700;1;2;3;1;2;318;14, AVE GUSTAVE EIFFEL;;;;330
201400024140;14;4;12;1;5;2;1;1;7;69;RUE RAYMOND LAVIGNE;;;;330
201400024141;14;4;12;1505;1;2;2;1;1;63;TONDU (RUE DU);;;;330
201400024142;14;4;12;2214;5;2;1;1;2;63;52, PASTEUR (CRS );;;;330
201400024143;14;4;13;2340;5;2;2;1;3;63;CURSOL (RUE DE);;;;330
201400024144;14;4;13;1;5;2;3;1;1;281;RUE FONTAINE D'ARLAC;;;;330
201400024145;14;4;14;1300;1;2;6;1;7;522;RUE PACARIS;;;;330
201400024146;14;4;10;915;1;2;2;1;3;281;AVE NEIL ARMSTRONG;;;;330
201400024147;14;4;14;1300;1;2;2;1;1;63;BACALAN (QUAI DE);;;;330
201400024148;14;4;15;820;1;2;1;1;2;63;287, BD ALFRED DANEY;;;;330
201400024149;14;4;15;1120;1;2;6;1;6;522;2, AVE MAL DE LATTRE DE;;;;330
201400024150;14;4;14;1000;1;2;2;1;6;522;AVE MAL DE LATTRE DE TAS;;;;330
201400024151;14;4;15;1635;1;2;3;1;6;63;103, CRS ARISTIDE BRIAND;;;;330
201400024152;14;4;15;915;1;2;1;1;3;318;AVE MAL DE LATTRE DE TAS;;;;330
201400024153;14;4;16;1920;1;2;2;1;2;63;WILSON (BD DU PRESIDENT);;;;330
201400024154;14;4;17;950;1;2;1;1;6;63;AVE DES QUARANTE JOURNAU;;;;330
201400024155;14;4;17;1750;1;2;3;1;3;63;BD ALFRED DANEY;;;;330
201400024156;14;4;17;1700;1;2;3;1;5;63;280, AVE THIERS;;;;330
201400024157;14;4;18;730;1;2;1;1;2;13;7, AVE DESCLAUX;;;;330
201400024158;14;4;18;1135;1;2;3;1;6;550;RUE 19 MARS 1962;;;;330
201400024159;14;4;17;1925;1;2;4;1;3;550;AVE DES PYRENEES;;;;330
201400024160;14;4;18;1250;1;2;2;1;3;63;RUE PERINOT CAUD;;;;330