num_acc;an;mois;jour;hrmn;lum;agg;int;atm;col;com;adr;gps;lat;long;dep
201400024483;14;8;31;1600;1;2;3;1;6;63;BD MARECHAL LECLERC;;;;330
201400024484;14;8;31;2340;3;1;4;1;7;65;COTE DU PIQUET;;;;330
201400024485;14;9;2;1700;1;2;2;1;3;63;CRS D'ALBRET;;;;330
201400024486;14;9;3;825;1;2;4;7;3;63;201, AVE DE LABARDE;;;;330
201400024487;14;9;3;950;1;2;3;1;6;281;ST MEDARD (AVE);;;;330
201400024488;14;9;3;2335;5;2;3;1;6;39;RUE DES QUATRE CASTERA;;;;330
201400024489;14;9;2;1925;1;2;2;1;3;75;RUE DES REDUITS;;;;330
201400024490;14;9;4;750;1;2;3;1;3;167;0, AVE SALVADOR ALLENDE;;;;330
201400024491;14;9;4;923;1;2;6;1;3;63;PCE BIR HAKEIM;;;;330
201400024492;14;9;4;800;1;2;2;1;3;318;AVE PEY BERLAND;;;;330
201400024493;14;9;4;855;1;2;1;1;3;192;ROUMEGOUS (Place Bernard;;;;330
201400024494;14;9;4;1000;1;2;3;1;1;63;RUE DU DOCTEUR GABRIEL P;;;;330
201400024495;14;9;4;1415;1;2;6;1;3;63;RUE FRANCOIS DE SOURDIS;;;;330
201400024496;14;9;4;1725;1;2;3;1;6;69;AVE LEON BLUM;;;;330
201400024497;14;9;4;1745;1;2;1;1;3;63;29, AVE CARNOT CAUD;;;;330
201400024498;14;9;4;1630;1;2;3;1;6;63;CRS PASTEUR;;;;330
201400024499;14;9;5;845;1;2;6;1;3;281;AVE DE L'YSER;;;;330
201400024500;14;9;5;840;1;2;3;1;3;281;AVENUE DU CHATEAU D'EAU;;;;330
201400024501;14;9;5;1111;1;2;2;1;6;63;CRS BALGUERIE STUTTENBER;;;;330
201400024502;14;9;5;1130;1;2;3;1;3;63;AVE DU MAL DE LATTRE DE;;;;330
201400024503;14;9;5;1840;1;2;2;1;3;63;BD JEAN-JACQUES BOSC;;;;330
201400024504;14;9;7;420;5;2;1;1;6;63;38, QUAI DE PALUDATE;;;;330
201400024505;14;9;8;120;5;2;5;1;3;63;PCE RAVESIES;;;;330
201400024506;14;9;6;1900;1;2;1;1;7;192;RUE DU MOULINEAU;;;;330
201400024507;14;9;8;1140;1;2;2;1;6;63;RUE EDMOND COSTEDOAT;;;;330
201400024508;14;9;8;1250;1;2;4;1;3;550;CHEM DU TILLON;;;;330
201400024509;14;9;8;1415;1;2;2;1;3;69;RTE DU MEDOC;;;;330
201400024510;14;9;8;1415;1;2;2;1;1;63;RUE DU CHAI DES FARINES;;;;330
201400024511;14;9;8;1430;1;2;6;1;6;63;CRS VICTOR HUGO;;;;330
201400024512;14;9;8;1740;1;2;1;1;3;281;AVE FRANCOIS MITTERRAND;;;;330
201400024513;14;9;8;1730;1;2;3;1;3;249;AVE DE LA LIBERATION;;;;330
201400024514;14;9;9;1430;1;2;1;1;2;63;56, CRS MARECHAL JUIN;;;;330
201400024515;14;9;9;1700;1;2;1;1;3;63;68, BD MARECHAL LECLERC;;;;330
201400024516;14;9;9;1654;1;2;3;1;3;63;AVE CHARLES DE GAULLE CA;;;;330
201400024517;14;9;9;1850;1;2;6;1;3;63;BD ANDRE RICARD;;;;330
201400024518;14;9;9;2220;5;2;1;1;3;162;86, AVE DE L'HIPPODROME;;;;330
201400024519;14;9;9;2040;5;2;1;1;5;192;RUE DU MOULINEAU;;;;330
201400024520;14;9;10;830;1;2;3;1;6;522;71, AVE MARECHAL LECLERC;;;;330
201400024521;14;9;10;1017;1;2;1;1;3;63;17, RUE DU GRAND LEBRUN;;;;330
201400024522;14;9;10;915;1;2;3;1;1;63;RUE CAPDEVILLE;;;;330
201400024523;14;9;10;1805;1;2;2;1;3;69;BD PIERRE 1ER;;;;330
201400024524;14;9;11;810;1;2;1;1;2;75;AVE PERIER;;;;330
201400024525;14;9;10;2015;2;2;2;1;5;63;138, AVE DE LA REPUBLIQU;;;;330
201400024526;14;9;12;55;5;2;1;1;6;63;40, QUAI DE PALUDATE;;;;330
201400024527;14;9;12;700;2;2;1;1;3;318;156, AVE DU GENERAL LECL;;;;330
201400024528;14;9;12;1645;1;2;2;1;1;63;LARMINAT (RUE GENERAL DE;;;;330
201400024529;14;9;12;1545;1;2;2;1;3;63;RUE SAINT- JEAN;;;;330
201400024530;14;9;12;1910;1;2;1;1;2;281;35, AVE DE VERDUN;;;;330
201400024531;14;9;13;858;1;2;2;1;3;63;CRS DU MEDOC;;;;330
201400024532;14;9;13;947;1;2;6;1;1;192;00, AVE DE L'HIPPODROME;;;;330
201400024533;14;9;13;1130;1;2;2;1;3;63;RUE MOUNEYRA;;;;330
201400024534;14;9;12;1615;1;2;3;1;3;318;RUE CHATEAUBRIAND;;;;330
201400024535;14;9;13;1350;1;2;3;1;1;281;5, AVE PRESIDENT J.F. KE;;;;330
201400024536;14;9;13;1745;1;2;6;1;2;318;AVE LEON BLUM;;;;330
201400024537;14;9;13;2200;5;2;2;1;3;63;CRS DE L'YSER;;;;330
201400024538;14;9;13;2220;4;2;6;1;3;318;RUE CHATEAUBRIAND;;;;330
201400024539;14;9;14;45;5;2;4;1;3;63;BD DU PDT FRANKLIN ROOSE;;;;330
201400024540;14;9;15;210;5;2;1;1;2;63;BRETELLE D'ACCES QUAI DE;;;;330
201400024541;14;9;15;1810;1;1;1;1;3;281;AVE FRANCOIS MITTERRAND;;;;330
201400024542;14;9;15;1850;1;2;3;1;3;63;BD ANTOINE GAUTIER;;;;330
201400024543;14;8;23;2115;2;2;3;1;5;281;RUE PAUL DOUMER;;;;330
201400024544;14;9;16;900;1;2;1;1;3;522;235, AVE DE THOUARS;;;;330
201400024545;14;9;16;1030;1;2;3;1;6;63;CRS DE L'YSER;;;;330
201400024546;14;9;16;1815;1;2;2;1;3;63;LARMINAT (RUE GENERAL DE;;;;330
201400024547;14;9;16;1745;1;2;1;1;3;281;119, AVE HENRI VIGNEAU;;;;330
201400024548;14;9;17;900;1;1;3;1;3;63;AVE DU MAL DE LATTRE DE;;;;330
201400024549;14;9;17;2220;5;2;3;1;1;522;RUE DE LA VIEILLE TOUR;;;;330
201400024550;14;9;18;758;1;2;4;1;7;63;15, ALBERT 1ER (BD );;;;330
201400024551;14;9;18;815;1;2;1;1;3;192;62, CRS DU GENERAL DE GA;;;;330
201400024552;14;9;18;915;1;2;3;1;6;63;89, RUE MALBEC;;;;330
201400024553;14;9;18;1050;1;2;1;1;1;63;51, CRS GEORGES CLEMENCE;;;;330
201400024554;14;9;18;1410;1;2;6;1;7;63;195, MARNE (CRS DE LA);;;;330
201400024555;14;9;18;1720;1;2;1;2;3;13;41, AVE DE L' ILE DE FRA;;;;330
201400024556;14;9;19;830;1;2;2;1;3;200;RUE BERNARD DE GIRARD;;;;330
201400024557;14;9;19;955;1;2;3;1;2;63;RUE DE CAUDERES;;;;330
201400024558;14;9;19;1650;1;2;6;1;6;281;AVE DE LA LIBERATION;;;;330
201400024559;14;9;19;2240;5;2;2;1;3;63;BD DU PRESIDENT WILSON;;;;330
201400024560;14;9;20;55;5;2;2;1;7;63;108, BD MARECHAL LECLERC;;;;330
201400024561;14;9;21;1050;1;2;3;1;1;63;QUAI DESCHAMPS;;;;330
201400024562;14;9;21;1720;1;2;3;1;3;281;RUE DE L'EMAILLERIE;;;;330
201400024563;14;9;15;1430;1;2;2;1;1;119;0, AVE RENE CASSAGNE;;;;330
201400024564;14;9;22;1400;1;2;6;1;3;63;RDPT DOCTEUR ETIENNE GIN;;;;330
201400024565;14;9;22;1650;1;2;3;1;2;75;ALL DE BOUTAUT;;;;330
201400024566;14;9;22;1900;1;2;2;1;6;522;RUE DE SUZON;;;;330
201400024567;14;9;20;2315;5;2;6;1;3;63;BD DU PDT FRANKLIN ROOSE;;;;330
201400024568;14;9;23;730;1;2;2;1;3;63;CRS DE L'ARGONNE;;;;330
201400024569;14;9;23;900;1;2;6;1;3;63;PLACE RAVEZIES;;;;330
201400024570;14;9;23;911;1;2;3;1;2;63;AVE DE LA JALLERE;;;;330
201400024571;14;9;23;1630;1;2;5;1;3;63;28, RUE LE CHAPELIER;;;;330
201400024572;14;9;23;1650;1;2;3;1;6;167;30, AVE HUBERT DUBEDOUT;;;;330
201400024573;14;9;23;1710;1;2;1;1;6;162;50, AVE DE SAINT-MEDARD;;;;330
201400024574;14;9;23;1840;1;2;3;1;3;249;RUE JOACHIM DU BELLAY;;;;330
201400024575;14;9;23;2300;5;2;1;1;6;281;179, AVE DE LA LIBERATIO;;;;330
201400024576;14;9;24;30;5;2;2;1;2;119;AVE JEAN JAURES;;;;330
201400024577;14;9;23;1450;1;2;1;1;3;318;AVE DE SAIGE;;;;330
201400024578;14;9;24;1000;1;2;1;1;2;63;RUE JEAN SAMAZEUILH;;;;330
201400024579;14;9;24;1315;1;2;2;1;3;318;AVE DU PRESIDENT JF KENN;;;;330
201400024580;14;9;24;1310;1;2;3;1;3;63;BD PIERRE 1ER;;;;330
201400024581;14;9;24;1610;1;2;3;1;6;318;RUE MARC CHAGALL;;;;330
201400024582;14;9;24;1440;1;2;2;1;3;63;CRS BALGUERIE STUTTENBER;;;;330
201400024583;14;9;24;1835;1;2;1;1;3;63;137, RUE FONDAUDEGE;;;;330
201400024584;14;9;23;1600;1;2;2;1;6;63;RTE DE TOULOUSE;;;;330
201400024585;14;9;25;1010;1;2;3;1;1;281;RUE THIERRY SABINE;;;;330
201400024586;14;9;25;1705;1;2;3;1;3;318;28, AVE GUSTAVE EIFFEL;;;;330
201400024587;14;9;26;340;5;2;2;1;3;63;CRS DE L'YSER;;;;330
201400024588;14;9;26;730;2;2;1;1;5;522;41, RUE PACARIS;;;;330
201400024589;14;9;26;1439;1;2;1;1;5;281;AVE MARCEL DASSAULT;;;;330
201400024590;14;9;26;1838;1;2;1;1;6;63;10, RUE DES PILIERS DE T;;;;330
201400024591;14;9;26;1610;1;2;2;1;3;63;RUE JOSEPH AUBE;;;;330
201400024592;14;9;26;1720;1;2;3;1;3;162;186, RUE DE GASTEBOY;;;;330
201400024593;14;9;26;1750;1;2;6;1;3;318;AVE DU GENERAL LECLERC;;;;330
201400024594;14;9;26;1915;1;2;1;1;2;13;RN 89;;;;330
201400024595;14;9;26;855;2;2;1;1;3;63;84, BD MARECHAL LECLERC;;;;330
201400024596;14;9;27;55;5;2;6;1;7;281;RUE MARCEL ISSARTIER;;;;330
201400024597;14;9;26;1935;2;2;1;1;6;318;8, RUE ANDRE PUJOL;;;;330
201400024598;14;9;27;1430;1;2;4;1;3;39;RUE DE BEGLES;;;;330
201400024599;14;9;29;800;1;2;2;1;6;63;ALBERT 1ER (BD );;;;330
201400024600;14;9;29;1330;1;2;6;1;2;75;36, RUE ANDRE MESSAGER;;;;330
201400024601;14;9;29;1640;1;2;1;1;1;281;117 bis, AVE DE MAGUDAS;;;;330
201400024602;14;9;29;1850;1;2;1;1;5;63;103, AVE DU GENERAL LECL;;;;330
201400024603;14;9;29;1730;1;2;8;1;3;63;PCE AMELIE RABA LEON;;;;330
201400024604;14;9;30;750;1;2;6;1;3;63;RUE DE BETHMANN;;;;330
201400024605;14;9;30;750;1;2;2;1;3;75;RTE DU MEDOC;;;;330
201400024606;14;9;30;920;1;2;6;1;3;281;SORTIE ROCADE N?11;;;;330
201400024607;14;9;30;1545;1;2;1;1;6;63;5, RUE DE CURSOL;;;;330
201400024608;14;9;30;1800;1;2;1;1;7;281;16, AVE PIERRE MENDES FR;;;;330
201400024609;14;10;1;1340;1;2;2;1;3;522;RUE LAFITTE;;;;330
201400024610;14;10;1;1615;1;2;3;1;6;318;AVE DU MARECHAL JUIN;;;;330
201400024611;14;10;1;1725;1;2;2;1;2;63;101, RUE DOCTEUR ALBERT;;;;330
201400024612;14;10;1;1625;1;2;6;1;3;63;RUE FRANCIS JAMMES;;;;330
201400024613;14;10;1;2030;5;2;1;1;3;281;AVE DE MAGUDAS;;;;330
201400024614;14;10;1;2200;5;2;1;1;7;63;38, RUE CHARLES DOMERCQ;;;;330
201400024615;14;9;27;850;1;2;2;1;3;522;CRS GAMBETTA;;;;330
201400024616;14;10;2;745;1;2;2;1;3;63;CRS D'ALBRET;;;;330
201400024617;14;10;2;1600;1;2;4;1;6;63;CRS DE VERDUN;;;;330
201400024618;14;10;2;1315;1;2;2;1;3;318;AVE PEY BERLAND;;;;330
201400024619;14;10;2;1710;1;2;6;1;3;550;AVE DU MARECHAL LECLERC;;;;330
201400024620;14;10;2;1920;1;2;2;1;3;249;BD ODILON REDON;;;;330
201400024621;14;10;3;859;1;2;3;1;3;167;RUE JACQUES DUCLOS;;;;330
201400024622;14;10;3;1940;1;2;1;1;6;63;RUE CHARLES DOMERCQ;;;;330
201400024623;14;10;3;2015;5;2;6;1;3;522;AVE DE THOUARS;;;;330
201400024624;14;10;3;2130;5;2;2;1;3;63;RUE DU 144EME R.I.;;;;330
201400024625;14;10;3;1913;1;2;6;1;5;281;AVE FRANCOIS MITTERRAND;;;;330
201400024626;14;10;4;910;1;2;2;1;3;318;RUE NUNGESSER;;;;330
201400024627;14;10;5;1150;1;2;3;1;1;39;95, AVE JEANNE D'ARC;;;;330
201400024628;14;10;5;1235;1;2;2;1;3;522;AVE DE THOUARS;;;;330
201400024629;14;10;5;1450;1;2;5;1;3;63;PCE AMELIE RABA LEON;;;;330
201400024630;14;10;6;645;1;2;6;1;2;281;AVE ROLAND GARROS;;;;330
201400024631;14;10;6;805;1;2;4;1;6;63;CRS DE L'YSER;;;;330
201400024632;14;10;6;1315;1;2;5;1;3;281;AVE DE LA LIBERATION;;;;330
201400024633;14;10;2;1001;1;2;1;1;6;63;41, RUE JOSEPH BRUNET;;;;330
201400024634;14;10;6;1705;1;2;3;1;3;281;AVE DE BELFORT;;;;330
201400024635;14;10;4;2200;5;2;6;1;7;318;AVE ARAGO;;;;330
201400024636;14;10;6;1728;1;2;1;2;3;281;51, AVE HENRI VIGNEAU;;;;330
201400024637;14;10;7;1100;1;2;2;1;3;75;RUE DE LA TOUR DE GASSIE;;;;330
201400024638;14;10;7;1000;1;2;1;1;7;63;RUE PERE DIEUZAIDE;;;;330
201400024639;14;10;7;900;1;2;1;1;4;63;167 bis, ALBERT 1ER (BD;;;;330
201400024640;14;10;8;850;1;2;2;8;3;63;CRS DE L'ARGONNE;;;;330
201400024641;14;10;8;1030;1;2;6;1;1;281;RUE DE BEAUDESERT;;;;330
201400024642;14;10;3;900;1;2;3;1;6;32;RUE PAUL BERT;;;;330
201400024643;14;10;8;1425;1;2;3;1;6;63;QUAI RICHELIEU;;;;330
201400024644;14;10;8;1405;1;2;1;1;6;522;RUE ROBESPIERRE;;;;330
201400024645;14;10;8;1700;1;2;3;1;6;63;CRS VICTOR HUGO;;;;330
201400024646;14;10;8;1735;1;2;3;1;3;63;QUAI ARMAND LALANDE;;;;330
201400024647;14;10;8;2030;5;2;6;1;7;13;AVE DE VIRECOURT;;;;330
201400024648;14;10;9;750;2;2;1;3;3;63;PASTEUR CAUD (RUE );;;;330
201400024649;14;10;9;2100;5;2;1;1;7;63;55, CRS PASTEUR;;;;330
201400024650;14;10;9;1715;1;2;2;1;3;63;RUE VILLEDIEU;;;;330
201400024651;14;10;10;1540;1;2;1;1;1;192;72-74, GAULLE (CRS DU GE;;;;330
201400024652;14;10;10;1905;1;2;6;1;3;318;AVE DE MAGONTY;;;;330
201400024653;14;10;11;930;1;2;2;1;3;63;RUE BERNARD ADOUR CAUD;;;;330
201400024654;14;10;11;2115;5;2;3;1;2;63;QUAI DE LA SOUYS;;;;330
201400024655;14;10;12;2310;4;1;3;1;6;550;CHEM DE CADAUJAC;;;;330
201400024656;14;10;13;840;1;2;1;1;3;281;AVE FRANCOIS MITTERRAND;;;;330
201400024657;14;10;12;1010;1;2;1;1;2;63;BD DES FRERES MOGA;;;;330
201400024658;14;10;13;1720;1;2;1;1;4;281;AVE FRANCOIS MITTERRAND;;;;330
201400024659;14;10;13;1620;1;2;2;1;6;550;RTE DE LEOGNAN;;;;330
201400024660;14;10;14;1400;1;2;1;1;2;63;QUAI ARMAND LALANDE;;;;330
201400024661;14;10;14;1555;1;2;3;1;6;63;36, GAMBETTA (PCE );;;;330
201400024662;14;10;14;1820;1;2;3;1;3;281;AVE DE VERDUN;;;;330
201400024663;14;10;14;2120;5;2;3;1;3;63;22, QUAI RICHELIEU;;;;330
201400024664;14;10;15;1225;1;2;1;1;6;63;164, RUE FRANCOIS DE SOU;;;;330
201400024665;14;10;15;1305;1;2;2;1;3;69;RUE AMIRAL COURBET;;;;330
201400024666;14;10;15;1430;1;2;3;1;3;63;RUE JULES STEEG;;;;330
201400024667;14;10;15;1500;1;2;1;1;3;63;60, RUE MALBEC;;;;330
201400024668;14;10;15;1825;1;2;2;1;3;75;RUE JULES LADOUMEGUE;;;;330
201400024669;14;10;15;1845;5;2;4;1;3;192;AVE DE L'HIPPODROME;;;;330
201400024670;14;10;15;2100;5;2;2;1;6;162;ALL LEO LAGRANGE;;;;330
201400024671;14;10;15;1650;1;2;1;1;3;318;11, RUE FELIX FAURE;;;;330
201400024672;14;10;16;900;2;2;1;2;6;281;255 BIS, AVE DE VERDUN;;;;330
201400024673;14;10;16;1515;1;2;3;2;3;249;RUE FRANCOIS VILLON;;;;330
201400024674;14;10;16;2120;5;2;2;2;6;63;CRS GEORGES CLEMENCEAU;;;;330
201400024675;14;10;16;2125;3;2;1;1;2;63;AVE DE LABARDE;;;;330
201400024676;14;10;17;1240;1;2;2;1;6;63;CRS D'ALSACE ET LORRAINE;;;;330
201400024677;14;10;17;1420;1;2;1;1;3;281;23, AVE MARCEL DASSAULT;;;;330
201400024678;14;10;18;220;5;2;3;1;1;63;LOUIS XVIII (QUAI );;;;330
201400024679;14;10;18;1140;1;2;6;1;6;63;37, BD DU PRESIDENT WILS;;;;330
201400024680;14;10;18;1740;1;2;2;1;3;63;RUE ESPRIT-DES-LOIS;;;;330
201400024681;14;10;18;2220;5;2;3;1;3;162;AVE DE PICOT;;;;330
201400024682;14;10;19;445;3;2;1;1;3;13;N 89;;;;330
201400024683;14;10;19;1430;1;2;2;1;3;281;AVE PIERRE MENDES FRANCE;;;;330
201400024684;14;10;19;1705;1;2;1;1;3;192;AVE DE L'HIPPODROME;;;;330
201400024685;14;10;18;1900;2;2;1;1;3;192;331, CRS DU GENERAL DE G;;;;330
201400024686;14;10;20;2315;5;2;1;1;7;63;4, QUAI DE PALUDATE;;;;330
201400024687;14;10;20;917;1;2;3;1;3;281;RUE DE CHARLIN;;;;330
201400024688;14;10;21;755;2;2;1;1;7;318;AVE DU GENERAL LECLERC;;;;330
201400024689;14;10;21;1105;1;2;3;1;3;63;394, AVE DU MAL DE LATTR;;;;330
201400024690;14;10;21;1455;1;2;6;1;3;63;DOMERCQ (RUE CHARLES);;;;330
201400024691;14;10;21;1615;1;2;1;2;6;281;124, AVE PIERRE MENDES F;;;;330
201400024692;14;10;22;725;2;2;2;1;3;281;AVE DES COLOMBES;;;;330
201400024693;14;10;22;710;1;2;2;1;6;63;RUE DE MARSEILLE;;;;330
201400024694;14;10;22;1330;1;2;1;1;3;63;120, AVE LOUIS BARTHOU C;;;;330
201400024695;14;10;22;1300;1;2;1;1;6;63;41, RUE FONDAUDEGE;;;;330
201400024696;14;10;22;1425;1;2;3;1;3;63;CRS VICTOR HUGO;;;;330
201400024697;14;10;17;1645;1;2;2;1;3;281;AVE DU DOCTEUR FERNAND G;;;;330
201400024698;14;10;22;1735;1;2;1;1;3;63;347, RUE PASTEUR CAUD;;;;330
201400024699;14;10;22;2030;5;2;3;2;2;63;RUE MONTFAUCON;;;;330
201400024700;14;10;23;420;5;2;1;1;7;63;QUAI DE LA SOUYS;;;;330
201400024701;14;10;23;822;2;2;4;1;3;281;AVE DU DOC ALBERT SCHWEI;;;;330
201400024702;14;10;23;1750;1;2;2;1;3;63;ALL HAUSMANN;;;;330
201400024703;14;10;22;1745;1;2;6;1;2;162;D. 1215;;;;330
201400024704;14;10;23;1815;1;2;1;1;3;281;AVE DE MAGUDAS;;;;330
201400024705;14;10;23;2120;5;2;6;1;3;162;AVE DE LA LIBERATION;;;;330
201400024706;14;10;23;2210;5;2;3;1;7;63;CRS DE LA MARNE;;;;330
201400024707;14;10;23;820;1;2;1;1;2;63;RUE DE LA PELOUSE DE DOU;;;;330
201400024708;14;10;24;937;1;2;6;1;3;522;RUE DU PROFESSEUR ARNOZA;;;;330
201400024709;14;10;24;2100;5;2;2;1;3;63;RUE DU VERGNE;;;;330
201400024710;14;10;25;715;5;2;3;1;6;63;QUAI DE PALUDATE;;;;330
201400024711;14;10;25;517;2;2;6;1;3;550;ROCADE EXTERIEURE;;;;330
201400024712;14;10;25;1000;1;2;2;1;3;75;AVE CHARLES DE GAULLE;;;;330
201400024713;14;10;25;1150;1;2;1;1;2;63;279, RUE GEORGES BONNAC;;;;330
201400024714;14;10;25;2200;5;2;2;1;6;63;229, RUE JUDAIQUE;;;;330
201400024715;14;10;26;40;5;2;2;1;6;63;59, RUE DE PESSAC;;;;330
201400024716;14;10;24;1415;1;2;1;1;2;522;AVE PEY BERLAND;;;;330
201400024717;14;10;26;1633;1;2;1;1;6;63;RUE CHARLES DOMERCQ;;;;330
201400024718;14;10;26;1830;5;2;1;1;4;192;32, CRS DU GENERAL DE GA;;;;330
201400024719;14;10;27;1215;1;2;1;1;6;63;AVE THIERS;;;;330
201400024720;14;10;27;2120;5;2;3;1;3;63;QUAI LOUIS XVIII;;;;330
201400024721;14;10;27;1950;5;2;2;1;3;522;RUE DES EPOUX LESGOURGUE;;;;330
201400024722;14;10;28;1035;1;1;1;1;3;63;94, QUAI DES CHARTRONS;;;;330
201400024723;14;10;28;1300;1;2;3;1;3;281;AVE DE VERDUN;;;;330
201400024724;14;10;28;1715;1;2;2;1;1;39;GAMBETTA (RUE LEON);;;;330
201400024725;14;10;29;845;1;2;1;1;3;281;26, AVE DE FONCASTEL;;;;330
201400024726;14;10;29;850;1;2;2;1;3;63;BD GODARD;;;;330
201400024727;14;10;29;930;1;2;3;1;6;63;RUE ROBERT SCHUMAN;;;;330
201400024728;14;10;29;1120;1;2;1;1;6;63;PCE NANSOUTY;;;;330
201400024729;14;10;29;1100;1;2;3;1;3;162;173, AVE DE L'HIPPODROME;;;;330
201400024730;14;10;29;2330;5;2;6;1;7;318;AVE DU DOCTEUR NANCEL PE;;;;330
201400024731;14;10;30;815;1;2;3;1;6;318;AVE EUGENE ET MARC DULOU;;;;330
201400024732;14;10;30;1028;1;2;1;1;3;63;63, CRS D'ALBRET;;;;330
201400024733;14;10;30;2010;5;2;3;1;6;63;RUE SAINT VINCENT DE PAU;;;;330
201400024734;14;10;30;935;1;2;1;1;2;281;22, AVE ARISTIDE BRIAND;;;;330
201400024735;14;10;31;1300;1;2;6;1;3;200;AVE DE MAGUDAS;;;;330
201400024736;14;10;31;1650;1;2;1;1;3;281;119, AVE HENRI VIGNEAU;;;;330
201400024737;14;10;31;1730;1;2;3;1;3;63;RUE GEORGES MANDEL;;;;330
201400024738;14;10;31;1900;5;2;1;1;3;522;RUE LAMARTINE;;;;330
201400024739;14;11;1;930;1;2;1;1;3;200;33, AVE DE PARIS;;;;330
201400024740;14;11;1;950;1;2;4;1;1;281;RUE DU JARD;;;;330
201400024741;14;11;1;1140;1;2;1;1;2;63;287, BD ALFRED DANEY;;;;330
201400024742;14;11;1;1322;1;2;2;1;3;63;243, AVE D'EYSINES CAUD;;;;330
201400024743;14;11;1;2330;5;2;1;1;6;63;72, QUAI DES CHARTRONS;;;;330
201400024744;14;11;1;1130;1;2;1;1;6;550;70, RTE DE LEOGNAN;;;;330
201400024745;14;11;3;1640;1;2;1;2;7;119;AVE ROGER SCHWOB;;;;330
201400024746;14;11;4;900;1;2;1;1;3;167;6, COTE DE L'EMPEREUR;;;;330
201400024747;14;11;4;1830;2;2;3;2;5;13;AVE DE L' ILE DE FRANCE;;;;330
201400024748;14;11;5;925;1;2;2;1;3;249;AVE DE PARIS;;;;330
201400024749;14;11;5;1350;1;2;3;1;1;63;BD MARECHAL LECLERC;;;;330
201400024750;14;11;5;1940;5;2;3;1;3;162;AVE DE L'HIPPODROME;;;;330
201400024751;14;11;5;2110;5;2;3;1;2;63;15, RUE JUDAIQUE;;;;330
201400024752;14;11;6;130;5;2;2;1;3;63;PCE AMEDEE LARRIEU;;;;330
201400024753;14;11;6;245;5;2;1;1;6;318;56, AVE ROGER COHE;;;;330
201400024754;14;11;6;930;1;2;2;1;6;75;AVE DU LAC;;;;330
201400024755;14;11;6;1015;1;2;3;1;3;63;14, CRS DE L'YSER;;;;330
201400024756;14;11;6;1825;5;2;3;1;5;200;AVE DE MAGUDAS;;;;330
201400024757;14;11;6;1700;1;2;3;1;3;65;AVE DE LA BELLE ETOILE;;;;330
201400024758;14;11;7;805;1;2;6;2;6;39;GAMBETTA (RUE LEON);;;;330
201400024759;14;11;5;1923;5;2;3;2;3;522;96, CRS GAMBETTA;;;;330
201400024760;14;11;7;825;1;2;2;1;3;522;RUE CALIXTE CAMELLE;;;;330
201400024761;14;11;7;1640;1;2;1;1;1;75;AVE J. CHABAN DELMAS;;;;330
201400024762;14;11;8;725;2;2;6;1;6;63;ALL DU BOIS;;;;330
201400024763;14;11;7;1830;5;2;3;1;3;192;RTE DE PESSAC;;;;330
201400024764;14;11;7;1855;5;2;3;1;2;522;AVE DE THOUARS;;;;330
201400024765;14;11;9;10;5;2;1;2;1;550;31, CHEM DU PAS DE LA CO;;;;330
201400024766;14;11;10;940;1;2;6;1;6;550;50-60, AVE DES PYRENEES;;;;330
201400024767;14;11;4;1915;4;2;1;2;3;13;RTE DEPARTEMENTALE N?936;;;;330
201400024768;14;11;6;1120;1;2;3;1;3;63;BD GODARD;;;;330
201400024769;14;11;10;1510;1;2;2;1;3;63;RUE CLAUDE BONNIER;;;;330
201400024770;14;11;10;1645;1;2;4;1;2;69;AVE D'EYSINES;;;;330
201400024771;14;11;10;1850;5;2;3;1;3;162;AVE DU MEDOC;;;;330
201400024772;14;11;10;1750;1;2;2;1;3;281;GEORGES LATECOER (RUE);;;;330
201400024773;14;11;12;310;5;2;1;3;6;63;QUAI DE LA DOUANE;;;;330
201400024774;14;11;12;741;2;2;2;3;3;192;RUE DE LA CROIX DE MONJO;;;;330
201400024775;14;11;12;930;1;2;2;1;2;63;BD DU PRESIDENT WILSON;;;;330
201400024776;14;11;12;1640;1;2;3;1;3;550;RUE BLAISE CENDRARS;;;;330
201400024777;14;11;12;1740;2;2;1;2;5;119;AVE DU PRESIDENT J.F. KE;;;;330
201400024778;14;11;12;1910;5;2;1;2;2;318;AVE JEAN BABIN;;;;330
201400024779;14;11;12;2040;5;2;2;1;3;318;AVE PASTEUR;;;;330
201400024780;14;11;13;910;1;2;3;1;3;522;RUE ANDRE MESSAGER;;;;330
201400024781;14;11;13;930;1;2;6;1;2;119;AVE ROGER SCHWOB;;;;330
201400024782;14;11;13;810;1;2;3;1;1;162;RUE DU COLLEGE TECHNIQUE;;;;330
201400024783;14;11;13;1745;5;2;3;1;1;75;RTE DU MEDOC;;;;330
201400024784;14;11;13;1845;5;2;2;1;3;69;27, RUE FRANCIS DE PRESS;;;;330
201400024785;14;11;13;2030;5;2;3;1;3;63;RUE AMEDEE SAINT-GERMAIN;;;;330
201400024786;14;11;13;2100;5;2;3;1;6;522;CRS MARECHAL GALLIENI;;;;330
201400024787;14;11;13;910;1;2;2;2;2;281;27, RUE FRANCOIS ARAGO;;;;330
201400024788;14;11;13;1200;1;2;3;1;4;281;RUE DU JARD;;;;330
201400024789;14;11;12;1740;5;2;2;2;3;63;RUE DELBOS;;;;330
201400024790;14;11;13;1900;5;2;2;1;3;522;RUE PEYDAVANT;;;;330
201400024791;14;11;14;1400;1;2;3;1;3;522;CRS DE LA LIBERATION;;;;330
201400024792;14;11;14;1800;2;2;1;1;6;63;9, PCE MARTYRS DE LA RES;;;;330
201400024793;14;11;14;1840;5;2;2;2;3;281;AVE PIERRE MENDES FRANCE;;;;330
201400024794;14;11;14;2100;5;2;2;5;6;550;AVE DU MARECHAL JUIN;;;;330
201400024795;14;11;15;156;5;2;3;1;3;63;39, RTE DE TOULOUSE;;;;330
201400024796;14;11;15;1604;1;2;6;3;3;522;AVE MARECHAL LECLERC;;;;330
201400024797;14;11;15;2103;5;2;1;3;2;522;750, CRS DE LA LIBERATIO;;;;330
201400024798;14;11;15;1215;1;2;2;2;3;281;AVE DE FONCASTEL;;;;330
201400024799;14;11;16;425;5;2;2;3;6;63;RUE LEYTEIRE;;;;330
201400024800;14;11;17;2;5;2;1;2;7;162;246, AVE DE SAINT MEDARD;;;;330
201400024801;14;11;14;1230;1;2;2;8;6;63;ALBERT 1ER (BD );;;;330
201400024802;14;11;17;945;1;2;1;2;2;281;89, AVE DE LA LIBERATION;;;;330