num_acc;an;mois;jour;hrmn;lum;agg;int;atm;col;com;adr;gps;lat;long;dep
201400024803;14;11;17;1510;1;2;1;1;2;63;21, RUE SUFFREN;;;;330
201400024804;14;11;13;735;5;2;2;1;6;522;RES PACARIS;;;;330
201400024805;14;11;14;1210;1;2;3;8;3;522;RUE ROBESPIERRE;;;;330
201400024806;14;11;14;735;5;2;6;3;3;192;RTE DE CANEJAN;;;;330
201400024807;14;11;18;1520;1;2;3;1;6;63;60, CRS DE LA SOMME;;;;330
201400024808;14;11;18;1700;1;2;2;1;3;162;AVE DU TAILLAN MEDOC;;;;330
201400024809;14;11;18;1730;2;2;2;1;2;63;BD PIERRE 1ER;;;;330
201400024810;14;11;18;1800;1;2;2;1;4;63;CRS DE L'YSER;;;;330
201400024811;14;11;18;2135;5;2;4;1;3;63;RUE FERNAND AUDEGUIL;;;;330
201400024812;14;11;18;1920;5;2;1;1;3;522;120, RUE PEYDAVANT;;;;330
201400024813;14;11;19;1755;5;2;3;1;6;63;FAURE (RUE LUCIEN);;;;330
201400024814;14;11;19;1915;5;2;2;1;3;192;AVE DE L'HIPPODROME;;;;330
201400024815;14;11;19;2000;5;2;1;1;3;63;173, CRS DE L'YSER;;;;330
201400024816;14;11;18;1910;5;2;1;1;6;162;40, AVE DE PICOT;;;;330
201400024817;14;11;19;1210;1;2;1;1;6;69;208, AVE DE LA LIBERATIO;;;;330
201400024818;14;11;19;950;1;2;2;1;6;69;RUE DU PRESIDENT KENNEDY;;;;330
201400024819;14;11;20;815;1;2;1;1;6;318;168, AVE PASTEUR;;;;330
201400024820;14;11;20;1235;1;2;1;1;6;550;CHEM GASTON;;;;330
201400024821;14;11;20;1650;2;1;3;1;1;281;AVE DE L'ARGONNE;;;;330
201400024822;14;11;20;1850;3;2;1;1;5;162;D. 1215;;;;330
201400024823;14;11;21;735;2;1;1;1;2;13;ROUTE NATIONALE 89;;;;330
201400024824;14;11;20;1930;5;2;6;1;3;522;CRS GAMBETTA;;;;330
201400024825;14;11;21;1125;1;2;2;1;6;63;CRS VICTOR HUGO;;;;330
201400024826;14;11;21;1810;5;2;2;1;3;162;RUE DU MEDOC;;;;330
201400024827;14;11;21;1842;5;2;3;1;3;63;PCE BIR HAKEIM;;;;330
201400024828;14;11;22;1015;1;2;6;1;3;63;BD MARECHAL LECLERC;;;;330
201400024829;14;11;21;1930;5;2;3;1;1;162;PCE ROUILLAOU;;;;330
201400024830;14;11;22;1620;1;2;1;1;3;281;RUE JACQUES ANQUETIL;;;;330
201400024831;14;11;22;2020;5;2;2;1;3;550;AVE DES PYRENEES;;;;330
201400024832;14;11;23;1920;5;2;2;1;3;63;BD JEAN JACQUES BOSC;;;;330
201400024833;14;11;24;816;2;2;3;2;6;550;RTE DE TOULOUSE;;;;330
201400024834;14;11;19;1130;1;2;1;1;6;63;AVE DES TROIS CARDINAUX;;;;330
201400024835;14;11;25;105;5;2;2;1;1;167;RUE SALVADOR ALLENDE;;;;330
201400024836;14;11;25;1450;1;2;2;2;3;63;RUE DOC CHARLES NANCEL P;;;;330
201400024837;14;11;25;2230;5;2;3;8;3;63;RUE ESPRIT DES LOIS;;;;330
201400024838;14;11;26;35;5;2;1;2;6;162;AVE RENE ANTOUNE;;;;330
201400024839;14;11;24;1930;5;2;6;1;3;522;RUE PACARIS;;;;330
201400024840;14;11;26;810;1;2;3;1;3;522;RUE PACARIS;;;;330
201400024841;14;11;26;800;1;2;1;1;2;63;120, QUAI DE BACALAN;;;;330
201400024842;14;11;26;1715;2;2;2;2;3;162;RUE DU 19 MARS 1962;;;;330
201400024843;14;11;26;1800;5;2;3;2;1;63;99, RUE DE LA BENAUGE;;;;330
201400024844;14;11;26;2045;5;2;1;2;7;63;QUAI DE BRIENNE;;;;330
201400024845;14;11;24;910;1;2;6;2;3;281;ALL PRESIDENT RENE COTY;;;;330
201400024846;14;11;27;1650;1;2;1;1;6;63;203, ALBERT 1ER (BD );;;;330
201400024847;14;11;28;1800;5;2;3;1;6;281;325, AVE DE VERDUN;;;;330
201400024848;14;11;29;1330;1;2;1;2;2;522;746, CRS DE LA LIBERATIO;;;;330
201400024849;14;11;29;1525;1;2;4;2;2;63;BD ALBERT 1ER;;;;330
201400024850;14;11;30;305;5;2;1;2;7;63;135, CRS VICTOR HUGO;;;;330
201400024851;14;12;1;810;2;2;6;1;3;69;RUE FORMIGE;;;;330
201400024852;14;12;2;1610;1;2;2;1;5;281;AVE MONTESQUIEU;;;;330
201400024853;14;12;2;1750;1;2;2;1;3;69;AVE LEON BLUM;;;;330
201400024854;14;12;3;730;2;1;3;1;4;63;AVE DE LABARDE;;;;330
201400024855;14;12;3;1220;1;2;1;1;3;69;293, AVE DE LA LIBERATIO;;;;330
201400024856;14;12;4;620;5;2;2;1;3;63;GALLIENI (CRS DU MARECHA;;;;330
201400024857;14;12;4;1920;5;2;1;2;3;192;42, CRS DU GENERAL DE GA;;;;330
201400024858;14;12;4;2315;4;2;1;1;7;281;AVE DE MAGUDAS;;;;330
201400024859;14;12;5;220;5;2;3;1;7;63;25, RUE DOC CHARLES NANC;;;;330
201400024860;14;12;4;2025;5;2;9;1;6;63;0, PCE DES QUINCONCES;;;;330
201400024861;14;12;5;1300;1;2;4;1;6;63;JUIN (CRS MARECHAL);;;;330
201400024862;14;12;7;200;5;2;2;1;3;162;AVE DE SAINT-MEDARD;;;;330
201400024863;14;12;6;2040;5;2;1;1;6;63;PONT SAINT- JEAN;;;;330
201400024864;14;12;7;2320;5;2;2;2;6;63;CRS DE L'YSER;;;;330
201400024865;14;12;5;1345;1;2;3;1;3;281;46, ST MEDARD (AVE);;;;330
201400024866;14;12;8;900;1;2;6;1;3;63;AVE CHARLES DE GAULLE CA;;;;330
201400024867;14;12;8;1530;1;2;4;2;3;281;AVE DE LA MARNE;;;;330
201400024868;14;12;8;1830;5;2;6;1;3;167;AVE DE LA LIBERATION;;;;330
201400024869;14;12;8;2100;5;2;1;1;7;192;59, RUE DU MOULINEAU;;;;330
201400024870;14;12;9;745;2;2;1;1;6;63;RUE DOCTEUR FINLAY;;;;330
201400024871;14;12;9;1735;2;2;1;1;3;69;AVE DE LA LIBERATION-CH.;;;;330
201400024872;14;12;8;724;2;2;3;1;6;63;RUE STEHELIN CAUD;;;;330
201400024873;14;12;10;815;2;2;1;1;4;63;156, AVE DE LABARDE;;;;330
201400024874;14;12;10;1015;1;2;6;2;3;63;RUE DES CORDELIERS;;;;330
201400024875;14;12;10;1130;1;2;3;2;6;63;CITE SNCF/BD JEAN JACQUE;;;;330
201400024876;14;12;10;1600;1;2;3;2;3;63;14, MARSEILLE (RUE DE);;;;330
201400024877;14;12;10;1820;5;2;1;2;6;281;98, AVE BON AIR;;;;330
201400024878;14;12;11;245;5;2;1;1;6;63;41, MARNE (CRS DE LA);;;;330
201400024879;14;12;11;445;5;2;3;2;3;63;115, AVE D'ARES CAUD;;;;330
201400024880;14;12;11;853;1;2;3;1;3;63;AVE DE LAROQUE;;;;330
201400024881;14;12;11;1045;1;2;1;1;6;63;18, RUE SAINT FORT;;;;330
201400024882;14;12;11;1740;5;2;3;1;2;63;320, WILSON (BD DU PRESI;;;;330
201400024883;14;12;11;2105;5;2;6;1;3;69;AVE MAL DE LATTRE DE TAS;;;;330
201400024884;14;12;12;200;5;2;6;1;6;192;RTE DE CANEJAN;;;;330
201400024885;14;12;12;850;1;2;6;1;1;119;RUE DU 11 NOVEMBRE 1918;;;;330
201400024886;14;12;12;1150;1;2;1;1;6;281;AVE DU MARECHAL GALLIENI;;;;330
201400024887;14;12;13;611;2;2;2;1;3;63;MEDOC (CRS DU);;;;330
201400024888;14;12;13;930;1;2;2;1;2;63;RUE BAUDUCHEU;;;;330
201400024889;14;12;14;205;5;2;2;1;5;162;AVE DU MEDOC;;;;330
201400024890;14;12;15;820;1;2;2;1;3;69;AVE DE LA LIBERATION-CH.;;;;330
201400024891;14;12;16;1145;1;2;1;1;6;63;RUE VICTOR HUGO CAUD;;;;330
201400024892;14;12;16;1850;5;2;2;2;3;75;AVE CHARLES DE GAULLE;;;;330
201400024893;14;12;17;1900;5;2;1;2;3;281;20, AVE PYTHAGORE;;;;330
201400024894;14;12;18;1350;1;2;1;2;6;119;AVE CARNOT;;;;330
201400024895;14;12;19;730;5;2;3;1;6;32;AVE DES GRIFFONS;;;;330
201400024896;14;12;19;1135;1;2;3;2;3;63;RUE DE LA BENAUGE;;;;330
201400024897;14;12;19;1320;1;2;6;2;3;119;AVE GEORGES CLEMENCEAU;;;;330
201400024898;14;12;19;2110;5;2;1;1;3;63;7, AVE DE LA REPUBLIQUE;;;;330
201400024899;14;12;20;150;5;2;4;3;7;167;41, COTE DE L'EMPEREUR;;;;330
201400024900;14;12;20;630;5;2;3;1;3;318;AVE DU DOCTEUR ALBERT SC;;;;330
201400024901;14;12;21;615;5;2;2;1;3;63;ALL DE BOUTAUT;;;;330
201400024902;14;12;21;2240;5;2;1;1;7;63;40, RUE DU FAUBOURG DES;;;;330
201400024903;14;12;22;1050;1;2;1;1;3;39;RUE DU PRECHE;;;;330
201400024904;14;12;22;950;1;2;6;1;3;550;AVE JEAN MONNET;;;;330
201400024905;14;12;20;2035;5;2;1;1;1;318;65, AVE DES FACULTES;;;;330
201400024906;14;12;24;600;5;2;1;5;6;75;2, AVE PERIER;;;;330
201400024907;14;12;23;2010;5;2;1;1;6;318;AVE JEAN JAURES;;;;330
201400024908;14;12;24;1830;5;2;3;2;3;75;AVE D'AQUITAINE;;;;330
201400024909;14;12;25;820;1;2;1;2;1;318;200, RUE DE LA PRINCESSE;;;;330
201400024910;14;12;24;356;5;2;2;5;3;550;RTE DE TOULOUSE;;;;330
201400024911;14;12;26;1145;1;2;1;1;3;63;148, CRS DU MEDOC;;;;330
201400024912;14;12;26;1843;5;2;6;3;1;63;0, RUE DOCTEUR JEAN VINC;;;;330
201400024913;14;12;26;2020;5;2;6;1;6;39;BRETELLE DE SORTIE A631;;;;330
201400024914;14;12;27;635;5;2;6;3;6;63;QUAI DE PALUDATE;;;;330
201400024915;14;12;27;1820;5;2;4;3;6;522;AVE PIERRE CORNEILLE;;;;330
201400024916;14;12;28;1200;1;2;3;1;3;63;BD ALFRED DANEY;;;;330
201400024917;14;12;30;1510;1;2;2;1;3;318;AVE DU GENERAL LECLERC;;;;330
201400024918;14;12;31;1210;1;2;9;1;1;550;AVENUE DU SEPTIEME ART;;;;330
201400024919;14;1;4;1745;3;1;2;2;3;281;;M;4715687;-75734;490
201400024920;14;1;6;645;4;2;7;1;6;92;Place du souvenir;M;4721849;-72761;490
201400024921;14;1;20;745;3;1;1;5;1;355;;M;4710605;-81018;490
201400024922;14;3;1;1;3;1;1;8;6;92;La Fardollière;M;4723438;-75451;490
201400024923;14;3;6;1045;1;1;1;1;6;70;;M;4707962;-74038;490
201400024924;14;7;8;800;1;1;1;1;7;70;;M;4709971;-69257;490
201400024925;14;7;17;430;5;2;1;1;3;58;3 RUE SAINT JACQUES;M;4699958;-64018;490
201400024926;14;4;16;1700;1;1;1;1;1;241;;M;4732974;284927;180
201400024927;14;4;19;30;3;1;1;1;6;32;;M;0;0;180
201400024928;14;7;8;1315;1;1;1;2;1;269;;M;0;0;180
201400024929;14;7;15;1745;1;2;3;1;3;20;;M;4738960;288703;180
201400024930;14;9;28;1745;3;1;1;1;7;32;chemin de halage;M;4743239;291805;180
201400024931;14;10;9;2030;3;2;1;1;6;39;24 rue saint vincent;M;4731026;279251;180
201400024932;14;12;3;835;1;2;6;1;1;32;Rond point des fouchards;M;0;0;180
201400024933;14;1;6;1915;5;2;1;1;1;161;av Mal delattre tassigny;M;0;0;60
201400024934;14;1;10;1045;1;1;1;1;1;44;;M;0;0;60
201400024935;14;1;28;1445;1;2;1;1;3;161;rd 6098;M;4364600;714500;60
201400024936;14;2;24;1715;1;2;1;1;3;161;PK 28+250 RD6007;M;0;0;60
201400024937;14;3;8;845;1;2;1;1;1;161;avenue des plans;M;0;0;60
201400024938;14;4;25;2045;5;2;1;1;6;161;376 route du bord de mer;M;0;0;60
201400024939;14;5;22;800;1;1;1;1;1;161;;M;0;0;60
201400024940;14;5;21;1845;1;2;1;1;1;161;avenue des maurettes;M;0;0;60
201400024941;14;7;15;1745;1;2;1;1;3;161;;M;0;0;60
201400024942;14;7;28;1315;1;2;1;1;1;161;RN7 CD 6007;M;0;0;60
201400024943;14;8;2;1430;1;2;1;1;3;44;route de cagnes;M;0;0;60
201400024944;14;8;8;1300;1;2;1;1;2;161;ROUTE DU BORD DE MER;M;0;0;60
201400024945;14;8;10;1715;1;1;1;1;1;161;;M;0;0;60
201400024946;14;8;20;730;2;2;1;1;5;161;avenue des ferrayonnes;M;0;0;60
201400024947;14;9;12;1445;1;1;1;1;3;161;;M;0;0;60
201400024948;14;9;27;1030;1;1;1;1;5;44;;M;0;0;60
201400024949;14;10;17;1545;1;2;1;1;6;161;avenue de la batterie;M;0;0;60
201400024950;14;12;13;230;5;2;6;1;6;44;boulevard sauvaigo;M;0;0;60
201400024951;14;12;24;945;1;1;6;7;3;27;;M;0;0;60
201400024952;14;1;23;915;1;2;1;1;6;3;26, POMPIDOU (H12 A 14;;;;340
201400024953;14;1;24;1840;5;2;9;2;3;3;Q, GRAND CAP (RUE);;;;340
201400024954;14;2;17;1800;1;2;1;1;1;3;aucun, SOLEIL (G15 A J18;;;;340
201400024955;14;3;12;545;3;1;1;1;5;3;RD612;M;4330517;345067;340
201400024956;14;4;15;1330;1;2;6;1;3;3;BELLE AGATHOISE (D8 ET E;;;;340
201400024957;14;5;30;430;5;2;1;1;1;3;GENTILSHOMMES (H16 A L17;M;4328970;350716;340
201400024958;14;6;26;1235;1;2;1;1;2;3;GENTILSHOMMES (H16 A L17;;;;340
201400024959;14;7;4;1135;1;2;1;2;3;3;aucun, GUIRAUDETTE (K13;M;4329559;347107;340
201400024960;14;7;24;2045;1;1;1;1;6;3;aucun, D 912 VIAS (ROUTE;M;4331439;345699;340
201400024961;14;7;30;1930;1;2;1;1;3;3;GENTILSHOMMES (H16 A L17;;;;340
201400024962;14;8;1;625;1;2;1;1;6;3;2, DEUX FRERES (RUE DES);;;;340
201400024963;14;8;10;1140;1;2;1;1;3;3;SANS, PLESSIS (J7 A J8;;;;340
201400024964;14;8;27;1225;1;2;1;1;2;3;GENTILSHOMMES (H16 A L17;;;;340
201400024965;14;8;30;30;3;1;1;1;3;3;aucun, D 912 VIAS (ROUTE;M;4331435;345699;340
201400024966;14;9;6;2000;1;2;1;1;6;3;aucun, VAISSEAUX (RUE DE;;;;340
201400024967;14;9;28;1640;1;2;1;1;3;3;SERGENTS (I14 A K17;;;;340
201400024968;14;10;12;40;5;1;1;1;6;3;GENTILSHOMMES (H16 A L17;;;;340
201400024969;14;11;4;1740;5;2;1;1;7;3;GENTILSHOMMES (H16 A L17;M;4328666;351257;340
201400024970;14;11;10;1755;5;2;1;1;6;3;0, SETE;M;4330863;348991;340
201400024971;14;12;2;905;1;1;1;1;3;3;aucun, D 51 MARSEILLAN (;M;4332640;348095;340
201400024972;14;12;27;1620;1;2;1;1;1;3;aucun, AVOCETTE (RUE DE;M;4329480;345747;340
201400024973;14;1;5;1000;1;2;6;9;3;32;NR, SARCEY FRANCISQUE (B;;;;340
201400024974;14;1;10;1410;1;2;1;9;2;32;DIDEROT DENIS (IMP ET RU;;;;340
201400024975;14;1;15;1815;3;2;1;9;7;32;RIVETTI ROBERT (RUE);M;4334465;324085;340
201400024976;14;1;14;1925;5;2;2;9;7;32;JUIN MARECHAL (RUE DU);;;;340
201400024977;14;1;20;1655;1;2;1;9;7;336;BEREGOVOY (AVENUE PIERRE;;;;340
201400024978;14;1;23;1400;1;2;1;9;2;32;CONSTANS JEAN (AV);;;;340
201400024979;14;1;25;1725;5;2;1;9;6;32;GRAMME ZENOBE (RUE);;;;340
201400024980;14;1;26;1135;1;2;1;9;6;32;24, GAMBETTA (AV);;;;340
201400024981;14;1;31;650;1;2;1;9;6;32;GAMBETTA (AV);;;;340
201400024982;14;2;6;805;1;1;1;1;1;32;ROUTE D'AGDE (RD 612B);M;4332501;324665;340
201400024983;14;2;9;1545;1;1;1;1;3;32;ROUTE DEPARTEMENTALE 612;;;;340
201400024984;14;2;16;115;3;1;1;1;1;32;BESSAN (ROUTE DE);M;4335439;327607;340
201400024985;14;2;4;2235;5;2;1;1;6;32;49, MARNE (AV DE LA);;;;340
201400024986;14;1;31;920;1;2;1;1;7;32;NP, KENNEDY PRESIDENT (B;;;;340
201400024987;14;3;7;640;2;1;1;1;7;32;ROUTE DEPARTEMENTALE NR.;M;4333292;315132;340
201400024988;14;3;21;1530;1;2;1;1;7;32;51, RIQUET PIERRE PAUL (;;;;340
201400024989;14;3;22;1515;1;1;1;1;7;32;NP, STADE DE LA PRESIDEN;;;;340
201400024990;14;3;27;1520;1;1;1;1;2;32;ROUTE DE PEZENAS (RN.113;;;;340
201400024991;14;3;31;2000;2;2;2;1;3;32;NP, LECLERC MARECHAL (BD;;;;340
201400024992;14;4;15;1350;1;1;1;1;7;73;CHAZOTTES (CHEMIN DES);;;;340
201400024993;14;4;15;1535;1;2;1;1;7;32;ROUTE DE MARAUSSAN (RD.1;M;4334118;319802;340
201400024994;14;4;21;1340;1;2;1;1;6;32;0, NELSON MANDELA (PROME;;;;340
201400024995;14;4;28;1710;1;1;1;1;1;32;RD.909;M;4337128;322308;340
201400024996;14;5;11;2135;5;2;9;9;3;32;21, DUMAS ALEXANDRE (BD);;;;340
201400024997;14;5;13;1430;1;2;1;9;7;32;15, LECLERC MARECHAL (BD;;;;340
201400024998;14;5;14;705;1;2;1;1;2;336;30, BEREGOVOY (AVENUE PI;;;;340
201400024999;14;5;24;1425;1;1;1;9;1;32;RD.64;M;4331500;320551;340
201400025000;14;6;1;1410;1;1;1;1;3;32;ROUTE DE NARBONNE (RN 11;M;4331422;317957;340
201400025001;14;6;1;1715;1;1;1;1;7;32;ROUTE DEPARTEMENTALE  61;M;4335947;317568;340
201400025002;14;5;30;2145;5;2;3;1;3;32;33, GAMBETTA (AV);;;;340
201400025003;14;6;26;1045;1;2;3;9;3;32;CR.106;;;;340
201400025004;14;6;27;1040;1;2;1;1;7;32;149, MOULIN JEAN (AV);;;;340
201400025005;14;6;29;1845;1;2;9;1;7;32;NR, BIR-HARKEIM (BD DE);;;;340
201400025006;14;7;16;1105;1;1;1;1;2;336;MEDITERRANEE (ROND POINT;M;4332055;329397;340
201400025007;14;7;17;640;2;2;3;1;3;336;NP, CHEMIN DEPARTEMENTAL;;;;340
201400025008;14;8;11;1505;1;1;1;1;2;32;MAUREILHAN (ROUTE DE);M;4334577;316314;340
201400025009;14;8;23;1415;1;2;9;9;3;32;BEDARIEUX (ROUTE DE);;;;340
201400025010;14;9;1;725;1;2;6;1;7;32;WILSON PRESIDENT (AV DU);;;;340
201400025011;14;9;25;1350;1;2;2;9;7;32;SYLVESTRE NOEL (RUE);;;;340
201400025012;14;9;27;1120;1;1;1;1;1;32;ROUTE DE CAPESTANG (RD.1;M;4333561;317779;340
201400025013;14;11;1;505;5;1;1;9;1;336;NR, R.D 612;M;4333379;328355;340
201400025014;14;11;14;810;1;2;1;1;6;32;FAURE EDGARD (RD.POINT);;;;340
201400025015;14;11;16;2020;3;1;1;1;1;37;RD 15 (rte de Bdarieux);;;;340
201400025016;14;12;1;1100;1;2;1;1;7;32;21, CLEMENCEAU GEORGES (;;;;340
201400025017;14;12;4;1310;1;2;1;1;7;32;NR, JUSSIEU (RUE DE);;;;340
201400025018;14;12;9;1850;4;2;1;1;7;32;NP, ROUTE D'AGDE (RD 612;M;4334732;325377;340
201400025019;14;12;11;2040;5;2;1;1;2;32;54, ALBERT 1ER (AVENUE);M;4334989;321841;340
201400025020;14;12;29;1845;5;2;1;1;7;32;NP, MONTIMARAN (ZONE ART;;;;340
201400025021;14;1;1;230;5;2;1;2;7;172;sans, LIBERTE (AVENUE DE;M;4360560;386481;340
201400025022;14;1;1;1400;1;2;6;1;3;172;sans, AURIOL (AVENUE VIN;M;4365069;386541;340
201400025023;14;1;2;900;1;2;1;1;1;172;sans, NERUDA (AVENUE PAB;M;4362031;382232;340
201400025024;14;1;2;1200;1;2;2;1;3;172;LODEVE (AVENUE DE;M;4361026;385446;340
201400025025;14;1;4;1430;1;2;1;8;7;172;0, NERUDA (AVENUE PABLO);M;4362013;382233;340
201400025026;14;1;6;1155;1;2;3;1;3;172;0, TOULOUSE (AVENUE DE;M;4359742;386418;340
201400025027;14;1;6;1220;1;2;1;1;3;172;2310, TOULOUSE (AVENUE D;M;4358961;385602;340
201400025028;14;1;7;1355;1;2;1;8;2;172;430, BLUM (RUE LEON);M;4360663;389013;340
201400025029;14;1;7;1510;1;2;1;8;7;172;sans, LIBERTE (AVENUE DE;M;4361880;381818;340
201400025030;14;1;8;1510;1;2;2;2;3;172;GIRAUD (AVENUE DU DOYEN;M;4363433;384943;340
201400025031;14;1;8;1830;5;2;1;8;6;172;1424, MENDE (ROUTE DE);M;4363501;386829;340
201400025032;14;1;8;2125;5;2;2;1;3;172;SANS, ECOLE D'AGRICULTUR;M;4361553;385632;340
201400025033;14;1;9;1700;2;2;3;8;6;172;80, FAUBOURG FIGUEROLLES;M;4360616;386347;340
201400025034;14;1;9;1800;5;2;3;8;6;172;ROQUETURIERE (RUE DE LA);M;4362842;388745;340
201400025035;14;1;11;418;5;2;1;1;1;172;25, JEU DE PAUME (BOULEV;M;4360708;387452;340
201400025036;14;1;11;1510;1;2;1;8;3;172;0, COMTE DE NICE (AVENUE;M;4364180;381293;340
201400025037;14;1;11;2145;5;2;3;1;1;172;SANS, CLEMENCEAU (AVENUE;M;4360229;387010;340
201400025038;14;1;13;1745;4;2;1;2;3;172;65, ASSAS (AVENUE D');M;4361668;386163;340
201400025039;14;1;13;1910;5;2;1;2;2;172;sans, JUSTICE DE CASTELN;M;4362702;389023;340
201400025040;14;1;14;730;5;2;1;1;6;198;SANS, MONTPELLIER (AVENU;;;;340
201400025041;14;1;14;905;1;2;1;1;2;172;40, FLAHAULT (AVENUE CHA;M;4362306;386323;340
201400025042;14;1;15;1545;1;2;3;1;7;172;SAINT MAURICE DE SAURET;M;4361989;389090;340
201400025043;14;1;16;1215;1;2;1;2;2;172;5, FOCH (RUE);M;4361106;387377;340
201400025044;14;1;16;1955;5;2;1;1;3;172;0, MENDE (ROUTE DE);M;4363673;386727;340
201400025045;14;1;17;1735;1;2;1;1;2;172;1035, MOULARES (CHEMIN D;M;4359688;389262;340
201400025046;14;1;18;1905;5;2;1;1;3;172;526, BOLOGNE (RUE DE);M;4363051;382046;340
201400025047;14;1;18;1950;5;2;2;1;3;172;sans, SAINT CLEOPHAS (RU;M;4360008;386809;340
201400025048;14;1;18;1225;1;2;1;2;3;172;HORTUS (RUE DE L');M;4364229;385923;340
201400025049;14;1;18;1120;1;2;1;1;2;172;0, LIBERTE (AVENUE DE LA;M;4361386;382209;340
201400025050;14;1;19;1700;1;2;1;8;7;172;302, MENDE (ROUTE DE);M;4362543;387076;340
201400025051;14;1;20;2150;5;2;2;1;3;172;SANS, BRINGUIER (AVENUE;M;4361632;384130;340
201400025052;14;1;23;1625;1;2;1;1;3;172;967, MER (AVENUE DE LA);M;4359783;390366;340
201400025053;14;1;23;1715;1;2;6;1;2;172;APPEL DU 18 JUIN (ROND-P;M;4363672;383079;340
201400025054;14;1;24;1455;1;2;1;2;6;172;15C, FIGAIRASSE (RUE DE;M;4360747;384959;340
201400025055;14;1;24;1640;1;2;1;8;7;172;1, RONDELET (RUE);M;4360499;387511;340
201400025056;14;1;24;2100;5;2;2;1;3;172;23, RENOUVIER (BOULEVARD;M;4360325;386782;340
201400025057;14;1;25;910;1;2;3;8;3;172;0, PRES D'ARENES (AVENUE;M;4359064;388473;340
201400025058;14;1;27;820;1;2;3;1;3;172;9, BLEUETS (RUE DES);M;4360657;384768;340
201400025059;14;1;28;2140;5;2;1;1;2;172;RIMBAUD (RUE PAUL);M;4361807;384383;340
201400025060;14;1;30;1800;5;2;1;1;6;172;292, CHENAIE (RUE DE LA);M;4363551;386955;340
201400025061;14;1;31;1510;1;2;2;1;3;172;BERTHELOT (BOULEVARD);M;4359938;387340;340
201400025062;14;2;1;147;5;2;2;1;3;172;FIGAIRASSE (RUE DE LA);M;4360190;385352;340
201400025063;14;2;2;1445;1;1;1;1;5;172;GRAMMONT (COMPLEXE SPORT;M;4361442;393006;340
201400025064;14;2;3;1125;1;2;2;1;6;172;MONTMORENCY (ALLEE HENRI;M;4361038;389006;340
201400025065;14;2;4;800;1;2;3;1;1;172;JUVENAL (PONT);M;4360590;389408;340
201400025066;14;2;4;652;2;2;2;1;3;172;8 MAI 1945 (PLACE DU);M;4360117;386772;340
201400025067;14;2;4;925;1;2;2;1;3;172;CARTIER (AVENUE JACQUES);M;4360682;389401;340
201400025068;14;2;4;1800;5;2;1;1;7;172;0, ULYSSE (ALLEE);M;4360290;391750;340
201400025069;14;2;5;930;1;2;1;8;3;172;0, BALEARES (RUE DES);M;4364019;381794;340
201400025070;14;2;7;1650;1;2;1;1;1;172;277, PRIEST ST DE 1 A 51;M;4363102;384626;340
201400025071;14;2;11;1404;1;2;1;1;6;172;57, FAUBOURG FIGUEROLLES;M;4360637;386430;340
201400025072;14;2;12;930;1;2;3;1;5;172;0, LAENNEC (RUE RENE);M;4362835;385967;340
201400025073;14;2;12;1600;1;2;1;1;6;172;sans, SAINT LOUIS (RUE);;;;340
201400025074;14;2;13;1400;1;2;1;1;3;172;MONTELS-EGLISE (RUE DE);M;4357570;387117;340
201400025075;14;2;14;1210;1;2;1;1;7;172;sans, LIBERTE (AVENUE DE;M;4359632;387647;340
201400025076;14;2;14;1350;1;2;3;1;3;172;LODEVE (AVENUE DE;M;4361267;384468;340
201400025077;14;2;15;1405;1;2;3;1;2;198;0, PAGNOL (AVENUE MARCEL;M;4355397;396730;340
201400025078;14;2;15;1930;5;2;1;1;3;172;779, SAINT HILAIRE (RUE;M;4359140;389110;340
201400025079;14;2;16;615;5;2;3;2;7;172;CROIX DES ROSIERS (RUE D;M;4361085;383069;340
201400025080;14;2;16;1840;3;1;1;8;2;129;0, CALADE (ALLEE DE LA);M;4357693;389726;340
201400025081;14;2;17;850;1;2;1;1;2;172;597, JUSTICE DE CASTELNA;M;4362616;387677;340
201400025082;14;2;19;1200;1;2;1;1;6;172;59, TOULOUSE (AVENUE DE;M;4359724;386406;340
201400025083;14;2;20;850;1;2;1;1;6;172;585, AIGUELONGUE (RUE DE;M;4363319;387528;340
201400025084;14;2;20;1330;1;2;2;1;6;172;SALENGRO (PLACE ROGER);M;4360743;386708;340
201400025085;14;2;21;845;1;2;1;1;3;172;1000, MONTASINOS (RUE DE;M;4363065;387885;340
201400025086;14;2;23;2000;5;2;1;1;3;172;sans, MOULINS (AVENUE DE;M;4361989;383239;340
201400025087;14;2;24;1030;1;2;3;8;3;172;0, PUECH VILLA (RUE DE);M;4364128;383473;340
201400025088;14;2;25;850;1;2;1;2;7;172;59, LODEVE (AVENUE DE;M;4360974;386308;340
201400025089;14;2;26;1040;1;2;2;1;3;172;48, MAS DE BROUSSE (RUE;M;4359938;391985;340
201400025090;14;2;26;1845;5;2;3;1;3;172;AVENUE DE BARCELONE;M;4362373;381745;340
201400025091;14;2;26;2100;5;2;1;1;7;172;SANS, FABRE DE MORLHON (;M;4359019;388227;340
201400025092;14;2;27;1525;1;2;2;8;3;172;0, SOULAS (AVENUE DU PER;M;4362952;384403;340
201400025093;14;2;27;1435;1;2;2;1;3;172;GRASSET (AVENUE DU PROFE;M;4362152;386848;340
201400025094;14;2;28;2230;5;2;1;1;1;172;1206, SORBES (RUE DE LAS;M;4361425;384932;340
201400025095;14;3;2;455;5;2;1;1;7;172;0, SARRAIL (BOULEVARD);M;4361356;388077;340