num_acc;an;mois;jour;hrmn;lum;agg;int;atm;col;com;adr;gps;lat;long;dep
201400025096;14;3;2;1045;1;2;2;1;1;172;0, VANIERES (AVENUE DE);M;4359261;385262;340
201400025097;14;3;2;1635;1;2;1;1;2;129;sans, PALAVAS D986 (ROUT;M;4356431;389450;340
201400025098;14;3;3;1235;1;2;1;1;3;172;8, MICHEL (RUE ERNEST);M;4360150;387390;340
201400025099;14;3;5;1525;1;2;1;1;7;172;0, NERUDA (AVENUE PABLO);M;4361696;382014;340
201400025100;14;3;5;1155;1;2;2;1;1;172;MONTASINOS (RUE DE;M;4362613;388232;340
201400025101;14;3;6;1800;1;2;1;1;3;172;1993, TOULOUSE (AVENUE D;M;4358727;385350;340
201400025102;14;3;7;1330;1;2;9;1;3;172;23, NIMES (AVENUE DE);M;4361677;388511;340
201400025103;14;3;7;1840;2;2;1;1;7;172;sans, PEYROU (PROMENADE;M;4361078;387064;340
201400025104;14;3;9;630;5;1;1;1;2;172;SANS, RN109 A RN113;M;4361035;382255;340
201400025105;14;3;10;855;1;2;9;1;4;172;100, VALERY (BOULEVARD P;M;4358936;385707;340
201400025106;14;3;10;1050;1;2;1;1;3;172;100, HEIDELBERG (AVENUE;M;4362571;381302;340
201400025107;14;3;14;1145;1;2;1;1;4;172;19, RENOUVIER (BOULEVARD;;;;340
201400025108;14;3;14;2015;5;1;9;1;3;198;sans, D172;M;4357789;393581;340
201400025109;14;3;15;1515;1;2;3;1;3;172;PEQUET (RUE HENRI);M;4361009;389992;340
201400025110;14;3;15;2125;5;2;2;1;3;172;SANS, MARIE DE MONTPELLI;M;4360083;389762;340
201400025111;14;3;17;1130;1;2;9;1;6;129;MONTELS L' EGLISE (RUE D;M;4358510;388819;340
201400025112;14;3;15;1550;1;2;1;1;3;172;FABRE DE MORLHON (BOULEV;;;;340
201400025113;14;3;18;1145;1;2;3;1;6;172;BELLAY (RUE JOACHIM DU);M;4360664;385954;340
201400025114;14;3;18;1650;1;2;2;1;1;172;0, JUSTICE DE CASTELNAU;M;4362686;386973;340
201400025115;14;3;19;810;1;2;1;1;1;172;0, GARRATS (AVENUE DES);M;4361332;383898;340
201400025116;14;3;19;825;1;2;1;1;3;172;SAINT LAZARE (AVENUE DE);M;4362388;388871;340
201400025117;14;3;19;2045;5;2;1;1;2;172;38, PEYSON (RUE FREDERIC;M;4360068;387941;340
201400025118;14;3;21;620;5;2;1;8;7;172;sans, LIBERTE (AVENUE DE;M;4359788;387435;340
201400025119;14;3;22;1038;1;2;1;2;7;172;100, LIBERTE (AVENUE DE;M;4360870;384766;340
201400025120;14;3;23;1545;1;2;1;1;4;172;0, LIBERTE (AVENUE DE LA;M;4361410;382173;340
201400025121;14;3;23;2015;5;2;3;1;3;172;0, MARQUEROSE (RUE DE LA;M;4358847;386962;340
201400025122;14;3;24;725;1;2;1;1;2;172;273, SORBES (RUE DE LAS;M;4361695;386075;340
201400025123;14;3;26;1045;1;2;2;1;7;172;0, CARTIER (AVENUE JACQU;M;4360685;389247;340
201400025124;14;3;27;835;1;2;1;1;7;172;87, LODEVE (AVENUE DE;M;4361031;385933;340
201400025125;14;3;28;1340;1;2;1;1;3;172;566, JUSTICE DE CASTELNA;;;;340
201400025126;14;3;28;1520;1;2;1;1;2;172;BLAYAC (RUE DU PROFESSEU;M;4362644;382293;340
201400025127;14;3;29;310;5;1;1;1;6;129;sans, CARNON (ROUTE DE;M;4358500;392082;340
201400025128;14;3;29;1100;1;2;3;1;7;172;FOCH (RUE);M;4361101;387345;340
201400025129;14;3;30;1505;1;2;3;1;3;172;0, INDUSTRIE (RUE DE L');M;4358908;388474;340
201400025130;14;3;30;1530;1;2;1;1;3;172;0, RIMBAUD (RUE PAUL);M;4361771;383875;340
201400025131;14;3;31;800;1;2;1;1;3;172;0, JOUHAUX (AVENUE LEON);M;4359470;382020;340
201400025132;14;4;1;1920;1;2;1;1;3;172;141, JANVIER (RUE GUILLA;M;4359624;386566;340
201400025133;14;4;2;115;3;1;1;1;3;129;sans, PEROLS D132 (AVENU;M;4356017;392374;340
201400025134;14;4;1;1015;1;2;1;2;3;172;1580, SOULAS (AVENUE DU;M;4362474;385178;340
201400025135;14;4;1;1150;1;2;1;8;7;172;44, FAUBOURG DU COURREAU;M;4360841;387026;340
201400025136;14;4;4;1345;1;2;2;1;3;172;0, EINSTEIN (AVENUE ALBE;M;4360830;390658;340
201400025137;14;4;4;1640;1;2;1;1;3;172;0, SOULAS (AVENUE DU PER;M;4362058;385823;340
201400025138;14;4;6;115;5;2;1;1;6;172;SANS, FRANCE (PLACE DE);M;4360400;391670;340
201400025139;14;4;6;1410;1;2;1;1;1;172;sans, FONTAINE (RUE DE L;M;4364667;384442;340
201400025140;14;4;9;2230;5;2;4;1;7;172;SANS, TOULOUSE (AVENUE D;M;4359508;386185;340
201400025141;14;4;10;850;1;2;3;1;5;172;SOULAS (AVENUE DU PERE;M;4362259;385461;340
201400025142;14;4;10;910;1;2;1;1;5;172;934, CAUSSE (RUE PIERRE);M;4361014;383636;340
201400025143;14;4;10;1700;1;2;1;1;4;129;0, MONTPELLIER (AVENUE D;M;4356858;390415;340
201400025144;14;4;11;1300;1;2;1;1;7;172;0, MOULINS (AVENUE DES;M;4362555;383701;340
201400025145;14;4;11;1450;1;2;1;1;7;172;159, LUNEL (RUE ARMAND);M;4360197;384657;340
201400025146;14;4;1;1115;1;2;1;1;7;172;0, HUIT MAI 1945 (PLACE;M;4360093;386809;340
201400025147;14;4;12;1455;1;2;2;1;3;172;sans, AEROPORT INTERNATI;M;4360924;389433;340
201400025148;14;4;12;2320;5;2;1;1;6;172;1317, TOULOUSE (AVENUE D;;;;340
201400025149;14;4;13;1525;1;1;1;1;3;172;sans, GENNEVAUX (ROND-PO;M;4359270;382017;340
201400025150;14;4;14;740;1;2;1;1;6;172;18, VIEUSSENS (BOULEVARD;M;4360034;387829;340
201400025151;14;4;14;915;1;2;1;1;4;172;28, SAINT LAZARE (AVENUE;M;4361884;388643;340
201400025152;14;4;16;1030;1;2;9;1;6;172;AURIOL (AVENUE VINCENT);M;4364529;385268;340
201400025153;14;4;16;1530;1;2;1;1;2;172;540, VINCI (RUE LEONARD;M;4361296;390538;340
201400025154;14;4;16;1650;1;2;1;1;6;172;0, MAS SAINT PIERRE (RUE;M;4358167;388061;340
201400025155;14;4;17;825;1;2;1;1;6;172;SAINT HILAIRE (RUE DE);M;4359348;389631;340
201400025156;14;4;17;905;1;2;3;1;3;172;RABELAIS (BOULEVARD);M;4360120;388158;340
201400025157;14;4;17;2000;1;2;1;1;7;172;LIBERTE (AVENUE DE LA;;;;340
201400025158;14;4;18;910;1;2;2;1;3;172;273, SORBES (RUE DE LAS;M;4361671;386036;340
201400025159;14;4;18;1705;1;2;1;1;3;172;80, GRANIER (ROND POINT;M;4360207;390043;340
201400025160;14;4;22;1120;1;2;1;1;7;172;0, LOUISVILLE (AVENUE DE;;;;340
201400025161;14;4;22;1400;1;2;1;2;2;172;MAS SAINT PIERRE (RUE DU;M;4358383;387678;340
201400025162;14;4;23;850;1;2;3;1;5;172;39, FIGAIRASSE (RUE DE L;M;4360493;385595;340
201400025163;14;4;24;845;1;2;1;1;2;172;RIMBAUD (RUE PAUL);M;4361892;384769;340
201400025164;14;4;25;800;1;2;1;2;7;172;2939, MEHUL (AVENUE ETIE;M;4357707;386012;340
201400025165;14;4;25;1105;1;2;1;2;5;172;0, JOUHAUX (AVENUE LEON);M;4360899;385483;340
201400025166;14;4;26;1900;1;2;1;1;5;172;LIBERTE (AVENUE DE LA;M;4360883;385271;340
201400025167;14;4;26;2110;5;2;1;2;3;129;sans, D172;M;4357003;389890;340
201400025168;14;4;28;1430;1;2;1;1;4;172;0, JOUHAUX (AVENUE LEON);M;4359334;382082;340
201400025169;14;4;28;1745;1;2;3;1;3;172;0, CASTELNAU JUSTICE DE;M;4362550;387952;340
201400025170;14;5;3;1720;1;2;1;1;6;172;VALLOIS (RUE PROFESSEUR;M;4361438;388382;340
201400025171;14;5;4;2115;5;2;1;1;7;172;MENDES FRANCE (AVENUE PR;M;4360800;392504;340
201400025172;14;5;5;825;1;1;1;1;7;129;CEREIREDE (CHEMIN DE);M;4358113;389985;340
201400025173;14;5;4;1130;1;1;1;1;7;129;ETANGS (CHEMIN DES);M;4355033;389759;340
201400025174;14;5;6;930;1;2;1;8;2;172;0, TOULOUSE (AVENUE DE;M;4358419;384852;340
201400025175;14;5;6;1420;1;2;1;1;2;172;sans, MOULINS (AVENUE DE;M;4363650;384456;340
201400025176;14;5;6;1430;1;2;1;8;3;172;974, POMPIGNANE (AVENUE;M;4361484;389790;340
201400025177;14;5;8;1500;1;2;1;8;7;172;JUSTICE DE CASTELNAU (AV;M;4362638;388531;340
201400025178;14;5;9;1340;1;2;1;1;2;172;LIBERTE (AVENUE DE LA;M;4360850;386178;340
201400025179;14;5;9;1342;1;2;1;1;2;172;ROUGET DE LISLE (RUE);M;4359518;383766;340
201400025180;14;5;9;1605;1;2;4;1;3;172;RENE (RUE HENRI);M;4360475;388245;340
201400025181;14;5;10;1115;1;2;3;1;2;172;LAURAGAIS (AVENUE DU);M;4363070;382217;340
201400025182;14;5;11;1515;1;2;1;1;3;172;103, FAUBOURG FIGUEROLLE;M;4360539;386078;340
201400025183;14;5;12;1620;1;2;1;1;6;172;sans, LIBERTE (AVENUE DE;M;4360501;386483;340
201400025184;14;5;14;900;1;2;1;1;2;172;sans, MENDES FRANCE (AVE;M;4360940;390907;340
201400025185;14;5;14;1415;1;2;1;1;2;172;CARRIEU (RUE MARIUS);M;4361751;384322;340
201400025186;14;5;14;1750;1;2;2;1;3;172;VIEUSSENS (BOULEVARD);M;4360030;387822;340
201400025187;14;5;15;825;1;2;7;1;3;172;VOIE DOMITIENNE (PLACE D;M;4362993;386989;340
201400025188;14;5;15;1210;1;2;1;1;3;172;RAYMOND DUGRAND (AVENUE);M;4359830;390338;340
201400025189;14;5;16;2110;5;2;2;1;3;172;MOULINS (AVENUE DES;;;;340
201400025190;14;5;16;100;5;2;1;1;6;172;OLLIVIER (RUE ARISTIDE);;;;340
201400025191;14;5;16;1200;1;2;3;1;2;172;MICHEL (RUE ERNEST);M;4360143;387382;340
201400025192;14;5;16;1305;1;2;1;1;7;172;0, MENDES FRANCE (AVENUE;M;4360284;393776;340
201400025193;14;5;16;1520;1;2;1;1;7;172;1400, MOULARES (CHEMIN D;M;4359385;388996;340
201400025194;14;5;17;1230;1;2;1;1;3;172;201, YUCCAS (RUE DES);M;4359132;388489;340
201400025195;14;5;18;1710;1;2;1;1;6;172;13, SARRAIL (BOULEVARD);M;4360962;388083;340
201400025196;14;5;19;1000;1;2;1;2;3;172;131, PARGUEL (AVENUE ABB;M;4363327;386025;340
201400025197;14;5;20;1150;1;2;1;8;2;172;970, MOULARES (CHEMIN DE;M;4359746;389284;340
201400025198;14;5;20;1545;1;2;1;8;6;172;PAVELET (AVENUE DU COLON;M;4359083;385729;340
201400025199;14;5;22;410;5;2;1;2;7;172;SANS RAYMOND DUGRAND (A;M;4359505;390553;340
201400025200;14;5;23;130;5;2;1;1;7;172;SANS, PENELOPE (BOULEVAR;M;4360313;391341;340
201400025201;14;5;23;1305;1;2;3;1;3;172;0, POMPIGNANE (AVENUE DE;M;4361830;389741;340
201400025202;14;5;23;1850;1;2;1;8;3;172;170, MONTELS-EGLISE (RUE;M;4358214;388603;340
201400025203;14;5;23;1550;1;2;1;1;6;172;178, SICILE (RUE DE);M;4363524;381303;340
201400025204;14;5;25;935;1;2;3;1;3;172;0, TOULOUSE (AVENUE DE;M;4360032;386743;340
201400025205;14;5;25;1450;1;2;1;8;6;172;sans, PAS DU LOUP (RUE D;M;4360019;384832;340
201400025206;14;5;25;1830;1;2;1;1;1;172;sans, POITIERS (AVENUE G;M;4363969;381857;340
201400025207;14;5;27;1700;1;2;1;8;6;172;6, GRAU (RUE DU);M;4359260;388513;340
201400025208;14;5;27;1825;1;2;1;1;3;129;EUROPE (PLACE DE L');M;4357159;390636;340
201400025209;14;5;28;705;1;2;1;1;7;172;BICENTENAIRE (PLACE DU);M;4360368;387878;340
201400025210;14;5;29;120;5;2;1;1;7;172;15, GAMBETTA (COURS);M;4360058;387320;340
201400025211;14;5;30;1845;1;2;1;8;1;172;SANS, BIONNE (RUE DE);M;4361143;382743;340
201400025212;14;5;30;2105;4;2;1;2;3;172;44, BERTHELOT (BOULEVARD;M;4359972;387533;340
201400025213;14;6;1;1610;1;2;2;1;3;172;TOULOUSE (AVENUE DE;M;4359740;386424;340
201400025214;14;6;1;2000;1;2;6;1;2;172;FONT CARRADE (RUE DE);M;4360810;385871;340
201400025215;14;6;2;800;1;2;1;1;6;172;4, BOUISSON-BERTRAND (AV;M;4361625;387465;340
201400025216;14;6;2;1700;1;2;1;1;3;172;ALCO (ROND POINT D');M;4362342;383394;340
201400025217;14;6;4;415;4;2;2;1;6;172;ANTONELLI (AVENUE DU PRO;M;4359927;389388;340
201400025218;14;6;5;200;3;1;1;1;6;198;0, D66  VOIE RAPIDE;M;4360077;393828;340
201400025219;14;6;7;1230;1;2;1;1;3;172;sans, CARTIER (AVENUE JA;;;;340
201400025220;14;6;10;2120;2;2;2;1;3;172;SANS, FES (RUE DE);M;4363387;383237;340
201400025221;14;6;11;1345;1;2;1;1;6;172;23, PELLICIER (RUE GUILL;M;4360764;386715;340
201400025222;14;6;15;100;5;2;2;1;3;172;SANS, GRASSET (AVENUE DU;M;4362147;386854;340
201400025223;14;6;15;1930;1;2;1;1;6;172;211, CARRIEU (RUE MARIUS;;;;340
201400025224;14;6;16;1430;1;2;1;1;2;172;0, MOULINS (AVENUE DES;M;4363178;384227;340
201400025225;14;6;16;1725;1;2;1;1;3;172;7, LODEVE (ROUTE DE);M;4361460;382951;340
201400025226;14;6;17;1015;1;2;3;1;3;172;0, MARIE DE MONTPELLIER;M;4360089;389771;340
201400025227;14;6;20;1255;1;2;1;1;2;172;100, POMPIGNANE (AVENUE;M;4360750;389859;340
201400025228;14;6;20;1450;1;2;3;1;2;172;1996, RAVAZ (AVENUE DU P;M;4362511;384130;340
201400025229;14;6;23;50;5;2;6;1;6;129;BOIRARGUES (AVENUE DE);M;4357565;391142;340
201400025230;14;6;23;1830;1;2;1;1;3;172;0, VALERY (BOULEVARD PAU;M;4359328;385189;340
201400025231;14;6;27;1510;1;2;3;1;3;172;0, MARIE DE MONTPELLIER;M;4360076;389752;340
201400025232;14;6;24;1700;1;2;1;1;6;172;284, VIALA (AVENUE PROFE;M;4363637;382704;340
201400025233;14;6;24;1915;1;2;1;1;6;172;SANS, PETIT BARD (AVENUE;M;4361608;383604;340
201400025234;14;6;25;1200;1;2;1;1;6;172;PETIT SEMINAIRE (RUE DU);M;4361506;383061;340
201400025235;14;6;25;1710;1;1;1;8;2;172;JOUHAUX (AVENUE LEON);M;4359335;382061;340
201400025236;14;6;26;1510;1;2;1;1;6;172;CITADELLE (PASSERELLE DE;M;4361402;388305;340
201400025237;14;6;26;1445;1;2;1;1;1;172;BOULLOCHE (RUE ANDRE);M;4364100;384640;340
201400025238;14;6;26;1830;1;2;6;1;5;172;GRANIER (ROND POINT ERNE;M;4360244;390093;340
201400025239;14;6;26;2240;5;2;2;1;3;172;SANS, JUVENAL (PONT);M;4360591;389405;340
201400025240;14;6;27;1700;1;2;3;1;3;172;0, BIONNE (RUE DE);M;4361135;382801;340
201400025241;14;6;27;1955;1;2;1;1;7;172;0, ALBERT 1ER (PLACE);M;4361610;387481;340
201400025242;14;6;30;1820;1;2;1;1;3;172;SANS, DUBOUT (AVENUE ALB;M;4359699;387777;340
201400025243;14;7;1;1420;1;2;1;8;3;172;SCHUMAN (PLACE ROBERT);M;4362020;381787;340
201400025244;14;7;2;1830;1;1;1;1;3;129;D132;M;4357886;388435;340
201400025245;14;7;3;730;1;2;1;1;6;172;ORIENT (BOULEVARD D');M;4360189;388490;340
201400025246;14;7;4;2115;5;2;2;1;3;172;TOULOUSE (AVENUE DE;M;4359742;386419;340
201400025247;14;7;5;1620;1;2;1;1;6;172;235, MELIES (RUE GEORGES;;;;340
201400025248;14;7;6;2200;3;1;1;8;3;154;SANS, D66  VOIE RAPIDE;M;4359946;393972;340
201400025249;14;7;7;1450;1;2;1;8;2;172;33, NIMES (AVENUE DE);M;4361840;388678;340
201400025250;14;7;8;1730;1;2;3;1;3;172;SOULAS (AVENUE DU PERE;M;4361956;386062;340
201400025251;14;7;9;830;1;2;9;1;6;172;2, BERTHELOT (BOULEVARD);;;;340
201400025252;14;7;9;1130;1;2;1;1;6;172;1161, SORBES (RUE DE LAS;;;;340
201400025253;14;7;10;1435;1;2;3;1;3;172;36, CLEMENCEAU (AVENUE G;M;4360274;387092;340
201400025254;14;7;11;1905;1;2;1;1;6;172;261, PUECH VILLA (RUE DE;M;4364134;383463;340
201400025255;14;7;12;1550;1;2;1;1;6;172;62, GAMBETTA (COURS);M;4360825;386868;340
201400025256;14;7;13;1320;1;2;1;1;1;172;416, POUTINGON (CHEMIN D;;;;340
201400025257;14;7;13;1500;1;2;2;1;3;172;VILLENEUVE-ANGOULEME (AV;;;;340
201400025258;14;7;15;1255;1;2;1;1;3;172;0, GARRATS (AVENUE DES);M;4361050;383893;340
201400025259;14;7;15;1640;1;2;1;1;7;172;5, LODEVE (AVENUE DE;M;4360934;386649;340
201400025260;14;7;15;1750;1;2;1;1;1;172;602, SOULAS (AVENUE DU P;M;4361954;386068;340
201400025261;14;7;16;911;1;2;4;1;6;172;FOCH (RUE);M;4361089;387417;340
201400025262;14;7;17;1600;1;2;2;1;3;172;sans, EINSTEIN (AVENUE A;M;4360836;390658;340
201400025263;14;7;18;1630;1;2;3;1;3;172;74 bis, LODEVE (ROUTE DE;M;4361506;382401;340
201400025264;14;7;20;1350;1;2;1;1;6;172;MOSSON (ESPACE);M;4361730;381719;340
201400025265;14;7;20;1740;1;2;1;1;3;172;2bis, LEPIC (AVENUE);M;4360110;386693;340
201400025266;14;7;21;1300;1;2;1;1;2;172;30, CHASSEURS (RUE DES);M;4359909;386114;340
201400025267;14;7;22;1340;1;2;2;1;3;172;0, FABRE DE MORLHON (BOU;M;4358911;388490;340
201400025268;14;7;22;1630;1;2;2;1;1;172;0, DOMITIENNE (VOIE);M;4362398;386222;340
201400025269;14;7;23;1445;1;2;9;1;3;172;sans, TURCHINI (AVENUE D;;;;340
201400025270;14;7;23;1900;1;2;9;1;3;172;sans, LODEVE (AVENUE DE;M;4361077;384868;340
201400025271;14;7;24;1050;1;2;1;1;7;172;0, JAURES (PLACE JEAN);M;4361015;387719;340
201400025272;14;7;26;950;1;2;3;1;3;172;CHAPTAL (RUE);M;4360472;386953;340
201400025273;14;7;27;1830;1;2;2;1;1;172;SOULAS (AVENUE DU PERE;M;4362262;385458;340
201400025274;14;7;26;1950;1;2;2;1;3;172;EINSTEIN (AVENUE ALBERT;M;4360836;390659;340
201400025275;14;7;29;1920;1;2;6;1;3;172;SANS, PIERRE MAS ST;M;4358224;387979;340
201400025276;14;7;30;2150;3;1;1;1;4;129;sans, PALAVAS D986 (ROUT;M;4356476;389455;340
201400025277;14;7;31;832;1;2;1;1;2;172;SANS, ARGELLIERS MAS;M;4358874;389021;340
201400025278;14;7;31;1720;1;2;1;1;7;172;FLANDRES-DUNKERQUE (PLAC;M;4359034;385585;340
201400025279;14;8;1;545;2;1;1;1;6;198;D66  VOIE RAPIDE;M;4357387;395295;340
201400025280;14;8;1;845;1;2;1;1;4;172;sans, LIBERTE (AVENUE DE;M;4360896;385465;340
201400025281;14;8;1;1850;1;2;9;1;3;172;CARDONILLE (RUE DE LA);M;4363506;384416;340
201400025282;14;8;5;940;1;2;2;1;3;172;0, MOULARES (CHEMIN DE;M;4359478;389056;340
201400025283;14;8;5;1635;1;2;1;1;2;172;SANS, GANGES (ROUTE DE;M;4364101;384663;340
201400025284;14;8;7;800;1;2;1;1;1;172;106, BARI (RUE DE);;;;340
201400025285;14;8;8;220;3;2;1;1;2;129;PALAVAS D986 (ROUTE DE);M;4355549;389300;340
201400025286;14;8;8;840;1;2;3;1;1;172;645, VIEILLE POSTE (RUE;M;4361375;390579;340
201400025287;14;8;8;1500;1;2;1;1;7;172;0, NERUDA (AVENUE PABLO);M;4361599;382031;340
201400025288;14;8;10;700;2;2;1;8;6;172;0, GANGES (ROUTE DE;M;4364359;384431;340
201400025289;14;8;12;1400;1;2;1;1;3;172;73, KLEBER (ALLEE);M;4360342;388668;340
201400025290;14;8;12;1650;1;2;1;1;4;172;MENDES FRANCE (AVENUE PR;M;4360766;391578;340
201400025291;14;8;14;540;5;2;1;1;7;172;GANGES (ROUTE DE;M;4363958;384739;340
201400025292;14;8;14;920;1;2;3;1;3;172;33, VIEUSSENS (BOULEVARD;M;4360051;387885;340
201400025293;14;8;14;920;1;1;1;1;7;129;D116;M;4355648;385463;340
201400025294;14;8;13;1815;1;2;1;1;7;172;0, LAURAGAIS (AVENUE DU);M;4363137;382218;340
201400025295;14;8;16;1435;1;2;1;1;2;172;974, PIREE (AVENUE DU);M;4360225;389520;340
201400025296;14;8;16;1650;1;2;2;1;3;172;sans, INDUSTRIE (RUE DE;M;4358527;388212;340
201400025297;14;8;18;2030;2;2;2;1;3;172;TOULOUSE (AVENUE DE;M;4359743;386414;340
201400025298;14;8;19;1825;1;2;1;1;3;172;LIBERTE (AVENUE DE LA;M;4360550;386483;340
201400025299;14;8;20;1830;1;2;1;1;2;172;PAVELET (AVENUE DU COLON;M;4358520;386000;340
201400025300;14;8;23;10;5;2;1;1;1;172;RIMBAUD (RUE PAUL);M;4362001;385031;340
201400025301;14;8;23;1225;1;2;1;1;1;172;sans, MENDES FRANCE (AVE;M;4361025;390651;340
201400025302;14;8;24;1040;1;2;1;1;6;172;6, VIEUSSENS (BOULEVARD);M;4359983;387614;340
201400025303;14;8;20;1840;1;2;2;1;7;172;JUSTICE DE CASTELNAU (AV;M;4362622;388426;340
201400025304;14;8;27;1530;1;2;2;1;3;172;0, DORIA (RUE);M;4361280;386741;340
201400025305;14;8;28;855;1;2;1;1;2;172;0, LIBERTE (AVENUE DE LA;M;4360390;386523;340
201400025306;14;8;29;640;2;2;1;1;3;172;0, INDUSTRIE (RUE DE L');M;4358527;388217;340
201400025307;14;8;29;1505;1;2;1;1;3;172;38, MAURIN (AVENUE DE;M;4360045;387553;340
201400025308;14;8;29;1550;1;2;1;1;3;172;sans, LIBERTE (AVENUE DE;M;4361005;383657;340
201400025309;14;8;29;1740;1;2;1;1;2;172;SANS, DUBOUT (AVENUE ALB;M;4359818;388851;340
201400025310;14;8;29;1806;1;2;1;1;2;172;BRET (ROND POINT PAUL LO;M;4357693;387402;340
201400025311;14;8;31;530;5;2;1;1;6;172;SANS, RAYMOND DUGRAND (A;M;4359556;390526;340
201400025312;14;8;31;1000;1;2;1;1;3;172;sans, BRET (ROND POINT P;M;4357637;387419;340
201400025313;14;8;31;1825;1;1;1;1;3;129;BRET (ROND POINT L);M;4357667;387323;340
201400025314;14;9;2;1543;1;2;1;1;3;172;14, TOULOUSE (AVENUE DE;M;4360004;386708;340
201400025315;14;9;2;2240;5;2;5;1;3;172;1, MOULINS (AVENUE DES;M;4363842;384762;340
201400025316;14;9;3;1315;1;2;3;1;3;129;sans, VINCI (AVENUE LEON;M;4357401;390525;340
201400025317;14;9;3;1745;1;2;1;1;3;172;12, PONT JUVENAL (AVENUE;M;4360626;388403;340
201400025318;14;9;4;730;1;1;1;1;7;129;0, D116;M;4354729;385858;340
201400025319;14;9;6;610;5;2;2;1;1;172;sans, TOULOUSE (AVENUE D;M;4359738;386417;340
201400025320;14;9;6;1050;1;2;1;1;3;172;sans, DUNANT (RUE HENRI);M;4362667;386801;340
201400025321;14;9;6;2000;1;2;3;1;3;172;SCHUMAN (PLACE ROBERT);M;4361999;381733;340
201400025322;14;9;7;1545;1;2;2;1;3;172;0, EUROPE (AVENUE DE L');M;4362699;382185;340
201400025323;14;9;8;1425;1;2;1;8;7;172;0, ARGELLIERS MAS;M;4358637;388900;340
201400025324;14;9;8;1935;2;2;1;2;7;172;0, LIBERTE (AVENUE DE LA;M;4360552;386481;340
201400025325;14;9;8;1940;2;2;1;2;7;172;0, JOUHAUX (AVENUE LEON);M;4360839;382059;340
201400025326;14;9;9;1715;1;2;1;1;4;172;SANS, NOBEL (RUE ALFRED);;;;340
201400025327;14;9;9;1820;1;2;1;1;2;172;GANGES (ROUTE DE;M;4363658;384775;340
201400025328;14;9;7;1500;1;2;1;1;6;129;AGAU (AVENUE DE L');M;4358439;390871;340
201400025329;14;9;10;1040;1;2;1;1;7;172;0, LIBERTE (AVENUE DE LA;M;4360847;386166;340
201400025330;14;9;6;624;2;2;1;1;6;172;10, PAGEZY (RUE);M;4360505;387922;340
201400025331;14;9;10;1705;1;2;1;1;2;172;VANIERES (AVENUE DE);M;4359656;384526;340
201400025332;14;9;10;2335;3;1;1;1;6;172;MENDES FRANCE (AVENUE PR;M;4359962;393942;340
201400025333;14;9;11;1740;1;2;2;1;3;172;CROIX VERTE (RUE DE LA);M;4364462;384165;340
201400025334;14;9;11;2020;5;2;3;1;3;172;FAUBOURG FIGUEROLLES (RU;M;4360622;386361;340
201400025335;14;9;12;845;1;2;1;1;3;172;sans, GARRATS (AVENUE DE;M;4361200;383898;340
201400025336;14;9;12;2150;5;2;3;1;3;172;SANS, AVENUE DE BARCELON;M;4362580;381755;340
201400025337;14;9;15;1500;1;2;1;1;5;172;LE NOTRE (RUE ANDRE);M;4361385;382351;340
201400025338;14;9;15;1600;1;2;1;1;2;172;SANS, DELMAS (RUE);M;4361918;388790;340
201400025339;14;9;17;905;1;2;1;8;6;172;01, SAMAIN (RUE ALBERT);M;4360514;385928;340
201400025340;14;9;17;927;1;2;1;8;3;172;SANS, JUSTICE DE CASTELN;M;4362602;388240;340
201400025341;14;9;17;1130;1;2;1;8;6;198;sans, D21E;M;4355173;396888;340
201400025342;14;9;17;1240;1;2;1;1;4;172;7, FLAHAULT (AVENUE CHAR;M;4361950;386551;340
201400025343;14;9;17;1430;1;2;1;2;6;172;55, DOMITIENNE (VOIE);M;4362093;385824;340
201400025344;14;9;17;1900;1;2;3;1;3;172;VENDEMIAIRE (RUE);M;4360318;389872;340
201400025345;14;9;17;1700;1;2;9;2;3;172;AURIOL (AVENUE VINCENT);M;4365042;386580;340
201400025346;14;9;18;1725;1;2;1;1;6;172;2, SAINT MAURICE DE SAUR;M;4361926;388905;340
201400025347;14;9;22;1415;1;2;1;1;5;172;SANS, FLAHAULT (AVENUE C;M;4361986;386537;340
201400025348;14;9;22;1335;1;2;1;1;3;172;190, LODEVE (AVENUE DE;M;4361364;383990;340
201400025349;14;9;22;1455;1;2;1;1;6;172;625, CROIX VERTE (RUE DE;M;4364589;384044;340
201400025350;14;9;22;1625;1;2;1;1;2;172;18, VERDANSON (QUAI DU);M;4361518;387790;340