num_acc;an;mois;jour;hrmn;lum;agg;int;atm;col;com;adr;gps;lat;long;dep
201400025351;14;9;23;1745;1;2;6;2;2;172;APPEL DU 18 JUIN (ROND-P;M;4363743;383109;340
201400025352;14;9;23;2150;5;2;1;2;6;172;ARENES (ROND POINT DES P;M;4358895;389074;340
201400025353;14;9;25;1520;1;2;1;1;3;172;1637, SOULAS (AVENUE DU;M;4362499;385097;340
201400025354;14;9;26;110;5;2;1;1;3;172;SANS, LIBERTE (AVENUE DE;M;4360423;386509;340
201400025355;14;9;27;2205;5;2;1;1;6;172;DUNANT (RUE HENRI);M;4362640;386644;340
201400025356;14;9;27;2327;5;2;1;1;3;172;1180, MONTASINOS (RUE DE;M;4363066;387884;340
201400025357;14;9;28;650;4;1;1;1;7;129;0, CARNON (ROUTE DE  D21;M;4358344;392386;340
201400025358;14;10;1;425;5;2;1;1;7;172;SANS, RAYMOND DUGRAND (A;M;4359528;390550;340
201400025359;14;9;30;1950;5;2;2;1;1;172;ALCO (RUE D';M;4361273;384474;340
201400025360;14;10;3;1950;5;2;1;1;3;172;sans, GOSSEC (RUE FRANCO;M;4357511;385686;340
201400025361;14;10;4;1950;5;2;1;1;3;172;3027, VALERY (BOULEVARD;M;4359303;385220;340
201400025362;14;10;6;1955;3;2;2;2;3;172;NAZARETH (RUE DE);M;4362074;387718;340
201400025363;14;10;7;910;1;2;3;8;7;172;SALAISON (RUE DE);M;4362193;390882;340
201400025364;14;10;8;945;1;2;3;1;3;198;D21  ROUTE DE CARNON;M;4357777;393554;340
201400025365;14;10;8;1820;2;2;1;1;7;172;0, RECAMBALE (AVENUE DE;M;4360007;384062;340
201400025366;14;10;10;2200;5;2;3;1;3;172;MOULARES (CHEMIN DE;;;;340
201400025367;14;10;11;1410;1;2;3;7;1;172;FABRE DE MORLHON (BOULEV;M;4359077;388169;340
201400025368;14;10;11;1744;1;2;1;1;3;172;CARRIEU (RUE MARIUS);M;4361696;384213;340
201400025369;14;10;12;740;2;2;1;8;4;172;sans, LIBERTE (AVENUE DE;M;4360869;386095;340
201400025370;14;10;13;1810;1;2;2;1;3;172;0, JUSTICE DE CASTELNAU;M;4362614;387722;340
201400025371;14;10;13;2020;5;2;1;1;7;172;5, JEU DE PAUME (BOULEVA;M;4360815;387344;340
201400025372;14;10;14;1740;1;2;1;1;7;172;0, POSEIDON (RUE);;;;340
201400025373;14;10;17;445;5;2;2;1;3;172;sans, MOULARES (CHEMIN D;M;4359898;389375;340
201400025374;14;10;17;1810;1;2;1;1;6;172;1070, JUSTICE DE CASTELN;M;4362601;388270;340
201400025375;14;10;17;2039;5;2;6;1;3;172;sans, GRANIER (ROND POIN;;;;340
201400025376;14;10;17;2030;5;2;1;1;3;198;sans, GUETTE (RUE DE LA);;;;340
201400025377;14;10;19;1710;1;2;1;1;7;172;39, LODEVE (ROUTE DE);M;4361484;382758;340
201400025378;14;10;22;20;5;2;1;1;3;172;MARES (AVENUE HENRI);M;4361996;385113;340
201400025379;14;10;24;1230;1;2;2;1;6;172;sans, MOULIN DE GASCONNE;M;4363455;387331;340
201400025380;14;10;24;1030;1;2;9;1;3;172;125, LODEVE (AVENUE DE;M;4361228;384522;340
201400025381;14;10;24;1415;1;2;2;1;3;172;LEPINE (RUE LOUIS);M;4361220;390706;340
201400025382;14;10;26;1545;1;2;1;1;7;172;42, LAVERUNE (ROUTE DE;;;;340
201400025383;14;10;28;1145;1;2;1;1;2;172;0, GRAND SAINT JEAN (RUE;;;;340
201400025384;14;10;30;1400;1;2;1;1;6;172;EPIDAURE (RUE D');M;4361127;389478;340
201400025385;14;10;30;1530;1;2;1;1;6;172;25, SARRAIL (BOULEVARD);M;4361051;388058;340
201400025386;14;10;30;1615;1;2;1;1;3;172;895, MOULARES (CHEMIN DE;M;4359813;389330;340
201400025387;14;11;1;930;1;2;2;8;6;172;FONTENILLE (IMPASSE);M;4361238;386457;340
201400025388;14;11;1;1710;1;2;1;8;3;172;243, UPPSALA (RUE D');M;4362957;381949;340
201400025389;14;11;4;815;1;2;1;8;3;172;803, MONTASINOS (RUE DE;M;4362894;388072;340
201400025390;14;11;5;1930;5;2;1;1;2;172;JUSTICE DE CASTELNAU (AV;M;4362697;389001;340
201400025391;14;11;6;1025;1;2;9;7;3;172;GIRAUD (AVENUE DU DOYEN;M;4363233;385175;340
201400025392;14;11;7;1250;1;2;3;1;2;172;0, ORANGE (AVENUE RAIMBA;M;4363744;382080;340
201400025393;14;11;7;1555;1;2;1;1;6;172;3200, VALERY (BOULEVARD;M;4359158;385392;340
201400025394;14;11;8;1845;3;1;1;1;6;198;sans, D66  VOIE RAPIDE;M;4360068;393926;340
201400025395;14;11;10;1800;5;2;1;1;3;198;5, DAUDET (RUE ALPHONSE);M;4357042;394574;340
201400025396;14;11;10;2000;5;2;1;2;3;172;414, LOUISVILLE (AVENUE;M;4362509;381560;340
201400025397;14;11;11;700;1;2;1;1;2;172;806, MONTASINOS (RUE DE;M;4362903;388061;340
201400025398;14;11;15;145;5;2;1;1;6;172;COMEDIE (TUNNEL DE LA);M;4360334;389188;340
201400025399;14;11;18;2140;5;2;1;1;3;172;31, TOULOUSE (AVENUE DE;M;4359893;386597;340
201400025400;14;11;21;325;5;2;1;1;1;172;sans, RECAMBALE (AVENUE;M;4360754;383808;340
201400025401;14;11;22;1630;1;1;1;8;3;129;CARNON (ROUTE DE  D21);M;4358380;392311;340
201400025402;14;11;20;1445;1;2;3;1;3;172;sans, VIEILLE POSTE (RUE;M;4361616;391037;340
201400025403;14;11;26;1515;1;1;9;2;3;172;SANS, PALAVAS (AVENUE DE;M;4358809;389237;340
201400025404;14;11;27;1510;1;2;1;8;4;172;sans, SAPORTA (ROND-POIN;M;4358558;388835;340
201400025405;14;11;30;550;5;2;3;8;6;172;645, PRES D'ARENES (AVEN;M;4359147;388241;340
201400025406;14;12;2;800;1;2;2;1;3;172;HUIT MAI 1945 (PLACE DU);;;;340
201400025407;14;12;4;1801;5;2;1;1;6;172;PEZET (AVENUE DU DOCTEUR;M;4362931;386985;340
201400025408;14;12;6;710;5;2;9;3;6;172;MASSENA (AVENUE);M;4361158;384628;340
201400025409;14;12;7;1750;5;2;2;1;1;172;LAVERUNE (ROUTE DE;M;4360018;384420;340
201400025410;14;12;8;1450;1;2;1;8;3;172;sans, LODEVE (AVENUE DE;M;4361369;383927;340
201400025411;14;12;9;1740;5;2;1;1;3;172;sans, PALAVAS (AVENUE DE;M;4359676;388708;340
201400025412;14;12;10;1830;5;2;9;1;2;172;FLANDRES-DUNKERQUE (PLAC;M;4359018;385569;340
201400025413;14;12;11;1810;5;2;1;1;6;172;SAINT DENIS (PLACE);M;4360528;387526;340
201400025414;14;12;13;1720;5;2;2;8;3;172;0, LAVERUNE (ROUTE DE;M;4360020;384420;340
201400025415;14;12;14;110;5;2;1;1;1;172;83, PALAVAS (AVENUE DE);M;4359530;388824;340
201400025416;14;12;14;1455;1;1;1;8;4;129;sans, D172;M;4357480;392285;340
201400025417;14;12;16;2315;3;1;1;1;3;129;D116;M;4356356;386795;340
201400025418;14;12;16;805;1;1;1;8;3;172;sans, NERUDA (AVENUE PAB;M;4362400;382486;340
201400025419;14;12;16;2145;5;2;1;1;3;172;SANS, MARIE DE MONTPELLI;M;4360080;389757;340
201400025420;14;12;18;900;1;2;9;1;3;172;VENTRE (ROND-POINT JULES;M;4361837;386338;340
201400025421;14;12;9;1205;1;2;1;1;7;172;0, SALENGRO (PLACE ROGER;M;4360656;386728;340
201400025422;14;12;19;750;1;2;9;1;6;172;298, FONT COUVERTE (RUE;M;4360176;385688;340
201400025423;14;12;19;1420;1;2;1;1;5;172;0, MENDES FRANCE (AVENUE;M;4360932;389884;340
201400025424;14;12;2;1730;5;2;1;1;6;172;396, RIMBAUD (RUE PAUL);M;4361861;384608;340
201400025425;14;12;22;1400;1;1;1;1;5;129;FIGUIERES (AVENUE DE);M;4358907;393280;340
201400025426;14;12;23;1855;5;2;1;1;6;172;PRIEST ST DE 1485 ET 157;;;;340
201400025427;14;12;24;1225;1;2;3;1;3;129;CHASSELAS (RUE DES);M;4358820;393125;340
201400025428;14;12;26;1445;1;2;1;1;2;172;sans, FOURCADE (AVENUE D;M;4359076;389738;340
201400025429;14;12;27;2220;5;2;1;1;7;172;SANS, POITIERS (AVENUE G;M;4363751;381731;340
201400025430;14;1;3;2125;5;2;1;2;7;301;0, BLANC LOUIS (RUE);;;;340
201400025431;14;1;5;2125;3;1;1;1;1;301;0, RD 612;M;4332788;356664;340
201400025432;14;1;17;1645;1;2;1;1;3;301;RD 612;M;4340171;366161;340
201400025433;14;2;5;1410;1;2;3;2;3;301;0, VALERY PAUL (RUE);;;;340
201400025434;14;2;6;1220;1;1;1;1;7;108;RD 612;M;4346474;376659;340
201400025435;14;2;10;734;2;2;3;1;7;108;0, MURIERS (AVENUE DES);;;;340
201400025436;14;2;11;1100;1;1;1;1;3;108;0, RD 612;M;4344670;376264;340
201400025437;14;2;17;530;3;1;1;2;5;108;0, RD 612;;;;340
201400025438;14;2;17;1220;1;2;4;1;5;301;0, VERDUN (BOULEVARD DE);;;;340
201400025439;14;2;19;350;3;2;1;1;7;301;0, CAYENNE (ROUTE DE);;;;340
201400025440;14;2;23;1600;1;2;2;1;5;301;sans, BARBUSSE HENRI (RU;;;;340
201400025441;14;2;26;1800;1;2;1;1;1;301;LECLERC PHILIPPE MARECHA;M;4339298;369157;340
201400025442;14;3;10;45;5;2;1;1;2;301;0, SUQUET LEOPOLD (QUAI);;;;340
201400025443;14;3;7;1055;1;2;1;1;7;301;0, BLANC CAMILLE (BOULEV;;;;340
201400025444;14;3;10;1718;1;2;1;1;7;301;0, BLANC CAMILLE (BOULEV;;;;340
201400025445;14;3;21;2300;5;2;1;1;3;301;RD2 Route de Balaruc;;;;340
201400025446;14;3;22;1500;1;2;3;1;3;301;0, VERDUN (BOULEVARD DE);;;;340
201400025447;14;4;2;20;5;2;1;1;7;301;0, GOELLETE (ALLEE DE LA;M;4339533;365990;340
201400025448;14;4;12;1700;1;2;1;1;3;301;NEUBURG (CORNICHE DE);;;;340
201400025449;14;4;12;1915;1;1;3;1;3;108;RD2 Route de Balaruc;M;4343346;370233;340
201400025450;14;4;15;1725;1;2;1;1;7;301;0, CALVETTI AMILCAR (RUE;;;;340
201400025451;14;4;19;1715;1;2;1;1;1;301;0, CLERVILLE CHEVALIER D;;;;340
201400025452;14;4;23;715;1;2;3;2;3;108;0, MAL DE LATTRE DE TASS;;;;340
201400025453;14;5;10;1030;1;2;1;1;7;301;0, FAUVETTE (RUE DES);M;4341594;366874;340
201400025454;14;5;13;1320;1;2;1;1;7;301;3, SOURCE (AVENUE DE LA);M;4341133;366981;340
201400025455;14;5;19;1715;1;2;1;2;5;301;0, BLANC CAMILLE (BOULEV;M;4340756;366819;340
201400025456;14;5;21;1410;1;2;3;1;3;301;0, ALLENDE SALVADOR (RUE;M;4340842;368479;340
201400025457;14;5;31;1615;1;2;3;1;1;301;0, PEPINIERE (RUE DE LA);;;;340
201400025458;14;6;2;1315;1;2;1;1;4;301;0, LECLERC PHILIPPE MARE;M;4339377;368035;340
201400025459;14;6;3;1315;1;1;1;1;1;301;0;M;4335526;359637;340
201400025460;14;6;10;1815;1;2;3;1;3;301;0, VERDUN (BOULEVARD DE);;;;340
201400025461;14;6;11;1510;1;2;1;1;5;301;0, LECLERC PHILIPPE MARE;;;;340
201400025462;14;6;15;530;3;1;1;1;2;301;0, BALARUC (ROUTE DE);M;4341473;369896;340
201400025463;14;6;21;1058;1;2;1;1;3;301;0, BLANC CAMILLE (BOULEV;;;;340
201400025464;14;7;2;2030;1;2;1;1;2;301;0, BLANC CAMILLE (BOULEV;;;;340
201400025465;14;7;5;915;1;2;1;1;7;301;0, RHIN ET DANUBE (QUAI);;;;340
201400025466;14;7;12;1105;1;2;1;1;3;301;1, VERDUN (BOULEVARD DE);;;;340
201400025467;14;7;21;20;3;1;1;1;7;301;0;M;4340787;370082;340
201400025468;14;7;27;320;3;2;1;1;6;301;0, RHIN ET DANUBE (QUAI);;;;340
201400025469;14;8;5;2335;5;2;1;1;3;301;0, JUIN MARECHAL (AVENUE;;;;340
201400025470;14;8;9;2340;5;2;1;1;3;301;0, MONNET JEAN (AVENUE);;;;340
201400025471;14;8;12;1540;1;2;3;1;5;301;0, LIBERTE (RUE DE LA);;;;340
201400025472;14;8;22;2340;5;2;1;2;7;108;MAL JUIN (AVENUE DU);;;;340
201400025473;14;8;23;350;5;2;1;1;7;301;0, PONT-LEVIS (CHEMIN DU;;;;340
201400025474;14;9;3;155;3;2;1;1;2;108;0, AVENUE DES ETANGS;M;4343762;378247;340
201400025475;14;9;27;1330;1;2;3;1;3;108;0, MAL LECLERC (RUE);;;;340
201400025476;14;9;28;100;5;2;1;1;7;301;0, MONTMORENCY (RUE);;;;340
201400025477;14;10;2;1730;1;2;1;1;2;301;0, BLANC CAMILLE (BOULEV;;;;340
201400025478;14;10;7;2315;3;1;1;1;1;108;0, BALARUC (ROUTE DE);;;;340
201400025479;14;10;7;2230;5;2;1;1;6;301;0, ROUSTAN MARIO (GRAND';;;;340
201400025480;14;10;7;2030;3;1;1;1;2;301;BALARUC (ROUTE DE);M;4341388;369644;340
201400025481;14;10;9;833;1;1;1;1;5;301;0;;;;340
201400025482;14;10;27;900;1;1;1;1;5;108;0, LA PEYRADE (ROND-POIN;;;;340
201400025483;14;11;6;20;5;2;1;1;2;301;690, VERDUN (BOULEVARD D;;;;340
201400025484;14;11;30;1015;1;2;1;1;3;301;0, VERDUN (BOULEVARD DE);;;;340
201400025485;14;12;10;30;5;2;1;1;2;301;0, VERDUN (BOULEVARD DE);;;;340
201400025486;14;12;20;1400;1;2;1;1;6;108;0, CALMETTE (AVENUE DES);;;;340
201400025487;14;1;3;1650;1;2;1;1;6;115;12, SAINT GERMAIN (BOULE;M;4835728;-120456;350
201400025488;14;12;2;1945;5;2;6;8;3;115;., FORAIRIE (AVENUE DE L;M;4836579;-118781;350
201400025489;14;1;17;1810;3;1;1;8;3;150;14, MESLAIS (LA) LIEUX-D;M;4836581;-123129;350
201400025490;14;1;16;715;5;2;1;1;3;115;21, RENNES (BOULEVARD DE;M;4835651;-120502;350
201400025491;14;1;24;1625;1;2;1;8;6;115;6, REPUBLIQUE (PLACE);M;4834989;-119589;350
201400025492;14;1;28;820;2;2;2;1;6;115;17, LE PAYS (RUE RENE);M;4835521;-119221;350
201400025493;14;2;1;1025;1;2;6;1;6;115;0, FORAIRIE (AVENUE DE L;M;4836591;-118580;350
201400025494;14;3;21;1235;1;2;1;1;3;115;7, SAINT GERMAIN (BOULEV;M;4836239;-120948;350
201400025495;14;3;31;1623;1;2;1;1;3;150;MOTELLE (BD DE LA);M;4836202;-122532;350
201400025496;14;5;31;1535;1;2;1;1;2;150;84, BLICHE (BOULEVARD DE;M;4835246;-122539;350
201400025497;14;6;19;1620;1;1;1;1;1;150;, THEODORE LEVANNIER (RU;;;;350
201400025498;14;7;11;1145;1;1;1;1;6;115;FORAIRIE (AVENUE DE LA);M;4836855;-119248;350
201400025499;14;8;7;1115;1;2;1;1;7;115;0, GAULLE (AVENUE DU GEN;;;;350
201400025500;14;9;1;440;5;2;1;1;6;115;11, MITTERAND (AVENUE FR;M;4835042;-120152;350
201400025501;14;9;8;1750;1;1;1;1;3;150;D 706;;;;350
201400025502;14;7;28;1730;1;2;1;1;6;115;SAINT GERMAIN (BOULEVARD;M;4836251;-121086;350
201400025503;14;9;10;1220;1;2;3;1;3;115;3, MITTERAND (AVENUE FRA;M;4835116;-120098;350
201400025504;14;10;10;1925;2;2;2;1;3;115;115, ROUSSIN (BOULEVARD;M;4834508;-119266;350
201400025505;14;10;10;2020;5;2;7;1;6;115;HERBERT (PLACE EDMOND);M;4834497;-119058;350
201400025506;14;11;21;1930;5;2;1;1;3;115;98, FORET (RUE DE LA);M;4835724;-119624;350
201400025507;14;12;8;945;1;2;2;3;3;115;CHANZY (RUE DU GENERAL);M;4835525;-119411;350
201400025508;14;6;13;2215;5;2;6;1;6;115;0, BARON (RUE);M;4835489;-119862;350
201400025509;14;12;16;1745;5;2;1;2;6;115;106, FORET (RUE DE LA);M;4835732;-119588;350
201400025510;14;12;27;1100;1;2;1;7;7;115;16, SEVIGNE (RUE DE);M;4834850;-119386;350
201400025511;14;1;2;1920;5;2;1;1;7;278;33, PRESSOIR GODIER (RUE;M;4814699;-168350;350
201400025512;14;1;3;1815;3;2;5;2;6;238;PORTE DE VILLEJEAN;M;4812380;-171757;350
201400025513;14;1;5;1650;1;2;1;2;7;51;00, RIGOURDIERE (PORTE D;;;;350
201400025514;14;1;6;940;1;1;9;8;7;278;00, PORTE DE ST MALO;;;;350
201400025515;14;1;6;945;1;2;3;8;3;238;P.MARTIN/A.MARTIN;M;4810220;-166716;350
201400025516;14;1;7;1000;1;2;1;7;6;238;23, RUE MOTTE BR?LON;M;4812660;-166959;350
201400025517;14;1;8;735;5;2;2;2;3;238;BOIS LABB?/C.TILLON;M;4812470;-170307;350
201400025518;14;1;8;1150;1;2;5;8;2;238;PORTE D'ANGERS;M;4808380;-164304;350
201400025519;14;1;8;1545;1;2;5;8;6;238;C.P?GUY/VITR?;M;4811900;-164996;350
201400025520;14;1;8;2105;5;2;3;1;3;238;O.LEROUX/G.HERV?;M;4809140;-166493;350
201400025521;14;1;9;730;3;2;1;1;2;238;PORTE DE MAUREPAS;M;4814149;-167069;350
201400025522;14;1;9;1210;1;2;3;1;3;238;L.BERTHAULT/LORIENT;M;4810660;-173072;350
201400025523;14;1;9;1325;1;2;3;1;3;238;COUBERTIN/GRAFF;M;4808690;-169164;350
201400025524;14;1;9;1530;1;2;6;1;6;238;FOUG?RES/GAYEULLES;M;4812770;-165209;350
201400025525;14;1;10;1010;1;2;5;1;6;238;PORTE DE BREST;M;4812070;-171905;350
201400025526;14;1;10;2005;5;2;2;2;6;238;VOLNEY/ANTRAIN;M;4812480;-166712;350
201400025527;14;1;11;2105;1;2;1;1;6;51;00, VALETTE (PORTE DE LA;;;;350
201400025528;14;1;13;1450;1;2;1;8;6;238;123, AVENUE A.BRIAND;M;4811030;-165724;350
201400025529;14;1;14;805;5;2;3;1;6;238;CL?MENCEAU/NICOLET;M;4809410;-168000;350
201400025530;14;1;14;815;1;2;5;1;7;206;PORTE DE NANTES;M;4808000;-168199;350
201400025531;14;1;14;1401;1;2;3;1;4;238;FOUG?RES/P.LOTI;M;4812540;-165581;350
201400025532;14;1;14;1450;1;2;1;1;3;51;00, BRAY (ROND-POINT DE);;;;350
201400025533;14;1;16;830;1;2;3;8;6;281;00, BLUM (MAIL LEON);;;;350
201400025534;14;1;16;1630;1;2;6;1;3;238;F.CH?TEAU/M.DE JOU?;M;4811180;-164641;350
201400025535;14;1;17;2100;5;2;3;1;6;238;F.ROBERT/B.MORRISSOT;M;4813200;-170705;350
201400025536;14;1;18;1415;1;2;5;1;4;206;PORTE DE NANTES;M;4808000;-168103;350
201400025537;14;1;18;1645;1;2;2;2;6;238;LIBERT?/VIEUX COURS;M;4810740;-167912;350
201400025538;14;1;18;1755;3;2;1;2;2;51;00, VALETTE (PORTE DE LA;M;4810928;-159268;350
201400025539;14;1;18;1852;5;2;2;2;3;238;REDON/MALAKOFF;M;4810510;-169340;350
201400025540;14;1;18;2005;5;2;3;2;3;238;B.F.DUNKERQUE/HENRY;M;4812130;-170087;350
201400025541;14;1;20;520;3;2;1;5;4;51;00, NORMANDIE (PORTE DE);;;;350
201400025542;14;1;20;1615;1;2;2;8;3;238;ST MALO/CO?TLOGON;M;4812260;-168419;350
201400025543;14;1;20;1630;1;2;1;1;7;278;00, PORTE DE ST MALO;;;;350
201400025544;14;1;20;2115;5;2;2;1;2;238;C.BERNARD/REDON;M;4810510;-169340;350
201400025545;14;1;21;500;5;2;6;1;7;238;RP GAYEULLES/GAYEULLES;M;4812770;-165209;350
201400025546;14;1;21;840;1;2;2;1;3;238;L.GUILLOUX/MARBEUF;M;4811200;-170236;350
201400025547;14;1;21;800;2;2;1;9;7;55;00, DOLTO FRANCOISE (ALL;;;;350
201400025548;14;1;22;1100;1;2;5;2;4;238;NITSCH/GUINES;M;4810180;-168441;350
201400025549;14;1;23;1525;1;2;3;2;6;238;PL?LO/TRONJOLLY;M;4810610;-168101;350
201400025550;14;1;24;810;5;2;1;2;3;238;RUE DE NANTES;M;4809490;-169017;350
201400025551;14;1;24;1201;1;2;3;2;6;238;FOUG?RES/TAROUILLY;M;4812230;-166176;350
201400025552;14;1;25;1440;1;2;2;1;2;238;SU?DE/CAR?LIE;M;4808670;-168047;350
201400025553;14;1;25;1530;1;2;1;1;2;238;14, BD L.VOLCLAIR;M;4808830;-166255;350
201400025554;14;1;29;840;1;2;5;1;2;238;PORTE DE LORIENT;M;4810720;-171838;350
201400025555;14;1;29;1055;1;2;5;2;6;238;PORTE DE NANTES;M;4808050;-167521;350
201400025556;14;1;30;1620;1;2;1;1;6;238;157,AVENUE G.PATTON;M;4812530;-166651;350
201400025557;14;1;31;810;1;2;1;5;3;278;00, RD 137;;;;350
201400025558;14;1;31;1425;1;2;6;2;3;238;RD 29/RP ST SULPICE;M;4815490;-162542;350
201400025559;14;1;31;1845;5;2;1;2;6;238;3, ALL?E DE BEAULIEU;M;4811700;-163402;350
201400025560;14;1;31;1905;5;2;1;2;3;238;3, RUE DE BREST;M;4811210;-168783;350
201400025561;14;2;1;355;5;2;5;2;6;238;VITR?/C.FOULON;M;4811900;-164996;350
201400025562;14;2;1;950;1;2;1;1;7;278;00, D 175;;;;350
201400025563;14;2;1;1018;1;2;1;1;6;238;24, RUE DE LA DONELI?RE;M;4812900;-168586;350
201400025564;14;2;4;815;5;2;3;2;6;238;ALBERT 1ER/GUYNEMER;M;4809010;-168931;350
201400025565;14;2;4;1425;1;1;1;2;2;51;00, LONGCHAMPS (PORTE DE;;;;350
201400025566;14;2;4;2025;5;2;1;3;2;278;00, CHENAY HUE  (LIEU DI;M;4817528;-169420;350
201400025567;14;2;5;840;1;2;3;1;2;238;LORIENT/RETARDAIS;M;4810670;-172957;350
201400025568;14;2;5;1735;1;2;2;8;6;238;BREST/VERDUN;M;4811280;-169343;350
201400025569;14;2;6;1330;1;1;1;8;7;51;00, EST (ROCADE);;;;350
201400025570;14;2;7;900;1;2;1;7;6;238;45, RUE DE BREST;M;4811380;-169825;350
201400025571;14;2;9;1900;5;2;3;2;3;238;PL?LO/TRONJOLLY;M;4810610;-168101;350
201400025572;14;2;9;2200;5;2;2;2;3;238;A.DUVAL/C.BERNARD;M;4810350;-169401;350
201400025573;14;2;10;1630;1;2;2;1;4;238;VOLTAIRE/A.DUVAL;M;4810510;-169812;350
201400025574;14;2;11;835;1;2;1;1;6;238;PK ?GLISE VILLENEUVE;M;4809870;-168109;350
201400025575;14;2;11;930;1;2;2;2;2;238;AUBRY/MAGENTA;M;4810570;-167398;350
201400025576;14;2;12;855;1;1;1;2;2;278;00, PORTE DE ST MALO;;;;350
201400025577;14;2;12;1650;1;2;2;8;3;238;00, GUILLOUX (LOUIS);;;;350
201400025578;14;2;13;1630;1;2;1;1;4;206;ROCADE SUD;M;4807980;-168329;350
201400025579;14;2;13;1840;5;2;1;1;6;278;13, MELLIERS (RUE DES);M;4814666;-168355;350
201400025580;14;2;14;815;1;2;1;3;6;238;BD P.PAINLEV?;M;4812260;-165774;350
201400025581;14;2;14;2320;5;2;2;2;6;238;TRONJOLLY/LIBERT?;M;4810740;-168037;350
201400025582;14;2;15;1235;1;2;5;1;3;238;LA?NNEC/ST H?LIER;M;4810560;-166605;350
201400025583;14;2;15;1615;1;2;2;7;6;238;LICES/JUILLET;M;4811260;-168481;350
201400025584;14;2;18;1255;1;2;3;1;3;238;B.F.DUNKERQUE/HENRY;M;4812130;-170087;350
201400025585;14;2;19;830;1;2;3;1;3;238;V.MAREUIL/CHARDONNET;M;4810670;-165090;350
201400025586;14;2;21;1321;1;2;1;1;6;51;49A, RENNES (RUE DE);M;4811419;-161766;350
201400025587;14;2;21;1755;1;2;1;1;4;238;ROCADE OUEST PR15-300;M;4811650;-171964;350
201400025588;14;2;23;810;1;2;1;1;6;55;00, RD 463;;;;350
201400025589;14;2;24;2340;5;2;3;1;1;238;SAINT-THOMAS/DUC;M;4810820;-167520;350
201400025590;14;2;26;830;1;2;1;1;7;238;CARREFOUR JOUAUST;M;4811240;-168632;350
201400025591;14;2;26;1555;1;2;1;1;4;55;32, BIGNON (RUE DU);M;4809847;-162236;350
201400025592;14;2;27;1350;1;2;5;2;2;238;PORTE DE LORIENT;M;4810750;-171646;350
201400025593;14;2;27;2220;3;2;9;1;7;55;00, RD 463;;;;350
201400025594;14;2;28;255;5;2;2;2;6;238;ST H?LIER/L.BARTHOU;M;4810690;-167060;350
201400025595;14;2;28;1550;1;2;1;1;3;238;22, RUE DES VEYETTES;M;4810030;-163174;350
201400025596;14;2;28;1745;1;2;1;2;1;238;7, RUE DES ARTS;M;4811080;-171467;350
201400025597;14;3;2;715;4;2;5;1;6;238;LORIENT/ROCADE OUEST;M;4810750;-171646;350
201400025598;14;3;2;1945;5;2;3;3;6;238;VEZIN/E.MERLIN;M;4811630;-171190;350
201400025599;14;3;3;1528;1;1;1;1;7;51;EST (ROCADE);M;4811736;-157301;350
201400025600;14;3;3;2055;5;2;2;3;1;281;00, MERMOZ (BOULEVARD JE;M;4809631;-169271;350
201400025601;14;3;4;1130;1;2;2;1;3;238;ST MALO/TASSIGNY;M;4812140;-168299;350
201400025602;14;3;4;1815;3;1;1;2;2;278;PORTE DE ST MALO;;;;350
201400025603;14;3;5;1630;1;2;3;1;2;281;00, LEO (ANDRE);M;4806857;-169959;350
201400025604;14;3;8;2215;5;2;3;1;3;281;00, MERMOZ (BOULEVARD JE;M;4809485;-169721;350
201400025605;14;3;9;2100;5;2;2;1;3;238;MITTERRAND/VANEAU;M;4810850;-169298;350
201400025606;14;3;7;2330;5;2;1;1;6;238;3, BD E.MOUNIER;M;4812560;-166474;350
201400025607;14;3;11;715;1;2;2;1;3;238;C.TILLON/W.CHURCHILL;M;4812450;-170982;350
201400025608;14;3;11;1350;1;2;2;1;3;238;VERN/L.GRIMAULT;M;4809120;-164548;350
201400025609;14;3;11;1620;1;2;2;1;6;238;ST LAURENT/G.PATTON;M;4813850;-165858;350
201400025610;14;3;13;820;1;2;1;1;6;238;RUE DE CH?TILLON;M;4810210;-167354;350
201400025611;14;3;14;1440;1;2;1;1;6;238;18, RUE DE BREST;M;4811190;-169147;350
201400025612;14;3;15;2225;5;2;1;1;6;281;00, DODIN (AVENUE ROGER);M;4808651;-170745;350
201400025613;14;3;16;1445;1;2;5;1;7;238;PORTE DE CLEUNAY;M;4810470;-171671;350
201400025614;14;3;18;1120;1;2;3;1;6;238;BOURGEOIS/FEUILL?E;M;4809920;-165274;350
201400025615;14;3;18;1200;1;2;2;1;6;238;VERDUN/CO?TLOGON;M;4812270;-168542;350
201400025616;14;3;19;1950;4;2;1;1;7;281;00, CLAUDEL (COURS CAMIL;M;4808191;-171367;350
201400025617;14;3;20;2145;5;2;1;1;6;278;00, RD 29;;;;350
201400025618;14;3;20;2350;5;2;3;1;6;238;LAMENNAIS/LANJUINAIS;M;4810980;-168201;350
201400025619;14;3;21;810;1;2;5;1;4;238;PORTE DE MAUREPAS;M;4814220;-165814;350