num_acc;an;mois;jour;hrmn;lum;agg;int;atm;col;com;adr;gps;lat;long;dep
201400025620;14;3;23;1800;1;2;3;7;6;51;00, RD96;;;;350
201400025621;14;3;27;755;1;2;1;2;6;238;MAIL F.MITTERRAND;M;4810820;-169461;350
201400025622;14;3;28;1410;1;2;1;2;7;51;FOUGERES (ROUTE DE);;;;350
201400025623;14;3;28;1410;1;2;5;2;4;238;PORTE DE VILLEJEAN;M;4812480;-171643;350
201400025624;14;3;28;1530;1;2;2;1;3;238;LEROUX (BD OSCAR);;;;350
201400025625;14;3;28;2000;1;2;2;1;3;238;FOUGERES/METZ;M;4812180;-166274;350
201400025626;14;3;29;850;1;2;2;1;3;238;FOUG?RES/JOUANET;M;4813190;-163550;350
201400025627;14;3;29;1240;1;1;1;1;3;55;RD 463;;;;350
201400025628;14;3;31;950;1;1;1;1;2;51;NORMANDIE (PORTE DE);M;4814633;-159206;350
201400025629;14;4;1;855;1;2;1;1;3;51;2, FOUGERES (ROUTE DE);M;4813360;-163000;350
201400025630;14;4;1;1800;1;2;3;1;3;281;00, BENOIT (RUE FREDERIC;M;4808671;-171054;350
201400025631;14;4;2;1245;1;2;2;1;4;238;CH?TEAUGIRON/BOTMEL;M;4809410;-163435;350
201400025632;14;4;3;725;3;2;1;3;6;278;RD 137;M;4813650;-169253;350
201400025633;14;4;3;800;1;2;5;3;2;238;PORTE DE NANTES;M;4808100;-167077;350
201400025634;14;4;3;1420;1;2;1;1;4;55;LOGETTES (RUE DES);M;4808372;-162448;350
201400025635;14;4;4;1130;1;2;3;1;3;238;T.BRIANT/MAIGNAN;M;4810440;-167792;350
201400025636;14;4;4;1250;1;2;2;1;3;51;CHANTEPIE (ROUTE DE);M;4809959;-160506;350
201400025637;14;4;4;1500;1;1;1;1;7;238;.., PORTE ALMA;;;;350
201400025638;14;4;4;1800;1;2;6;1;6;51;DEZERSEUL (BOULEVARD DE);M;4811858;-160082;350
201400025639;14;4;5;1820;1;2;1;1;6;55;10, BONNIN ANDRE (AVENUE;;;;350
201400025640;14;4;6;645;5;1;1;1;7;238;00, ROCADE 8-9;;;;350
201400025641;14;4;8;925;1;2;5;1;3;238;J.GU?HENNO/D.ANNE;M;4811930;-166743;350
201400025642;14;4;9;740;1;2;2;1;3;238;JANVIER/LIBERT?;M;4810790;-167354;350
201400025643;14;4;9;2020;3;2;2;1;3;281;00, MERMOZ (BOULEVARD JE;;;;350
201400025644;14;4;10;1740;1;1;2;1;3;281;00, PATIS-DES-COUASNES (;;;;350
201400025645;14;4;11;2320;5;2;1;1;6;238;00, GAYEULLES (ROND POIN;;;;350
201400025646;14;4;10;2320;5;2;6;1;6;238;RP GAYEULLES/GAYEULLES;M;4812770;-165209;350
201400025647;14;4;11;815;1;1;1;1;7;278;.., PORTE DE ST MALO;;;;350
201400025648;14;4;13;150;5;2;1;1;2;238;20, BD DE CH?ZY;M;4811550;-168701;350
201400025649;14;4;13;2055;1;1;1;1;6;278;RD 137;M;4816138;-170702;350
201400025650;14;4;14;745;1;2;3;1;7;238;C.G?NIAUX/LE LANNOU;M;4811350;-171363;350
201400025651;14;4;14;1020;1;2;6;1;6;238;PORTE DE MAUREPAS;M;4814160;-166379;350
201400025652;14;4;14;2000;1;2;6;1;3;238;NOYER/BIGNON;M;4809680;-163532;350
201400025653;14;4;15;430;3;2;1;1;7;281;37, HAIE-DES-COGNETS (BO;;;;350
201400025654;14;4;15;905;1;2;6;1;2;51;ALLIES (BOULEVARD DES);;;;350
201400025655;14;4;15;1000;1;1;1;1;2;55;PORTE DES LOGES;;;;350
201400025656;14;4;16;1900;1;2;1;1;2;206;ROCADE SUD;M;4807970;-168394;350
201400025657;14;4;16;1930;1;2;3;1;6;238;ISLY/PL?LO;M;4810640;-167774;350
201400025658;14;4;17;1305;1;1;1;1;6;238;00, RN 137;;;;350
201400025659;14;4;17;1915;1;2;1;1;1;238;LES BASSES OURMES;M;4808440;-163850;350
201400025660;14;4;18;1215;1;2;3;1;3;238;P.PROUDHON/E.POTTIER;M;4810170;-171199;350
201400025661;14;4;19;1205;1;2;1;1;2;238;ROCADE OUEST PR13-500;M;4809900;-171416;350
201400025662;14;4;20;715;5;2;1;2;6;278;GAULLE (RUE DU GAL DE);;;;350
201400025663;14;4;22;1635;1;1;1;1;6;51;TIZE (LIEU-DIT LA LANDE;;;;350
201400025664;14;4;23;1500;1;2;2;8;7;238;CL?MENCEAU/K?RANGAL;M;4809450;-168562;350
201400025665;14;4;25;1445;1;2;3;1;6;238;ST MALO/V.BONER;M;4812980;-168891;350
201400025666;14;4;25;1645;1;2;1;1;6;238;25, RUE F.DE LESSEPS;M;4810090;-170700;350
201400025667;14;4;26;1150;1;2;1;1;6;238;RUE DE SUISSE;M;4808650;-166244;350
201400025668;14;4;26;1630;1;2;6;2;6;238;PORTE DE MAUREPAS;M;4814220;-165814;350
201400025669;14;4;30;30;3;2;1;2;6;238;RUE DU PATIS TATELIN;M;4813920;-163345;350
201400025670;14;4;30;1530;1;2;2;1;3;238;R.H.GUERRAND/CLEUNAY;M;4810210;-169866;350
201400025671;14;5;1;1900;1;1;1;3;7;51;EST (ROCADE);;;;350
201400025672;14;5;2;1630;1;2;2;1;6;238;NANTES/CL?MENCEAU;M;4809470;-169024;350
201400025673;14;5;5;1415;1;2;2;1;4;238;CLOS COURTEL/PAPEGAULT;M;4812970;-163073;350
201400025674;14;5;5;1440;1;2;1;1;2;238;8, QUAI ROBINOT ST CYR;M;4810520;-171809;350
201400025675;14;5;5;1700;1;2;3;1;6;238;ISLY/ALLI?S;M;4810510;-167753;350
201400025676;14;5;7;1350;1;2;3;1;6;238;NANTES/LOBINEAU;M;4810150;-168464;350
201400025677;14;5;8;1234;1;2;3;8;6;238;F.EBOU?/H.BERGSON;M;4808570;-169373;350
201400025678;14;5;9;1815;1;2;2;1;1;238;MEYNIER/JNATON;M;4813050;-170514;350
201400025679;14;5;10;1140;1;2;5;2;7;238;PORTE DE CLEUNAY;M;4810490;-171697;350
201400025680;14;5;11;1810;1;2;2;1;3;238;GROS MALHON/ARMORIQUE;M;4812790;-168345;350
201400025681;14;5;12;450;3;1;6;1;7;278;RD 29;;;;350
201400025682;14;5;12;730;1;2;1;1;6;238;RUE DE ST LAURENT;M;4813860;-165691;350
201400025683;14;5;11;1145;1;2;4;1;6;238;YSER/LT FOURNIER;M;4809070;-168045;350
201400025684;14;5;11;1130;1;2;1;1;6;238;00, YSER (BD DE L');;;;350
201400025685;14;5;13;1400;1;1;2;1;3;281;00, JAUNAIS DE MIVOIE (R;M;4806843;-170435;350
201400025686;14;5;13;1450;1;2;1;2;7;238;66, RUE DE ST BRIEUC;M;4811360;-170501;350
201400025687;14;5;15;825;1;2;1;1;2;278;00, RD 91;;;;350
201400025688;14;5;17;1950;1;2;2;1;6;278;00, GROS MALHON (AVENUE);;;;350
201400025689;14;5;18;1105;1;2;1;1;5;238;198, RUE DE ST MALO;M;4812220;-168391;350
201400025690;14;5;19;1215;1;2;6;1;2;278;ROUTE DE SAINT-MALO;;;;350
201400025691;14;5;21;1845;1;1;1;1;2;55;RD 463;;;;350
201400025692;14;5;21;2300;5;2;1;1;6;238;290 RUE DE ST MALO;M;4813040;-168933;350
201400025693;14;5;22;1715;1;2;1;1;2;238;ROCADE OUEST;M;4811460;-171897;350
201400025694;14;5;23;830;1;1;1;1;2;278;R.N. 136;;;;350
201400025695;14;5;23;825;1;1;1;1;5;278;R.N. 136;;;;350
201400025696;14;5;23;1200;1;2;1;1;6;238;23, BD L.BOURGEOIS;M;4809900;-165334;350
201400025697;14;5;23;1130;1;2;6;7;5;238;ST BRIEUC/ANJOU;M;4811810;-171380;350
201400025698;14;5;24;1225;1;2;1;1;2;238;00, YSER (BD DE L');;;;350
201400025699;14;5;26;1610;1;2;1;8;4;278;CHESNAIS BEAUREGARD (RUE;M;4813740;-168803;350
201400025700;14;5;26;1620;1;2;1;1;6;238;PASSAGE CHAPELLE BOBY;M;4811010;-166401;350
201400025701;14;5;26;1725;1;1;9;3;2;281;R.N. 136;M;4808779;-170154;350
201400025702;14;5;27;1235;1;2;1;1;6;238;69, RUE GINGUEN?;M;4809910;-167974;350
201400025703;14;5;27;1405;1;2;3;1;3;238;15, QUAI DE LA PR?VALAYE;M;4810910;-168656;350
201400025704;14;5;27;1430;1;2;2;1;6;238;SUISSE/ITALIE;M;4808650;-166777;350
201400025705;14;5;28;1105;1;1;1;1;6;51;BEAULIEU (PORTE DE);M;4809941;-161358;350
201400025706;14;5;28;1230;1;2;1;1;6;278;ABBE PIERRE (RUE);M;4815522;-167291;350
201400025707;14;5;28;1735;1;2;6;3;3;51;METAIRIES (BOULEVARD DES;M;4812189;-160010;350
201400025708;14;5;28;1750;1;2;2;3;3;238;PATTON/ST LAURENT;M;4813850;-165858;350
201400025709;14;5;29;1500;1;2;2;1;3;238;FR?VILLE/PORTUGAL;M;4808370;-167449;350
201400025710;14;5;29;2225;5;2;2;1;3;238;LICES/JUILLET;M;4811260;-168481;350
201400025711;14;5;30;1340;1;2;3;1;2;238;AB?LARD/CONWO?N;M;4810570;-168829;350
201400025712;14;5;31;2150;1;1;1;1;2;278;RN 137;M;4818020;-171957;350
201400025713;14;6;3;1540;1;2;1;1;6;238;97, BD DE VITRE;M;4812000;-165059;350
201400025714;14;6;4;920;1;2;6;1;6;281;DODIN (AVENUE ROGER);M;4808694;-170748;350
201400025715;14;6;4;1725;1;2;1;1;3;238;AV DES GAYEULLES (BLIZZ);M;4813270;-165206;350
201400025716;14;6;4;1835;1;1;1;1;2;238;PORTE DE ST NAZAIRE;;;;350
201400025717;14;6;5;825;1;2;6;1;2;281;00, DODIN (AVENUE ROGER);M;4808695;-170739;350
201400025718;14;6;5;1720;1;2;6;1;6;281;DODIN (AVENUE ROGER);M;4808698;-170743;350
201400025719;14;6;6;910;1;2;1;1;2;238;21, RUE M DE SERVIGN?;M;4810180;-172860;350
201400025720;14;6;6;1325;1;2;3;1;6;238;CANADA/GRO?LAND;M;4808570;-168241;350
201400025721;14;6;6;1700;1;2;1;1;6;238;29, RUE DE LORIENT;M;4810770;-170200;350
201400025722;14;6;7;2325;5;2;2;1;3;238;PATTON/MONTS D'ARR?E;M;4813510;-165961;350
201400025723;14;6;8;140;4;2;2;1;3;238;PASTEUR/CH?TEAUBRIAND;M;4811020;-167420;350
201400025724;14;6;9;1250;1;2;6;1;3;238;CUCILL?/MUSSAT;M;4812910;-169604;350
201400025725;14;6;9;1545;1;2;3;1;3;51;LANDELLES (RUE DES);M;4810077;-162434;350
201400025726;14;6;10;1755;1;2;2;1;2;238;J.VALL?S/E.POTTIER;M;4810520;-170410;350
201400025727;14;6;10;1840;1;2;2;1;4;238;CL?MENCEAU/K?RANGAL;M;4809450;-168562;350
201400025728;14;6;10;2355;5;2;6;1;6;238;KENNEDY/G.BERGER;M;4812130;-170452;350
201400025729;14;6;11;825;1;2;3;1;3;238;FOUG?RES/S.MICHEL;M;4812580;-165510;350
201400025730;14;6;11;830;1;1;1;1;2;278;PORTE DE ST MALO;;;;350
201400025731;14;6;12;1830;1;2;5;1;4;238;PORTE DE NANTES;M;4808030;-167815;350
201400025732;14;6;13;920;1;2;2;1;2;238;ESPAGNE/CH?TILLON;M;4808660;-167193;350
201400025733;14;6;13;900;1;2;5;1;2;238;ROCADE 13-14;M;4814220;-165814;350
201400025734;14;6;14;1730;1;2;2;1;2;238;MITTERRAND/VANEAU;M;4810890;-169293;350
201400025735;14;6;15;2025;1;2;2;1;3;238;ST BRIEUC/MARBEUF;M;4811200;-170236;350
201400025736;14;6;16;50;5;2;1;1;6;238;28, PLACE DES LICES;M;4811310;-168357;350
201400025737;14;6;16;820;1;2;3;1;7;51;00, CHARMILLES (RUE DES);M;4810077;-162433;350
201400025738;14;6;16;820;1;2;2;1;4;238;J.CARTIER/GARIGLIANO;M;4809680;-168157;350
201400025739;14;6;16;1000;1;2;2;1;3;238;CH?TEAUGIRON/BOURGEOIS;M;4810040;-164993;350
201400025740;14;6;16;1825;1;2;6;1;6;238;VERN/HAUTES OURMES;M;4808770;-164463;350
201400025741;14;6;17;1055;1;2;1;1;6;238;10, ALL?E DE MAUREPAS;M;4812720;-166242;350
201400025742;14;6;18;850;1;1;3;1;3;55;RD 463;;;;350
201400025743;14;6;18;1130;1;2;1;1;1;238;ENCEINTE PONTCHAILLOU;M;4812060;-169001;350
201400025744;14;6;19;1515;1;1;1;1;7;238;ROCADE 14-15;;;;350
201400025745;14;6;20;1425;1;2;5;1;2;238;PORTE D'ALMA;M;4808120;-166722;350
201400025746;14;6;21;1720;1;2;1;1;3;281;00, MARIN (RUE JEAN);;;;350
201400025747;14;6;22;130;5;2;2;1;5;238;CL?MENCEAU/K?RANGAL;M;4809450;-168562;350
201400025748;14;6;23;1545;1;1;3;1;3;278;00, RD 82;;;;350
201400025749;14;6;26;2000;1;2;1;1;7;238;41, RUE VASSELOT;M;4810860;-167691;350
201400025750;14;6;25;2025;1;1;1;1;7;51;EST (ROCADE);;;;350
201400025751;14;6;26;50;5;2;1;1;6;281;60, DODIN (AVENUE ROGER);M;4807799;-171249;350
201400025752;14;6;27;945;1;1;9;1;7;278;00, PORTE DE BEAUREGARD;;;;350
201400025753;14;6;27;1110;1;1;1;2;2;51;BEAULIEU (PORTE DE);;;;350
201400025754;14;6;27;1515;1;2;3;1;3;238;JANVIER/DUHAMEL;M;4810890;-167379;350
201400025755;14;6;27;1110;1;2;3;3;6;238;LORIENT/RETARDAIS;M;4810670;-172957;350
201400025756;14;6;28;1200;1;2;5;2;6;238;J.GU?HENNO/D.ANNE;M;4811930;-166743;350
201400025757;14;6;28;1525;1;1;1;2;7;278;00, PORTE DE BEAUREGARD;;;;350
201400025758;14;6;30;800;1;2;3;1;7;238;MEYNIER/LEROY;M;4812640;-171080;350
201400025759;14;6;30;1445;1;2;2;1;3;238;CL?MENCEAU/AUDIBERT;M;4809400;-167745;350
201400025760;14;6;30;1820;1;1;3;2;3;281;PATIS-DES-COUASNES (RUE;M;4808119;-172723;350
201400025761;14;7;2;1505;1;2;5;1;3;238;LA?NNEC/ST H?LIER;M;4810560;-166605;350
201400025762;14;7;2;1805;1;2;3;1;2;238;VEZIN/BROC?LIANDE;M;4811630;-171408;350
201400025763;14;7;2;1920;1;2;1;1;1;238;CHEMIN DE LA PR?VALAYE;M;4809520;-173285;350
201400025764;14;7;3;830;1;2;3;1;3;238;LORIENT/MARCEAU;M;4810800;-170066;350
201400025765;14;7;3;1750;1;2;3;1;3;238;A.PAVIE/ST SA?NS;M;4810400;-163625;350
201400025766;14;7;3;1800;1;2;1;1;5;238;207 RUE DE VERN;M;4808830;-164468;350
201400025767;14;7;3;2045;1;2;1;1;6;238;BD DE YOUGOSLAVIE;M;4808760;-165193;350
201400025768;14;7;4;815;1;2;3;1;2;238;A.BRIAND/LENOIR;M;4811030;-166424;350
201400025769;14;7;4;1745;1;2;1;1;4;238;ROCADE OUEST;M;4811210;-171842;350
201400025770;14;7;6;1;5;2;2;3;3;238;R.BRICE/A.ROUAULT;M;4809220;-166781;350
201400025771;14;7;6;2245;5;2;1;1;3;51;41, MUGUET (RUE DU);M;4811828;-161112;350
201400025772;14;7;7;755;1;2;2;1;3;238;LORIENT (DE);M;4810940;-170760;350
201400025773;14;7;8;1925;1;2;1;1;6;238;14, RUE P?TIS TATELIN;M;4813360;-163857;350
201400025774;14;7;8;1830;1;2;1;1;6;238;78, BD DE S?VIGN?;M;4811620;-166437;350
201400025775;14;7;9;1215;1;2;6;1;3;238;YOUGOSLAVIE/PAYS BAS;M;4808840;-166079;350
201400025776;14;7;9;2245;5;2;2;1;3;238;LEGRAVEREND/ST MALO;M;4811710;-168085;350
201400025777;14;7;10;800;1;2;1;1;3;238;91, RUE DE ST BRIEUC;M;4811590;-170907;350
201400025778;14;7;10;1325;1;2;3;1;3;238;IRLANDE/BELGIQUE;M;4808780;-168545;350
201400025779;14;7;10;1945;1;2;2;1;3;238;S.MICHEL/R.POINCAR?;M;4812540;-165289;350
201400025780;14;7;13;2230;5;2;6;1;3;281;00, DODIN (AVENUE ROGER);M;4808704;-171017;350
201400025781;14;7;13;2205;1;2;1;1;7;238;11,QUAI DE LA PR?VALAYE;M;4810910;-168632;350
201400025782;14;7;15;820;1;2;6;1;3;55;00, BONNIN ANDRE (AVENUE;M;4809007;-162327;350
201400025783;14;7;16;845;1;2;2;1;6;238;ST BRIEUC/VEZIN;M;4811650;-170992;350
201400025784;14;7;16;2315;5;2;2;1;3;238;ST MALO/J.BODIN;M;4812600;-168578;350
201400025785;14;7;17;1310;1;2;4;1;6;238;GROS MALHON/B.RAULT;M;4812990;-168422;350
201400025786;14;7;18;1700;1;2;2;1;6;238;L.GUILLOUX/MARBEUF;M;4811200;-170236;350
201400025787;14;7;19;1830;1;2;1;1;7;238;PATIS TATELIN (LIEU-DIT;;;;350
201400025788;14;7;20;425;5;2;1;1;6;238;7, BD DE S?VIGN?;M;4811640;-167319;350
201400025789;14;7;24;940;1;2;3;1;3;238;PR?VALAYE/J.GABRIEL;M;4810910;-168656;350
201400025790;14;7;25;1815;1;2;4;1;4;238;GUILLOUX (LOUIS);M;4811141;-170126;350
201400025791;14;7;25;1825;1;2;1;1;3;238;RUE D'ESPAGNE;M;4808660;-167163;350
201400025792;14;7;26;200;5;2;6;1;7;238;MONTS D'ARR?E/L.PR?S;M;4813240;-165662;350
201400025793;14;7;26;1130;1;2;1;1;6;278;BEAUREGARD (270);M;4813707;-169001;350
201400025794;14;7;26;1355;1;2;1;1;3;278;00, CERISAIE (RUE DE LA);M;4813844;-168975;350
201400025795;14;7;28;800;1;2;2;1;3;238;C.BERNARD/A.DUVAL;M;4810350;-169401;350
201400025796;14;7;28;1030;1;2;5;1;7;238;PORTE DE NANTES;M;4808060;-167419;350
201400025797;14;7;28;1240;1;2;3;2;3;238;CH?TILLON/QUINELEU;M;4810160;-167281;350
201400025798;14;7;28;1425;1;2;2;1;3;238;F.ROOSEVELT/VERN;M;4809810;-165566;350
201400025799;14;7;28;1705;1;2;6;1;4;51;ALLIES (BOULEVARD DES);M;4813660;-162495;350
201400025800;14;7;28;2105;1;2;2;1;3;238;C.BERNARD/A.DUVAL;M;4810350;-169401;350
201400025801;14;7;29;845;1;2;3;1;3;238;VERGER/ST H?LIER;M;4810610;-166727;350
201400025802;14;7;29;1735;1;2;2;1;6;281;00, BLUM (MAIL LEON);M;4808091;-171546;350
201400025803;14;7;30;2215;4;2;1;1;7;51;BRAY (ROND-POINT DE);;;;350
201400025804;14;7;31;1630;1;2;5;1;3;238;PORTE DE BREST;M;4812270;-171925;350
201400025805;14;8;1;1010;1;2;1;1;7;55;00, BREIL (RUE DU);;;;350
201400025806;14;8;2;1415;1;1;1;3;7;278;00, PORTE DE ST MALO;;;;350
201400025807;14;8;3;615;1;2;5;1;2;238;PORTE DE LORIENT;M;4811100;-171838;350
201400025808;14;8;3;1930;1;2;2;1;3;238;AUDIBERT/CLEMENCEAU;M;4809400;-167745;350
201400025809;14;8;7;2350;5;1;1;2;3;55;00, PRE DU PONT (ALLEE D;;;;350
201400025810;14;8;8;1645;1;2;2;2;2;238;GROS MALHON/TROIS CROIX;M;4812790;-168345;350
201400025811;14;8;10;950;1;2;1;2;6;238;96, RUE DE L'ALMA;M;4809840;-167543;350
201400025812;14;8;13;347;5;2;3;2;7;238;01, NIVERNAIS (DU);M;4812200;-170876;350
201400025813;14;8;13;440;3;1;1;1;7;278;RN 137;;;;350
201400025814;14;8;13;1030;1;2;6;1;7;238;RP E.N.NI?MEN;M;4810540;-170846;350
201400025815;14;8;13;1045;1;2;1;1;7;238;00, VALLES (JULES);;;;350
201400025816;14;8;13;1100;1;2;3;1;3;238;GUILLOUX (LOUIS);M;4810910;-169732;350
201400025817;14;8;19;910;1;2;1;1;3;238;ROCADE OUEST PR15-150;M;4811540;-171914;350
201400025818;14;8;21;1055;1;2;1;1;6;238;9, RUE LE BASTARD;M;4811310;-167936;350
201400025819;14;8;25;1720;1;2;2;3;2;238;TROIS CROIX/ST MALO;M;4812710;-168651;350
201400025820;14;8;25;1630;1;2;1;3;4;238;ROCADE OUEST;M;4808560;-169955;350
201400025821;14;8;25;2000;1;2;2;3;3;238;NANTES/CL?MENCEAU;M;4809470;-169024;350
201400025822;14;8;25;1950;1;2;2;3;3;238;NANTES (DE);;;;350
201400025823;14;8;27;1835;1;2;3;1;7;238;VEZIN/E.MERLIN;M;4811630;-171190;350
201400025824;14;8;29;1510;1;1;1;1;3;55;00, RD 463;M;4808404;-162289;350
201400025825;14;8;29;1945;1;2;3;1;2;238;G.BERGER/J.MOULIN;M;4811870;-170463;350
201400025826;14;8;31;1440;1;2;2;1;6;238;REDON/MALAKOFF;M;4810510;-169340;350
201400025827;14;9;3;1030;1;2;5;1;2;238;PORTE DE NANTES;M;4808070;-167631;350
201400025828;14;9;3;1120;1;2;6;1;3;238;P.LANGEVIN/O.LEROUX;M;4809160;-165839;350
201400025829;14;9;3;1355;1;2;1;1;6;238;15,QUAI LAMENNAIS;M;4810980;-168253;350
201400025830;14;9;4;335;5;2;1;1;6;238;BD D'ARMORIQUE (PONT);M;4812940;-167974;350
201400025831;14;9;4;1810;1;2;1;1;3;238;7, BD JEANNE D'ARC;M;4811110;-165911;350
201400025832;14;9;5;40;3;2;1;1;6;238;MILON (ALLEE YVES);M;4811880;-163817;350
201400025833;14;9;5;1020;1;2;3;1;6;238;MAGENTA/GURVAND;M;4810440;-167357;350
201400025834;14;9;5;1800;1;2;6;1;7;55;PORTE D'ANGERS;M;4808230;-164058;350
201400025835;14;9;5;1815;1;2;1;1;7;281;00, DODIN (AVENUE ROGER);;;;350
201400025836;14;9;7;1210;1;2;3;1;7;51;00, CHANTEPIE (ROUTE DE);M;4810691;-160622;350
201400025837;14;9;7;1800;1;2;4;1;3;238;DAUTRY/COLOMBIER;M;4810260;-167860;350
201400025838;14;9;8;1830;1;2;1;1;7;238;4, RUE C.BERNARD;M;4810460;-169359;350
201400025839;14;9;8;2000;5;2;3;1;3;238;ANJOT/DANTON;M;4811830;-165357;350
201400025840;14;9;9;800;1;2;2;1;3;238;PATTON/ARMORIQUE;M;4812850;-166415;350
201400025841;14;9;9;815;1;2;1;1;3;238;25, A.BRIAND;M;4811020;-166897;350
201400025842;14;9;9;1425;1;2;6;1;4;281;00, DODIN (AVENUE ROGER);M;4808692;-170752;350
201400025843;14;9;11;840;1;1;1;1;3;51;BEAULIEU (PORTE DE);;;;350
201400025844;14;9;11;1020;1;2;2;1;3;238;00, BOURGEOIS (BOULEVARD;;;;350
201400025845;14;9;12;1610;1;2;5;1;3;238;PORTE ALMA;M;4808100;-166910;350
201400025846;14;9;12;1700;1;1;1;7;3;51;RIGOURDIERE (PORTE DE LA;;;;350
201400025847;14;9;14;1150;1;2;2;1;3;238;CH?TEAUGIRON/BOTMEL;M;4809410;-163435;350
201400025848;14;9;15;755;1;1;1;1;4;238;PORTE DE MAUREPAS;M;4814168;-166857;350
201400025849;14;9;15;1750;1;2;2;1;3;238;V.MAREUIL/A.GU?RIN;M;4810990;-165548;350
201400025850;14;9;16;900;1;2;2;1;7;238;GROS MALHON/3 CROIX;M;4812790;-168345;350
201400025851;14;9;17;1344;1;2;1;1;6;238;00, LITTRE (EMILE);;;;350
201400025852;14;9;18;2047;1;2;2;1;3;281;00, MERMOZ (BOULEVARD JE;M;4809634;-169263;350
201400025853;14;9;19;815;1;2;1;1;2;238;BD L.GRIMAULT;M;4809130;-165217;350
201400025854;14;9;19;1215;1;2;1;1;6;51;15, BOURGCHEVREUIL (MAIL;M;4811776;-160700;350
201400025855;14;9;19;1620;1;1;1;1;2;278;PORTE DE ST MALO;M;4813263;-170803;350
201400025856;14;9;20;1000;1;2;1;1;6;238;30, CANAL ST MARTIN;M;4812250;-167962;350
201400025857;14;9;25;1410;1;2;6;1;2;51;00, BRAY (ROND-POINT DE);M;4810114;-160960;350
201400025858;14;9;25;1435;1;2;2;1;6;238;ANTRAIN/ST ANNE;M;4811450;-167943;350
201400025859;14;9;25;1830;1;1;1;1;4;51;RIGOURDIERE (PORTE DE LA;M;4811884;-157252;350
201400025860;14;9;25;1820;1;1;1;1;2;51;RIGOURDIERE (PORTE DE LA;;;;350
201400025861;14;9;26;1505;1;2;6;1;6;238;CANADA/NORV?GE;M;4808690;-168234;350
201400025862;14;9;29;1505;1;2;1;1;6;238;00, CANADA (AVENUE DU);M;4808788;-168225;350
201400025863;14;9;26;1850;1;2;6;7;3;278;00, RD 82;M;4816160;-168995;350
201400025864;14;9;27;1155;1;2;1;1;2;238;57, AVENUE A.BRIAND;M;4811030;-166605;350
201400025865;14;9;30;839;1;1;2;5;4;278;RD 29;M;4816256;-168371;350
201400025866;14;10;2;815;1;1;1;1;5;238;ROCADE 5-6;;;;350
201400025867;14;10;2;2100;5;2;2;1;6;238;ALMA/BEAUMONT;M;4810350;-167694;350
201400025868;14;10;3;625;5;2;3;1;6;238;BRETAGNE/CHALOTAIS;M;4810930;-168423;350
201400025869;14;10;3;815;1;2;4;1;2;238;STRASBOURG-LECLERC;M;4811460;-165579;350
201400025870;14;10;4;1500;1;2;1;3;7;278;32, BOUTIERE (BOULEVARD;M;4814684;-169628;350
201400025871;14;10;3;1220;1;2;1;1;6;238;ALL?E J.NO?L;M;4811900;-164860;350
201400025872;14;10;4;850;1;2;2;1;3;238;NEMOURS/LAMARTINE;M;4811020;-168021;350
201400025873;14;10;4;1500;1;2;3;3;6;238;K?RANGAL/H?MON;M;4809380;-168583;350
201400025874;14;10;4;1850;1;2;3;2;3;238;PAYS BAS/PORTUGAL;M;4808350;-166098;350
201400025875;14;10;4;1940;3;2;5;1;2;206;PORTE DE NANTES;M;4808000;-168199;350
201400025876;14;10;5;1625;1;2;3;1;6;238;YOUGOSLAVIE/BOSNIE;M;4808820;-165610;350
201400025877;14;10;5;1805;1;2;3;1;2;281;00, RD 177;M;4806751;-171432;350
201400025878;14;10;6;1300;1;1;1;2;7;51;RIGOURDIERE (PORTE DE LA;M;4811974;-157261;350
201400025879;14;10;7;2015;5;2;2;1;3;238;ALMA/J.CARTIER;M;4809740;-167516;350
201400025880;14;10;7;2010;5;2;1;1;6;51;00, BOURGCHEVREUIL (MAIL;M;4811847;-160398;350
201400025881;14;10;8;840;1;1;1;1;7;51;RIGOURDIERE (PORTE DE LA;M;4811444;-157094;350
201400025882;14;10;9;1400;1;2;1;2;3;51;26, ERBONIERE (RUE DE L);M;4810334;-162470;350
201400025883;14;10;10;820;2;1;1;1;4;51;00, LONGCHAMPS (PORTE DE;M;4814198;-166280;350
201400025884;14;10;10;1145;1;2;3;1;6;238;PAYS BAS/PORTUGAL;M;4808350;-166098;350
201400025885;14;10;11;1800;1;2;5;1;2;238;PORTE DE VILLEJEAN;M;4812730;-171331;350
201400025886;14;10;11;1800;1;2;5;1;6;238;PORTE DE CLEUNAY;M;4809920;-171432;350
201400025887;14;10;13;835;1;2;1;1;3;238;18 RUE P?TIS TATELIN;M;4813480;-163744;350
201400025888;14;10;13;1350;1;2;2;1;6;238;LEGRAVEREND/DINAN;M;4811730;-168311;350
201400025889;14;10;13;1420;1;2;6;8;3;238;PAVIE/VILLEBOIS MAREUIL;M;4810410;-165012;350
201400025890;14;10;13;1715;1;2;5;1;4;238;PORTE D'ANGERS;M;4808340;-164317;350
201400025891;14;10;14;600;3;2;5;1;5;238;PORTE D'ANGERS;M;4808340;-164317;350
201400025892;14;10;14;2030;5;2;2;1;3;238;METZ/G.LEJEAN;M;4811620;-165831;350