num_acc;an;mois;jour;hrmn;lum;agg;int;atm;col;com;adr;gps;lat;long;dep
201400025893;14;10;15;845;1;1;6;2;3;55;00, RD 163;M;4807819;-163274;350
201400025894;14;10;15;1935;2;2;2;2;6;238;LA?NNEC/ST H?LIER;M;4810560;-166605;350
201400025895;14;10;16;755;2;2;1;2;6;238;175, AVENUE PATTON;M;4812700;-166512;350
201400025896;14;10;16;850;1;2;3;1;6;238;COU?DIC/LA T.D'AUVERGNE;M;4810390;-168435;350
201400025897;14;10;16;1820;1;2;2;1;3;238;ANTRAIN/VINCENNES;M;4811820;-167633;350
201400025898;14;10;16;1810;1;2;3;2;3;238;00, TOURAUDAIS (AVENUE D;M;4812017;-163141;350
201400025899;14;10;16;2145;5;2;2;3;3;238;L.GUILLOUX/MARBEUF;M;4811200;-170236;350
201400025900;14;10;17;920;1;2;3;8;3;51;00, ALLIES (BOULEVARD DE;M;4813102;-162115;350
201400025901;14;10;18;345;3;1;1;1;2;51;NORMANDIE (PORTE DE);M;4814799;-161393;350
201400025902;14;10;19;715;5;2;1;1;6;281;09, DODIN (AVENUE ROGER);M;4808817;-170679;350
201400025903;14;10;19;1945;2;2;3;1;2;238;ST H?LIER/CR?CHE;M;4810630;-166791;350
201400025904;14;10;20;1650;1;2;2;8;6;238;FOUG?RES/COURTELINE;M;4812510;-165670;350
201400025905;14;10;20;2155;3;2;5;1;2;238;PORTE DE CLEUNAY;M;4810470;-171671;350
201400025906;14;10;21;2010;5;2;1;2;3;238;19, BD DU COLOMBIER;M;4810240;-167992;350
201400025907;14;10;22;750;5;2;6;8;3;238;VERN/HAUTES OURMES;M;4808770;-164463;350
201400025908;14;10;22;1210;1;2;2;1;3;238;G.POMPIDOU/BUF?RON;M;4810000;-168662;350
201400025909;14;10;22;1125;1;2;2;1;6;238;LIBERT?/ISLY;M;4810740;-167784;350
201400025910;14;10;22;1325;1;2;6;1;6;238;F.CH?TEAU/JOU?;M;4811180;-164641;350
201400025911;14;10;22;2215;5;2;1;1;3;238;1, AV DE LA PR?FECTURE;M;4812710;-169330;350
201400025912;14;10;24;1350;1;2;3;8;3;238;SUISSE/BERNE;M;4808650;-166508;350
201400025913;14;10;24;1335;1;2;1;1;3;238;ROCADE SUD EXT;M;4808120;-166324;350
201400025914;14;10;24;1540;1;2;3;1;3;238;LORIENT/J/LEMAISTRE;M;4810450;-171923;350
201400025915;14;10;24;1700;1;1;1;1;2;278;PORTE DE ST MALO;M;4814091;-168268;350
201400025916;14;10;24;305;5;2;6;1;7;238;00, HAUT-SANCE (AVENUE D;;;;350
201400025917;14;10;25;305;5;2;6;1;7;238;BIGNON/HAUT SANC?;M;4809650;-163701;350
201400025918;14;10;25;1715;1;2;1;1;3;238;AVENUE DES GAYEULLES;M;4813800;-165230;350
201400025919;14;10;30;2310;5;2;2;1;7;238;DUGUAY TROUIN/MISSION;M;4811010;-168461;350
201400025920;14;10;31;1215;1;2;1;1;6;51;00, RIGOURDIERE (RUE DE;M;4811211;-158705;350
201400025921;14;11;2;1730;1;2;3;8;3;51;00, CARADEUC (AVENUE DE);M;4812000;-160641;350
201400025922;14;11;4;600;5;2;6;8;3;281;00, DODIN (AVENUE ROGER);M;4808216;-171123;350
201400025923;14;11;6;745;2;2;2;8;7;238;33, CHEZY (BD DE);;;;350
201400025924;14;11;5;750;2;2;3;8;3;238;N.DU FAIL/CH?ZY;M;4811740;-168584;350
201400025925;14;11;5;1330;1;2;1;2;4;238;RUE SAINT-H?LIER;M;4810540;-166574;350
201400025926;14;11;6;820;1;2;3;8;7;238;J.GU?HENNO/BRIZEUX;M;4811820;-167237;350
201400025927;14;11;6;1527;1;2;3;8;2;238;ISLY/PL?LO;M;4810640;-167774;350
201400025928;14;11;7;1535;1;2;6;7;6;51;00, RD96;M;4813176;-159722;350
201400025929;14;11;7;1910;5;2;6;1;6;238;LORIETTES/BOSPHORE;M;4808390;-167686;350
201400025930;14;11;7;2010;3;2;5;1;4;238;PORTE DE CLEUNAY;M;4809920;-171432;350
201400025931;14;11;9;1240;1;2;2;1;6;238;JAUR?S/ZOLA;M;4810980;-167782;350
201400025932;14;11;10;1658;1;2;1;2;3;206;ALL?E D'UKRAINE;M;4808140;-168128;350
201400025933;14;11;10;1900;5;2;1;1;3;238;14, RUE L ET R.MOINE;M;4809100;-168212;350
201400025934;14;11;11;1135;1;1;1;2;1;278;RN 137;M;4814160;-169690;350
201400025935;14;11;11;1815;1;2;1;2;7;238;00, DUCHESSE ANNE (BLD D;;;;350
201400025936;14;11;11;1720;1;2;1;2;6;238;11, BD DUCHESSE.ANNE;M;4811570;-166598;350
201400025937;14;11;12;814;1;2;1;1;7;238;12, KERAUTRET BOTMEL (LO;;;;350
201400025938;14;11;12;1505;1;2;3;1;6;238;REDON/AB?LARD;M;4810620;-168801;350
201400025939;14;11;12;1629;1;1;1;1;4;278;00, RD 137;M;4815627;-170347;350
201400025940;14;11;14;1100;1;2;3;1;6;238;LORIENT/CALLO'CH;M;4810830;-171281;350
201400025941;14;11;14;1810;5;2;1;2;3;51;ALLIES (BOULEVARD DES);M;4813100;-162115;350
201400025942;14;11;14;1915;5;2;3;1;6;238;H.FR?VILLE/BOSPHORE;M;4808550;-167527;350
201400025943;14;11;16;930;1;1;1;1;2;278;ROCADE 13-14;M;4814005;-169506;350
201400025944;14;11;17;1130;1;2;6;8;6;55;00, BIGNON (RUE DU);M;4809869;-162188;350
201400025945;14;11;17;1640;1;2;3;2;6;238;LORRAINE/FLANDRE;M;4812300;-170599;350
201400025946;14;11;17;1800;5;2;1;3;1;238;ALL?E,MORVAN LEBESQUE;M;4813090;-163304;350
201400025947;14;11;18;1750;5;2;1;1;6;238;8, RUE MAL JOFFRE;M;4810880;-167784;350
201400025948;14;11;19;1145;1;2;1;1;2;51;00, CHALOTAIS (RUE DE LA;M;4812279;-160216;350
201400025949;14;11;21;825;1;2;2;1;3;238;VITR?/J.JUGAN;M;4811570;-164845;350
201400025950;14;11;22;1809;5;2;1;1;6;238;24, METZ (BD DE);;;;350
201400025951;14;11;22;1810;5;2;3;1;3;238;METZ/PALESTINE;M;4811590;-165812;350
201400025952;14;11;23;1115;1;2;5;2;7;238;PORTE D'ANGERS;M;4808190;-164664;350
201400025953;14;11;23;1300;1;2;2;8;3;238;FR?VILLE/UKRAINE;M;4808370;-167516;350
201400025954;14;11;24;815;1;1;1;1;2;51;LONGCHAMPS (PORTE DES);M;4814710;-161582;350
201400025955;14;11;25;1700;1;1;1;2;4;281;PORTE DE ST NAZAIRE;M;4809005;-170470;350
201400025956;14;11;26;1110;1;2;5;8;2;206;PORTE ALMA;M;4808000;-168199;350
201400025957;14;11;27;345;5;2;3;8;6;238;V.MAREUIL/S.DE BREUR;M;4810890;-165435;350
201400025958;14;11;27;1650;1;2;1;1;6;238;18, RUE D'ISLY;M;4810570;-167765;350
201400025959;14;12;2;1845;5;2;3;1;6;238;YSER/NICOLET;M;4809070;-168045;350
201400025960;14;12;3;1050;1;2;1;1;7;51;00, RENNES (RUE DE);M;4811422;-161265;350
201400025961;14;12;3;1850;5;2;1;8;4;281;256, NANTES (RUE DE);M;4809206;-169171;350
201400025962;14;12;4;1815;5;2;3;2;6;238;J.GU?HENNO/G.SAND;M;4811880;-166839;350
201400025963;14;12;5;2010;5;2;2;8;6;238;ROCHESTER/G.ROPARTZ;M;4812800;-165746;350
201400025964;14;12;5;1950;3;1;1;2;7;238;PORTE DE MAUREPAS;M;4814160;-166622;350
201400025965;14;12;5;1830;5;2;3;2;3;238;M.COLOMB/A.PAILHERET;M;4810080;-165562;350
201400025966;14;12;6;1205;1;2;1;1;2;238;BD DE YOUGOSLAVIE;M;4808760;-165212;350
201400025967;14;12;6;1140;1;2;3;1;2;238;L.BOURGEOIS/LE DANTEC;M;4809995;-165081;350
201400025968;14;12;6;1830;3;2;5;1;2;238;PORTE DE LORIENT;M;4810780;-171765;350
201400025969;14;12;6;2330;3;2;1;1;6;238;8 RUE D'ECHANGE;M;4811500;-168280;350
201400025970;14;12;8;1835;5;2;3;2;3;238;P.AMYS/A.GU?RIN;M;4810970;-165635;350
201400025971;14;12;8;2030;5;2;2;2;3;238;ROCHESTER/G.ROPARTZ;M;4812800;-165746;350
201400025972;14;12;9;1415;1;2;1;1;2;238;73, BD DE LA T.AUVERGNE;M;4810240;-168431;350
201400025973;14;12;10;1725;2;2;2;8;5;238;TROIS CROIX/GROS MALHON;M;4812790;-168345;350
201400025974;14;12;11;1420;1;2;3;1;3;238;HONGRIE/L.GRIMAULT;M;4809140;-165733;350
201400025975;14;12;12;1210;1;2;5;2;4;238;PORTE DE LORIENT;M;4811100;-171838;350
201400025976;14;12;12;1630;1;2;1;3;6;238;7, AV G.GRAFF;M;4808530;-169192;350
201400025977;14;12;12;1730;5;2;6;2;6;238;L.GRIMAULT/PAYS BAS;M;4809160;-165839;350
201400025978;14;12;13;10;5;2;2;2;3;238;ISLY/COLOMBIER;M;4810510;-167753;350
201400025979;14;12;13;600;5;2;1;2;6;238;53 BD DE L. T.AUVERGNE;M;4810360;-168435;350
201400025980;14;12;13;1450;1;2;6;1;3;55;00, LOGES (RUE DES);M;4808371;-162444;350
201400025981;14;12;14;1010;1;2;2;1;3;238;O.LEROUX/BINQUENAIS;M;4809140;-166750;350
201400025982;14;12;14;1810;5;2;6;1;6;281;00, DODIN (AVENUE ROGER);M;4808681;-170757;350
201400025983;14;12;15;1830;5;2;6;2;6;238;YSER/ONU;M;4809000;-168226;350
201400025984;14;12;15;1810;4;1;5;2;1;238;PORTE DE BREST;M;4811820;-171529;350
201400025985;14;12;16;955;1;2;3;1;2;238;VEYETTES/PR? GAREL;M;4810320;-163462;350
201400025986;14;12;17;955;1;2;3;1;2;238;00, PRE GAREL (DU);M;4810323;-163457;350
201400025987;14;12;16;1640;1;2;1;1;6;238;27, RUE P.BERT;M;4811060;-166896;350
201400025988;14;12;16;1320;1;2;3;1;3;238;BERGER/DAUPHIN?;M;4811930;-170461;350
201400025989;14;12;17;2145;5;2;3;2;7;238;MALAKOFF/M/JOUAN;M;4810670;-169323;350
201400025990;14;12;18;640;5;2;2;2;3;51;00, ALLIES (BOULEVARD DE;;;;350
201400025991;14;12;18;720;5;2;2;1;3;238;00, FREVILLE (AVENUE HEN;M;4808668;-167494;350
201400025992;14;12;19;1640;1;2;2;1;3;238;MAUCONSEIL/POMPIDOU;M;4809820;-168830;350
201400025993;14;12;19;1200;1;2;3;8;3;238;GAYEULLES/SQ GAYEULLES;M;4813040;-165206;350
201400025994;14;12;20;645;3;1;1;1;6;278;00, RD 29;;;;350
201400025995;14;12;20;1800;5;2;2;1;3;238;ST MALO/TROIS CROIX;M;4812720;-168660;350
201400025996;14;12;23;950;1;2;1;1;7;238;AVENUE DU CANADA;M;4808710;-168234;350
201400025997;14;12;23;1450;1;2;1;1;7;238;68 BD V.MAREUIL;M;4810480;-165037;350
201400025998;14;12;24;720;3;1;1;1;2;281;RD 177;M;4807720;-171261;350
201400025999;14;12;24;2320;5;2;2;1;3;238;C.TILLON/W.CHURCHILL;M;4812450;-170982;350
201400026000;14;12;25;1816;5;2;1;1;2;238;RUE A.PAVIE;M;4810410;-163841;350
201400026001;14;12;27;1815;5;2;2;2;6;281;HAIE-DES-COGNETS (BOUL D;M;4808342;-173065;350
201400026002;14;12;28;2020;5;2;6;1;7;238;V.MAREUIL/MOU?ZY;M;4810410;-165012;350
201400026003;14;12;30;1455;1;2;2;1;3;238;GUERRAND/CLEUNAY;M;4810210;-169866;350
201400026004;14;12;31;1340;1;2;3;1;3;238;F.CH?TEAU/BAUD;M;4811220;-164349;350
201400026005;14;1;3;1840;2;2;1;1;6;288;0, GREVES DE CHASLES (RU;M;4863987;-201068;350
201400026006;14;1;10;1643;2;2;1;1;6;288;51, JEAN XXIII (RUE);M;4863381;-201423;350
201400026007;14;1;7;1623;1;2;1;1;6;288;45, TALARDS (BOULEVARD D;M;4864385;-200848;350
201400026008;14;2;21;1530;1;2;1;1;6;288;12, SCHUMANN (DU PRESIDE;M;4865834;-198574;350
201400026009;14;3;15;2005;2;2;1;1;7;288;52, ANTILLES (RUE DES);M;4863823;-199831;350
201400026010;14;3;25;1755;1;2;1;1;6;288;15, SILLON (DU) CHAUSSEE;M;4865477;-200746;350
201400026011;14;4;11;1520;1;2;1;1;6;288;15, TALARDS (BOULEVARD D;M;4864565;-200841;350
201400026012;14;4;23;1443;1;2;1;2;6;288;110, MARNE (RUE DE LA);M;4863012;-200660;350
201400026013;14;5;9;2201;5;2;2;1;3;288;DEMALVILLAIN LEONCE (BOU;M;4863312;-199715;350
201400026014;14;5;19;2030;1;1;1;3;7;241;DINARD (RUE DE);M;4861067;-203514;350
201400026015;14;5;21;1145;1;1;1;1;5;288;0, RN 137;M;4861841;-198646;350
201400026016;14;6;5;1310;1;2;1;1;6;288;80, TALARDS (BOULEVARD D;M;4864209;-200871;350
201400026017;14;6;4;1812;1;2;3;1;6;288;86, VILLE PEPIN (RUE);M;4863343;-201256;350
201400026018;14;7;16;909;1;2;1;1;1;93;62, EDOUARD VII - N?1A 6;M;4863296;-206340;350
201400026019;14;7;24;620;2;2;1;1;6;93;1, VILLE ES PASSANTS (RU;M;4861707;-205842;350
201400026020;14;8;13;920;1;2;9;1;6;288;50, RUELLAN (SIX FRERES);M;4865619;-198046;350
201400026021;14;8;18;1745;1;1;1;1;7;288;D2;M;4862980;-196273;350
201400026022;14;10;29;1615;1;2;1;1;3;93;VILLOU ( BOULEVARD DU);M;4862995;-207569;350
201400026023;14;9;3;1845;1;2;6;1;6;288;48, REPUBLIQUE (BOULEVAR;M;4864758;-200836;350
201400026024;14;9;19;740;1;1;1;1;7;288;rue de la Blanche Roche;M;4861420;-198077;350
201400026025;14;9;22;842;1;2;3;1;3;93;00, GOUYON MATIGNON (RUE;M;4862447;-206769;350
201400026026;14;9;25;1758;1;2;9;1;6;288;17, UMBRICHT (REVEREND P;M;4865769;-199434;350
201400026027;14;10;26;1052;1;2;1;1;6;288;0, SAINT FRANCOIS XAVIER;M;4863682;-199026;350
201400026028;14;10;1;1910;1;2;1;1;6;93;30, RENAN ERNEST (RUE);M;4863098;-207207;350
201400026029;14;11;1;1302;1;2;6;1;6;288;0, PATTON GENERAL (RUE D;M;4862309;-199732;350
201400026030;14;7;2;1738;1;2;2;1;3;44;DELACROIX/COMBANAIRE;M;4680400;171070;360
201400026031;14;1;17;1210;1;1;1;1;5;202;16 AVENUE DE LA FORET;M;4676520;167269;360
201400026032;14;1;19;750;2;1;6;1;7;63;RD PT GRAND VERGER;M;4684550;170895;360
201400026033;14;7;5;1930;1;2;1;1;4;44;69 RUE RASPAIL;M;4680560;169176;360
201400026034;14;1;16;900;1;1;1;1;2;202;FACE CHATEAU LA LIENNE;M;4675130;162735;360
201400026035;14;1;7;800;4;2;2;8;3;44;PAUL VALERY/BD BLAISE P;M;4679700;170923;360
201400026036;14;7;9;815;1;2;2;8;3;44;RUE BARBOUX/RUE LA POSTE;M;4681030;169384;360
201400026037;14;2;7;1130;1;2;3;1;3;44;RD920/ALLEE DU CRAQUELIN;M;4679420;171972;360
201400026038;14;7;11;1115;1;2;7;1;6;44;PLACE GAMBETTA;M;4681220;169565;360
201400026039;14;7;14;617;2;1;1;1;7;44;160 AVENUE DE TOURS;M;4681950;167272;360
201400026040;14;1;13;1218;1;2;1;1;2;44;318 AVENUE DE VERDUN;M;4679260;170005;360
201400026041;14;3;1;1910;1;2;1;9;3;44;14 RUE EUGENE DELACROIX;M;4680340;170850;360
201400026042;14;7;16;1043;1;2;6;1;3;63;;M;4684830;171017;360
201400026043;14;1;14;1214;1;2;1;1;3;44;132 AV GENERAL DE GAULLE;M;4680590;169676;360
201400026044;14;1;17;947;1;2;1;1;2;44;4 RUE SAINT LUC;M;4681260;169708;360
201400026045;14;1;17;1758;2;2;1;1;4;44;344 AV DE LA CHATRE;M;4680210;171884;360
201400026046;14;7;21;1431;1;2;1;1;2;44;132 AV MARCEL LEMOINE;M;4682070;169740;360
201400026047;14;7;21;1625;1;2;2;1;3;44;F LESSEPS/HECTOR BERLIOZ;M;4680850;171490;360
201400026048;14;7;22;210;3;2;1;1;7;44;25 RUE PIERRE GAUTIER;M;4680840;169954;360
201400026049;14;7;22;400;3;2;1;1;7;44;69 RUE RASPAIL;M;4680560;169176;360
201400026050;14;1;18;1933;2;2;1;1;7;44;143 AV DE VERDUN;M;4680240;169625;360
201400026051;14;7;22;1114;1;2;1;1;6;44;25 RUE MARINIER;M;4681670;171139;360
201400026052;14;7;23;1904;1;1;1;1;3;159;ROUTE DE VARENNES;;;;360
201400026053;14;4;5;1630;1;1;1;1;2;63;RD 925;M;4682530;176546;360
201400026054;14;3;25;1751;1;2;3;1;3;44;RUE MONTAIGNE/RUE LOTI;M;4679770;170590;360
201400026055;14;4;16;650;2;1;2;1;3;44;RD920/RD40;M;4678870;169130;360
201400026056;14;7;27;1303;1;2;1;1;7;44;112 BD LE CORBUSIER;M;4679470;170639;360
201400026057;14;6;22;2100;1;1;1;1;6;57;COMPTABILISE ZONE POLICE;M;4687670;172262;360
201400026058;14;1;24;1632;1;2;3;2;2;44;AV MONTAIGNE/RUE P LOTI;M;4681260;169708;360
201400026059;14;7;29;2000;1;1;3;1;3;63;RD956/ROUTE DE VILLERS;M;4683930;167549;360
201400026060;14;5;14;750;1;2;1;1;1;202;RUE DE VILLERS;M;4681320;163240;360
201400026061;14;5;15;1855;1;2;1;1;6;44;ROND POINT DESCHIZEAU;M;4681030;168720;360
201400026062;14;5;25;655;2;2;3;8;7;44;AV LEMOINE/RUE LA PRAIRI;M;4682420;169801;360
201400026063;14;8;6;1302;1;1;1;8;7;202;RD920;M;4674280;161671;360
201400026064;14;6;2;1105;1;2;1;1;6;44;AVENUE DE BLOIS;M;4682690;168110;360
201400026065;14;8;8;1345;1;2;1;1;6;159;2 AV DE LA FORET;M;4675900;172111;360
201400026066;14;6;25;1541;1;2;1;1;7;44;16 RUE D'AQUITAINE;M;4680220;167710;360
201400026067;14;6;30;2200;5;1;2;1;3;63;PLACE MARCEL DASSAULT;M;4685320;171237;360
201400026068;14;2;4;1600;1;2;1;1;2;44;147 RUE MONTAIGNE;M;4679880;170450;360
201400026069;14;8;10;1346;1;1;1;1;7;202;10 RUE DE VILLERS;M;4680880;163607;360
201400026070;14;2;6;1823;2;2;2;1;1;44;AVVERDUN/BD LE CORBUSIER;M;4679350;169980;360
201400026071;14;2;6;1920;5;2;1;1;2;44;26 AVENUE D'ARGENTON;M;4680690;167595;360
201400026072;14;2;9;1815;1;2;1;1;3;44;RUE GAULTIER PARK CARREF;M;4680700;169598;360
201400026073;14;2;11;659;3;1;1;9;6;202;8 AVENUE DE LA FORET;M;4677350;165272;360
201400026074;14;2;11;857;1;2;1;4;7;44;1 ROUTE DE CHATELLERAULT;;;;360
201400026075;14;2;11;1045;1;2;1;1;6;44;RUE MOLIERE;M;4681190;169300;360
201400026076;14;8;18;1225;1;2;7;1;2;44;47 PLACE VOLTAIRE;M;4681070;170000;360
201400026077;14;8;18;2315;3;1;1;1;7;44;ROUTE DEPARTEMENTALE 920;M;4680120;173836;360
201400026078;14;2;14;2105;5;2;1;8;3;44;141 AVENUE DE VERDUN;M;4680250;169620;360
201400026079;14;2;15;1805;2;2;3;9;3;63;AV DE GAULLE/RUE BRIAND;M;4682880;170146;360
201400026080;14;8;23;1015;1;2;3;1;3;44;GUIMARD/LE CORBUSIER;M;4679430;170530;360
201400026081;14;8;22;1650;1;2;1;1;3;44;2 DESCENTE DE VILLE;M;4681290;168870;360
201400026082;14;9;3;1720;1;2;1;1;3;44;AVENUE DE LA CHATRE;;;;360
201400026083;14;8;26;1921;1;2;1;1;6;44;2 ALLEE DE L'ESPERANCE;M;4681440;170069;360
201400026084;14;2;20;855;1;2;1;8;2;202;AVENUE D'OCCITANIE;M;4677650;164919;360
201400026085;14;8;28;1310;1;2;1;1;4;44;129 AVENUE D'ARGENTON;M;4680180;167150;360
201400026086;14;8;29;1850;1;2;1;1;2;202;208 AVENUE DE TOURS;M;4682010;166970;360
201400026087;14;9;24;1240;1;2;1;1;6;63;17 AVENUE PAUL LANGEVIN;M;4682590;170776;360
201400026088;14;9;1;1220;1;2;3;1;1;44;55 ALLEE DES SERINGAS;M;4679100;169407;360
201400026089;14;10;14;1445;1;2;1;1;6;44;44 BOULEVARD DE LA VALLA;M;4681000;167560;360
201400026090;14;10;13;1730;1;2;1;1;6;44;106 BOULEVARD ST DENIS;M;4681670;170930;360
201400026091;14;2;27;1307;1;2;1;1;7;44;220 RTE DE CHATELLERAULT;M;4680350;166350;360
201400026092;14;10;17;1600;1;2;1;1;1;202;137 ROUTE DE CHATEAUROUX;M;4681410;166120;360
201400026093;14;10;18;630;5;2;1;1;6;44;128 AVENUE DES MARINS;M;4680910;168130;360
201400026094;14;10;18;2300;4;2;1;1;6;44;19 RUE JJ ROUSSEAU;M;4681060;168987;360
201400026095;14;10;26;1905;3;1;4;1;3;63;RUE DE COING/AV DE GAULL;M;4683170;170276;360
201400026096;14;10;27;1555;1;1;1;1;4;202;RD 67;M;4677040;166337;360
201400026097;14;10;28;2020;3;2;6;1;2;44;ROND POINT MONTAIGNE;M;4679170;171203;360
201400026098;14;11;1;1308;1;1;3;1;3;63;ALLEE RP DE BLOIS/RD 956;M;4685490;166821;360
201400026099;14;11;9;2125;3;1;1;1;7;159;ROUTE DES ORANGEONS;;;;360
201400026100;14;9;10;1639;1;2;1;1;2;44;180 AVENUE DE LA CHATRE;M;4680590;171084;360
201400026101;14;9;10;1445;1;2;1;1;2;44;28 AV MARCEL LEMOINE;M;4681590;169685;360
201400026102;14;9;12;1120;1;2;2;1;3;44;CHAT RAOUL/DESC DE VILLE;M;4681300;168868;360
201400026103;14;11;30;1338;1;2;2;1;3;44;AV KENNEDY/AV VERDUN;M;4678870;169130;360
201400026104;14;3;9;1904;1;2;1;1;2;63;BIS ROUTE DE VILLERS;;;;360
201400026105;14;9;17;1649;1;1;6;1;3;159;ORANGEONS/RTE PETIT EPOT;M;4676220;167846;360
201400026106;14;12;17;1630;1;2;2;8;3;44;AV VERDUN/ALL GRD CHAMPS;M;4679630;169894;360
201400026107;14;12;18;1320;1;2;1;8;6;44;21 RTE DE CHATELLERAULT;M;4680740;167558;360
201400026108;14;9;17;2325;4;2;1;1;3;44;14 RUE JOSEPH BELLIER;M;4681230;169260;360
201400026109;14;12;22;1350;1;2;1;1;6;44;PIERRE LOTI;M;4679780;170580;360
201400026110;14;9;18;1843;1;2;1;1;6;44;184 AVENUE DES MARINS;M;4680870;167923;360
201400026111;14;3;14;742;1;1;1;1;3;159;ROUTE DE VELLES;;;;360
201400026112;14;3;16;1854;1;2;1;1;2;44;86 AVENUE DE BLOIS;M;4682090;163380;360
201400026113;14;3;17;930;1;1;1;5;4;159;RTE DE MONTLUCON RD 943;M;4679600;173165;360
201400026114;14;9;25;1210;1;2;1;1;2;44;129 BOULEVARD DE CLUIS;M;4680570;169950;360
201400026115;14;9;27;855;1;2;2;1;3;44;54LA ROCHETTE/21 SOUPIRS;M;4681880;169856;360
201400026116;14;3;21;1745;1;1;1;1;7;63;PONT DE BITRAY;M;4682000;172866;360
201400026117;14;3;21;2230;5;2;6;1;3;44;AV VERDUN/AV FRANCOEUR;M;4678800;170369;360
201400026118;14;3;23;1054;1;2;1;1;7;44;32 RUE ERNEST NIVET;M;4681850;170680;360
201400026119;14;9;29;1900;1;2;1;1;6;44;29 AVENUE MARCEL LEMOINE;M;4681600;169678;360
201400026120;14;10;3;1626;1;2;1;1;2;202;AVENUE D'OCCITANIE;;;;360
201400026121;14;10;3;1715;1;2;1;1;2;44;5 AVENUE BERNARD LOUVET;M;4680310;170348;360
201400026122;14;10;4;615;5;2;1;1;7;44;67 AVENUE F MITTERRAND;M;4681100;167768;360
201400026123;14;3;29;1940;1;1;3;1;3;159;RTE VELLES/RTE GRD EPOT;M;4677110;168523;360
201400026124;14;10;7;935;1;1;6;8;3;63;RP DIT DU FREESBEE;M;4685150;170119;360
201400026125;14;4;1;1050;1;2;1;1;2;159;ROUTE DES GRANDS TAILLIS;M;4676400;168512;360
201400026126;14;4;1;1350;1;2;3;1;3;44;AV LA CHATRE/ A D'AUVERG;M;4680940;170343;360
201400026127;14;4;4;2230;3;2;1;1;7;44;130 AV D'ARGENTON;M;4680100;167079;360
201400026128;14;10;15;1845;2;2;1;1;3;44;125 RUE DES ETATS UNIS;M;4681740;170328;360
201400026129;14;10;16;2025;4;2;2;2;3;44;DAUVERGNE/AV LA CHATRE;M;4680940;170345;360
201400026130;14;10;17;1550;1;1;1;1;7;159;RTE DEPARTEMENTALE PK 11;M;4671960;173923;360
201400026131;14;4;14;1952;1;1;1;1;6;202;LD LALEUF;M;4677140;159197;360
201400026132;14;10;24;1910;2;2;1;1;6;44;AVENUE DE GENERAL RUBY;M;4680870;169520;360
201400026133;14;10;29;825;1;2;1;1;6;44;RUE DE LA CATICHE;M;4681820;168835;360
201400026134;14;4;19;1645;1;1;1;1;7;63;LA TRISTERIE;M;4681030;175260;360
201400026135;14;4;19;1914;1;1;1;1;7;63;RD 956 LE POIRIER;M;4685700;166728;360
201400026136;14;4;25;1455;1;2;3;1;3;44;AV BERNARDET/RUE DUCHATE;M;4681820;169496;360
201400026137;14;11;7;1120;1;2;1;1;7;44;BOULEVARD SAINT DENIS;M;4681670;170930;360
201400026138;14;11;7;1815;5;2;6;1;6;44;BOULEVARD DU MOULIN NEUF;M;4681830;168877;360
201400026139;14;11;10;650;3;1;6;1;2;63;ROUTE NATIONALE 151;M;4684550;170895;360
201400026140;14;5;1;2023;1;2;3;1;3;44;RUE ALBERT 1/RUE LA GAR;M;4681060;169742;360
201400026141;14;5;7;1415;1;2;3;1;3;44;145 RUE LEMOINE/ RICHARD;M;4682320;169765;360
201400026142;14;11;18;1340;1;2;1;8;3;44;52 BIS AVENUE KENNEDY;;;;360
201400026143;14;11;21;1345;1;2;6;1;3;44;ROND POINT F GERBAUD;M;4682000;166448;360
201400026144;14;11;21;1712;1;1;6;1;4;44;RD 920;M;4679170;171203;360
201400026145;14;5;14;1544;1;2;1;1;6;202;208 AV DE TOURS;M;4682060;166990;360
201400026146;14;12;4;1100;1;2;1;1;7;44;1 RUE HENRIETTE LABONNE;M;4679900;168339;360
201400026147;14;5;23;857;1;2;1;1;2;44;23 RUE DE LA CATICHE;M;4681840;168856;360
201400026148;14;12;6;1155;1;2;1;1;7;63;43 AV GENERAL DE GAULLE;M;4682590;170059;360
201400026149;14;12;11;1820;3;2;1;1;3;202;PARKING BD DU FRANC;M;4677770;164677;360
201400026150;14;12;15;1830;4;2;1;1;6;44;54 AV MARCEL LEMOINE;M;4681730;169690;360
201400026151;14;12;16;1420;1;2;1;1;3;44;65 AVENUE MARCEL LEMOINE;M;4682030;169730;360
201400026152;14;12;16;1745;5;2;1;1;1;44;AVENUE BERNARD LOUVET;M;4680280;170390;360
201400026153;14;6;3;857;1;1;1;1;7;202;118 AVENUE D'OCCITANIE;M;4677420;164718;360
201400026154;14;12;17;1636;1;2;1;2;6;44;AVENUE D'ARGENTON;M;4679540;166510;360