num_acc;an;mois;jour;hrmn;lum;agg;int;atm;col;com;adr;gps;lat;long;dep
201400026155;14;12;17;1753;5;2;1;2;6;202;96 AVENUE D'OCCITANIE;M;4678080;165294;360
201400026156;14;12;18;1625;1;1;1;1;2;44;ROUTE DEPARTEMENTALE 920;M;4678870;166450;360
201400026157;14;12;19;1800;5;2;1;3;6;202;ROUTE DEPARTEMENTALE 67;M;4677640;164686;360
201400026158;14;6;6;1615;1;2;1;1;7;44;238 AVENUE DE LA CHATRE;M;4680480;171309;360
201400026159;14;12;22;1635;1;2;1;1;4;44;AVENUE DE LA CHATRE;M;4679850;172631;360
201400026160;14;12;23;2105;5;2;1;8;6;44;AVENUE DE VERDUN;M;4680530;169440;360
201400026161;14;6;10;2024;1;2;1;1;4;44;45 RUE VICTOR HUGO;M;4681090;169174;360
201400026162;14;6;13;1010;1;2;1;1;2;44;8 MAI 1945;M;4680430;170017;360
201400026163;14;12;30;2025;5;2;1;1;2;44;152 BIS AV LEMOINE;M;4682250;169750;360
201400026164;14;6;23;805;1;2;6;1;2;44;PLCE LAFAYETTE/AV LEMOI;M;4681430;169660;360
201400026165;14;6;24;1435;1;2;4;1;3;44;W CHURCHIL/RUE COMBOLIAU;M;4679380;168757;360
201400026166;14;6;25;1506;1;2;1;1;3;44;362 AVENUE DE LA CHATRE;M;4679990;172341;360
201400026167;14;6;26;1955;1;2;6;1;2;44;ROND POINT DESCHIZEAU;M;4681020;168780;360
201400026168;14;6;27;1145;1;2;1;1;7;44;28 RUE DE LA GARE;M;4681110;169630;360
201400026169;14;8;15;1536;1;2;1;1;7;44;28 PROMENADE DES CAPUCIN;M;4680770;169413;360
201400026170;14;1;6;719;2;2;1;2;2;233;AVENUE GEORGE POMPIDOU;;;;370
201400026171;14;1;9;1825;5;2;2;1;3;261;RUE DE CALAIS;;;;370
201400026172;14;1;15;1805;5;2;1;2;4;261;BD ABEL GANCE;;;;370
201400026173;14;1;16;1835;5;2;1;1;6;261;RUE DES TANNEURS;;;;370
201400026174;14;1;16;1730;2;1;2;1;3;261;RUE DE RICHELIEU;;;;370
201400026175;14;1;17;755;1;2;1;1;2;261;AV GEORGE POMPIDOU;;;;370
201400026176;14;1;17;810;1;2;1;1;6;233;RUE JEANNE LABOURDE;;;;370
201400026177;14;1;17;1130;1;2;1;1;2;261;BD ABEL GANCE;;;;370
201400026178;14;1;21;1815;5;2;3;1;2;261;DANIEL MAYER;;;;370
201400026179;14;1;21;1850;5;1;1;1;6;261;RUE DANIEL MAYER;;;;370
201400026180;14;1;28;1300;1;2;6;2;7;261;RUE DE L'AUBERDIERE;;;;370
201400026181;14;1;28;1400;1;2;1;1;5;122;LE PETIT MORON;;;;370
201400026182;14;1;28;1840;5;2;1;3;2;261;RUE DE L'AVIATION;;;;370
201400026183;14;1;28;1803;5;2;1;3;2;261;PONT  MIRABEAU;;;;370
201400026184;14;1;29;900;1;2;2;2;3;208;RUE DU PETIT BOIS;;;;370
201400026185;14;2;3;1820;5;2;1;1;3;261;AV MARC DASSAULT;;;;370
201400026186;14;2;5;900;1;2;2;1;3;261;RUE D ENTRAIGUES;;;;370
201400026187;14;2;9;1820;3;1;1;2;7;122;RD 37;;;;370
201400026188;14;2;9;1825;3;1;1;2;7;122;RD 37;;;;370
201400026189;14;2;9;2005;5;2;3;8;3;195;RUE LOUIS XI;;;;370
201400026190;14;2;14;1820;5;2;1;1;6;261;12  RUE PINGUET GUINDON;;;;370
201400026191;14;2;14;2027;5;2;1;1;3;261;QUAI ANDRE MALRAUX;;;;370
201400026192;14;2;11;1233;1;2;1;1;6;261;AVENUE DE SEVIGNE;;;;370
201400026193;14;2;17;1125;1;2;2;1;1;261;RUE D ENTRAIGUES;;;;370
201400026194;14;2;21;1410;1;2;3;1;3;195;RUE RENE CASSIN;;;;370
201400026195;14;2;26;1710;1;2;1;1;6;214;QUAI  DE LA LOIRE;;;;370
201400026196;14;2;26;1835;5;2;3;1;3;261;RUE FROMENTEL;;;;370
201400026197;14;2;26;1940;5;2;1;2;4;195;LEVEE DU CHER;;;;370
201400026198;14;3;5;1655;1;2;2;1;3;261;RUE DE SUEDE;;;;370
201400026199;14;3;5;1845;1;2;2;1;3;261;RUE LEON BOYER;;;;370
201400026200;14;3;10;2025;5;2;1;1;4;233;AVENUE JACQUES DUCLOS;;;;370
201400026201;14;3;12;730;1;2;1;1;7;233;140  AVENUE STALINGRAD;;;;370
201400026202;14;3;11;1820;1;2;1;1;7;195;RUE DU PETIT PLESSIS;;;;370
201400026203;14;3;28;1423;1;2;2;1;3;261;RUE CHRISTOPHE COLOMB;;;;370
201400026204;14;2;17;2345;5;2;3;1;3;208;RUE DE  CORMERY;;;;370
201400026205;14;3;8;2125;5;2;2;1;1;261;RUE EDOUARD VAILLANT;;;;370
201400026206;14;3;27;2340;5;2;1;1;6;195;15 PLACE  SAINTE ANNE;;;;370
201400026207;14;4;5;350;3;1;1;1;6;233;LEVEE DE LA LOIRE;;;;370
201400026208;14;5;10;2220;5;2;2;1;3;261;QUAI ANDRE MALRAUX;;;;370
201400026209;14;5;16;2230;5;2;1;1;7;195;78bis  RUE DE LA MAIRIE;;;;370
201400026210;14;5;16;2253;5;2;1;1;6;261;15 BIS QUAI PORTILLON;;;;370
201400026211;14;5;20;2255;5;2;2;2;3;261;RUE MIRABEAU;;;;370
201400026212;14;6;7;2045;1;2;2;1;2;208;BD Paul DOUMER;;;;370
201400026213;14;6;16;2015;1;2;1;1;3;261;BORDIERS (RUE DES);;;;370
201400026214;14;6;22;5;5;2;1;1;2;261;AV GAL  POMPIDOU;;;;370
201400026215;14;6;28;300;5;2;1;1;6;261;35 RUE JEHAN FOUQUET;;;;370
201400026216;14;8;3;15;5;2;1;8;6;261;PLACE JEAN JAURES;;;;370
201400026217;14;8;8;2205;3;2;1;2;2;122;SOUS PONT VC 300;;;;370
201400026218;14;8;17;15;5;2;6;1;3;261;CARREF FRANCAIS LIBRES;;;;370
201400026219;14;8;21;20;5;2;2;1;5;261;BD  TONNELLE /ENTRAIGUE;;;;370
201400026220;14;8;25;2235;3;2;9;3;6;122;RD 37;;;;370
201400026221;14;8;26;50;5;2;2;2;3;261;RUE JEHAN FOUQUET/ORIGET;;;;370
201400026222;14;8;25;2244;5;2;1;3;6;261;73 bis, AV DE GRAMMONT;;;;370
201400026223;14;8;30;225;5;2;3;1;6;261;RUE COMPAGNONS D'EMMAUS;;;;370
201400026224;14;9;12;2000;5;2;4;1;2;233;16 RUE JEAN MOULIN;;;;370
201400026225;14;9;18;2105;5;2;3;8;3;261;BOULEVARD TONNELLE;;;;370
201400026226;14;9;21;200;5;2;1;1;6;261;PLACE JEAN JAURES;;;;370
201400026227;14;9;26;2055;2;2;6;1;7;261;RUE DU PORTILLON;;;;370
201400026228;14;10;4;2210;5;2;1;2;7;261;26 RUE JULES SIMON;;;;370
201400026229;14;10;9;2340;5;2;1;1;6;233;60 QUAI DE LA LOIRE;;;;370
201400026230;14;10;11;2325;5;2;6;1;7;261;FRANCAIS LIBRES;;;;370
201400026231;14;10;12;150;3;2;1;8;2;122;RD 37;;;;370
201400026232;14;10;12;2200;5;2;1;1;3;261;14  RUE DE L ORATOIRE;;;;370
201400026233;14;10;13;2145;5;2;3;1;1;261;BD TONNELLE;;;;370
201400026234;14;1;9;930;1;2;9;8;7;261;RUE VALENTIN HUY;;;;370
201400026235;14;1;13;1730;2;2;2;1;3;261;138 BD HEURTELOUP;;;;370
201400026236;14;1;13;1920;2;2;1;1;7;214;266 BD CHARLES DE GAULLE;;;;370
201400026237;14;1;16;835;1;2;1;2;7;261;RUE DES TANNEURS;;;;370
201400026238;14;1;22;700;3;1;1;2;7;195;RD 88;;;;370
201400026239;14;1;22;1055;1;2;6;2;3;261;RUE DES TANNEURS;;;;370
201400026240;14;1;26;1820;5;2;1;2;1;261;PONT MIRABEAU;;;;370
201400026241;14;1;26;2015;5;2;1;2;7;261;37 AV DU GAL DE GAULLE;;;;370
201400026242;14;1;28;800;2;2;1;8;7;261;2 PLACE  RABELAIS;;;;370
201400026243;14;2;3;700;3;2;1;1;7;208;RUE DE L ECORCHEVEAU;;;;370
201400026244;14;2;3;800;1;2;1;1;7;122;RUE DE LA  MARBELLIERE;;;;370
201400026245;14;2;7;1900;2;2;1;1;7;261;BD  TONNELLE;;;;370
201400026246;14;2;9;830;1;2;2;8;3;261;RUE DE LA FUYE;;;;370
201400026247;14;2;8;1045;1;2;3;1;3;261;RUE EDOUARD VAILLANT;;;;370
201400026248;14;2;12;1750;1;2;1;2;7;195;27 PLACE  SAINTE ANNE;;;;370
201400026249;14;2;12;1800;1;2;2;2;3;261;0, FOUQUET (RUE JEHAN);;;;370
201400026250;14;2;12;1800;1;2;1;2;7;261;RUE DE  CLOCHEVILLE;;;;370
201400026251;14;2;15;910;1;2;1;1;7;233;108 RUE DES  ATELIERS;;;;370
201400026252;14;2;24;1340;1;2;1;1;7;233;AVENUE YVES FARGES;;;;370
201400026253;14;3;3;1515;1;2;1;2;4;122;36 AVENUE DE BORDEAUX;;;;370
201400026254;14;3;2;1630;1;2;1;1;3;214;BD ANDRE GEORGE VOISIN;;;;370
201400026255;14;3;4;745;1;2;1;1;7;261;18 RUE CHARLES GILLES;;;;370
201400026256;14;3;3;1600;1;2;1;2;2;261;BD WINSTON CHURCHILL;;;;370
201400026257;14;3;4;1015;1;2;2;1;3;261;RUE FERNAND LEGER;;;;370
201400026258;14;3;5;1045;1;2;1;1;7;261;21 RUE JEHAN FOUQUET;;;;370
201400026259;14;3;9;1930;3;2;1;1;7;122;RUE DES NOISETIERS;;;;370
201400026260;14;3;10;1105;1;2;1;1;6;233;37 BD JEAN JAURES;;;;370
201400026261;14;3;10;1215;1;2;1;1;7;122;59 BOULEVARD DE CHINON;;;;370
201400026262;14;3;21;1610;1;2;1;1;2;261;AVENUE PROUDHON;;;;370
201400026263;14;3;28;825;1;2;2;1;3;261;RUE LAKANAL;;;;370
201400026264;14;3;27;1925;5;2;1;2;7;261;232 AVENUE DE  GRAMMONT;;;;370
201400026265;14;3;28;910;1;2;1;1;2;261;RUE  DANIEL MAYER;;;;370
201400026266;14;3;28;1210;1;2;1;1;2;261;AV ANDRE MAGINOT;;;;370
201400026267;14;1;6;1612;1;2;1;2;2;261;BD DU MARECHAL JUIN;;;;370
201400026268;14;1;7;855;1;2;1;1;2;261;61 RUE GIRAUDEAU;;;;370
201400026269;14;1;8;840;1;2;1;1;6;261;253 RUE FEBVOTTE;;;;370
201400026270;14;1;13;1215;1;2;3;1;2;261;56 RUE DE SUEDE;;;;370
201400026271;14;1;14;725;5;2;6;1;7;261;AVENUE GUSTAVE EIFFEL;;;;370
201400026272;14;1;14;1235;1;2;3;1;3;261;RUE EDOUARD VAILLANT;;;;370
201400026273;14;1;17;1350;1;2;3;1;6;261;RUE FRANCOIS COPPE;;;;370
201400026274;14;1;17;1600;1;2;6;7;6;261;CARREFOUR DE L'ALOUETTE;;;;370
201400026275;14;1;18;1625;1;2;2;1;3;261;18 RUE LAMARTINE;;;;370
201400026276;14;1;23;1435;1;2;1;1;4;261;AV DU GENERAL DE GAULLE;;;;370
201400026277;14;1;23;1605;1;2;1;1;4;233;AVENUE GEORGE POMPIDOU;;;;370
201400026278;14;1;25;1155;1;2;6;1;3;233;RUE DE LA RABATERIE;;;;370
201400026279;14;1;30;1600;1;2;1;1;6;261;114 BD TONNELLE;;;;370
201400026280;14;2;4;1320;1;1;1;1;3;261;24 AV MARCEL DASSAULT;;;;370
201400026281;14;2;5;1618;1;2;1;2;2;122;17 AV DU GAL  DE GAULLE;;;;370
201400026282;14;2;5;1756;2;2;1;1;7;208;RUE DE ROCHEPINARD;;;;370
201400026283;14;2;13;845;1;2;1;1;6;261;36 RUE DESMOULINS;;;;370
201400026284;14;2;13;1045;1;1;1;1;6;261;RD 37;;;;370
201400026285;14;2;22;1400;1;2;6;2;7;214;1 RUE HENRI LEBRUN;;;;370
201400026286;14;2;23;1310;1;2;4;1;3;261;57 AV ANDRE  MAGINOT;;;;370
201400026287;14;2;23;1830;2;2;2;1;3;261;RUE DE LA  FUYE;;;;370
201400026288;14;2;11;1730;1;2;1;1;6;261;8 RUE DU PRESIDENT COTY;;;;370
201400026289;14;3;14;815;1;2;1;1;6;261;PLACE DU MAL LECLERC;;;;370
201400026290;14;3;19;1820;1;2;1;1;4;214;362 BD CHARLE DE GAULLE;;;;370
201400026291;14;3;27;1136;1;2;1;1;2;261;118 RUE DU  REMPART;;;;370
201400026292;14;4;1;1020;1;2;3;1;3;261;RUE DE LA VICTOIRE;;;;370
201400026293;14;3;20;800;1;2;2;1;3;261;BOULEVARD HEURTELOUP;;;;370
201400026294;14;4;5;1855;1;2;1;1;7;214;BOULEVARD ANDRE VOISIN;;;;370
201400026295;14;4;6;1915;1;2;1;1;7;261;AVENUE GUSTAVE EIFFEL;;;;370
201400026296;14;4;7;505;3;2;1;1;6;261;2 RUE DE LA SOURCE;;;;370
201400026297;14;12;8;852;1;2;1;1;6;261;83 QUAI PAUL BERT;;;;370
201400026298;14;3;28;1845;1;2;6;1;6;233;AVENUE DE LA REPUBLIQUE;;;;370
201400026299;14;3;29;1800;1;2;1;1;4;261;BD WILSON CHURCHIL;;;;370
201400026300;14;3;28;1330;1;2;3;1;3;122;RUE ERNEST RENAN;;;;370
201400026301;14;4;3;1620;1;1;1;2;3;261;AV ST VINCENT DE PAULE;;;;370
201400026302;14;4;3;1810;1;2;2;2;1;214;BOULEVARD ANDRE VOISIN;;;;370
201400026303;14;4;4;1900;1;2;1;1;7;261;44 RUE DU PAS NOTRE DAME;;;;370
201400026304;14;4;5;855;1;2;3;1;3;122;ROUTE DE MONTS;;;;370
201400026305;14;4;9;1330;1;2;1;1;3;261;199 RUE DES DOUETS;;;;370
201400026306;14;4;9;1855;1;2;2;1;3;208;RUE HONORE DE BALZAC;;;;370
201400026307;14;4;9;1935;1;2;1;7;6;261;QUAI ANDRE MALRAUX;;;;370
201400026308;14;4;10;1810;1;2;1;1;3;261;AVENUE DE GRAMMONT;;;;370
201400026309;14;4;12;1215;1;2;1;1;3;261;191  AVENUE DE GRAMMONT;;;;370
201400026310;14;4;12;1200;1;2;1;1;3;233;AVENUE JACQUES DUCLOS;;;;370
201400026311;14;4;16;1755;1;2;1;1;6;261;65 RUE DE LA VICTOIRE;;;;370
201400026312;14;4;16;2010;1;2;2;1;2;122;BOULEVARD JEAN JAURES;;;;370
201400026313;14;5;4;1720;1;1;1;1;2;261;BD WILSON CHURCHILL;;;;370
201400026314;14;5;6;1010;1;2;3;1;3;261;AV EDOUARD MICHELIN;;;;370
201400026315;14;5;10;1455;1;2;3;2;3;261;BORDIERS (RUE DES);;;;370
201400026316;14;5;12;1120;1;2;2;1;3;261;AVENUE DE LA TRANCHEE;;;;370
201400026317;14;5;15;1820;1;2;3;1;2;233;RUE JOSEPH CUGNOT;;;;370
201400026318;14;5;16;1610;1;2;1;1;6;261;24 BIS AV C DE GAULLE;;;;370
201400026319;14;5;16;1715;1;2;1;1;7;261;96 RUE ST BARTHELEMY;;;;370
201400026320;14;5;16;1825;1;2;2;1;3;261;RUE DELAROCHE;;;;370
201400026321;14;5;21;1305;1;2;1;3;7;195;BD LOUIS XI;;;;370
201400026322;14;5;21;1830;1;2;1;3;3;261;BD RICHARD WAGNER;;;;370
201400026323;14;5;22;1300;1;2;1;1;3;261;148 RUE  FROMENTEL;;;;370
201400026324;14;5;22;1450;1;2;1;1;2;261;BD DU MARECHAL JUIN;;;;370
201400026325;14;5;23;900;1;1;2;1;3;122;ROUTE DE  VIEILLE CARTE;;;;370
201400026326;14;5;27;1800;1;1;6;8;7;261;SAVONNIERES (ROUTE DE);;;;370
201400026327;14;5;27;1920;1;2;1;2;2;261;174 RUE ED VAILLANT;;;;370
201400026328;14;6;4;1100;1;2;1;1;7;261;RUE JULIEN GRACQ;;;;370
201400026329;14;6;8;1525;1;2;1;1;7;233;146 AVENUE  STALINGRAD;;;;370
201400026330;14;6;9;1445;1;2;1;9;6;233;104-106 QUAI DE LALOIRE;;;;370
201400026331;14;6;9;1850;1;2;1;1;6;122;114 BD JEAN JAURES;;;;370
201400026332;14;1;18;1342;1;2;1;1;7;261;RUE GEORGE MELIES;;;;370
201400026333;14;4;1;1850;1;2;1;1;7;261;31 RUE DU CYGNE;;;;370
201400026334;14;4;3;800;2;2;1;1;7;122;RUE CERCELE;;;;370
201400026335;14;4;4;800;1;2;1;2;5;122;IMPASSE DE L AUBERDIERE;;;;370
201400026336;14;4;14;1535;1;2;1;1;7;261;AVENUE GEORGE POMPIDOU;;;;370
201400026337;14;4;14;1540;1;2;2;1;3;261;233 BD JEAN ROYER;;;;370
201400026338;14;4;15;1100;1;2;1;1;5;214;ROUTE DE ROUZIERS;;;;370
201400026339;14;4;19;1920;1;2;6;1;2;195;COUVENT DES MINIMES;;;;370
201400026340;14;4;26;2010;1;2;1;1;7;233;CENTRE LES ATLANTES;;;;370
201400026341;14;4;27;1100;1;1;1;2;7;122;RD 37;;;;370
201400026342;14;5;7;1615;1;2;1;1;7;261;DELAROCHE (RUE);;;;370
201400026343;14;5;7;1340;1;2;1;1;5;233;AVENUE JACQUES DUCLOS;;;;370
201400026344;14;5;8;1505;1;2;1;1;2;261;22 RUE MARCEAU;;;;370
201400026345;14;5;14;1830;1;2;3;1;3;261;47 AV DU GL DE GAULLE;;;;370
201400026346;14;5;16;1125;1;2;1;1;2;261;FRANCE (PLACE ANATOLE);;;;370
201400026347;14;5;19;1400;1;2;1;1;2;261;RUE DE SUEDE;;;;370
201400026348;14;5;20;1810;1;2;2;8;5;261;RUE DE SUEDE;;;;370
201400026349;14;1;14;1320;1;2;2;1;6;233;AVENUE JACQUES DUCLOS;;;;370
201400026350;14;4;19;915;1;2;6;1;3;208;AVENUE DU LAC;;;;370
201400026351;14;4;20;740;1;2;2;1;3;261;RUE EDOUARD VAILLANT;;;;370
201400026352;14;5;2;634;2;1;1;8;7;122;;;;;370
201400026353;14;5;5;1340;1;2;1;1;6;208;33 RUE DES  CICOTTEES;;;;370
201400026354;14;5;5;1635;1;2;3;1;6;261;24 RUE  DU  COLOMBIER;;;;370
201400026355;14;5;5;1700;1;2;1;1;4;261;3 BD RICHARD WAGNER;;;;370
201400026356;14;5;5;1753;1;2;2;1;3;261;8 RUE LOUIS BREGUET;;;;370
201400026357;14;5;11;1735;1;2;1;1;2;261;QUAI DE LA LOIRE;;;;370
201400026358;14;5;11;1940;1;2;1;1;6;261;18 RUE ROUGET DE L ISLE;;;;370
201400026359;14;5;13;1200;1;2;3;1;2;233;RUE MARCEL CACHIN;;;;370
201400026360;14;5;14;945;1;2;1;1;6;261;BOULEVARD HEURTELOUP;;;;370
201400026361;14;5;20;836;1;2;1;2;3;261;35 RUE VICTORE HUGO;;;;370
201400026362;14;5;2;1222;1;2;3;1;3;233;BEAUFILS (RUE MAURICE);;;;370
201400026363;14;5;23;1540;1;2;3;2;2;261;94 RUE ED VAILLANT;;;;370
201400026364;14;5;24;1510;1;2;3;2;3;122;26 RUE DE  GENILLE;;;;370
201400026365;14;5;25;655;1;2;4;1;3;261;240 RUE ED  VAILLANT;;;;370
201400026366;14;5;26;837;1;2;1;1;5;261;11 RUE LEON BOYER;;;;370
201400026367;14;5;30;1550;1;2;1;2;6;261;6 BD BERANGER;;;;370
201400026368;14;6;4;1439;1;2;3;1;3;261;19 RUE DE TOURCOING;;;;370
201400026369;14;6;6;849;1;2;1;1;6;261;57 AVENUE DE GRAMMONT;;;;370
201400026370;14;6;10;1345;1;2;2;8;7;261;QUAI ANDRE MALRAUX;;;;370
201400026371;14;6;10;1400;1;2;2;1;3;261;AVENUE EUGENE GOUIN;;;;370
201400026372;14;6;17;1517;1;2;1;1;1;233;31 QUAI DE LA LOIRE;;;;370
201400026373;14;6;17;1555;1;2;2;1;3;261;AVENUE DE GRAMMONT;;;;370
201400026374;14;6;16;1420;1;2;1;1;4;233;AV JACQUE DUCLOS;;;;370
201400026375;14;6;16;1730;1;2;1;1;2;233;101 AV JEAN BONNIN;;;;370
201400026376;14;6;18;830;1;2;6;1;2;208;AVENUE DU LAC;;;;370
201400026377;14;6;19;800;1;2;1;1;2;208;AVENUE DU  LAC;;;;370
201400026378;14;6;22;1810;1;2;1;1;6;261;34 RUE DE CLARTE DIEU;;;;370
201400026379;14;6;24;705;1;2;1;1;3;261;28 AV ANDRE MAGINOT;;;;370
201400026380;14;6;24;855;1;2;1;1;5;261;88 bis, AV MAGINOT;;;;370
201400026381;14;6;25;835;1;2;1;1;2;214;347 BD CHARLE DE GAULLE;;;;370
201400026382;14;7;4;1540;1;2;1;1;6;261;3BD WILSON CHURCHILL;;;;370
201400026383;14;3;4;1245;1;2;1;1;6;122;BOULEVARD JEAN JAURES;;;;370
201400026384;14;3;9;1018;1;2;1;1;6;261;AVENUE PROUDHON;;;;370
201400026385;14;3;14;1018;1;2;1;1;7;261;AVENUE SAINT LAZARE;;;;370
201400026386;14;1;18;1550;1;2;1;1;6;214;4 QUAI DE LA LOIRE;;;;370
201400026387;14;5;28;640;2;1;1;8;7;122;RD 37;;;;370
201400026388;14;5;28;645;1;2;2;1;3;261;84 RUE VICTOR HUGO;;;;370
201400026389;14;5;28;1140;1;2;1;1;7;233;96 AV JACQUES DUCLOS;;;;370
201400026390;14;6;2;815;1;1;1;1;7;261;ROND POINT EMMAUS;;;;370
201400026391;14;6;2;935;1;2;2;1;3;261;RUE CHRISTOPHE COLOMB;;;;370
201400026392;14;6;7;1645;1;2;1;1;2;261;64 RUE DANIEL MAYER;;;;370
201400026393;14;6;12;1415;1;2;1;1;3;261;0, CHANOINEAU (RUE);;;;370
201400026394;14;6;13;1355;1;2;2;1;6;233;IMPASSE ANDRE FOUSSIER;;;;370
201400026395;14;6;20;905;1;2;1;1;7;261;258 RUE ED VAILLANT;;;;370
201400026396;14;6;24;1250;1;2;1;1;3;195;RUE DE LA MAIRIE;;;;370
201400026397;14;6;26;835;1;2;6;1;3;261;AV DE LA REPUBLIQUE;;;;370
201400026398;14;7;24;1815;1;2;1;1;7;261;AVENUE DU GAL DE GAULLE;;;;370
201400026399;14;8;1;910;1;2;6;1;3;261;PONT  SAINT SAUVEUR;;;;370
201400026400;14;8;1;1220;1;1;1;1;7;208;151 RUE DE  LARCAY;;;;370
201400026401;14;8;6;1515;1;1;1;2;7;195;AVENUE PRUDHOMME;;;;370
201400026402;14;8;6;1920;1;1;1;2;7;195;PERIPHERIQUE OUEST;;;;370
201400026403;14;8;7;830;1;2;2;8;3;261;RUE DE LA GRANDIERE;;;;370
201400026404;14;8;7;1010;1;1;1;8;7;208;RUE DE CORMERY;;;;370
201400026405;14;8;11;1530;1;2;1;1;7;122;10 RUE DE  BERGEONNERIE;;;;370
201400026406;14;8;12;1600;1;1;1;2;7;122;RD 37;;;;370
201400026407;14;8;12;1605;1;2;1;2;7;233;AVENUE JACQUES DUCLOS;;;;370
201400026408;14;8;23;1725;1;2;1;1;6;261;RUE  GIRAUDEAU;;;;370
201400026409;14;8;25;815;1;2;1;1;7;261;RUE EDOUARD VAILLANT;;;;370
201400026410;14;8;26;920;1;1;1;1;7;122;;;;;370
201400026411;14;9;6;630;5;2;1;1;7;261;4 RUE  NEWTON;;;;370
201400026412;14;9;1;1200;1;2;3;1;7;261;RUE LAVOISIER/FLEURY;;;;370
201400026413;14;9;10;1800;1;2;1;1;2;261;RUE  DANIEL MAYER;;;;370
201400026414;14;9;11;1815;1;2;1;1;7;261;RUE  BOURGOIN;;;;370
201400026415;14;9;16;1725;1;2;1;1;7;122;BD DE CHINON/JUMEAUX;;;;370
201400026416;14;9;12;1020;1;2;6;1;7;261;BD LOUIS XI;;;;370
201400026417;14;4;3;1650;1;2;1;9;7;122;RUE DU MARECHAL JUIN;;;;370
201400026418;14;4;5;355;5;2;1;1;6;122;BOULEVARD DE CHINON;;;;370
201400026419;14;4;8;1940;1;2;1;1;6;122;BOULEVARD JEAN JAURES;;;;370
201400026420;14;6;10;845;1;2;6;1;2;214;RUE DE LA MENARDIERE;;;;370
201400026421;14;6;14;1720;1;2;2;1;1;233;AVENUE LENINE;;;;370
201400026422;14;6;15;1840;1;2;3;1;3;208;RUE DE LA BELLERIE;;;;370
201400026423;14;6;17;810;1;2;2;1;3;261;RUE DU MAL FOCH;;;;370
201400026424;14;6;17;835;1;2;1;1;2;261;38 RUE DE SUEDE;;;;370
201400026425;14;6;20;1625;1;2;1;1;6;208;AVENUE BEAUGAILLARD;;;;370
201400026426;14;6;21;1315;1;2;1;1;7;261;PONT NAPOLEON;;;;370
201400026427;14;6;21;1400;1;2;1;1;6;261;118  RUE ED VAILLANT;;;;370
201400026428;14;6;22;730;1;2;2;1;3;261;RUE LEON BOYER;;;;370
201400026429;14;6;22;940;1;2;6;1;3;195;RUE DE LA MAIRIE;;;;370
201400026430;14;6;26;1355;1;2;6;1;3;233;BD JEAN  JAURES;;;;370
201400026431;14;6;27;1700;1;1;1;1;2;195;PERIPHERIQUE OUEST;;;;370
201400026432;14;7;1;855;2;2;1;1;4;261;37 AV DU GAL DE GAULLE;;;;370
201400026433;14;7;1;1150;1;2;3;1;3;122;AVENUE DE BORDEAUX;;;;370
201400026434;14;7;3;1740;1;2;2;1;3;261;RUE SEVERINE;;;;370
201400026435;14;7;3;1835;1;2;1;1;1;261;FACE PARKING DECATLON;;;;370
201400026436;14;7;3;2030;1;2;1;1;3;261;3 RUE DU DOCTEUR BOSC;;;;370
201400026437;14;7;4;1105;1;2;2;1;3;261;BOULEVARD HEURTELOUP;;;;370
201400026438;14;7;5;1230;1;2;3;1;2;233;AV GEORGE POMPIDOU;;;;370
201400026439;14;5;14;745;1;2;1;2;7;261;RUE NATIONALE;;;;370
201400026440;14;5;2;900;2;2;3;1;2;261;RUE MARCEAU;;;;370
201400026441;14;7;5;1800;1;2;2;1;3;261;RUE DU PLAT D'ETAIN;;;;370
201400026442;14;7;5;1645;1;1;1;1;4;122;BOULEVARD PERIPHERIQUE;;;;370
201400026443;14;7;6;1025;1;2;1;2;6;261;AVENUE PROUDHON;;;;370
201400026444;14;5;27;2000;1;2;1;1;3;261;ROND P MARCEL DASSAULT;;;;370
201400026445;14;7;14;1800;1;2;1;1;6;261;152 RUE DE LA  FUYE;;;;370
201400026446;14;7;15;1655;1;2;2;1;3;261;DANIEL MAYER;;;;370
201400026447;14;7;7;1230;1;2;6;1;3;122;BOULEVARD JEAN JAURES;;;;370
201400026448;14;7;13;1150;1;1;1;2;6;122;BOULEVARD PERIPHERIQUE N;;;;370
201400026449;14;6;7;1100;1;1;1;1;6;214;27 RUE DU PORTILLON;;;;370
201400026450;14;7;16;1922;1;1;1;1;6;233;QUAI DE LA LOIRE;;;;370
201400026451;14;7;22;1755;1;2;1;1;2;195;87 RUE  SAINT-FRANCOIS;;;;370
201400026452;14;7;25;840;1;2;1;1;3;261;193 RUE JOLIVET;;;;370
201400026453;14;7;25;1010;1;1;1;1;6;195;222 RT SAINT-GENOUPH;;;;370
201400026454;14;7;31;749;1;2;3;1;3;195;BD LOUIS XI - MONTILS;;;;370
201400026455;14;8;15;1300;1;2;1;1;5;233;AVENUE JACQUES DUCLOS;;;;370
201400026456;14;8;18;1130;1;2;1;8;3;261;92 RUE GIRAUDEAU;;;;370
201400026457;14;8;21;1405;1;2;1;1;2;261;96 RUE WALVEIN;;;;370
201400026458;14;8;22;1345;1;2;1;1;6;261;ROUTE DE SAINT AVERTIN;;;;370
201400026459;14;8;29;1000;1;2;1;1;2;261;AVENUE PROUDHON /CHAUMIE;;;;370
201400026460;14;9;5;800;1;2;6;1;3;261;POMPIDOU AVENUE GEORGES;;;;370
201400026461;14;7;29;1721;1;2;1;2;1;261;168 QUAI PAUL BERT;;;;370
201400026462;14;9;14;1315;1;2;1;1;7;122;AVENUE DU LAC;;;;370
201400026463;14;9;14;1350;1;1;2;1;6;208;221 RUE DE  CORMERY;;;;370
201400026464;14;9;14;2030;5;2;3;1;3;261;AVENUE DU GL  DE GAULLE;;;;370
201400026465;14;9;15;1730;1;2;1;1;6;261;115 AVENUE DE GRAMMONT;;;;370
201400026466;14;9;16;940;1;2;1;1;6;208;69 RUE DU NOUVEAU BOIS;;;;370
201400026467;14;9;16;1245;1;2;2;1;3;261;55 RUE ORIGET;;;;370
201400026468;14;9;20;1920;1;2;6;8;7;261;BD DU MARECHAL JUIN;;;;370
201400026469;14;9;26;1600;1;2;1;1;5;261;89 QUAI PAUL BERT;;;;370
201400026470;14;9;27;1825;1;2;1;1;4;261;BD RICHARD WAGNER;;;;370
201400026471;14;9;29;919;1;2;1;2;1;261;AV DU GAL NIESSEL;;;;370
201400026472;14;10;2;1825;1;2;1;1;7;261;168 RUE FEBVOTTE;;;;370
201400026473;14;5;4;1800;1;2;2;1;7;122;RUE D AUVERGNE;;;;370