num_acc;an;mois;jour;hrmn;lum;agg;int;atm;col;com;adr;gps;lat;long;dep
201400026474;14;5;15;1550;1;2;2;1;3;261;RUE DU SANITAS;;;;370
201400026475;14;1;25;530;5;2;1;2;7;261;23, PINGUET GUINDON (RUE;;;;370
201400026476;14;5;17;1005;1;2;2;1;3;122;RUE D AMBOISE;;;;370
201400026477;14;5;21;1730;1;2;1;1;6;214;QUAI PORTILLON;;;;370
201400026478;14;5;22;1800;1;2;1;1;6;261;RUE DE LA FUYE;;;;370
201400026479;14;7;15;1710;1;2;6;1;3;261;ROND POINT DES JUSTES;;;;370
201400026480;14;7;20;1540;1;2;1;1;3;261;41 AV DU GL DE GAULLE;;;;370
201400026481;14;6;3;1450;1;2;1;1;3;261;96 RUE DE LA FUYE;;;;370
201400026482;14;7;27;1625;1;2;2;1;3;261;RUE SEBASTOPOL;;;;370
201400026483;14;7;27;1345;1;2;1;1;6;214;RUE DE LA MENARDIERE;;;;370
201400026484;14;6;27;1515;1;2;3;1;2;233;AVENUE GEORGES POMPIDOU;;;;370
201400026485;14;7;28;700;1;2;3;1;2;233;AVENUE GEORGES POMPIDOU;;;;370
201400026486;14;7;29;735;1;2;1;1;6;261;PLACE DE LA TRANCHEE;;;;370
201400026487;14;8;2;1640;1;1;1;2;6;195;RD 88;;;;370
201400026488;14;8;8;1900;1;2;2;2;3;261;RUE  JOLIVET;;;;370
201400026489;14;8;8;2005;1;2;1;2;6;122;RD 37;;;;370
201400026490;14;7;15;1530;1;2;1;1;7;261;25 RUE PINGUET GUINDON;;;;370
201400026491;14;8;13;1900;1;2;6;1;2;208;AVENUE DE  BEAUGAILLARD;;;;370
201400026492;14;8;20;1705;1;2;3;1;3;261;RUE JEAN ANOUILH;;;;370
201400026493;14;8;21;835;1;2;1;1;7;261;141 BD  HEURTELOUP;;;;370
201400026494;14;8;26;1400;1;2;2;1;3;261;RUE EMILE ZOLA/BUFFON;;;;370
201400026495;14;9;2;1910;1;2;1;1;6;261;171 AVENUE DE  GRAMMONT;;;;370
201400026496;14;9;7;1700;1;2;2;1;6;261;PONT SAINT SYMPHORIEN;;;;370
201400026497;14;9;9;805;1;2;3;1;3;261;QUAI PAUL BERT;;;;370
201400026498;14;9;12;1540;1;2;1;1;6;261;26 RUE MARCEAU;;;;370
201400026499;14;9;15;815;1;2;2;1;3;261;RUE GEORGES RENARD;;;;370
201400026500;14;9;19;1740;1;1;1;1;4;261;BD ABEL GANCE;;;;370
201400026501;14;9;20;500;5;2;1;1;2;122;1 AVENUE DE BORDEAUX;;;;370
201400026502;14;9;21;920;1;2;1;1;6;214;63  RUE DES RIMONEAUX;;;;370
201400026503;14;9;24;1610;1;1;1;1;3;122;RD 37;;;;370
201400026504;14;9;25;1810;1;2;1;1;7;214;15 BD CHARLE  DE GAULLE;;;;370
201400026505;14;9;24;1610;1;1;1;1;2;122;RD 37;;;;370
201400026506;14;9;26;1105;1;2;3;1;2;261;15 AV ED MICHELIN;;;;370
201400026507;14;9;30;2010;3;2;1;1;2;261;AV DU GAL DE GAULLE;;;;370
201400026508;14;10;1;1625;1;2;2;1;3;261;BD JEAN ROYER/LAKANAL;;;;370
201400026509;14;6;4;1440;1;2;1;1;7;261;AVENUE GEORGE POMPIDOU;;;;370
201400026510;14;6;6;847;1;2;1;1;6;122;RUE DE LA ROTIERE;;;;370
201400026511;14;1;28;2115;5;2;3;2;3;261;BOULEVARD HEURTELOUP;;;;370
201400026512;14;9;11;1920;1;1;1;1;7;261;ROND POINT ALFRED NOBEL;;;;370
201400026513;14;9;18;800;1;2;3;1;1;122;RUE CHARLES GOUNOD;;;;370
201400026514;14;9;23;1900;1;2;1;1;3;261;AVENUE MARCEL MERIEUX;;;;370
201400026515;14;9;23;1425;1;2;2;1;3;261;RUES ENTRAIGUES/WALVEIN;;;;370
201400026516;14;9;25;830;1;2;1;1;7;233;RUE PIERRE BROSSELETTE;;;;370
201400026517;14;9;29;1745;1;2;2;1;3;233;BD LANGEVIN/VIALA;;;;370
201400026518;14;9;30;800;1;2;3;1;5;261;AV DE FLORENCE/CHAUTEMPS;;;;370
201400026519;14;10;1;1200;1;2;3;1;3;261;122 RUE JOLIVET;;;;370
201400026520;14;10;6;840;5;2;3;1;3;261;RUE DE LA FUYE;;;;370
201400026521;14;10;7;740;1;2;1;2;4;261;236 RUE AUGUS CHEVALLIER;;;;370
201400026522;14;10;7;1130;1;2;1;1;7;261;AV ANDRE MAGINOT;;;;370
201400026523;14;10;10;1510;1;2;1;1;7;233;RUE JEANNE LABOURDE;;;;370
201400026524;14;10;10;1605;1;2;1;1;7;261;14  RUE BERNARD PALISSY;;;;370
201400026525;14;10;11;1805;1;2;1;1;1;261;22 BIS RUE MARIE CURIE;;;;370
201400026526;14;10;13;1205;1;2;1;1;7;261;RUE FEBVOTTE;;;;370
201400026527;14;10;16;1930;5;2;1;2;7;261;RUE CHRISTOPHE COLOMB;;;;370
201400026528;14;10;17;1645;1;2;1;1;7;261;233 AVENUE DE  GRAMMONT;;;;370
201400026529;14;10;17;1815;1;2;1;1;7;208;RUE JEAN MANCEAU;;;;370
201400026530;14;10;23;2000;5;2;6;1;3;261;PLACE DE LA TRANCHEE;;;;370
201400026531;14;10;23;1815;5;2;3;1;3;261;RUE CORNEILLE/SCELLERIE;;;;370
201400026532;14;10;12;515;5;2;1;1;7;261;61 RUE MIRABEAU;;;;370
201400026533;14;7;18;935;1;2;1;1;7;261;103 AV DE GRAMMONT;;;;370
201400026534;14;7;20;1134;1;2;1;1;7;122;RD 37;;;;370
201400026535;14;7;25;840;1;2;1;1;7;122;113 BD  DE CHINON;;;;370
201400026536;14;2;1;1745;1;2;1;1;3;261;29 AVENUE DE PONT CHER;;;;370
201400026537;14;10;2;915;1;1;2;1;3;261;RUE LA FUYE/TOUR AUVERGN;;;;370
201400026538;14;10;6;1520;1;1;2;2;2;214;BD ANDRE  GEORGES VOISIN;;;;370
201400026539;14;10;6;1540;1;2;1;3;7;261;AVENU  PROUDHON;;;;370
201400026540;14;10;7;1413;1;2;1;2;1;261;RUE LOUIS DE BROGLIE;;;;370
201400026541;14;10;7;1540;1;2;1;1;7;261;ROND POINT JEAN LE RESTE;;;;370
201400026542;14;10;7;1710;1;1;1;2;4;195;PERIPHERIQUE OUEST;;;;370
201400026543;14;10;7;1810;1;2;3;2;3;195;42 PLACE SAINT ANNE;;;;370
201400026544;14;10;3;733;1;2;3;1;3;261;RUE DE L AVIATION;;;;370
201400026545;14;10;3;939;1;2;3;1;2;208;AVENUE DU LAC;;;;370
201400026546;14;10;3;830;1;2;1;1;3;261;ROUTE DE SAINT AVERTIN;;;;370
201400026547;14;10;3;1047;1;2;1;1;7;122;RUE LAVOISIER;;;;370
201400026548;14;10;8;840;1;1;1;2;6;122;pr 7.9, RD 37;;;;370
201400026549;14;10;12;1919;3;2;3;1;3;214;BD CHARLES DE GAULLE;;;;370
201400026550;14;10;13;1450;1;2;1;1;4;122;RD 37;;;;370
201400026551;14;10;12;1940;5;2;1;8;7;261;PLACE ANNE DE BRETAGNE;;;;370
201400026552;14;10;18;1525;1;2;2;1;1;233;AVENUE LENINE /CASANOVA;;;;370
201400026553;14;10;26;500;5;2;1;5;7;261;5 RUE  MIRABEAU;;;;370
201400026554;14;10;26;630;5;2;2;1;3;261;81 RUE MIRABEAU;;;;370
201400026555;14;10;30;1815;5;2;3;1;3;261;PAS NOTRE DAME/ORATOIRE;;;;370
201400026556;14;11;6;1750;5;2;3;1;3;261;RUE GIRAUDEAU;;;;370
201400026557;14;11;7;1037;1;2;1;1;2;261;POMPIDOU (AVENUE GEORGES;;;;370
201400026558;14;11;11;1852;5;2;2;2;3;261;RUE VINCENT INDY;;;;370
201400026559;14;11;13;735;1;2;3;1;6;122;BD DES BRETONNIERES;;;;370
201400026560;14;11;14;1027;1;1;1;2;7;122;RD 37;;;;370
201400026561;14;11;18;1930;5;2;3;2;6;261;RUE DEVILDE;;;;370
201400026562;14;11;18;1455;1;2;1;2;4;261;71 AV ANDRE MAGINOT;;;;370
201400026563;14;11;18;1710;2;2;1;1;6;233;RUE DE LA RABATERIE;;;;370
201400026564;14;11;19;850;1;1;1;8;7;208;RUE DE LARCAY;;;;370
201400026565;14;11;25;855;1;2;6;2;3;233;BD JEAN JAURES;;;;370
201400026566;14;8;6;1610;1;2;1;2;6;122;RUE DE PENAVET;;;;370
201400026567;14;10;3;1500;1;2;3;1;7;214;BD CHARLES DE GAULLE;;;;370
201400026568;14;10;3;1633;1;2;1;1;3;261;1 RUE DE LA VICTOIRE;;;;370
201400026569;14;10;3;1825;1;2;6;1;3;261;EIFFEL (AVENUE GUSTAVE);;;;370
201400026570;14;10;9;1820;1;2;1;1;2;122;81 RUE DE VERDUN;;;;370
201400026571;14;10;10;1000;1;1;1;1;7;122;RUE DE CHAMBRAY;;;;370
201400026572;14;10;17;800;2;2;2;1;3;233;AVENUE LENINE;;;;370
201400026573;14;10;27;1805;2;2;1;1;3;233;AVENUE JACQUES DUCLOS;;;;370
201400026574;14;10;27;2045;4;2;6;1;3;261;BD HEURTELOUP;;;;370
201400026575;14;10;27;1930;5;2;3;1;4;233;RABATERIE (RUE DE LA);;;;370
201400026576;14;10;28;1000;1;1;1;1;3;195;222  ROUTE  ST-GENOUPH;;;;370
201400026577;14;10;29;1045;1;2;1;1;6;261;66 RUE NATIONALE;;;;370
201400026578;14;11;2;1510;1;2;3;1;2;122;RUE DE LA DOUZILLIERE;;;;370
201400026579;14;11;2;1720;2;1;9;2;7;214;BD CHARLES DE GAULLE;;;;370
201400026580;14;11;4;730;1;2;2;1;3;261;DANIEL MAYER;;;;370
201400026581;14;11;9;1215;1;2;1;1;6;261;49 RUE DU DOC CHAUMIER;;;;370
201400026582;14;11;14;1505;1;2;1;1;6;261;AVENUE DE L EUROPE;;;;370
201400026583;14;11;14;1650;1;1;1;1;1;122;PARC ACTIVIT LIODIERE;;;;370
201400026584;14;11;20;1745;5;2;1;1;7;261;5 AVENUE  PROUDHON;;;;370
201400026585;14;11;26;1340;1;2;1;1;7;261;21 ALLEE FERNAN LESSEPS;;;;370
201400026586;14;11;26;1805;5;2;3;1;2;233;QUAI DE LA LOIRE;;;;370
201400026587;14;11;27;1220;1;2;1;1;7;261;260 AVENUE DE  GRAMMONT;;;;370
201400026588;14;11;28;1210;1;2;3;1;3;261;RUE DE LA VICTOIRE;;;;370
201400026589;14;10;4;1030;1;2;1;1;3;122;164 BD JEAN JAURES;;;;370
201400026590;14;12;2;1740;2;2;6;2;3;208;RUE JULES ROMAINS;;;;370
201400026591;14;12;4;1045;1;2;1;2;2;261;POMPIDOU (AVENUE GEORGES;;;;370
201400026592;14;12;7;1910;4;2;1;2;6;261;252 AV GRAMMONT;;;;370
201400026593;14;12;9;755;5;2;1;1;6;261;53 AV DE LA REPUBLIQUE;;;;370
201400026594;14;12;13;1505;1;1;1;2;7;214;RUE DE LA GAGNERIE;;;;370
201400026595;14;12;13;1740;5;2;1;1;6;214;78 QUAI DES MAISONS BLAN;;;;370
201400026596;14;12;14;1245;1;2;1;1;7;261;AVENUE ANDRE MAGINOT;;;;370
201400026597;14;12;14;1515;1;2;1;1;3;261;19 RUE DE L' ORATOIRE;;;;370
201400026598;14;12;14;1735;2;2;1;1;6;233;30 QUAI DE LA  LOIRE;;;;370
201400026599;14;12;15;540;5;2;1;1;7;261;PLACE ANATOLE  FRANCE;;;;370
201400026600;14;12;15;830;1;2;1;1;7;261;98 BD HEURTELOUP;;;;370
201400026601;14;12;19;1735;3;2;1;2;6;261;RUE CHRISTIAN HUYGENS;;;;370
201400026602;14;12;19;1830;5;2;1;2;7;122;74 BD JEAN JAURES;;;;370
201400026603;14;12;19;1955;5;2;2;2;3;261;63 RUE JEANNE WEDELLS;;;;370
201400026604;14;12;19;1925;5;2;2;2;3;233;AVENUE DE LA REPUBLIQUE;;;;370
201400026605;14;12;31;1450;1;2;1;1;6;233;AVENUES JACQUES DUCLOS;;;;370
201400026606;14;10;19;2355;5;2;2;1;3;261;RUE VICTOR  HUGO;;;;370
201400026607;14;11;1;300;5;2;1;1;1;261;57 RUE J CHARPENTIER;;;;370
201400026608;14;11;22;2100;5;2;6;1;7;214;BD CHARLE DE GAULLE;;;;370
201400026609;14;12;5;2220;5;2;2;1;3;122;BD JEAN JAURES;;;;370
201400026610;14;12;6;215;5;2;1;1;1;261;CHATEAUNEUF (PLACE);;;;370
201400026611;14;12;6;300;5;2;1;1;6;261;65 RUE COLBERT;;;;370
201400026612;14;12;8;2140;5;2;2;1;6;261;RUE GIRAUDEAU;;;;370
201400026613;14;12;10;2330;5;2;6;1;6;261;CARFOUR FRANCAIS LIBRES;;;;370
201400026614;14;12;13;2335;5;2;1;1;3;261;QUAI ANDRE MALRAUX;;;;370
201400026615;14;12;14;340;3;2;3;8;6;233;QUAI DE LA LOIRE;;;;370
201400026616;14;12;17;425;3;2;1;3;7;122;ROUTE DE MONTS;;;;370
201400026617;14;12;20;2045;5;2;1;1;1;122;ESPACE ANDRE MALRAUX;;;;370
201400026618;14;11;3;1645;1;2;1;2;7;261;BD TONNELLE;;;;370
201400026619;14;11;4;1245;1;1;1;1;2;122;RD 37;;;;370
201400026620;14;11;4;1600;1;2;1;1;7;122;1 AVENUE VICTOR HUGO;;;;370
201400026621;14;11;5;1230;1;2;1;1;7;261;16 RUE BERNARD PALISSY;;;;370
201400026622;14;11;10;1415;1;2;6;1;3;214;RUE DE LA GAGNERIE;;;;370
201400026623;14;11;17;745;1;1;1;2;7;122;RD 37;;;;370
201400026624;14;11;24;500;5;2;1;1;7;261;RUE DE  BOUILLY;;;;370
201400026625;14;11;27;1335;1;2;1;1;6;261;RUE VINCENT D INDDY;;;;370
201400026626;14;11;30;1150;1;2;1;1;6;122;AV DU GAL DE GAULLE;;;;370
201400026627;14;2;9;35;5;2;1;1;6;261;6 SQUARE J-B GREUZE;;;;370
201400026628;14;2;3;1000;1;2;1;8;7;208;80 RUE HENRI ADAM;;;;370
201400026629;14;10;6;1715;1;2;1;1;6;208;10 BD PAUL DOUMER;;;;370
201400026630;14;10;3;1000;1;2;3;1;3;233;AVENUE JACQUES DUCLOS;;;;370
201400026631;14;10;14;830;1;2;1;1;6;233;16 RUE AUDENET DAMAS;;;;370
201400026632;14;10;14;1045;1;2;1;1;6;261;90 BD HEURTELOUP;;;;370
201400026633;14;11;25;1245;1;2;3;8;3;122;56 BD DE CHINON;;;;370
201400026634;14;11;26;817;1;2;1;1;3;122;189 RUE DE  DOUZILLIERE;;;;370
201400026635;14;11;29;1750;5;2;2;1;3;122;RUE DE CHANTEPIE;;;;370
201400026636;14;11;30;1455;1;2;2;1;3;261;62 RUE JEMMAPES;;;;370
201400026637;14;12;2;556;5;2;1;1;3;261;avenue GUSTAVE EIFFEL;;;;370
201400026638;14;12;2;730;4;2;3;2;6;261;RUE  NATIONALE;;;;370
201400026639;14;12;2;830;1;1;1;2;7;122;ROUTE DE MONTS;;;;370
201400026640;14;12;2;1200;1;2;1;2;6;261;22 BD HEURTELOUP;;;;370
201400026641;14;12;6;1717;5;2;2;1;3;261;AVENUE  MONTJOYEUX;;;;370
201400026642;14;12;20;1036;1;2;3;1;3;261;AVENUE DE LA TRANCHEE;;;;370
201400026643;14;12;23;1405;1;2;1;1;6;122;LECLERC (PLACE DU GENERA;;;;370
201400026644;14;12;26;1110;1;2;1;1;2;261;174 RUE ED  VAILLANT;;;;370
201400026645;14;12;30;1425;1;1;3;1;7;122;RD 37;;;;370
201400026646;14;12;31;1027;1;2;2;1;6;261;RUE DELAROCHE;;;;370
201400026647;14;9;17;1400;1;2;1;1;2;122;RUE DU PONT VOLANT;;;;370
201400026648;14;9;19;2015;2;2;1;1;7;261;197 av  DE  GRAMMONT;;;;370
201400026649;14;9;25;1700;1;2;1;1;3;261;AV  GEORGES POMPIDOU;;;;370
201400026650;14;12;3;1820;5;2;1;2;6;261;RUE  DELAROCHE;;;;370
201400026651;14;12;9;1330;1;2;1;1;7;261;RUE  DES TANNEURS;;;;370
201400026652;14;12;9;1745;2;2;1;1;7;261;41 AVENUE DE  GRAMMONT;;;;370
201400026653;14;1;2;2020;4;2;1;1;7;261;PLAC LOISEAU 'ENTRAIGUES;;;;370
201400026654;14;12;10;1700;1;2;1;8;7;214;RUE HENRI  BERGSON;;;;370
201400026655;14;12;12;800;2;2;1;2;2;261;PONT SAINT SAUVEUR;;;;370
201400026656;14;12;12;1023;1;2;1;2;2;261;AVENUE  STENDHAL;;;;370
201400026657;14;12;16;1630;1;2;1;8;2;261;AVENUE DE PONT CHER;;;;370
201400026658;14;12;16;1635;1;2;1;8;3;233;185 RUE MARCEL CACHIN;;;;370
201400026659;14;12;18;750;2;2;1;2;3;122;28 BD JEAN JAURES;;;;370
201400026660;14;12;22;1840;5;2;1;1;7;261;95 BD HEURTELOUP;;;;370
201400026661;14;12;23;1030;1;2;1;1;2;122;ROUTE DE MONTS;;;;370
201400026662;14;12;30;630;2;2;2;9;6;261;RUE DANIEL MAYER;;;;370
201400026663;14;3;3;940;1;2;1;1;3;233;51 RUE DE LA RABATERIE;;;;370
201400026664;14;2;17;1315;1;2;1;1;1;195;51 RUE DE LA MAIRIE;;;;370
201400026665;14;10;6;2030;2;2;1;1;6;261;AVENUE PROUDHON;;;;370
201400026666;14;10;19;1635;1;1;1;1;7;233;QUAI DE LA LOIRE;;;;370
201400026667;14;11;6;1640;1;2;1;1;6;261;RUE GAMBETTA;;;;370
201400026668;14;11;4;951;1;2;1;1;7;261;RD 37;;;;370
201400026669;14;12;19;1749;5;2;1;1;4;208;RUE DE CORMERY;;;;370
201400026670;14;12;19;1743;2;2;1;1;6;261;RUE D ENTRAIGUES;;;;370
201400026671;14;2;24;1550;1;2;3;1;5;261;RUE  BONDONNIERE;;;;370
201400026672;14;10;19;1515;1;2;1;1;2;261;66 BD HEURTELOUP;;;;370
201400026673;14;3;7;1515;1;2;1;1;2;261;179 AVENUE ANDRE MAGINOT;;;;370
201400026674;14;3;9;1355;1;2;1;1;3;261;BD ABEL GANCE;;;;370
201400026675;14;3;8;1545;1;2;1;1;7;122;RUE  GUTENBERG;;;;370
201400026676;14;3;21;1745;1;2;1;1;2;233;33 BD JEAN JAURES;;;;370
201400026677;14;3;23;2245;5;2;1;1;7;261;SQUARE BERTHE MORISOT;;;;370
201400026678;14;3;24;1939;5;2;3;1;3;233;AVENUE STALINGRAD;;;;370
201400026679;14;9;26;1410;1;2;4;1;1;261;RUE DU NOUVEAU CALVAIRE;;;;370
201400026680;14;4;7;1215;1;2;1;1;2;195;RUE DU  11 NOVMEBRE;;;;370
201400026681;14;4;8;800;1;2;2;1;3;261;BOULEVARD PREUILLY;;;;370
201400026682;14;4;7;1930;1;2;1;1;1;261;203, MAGINOT (AV. ANDRE);;;;370
201400026683;14;4;14;1010;1;2;1;1;3;261;AVENUE GEORGE POMPIDOU;;;;370
201400026684;14;4;18;2042;2;2;1;1;6;122;99 RUE DE SAINT LEGER;;;;370
201400026685;14;4;20;1400;1;2;2;1;3;261;BOULEVARD PREUILLY;;;;370
201400026686;14;5;6;1605;1;2;1;1;1;122;BERGEONNERIE (RUE DE LA);;;;370
201400026687;14;5;19;1440;1;2;2;1;1;233;AV JACQUES DUCLOS;;;;370
201400026688;14;5;19;1430;1;2;6;1;6;261;PLACE 4 FILS AYMON;;;;370
201400026689;14;5;29;1535;1;2;1;1;6;261;RUE JACQUES BREL;;;;370
201400026690;14;5;29;2250;5;2;1;1;6;122;AVENUE DE BORDEAUX;;;;370
201400026691;14;6;1;625;2;2;2;1;3;261;QUAI ANDRE MALRAUX;;;;370
201400026692;14;6;8;2300;5;2;1;1;6;261;41 RUE MARCEAU;;;;370
201400026693;14;6;18;1340;1;1;1;1;7;261;36, BERANGER (BOULEVARD);;;;370
201400026694;14;7;3;855;1;2;1;1;6;261;159 RUE DE  BOISDENIER;;;;370
201400026695;14;7;19;520;3;2;1;1;6;233;33 BD JEAN JAURES;;;;370
201400026696;14;8;3;1651;1;2;1;1;6;208;BD PAUL DOUMER;;;;370
201400026697;14;8;7;700;2;2;2;2;3;261;BD DU MARECHAL JUIN;;;;370
201400026698;14;8;8;635;2;2;1;8;1;261;AVENUE ANDRE MAGINOT;;;;370
201400026699;14;8;9;150;5;2;1;8;6;208;AVENUE GEORGES POMPIDOU;;;;370
201400026700;14;8;12;1805;1;2;1;8;7;261;27bis RUE DES BORDIERS;;;;370
201400026701;14;8;25;1030;1;1;1;1;1;122;BD DES BRETONNIERES;;;;370
201400026702;14;8;30;1930;1;2;2;1;3;261;RUE  SEBASTOPOL;;;;370
201400026703;14;9;5;1700;1;2;1;1;6;233;45 AVENUE LENINE;;;;370
201400026704;14;9;5;1710;1;2;1;1;7;261;22 RUE DE LA PREFECTURE;;;;370
201400026705;14;9;5;1755;1;2;2;1;3;208;PONT D' ARCOLE;;;;370
201400026706;14;9;10;1925;1;2;1;1;6;261;92 AVENUE DE  GRAMMONT;;;;370
201400026707;14;9;15;1300;1;2;2;1;3;261;BOULEVRD PREUILLY;;;;370
201400026708;14;9;16;1930;1;2;1;1;1;261;ROND POINT  MULHEIM;;;;370
201400026709;14;9;22;1600;1;2;1;1;7;261;QUAI ANDRE MALRAUX;;;;370
201400026710;14;9;24;1245;1;2;3;1;3;261;10 PLACE CHOISEUL;;;;370
201400026711;14;9;23;1240;1;2;2;1;3;261;242 RUE VICTOR HUGO;;;;370
201400026712;14;10;4;1930;5;2;1;3;7;261;50 RUE DES TANNEURS;;;;370
201400026713;14;10;16;1800;1;2;1;2;6;261;125 RUE FEBVOTTE;;;;370
201400026714;14;10;13;1020;1;2;1;1;7;261;31 BD BERANGER;;;;370
201400026715;14;10;22;1755;1;2;1;1;7;122;119 BD DE  CHINON;;;;370
201400026716;14;10;28;1400;1;2;1;1;7;122;RUE GALLIENI;;;;370
201400026717;14;10;30;805;2;2;2;1;7;122;199 BD JEAN  JAURES;;;;370
201400026718;14;11;3;1925;3;2;1;3;7;233;BD PAUL LANGEVIN;;;;370
201400026719;14;11;12;745;1;2;1;1;2;261;PONT MIRABEAU;;;;370
201400026720;14;11;17;1240;1;2;1;8;2;122;25 RUE DES  MARTYRS;;;;370
201400026721;14;11;21;1435;1;2;2;1;7;261;213  RUE GIRAUDEAU;;;;370
201400026722;14;12;15;1715;1;2;9;1;7;233;AVENUE JACQUES DUCLOS;;;;370
201400026723;14;8;10;1700;1;2;1;1;6;261;64 AVENUE DE  GRAMMONT;;;;370
201400026724;14;2;11;1620;1;2;1;1;6;53;DARD;;;;380
201400026725;14;2;24;1610;1;2;6;1;2;53;CD 522;;;;380
201400026726;14;2;15;1130;1;2;1;1;6;53;GENERAL DE GAULLE (PLA);;;;380
201400026727;14;3;19;1530;1;2;9;1;6;53;D 1006;;;;380
201400026728;14;5;1;1830;1;2;1;2;6;53;43, GAMBETTA (AVE);;;;380
201400026729;14;6;15;1310;1;2;7;1;7;53;5 R R. BELMONT;M;4558525;527830;380
201400026730;14;6;13;1205;1;2;1;1;3;53;JOLIOT CURIE;;;;380
201400026731;14;6;21;1520;1;2;2;1;6;53;BARBUSSE;;;;380
201400026732;14;6;26;1130;1;2;5;1;6;53;TIXIER (AVENUE);;;;380
201400026733;14;7;5;450;3;2;2;1;5;53;2, ITALIE (AVE);M;4558446;528552;380
201400026734;14;8;18;1050;1;2;7;1;7;53;SAINT MICHEL (BLD);;;;380
201400026735;14;8;21;1808;1;2;9;1;5;53;73, ASIMOV (ISAAC);;;;380
201400026736;14;8;23;220;5;2;1;1;7;53;5, BARBUSSE;;;;380
201400026737;14;8;24;1005;1;2;1;1;6;53;RIVOIRE;;;;380
201400026738;14;8;29;730;1;2;1;1;2;53;ST MARCEL BEL ACCUEIL (R;;;;380
201400026739;14;9;20;2150;3;1;1;1;6;53;5 rte de DEMPTEZIEU;M;4560182;529354;380
201400026740;14;9;27;2320;5;1;1;1;3;53;JOLIOT CURIE;;;;380
201400026741;14;9;20;2200;5;2;1;1;5;53;15, ZOLA (AV EMILE);;;;380
201400026742;14;10;12;1350;1;2;1;1;6;53;10, ROUSSEAU (BLD JEAN J;;;;380
201400026743;14;10;28;1005;1;2;1;1;2;53;ALSACE LORRAINE;;;;380
201400026744;14;11;1;1955;3;2;1;1;6;53;39, GRENOBLE (ROUTE DE);;;;380
201400026745;14;11;29;1000;1;2;1;5;2;53;CD 522;;;;380
201400026746;14;12;8;1748;5;2;1;1;3;53;22, DAUPHINE (AVE);;;;380
201400026747;14;12;10;416;5;2;4;1;6;53;BUGEY;;;;380
201400026748;14;1;8;755;2;2;1;1;6;421;99, AVENUE JULES VALL?S;;;;380
201400026749;14;1;8;1500;1;2;1;1;6;185;7, PLACE VICTOR HUGO;;;;380
201400026750;14;1;8;1745;5;2;1;1;1;185;50, AVENUE JEANNE D'ARC;;;;380
201400026751;14;1;10;1050;1;2;1;1;6;151;4, AVENUE AUGUSTE FERRIE;;;;380
201400026752;14;1;20;600;5;2;1;2;6;185;31, AVENUE DU GRAND CH?T;;;;380
201400026753;14;1;20;1150;1;2;1;1;6;169;AVENUE AMBROISE CROIZAT;;;;380
201400026754;14;1;21;1610;1;2;2;8;2;185;00, AVENUE DE L'EUROPE;;;;380
201400026755;14;1;24;1330;1;2;1;1;6;516;00, QUAI YERMOLOFF;;;;380
201400026756;14;1;24;1900;5;2;1;1;3;169;83, AVENUE ARISTIDE BRIA;;;;380
201400026757;14;1;28;1750;1;2;1;1;6;185;RUE NICOLAS CHORIER;;;;380
201400026758;14;1;31;1940;3;1;1;1;5;423;99 VOIE NON IDENTIFIEE;;;;380
201400026759;14;2;4;817;1;2;8;1;3;179;1;;;;380
201400026760;14;2;4;1745;1;2;1;1;1;185;0, BOULEVARD CLEMENCEAU;;;;380
201400026761;14;2;8;410;5;2;1;1;6;421;0, RUE DU CHAMP ROMAN;;;;380
201400026762;14;2;19;1945;3;1;1;1;6;229;99 VOIE NON IDENTIFIEE;;;;380
201400026763;14;2;25;830;1;2;1;1;6;185;RUE DES ALLI?S;;;;380
201400026764;14;2;26;1715;1;2;1;3;6;185;42, BOULEVARD MAR?CHAL F;;;;380
201400026765;14;2;27;820;1;2;1;1;6;169;2, RUE ANTOINE POLOTTI;;;;380
201400026766;14;2;28;900;1;2;1;2;6;151;., RUE DE LA LIBERT?;;;;380
201400026767;14;3;4;1250;1;2;1;2;3;485;PONT DE CATANE;;;;380
201400026768;14;3;6;2105;5;2;2;1;3;169;BOULEVARD PAUL LANGEVIN;;;;380
201400026769;14;3;6;630;5;2;1;1;6;151;13, AVENUE VICTOR HUGO;;;;380
201400026770;14;3;8;1930;2;2;1;1;6;185;AVENUE EDMOND ESMONIN;;;;380
201400026771;14;3;10;1530;1;2;1;1;6;185;40, BOULEVARD MAR?CHAL F;;;;380
201400026772;14;3;10;2115;5;2;1;1;5;185;107, AVENUE JEAN PERROT;;;;380
201400026773;14;3;13;1445;1;2;1;1;6;151;20, AVENUE EDMOND ESMONI;;;;380
201400026774;14;3;17;808;1;2;1;1;6;151;00, COURS JEAN JAUR?S;;;;380
201400026775;14;3;28;1515;1;2;2;1;6;185;00, BOULEVARD ?DOUARD RE;;;;380
201400026776;14;3;29;2105;5;2;1;1;6;169;00, AVENUE AMBROISE CROI;;;;380
201400026777;14;3;31;640;2;2;2;1;3;169;17, AVENUE DU VERCORS;;;;380
201400026778;14;4;2;2000;5;2;1;1;6;151;00, AVENUE DU 8 MAI 1945;;;;380
201400026779;14;4;2;2250;4;2;1;1;6;185;0, PLACE HUBERT DUBEDOUT;;;;380
201400026780;14;4;11;1535;1;2;1;1;6;185;0, BOULEVARD GAMBETTA;;;;380
201400026781;14;4;12;2115;5;2;1;1;6;185;COURS DE LA LIB?RATION E;;;;380
201400026782;14;4;13;250;5;2;1;1;6;185;60, RUE CLAUDE GENIN;M;4518085;574244;380
201400026783;14;4;14;1715;1;2;1;1;6;185;36, BOULEVARD MAR?CHAL L;;;;380
201400026784;14;4;15;1430;1;2;1;1;3;185;22, AVENUE MALHERBE;;;;380
201400026785;14;4;16;1037;1;2;1;1;6;185;0, AVENUE RHIN ET DANUBE;;;;380
201400026786;14;4;18;1710;1;2;1;1;6;185;0, RUE DES BAINS;;;;380
201400026787;14;4;22;645;2;2;2;1;3;185;19, AVENUE MARCELIN BERT;;;;380
201400026788;14;4;25;1515;1;2;2;1;3;421;BOULEVARD DULCIE SEPTEMB;;;;380
201400026789;14;4;26;1615;1;1;4;1;4;151;sortie 6 comboire;M;4515167;569721;380
201400026790;14;4;27;1715;1;2;1;1;6;421;28, AVENUE POTIE;;;;380
201400026791;14;4;28;1650;1;2;1;1;6;185;23, BOULEVARD CLEMENCEAU;;;;380