num_acc;an;mois;jour;hrmn;lum;agg;int;atm;col;com;adr;gps;lat;long;dep
201400026792;14;5;1;1600;1;2;1;1;7;423;3, RUE CONRAD KILLIAN;;;;380
201400026793;14;5;2;1340;1;2;1;2;6;169;98, BOULEVARD JOLIOT-CUR;;;;380
201400026794;14;5;3;1950;3;1;1;3;3;151;ECHANGEUR DU RONDEAU;M;4515906;570128;380
201400026795;14;5;3;2315;4;2;1;1;3;151;00, RUE NORMANDIE-NIEMEN;;;;380
201400026796;14;5;4;25;5;2;1;2;6;151;2, AVENUE G?N?RAL DE GAU;;;;380
201400026797;14;5;4;710;1;2;1;1;6;421;00, RUE HENRI WALLON;;;;380
201400026798;14;5;8;1110;1;1;1;1;3;151;00, RUE DE COMBOIRE;;;;380
201400026799;14;5;10;1845;1;2;1;1;6;151;0, RUE DE NORMANDIE;;;;380
201400026800;14;5;12;1615;1;2;9;1;2;151;AVENUE DES ?TATS G?N?RAU;;;;380
201400026801;14;5;13;1500;1;2;9;3;6;421;0, AVENUE DE LA MOGNE;;;;380
201400026802;14;5;15;930;1;2;1;1;6;516;BOULEVARD DE LA CHANTOUR;;;;380
201400026803;14;5;18;615;2;1;1;1;6;516;0, CHEMIN DE LA CARRONNE;;;;380
201400026804;14;5;19;846;1;2;1;1;3;421;174, AVENUE AMBROISE CRO;;;;380
201400026805;14;5;23;1140;1;2;1;1;6;185;17, RUE BAYARD;;;;380
201400026806;14;5;23;1045;1;2;1;1;6;185;2, RUE JEAN PR?VOST;;;;380
201400026807;14;5;25;1415;1;1;1;1;3;179;23, AVENUE DE LA COMBE;;;;380
201400026808;14;5;26;1145;1;2;1;1;3;185;0, RUE DES PEUPLIERS;;;;380
201400026809;14;5;28;1700;1;2;3;1;3;185;00, COURS DE LA LIB?RATI;;;;380
201400026810;14;6;3;2050;1;2;1;1;1;185;0, AVENUE PAUL VERLAINE;;;;380
201400026811;14;6;5;1630;1;2;1;1;6;185;57, BOULEVARD MAR?CHAL F;;;;380
201400026812;14;6;5;1730;1;2;1;1;6;185;., BOULEVARD JOSEPH VALL;;;;380
201400026813;14;6;6;1415;1;2;1;1;3;185;0, RUE DE STALINGRAD;;;;380
201400026814;14;6;11;1030;1;2;1;1;6;421;100, AVENUE MARCEL CACHI;;;;380
201400026815;14;6;12;1650;1;2;3;1;3;185;57, RUE DES EAUX CLAIRES;;;;380
201400026816;14;6;12;1810;1;2;1;1;6;185;0, BOULEVARD ?DOUARD REY;;;;380
201400026817;14;6;12;719;1;2;1;1;6;185;0, BOULEVARD JEAN PAIN;;;;380
201400026818;14;6;19;1900;1;2;2;1;3;169;0, AVENUE JEAN JAUR?S;;;;380
201400026819;14;6;20;655;1;2;4;1;6;185;A480 inter sortie 1;M;4521077;568544;380
201400026820;14;6;24;1245;1;2;2;1;3;185;4, PLACE JEAN ACHARD;;;;380
201400026821;14;6;28;910;1;2;1;1;4;185;46, BOULEVARD JOSEPH VAL;;;;380
201400026822;14;6;28;1140;1;1;1;1;2;151;A480 PR8;M;4515456;569867;380
201400026823;14;6;28;1430;1;2;1;1;6;185;BOULEVARD CLEMENCEAU;;;;380
201400026824;14;7;2;1650;1;2;1;1;6;151;AVENUE DES ?TATS G?N?RAU;;;;380
201400026825;14;7;5;1015;1;2;1;1;3;169;0, BOULEVARD PAUL LANGEV;;;;380
201400026826;14;7;5;1930;1;2;1;1;6;185;14, BOULEVARD GAMBETTA;;;;380
201400026827;14;7;8;440;5;1;1;2;3;185;00, PONT DU VERCORS;;;;380
201400026828;14;7;8;1520;1;1;1;3;2;229;00, CHEMIN DE LA CARRONN;;;;380
201400026829;14;7;11;110;5;2;1;2;6;185;00, PLACE ARISTIDE BRIAN;;;;380
201400026830;14;7;12;1610;1;2;1;2;3;151;00, RUE CARMAGNOLE LIBER;;;;380
201400026831;14;7;13;1740;1;2;5;1;3;169;00, BOULEVARD PAUL LANGE;;;;380
201400026832;14;7;14;1530;1;2;2;1;3;151;00, AVENUE DE KIMBERLEY;;;;380
201400026833;14;7;14;2100;1;2;2;1;3;185;BOULEVARD AGUTTE SEMBAT;;;;380
201400026834;14;7;17;1215;1;2;2;1;1;185;00, COURS JEAN JAUR?S;;;;380
201400026835;14;7;17;1814;1;2;1;1;1;421;00, AVENUE AMBROISE CROI;;;;380
201400026836;14;7;18;1040;1;2;1;1;6;185;00, AVENUE EDMOND ESMONI;;;;380
201400026837;14;7;21;1030;1;2;1;2;6;185;54, AVENUE RHIN ET DANUB;;;;380
201400026838;14;7;29;1320;1;2;1;2;3;185;0, AVENUE MARIE REYNOARD;;;;380
201400026839;14;7;30;1500;1;2;2;1;5;185;0, RUE DU 19 MARS 1962;;;;380
201400026840;14;7;30;1120;1;2;1;2;6;185;0, PLACE GUSTAVE RIVET;;;;380
201400026841;14;7;30;1810;1;2;6;1;3;516;CARREFOUR DE L'EUROPE;;;;380
201400026842;14;7;31;1115;1;2;1;1;7;158;RN.87;;;;380
201400026843;14;8;5;1000;1;2;1;1;3;185;0, RUE DU 4?ME R?GIMENT;;;;380
201400026844;14;8;6;1015;1;2;1;1;7;151;27, CHEMIN DU TREMBLAY;;;;380
201400026845;14;8;6;1340;1;2;1;1;3;185;0, BOULEVARD JOSEPH VALL;;;;380
201400026846;14;8;12;1505;1;2;1;1;7;185;80, RUE DES ALLI?S;;;;380
201400026847;14;8;18;1610;1;2;1;1;6;421;0, AVENUE BENO?T FRACHON;;;;380
201400026848;14;8;22;1720;1;2;2;1;3;169;0, AVENUE DU VERCORS;;;;380
201400026849;14;8;22;1100;1;2;2;1;5;185;0, PLACE PASTEUR;;;;380
201400026850;14;8;26;1630;1;2;1;2;6;185;27, RUE NICOLAS CHORIER;;;;380
201400026851;14;8;31;1806;1;2;1;1;6;185;72, AV RHIN ET DANUBE;M;4517140;570497;380
201400026852;14;9;1;2120;5;2;2;1;3;185;0, RUE DE TURENNE;;;;380
201400026853;14;9;2;1615;1;2;1;1;6;185;15, RUE EUG?NE FAURE;;;;380
201400026854;14;9;5;1230;1;2;1;1;3;185;37, BOULEVARD JOSEPH VAL;;;;380
201400026855;14;9;11;1215;1;2;1;1;6;185;44, RUE DES EAUX CLAIRES;;;;380
201400026856;14;9;16;1615;1;2;3;1;3;169;AVENUE DU VERCORS;;;;380
201400026857;14;9;20;945;1;2;1;1;6;185;9, PLACE SAINT-BRUNO;;;;380
201400026858;14;9;23;1945;2;2;1;1;6;185;8 BIS, RUE PAUL BOURGET;;;;380
201400026859;14;9;25;900;1;1;1;1;4;516;99 VOIE NON IDENTIFIEE;;;;380
201400026860;14;9;25;1032;1;2;3;1;3;185;RUE CHARLES TESTOUD;;;;380
201400026861;14;9;26;640;2;2;2;1;3;151;COURS JEAN JAUR?S;;;;380
201400026862;14;9;30;800;1;2;1;3;2;151;AVENUE DU 8 MAI 1945;;;;380
201400026863;14;10;3;1302;1;2;4;1;3;421;0, RUE PAUL LANGEVIN;;;;380
201400026864;14;10;5;1330;1;2;1;1;3;185;24, AVENUE MARIE REYNOAR;;;;380
201400026865;14;10;6;1720;1;2;1;1;6;185;20, RUE MARCEAU;;;;380
201400026866;14;10;7;850;1;2;1;1;6;185;14, AVENUE L?ON BLUM;;;;380
201400026867;14;10;9;845;1;2;1;1;6;169;BOULEVARD PAUL LANGEVIN;;;;380
201400026868;14;10;9;1040;1;1;1;1;6;179;11, RUE PIERRE-GIRAUD;;;;380
201400026869;14;10;12;148;5;2;1;1;6;185;0, COURS JEAN JAUR?S;;;;380
201400026870;14;10;13;1200;1;2;1;1;6;185;COURS BERRIAT;;;;380
201400026871;14;10;14;710;5;2;1;1;6;185;0, RUE LESDIGUI?RES;;;;380
201400026872;14;10;16;730;3;1;1;1;2;185;1090;;;;380
201400026873;14;10;16;1525;1;2;1;1;6;185;54, BOULEVARD JOSEPH VAL;;;;380
201400026874;14;10;19;1235;1;2;1;1;1;169;00, RUE JULES GUESDE;;;;380
201400026875;14;10;19;2020;5;2;1;1;6;421;AVENUE BENO?T FRACHON;;;;380
201400026876;14;10;24;1815;1;2;1;1;6;151;AVENUE DES F.T.P.F.;;;;380
201400026877;14;10;31;1230;1;2;1;1;4;151;AVENUE DES F.T.P.F.;;;;380
201400026878;14;11;4;1835;5;2;1;2;6;185;PLACE GRENETTE;;;;380
201400026879;14;11;4;1615;2;2;1;3;6;185;3, CHEMIN DE LA POTERNE;;;;380
201400026880;14;11;9;1645;1;2;1;2;2;185;COURS JEAN JAUR?S;;;;380
201400026881;14;11;12;1006;1;2;1;1;6;185;96, COURS DE LA LIB?RATI;;;;380
201400026882;14;11;13;820;1;2;1;1;6;421;37, AVENUE GABRIEL P?RI;;;;380
201400026883;14;11;13;1515;1;2;1;1;3;185;00, AVENUE LA BRUY?RE;;;;380
201400026884;14;11;14;1350;1;2;1;1;6;185;43, AVENUE MARIE REYNOAR;;;;380
201400026885;14;11;16;1010;1;2;9;8;6;169;BOULEVARD JOLIOT-CURIE;;;;380
201400026886;14;11;17;1000;1;2;3;3;3;151;AVENUE DES ?TATS G?N?RAU;;;;380
201400026887;14;11;25;945;1;2;2;8;3;169;AVENUE JEAN JAUR?S;;;;380
201400026888;14;11;26;2300;5;2;2;1;3;185;COURS DE LA LIB?RATION E;;;;380
201400026889;14;11;27;1030;1;2;1;1;6;185;RUE BERTHE DE BOISSIEUX;;;;380
201400026890;14;11;29;1540;1;2;1;1;6;151;RUE PABLO PICASSO;;;;380
201400026891;14;12;3;1745;5;2;1;1;6;185;RUE LAMARTINE;;;;380
201400026892;14;12;13;120;5;2;1;1;3;185;RUE CONDILLAC;;;;380
201400026893;14;12;16;905;1;1;5;1;6;151;AV 8 MAI 1945/etats gene;M;4515195;571789;380
201400026894;14;12;17;1900;5;2;1;2;6;185;25, RUE MOYRAND;;;;380
201400026895;14;12;19;1130;1;2;1;1;6;185;., BOULEVARD ROGER SALEN;;;;380
201400026896;14;12;23;730;1;2;2;1;3;151;., AVENUE DE LA R?PUBLIQ;;;;380
201400026897;14;12;24;1620;1;2;1;1;1;185;175 C, RUE DE STALINGRAD;;;;380
201400026898;14;12;24;1020;1;2;1;1;3;169;13, AVENUE AMBROISE CROI;;;;380
201400026899;14;12;27;110;5;2;2;1;3;185;., AVENUE JEANNE D'ARC;;;;380
201400026900;14;3;16;932;1;2;1;1;6;544;05, ST MARTIN(PLACE);;;;380
201400026901;14;2;8;1200;1;1;1;3;1;544;, GUILLEMOTTES(RUE DES);;;;380
201400026902;14;4;30;2350;5;2;3;1;3;544;GEN LECLERC/St Germain;M;4551307;486573;380
201400026903;14;9;27;920;1;2;9;7;3;544;1, ST MARCEL(MONTEE);;;;380
201400026904;14;4;19;1900;1;2;1;1;7;544;21, ETIENNE REY(QUAI);;;;380
201400026905;14;6;3;1725;1;2;3;1;7;544;47, VIMAINE(RUE);;;;380
201400026906;14;7;31;1100;1;2;1;1;7;544;2, VERDUN(COUR DE);;;;380
201400026907;14;8;15;1057;1;2;1;1;3;544;25, PASTEUR(QUAI);;;;380
201400026908;14;9;2;1600;1;2;1;1;5;318;JOSEPH GRENOUILLET(RUE);;;;380
201400026909;14;8;22;1650;1;2;1;1;6;318;510, RAIE BRUNET(CHEMIN;;;;380
201400026910;14;10;4;1430;1;2;2;1;3;544;25, PASTEUR(QUAI);;;;380
201400026911;14;10;21;2028;5;2;1;3;7;544;6, ST MARTIN(PLACE);;;;380
201400026912;14;10;16;1040;1;2;1;2;1;544;CD 41;;;;380
201400026913;14;11;21;1930;5;2;1;1;3;544;19, ROMESTANG(COURS);;;;380
201400026914;14;2;16;530;5;2;1;2;7;563;44, GAMBETTA (AVENUE);;;;380
201400026915;14;3;23;1531;1;2;1;1;6;563;25, HAUSSEZ (AVENUE D');;;;380
201400026916;14;5;26;800;1;2;1;1;1;563;139, VERDIN (MONTEE DU);;;;380
201400026917;14;6;23;2330;5;2;1;1;1;563;212, VERDIN (MONTEE DU);;;;380
201400026918;14;7;27;545;2;2;1;1;7;563;17, VERDUN (AVENUE DE);;;;380
201400026919;14;7;30;1435;1;2;1;2;6;563;8, GRANDE (RUE);;;;380
201400026920;14;12;2;1615;1;1;1;1;6;563;00, GORGES (RUE DES);;;;380
201400026921;14;12;9;1620;1;2;1;1;6;563;47, DENFERT ROCHEREAU (B;;;;380
201400026922;14;12;11;2110;3;2;1;9;1;563;00, MARAIS (RUE DES);;;;380
201400026923;14;12;29;1530;1;2;1;1;6;563;1, NEEL (RUE L.);;;;380
201400026924;14;12;26;720;5;2;1;1;6;563;4, FRIER (AVENUE G.);;;;380
201400026925;14;1;12;2025;5;2;1;1;6;198;JUIN (AVENUE DU MARECHAL;;;;390
201400026926;14;1;28;423;3;2;3;4;6;198;0, LATTRE DE TASSIGNY (A;;;;390
201400026927;14;6;28;1825;1;1;1;2;5;198;0, RD 673 (Rd Pt Cote d';;;;390
201400026928;14;9;9;700;2;2;1;1;6;198;205, GUYNEMER (RUE GEORG;;;;390
201400026929;14;10;18;1555;1;2;1;1;3;198;98, DUHAMEL (AVENUE JACQ;;;;390
201400026930;14;1;6;1500;1;2;1;1;6;300;0, GAMBETTA (BOULEVARD);;;;390
201400026931;14;3;9;1625;1;2;1;1;3;300;PROST (AVENUE CAMILLE) N;;;;390
201400026932;14;4;17;1710;1;2;1;1;6;300;0, CHAPUIS (RUE EDMOND);;;;390
201400026933;14;6;10;1815;1;2;1;1;6;300;435, GENTIANES (RUE DES);;;;390
201400026934;14;8;21;1710;1;2;1;1;6;300;12, DUPARCHY (BOULEVARD;;;;390
201400026935;14;10;15;1050;1;2;1;1;6;300;105, OFFENBOURG (AVENUE;;;;390
201400026936;14;10;24;1250;1;2;9;1;6;300;78, SALINES (RUE DES);;;;390
201400026937;14;12;1;1027;1;2;1;2;1;300;0, VERNIER (BD THEODORE);;;;390
201400026938;14;12;3;2350;5;2;1;1;6;300;8, PERRAUD (PLACE);;;;390
201400026939;14;1;9;810;2;2;3;1;1;88;102, TUILERIES (AVENUE D;M;4371388;-106358;400
201400026940;14;1;10;2240;5;1;6;1;6;279;RD 524;M;4373329;-103267;400
201400026941;14;1;13;1705;1;2;1;1;6;279;SAINT-VINCENT DE PAUL (B;M;4372930;-103944;400
201400026942;14;1;29;735;5;2;1;3;6;88;175, SAINT-VINCENT DE PA;M;4371998;-105245;400
201400026943;14;2;3;1745;2;2;1;1;6;88;72, HUGO (AVENUE VICTOR);M;4370108;-105404;400
201400026944;14;2;5;1850;5;2;3;1;3;279;2, RESISTANCE (AVE DE LA;M;4372522;-106465;400
201400026945;14;3;16;615;3;1;1;1;3;279;MINIERES (ROUTE DES) CD;M;4371649;-108168;400
201400026946;14;5;10;1045;1;2;3;1;6;279;DESPAX (RUE EMILE);M;4374539;-104798;400
201400026947;14;6;3;735;1;2;1;1;6;279;;M;4372234;-105169;400
201400026948;14;6;10;1000;1;2;1;1;6;279;LIBERTE (AVE DE LA);M;4372215;-105175;400
201400026949;14;7;3;1510;1;1;1;1;6;279;RD 524;M;4373778;-109760;400
201400026950;14;7;6;1640;1;2;6;2;1;88;ROND POINT DE LA GARE;M;4371906;-104918;400
201400026951;14;7;8;1035;1;2;1;1;6;279;FOCH (AVENUE DU MARECHAL;M;4373070;-104864;400
201400026952;14;8;31;1615;1;1;1;1;1;279;BARTHES (ROUTE DES) CD;M;4371612;-108539;400
201400026953;14;9;4;1720;1;1;1;1;4;279;RD 824;;;;400
201400026954;14;10;4;1942;1;1;2;1;3;279;17, SAINT-VINCENT DE PAU;M;4373462;-103008;400
201400026955;14;10;13;1750;1;2;2;1;3;88;HUGO (AVENUE VICTOR);M;4370388;-105280;400
201400026956;14;10;28;1045;1;2;1;1;2;88;819, TERCIS (ROUTE DE);M;4368453;-108132;400
201400026957;14;11;22;1840;5;2;1;1;2;279;RESISTANCE (AVE DE LA);M;4372550;-106759;400
201400026958;14;1;25;915;1;2;1;2;5;192;ROCADE EST (RD 932 E);M;4388265;-45222;400
201400026959;14;1;28;750;5;2;1;3;6;192;DEPRUNEAUX (RUE CLAUDE);M;4388953;-49808;400
201400026960;14;3;5;900;1;2;3;2;5;192;HOUGA (AV DU);M;4387855;-47852;400
201400026961;14;3;5;1425;1;2;1;1;2;192;432, FOCH (AV DU MARECHA;M;4389546;-49272;400
201400026962;14;3;20;1755;1;2;1;1;6;192;AURIBEAU (BD D');M;4388791;-50517;400
201400026963;14;3;24;1710;1;2;3;2;3;192;LACOSTE (BD JEAN);M;4389512;-50387;400
201400026964;14;4;9;815;1;2;1;1;6;192;VICTOR HUGO;M;4389316;-50003;400
201400026965;14;4;11;850;1;1;1;1;5;281;0, ROCADE SUD RD 824;M;4387200;-51890;400
201400026966;14;5;16;745;1;2;1;7;2;192;10, DULAMON (RUE ARMAND);M;4389290;-50252;400
201400026967;14;6;12;1830;1;2;1;1;6;192;0, AURIBEAU (BD D');M;4388820;-50605;400
201400026968;14;6;17;1800;1;2;6;1;3;192;JUIN (V DU MARECHAL);M;4390241;-47981;400
201400026969;14;7;22;852;1;2;1;1;6;192;524, FOCH (AV DU MARECHA;M;4389598;-49188;400
201400026970;14;8;3;405;2;2;1;1;6;192;30, PEMEGNAN (CHEMIN DE);M;4389728;-46231;400
201400026971;14;9;16;1345;1;2;3;1;6;192;FARBOS (AV HENRI);M;4389327;-50847;400
201400026972;14;9;23;1045;1;1;1;1;3;281;200, ROCADE SUD (RD 824);M;4386718;-48516;400
201400026973;14;10;23;1545;1;2;1;1;4;281;KENNEDY (AV DU PDT. JOHN;M;4387190;-49107;400
201400026974;14;11;3;1520;1;2;1;1;3;192;LABRIT (AV DU DR ETIENNE;M;4390257;-47768;400
201400026975;14;11;12;526;5;2;2;3;3;192;., 34EME R.I. (BOULEVARD;M;4388548;-50082;400
201400026976;14;11;20;845;1;2;3;1;3;192;545, DUPOUY (AV JEAN);M;4389334;-46555;400
201400026977;14;11;27;1340;1;2;1;1;2;192;317, R?GIMENT D'INFANTER;M;4388652;-50020;400
201400026978;14;11;27;1255;1;2;2;1;3;192;28, MAINGUY (BD YVES);M;4388350;-48116;400
201400026979;14;11;29;1835;5;2;2;2;3;192;THORE (CHEMIN DE);M;4389209;-51435;400
201400026980;14;12;3;1810;2;2;3;2;3;192;CANDAU (BD FERDINANT DE);M;4389222;-50688;400
201400026981;14;12;8;815;2;2;3;1;3;192;., COUILLEAU (AV DU COL.;M;4389901;-50030;400
201400026982;14;12;5;1555;1;2;1;2;2;281;RD 932 E;M;4386855;-48014;400
201400026983;14;12;9;745;2;2;2;1;3;281;., BRETTES-CAMILLE (AV);M;4388448;-51477;400
201400026984;14;12;9;900;1;2;1;1;2;192;KENNEDY (AV DU PRESIDENT;M;4388064;-49618;400
201400026985;14;12;16;755;5;2;2;3;3;192;., DUPOUY (AV JEAN);M;4389012;-46626;400
201400026986;14;12;23;1500;1;2;3;1;3;192;., CHAUMI?RE (AV BELLE);M;4389976;-52452;400
201400026987;14;1;22;819;1;2;1;2;3;18;MAUNOURY (AVENUE DU MARE;M;4759700;134200;410
201400026988;14;2;8;1650;1;2;1;1;2;18;LIBERATION (CARREFOUR DE;M;4758400;133900;410
201400026989;14;2;13;1845;5;1;1;1;2;18;CITES UNIES (BOULEVARD D;M;4760500;134500;410
201400026990;14;2;19;1206;1;2;1;1;1;18;GUTEMBERG (RUE);M;4760300;130900;410
201400026991;14;3;1;1117;1;2;1;1;6;18;PONT DU GAST (RUE DU);M;4758700;132800;410
201400026992;14;3;13;1800;1;1;1;1;2;212;D 956;M;4755500;137300;410
201400026993;14;3;14;1720;1;2;3;7;2;18;AUGE (BOULEVARD MARC ET;M;4756900;133900;410
201400026994;14;3;17;1047;1;2;3;1;3;18;RENAULME (AVENUE PAUL);M;4759100;133900;410
201400026995;14;3;24;750;1;1;1;1;7;47;RD 50;M;4762100;135200;410
201400026996;14;3;28;1609;1;2;1;1;4;18;MAUNOURY (AVENUE DU MARE;M;4759600;134200;410
201400026997;14;4;4;859;1;2;1;2;2;18;PAPIN (RUE DENIS);M;4758700;133400;410
201400026998;14;4;14;900;1;2;1;1;2;18;MARE (RUE DE LA);M;4759400;132200;410
201400026999;14;4;16;1217;1;2;1;1;6;18;CARTIER (RUE ROBERT);M;4760000;133800;410
201400027000;14;4;30;1025;1;2;1;1;6;18;20, BUTTE (AVENUE DE LA);M;4758300;132000;410
201400027001;14;5;4;715;1;2;1;1;7;18;D174;M;4759500;135200;410
201400027002;14;5;6;1405;1;2;3;1;4;212;NATIONALE (ROUTE);M;4757200;135600;410
201400027003;14;5;8;1120;1;2;1;2;7;47;11, SAINT LAZARE (RUE);M;4761100;135700;410
201400027004;14;5;10;1825;1;2;1;2;2;212;PATTE D'OIE (rond point);M;4756100;137200;410
201400027005;14;6;6;1750;1;2;1;1;3;18;RD 952;M;4756400;130200;410
201400027006;14;6;19;1015;1;2;1;1;6;18;18 JUIN 1940 (RUE DU);M;4759100;133300;410
201400027007;14;6;21;2035;1;2;1;1;6;18;FENELON (RUE);M;4758600;131600;410
201400027008;14;6;25;1859;1;2;1;1;6;18;4, GARROS (RUE ROLAND);M;4759200;131100;410
201400027009;14;7;1;1335;1;2;3;1;5;18;Berthonneau (rue Jules);M;4760500;129900;410
201400027010;14;7;17;1558;1;2;1;1;2;47;OCTROI (RUE DE L');M;4760100;134600;410
201400027011;14;8;10;930;1;2;1;2;6;18;DUPUIS (BOULEVARD DANIEL;M;4758100;132200;410
201400027012;14;8;18;1155;1;2;1;1;6;18;WILSON (AVENUE DU PRESID;M;4758100;134200;410
201400027013;14;8;29;1600;1;2;1;1;6;18;BROSSELETTE (AVENUE PIER;M;4756900;133300;410
201400027014;14;9;2;1545;1;2;1;1;3;18;RIFFAULT (RUE EUGENE);M;4759100;134200;410
201400027015;14;9;3;1540;1;2;1;1;2;18;D951;M;4759000;135400;410
201400027016;14;9;5;1808;1;2;1;1;6;18;3, GARENNE (RUE DE LA);M;4758700;132700;410
201400027017;14;10;23;645;5;2;2;1;3;18;WILSON (AVENUE DU PRESID;M;4758100;134300;410
201400027018;14;10;27;620;5;2;2;5;1;18;BESNARD (QUAI ULYSSE);M;4757800;132100;410
201400027019;14;10;28;1205;1;2;1;1;3;295;GRAIN D'OR (AVENUE DU);M;4756600;137500;410
201400027020;14;11;7;1428;1;2;1;7;2;18;VENDOME (AVENUE DE);M;4760400;131400;410
201400027021;14;11;7;2100;5;2;1;1;3;18;D174;M;4759400;135200;410
201400027022;14;11;15;1632;1;2;1;1;2;18;CROIX PICHON (RUE DE LA;M;4759600;130600;410
201400027023;14;12;15;1300;1;2;1;2;7;18;SCHUMAN (AVENUE ROBERT);M;4760900;133500;410
201400027024;14;1;19;1105;1;2;1;1;6;18;SCHUMAN (AVENUE ROBERT);M;4761000;133700;410
201400027025;14;2;16;2225;5;2;1;1;6;18;5, MOULIN (RUE JEAN);M;4758700;132700;410
201400027026;14;3;11;950;1;2;1;1;7;18;VENDOME (AVENUE DE);M;4755900;132000;410
201400027027;14;4;16;1100;1;2;1;1;7;18;VENDOME (AVENUE DE);M;4760100;131600;410
201400027028;14;4;20;1920;1;2;1;1;3;18;VENDOME (AVENUE DE);M;4760500;131300;410
201400027029;14;5;11;2310;3;2;1;2;7;18;CHATEAU-RENAULT (ROUTE D;M;4758200;129500;410
201400027030;14;5;6;1108;1;2;1;1;3;18;SAINT-JEAN (QUAI);M;4758800;134000;410
201400027031;14;5;20;1725;1;1;1;3;5;295;D951;M;4761000;138100;410
201400027032;14;5;28;1215;1;2;1;1;6;18;VILLEBREME (RUE DE);M;4760800;132500;410
201400027033;14;6;3;150;3;2;1;1;7;18;DUPUIS (BOULEVARD DANIEL;M;4757900;132000;410
201400027034;14;6;2;1510;1;2;1;1;6;18;5, INDUSTRIE (BOULEVARD;M;4760000;132000;410
201400027035;14;5;22;800;1;2;2;2;3;18;BESNARD (QUAI ULYSSE);M;4757800;132000;410
201400027036;14;6;21;2325;5;2;1;1;6;18;233, CABOCHON (RUE DE);M;4757600;130200;410
201400027037;14;6;22;100;3;1;1;1;7;18;COULANGES (ALLEE DE);M;4755800;126800;410
201400027038;14;7;28;2300;5;2;1;1;6;18;3, MONIN (RUE);M;4759100;134000;410
201400027039;14;6;22;2325;5;2;1;1;3;18;FRANCE (AVENUE DE)  1;M;4759900;131900;410
201400027040;14;8;7;1955;1;2;2;1;3;18;FRANCE (AVENUE DE)  1;M;4759600;131600;410
201400027041;14;8;26;1650;1;2;1;1;6;295;121, TAILLES  (RUE DES);M;4759400;138800;410
201400027042;14;8;22;910;1;2;1;1;2;18;BUTTE (AVENUE DE LA);M;4758300;132000;410
201400027043;14;9;20;120;5;1;1;1;1;295;D951;M;4759300;135900;410
201400027044;14;9;23;1025;1;1;6;1;3;18;ROBERT NAU (ROND POINT);M;4761400;133400;410
201400027045;14;10;10;1116;1;1;1;1;7;295;ST DYE (LEVEE DE );M;4760100;137300;410
201400027046;14;10;11;21;3;1;1;1;6;18;RD 952;M;4755600;129500;410
201400027047;14;10;10;1245;1;2;1;1;2;18;GAMBETTA (AVENUE);M;4758400;131900;410
201400027048;14;9;26;1735;1;1;1;1;3;18;CITES UNIES (BOULEVARD D;M;4760900;133800;410
201400027049;14;10;9;1735;1;2;1;1;6;18;1, CHATEAU-RENAULT (ROUT;M;4758400;131700;410
201400027050;14;11;8;1630;1;2;1;1;7;18;24, WALDSHUT (RUE DE);M;4759000;131600;410
201400027051;14;11;22;1638;1;1;1;1;6;18;CITES UNIES (BOULEVARD D;M;4760800;134100;410
201400027052;14;11;27;805;1;2;1;1;3;18;VENDOME (AVENUE DE);M;4760200;131500;410
201400027053;14;11;23;1735;5;2;1;1;3;212;NATIONALE (ROUTE);M;4756200;137100;410
201400027054;14;12;17;1215;1;2;1;2;6;295;197, CHAMBORD (ROUTE DE);M;4757400;139400;410
201400027055;14;12;20;2030;5;2;1;1;7;18;CABOCHON (RUE DE);M;4757900;130900;410
201400027056;14;12;24;2205;5;2;1;2;6;295;20, DES NOELS (AVENUE);M;4759500;138700;410
201400027057;14;1;7;1640;1;2;2;1;2;269;PARIS (ROUTE DE);M;4779500;107400;410
201400027058;14;2;4;1810;2;2;3;1;6;269;02, GREVE (RUE DE LA);M;4779000;106300;410
201400027059;14;2;7;1210;1;1;1;1;3;269;., CITES UNIES D'EUROPE;M;4781700;102200;410
201400027060;14;2;23;1640;1;1;1;1;1;226;., DE LA NOUETTE (CHEMIN;M;4781700;108700;410
201400027061;14;3;25;1700;1;2;2;1;3;269;., GUIMOND (AVENUE GEORG;M;4779800;107000;410
201400027062;14;4;1;1205;1;2;2;1;2;269;., TANNEURS (PONT DES);M;4778800;107200;410
201400027063;14;6;10;1215;1;2;3;2;3;269;., CROIX BRIFFAULT (RUE;M;4780100;105500;410
201400027064;14;6;12;1115;1;2;6;1;3;226;., DE DIETRICH (ALLEE);M;4780600;106900;410
201400027065;14;7;15;515;5;2;6;1;3;269;BLOIS (ROUTE DE);M;4777800;107600;410
201400027066;14;7;24;1440;1;2;2;1;6;269;., MAILLETTES (RUE DES);M;4781000;106500;410
201400027067;14;11;2;240;3;2;1;1;7;269;., BLOIS (ROUTE DE);M;4777900;107600;410
201400027068;14;11;3;1815;5;2;1;2;3;269;06, MOULIN (AV JEAN) (SE;M;4780700;106400;410
201400027069;14;11;12;1915;5;2;3;1;3;158;VIEUX PUITS (RUE DU);M;4778800;103600;410
201400027070;14;12;18;900;1;2;3;2;3;269;25, FATON (RUE DU DOCTEU;M;4779400;107200;410
201400027071;14;12;29;945;1;2;1;1;6;95;1, BREUIL (PLACE DU);M;4538906;428745;420
201400027072;14;1;31;1330;1;2;1;1;3;316;1, JAURES (RUE JEAN);M;4539518;428089;420