num_acc;an;mois;jour;hrmn;lum;agg;int;atm;col;com;adr;gps;lat;long;dep
201400027073;14;2;20;1410;1;2;1;1;6;316;CD 3;M;4539513;426319;420
201400027074;14;3;12;1625;1;2;1;1;6;44;1, ZOLA (RUE EMILE);M;4539732;432512;420
201400027075;14;5;2;555;5;2;1;2;1;316;CD 3;M;4539197;427246;420
201400027076;14;5;2;1205;1;2;1;1;1;99;CD 25;M;4538811;426998;420
201400027077;14;5;13;240;5;2;1;2;6;316;3, CD 3;M;4539531;426310;420
201400027078;14;5;7;1445;1;2;1;2;7;316;2, PAIX (RUE DE LA);M;4540271;426051;420
201400027079;14;5;16;1915;1;2;1;1;3;44;RD 88;M;4539440;430589;420
201400027080;14;5;20;1655;1;2;1;1;6;316;1, BEAUMES (RUE DES);M;4540723;425962;420
201400027081;14;5;23;900;1;1;1;1;7;316;CD 3;M;4540200;425483;420
201400027082;14;5;23;1140;1;2;1;1;7;183;0, BLACHIER (RUE JEAN-PI;M;4540520;435946;420
201400027083;14;5;30;645;5;1;1;1;6;44;1, LANGEVIN (RUE PAUL);M;4539356;432167;420
201400027084;14;6;19;745;1;1;1;1;6;95;RD 500-1;M;4538734;430016;420
201400027085;14;6;20;1530;1;2;1;1;6;95;75, CD 500;M;4538654;429795;420
201400027086;14;6;27;1925;1;2;1;1;3;44;0, BERGOGNON (RUE DE);M;4539208;430867;420
201400027087;14;6;28;1210;1;2;1;1;3;95;1, ALCAZAR (RUE DE L');M;4539555;429194;420
201400027088;14;6;28;2320;5;2;1;3;1;44;1, DEMEURE (RUE FLEURY);M;4539555;432291;420
201400027089;14;7;5;1755;1;2;1;1;6;95;CD 500;M;4538855;429577;420
201400027090;14;7;14;1900;1;2;1;1;3;316;CD 3;M;4541017;421141;420
201400027091;14;7;30;2215;5;2;1;1;3;183;RD  88;M;4540492;437404;420
201400027092;14;8;21;1700;1;1;1;1;1;44;LANGEVIN (RUE PAUL);M;4539356;432161;420
201400027093;14;9;2;1755;1;1;3;1;3;316;CD 25;M;4540639;427119;420
201400027094;14;10;1;2325;5;2;1;1;6;44;RD 10;M;4540028;432196;420
201400027095;14;10;19;1445;1;2;6;1;3;99;JOLIOT CURIE (RUE IRENE);M;4538649;427265;420
201400027096;14;10;20;1230;1;2;1;1;2;99;CD 25;M;4538204;427290;420
201400027097;14;10;21;840;1;2;1;1;6;44;RD 88-2;M;4539741;432744;420
201400027098;14;10;30;1400;1;2;1;1;3;316;CD 25;M;4540598;426773;420
201400027099;14;11;2;1100;1;2;1;1;2;95;1, PLOTTON (RUE ROBERT);M;4538700;428948;420
201400027100;14;11;1;1730;1;2;1;1;2;95;RD 88;M;4538985;428795;420
201400027101;14;11;18;1520;1;2;1;2;1;31;CD 3;M;4540403;423475;420
201400027102;14;11;22;1815;3;1;1;1;1;31;CD 3;M;4540498;422961;420
201400027103;14;12;13;1410;1;2;1;1;6;95;16, ROCHEREAU (RUE DENFE;M;4539110;429102;420
201400027104;14;1;30;1740;5;2;1;9;6;186;1, SEMARD PONT PIERRE;M;4552484;460843;420
201400027105;14;2;5;1740;2;2;1;1;4;186;49, REPUBLIQUE DU N?1 AU;M;4553094;461227;420
201400027106;14;2;28;715;1;2;3;1;1;123;01, GANDIN PASSAGE;M;4550983;458054;420
201400027107;14;2;15;1900;5;2;1;2;7;186;JUIN AVENUE DU MARECHAL;M;4553255;462834;420
201400027108;14;4;11;810;1;2;3;1;3;186;63, DRIVON RUE CLAUDE;M;4552600;461095;420
201400027109;14;5;12;1750;1;2;3;1;3;186;CHEMIN DEPARTEMENTAL 88;M;4551926;459487;420
201400027110;14;5;8;1630;1;1;1;1;1;259;0, MUNAT ROUTE DU;M;4554250;459512;420
201400027111;14;5;24;1640;1;2;1;1;1;186;181, D 6;M;4553036;461215;420
201400027112;14;5;16;750;1;2;1;7;6;186;47, EDOUARD VAILLANT RUE;M;4552417;460674;420
201400027113;14;6;10;1630;1;2;1;1;6;186;GAMBETTA COURS;M;4552896;461917;420
201400027114;14;7;3;1350;1;1;1;1;7;259;D 77;M;4556838;458957;420
201400027115;14;7;6;1950;1;2;1;2;1;53;0, ETAINGS ROUTE DES;M;4553603;464124;420
201400027116;14;7;3;1300;1;2;3;1;3;186;24, JUIN AVENUE DU MAREC;M;4553365;463082;420
201400027117;14;7;12;1035;1;2;1;8;6;103;20, JAURES RUE JEAN;M;4550529;457030;420
201400027118;14;8;2;2200;5;2;6;9;2;186;SARDON ROND POINT;M;4552008;459342;420
201400027119;14;8;22;1325;1;2;1;1;2;186;51, EDOUARD VAILLANT RUE;M;4552397;460613;420
201400027120;14;8;30;440;5;2;1;1;6;225;518, TAPIGNEUX ROUTE DE;M;4553898;456792;420
201400027121;14;9;17;1740;1;2;1;1;4;186;49, REPUBLIQUE DU N?1 AU;M;4553091;461226;420
201400027122;14;8;31;1145;1;2;1;1;1;186;17, MAI 1945 COURS DU 8;M;4553006;462173;420
201400027123;14;10;6;1720;1;2;1;1;6;123;19, D 88;M;4551509;458677;420
201400027124;14;11;7;1310;1;2;1;2;6;186;31, ROUX DU N?1 AU 31 RU;M;4552952;461133;420
201400027125;14;10;29;1650;1;2;1;7;6;186;25, JUIN AVENUE DU MAREC;M;4553131;462379;420
201400027126;14;11;13;920;1;2;1;1;2;103;10, Jaur?s Rue Jean;M;4550477;457002;420
201400027127;14;11;19;840;1;2;1;1;6;103;1, CELLIEU ROUTE DE;M;4550743;456710;420
201400027128;14;12;15;1230;1;2;1;1;1;123;21, GREZIEUX PLAINE DE;M;4551665;459086;420
201400027129;14;11;21;1625;1;1;1;1;1;225;525, TAREVIEUX ROUTE DE;M;4554162;455833;420
201400027130;14;1;9;2335;5;2;3;1;3;187;0, PARIS (AVENUE DE);M;4605055;406672;420
201400027131;14;1;10;1750;2;2;3;1;3;187;0, RHIN ET DANUBE (RUE);M;4606097;409121;420
201400027132;14;1;10;1210;1;2;1;1;7;187;5, THOMAS (RUE ALBERT);M;4604232;407331;420
201400027133;14;1;17;750;2;2;3;2;3;71;0, LECLERC (QUAI DU GENE;M;4603169;408235;420
201400027134;14;1;23;2155;5;2;1;2;6;184;31, CHEVIGNON LEGER (RUE;M;4605250;405382;420
201400027135;14;1;25;1700;2;1;1;2;4;170;0, LE PALAIR (LIEU DIT);M;4604573;413187;420
201400027136;14;1;24;1300;1;2;1;2;7;187;FUYANT (RUE DU);M;4604541;405612;420
201400027137;14;1;29;1735;3;1;3;1;3;170;0, 17 (ROUTE DEPARTEMENT;M;4605269;412847;420
201400027138;14;1;30;745;2;2;1;2;2;127;Route nationale 7;M;4607653;403716;420
201400027139;14;2;2;1940;5;2;3;1;2;187;0, GIRAUD (RUE DU GENERA;M;4603256;405984;420
201400027140;14;2;4;2000;4;2;1;1;2;187;0, BRISON (RUE);M;4603268;406832;420
201400027141;14;2;6;2235;5;2;1;1;7;187;10, BOURGOGNE (RUE DE);M;4603867;407796;420
201400027142;14;2;10;1900;5;2;1;1;7;184;0, OUCHES (  RT D');M;4602714;402621;420
201400027143;14;2;10;1920;5;2;1;1;2;187;0, PARIS (AVENUE DE);M;4605054;406653;420
201400027144;14;2;15;2140;5;2;1;1;7;184;0, SEMARD PIERRE (RUE);M;4605778;405048;420
201400027145;14;2;18;1730;1;2;1;1;4;187;SEMARD (RUE PIERRE );M;4603837;406228;420
201400027146;14;2;20;1215;1;2;1;1;3;184;1254, FOCH MARECHAL (RUE;M;4603984;403590;420
201400027147;14;2;21;1450;1;2;1;1;3;187;18, THOMAS (RUE ALBERT);M;4604360;407393;420
201400027148;14;2;22;1852;5;2;1;1;7;187;0, CENTRALE (AVENUE);M;4606710;407890;420
201400027149;14;2;26;2035;5;2;3;1;1;187;0, BARON DU MARAIS (BOUL;M;4604576;407017;420
201400027150;14;2;28;1220;1;2;1;2;2;184;GALLIENI JOSEPH (AVENUE);M;4604447;405271;420
201400027151;14;3;8;2300;5;2;2;1;3;187;0, BLANQUI (BOULEVARD LO;M;4602474;405789;420
201400027152;14;3;20;300;3;1;1;1;7;170;0, EST (ROCADE);M;4603357;409938;420
201400027153;14;3;20;1515;1;2;1;1;7;127;2, CHARLES DE GAULLE(AV);M;4607837;406642;420
201400027154;14;3;20;1700;1;2;1;1;6;187;135, THOMAS (RUE ALBERT);M;4605048;407407;420
201400027155;14;3;21;1545;1;2;1;2;2;187;17, MULSANT (RUE);M;4603798;406050;420
201400027156;14;3;21;2100;5;2;3;1;3;187;0, MOULIN PAILLASSON (RU;M;4603529;406343;420
201400027157;14;3;29;1100;1;2;1;1;6;187;14, PROMENADES POPULLE (;M;4603674;406618;420
201400027158;14;3;29;1505;1;2;1;1;7;187;0, DESROCHE (RUE HENRI);M;4603127;404676;420
201400027159;14;3;29;1725;1;2;1;1;6;187;47, CONDORCET (RUE);M;4605834;409415;420
201400027160;14;3;30;1540;1;2;3;1;3;71;98, LIBERATION (AVENUE D;M;4602728;408521;420
201400027161;14;4;1;1545;1;2;3;1;1;187;0, THOMAS (RUE ALBERT);M;4604764;407423;420
201400027162;14;4;2;1730;1;2;1;1;6;187;0, SEMARD (RUE PIERRE );M;4603882;406208;420
201400027163;14;4;6;1450;1;2;1;1;6;71;40, DE GAULLE (BOULEVARD;M;4601318;409650;420
201400027164;14;4;8;2100;5;2;1;1;7;187;22, PROMENADES POPULLE(P;M;4603558;406522;420
201400027165;14;4;9;1235;1;2;1;1;2;184;0, OUEST  (BD);M;4604784;405143;420
201400027166;14;4;10;1030;1;2;1;1;6;71;71, LIBERATION (AVENUE D;M;4602774;408509;420
201400027167;14;4;12;1830;1;2;2;1;3;184;306, SAINT-ROMAIN (RUE D;M;4604242;404899;420
201400027168;14;4;12;1830;1;2;6;1;3;184;CANAUX (RUE DES);M;4603989;405233;420
201400027169;14;4;16;1750;1;2;1;1;7;187;14, PUY (RUE JEAN);M;4603809;406890;420
201400027170;14;4;16;1820;1;2;1;1;7;187;63, JAURES (RUE JEAN);M;4603595;407057;420
201400027171;14;4;16;2000;1;2;3;1;3;184;0, DUBREUIL PIERRE (PASS;M;4604855;404534;420
201400027172;14;4;17;1720;1;2;1;1;6;184;180, ADER CLEMENT (RUE);M;4606043;404575;420
201400027173;14;4;21;1345;1;2;1;1;1;187;0, MARNE (AVENUE DE LA );M;4605697;408317;420
201400027174;14;4;23;2310;5;2;1;1;6;187;0, MACE (RUE JEAN);M;4603821;407522;420
201400027175;14;4;30;1630;1;2;1;1;7;187;0, SEMARD (RUE PIERRE );M;4603876;406191;420
201400027176;14;5;2;1805;1;2;3;2;3;187;1, CLERMONT (RUE DE );M;4603118;406733;420
201400027177;14;5;2;1830;1;2;1;1;6;187;54, COMMELLE (ROUTE DE);M;4602079;408114;420
201400027178;14;5;8;1610;1;2;1;1;7;187;0, STEPHENSON (RUE);M;4604571;406151;420
201400027179;14;5;9;2150;5;2;1;1;7;187;0, OUEST (BOULEVARD);M;4605063;406677;420
201400027180;14;5;16;825;1;2;1;1;6;127;0, FORT DE TROYON (RUE D;M;4607081;407688;420
201400027181;14;5;18;1820;1;2;3;1;3;127;17, BRIENNON (RT DE);M;4605631;407315;420
201400027182;14;5;19;1005;1;2;1;1;6;187;0, PARIS (AVENUE DE);M;4604538;407024;420
201400027183;14;5;23;820;1;2;2;1;3;187;0, GAMBETTA (AVENUE);M;4603939;406622;420
201400027184;14;5;24;1015;1;2;3;1;6;71;0, LIBERATION (AVENUE DE;M;4602826;408464;420
201400027185;14;5;27;1120;1;2;1;1;7;187;36, CUGNOT (RUE NICOLAS);M;4604285;406219;420
201400027186;14;5;24;2125;5;2;3;1;3;187;0, CHARLIEU (RUE DE );M;4605330;408560;420
201400027187;14;5;29;1920;1;2;3;1;3;71;25, COMMELLE (ROUTE DE );M;4602184;408333;420
201400027188;14;6;2;1835;1;2;6;1;7;184;0, BRANLY (RUE);M;4606153;404805;420
201400027189;14;6;9;1945;1;2;1;1;6;187;14, CARNOT (AVENUE);M;4603945;406653;420
201400027190;14;6;11;1550;1;2;1;1;1;187;22, SEGUIN (RUE);M;4604399;406202;420
201400027191;14;6;11;1810;1;2;1;1;7;170;0, EST (ROCADE);M;4602121;410196;420
201400027192;14;6;12;1920;1;2;1;3;7;127;0, FONTAINE JEAN  (RUE D;M;4606569;405915;420
201400027193;14;6;16;740;1;1;2;1;3;170;LE PERELLES (LIEU DIT);M;4603384;411449;420
201400027194;14;6;16;1200;1;2;6;1;3;184;0, MICHEL LOUISE  (RUE);M;4605719;404602;420
201400027195;14;6;17;1845;1;2;1;1;4;187;424, AUGE (RUE JOANNY);M;4603602;405212;420
201400027196;14;6;20;930;1;2;2;1;7;71;0, BELGES (BOULEVARD DES;M;4602364;408767;420
201400027197;14;6;21;1745;1;2;1;1;1;71;31, LIBERATION (AVENUE D;M;4603013;408347;420
201400027198;14;6;22;1225;1;2;1;1;6;187;2, MOULIN PAILLASSON (IM;M;4603603;406379;420
201400027199;14;6;18;2120;5;2;1;1;7;184;0, OUEST  (BD);M;4604714;404864;420
201400027200;14;6;24;1330;1;2;3;1;3;71;0, BALMES (RUE DES );M;4602650;408241;420
201400027201;14;6;27;1700;1;2;3;1;3;71;0, LIBERATION (AVENUE DE;M;4601453;409307;420
201400027202;14;6;25;2140;1;2;1;1;4;187;0, PROMENADES POPULLE (P;M;4603666;406665;420
201400027203;14;6;30;900;1;2;1;1;2;187;75, BARON DU MARAIS (BOU;M;4604300;406691;420
201400027204;14;7;2;1000;1;2;1;1;7;170;0, R.D 504;M;4603713;412026;420
201400027205;14;7;2;1740;1;1;1;1;3;170;0, LES PLAINES (LIEU DIT;M;4603156;410057;420
201400027206;14;7;2;1940;1;2;2;7;3;184;0, SAINT-ROMAIN (RUE DE);M;4604756;403713;420
201400027207;14;7;4;915;1;2;2;1;3;187;0, CENTRALE (AVENUE);M;4606724;407538;420
201400027208;14;7;4;1755;1;2;1;1;1;187;0, VIES VIEILLES (RUE DE;M;4603691;407711;420
201400027209;14;7;7;1450;1;2;2;2;3;187;0, MATEL (RUE DE );M;4604900;408708;420
201400027210;14;7;9;840;1;2;1;2;6;187;31, RAFFIN (RUE ALEXANDR;M;4603395;406689;420
201400027211;14;7;15;1615;1;2;1;1;2;187;0, PROMENADES POPULLE(PO;M;4603666;406432;420
201400027212;14;7;16;1924;1;2;1;1;7;187;0, CIMETIERE (BOULEVARD;M;4604964;407042;420
201400027213;14;7;27;130;5;2;1;1;6;332;28, COMMIERES (RUE DE );M;4602097;405396;420
201400027214;14;8;1;2325;5;2;1;1;6;187;87, SEMARD (RUE PIERRE );M;4604205;406041;420
201400027215;14;8;4;1835;1;2;2;1;7;187;0, RABELAIS (RUE FRANCOI;M;4604071;405571;420
201400027216;14;8;5;1056;1;2;2;1;3;187;0, GONTHIER (RUE);M;4603920;405447;420
201400027217;14;8;7;1340;1;2;1;1;2;71;0, PARMENTIER (RUE ANTOI;M;4602872;408837;420
201400027218;14;8;12;1410;1;1;1;1;1;187;0, EST (ROCADE);M;4604953;408552;420
201400027219;14;8;12;1830;1;2;1;1;6;187;1, SEMARD (RUE PIERRE );M;4603725;406381;420
201400027220;14;8;16;2230;5;2;1;1;7;187;33, COOPERATION (RUE DE;M;4603016;406274;420
201400027221;14;8;21;1410;1;2;3;1;3;184;0, BLUM  LEON   (RUE);M;4604312;403246;420
201400027222;14;8;22;1539;1;2;3;1;3;187;0, FOURCAULD (QUAI  COMM;M;4603884;408423;420
201400027223;14;8;26;1155;1;1;1;1;1;170;0, R.D 504;M;4603699;412417;420
201400027224;14;8;28;955;1;2;3;1;3;71;1, LIBERATION (AVENUE DE;M;4603168;408258;420
201400027225;14;8;31;1800;1;2;1;1;6;187;0, BOURGOGNE (RUE DE);M;4603897;407768;420
201400027226;14;9;2;1705;1;2;2;1;3;187;0, ARRAS (BOULEVARD D');M;4606422;407443;420
201400027227;14;9;5;2030;5;2;1;1;6;184;0, RUE DU FUYANT;M;4604472;405546;420
201400027228;14;9;7;1915;1;2;2;1;3;187;44, CUGNOT (RUE NICOLAS);M;4604373;406123;420
201400027229;14;9;10;1645;1;2;1;1;2;187;91, CLERMONT (RUE DE );M;4602784;406423;420
201400027230;14;9;15;1700;1;2;2;1;3;187;0, LIBERTE ( BOULEVARD D;M;4604716;408359;420
201400027231;14;9;16;1335;1;2;1;1;6;187;94, CHARLIEU (RUE DE );M;4604696;408186;420
201400027232;14;9;25;800;2;2;6;2;7;184;0, MICHEL LOUISE  (RUE);M;4604768;405133;420
201400027233;14;9;25;1535;1;2;1;1;2;187;0, CHARLIEU (RUE DE );M;4605972;408788;420
201400027234;14;9;26;1650;1;2;1;1;6;187;0, LIBERTE ( BOULEVARD D;M;4604788;408249;420
201400027235;14;9;27;1100;1;2;1;1;7;187;0, CHARLIEU (RUE DE );M;4605574;408638;420
201400027236;14;10;6;2228;5;2;2;2;3;187;0, BELGIQUE (BOULEVARD D;M;4604592;407453;420
201400027237;14;10;9;1053;2;2;1;1;7;187;78, MULSANT (RUE);M;4603856;405844;420
201400027238;14;10;11;2000;5;2;1;1;7;184;0, OUEST  (BD);M;4604565;405689;420
201400027239;14;10;12;1220;1;2;1;3;7;184;0, MICHEL LOUISE  (RUE);M;4604828;405166;420
201400027240;14;10;17;820;1;2;2;1;3;187;0, POLYGONE (AVENUE DU );M;4605621;407805;420
201400027241;14;10;18;1115;1;2;1;1;4;127;116, Route nationale 7;M;4607103;404648;420
201400027242;14;10;18;2155;5;2;2;1;3;187;0, HOCHE (RUE);M;4603001;407517;420
201400027243;14;10;18;1215;1;2;4;1;6;187;0, PASCAL (IMPASSE);M;4604249;405821;420
201400027244;14;10;20;1115;1;2;2;1;3;187;0, CIMETIERE (BOULEVARD;M;4604845;406948;420
201400027245;14;10;21;1745;1;2;2;1;3;187;0, BARON DU MARAIS (BOUL;M;4604353;406759;420
201400027246;14;10;27;1345;1;2;1;1;2;184;0, RONDET MICHEL (RUE);M;4605976;405152;420
201400027247;14;10;27;1700;1;2;1;1;7;187;0, MARECHAL JOFFRE (BOUL;M;4605315;407394;420
201400027248;14;10;28;1940;5;2;6;1;3;127;0, CORNEILLE PIERRE (RUE;M;4606299;406268;420
201400027249;14;10;29;1540;1;2;6;1;7;71;0, POTERIE (BOULEVARD DE;M;4601911;409280;420
201400027250;14;10;29;1740;5;2;2;1;3;187;2, BENOIT (BOULEVARD CAM;M;4604908;407399;420
201400027251;14;11;3;1540;1;2;2;1;7;187;0, CLEMENT (BOULEVARD JE;M;4604020;408023;420
201400027252;14;11;4;1800;5;1;1;3;7;184;0, OUEST  (BD);M;4605315;406967;420
201400027253;14;11;8;1315;1;2;2;1;3;184;0, BLUM  LEON   (RUE);M;4604555;404038;420
201400027254;14;11;9;2150;5;2;2;2;3;187;0, PARIS (AVENUE DE);M;4604572;407021;420
201400027255;14;11;16;1450;1;2;1;2;7;187;0, AUGE (RUE JOANNY);M;4603989;405229;420
201400027256;14;11;20;1440;1;2;2;1;3;187;0, PERNETTY (RUE);M;4604078;405579;420
201400027257;14;11;21;733;1;2;1;1;7;187;0, HOPITAL (RUE DE L');M;4604142;407765;420
201400027258;14;11;21;758;1;2;1;1;6;187;0, JAURES (RUE JEAN);M;4603602;407070;420
201400027259;14;11;22;1135;1;2;2;1;3;187;0, PARIS (AVENUE DE);M;4605065;406661;420
201400027260;14;11;28;1615;1;2;1;1;7;187;25, DEPIERRE (RUE PIERRE;M;4603134;407590;420
201400027261;14;11;30;545;5;2;1;3;6;187;0, LOIRE (LEVEE DE LA );M;4603034;407761;420
201400027262;14;12;1;1400;1;2;2;6;6;187;0, DOURDEIN (RUE AUGUSTE;M;4604048;405359;420
201400027263;14;12;3;840;1;2;1;2;3;187;0, FOCH (RUE MARECHAL);M;4603925;404563;420
201400027264;14;12;6;1745;5;2;1;2;6;187;0, MACE (RUE JEAN);M;4603779;407531;420
201400027265;14;12;9;900;1;2;1;1;3;184;145, FOCH MARECHAL (RUE);M;4603978;404986;420
201400027266;14;12;9;1545;1;2;1;1;4;170;0, LES PLAINES (LIEU DIT;M;4602930;409511;420
201400027267;14;12;12;810;2;2;1;1;7;187;0, RECLUS (RUE ELISEE);M;4604340;406826;420
201400027268;14;12;11;1100;1;2;1;2;6;187;61, JAURES (RUE JEAN);M;4603576;407151;420
201400027269;14;12;12;1155;1;2;1;1;2;187;0, LECLERC (QUAI DU GENE;M;4603266;407946;420
201400027270;14;12;15;1355;1;2;1;1;7;187;0, FOLLEREAU (RUE RAOUL);M;4603240;407395;420
201400027271;14;12;18;800;5;2;2;3;3;187;0, BRAVARD (RUE);M;4602745;406371;420
201400027272;14;12;18;1155;1;2;1;1;2;127;0, Route nationale 7;M;4607982;403151;420
201400027273;14;12;22;1545;1;1;1;1;6;184;1007, DUBREUIL PIERRE (P;M;4605248;404427;420
201400027274;14;12;25;110;5;2;2;1;3;71;0, LIBERATION (AVENUE DE;M;4602354;408753;420
201400027275;14;12;26;1240;1;2;2;1;3;187;0, SAINT-ALBAN (RUE DE );M;4603573;405217;420
201400027276;14;1;16;805;1;2;1;2;5;207;CRET D'OEILLET ROUTE DU;M;4548735;452588;420
201400027277;14;1;10;1330;1;2;1;1;3;207;26, VARIZELLE ROUTE DE L;M;4546351;449021;420
201400027278;14;1;13;1810;5;2;1;2;3;207;18, FONSALA BOULEVARD;M;4547612;452903;420
201400027279;14;2;4;1700;1;2;1;7;3;110;12, MARIN  COURS;M;4548666;454562;420
201400027280;14;2;11;950;1;2;1;1;6;207;19, BROSSE DE LA;M;4547535;451923;420
201400027281;14;2;13;1415;1;2;1;1;6;207;23, LIBERTE  PLACE DE LA;M;4547390;450983;420
201400027282;14;2;14;1510;1;2;1;1;6;110;81, PASTEUR  AVENUE;M;4548370;453552;420
201400027283;14;1;21;955;1;2;1;8;6;207;DAUPHINE COURS DU;M;4547619;453439;420
201400027284;14;5;19;900;1;2;1;1;3;110;12, PASTEUR  AVENUE;M;4548657;454331;420
201400027285;14;6;16;2010;1;2;1;1;1;207;12, GAMBETTA RUE;M;4547350;451116;420
201400027286;14;6;13;1820;1;2;1;1;5;110;PASTEUR  AVENUE;M;4548744;454534;420
201400027287;14;6;18;1940;1;2;3;3;3;207;10, ROYET DE LA BASTIE R;M;4546369;450626;420
201400027288;14;6;26;1130;1;2;1;1;6;207;1, COIN ROUTE DU;M;4547245;451779;420
201400027289;14;7;19;1215;1;2;1;1;2;207;13, SAINT ETIENNE ROUTE;M;4546677;449863;420
201400027290;14;8;15;1450;1;2;1;1;2;110;27, PASTEUR  AVENUE;M;4548644;454397;420
201400027291;14;9;3;830;1;2;1;1;3;207;1, LIBERATION  AVENUE  D;M;4547473;451171;420
201400027292;14;10;2;2030;5;2;2;1;3;207;17, RIVE QUAI DE LA;M;4547912;451555;420
201400027293;14;10;8;1755;1;1;1;1;1;207;1, BOURDON LIEU DIT;M;4549544;452478;420
201400027294;14;11;28;705;2;2;3;1;3;207;1, SAINT ETIENNE RUE;M;4547222;450688;420
201400027295;14;12;17;1735;5;2;1;2;6;110;34, PASTEUR  AVENUE;M;4548378;453502;420
201400027296;14;1;3;2035;3;1;1;2;6;223;C.D. N?15;M;4544525;433984;420
201400027297;14;12;8;1705;5;2;1;1;4;218;ignor?, KRUMNOW FREDO (B;M;4543962;437865;420
201400027298;14;1;7;1115;1;2;1;1;6;189;ignor?, LECLERC MARECHAL;M;4543116;433215;420
201400027299;14;1;7;1834;5;2;2;1;1;218;27, PUPIER JOSEPH;M;4541563;439503;420
201400027300;14;1;9;1215;1;2;1;1;6;218;SANS, LOUGANSK (DE);M;4542205;441388;420
201400027301;14;12;16;745;5;2;3;1;6;218;sans, PICASSO (PABLO);M;4544982;438880;420
201400027302;14;1;11;1340;1;2;3;1;6;218;56, ONZE NOVEMBRE A PART;M;4542559;439120;420
201400027303;14;1;14;2337;5;2;2;1;6;218;101, VALBENOITE (BD) JUS;M;4542400;439748;420
201400027304;14;1;14;1750;5;2;1;2;6;218;17, VISITATION (DE LA);M;4544906;437969;420
201400027305;14;1;16;820;1;2;1;1;6;218;17, LAMARTINE;M;4544855;438104;420
201400027306;14;1;22;1827;5;2;3;2;6;218;THIERS (BOULEVARD);M;4545365;438822;420
201400027307;14;1;23;740;3;2;3;1;3;218;TOUR (DE LA);M;4547615;438809;420
201400027308;14;1;23;955;1;2;2;1;3;218;ignor?, ACIERIES (DES);M;4545359;439071;420
201400027309;14;1;26;1350;1;2;3;1;6;218;28, BRIAND ET DE LA PAIX;M;4543895;438286;420
201400027310;14;1;30;1830;5;2;1;3;6;218;33, ROCHETAILLEE (AVENUE;M;4541849;439982;420
201400027311;14;1;31;730;2;2;3;8;6;218;102, CHAVASSIEUX A PARTI;M;4544974;436479;420
201400027312;14;2;1;1148;1;2;1;1;6;305;LECLERC Général;M;4548233;443131;420
201400027313;14;2;2;845;1;2;2;1;3;218;ignor?, FOUGEROLLE;M;4543229;439271;420
201400027314;14;2;6;235;5;2;6;1;6;218;BASTIN MARCEL (ROND POIN;M;4544880;439375;420
201400027315;14;2;6;815;1;1;3;1;3;305;ignor?, CD 498;M;4548118;443479;420
201400027316;14;2;11;1028;1;2;1;1;6;223;29, REPUBLIQUE;M;4544434;433762;420
201400027317;14;2;10;1541;1;2;3;1;6;218;01, COLARD CAMILLE;M;4543775;438752;420
201400027318;14;2;20;1510;1;2;2;8;3;218;27, POURCEL ALEXANDRE A;M;4542388;439611;420
201400027319;14;2;20;1605;1;2;1;8;5;218;FACE 72, JANIN JULES (BD;M;4544498;439780;420
201400027320;14;2;21;1210;1;2;1;1;6;218;16, MICHELON DOCTEUR PAU;M;4542461;442283;420
201400027321;14;2;23;730;2;2;1;1;6;218;IGNORE, TILLEULS (DES);M;4544634;438004;420
201400027322;14;2;23;1150;1;1;1;1;6;218;ignor?, ROSERAIE (ROND P;M;4543270;429423;420
201400027323;14;2;23;1640;1;2;3;1;3;218;138, BERGSON A PARTIR N?;M;4546336;438039;420
201400027324;14;2;24;1650;1;2;2;1;3;218;DE GAULLE CHARLES;M;4544325;438600;420
201400027325;14;2;20;1640;1;1;1;1;1;189;IGNORE, BRIQUETTERIE;M;4542104;432341;420
201400027326;14;2;25;955;1;2;1;1;6;218;1, DORNE MARIE JOSEPH;M;4542248;439806;420
201400027327;14;2;27;1500;1;2;9;3;6;218;88, ONZE NOVEMBRE A PART;M;4542339;439170;420
201400027328;14;3;1;1845;1;2;1;1;6;218;45, DE GAULLE CHARLES;M;4544564;438535;420
201400027329;14;3;1;2030;5;2;2;1;2;218;ignor?, ONZE NOVEMBRE A;M;4542647;439074;420
201400027330;14;3;7;1738;1;2;2;1;3;218;15, ARCOLE A PARTIR DES;M;4544016;438257;420