num_acc;an;mois;jour;hrmn;lum;agg;int;atm;col;com;adr;gps;lat;long;dep
201400027331;14;3;9;530;3;1;1;1;6;223;ROCADE OUEST;M;4544291;434226;420
201400027332;14;3;24;835;1;2;3;1;6;218;56, MONTAT (DE LA) JUSQU;M;4544118;440469;420
201400027333;14;3;24;1730;1;2;1;1;6;218;58, VERGNETTE S/LT JOSEP;M;4542510;438402;420
201400027334;14;4;3;1740;1;2;2;8;3;218;67, TERRENOIRE (DE) A PA;M;4543424;441728;420
201400027335;14;4;4;1444;1;2;3;1;3;218;ignor?, BRULE JUSQU'AUX;M;4542860;437282;420
201400027336;14;4;8;1305;1;2;2;1;3;218;ALLIES JUSQU'AUX N? 115-;M;4543904;440512;420
201400027337;14;4;14;1750;1;2;1;1;6;218;7, FLOQUET CHARLES;M;4544287;437181;420
201400027338;14;4;14;1935;1;2;1;1;6;218;07, MORISOT BERTHE;M;4542535;441533;420
201400027339;14;4;15;1900;1;2;1;1;6;218;32, CHARCOT DOCTEURS JUS;M;4542116;439228;420
201400027340;14;4;15;1932;1;2;3;1;1;330;09, MICHARD;M;4547174;436090;420
201400027341;14;4;16;1211;1;2;1;1;6;305;50, HUGO VICTOR;M;4548211;443751;420
201400027342;14;4;16;745;1;2;1;1;6;218;3, BORIE;M;4545010;438393;420
201400027343;14;4;16;1740;1;2;1;1;2;218;face au 27, MIMARD ETIEN;M;4543879;439693;420
201400027344;14;4;16;1909;1;2;1;1;6;218;01, DESTRE DOCTEUR LOUIS;M;4543677;443728;420
201400027345;14;4;25;1710;1;2;1;1;6;305;02, ECUREUILS (SENTIER);M;4548676;442860;420
201400027346;14;4;28;1030;1;2;2;1;6;218;ignor?, CROIX COURETTE;M;4543557;439345;420
201400027347;14;4;29;1707;1;2;1;1;6;218;10, HOTEL DE VILLE (PLAC;M;4543854;438738;420
201400027348;14;5;12;543;5;2;1;1;6;218;144, EVRARD FLORENT A PA;M;4541555;437508;420
201400027349;14;4;29;1524;1;2;1;1;6;218;19, ROBESPIERRE;M;4541362;439626;420
201400027350;14;4;30;1816;1;2;2;1;1;218;17, LAVOISIER;M;4544649;438977;420
201400027351;14;5;1;1125;1;1;1;1;6;189;53, BRAILLE LOUIS (BOULE;M;4541486;430481;420
201400027352;14;5;5;1750;1;1;1;1;3;218;sans, LE BERLAND (LIEU D;M;4543404;429535;420
201400027353;14;5;13;1040;1;2;1;1;6;218;ignor?, MENDES FRANCE PI;M;4543711;437881;420
201400027354;14;5;18;1355;1;2;1;1;2;189;15, GAMBETTA;M;4543321;432464;420
201400027355;14;5;19;1425;1;2;1;1;2;218;03, FAURIAT (BOULEVARD);M;4544956;440272;420
201400027356;14;5;19;1829;1;2;1;1;6;218;01, FAURIAT (BOULEVARD);M;4544951;440270;420
201400027357;14;5;24;930;1;2;1;1;3;218;12, BADOUILLERE JUSQU'AU;M;4543212;439117;420
201400027358;14;5;27;730;1;2;1;2;6;218;42, GAUTHIER DUMONT A PA;M;4543532;441847;420
201400027359;14;5;27;1515;1;2;1;1;6;218;GRIGNARD VICTOR;M;4546262;439769;420
201400027360;14;5;27;1820;1;2;1;1;6;218;35, FOURNEYRON (PLACE);M;4543964;439654;420
201400027361;14;5;27;1630;1;2;1;1;6;218;42, PERI GABRIEL A PARTI;M;4541124;438564;420
201400027362;14;5;30;1830;1;2;3;1;6;218;09, RONDET MICHEL JUSQU';M;4543819;438613;420
201400027363;14;6;1;440;5;2;1;1;6;218;65, DESTRE DOCTEUR LOUIS;M;4544144;443531;420
201400027364;14;6;4;1518;1;2;1;1;6;218;6, THOMAS ALBERT (PLACE);M;4543243;438766;420
201400027365;14;6;7;1136;1;2;3;1;3;218;19, MIMARD ETIENNE JUSQU;M;4543811;439603;420
201400027366;14;6;6;855;1;2;1;1;6;275;7, SALENGRO ROGER (SQUAR;M;4546849;438142;420
201400027367;14;6;9;1740;1;2;6;1;3;189;ignor?, MARTYRS DE LA RE;M;4543239;432233;420
201400027368;14;6;6;1400;1;2;6;1;3;218;62, NORMANDIE NIEMEN A P;M;4543673;441342;420
201400027369;14;6;11;1939;1;2;1;1;6;218;16, BALAY JUSQU'AUX N? 5;M;4544310;438687;420
201400027370;14;6;12;1400;1;1;1;1;6;330;IGNORE, C.C. VILLARS;M;4547803;434699;420
201400027371;14;6;15;750;1;2;2;1;3;218;78, ONZE NOVEMBRE A PART;M;4542421;439138;420
201400027372;14;6;16;715;1;2;1;1;6;305;10, HUGO VICTOR;M;4547979;443154;420
201400027373;14;6;19;2030;1;2;1;1;6;218;81, MONTAT (DE LA) JUSQU;M;4544194;440775;420
201400027374;14;6;19;1355;1;2;2;1;6;218;CHOLAT CHARLES;M;4546609;439888;420
201400027375;14;6;21;1040;1;2;3;1;2;218;72, MARENGO A PARTIR N?;M;4544811;438335;420
201400027376;14;6;21;2250;5;2;1;1;6;218;13, APPRENTISSAGE;M;4543440;437824;420
201400027377;14;6;23;1030;1;2;1;1;6;218;4, JACQUARD (PLACE);M;4544180;438261;420
201400027378;14;6;23;2010;1;2;4;1;6;218;RONIN PAUL;M;4543591;441578;420
201400027379;14;6;25;1900;1;2;3;1;3;218;sans, HAVEURS (DES);M;4542392;437508;420
201400027380;14;6;27;740;1;2;1;1;3;218;49, TERRENOIRE (DE) A PA;M;4543327;441580;420
201400027381;14;6;26;1415;1;2;1;1;1;218;01, J. B. OGIER;M;4543529;443095;420
201400027382;14;6;27;2015;1;2;1;1;6;237;2, BETHANIE (SOEUR MARIE;M;4544745;443686;420
201400027383;14;7;1;315;5;2;1;1;7;218;VOYTIER FRANCISQUE;M;4542334;440383;420
201400027384;14;7;4;1800;1;1;1;3;1;218;R.D. N?25;M;4541595;430055;420
201400027385;14;7;15;1215;1;2;1;8;6;218;8, ROCHETAILLEE (AVENUE);M;4542077;439800;420
201400027386;14;7;16;1845;1;2;1;1;4;218;5, VALBENOITE (BD) JUSQU;M;4542952;439474;420
201400027387;14;7;17;1840;1;2;1;1;2;218;47, ROCHETAILLEE (AV;M;4541757;440040;420
201400027388;14;7;21;910;1;2;1;3;6;218;PARE AMBROISE A PARTIR N;M;4541300;439243;420
201400027389;14;7;22;2230;5;2;1;1;6;218;36, BEAUBRUN;M;4543363;438187;420
201400027390;14;7;25;1655;1;2;1;3;6;218;32, MICHELET A PARTIR N?;M;4543471;438960;420
201400027391;14;8;1;2150;3;2;1;3;3;218;10, PARE AMBROISE JUSQU';M;4541144;438983;420
201400027392;14;8;15;930;1;2;1;1;7;218;20, CHAVASSIEUX JUSQU'AU;M;4544602;436793;420
201400027393;14;8;23;520;5;2;2;1;3;218;IGNORE, PARMENTIER A PAR;M;4541439;440083;420
201400027394;14;8;23;1350;1;2;2;1;3;305;ignor?, HUGO VICTOR;M;4548232;443815;420
201400027395;14;8;23;1830;1;2;2;1;3;218;IGNORE, POURCEL ALEXANDR;M;4542393;439615;420
201400027396;14;8;28;2031;2;2;1;1;7;218;15, CHARCOT DOCTEURS JUS;M;4542235;439223;420
201400027397;14;9;6;1150;1;2;1;1;6;330;29, THIERS;M;4546609;436948;420
201400027398;14;9;8;150;5;2;1;1;6;218;38, ALLIES JUSQU'AUX N?;M;4543979;440169;420
201400027399;14;9;8;1520;1;2;1;3;6;218;130, MONTAT (DE LA) A PA;M;4544383;441629;420
201400027400;14;9;11;1155;1;2;1;1;3;218;7, ODDE CLAUDE;M;4545953;438506;420
201400027401;14;9;14;2020;4;2;6;1;2;218;ROOSEVELT FRANKLIN (SQUA;M;4542100;441083;420
201400027402;14;9;15;1900;1;2;1;3;2;218;22 bis, JANIN JULES (BD);M;4544784;438796;420
201400027403;14;9;15;830;1;1;1;1;5;218;CONDAMINE (LIEU DIT);M;4544849;428264;420
201400027404;14;9;16;2110;5;2;1;1;3;218;LATTRE DE TASSIGNY MARCH;M;4544065;436953;420
201400027405;14;9;18;1150;1;2;1;1;6;218;29, SAINT JEAN;M;4543745;439033;420
201400027406;14;9;19;2255;5;2;2;1;3;218;ALLARD MARCELLIN;M;4543670;439256;420
201400027407;14;9;16;1610;1;2;1;1;6;218;02, BARROUIN JUSQU'AUX N;M;4545391;438359;420
201400027408;14;9;23;2335;5;2;3;1;6;218;01, HOTEL DE VILLE (PLAC;M;4543967;438779;420
201400027409;14;9;23;2100;5;2;1;1;6;218;01, CHARCOT DOCTEURS JUS;M;4542312;439193;420
201400027410;14;9;26;1630;1;1;1;1;6;237;BONNEFONDS LA SOURCE (LI;M;4545298;444744;420
201400027411;14;9;26;1835;1;2;1;1;6;218;133, MONTAT (DE LA) A PA;M;4544395;441579;420
201400027412;14;9;29;810;1;2;1;3;2;223;BOIS (ALLEE DU);M;4545272;433063;420
201400027413;14;9;29;1115;1;2;2;1;3;218;ignore, BUFFON;M;4541619;439071;420
201400027414;14;10;2;555;5;2;2;1;3;218;54, MONTAT (DE LA) JUSQU;M;4544127;440476;420
201400027415;14;9;26;1630;1;2;1;1;3;218;99 BIS, FAURIEL (COURS);M;4542292;440930;420
201400027416;14;10;3;1030;1;2;1;1;6;218;1, FAURIEL (COURS);M;4543155;439559;420
201400027417;14;10;4;1125;1;2;3;1;3;218;DE LATTRE DE TASSIGNY MA;M;4544108;436966;420
201400027418;14;10;3;1535;1;2;1;1;3;223;9, REPUBLIQUE;M;4544589;433669;420
201400027419;14;10;3;1705;1;2;1;1;6;330;sans, THIERS;M;4546878;436559;420
201400027420;14;10;7;1510;1;2;2;1;3;218;IGNORE, THIERRY AUGUSTIN;M;4544683;438375;420
201400027421;14;10;7;2005;2;2;1;1;6;218;16, CHAIZE NICOLAS JUSQU;M;4541823;439610;420
201400027422;14;10;13;1815;1;2;2;2;6;218;, MONTGOLFIER;M;4544689;438638;420
201400027423;14;10;11;1345;1;2;8;1;6;275;SANS, MENDES FRANCE PIER;M;4547412;436796;420
201400027424;14;10;13;940;1;2;2;1;3;218;MADAGASCAR;M;4542562;442119;420
201400027425;14;10;24;354;5;2;1;1;7;218;22, REVOLLIER J-FRANCOIS;M;4545552;437709;420
201400027426;14;10;24;1710;1;2;3;1;3;218;IGNORE, PARC (DU);M;4540977;444621;420
201400027427;14;10;25;730;2;2;1;1;3;218;7, MARX KARL (BOULEVARD);M;4542597;441394;420
201400027428;14;10;25;1705;1;1;1;1;6;218;La Barbanche;M;4538949;447840;420
201400027429;14;10;26;400;5;2;1;1;6;218;07, SAINT JOSEPH JUSQU'A;M;4544194;437713;420
201400027430;14;10;26;1925;5;2;3;1;3;218;IGNORE, TULIPES (DES);M;4546894;439408;420
201400027431;14;10;27;1815;5;2;1;1;3;218;ignor?, TALAUDIERE (DE L;M;4545605;441430;420
201400027432;14;10;30;730;1;2;1;1;3;305;ignor?, HUGO VICTOR;M;4548231;443815;420
201400027433;14;10;31;1007;1;2;1;1;4;218;139, PERI GABRIEL A PART;M;4540711;438012;420
201400027434;14;10;31;1715;1;2;2;1;3;218;ignor?, MOLINA (DE);M;4546609;439888;420
201400027435;14;11;7;1310;1;2;1;1;6;218;ignor?, CANCET ROBERT;M;4543838;440202;420
201400027436;14;11;7;1830;2;1;1;1;4;330;ROCADE OUEST;M;4547474;434561;420
201400027437;14;11;11;1827;5;2;1;1;6;218;IGNORE, MENDES FRANCE PI;M;4543737;437875;420
201400027438;14;11;13;140;5;2;1;1;6;275;8 BIS, REPUBLIQUE;M;4546948;437828;420
201400027439;14;11;13;825;1;2;8;1;6;218;1, CHARCOT DOCTEURS JUSQ;M;4542300;439179;420
201400027440;14;11;15;2125;4;2;1;1;6;218;99, SAINT SIMON;M;4545240;436590;420
201400027441;14;11;26;1820;3;1;1;1;2;189;ROCADE OUEST;M;4542798;435448;420
201400027442;14;11;27;835;1;2;1;1;3;218;TROIS GLORIEUSES (DES);M;4546782;438349;420
201400027443;14;11;27;1050;1;2;2;1;3;218;ignor?, FRAISSINETTE ALE;M;4542512;442060;420
201400027444;14;12;3;1805;5;2;1;1;6;218;ignor?, ONZE NOVEMBRE A;M;4543028;438966;420
201400027445;14;12;3;1810;5;2;1;2;4;218;32 A, ROCHETAILLEE (AVEN;M;4541822;439994;420
201400027446;14;12;8;1515;1;2;2;2;3;218;ignor?, VERNEY CARRON CL;M;4546369;438176;420
201400027447;14;12;8;748;2;2;1;2;6;218;40, MIMARD ETIENNE A PAR;M;4543923;439759;420
201400027448;14;12;12;1723;5;2;1;1;6;218;ignor?, THIERS (BOULEVAR;M;4545033;439001;420
201400027449;14;12;14;1727;1;2;1;1;1;237;ONZE NOVEMBRE (PLACE DU);M;4545233;444736;420
201400027450;14;12;12;1725;5;2;1;1;6;189;14, MARECHAL LECLERC (BO;M;4543263;432694;420
201400027451;14;12;11;1714;2;2;2;1;1;218;ignor?, ACIERIES (DES);M;4545359;439071;420
201400027452;14;12;17;1700;1;2;1;1;5;218;IGNORE, BERGSON A PARTIR;M;4545630;438254;420
201400027453;14;12;27;1010;1;1;1;1;6;330;ignor?, ROCADE OUEST;M;4547954;434818;420
201400027454;14;12;28;555;5;2;2;4;6;218;02, AMOUROUX JUSQU'AUX N;M;4541378;439604;420
201400027455;14;1;13;1750;5;2;1;2;6;251;R ST BENOIT/R CH MASSOT;;;;430
201400027456;14;1;16;800;1;2;1;2;6;157;15 RTE DE MONTREDON;;;;430
201400027457;14;1;27;2310;5;2;2;1;3;157;VAL-VERT (AVENUE DU);;;;430
201400027458;14;2;7;1350;1;2;1;1;4;157;19, BELGES (AV. DES);M;4504720;389622;430
201400027459;14;2;3;1115;1;2;3;1;2;89;1 AV D'AIGUILHE;M;4505150;386994;430
201400027460;14;2;7;1945;5;2;6;1;3;41;RDPT CORSAC;M;4504960;391375;430
201400027461;14;3;19;1210;1;1;1;1;1;89;D 590;M;4505820;383945;430
201400027462;14;4;14;835;1;2;1;1;6;157;13 AV ANDR? SOULIER;;;;430
201400027463;14;4;11;1220;1;2;1;1;6;157;AV DU G?N?RAL DE GAULLE;;;;430
201400027464;14;5;13;1405;1;1;3;2;3;157;CARF DE MONTREDON;M;4505560;390274;430
201400027465;14;5;21;1355;1;2;3;1;3;157;BD GAMBETTA;M;4504470;387826;430
201400027466;14;6;3;1855;1;2;1;1;6;41;70 AV CHARLES DUPUY;M;4505240;391131;430
201400027467;14;6;5;1650;1;2;1;1;6;157;AV DU MAR?CHAL JOFFRE;M;4503120;388541;430
201400027468;14;6;10;1715;1;1;3;1;3;41;;M;4504990;391668;430
201400027469;14;6;10;2005;1;2;1;1;6;157;30 AV FOCH;M;4503990;388824;430
201400027470;14;6;8;2010;1;2;2;1;3;157;;;;;430
201400027471;14;6;11;2020;1;2;1;1;6;157;COT DE TIREBOEUF;M;4505000;390307;430
201400027472;14;6;12;1035;1;2;6;1;3;41;RDPT DE LA CHARTREUSE;M;4505520;390904;430
201400027473;14;6;20;1725;1;2;2;1;3;157;BD DE CLUNY;M;4504800;389334;430
201400027474;14;6;26;1150;1;1;1;1;6;45;AV DE LA BERNARDE;M;4505720;383112;430
201400027475;14;7;13;1445;1;2;1;1;6;157;35 BD SAINT LOUIS;M;4504280;388038;430
201400027476;14;7;17;150;5;2;1;1;6;251;AV DE VALS;M;4502990;387590;430
201400027477;14;8;6;1645;1;1;3;1;3;89;RTE DE SAUGUES/CHM DE CO;M;4503560;386515;430
201400027478;14;8;16;1340;1;1;1;1;1;157;RN 88 GORGES DU LION;M;4501580;388291;430
201400027479;14;8;29;1210;1;1;1;1;6;157;88 (ROUTE NATIONALE);M;4501930;388647;430
201400027480;14;9;2;2049;2;2;1;1;3;157;53, BD ST-LOUIS;M;4504390;388014;430
201400027481;14;9;13;1610;1;2;1;1;6;157;18, GAZELLE (RUE DE LA);;;;430
201400027482;14;9;17;1430;1;2;1;1;6;251;61, AV DE VALS;M;4503190;387828;430
201400027483;14;9;16;1830;2;2;1;1;6;157;49 BIS BD SAINT LOUIS;M;4504460;387998;430
201400027484;14;9;21;1830;5;2;1;1;1;157;5 RUE DE COMPOSTELLE;;;;430
201400027485;14;9;7;1625;1;2;3;1;3;46;PONT LAFAYETTE;M;4505600;390059;430
201400027486;14;9;30;1015;1;2;1;1;6;157;RUE PIERRET;;;;430
201400027487;14;10;7;740;2;2;1;1;3;157;RTE DE MONTREDON;;;;430
201400027488;14;10;9;2230;5;2;1;3;1;46;16 MONTEE DE CHADRAC;;;;430
201400027489;14;10;11;1720;1;2;1;1;3;251;16, MASSOT (RUE CHARLES);;;;430
201400027490;14;10;20;1140;1;2;9;1;6;41;AV DE COUBON;M;4504300;392798;430
201400027491;14;10;31;1045;1;2;1;1;6;157;RUE SIMONE WEIL;;;;430
201400027492;14;10;30;1300;1;2;1;1;6;157;BD MAR?CHAL FAYOLLE;;;;430
201400027493;14;11;7;1610;1;2;1;1;6;41;RUE DE LA TRANSCEVENOLE;;;;430
201400027494;14;11;21;2020;2;2;1;1;6;89;AV DE LA BERNARDE;M;4504770;385557;430
201400027495;14;12;21;1830;5;2;1;1;6;41;141 AV CHARLES DUPUY;M;4505280;391089;430
201400027496;14;4;15;1930;1;2;2;1;3;157;17 AV ST FLORY/AV MECHED;;;;430
201400027497;14;2;12;1735;1;2;1;1;7;55;NS, NEYMAN ( AVENUE JEAN;;;;440
201400027498;14;2;21;1230;1;2;2;1;3;55;NS, LILAS ( AVENUE DES );;;;440
201400027499;14;2;22;1825;1;2;1;1;7;55;NS, CAILLAUD ( BOULEVARD;;;;440
201400027500;14;2;23;1;5;2;6;1;7;55;NS, PALMIERS ( PLACE DES;;;;440
201400027501;14;3;7;825;1;1;1;1;7;55;RD 213;;;;440
201400027502;14;3;12;840;1;2;3;1;6;135;NS, OC?AN ( AVENUE DE L';;;;440
201400027503;14;3;17;1900;5;2;3;1;3;55;18, DUBOIS ( BOULEVARD D;;;;440
201400027504;14;3;26;1525;1;2;3;1;3;135;NS, DE GAULLE ( BOULEVAR;;;;440
201400027505;14;3;30;1350;1;2;1;1;6;132;140, OCEANIDES (BOULEVAR;;;;440
201400027506;14;4;4;1720;1;2;1;7;6;55;71, OCEAN ( BOULEVARD DE;;;;440
201400027507;14;4;8;1400;1;2;6;1;3;132;OCEANIDES (BD);;;;440
201400027508;14;4;9;1610;1;2;1;1;1;55;NS, LILAS ( AVENUE DES );;;;440
201400027509;14;4;12;1240;1;1;1;1;2;55;NS, RD 213;;;;440
201400027510;14;4;15;1900;1;2;3;1;3;55;NS, MOULINS DE ROCHEFORT;;;;440
201400027511;14;4;16;1455;1;2;1;1;3;55;48, NO?LLES ( AVENUE DES;;;;440
201400027512;14;4;17;30;5;2;1;1;7;132;119, GAULLE (AVENUE DU G;;;;440
201400027513;14;4;18;1740;1;2;1;1;4;55;265, LATTRE DE TASSIGNY;;;;440
201400027514;14;4;20;1740;1;1;1;1;7;55;D 213;;;;440
201400027515;14;4;20;2255;5;2;1;1;6;55;55, M?SOR? ( CHEMIN DE );;;;440
201400027516;14;4;23;1620;1;2;1;2;7;132;52, OCEANIDES (BOULEVARD;;;;440
201400027517;14;4;30;950;1;2;6;1;3;55;NS, OC?AN ( BOULEVARD DE;;;;440
201400027518;14;4;30;1205;1;2;2;1;3;55;NS, R?GALES ( AVENUE DES;;;;440
201400027519;14;5;4;1435;1;2;2;1;1;55;NS, ETOILE ( AVENUE DE L;;;;440
201400027520;14;5;6;2240;5;2;1;1;6;55;NS, DUBOIS ( BOULEVARD D;;;;440
201400027521;14;5;8;2055;1;2;3;2;3;55;NS, CAILLAUD ( BOULEVARD;;;;440
201400027522;14;5;27;840;1;1;1;1;1;132;NS, D 392;;;;440
201400027523;14;5;28;1845;1;2;1;1;2;132;5, SAINT SEBASTIEN (AVEN;;;;440
201400027524;14;5;30;1215;1;2;1;1;2;55;4, DARLU ( BOULEVARD );;;;440
201400027525;14;5;31;245;5;2;1;1;6;55;LOCMARIAQUER ( AVENUE DE;;;;440
201400027526;14;6;1;215;5;2;1;1;7;132;151, GAULLE (AVENUE DU G;;;;440
201400027527;14;6;23;730;1;2;6;1;6;55;NS, OC?AN ( BOULEVARD DE;;;;440
201400027528;14;6;27;1615;1;2;1;1;6;132;54, OCEANIDES (BOULEVARD;;;;440
201400027529;14;6;29;15;5;2;2;1;3;55;NS, PIERRE PERC?E ( AVEN;;;;440
201400027530;14;7;4;755;1;1;1;1;7;55;NS, RD 213;;;;440
201400027531;14;7;10;1435;1;2;6;1;3;55;1, FONTAINES ( AVENUE DE;;;;440
201400027532;14;7;11;1315;1;2;9;1;2;55;NS, LILAS ( AVENUE DES );;;;440
201400027533;14;7;13;810;1;2;1;2;2;55;05, CHAMPSAVIN ( BOULEVA;;;;440
201400027534;14;7;13;1130;1;2;1;1;2;132;NS, FLAMMARION (AVENUE C;;;;440
201400027535;14;7;14;1700;1;2;1;1;2;55;MERMOZ ( AVENUE JEAN );;;;440
201400027536;14;7;19;1640;1;2;2;1;3;55;37, ONDINES ( AVENUE DES;;;;440
201400027537;14;7;20;40;3;1;1;1;6;132;NS, GUERANDE (ROUTE DE);;;;440
201400027538;14;7;25;5;3;1;1;1;6;55;ns, RD 213;;;;440
201400027539;14;7;26;1140;1;2;6;1;3;135;ns, OC?AN ( AVENUE DE L';;;;440
201400027540;14;7;27;340;5;2;6;1;6;55;96, OC?AN ( BOULEVARD DE;;;;440
201400027541;14;7;29;2020;1;2;1;1;2;55;17, OC?AN ( BOULEVARD DE;;;;440
201400027542;14;8;3;1835;1;2;1;1;3;55;24, BARRIERE ( ESPLANADE;;;;440
201400027543;14;8;19;130;5;2;6;1;7;135;GARE ( PLACE DE LA );;;;440
201400027544;14;9;4;1417;1;2;1;1;7;55;NS, OCEAN ( BOULEVARD DE;;;;440
201400027545;14;9;7;1025;1;2;1;1;2;55;29, DARLU ( BOULEVARD );;;;440
201400027546;14;9;15;1935;1;2;2;1;3;132;9, MER (AVENUE DE LA);;;;440
201400027547;14;9;18;1840;1;2;2;1;3;135;ATLANTIQUE ( BOULEVARD D;;;;440
201400027548;14;9;19;1805;1;2;2;1;1;55;NS, LOIRE ( AVENUE DE LA;;;;440
201400027549;14;9;19;1425;1;2;1;1;6;55;6, GERVOT ( AVENUE LOUIS;;;;440
201400027550;14;9;19;2030;5;2;1;1;3;55;NS, CAILLAUD ( BOULEVARD;;;;440
201400027551;14;9;28;1405;1;2;1;1;7;55;11, DARLU ( BOULEVARD );;;;440
201400027552;14;10;6;2300;3;1;1;1;7;132;NS, MAHUIT (ROUTE DE);;;;440
201400027553;14;10;21;1710;1;2;1;1;3;55;192, LATTRE DE TASSIGNY;;;;440
201400027554;14;10;23;330;5;2;1;1;6;132;30-34, VILLES BABIN (ROU;;;;440
201400027555;14;10;26;345;5;2;1;1;7;55;28, OC?AN ( BOULEVARD DE;;;;440
201400027556;14;10;30;120;5;1;1;1;6;55;10, BOUTROUX ( AVENUE JE;;;;440
201400027557;14;10;30;1710;1;2;3;1;3;55;NS, HENNECART ( BOULEVAR;;;;440
201400027558;14;10;30;1900;5;2;3;1;6;55;LATTRE DE TASSIGNY ( AVE;;;;440
201400027559;14;11;1;1205;1;1;3;1;3;132;NS, MAHUIT (ROUTE DE);;;;440
201400027560;14;11;1;1120;1;2;1;1;3;55;ns, LATTRE DE TASSIGNY (;;;;440
201400027561;14;11;2;1245;1;2;9;8;6;55;9, LOTI ( AVENUE PIERRE;;;;440
201400027562;14;11;5;1452;1;2;2;1;3;55;251, LATTRE DE TASSIGNY;;;;440
201400027563;14;12;4;1940;5;2;3;1;3;55;27, FORET ( BOULEVARD DE;;;;440
201400027564;14;12;21;220;4;2;1;1;6;55;44, CLEMENCEAU ( AVENUE;;;;440
201400027565;14;12;21;1820;5;2;9;1;3;55;NS, BARRIERE ( ESPLANADE;;;;440
201400027566;14;2;2;1745;1;2;1;1;7;135;59, GARE ( RUE DE LA );;;;440
201400027567;14;2;17;1230;1;2;1;1;7;55;BOUTROUX ( AVENUE JEAN );;;;440
201400027568;14;2;4;440;3;1;1;4;7;55;RD 213;;;;440
201400027569;14;2;18;1515;1;2;6;7;6;132;44, OCEANIDES (BOULEVARD;;;;440
201400027570;14;2;5;450;3;1;1;3;6;55;RD 213;;;;440
201400027571;14;3;1;1430;1;2;6;1;6;132;23, BAULOIS (AVENUE DU);;;;440
201400027572;14;1;6;2105;5;2;1;1;6;109;PLACE VIARME;;;;440
201400027573;14;1;6;2126;5;2;1;1;6;109;19, ROUTE DE RENNES;;;;440
201400027574;14;1;7;1405;1;2;1;1;3;109;52, ROUTE DE LA CHAPELLE;;;;440
201400027575;14;2;6;1650;1;2;2;1;6;109;BOULEVARD DES BELGES;;;;440
201400027576;14;1;9;1250;1;2;1;1;3;109;BOULEVARD DU PETIT PORT;;;;440
201400027577;14;1;9;2030;5;2;1;1;7;109;., BOULEVARD DU PETIT PO;;;;440
201400027578;14;1;6;720;5;2;6;3;3;162;., RUE DE SAINT NAZAIRE;;;;440
201400027579;14;1;9;1620;1;2;1;1;6;109;31, RUE DE STRASBOURG;;;;440
201400027580;14;1;11;615;5;2;1;1;7;109;RUE PITRE CHEVALIER;;;;440
201400027581;14;1;8;815;5;2;1;9;3;172;PONT DE BELLEVUE;;;;440
201400027582;14;1;13;1800;2;2;1;9;6;109;BOULEVARD GENERAL DE GAU;;;;440
201400027583;14;1;19;1950;5;2;2;5;6;109;BOULEVARD DE LA LIBERTE;;;;440
201400027584;14;1;20;2000;5;2;1;1;6;109;0, RUE DOCTEUR JULES SEB;;;;440
201400027585;14;1;21;1320;2;2;1;1;2;109;BOULEVARD JULES VERNE;;;;440
201400027586;14;1;23;810;2;2;1;1;6;190;55, AVENUE JEAN JAURES;;;;440
201400027587;14;1;13;1450;1;2;6;1;6;114;RUE ALFRED NOBEL;;;;440
201400027588;14;1;14;1240;1;1;2;1;3;162;AVENUE DE LA BARAUDIE;;;;440
201400027589;14;2;1;1107;1;2;1;1;6;114;0, RUE HUBERT DE LA BROS;;;;440
201400027590;14;2;1;1800;1;2;1;1;2;109;., RUE SAINT JACQUES;;;;440
201400027591;14;2;8;955;1;2;1;1;6;109;., BOULEVARD LEON JOUHAU;;;;440
201400027592;14;2;9;255;5;2;1;1;2;109;202, RUE PAUL BELLAMY;;;;440
201400027593;14;2;8;2155;5;2;1;1;3;109;COURS OLIVIER DE CLISSON;;;;440
201400027594;14;2;10;1730;1;2;1;1;2;109;224, BOULEVARD ROBERT SC;;;;440
201400027595;14;2;9;1223;1;2;1;1;6;109;0, PONT DE PONT ROUSSEAU;;;;440
201400027596;14;2;9;1445;1;1;1;8;3;114;75;;;;440
201400027597;14;1;31;2020;5;2;1;3;3;109;00, ROUTE DE SAINT JOSEP;;;;440
201400027598;14;2;9;2045;3;1;1;1;6;20;PERIPHERIQUE SUD;;;;440
201400027599;14;2;15;1315;1;2;1;1;6;109;19, LADMIRAULT (PL);;;;440
201400027600;14;2;14;1131;1;2;1;1;6;190;ROUTE DE CLISSON;;;;440
201400027601;14;2;17;800;2;2;1;1;6;162;0, BOULEVARD SALVADOR AL;;;;440
201400027602;14;2;17;1625;1;2;1;9;6;143;0, RUE GEORGES BOUTIN;;;;440
201400027603;14;2;14;2145;5;2;1;1;6;109;COURS DES 50 OTAGES;;;;440
201400027604;14;2;18;815;1;2;1;1;6;109;36, BOULEVARD VICTOR HUG;;;;440
201400027605;14;2;21;840;1;1;1;1;5;47;PERIPHERIQUE ROUTIER;;;;440
201400027606;14;2;21;1645;1;2;1;1;6;109;16, BOULEVARD ERNEST DAL;;;;440
201400027607;14;2;22;100;5;2;1;2;6;190;0, RUE MARIE CURIE;;;;440
201400027608;14;2;23;700;3;2;1;1;3;162;ROUTE ARMOR;;;;440
201400027609;14;2;23;750;1;2;1;1;7;114;PERIPHERIQUE ROUTIER;;;;440
201400027610;14;2;21;955;1;1;1;9;2;114;00, ROUTE DE VANNES;;;;440