num_acc;an;mois;jour;hrmn;lum;agg;int;atm;col;com;adr;gps;lat;long;dep
201400027611;14;2;25;2025;5;2;4;1;6;109;0, QUAI ERNEST RENAUD;;;;440
201400027612;14;2;26;750;2;2;1;5;6;162;123, QUAI EMILE CORMERAI;;;;440
201400027613;14;2;16;750;2;2;1;5;6;162;123, QUAI EMILE CORMERAI;;;;440
201400027614;14;2;26;910;1;1;1;1;4;109;0, PONT DE CHEVIRE;;;;440
201400027615;14;2;16;910;1;1;1;1;4;109;0, PONT DE CHEVIRE;;;;440
201400027616;14;2;22;1900;2;2;1;9;6;109;00, ALLEE BRANCAS;;;;440
201400027617;14;2;26;2015;5;2;1;1;6;109;0, RUE ANATOLE DE MONZIE;;;;440
201400027618;14;4;18;1400;1;2;3;1;3;109;11, BD VINCENT GACHE;;;;440
201400027619;14;2;26;1540;1;2;1;1;6;109;0, ALLEE BACO;;;;440
201400027620;14;3;1;1229;1;2;1;1;6;109;0, RUE GASTON VEIL;;;;440
201400027621;14;3;2;1917;3;2;6;3;2;114;280, ROUTE DE VANNES;;;;440
201400027622;14;3;3;1135;1;2;1;8;3;109;224, BOULEVARD ROBERT SC;;;;440
201400027623;14;3;5;905;1;2;1;1;6;109;0, BOULEVARD DE STALINGR;;;;440
201400027624;14;3;5;1108;1;2;1;1;4;109;PONT DE CHEVIRE;;;;440
201400027625;14;3;7;1600;1;2;1;1;6;109;258, ROUTE DE VANNES;;;;440
201400027626;14;3;8;300;5;2;1;1;6;109;0, BOULEVARD BENOIT FRAC;;;;440
201400027627;14;3;11;22;5;2;1;1;7;109;., RUE OCTAVE FEUILLET;;;;440
201400027628;14;3;14;2010;5;1;2;1;6;162;QUAI EMILE CORMERAIS;;;;440
201400027629;14;3;14;1300;1;2;6;1;6;109;0, BOULEVARD DE SARREBRU;;;;440
201400027630;14;3;14;1530;1;2;1;9;6;109;RUE MERCOEUR;;;;440
201400027631;14;3;17;1310;1;2;1;1;5;109;72, RUE DE LA BOURGEONNI;;;;440
201400027632;14;3;18;1720;1;2;1;1;6;109;48, BOULEVARD ERNEST DAL;;;;440
201400027633;14;3;21;455;5;2;6;3;3;109;0, BOULEVARD MICHELET;;;;440
201400027634;14;3;21;1045;1;2;1;1;6;162;104, BOULEVARD FRANCOIS;;;;440
201400027635;14;3;22;2117;5;2;1;1;3;109;9, BOULEVARD GEORGES POM;;;;440
201400027636;14;3;23;1450;1;2;1;2;6;162;0, BOULEVARD MARCEL PAUL;;;;440
201400027637;14;3;24;1210;1;2;1;1;6;109;RUE HENRI PICHERIT;;;;440
201400027638;14;3;24;1630;1;2;6;2;3;109;00, BOULEVARD SALVADOR A;;;;440
201400027639;14;3;24;2015;5;2;6;1;6;109;0, BOULEVARD JEAN PHILIP;;;;440
201400027640;14;3;26;1425;1;2;1;1;6;162;39, AVENUE DES NAUDIERES;;;;440
201400027641;14;3;28;1745;1;2;1;1;7;162;., RUE DE SAINT SERVAN;;;;440
201400027642;14;3;29;705;2;2;1;1;6;109;QUAI DU MARQUIS D'AIGUIL;;;;440
201400027643;14;3;29;1510;1;2;1;1;6;109;BOULEVARD DES BELGES;;;;440
201400027644;14;3;31;1200;1;2;1;1;6;109;BOULEVARD GENERAL DE GAU;;;;440
201400027645;14;3;31;1715;1;2;1;1;6;190;0, RUE DES PLANTES;;;;440
201400027646;14;4;7;1810;2;2;1;1;6;109;0, COURS DES 50 OTAGES;;;;440
201400027647;14;4;7;1935;1;2;6;1;3;109;., ROUTE DE LA CHAPELLE;;;;440
201400027648;14;4;8;2010;1;2;1;1;6;114;RD 965;;;;440
201400027649;14;4;10;850;1;2;3;1;3;109;RUE DES RENARDS;;;;440
201400027650;14;4;10;1310;1;2;3;1;5;109;0, RUE DU PORT BOYER;;;;440
201400027651;14;4;10;2315;5;2;1;1;7;109;0, BOULEVARD ROBERT SCHU;;;;440
201400027652;14;4;12;1500;1;2;1;1;6;143;RUE DU CHATEAU DE REZE;;;;440
201400027653;14;4;12;2005;1;2;1;1;6;109;0, PLACE VICTOR MANGIN;;;;440
201400027654;14;4;13;1750;1;2;1;1;6;143;30, RUE PIERRE LEGENDRE;;;;440
201400027655;14;4;15;1225;1;2;1;1;3;109;0, RUE GUIBAL;;;;440
201400027656;14;4;16;1815;1;2;1;1;6;143;25, AVENUE DE LA LIBERAT;;;;440
201400027657;14;4;18;950;1;2;1;1;6;109;15, RUE PITRE CHEVALIER;;;;440
201400027658;14;4;19;1415;1;2;1;1;6;109;0, BOULEVARD BENOIT FRAC;;;;440
201400027659;14;4;19;2250;5;2;1;1;6;109;215, RUE PAUL BELLAMY;;;;440
201400027660;14;4;19;600;2;2;1;1;6;109;0, QUAI DE LA FOSSE;;;;440
201400027661;14;4;21;1612;1;2;1;1;6;114;., RUE ARISTIDE ET MARGU;;;;440
201400027662;14;4;24;1730;1;2;1;1;3;109;52, BOULEVARD DE DOULON;;;;440
201400027663;14;4;24;2045;2;2;1;9;3;109;., RUE DE L'ILE BOTTY;;;;440
201400027664;14;4;25;1950;2;2;1;1;6;143;RUE DE LA ROBINIERE;;;;440
201400027665;14;4;26;2150;2;2;1;9;4;109;00, BOULEVARD GABRIEL GU;;;;440
201400027666;14;4;26;2225;5;2;1;3;6;109;0, BOULEVARD DE STALINGR;;;;440
201400027667;14;4;27;1500;2;2;6;2;6;109;0, BOULEVARD ALEXANDRE M;;;;440
201400027668;14;4;27;1110;1;2;1;2;6;143;pte des sorinières;;;;440
201400027669;14;4;27;1215;1;2;1;1;1;109;86, RUE DU BOIS HERCE;;;;440
201400027670;14;4;28;1525;1;2;1;1;6;162;PERIPHERIQUE;;;;440
201400027671;14;4;28;1615;1;2;1;2;2;162;0, BOULEVARD SALVADOR AL;;;;440
201400027672;14;4;28;1435;1;2;1;1;6;109;BOULEVARD DU TERTRE;;;;440
201400027673;14;4;29;1829;1;1;1;1;4;109;RUE DE GESVRES;;;;440
201400027674;14;4;30;1215;1;2;1;1;6;143;0, PERIPHERIQUE;;;;440
201400027675;14;5;2;2210;5;2;6;1;2;109;COURS JOHN KENNEDY;;;;440
201400027676;14;5;5;835;1;2;8;1;2;162;AVENUE DES THEBAUDIERES;;;;440
201400027677;14;5;6;745;1;2;1;8;3;162;44, RUE ROBERT SCHUMAN;;;;440
201400027678;14;5;9;1810;1;2;1;1;3;109;4 bis, RUE DES RENARDS;;;;440
201400027679;14;5;9;2015;2;2;1;1;6;162;RUE JAMES COOK;;;;440
201400027680;14;5;15;1750;1;2;1;1;3;109;ROUTE DE CARQUEFOU;;;;440
201400027681;14;5;15;2209;2;2;1;1;6;143;25, RUE MAZUREAU;;;;440
201400027682;14;5;16;1520;1;2;1;1;6;109;RUE DU CORPS DE GARDE;;;;440
201400027683;14;5;18;1240;1;2;1;1;6;109;139, ROUTE DE VERTOU;;;;440
201400027684;14;5;21;1500;1;2;1;2;6;109;0, BOULEVARD DE LA PRAIR;;;;440
201400027685;14;5;21;1705;1;2;1;2;3;162;58, QUAI EMILE CORMERAIS;;;;440
201400027686;14;5;22;855;1;2;1;8;2;114;137;;;;440
201400027687;14;7;3;1800;1;2;1;1;3;109;BD ERNEST DALBY;;;;440
201400027688;14;5;28;1105;1;1;1;1;6;162;PERIPHERIQUE ROUTIER;;;;440
201400027689;14;5;24;900;1;2;1;1;6;109;0, ROUTE DE GACHET;;;;440
201400027690;14;5;28;1750;1;2;2;2;1;109;., ROUTE DE SAINT JOSEPH;;;;440
201400027691;14;5;29;2155;5;2;6;1;3;162;., AVENUE DE LA BRANCHOI;;;;440
201400027692;14;6;3;15;5;2;1;9;6;109;00, BOULEVARD JEAN PHILI;;;;440
201400027693;14;6;4;2020;1;2;1;1;3;109;228, BOULEVARD ROBERT SC;;;;440
201400027694;14;6;5;1010;1;2;1;1;6;109;ROND-POINT DES COMBATTAN;;;;440
201400027695;14;6;5;1950;1;2;1;9;6;143;0, AVENUE DE LA LIBERATI;;;;440
201400027696;14;6;6;745;1;2;1;1;6;109;0, RUE DES BOURDONNIERES;;;;440
201400027697;14;6;6;1455;1;2;1;1;3;109;210, BOULEVARD JULES VER;;;;440
201400027698;14;6;9;630;2;2;1;2;6;109;0, PLACE DELORME;;;;440
201400027699;14;6;9;720;2;2;1;1;6;109;0, BOULEVARD DES TRIBUNE;;;;440
201400027700;14;6;10;1720;1;2;1;1;6;109;0, RUE DE LA SOUILLARDER;;;;440
201400027701;14;6;12;920;1;2;1;1;6;114;33, ROUTE DE RENNES;;;;440
201400027702;14;6;12;925;1;2;1;1;6;114;RUE DU PONT AUX PRETRES;;;;440
201400027703;14;6;13;1225;1;2;1;1;7;109;0, COURS DES 50 OTAGES;;;;440
201400027704;14;6;14;1050;1;2;1;1;1;114;AVENUE DE LA PAQUELAIS;;;;440
201400027705;14;6;15;1635;1;2;1;1;6;109;0, BOULEVARD LEON BUREAU;;;;440
201400027706;14;6;17;1405;1;2;1;1;6;143;00, RUE DE LA CHAUSSEE;;;;440
201400027707;14;6;15;355;5;2;1;1;3;109;10/12, ALLEE DUQUESNE;;;;440
201400027708;14;6;18;1400;1;2;1;1;6;109;0, BOULEVARD MARTIN LUTH;;;;440
201400027709;14;6;18;1823;1;2;1;9;2;109;RUE GENERAL BUAT;;;;440
201400027710;14;6;18;1900;1;2;1;1;3;109;RUE DES RENARDS;;;;440
201400027711;14;6;19;845;1;2;1;1;4;114;pierre plate;;;;440
201400027712;14;6;19;1755;1;2;1;1;3;143;165, RUE DES SORINIERES;;;;440
201400027713;14;6;19;2126;1;2;1;1;6;162;0, BOULEVARD DU MASSACRE;;;;440
201400027714;14;6;19;102;5;2;3;1;3;109;RUE DES 3 ROIS;;;;440
201400027715;14;6;20;1400;1;2;1;1;6;114;;;;;440
201400027716;14;6;20;1455;1;2;1;1;3;109;11, RUE DE LA BRASSERIE;;;;440
201400027717;14;6;22;130;3;2;1;1;6;109;0, BOULEVARD DES BELGES;;;;440
201400027718;14;6;22;2340;5;2;1;1;6;109;PLACE ALEXIS RICORDEAU;;;;440
201400027719;14;6;23;1945;1;2;1;1;6;109;0, RUE DE LA BOTTIERE;;;;440
201400027720;14;6;27;405;5;2;1;1;6;109;BOULEVARD ALEXANDRE MILL;;;;440
201400027721;14;6;29;315;3;2;1;3;6;162;VOIE NON TROUVEE 2;;;;440
201400027722;14;7;2;1730;1;2;1;1;6;109;RUE DE LOURMEL;;;;440
201400027723;14;7;3;5;3;2;1;1;2;143;PERIPHERIQUE;;;;440
201400027724;14;7;3;1145;1;2;1;1;6;109;ALLEE DE LA TREMPERIE;;;;440
201400027725;14;7;3;1730;1;2;1;7;6;109;RUE JACQUES DUCLOS;;;;440
201400027726;14;7;4;1240;1;2;1;1;2;109;., RUE DE GIGANT;;;;440
201400027727;14;7;4;2050;1;2;1;2;6;109;00, RUE GUILLAUME GROOTA;;;;440
201400027728;14;7;4;1130;1;2;1;1;7;109;0, AVENUE JEAN CLAUDE BO;;;;440
201400027729;14;7;8;735;1;1;1;1;6;109;PONT DE CHEVIRE;;;;440
201400027730;14;7;8;1045;1;2;1;1;6;114;00, AVENUE CLAUDE ANTOIN;;;;440
201400027731;14;7;9;1750;1;2;1;1;6;109;BD MARTYRS N. DE LA RESI;;;;440
201400027732;14;7;9;2054;1;2;3;1;3;109;43, RUE FELIX LEMOINE;;;;440
201400027733;14;7;11;1630;1;2;1;1;6;109;87, ROUTE DE RENNES;;;;440
201400027734;14;7;12;720;1;1;1;1;3;162;75;;;;440
201400027735;14;7;12;1005;1;2;2;1;3;109;1, AVENUE D'HOEDIC;;;;440
201400027736;14;7;12;1445;1;2;1;1;6;109;12, RUE DE LA PATOUILLER;;;;440
201400027737;14;7;15;130;5;2;1;9;1;109;BOULEVARD JULES VERNE;;;;440
201400027738;14;7;16;1635;1;2;2;1;3;109;0, RUE DE LA GOURMETTE;;;;440
201400027739;14;7;16;1830;1;2;6;1;3;109;RUE DE LA RENAUDIERE;;;;440
201400027740;14;7;18;2155;1;2;1;1;6;162;3, BOULEVARD CHARLES DE;;;;440
201400027741;14;7;19;1950;1;2;3;1;3;162;57, AVENUE DE TOLEDE;;;;440
201400027742;14;7;21;2100;1;2;1;1;1;109;AVENUE DE LA GARE DE SAI;;;;440
201400027743;14;7;21;1430;1;1;1;9;2;162;0, ROUTE ARMOR;;;;440
201400027744;14;7;22;845;1;2;6;1;6;109;QUAI PRESIDENT WILSON;;;;440
201400027745;14;7;22;2040;1;2;1;1;6;109;19, BOULEVARD DE LA LIBE;;;;440
201400027746;14;7;26;945;1;2;6;9;3;162;AVENUE DE LA BRANCHOIRE;;;;440
201400027747;14;7;30;740;1;2;3;1;6;109;QUAI DE LA FOSSE;;;;440
201400027748;14;7;30;1840;1;2;3;1;6;109;93, RUE HECTOR BERLIOZ;;;;440
201400027749;14;8;1;1130;1;2;1;1;6;109;2, IMPASSE DU PETIT CHAT;;;;440
201400027750;14;7;25;1630;1;2;1;1;2;109;0, RUE DES RENARDIERES;;;;440
201400027751;14;8;4;725;1;1;1;1;5;20;PERIPHERIQUE SUD;;;;440
201400027752;14;8;5;1235;1;2;1;1;6;109;0, CHEMIN DU BAS;;;;440
201400027753;14;8;9;708;1;2;1;1;6;109;256, BOULEVARD ROBERT SC;;;;440
201400027754;14;8;10;235;3;2;1;1;6;143;BOULEVARD GENERAL DE GAU;;;;440
201400027755;14;8;11;1610;1;2;6;1;3;143;RUE DU JAUNAIS;;;;440
201400027756;14;8;14;400;5;2;1;1;6;109;0, RUE GASTON VEIL;;;;440
201400027757;14;8;16;700;2;2;1;1;6;109;0, RUE DE SAINT DOMINGUE;;;;440
201400027758;14;8;17;2130;2;2;1;1;7;109;RUE JACQUES DUCLOS;;;;440
201400027759;14;8;15;335;5;2;1;1;3;109;0, PLACE MARECHAL FOCH;;;;440
201400027760;14;8;24;140;5;2;1;1;6;109;294, BOULEVARD DU MASSAC;;;;440
201400027761;14;8;24;140;3;2;1;1;6;109;0, BOULEVARD DU MASSACRE;;;;440
201400027762;14;8;26;750;1;2;1;1;1;194;RD 26;;;;440
201400027763;14;8;26;2305;3;2;1;1;6;109;0, RUE GASTON MICHEL;;;;440
201400027764;14;8;28;50;5;2;1;2;7;109;99, QUAI DE LA FOSSE;;;;440
201400027765;14;8;31;315;5;2;1;1;6;109;0, BOULEVARD JEAN PHILIP;;;;440
201400027766;14;9;1;1935;1;2;6;1;3;109;BOULEVARD GENERAL DE GAU;;;;440
201400027767;14;9;4;1605;1;2;1;1;3;109;51, BOULEVARD DE LA FRAT;;;;440
201400027768;14;9;5;1400;1;2;1;1;6;109;., RUE DU CHAMP DE TIR;;;;440
201400027769;14;9;5;2310;5;2;1;1;6;109;14, RUE DU PORT BOYER;;;;440
201400027770;14;9;6;2210;5;2;6;1;7;109;BOULEVARD EMILE GABORY;;;;440
201400027771;14;9;9;851;1;2;1;1;3;109;QUAI DU MARQUIS D'AIGUIL;;;;440
201400027772;14;9;7;800;1;2;1;1;6;109;CHEMIN DE LA HOUSSINIERE;;;;440
201400027773;14;9;6;1040;1;2;1;1;2;143;RUE DES CHEVALIERS;;;;440
201400027774;14;9;9;1748;1;2;1;1;6;109;10, RUE D'ANGLETERRE;;;;440
201400027775;14;9;11;1035;1;2;1;1;6;109;RUE GENERAL BUAT;;;;440
201400027776;14;9;11;1230;1;2;7;9;6;109;PLACE VICTOR MANGIN;;;;440
201400027777;14;9;11;1910;1;2;1;1;6;109;RUE DES DERVALLIERES;;;;440
201400027778;14;9;12;1520;1;2;3;9;6;162;RUE DE L'AQUITAINE;;;;440
201400027779;14;9;16;900;1;2;1;1;7;190;RUE EDOUARD HERVE;;;;440
201400027780;14;9;16;230;5;2;1;2;2;143;PERIPHERIQUE;;;;440
201400027781;14;9;16;1715;1;2;6;1;3;109;BOULEVARD JEAN PHILIPPOT;;;;440
201400027782;14;9;17;1505;1;2;1;1;6;162;., BOULEVARD MARCEL PAUL;;;;440
201400027783;14;9;17;1825;1;2;3;1;3;109;., ROUTE DE RENNES;;;;440
201400027784;14;9;17;1700;1;2;1;9;3;143;RUE PASCAL;;;;440
201400027785;14;9;18;455;5;2;1;1;6;109;11;;;;440
201400027786;14;9;18;1825;1;2;1;1;3;109;116, BOULEVARD DES ANGLA;;;;440
201400027787;14;8;19;1730;1;2;1;9;3;109;00, QUAI DE LA FOSSE;;;;440
201400027788;14;9;22;1635;1;1;1;1;3;109;BOULEVARD DE LA PRAIRIE;;;;440
201400027789;14;9;20;1220;1;2;3;1;3;109;BOULEVARD GENERAL DE GAU;;;;440
201400027790;14;9;25;700;2;2;1;1;2;109;0, BOULEVARD RENE CASSIN;;;;440
201400027791;14;9;26;30;5;2;1;1;6;109;BOULEVARD AMIRAL COURBET;;;;440
201400027792;14;9;29;1730;1;2;1;1;6;109;110, BOULEVARD DES BELGE;;;;440
201400027793;14;9;29;1820;1;2;1;1;2;109;1, RUE CARDINAL RICHARD;;;;440
201400027794;14;9;29;1930;2;2;1;1;6;109;33, RUE LAMORICIERE;;;;440
201400027795;14;9;28;1015;1;2;1;1;6;109;BOULEVARD DU MASSACRE;;;;440
201400027796;14;9;30;1555;1;2;1;1;2;109;RUE LOUIS LOUCHEUR;;;;440
201400027797;14;10;3;710;5;2;1;9;3;109;PLACE DE LA BONDE;;;;440
201400027798;14;9;28;1825;2;2;1;9;6;109;COURS FRANKLIN ROOSEVELT;;;;440
201400027799;14;10;5;220;5;2;1;1;1;109;RUE COLONEL DESGREES DU;;;;440
201400027800;14;10;5;1335;1;1;1;1;6;9;PERIPHERIQUE SUD;;;;440
201400027801;14;10;7;330;4;2;1;1;6;109;CHAUSSEE DE LA MADELEINE;;;;440
201400027802;14;10;8;750;5;2;1;2;7;109;17, RUE DESAIX;;;;440
201400027803;14;10;9;740;4;2;1;1;6;162;16, RUE BOBBY SANDS;;;;440
201400027804;14;10;8;1845;1;2;1;1;6;109;RUE AUGUSTIN FRESNEL;;;;440
201400027805;14;10;9;645;5;2;1;1;6;109;1, RUE DE FELTRE;;;;440
201400027806;14;10;11;300;5;2;1;1;6;109;137, RUE PAUL BELLAMY;;;;440
201400027807;14;10;12;240;5;2;1;1;2;109;RUE GENERAL LECLERC;;;;440
201400027808;14;10;14;1241;1;2;1;1;3;162;PLACE OCEANE;;;;440
201400027809;14;10;16;805;2;2;1;1;6;114;78, ROUTE DE RENNES;;;;440
201400027810;14;10;17;1920;2;1;1;1;2;114;PERIPHERIQUE ROUTIER;;;;440
201400027811;14;10;20;740;2;2;1;1;3;109;RUE DES CHALATRES;;;;440
201400027812;14;10;20;1325;1;2;1;1;6;162;4, RUE ROBERT SCHUMAN;;;;440
201400027813;14;10;21;1700;1;2;1;1;3;109;PLACE DES DERVALLIERES;;;;440
201400027814;14;10;21;2130;5;2;1;1;7;109;0, ROUTE DE SAINT JOSEPH;;;;440
201400027815;14;10;20;1715;1;1;1;1;5;20;., PERIPHERIQUE SUD;;;;440
201400027816;14;10;23;1150;1;2;2;1;3;109;0, RUE GENERAL LECLERC D;;;;440
201400027817;14;10;23;2250;5;2;1;1;3;109;00, PLACE VICTOR MANGIN;;;;440
201400027818;14;10;25;610;5;2;1;9;6;143;00, AVENUE DU MARECHAL D;;;;440
201400027819;14;10;25;1925;5;2;1;1;6;109;1, RUE JEAN JAURES;;;;440
201400027820;14;10;26;1205;1;2;1;1;7;114;., RUE DU PONT AUX PRETR;;;;440
201400027821;14;10;27;850;1;2;1;1;7;109;23, RUE DU CROISSANT;;;;440
201400027822;14;10;27;1615;1;2;1;1;6;109;PLACE SAINT PIERRE;;;;440
201400027823;14;10;28;1700;1;2;1;9;6;109;RUE DU CHAMP DE TIR;;;;440
201400027824;14;10;28;1750;5;2;1;1;6;109;2, PLACE ARISTIDE BRIAND;;;;440
201400027825;14;10;28;1920;3;1;1;1;3;162;00, PERIPHERIQUE;;;;440
201400027826;14;10;28;2200;3;2;6;9;3;109;RUE JEAN BAPTISTE GREUZE;;;;440
201400027827;14;10;29;2050;5;2;1;1;2;109;70, QUAI DE LA FOSSE;;;;440
201400027828;14;10;30;1310;1;2;1;1;3;109;BOULEVARD ROBERT SCHUMAN;;;;440
201400027829;14;10;30;1900;5;2;1;1;3;162;RUE JEAN-MARIE BRULE;;;;440
201400027830;14;10;30;1255;1;2;1;7;6;109;111, RUE DU LANDREAU;;;;440
201400027831;14;10;31;1710;1;2;1;1;3;109;0, BOULEVARD VINCENT GAC;;;;440
201400027832;14;10;30;810;1;2;1;1;3;162;8, RUE DU COUTELIER;;;;440
201400027833;14;11;3;1825;5;2;1;2;6;109;8, BOULEVARD BOULAY PATY;;;;440
201400027834;14;11;6;1715;1;2;3;4;3;109;0, RUE HENRI PICHERIT;;;;440
201400027835;14;11;11;1145;1;2;1;1;2;109;RUE DE LA DURANTIERE;;;;440
201400027836;14;11;11;1051;1;2;1;1;7;114;CHEMIN DE LA RETARDIE;;;;440
201400027837;14;11;12;935;1;2;1;1;6;143;1, RUE PIERRE LEGENDRE;;;;440
201400027838;14;11;12;1830;5;2;1;9;6;109;10, BOULEVARD JULES VERN;;;;440
201400027839;14;11;13;740;2;2;1;1;6;162;2, ALLEE ROMAIN ROLLAND;;;;440
201400027840;14;11;15;420;3;1;1;9;6;9;PERIPHERIQUE SUD;;;;440
201400027841;14;11;16;1845;5;2;1;1;6;109;RUE DES RENARDS;;;;440
201400027842;14;11;14;2000;5;2;1;9;7;109;RUE YVES BODIGUEL;;;;440
201400027843;14;11;18;1220;1;2;1;1;6;162;AVENUE DU PARNASSE;;;;440
201400027844;14;11;20;815;1;2;1;8;3;109;204, ROUTE DE SAINT JOSE;;;;440
201400027845;14;11;20;830;1;2;1;1;3;143;32, AVENUE DE LA LIBERAT;;;;440
201400027846;14;11;21;1625;1;2;1;1;6;109;2/4, RUE DU CHATEAU DE L;;;;440
201400027847;14;11;22;244;5;2;1;1;6;109;112, BOULEVARD EUGENE OR;;;;440
201400027848;14;11;22;1545;1;2;1;1;3;109;0, RUE FELIX EBOUE;;;;440
201400027849;14;11;22;2100;5;2;1;1;6;109;2, BOULEVARD DE LA BEAUJ;;;;440
201400027850;14;11;23;635;5;2;1;1;6;109;108, BOULEVARD DES ANGLA;;;;440
201400027851;14;11;21;2230;5;2;1;9;2;109;BD JULES VERNE;;;;440
201400027852;14;11;21;1545;1;2;1;1;3;109;2, RUE LA NOUE BRAS DE F;;;;440
201400027853;14;11;24;745;2;2;1;9;7;109;ROND-POINT DE LA NOE;;;;440
201400027854;14;11;23;30;5;2;1;9;7;109;00, BOULEVARD DE STALING;;;;440
201400027855;14;11;26;1045;1;2;1;1;5;109;BOULEVARD DU MASSACRE;;;;440
201400027856;14;11;27;1614;2;2;1;1;6;109;0, QUAI DE LA FOSSE;;;;440
201400027857;14;11;27;2330;5;2;1;1;6;109;PLACE DU GARIGLIANO;;;;440
201400027858;14;11;28;710;3;2;1;1;1;162;., RUE ROBERT SCHUMAN;;;;440
201400027859;14;11;29;1;5;2;1;1;1;109;COURS COMMANDANT D'ESTIE;;;;440
201400027860;14;11;29;526;5;2;6;1;3;109;., BOULEVARD EMILE GABOR;;;;440
201400027861;14;11;28;1930;5;2;1;1;6;109;142, RUE PAUL BELLAMY;;;;440
201400027862;14;12;1;1645;1;2;1;8;3;109;BOULEVARD DES ANGLAIS;;;;440
201400027863;14;12;3;745;2;1;1;1;7;114;PERIPHERIQUE ROUTIER;;;;440
201400027864;14;12;6;1450;1;2;6;1;3;109;5, RUE GAETAN RONDEAU;;;;440
201400027865;14;12;8;1655;1;2;1;1;6;109;BOULEVARD DES ANGLAIS;;;;440
201400027866;14;12;5;2015;5;2;1;1;2;109;RUE FELIX FAURE;;;;440
201400027867;14;12;9;815;2;2;1;1;3;109;1, PLACE VICTOR MANGIN;;;;440
201400027868;14;12;11;820;1;2;3;1;6;109;RUE MARGUERITE LE MEIGNE;;;;440
201400027869;14;12;6;1015;1;2;9;1;3;162;AVENUE CLAUDE BERNARD;;;;440
201400027870;14;12;15;1635;1;2;3;1;1;162;RUE ANDRE AMPERE;;;;440
201400027871;14;12;16;800;2;2;1;2;6;109;0, BOULEVARD JULES VERNE;;;;440
201400027872;14;12;16;740;2;2;1;2;6;162;15, RUE DE SAINT SERVAN;;;;440
201400027873;14;11;29;1730;5;2;1;1;6;109;2, ROUTE DE SAINT JOSEPH;;;;440
201400027874;14;12;23;1720;5;2;1;2;6;109;BOULEVARD JULES VERNE;;;;440
201400027875;14;12;17;1825;5;2;1;1;6;109;2, RUE DU MOULIN DE LA G;;;;440
201400027876;14;12;18;830;2;2;1;2;6;109;7, RUE DE BEL AIR;;;;440
201400027877;14;12;18;1400;1;2;1;1;6;162;BOULEVARD MARCEL PAUL;;;;440
201400027878;14;12;8;1200;1;2;1;1;5;109;QUAI CEINERAY;;;;440
201400027879;14;11;4;1825;2;2;1;1;6;109;1, BOULEVARD GENERAL DE;;;;440
201400027880;14;12;17;800;2;2;1;1;6;114;22, RUE DE SOLAY;;;;440
201400027881;14;12;21;1230;1;2;1;1;6;109;7, RUE PETITE BIESSE;;;;440
201400027882;14;12;24;2330;5;2;1;2;5;109;QUAI ANDRE MORICE;;;;440
201400027883;14;12;26;730;2;2;3;1;1;109;., BOULEVARD LEON BUREAU;;;;440
201400027884;14;12;31;1210;1;2;1;1;7;184;AUBINAIS (ROUTE DES);;;;440
201400027885;14;1;2;1410;1;2;2;2;3;184;PAIX ET DES ARTS (RUE DE;;;;440
201400027886;14;1;2;1820;5;2;8;1;3;184;CROIX DE M?AN (RUE DE LA;;;;440
201400027887;14;1;7;1505;1;2;1;1;7;184;36, MERMOZ (BOULEVARD JE;;;;440
201400027888;14;1;14;1400;1;2;9;1;3;184;H?PITAL (BOULEVARD DE L';;;;440
201400027889;14;1;17;1645;1;2;2;1;3;184;LE NOTRE (RUE ANDR?);;;;440
201400027890;14;1;30;1520;1;2;2;1;7;184;GAUTIER (RUE HENRI) DU 1;;;;440
201400027891;14;1;31;740;1;2;1;1;3;184;0, OC?ANIS (ROND-POINT);;;;440
201400027892;14;2;2;1930;2;2;2;1;3;184;PARMENTIER (RUE ANTOINE);;;;440
201400027893;14;2;7;1650;1;2;2;2;3;184;MENHIR (RUE DU);;;;440
201400027894;14;2;7;1545;1;2;1;1;3;184;9, RENAISSANCE (BOULEVAR;;;;440
201400027895;14;2;9;1705;2;2;1;2;7;184;3, SUNDERLAND (BOULEVARD;;;;440
201400027896;14;2;7;2105;5;2;2;3;3;184;R?PUBLIQUE (AVENUE DE LA;;;;440
201400027897;14;2;13;1700;1;2;1;1;1;184;ALBERT I (BOULEVARD) DU;;;;440
201400027898;14;2;18;1640;1;2;1;1;3;184;MITTERRAND (AVENUE FRAN?;;;;440
201400027899;14;2;22;2100;5;2;3;1;6;184;L?GION D'HONNEUR (BOULEV;;;;440
201400027900;14;2;25;1125;1;2;1;2;6;184;39, MARCET (RUE BAPTISTE;;;;440
201400027901;14;2;27;1335;1;2;6;1;2;184;MERMOZ (BOULEVARD JEAN);;;;440
201400027902;14;2;27;1550;1;2;1;1;7;184;52, GAULLE (RUE DU GAL D;;;;440
201400027903;14;3;16;1815;1;2;1;1;2;184;RD 213;;;;440
201400027904;14;3;8;1415;1;2;1;1;4;184;BASSINS (ROUTE DES);;;;440
201400027905;14;3;13;1410;1;2;1;1;2;184;C?TE D'AMOUR (RTE DE LA);;;;440
201400027906;14;3;20;650;2;2;1;1;3;184;27, RENAISSANCE (BOULEVA;;;;440
201400027907;14;3;30;909;1;2;1;1;7;184;COPP?E (RUE FRAN?OIS);;;;440
201400027908;14;3;31;1420;1;2;2;1;3;184;VILLE ETABLE (RUE DE LA);;;;440
201400027909;14;4;3;1100;1;2;2;1;3;184;WALDECK-ROUSSEAU (RUE PI;;;;440
201400027910;14;4;17;1715;1;2;6;1;3;184;RETON (ROUTE DE);;;;440
201400027911;14;4;23;1750;1;2;1;1;3;184;GAULLE (RUE DU GAL DE) D;;;;440
201400027912;14;4;27;1810;1;2;1;2;6;184;BOURGEOIS (RUE L?ON) DU4;;;;440
201400027913;14;5;3;1340;1;2;1;1;1;184;VILLES-BOUSSEAU (ROUTE D;;;;440
201400027914;14;5;12;2100;1;2;5;1;3;184;GUTENBERG (RUE JEAN);;;;440
201400027915;14;5;13;2030;1;2;2;1;3;184;54, ANDR? (AVENUE G?O);;;;440
201400027916;14;5;14;2135;2;2;2;1;3;184;BUISSON (RUE FERDINAND);;;;440
201400027917;14;5;15;1210;1;2;1;1;3;184;4, F?VRIER 1943 (RUE DU;;;;440
201400027918;14;5;21;1724;1;2;1;2;7;184;1, YOURCENAR (RUE MARGUE;;;;440