num_acc;an;mois;jour;hrmn;lum;agg;int;atm;col;com;adr;gps;lat;long;dep
201400027919;14;5;23;1100;1;2;2;1;3;184;33, MADIOT (RUE FRAN?OIS;;;;440
201400027920;14;5;26;1115;1;2;1;1;7;184;4, SUNDERLAND (BOULEVARD;;;;440
201400027921;14;5;29;1405;1;1;1;1;3;184;RD 213;;;;440
201400027922;14;6;3;2030;2;2;3;2;3;184;LEFERME (BOULEVARD PAUL);;;;440
201400027923;14;6;5;1730;1;2;2;1;3;184;GUTENBERG (RUE JEAN);;;;440
201400027924;14;6;6;815;1;2;1;1;6;184;;;;;440
201400027925;14;6;11;857;1;2;1;1;5;184;RD 213;;;;440
201400027926;14;6;15;1210;1;2;2;1;3;184;GARENNES (CHEMIN DES);;;;440
201400027927;14;6;17;650;1;2;1;1;6;184;17/25, SEGUIN (RUE LOUIS;;;;440
201400027928;14;6;14;1300;1;2;1;1;7;184;42/44, OFFENBACH (RUE JA;;;;440
201400027929;14;6;18;1820;1;2;1;1;7;184;41, DOLMEN (RUE DU);;;;440
201400027930;14;6;26;2130;2;2;3;1;3;184;29, ZOLA (BOULEVARD EMIL;;;;440
201400027931;14;6;30;1615;1;2;2;1;3;184;LAENNEC (BD DU DR REN?);;;;440
201400027932;14;7;1;1540;1;2;3;1;3;184;COUBERTIN (AVENUE PIERRE;;;;440
201400027933;14;7;4;1010;1;2;1;1;7;184;2, HUGO (BOULEVARD VICTO;;;;440
201400027934;14;7;4;924;1;2;1;1;3;184;LONGUET (RUE CHARLES);;;;440
201400027935;14;7;4;1425;1;2;6;1;3;184;RD 492 DU RP OC?ANIS AU;;;;440
201400027936;14;7;5;2100;2;1;2;8;6;184;RD 213;;;;440
201400027937;14;7;6;425;2;2;1;2;6;184;22, AURIOL (RUE VINCENT);;;;440
201400027938;14;7;9;935;1;2;2;1;3;184;G?T? (RUE DU CDT) DU 01;;;;440
201400027939;14;7;13;2100;2;2;6;1;3;184;FAUR? (RUE GABRIEL);;;;440
201400027940;14;7;15;1715;1;2;2;1;3;184;H?PITAL (BOULEVARD DE L';;;;440
201400027941;14;7;17;1110;1;2;2;1;3;184;BERTHAUDERIE (RUE DE LA);;;;440
201400027942;14;7;16;1435;1;2;1;1;3;184;TULIPES (ALLeE DES);;;;440
201400027943;14;7;24;1325;1;2;1;1;2;184;28, FRATERNIT? (BOULEVAR;;;;440
201400027944;14;7;28;530;5;2;3;1;3;184;ZOLA (BOULEVARD EMILE);;;;440
201400027945;14;8;1;1000;1;2;1;1;2;184;45, UNIVERSIT? (BOULEVAR;;;;440
201400027946;14;8;3;1850;1;2;1;1;1;184;RD 492 DU PONT BD H?PITA;;;;440
201400027947;14;8;8;50;5;2;1;2;7;184;1, FORT DE L'EVE (ROUTE;;;;440
201400027948;14;8;9;840;1;2;2;1;3;184;BERLIOZ (AVENUE HECTOR);;;;440
201400027949;14;8;12;1105;1;2;2;1;3;184;GAULLE (RUE DU GAL DE) D;;;;440
201400027950;14;8;17;845;1;2;1;1;7;184;5, GUERANDE (ROUTE DE);;;;440
201400027951;14;8;18;2110;2;2;6;1;3;184;LAENNEC (BD DU DR RENE);;;;440
201400027952;14;8;18;1830;1;2;2;1;3;184;MUN (RUE ALBERT DE) DU 0;;;;440
201400027953;14;8;21;1955;1;2;2;1;3;184;BROODCOORENS (RUE) DU 02;;;;440
201400027954;14;8;23;1630;1;2;9;1;3;184;FAURE (RUE GABRIEL);;;;440
201400027955;14;8;31;550;5;2;2;1;7;184;LAENNEC (BD DU DR REN?);;;;440
201400027956;14;9;8;1700;1;2;2;1;3;184;GUTENBERG (RUE JEAN);;;;440
201400027957;14;9;16;850;1;2;1;1;2;184;RD 492 DU RP EINSTEIN AU;;;;440
201400027958;14;9;18;940;1;2;1;1;3;184;2, FORT DE L'EVE (ROUTE;;;;440
201400027959;14;9;18;1635;1;2;2;1;2;184;MARRE (RUE VICTOR);;;;440
201400027960;14;9;20;1420;1;2;1;1;3;184;19, PICCARD (RUE AUGUSTE;;;;440
201400027961;14;9;24;640;2;2;1;1;3;184;18, G?T? (RUE DU CDT) DU;;;;440
201400027962;14;9;26;845;2;2;2;1;3;184;RENAISSANCE (BOULEVARD D;;;;440
201400027963;14;9;27;1810;1;2;6;1;3;184;RD 492 DU RP OC?ANIS AU;;;;440
201400027964;14;9;28;1605;1;2;1;1;1;184;RD 492 DU RP EINSTEIN AU;;;;440
201400027965;14;10;1;1655;1;2;1;1;2;184;MICHEL ANGE (RUE);;;;440
201400027966;14;10;3;915;1;2;1;1;7;184;393;;;;440
201400027967;14;10;8;810;2;2;1;2;7;184;0, GRENAPIN (RUE PITRE);;;;440
201400027968;14;10;9;725;2;2;2;1;3;184;R?PUBLIQUE (AVENUE DE LA;;;;440
201400027969;14;10;10;2240;5;2;6;1;3;184;TR?BALE (ROUTE DE);;;;440
201400027970;14;10;11;310;5;2;1;1;6;184;11, DUFREXOU (RUE JEAN-P;;;;440
201400027971;14;10;12;505;5;2;6;1;3;184;G?T? (RUE DU CDT) DU 35;;;;440
201400027972;14;10;13;1330;1;2;2;1;3;184;MAC? (RUE JEAN);;;;440
201400027973;14;10;14;1045;1;2;1;1;6;184;BROODCOORENS (RUE) DU 12;;;;440
201400027974;14;10;17;1627;1;2;1;1;3;184;27, APPRENTIS (BOULEVARD;;;;440
201400027975;14;10;18;1425;1;2;3;1;3;184;GRENAPIN (RUE PITRE);;;;440
201400027976;14;10;25;1927;1;2;1;1;3;184;123, ZOLA (BOULEVARD EMI;;;;440
201400027977;14;10;26;1120;1;2;1;1;7;184;84, JAURES (RUE JEAN) DU;;;;440
201400027978;14;10;25;1940;5;2;2;1;2;184;MAUPERTUIS (BD DE) DU 83;;;;440
201400027979;14;10;28;1735;1;2;6;1;3;184;APPRENTIS (BOULEVARD DES;;;;440
201400027980;14;10;29;1540;1;2;1;1;2;184;RN 171 (CRAN NEUF AU PON;;;;440
201400027981;14;10;31;1125;1;2;6;1;3;184;POINT DU JOUR (ROUTE DU);;;;440
201400027982;14;11;3;1505;1;2;2;2;3;184;JOUHAUX (AVENUE L?ON);;;;440
201400027983;14;11;4;1000;1;2;2;1;3;184;CROIX FRA?CHE (RUE DE LA;;;;440
201400027984;14;11;7;1940;5;2;1;1;3;184;57, PAIX ET DES ARTS (RU;;;;440
201400027985;14;11;9;1905;2;2;3;2;3;184;LESSEPS (AVENUE DE) DU 0;;;;440
201400027986;14;11;13;2000;5;2;1;1;3;184;COUBERTIN (AVENUE PIERRE;;;;440
201400027987;14;11;20;1650;1;2;6;1;3;184;BROODCOORENS (RUE) DU 02;;;;440
201400027988;14;11;20;1835;1;2;1;1;4;184;RD 492 DU PONT BD H?PITA;;;;440
201400027989;14;11;23;1400;1;2;2;2;3;184;MERMOZ (BOULEVARD JEAN);;;;440
201400027990;14;11;24;1800;2;2;1;1;6;184;2, GRENAPIN (RUE PITRE);;;;440
201400027991;14;11;25;1845;5;2;1;2;3;184;LEFERME (BOULEVARD PAUL);;;;440
201400027992;14;11;30;1650;2;2;1;1;6;184;RD 492 DU RP EINSTEIN AU;;;;440
201400027993;14;12;1;1935;5;2;2;2;3;184;20, TOUTES AIDES (RUE DE;;;;440
201400027994;14;12;2;610;5;2;1;1;7;184;RD 492 DU RP EINSTEIN AU;;;;440
201400027995;14;12;4;1310;1;2;1;1;7;184;24, COUBERTIN (AVENUE PI;;;;440
201400027996;14;12;6;510;3;2;1;1;6;184;RD 213;;;;440
201400027997;14;12;18;825;2;2;1;1;7;184;BROODCOORENS (RUE) DU 02;;;;440
201400027998;14;12;20;1555;1;2;1;1;2;184;HUGO (BOULEVARD VICTOR);;;;440
201400027999;14;12;19;1215;1;2;6;1;3;184;COTY (BOULEVARD REN?);;;;440
201400028000;14;1;2;1140;1;1;1;8;7;338;R CANNETIERE;;;;450
201400028001;14;1;7;1901;3;1;1;2;1;338;RD 2060;;;;450
201400028002;14;1;15;1000;1;2;1;2;6;208;BD PAUL BAUDIN;M;4799985;273369;450
201400028003;14;1;14;1315;1;2;1;2;7;338;R JEAN MERMOZ;;;;450
201400028004;14;1;14;1650;1;2;4;2;3;208;R LIBERATION/E.MALATRE/S;M;4799428;272404;450
201400028005;14;1;14;1653;1;2;2;8;3;338;R PELERINS/ALEXANDRE DUM;M;4798341;271716;450
201400028006;14;1;16;1400;1;1;1;1;4;4;RD 2007 - ZONE TRAVAUX;M;4799703;273958;450
201400028007;14;1;17;1515;1;2;1;1;6;208;PL VICTOR HUGO;M;4799481;273257;450
201400028008;14;1;17;1745;2;2;1;1;5;208;45 AV L.M CHAUTEMPS;M;4801027;275459;450
201400028009;14;1;18;1605;1;2;1;1;6;208;13 R RASPAIL;M;4799486;273090;450
201400028010;14;1;20;2312;5;2;2;8;6;4;AV ANTIBES/R VERNISSON/B;M;4797982;273301;450
201400028011;14;1;23;1810;5;2;1;2;6;4;529 RTE ST FIRMIN DES VI;M;4797722;273699;450
201400028012;14;1;24;856;1;2;1;2;6;208;24 R JEAN JAURES;M;4799346;273235;450
201400028013;14;1;24;2042;5;2;2;1;3;68;R J.JAURES/GAMBETTA/F.BO;M;4801306;273125;450
201400028014;14;1;29;1120;1;1;1;2;6;68;RD 2007 -HT COPADEX;M;4803390;274566;450
201400028015;14;1;29;1230;1;2;1;2;6;208;189 R EMILE MENGIN;M;4800458;274161;450
201400028016;14;1;31;1806;5;2;3;1;1;68;R SIRENE/BD KENNEDY;M;4800527;272396;450
201400028017;14;2;2;813;1;1;1;1;6;338;RD 2060;;;;450
201400028018;14;2;2;825;1;1;1;7;6;338;D 2060;;;;450
201400028019;14;2;25;2250;5;2;6;1;2;208;R SIRENE/PT QUEBEC;M;4799949;272939;450
201400028020;14;2;26;925;1;2;7;1;3;68;PL J.JAURES/AV J.JAURES;M;4801305;273125;450
201400028021;14;2;26;1740;1;2;3;1;1;338;R JODON/JEAN MERMOZ;M;4798328;270828;450
201400028022;14;3;1;1053;1;2;1;1;6;208;38 PL REPUBLIQUE;M;4799550;273366;450
201400028023;14;3;9;1755;1;2;1;1;6;208;12 R FG CHAUSSEE;M;4799783;273771;450
201400028024;14;3;14;430;3;1;1;1;7;338;62 RTE LORRIS;M;4798190;267721;450
201400028025;14;3;26;1100;1;2;2;1;3;4;RTE VIROY/A.BRIAND/ARMEE;M;4799502;275474;450
201400028026;14;3;27;800;1;2;1;1;3;208;122 R PAUL DOUMER;M;4800145;274255;450
201400028027;14;3;29;1438;1;2;3;1;3;338;R CHAMBON/COURTIL CABOT;M;4798590;269047;450
201400028028;14;3;31;1137;1;2;2;1;3;338;R BEL AIR/ALEXANDRE DUMA;M;4798341;271717;450
201400028029;14;4;10;940;1;2;1;7;2;208;17 AV GAILLARDIN;M;4799415;273091;450
201400028030;14;4;11;210;3;1;1;1;6;68;RD 2007;M;4802524;274062;450
201400028031;14;4;11;1515;1;2;1;1;2;68;5 R GUSTAVE NOURY;M;4801941;271591;450
201400028032;14;4;10;830;1;2;1;1;6;68;111 BIS R VOLTAIRE;M;4802927;273585;450
201400028033;14;4;15;1845;1;2;1;1;3;4;256 AV ANTIBES;M;4798499;273260;450
201400028034;14;4;16;1000;1;2;2;1;3;338;R BUISSON/GEORGES SAND;M;4798647;271218;450
201400028035;14;4;17;1845;1;2;1;1;3;4;873 R GROS MOULIN;M;4796452;278025;450
201400028036;14;4;19;450;5;2;6;1;6;68;R 23 AOUT/ST JUST;M;4800903;272189;450
201400028037;14;4;19;1435;1;2;1;8;2;4;164 RTE ST FIRMIN DES VI;M;4797581;274141;450
201400028038;14;4;19;1553;1;2;6;8;2;208;D 94/R CHATEAU;M;4799906;272902;450
201400028039;14;4;23;1731;1;2;1;1;2;4;829 R DE LA NIVELLE;M;4798401;275064;450
201400028040;14;4;27;1020;1;2;3;1;3;208;R LOUIS LACROIX/A.COCHER;M;4800249;273883;450
201400028041;14;4;28;1015;1;2;3;8;6;68;R RAIMBAULT/GAMBETTA;M;4800637;273885;450
201400028042;14;5;5;2210;5;1;1;1;6;338;BRETELLE SORTIE D2060;M;4797116;271879;450
201400028043;14;5;15;1756;1;1;9;1;7;4;CHESNOY (RUE DU);;;;450
201400028044;14;5;18;500;2;2;1;1;6;208;25 R ERNEST MALATRE;M;4799556;272097;450
201400028045;14;5;20;917;1;2;2;1;3;208;R J.F KENNEDY/ERNEST MAL;M;4799569;272035;450
201400028046;14;5;19;2000;1;2;1;1;6;208;25 R DOREE;M;4799730;273292;450
201400028047;14;5;20;1228;1;2;4;1;2;208;BRETELLE/R EUROPE;M;4799668;273999;450
201400028048;14;5;21;1818;1;2;1;2;3;4;698 R GROS MOULIN;M;4796528;277827;450
201400028049;14;5;24;1645;1;2;1;8;3;68;4 BIS R WALDECK ROUSSEAU;M;4802343;273263;450
201400028050;14;5;30;1707;1;1;2;1;5;4;R PT ARDAN/MANILLE/VC;M;4798166;283194;450
201400028051;14;6;13;1530;1;2;1;1;6;338;48 R JEAN MERMOZ;M;4798090;272017;450
201400028052;14;6;26;918;1;2;2;1;3;208;R E.DECOURT/ROUX-FEDRY;M;4799831;274636;450
201400028053;14;7;7;1934;1;2;1;2;7;68;21 R LAZARE CARNOT;M;4800846;273315;450
201400028054;14;7;7;1915;1;1;1;2;6;338;RD 2060;M;4797812;271183;450
201400028055;14;7;12;234;3;2;1;2;6;338;12 R VIEUX BOURG;M;4799018;272462;450
201400028056;14;7;12;2100;1;2;2;8;3;338;R BEL AIR/A. DUMAS;M;4798339;271717;450
201400028057;14;8;5;2150;1;2;3;1;3;68;R LAZARE CARNOT/ANATOLE;M;4800733;273444;450
201400028058;14;8;6;1615;1;2;1;1;6;68;1 M R ANDRE GIDE;;;;450
201400028059;14;8;8;1520;1;2;1;1;1;338;34 R DES PLANTES;M;4797754;271429;450
201400028060;14;8;14;1919;1;2;3;1;3;4;RTE FIRMIN DES VIGNES/BR;M;4797586;274117;450
201400028061;14;8;23;2035;1;2;2;1;3;68;R NELSON MANDELA/MARCEAU;M;4801312;273003;450
201400028062;14;8;29;1550;1;2;6;1;3;68;GIRATOIRE AV J.JAURES;M;4801256;273942;450
201400028063;14;8;29;1730;1;2;1;1;6;4;R LIBERATION;M;4798029;276993;450
201400028064;14;8;30;1525;1;2;3;8;3;4;SAINT FIRMIN DES VIGNES;;;;450
201400028065;14;9;3;1730;1;2;6;1;3;4;RTE CHATILLON/R DES PONT;M;4796277;276446;450
201400028066;14;9;6;2230;3;1;1;1;6;338;ROUTE NATIONALE 60;;;;450
201400028067;14;9;11;1640;1;2;3;1;2;208;FG CHAUSSEE/R EUROPE;M;4799798;273986;450
201400028068;14;9;13;505;5;2;2;1;3;338;R VIEUX BOURG/J.MERMOZ;M;4798094;272309;450
201400028069;14;9;19;2230;5;2;2;1;3;68;R FERNAND BOUTTET/MARCEA;M;4801310;272999;450
201400028070;14;9;24;1224;1;2;1;1;6;68;12 R ST JUST;;;;450
201400028071;14;9;29;758;1;2;3;2;6;208;D 2007/AV GL DE GAULLE;M;4800362;273682;450
201400028072;14;10;5;1049;1;2;1;3;3;68;AV GL LECLERC;;;;450
201400028073;14;10;7;840;2;2;1;2;6;338;58 BIS AV HENRI BARBUSSE;M;4799279;271936;450
201400028074;14;10;7;1500;1;1;1;3;1;4;JOIGNY (ROUTE DE);;;;450
201400028075;14;10;8;1005;1;1;1;2;7;4;BRETELLE VERS D 2060;M;4797046;273352;450
201400028076;14;10;26;1506;1;2;1;1;6;68;R ROGER SALENGRO // PONT;M;4802288;271571;450
201400028077;14;10;29;1500;1;2;2;1;3;338;R LISLEDON/COURTIL CABOT;M;4798515;269245;450
201400028078;14;11;5;722;1;1;4;1;3;4;1, RN7;;;;450
201400028079;14;11;17;1338;1;2;1;8;6;68;12 RUE DES ECOLES;;;;450
201400028080;14;11;18;743;5;2;3;2;3;208;FG CHAUSSEE//BRETELLE;M;4799792;273912;450
201400028081;14;11;21;1857;3;1;1;1;2;338;RD 2060;M;4798914;268465;450
201400028082;14;11;24;1715;2;2;1;1;6;208;17 AV GAILLARDIN;M;4799414;273089;450
201400028083;14;11;29;1600;1;2;1;8;2;338;22 R NICEPHORE NIEPCE;M;4798019;271294;450
201400028084;14;11;28;1430;1;2;3;1;1;208;R LIBERATION/R VIMORY;M;4799405;272551;450
201400028085;14;12;5;151;5;2;1;1;6;4;196 R MARECHAL JUIN;M;4797422;277610;450
201400028086;14;12;5;805;1;2;1;1;7;68;PONTONNERIE (RUE DE LA);;;;450
201400028087;14;12;5;735;5;2;1;8;6;208;14 R DE LA SIRENE;M;4800425;272463;450
201400028088;14;12;11;833;1;2;1;2;6;68;3 R FERDINAND BUISSON;M;4802779;273197;450
201400028089;14;12;11;1649;1;2;1;1;1;208;CHAUSSEE (RUE DU FAUBOUR;;;;450
201400028090;14;12;13;1309;1;2;1;8;3;208;67 R DE LA SIRENE;M;4800493;272419;450
201400028091;14;12;15;1720;5;2;3;2;6;338;R LIBERATION/CHAINTREAU;M;4799067;270887;450
201400028092;14;12;15;1810;5;2;1;2;6;208;11 R DE GREVEN;M;4800104;273975;450
201400028093;14;12;17;805;5;2;1;3;3;208;18 JUIN 1940 (PLACE);;;;450
201400028094;14;12;23;1735;5;2;1;1;6;338;1 bis, LIBERATION (RUE D;;;;450
201400028095;14;1;7;710;5;2;2;1;3;338;R LIBERATION/ARISTIDE BR;M;4798994;269738;450
201400028096;14;1;3;1400;1;2;1;1;6;234;AV J.ZAY//BUS GASTON COU;M;4791035;192289;450
201400028097;14;1;8;850;1;2;1;1;1;298;RTE  ST MESMIN//HT R BER;M;4787832;185754;450
201400028098;14;1;16;1215;1;2;1;2;6;234;69 R FG BANNIER;M;4791041;190062;450
201400028099;14;1;17;1415;1;2;1;1;3;234;72 Q DU CHATELET;M;4789789;190679;450
201400028100;14;1;17;1444;1;2;6;1;1;169;R CHAPELLE/MINES;M;4790419;183584;450
201400028101;14;1;27;1410;1;2;1;1;6;234;66 BD ALEXANDRE MARTIN;M;4790627;190775;450
201400028102;14;1;27;1655;1;2;1;1;6;234;61 R BOURGOGNE;M;4790067;191599;450
201400028103;14;1;28;1920;5;2;6;2;3;234;R CHATEAUBRIAND/AUGUSTE;M;4781891;193823;450
201400028104;14;1;31;1940;5;2;2;2;3;302;RTE NATIONALE/R ORMETEAU;M;4794465;189242;450
201400028105;14;2;3;1217;1;2;2;1;3;234;FG ST VINCENT/BD P.SEGEL;M;4790480;191347;450
201400028106;14;2;4;725;1;2;1;1;1;234;82 R ARGONNE;M;4791454;192605;450
201400028107;14;2;6;824;1;2;1;1;3;234;JOFFRE (PONT);;;;450
201400028108;14;2;12;1213;1;2;1;1;3;274;1170 R DE BRANSLES;M;4789095;194505;450
201400028109;14;2;13;1800;1;1;3;1;3;274;R MELLERAY/R CHATEAU;M;4787656;198471;450
201400028110;14;2;7;1555;1;2;3;1;3;302;ALL JEAN BOUIN/AV STADE;M;4794978;188358;450
201400028111;14;2;17;1809;1;2;1;1;3;284;41 AV DENIS PAPIN;M;4791289;194766;450
201400028112;14;2;21;1125;1;1;1;1;3;272;AV GASTON GALLOUX;M;4784936;194363;450
201400028113;14;2;21;1520;1;2;1;1;3;234;33 R ROMAIN ROLLAND;M;4783946;192835;450
201400028114;14;2;26;1035;1;2;2;1;3;169;RTE ORLEANS/R FOLIE;M;4791598;184008;450
201400028115;14;3;2;1500;1;2;1;1;3;169;10 RUE DE LA MAIRIE;M;4791884;182864;450
201400028116;14;3;12;910;1;2;1;7;6;232;50 R GENERAL DE GAULLE;M;4786447;190018;450
201400028117;14;3;13;1700;1;2;1;1;3;234;21 Q DU ROI;M;4789945;192408;450
201400028118;14;3;22;1520;1;2;3;1;3;234;FG BANNIER/R ECOLES;M;4793066;189553;450
201400028119;14;4;7;800;1;2;4;1;3;234;R ST MARC/HENRI LAVEDAN;M;4790485;192315;450
201400028120;14;4;7;1320;1;1;1;1;4;235;RD 955;M;4795655;179379;450
201400028121;14;4;9;1757;1;2;1;1;6;234;28 FG ST JEAN;M;4790486;189301;450
201400028122;14;4;9;2215;5;2;1;1;2;234;35 BD ROCHEPLATTE;M;4790663;189933;450
201400028123;14;4;18;1540;1;2;1;1;3;284;105 AV DE LA PAIX;M;4791365;196192;450
201400028124;14;4;21;1538;1;2;2;1;5;234;RN 20 (ROUTE NATIONALE 2;;;;450
201400028125;14;5;8;1405;1;2;1;1;2;285;184 R CHARLES BEAUHAIRE;M;4791581;186606;450
201400028126;14;5;15;820;1;2;2;1;1;147;BD LAMARTINE/R LAMARTINE;M;4792133;190711;450
201400028127;14;5;23;1830;1;2;1;1;6;169;4 R MAIRIE;M;4791923;182843;450
201400028128;14;5;29;255;5;2;1;1;6;234;AV ROGER SECRETAIN;M;4789095;189558;450
201400028129;14;6;1;500;2;2;1;1;6;232;356 AV DE VERDUN;M;4786931;190830;450
201400028130;14;6;1;1700;1;2;1;1;3;284;58 AV VERDUN;M;4791878;198209;450
201400028131;14;5;31;1505;1;2;1;1;6;234;22 AV PRESIDENT KENNEDY;M;4783902;193586;450
201400028132;14;6;4;1831;1;2;1;1;1;75;RTE DE CHAINGY;;;;450
201400028133;14;6;6;1830;1;2;2;1;3;234;AV PARC FLORAL/R GOBSON;M;4784625;194091;450
201400028134;14;6;11;1825;1;2;3;1;5;234;QU CYPIERRE/R G.TEMPLIER;M;4789817;190347;450
201400028135;14;6;13;2245;5;2;2;1;3;234;AV ROGER SECRETAIN/CHABA;M;4788412;189827;450
201400028136;14;6;30;1825;1;2;2;1;5;147;R M.BERTHELOT/SANGNIER;M;4792149;191448;450
201400028137;14;7;3;1615;1;2;1;1;6;234;27 BIS BD A.MARTIN;M;4790505;191051;450
201400028138;14;7;4;1205;1;2;2;2;3;234;R LIEVRE D'OR/RENE BERTH;M;4789061;189774;450
201400028139;14;7;24;725;1;2;1;1;6;75;R DES BAS CHAMPS;;;;450
201400028140;14;7;26;730;1;2;1;1;6;232;539 R MARCEL BELOT;M;4786278;190048;450
201400028141;14;7;24;1225;1;2;1;1;6;147;27 R GUSTAVE ROLAND;M;4792998;191289;450
201400028142;14;7;31;1710;1;2;6;1;3;302;D 2020/R PAUL LANGEVIN;M;4795725;189008;450
201400028143;14;8;3;1010;1;2;2;1;3;234;AV DAUPHINE/QU TOURELLES;M;4789468;190462;450
201400028144;14;8;6;1330;1;2;3;1;3;285;R G.CLEMENCEAU/MARMOGNE;M;4789608;186032;450
201400028145;14;8;16;525;5;2;6;1;6;298;SANS, TRAITE DE ROME (AV;;;;450
201400028146;14;8;22;1530;1;2;1;1;1;302;R DE LA TUILERIE;;;;450
201400028147;14;8;20;1745;1;2;3;1;3;232;R POIRIERS/PASSE CRASSAG;M;4785419;191702;450
201400028148;14;8;25;1300;1;2;2;1;6;234;FG ST JEAN/BD JEAN JAURE;M;4790378;189445;450
201400028149;14;9;2;1740;1;2;3;1;2;284;AV P.M CURIE/R FEULARDE;M;4790667;198479;450
201400028150;14;9;2;1130;1;2;1;1;6;284;AV GENERAL LECLERC;M;4791524;196889;450
201400028151;14;9;5;535;4;1;1;1;6;232;AV DE SOLOGNE;M;4785909;191245;450
201400028152;14;9;6;1440;1;2;1;1;6;234;5 RUE ARSENE BOURGEOIS;M;4791623;192536;450
201400028153;14;9;8;1705;1;2;3;1;6;284;126 FG DE BOURGOGNE/R GL;M;4790359;193307;450
201400028154;14;9;9;2050;5;2;2;1;3;234;AV ROGER SECRETAIN/VERDU;M;4786846;191179;450
201400028155;14;9;12;1155;1;2;1;1;2;147;295 R MARCELLIN BERTHELO;M;4793994;191946;450
201400028156;14;9;17;1825;1;2;2;1;1;285;R CHARLES BEAUHAIRE/B.MI;M;4791159;187768;450
201400028157;14;9;19;1857;1;2;1;1;3;234;97 R VIEILLE LEVEE;M;4789193;188796;450
201400028158;14;9;20;1648;1;2;3;1;3;234;R EMILE ZOLA/ST YVES;M;4790976;190762;450
201400028159;14;9;24;1430;1;2;2;1;3;234;BD MAIE STUART/R AMBERT;M;4790846;193828;450
201400028160;14;9;25;810;1;2;3;1;2;75;R CROQUECHATAINE/J.DUFRA;M;4789775;183307;450
201400028161;14;10;1;1755;1;2;1;1;6;234;22 Q CYPIERRE;M;4789821;190142;450
201400028162;14;10;2;1310;1;2;1;1;1;302;R DU CHAMP ROUGE;M;4795779;184760;450
201400028163;14;10;3;1118;1;2;1;1;3;234;21 R DES MURLINS;M;4790893;189939;450
201400028164;14;10;7;2030;5;2;2;2;3;234;R STANISLAS JULIEN/CROIX;M;4789975;189779;450
201400028165;14;10;9;1150;1;2;1;1;3;234;AV WICHITA;M;4791401;192825;450
201400028166;14;10;9;1230;1;2;1;1;6;147;11 R VICTOR HUGO;M;4792215;190554;450
201400028167;14;10;9;1705;1;2;1;1;6;234;AV ROGER SECRETAIN;M;4788416;189816;450
201400028168;14;10;14;1552;1;2;3;1;3;284;AV CT JEAN/R PIERRE LOUG;M;4790853;194864;450
201400028169;14;10;15;35;5;2;4;1;1;234;AV R.SECRETAIN/BRETELL;;;;450
201400028170;14;10;15;805;2;2;1;1;6;75;46, BLOIS (ROUTE DE BLOI;;;;450
201400028171;14;10;18;1130;1;2;2;1;6;234;BD CHATEAUDUN/ALL REGIME;M;4790856;189169;450
201400028172;14;10;23;1950;5;2;1;1;3;234;116 FG ST JEAN;M;4790805;188604;450
201400028173;14;11;8;515;5;2;2;8;3;234;AV R SECRETAIN/R BASSE M;M;4787953;190888;450
201400028174;14;11;8;1624;1;2;1;1;6;234;27 Q DU ROI;M;4789969;192522;450
201400028175;14;11;10;816;1;2;1;1;4;302;RTE NATIONALE 20;M;4796291;188884;450
201400028176;14;11;10;2026;5;2;3;1;3;234;RTE OLIVET/R MOREAU;M;4788122;190338;450
201400028177;14;11;12;1025;1;2;1;1;6;234;AV PARIS;M;4790946;190423;450
201400028178;14;11;11;1755;2;2;1;1;6;285;26 R HENRI PAVARD;M;4790035;187249;450
201400028179;14;11;18;1315;1;2;1;2;2;302;PASSE DEBOUT (RUE);;;;450
201400028180;14;11;29;1047;1;2;2;1;3;234;BRECHE (RUE DE LA);;;;450
201400028181;14;12;5;1815;5;2;1;1;6;285;94 R CHARLES BEAUHAIRE;M;4791342;187329;450
201400028182;14;12;3;750;1;2;1;2;3;286;31 R GL DE GAULLE;M;4789254;191765;450
201400028183;14;12;15;750;2;2;1;1;1;234;CONCYR (AVENUE DE);;;;450
201400028184;14;12;19;802;2;2;1;2;6;234;16, PRESIDENT KENNEDY (A;;;;450
201400028185;14;12;20;2;3;1;1;1;1;302;ORMES (ROUTE D');;;;450
201400028186;14;1;22;1700;1;1;1;5;7;42;1728, LACAPELLE (ROUTE D;;;;460
201400028187;14;1;31;1515;1;1;1;1;1;42;D?partementale 811 (entr;M;4448224;141150;460
201400028188;14;2;14;910;1;2;1;1;5;42;BASTIE (AVENUE MARYSE);;;;460
201400028189;14;3;4;1750;1;1;2;1;3;42;C?te de la Marchande;M;4440866;146861;460
201400028190;14;3;7;1240;1;2;7;1;3;42;RACINE (RUE JEAN);M;4446176;145223;460
201400028191;14;3;16;1125;1;2;1;8;6;42;SOUPIRS (ALLEE DES);M;4444146;143539;460
201400028192;14;5;12;1125;1;2;1;1;3;224;756, RIMADES (ALLEE DES);M;4446918;140576;460
201400028193;14;5;20;1210;1;2;7;1;3;42;CROIX (PLACE DE LA);M;4444076;144300;460
201400028194;14;6;1;1035;1;2;1;1;6;42;BASTIE (AVENUE MARYSE);M;4445804;142525;460
201400028195;14;6;19;1745;1;2;1;1;3;42;45, BARRY (RUE);;;;460
201400028196;14;7;19;1450;1;2;1;1;1;42;CASANOVA (RUE DANIEL);M;4443194;145655;460
201400028197;14;9;13;1830;1;2;1;1;7;42;SEMARD (AVE PIERRE);M;4444715;143281;460