num_acc;an;mois;jour;hrmn;lum;agg;int;atm;col;com;adr;gps;lat;long;dep
201400028198;14;8;19;1130;1;2;1;1;6;42;15, MAGNY (RUE OLIVEIR D;M;4444607;144445;460
201400028199;14;8;26;2055;1;2;1;2;7;42;57, MONZIE (AVENUE ANATO;M;4443969;144115;460
201400028200;14;10;8;745;1;1;1;1;7;95;DEPARTEMENTALE N? 811;M;4451634;136411;460
201400028201;14;9;7;2125;5;1;1;1;7;95;DEPARTEMENTALE N? 811;M;4450506;138053;460
201400028202;14;10;14;1450;1;2;2;1;7;42;BOURTOUMIEUX (RUE PIERRE;M;4444543;143508;460
201400028203;14;10;15;1745;1;2;9;1;3;42;D820 BRETELLE PRADINES;M;4446214;141986;460
201400028204;14;10;20;1425;1;2;1;1;1;42;;M;4443660;138496;460
201400028205;14;10;23;1355;1;2;1;1;2;42;MAQUIS (AVENUE DU);M;4445454;144847;460
201400028206;14;11;2;1120;1;2;1;1;6;42;93, GAMBETTA (BOULEVARD;M;4444511;144161;460
201400028207;14;12;5;1900;5;2;3;2;3;42;ZOLA (RUE EMILE);;;;460
201400028208;14;12;12;1635;1;2;1;1;2;42;ORMEAUX (COTE DES);M;4446302;142803;460
201400028209;14;1;9;355;5;2;3;1;3;31;1, NOGUES (Avenue du);;;;470
201400028210;14;1;10;830;1;2;2;1;3;1;LECLERC (AV. DU GENERAL);;;;470
201400028211;14;2;10;855;1;2;2;2;3;1;LACOUR (BD EDOUARD);;;;470
201400028212;14;2;21;1215;1;2;3;1;6;1;STRASBOURG (RUE DE);;;;470
201400028213;14;3;1;1830;1;2;1;1;1;31;Rocade D813;;;;470
201400028214;14;3;6;1720;1;2;1;1;3;32;ARMAND (RUE);;;;470
201400028215;14;4;13;40;5;2;1;1;1;1;CANAL (QUAI DU);;;;470
201400028216;14;5;19;1700;1;2;1;1;3;1;MONNET (AV. JEAN);;;;470
201400028217;14;5;20;1750;1;2;1;1;5;1;TISSIDRE (AV. ANDRE);;;;470
201400028218;14;6;10;1600;1;2;1;1;6;1;MIDI (AVENUE DU);;;;470
201400028219;14;7;16;1225;1;2;1;1;7;1;VERONE (AVENUE DE);;;;470
201400028220;14;7;24;1840;1;2;3;1;3;201;MAURICE (AVENUE JUSTIN);;;;470
201400028221;14;8;2;1825;1;2;1;1;7;201;BRAX (route de);;;;470
201400028222;14;8;3;1105;1;2;1;1;1;1;FOCH (PL. DU MARECHAL);;;;470
201400028223;14;8;5;1749;1;2;3;1;3;31;MENDES FRANCE;;;;470
201400028224;14;8;23;1120;1;1;1;1;1;31;RD813;;;;470
201400028225;14;9;16;830;1;2;3;1;7;31;RUE DES VOSGES;;;;470
201400028226;14;9;19;755;1;2;1;1;6;1;SCALIGER (BOULEVARD);;;;470
201400028227;14;9;23;1650;1;2;2;1;3;32;Rue Denis Papin;;;;470
201400028228;14;10;9;1730;1;2;6;1;3;1;ANCIENS COMBATTANTS AFN;;;;470
201400028229;14;10;14;1935;2;2;3;1;3;1;JAURES (AV. JEAN);;;;470
201400028230;14;10;20;2135;5;2;1;1;2;1;., LIBERATION (PONT DE L;;;;470
201400028231;14;11;10;1659;1;2;1;1;3;31;AV LACAPELETTE;;;;470
201400028232;14;11;27;1942;5;2;2;2;3;1;., PELLETAN (BOULEVARD E;;;;470
201400028233;14;12;8;1835;5;2;1;1;6;201;PYRENEES (AVENUE DES);;;;470
201400028234;14;12;10;855;2;2;1;1;6;1;SCALIGER (BOULEVARD);;;;470
201400028235;14;12;11;1053;1;1;1;1;7;31;ROUTE DE CANCELLES;;;;470
201400028236;14;12;21;1610;1;2;1;1;6;1;DEUX ROCS (RUE DES);;;;470
201400028237;14;12;18;900;1;2;2;1;6;201;BEME (AVENUE PAUL);;;;470
201400028238;14;2;7;1530;1;2;6;1;3;323;1, REVOLUTION (PLACE DE;;;;470
201400028239;14;4;5;1845;1;2;3;1;6;323;68, BARBUSSE (RUE HENRI);;;;470
201400028240;14;5;15;1305;1;1;1;1;7;215;RD 921;;;;470
201400028241;14;5;20;1140;1;2;1;1;6;323;24, COQUARD (RUE DE);;;;470
201400028242;14;5;31;1720;1;2;2;1;3;323;60, FUMEL(AVENUE DE );;;;470
201400028243;14;6;18;1545;1;2;5;1;3;323;PUJOLS (AV);;;;470
201400028244;14;8;30;2325;3;1;1;1;7;323;ROUTE NATIONALE 21;;;;470
201400028245;14;8;31;325;5;2;3;1;3;323;62, BARBUSSE (R HENRI);;;;470
201400028246;14;10;18;1400;1;2;1;1;6;323;DESMOULINS (BD CAMILLE);;;;470
201400028247;14;10;19;1110;1;2;2;1;1;323;LYES (RUE DE);;;;470
201400028248;14;10;22;1630;1;2;1;1;7;323;57, DELVERT(RUE RAY);;;;470
201400028249;14;11;26;2010;3;1;1;2;1;323;RD 676;;;;470
201400028250;14;12;28;1905;5;2;2;8;3;323;06, COLLEGE(RUE DU);;;;470
201400028251;14;2;21;50;3;1;1;8;3;95;RD 806;M;4453344;349190;480
201400028252;14;3;16;1720;1;2;2;1;5;95;BRITEXTE (BOULEVARD);;;;480
201400028253;14;4;19;840;1;2;1;7;6;95;2, BOURILLON (BOULEVARD;M;4451626;349923;480
201400028254;14;5;5;1050;1;2;1;7;6;95;BRITEXTE (BOULEVARD);;;;480
201400028255;14;6;10;1625;1;2;1;1;6;95;FOCH (AVENUE);M;4451805;349428;480
201400028256;14;8;16;1713;1;1;1;1;5;95;RN 88 (LA TEBAIDE);M;4450887;346534;480
201400028257;14;1;2;1315;1;1;1;1;1;15;MEIGNANNE ROUTE DE LA;M;4749520;-60653;490
201400028258;14;1;2;1410;1;2;1;1;7;7;GRAND LAUNAY;M;4746572;-59497;490
201400028259;14;1;1;500;2;2;1;2;7;7;35, MADELEINE;M;4746410;-54268;490
201400028260;14;1;4;1213;1;1;1;1;5;267;RD 347;M;4747071;-45296;490
201400028261;14;1;6;1525;1;2;1;2;3;7;14, BIRGE BOULEVARD;M;4747993;-52162;490
201400028262;14;1;2;1620;1;2;1;2;1;267;87, PAPERIE;M;4746571;-50953;490
201400028263;14;1;7;1500;1;2;1;8;2;7;RUE J. LAKANAL;M;4747708;-59949;490
201400028264;14;1;10;2030;5;2;2;1;6;7;Bd BLANCHOIN;M;4744742;-54338;490
201400028265;14;1;11;615;2;1;1;5;7;246;ROUTE de JUIGNE;M;4741070;-51532;490
201400028266;14;1;11;2135;5;2;1;1;2;7;1, MONTAIGNE AVENUE;M;4747152;-53837;490
201400028267;14;1;12;2325;5;2;1;2;3;7;26, CHANZY AVENUE;M;4746021;-55640;490
201400028268;14;1;16;755;2;2;1;2;6;7;100, GASNIER AVENUE;M;4748499;-57158;490
201400028269;14;1;15;1832;5;2;1;1;3;7;PATTON AVENUE;M;4747325;-59651;490
201400028270;14;1;18;2020;5;2;1;2;2;7;74, VOLNEY;M;4746055;-53854;490
201400028271;14;1;17;1145;1;2;1;1;5;7;54, AYRAULT;M;4747548;-54926;490
201400028272;14;1;17;1130;1;1;1;2;5;246;;M;4742397;-50387;490
201400028273;14;1;21;1124;1;2;1;1;1;7;59, COUBERTIN BOULEVARD;M;4745945;-53284;490
201400028274;14;1;22;2140;5;2;1;2;3;7;10, PATTON AVENUE;M;4747376;-58049;490
201400028275;14;1;28;745;2;2;1;2;2;7;00, GASNIER AVENUE;M;4748702;-57322;490
201400028276;14;1;27;1635;1;2;1;1;3;7;MELGRANI IMPASSE ET RUE;M;4747513;-59446;490
201400028277;14;1;28;1503;1;2;1;1;6;7;BIRGE BOULEVARD;M;4747921;-52136;490
201400028278;14;2;4;1745;5;2;1;1;2;7;BIRGE BOULEVARD;M;4747455;-51977;490
201400028279;14;2;5;744;5;2;1;2;3;7;MONPROFIT PLACE;M;4747418;-56712;490
201400028280;14;2;7;1629;1;2;1;1;6;7;MEIGNANNE;M;4748092;-57356;490
201400028281;14;2;10;755;2;2;1;2;7;7;78, VOLNEY;M;4746092;-53943;490
201400028282;14;2;10;1214;1;1;1;1;6;7;1, BARANGE BOULEVARD;M;4745446;-56785;490
201400028283;14;2;10;1420;1;2;1;1;7;267;JOLIOT CURIE;M;4746727;-50370;490
201400028284;14;2;8;1251;1;2;1;1;2;7;1, GANDHI;M;4746880;-51990;490
201400028285;14;2;11;940;1;2;1;1;3;7;Bd J. MILLOT;M;4745609;-53374;490
201400028286;14;2;13;855;1;2;1;2;3;7;Rue Charles DENIS;M;4745516;-53592;490
201400028287;14;2;12;1848;5;2;1;2;6;7;5, CHAUVAT BOULEVARD;M;4745403;-56721;490
201400028288;14;2;10;730;5;2;2;1;3;7;BRISSAC;M;4746531;-55033;490
201400028289;14;2;11;1603;1;2;6;1;3;7;Rue de la LANDE;M;4747694;-59880;490
201400028290;14;2;16;1123;1;2;1;1;6;7;0, RAMON BOULEVARD;M;4748702;-53971;490
201400028291;14;2;15;445;5;2;1;1;7;7;BOUCHEMAINE ROUTE;M;4744954;-57264;490
201400028292;14;2;14;850;1;1;1;1;3;267;0, BEAUFORT ROUTE;M;4746808;-47087;490
201400028293;14;2;14;1735;1;2;6;8;3;7;Bd du BON PASTEUR;M;4747034;-56923;490
201400028294;14;2;11;1629;1;2;1;2;6;7;1, LEROY PLACE;M;4746465;-54879;490
201400028295;14;2;15;1624;1;2;1;1;6;7;48, JERUSALEM;M;4747366;-53096;490
201400028296;14;2;11;1615;1;1;1;1;2;267;1, ANGERS ROUTE;M;4746956;-51136;490
201400028297;14;2;17;1140;1;1;1;1;4;353;1, DAUTEL BOULEVARD;M;4744283;-48347;490
201400028298;14;2;17;803;1;2;3;1;3;7;244, PASTEUR AVENUE;M;4748012;-52598;490
201400028299;14;2;19;1516;1;2;2;1;3;15;LECLERC AVENUE DU MARECH;M;4749561;-58198;490
201400028300;14;2;19;1658;1;2;1;1;3;7;Bd BESSONEAU;M;4747199;-54639;490
201400028301;14;2;21;856;1;1;1;1;2;7;1, VILLESICARD RUE;M;4744948;-53028;490
201400028302;14;2;21;1838;1;2;1;1;6;7;25, JEAN XXIII AVENUE;M;4744983;-56671;490
201400028303;14;2;21;1620;1;2;5;1;6;7;1, TARDAT;M;4744426;-55158;490
201400028304;14;2;22;1140;1;2;1;1;6;7;52, ROI RENE BOULEVARD;M;4746703;-55476;490
201400028305;14;2;26;1714;1;1;3;2;3;15;TERNIERE RUE DE LA;M;4749404;-59911;490
201400028306;14;2;21;1645;1;2;6;1;6;7;1, EUROPE PLACE;M;4748757;-52739;490
201400028307;14;2;25;823;1;2;1;1;6;7;Bd BESSONEAU;M;4747147;-54687;490
201400028308;14;2;26;2015;3;2;1;1;2;7;RD 323;M;4747311;-55689;490
201400028309;14;2;28;820;1;2;1;1;6;7;1, LABOULAYE;M;4747447;-55388;490
201400028310;14;3;3;840;1;2;1;1;7;267;1 Bd de la CHANTERIE;M;4747685;-50580;490
201400028311;14;3;3;650;2;2;1;2;7;7;ARBRISSEL;M;4744370;-56324;490
201400028312;14;3;4;1416;1;2;1;1;7;7;MONPLAISIR BOULEVARD;M;4749075;-52744;490
201400028313;14;3;8;310;5;1;1;1;6;267;A87N;M;4747841;-50100;490
201400028314;14;3;4;857;1;2;1;1;3;267;1 Bd de la CHANTERIE;M;4747660;-50383;490
201400028315;14;3;15;1755;1;2;2;1;5;7;DEUX CROIX BOULEVARD;M;4747113;-53113;490
201400028316;14;3;18;948;1;2;1;1;3;7;BOREAU;M;4747650;-54474;490
201400028317;14;3;18;1105;1;2;2;1;3;7;DEUX CROIX BOULEVARD;M;4747470;-52913;490
201400028318;14;3;19;2050;5;2;1;1;6;7;BOULEVARD ST MICHEL;M;4747347;-54210;490
201400028319;14;3;20;849;1;1;1;1;3;246;A87N;M;4744260;-51300;490
201400028320;14;3;19;853;1;1;1;1;6;267;1, CHANTERIE;M;4747721;-49601;490
201400028321;14;3;14;2010;5;2;1;1;6;7;1, BRIOLLAY ROUTE;M;4748617;-53290;490
201400028322;14;3;6;53;5;2;1;1;7;7;4, DEUX CROIX BOULEVARD;M;4747810;-52814;490
201400028323;14;3;12;1635;1;2;1;1;7;7;RUE CHEVREUL;M;4747211;-54864;490
201400028324;14;3;21;1336;1;2;1;1;3;7;0, PRE PIGEON;M;4747635;-53930;490
201400028325;14;3;22;900;1;2;1;2;7;7;1, ATLANTIQUE  AVENUE DE;M;4746578;-56896;490
201400028326;14;3;24;900;1;1;1;1;6;7;1, ATLANTIQUE  AVENUE DE;M;4746456;-57345;490
201400028327;14;3;21;1811;1;1;1;1;7;267;A87N;M;4747165;-50961;490
201400028328;14;3;25;1344;1;2;1;1;6;7;FOCH BOULEVARD;M;4746783;-55106;490
201400028329;14;3;27;706;1;2;6;1;2;246;1, BOUTTON AVENUE;M;4743842;-50874;490
201400028330;14;3;27;1727;1;1;1;1;6;15;ROUTE DE LA MEIGNANNE;M;4749486;-60301;490
201400028331;14;3;30;1342;1;2;1;1;6;7;1, DUNANT BOULEVARD;M;4748348;-52818;490
201400028332;14;3;30;1220;1;1;1;1;5;267;RD 347;M;4747320;-48908;490
201400028333;14;4;2;1700;1;2;1;1;2;246;1, PONT DUMNACUS;M;4742248;-52368;490
201400028334;14;4;3;1744;1;2;1;1;6;267;37, ROMANERIE BOULEVARD;M;4748525;-50987;490
201400028335;14;1;16;2248;5;2;1;1;6;7;1, CHALOUERE;M;4747896;-54262;490
201400028336;14;4;7;1659;1;2;1;1;6;7;8, GARDOT;M;4746750;-53564;490
201400028337;14;4;8;1802;1;1;1;1;5;7;1, BARANGE BOULEVARD;M;4745464;-56806;490
201400028338;14;4;8;1805;1;2;1;1;6;7;TALET AVENUE;M;4747601;-54797;490
201400028339;14;4;8;1052;1;2;3;9;3;7;1, HAMELIN RUE;M;4747512;-58720;490
201400028340;14;4;4;1350;1;2;1;1;6;7;PASTEUR AVENUE;M;4747649;-53289;490
201400028341;14;4;10;1816;1;2;1;1;7;7;1, BRISSAC;M;4746460;-55042;490
201400028342;14;4;1;2115;5;2;1;1;7;7;1, PAUL BERT;M;4746639;-55269;490
201400028343;14;4;9;1510;1;2;3;1;3;7;PRE PIGEON;M;4747629;-53907;490
201400028344;14;4;10;1825;1;2;1;1;2;267;RD 347;M;4747235;-50043;490
201400028345;14;4;12;830;1;1;1;1;6;267;20, GEMMETRIE;M;4746590;-50075;490
201400028346;14;4;13;1456;1;2;1;1;3;7;BEDIER BOULEVARD;M;4745170;-54568;490
201400028347;14;4;13;1805;1;2;1;1;7;7;Pont Jean Moulin;M;4748960;-54672;490
201400028348;14;4;15;1616;1;2;1;1;6;7;Pont Jean Moulin;M;4749054;-54819;490
201400028349;14;4;9;2240;5;2;1;1;5;7;163, PASTEUR AVENUE;M;4747549;-53464;490
201400028350;14;4;14;812;2;2;1;1;6;267;RUE DE LA PELLERINIERE;M;4745992;-48674;490
201400028351;14;4;15;835;1;2;1;1;2;7;VOIE DES BERGES;M;4747510;-55540;490
201400028352;14;4;15;1610;1;2;6;1;3;7;JUSTICES PLACE;M;4745337;-52593;490
201400028353;14;4;15;1622;1;2;6;1;3;7;1, GIDE;M;4748339;-57455;490
201400028354;14;4;15;1938;1;2;2;1;3;7;STRASBOURG BOULEVARD;M;4745944;-56026;490
201400028355;14;4;14;920;1;2;1;1;3;7;VOLNEY;M;4746232;-54280;490
201400028356;14;4;14;1600;1;2;1;1;7;353;RECLUS;M;4745128;-50066;490
201400028357;14;4;16;1900;1;2;1;1;6;7;24 av notre dame du lac;M;4747862;-58549;490
201400028358;14;4;18;1000;1;2;1;1;6;7;5bis, MONTESQUIEU PASSAG;M;4747309;-58355;490
201400028359;14;4;12;1836;1;2;1;1;7;7;132, JAURES;M;4745366;-52574;490
201400028360;14;4;19;1345;1;2;1;1;3;7;MILLOT BOULEVARD JACQUES;M;4745565;-53389;490
201400028361;14;4;23;1358;1;2;1;1;2;7;14, ARAGO BOULEVARD;M;4747671;-55788;490
201400028362;14;4;23;1153;1;2;2;1;3;7;BIRGE BOULEVARD;M;4747079;-51917;490
201400028363;14;4;23;1825;1;2;6;1;3;15;CROIX CADEAU LIEU DIT;M;4751808;-61371;490
201400028364;14;4;18;2245;3;1;1;1;3;267;RD 347;M;4747241;-50428;490
201400028365;14;4;26;412;4;2;1;8;6;246;GAULLE RUE CHARLES DE;M;4742450;-52492;490
201400028366;14;4;25;904;1;2;1;1;3;7;CLEMENCEAU BOULEVARD;M;4747643;-56646;490
201400028367;14;4;24;1239;1;2;1;1;6;7;1, VAUCANSSON;M;4748792;-54297;490
201400028368;14;4;25;748;1;2;1;1;3;7;00, BAUMETTE PROMENADE;M;4745520;-57299;490
201400028369;14;4;28;1435;1;2;1;2;3;7;0, CLEMENCEAU BOULEVARD;M;4747680;-56621;490
201400028370;14;5;1;1909;1;2;6;1;3;7;38, ARAGON AVENUE;M;4747187;-56720;490
201400028371;14;5;2;1734;1;2;1;1;7;7;1, CHAUMIN BOULEVARD;M;4745024;-55590;490
201400028372;14;4;30;1914;1;2;1;1;2;7;PATTON AVENUE;M;4747327;-59628;490
201400028373;14;5;6;1550;1;2;1;1;6;7;JEAN XXIII AVENUE;M;4744799;-56345;490
201400028374;14;5;8;1520;1;2;1;2;6;7;CAMUS;M;4748298;-57581;490
201400028375;14;5;2;1;5;2;1;1;7;7;VOIE DES BERGES;M;4747333;-55663;490
201400028376;14;5;12;731;1;1;1;1;7;15;ADEZIERE ROUTE;M;4750273;-60656;490
201400028377;14;5;13;1230;1;2;1;1;6;7;Rue colonel leon FAYE;M;4748964;-51472;490
201400028378;14;5;14;955;1;2;2;1;6;7;PATTON AVENUE;M;4747339;-59199;490
201400028379;14;5;15;1213;1;2;1;1;6;7;LICES;M;4746831;-55437;490
201400028380;14;5;19;1420;1;2;1;1;6;7;VERDUN PONT;M;4747323;-55844;490
201400028381;14;5;16;1655;1;2;6;1;3;7;ROI RENE BOULEVARD;M;4746854;-55867;490
201400028382;14;5;20;1817;1;1;1;1;3;267;RD 347;M;4747397;-48194;490
201400028383;14;5;16;2120;1;1;1;1;6;7;ROUCHY;M;4747918;-54729;490
201400028384;14;5;20;1630;1;2;1;2;6;246;0, DAVID D'ANGERS;M;4743603;-53089;490
201400028385;14;5;17;1138;1;2;1;1;6;7;0, GRAND MONTREJEAU;M;4746852;-52253;490
201400028386;14;5;17;305;5;2;1;1;2;7;ATLANTIQUE  AVENUE DE L';M;4746925;-58968;490
201400028387;14;5;16;1716;1;2;1;1;6;7;LORRAINE PLACE;M;4746972;-54774;490
201400028388;14;5;19;1708;1;2;1;1;6;353;avenue pierre mendes;M;4744807;-50728;490
201400028389;14;5;16;945;1;2;1;1;3;7;Bd AYRAULT;M;4747633;-55112;490
201400028390;14;5;17;1726;1;2;1;1;7;7;DAUDET RUE ET SQUARE;M;4748722;-58099;490
201400028391;14;5;16;1836;1;2;1;1;6;7;104 rue BRESSIGNY;M;4746608;-54710;490
201400028392;14;5;21;1223;1;2;1;2;1;7;MOULIN BOULEVARD;M;4749231;-55461;490
201400028393;14;5;23;1512;1;2;1;2;2;15;AVENUE MENDES FRANCE;M;4750320;-58588;490
201400028394;14;5;22;1217;1;2;1;1;6;7;LAVOISIER BOULEVARD;M;4748062;-60388;490
201400028395;14;5;23;1645;1;2;3;1;3;7;0, MOREL;M;4747468;-60660;490
201400028396;14;5;24;1520;1;2;2;1;6;7;BEAUREPAIRE;M;4747437;-56021;490
201400028397;14;5;25;1654;1;2;1;1;2;267;Rue de la GEMMETRIE;M;4746127;-49272;490
201400028398;14;5;27;1730;1;1;1;1;4;7;ATLANTIQUE  AVENUE DE;M;4746524;-57880;490
201400028399;14;5;27;1540;1;1;1;1;2;7;ATLANTIQUE  AVENUE DE;M;4746478;-57574;490
201400028400;14;5;27;1005;1;1;1;1;4;7;ATLANTIQUE  AVENUE DE L';M;4746485;-57644;490
201400028401;14;5;27;1810;1;1;1;1;2;15;D775;M;4750971;-61830;490
201400028402;14;5;28;1840;1;2;6;1;2;15;0, DE GAULLE ROND POINT;M;4750058;-59055;490
201400028403;14;5;30;1730;1;2;1;1;3;267;RD 347;M;4747235;-50089;490
201400028404;14;5;30;1848;1;2;1;1;6;7;0, DAVID D'ANGERS;M;4747116;-54934;490
201400028405;14;6;1;1716;1;2;2;1;6;7;0, LETANDUERE;M;4745706;-55409;490
201400028406;14;6;3;1745;1;2;1;1;6;246;RUE PASTEUR;M;4741745;-52332;490
201400028407;14;6;4;1700;1;2;2;1;1;7;Passa HAUTE DES BANCHAIS;M;4748056;-51752;490
201400028408;14;6;7;1050;1;2;3;2;7;7;RUE ROC EPINE;M;4748241;-58081;490
201400028409;14;6;10;1045;1;2;1;1;6;7;JOXE AVENUE;M;4748374;-54167;490
201400028410;14;6;12;1304;1;2;1;1;3;7;ARAGO BOULEVARD;M;4747659;-55803;490
201400028411;14;6;12;1420;1;2;6;1;6;7;COUBERTIN BOULEVARD;M;4746425;-53139;490
201400028412;14;6;13;1859;1;2;1;1;6;7;RUE SAUMUROISE;M;4745691;-53200;490
201400028413;14;6;13;1917;1;2;2;1;3;7;0, BOISNET RUE;M;4747435;-55237;490
201400028414;14;6;7;1230;1;2;1;1;6;7;121, MADELEINE;M;4746069;-53789;490
201400028415;14;6;18;731;1;2;1;1;2;7;0, MEIGNANNE;M;4748094;-57363;490
201400028416;14;6;21;955;1;2;1;1;6;7;MEIGNANNE;M;4748005;-57227;490
201400028417;14;6;20;825;1;2;2;1;3;7;BICHON PLACE;M;4747842;-56475;490
201400028418;14;6;22;1057;1;2;6;1;6;246;GALLIENI AVENUE;M;4743710;-51467;490
201400028419;14;6;23;1030;1;2;2;1;3;15;CHEMIN DE LA BEURRIERE;M;4749701;-58910;490
201400028420;14;6;24;1300;1;2;6;1;3;15;AVENUE MENDES FRANCE;M;4750692;-58978;490
201400028421;14;6;25;1315;1;2;1;1;4;7;VOIE DES BERGES;M;4747880;-55248;490
201400028422;14;6;25;1707;1;2;1;1;6;7;CONTADES AVENUE;M;4746357;-55393;490
201400028423;14;6;26;1430;1;1;6;1;6;15;Route Nationale;M;4752039;-61020;490
201400028424;14;6;26;812;1;1;3;1;7;267;RD 116;M;4748661;-48320;490
201400028425;14;6;28;1710;1;2;1;2;2;7;Rue du GRAND LAUNAY;M;4746650;-59427;490
201400028426;14;6;28;1837;1;2;1;1;3;7;IMBACH PLACE;M;4747390;-54805;490
201400028427;14;7;2;1628;1;2;1;1;6;7;ONZE NOVEMBRE 1918 AV;M;4747102;-54590;490
201400028428;14;7;2;1458;1;2;3;1;6;353;JEAN JAURES RUE;M;4744447;-50060;490
201400028429;14;7;3;756;1;2;1;1;6;267;HELENE BOUCHER;M;4748742;-49409;490
201400028430;14;7;4;1235;1;2;1;1;1;7;BARON;M;4749041;-52819;490
201400028431;14;7;4;1410;1;2;3;1;3;7;rue SAINT JACQUES;M;4747362;-57109;490
201400028432;14;7;4;915;1;2;1;1;3;7;ALLONNEAU(AUGUSTE) BO;M;4748328;-52678;490
201400028433;14;7;4;1625;1;1;6;1;3;267;RUE CUL D'ANON;M;4747423;-51558;490
201400028434;14;7;7;1720;1;2;1;1;6;7;MAURIAC SQUARE;M;4744580;-56592;490
201400028435;14;7;7;1716;1;2;1;1;4;7;RABELAIS;M;4746124;-54666;490
201400028436;14;7;11;2249;5;2;1;1;7;7;36, DEUX CROIX BOULEVARD;M;4747361;-52982;490
201400028437;14;7;15;1152;1;2;2;1;3;7;73, PATTON AVENUE;M;4747353;-58590;490
201400028438;14;7;16;2055;1;2;1;1;2;15;AVENUE MENDES FRANCE;M;4750168;-58469;490
201400028439;14;7;16;1708;1;2;1;1;3;353;Bd Charles de GAULLE;M;4745313;-47791;490
201400028440;14;7;18;1614;1;2;2;1;3;7;ALLONNEAU(AUGUSTE) Bd;M;4748337;-52673;490
201400028441;14;7;18;1745;1;2;1;1;1;15;0, ARDENNE RUE ET CHEMIN;M;4751149;-59264;490
201400028442;14;7;23;1302;1;2;1;1;2;7;DUMESNIL BOULEVARD;M;4747264;-56578;490
201400028443;14;7;25;1955;1;2;2;1;3;7;RUE Auguste GAUTIER;M;4746356;-56393;490
201400028444;14;7;28;1840;1;2;1;1;3;7;LECOMBRE;M;4746163;-51990;490
201400028445;14;7;25;1143;1;2;2;1;6;7;RUR LAREVELLIERE;M;4747142;-52480;490
201400028446;14;7;28;1157;1;2;2;1;6;7;BEAUREPAIRE;M;4747473;-56087;490
201400028447;14;8;5;1500;1;2;2;1;3;353;REPUBLIQUE AVENUE;M;4744610;-49642;490
201400028448;14;8;8;850;1;2;1;3;2;7;15, DUPETIT THOUARS;M;4746268;-55242;490
201400028449;14;8;8;1300;1;2;1;3;7;7;ALLONNEAU(AUGUSTE) BOULE;M;4748298;-52671;490
201400028450;14;8;10;22;5;2;1;9;7;353;PASTEUR;M;4744548;-46634;490
201400028451;14;8;14;10;5;2;1;9;6;7;52, RAMON BOULEVARD;M;4748621;-53578;490
201400028452;14;8;15;1954;2;2;1;1;7;7;LAFAYETTE PLACE;M;4746268;-55309;490
201400028453;14;8;23;100;5;2;2;1;3;7;BLANCHERAIE AVENUE;M;4746706;-56106;490
201400028454;14;8;26;910;1;2;1;1;7;7;RD 323;M;4746575;-56898;490
201400028455;14;8;24;746;1;2;1;1;7;267;1, HAUT BOIS;;;;490
201400028456;14;8;27;1715;1;2;1;1;6;7;MADELEINE;M;4746310;-54109;490
201400028457;14;8;28;1250;1;2;1;1;3;7;22, MAIL;M;4747466;-55290;490
201400028458;14;8;15;1839;1;2;1;2;2;7;DAVIERS BOULEVARD;M;4747933;-56002;490
201400028459;14;8;29;1110;1;2;1;1;6;267;ROMANERIE BOULEVARD;M;4748514;-50927;490
201400028460;14;9;2;30;5;1;1;1;6;267;A87N;M;4747559;-50404;490
201400028461;14;9;3;1120;1;2;2;1;3;7;0, FREMUR;M;4746000;-55847;490
201400028462;14;9;3;1830;1;2;2;1;3;7;BEDIER BOULEVARD;M;4745175;-54486;490
201400028463;14;9;3;1748;1;2;6;1;7;15;0, GRANDE PLANCHE ROND P;M;4750175;-59648;490
201400028464;14;5;3;2205;5;2;1;1;3;7;79, Av Haut de St AUBIN;M;4749238;-56735;490
201400028465;14;9;4;1733;1;2;1;1;6;7;267 rue SAUMUROISE;M;4745383;-52698;490
201400028466;14;9;5;902;1;2;1;1;6;7;26, ROI RENE BOULEVARD;M;4746797;-55698;490
201400028467;14;9;4;1350;1;2;1;1;2;7;BEAUSSIER BOULEVARD;M;4747746;-59881;490
201400028468;14;9;5;1717;1;1;1;1;4;246;A87N;M;4743178;-50675;490
201400028469;14;9;6;1615;1;1;1;1;4;7;ATLANTIQUE  AVENUE DE;M;4746501;-57723;490
201400028470;14;9;9;1652;1;2;3;1;3;267;RD 347;M;4747141;-45593;490
201400028471;14;9;13;1145;1;2;1;1;6;7;BD BESSONEAU;M;4747203;-54651;490
201400028472;14;9;13;1724;1;2;1;1;2;7;0, LISERON;M;4744249;-56691;490
201400028473;14;9;17;1855;1;2;1;1;6;7;GAIN ( LOUIS);M;4746888;-53975;490
201400028474;14;9;18;1750;1;2;1;1;2;15;188, MENDES FRANCE AVENU;M;4750940;-59257;490
201400028475;14;9;17;1919;1;2;1;1;2;15;AVENUE MENDES FRANCE;M;4749976;-58331;490
201400028476;14;9;18;1121;1;1;1;1;4;267;RUE DE LA CRESSONNIERE;M;4747372;-49306;490
201400028477;14;9;18;1803;1;2;2;1;3;7;MONPROFIT PLACE;M;4747426;-56709;490
201400028478;14;9;21;1710;1;2;1;1;2;7;VOIE DES BERGES;M;4747503;-55541;490
201400028479;14;9;19;745;1;2;1;8;2;7;BASSE CHAINE PONT;M;4747024;-56279;490
201400028480;14;9;19;915;1;2;2;1;3;7;RUE EVAIN;M;4746059;-55214;490
201400028481;14;9;21;1700;1;1;1;1;4;7;VOIE DES BERGES;M;4747675;-55408;490
201400028482;14;9;22;1800;1;2;1;1;7;7;VOIE DES BERGES;M;4746947;-56346;490