num_acc;an;mois;jour;hrmn;lum;agg;int;atm;col;com;adr;gps;lat;long;dep
201400028483;14;9;22;832;1;2;1;1;4;7;BEAUSSIER BOULEVARD;M;4747729;-59891;490
201400028484;14;9;23;1700;1;2;1;1;6;7;RUE DE LA POISSONNERIE;M;4747283;-55615;490
201400028485;14;9;24;1925;2;2;1;1;6;7;MENDES FRANCE PLACE;M;4747296;-54568;490
201400028486;14;9;25;1800;1;2;1;1;4;7;DE LATTRE DE TASSIGNY;M;4745208;-54043;490
201400028487;14;9;25;1136;1;2;1;1;6;7;SEMARD PLACE;M;4746515;-55929;490
201400028488;14;9;25;1445;1;2;1;1;7;7;PAPILLAIE CHEMIN;M;4745953;-60336;490
201400028489;14;9;25;1950;5;2;1;1;7;7;23, ROC EPINE SQUARE;M;4748073;-58126;490
201400028490;14;9;27;1614;1;1;1;1;6;7;BEAUSSIER BOULEVARD;M;4747636;-59933;490
201400028491;14;9;26;2039;3;2;6;1;3;7;RUE MAJOR ALLARD;M;4747682;-54075;490
201400028492;14;9;29;1725;1;2;2;1;3;246;DAVID D'ANGERS;M;4744272;-53506;490
201400028493;14;9;29;1800;1;2;2;1;3;7;RUE DE RENNES;M;4747815;-54824;490
201400028494;14;9;29;1625;1;2;2;1;3;7;Bd AYRAULT;M;4747540;-54914;490
201400028495;14;9;29;751;2;2;1;1;7;7;RUE DE L'ETANDUERE;M;4745596;-55383;490
201400028496;14;9;29;1323;1;2;1;1;7;267;LA  GRANDE CORBIERE;M;4748814;-46773;490
201400028497;14;10;2;1700;1;2;2;1;1;7;0, DAVIERS BOULEVARD;M;4747930;-56041;490
201400028498;14;10;3;710;3;2;7;1;3;7;CLAUDEL;M;4745012;-56616;490
201400028499;14;10;6;707;2;2;2;1;3;267;LD AMBILLONS;M;4746935;-46559;490
201400028500;14;10;4;733;2;2;1;1;1;7;LIBERTE BOULEVARD;M;4744883;-53448;490
201400028501;14;10;3;1858;1;2;2;1;3;7;BICHON PLACE;M;4747875;-56502;490
201400028502;14;10;6;1803;1;2;2;1;3;7;Chem des 3 paroisses;M;4744272;-53517;490
201400028503;14;10;6;1545;1;2;1;3;2;7;JEANNE D'ARC AVENUE;M;4746884;-54174;490
201400028504;14;10;6;1445;1;2;1;2;3;7;LECOMBRE;M;4746163;-51990;490
201400028505;14;10;8;550;5;2;6;1;7;15;RUE HENRI DUNANT;M;4750189;-58503;490
201400028506;14;10;7;940;1;2;2;1;3;7;RUE DAGUENET;M;4747441;-51966;490
201400028507;14;10;9;902;1;2;1;1;7;7;ATLANTIQUE  AVENUE DE;M;4746560;-57971;490
201400028508;14;10;9;745;1;2;1;1;2;7;ATLANTIQUE  AVENUE DE;M;4746785;-58523;490
201400028509;14;10;9;1505;1;2;2;1;3;7;Bd RESISTANCE ET DEPORTA;M;4747132;-54690;490
201400028510;14;10;9;1715;1;1;1;1;6;7;RAMON BOULEVARD;M;4748892;-54497;490
201400028511;14;10;11;1727;1;2;3;1;3;7;GAIN ( LOUIS);M;4746749;-53578;490
201400028512;14;10;11;1442;1;2;1;1;2;7;0, PATTON AVENUE;M;4747320;-59637;490
201400028513;14;10;10;1618;1;2;6;1;6;7;0, MOULIN PONT ET PLACE;M;4748888;-54588;490
201400028514;14;10;11;1453;1;1;1;1;2;7;RD 323;M;4746457;-57238;490
201400028515;14;10;13;1750;1;1;2;1;3;15;MEIGNANNE ROUTE DE LA;M;4749968;-62112;490
201400028516;14;10;14;902;1;2;2;1;3;7;HUTREAU CHEMIN;M;4744476;-57670;490
201400028517;14;10;14;1744;1;2;6;1;3;7;AMSLER RUE;M;4748788;-55409;490
201400028518;14;10;14;1037;1;2;1;1;6;7;RUE PAUL BERT;M;4746557;-55097;490
201400028519;14;8;30;1439;1;2;2;1;2;7;14, DAVIERS BOULEVARD;M;4747899;-55715;490
201400028520;14;10;16;1201;1;1;3;1;5;267;RD 347;M;4747339;-46584;490
201400028521;14;10;16;944;1;2;2;1;6;7;FOCH BOULEVARD;M;4746842;-55022;490
201400028522;14;10;17;823;2;2;1;1;7;7;ROI DE POLOGNE QUAI;M;4746843;-56461;490
201400028523;14;10;19;134;5;2;2;1;3;7;20, PASTEUR AVENUE;M;4747219;-54097;490
201400028524;14;10;17;1605;1;2;1;1;2;7;BEDIER BOULEVARD;M;4745142;-54675;490
201400028525;14;10;19;25;5;2;1;1;7;7;Bd D'ARBRISSEL;M;4744616;-56907;490
201400028526;14;10;18;1635;1;2;6;1;3;15;avenue de la boissière;M;4749053;-58267;490
201400028527;14;10;21;1826;1;2;1;1;2;7;BON PASTEUR BOULEVARD;M;4747118;-57272;490
201400028528;14;10;22;705;2;1;1;1;7;267;A87N;M;4747167;-50960;490
201400028529;14;10;22;1239;1;2;6;1;3;267;BD CHANTERIE;M;4748164;-49144;490
201400028530;14;10;23;910;1;2;6;1;3;353;RUE CLOS DU PLESSIS;M;4744072;-49841;490
201400028531;14;10;23;1610;1;2;3;1;3;7;Bd Général de GAULLE;M;4746973;-56189;490
201400028532;14;10;24;1956;3;1;1;1;3;7;RD 323;M;4746516;-57690;490
201400028533;14;10;24;1829;1;2;1;1;2;246;88, BOUTTON AVENUE;M;4744021;-50105;490
201400028534;14;10;27;1628;1;2;1;1;3;7;44, PATTON AVENUE;M;4747364;-58343;490
201400028535;14;10;28;1127;1;2;1;1;6;7;BASSE CHAINE PONT;M;4747047;-56338;490
201400028536;14;10;28;1453;1;2;3;1;2;7;GANDHI;M;4746834;-51906;490
201400028537;14;10;29;1218;1;2;6;1;2;7;COUBERTIN BOULEVARD;M;4746425;-53139;490
201400028538;14;10;29;1802;5;2;6;1;7;7;LAFAYETTE PLACE;M;4746272;-55252;490
201400028539;14;10;29;1737;1;2;2;1;3;7;MANSION;M;4747736;-58941;490
201400028540;14;10;30;1243;1;2;1;1;2;7;GAULLE BOULEVARD CHAR;M;4746979;-56153;490
201400028541;14;10;30;2030;3;2;4;1;3;7;RUE DU DAGUENET;M;4747504;-52534;490
201400028542;14;10;2;1950;2;2;1;1;5;246;HUGO VICTOR RUE;M;4742801;-52741;490
201400028543;14;11;1;1711;1;2;2;1;3;7;BEAUSSIER BOULEVARD;M;4747315;-59987;490
201400028544;14;11;4;815;2;2;1;1;7;7;00, GAULLE BOULEVARD CHA;M;4746982;-56157;490
201400028545;14;11;4;936;1;2;1;1;2;7;1, ROI RENE BOULEVARD;M;4746858;-55853;490
201400028546;14;10;31;1620;1;2;1;1;6;7;36, FOCH BOULEVARD;M;4746845;-55050;490
201400028547;14;11;5;1859;5;2;2;9;3;7;BIRGE BOULEVARD;M;4747440;-51971;490
201400028548;14;11;5;1828;5;2;1;1;6;7;0, DE LATTRE DE TASSIGNY;M;4745192;-54034;490
201400028549;14;11;7;1035;1;2;3;1;7;7;LETANDUERE;M;4746396;-55534;490
201400028550;14;11;7;2226;3;1;1;2;5;267;RD 347;M;4747342;-46660;490
201400028551;14;11;8;2136;5;2;6;1;2;7;0, GRAND LAUNAY;M;4746774;-59306;490
201400028552;14;11;10;1925;5;2;1;2;3;7;27B, LA COMBE RUE;M;4748625;-57899;490
201400028553;14;11;10;1823;2;2;6;1;7;7;LEROY PLACE;M;4746467;-54854;490
201400028554;14;11;11;2044;4;2;1;2;7;7;DE LATTRE DE TASSIGNY;M;4745576;-54300;490
201400028555;14;11;13;1407;1;2;6;1;3;7;GRAND MONTREJEAU;M;4746782;-52094;490
201400028556;14;11;3;1558;2;2;1;3;7;353;0, BARA;M;4744296;-48456;490
201400028557;14;11;6;745;1;2;6;1;3;7;ARAGON AVENUE;M;4747202;-56714;490
201400028558;14;11;21;1820;5;2;3;1;6;7;GASNIER AVENUE;M;4748625;-57263;490
201400028559;14;11;20;2005;3;2;1;1;7;7;ATLANTIQUE  AVENUE DE L';M;4746509;-57760;490
201400028560;14;11;20;1940;5;2;1;1;6;7;RUE BLAISE PASCAL;M;4745786;-53913;490
201400028561;14;11;21;507;4;2;9;1;7;7;GARDOT;M;4746884;-53198;490
201400028562;14;11;21;2113;5;2;1;1;7;7;45, NOTRE DAME DU LAC AV;M;4747957;-58942;490
201400028563;14;11;21;1712;2;2;1;1;7;7;41, PAUL BERT;M;4746504;-54941;490
201400028564;14;11;21;1841;2;1;2;1;3;7;0, RESISTANCE ET DEPORTA;M;4747131;-54685;490
201400028565;14;11;22;1525;1;2;1;8;6;7;2, BOUCHEMAINE ROUTE;M;4745392;-56855;490
201400028566;14;11;22;1440;1;2;1;1;3;7;0, CHATENAY AVENUE VICTO;M;4748550;-51571;490
201400028567;14;11;22;1245;1;2;6;8;6;15;AVENUE MENDES FRANCE;M;4750198;-58512;490
201400028568;14;11;25;1219;1;2;1;9;3;7;16, BIRGE BOULEVARD;M;4747976;-52153;490
201400028569;14;11;25;1846;5;2;1;5;6;7;RUE DES CAPUCINS;M;4748708;-55496;490
201400028570;14;11;27;815;2;2;1;1;6;7;PATTON AVENUE;M;4747334;-59301;490
201400028571;14;12;1;836;2;1;1;1;7;353;RUE RECLUS;M;4745171;-49621;490
201400028572;14;11;30;1608;1;2;1;1;6;7;RUE MALSOU;M;4747677;-56093;490
201400028573;14;12;1;1430;1;2;2;1;6;7;CHAUVAT BOULEVARD;M;4745297;-56551;490
201400028574;14;12;2;808;2;2;1;2;6;7;PASTEUR AVENUE;M;4747578;-53417;490
201400028575;14;12;2;1515;1;1;1;1;6;7;ATLANTIQUE  AVENUE DE;M;4746484;-57600;490
201400028576;14;12;2;1716;2;2;1;2;2;267;CLAVERIE;M;4748673;0;490
201400028577;14;12;3;1305;1;2;1;1;2;7;86, PATTON AVENUE;M;4747349;-58833;490
201400028578;14;12;4;1757;5;2;1;2;2;7;MONPLAISIR BOULEVARD;M;4748991;-52205;490
201400028579;14;12;4;1800;5;2;2;3;3;7;MARIANNE BOULEVARD;M;4745031;-52912;490
201400028580;14;12;4;1830;5;2;1;2;2;7;MONTAIGNE AVENUE;M;4746903;-53231;490
201400028581;14;12;5;1845;3;2;1;1;4;7;VOIE DES BERGES;M;4747228;-55851;490
201400028582;14;12;6;849;1;2;2;1;3;7;RUE PAUL BERT;M;4746533;-55035;490
201400028583;14;12;7;23;5;2;2;1;2;246;PYRAMIDE ROUTE;M;4744824;-51151;490
201400028584;14;12;10;834;2;2;2;1;7;7;BEDIER BOULEVARD;M;4745178;-54484;490
201400028585;14;12;10;2130;5;2;6;1;2;7;Rue VOLNEY;M;4746473;-54864;490
201400028586;14;12;9;1755;5;1;1;1;3;246;CHAUVIN AVENUE;M;4743125;-53760;490
201400028587;14;12;12;1036;1;2;4;1;7;246;EUROPE AVENUE;M;4743673;-53117;490
201400028588;14;12;12;758;5;2;1;1;4;7;Rue RABELAIS;M;4746415;-54845;490
201400028589;14;12;9;1649;1;2;1;1;6;353;0, REPUBLIQUE AVENUE;M;4744867;-50127;490
201400028590;14;12;15;1147;1;1;1;1;7;7;BD BESSONEAU;M;4747146;-54689;490
201400028591;14;12;12;1812;5;2;1;1;6;15;RUE HENRI DUNANT;M;4750189;-58521;490
201400028592;14;12;15;2050;5;2;3;1;7;7;16, FOCH BOULEVARD;M;4746943;-54922;490
201400028593;14;12;15;1640;1;2;1;1;6;7;8bis, SAINT JACQUES;M;4747392;-56854;490
201400028594;14;10;31;1221;1;2;1;1;2;7;BARANGE BOULEVARD;M;4745455;-56820;490
201400028595;14;12;17;12;4;2;1;1;7;7;18, MEIGNANNE;M;4747785;-56838;490
201400028596;14;12;18;2200;5;2;3;1;2;7;LARREY;M;4747930;-55571;490
201400028597;14;12;18;1923;5;2;6;1;6;7;0, KENNEDY PLACE;M;4746857;-55866;490
201400028598;14;12;18;2018;5;2;2;1;6;7;18, PASTEUR;M;4747214;-54111;490
201400028599;14;12;19;1925;5;2;3;2;3;7;FAURE QUAI;M;4748310;-54918;490
201400028600;14;12;24;1856;4;2;2;1;3;7;RUE DE LETANDUERE;M;4745060;-55280;490
201400028601;14;12;26;1900;5;2;2;1;3;7;BOISNET RUE;M;4747376;-55573;490
201400028602;14;12;29;1414;1;2;2;1;1;7;RAMON BOULEVARD;M;4748552;-53333;490
201400028603;14;12;30;1313;1;1;1;1;6;267;A87N;M;4742796;-50468;490
201400028604;14;1;3;1930;5;2;2;2;3;99;DELHUMEAU PLESSIS (BOULE;M;4705789;-87941;490
201400028605;14;1;10;2020;3;2;1;1;2;99;RD160;M;4707813;-83424;490
201400028606;14;1;3;1430;1;2;3;1;6;99;EUROPE (AVENUE DE L');M;4704857;-88511;490
201400028607;14;1;17;845;1;2;3;1;3;99;40, LECLERC (AVENUE DU M;M;4706422;-86352;490
201400028608;14;1;20;720;3;2;2;5;3;99;FLECHE (RUE DE LA);M;4707363;-86765;490
201400028609;14;1;24;625;5;2;2;3;3;99;JUIN (BOULEVARD DU MAREC;M;4704420;-88546;490
201400028610;14;1;23;1515;1;2;2;8;3;99;SAINT CHRISTOPHE (RUE DE;M;4705398;-90083;490
201400028611;14;1;25;30;5;2;1;2;6;99;Place du 77è RI;M;4706522;-87057;490
201400028612;14;1;30;1830;5;2;2;1;3;99;MAINE (BOULEVARD DU);M;4707362;-86762;490
201400028613;14;2;2;330;3;2;6;2;6;99;BEAUPREAU (AVENUE DE);M;4707268;-89965;490
201400028614;14;2;3;1915;2;2;1;8;2;99;41, CHANZY (Bd);M;4706949;-88274;490
201400028615;14;2;8;1825;5;2;1;1;4;99;TROIS PROVINCES (AVENUE;M;4706009;-93234;490
201400028616;14;2;26;1750;2;2;1;1;3;99;42, DELACROIX (RUE EUGEN;M;4706650;-86354;490
201400028617;14;3;18;1700;1;2;1;1;6;99;15 bd DELHUMEAU PLESSIS;M;4705762;-87895;490
201400028618;14;3;18;2040;5;2;6;1;2;99;CEZANNE (RUE PAUL);M;4705021;-85509;490
201400028619;14;3;25;1755;1;2;1;1;1;99;RD160;M;4707900;-83251;490
201400028620;14;3;28;1710;1;2;1;1;5;99;BREMOND (RUE EUGENE);M;4707383;-90329;490
201400028621;14;3;29;1530;1;2;1;1;7;99;04 rue St MELAINE;M;4705887;-88772;490
201400028622;14;4;1;830;1;2;6;1;3;99;DELHUMEAU PLESSIS (Bd);M;4705567;-87642;490
201400028623;14;4;8;1800;1;2;1;1;3;99;26, CHOUTEAU (BOULEVARD;M;4706725;-88700;490
201400028624;14;4;9;1715;1;2;1;1;4;99;68, TROIS PROVINCES (AVE;M;4705946;-91767;490
201400028625;14;4;10;1953;1;2;6;1;3;99;RD160;M;4705010;-87221;490
201400028626;14;4;12;630;5;2;1;1;6;99;9, MARTEAUX (RUE DES);M;4706025;-88317;490
201400028627;14;4;13;1315;1;1;1;1;6;99;RD 752;M;4699044;-89030;490
201400028628;14;4;14;1723;1;2;3;1;6;99;SAINT PIERRE (RUE);M;4706032;-87435;490
201400028629;14;4;17;1810;1;2;1;1;2;99;01, GUILLAUMINERIE (RUE;M;4705955;-87339;490
201400028630;14;5;6;935;1;2;3;1;3;99;NORMANDIE (RUE DE);M;4707190;-87419;490
201400028631;14;5;12;1700;1;2;1;8;2;99;1, SABLES (AVENUE DES );M;4704144;-89992;490
201400028632;14;5;12;1935;1;2;1;1;6;99;80, ITALIE (RUE D');M;4703946;-86876;490
201400028633;14;5;13;1055;1;2;6;1;3;99;CARNOT (RUE SADI);M;4706306;-86597;490
201400028634;14;6;11;1900;1;1;1;1;6;99;VC12;;;;490
201400028635;14;6;12;2100;1;2;1;1;1;99;26, SAINT SERVAN (RUE);M;4706498;-89927;490
201400028636;14;6;19;1815;1;2;3;1;3;99;MANCEAU (AVENUE ANATOLE);M;4705208;-87863;490
201400028637;14;6;24;1208;1;2;6;1;3;99;SABLES (AVENUE DES );M;4703792;-90376;490
201400028638;14;6;28;1110;1;2;1;8;2;99;97, RICHARD (Bd);M;4706709;-88119;490
201400028639;14;6;30;1815;1;2;6;1;2;99;RUE D'ANJOU;M;4707689;-84137;490
201400028640;14;7;11;1655;1;2;1;1;3;99;04, POITOU (BOULEVARD DU;M;4706872;-85148;490
201400028641;14;7;12;2010;1;2;1;1;6;99;FONTAINE DU GRAND PIN (R;M;4706121;-88095;490
201400028642;14;7;12;330;5;2;2;1;3;99;RICHELIEU (BOULEVARD DE);M;4704407;-88556;490
201400028643;14;7;17;1735;1;2;1;1;3;99;CHENE ROND (AVENUE DU);M;4704182;-88513;490
201400028644;14;7;17;1800;1;2;1;1;4;99;TROIS PROVINCES (AVENUE;M;4705949;-91897;490
201400028645;14;7;18;930;1;2;2;1;2;99;MAINE (BOULEVARD DU);M;4707314;-86224;490
201400028646;14;7;20;1155;1;2;1;8;6;99;23, CHOUTEAU (Bd);M;4706729;-88676;490
201400028647;14;7;21;1625;1;2;9;1;6;99;1, KOENIG (AVENUE DU MAR;M;4705202;-84972;490
201400028648;14;7;25;1220;1;2;2;1;4;99;JUIN (BOULEVARD DU MAREC;M;4704407;-88554;490
201400028649;14;7;25;1840;1;2;2;1;3;99;NATIONALE (RUE);M;4706182;-88427;490
201400028650;14;8;4;1610;1;2;2;2;5;99;RUE DU BORDAGE MARC;M;4705613;-87502;490
201400028651;14;8;9;430;2;2;1;1;6;99;VOUVRAY (RUE DE );M;4707027;-85858;490
201400028652;14;8;15;730;2;2;1;1;2;99;TOURAINE (BOULEVARD DE);M;4707070;-85424;490
201400028653;14;8;23;100;3;1;1;1;6;99;RD 157;M;4699753;-88434;490
201400028654;14;8;30;1335;1;2;1;1;3;99;ARCOLE (RUE D');M;4704632;-89816;490
201400028655;14;8;30;1905;1;2;3;1;3;99;LYAUTEY (RUE DU MARECHAL;M;4705439;-86759;490
201400028656;14;9;30;1430;1;2;1;1;6;99;SABLES (AVENUE DES );M;4704224;-89921;490
201400028657;14;10;1;1330;1;2;1;1;3;99;CHANZY (BOULEVARD GENERA;M;4706835;-88166;490
201400028658;14;10;14;815;1;1;1;1;2;99;RN 249;M;4703429;-90081;490
201400028659;14;10;18;2230;5;2;3;1;3;99;HERAULT (BOULEVARD);M;4706885;-87989;490
201400028660;14;11;4;745;2;2;3;8;3;99;NANTES (AVENUE DE);M;4705977;-90075;490
201400028661;14;11;10;1910;5;2;3;1;3;99;LIBERATION (AVENUE DE LA;M;4705491;-87996;490
201400028662;14;12;11;1630;3;2;3;8;6;99;STRASBOURG (BOULEVARD DE;;;;490
201400028663;14;12;12;745;5;2;1;8;2;99;LIBERATION (AVENUE DE LA;;;;490
201400028664;14;12;13;110;5;2;1;1;6;99;VERLAINE (PLACE PAUL);;;;490
201400028665;14;12;14;1715;2;1;1;1;5;99;;M;4708570;-83047;490
201400028666;14;12;15;1810;5;2;1;2;6;99;55, LORRAINE (RUE DE);;;;490
201400028667;14;12;17;450;5;2;3;2;3;99;NIVERNAIS (RUE DU);;;;490
201400028668;14;12;18;800;5;2;3;2;3;99;STRASBOURG (BOULEVARD DE;;;;490
201400028669;14;12;24;1;3;1;1;2;6;99;RN160;;;;490
201400028670;14;1;24;1815;5;2;1;2;3;328;FUSILLES (AVENUE DES);M;4728269;-5210;490
201400028671;14;1;25;1810;1;2;6;1;3;328;MARNE (ROND-POINT);M;4725007;-7932;490
201400028672;14;1;29;1225;1;2;6;1;7;328;G. POMPIDOU (AV);M;4726513;-10105;490
201400028673;14;2;5;1535;1;1;1;2;7;328;ROCADE D 347;M;4727312;-8080;490
201400028674;14;2;10;1630;1;2;1;1;4;328;440, FRICOTELLE (RUE);M;4724645;-7547;490
201400028675;14;2;17;900;1;2;3;1;4;328;ALSACE (RUE D');M;4725814;-8347;490
201400028676;14;2;25;1215;1;2;1;1;7;328;DE GAULLE (AVENUE);M;4726405;-7340;490
201400028677;14;2;26;1415;1;2;1;1;6;328;32, SEIGNEUR (RUE);M;4725318;-7877;490
201400028678;14;2;26;1820;2;2;6;1;3;328;RESISTANCE (PLACE DE LA);M;4726718;-6978;490
201400028679;14;2;28;1930;1;1;1;1;2;328;ROCADE D 347;M;4724668;-10605;490
201400028680;14;3;11;1030;1;2;3;1;3;328;DAVID D'ANGERS (AVENUE);M;4727143;-7475;490
201400028681;14;3;18;1005;1;2;6;8;6;328;sans, DELESSERT (BOULEVA;M;4726021;-8908;490
201400028682;14;3;24;1105;1;2;1;8;7;328;CHEMIN VERT (RUE DU);M;4724118;-7752;490
201400028683;14;3;24;1420;1;2;2;1;3;328;FIDELITE (RUE DE LA);M;4726138;-7837;490
201400028684;14;3;25;755;1;2;3;1;6;328;BERNARD (RUE CLAUDE);M;4724089;-7468;490
201400028685;14;3;25;840;1;2;1;1;6;328;Bd DELESSERT;M;4725598;-8731;490
201400028686;14;3;27;1120;1;2;6;1;6;328;MAUPASSANT (PLACE);M;4725739;-8143;490
201400028687;14;3;28;715;1;2;6;1;6;328;BALZAC (SQUARE);M;4725209;-8014;490
201400028688;14;3;28;1315;1;2;1;1;6;328;MARCEAU (RUE);M;4725079;-7400;490
201400028689;14;4;1;1345;1;2;6;1;3;328;RESISTANCE (PLACE);M;4726769;-6941;490
201400028690;14;4;4;855;1;2;4;1;3;328;PONT FOUCHARD (RUE DU);M;4725150;-8782;490
201400028691;14;4;4;2250;5;2;6;1;3;328;MUSEE DU MOTEUR (Rd pt);M;4725208;-8738;490
201400028692;14;4;15;1140;1;2;6;1;3;328;AMIOT (RUE JULES);M;4726124;-9863;490
201400028693;14;4;19;1430;1;2;1;1;7;328;ROUTE DE MONTSOREAU;M;4724452;-3462;490
201400028694;14;4;21;2240;5;2;6;1;3;328;RESISTANCE (PLACE DE LA);M;4726724;-6987;490
201400028695;14;4;24;645;1;2;1;1;7;328;MERMOZ (AVENUE JEAN);M;4725977;-10341;490
201400028696;14;5;5;2140;2;1;1;1;7;328;VIEUX VIVY (ROUTE);M;4729081;-7016;490
201400028697;14;5;7;20;5;2;1;1;7;328;45, ORLEANS (RUE D');M;4725923;-7903;490
201400028698;14;5;15;1745;1;2;1;1;6;328;120, FUSILLES (AVENUE DE;M;4727504;-6020;490
201400028699;14;5;15;1925;1;1;1;1;7;328;ANGERS (ROUTE D');M;4728563;-9886;490
201400028700;14;5;17;935;1;2;1;1;7;328;WEYGAND (Rd Point);M;4726433;-9173;490
201400028701;14;5;19;755;1;2;6;1;3;328;CHEMIN VERT (RUE DU);M;4724691;-7707;490
201400028702;14;5;27;1210;1;2;2;1;3;328;MARAICHERS (AVENUE DES);M;4727337;-6939;490
201400028703;14;6;2;1350;1;2;1;1;3;328;WEYGAND (BOULEVARD);M;4726351;-9072;490
201400028704;14;6;4;1330;1;1;1;1;7;328;VIEUX VIVY (ROUTE);M;4728993;-6972;490
201400028705;14;6;6;1620;1;2;1;1;6;328;ORLEANS (RUE D');M;4725806;-8031;490
201400028706;14;6;18;1515;1;2;2;1;3;328;DEMOISELLES (Bd);M;4728029;-6821;490
201400028707;14;6;22;1705;1;2;1;1;6;328;QUAI LUCIEN GAUTIER;M;4726042;-7500;490
201400028708;14;6;25;1705;1;2;1;1;6;328;769, CHEMIN VERT (RUE DU;M;4724499;-7717;490
201400028709;14;6;28;510;4;2;6;1;6;328;DE GAULLE (AVENUE;M;4726438;-7324;490
201400028710;14;6;28;1505;1;2;1;3;7;328;PONT FOUCHARD (RUE);M;4724890;-9091;490
201400028711;14;7;4;2055;1;2;1;1;1;328;CHAMPIGNY (ROUTE DE);M;4724053;-4507;490
201400028712;14;7;6;755;1;2;1;2;6;328;CHAMPIGNY (ROUTE DE);M;4724648;-5285;490
201400028713;14;7;22;2020;1;2;3;1;7;328;GRANGE COURONNE (Rue);M;4727926;-6761;490
201400028714;14;7;23;2135;2;2;1;1;1;328;24, MAYAUD (QUAI);M;4725664;-6845;490
201400028715;14;7;23;2155;2;2;1;1;7;328;DELESSERT (Bd);M;4725625;-8744;490
201400028716;14;8;1;1605;1;2;1;1;7;328;166, GAY LUSSAC (RUE);M;4724890;-7850;490
201400028717;14;8;6;1450;1;2;1;1;6;328;sans, DUNANT (BOULEVARD;M;4726779;-8666;490
201400028718;14;8;6;1820;1;2;6;1;3;328;sans, FONTEVRAUD (ROUTE;M;4724673;-6371;490
201400028719;14;8;10;1215;1;2;1;1;2;328;65, PRESSOIR (RUE DU);M;4725055;-7746;490
201400028720;14;8;10;1410;1;2;1;6;7;328;94, MABILEAU (RUE RENE);M;4725450;-9168;490
201400028721;14;8;11;2315;4;2;6;1;7;328;RESISTANCE (PLACE);M;4726721;-6994;490
201400028722;14;8;14;945;1;2;1;1;3;328;55 bis, PALUSTRE (RUE);M;4727476;-11025;490
201400028723;14;8;17;110;5;2;1;1;7;328;CARNOT (QUAI);M;4726357;-8067;490
201400028724;14;8;28;1610;1;2;1;1;4;328;POMPIDOU (AVENUE GEORGES;M;4726512;-10007;490
201400028725;14;9;10;1640;1;1;4;1;7;328;CHAMPIGNY (ROUTE DE);M;4723409;-3756;490
201400028726;14;9;11;810;1;1;1;1;7;328;sans, CADRE NOIR (PONT D;M;4727110;-8427;490
201400028727;14;9;12;750;1;2;1;1;3;328;BERNARD (RUE CLAUDE);M;4724091;-7645;490
201400028728;14;9;15;2210;3;1;1;1;2;328;ANGERS (ROUTE D');M;4727126;-7723;490
201400028729;14;9;17;1535;1;1;1;1;4;328;ROCADE D 347;M;4725598;-9881;490
201400028730;14;9;22;1755;1;2;1;1;2;328;FUSILLES (AVENUE DES);M;4727910;-5683;490
201400028731;14;9;29;1855;2;2;1;1;2;328;173, PEUPLERAIES (AVENUE;M;4724686;-8925;490
201400028732;14;10;14;1200;1;1;1;1;2;328;ROCADE D 347;M;4724672;-10597;490
201400028733;14;10;17;40;5;2;2;1;3;328;CHANZY (RUE);M;4726040;-8163;490
201400028734;14;10;17;1420;1;2;1;1;6;328;ARCHE DOREE (PLACE);M;4725654;-7888;490
201400028735;14;10;21;1705;1;2;1;1;2;328;FOUCHARD (Rue du Pont);M;4724964;-9001;490
201400028736;14;10;24;1700;1;2;2;1;3;328;GRANDE RUE (RUE);M;4725633;-7677;490
201400028737;14;10;28;1700;1;1;1;1;2;328;PONT DU CADRE NOIR;M;4727141;-8378;490
201400028738;14;10;30;1540;1;2;2;1;3;328;MARAICHERS (AVENUE);M;4727339;-6937;490
201400028739;14;11;5;1715;1;2;3;1;3;328;PALUSTRE (RUE LEOP;M;4727476;-11029;490
201400028740;14;11;12;1610;1;2;1;1;7;328;BRAILLE (RUE LOUIS);M;4724425;-7816;490
201400028741;14;11;14;2045;5;2;1;1;7;328;CESSART (PONT);M;4726235;-7548;490
201400028742;14;11;15;1140;1;2;1;1;3;328;DE LATTRE DE TASSIGNY (B;M;4725952;-8977;490
201400028743;14;12;16;1020;1;2;6;2;3;328;CHEMIN VERT (RUE DU);M;4724695;-7722;490
201400028744;14;12;16;1700;2;2;1;1;6;328;27, ALSACE (RUE D');M;4725785;-8270;490
201400028745;14;12;30;1225;1;2;1;1;6;328;22, Av CROIX DE GUERRE;M;4727568;-7992;490
201400028746;14;1;2;1;5;2;6;6;6;173;ROND POINT DE CAPEL;M;4965750;-166871;500
201400028747;14;1;3;1225;1;2;6;2;2;173;ROND POINT QUERQUEVILLE;M;4966070;-168568;500
201400028748;14;1;6;1230;1;2;6;1;6;129;ROND POINT DE THEMIS;M;4963420;-161434;500
201400028749;14;1;11;1635;1;2;3;1;5;602;J MOULIN/B MARCET;M;4963460;-159418;500
201400028750;14;1;11;1;3;1;1;1;7;416;;M;4964920;-171708;500
201400028751;14;1;11;1810;2;2;3;1;3;129;R DE L'ONGLET/H DUNANT;M;4964390;-162821;500
201400028752;14;1;10;1750;5;2;2;1;6;129;RGAMBETTA/ALBERT MAHIEU;M;4963820;-162529;500
201400028753;14;1;14;740;1;2;1;1;3;129;RUE ROGER SALENGRO;M;4962650;-164362;500