num_acc;an;mois;jour;hrmn;lum;agg;int;atm;col;com;adr;gps;lat;long;dep
201400028754;14;1;15;810;2;2;1;2;6;129;R BECQUEREL;M;4962840;-163966;500
201400028755;14;1;14;1715;1;2;1;1;2;129;RUE DE L'ABBAYE;M;4964580;-163976;500
201400028756;14;1;14;1405;1;2;2;1;6;129;PLACE JEAN JAURES;M;4963400;-162250;500
201400028757;14;1;15;740;5;2;1;1;3;129;ROND POINT DE THEMIS;M;4963450;-161376;500
201400028758;14;1;15;845;1;2;2;2;1;602;R LEMARESQUIER/BD MANCHE;M;4964790;-157874;500
201400028759;14;1;18;1015;1;2;4;1;3;173;RUE DU FORT;M;4965690;-166166;500
201400028760;14;1;17;1425;1;2;1;2;7;203;RUE LUCET;M;4962170;-161546;500
201400028761;14;1;21;1740;5;2;1;2;6;602;RU GAL LECLERC;M;4963950;-160401;500
201400028762;14;1;22;827;1;1;1;2;6;203;AXE NORD SUD;M;4959860;-159636;500
201400028763;14;1;27;525;3;1;1;4;6;602;AXE NORD - SUD;M;4962990;-158072;500
201400028764;14;1;25;1525;1;1;1;1;1;203;ROUTE DE LA VENTE;M;4960470;-157692;500
201400028765;14;1;28;1210;1;2;3;3;3;173;SUECOUF/ARAGO;M;4965530;-165644;500
201400028766;14;1;30;1430;1;2;3;1;7;129;R GAMBETTA/3 HANGARS;M;4964690;-164455;500
201400028767;14;1;30;2345;3;2;1;1;6;129;RUE TOULORGE LEFEVRE;M;4962390;-160797;500
201400028768;14;1;31;1905;5;2;1;3;6;173;RUE DE LA PAIX;M;4965090;-165182;500
201400028769;14;2;1;1715;1;2;1;1;7;129;RUE DE L'ABBAYE;M;4964500;-163597;500
201400028770;14;2;4;1400;1;2;1;1;6;129;RUE  DES MACONS;M;4964490;-164471;500
201400028771;14;2;5;1130;1;2;2;2;3;129;RUE POLLE / RUE ASSSELIN;M;4963990;-163407;500
201400028772;14;2;8;610;5;2;1;1;7;129;BOULEVARD MENDES FRANCE;M;4963520;-162862;500
201400028773;14;2;10;1907;5;2;1;1;2;129;RUE DU VAL DE SAIRE;M;4963840;-161090;500
201400028774;14;2;11;800;2;2;4;6;7;129;R A LEVEEL/AV DE PARIS;M;4962640;-161726;500
201400028775;14;2;11;1230;1;2;1;2;6;129;RUE DU MAUPAS;M;4963370;-161269;500
201400028776;14;2;11;1050;1;1;1;6;6;602;VOIE CONTOURNEMENT EST;M;4964980;-156502;500
201400028777;14;2;11;1700;1;2;6;1;3;203;ROND POINT ANDRE MALRAUX;M;4959960;-159735;500
201400028778;14;2;12;2215;5;2;2;1;3;129;0, COUBERTIN (RUE PIERRE;M;4964250;-163740;500
201400028779;14;2;14;1750;1;2;2;6;4;129;R W ROUSSEAU/R BECQUEREL;M;4962910;-164110;500
201400028780;14;2;15;800;5;2;2;1;1;129;RUE DES TANNERIES;M;4963400;-162250;500
201400028781;14;2;19;1915;5;2;2;1;2;129;R DES MACONS/R F FAURE;M;4964350;-164438;500
201400028782;14;2;21;1315;1;2;3;1;7;129;AV DELAVILLE/BD SCHUMAN;M;4963590;-162577;500
201400028783;14;2;22;1930;5;2;2;1;1;129;BRETONNIERE/VAL DE SAIRE;M;4963920;-160545;500
201400028784;14;2;24;1600;1;2;1;1;6;129;CHEMIN CRESPINIERE;M;4963050;-165073;500
201400028785;14;3;8;1505;1;1;1;1;7;416;;M;4964760;-172234;500
201400028786;14;3;10;1840;1;2;1;1;7;602;RUE DE LA MER;M;4965360;-156906;500
201400028787;14;3;10;1715;1;2;4;1;6;129;AV LECARPENTIER/MAUPAS;M;4963180;-161086;500
201400028788;14;3;13;1630;1;2;2;5;3;129;DE LA POLLE/PETITES FOUR;M;4964050;-164061;500
201400028789;14;3;19;845;1;2;3;1;3;602;R DES METIERS/ARTISANS;M;4963590;-159067;500
201400028790;14;3;22;355;3;2;1;1;6;129;CHEMIN DE LA LOGE;M;4962040;-161888;500
201400028791;14;3;25;1335;1;2;3;1;3;129;R J FERRY/BARBUSSE;M;4960960;-165995;500
201400028792;14;3;29;1610;1;2;1;1;6;173;RUE DE LA REPUBLIQUE;M;4964590;-165042;500
201400028793;14;4;6;55;5;2;1;1;2;129;RUE DU MAINE;M;4962780;-163451;500
201400028794;14;4;6;1755;1;2;3;1;3;129;AL VERDUN/PL DES JUSTES;M;4962420;-164451;500
201400028795;14;4;10;1910;1;2;1;1;2;173;BD DE LA SALINE;M;4965470;-164988;500
201400028796;14;4;14;1100;1;2;1;1;6;129;PLACE DIVETTE;M;4963660;-162458;500
201400028797;14;4;16;1250;1;2;1;1;7;129;BOULEVARD FELIX AMIOT;M;4964280;-160797;500
201400028798;14;4;18;839;1;2;1;1;2;129;RUE JOLIOT CURIE;M;4962960;-164244;500
201400028799;14;4;18;1040;1;2;3;1;3;602;RUE DU BECQUET;M;4964980;-156620;500
201400028800;14;4;18;1205;1;2;3;1;6;129;R ILE DE FRANCE/ VEXIN;M;4962750;-163342;500
201400028801;14;4;22;1000;1;2;1;1;7;173;RUE MARCEL SEMBAT;M;4965840;-168461;500
201400028802;14;4;23;1515;1;2;6;2;6;129;BD FELIX AMIOT;M;4964250;-161529;500
201400028803;14;4;25;925;1;2;2;2;3;129;RP POOLE/R MONTEBELLO;M;4963590;-163137;500
201400028804;14;4;27;2013;1;2;1;1;1;129;PONT COSNARD;M;4961550;-164042;500
201400028805;14;5;3;1730;1;2;1;1;7;129;QUAI ALEXANDRE III;M;4963860;-162159;500
201400028806;14;5;10;2150;5;2;1;6;6;129;AV RENE SCHMITT;M;4963380;-164891;500
201400028807;14;5;13;730;1;2;1;1;7;129;0, CONQUERANT (BOULEVARD;M;4963920;-163565;500
201400028808;14;5;19;1015;1;2;1;1;5;129;RUE DU VAL DE SAIRE;M;4963880;-161531;500
201400028809;14;5;23;1125;1;2;1;2;2;129;RUE DU VAL DE SAIRE;M;4963860;-160933;500
201400028810;14;5;24;1750;1;2;1;1;6;203;LES ROUGES TERRES;M;4960960;-160037;500
201400028811;14;5;27;1550;1;2;1;1;7;602;LES BRULINS;M;4962260;-158134;500
201400028812;14;5;28;1730;1;2;1;1;2;173;BOULEVARD DE LA SALINE;M;4964850;-164386;500
201400028813;14;6;3;1440;1;2;1;1;4;129;AV AMIRAL LEMONNIER;M;4963460;-161296;500
201400028814;14;6;3;1610;1;2;1;1;6;129;PLACE NAPOLEON;M;4964230;-162221;500
201400028815;14;6;5;220;5;2;1;1;6;129;RUE DU VAL DE SAIRE;M;4963900;-161866;500
201400028816;14;6;4;1915;1;2;1;1;6;129;RUE PIERRE DE COUBERTIN;M;4964260;-164059;500
201400028817;14;6;4;640;1;2;1;2;6;129;ROND POINT THEMIS;M;4963460;-161333;500
201400028818;14;6;6;730;1;2;3;1;2;173;RUE DE LA PAIX;M;4964830;-164915;500
201400028819;14;6;6;800;1;2;1;1;2;602;RUE GAMBETTA;M;4964240;-158428;500
201400028820;14;6;6;1320;1;2;3;1;3;129;R ROGER SALENGRO/V HUGO;M;4962410;-164596;500
201400028821;14;6;10;1400;1;2;2;1;3;129;BD ATLANTIQUE/J MESLIN;M;4962090;-164264;500
201400028822;14;6;12;1605;1;2;6;1;2;416;RD POINT DE QUERQUEVILLE;M;4966160;-168146;500
201400028823;14;6;13;1855;1;2;2;1;7;129;RUE MALAKOFF/TOURVILLE;M;4964010;-161411;500
201400028824;14;6;22;620;1;2;1;1;1;173;RUE DU GENERAL DE GAULLE;M;4966120;-168091;500
201400028825;14;6;23;950;1;1;1;1;7;203;AXE NORD - SUD;M;4961060;-158563;500
201400028826;14;6;23;1010;1;2;1;1;7;203;LES ROUGES TERRES;M;4961410;-160307;500
201400028827;14;6;24;1650;1;2;1;1;2;129;BOULEVARD MENDES FRANCE;M;4963460;-162562;500
201400028828;14;6;25;1810;1;2;4;1;1;129;R E DOLET/A BRIAND;M;4962750;-164810;500
201400028829;14;6;26;800;1;2;6;1;7;173;RD POINT DE QUERQUEVILLE;M;4966160;-168146;500
201400028830;14;6;27;425;5;2;1;1;6;129;AVENUE DE PARIS;M;4962800;-161793;500
201400028831;14;6;28;1145;1;2;1;1;7;416;RUE DES CLAIRES;M;4966150;-169043;500
201400028832;14;7;2;1620;1;2;1;1;1;129;RUE DU MAINE;M;4962890;-163107;500
201400028833;14;7;5;1730;1;2;1;2;6;602;RUE BREQUECAL;M;4963170;-156138;500
201400028834;14;7;5;1215;1;2;1;2;6;129;BD DE L'ATLANTIQUE;M;4962680;-163676;500
201400028835;14;7;7;1755;1;2;3;1;6;129;PLACE NAPOLEON;M;4964300;-162449;500
201400028836;14;7;7;1620;1;2;2;1;3;173;R VAUBAN/BD SALINE;M;4965390;-164909;500
201400028837;14;7;9;1820;1;2;1;1;6;129;RUE DES TRIBUNAUX;M;4963820;-162330;500
201400028838;14;7;13;955;1;2;1;1;6;203;GIRATOIRE DES MARETTES;M;4960490;-159891;500
201400028839;14;7;13;1030;1;2;1;1;6;129;RUE LOUIS LANSONNEUR;M;4961970;-162219;500
201400028840;14;7;17;1130;1;2;1;1;2;129;RUE BECQUEREL;M;4962840;-163964;500
201400028841;14;7;18;1735;1;2;1;1;2;129;PLACE NAPOLEON;M;4964240;-162240;500
201400028842;14;7;21;1620;1;2;1;1;2;129;PLACE JEAN JAURES;M;4963390;-162163;500
201400028843;14;7;22;1635;1;2;2;1;3;173;R PAUL BERT/R SALENGRO;M;4965010;-165197;500
201400028844;14;7;26;1730;1;2;3;1;3;416;RUE DU BRETON;M;4965590;-169951;500
201400028845;14;7;28;1700;1;2;2;1;3;129;R BONHOMME/BUCAILLE;M;4964130;-163199;500
201400028846;14;7;30;1115;1;2;1;1;7;173;AVENUE DE TOURVILLE;M;4965240;-165133;500
201400028847;14;7;31;445;3;1;1;1;7;203;;M;4959250;-159598;500
201400028848;14;8;4;2245;5;2;3;1;1;173;R DE LA PAIX/SALINE;M;4965530;-165645;500
201400028849;14;8;10;845;1;2;3;2;3;129;G LE CONQUE/DE L'ABBAYE;M;4964560;-163885;500
201400028850;14;8;9;820;1;2;1;1;2;602;RUE MEDERIC;M;4964140;-159290;500
201400028851;14;8;15;2015;1;2;2;1;3;129;0, CACHIN (RUE DE L'INGE;M;4963960;-161740;500
201400028852;14;8;17;1115;1;2;1;1;6;416;RUE D'AMFREVILLE;M;4966140;-171368;500
201400028853;14;8;14;1650;1;2;2;1;7;129;AV DE PARIS/JF MILLET;M;4963340;-161737;500
201400028854;14;8;18;745;1;2;1;1;7;602;BD DE LA MANCHE;M;4964040;-157290;500
201400028855;14;8;21;1755;1;2;1;1;6;416;PLACE DU G DE GAULLE;M;4966470;-169727;500
201400028856;14;8;26;145;5;2;1;3;6;129;RUE ROBERT LECOUVEY;M;4963000;-159773;500
201400028857;14;8;25;1215;1;2;6;2;6;129;RONS POINT THEMIS;M;4963420;-161428;500
201400028858;14;8;25;1755;1;2;3;1;1;129;BREMERHAVEN/FEVRES;M;4963130;-160761;500
201400028859;14;9;2;1700;1;2;3;1;7;129;;M;4963330;-161732;500
201400028860;14;9;4;810;1;2;2;1;3;129;RUE ARAGO/DE LA VALLEE;M;4963650;-164948;500
201400028861;14;9;5;2235;5;2;2;1;1;129;SADI CARNOT/BECQUEREL;M;4962910;-164110;500
201400028862;14;9;7;2105;2;2;1;1;7;173;AVENUE DE BENECERE;M;4965780;-168915;500
201400028863;14;9;9;1245;1;2;2;1;2;173;M SEMBAT/DES CLAIRES;M;4965860;-169093;500
201400028864;14;9;9;1635;1;2;1;1;6;173;RUE PAUL DOUMER;M;4964600;-165686;500
201400028865;14;9;13;2140;5;2;1;1;7;602;RUE DES ALLIES;M;4963740;-157073;500
201400028866;14;9;16;800;1;2;1;1;7;129;CH DE LA CRESPINIERE;M;4963300;-165068;500
201400028867;14;9;17;1300;1;2;3;1;2;129;RUE HENRI BARBUSSE;M;4962260;-164738;500
201400028868;14;9;17;1320;1;2;1;1;3;129;RUE DES RESISTANTS;M;4963180;-163965;500
201400028869;14;9;18;1750;1;2;1;1;2;602;0, BROSSOLETTE (RUE PIER;M;4963290;-159098;500
201400028870;14;9;25;735;2;2;1;1;7;203;LES ROUGES TERRES;M;4962080;-161434;500
201400028871;14;9;25;1115;1;2;2;1;3;602;AVENUE DE NORTHEIM;M;4964430;-158156;500
201400028872;14;9;25;1730;1;2;1;1;2;129;BD DE L'ATLANTIQUE;M;4962470;-163750;500
201400028873;14;9;26;1845;1;2;1;8;3;129;AVENUE ARISTIDE BRIAND;M;4963960;-161634;500
201400028874;14;9;30;910;1;2;1;1;7;129;RUE DE L'ABBAYE;M;4964560;-163881;500
201400028875;14;10;1;1655;1;2;1;2;7;129;RUE BECQUEREL;M;4962770;-163882;500
201400028876;14;10;3;1215;1;2;1;1;2;173;RUE DES MACONS;M;4964550;-164408;500
201400028877;14;10;6;945;1;2;3;3;3;129;R MAUPAS/LUDE;M;4963230;-161150;500
201400028878;14;10;6;1610;1;2;2;1;7;129;BD SCHUMAN/J DUFRESNE;M;4963730;-162552;500
201400028879;14;10;7;1810;1;2;1;1;4;129;SALINE (BOULEVARD DE LA);M;4964790;-164343;500
201400028880;14;10;8;740;5;2;1;2;7;173;ROND POINT DE LA CAPEL;M;4965760;-166777;500
201400028881;14;10;8;1245;1;2;2;2;3;129;AVENUE DE LATTRE DE TASS;M;4963600;-160462;500
201400028882;14;10;8;2130;5;2;1;3;6;173;RUE LEON BLUM;M;4964570;-166306;500
201400028883;14;10;10;1800;1;1;4;1;3;602;CH COSTILS/R CH RAVALETS;M;4963060;-156739;500
201400028884;14;10;11;1250;1;2;7;1;2;129;AVENU MILLET /QUAI ALEX;M;4963400;-162251;500
201400028885;14;10;14;1150;1;1;2;1;7;129;RUE PASTEUR;M;4964310;-164692;500
201400028886;14;10;14;1730;1;2;2;1;1;416;R FOUQUET/R GLINEL;M;4966490;-168606;500
201400028887;14;10;15;1440;1;2;2;2;7;129;RUE BECQUEREL;M;4962910;-164110;500
201400028888;14;10;15;1945;5;2;1;3;2;173;RUE DE LA PAIX;M;4964920;-165006;500
201400028889;14;10;17;1330;1;2;1;1;2;129;AVENUE RENE SCMITT;M;4963090;-164616;500
201400028890;14;10;19;520;5;2;2;1;7;129;R PAIX/AUVRAY;M;4964310;-162703;500
201400028891;14;10;22;755;5;2;3;1;1;129;AV NORMANDIE/LORRAINE;M;4962630;-162751;500
201400028892;14;10;22;1935;5;2;2;1;3;129;;M;4964380;-162598;500
201400028893;14;10;24;1440;1;2;1;2;2;173;AVENUE THIVET;M;4963560;-165673;500
201400028894;14;10;28;1350;1;2;2;1;7;173;;M;4965340;-166297;500
201400028895;14;10;30;1015;1;2;1;1;2;173;RUE MARCEL SEMBAT;M;4965710;-167441;500
201400028896;14;10;30;1730;1;2;1;1;3;129;RUE DU ROULE;M;4962770;-161958;500
201400028897;14;10;24;1820;2;2;1;3;7;602;RUE MEDERIC;M;4964200;-158967;500
201400028898;14;10;31;825;1;2;3;1;1;129;AVENUE CESSART;M;4964680;-164240;500
201400028899;14;11;4;1145;1;2;1;1;7;203;AV BANQUE A GENETS;M;4960160;-160262;500
201400028900;14;10;28;1133;1;2;1;1;7;173;;M;4965280;-165383;500
201400028901;14;11;8;1000;1;1;1;1;7;416;;M;4964620;-172804;500
201400028902;14;11;10;1720;1;2;9;1;3;203;PARKING;M;4960200;-160009;500
201400028903;14;11;12;1155;1;2;1;1;2;602;RUE GENERAL LECLERC;M;4963980;-160226;500
201400028904;14;11;12;1140;1;2;1;1;7;129;RUE DE L'ANCIEN QUAI;M;4963700;-162462;500
201400028905;14;11;16;105;5;2;2;1;1;129;VAL DE SAIRE/QUAI COLLIN;M;4963910;-161938;500
201400028906;14;11;15;1710;2;1;1;1;7;162;LA BESNARDERIE;M;4959810;-155296;500
201400028907;14;11;17;1410;1;2;3;3;2;129;SALINE/R DES 3 HANGARS;M;4964810;-164358;500
201400028908;14;11;21;45;3;2;1;1;7;173;RUETTES (RUE DES);M;4964440;-168334;500
201400028909;14;11;21;1855;5;2;1;1;4;129;RUE HENRI BARBUSSE;M;4961550;-165432;500
201400028910;14;11;22;1825;5;2;1;2;1;602;R DU GENERAL LECLERC;M;4964070;-159665;500
201400028911;14;11;27;1025;1;2;3;1;7;129;R SALENGRO/ARMISTICES;M;4962740;-164280;500
201400028912;14;11;29;35;5;2;1;1;7;173;VAL L'ABBE (DUR DU);M;4964250;-165287;500
201400028913;14;12;4;715;5;2;6;2;2;173;ROND POINT DE CAPEL;M;4965750;-166874;500
201400028914;14;12;3;1230;1;2;1;1;2;129;BD DE L'ATLANTIQUE;M;4962960;-163305;500
201400028915;14;12;11;745;5;2;2;1;3;173;R DE LA PAIX/R SALENGRO;M;4965050;-165141;500
201400028916;14;12;11;845;1;2;2;2;3;129;RUE DE LA FOEDRE;M;4962840;-164961;500
201400028917;14;12;11;2015;5;2;1;2;7;129;BD FELIX AMIOT;M;4964240;-161437;500
201400028918;14;12;14;620;5;2;3;1;7;129;R MAINE/VALOIS;M;4962850;-163279;500
201400028919;14;12;13;2010;5;2;6;1;5;602;ROND POINT JEAN MOULIN;M;4963530;-159189;500
201400028920;14;12;15;1410;2;2;4;2;2;129;RUE DE L'ABBAYE;M;4964560;-163886;500
201400028921;14;12;18;1920;5;2;3;2;4;173;R ARAGO/A DUMAS;M;4964790;-166851;500
201400028922;14;12;22;1320;1;2;2;2;3;602;BOULEVARD DE L'EST;M;4963510;-158653;500
201400028923;14;12;23;1010;1;2;2;2;2;129;AV MILLET/AV DE PARIS;M;4963340;-161737;500
201400028924;14;12;26;1830;3;2;1;3;1;416;RUE DU BRETON;M;4965420;-170648;500
201400028925;14;12;29;1240;1;2;1;1;7;129;QUAI DE CALIGNY;M;4963990;-162152;500
201400028926;14;12;29;2240;5;2;2;1;3;129;RUE FAURE;M;4964310;-164694;500
201400028927;14;12;30;1735;2;2;1;1;1;129;QUAI DE CALIGNY;M;4964220;-162178;500
201400028928;14;2;8;1230;1;2;1;7;6;147;RUE DANIEL;M;4904770;-144656;500
201400028929;14;2;18;750;2;2;3;1;3;147;RUE DE LA MARNE;M;4904060;-144840;500
201400028930;14;2;20;845;1;2;2;2;2;147;AV REPUBLIQUE/VIKINGS;M;4905520;-143751;500
201400028931;14;3;2;2238;5;2;1;3;6;147;R DE LA CROUTE;M;4904460;-144303;500
201400028932;14;3;8;1610;1;1;1;1;3;147;ROCADE NORD;M;4906760;-141779;500
201400028933;14;4;30;1810;1;2;3;1;3;147;BD ALSACE LORRAINE/R NOR;M;4905340;-144189;500
201400028934;14;7;23;145;3;1;6;1;7;92;ROUTE DE CARENTAN;M;4906930;-142982;500
201400028935;14;8;11;1245;1;2;1;1;6;147;ROCADE NORD;;;;500
201400028936;14;9;4;1825;1;1;3;7;3;92;ROUTE DE LESSAY;M;4906930;-142979;500
201400028937;14;9;17;1710;1;2;1;1;6;147;RUE DE LA MARNE;M;4904690;-144965;500
201400028938;14;11;15;1150;1;2;1;1;6;147;RUE ERNEST HULIN;M;4904640;-143895;500
201400028939;14;11;21;1655;1;1;3;1;3;376;;M;4903380;-143514;500
201400028940;14;11;26;2025;5;2;1;2;7;376;GEOFFROY DE MONTBRAY;M;4904350;-144663;500
201400028941;14;12;15;1835;3;1;6;2;2;147;ROND POINT DES ISLES;M;4905480;-146776;500
201400028942;14;1;16;1355;1;2;1;1;3;218;RUE DES MENNERIES;M;4882830;-156790;500
201400028943;14;1;21;1000;1;2;1;1;3;218;AVENUE DE LA GARE;M;4883940;-158729;500
201400028944;14;1;21;1730;2;2;1;1;6;218;AVENUE DES VENDEENS;M;4883090;-156998;500
201400028945;14;1;24;1715;2;1;1;2;4;647;ROUTE DE VILLEDIEU;M;4883770;-155890;500
201400028946;14;1;26;1855;5;2;1;8;6;218;BD DES AMIRAUX GRANVILLA;M;4883510;-159501;500
201400028947;14;2;2;1930;3;1;1;1;1;165;;M;4885190;-156195;500
201400028948;14;2;12;1215;1;2;1;2;3;218;ROUTE DE VILLEDIEU;M;4883760;-155296;500
201400028949;14;2;24;1020;1;2;3;1;6;165;RUE CLOS DES SOURCES;M;4884990;-157666;500
201400028950;14;2;21;825;2;2;1;1;6;218;RUE VICTOR HUGO;M;4883720;-158544;500
201400028951;14;3;8;950;1;2;1;1;6;165;AV DE LA LIBERATION;M;4884250;-158946;500
201400028952;14;3;21;1525;1;2;1;1;6;218;AV MARECHAL LECLERC;M;4883780;-158781;500
201400028953;14;3;30;710;3;2;1;1;6;218;AVENUE DE LA GARE;M;4884030;-158659;500
201400028954;14;4;4;1802;1;2;1;1;2;218;AV MAL LECLERC;M;4883780;-158785;500
201400028955;14;4;17;1620;1;2;1;1;6;218;RUE DE LA FONTAINE;M;4883320;-158270;500
201400028956;14;4;29;1810;1;1;1;1;4;532;;M;4881220;-154075;500
201400028957;14;5;5;2010;1;2;2;1;3;218;R GENETAIS/HUGUENANS;M;4884240;-157294;500
201400028958;14;5;10;1840;1;2;1;1;7;218;RUE DU PORT;M;4883480;-160767;500
201400028959;14;5;13;1715;1;2;1;1;7;218;RUE DU COURAYE;M;4883710;-159560;500
201400028960;14;5;30;1600;1;2;1;1;3;218;RUE DES CORSAIRES;M;4883830;-159902;500
201400028961;14;6;4;1640;1;1;1;1;3;218;RUE DE LA CRETE;M;4882400;-157569;500
201400028962;14;6;5;1800;1;1;1;1;3;647;ROUTE DE VILLEDIEU;M;4883760;-155621;500
201400028963;14;6;8;2042;1;1;1;1;1;218;;M;4883230;-153878;500
201400028964;14;6;25;1655;1;2;1;1;1;165;RUE DE LA FOUGERAIE;M;4884600;-157272;500
201400028965;14;6;27;1915;1;2;1;2;7;218;RUE DES JUIFS;M;4883840;-159901;500
201400028966;14;6;29;1950;1;2;6;1;3;218;PLACE ALSACE LORRAINE;M;4883800;-158499;500
201400028967;14;7;2;1330;1;2;3;1;1;218;BD QUEBEC/AV MATIGNONS;M;4883780;-156937;500
201400028968;14;7;2;1210;1;1;1;1;2;218;;M;4883680;-153898;500
201400028969;14;7;7;920;1;1;1;7;7;218;VILLAGE GENVRESSE;M;4882610;-154821;500
201400028970;14;7;7;1155;1;1;1;1;3;532;ROUTE D'AVRANCHES;M;4880810;-153500;500
201400028971;14;7;13;1915;1;1;1;1;4;532;;M;4882050;-155251;500
201400028972;14;7;16;1605;1;2;1;1;2;218;BD AMIRAUX GRANVILLAIS;M;4883500;-159466;500
201400028973;14;7;28;1740;1;2;1;1;4;218;ROUTE DE VILLEDIEU;M;4883750;-154743;500
201400028974;14;7;31;1830;1;2;1;1;2;218;RUE DU FOURNEAU;M;4881780;-157229;500
201400028975;14;8;14;945;1;2;1;2;2;218;RUE DES ARMATEURS;M;4883710;-155090;500
201400028976;14;8;23;1535;1;2;2;1;3;218;RD POINT DE ST BRELADE;M;4883440;-156302;500
201400028977;14;9;10;100;5;2;1;1;6;165;RUE DU MOULIN;M;4884750;-157800;500
201400028978;14;9;11;805;1;1;1;1;7;532;;M;4881920;-155097;500
201400028979;14;9;21;1949;1;2;6;1;7;532;R ST NICOLAS/ECOLES;M;4883390;-157110;500
201400028980;14;9;25;1800;1;2;1;1;6;165;ROUTE DE COUTANCES;M;4884500;-158399;500
201400028981;14;9;28;1525;1;2;1;1;6;218;RUE DE LA CRETE;M;4883140;-158284;500
201400028982;14;9;29;1915;1;2;6;1;3;165;AV MATIGNON/MESNIL;M;4883780;-156637;500
201400028983;14;9;26;750;1;2;1;1;7;81;RUE MARIN-MARIE;M;4884140;-157131;500
201400028984;14;10;1;1505;1;1;6;8;3;532;;M;4880410;-154866;500
201400028985;14;10;1;1850;1;2;1;2;7;218;AVENUE MARECHAL LECLERC;M;4883780;-158821;500
201400028986;14;10;2;1020;1;2;1;1;7;165;ROUTE DE COUTANCES;M;4884750;-157870;500
201400028987;14;10;11;1630;1;2;3;1;3;218;MATIGNON (AV DES);M;4883790;-157818;500
201400028988;14;10;24;1430;1;2;1;2;7;218;AVENUE DES MATIGNONS;M;4883790;-157795;500
201400028989;14;10;23;1100;1;2;1;1;7;532;PLACE DE GAULLE;M;4881610;-157178;500
201400028990;14;11;29;2150;5;2;1;1;6;165;BD DES AMIRAUX;M;4883590;-159496;500
201400028991;14;11;30;1740;5;2;2;2;6;218;R DES CEDRES/RTE VILLEDI;M;4883750;-154669;500
201400028992;14;11;29;2325;5;2;1;1;6;218;RUE SAINT GAUD;M;4883370;-159132;500
201400028993;14;12;2;2046;5;2;1;2;6;165;ROUTE DE COUTANCES;M;4884820;-157735;500
201400028994;14;12;5;1545;1;2;1;1;6;165;ROUTE DE COUTANCES;M;4885060;-157229;500
201400028995;14;12;11;1800;3;1;3;8;3;532;;M;4882030;-155216;500
201400028996;14;12;13;1941;5;2;1;1;6;532;AVENUE DES VENDEENS;M;4883460;-157787;500
201400028997;14;12;30;1647;1;2;1;1;6;165;ROUTE DE COUTANCES;M;4885180;-156961;500
201400028998;14;1;4;2020;5;2;1;2;7;502;RUE MAL LECLERC;M;4911490;-108678;500
201400028999;14;1;9;745;5;2;1;1;5;502;RUE LOUISE MICHEL;M;4910010;-107380;500
201400029000;14;1;13;1810;5;2;3;1;3;502;R BEAUCOUDRAY/PL MARS;M;4911630;-108866;500
201400029001;14;2;4;1220;1;2;2;1;2;475;AVENUE DU COTENTIN;M;4912860;-109400;500
201400029002;14;3;3;1520;1;2;1;1;2;502;RUE DES NOYERS;M;4911640;-109229;500
201400029003;14;3;4;2120;3;1;1;1;7;502;;M;4909830;-111156;500
201400029004;14;3;16;1700;1;2;6;1;3;502;;M;4911190;-106992;500
201400029005;14;3;26;1220;1;2;1;1;4;502;RUE DE TORIGNI;M;4910910;-107354;500
201400029006;14;4;20;345;5;2;1;2;7;502;AVENUE DE VERDUN;M;4911770;-108735;500
201400029007;14;4;22;2145;5;1;2;1;1;502;;M;4910720;-106034;500
201400029008;14;5;17;1345;1;2;1;1;6;502;RTE DE VILLEDIEU;M;4911440;-109872;500
201400029009;14;5;21;1602;1;2;1;1;4;502;R DE LATTRE DE TASSIGNY;M;4910710;-107059;500
201400029010;14;5;27;1330;1;2;2;8;3;502;JOUHAUX L?ON;M;4911070;-105569;500
201400029011;14;6;11;1510;1;2;1;1;3;2;RUE PAPIN DENIS;M;4911180;-113290;500
201400029012;14;6;12;1655;1;1;1;1;3;502;RD POINT DES MATIGNONS;M;4910560;-106915;500
201400029013;14;6;15;605;2;2;1;1;6;502;CANDOL (LIEU DIT);M;4909270;-111740;500
201400029014;14;7;7;825;1;2;1;7;6;2;RUE HAVIN;M;4911460;-109176;500
201400029015;14;7;10;1640;1;2;1;1;6;502;ROUTE DE TESSY;M;4910610;-109371;500
201400029016;14;7;18;1450;1;1;1;1;7;502;;M;4909910;-111352;500
201400029017;14;8;2;1450;1;2;2;1;3;502;R MARNE/TADSSIGNY;M;4911310;-107946;500
201400029018;14;8;5;1050;1;2;1;1;3;502;AVENUE DES HETRES;M;4911110;-106416;500
201400029019;14;8;18;910;1;2;1;1;7;502;ROUTE DE TORIGNI;M;4910870;-107295;500
201400029020;14;8;23;1220;1;1;1;1;1;2;ROCREUIL;M;4911060;-112306;500