num_acc;an;mois;jour;hrmn;lum;agg;int;atm;col;com;adr;gps;lat;long;dep
201400029021;14;8;31;1610;1;1;3;1;3;321;ROUTE D'ISIGNY;M;4913330;-106750;500
201400029022;14;10;27;835;1;2;3;1;1;502;RUE JOUHAUX L?ON;M;4911450;-105448;500
201400029023;14;11;7;1700;1;2;1;8;6;2;RUE HENRI DUNANT;M;4910730;-110793;500
201400029024;14;11;24;1430;1;1;1;8;7;502;LA CHEVALERIE;M;4911110;-104285;500
201400029025;14;11;28;1825;5;2;6;8;3;502;RD POINT MATIGNONS;M;4910580;-106877;500
201400029026;14;12;2;1945;5;2;1;2;6;502;PLACE DE GAULLE;M;4911570;-109096;500
201400029027;14;11;28;705;5;2;1;8;6;475;AVENUE DU COTENTIN;M;4912990;-109403;500
201400029028;14;12;7;1800;3;1;1;1;6;2;;M;4911350;-114930;500
201400029029;14;1;17;1538;1;2;3;1;6;108;PL TISSIER/RUE DE VAUX;;;;510
201400029030;14;2;13;310;3;1;1;8;2;453;N44;;;;510
201400029031;14;2;20;810;1;2;3;1;6;108;RUE P. LEBON/AVE SARRAIL;;;;510
201400029032;14;2;22;10;5;2;4;1;3;108;D87/D977;;;;510
201400029033;14;3;31;2145;4;2;1;1;6;242;D3;;;;510
201400029034;14;4;6;717;2;2;1;1;1;506;24 AVENUE JACQUES SIMON;;;;510
201400029035;14;4;11;1835;1;2;2;1;3;108;RUES JAURES/DE FAGNIERES;;;;510
201400029036;14;4;23;1502;1;2;2;1;1;108;DU GPE LIBERATION NORD;;;;510
201400029037;14;5;26;1500;1;1;1;8;3;108;N44;;;;510
201400029038;14;6;7;2035;1;2;2;1;3;108;AVE P. SEMARD/M. COLIN;;;;510
201400029039;14;6;16;1740;1;1;1;1;3;506;N44;;;;510
201400029040;14;6;23;1935;1;2;1;1;6;108;RUE D ORFEUIL;;;;510
201400029041;14;9;6;1808;1;2;3;1;3;108;AVE SEMARD/PL DE CANCALE;;;;510
201400029042;14;9;10;1330;1;2;2;1;3;506;AVE J. SIMON/A. BAUDIET;;;;510
201400029043;14;9;15;1705;1;2;1;1;6;108;57 RUE JEAN JAURES;;;;510
201400029044;14;10;4;1522;1;1;1;1;1;108;N 44;;;;510
201400029045;14;10;7;1440;1;2;2;2;1;108;D60/AVENUE DES GREVIERE;;;;510
201400029046;14;10;20;1305;1;1;1;1;5;168;D977;;;;510
201400029047;14;10;30;1135;1;2;3;1;3;108;D3/RUE DU 372E RALVF;;;;510
201400029048;14;11;2;830;1;2;1;1;6;108;D87;;;;510
201400029049;14;11;4;503;5;2;2;2;3;242;D. POSTES/NOUE DU MOULIN;;;;510
201400029050;14;11;10;1000;1;2;2;9;3;108;DU LT LOYER/DES AVEUGLES;;;;510
201400029051;14;12;12;545;3;1;1;2;5;168;D977;;;;510
201400029052;14;12;31;2145;5;2;1;1;6;108;D3;;;;510
201400029053;14;3;14;1210;1;2;1;7;6;230;RUE PASTEUR;;;;510
201400029054;14;6;6;2030;1;2;1;1;6;230;RUE DE LA GUADELOUPE;;;;510
201400029055;14;7;8;1505;1;2;1;1;6;230;AVE GENERAL MARGUERITTE;;;;510
201400029056;14;8;4;1940;1;2;2;1;6;230;31, AVE DE FRANCHE COMTE;;;;510
201400029057;14;12;16;815;1;2;6;2;6;230;62 AVENUE PAUL CHANDON;;;;510
201400029058;14;1;7;1715;2;2;1;2;6;454;BOULEVARD VICTOR HUGO;;;;510
201400029059;14;1;10;1715;5;2;1;1;6;454;AVENUE GEORGES POMPIDOU;;;;510
201400029060;14;1;14;915;1;2;2;2;5;454;RUES G. LAURENT/CHEVIGNE;;;;510
201400029061;14;1;15;800;5;2;1;2;6;172;BD ALSACE LORRAINE;;;;510
201400029062;14;1;19;430;5;2;2;1;3;454;BD POMMERY/RUE DE CERNAY;;;;510
201400029063;14;1;28;905;1;2;1;8;4;454;12 RUE TROIS RAISINETS;;;;510
201400029064;14;2;4;1425;1;2;1;1;6;454;44 PLACE DU FORUM;;;;510
201400029065;14;2;4;1920;5;2;1;1;2;454;1 ROUTE DE WITRY;;;;510
201400029066;14;2;10;1810;5;2;1;1;6;454;42 AVENUE DE PARIS;;;;510
201400029067;14;2;17;1800;5;2;1;1;5;454;ALLEE DU VIGNOBLE;;;;510
201400029068;14;2;27;1835;5;2;1;2;6;172;11 RUE DE LA SENTELLE;;;;510
201400029069;14;3;4;2220;5;2;2;1;3;454;BD DES BELGES/NEUFCHATEL;;;;510
201400029070;14;3;8;1930;5;2;2;1;3;454;RUES HINCMAR/D. CAPUCINS;;;;510
201400029071;14;3;16;650;1;2;2;1;3;454;RUES LANDOUZY/DUQUENELLE;;;;510
201400029072;14;3;20;1805;1;2;1;1;2;454;28 RUE DE VENISE;;;;510
201400029073;14;3;21;1425;1;2;1;1;5;454;19 BD DU GENERAL LECLERC;;;;510
201400029074;14;4;6;1440;1;2;1;1;3;454;RUE CERES;;;;510
201400029075;14;4;14;835;1;2;2;1;3;454;R. DES CAPUCINS/HINCMAR;;;;510
201400029076;14;4;24;2005;1;2;1;1;6;573;RUE DU MONT SAINT PIERRE;;;;510
201400029077;14;4;30;1610;1;2;1;1;6;454;RUE CHAVAILLAUD;;;;510
201400029078;14;5;20;2220;5;2;1;1;6;172;D8;;;;510
201400029079;14;5;18;1815;1;2;6;1;6;454;34 AVENUE DE L YSER;;;;510
201400029080;14;5;31;1330;1;2;1;1;3;454;24 RUE DES CAPUCINS;;;;510
201400029081;14;5;16;815;1;2;1;1;4;454;D944;;;;510
201400029082;14;6;10;1000;1;2;1;1;6;454;13 BOULEVARD DAUPHINOT;;;;510
201400029083;14;6;19;2120;1;2;1;1;6;454;40 RUE DIEU LUMIERE;;;;510
201400029084;14;6;22;1720;1;2;1;1;6;454;42 RUE PIERRE TAITTINGER;;;;510
201400029085;14;6;24;1545;1;2;2;1;2;454;R. DE ROUEN/COGNACQ JAY;;;;510
201400029086;14;6;25;1900;1;2;1;1;3;55;D74;;;;510
201400029087;14;7;3;1130;1;2;2;1;3;454;RUE BETHENY/AV. FRACHON;;;;510
201400029088;14;7;13;1620;1;2;1;1;2;454;19 BOULEVARD DE LA PAIX;;;;510
201400029089;14;7;18;1855;1;2;2;1;3;454;BONAPARTE/JOLIOT-CURIE;;;;510
201400029090;14;7;19;1300;1;2;3;1;3;454;BD H. VASNIER/GAL GIRAUD;;;;510
201400029091;14;7;31;2040;1;2;3;1;3;454;BD POMMERY/R. DE SILLERY;;;;510
201400029092;14;8;7;1320;1;2;1;1;1;172;48 ROUTE DE TAISSY;;;;510
201400029093;14;8;10;2010;1;2;1;8;6;573;14 RUE CHARLES VANEL;;;;510
201400029094;14;8;18;1240;1;2;2;1;1;454;BD ALBERT 1ER/R. A. HUET;;;;510
201400029095;14;8;22;1525;1;2;2;1;3;454;RUES ST THIERRY/GERUZEZ;;;;510
201400029096;14;8;27;1710;1;2;1;1;6;454;4 ESPLANADE P. CEZANNE;;;;510
201400029097;14;8;29;910;1;2;1;1;7;454;ROND POINT DE CHAMPAGNE;;;;510
201400029098;14;9;3;2315;5;2;1;1;5;454;RUE DES GOBELINS;;;;510
201400029099;14;9;16;715;3;1;1;5;1;58;1 RUE DE SACY;;;;510
201400029100;14;9;18;1730;1;2;1;1;3;454;BOULEVARD HENRI HENROT;;;;510
201400029101;14;9;23;635;5;2;3;5;3;454;BD ROBESPIERRE/E. SENART;;;;510
201400029102;14;9;24;1155;1;2;1;1;3;454;RUE DES CRAYERES;;;;510
201400029103;14;10;3;1120;1;2;2;1;3;454;AVE EPERNAY/EISENHOWER;;;;510
201400029104;14;10;8;645;5;2;1;3;3;454;69 BOULEVARD POMMERY;;;;510
201400029105;14;10;7;1810;1;2;6;9;6;454;AVENUE HENRI FARMAN;;;;510
201400029106;14;10;11;1905;1;2;6;1;3;454;R. DE LOUVOIS/C. COLOMB;;;;510
201400029107;14;10;13;1105;1;2;1;1;6;454;9 RUE CERES;;;;510
201400029108;14;10;17;1220;1;2;1;1;6;454;1 RUE DE CONTRAI;;;;510
201400029109;14;11;6;1415;1;2;1;1;6;454;202 RUE DES CAPUCINS;;;;510
201400029110;14;11;7;1910;5;2;3;1;1;454;A. PETIT/PL. LENONCOURT;;;;510
201400029111;14;11;25;1410;1;2;2;1;3;454;N51;;;;510
201400029112;14;11;22;1605;1;2;1;1;3;172;D9;;;;510
201400029113;14;12;9;840;1;2;1;8;1;454;10 12EME ESCADRE D AVIAT;;;;510
201400029114;14;12;14;1450;1;2;1;1;3;454;48 RUE BUIRETTE;;;;510
201400029115;14;12;25;900;1;2;1;1;6;454;19 RUE PATRICK DONGOIS;;;;510
201400029116;14;12;23;1905;2;2;1;8;2;454;AVENUE BREBANT;;;;510
201400029117;14;2;18;2035;5;2;6;2;2;121;89, VICTOIRE DE LA MARNE;M;4811473;514052;520
201400029118;14;2;20;1750;1;2;3;1;6;121;1, ASHTON UNDER LYNE (AV;M;4809724;514052;520
201400029119;14;2;21;1725;1;2;1;1;6;121;14  VALLEE (RUE DE LA);M;4812670;513228;520
201400029120;14;3;27;740;1;2;2;1;6;121;0, PLATANES (RUE DES);M;4810006;513809;520
201400029121;14;4;4;1410;1;2;3;1;6;121;19, BOUCHARDON  RUE EDME;M;4811256;513995;520
201400029122;14;4;20;30;5;2;1;1;6;121;0, NEUILLY (ROUTE DE) R.;M;4808410;514603;520
201400029123;14;4;27;1000;1;2;2;1;3;121;0, GIRARDEL (AVENUE PHIL;M;4809876;514696;520
201400029124;14;6;2;855;1;2;2;1;3;121;0, PATRONAGE LAIQUE (RUE;;;;520
201400029125;14;5;30;940;1;2;1;1;6;121;7, REPUBLIQUE (AVENUE);M;4810483;514275;520
201400029126;14;6;3;1805;1;2;1;1;1;121;0, FOCH (AVENUE);M;4811061;513163;520
201400029127;14;7;5;1230;1;1;1;1;6;121;R.D. 161;M;4812715;513956;520
201400029128;14;7;8;1645;1;2;6;1;6;121;0, MARECHAL DE LATTRE DE;M;4810742;514779;520
201400029129;14;7;20;1815;1;1;1;1;7;121;0, R.D. 161;M;4812625;515383;520
201400029130;14;8;13;1209;1;2;1;3;6;121;13, P. BURELLO (RUE);M;4812019;514304;520
201400029131;14;8;13;1234;1;1;1;3;6;121;RD 674;M;4812019;517400;520
201400029132;14;9;13;1130;1;2;1;1;6;125;43, CHAUMONT (RUE DE);M;4810603;515831;520
201400029133;14;10;24;1145;1;2;1;2;6;121;45, AMPERE (RUE);M;4809176;524708;520
201400029134;14;10;10;800;1;2;1;1;6;121;0, NEUILLY (ROUTE DE) Rt;M;4808439;514600;520
201400029135;14;12;3;1730;3;1;2;1;2;121;RN 67;M;4807945;508392;520
201400029136;14;12;14;1215;1;1;1;2;7;121;RD 674;M;4812993;519530;520
201400029137;14;12;17;745;5;2;1;2;6;121;12, ETATS UNIS (AVNUE DE;M;4811984;514227;520
201400029138;14;2;12;1010;1;2;1;1;6;448;1, ROND POINT DE VERGY;M;4863024;493319;520
201400029139;14;3;17;1610;1;2;1;1;6;448;43, CARNOT (RUE DU PRESI;M;4864051;494547;520
201400029140;14;3;26;1620;1;2;1;1;3;448;1, CAPUCINS (RUE DES);M;4862642;494735;520
201400029141;14;3;28;1000;1;2;1;1;3;448;1, LOUBERT (AVENUE DE);M;4864726;496531;520
201400029142;14;4;18;1555;1;2;3;1;3;448;1, BASCH (RUE VICTOR);M;4863384;497107;520
201400029143;14;5;26;1730;1;2;1;1;6;448;28, BREGUET (RUE LOUIS);M;4864754;496088;520
201400029144;14;6;13;1410;1;2;1;1;3;104;15, BAR LE DUC (ROUTE DE;M;4866829;498536;520
201400029145;14;7;19;1800;1;2;1;1;6;448;3, VERLAINE (RUE PAUL);M;4863025;493931;520
201400029146;14;8;2;1345;1;2;1;8;7;534;1, SAINT DIZIER (ROUTE D;M;4866388;490599;520
201400029147;14;8;13;2155;5;2;1;1;6;448;1, HOERICOURT (RUE D');M;4864147;496159;520
201400029148;14;9;16;800;1;2;1;7;6;448;57, FRANCOIS 1ER (RUE);M;4863909;494024;520
201400029149;14;9;29;40;3;1;1;1;7;448;RN4;M;4863852;491926;520
201400029150;14;10;28;1210;1;2;1;1;7;448;3, TOURS (RUE DES);M;4864447;497771;520
201400029151;14;10;29;1155;1;2;1;1;6;448;1, GENEVOIX (PLACE MAURI;M;4864420;497301;520
201400029152;14;11;3;1240;1;2;1;1;6;448;, PLACE DE L'EUROPE;M;4864444;496341;520
201400029153;14;11;17;2010;5;2;2;1;3;448;54, REPUBLIQUE (AVE DE L;M;4863747;494336;520
201400029154;14;11;24;1830;3;2;1;1;6;448;1, FAUBERT (VOIE);M;4863664;497673;520
201400029155;14;12;19;1815;5;2;1;3;6;448;13, CARTIER (AVENUE MARI;M;4863779;494735;520
201400029156;14;12;19;1710;3;2;1;3;6;448;11, COMMUNE DE PARIS (RU;M;4863633;494742;520
201400029157;14;1;22;805;2;2;1;2;6;130;26, PARIS ( RUE DE );M;4807117;-76425;530
201400029158;14;1;31;2240;5;2;2;2;3;130;BRIAND (PONT ARISTIDE );M;4807092;-77009;530
201400029159;14;2;20;1045;1;2;1;2;6;130;PARIS ( RUE DE );M;4807227;-75770;530
201400029160;14;3;25;800;1;2;4;1;6;130;0, SAINTE ANNE ( RUE );M;4806770;-76841;530
201400029161;14;5;10;2015;1;1;1;1;6;201;RD 500 VERS AHUILLE;M;4804909;-81477;530
201400029162;14;5;14;1545;1;1;1;1;4;130;ANGERS ( ROUTE );M;4803453;-73906;530
201400029163;14;5;17;1740;1;2;3;1;3;34;26, MAINE ( RUE DU );M;4807334;-69995;530
201400029164;14;5;28;750;1;2;3;1;6;130;KLEBER ( AVENUE );M;4805721;-74618;530
201400029165;14;5;28;1225;1;2;3;1;7;34;12, DEBUSSY (rue Claude);M;4807421;-71117;530
201400029166;14;6;18;1815;1;2;3;1;2;34;RD 57 VERS LE MANS;M;4807019;-69758;530
201400029167;14;7;12;2000;1;2;3;1;7;34;10, NOE PIERRE ( RUE DE;M;4807392;-70539;530
201400029168;14;7;16;1630;1;2;3;1;3;130;INDUSTRIE ( BOULEVARD DE;M;4807190;-75133;530
201400029169;14;9;4;1753;1;2;6;1;2;130;361, BRETAGNE ( AVENUE D;M;4806858;-80263;530
201400029170;14;9;9;1810;1;1;1;7;2;201;RD 57 VERS RENNES;M;4807148;-85648;530
201400029171;14;9;15;1510;1;1;1;1;1;34;RD 57 VERS LAVAL;M;4807133;-71180;530
201400029172;14;9;18;1850;1;2;1;7;6;130;137, BRETAGNE ( RUE DE );M;4807024;-78697;530
201400029173;14;9;18;1519;1;2;1;1;7;54;1, BLANCHISSERIE ( LIEU;M;4809281;-78426;530
201400029174;14;9;26;849;1;1;1;1;6;130;RD 900;;;;530
201400029175;14;10;5;1920;2;2;1;1;7;130;0, DU GUESCLIN ( BOULEVA;M;4807438;-79559;530
201400029176;14;10;17;2115;3;1;1;1;6;130;562, ANGERS ( ROUTE );M;4803661;-73999;530
201400029177;14;10;28;2105;5;2;1;5;6;130;89, VAL DE MAYENNE ( RUE;M;4806841;-77040;530
201400029178;14;10;31;1740;5;2;1;1;2;130;BOOTZ ( QUAI DE );M;4807797;-76964;530
201400029179;14;11;6;1900;5;2;3;1;6;130;95, BOISSEL ( RUE VICTOR;M;4806394;-76057;530
201400029180;14;11;12;1825;5;2;2;1;3;130;NEVEU ( RUE PIERRE );M;4807840;-75821;530
201400029181;14;11;12;1855;5;2;1;8;6;130;13, BAS DES BOIS ( RUE D;M;4805861;-76241;530
201400029182;14;12;13;1504;1;2;1;1;6;130;16, JAURES ( BOULEVARD J;M;4806473;-78914;530
201400029183;14;12;15;818;1;2;1;1;7;263;0, ROUGES-GORGES (RUE DE;;;;540
201400029184;14;4;5;1615;1;2;1;1;6;280;32, EUGENE BASTIEN (RUE);;;;540
201400029185;14;4;11;430;5;2;1;1;2;341;PR 11, 643 (RD);M;4926468;590800;540
201400029186;14;5;28;1224;1;2;3;1;3;263;137 (RD);M;4922424;598184;540
201400029187;14;6;3;1210;1;1;1;1;3;36;906 (RD);M;4928463;595882;540
201400029188;14;6;10;1703;1;2;1;1;3;263;0, THOREZ (RUE MAURICE);;;;540
201400029189;14;4;30;1424;1;2;1;1;6;36;10, FERRY (RUE JULES);;;;540
201400029190;14;7;15;516;2;1;1;1;6;36;906 (RD);M;4928038;595964;540
201400029191;14;6;29;856;1;1;1;2;7;99;138 (RD);M;4925182;598413;540
201400029192;14;9;15;846;1;2;1;1;6;280;1, GARE (RUE DE LA);;;;540
201400029193;14;9;26;1156;1;1;1;1;1;99;138 (RD);M;4924977;596565;540
201400029194;14;4;16;2030;2;2;6;1;1;273;LAFAYETTE (AVENUE);;;;540
201400029195;14;6;3;1220;1;2;1;1;6;136;12, GRANDJEAN (RUE DES D;M;4916908;585770;540
201400029196;14;6;10;2037;1;1;2;1;3;51;DEPARTEMENTALE 13;M;4917603;596834;540
201400029197;14;12;8;830;1;1;1;5;6;253;DEPARTEMENTALE 613;M;4919957;590347;540
201400029198;14;12;17;805;2;2;1;2;6;136;2, VERDUN (RUE DE);M;4916705;585676;540
201400029199;14;3;13;1227;1;1;9;1;1;159;1, BLAINVILLE (RUE DE);;;;540
201400029200;14;3;30;2045;3;1;1;1;7;549;RD 80;M;4864717;633172;540
201400029201;14;9;28;1730;1;2;1;1;7;483;VILLE EN VERMOIS (ROUTE;;;;540
201400029202;14;1;14;1135;1;2;3;8;3;382;ARTS (AVENUE DES);;;;540
201400029203;14;1;17;1003;1;2;3;7;3;382;MARCELLIN BERTHELOT (RUE;;;;540
201400029204;14;2;5;2140;4;2;1;2;6;382;EUROPE (AVENUE DE L');M;4954286;579979;540
201400029205;14;11;17;1630;1;2;1;1;6;323;NR, MERCY (RUE);;;;540
201400029206;14;11;29;1630;1;1;1;1;6;323;NR, 52 (ROUTE NATIONALE);;;;540
201400029207;14;12;10;700;2;2;8;1;6;323;NR, MERCY (RUE);;;;540
201400029208;14;2;15;730;2;2;1;1;2;261;LUXEMBOURG (AVENUE DU);;;;540
201400029209;14;2;17;1030;1;2;1;1;6;323;ANATOLE FRANCE (RUE);;;;540
201400029210;14;2;10;1920;2;2;1;1;6;382;EUROPE (AVENUE DE L');;;;540
201400029211;14;3;14;1539;1;2;1;1;6;321;BOGDAN POLITANSKI (AVENU;;;;540
201400029212;14;3;16;1400;1;2;1;1;6;254;ARDECHE (RUE DE L');;;;540
201400029213;14;3;21;1500;1;2;1;1;2;323;19, ALBERT LABRO (RUE);;;;540
201400029214;14;3;29;1430;1;2;1;1;6;382;CASANOVA (RUE);;;;540
201400029215;14;3;20;1545;1;2;3;8;3;382;GARE (AVENUE DE LA);;;;540
201400029216;14;4;16;1045;1;2;1;1;6;323;NR, CHARCOT (RUE DU DOCT;;;;540
201400029217;14;4;30;1300;1;2;1;1;7;451;01, BOTTE LONGUE (RUE DE;;;;540
201400029218;14;5;19;1130;1;2;1;1;3;321;10, LUXEMBOURG (AVENUE D;;;;540
201400029219;14;5;21;1027;1;2;1;1;2;323;NR, AVIATION (AVENUE DE;;;;540
201400029220;14;5;23;1825;1;1;1;3;6;451;52 (ROUTE NATIONALE);;;;540
201400029221;14;6;12;1115;1;2;1;1;6;323;NC, ALBERT THOMAS (RUE);;;;540
201400029222;14;6;21;40;5;2;1;1;6;323;NC, MERCY (RUE);;;;540
201400029223;14;6;30;1400;1;2;1;1;6;323;NC, VAUBAN (RUE);;;;540
201400029224;14;7;12;1143;1;2;1;1;6;323;NR, MERCY (RUE);;;;540
201400029225;14;7;9;2100;2;1;1;1;6;367;NATIONALE 52 (ROUTE);M;4950455;578583;540
201400029226;14;7;18;1910;1;2;1;1;6;321;NR, BOGDAN POLITANSKI (A;;;;540
201400029227;14;7;21;1315;1;2;1;1;6;321;NC, LUXEMBOURG (AVENUE D;;;;540
201400029228;14;8;14;1700;1;2;1;1;6;323;NC, ARISTIDE BRIAND (RUE;;;;540
201400029229;14;8;28;1515;1;2;1;1;6;323;nr, ALBERT THOMAS (RUE);;;;540
201400029230;14;9;3;1740;1;2;1;1;6;323;NR, FRONTIERE (RUE DE LA;;;;540
201400029231;14;9;4;2100;3;1;1;1;6;367;NR, NATIONALE 52 (ROUTE);M;4950599;577834;540
201400029232;14;9;10;520;2;2;1;1;6;493;07, LONGWY (RUE DE);;;;540
201400029233;14;10;3;1715;1;1;1;1;6;323;N, 520 (R.D.);M;4950565;575838;540
201400029234;14;11;3;1900;2;1;1;1;6;382;NR, EUROPE (AVENUE DE L';;;;540
201400029235;14;9;20;1830;1;1;1;1;2;321;NR, LUXEMBOURG (AVENUE D;;;;540
201400029236;14;11;28;1500;1;2;1;1;7;382;43, IRIS (RUE DES);;;;540
201400029237;14;12;22;1815;5;2;1;8;1;382;54, METZ (BOULEVARD DE);;;;540
201400029238;14;12;23;1830;5;2;1;1;6;382;NR, EUROPE (AVENUE DE L';;;;540
201400029239;14;10;31;1540;1;1;1;1;6;254;NR, MOULIN (RUE DU);;;;540
201400029240;14;12;26;2200;5;2;1;1;6;321;NR, ERNEST HEMINGWAY (AV;;;;540
201400029241;14;2;18;1825;5;2;1;1;6;329;42, AVENUE DE LA LIBERAT;;;;540
201400029242;14;10;14;725;2;2;3;1;6;329;RUE RIVOLET;;;;540
201400029243;14;1;6;750;2;2;1;1;6;395;PROVENCAL (PLACE ET RUE);;;;540
201400029244;14;1;6;1753;5;2;1;1;4;265;RD570;M;4863928;618253;540
201400029245;14;1;7;855;1;2;2;1;3;395;GARENNE (ALLEE ET AVENUE;;;;540
201400029246;14;1;7;1810;5;2;1;2;2;395;DESILLES (RUE);;;;540
201400029247;14;1;8;950;1;1;1;1;6;304;LIBERATION (AVENUE DE LA;;;;540
201400029248;14;1;9;2210;5;1;1;1;1;300;COTE GRISE;M;4864872;623882;540
201400029249;14;1;9;1320;1;2;1;1;6;274;84, REPUBLIQUE (RUE DE L;;;;540
201400029250;14;1;11;1355;1;2;1;1;6;547;3-5, JONQUILLES (AVENUE;;;;540
201400029251;14;1;11;1745;5;2;1;1;3;395;LOBAU (BOULEVARD);;;;540
201400029252;14;1;11;1810;5;2;1;1;6;395;TIERCELINS (RUE DES);;;;540
201400029253;14;1;11;2245;5;2;1;1;5;395;PINCHARD (AVENUE - TAMAR;;;;540
201400029254;14;1;12;1745;5;2;1;1;4;395;47, SCARPONE (BD DE);;;;540
201400029255;14;1;15;1600;1;2;3;1;3;395;ROUBAIX (RUE DE);;;;540
201400029256;14;1;17;1400;1;1;1;1;3;25;RD 126;;;;540
201400029257;14;1;17;1635;1;2;2;1;3;395;LYAUTEY (RUE);;;;540
201400029258;14;1;17;1825;5;2;1;1;5;526;FRATERNITE (RUE DE LA);;;;540
201400029259;14;1;17;2005;3;2;2;1;6;395;BALFOURIER (RUE DU GAL);;;;540
201400029260;14;1;17;2005;5;2;1;1;2;395;16, LEOPOLD (COURS);;;;540
201400029261;14;1;20;1530;1;2;2;2;3;526;FRATERNITE (RUE DE LA);;;;540
201400029262;14;1;20;1710;2;2;2;2;3;395;STRASBOURG (AVENUE DE);;;;540
201400029263;14;1;21;955;1;2;1;1;6;395;09, HAGUENAUER (RUE DU G;;;;540
201400029264;14;1;22;1150;1;2;2;1;2;526;MILLENAIRE (BOULEVARD DU;;;;540
201400029265;14;1;23;740;2;2;1;2;6;395;39, LECLERC (AV. DU GENE;;;;540
201400029266;14;1;23;1230;1;2;1;2;6;482;CARNOT (AVENUE);;;;540
201400029267;14;1;23;1845;5;2;1;2;4;482;104, CARNOT (AVENUE);;;;540
201400029268;14;1;24;833;1;2;2;1;7;498;HELEUX (AVENUE DES);;;;540
201400029269;14;1;24;1355;1;2;1;1;2;304;18, BERT (RUE PAUL);;;;540
201400029270;14;1;26;1410;1;2;3;1;3;184;BRIGACHTAL (AVENUE DE);;;;540
201400029271;14;1;28;720;3;1;1;5;6;25;RD 126;M;4866088;624348;540
201400029272;14;1;28;802;1;2;1;8;6;395;53, BOUFFLERS (AV. DE 74;;;;540
201400029273;14;1;31;1630;1;2;1;1;6;526;RD 2 BIS;M;4868424;622832;540
201400029274;14;1;31;830;1;2;1;1;6;357;AULNES (BATIMENT LES);;;;540
201400029275;14;1;31;1055;1;1;3;7;6;395;LORRAIN (QUAI CLAUDE;;;;540
201400029276;14;1;31;1430;1;2;2;1;6;526;FRATERNITE (RUE DE LA);;;;540
201400029277;14;2;2;1210;1;1;1;1;3;526;RD 2 BIS;;;;540
201400029278;14;2;2;1358;1;2;1;1;6;482;1, NOUE (RUE DE LA);;;;540
201400029279;14;2;3;730;1;2;3;5;6;300;AULNOIS (RUE DES);;;;540
201400029280;14;2;4;1245;1;2;1;1;2;328;PASTEUR (RUE LOUIS);;;;540
201400029281;14;2;4;1800;5;2;1;1;7;395;INSURRECTION DU GHETTO V;;;;540
201400029282;14;2;5;755;1;2;3;2;3;395;STRASBOURG (AVENUE DE);;;;540
201400029283;14;2;5;1820;5;2;5;2;6;395;SAINTE CATHERINE (QUAI);;;;540
201400029284;14;2;5;1935;5;2;1;1;6;395;12, FOCH (AVENUE 2 A 16/;;;;540
201400029285;14;2;6;2130;3;2;3;1;2;274;SONGEUR (RUE LEON);;;;540
201400029286;14;2;7;220;5;2;2;1;3;395;MICHOTTES (RUE DES);;;;540
201400029287;14;2;7;1730;1;2;1;1;3;547;ARC (AVENUE JEANNE D');;;;540
201400029288;14;2;10;1227;1;2;1;2;6;395;13, MOLITOR (RUE);;;;540
201400029289;14;2;6;850;1;2;1;1;2;257;ERABLES (AVENUE DES);;;;540
201400029290;14;2;12;1535;1;2;2;1;6;395;32, SAINT LEON (RUE ET E;;;;540
201400029291;14;2;14;1750;5;2;1;1;2;304;SAPINIERE (RUE DE LA);;;;540
201400029292;14;2;14;2215;5;2;1;1;1;526;TOLSTOI (BOULEVARD);;;;540
201400029293;14;2;14;2355;5;2;1;1;6;395;SAINT EPVRE (Rue et Plac;;;;540
201400029294;14;2;16;1440;1;2;3;1;1;578;MULLER (AVENUE PAUL);;;;540
201400029295;14;2;17;1950;5;2;1;1;2;395;LOBAU (BOULEVARD);;;;540
201400029296;14;2;19;1215;1;2;3;1;2;304;MEUSE (RUE DE LA);;;;540
201400029297;14;2;21;2030;5;2;3;1;3;395;MANGIN (AVENUE DU GENERA;;;;540
201400029298;14;2;21;800;1;2;1;2;1;25;SAINTE MARGUERITE (AVENU;;;;540
201400029299;14;2;21;1650;1;2;1;1;3;526;MOULIN (RUE JEAN);;;;540
201400029300;14;2;21;1725;1;2;1;1;3;526;CROIZAT (RUE AMBROISE);;;;540
201400029301;14;2;22;1605;1;2;2;1;3;578;AIGUILLETTES  (BD 5A A 1;;;;540
201400029302;14;2;24;830;1;2;1;1;3;547;MILAN (RUE DE);;;;540
201400029303;14;2;24;825;1;2;4;7;6;498;GRAND'RUE;;;;540
201400029304;14;2;24;1445;1;2;1;1;6;357;09, CHARCOT (RUE DU COMM;;;;540
201400029305;14;2;24;1520;1;2;1;1;3;184;SAUVAGE (rue Catherine);;;;540
201400029306;14;2;24;1550;1;2;1;7;4;304;29, RESISTANCE (AV. DE L;;;;540
201400029307;14;2;25;740;1;2;2;1;3;395;TOMBLAINE (RUE DE);;;;540
201400029308;14;2;25;1200;1;2;1;1;3;395;101, LIBERATION (AVENUE;;;;540
201400029309;14;2;28;845;1;1;1;2;6;304;QUATRE VENTS (AVENUE DES;;;;540
201400029310;14;2;28;1355;1;2;1;2;2;547;ARC (AVENUE JEANNE D');;;;540
201400029311;14;2;28;1640;1;2;1;2;6;547;HOLLANDE (RUE DE);;;;540
201400029312;14;2;28;1755;1;2;1;1;6;395;25, LORRAIN (QUAI CLAUDE;;;;540
201400029313;14;3;2;1600;1;2;1;1;2;339;68, DRIANT (RUE DU COLON;;;;540
201400029314;14;3;4;1730;1;2;1;1;3;395;SABLES (RUE DES);;;;540
201400029315;14;3;5;745;1;2;2;1;7;395;175, LECLERC (AV. DU GEN;;;;540
201400029316;14;3;6;1330;1;2;2;7;6;395;POINCARE (RUE RAYMOND 1-;;;;540