num_acc;an;mois;jour;hrmn;lum;agg;int;atm;col;com;adr;gps;lat;long;dep
201400029317;14;3;6;1700;1;2;3;1;6;304;ZOLA (RUE EMILE);M;4868461;615392;540
201400029318;14;3;6;1738;1;2;1;1;2;395;ALEXANDRE 1ER  (PLACE);;;;540
201400029319;14;3;6;1825;1;2;1;9;4;498;RD 674;;;;540
201400029320;14;3;4;1900;5;2;2;1;3;304;EUROPE (AVENUE DE L');M;4867977;614847;540
201400029321;14;3;7;1430;1;2;1;1;6;395;SAINTE CATHERINE (QUAI);;;;540
201400029322;14;3;10;1710;1;2;2;1;3;482;GAMBETTA (RUE);;;;540
201400029323;14;3;10;735;1;2;1;1;3;395;SCARPONE (BD DE);;;;540
201400029324;14;3;12;1150;1;2;2;1;3;395;CRAFFE (RUE DE LA);;;;540
201400029325;14;3;17;1653;1;2;2;1;3;304;FOCH (BOULEVARD MARECHAL;;;;540
201400029326;14;3;17;1959;5;2;1;1;3;300;GALTIER (RUE LUCIEN);;;;540
201400029327;14;3;19;745;1;2;1;1;6;395;97, MON DESERT (RUE);;;;540
201400029328;14;3;18;1745;1;2;1;1;6;395;PINCHARD (AVENUE - TAMAR;;;;540
201400029329;14;3;20;1420;1;2;6;1;3;184;RD 674;M;4871227;624778;540
201400029330;14;3;21;1640;1;2;1;1;3;395;JOFFRE (Boulevard);;;;540
201400029331;14;3;23;140;5;2;1;1;2;395;SAINT DIZIER (RUE 2 A 80;;;;540
201400029332;14;3;24;1320;1;2;1;1;6;547;FAURE (RUE GABRIEL);;;;540
201400029333;14;3;25;1505;1;2;2;7;6;304;BOUFFLERS (AV DE 336/401;;;;540
201400029334;14;3;26;1513;1;2;1;1;6;395;PHALSBOURG (RUE DE);;;;540
201400029335;14;3;26;1732;1;2;1;1;4;395;BOUFFLERS (AVENUE) DE 2;;;;540
201400029336;14;3;27;910;1;2;1;1;6;482;PARC (RUE DU);;;;540
201400029337;14;3;28;1355;1;2;1;1;1;395;JOFFRE (Boulevard);;;;540
201400029338;14;3;28;2000;5;2;1;1;2;395;BATAILLE (QUAI DE LA);;;;540
201400029339;14;3;29;1850;2;2;3;1;3;395;MALZEVILLE (PONT DE);M;4870333;618187;540
201400029340;14;3;29;925;1;2;2;1;3;339;SAINT MICHEL (AVENUE);;;;540
201400029341;14;3;31;2130;5;2;2;1;3;526;POTIER (RUE EUGENE);;;;540
201400029342;14;3;28;2130;5;2;1;1;3;526;JAURES (BOULEVARD JEAN);;;;540
201400029343;14;4;1;1350;1;2;1;1;6;395;73, BOUFFLERS (AV. DE 74;;;;540
201400029344;14;4;1;1840;1;2;2;1;6;395;CHARLES III (RUE);;;;540
201400029345;14;4;2;1430;1;2;1;1;6;304;RHIN (AV. DU);;;;540
201400029346;14;4;1;1440;1;2;1;1;6;395;13, HAGUENAUER (RUE DU G;;;;540
201400029347;14;4;4;1630;1;2;1;1;3;304;29, LIBERATION (AVENUE D;;;;540
201400029348;14;4;4;1700;1;2;1;1;6;395;FOCH (AVENUE 18 ET 9 A F;;;;540
201400029349;14;4;6;1510;1;2;3;1;3;25;PARC (RUE DU);;;;540
201400029350;14;4;6;1730;1;2;3;1;3;395;STRASBOURG (AVENUE DE);;;;540
201400029351;14;4;8;825;1;2;1;1;4;304;BOIS GRONEE (AVENUE DU);;;;540
201400029352;14;4;9;1705;1;2;3;1;6;395;ARC (RUE JEANNE D' N?53;;;;540
201400029353;14;4;9;1740;1;2;1;1;2;395;TIERCELINS (RUE DES);;;;540
201400029354;14;4;10;1645;1;2;1;1;3;395;62, MON DESERT (RUE);;;;540
201400029355;14;4;11;1505;1;2;1;1;2;547;NORVEGE (RUE DE);;;;540
201400029356;14;4;12;1745;1;1;1;1;2;25;SAINT PHLIN (RUE DU FAUB;M;4865077;627108;540
201400029357;14;4;14;925;1;2;3;1;3;304;RHIN (AV. DU);;;;540
201400029358;14;4;15;945;1;2;3;1;6;304;VOLTAIRE (RUE);;;;540
201400029359;14;4;16;1255;1;2;6;1;3;547;EUROPE (BOULEVARD DE L');;;;540
201400029360;14;4;16;1300;1;1;1;1;6;357;COURBET (RUE);;;;540
201400029361;14;4;16;1800;1;2;2;1;4;395;SENN (RUE DU RECTEUR);;;;540
201400029362;14;4;16;1815;1;2;2;1;3;578;MULLER (AVENUE PAUL);;;;540
201400029363;14;4;17;740;1;2;1;1;2;547;;;;;540
201400029364;14;4;19;910;1;2;2;1;6;395;MON DESERT (RUE);;;;540
201400029365;14;4;20;1005;1;2;1;1;3;547;EUROPE (BOULEVARD DE L');;;;540
201400029366;14;4;21;1155;1;2;1;1;6;395;0, HAUSSONVILLE (BD D');;;;540
201400029367;14;4;22;1745;1;2;1;1;3;547;LECLERC (AVENUE DU GENER;;;;540
201400029368;14;4;22;840;1;2;7;1;2;395;COMMANDERIE (RUE/PLACE D;;;;540
201400029369;14;4;23;1100;1;2;1;1;6;184;REPUBLIQUE (PLACE DE LA);;;;540
201400029370;14;4;24;1000;1;2;3;1;5;526;VOLTAIRE (RUE);;;;540
201400029371;14;4;24;1710;1;2;1;1;4;526;RD 2 BIS;;;;540
201400029372;14;4;25;1430;1;2;1;1;6;304;BOIS GRONEE (AVENUE DU);;;;540
201400029373;14;4;25;1610;1;2;1;1;3;547;EUROPE (BOULEVARD DE L');;;;540
201400029374;14;4;25;1915;1;2;1;1;6;184;139, FOCH (AVENUE);;;;540
201400029375;14;4;27;730;1;2;4;1;6;547;BERGER (RUE EUGENIE);;;;540
201400029376;14;4;28;1540;1;2;1;1;2;395;HAGUENAUER (RUE DU GRAND;;;;540
201400029377;14;4;28;1700;1;2;1;1;4;25;50, SAINT PHLIN (RUE DU;;;;540
201400029378;14;4;28;1920;2;2;2;2;3;526;ROUGET DE L'ISLE (RUE);;;;540
201400029379;14;4;30;1420;1;2;1;1;2;395;BLANDAN (IMPASSE ET RUE;;;;540
201400029380;14;4;30;2121;5;2;1;1;3;395;0, MOTHE (RUE DE LA);;;;540
201400029381;14;4;30;2200;5;2;1;1;6;395;0, OBERLIN (RUE);;;;540
201400029382;14;5;2;1725;1;2;1;1;2;304;SAPINIERE (RUE DE LA);;;;540
201400029383;14;5;3;1700;1;2;1;1;2;547;109, JAURES (AVENUE JEAN;;;;540
201400029384;14;5;1;610;2;1;1;1;6;304;BOIS GRONEE (AVENUE DU);;;;540
201400029385;14;5;5;1215;1;2;6;1;3;328;FRESNEL (RUE AUGUSTIN);;;;540
201400029386;14;5;5;1415;1;1;1;1;7;300;BAYON (ROUTE DE);M;4863435;625450;540
201400029387;14;5;6;1515;1;2;1;1;3;184;FOCH (AVENUE);;;;540
201400029388;14;5;6;2110;3;1;1;1;7;25;RD 126;;;;540
201400029389;14;5;11;2305;5;2;1;2;2;547;0, BARTHOU (BD LOUIS);;;;540
201400029390;14;5;12;2005;1;2;2;2;3;395;SAINT JEAN (RUE);;;;540
201400029391;14;5;15;1600;1;2;3;1;1;395;PINCHARD (AV TAMARIS;;;;540
201400029392;14;5;15;1620;1;2;1;1;6;395;SAINT DIZIER (RUE 2;;;;540
201400029393;14;5;16;745;1;2;1;1;4;526;FRATERNITE (RUE DE LA);;;;540
201400029394;14;5;16;1650;1;2;3;1;3;274;NEY (RUE DU MARECHAL);;;;540
201400029395;14;5;21;1830;1;2;1;1;4;395;248, STRASBOURG (AVENUE;;;;540
201400029396;14;5;22;1000;1;2;1;1;2;547;EUROPE (BOULEVARD DE L');;;;540
201400029397;14;5;22;1640;1;2;2;2;6;578;AIGUILLETTES  (BD 5 A 73;;;;540
201400029398;14;5;21;1852;1;2;1;2;2;547;PERI (RUE GABRIEL);;;;540
201400029399;14;5;22;1839;1;2;3;1;1;395;GRANDVILLE (RUE);;;;540
201400029400;14;5;29;1820;1;2;1;9;6;395;VOSGES (PLACE DES);;;;540
201400029401;14;5;26;750;1;2;1;8;6;395;25, LORRAIN (QUAI CLAUDE;;;;540
201400029402;14;5;26;850;1;2;1;1;3;547;19, LUXEMBOURG (RUE DU);;;;540
201400029403;14;5;27;2040;1;2;1;1;1;547;01, FRERE (RUE DU GENERA;;;;540
201400029404;14;5;27;2225;5;2;1;1;2;482;47 et 70, HUET (RUE JOSE;;;;540
201400029405;14;5;28;735;1;2;1;1;2;547;BOURGOGNE (AVENUE DE);;;;540
201400029406;14;5;30;1130;1;2;1;1;6;395;LALLEMENT (RUE LEOPOLD);;;;540
201400029407;14;6;3;420;5;2;1;1;1;395;27, STANISLAS (RUE);;;;540
201400029408;14;6;4;1700;1;2;2;1;3;395;LEOPOLD (COURS);;;;540
201400029409;14;6;5;1035;1;2;1;7;6;395;SAINT DIZIER (RUE 2 A 80;;;;540
201400029410;14;6;5;1325;1;2;3;1;1;357;REPUBLIQUE (RUE DE LA);;;;540
201400029411;14;6;5;1910;1;2;3;1;3;328;0, SAUSSI (ALLEE DU);;;;540
201400029412;14;6;7;1850;1;2;1;1;6;482;ALEXANDRE 1ER (RUE);;;;540
201400029413;14;6;7;1850;1;2;1;1;3;395;VINGT SIXIEME R.I. (BOUL;;;;540
201400029414;14;6;8;1600;1;2;1;1;3;395;BONSECOURS (RUE DE);;;;540
201400029415;14;6;10;1945;1;2;2;1;3;339;BARRES (RUE MAURICE);;;;540
201400029416;14;6;11;1825;1;2;1;7;3;328;CHAUDEAU (AVENUE DU);;;;540
201400029417;14;6;11;1935;1;2;1;1;6;482;24, ALEXANDRE 1ER (RUE);;;;540
201400029418;14;6;12;1400;1;2;1;1;6;395;QUATRE EGLISES (RUE;;;;540
201400029419;14;6;12;1415;1;2;3;1;2;395;DE LATTRE DE TASSIGNY (A;;;;540
201400029420;14;6;12;2015;1;2;1;1;4;395;314, LIBERATION (AVENUE;;;;540
201400029421;14;6;13;1135;1;2;2;1;3;328;FLEVILLE (ROUTE DE);;;;540
201400029422;14;6;15;2045;1;1;1;1;6;578;MARON (AVENUE DE);;;;540
201400029423;14;6;17;1745;1;2;1;1;4;184;SOIXANTE NEUVIEME R.I. (;;;;540
201400029424;14;6;19;1650;1;2;1;1;2;547;NORVEGE (RUE DE);;;;540
201400029425;14;6;24;2100;2;2;1;1;3;395;MON DESERT (RUE);;;;540
201400029426;14;6;20;1430;1;2;1;1;3;395;15, DE LATTRE DE TASSIGN;;;;540
201400029427;14;6;20;1248;1;2;1;1;6;184;BRIGACHTAL (AVENUE DE);;;;540
201400029428;14;6;20;1834;1;2;1;1;6;395;POINCARE (RUE RAYMOND 1-;;;;540
201400029429;14;6;22;445;5;2;1;1;7;395;SAINT GEORGES (RUE);;;;540
201400029430;14;6;24;1100;1;2;1;1;3;184;LE TRONC QUI FUME (LIEU-;;;;540
201400029431;14;6;25;900;1;2;1;1;4;547;CHARLES DE GAULLE (ROND;;;;540
201400029432;14;6;24;1700;1;2;3;1;6;526;POTIER (RUE EUGENE);;;;540
201400029433;14;6;18;1105;1;2;1;1;6;395;JARDINIERS (RUE DES;;;;540
201400029434;14;6;30;1545;1;2;2;1;3;395;HAUT-BOURGEOIS (RUE DU);;;;540
201400029435;14;7;1;1140;1;2;1;1;2;357;62, LAFAYETTE (RUE);;;;540
201400029436;14;7;1;2011;1;2;1;1;6;578;MULLER (AVENUE PAUL);;;;540
201400029437;14;7;2;2025;1;2;1;1;6;395;78, FOCH (AVENUE 2 A 16/;;;;540
201400029438;14;7;5;1955;1;2;1;1;3;328;PASTEUR (RUE LOUIS);;;;540
201400029439;14;7;6;1245;1;2;1;2;3;257;0, SONGEUR (RUE LEON);;;;540
201400029440;14;7;7;1920;1;2;1;2;1;547;BOIS LE DUC (RUE DU);;;;540
201400029441;14;7;8;1405;1;2;3;1;6;395;FOLLER (RUE);;;;540
201400029442;14;7;8;2250;5;2;3;9;3;578;45, AIGUILLETTES  (BD 5;;;;540
201400029443;14;7;9;1715;1;2;2;2;3;395;VIEIL AITRE (RUE DU);;;;540
201400029444;14;7;14;1955;1;2;1;1;3;357;SEILLE (RUE DE LA);;;;540
201400029445;14;7;15;900;1;2;2;1;3;395;KENNEDY (VIADUC);;;;540
201400029446;14;7;15;1430;1;2;1;1;2;395;JUIN (AVENUE DU MARECHAL;;;;540
201400029447;14;7;15;2105;1;2;2;1;1;395;REPUBLIQUE (RUE DE LA);;;;540
201400029448;14;7;14;2;5;2;6;2;6;547;VELODROME (CARREFOUR DU);;;;540
201400029449;14;7;15;1745;1;2;3;1;3;547;LECLERC (AVENUE DU GENER;;;;540
201400029450;14;7;16;910;1;2;1;1;6;395;125, SAINT DIZIER (RUE 8;;;;540
201400029451;14;7;17;918;1;2;2;1;3;526;MILLENAIRE (BOULEVARD DU;;;;540
201400029452;14;7;18;1730;1;2;2;1;2;526;JAURES (BOULEVARD JEAN);;;;540
201400029453;14;7;18;1755;1;2;1;7;6;395;200, LIBERATION (AVENUE;;;;540
201400029454;14;7;19;1850;1;2;1;1;6;482;GAMBETTA (RUE);;;;540
201400029455;14;7;19;2028;1;2;1;1;2;395;STRASBOURG (AVENUE DE);;;;540
201400029456;14;7;21;1340;1;2;1;9;3;395;75, LOBAU (BOULEVARD);;;;540
201400029457;14;7;22;1810;1;2;3;1;3;547;16, PERSEVERANCE (RUE DE;;;;540
201400029458;14;7;22;1925;1;2;1;1;6;395;BOUDONVILLE (RUE DU MOUL;;;;540
201400029459;14;7;23;2120;5;2;2;1;3;304;FOCH (BOULEVARD MARECHAL;;;;540
201400029460;14;7;24;1340;1;1;1;1;1;25;RD 2 Bis;;;;540
201400029461;14;7;27;920;1;2;2;1;6;395;FRANCE (AVENUE ANATOLE);;;;540
201400029462;14;7;29;1305;1;2;1;1;3;395;PINCHARD (AVENUE - OMBEL;;;;540
201400029463;14;7;25;1700;1;2;1;1;6;395;103, BOUDONVILLE (Rue de;;;;540
201400029464;14;7;31;1150;1;2;1;1;2;395;POINCARE (RUE RAYMOND 1-;;;;540
201400029465;14;8;1;1523;1;2;4;1;3;395;MAC MAHON (RUE);;;;540
201400029466;14;8;1;1525;1;2;1;1;4;395;122, LOBAU (BOULEVARD);;;;540
201400029467;14;8;4;730;1;2;5;1;3;395;JAURES (BOULEVARD JEAN);;;;540
201400029468;14;8;5;1045;1;2;1;1;3;395;4, ROPARTZ (RUE GUY);;;;540
201400029469;14;8;5;1510;1;2;1;1;6;526;HERBUVAUX (PLACE RENE);;;;540
201400029470;14;8;5;1730;1;2;1;1;3;395;LEOPOLD (COURS);;;;540
201400029471;14;8;6;1130;1;2;1;1;6;184;120, SOIXANTE NEUVIEME R;;;;540
201400029472;14;8;6;1310;1;2;2;1;3;395;PALISSOT (RUE);;;;540
201400029473;14;8;11;1250;1;2;2;1;7;395;147, SAINT DIZIER (RUE 8;;;;540
201400029474;14;8;12;1550;1;2;1;1;6;395;07, TIERCELINS (RUE DES);;;;540
201400029475;14;8;12;1843;1;2;2;1;6;395;0, SAINT DIZIER (RUE 2;;;;540
201400029476;14;8;13;1600;1;2;1;3;1;547;0, JAURES (AVENUE JEAN);;;;540
201400029477;14;8;14;1800;1;2;1;1;5;25;RD 126;M;4865894;627002;540
201400029478;14;8;14;2100;2;2;1;1;6;395;0, VINGTIEME CORPS (AVEN;;;;540
201400029479;14;8;16;520;2;2;1;1;2;304;9, AIGUILLETTES  (BD 16;;;;540
201400029480;14;8;21;1445;1;2;1;1;2;395;GRANDVILLE (RUE);;;;540
201400029481;14;8;21;1530;1;2;1;1;6;395;0, MALVAL (PLACE JOSEPH);;;;540
201400029482;14;8;22;1446;1;2;1;1;3;395;0, MARIN (VIADUC LOUIS);;;;540
201400029483;14;8;22;2245;4;2;1;1;6;395;264, LECLERC (AV. DU GEN;;;;540
201400029484;14;8;23;1615;1;2;1;1;3;304;BOIS GRONEE (AVENUE DU);;;;540
201400029485;14;8;24;2335;5;2;1;1;6;578;JARDIN BOTANIQUE (RUE DU;;;;540
201400029486;14;8;25;1553;1;2;1;1;2;184;BRIGACHTAL (AVENUE DE);;;;540
201400029487;14;8;25;1623;1;2;1;1;3;328;8, BAS DE LA COTE (RUE D;;;;540
201400029488;14;8;25;1810;1;2;2;2;3;547;0, FORET DE HAYE (RUE DE;;;;540
201400029489;14;8;26;1420;1;2;1;2;1;547;0, FORET DE HAYE (RUE DE;;;;540
201400029490;14;8;27;952;1;2;6;1;3;395;0, BROT (Rond-Point Marc;;;;540
201400029491;14;8;27;1210;1;2;3;1;2;547;OPALINSKA (RUE CATHERINE;;;;540
201400029492;14;8;28;1239;1;2;2;1;3;165;0, SAINTE GENEVIEVE (RUE;;;;540
201400029493;14;8;28;1705;1;2;3;1;3;395;RUE CROIX SAINT-CLAUDE;;;;540
201400029494;14;8;29;1540;1;2;1;1;6;547;16, HOLLANDE (RUE DE);;;;540
201400029495;14;8;29;1645;1;2;1;1;4;395;0, MILLENAIRE (PONT DU);;;;540
201400029496;14;8;30;1515;1;2;1;1;6;547;28, PORTUGAL (RUE DU);;;;540
201400029497;14;9;4;318;5;2;1;1;6;197;0, RD 71;;;;540
201400029498;14;9;7;15;5;2;1;1;6;395;39, SOURCE (RUE DE LA);;;;540
201400029499;14;9;8;1135;1;1;1;1;2;257;RD 570;M;4863166;618252;540
201400029500;14;9;9;1958;2;2;1;8;7;395;114, REPUBLIQUE (RUE DE;;;;540
201400029501;14;9;10;1025;1;2;2;1;3;526;0, FRATERNITE (RUE DE LA;;;;540
201400029502;14;9;10;1215;1;2;1;1;3;300;RD 400;;;;540
201400029503;14;9;11;1645;1;2;1;1;6;395;83, POINCARE (RUE RAYMON;;;;540
201400029504;14;9;12;100;5;2;1;9;6;395;4, LA SALLE (RUE DE);;;;540
201400029505;14;9;12;810;1;2;2;1;3;395;JOFFRE (Boulevard);;;;540
201400029506;14;9;12;1010;1;2;1;1;2;395;LIBERATION (AVENUE DE LA;;;;540
201400029507;14;9;12;1730;1;2;1;1;3;395;FOLLER (RUE);;;;540
201400029508;14;9;13;905;1;2;1;1;6;395;0, DE GAULLE (PLACE DU G;;;;540
201400029509;14;9;13;2036;2;2;2;1;3;578;MULLER (AVENUE PAUL);;;;540
201400029510;14;9;16;1610;1;2;1;1;2;395;08, LAXOU (Rue de);;;;540
201400029511;14;9;17;1800;1;2;1;1;6;526;0, JAURES (BOULEVARD JEA;;;;540
201400029512;14;9;17;520;5;2;1;5;1;300;01, COTE GRISE;M;4864506;624827;540
201400029513;14;9;17;1040;1;2;2;1;7;526;JAURES (BOULEVARD JEAN);;;;540
201400029514;14;9;17;1035;1;2;1;1;6;578;92, LECLERC (AVENUE DU G;;;;540
201400029515;14;9;18;1335;1;2;1;1;6;304;EUROPE (AVENUE DE L');;;;540
201400029516;14;9;20;1355;1;2;1;1;3;395;LECLERC (AV DU GENERAL);;;;540
201400029517;14;9;20;1710;1;2;1;1;6;395;12, CHARLEMAGNE (BD);;;;540
201400029518;14;9;21;1045;1;2;2;2;3;395;MON DESERT (RUE);;;;540
201400029519;14;9;22;1320;1;2;1;1;6;395;50, MAUVAIS (RUE VIRGINI;;;;540
201400029520;14;9;22;1405;1;2;1;1;2;395;LIBERATION (AVENUE DE LA;;;;540
201400029521;14;9;22;1740;1;2;3;1;3;304;MEUSE (RUE DE LA);;;;540
201400029522;14;9;23;854;1;2;3;1;3;395;SCARPONE (BD DE);;;;540
201400029523;14;9;25;855;1;1;1;1;7;165;PAIN DE SUCRE (CHEMIN);;;;540
201400029524;14;9;26;1350;1;2;1;1;3;357;32, PATTON (AV. DU GENER;;;;540
201400029525;14;9;26;1648;1;2;1;1;7;395;3, MARTIMPREY (RUE DE);;;;540
201400029526;14;9;26;1755;1;2;1;1;6;395;0, SAINT SEBASTIEN (EGLI;;;;540
201400029527;14;9;27;1335;1;2;1;1;3;395;PINCHARD (AVENUE - TAMAR;;;;540
201400029528;14;9;27;1845;1;2;3;1;6;547;0, BRIAND (RUE ARISTIDE);;;;540
201400029529;14;9;29;815;1;2;1;1;6;395;KENNEDY (VIADUC);;;;540
201400029530;14;9;29;1945;2;2;2;1;3;395;METZ (RUE DE);;;;540
201400029531;14;9;30;1007;1;2;1;1;2;395;100, LIBERATION (AVENUE;;;;540
201400029532;14;9;30;1740;1;2;2;1;3;395;JAURES (BOULEVARD JEAN);;;;540
201400029533;14;10;2;830;1;2;1;1;3;304;ARCHAMBAULT (RUE DU DOCT;;;;540
201400029534;14;10;3;1655;1;2;3;1;6;395;CHANZY (RUE DE);;;;540
201400029535;14;10;4;2005;5;2;2;1;1;526;RD 2 BIS;;;;540
201400029536;14;10;6;730;1;2;2;1;3;395;KLEBER (RUE);;;;540
201400029537;14;10;6;1240;1;2;3;1;3;578;AVIATION (ROUTE DE L');;;;540
201400029538;14;10;6;1815;1;2;1;1;2;184;BRIGACHTAL (AVENUE DE);;;;540
201400029539;14;10;6;1850;1;2;1;1;1;395;COURNAULT (RUE ETIENNE);;;;540
201400029540;14;10;7;1638;1;2;1;2;6;395;BAILLY (RUE);;;;540
201400029541;14;10;8;730;5;2;1;1;7;395;SELLIER (RUE);;;;540
201400029542;14;10;7;1420;1;2;1;1;3;395;SERRE (RUE DE);;;;540
201400029543;14;10;9;1340;1;2;3;3;6;482;0, SAINT LIVIER (RUE;;;;540
201400029544;14;10;10;1145;1;2;2;1;3;526;FRATERNITE (RUE DE LA);;;;540
201400029545;14;10;10;1730;2;2;1;1;6;395;BRABOIS (AVENUE DE);;;;540
201400029546;14;10;10;2005;5;2;2;2;3;395;CALLOT (RUE);;;;540
201400029547;14;10;12;455;5;2;1;5;6;395;ARC ( RUE JEANNE D'N;;;;540
201400029548;14;10;12;1525;1;2;1;2;6;395;TOMBLAINE (RUE DE);;;;540
201400029549;14;10;13;1930;2;2;1;1;6;395;0, SAINTE CATHERINE (QUA;;;;540
201400029550;14;10;13;735;1;2;4;2;6;395;LIBERATION (AVENUE DE LA;;;;540
201400029551;14;10;13;750;1;2;1;1;6;395;37, KLEBER (RUE);;;;540
201400029552;14;10;13;1040;1;2;1;1;2;395;56, BOUDONVILLE (Rue de);;;;540
201400029553;14;10;13;1530;1;2;2;1;6;395;SENN (RUE DU RECTEUR);;;;540
201400029554;14;10;13;1940;5;2;1;1;6;395;70, JARDINIERS (RUE DES;;;;540
201400029555;14;10;14;1200;1;2;1;1;1;395;BATAILLE (QUAI DE LA);;;;540
201400029556;14;10;14;1705;1;2;3;1;3;578;MULLER (AVENUE PAUL);;;;540
201400029557;14;10;14;1730;1;2;1;1;6;274;GOUNOD (RUE CHARLES);;;;540
201400029558;14;10;15;2250;5;2;1;8;6;547;BARTHOU (BD LOUIS);;;;540
201400029559;14;10;17;1645;1;2;2;1;3;578;MULLER (AVENUE PAUL);;;;540
201400029560;14;10;17;1715;1;2;1;1;2;328;MESSEIN (ROUTE DE);;;;540
201400029561;14;10;21;1215;1;2;1;1;5;304;RESISTANCE (AV. DE LA -P;;;;540
201400029562;14;10;21;1705;1;2;1;2;5;547;FORET DE HAYE (RUE DE LA;;;;540
201400029563;14;10;21;2045;5;2;1;1;2;547;BERGER (RUE EUGENIE);;;;540
201400029564;14;10;22;1430;1;2;1;1;3;547;PERI (RUE GABRIEL);;;;540
201400029565;14;10;24;1015;1;2;1;1;6;395;0, DE LATTRE DE TASSIGNY;;;;540
201400029566;14;10;25;1945;5;2;1;1;6;395;5, ROPARTZ (RUE GUY);;;;540
201400029567;14;10;27;1850;5;2;1;1;3;395;69, BOUFFLERS (AVENUE) D;;;;540
201400029568;14;10;31;600;5;2;2;1;3;395;ALBERT 1ER  (BD);;;;540
201400029569;14;11;2;1745;5;2;2;1;3;395;MON DESERT (RUE);;;;540
201400029570;14;11;4;550;5;2;1;2;3;304;SAPINIERE (RUE DE LA);;;;540
201400029571;14;11;4;1205;1;2;1;3;2;339;EGLISE (RUE DE L');;;;540
201400029572;14;11;4;1835;5;2;1;3;2;547;MIRECOURT (ROUTE DE);;;;540
201400029573;14;11;4;2210;5;2;2;2;3;395;LECLERC (AV DU GENERAL);;;;540
201400029574;14;11;5;1350;1;2;1;1;6;395;PINCHARD (AVENUE   TAMAR;;;;540
201400029575;14;11;8;800;1;2;1;1;4;395;LIBERATION (AVENUE DE LA;;;;540
201400029576;14;11;8;1600;1;2;1;1;4;547;MIRECOURT (ROUTE DE);;;;540
201400029577;14;11;10;1920;5;2;3;1;6;395;0, KELLER (RUE CHARLES);;;;540
201400029578;14;11;11;930;1;2;1;2;5;328;276, MONT (RUE DU);;;;540
201400029579;14;11;11;1035;1;2;1;1;6;547;0, EUROPE (BOULEVARD DE;;;;540
201400029580;14;11;14;830;2;2;1;5;3;547;BOURGOGNE (AVENUE DE);;;;540
201400029581;14;11;14;1040;1;2;1;1;3;304;SAPINIERE (RUE DE LA);;;;540
201400029582;14;11;14;1215;1;2;1;1;6;395;HUGO (RUE VICTOR);;;;540
201400029583;14;11;15;2020;5;2;1;2;6;395;37, MIRECOURT (ROUTE DE);;;;540
201400029584;14;11;16;1910;2;2;2;2;3;395;MOUILLERON (RUE GABRIEL);;;;540
201400029585;14;11;18;1240;1;2;1;1;6;395;47, COMMANDERIE (RUE/PLA;;;;540
201400029586;14;11;20;1640;2;2;3;1;3;274;SONGEUR (RUE LEON);;;;540
201400029587;14;11;17;1915;5;2;1;2;2;395;79, SAINT NICOLAS (RUE R;;;;540
201400029588;14;11;19;1220;1;2;1;1;6;526;POTIER (RUE EUGENE);;;;540
201400029589;14;11;24;740;1;2;1;1;3;184;SAULXURES (AVENUE DE);;;;540
201400029590;14;11;24;1449;1;2;2;1;3;395;MOUILLERON (RUE GABRIEL);;;;540
201400029591;14;11;25;1700;5;2;1;1;6;395;236, BOUFFLERS (AV. DE 7;;;;540
201400029592;14;11;25;1705;5;2;3;1;6;257;BREST (RUE DE);;;;540
201400029593;14;11;25;1715;5;2;3;1;1;547;GEMBLOUX (RUE DE);;;;540
201400029594;14;11;25;1750;2;2;3;1;3;357;JUSTICE (RUE DE LA);;;;540
201400029595;14;11;21;1300;1;2;1;1;6;395;THEURIET (RUE ANDRE);;;;540
201400029596;14;11;28;1520;1;2;1;1;4;395;MILLENAIRE (PONT DU);;;;540
201400029597;14;12;1;1803;5;2;2;1;6;395;LEOPOLD (COURS);;;;540
201400029598;14;12;2;1740;5;2;1;2;6;395;0, HAGUENAUER (RUE DU GR;;;;540
201400029599;14;12;3;1540;1;2;1;1;3;328;TECHNOLOGIES (BOULEVARD;;;;540
201400029600;14;12;5;200;5;2;1;2;6;395;STANISLAS (PLACE ET PORT;;;;540
201400029601;14;12;5;1210;1;2;1;8;3;304;QUATRE VENTS (AVENUE DES;;;;540
201400029602;14;12;5;1415;1;2;1;1;4;395;FAUBOURG DES TROIS MAISO;;;;540
201400029603;14;12;6;230;5;2;1;2;6;339;EGLISE (RUE DE L');;;;540
201400029604;14;12;8;750;2;2;1;1;6;257;BREST (RUE DE);;;;540
201400029605;14;12;8;1457;1;2;3;1;3;395;VILLERS (RUE DE);;;;540
201400029606;14;12;9;735;1;2;1;1;3;339;28, REPUBLIQUE (RUE DE L;;;;540
201400029607;14;12;9;1415;1;2;2;1;6;395;GAMBETTA (RUE);;;;540
201400029608;14;12;10;815;1;2;3;2;6;395;0, CARMES (RUE DES);;;;540
201400029609;14;12;11;1525;1;2;1;2;6;395;LOBAU (BOULEVARD);;;;540
201400029610;14;12;11;2210;5;1;1;2;7;25;;;;;540
201400029611;14;12;12;115;5;2;1;1;4;395;24, DESILLES (RUE);;;;540
201400029612;14;12;12;745;2;2;1;1;6;395;MULHOUSE (RUE DE);;;;540
201400029613;14;12;12;800;1;2;1;1;6;395;COMMANDERIE (RUE/PLACE D;;;;540
201400029614;14;12;12;845;1;2;3;1;3;526;TOLSTOI (BOULEVARD);;;;540
201400029615;14;12;12;900;1;2;1;1;6;547;10, THIERRY (RUE LOUIS);;;;540
201400029616;14;12;13;1815;5;2;1;2;3;300;ART-SUR-MEURTHE (ROUTE E;;;;540
201400029617;14;12;14;1655;5;2;1;2;6;395;MAZAGRAN (RUE);;;;540
201400029618;14;12;15;1030;1;2;1;1;6;395;77, CROSNE (RUE DU);;;;540
201400029619;14;12;16;1752;5;2;1;1;2;395;52, LOBAU (BOULEVARD);;;;540
201400029620;14;12;18;650;5;2;3;8;6;395;FOCH (AVENUE 18 ET 9 A F;;;;540
201400029621;14;12;18;1700;5;2;1;2;4;547;EUROPE (BOULEVARD DE L');;;;540
201400029622;14;12;18;2025;5;2;3;3;2;395;DE LATTRE DE TASSIGNY (A;;;;540
201400029623;14;12;19;733;1;2;1;2;1;25;CHARTREUSE (AVENUE DE LA;;;;540