num_acc;an;mois;jour;hrmn;lum;agg;int;atm;col;com;adr;gps;lat;long;dep
201400029624;14;12;20;1010;1;2;1;1;6;395;26, SAINT LEON (RUE ET E;;;;540
201400029625;14;12;20;1130;1;2;1;1;2;395;122, STRASBOURG (AVENUE;;;;540
201400029626;14;12;22;1600;2;2;1;1;6;395;MAUVAIS (RUE VIRGINIE);;;;540
201400029627;14;12;22;1610;1;2;1;1;2;274;GOUNOD (RUE CHARLES);;;;540
201400029628;14;12;23;1341;1;2;2;1;3;482;GAMBETTA (RUE);;;;540
201400029629;14;12;23;1635;5;2;1;1;2;547;10, PORTUGAL (RUE DU);;;;540
201400029630;14;12;25;1140;1;2;2;1;3;395;38, JAURES (BOULEVARD JE;;;;540
201400029631;14;12;17;1320;1;2;1;2;3;357;32, PATTON (AV. DU GENER;;;;540
201400029632;14;12;19;1000;1;2;2;1;6;395;52, DEGLIN (RUE HENRI);;;;540
201400029633;14;12;27;1810;3;2;3;4;3;547;CARNOT (RUE);;;;540
201400029634;14;1;16;1746;5;2;1;1;6;431;Camille CAVALIER (AVENUE;M;4889544;605213;540
201400029635;14;9;30;1900;2;1;1;1;3;431;RD 657 CHAMPEY;;;;540
201400029636;14;1;22;1205;1;2;3;1;6;431;DAMAY (RUE);;;;540
201400029637;14;2;3;810;1;1;1;9;6;431;RD 657 CHAMPEY;M;4894344;606345;540
201400029638;14;4;24;1008;1;2;1;1;3;431;1, EUROPE (AVENUE DE L');M;4891680;606452;540
201400029639;14;4;29;1724;1;2;1;1;4;431;BRIEY (ROUTE DE);M;4890957;603888;540
201400029640;14;5;17;1025;1;2;4;1;3;79;18, SAINT-MARTIN (RUE);;;;540
201400029641;14;5;23;855;1;1;4;1;2;431;1006, NORROY (ROUTE DE);M;4892811;603815;540
201400029642;14;6;15;1240;1;1;9;1;7;431;RD 657 CHAMPEY;M;4894320;606330;540
201400029643;14;7;8;1550;1;1;1;1;1;375;RD 958 COTES SAINT-PIERR;M;4889922;599325;540
201400029644;14;9;27;1710;1;1;1;1;7;431;RD 657 CHAMPEY;M;4893187;606366;540
201400029645;14;11;9;1650;2;1;2;2;3;431;RD 657 CHAMPEY;M;4891952;606321;540
201400029646;14;11;12;1658;2;2;1;8;6;431;25, HUGO (RUE VICTOR);M;4890217;605269;540
201400029647;14;11;29;2250;5;1;1;1;6;79;RD 657;M;4886500;607131;540
201400029648;14;1;24;1320;1;2;1;1;6;528;28, FOCH (AVENUE);;;;540
201400029649;14;1;28;1900;3;1;3;1;3;174;RD11B/RD11C;M;4866724;585373;540
201400029650;14;2;7;1205;1;1;3;1;3;528;GENERAL BIGEARD (AVENUE);;;;540
201400029651;14;2;23;1900;5;2;2;1;3;528;GENERAL BIGEARD (AVENUE);M;4866448;588879;540
201400029652;14;3;13;1215;1;1;3;1;2;528;RD904;M;4871501;587560;540
201400029653;14;3;26;1705;1;2;3;1;6;528;VICTOR HUGO (AVENUE);;;;540
201400029654;14;4;2;850;1;2;3;1;6;528;DROUAS;;;;540
201400029655;14;4;16;2030;2;2;1;1;6;528;67, ALBERT DENIS;;;;540
201400029656;14;4;23;1630;1;1;1;1;6;528;VILLEY SAINT ETIENNE (RO;;;;540
201400029657;14;5;9;1650;1;2;1;1;3;528;COLONEL GRANDVAL (AVENUE;;;;540
201400029658;14;7;6;1525;1;2;2;1;3;528;PAUL KELLER;;;;540
201400029659;14;8;23;1;3;1;1;1;6;174;PLATEAU;;;;540
201400029660;14;10;23;1125;1;1;1;1;1;528;D611;M;4869450;590472;540
201400029661;14;12;20;2140;5;2;1;8;1;167;FOCH (AVENUE);;;;540
201400029662;14;12;19;1720;2;1;4;2;1;580;GAMBETTA (RUE);M;4946960;591920;540
201400029663;14;1;11;1130;1;1;1;1;7;575;DEPARTEMENTALE 26 (ROUTE;;;;540
201400029664;14;4;1;532;2;1;1;1;7;270;D26 (CHEMIN DEPARTEMENTA;M;4949046;587095;540
201400029665;14;5;5;1500;1;1;1;1;2;575;NATIONALE 52 (ROUTE);M;4947209;583587;540
201400029666;14;6;20;2100;1;2;1;1;1;580;4, AUDUN (ROUTE D');;;;540
201400029667;14;6;21;1805;1;1;1;1;7;575;NATIONALE 52 (ROUTE);M;4947561;583054;540
201400029668;14;6;21;945;1;2;1;1;2;580;0, LEBRUN ALBERT (RUE);;;;540
201400029669;14;8;16;1810;1;2;2;1;7;521;PETIT BOIS (CHEMIN DU);;;;540
201400029670;14;10;7;1150;1;1;1;8;7;270;D26 (CHEMIN DEPARTEMENTA;M;4948482;586614;540
201400029671;14;10;12;1530;1;2;2;1;1;580;1, CHANOIR (CARREFOUR);;;;540
201400029672;14;10;27;2310;3;1;1;1;2;525;NATIONALE 52 (ROUTE);M;4945384;587469;540
201400029673;14;12;14;910;1;1;1;1;4;575;NATIONALE 52 (ROUTE);M;4948345;581584;540
201400029674;14;2;20;2135;3;1;6;1;6;302;RN135;;;;550
201400029675;14;2;27;1525;1;2;1;3;6;29;28, ROCHELLE ( BOULEVARD;;;;550
201400029676;14;4;23;1655;1;2;1;1;3;29;57, POINCARE ( BOULEVARD;;;;550
201400029677;14;4;10;1630;1;2;2;1;5;476;PONT DAMMARIE (ROUTE DU);;;;550
201400029678;14;6;10;1312;1;2;3;1;3;29;1, WEISS ( RUE LOUISE );;;;550
201400029679;14;6;20;1540;1;2;1;1;7;29;10-12, VERDUN ( RUE DE );;;;550
201400029680;14;8;24;620;3;1;1;1;7;186;D146;;;;550
201400029681;14;9;1;815;1;1;1;1;1;29;RD 635;;;;550
201400029682;14;1;14;1150;1;2;1;1;7;545;GRAND BAYARD ( DU );;;;550
201400029683;14;4;17;1545;1;2;1;1;7;545;ARGONNE ( ROUTE DE L' );;;;550
201400029684;14;6;2;1515;1;2;1;1;1;545;86, BRIOLET ( DU );;;;550
201400029685;14;6;4;2025;1;2;1;1;7;545;CITADELLE   (BOULEVARD D;;;;550
201400029686;14;7;11;1450;1;1;1;1;1;545;0, ARGONNE ( ROUTE DE L';;;;550
201400029687;14;9;24;1215;1;2;1;1;3;545;METZ ( AVENUE DE );;;;550
201400029688;14;9;26;1300;1;2;1;1;7;545;MAURICE GENEVOIX ( PLACE;;;;550
201400029689;14;10;4;1450;1;2;1;1;4;545;ETAIN ( AVENUE D' );;;;550
201400029690;14;11;20;1845;5;2;2;1;3;545;MIRIBEL ( AVENUE );;;;550
201400029691;14;12;19;1820;5;2;1;2;2;545;METZ ( AVENUE DE );;;;550
201400029692;14;1;6;1700;2;2;1;1;3;98;Giratoire 18 juin;M;4776298;-332871;560
201400029693;14;1;8;830;5;2;2;8;3;121;0, CARNOT (RUE  LAZARE );M;4774189;-336142;560
201400029694;14;1;9;1522;4;2;1;1;7;121;40, MERVILLE (RUE  JEAN;M;4774490;-337776;560
201400029695;14;1;16;1135;2;2;1;1;7;83;0, BRUANT ( AV. ARISTIDE;M;4780028;-326143;560
201400029696;14;1;16;1855;5;2;1;1;7;121;0, TOULLEC (RUE  FRANCOI;M;4773284;-338192;560
201400029697;14;1;17;1051;1;2;3;1;7;121;0, PUCE QUI RENIFLE ( PT;M;4773895;-338084;560
201400029698;14;1;18;1030;1;2;1;2;3;121;78, MULLER ( DU COLONEL;M;4776451;-339831;560
201400029699;14;1;18;1534;1;2;1;3;5;121;0, RD 465;;;;560
201400029700;14;1;20;805;3;1;1;1;5;121;0, RN 465 (DESSERTE PORT;M;4773580;-337040;560
201400029701;14;1;21;638;5;2;2;1;3;121;0, VILLENEUVE (RUE  DE L;M;4775222;-337823;560
201400029702;14;1;17;1701;2;2;1;1;7;121;0, RD 465;M;4774867;-338759;560
201400029703;14;1;24;1615;1;2;1;2;7;83;144, VAILLANT ( AV. EDOU;M;4782351;-324972;560
201400029704;14;1;24;1830;5;2;1;2;5;121;ORADOUR SUR GLANE ( BD D;M;4775452;-337135;560
201400029705;14;1;24;1850;5;2;1;1;3;98;30, MITTERAND ( AV. FRAN;M;4776607;-333295;560
201400029706;14;1;30;1130;1;2;1;1;3;98;0, LE COUTALLER (RUE  JE;M;4775970;-333101;560
201400029707;14;2;1;1850;5;2;1;2;3;121;0, BLUM ( BD LEON );M;4775224;-337090;560
201400029708;14;2;4;2005;5;2;1;3;7;121;7, DELESSERT (RUE  BENJA;M;4774711;-336736;560
201400029709;14;2;6;1950;5;2;1;2;7;98;0, DE GAULLE ( AV. GENER;M;4775939;-332653;560
201400029710;14;2;8;1735;1;2;1;9;7;98;112, JAURES (RUE  JEAN );M;4776697;-335561;560
201400029711;14;2;13;1705;1;2;3;1;3;98;0, FABIEN ( AV. DU COLON;M;4776191;-334223;560
201400029712;14;2;17;1915;2;2;1;1;3;121;0, KERVENANEC (RUE  DE );M;4773698;-339749;560
201400029713;14;2;18;1055;1;2;3;1;5;98;avenue du fouedic;M;4774610;-336719;560
201400029714;14;2;20;1643;1;2;1;1;3;121;0, FRANCE ( AVE ANATOLE;M;4774680;-336623;560
201400029715;14;2;21;1815;2;1;1;1;5;121;0, DESSERTE PORTUAIRE (R;M;4773565;-337467;560
201400029716;14;2;22;1430;1;2;1;1;3;121;0, ROUX (RUE  DOCTEUR );M;4775696;-336329;560
201400029717;14;2;26;1645;1;2;1;1;3;121;0, FRANCE ( AVE ANATOLE;M;4774711;-336576;560
201400029718;14;3;3;630;3;2;1;3;2;121;0, DESSERTE PORTUAIRE (R;M;4773623;-337591;560
201400029719;14;3;4;1515;1;2;1;1;2;121;0, DUGUAY-TROUIN (RUE RE;M;4774301;-336590;560
201400029720;14;3;4;1555;1;2;1;2;3;121;0, FRANCE ( AVE ANATOLE;M;4774547;-336783;560
201400029721;14;3;5;1940;5;2;1;1;7;98;65, REPUBLIQUE (RUE DE L;M;4775768;-334060;560
201400029722;14;3;6;2333;4;2;1;1;7;121;0, ASSEMBLEE-NATIONALE (;M;4774826;-336383;560
201400029723;14;3;8;1620;1;2;3;1;5;83;0, VAILLANT ( AV. EDOUAR;;;;560
201400029724;14;3;9;1235;1;2;1;1;3;121;0, CARNEL (RUE  DE );M;4773870;-336866;560
201400029725;14;3;11;1855;1;1;1;1;2;83;0, LOCOYARNE (LIEU-DIT);;;;560
201400029726;14;3;15;440;3;1;1;1;7;121;0, RD 465;M;4776440;-337975;560
201400029727;14;3;17;1145;1;2;1;1;7;121;0, CHAZELLES ( COURS LOU;M;4775235;-336145;560
201400029728;14;3;22;2345;5;2;2;2;3;121;0, BLUM ( BD LEON );M;4775136;-337166;560
201400029729;14;3;25;1750;1;2;1;2;6;121;0, NAYEL ( ET PLACE AUGU;M;4774696;-336131;560
201400029730;14;3;28;435;3;1;1;1;7;162;0, 152 (ROUTE DEPARTEMEN;;;;560
201400029731;14;4;5;2255;5;2;1;1;7;162;0, KERSCOUET;;;;560
201400029732;14;4;6;1400;1;2;2;1;3;98;0, COMMUNE DE PARIS ( AV;M;4777191;-333876;560
201400029733;14;4;6;1920;1;2;3;1;3;121;0, CARNOT (RUE  LAZARE );M;4774191;-336140;560
201400029734;14;4;6;112;5;2;1;1;7;121;0, FERRY ( PL. JULES );M;4774616;-336440;560
201400029735;14;4;9;2025;2;2;1;1;7;83;0, PORT LOUIS ( ROUTE);M;4780331;-327857;560
201400029736;14;4;11;845;1;1;1;1;3;121;0, ROHAN ( Q DE );M;4774531;-336165;560
201400029737;14;4;10;1505;1;2;1;1;7;121;40, KERGUESTENEN (RUE  D;M;4774975;-339433;560
201400029738;14;4;14;2155;5;2;1;1;7;121;11, TOURTERELLES (RUE ET;M;4773513;-339068;560
201400029739;14;4;15;840;1;2;9;1;7;121;2 A, DUNANT (RUE  HENRI;M;4775155;-337708;560
201400029740;14;4;15;1730;1;2;1;1;7;121;0, ALSACE-LORRAINE  ( PL;M;4774982;-336209;560
201400029741;14;4;15;1930;1;2;1;1;7;121;52, COSMAO-DUMANOIR ( BD;M;4775405;-336723;560
201400029742;14;4;16;1707;1;2;1;1;3;83;0, ZOLA ( IMP. ET RUE EM;M;4780375;-326800;560
201400029743;14;4;17;733;1;2;1;1;1;121;0, KERLIN (RUE  DE );M;4774775;-337797;560
201400029744;14;4;17;1128;1;2;1;1;2;121;19, MERVILLE (RUE  JEAN;M;4774509;-337660;560
201400029745;14;4;17;1407;1;1;1;1;7;107;0, DAME (PLACE NOTRE);M;4770636;-338494;560
201400029746;14;4;18;1815;1;1;1;1;5;121;0, RD 465;M;4775813;-338458;560
201400029747;14;4;19;1450;1;2;1;1;7;121;21, JOLIOT-CURIE (RUE  I;M;4774747;-338288;560
201400029748;14;4;22;1814;1;1;1;1;5;121;0, DESSERTE PORTUAIRE (R;M;4773589;-337012;560
201400029749;14;4;23;1620;1;2;3;3;3;162;0, FORT BLOQUE (RUE DU);M;4773664;-343528;560
201400029750;14;4;26;1210;1;2;3;1;3;121;0, MARNE ( AV DE LA );M;4774276;-336830;560
201400029751;14;5;9;1714;1;1;1;1;5;98;0, RN 165;;;;560
201400029752;14;5;11;1645;1;2;1;1;2;107;0, BEG TAL MEN (RUE);M;4770519;-338424;560
201400029753;14;5;16;1710;1;2;2;1;3;98;0, CHEVAL BLANC ( AV. DU;M;4776790;-335128;560
201400029754;14;5;17;1705;1;1;1;1;7;162;0, KAOLINS (PLAGE DES );M;4772339;-348475;560
201400029755;14;5;19;1041;1;2;1;1;7;121;37, SANGNIER (RUE  MARC;M;4774722;-337402;560
201400029756;14;5;20;1616;1;2;1;1;7;162;2, QUEVEN (ROUTE DE);M;4773732;-342873;560
201400029757;14;5;20;1632;1;2;1;1;7;121;0, GAMBETTA (RUE LEON);M;4774490;-336364;560
201400029758;14;5;23;1400;1;2;1;1;2;83;0, RESISTANCE (AVENUE  D;M;4781553;-324393;560
201400029759;14;5;25;2030;2;1;1;1;7;107;0, BRISE (IMPASSE DE LA);M;4770717;-338401;560
201400029760;14;5;26;1350;1;2;1;1;7;121;0, JACOB ( RP. MAX );M;4775424;-338334;560
201400029761;14;5;27;1535;1;2;1;1;7;107;0, NOURRIGUEL (PLACE DE;M;4771126;-337581;560
201400029762;14;5;28;1611;1;1;1;1;3;162;0, D 162;;;;560
201400029763;14;5;31;450;3;1;1;1;2;162;0, MOULIN DU TER;M;4773049;-339910;560
201400029764;14;6;4;1723;1;1;1;1;7;98;0, BOLLARDIERE (RUE  GEN;M;4777788;-334360;560
201400029765;14;6;6;1440;1;2;1;1;7;98;, SAKHAROV (RUE  ANDRE;M;4777709;-334258;560
201400029766;14;6;6;1830;1;2;1;1;3;121;0, SCORFF ( BD DU );M;4776410;-336785;560
201400029767;14;6;6;2215;3;2;1;1;7;98;09, JAURES (RUE  JEAN );M;4776259;-336274;560
201400029768;14;6;8;1610;1;2;1;1;7;107;0, KERGALAN OU CD 185 (D;M;4771237;-341561;560
201400029769;14;6;10;955;1;2;1;1;7;98;0, MAURIAC (RUE  FRANCOI;M;4776528;-334828;560
201400029770;14;6;11;1210;1;2;3;1;3;83;0, KERPOTENCE (RUE  DE );M;4781545;-324391;560
201400029771;14;6;11;1845;1;2;1;1;3;121;43, DUPUY DE LOME ( ET I;M;4774154;-336425;560
201400029772;14;6;14;1050;1;2;1;1;7;121;0, JAURES ( AVE JEAN );M;4774534;-336906;560
201400029773;14;6;17;2005;1;2;1;7;3;121;2, ROBESPIERRE ( AV MAXI;M;4776845;-334424;560
201400029774;14;6;18;2215;3;1;1;1;7;107;0, KERGALAN OU CD 185 (D;M;4770778;-341432;560
201400029775;14;6;19;1825;1;2;1;1;3;121;0, TOULLEC (RUE  FRANCOI;M;4773236;-337938;560
201400029776;14;6;23;1015;1;2;1;1;7;121;0, BOVE ( COURS DE LA );M;4774771;-335908;560
201400029777;14;6;23;1715;1;2;1;1;1;107;0, BRUYERES (RUE DES);M;4772438;-338259;560
201400029778;14;6;25;1230;1;2;1;1;3;121;1, KEROLAY (RUE  DE );M;4773958;-337394;560
201400029779;14;6;26;1845;1;2;1;1;5;83;0, ALLENDE ( AV. PRES. S;M;4780602;-325976;560
201400029780;14;6;30;1140;1;2;1;1;7;121;0, MULLER ( DU COLONEL J;M;4776481;-339851;560
201400029781;14;7;1;1810;1;1;1;1;7;162;., MOULIN DU TER;M;4773285;-340405;560
201400029782;14;7;3;855;1;2;3;1;3;121;0, COURBET (RUE  AMIRAL;M;4774396;-336376;560
201400029783;14;7;4;1830;1;2;6;1;3;121;., KERYADO ( RD-PT DE );M;4776603;-340096;560
201400029784;14;7;4;1955;1;2;1;1;7;98;., CROIZAT ( AVE AMBROIS;M;4777623;-334503;560
201400029785;14;7;5;2215;2;1;1;1;7;83;., LOCOYARNE ( R-P DE );M;4779121;-327678;560
201400029786;14;7;6;655;1;2;1;1;7;121;17, CORRE (RUE  EMILE );M;4774479;-335887;560
201400029787;14;7;9;1810;1;2;1;1;7;121;., CHENAILLER DIT COLONE;M;4773341;-338566;560
201400029788;14;7;9;1902;1;2;2;1;3;162;., VENTURA (RUE LINO);M;4774110;-343116;560
201400029789;14;7;10;1730;1;2;1;1;7;121;., QUEUDET ( AV RAYMOND;M;4775927;-339173;560
201400029790;14;7;14;2125;1;1;1;1;7;83;ROUTE NATIONALE  165;;;;560
201400029791;14;7;18;936;1;2;1;1;1;121;., SCHWEITZER (RUE  DOCT;M;4775527;-335711;560
201400029792;14;7;21;1405;1;2;1;1;7;121;8, BERTHO (RUE  PAUL );M;4775768;-336693;560
201400029793;14;7;21;1750;1;2;1;1;3;121;2, NORMANDIE ( BD ET IMP;M;4775988;-336613;560
201400029794;14;7;23;1608;1;2;1;1;1;162;., KERBERNES;M;4773755;-339992;560
201400029795;14;7;29;1900;1;2;1;1;3;98;0, LANN-SEVELIN (ROND PO;M;4777805;-334383;560
201400029796;14;7;30;1800;1;1;1;1;5;107;., ROUTE DEPARTEMENTALE;;;;560
201400029797;14;8;1;1345;1;2;1;1;7;121;19, KERFICHANT (RUE);M;4774999;-338350;560
201400029798;14;8;3;128;5;2;1;1;7;121;2, FAOUEDIC ( AVE DU );M;4774776;-336485;560
201400029799;14;8;4;1935;1;2;1;1;3;121;0, BELGIQUE (RUE  DE );M;4775859;-337745;560
201400029800;14;8;6;2215;5;2;1;1;7;121;0, GUIEYSSE (RUE  PAUL );M;4775726;-336880;560
201400029801;14;8;8;1050;1;2;2;8;7;121;18, CHAZELLES ( COURS LO;M;4775375;-336246;560
201400029802;14;8;9;2200;5;2;1;1;2;121;137, BELGIQUE (RUE  DE );M;4776076;-338491;560
201400029803;14;8;10;810;1;2;1;1;7;98;0, LANN-SEVELIN (ROND PO;M;4777744;-334454;560
201400029804;14;8;10;1005;1;2;1;2;7;98;78, CROIZAT ( AVE AMBROI;M;4777382;-334695;560
201400029805;14;8;10;1055;1;2;1;1;7;121;198, BELGIQUE (RUE  DE );M;4776143;-338792;560
201400029806;14;8;11;1855;1;1;1;1;3;83;0, VILLENEUVE ST-CARADEC;M;4782218;-328953;560
201400029807;14;8;12;840;1;2;1;1;3;162;0, CORNOUAILLE (RUE DES);M;4773246;-342572;560
201400029808;14;8;12;1945;1;2;1;1;3;121;0, FRANCE ( AVE ANATOLE;M;4774550;-336789;560
201400029809;14;8;4;1405;1;2;1;1;7;121;34, KERGUILLETTE (RUE  D;M;4776426;-339323;560
201400029810;14;8;15;1309;1;1;1;1;7;162;0, KERPAPE (ROUTE DE);M;4770586;-342071;560
201400029811;14;8;18;1610;1;1;1;1;5;98;0, RN 165;;;;560
201400029812;14;8;18;1800;1;2;1;1;3;98;78, CROIZAT ( AVE AMBROI;M;4777668;-334516;560
201400029813;14;8;23;1240;1;1;6;1;3;121;0, KERYADO ( RD-PT DE );M;4776597;-340058;560
201400029814;14;8;23;2135;5;2;1;1;7;121;0, DUGUAY-TROUIN (RUE RE;M;4774282;-336788;560
201400029815;14;8;25;1438;1;2;1;3;7;121;0, BOLLARDIERE (RUE  GEN;M;4775570;-339151;560
201400029816;14;8;25;1437;1;1;1;3;7;83;RUE DU TEMPLE;M;4782673;-328121;560
201400029817;14;8;31;2050;5;2;1;1;7;121;0, ESVELIN (RUE  MAITRE;M;4774561;-336304;560
201400029818;14;9;2;1505;1;2;1;1;2;98;57, CROIZAT ( AVE AMBROI;M;4777353;-334776;560
201400029819;14;9;4;2145;5;1;1;1;3;83;0, D 145;M;4779995;-325949;560
201400029820;14;9;5;1435;1;2;1;1;6;121;28, COSMAO-DUMANOIR ( BD;M;4775472;-336393;560
201400029821;14;9;5;1510;1;2;1;1;7;98;12, JAURES (RUE  JEAN );M;4776357;-336091;560
201400029822;14;9;6;1035;1;2;1;1;3;121;15, CHAZELLES ( COURS LO;M;4775400;-336275;560
201400029823;14;9;7;1140;1;2;2;1;2;121;GAMBETTA (RUE LEON);M;4774542;-336785;560
201400029824;14;9;9;1353;1;2;2;1;3;121;1, FERRY ( PL. JULES );M;4774684;-336603;560
201400029825;14;9;9;1424;1;2;1;1;7;121;33, BOVE ( COURS DE LA );M;4774737;-335913;560
201400029826;14;9;11;1435;1;2;1;2;6;121;185, MULLER ( DU COLONEL;M;4776974;-340726;560
201400029827;14;9;11;1720;1;2;1;1;3;121;0, FERRY ( ET IMP. JULES;M;4774770;-336487;560
201400029828;14;9;12;431;5;2;1;1;7;121;97, ROCHE (RUE  LOUIS );M;4775889;-337679;560
201400029829;14;9;14;1238;1;2;1;1;7;162;0, BRETAGNE ( PLACE DE );M;4773398;-342799;560
201400029830;14;9;17;1227;1;2;1;1;7;107;0, MINIO (RUE DU);M;4771756;-338365;560
201400029831;14;9;17;1400;1;1;1;1;6;107;0, KERHOAS (RUE DE);M;4772382;-338852;560
201400029832;14;9;19;1210;1;2;6;7;7;121;0, KENNEDY ( ET RD-PT DU;M;4776318;-338386;560
201400029833;14;9;20;1410;1;2;1;1;3;121;0, LOTE (RUE  RENE );M;4777324;-340493;560
201400029834;14;9;22;847;1;2;1;1;5;121;0, ORADOUR SUR GLANE ( B;M;4775213;-337036;560
201400029835;14;9;22;1249;1;1;1;1;7;162;0, 152 (ROUTE DEPARTEMEN;;;;560
201400029836;14;9;22;1548;1;2;1;1;7;121;0, NORMANDIE ( BD ET IMP;M;4775980;-336630;560
201400029837;14;9;25;1600;1;2;1;1;7;121;0, RADE ( BD DE LA );M;4773911;-335648;560
201400029838;14;9;27;1939;2;2;1;1;7;121;0, FRANCE ( AVE ANATOLE;M;4774562;-336774;560
201400029839;14;9;27;2030;5;2;2;1;3;121;LONDRES (RUE  DE );M;4773753;-337123;560
201400029840;14;9;29;850;1;2;6;2;3;121;0, MONISTROL (RUE);M;4773644;-338293;560
201400029841;14;9;30;1211;1;2;1;1;7;121;149, GUIEYSSE (RUE  PAUL;M;4775812;-337517;560
201400029842;14;10;1;1318;1;2;1;1;3;121;0, MULLER ( DU COLONEL J;M;4776585;-339709;560
201400029843;14;10;2;1333;1;2;2;1;3;98;0, GUERN (RUE DE LA);M;4777192;-333726;560
201400029844;14;10;3;1615;1;2;1;1;3;98;164 bis, JAURES (RUE  JE;M;4776969;-335091;560
201400029845;14;10;3;1840;1;1;1;1;2;98;RN 165;;;;560
201400029846;14;10;5;1651;1;2;1;1;7;162;1, PERELLO (ROUTE DU);M;4770205;-343220;560
201400029847;14;10;6;1209;1;2;1;1;2;98;102, SEMBAT ( ET IMP. MA;M;4776758;-334497;560
201400029848;14;10;6;1935;5;2;2;3;3;121;0, ROHAN ( Q DE );M;4774511;-336109;560
201400029849;14;10;7;930;1;2;1;1;7;83;0, FOCH ( PL. MARECHAL );M;4780560;-327474;560
201400029850;14;10;8;1305;1;2;1;1;7;98;0, BELANE (CHEMIN DU);M;4776498;-331071;560
201400029851;14;10;9;1350;1;2;1;1;7;83;128, VAILLANT ( AV. EDOU;M;4782239;-325054;560
201400029852;14;10;11;1020;1;2;1;1;3;121;58, COSMAO-DUMANOIR ( BD;M;4775400;-336760;560
201400029853;14;10;12;855;1;2;1;1;7;98;0, KERFREHOUR (RUE DE);M;4776409;-333296;560
201400029854;14;10;12;1042;1;2;1;1;5;83;0, ALLENDE ( AV. PRES. S;M;4780610;-325967;560
201400029855;14;10;13;855;1;2;1;1;3;121;0, MARESCHAL ( RUE GEORG;M;4776380;-340080;560
201400029856;14;10;13;1725;1;1;2;7;5;162;0, D 163;M;4776295;-342458;560
201400029857;14;10;14;830;2;2;3;1;7;121;0, DREYFUS (RUE  ALFRED;M;4774746;-339272;560
201400029858;14;10;16;1140;1;2;3;8;7;121;0, JOUHAUX (RUE  LEON );M;4773918;-338095;560
201400029859;14;10;17;1410;1;2;2;1;3;121;39, KERLIN (RUE  DE );M;4774720;-337643;560
201400029860;14;10;20;1721;1;2;1;8;5;83;0, ALLENDE ( AV. PRES. S;M;4780825;-325620;560
201400029861;14;10;20;1529;1;2;1;1;7;121;0, KERVARIC (ROND POINT;M;4774816;-338846;560
201400029862;14;10;25;940;1;2;1;1;3;121;110, BLUM ( BD LEON );M;4774642;-337858;560
201400029863;14;10;25;1550;1;2;1;1;7;162;40, QUEVEN (ROUTE DE);M;4774262;-342427;560
201400029864;14;10;25;2120;5;2;2;1;3;121;0, CARNOT (RUE  LAZARE );M;4774193;-336141;560
201400029865;14;10;26;1151;1;2;1;1;7;83;0, TOUL DOUAR (LIEU-DIT);M;4779184;-331065;560
201400029866;14;10;29;1508;1;2;1;1;7;121;9, INDES ( QUAI DES );M;4774622;-336103;560
201400029867;14;10;30;1345;1;2;1;1;2;121;27, KERJULAUDE ( RUE DE;M;4774418;-338116;560
201400029868;14;10;31;1055;1;2;2;1;3;121;0, ALSACE-LORRAINE  ( PL;M;4774987;-336094;560
201400029869;14;11;1;835;1;2;1;1;3;162;46, PERELLO (ROUTE DU);M;4770160;-343633;560
201400029870;14;11;1;1135;1;2;1;1;3;121;21, LECLERC ( BD GENERAL;M;4774953;-336595;560
201400029871;14;11;1;2150;3;1;1;1;7;83;0, RN 165;;;;560
201400029872;14;11;2;1835;2;2;1;1;2;98;125, JAURES (RUE  JEAN );M;4776662;-335639;560
201400029873;14;11;9;1615;1;2;1;1;7;107;0, MINIO (RUE DU);M;4771757;-338362;560
201400029874;14;11;10;1900;4;1;1;2;5;121;0, RN 465;M;4775929;-338394;560
201400029875;14;11;12;804;1;2;1;1;7;121;0, HENAFF ( ET IMP. JOSE;M;4774912;-339382;560
201400029876;14;11;12;1530;1;2;1;2;7;98;0, MAURIAC (RUE  FRANCOI;M;4776526;-334839;560
201400029877;14;11;12;1652;1;2;1;3;2;121;0, SCORFF ( BD DU );M;4776221;-336675;560
201400029878;14;11;14;750;5;2;1;1;7;98;0, MARAT (IMP JEAN PAUL);M;4776734;-333944;560
201400029879;14;11;14;1842;2;2;1;2;3;98;85, JAURES (RUE  JEAN );M;4776536;-335852;560
201400029880;14;11;15;235;5;2;1;1;7;98;0, BOLLARDIERE (RUE  GEN;M;4777756;-333987;560
201400029881;14;11;16;1255;1;2;2;1;3;83;0, ALLENDE ( AV. PRES. S;M;4781058;-325232;560
201400029882;14;11;17;755;1;2;3;1;3;121;0, GUILLEMOT (RUE  ARMAN;M;4774307;-338899;560
201400029883;14;11;18;1341;1;2;2;1;3;121;0, CLISSON (RUE ET SQUAR;M;4775049;-336297;560
201400029884;14;11;18;1614;1;2;1;1;5;83;0, VILLENEUVE ( ET IMP.;M;4779036;-327686;560
201400029885;14;11;18;1212;1;2;1;1;7;121;0, MASSENET (RUE  JULES;M;4776519;-337543;560
201400029886;14;11;19;920;1;1;1;3;7;162;0, KERGALANT;M;4771641;-341287;560