num_acc;an;mois;jour;hrmn;lum;agg;int;atm;col;com;adr;gps;lat;long;dep
201400029887;14;11;19;1630;1;2;1;8;7;121;0, BOIS-DU-CHATEAU (RUE;M;4776940;-337421;560
201400029888;14;11;19;1845;2;2;2;1;3;121;0, COURBET (RUE  AMIRAL;M;4774398;-336377;560
201400029889;14;11;21;1805;5;1;1;1;7;121;0, KENNEDY ( ET RD-PT DU;M;4776383;-337923;560
201400029890;14;11;28;1535;1;2;1;1;7;121;39, VILLENEUVE (RUE  DE;M;4775320;-337707;560
201400029891;14;11;30;1850;1;2;2;1;3;98;1, MAURICE (RUE  JEAN-MA;M;4775617;-334060;560
201400029892;14;12;2;1840;5;2;1;1;7;98;55, CROIZAT ( AVE AMBROI;M;4777329;-334744;560
201400029893;14;12;3;1735;5;2;1;1;7;121;0, LECLERC ( BD GENERAL;M;4774798;-336503;560
201400029894;14;12;5;1715;5;2;1;2;7;121;15, LE GRAND (RUE  JULES;M;4775027;-335906;560
201400029895;14;12;5;2025;3;1;1;1;7;83;0, TOUL DOUAR (RD PT);M;4779663;-330056;560
201400029896;14;12;8;720;5;1;1;2;3;98;0, 165  (ROUTE NATIONALE;M;4777797;-335620;560
201400029897;14;12;9;2130;5;2;1;2;7;162;0, OCEAN (RD L);M;4773609;-350089;560
201400029898;14;12;10;340;3;2;1;2;7;162;0, KERGOAT;;;;560
201400029899;14;12;10;835;1;2;1;1;2;83;0, RN 165;M;4778957;-327619;560
201400029900;14;12;12;1710;1;1;1;1;5;121;0, RD 465;M;4775101;-338705;560
201400029901;14;12;12;1820;3;1;1;2;2;98;0, RN 165 (PATINOIRE);;;;560
201400029902;14;12;12;2127;3;2;1;1;7;98;0, 165  (ROUTE NATIONALE;;;;560
201400029903;14;12;12;2055;5;2;1;1;3;121;0, MOUSTOIR ( RD PT DU );M;4775224;-337060;560
201400029904;14;12;15;733;5;2;1;2;7;83;0, HILLION ( AV. DU CDT;;;;560
201400029905;14;12;12;1350;1;2;1;1;7;98;0, BLUM ( ET IMP. LEON );M;4775966;-333066;560
201400029906;14;12;16;800;1;2;1;8;7;121;0, BLUM ( BD LEON );M;4774816;-337460;560
201400029907;14;12;17;1615;1;2;1;2;3;83;0, VILLENEUVE (RUE  DE L;M;4779062;-327630;560
201400029908;14;12;18;615;5;2;3;2;3;121;0, MONISTROL (RUE);M;4773336;-338535;560
201400029909;14;12;18;1040;1;2;1;1;3;121;0, KERSABIEC (RUE  DE );M;4776445;-338541;560
201400029910;14;12;21;1648;1;2;1;1;1;121;0, WINTER (RUE INGENIEUR;M;4773737;-336350;560
201400029911;14;12;22;1810;2;2;1;1;7;98;0, GIONO (RUE  JEAN );;;;560
201400029912;14;12;23;1005;1;2;1;1;7;121;7, BELLE-FONTAINE (RUE;M;4774588;-336605;560
201400029913;14;12;24;1515;1;2;1;2;7;121;0, COUEDIC (RUE  DU );M;4775046;-336301;560
201400029914;14;12;29;1130;1;2;1;7;7;121;0, GUILLEMOT (RUE  ARMAN;M;4774620;-339128;560
201400029915;14;12;29;1540;1;1;1;1;7;83;0, GARDELOUPE ( R-P DE L;M;4779939;-325997;560
201400029916;14;12;29;1609;1;1;1;1;2;162;0, KAOLINS (PLAGE DES );M;4772328;-348455;560
201400029917;14;12;29;1725;1;2;1;1;3;83;89, PASTEUR ( AVENUE );M;4780767;-328892;560
201400029918;14;12;30;715;2;2;1;1;3;98;0, CROIZAT;M;4777440;-334667;560
201400029919;14;12;31;1725;1;2;1;1;3;162;0, ECOLES (RUE DES );M;4773671;-342651;560
201400029920;14;1;23;1244;1;2;1;;6;83;177 rue Maréchal Joffre;M;4780982;-326716;560
201400029921;14;8;5;930;1;1;1;1;5;243;;M;0;0;340
201400029922;14;9;7;1300;1;1;1;1;3;152;;M;0;0;340
201400029923;14;10;9;1300;1;1;1;2;3;42;;M;0;0;340
201400029924;14;10;18;30;3;1;1;1;6;111;;M;0;0;340
201400029925;14;10;23;1200;1;1;1;1;6;42;;M;0;0;340
201400029926;14;12;14;2000;3;1;1;2;3;185;;M;0;0;340
201400029927;14;1;16;2350;5;2;1;2;7;260;WILSON(AVENUE);M;4766537;-275618;560
201400029928;14;1;2;840;1;2;6;8;6;260;JUDE(RUE DU CAPITAINE);M;4766265;-276209;560
201400029929;14;1;17;801;5;2;1;1;6;260;PAIX(BLD DE LA) 1 A 39;;;;560
201400029930;14;1;29;1650;1;2;1;1;6;260;RENAUDOT(THEOPHRASTE);M;4766184;-278874;560
201400029931;14;2;6;1350;1;2;1;2;6;260;6, POMPIDOU(AVENUE GEORG;M;4766385;-276738;560
201400029932;14;2;13;1655;1;2;1;1;6;260;RESISTANCE(BLD DE LA) 4;M;4764552;-277948;560
201400029933;14;2;20;1120;1;2;6;2;6;260;MONNET(AVENUE JEAN);M;4766272;-276228;560
201400029934;14;2;21;1655;1;2;1;1;6;260;MONSABERT(BOULEVARD DU G;M;4766096;-278107;560
201400029935;14;2;21;1955;5;2;2;1;3;260;CEZANNE(AVENUE PAUL);M;4767278;-276781;560
201400029936;14;2;25;1725;1;2;1;1;5;260;NEANT, WILSON(AVENUE);M;4766639;-275662;560
201400029937;14;2;24;1020;1;2;6;1;6;260;0, VINCIN(GIRATOIRE DU);M;4765592;-279162;560
201400029938;14;3;8;1110;1;2;9;1;3;260;MARNE(AVENUE DE LA) MAC;M;4765983;-279168;560
201400029939;14;4;6;1225;1;2;1;1;2;260;MICHELIN(AVENUE EDOUARD);M;4765970;-271856;560
201400029940;14;4;10;1355;1;2;1;1;3;260;CHURCHILL(RUE WINSTON);M;4764408;-277116;560
201400029941;14;4;25;110;5;2;1;2;1;260;PAIX(BLD DE LA) 41 A 109;M;4766089;-275448;560
201400029942;14;4;30;1745;1;2;2;1;6;260;REPUBLIQUE(PLACE DE LA);M;4765627;-275968;560
201400029943;14;5;27;1355;1;2;2;1;6;260;KERLANN(GIRATOIRE DE);M;4766018;-279052;560
201400029944;14;5;30;1635;1;2;1;1;6;260;THIERS(RUE);M;4765370;-275945;560
201400029945;14;6;3;1720;1;2;1;1;2;260;65, HERRIOT(AVENUE EDOUA;M;4773966;-337992;560
201400029946;14;3;14;1800;1;2;3;8;3;260;SAINT-LEONARD(RUE);M;4765109;-270559;560
201400029947;14;4;29;1830;1;2;1;8;6;260;IRIS(ALLEE DES);M;4767534;-276450;560
201400029948;14;5;9;1545;1;2;3;1;6;260;37, THIERS(RUE);M;4765774;-275989;560
201400029949;14;5;17;1030;1;2;6;1;3;260;CLISCOUET(GIRATOIRE);M;4763989;-276947;560
201400029950;14;6;11;1248;1;2;3;1;6;260;., PAIX(BLD DE LA) 111 A;M;4765948;-275035;560
201400029951;14;6;21;1;5;2;1;1;1;260;1, PONTIVY(BOULEVARD DE);M;4767400;-277424;560
201400029952;14;6;24;843;1;2;1;1;4;260;RN 165 -SENS NANTES / LO;;;;560
201400029953;14;7;5;1145;1;2;9;1;3;260;., MARNE(AVENUE DE LA) M;M;4765921;-277477;560
201400029954;14;8;22;400;5;2;2;1;3;260;., VERDUN(AVENUE DE);M;4766710;-273545;560
201400029955;14;9;7;233;5;2;1;1;6;260;01, SAINT-SYMPHORIEN(AVE;M;4766129;-275474;560
201400029956;14;9;5;1631;1;2;2;1;3;260;., PAIX(BLD DE LA) 111 A;M;4766138;-275708;560
201400029957;14;9;23;1535;1;2;9;1;6;260;26, ROUILLE(RUE VINCENT);M;4765670;-276609;560
201400029958;14;12;17;2100;5;2;9;1;2;260;VERDUN(AVENUE DE);M;4766715;-273548;560
201400029959;14;1;3;2010;5;2;1;8;6;260;HUGO(AVENUE VICTOR) 33 A;M;4766118;-275729;560
201400029960;14;1;22;1335;1;2;1;1;3;260;MARNE(AVENUE DE LA) MAC;M;4765986;-279187;560
201400029961;14;1;23;1531;1;2;1;1;6;260;30, HOCHE(RUE);M;4765873;-276269;560
201400029962;14;2;20;1910;5;2;2;1;3;260;BERGER(RUE DU);M;4765487;-278819;560
201400029963;14;4;16;856;1;2;1;1;2;260;JOUBAUD(RUE DES 2 FRERES;M;4766281;-275045;560
201400029964;14;7;18;1815;1;2;1;1;3;260;., KERVILER(AVENUE RENE;M;4764154;-275576;560
201400029965;14;8;13;1310;1;2;2;1;3;260;26, CEZANNE(AVENUE PAUL);M;4767639;-277284;560
201400029966;14;10;21;1410;1;2;1;1;6;260;., POMPIDOU(GIRATOIRE);M;4766588;-277061;560
201400029967;14;11;10;1045;1;2;9;1;6;260;16 TER, DECKER(RUE FRANC;M;4765846;-275509;560
201400029968;14;11;22;1035;1;2;1;8;3;260;4, SERVEL(RUE PIERRE);M;4764634;-276344;560
201400029969;14;12;19;1530;1;1;1;2;2;260;RN 165 -SENS NANTES / LO;;;;560
201400029970;14;12;14;1755;5;2;3;1;6;260;RESISTANCE(BLD DE LA) DD;M;4764206;-277565;560
201400029971;14;12;29;1040;1;2;1;7;6;260;LE BRAZ(RUE ANATOLE);M;4765939;-274683;560
201400029972;14;1;1;2200;3;1;1;2;1;139;;M;4749663;-26648;490
201400029973;14;2;27;800;2;1;1;3;1;209;;M;4761699;-19483;490
201400029974;14;5;14;1145;1;1;1;1;1;291;;M;0;0;330
201400029975;14;3;15;1045;1;2;1;1;1;327;RD 1113 PR 42+350;M;0;0;330
201400029976;14;7;14;730;2;2;1;1;6;337;AVENUE DE LA LIBERTE;M;0;0;330
201400029977;14;7;29;2030;1;1;1;1;1;355;;M;0;0;330
201400029978;14;12;21;1845;3;1;1;1;5;30;;M;0;0;330
201400029979;14;1;18;2330;5;2;3;1;3;638;ANEMONES(RUE DES);M;4920841;692820;570
201400029980;14;4;4;2245;5;2;1;1;6;227;39, NATIONALE (RUE)DU C.;;;;570
201400029981;14;3;20;1630;1;2;1;1;3;660;NATIONALE(RUE)R.SCHOENEC;;;;570
201400029982;14;5;12;1243;1;2;2;1;3;227;1A, GARDES (RUE DES);M;4919478;689288;570
201400029983;14;6;6;1708;1;2;1;1;6;227;1, SCHOENECK(RUE DE );M;4919198;690396;570
201400029984;14;7;10;1612;1;2;6;1;2;227;1, MERLEBACH (GIRATOIRE);;;;570
201400029985;14;9;25;2043;5;2;2;1;2;227;10, SPICHEREN(AVENUE DE);M;4918665;690250;570
201400029986;14;9;22;820;1;2;1;1;6;660;0, KIND (RUE DE L'INGENI;M;4920275;693125;570
201400029987;14;10;31;1458;1;2;1;1;6;227;ST REMY(AV.)R.DE LA CHAP;;;;570
201400029988;14;11;30;1350;1;2;2;1;3;227;56, LECLERC (AVENUE MARE;M;4918805;691766;570
201400029989;14;12;18;1730;5;2;2;2;3;660;271, BURGER (RUE JEAN );M;4920140;693315;570
201400029990;14;1;1;30;5;2;1;1;6;240;14, KLOSTER (RUE EUGENE);M;4914859;681777;570
201400029991;14;1;20;1550;2;1;1;2;6;240;CD 26;M;4915199;678984;570
201400029992;14;2;25;1145;1;2;1;1;6;240;07, REPUBLIQUE (AVENUE D;M;4914275;679906;570
201400029993;14;3;2;1635;1;2;4;1;2;240;CD 26;M;4914908;679657;570
201400029994;14;4;1;1330;1;2;3;1;6;240;CD 26;M;4914611;680808;570
201400029995;14;4;17;835;1;2;1;1;6;240;FORBACH (RUE DE);;;;570
201400029996;14;5;12;855;1;2;1;1;6;240;KLOSTER (RUE EUGENE);M;4914834;681727;570
201400029997;14;9;18;700;2;1;3;2;7;240;CD 26;;;;570
201400029998;14;8;17;2000;1;2;2;1;3;240;1, KLOSTER (RUE EUGENE);M;4914838;681857;570
201400029999;14;11;14;725;1;2;1;1;6;240;1, ARDENNES (RUE DES);M;4915449;680511;570
201400030000;14;1;24;1315;1;2;1;1;3;283;39, METZ (RUE DE);M;4925252;616948;570
201400030001;14;1;28;1214;1;2;1;2;3;143;1, COMMERCE;M;4922989;601764;570
201400030002;14;2;4;1750;5;2;1;1;6;491;12, THOREZ (AVENUE MAURI;M;4925218;604483;570
201400030003;14;8;3;120;3;1;1;8;7;19;CD8;;;;570
201400030004;14;9;23;1450;1;2;1;1;3;283;54, METZ (RUE DE);M;4925170;617003;570
201400030005;14;3;2;225;5;2;1;1;6;19;27, REPUBLIQUE (RUE DE L;;;;570
201400030006;14;4;8;1143;1;1;2;6;3;19;D112C;;;;570
201400030007;14;4;3;1549;1;1;1;1;3;19;CD181;;;;570
201400030008;14;4;25;1114;1;2;1;1;6;591;3, MONDON (RUE);M;4925454;609570;570
201400030009;14;5;16;820;1;2;2;1;3;283;25, LUTZ (RUE CHARLES);M;4924549;616435;570
201400030010;14;10;24;2045;3;1;1;1;6;591;RN 52;;;;570
201400030011;14;1;7;1546;1;2;6;1;3;447;00, METZ (RUE DE);M;4907350;614790;570
201400030012;14;1;12;43;5;2;2;5;6;463;00, COETLOSQUET (RUE DU;M;4911548;617407;570
201400030013;14;1;14;1405;1;2;3;1;1;463;0, MABILLE (RUE );M;4911804;618376;570
201400030014;14;1;27;745;1;2;3;2;3;463;00, FALOGNE (RUE DE LA );M;4909570;623857;570
201400030015;14;1;28;1356;1;2;1;2;6;463;3, PAUL CHEVREUX (RUE );M;4913621;616229;570
201400030016;14;1;30;2150;5;2;3;1;6;480;GRANGE LE MERCIER (RUE );M;4909408;616996;570
201400030017;14;1;31;1209;1;2;1;7;6;463;00, GUYENNE (BOULEVARD D;;;;570
201400030018;14;2;2;1500;1;2;1;1;3;751;00, THIONVILLE (ROUTE);M;4915989;615916;570
201400030019;14;2;3;815;1;2;1;1;6;751;00, MARECHAL FOCH (RUE );;;;570
201400030020;14;2;7;1155;1;2;1;1;6;463;0, GUYENNE (BOULEVARD DE;;;;570
201400030021;14;2;7;1610;1;2;3;2;3;463;00, FORT GAMBETTA (RUE D;M;4912562;618755;570
201400030022;14;2;9;1825;5;2;1;2;1;463;00, DEUX FONTAINES (AVEN;;;;570
201400030023;14;2;12;1345;1;2;1;1;4;463;00, DEUX FONTAINES (AVEN;;;;570
201400030024;14;2;12;2055;5;2;3;1;6;463;SAINT PIERRE (RUE );M;4910066;617519;570
201400030025;14;2;15;1446;1;2;1;1;6;463;06, PARIS (RUE DE );M;4912404;616476;570
201400030026;14;2;17;1700;1;2;1;1;6;480;CANAL (RUE DU );M;4910642;615882;570
201400030027;14;2;18;1615;1;2;2;1;6;463;01, JOFFRE  (AVENUE );M;4911165;617088;570
201400030028;14;2;20;1550;1;2;1;1;3;751;14, LORRY (RUE DE );M;4914895;614360;570
201400030029;14;3;1;2025;5;2;3;1;3;463;00, TREVES (BOULEVARD DE;M;4912288;618790;570
201400030030;14;3;3;925;1;2;3;8;3;463;00, DELATTRE DE TASSIGNY;M;4911001;616721;570
201400030031;14;3;3;1211;1;2;1;1;6;480;00, PONT A MOUSSON (RUE;;;;570
201400030032;14;3;3;2100;5;2;3;1;2;480;59, PONT A MOUSSON (RUE;M;4910293;615990;570
201400030033;14;3;13;940;1;2;1;7;2;463;00, ALLIES (RUE DES);;;;570
201400030034;14;3;15;720;1;2;3;1;3;463;3, LAFAYETTE (RUE );M;4910917;617499;570
201400030035;14;3;15;1140;1;2;1;2;6;463;00, DEUX FONTAINES (AVEN;M;4913615;617271;570
201400030036;14;3;17;756;1;2;1;1;5;463;00, CHARLES PETRE (RUE );;;;570
201400030037;14;3;20;1020;1;2;3;1;3;463;LORRY (ROUTE DE );M;4913564;614893;570
201400030038;14;3;29;1300;1;2;1;1;3;751;77, THIONVILLE (ROUTE);;;;570
201400030039;14;3;28;1305;1;2;1;1;3;463;0, BELLETANCHE (RUE DE );;;;570
201400030040;14;3;29;1435;1;2;1;1;6;463;00, HANNAUX (RUE);;;;570
201400030041;14;3;30;1520;1;2;2;1;3;463;00, PAIXHANS (BOULEVARD;M;4912399;618259;570
201400030042;14;4;1;115;5;2;9;1;6;463;ANDRE MAGINOT (BOULEVARD;M;4911916;618386;570
201400030043;14;4;1;1550;1;2;3;1;6;463;0, ARMES (PLACE D');M;4911928;617573;570
201400030044;14;4;3;1605;1;2;1;1;6;463;9, LANCON (RUE DU );M;4910311;616786;570
201400030045;14;4;11;801;1;2;1;1;2;487;45, JOUY (ROUTE DE );M;4909375;613309;570
201400030046;14;4;17;2200;5;2;3;1;6;463;15, COUPILLON (RUE DU );M;4913802;614713;570
201400030047;14;4;19;1555;1;2;1;1;1;412;135, SAINT SYMPHORIEN (B;;;;570
201400030048;14;4;21;1845;1;2;3;1;6;463;JOFFRE  (AVENUE );M;4911187;617104;570
201400030049;14;4;24;1330;1;2;1;1;6;463;ARS LAQUENEXY (ROUTE D');;;;570
201400030050;14;4;24;1825;1;2;1;1;6;480;SAINT LADRE (RUE);;;;570
201400030051;14;4;25;1735;1;2;3;1;3;616;39, FRANCOIS SIMON (RUE;M;4912554;619698;570
201400030052;14;4;29;2035;1;2;1;1;3;463;XX EME CORPS AMERICAIN;M;4910357;616504;570
201400030053;14;5;2;1015;1;2;3;1;6;480;PONT A MOUSSON (RUE DE );M;4910507;616309;570
201400030054;14;5;3;223;5;2;3;1;6;463;00, LORRY (ROUTE DE );;;;570
201400030055;14;5;5;1825;1;2;1;1;6;463;33, MANGIN (RUE );M;4910170;616702;570
201400030056;14;5;7;1210;1;2;4;1;3;412;00, SAINT SYMPHORIEN (BO;M;4911096;616190;570
201400030057;14;5;16;1955;1;2;1;1;3;463;00, QUEULEU (RUE DE );;;;570
201400030058;14;5;18;20;4;2;3;1;3;487;00, RD 157B;M;4909832;611791;570
201400030059;14;5;20;740;1;2;3;1;2;412;GENERAL DE GAULLE (RUE D;M;4911056;612890;570
201400030060;14;5;21;1250;1;2;1;1;6;463;20, PIERRE ET MARIE CURI;M;4914448;616627;570
201400030061;14;5;21;2010;1;2;3;1;3;49;3, GENERAL DE GAULLE (AV;M;4912128;614988;570
201400030062;14;5;22;1720;1;2;3;1;6;480;MARLY (RUE DE );M;4908618;615611;570
201400030063;14;5;23;1038;1;2;1;2;6;463;66, EUROPE (BOULEVARD DE;M;4911857;620249;570
201400030064;14;5;25;1558;1;2;1;1;6;751;42, CORNEILLE AGRIPPA (R;M;4915036;616350;570
201400030065;14;5;30;1610;1;2;2;1;3;463;00, CLAUDE BERNARD (RUE;M;4911273;621540;570
201400030066;14;6;2;1330;1;2;3;1;3;480;REIMS (RUE DE );M;4910157;614921;570
201400030067;14;6;3;1233;1;2;2;1;6;463;00, LAURENT CHARLES MARE;M;4910067;618858;570
201400030068;14;6;8;1920;1;2;3;1;3;463;00, LOTHAIRE (RUE );M;4910052;618466;570
201400030069;14;6;12;846;1;2;1;1;5;487;26, JOUY (ROUTE DE );M;4909412;613573;570
201400030070;14;6;18;1040;1;2;1;1;3;463;DELATTRE DE TASSIGNY (AV;;;;570
201400030071;14;6;19;1830;1;2;3;1;3;463;LOTHAIRE (PONT );M;4910052;618466;570
201400030072;14;6;27;1835;1;2;2;1;3;480;00, SAINT ANDRE (RUE );M;4909422;616263;570
201400030073;14;7;11;1442;1;2;3;1;3;480;00, PONT A MOUSSON (RUE;M;4909726;614374;570
201400030074;14;7;14;1840;1;2;1;1;6;412;GENERAL DE GAULLE (RUE D;;;;570
201400030075;14;7;16;2210;5;2;1;1;3;751;THIONVILLE (AVENUE );M;4914725;616130;570
201400030076;14;7;18;1320;1;2;1;1;3;463;00, XX EME CORPS AMERICA;;;;570
201400030077;14;7;18;1605;1;2;1;1;6;480;103, FRESCATY (RUE DE );M;4909014;614443;570
201400030078;14;7;19;216;5;2;1;1;6;463;5, POUILLY (RUE DE );M;4907779;618361;570
201400030079;14;7;24;1751;1;2;1;1;2;463;CHARPENTIERS (RUE DES );;;;570
201400030080;14;8;12;740;1;2;3;1;3;463;00, METZ PLAGE (ALLEE DE;;;;570
201400030081;14;8;13;1845;1;2;9;1;3;487;00,  RD157B;;;;570
201400030082;14;8;18;714;1;2;6;1;3;751;00, GENERAL DE GAULLE (R;M;4915046;614823;570
201400030083;14;8;23;2103;3;2;1;1;6;463;VOIE RAPIDE EST;M;4911605;620586;570
201400030084;14;8;26;1830;1;2;3;2;5;463;00, JEAN PIERRE JEAN (RU;M;4912573;621660;570
201400030085;14;8;29;1934;1;2;3;1;1;463;RUISSEAU (RUE DU );M;4911264;622072;570
201400030086;14;8;30;1610;1;2;3;1;6;463;00, PARIS (RUE DE );M;4912489;616447;570
201400030087;14;9;4;1635;1;2;1;1;4;463;10 bis, ALLIES (RUE DES);M;4912972;616514;570
201400030088;14;9;12;1505;1;2;1;1;6;463;00, COISLIN (RUE );;;;570
201400030089;14;9;13;1754;1;2;1;1;3;545;1-9, PRES ST-JACQUES (RU;M;4913402;613163;570
201400030090;14;9;15;1720;1;2;1;1;5;463;00, VOIE RAPIDE EST;M;4911813;621769;570
201400030091;14;9;26;850;1;2;1;1;6;463;LAFAYETTE (RUE );;;;570
201400030092;14;9;24;1400;1;2;1;1;6;463;00, FONTAINE (RUE DE LA;;;;570
201400030093;14;9;27;1410;1;2;1;1;2;447;00, RD5b;M;4907752;611973;570
201400030094;14;9;28;2020;5;2;3;1;6;463;317, STRASBOURG (AVENUE;M;4909479;622100;570
201400030095;14;9;30;1735;1;2;1;1;6;463;0, CATHEDRALE (PLACE DE;;;;570
201400030096;14;10;1;715;2;2;1;5;3;463;00, TREVES (BOULEVARD DE;M;4912319;618790;570
201400030097;14;10;2;1235;1;2;2;1;3;463;PONTIFFROY (BOULEVARD DU;M;4912526;618062;570
201400030098;14;10;3;1410;1;2;6;1;6;447;00, AEROGARE (RUE DE L');M;4906431;613563;570
201400030099;14;10;9;1800;1;2;1;1;2;463;00, PONT A MOUSSON (RUE;;;;570
201400030100;14;10;7;1445;1;2;1;1;2;463;183, LORRY (ROUTE DE );;;;570
201400030101;14;10;10;1935;5;2;3;1;3;480;00, GENERAL FRANIATTE (R;M;4908799;615228;570
201400030102;14;10;12;1010;1;2;3;1;3;463;00, BELCHAMPS (RUE DE );;;;570
201400030103;14;10;15;1850;5;2;1;3;2;463;00, TOUL (RUE DE );;;;570
201400030104;14;10;16;750;1;2;2;1;3;463;PLANTIERES (PASSAGE DE );M;4911292;618423;570
201400030105;14;10;18;1130;1;2;1;1;6;463;22, XX EME CORPS AMERICA;M;4910318;616517;570
201400030106;14;10;23;2310;5;2;3;1;3;480;00, GENERAL FRANIATTE (R;M;4909207;615570;570
201400030107;14;10;31;1400;1;2;2;1;3;463;00, GENIVAUX (RUE DE );M;4912189;621839;570
201400030108;14;11;1;1230;1;2;1;1;6;463;00, DEUX FONTAINES (AVEN;;;;570
201400030109;14;11;1;1610;1;2;1;1;3;642;62, LIBERTE (VOIE DE LA);M;4910719;611823;570
201400030110;14;11;3;830;1;2;1;8;6;463;0, GUYENNE (BOULEVARD DE;;;;570
201400030111;14;11;6;945;1;2;2;1;3;463;00, JOFFRE  (AVENUE );M;4911183;617095;570
201400030112;14;11;8;2035;5;2;3;1;3;480;00, GENERAL FRANIATTE (R;M;4909535;615843;570
201400030113;14;11;15;1954;5;2;3;1;3;751;32, THIONVILLE (AVENUE;M;4914584;616240;570
201400030114;14;11;17;955;1;2;3;1;6;412;00, GENERAL DE GAULLE (R;M;4911497;614034;570
201400030115;14;11;17;1035;1;2;4;1;7;463;00, TROU AUX SERPENTS (R;M;4913610;617939;570
201400030116;14;11;22;2010;5;2;1;1;6;751;00, MARECHAL FOCH (RUE );;;;570
201400030117;14;11;28;2120;1;2;3;1;6;487;00, CONSTANTINE (RUE DE;M;4909144;612587;570
201400030118;14;12;3;730;5;2;1;2;6;463;20, COETLOSQUET (RUE DU;M;4911556;617399;570
201400030119;14;12;5;1725;5;2;1;1;2;751;FORT GAMBETTA (RUE DU );M;4915045;618197;570
201400030120;14;12;7;1425;1;2;1;1;5;447;00, COSTES ET BELLONTE (;M;4908627;613369;570
201400030121;14;12;11;1439;1;2;2;2;6;480;0, XX EME CORPS AMERICAI;M;4909825;616082;570
201400030122;14;12;11;1515;1;2;1;3;7;463;FOCH (AVENUE );;;;570
201400030123;14;12;12;1333;1;2;6;2;1;463;VICTOR HEGLY (ALLEE );M;4911008;616390;570
201400030124;14;12;15;1455;1;2;9;2;6;463;TANNEURS (RUE DES );M;4911810;617974;570
201400030125;14;12;16;1720;5;2;1;2;6;751;00, BRIEY (RUE DE );M;4915326;614428;570
201400030126;14;12;17;1840;5;2;1;2;6;463;00, ANDRE MALRAUX (AVENU;M;4910561;617936;570
201400030127;14;12;17;1810;5;2;3;2;6;480;00, PHILIPPE COLSON (RUE;M;4909028;616636;570
201400030128;14;12;24;1415;1;2;2;1;3;480;0, SAINT ANDRE (RUE );M;4909420;616263;570
201400030129;14;12;27;1825;5;2;6;4;6;487;00, TOURNEBRIDE (Z.I. DE;M;4908159;610889;570
201400030130;14;1;23;1801;5;2;1;2;7;606;45, MANGIN (RUE DU GENER;M;4910810;671859;570
201400030131;14;2;17;1335;1;1;1;1;7;606;10, CARRIERE (RUE DE LA);M;4909961;671478;570
201400030132;14;3;18;1215;1;1;6;1;2;606;37, LORRAINE (BOULEVARD;M;4910640;670841;570
201400030133;14;4;13;1755;1;1;1;1;1;606;1, FRANCE (RUE DE);M;4915807;676634;570
201400030134;14;4;15;1320;1;2;1;1;2;606;83, LORRAINE (BOULEVARD;M;4910808;671532;570
201400030135;14;6;14;1415;1;1;1;1;7;606;RD910;;;;570
201400030136;14;6;22;2305;5;2;1;1;7;606;23, CARRIERE (RUE DE LA);M;4910219;671776;570
201400030137;14;7;7;2310;5;1;1;2;7;336;4, SARRELOUIS (RUE DE);M;4915754;671282;570
201400030138;14;7;11;1005;1;2;1;8;7;336;28, FONTAINE (RUE DE LA);M;4916267;673223;570
201400030139;14;1;6;1810;5;2;1;1;6;630;TANNEURS;;;;570
201400030140;14;1;18;2055;5;1;2;1;3;630;0, BELLEVUE (DE);M;4874465;707130;570
201400030141;14;2;16;1931;5;2;1;1;6;630;VOIE ANDRE MALRA;;;;570
201400030142;14;3;30;1430;1;2;1;1;2;630;5, GARE (DE LA);M;4873737;705299;570
201400030143;14;4;3;750;1;2;1;1;6;630;14, GAMBETTA (AV);M;4873739;705787;570
201400030144;14;4;23;1155;1;2;1;1;6;630;NEANT, RD 955;M;4872816;702772;570
201400030145;14;4;24;725;1;2;1;1;6;630;NEANT, KERPRICH (RUE DE);;;;570
201400030146;14;5;15;1221;1;2;1;1;6;630;5, FOCH (MARECHAL);M;4873519;705617;570
201400030147;14;6;9;1535;1;2;2;1;3;630;POINCARE (RAYMOND);M;4873632;705265;570
201400030148;14;7;19;1020;1;1;1;1;7;119;SARREBOURG;M;4872098;709527;570
201400030149;14;7;24;1720;1;2;1;1;7;630;22, FRANCE (AV);M;4873499;704828;570
201400030150;14;8;1;1230;1;2;6;1;3;630;NEANT, HESSE ( ROUTE DE);M;4871975;704646;570
201400030151;14;8;27;1716;1;2;1;2;3;630;NEANT, NIDERVILLER;;;;570
201400030152;14;10;2;1503;1;2;1;1;3;630;NEANT, POINCARE (RAYMOND;;;;570
201400030153;14;10;8;1721;1;1;1;1;6;119;SARREBOURG;;;;570
201400030154;14;9;2;825;1;2;1;1;6;630;5, ERCKMANN CHATRIAN;M;4873820;705410;570
201400030155;14;1;24;1857;5;2;1;1;3;631;1, MYOSOTIS (RUE DES);M;4910350;706262;570
201400030156;14;3;4;2040;5;2;1;1;3;631;9, OSTER (RUE CLAIRE);M;4911146;707473;570