num_acc;an;mois;jour;hrmn;lum;agg;int;atm;col;com;adr;gps;lat;long;dep
201400030157;14;7;2;1030;1;1;1;7;3;631;WOUSTVILLER (RUE DE) A2-;;;;570
201400030158;14;8;9;1600;1;2;1;1;6;568;1, SILTZHEIM (RUE DE);M;4908713;708232;570
201400030159;14;10;18;1543;1;2;1;1;2;631;23, CLEMENCEAU (RUE);M;4911472;707119;570
201400030160;14;11;5;1730;5;2;1;2;1;631;2, GUTENBERG (RUE) E4-F4;;;;570
201400030161;14;11;6;900;1;2;1;1;6;631;1, GEIGER (RUE);M;4911355;707192;570
201400030162;14;1;3;1530;1;2;1;1;1;306;165, FOCH (RUE);M;4933336;605054;570
201400030163;14;1;6;1430;1;2;1;1;3;672;6, CASTELNAU (RUE DE);M;4935423;616252;570
201400030164;14;1;7;1530;1;2;1;1;6;672;40, FOCH (BOULEVARD);M;4936148;616524;570
201400030165;14;1;10;2210;4;1;1;1;2;221;1, ROMAINS (RUE DES);M;4932472;613640;570
201400030166;14;1;18;1915;5;2;1;1;6;12;2, Paix (Rue de la );M;4934873;604185;570
201400030167;14;1;28;1130;1;2;1;1;6;757;1, CULTURE (RUE DE LA);M;4936095;619446;570
201400030168;14;1;29;1710;1;2;1;1;1;221;PORT (RUE DU);;;;570
201400030169;14;2;1;1340;1;2;1;1;6;672;58, ALBERT 1ER (AVENUE);M;4936547;616808;570
201400030170;14;2;10;1815;5;2;1;1;6;221;110, VERDUN (RUE DE);M;4931852;610682;570
201400030171;14;2;15;2255;5;2;1;2;6;306;1, METROPOLE (AVENUE DE;M;4934785;605805;570
201400030172;14;2;18;1325;1;1;1;1;6;306;1, de la Comedie (Place);;;;570
201400030173;14;2;28;1010;1;2;1;1;6;672;2, BEL AIR (ALLEE) - PAI;M;4936638;615038;570
201400030174;14;3;9;1900;2;2;1;1;3;672;1, BUCHEL (ROUTE DU);M;4935470;611057;570
201400030175;14;3;11;1015;1;2;3;1;3;757;58, Nations (Avenue);M;4935916;619083;570
201400030176;14;3;20;930;1;2;1;1;5;306;91, WENDEL (RUE DE);M;4932806;606660;570
201400030177;14;4;7;1513;1;1;1;1;6;672;33, MAILLET (RUE DU);M;4935502;614259;570
201400030178;14;4;5;1907;1;2;1;1;3;757;118, ROOSEVELT (RUE DU P;;;;570
201400030179;14;4;8;1320;1;2;2;1;3;508;1, SAPINS (RUE DES);M;4934359;605385;570
201400030180;14;4;22;700;1;2;1;2;7;672;ARLON (ROUTE D');;;;570
201400030181;14;4;23;905;1;2;1;1;6;221;32, LORRAINE (AVENUE DE);M;4932367;611875;570
201400030182;14;4;25;1515;1;2;1;1;6;306;59, WENDEL (RUE DE);;;;570
201400030183;14;4;26;230;5;2;1;1;6;368;194, RIMMEL (RUE VICTOR);M;4934286;602300;570
201400030184;14;5;13;1730;1;2;1;1;3;672;45, BEL AIR (ALLEE) - IM;M;4936896;614989;570
201400030185;14;5;16;1710;1;2;1;1;3;441;GARCHE (ROUTE DE);;;;570
201400030186;14;5;16;1140;1;2;1;1;6;672;1, ALBERT 1ER (AVENUE) -;M;4935999;617092;570
201400030187;14;5;22;1950;1;2;1;1;3;666;1, 14 JUILLET (AVENUE DU;M;4934658;612735;570
201400030188;14;5;31;1840;1;2;1;1;3;672;1, REPUBLIQUE (PLACE DE;M;4935584;616594;570
201400030189;14;6;3;1410;1;2;1;1;3;672;20, MARECHAL JOFFRE (RUE;M;4935426;616031;570
201400030190;14;6;5;2055;1;2;1;1;1;672;23, ALBERT 1ER (AVENUE);M;4936184;617029;570
201400030191;14;6;10;1058;1;2;1;1;6;306;41, MENDES FRANCE (RUE P;M;4933345;607542;570
201400030192;14;6;12;2055;1;2;1;1;3;757;83, Nations (Avenue);M;4935938;619283;570
201400030193;14;6;21;1835;1;2;1;1;6;306;23, TROENES (RUE DES);M;4931308;607870;570
201400030194;14;6;23;2250;4;2;1;1;6;221;ROMAINS (RUE DES);M;4933441;613480;570
201400030195;14;7;6;2000;1;2;1;1;3;672;1, AMERIQUE (CHAUSSEE D';M;4937292;616739;570
201400030196;14;7;8;2350;5;2;1;1;3;306;149, VERDUN (RUE DE);M;4932598;605229;570
201400030197;14;7;15;830;1;2;1;1;6;757;5, Nations (Avenue);M;4935405;618105;570
201400030198;14;7;19;910;3;2;1;1;6;666;VERDUN (ROUTE DE);M;4933437;613484;570
201400030199;14;7;23;1955;1;2;1;1;3;672;1, GENERAL MANGIN (RUE);M;4935732;616153;570
201400030200;14;7;27;2015;1;2;1;1;6;12;77, AMERICAINS (RUE DES);M;4935911;603533;570
201400030201;14;8;3;2140;4;2;1;1;6;368;194, RIMMEL (RUE VICTOR);M;4934272;602297;570
201400030202;14;8;18;2000;1;2;1;1;6;221;5, FAMECK (RUE DE);M;4931702;611310;570
201400030203;14;8;29;1915;1;2;1;2;3;672;1, PIERRE MARCHAL (QUAI);M;4935791;616939;570
201400030204;14;9;7;1116;1;2;1;1;6;672;3, PAUL ALBERT (RUE) - I;M;4935670;615624;570
201400030205;14;9;9;1152;1;2;1;1;6;672;1, VIEUX COLLEGE (RUE DU;M;4935858;616393;570
201400030206;14;9;9;1210;1;2;1;1;6;672;38, LIBERATION (ALLEE DE;M;4936411;615348;570
201400030207;14;9;12;1450;1;1;1;1;3;306;CD 13;;;;570
201400030208;14;9;14;2010;2;2;1;1;3;757;1, ILLANGE (ROUTE D');M;4934395;617705;570
201400030209;14;9;20;1800;1;2;1;1;3;368;52, REPUBLIQUE (RUE DE L;M;4934038;604077;570
201400030210;14;9;23;1635;1;2;1;1;6;672;1, ARLON (ROUTE D');M;4935778;613697;570
201400030211;14;10;6;1251;1;2;2;1;3;221;1 RUE DE LA, CENTRALE;M;4931773;611303;570
201400030212;14;10;15;1918;5;2;2;2;3;757;121, Nations (Avenue);M;4936273;619874;570
201400030213;14;10;16;1150;1;2;1;1;6;306;64, PAIX (PLACE DE LA);;;;570
201400030214;14;10;23;1405;1;2;1;1;3;757;1, BLERIOT (RUE LOUIS);M;4935002;620267;570
201400030215;14;11;4;820;1;2;1;2;3;757;6, GRAND'RUE;M;4935863;618398;570
201400030216;14;11;4;1655;5;2;1;2;6;12;59, FOCH (RUE);M;4936441;605118;570
201400030217;14;11;8;1335;1;2;1;1;6;672;39, PAUL ALBERT (RUE) -;M;4935636;614882;570
201400030218;14;11;9;445;5;2;1;1;6;672;1, FERRONNIER (BOUCLE DU;M;4935386;613277;570
201400030219;14;11;19;1800;5;2;1;1;6;306;6, SAINT-JEAN (AVENUE);M;4935186;606283;570
201400030220;14;11;21;25;5;2;1;1;6;508;7, ALGRANGE (RUE D');M;4934340;603727;570
201400030221;14;12;2;1805;5;2;1;1;3;757;1, KASTLER (IMPASSE ALFR;M;4935019;617309;570
201400030222;14;12;8;1218;1;1;1;2;6;306;0, PEUPLIERS (AVENUE DES;;;;570
201400030223;14;12;10;800;2;2;1;2;6;672;8, VAUBAN (AVENUE);M;4936093;615717;570
201400030224;14;12;10;1745;5;2;1;2;6;306;14, RUISSEAU (RUE DU);M;4933905;607893;570
201400030225;14;12;11;1800;5;2;1;2;6;306;17, GAULLE (RUE DE);M;4933056;606289;570
201400030226;14;12;16;830;2;2;1;2;6;306;1, ARLOIS (RUE D');M;4935208;605928;570
201400030227;14;12;16;1505;1;2;1;2;6;672;37, GUISE (AVENUE DE) -;M;4936506;616533;570
201400030228;14;12;19;1725;5;2;1;2;6;757;4, Nations (Avenue);M;4935533;618198;570
201400030229;14;12;20;2230;5;2;1;2;6;306;17, GAULLE (RUE DE);M;4933056;606289;570
201400030230;14;1;27;1845;5;2;1;3;6;447;35 cour du gal de gaulle;M;0;0;330
201400030231;14;6;17;1115;1;1;1;1;1;1;;M;0;0;330
201400030232;14;8;5;1115;1;2;1;1;1;447;RD1089;M;0;0;330
201400030233;14;7;11;830;1;1;1;8;6;288;;M;0;0;110
201400030234;14;9;16;730;1;1;1;8;2;254;;M;0;0;110
201400030235;14;9;17;1715;1;1;1;1;3;99;;M;0;0;110
201400030236;14;9;19;2230;3;1;1;1;5;418;;M;4325980;202645;110
201400030237;14;11;10;1345;1;1;1;1;5;397;;M;0;0;110
201400030238;14;7;23;1200;1;1;1;1;1;341;;M;0;0;570
201400030239;14;1;6;1815;3;1;2;3;4;76;;M;0;0;860
201400030240;14;5;1;1250;1;2;1;2;7;194;sans, DOCKS;;;;580
201400030241;14;5;6;1020;1;2;1;1;7;194;PIERRE DE COUBERTIN;;;;580
201400030242;14;5;28;1140;1;2;1;1;7;194;GRAND MOUESSE (FAUBOURG);;;;580
201400030243;14;6;18;1640;1;2;1;1;7;194;JEROME TRESAGUET;;;;580
201400030244;14;6;29;1135;1;2;1;2;7;194;sans, PONT DE LOIRE;;;;580
201400030245;14;7;26;1225;1;2;1;1;7;194;sans, SAINTE HELENE;;;;580
201400030246;14;7;28;1355;1;2;1;2;7;194;SANS, EDOUARD MILLIEN (S;;;;580
201400030247;14;8;6;945;1;2;1;1;7;194;22, VICTOR HUGO (BOULEVA;;;;580
201400030248;14;8;17;1725;1;2;1;1;7;194;ROMAIN ROLLAND;;;;580
201400030249;14;8;20;215;5;2;1;1;7;194;2, CHAMPS PACAUD;;;;580
201400030250;14;9;12;1258;1;2;1;1;7;194;ALBERT 1ER;;;;580
201400030251;14;9;17;1645;1;2;1;2;7;194;ANTONY DUVIVIER;;;;580
201400030252;14;9;19;1720;1;2;1;1;7;194;VICTOR HUGO (BOULEVARD);;;;580
201400030253;14;9;30;730;1;2;1;1;7;194;sans, CHAUSSADE;;;;580
201400030254;14;10;26;2050;5;2;1;1;7;194;1, LOUIS STEVENOT (IMPAS;;;;580
201400030255;14;10;28;1455;1;2;1;1;7;194;sans, COLBERT;;;;580
201400030256;14;11;5;1650;1;2;1;2;7;194;EDUENS (QUAI);;;;580
201400030257;14;11;21;715;2;2;1;1;7;194;AMIRAL JACQUINOT;;;;580
201400030258;14;11;24;1750;2;2;1;1;7;194;PIERRE EMILE GASPARD;;;;580
201400030259;14;11;26;1210;1;2;1;1;7;194;PIQUE;;;;580
201400030260;14;12;9;5;5;2;1;1;7;194;22BIS, MARECHAL JUIN;;;;580
201400030261;14;1;10;1210;1;2;1;1;3;194;MONTE CASSINO (ROND POIN;;;;580
201400030262;14;1;13;1725;2;2;6;1;2;194;sans, GAUTRON DU COUDRAY;;;;580
201400030263;14;1;17;1555;1;2;3;1;3;194;sans, HENRI BOUQUILLARD;;;;580
201400030264;14;1;21;1040;1;2;1;1;3;194;HAMMAMET;;;;580
201400030265;14;1;31;1850;5;2;2;1;3;194;sans, BANLAY;;;;580
201400030266;14;2;3;1210;1;2;3;1;3;194;SANS, SOUVENIR FRANCAIS;;;;580
201400030267;14;2;4;950;1;2;1;1;7;194;MARECHAL DE LATTRE DE TA;;;;580
201400030268;14;2;8;1040;1;2;1;8;6;194;PASSIERE;;;;580
201400030269;14;2;9;835;1;2;2;2;3;194;sans, MARZY;;;;580
201400030270;14;2;10;1545;1;2;1;2;2;194;57, VAUZELLES;;;;580
201400030271;14;2;12;1650;1;2;1;2;1;194;32, SAINT BENIN;;;;580
201400030272;14;2;12;1955;5;2;1;2;7;194;PIERRE DE COUBERTIN;;;;580
201400030273;14;2;14;1850;5;2;3;1;3;194;sans, MADEMOISELLE BOURG;;;;580
201400030274;14;2;15;820;1;2;1;1;6;194;28, VAUZELLES;;;;580
201400030275;14;2;21;1540;1;2;1;1;6;194;sans, JEAN DESVEAUX;;;;580
201400030276;14;2;22;1140;1;2;1;1;3;194;VAUZELLES;;;;580
201400030277;14;3;5;750;1;2;1;1;6;194;sans, HENRI BOUQUILLARD;;;;580
201400030278;14;3;5;1005;1;2;1;1;7;194;COLBERT;;;;580
201400030279;14;3;17;1000;1;2;1;1;7;194;SANS, SAINT EXUPERY (BOU;;;;580
201400030280;14;3;14;1225;1;2;1;1;2;194;MARECHAL JUIN;;;;580
201400030281;14;3;19;1120;1;2;1;1;6;194;24, PAUL BERT;;;;580
201400030282;14;3;22;10;5;2;3;3;3;194;sans, MARZY;;;;580
201400030283;14;3;19;1655;1;2;1;1;3;194;PIERRE MENDES FRANCE (SQ;;;;580
201400030284;14;3;21;1820;1;2;1;1;7;194;FERDINAND GAMBON;;;;580
201400030285;14;3;26;2120;5;2;1;1;3;194;FONTAINE D'ARGENT (PLACE;;;;580
201400030286;14;3;28;1800;1;2;1;1;6;194;SANS, PIERRE DE COUBERTI;;;;580
201400030287;14;4;4;1750;1;2;1;3;6;194;sans, GENERAL DE GAULLE;;;;580
201400030288;14;4;10;1110;1;2;1;1;2;194;42, TREIZIEME DE LIGNE;;;;580
201400030289;14;4;8;1200;1;2;1;1;7;194;MARZY;;;;580
201400030290;14;4;21;1940;2;2;1;1;2;194;4bis, BARATTE (FAUBOURG);;;;580
201400030291;14;4;23;1250;1;2;3;1;3;194;sans, BERNARD PALISSY;;;;580
201400030292;14;4;26;1349;1;2;1;2;1;194;sans, GERMINE;;;;580
201400030293;14;4;22;820;1;2;1;1;7;194;sans, TREIZIEME DE LIGNE;;;;580
201400030294;14;4;14;1720;1;2;1;1;6;194;46, MARZY;;;;580
201400030295;14;5;5;1355;1;2;1;1;3;194;9, PERE DE FOUCAULD;;;;580
201400030296;14;5;9;750;1;2;1;1;6;194;MARECHAL JUIN;;;;580
201400030297;14;5;9;1830;1;2;1;1;6;194;13, GENERAL DE GAULLE;;;;580
201400030298;14;4;25;1930;1;2;3;1;3;194;sans, GONZAGUE;;;;580
201400030299;14;5;16;855;1;2;2;1;6;194;SAINT GILDARD;;;;580
201400030300;14;5;17;1740;1;2;3;1;3;194;ANDRE THUILLIER;;;;580
201400030301;14;5;19;750;1;2;1;1;7;194;49, GENERAL DE GAULLE;;;;580
201400030302;14;5;8;1250;1;2;1;1;6;194;SANS, EDME LABORDE;;;;580
201400030303;14;5;20;1835;1;2;1;1;3;194;VAUZELLES;;;;580
201400030304;14;5;21;1750;1;2;1;1;6;194;BARATTE (FAUBOURG);;;;580
201400030305;14;5;23;750;1;2;1;7;4;194;86, MARZY;;;;580
201400030306;14;6;6;1725;1;2;1;1;6;194;SANS, BERNARD PALISSY;;;;580
201400030307;14;6;12;1605;1;2;1;1;6;194;29, MARZY;;;;580
201400030308;14;6;21;600;2;2;1;1;7;194;SANS, GRAND PRE DES BORD;;;;580
201400030309;14;6;23;1335;1;2;1;2;3;194;FRANCIS GARNIER;;;;580
201400030310;14;6;24;1840;1;2;1;1;7;194;sans, SAINT BENIN;;;;580
201400030311;14;6;26;755;1;2;1;1;7;194;JACQUES DUCLOS;;;;580
201400030312;14;6;26;1425;1;2;1;1;6;194;1, REPUBLIQUE (BOULEVARD;;;;580
201400030313;14;7;1;1810;1;2;2;1;3;194;SANS, LYON (FAUBOURG);;;;580
201400030314;14;7;3;445;2;2;3;1;3;194;SANS, BERNARD PALISSY;;;;580
201400030315;14;7;10;1620;1;2;2;1;6;194;sans, CHARLES ROY;;;;580
201400030316;14;7;31;1110;1;2;2;1;3;194;sans, FRANCHET D'ESPEREY;;;;580
201400030317;14;8;2;1025;1;2;1;1;1;194;BARATTE (FAUBOURG);;;;580
201400030318;14;7;26;140;5;2;3;1;2;194;SANS, MONTOTS;;;;580
201400030319;14;8;19;2230;5;2;2;1;3;194;SANS, MOLIERE;;;;580
201400030320;14;8;18;1430;1;2;1;1;3;194;TREIZIEME DE LIGNE;;;;580
201400030321;14;8;21;1735;1;2;1;1;2;194;MARECHAL JUIN;;;;580
201400030322;14;8;21;1855;1;2;1;1;3;194;MONTOTS;;;;580
201400030323;14;8;23;535;2;2;1;1;3;194;HENRI BOUQUILLARD;;;;580
201400030324;14;8;24;2035;1;2;2;1;3;194;SANS, MARZY;;;;580
201400030325;14;8;26;745;1;2;1;1;3;194;COMMANDANT PAUL PIERRE C;;;;580
201400030326;14;9;5;1630;1;2;1;1;4;194;sans, HENRI BOUQUILLARD;;;;580
201400030327;14;9;7;1300;1;2;1;1;7;194;FRERES GAYET;;;;580
201400030328;14;9;9;700;1;2;9;1;3;194;sans, TREIZIEME DE LIGNE;;;;580
201400030329;14;9;9;1155;1;2;1;1;3;194;GRANDS JARDINS;;;;580
201400030330;14;9;11;2050;5;2;2;1;3;194;sans, FRANCIS GARNIER;;;;580
201400030331;14;9;23;1215;1;2;1;1;2;194;COLBERT;;;;580
201400030332;14;9;25;1735;1;2;1;1;4;194;TREIZIEME DE LIGNE;;;;580
201400030333;14;9;27;1520;1;2;2;1;3;194;sans, GONZAGUE;;;;580
201400030334;14;9;23;1220;1;2;3;1;6;194;sans, BOVET;;;;580
201400030335;14;9;28;1510;1;2;1;1;2;194;sans, HENRI BOUQUILLARD;;;;580
201400030336;14;9;29;1430;1;2;6;1;4;194;sans, GEORGES POMPIDOU (;;;;580
201400030337;14;9;16;1325;1;2;1;1;6;194;JEAN MOULIN;;;;580
201400030338;14;10;2;1600;1;2;3;1;6;194;sans, GUSTAVE MATHIEU;;;;580
201400030339;14;10;6;1240;1;2;1;1;7;194;ARDENETS;;;;580
201400030340;14;10;9;115;5;2;1;1;6;194;45, BARATTE (FAUBOURG);;;;580
201400030341;14;9;28;1955;5;2;1;1;2;194;30, MARECHAL JUIN;;;;580
201400030342;14;10;16;1905;2;2;1;1;7;194;PIERRE DE COUBERTIN;;;;580
201400030343;14;10;28;955;1;2;2;1;3;194;sans, FAIDHERBE;;;;580
201400030344;14;10;31;1325;1;2;1;1;6;194;68, MADEMOISELLE BOURGEO;;;;580
201400030345;14;11;4;2110;4;2;1;2;1;194;SANS, GAMBETTA;;;;580
201400030346;14;11;7;115;5;2;6;1;7;194;sans, PONT CIZEAU;;;;580
201400030347;14;11;9;1815;5;2;1;2;3;194;8, GABRIEL VALETTE;;;;580
201400030348;14;11;11;1425;1;2;1;1;2;194;COLBERT;;;;580
201400030349;14;11;13;1840;5;2;2;1;3;194;MARECHAL LECLERC;;;;580
201400030350;14;11;15;1220;1;1;1;1;4;194;SANS, LYON (FAUBOURG);;;;580
201400030351;14;11;15;1715;5;2;1;3;6;194;sans, COLBERT;;;;580
201400030352;14;11;18;40;5;2;1;2;3;194;GRAND MOUESSE (FAUBOURG);;;;580
201400030353;14;11;22;1850;5;2;2;1;2;194;sans, LYON (FAUBOURG);;;;580
201400030354;14;12;2;840;1;2;1;2;2;194;9, CHAUSSADE;;;;580
201400030355;14;12;8;1600;1;2;2;2;3;194;sans, MARECHAL LYAUTEY;;;;580
201400030356;14;12;2;1745;5;2;6;2;3;194;sans, FONTAINE D'ARGENT;;;;580
201400030357;14;12;11;1120;1;2;2;1;4;194;sans, PISSEROTTE (BOULEV;;;;580
201400030358;14;12;17;1625;1;2;2;2;3;194;SANS, PETIT MOUESSE;;;;580
201400030359;14;12;19;820;1;2;3;2;3;194;sans, JEAN MOULIN;;;;580
201400030360;14;12;21;1755;5;2;1;1;6;194;sans, COLONEL JEAN PIERR;;;;580
201400030361;14;12;20;1725;5;2;1;2;6;194;sans, COLBERT;;;;580
201400030362;14;12;17;1155;1;2;3;2;3;194;JACQUES DUCLOS;;;;580
201400030363;14;9;27;1515;1;1;1;1;1;133;;M;0;0;690
201400030364;14;1;16;1715;1;2;1;8;2;58;RTE DE CLERMONT;M;4916120;228560;950
201400030365;14;5;21;1615;1;2;1;1;3;52;R SAINT ROCH;M;4914250;227990;950
201400030366;14;5;24;1615;1;1;1;2;1;139;;M;0;0;600
201400030367;14;7;25;1245;1;1;2;1;1;58;RD 929;M;4915560;229220;950
201400030368;14;1;23;700;2;1;1;1;1;116;RD 924;M;4915940;231790;950
201400030369;14;3;20;1145;1;2;1;1;6;487;AV GASTON VERMEIRE;M;4914930;227960;950
201400030370;14;3;25;845;1;1;1;1;6;116;;M;4915950;233230;950
201400030371;14;6;1;1845;1;1;1;1;1;487;RD 4;M;4915450;225990;950
201400030372;14;6;12;1730;1;1;1;1;4;436;RD 301;M;4913070;225590;950
201400030373;14;8;6;2015;1;1;1;1;7;487;RD 301;M;4914870;224850;950
201400030374;14;9;18;2300;5;2;1;1;1;52;RUE NATIONALE;M;4914360;228460;950
201400030375;14;11;5;1415;1;2;1;1;6;52;R NATIONALE;M;4914340;228450;950
201400030376;14;12;12;1545;1;1;6;6;7;116;RD 924Z;M;4915880;231470;950
201400030377;14;12;23;745;5;2;1;1;1;52;R SAINT ROCH;M;4914310;228140;950
201400030378;14;1;13;1500;1;2;1;7;6;313;R DE PONTOISE;M;4910890;222240;950
201400030379;14;1;17;1500;1;2;6;1;3;313;AV PONIATIOWSKI;M;4911930;223180;950
201400030380;14;1;25;1530;1;2;1;1;1;313;R ABBE BREUIL;M;4911490;221680;950
201400030381;14;1;29;1530;1;1;1;1;1;445;R LES COUTUMES;M;4910110;227540;950
201400030382;14;3;3;530;5;2;1;1;1;313;AV DE PARIS;M;4910960;222860;950
201400030383;14;3;22;45;3;1;1;1;6;504;RD 64E;M;4910180;228120;950
201400030384;14;4;6;130;3;1;1;1;6;313;R DE PONTOISE;M;4909320;221040;950
201400030385;14;4;27;1100;1;1;1;8;6;313;RN 184;M;0;0;950
201400030386;14;7;13;45;3;2;1;2;6;504;R DE THALEISCHWEILER;M;4911980;229110;950
201400030387;14;7;15;745;1;1;1;1;6;313;RN 184;M;0;0;950
201400030388;14;8;23;1345;1;2;1;3;3;313;AV DE PARIS;M;4910980;222770;950
201400030389;14;10;10;845;1;2;1;1;3;504;R DE LA REPUBLIQUE;M;4911410;228670;950
201400030390;14;10;11;1845;1;1;1;1;2;445;N 184;M;0;0;950
201400030391;14;10;16;1130;1;2;1;1;6;313;R MICHEL PONIATOWSKI;M;4911280;222550;950
201400030392;14;11;2;2015;5;2;1;2;6;313;GRANDE RUE;M;4911230;221590;950
201400030393;14;11;6;1000;1;1;1;1;3;504;RD 64E;M;4910140;227710;950
201400030394;14;5;27;1045;1;1;1;1;6;239;;M;0;0;710
201400030395;14;6;4;1200;1;2;1;2;1;47;RUE DES PREBENDES;M;4662211;377685;710
201400030396;14;1;13;1440;1;2;1;1;2;143;214, NATIONALE  ( ROUTE);;;;590
201400030397;14;1;25;1810;5;2;5;1;3;17;THIERS (PLACE );;;;590
201400030398;14;2;3;955;1;2;1;8;1;143;157, OLLIVIER (RUE OMER;;;;590
201400030399;14;3;13;1825;1;1;3;1;3;431;1822, BAILLEUL (RUE DE);;;;590
201400030400;14;3;12;2000;5;2;3;1;3;17;RESISTANTS (RUE DES );;;;590
201400030401;14;3;26;540;5;2;3;1;3;17;10bis, DEPORTES RUE DES;;;;590
201400030402;14;4;15;1130;1;1;3;1;3;431;HOUCKE (AVENUE JULES);;;;590
201400030403;14;4;15;1245;1;2;1;1;6;17;DECEUNINCK  (RUE ERNEST;;;;590
201400030404;14;4;11;1755;1;2;3;1;4;17;LEBLEU (RUE JULES );;;;590
201400030405;14;4;19;1935;1;1;1;1;6;431;BAC (RUE DU);;;;590
201400030406;14;4;20;10;5;2;1;1;1;143;55, VIGNERON (RUE VICTOR;M;5067299;290811;590
201400030407;14;5;22;1821;1;2;2;1;6;17;NORD (RUE DU );;;;590
201400030408;14;6;5;1425;1;2;3;1;6;143;NATIONALE  ( ROUTE);;;;590
201400030409;14;7;4;2120;1;2;1;1;6;317;HUGO  (RUE VICTOR);;;;590
201400030410;14;7;6;45;5;2;2;1;3;17;CARTIER (RUE JACQUES );;;;590
201400030411;14;7;11;1730;1;2;3;1;6;17;1, LILLE (RUE DE );;;;590
201400030412;14;8;10;2030;1;2;6;1;7;17;FAIDHERBE (BD );;;;590
201400030413;14;8;29;2040;2;2;1;1;3;431;1457, ARMENTIERES  (RUE;;;;590
201400030414;14;9;6;5;5;1;1;1;6;143;ROUTE NATIONALE (IMP);;;;590
201400030415;14;9;6;850;1;2;3;1;3;17;LEBLEU (RUE JULES );;;;590
201400030416;14;9;9;1935;1;2;1;1;6;17;35, FUSILLES (RUE DES );;;;590
201400030417;14;9;27;1915;1;2;1;1;3;431;HOUCKE (AVENUE JULES);;;;590
201400030418;14;10;2;1220;1;2;2;1;3;17;CARNOT (RUE SADI );;;;590
201400030419;14;10;25;1715;1;2;2;1;3;317;9, JAURES  (RUE JEAN );;;;590
201400030420;14;10;30;1745;5;2;2;1;5;17;EUROPE  (AVENUE DE L');;;;590
201400030421;14;11;1;1235;1;2;1;1;6;143;13, VIGNERON (RUE VICTOR;;;;590
201400030422;14;11;6;1220;1;1;1;1;1;143;PONCHELLE POREE (RUE);;;;590
201400030423;14;11;13;1730;5;2;3;1;3;17;48, LEBLEU (RUE JULES );;;;590
201400030424;14;11;3;2042;5;2;7;1;6;17;2, DUNKERQUE (RUE DE);;;;590
201400030425;14;11;25;801;1;2;1;1;3;17;LEBLEU (RUE JULES );;;;590
201400030426;14;11;20;1220;1;2;1;1;6;17;71, JAURES (RUE JEAN );;;;590
201400030427;14;12;15;1610;1;2;1;1;7;17;2, SANGNIER (AVENUE MARC;;;;590
201400030428;14;12;5;1820;1;2;3;1;6;143;BEAUCHAMP  (RUE LEON );;;;590
201400030429;14;3;25;1600;1;2;1;1;6;41;MAUBEUGE (RUE DE);;;;590
201400030430;14;4;30;1700;1;2;1;1;7;467;57, PANTEGNIES (ROUTE DE;;;;590
201400030431;14;7;3;1415;1;1;1;2;3;68;LOUIS DUBOC (RUE);;;;590
201400030432;14;2;22;935;1;2;1;1;6;43;198, LILLE (RUE DE) S1;;;;590
201400030433;14;5;2;1405;1;2;1;1;6;43;50, GARE (RUE DE LA);;;;590
201400030434;14;9;12;1830;1;2;3;1;6;43;PHARAON DE WINTER (RUE);;;;590
201400030435;14;10;15;1010;1;1;1;1;2;43;3064, LILLE (RUE DE) S1;;;;590
201400030436;14;10;26;400;3;1;9;1;6;43;987, LEET (RUE DU);;;;590
201400030437;14;12;12;1525;1;2;1;2;6;43;2, LILLE (RUE DE) S1;;;;590
201400030438;14;3;18;1600;1;2;2;1;3;122;0, GAUTHIER (RUE);;;;590
201400030439;14;4;6;530;3;1;1;1;6;206;NAVES (ROUTE DE) OU DEPA;;;;590
201400030440;14;5;20;735;1;1;1;1;6;206;NAVES (ROUTE DE) OU DEPA;;;;590
201400030441;14;4;12;1715;1;2;3;1;3;122;GAUTHIER (RUE);;;;590
201400030442;14;7;26;1700;1;2;1;1;6;122;, BART (BOULEVARD JEAN);;;;590
201400030443;14;9;4;1720;1;2;1;1;7;122;CAMBRESIS (RUE DU);;;;590
201400030444;14;10;11;745;2;2;1;2;6;122;1, CROIX A POTERIES (RAN;;;;590
201400030445;14;10;17;720;5;2;2;1;6;122;10, SAINT AUBERT (RUE);;;;590
201400030446;14;10;13;1410;1;2;1;1;6;122;LANDRECIES (RUE DES);;;;590
201400030447;14;11;4;1755;2;2;3;1;1;122;VAUBAN (BOULEVARD);;;;590
201400030448;14;12;9;1700;5;2;1;8;7;122;HUGO (AVENUE VICTOR);;;;590
201400030449;14;1;3;1520;1;2;1;1;3;253;JAURES (RUE JEAN );;;;590
201400030450;14;1;1;2240;5;2;1;1;6;153;32, JAURES (AVENUE JEAN;;;;590
201400030451;14;1;14;1740;3;1;1;8;1;153;C.D. 935 (NOUVEAU );;;;590
201400030452;14;2;14;810;1;2;6;1;3;153;3, BONSECOURS (ROUTE DE;;;;590
201400030453;14;2;13;215;3;1;1;1;6;253;C.D. 935 (NOUVEAU );;;;590
201400030454;14;2;28;2045;5;2;1;2;3;153;12, MONS (RUE DE );;;;590
201400030455;14;4;3;1825;1;2;2;1;3;153;BERTHELOT (IMPASSE );;;;590
201400030456;14;4;11;2250;5;2;1;1;7;616;BETH (RUE RENE );;;;590
201400030457;14;1;2;930;1;2;1;1;3;616;0, DEWASMES (RUE CESAR );;;;590
201400030458;14;5;16;1710;1;2;4;1;3;616;HUGO (RUE VICTOR );;;;590