num_acc;an;mois;jour;hrmn;lum;agg;int;atm;col;com;adr;gps;lat;long;dep
201400030459;14;6;8;2215;5;2;1;2;6;591;SAINT AYBERT (RUE DE );;;;590
201400030460;14;7;31;1805;1;2;3;1;3;253;PAIX (RUE DE LA );;;;590
201400030461;14;9;5;2215;5;2;1;1;7;591;133, SAINT AYBERT (RUE D;;;;590
201400030462;14;9;20;1810;1;2;3;1;3;153;0, GRAS BOEUF (RUE DU );;;;590
201400030463;14;9;24;2345;5;2;1;2;6;153;181, BERNISSART (ROUTE D;;;;590
201400030464;14;10;8;1100;1;1;6;3;3;253;PAIX (RUE DE LA );;;;590
201400030465;14;10;14;2325;5;2;1;1;6;153;342, BONSECOURS (ROUTE D;;;;590
201400030466;14;11;17;1420;1;2;1;1;1;526;1057, DELCOURT (RUE PIER;;;;590
201400030467;14;12;16;1740;5;2;2;1;3;253;ZOLA (RUE EMILE );;;;590
201400030468;14;1;21;1240;1;2;3;1;3;172;JAURES (AV. JEAN);;;;590
201400030469;14;2;11;1555;1;2;3;1;6;179;ALLENDE (R. SALVATOR);;;;590
201400030470;14;2;22;1655;1;2;1;1;3;172;BRUNET (R. ARTHUR);;;;590
201400030471;14;3;27;2015;3;2;1;1;2;179;D 630;;;;590
201400030472;14;2;23;1700;1;2;1;1;6;632;160, JAURES (R. JEAN);;;;590
201400030473;14;4;9;830;1;1;9;1;3;288;CD 40;;;;590
201400030474;14;5;16;2100;1;2;3;1;5;179;HASPRES (R. D');;;;590
201400030475;14;5;16;2131;1;2;1;1;2;361;., ROUSSEAU (R. WALDECK);;;;590
201400030476;14;5;21;800;2;2;1;1;6;172;PETIT (R. LOUIS);;;;590
201400030477;14;5;22;1615;1;2;3;1;3;172;964, BERTHELOT (R.);;;;590
201400030478;14;6;4;2004;1;2;3;3;3;205;SCHNEIDER (CITE);;;;590
201400030479;14;3;10;1510;1;1;1;1;2;632;MINEURS (BD DES);;;;590
201400030480;14;6;14;740;1;2;3;1;3;205;HUGO (R. VICTOR);;;;590
201400030481;14;6;15;615;2;2;2;1;3;172;BERTHELOT (R.);;;;590
201400030482;14;6;16;35;5;2;2;1;3;172;LECLERC (R. MARECHAL);;;;590
201400030483;14;6;24;1115;1;2;1;1;1;632;96, MATTEOTI;;;;590
201400030484;14;7;14;2205;1;2;9;1;6;172;VILLARS (R.);;;;590
201400030485;14;8;3;1730;1;2;1;1;3;632;SEMBAT (R. MARCEL);;;;590
201400030486;14;8;19;1730;1;2;1;1;5;504;52, EGALITE (R. DE L');;;;590
201400030487;14;8;21;2340;5;2;1;1;7;361;1301, JAURES (RES. JEAN);;;;590
201400030488;14;9;3;1030;1;2;2;1;3;172;., CARAMAN (BD);;;;590
201400030489;14;9;15;1935;1;2;1;1;2;179;D 630;;;;590
201400030490;14;9;1;2120;5;2;1;1;6;651;ISBERGUES (R. CHARLES);;;;590
201400030491;14;10;15;1950;5;2;3;1;3;172;BERTHELOT (R.);;;;590
201400030492;14;11;7;1630;1;2;1;1;6;179;REPUBLIQUE (AV DE LA);;;;590
201400030493;14;11;28;1620;2;2;1;1;6;172;PYRAMIDE (R.);;;;590
201400030494;14;12;6;2345;5;2;2;1;3;172;JAURES (AV. JEAN);;;;590
201400030495;14;12;11;1330;1;2;1;2;6;361;JAURES (RES. JEAN);;;;590
201400030496;14;12;25;2120;5;2;1;1;6;172;PYRAMIDE (R.);;;;590
201400030497;14;1;1;2055;5;2;2;2;3;390;190, MOUSSERON (RUE JULE;;;;590
201400030498;14;1;17;503;3;1;9;1;4;165;R.D 621;;;;590
201400030499;14;2;26;1740;1;1;1;2;3;203;POUILLE LUCIEN (RUE);;;;590
201400030500;14;12;8;755;2;2;1;8;1;156;CANAL (RUE DU);;;;590
201400030501;14;3;2;1810;1;2;6;1;3;654;114, MARTEL (RUE DES FRE;;;;590
201400030502;14;1;21;1855;5;2;2;1;2;327;374, POILUS (RUE DES);;;;590
201400030503;14;3;18;955;1;2;6;8;3;654;COET (RUE ANTOINE);;;;590
201400030504;14;3;27;1645;1;2;6;1;2;178;FAUBOURG DE BETHUNE (RUE;;;;590
201400030505;14;3;31;2155;5;2;1;1;1;24;16, LEBAS (RUE JEAN);;;;590
201400030506;14;3;26;1145;1;2;6;1;6;329;LEBAS (RUE JEAN-BAPTISTE;;;;590
201400030507;14;1;23;1425;1;2;1;2;6;178;08, PASTEUR (BOULEVARD);;;;590
201400030508;14;4;6;1800;1;2;1;1;7;486;NATIONALE (RUE);;;;590
201400030509;14;3;20;1430;1;2;1;1;6;8;02, JAURES (PLACE JEAN);;;;590
201400030510;14;4;15;1905;1;2;8;7;5;113;SALENGRO ROGER(RUE);;;;590
201400030511;14;3;7;1640;1;2;4;1;6;239;LAMBERT (RUE MOISE);;;;590
201400030512;14;4;9;740;1;2;3;7;3;345;JAURES (RUE);;;;590
201400030513;14;5;5;750;1;2;1;1;3;234;23, MARTIN (RUE MARCEAU);;;;590
201400030514;14;4;30;1545;1;2;2;7;3;569;LAMENDIN (RUE ARTHUR);;;;590
201400030515;14;5;16;1955;1;2;3;1;3;170;K (ALLEE - LA CROIX DE P;;;;590
201400030516;14;6;11;1120;1;2;6;1;3;28;8 MAI (PLACE DU);;;;590
201400030517;14;6;16;140;5;2;1;1;6;314;0000000000, BEAUCAIRE(RU;;;;590
201400030518;14;5;16;1745;1;2;1;7;6;178;08, PASTEUR (BOULEVARD);;;;590
201400030519;14;5;15;900;1;2;1;1;6;178;REPUBLIQUE (BOULEVARD DE;;;;590
201400030520;14;5;14;1340;1;1;3;1;6;654;DUBOIS (RUE CELESTIN);;;;590
201400030521;14;5;7;1245;1;2;3;1;3;8;VERRERIE D'EN BAS(RUE);;;;590
201400030522;14;5;15;1930;1;1;1;1;7;390;MONCHECOURT (ROUTE DE);;;;590
201400030523;14;6;29;1315;1;1;1;2;5;574;RD 957;;;;590
201400030524;14;7;6;25;5;2;1;1;6;314;37, BLAISE(RUE);;;;590
201400030525;14;6;12;1205;1;2;1;1;2;654;DUBOIS (RUE CELESTIN);;;;590
201400030526;14;7;12;545;2;2;1;1;1;390;17, LANNOY (RUE SUZANNE);;;;590
201400030527;14;7;14;50;5;1;1;1;7;375;CD 957;;;;590
201400030528;14;7;20;510;3;2;1;1;2;569;R.D 500;;;;590
201400030529;14;6;25;1150;1;2;1;1;6;178;0000000000, BREGUET (BOU;;;;590
201400030530;14;6;27;1015;1;2;1;1;6;178;CAMBRAI (RUE DE);;;;590
201400030531;14;7;10;1220;1;2;1;1;6;178;62, SAINT SULPICE (RUE);;;;590
201400030532;14;7;29;1215;1;2;6;1;3;178;SAINT SULPICE (RUE);;;;590
201400030533;14;8;12;930;1;1;6;1;3;156;STASSIN (RUE FERNAND);;;;590
201400030534;14;8;26;1820;1;2;1;1;7;178;GAULLE (PLACE CHARLES DE;;;;590
201400030535;14;8;31;1240;1;2;1;1;6;8;10, OLERON (RUE D');;;;590
201400030536;14;9;7;1825;1;1;1;1;1;239;SCARPE (RUE DE LA);;;;590
201400030537;14;9;11;1940;2;1;1;1;1;329;BREGUET (RUE DES FRERES);;;;590
201400030538;14;8;27;1445;1;2;1;1;6;569;ABBAYE (RUE DE L');;;;590
201400030539;14;9;4;755;1;2;1;1;6;314;157, DUEZ JEAN(RUE);;;;590
201400030540;14;8;20;1345;1;2;1;1;6;486;342, NATIONALE (RUE);;;;590
201400030541;14;10;4;1700;1;1;6;1;3;170;CAMUS (RUE ALBERT);;;;590
201400030542;14;10;8;1320;1;1;1;1;6;574;CD 957 Bis;;;;590
201400030543;14;11;16;100;5;2;1;1;6;345;ARAGON (RUE LOUIS);;;;590
201400030544;14;10;7;1730;1;2;1;1;6;178;524, JEANNE D'ARC (BOULE;;;;590
201400030545;14;10;5;1245;1;2;3;1;5;178;03, PONT DE LA DEULE (RU;;;;590
201400030546;14;10;7;830;1;2;3;3;6;569;8 MAI  1945 (RUE DU);;;;590
201400030547;14;12;8;1720;3;1;1;2;6;329;R.D 621;;;;590
201400030548;14;12;13;1300;1;1;1;1;1;569;R.D 500;;;;590
201400030549;14;11;10;830;1;2;1;1;6;8;LAGRANGE (RUE LEO);;;;590
201400030550;14;1;2;915;1;2;2;1;3;183;14, ROME;;;;590
201400030551;14;1;8;800;5;2;9;1;6;183;26, CITE - AVENUE;;;;590
201400030552;14;1;11;1830;5;1;9;1;2;271;., RN 1;;;;590
201400030553;14;1;16;1215;1;1;3;1;3;588;., HAMEAU N-D DES NEIGES;;;;590
201400030554;14;1;20;740;3;1;9;1;1;588;., 32EME DI;;;;590
201400030555;14;1;25;1315;1;2;1;1;6;540;., REPUBLIQUE;;;;590
201400030556;14;2;1;30;5;2;3;3;3;183;., PECHEURS;;;;590
201400030557;14;2;1;1415;1;2;9;1;6;540;DELVALLEE - SQUARE;;;;590
201400030558;14;2;3;850;1;2;2;9;6;271;., LA HAYE;;;;590
201400030559;14;2;4;1030;1;2;1;1;6;183;., ALEXANDRE III - BOULE;;;;590
201400030560;14;2;15;1145;1;2;2;6;3;183;., BEL AIR;;;;590
201400030561;14;2;18;1027;1;2;1;2;6;183;10, MARINE;;;;590
201400030562;14;1;31;830;1;2;1;1;7;183;., REPUBLIQUE - F MITTER;;;;590
201400030563;14;2;23;1720;1;2;2;1;3;183;., CALAIS;;;;590
201400030564;14;3;4;1625;1;2;9;7;6;271;., MITTERRAND FRANCOIS -;;;;590
201400030565;14;3;5;1615;1;2;1;1;3;155;., FURNES - ROUTE;;;;590
201400030566;14;3;9;1130;1;2;3;1;3;271;., LAMARTINE;;;;590
201400030567;14;3;14;1810;1;2;1;1;6;183;48, PRESIDENT POINCARE;;;;590
201400030568;14;3;16;630;2;1;1;8;6;183;., DIGUE DU BREAK - ROUT;;;;590
201400030569;14;3;13;1105;1;2;1;1;6;540;REPUBLIQUE;;;;590
201400030570;14;3;19;1530;1;2;1;7;6;248;17, BROSSOLETTE PIERRE;;;;590
201400030571;14;3;20;110;5;2;1;1;6;273;., OUEST (QUAI);;;;590
201400030572;14;4;3;1110;1;2;2;1;3;183;., HERBEAUX LOUIS - AVEN;;;;590
201400030573;14;4;12;100;3;1;1;1;7;271;., RD 601;;;;590
201400030574;14;4;13;330;5;2;1;1;6;183;77, LEOSTIC PIERRE;;;;590
201400030575;14;4;13;2205;5;2;1;1;2;183;., MENDES FRANCE - BOULE;;;;590
201400030576;14;4;18;655;1;2;1;1;1;183;., HOLLANDAIS - QUAI;;;;590
201400030577;14;4;18;1640;1;2;3;1;6;271;., SUWALKI - AVENUE;;;;590
201400030578;14;4;26;1230;1;2;2;2;3;271;., ALLENDE SALVADOR;;;;590
201400030579;14;4;24;1415;1;2;1;1;6;183;., PETITE-SYNTHE CD 940;;;;590
201400030580;14;5;8;900;1;2;9;2;2;183;., REPUBLIQUE - F MITTER;;;;590
201400030581;14;5;14;1815;1;2;3;1;3;183;, PETITE-SYNTHE CD 940 -;;;;590
201400030582;14;5;8;1810;1;2;3;2;3;183;., CORSAERT;;;;590
201400030583;14;6;1;1910;1;2;2;1;1;183;502, ROSENDAEL - AVENUE;;;;590
201400030584;14;6;2;840;1;2;6;1;6;183;EMMERY - PONT;;;;590
201400030585;14;6;9;2120;1;1;1;1;7;359;., N316;;;;590
201400030586;14;6;14;1340;1;2;2;1;3;273;., SCULPTEURS (BOULEVARD;;;;590
201400030587;14;6;11;1335;1;2;2;1;3;272;., CALAIS (AVENUE DE);;;;590
201400030588;14;6;21;1130;1;2;1;1;6;272;4, LEPRETRE (PLACE JOSEP;;;;590
201400030589;14;6;24;1925;1;2;1;1;6;183;1790, BANC VERT;;;;590
201400030590;14;7;19;130;5;2;1;2;6;183;20, HERMITE;;;;590
201400030591;14;7;30;1915;1;2;1;1;6;183;., BANC VERT;;;;590
201400030592;14;8;2;20;5;2;9;1;6;183;., KRUYSBELLAERT;;;;590
201400030593;14;8;2;1425;1;2;1;1;6;588;81, PAGNOL MARCEL;;;;590
201400030594;14;8;11;1650;1;2;2;1;3;183;., ALBERT 1ER - PONT;;;;590
201400030595;14;8;12;2110;1;2;1;1;7;183;., DARSES - CHAUSSEE;;;;590
201400030596;14;8;14;2225;4;2;1;2;2;155;., FURNES - ROUTE;;;;590
201400030597;14;8;16;1240;1;2;1;1;6;183;., ROSENDAEL - AVENUE;;;;590
201400030598;14;9;6;500;5;1;3;1;3;155;., BERGUES CD 916 - ROUT;;;;590
201400030599;14;8;23;910;1;2;9;1;6;183;., ABOUT - AVENUE;;;;590
201400030600;14;8;16;1650;1;2;1;1;6;271;81, PROVENCE;;;;590
201400030601;14;10;3;1145;1;2;9;1;6;183;164, NANCY;;;;590
201400030602;14;10;3;1730;1;1;9;1;3;183;KRUYSBELLAERT;;;;590
201400030603;14;10;6;1335;1;2;3;1;3;183;., CENT DIXIEME R.I;;;;590
201400030604;14;10;12;935;1;2;2;1;3;183;., RD 601;;;;590
201400030605;14;10;12;2130;5;2;2;3;3;155;., FURNES - ROUTE;;;;590
201400030606;14;3;21;2130;5;2;2;3;3;155;., FURNES - ROUTE;;;;590
201400030607;14;10;8;1735;1;2;1;1;6;183;24, CALAIS;;;;590
201400030608;14;10;19;1730;1;2;9;1;2;540;., REPUBLIQUE;;;;590
201400030609;14;10;17;1945;4;1;1;1;6;155;AUTOROUTE A16;;;;590
201400030610;14;10;29;2155;5;2;2;1;3;183;., ARBRES;;;;590
201400030611;14;11;1;1910;5;2;9;1;6;183;., HUGO VICTOR - BOULEVA;;;;590
201400030612;14;11;5;910;1;2;6;1;3;131;., PAPE VELD;;;;590
201400030613;14;11;23;50;5;2;9;2;6;183;., MARDYCK - QUAI;;;;590
201400030614;14;11;25;655;5;2;6;1;6;183;., KRUYSBELLAERT;;;;590
201400030615;14;12;7;2010;5;2;2;1;3;183;MALRAUX Andr?;;;;590
201400030616;14;12;6;1910;5;2;1;1;6;273;., EUROPE (BOULEVARD DE;;;;590
201400030617;14;12;15;2105;5;2;2;1;3;183;., ROSENDAEL - AVENUE;;;;590
201400030618;14;12;19;2110;5;2;1;1;2;272;., GRAVELINES (RUE DE);;;;590
201400030619;14;12;19;2345;5;2;1;1;2;183;., RD 601;;;;590
201400030620;14;12;24;1250;1;1;1;2;5;588;., 32EME DI;;;;590
201400030621;14;12;30;1205;1;2;1;1;6;183;., MALO GASPARD - AVENUE;;;;590
201400030622;14;4;4;30;5;2;1;1;7;295;DE MERVILLE;;;;590
201400030623;14;4;6;920;1;2;1;1;6;295;DEPOORTER;;;;590
201400030624;14;4;14;2050;3;1;1;1;5;295;DE LA MOTTE AU BOIS;;;;590
201400030625;14;8;1;1205;1;1;1;1;5;295;1611 RTE DE MERVILLE;M;5069826;255698;590
201400030626;14;12;26;1900;5;2;1;1;3;295;91, NOTRE DAME;;;;590
201400030627;14;2;7;800;2;2;1;6;3;324;1, DORMOY MAX (RUE);;;;590
201400030628;14;4;19;730;1;2;1;1;6;324;98, LEON BLUM (RUE);;;;590
201400030629;14;7;18;810;1;2;1;1;3;324;274, COLLERET (RUE);;;;590
201400030630;14;7;24;1835;1;1;1;1;6;104;MORONVAL (RUE);;;;590
201400030631;14;9;3;2200;5;1;1;1;6;324;GENERAL DE GAULLE (AVENU;;;;590
201400030632;14;1;3;1600;2;2;2;3;6;350;NC, FAUBOURG DE ROUBAIX;;;;590
201400030633;14;1;8;1020;1;2;2;1;2;350;131, ARTOIS RUE D';;;;590
201400030634;14;1;13;1115;1;2;2;1;3;378;0, DELATTRE DE TASSIGNY;;;;590
201400030635;14;1;17;300;5;2;2;1;6;527;LAMBERSART RUE DE;;;;590
201400030636;14;1;17;715;2;2;2;1;3;350;TERRE PLACE MONT DE;;;;590
201400030637;14;1;16;1220;1;2;2;1;6;350;TURENNE RUE DE;;;;590
201400030638;14;1;13;1630;1;2;2;1;6;350;67, REPUBLIQUE AVENUE DE;;;;590
201400030639;14;1;9;1725;5;2;2;1;7;560;FENELON RUE;;;;590
201400030640;14;1;9;1645;1;2;2;1;3;368;face 83bis, POMPIDOU G.;;;;590
201400030641;14;1;21;1215;1;2;2;8;6;350;MONTEBELLO BOULEVARD;;;;590
201400030642;14;1;26;155;5;2;4;1;2;527;NC, QUESNOY DE, RUE;;;;590
201400030643;14;1;27;1910;5;2;7;2;6;350;DOREZ BARTHELEMY PLACE;;;;590
201400030644;14;1;21;2110;5;2;3;1;6;350;799, DUNKERQUE AVENUE;;;;590
201400030645;14;1;16;1340;1;2;4;2;3;360;155, BARBUSSE HENRI RUE;;;;590
201400030646;14;1;23;1230;1;2;2;1;3;368;LECLERC RUE DU MARECHAL;;;;590
201400030647;14;2;9;650;5;2;2;1;3;350;FAUBOURG D'ARRAS RUE;;;;590
201400030648;14;1;26;735;2;2;2;1;3;350;BATELIERS RUE DES;;;;590
201400030649;14;2;8;2020;5;2;2;1;1;350;LEGRAND PIERRE RUE;;;;590
201400030650;14;1;30;1935;5;2;1;1;6;350;119, VOLTAIRE RUE;;;;590
201400030651;14;1;21;750;2;2;3;5;6;350;DUNKERQUE AVENUE;;;;590
201400030652;14;2;10;1510;1;2;3;1;6;350;186, GAMBETTA LEON RUE;;;;590
201400030653;14;1;31;1130;1;2;2;1;6;350;REPUBLIQUE PLACE DE LA;;;;590
201400030654;14;1;24;1030;1;2;2;1;6;350;FAUBOURG DE ROUBAIX RUE;M;5064210;309261;590
201400030655;14;2;8;905;1;2;2;8;3;350;75, VAUBAN BOULEVARD N?;;;;590
201400030656;14;2;3;1625;1;2;4;1;3;350;LAMBRET OSCAR CENTRE;;;;590
201400030657;14;2;12;1230;1;2;1;1;6;9;ROUX RUE DU DOCTEUR;;;;590
201400030658;14;1;19;2050;5;2;2;1;6;368;267, REPUBLIQUE AVENUE D;;;;590
201400030659;14;2;8;2340;5;2;5;2;6;350;BARRE RUE DE LA;;;;590
201400030660;14;1;28;1320;1;2;2;2;6;328;LECLERC AVENUE DU MARECH;;;;590
201400030661;14;2;12;1030;1;2;2;7;3;350;CHATEAU D'ISENGHEIN RUE;;;;590
201400030662;14;2;11;1725;2;2;2;8;6;350;71, LIBERTE BOULEVARD DE;;;;590
201400030663;14;2;19;1600;1;2;1;7;1;220;ARBRISSEAU RUE DE L   N?;;;;590
201400030664;14;2;13;1940;5;2;5;1;6;378;390, REPUBLIQUE AV DE LA;;;;590
201400030665;14;2;19;1705;1;2;1;1;3;350;6, BIGO DANEL BOULEVARD;;;;590
201400030666;14;2;16;2050;5;2;2;1;6;350;LEROUX DE FAUQUEMONT PLA;;;;590
201400030667;14;2;21;15;4;2;2;2;3;350;ERFURT PONT;;;;590
201400030668;14;2;24;1510;1;2;2;8;6;350;75, PEUPLE BELGE AVENUE;M;5064739;306071;590
201400030669;14;2;22;2100;5;1;1;1;6;457;COEULLERIE CHEMIN DE LA;M;5067177;295571;590
201400030670;14;2;19;1205;1;2;9;1;7;9;22, PASTEUR RUE;;;;590
201400030671;14;2;19;1300;1;2;1;1;2;328;67, DELECAUX HENRI AVENU;M;5064461;303194;590
201400030672;14;2;22;630;5;2;1;1;6;350;0, SOLFERINO RUE N?1 - 1;;;;590
201400030673;14;2;5;2140;5;2;2;1;3;350;LANNOY RUE DE;;;;590
201400030674;14;2;28;1500;1;2;6;2;6;350;DUTHOIT EUGENE BOULEVARD;;;;590
201400030675;14;2;25;1905;5;2;6;1;6;9;DE VALMY PLACE;;;;590
201400030676;14;3;9;1845;2;2;3;1;3;350;MERMOZ RUE;;;;590
201400030677;14;3;4;1340;1;2;2;1;3;350;LIBERTE BOULEVARD DE LA;;;;590
201400030678;14;3;2;1005;1;2;3;1;6;350;299 bis, FAUBOURG D'ARRA;;;;590
201400030679;14;2;26;1200;1;2;2;1;6;286;GAMBETTA LEON RUE;;;;590
201400030680;14;2;25;1820;2;2;2;3;6;328;286, DUNKERQUE AVENUE DE;;;;590
201400030681;14;3;20;1010;1;2;2;1;6;360;97, FOCH RUE DU MARECHAL;;;;590
201400030682;14;3;20;740;1;2;1;1;5;470;19, ROUTE NATIONALE;;;;590
201400030683;14;3;22;1345;1;2;9;1;3;350;MONTEBELLO BOULEVARD N?;;;;590
201400030684;14;3;26;1355;1;2;2;1;3;350;BERTEAUX MAURICE RUE;;;;590
201400030685;14;3;23;2130;5;2;2;1;3;350;0, MONTEBELLO BD PAIRS D;;;;590
201400030686;14;3;27;1454;1;2;3;1;7;350;LEBAS JEAN BAPTISTE BOUL;;;;590
201400030687;14;4;1;1355;1;2;1;7;6;350;CORMONTAIGNE PLACE;;;;590
201400030688;14;3;30;700;2;2;2;1;6;350;4, CARREL ARMAND RUE;;;;590
201400030689;14;4;3;1050;1;2;2;1;3;350;VAUBAN BOULEVARD N? REST;;;;590
201400030690;14;4;3;1145;1;2;2;1;5;350;HUGO VICTOR RUE;;;;590
201400030691;14;4;5;1045;1;2;2;1;3;9;FLANDRE AVENUEE DE;;;;590
201400030692;14;4;5;1837;1;2;9;1;5;286;190, CARNOT SADI RUE;;;;590
201400030693;14;4;1;2240;5;2;1;1;2;527;LILLE RUE DE N?2 - 36-31;;;;590
201400030694;14;4;5;2110;3;2;1;1;7;636;1650, COMINES CHEMIN DE;;;;590
201400030695;14;3;22;125;5;2;1;1;6;350;CARREL ARMAND RUE;;;;590
201400030696;14;4;10;2030;1;2;1;1;6;193;POTIE, rue A.;;;;590
201400030697;14;4;14;1635;1;2;1;1;7;316;167, JAURES JEAN RUE;;;;590
201400030698;14;3;29;1945;5;2;2;1;3;378;NATIONALE RUE;;;;590
201400030699;14;4;1;1730;1;2;3;1;2;527;151, DE LATTRE TASSIGNY.;;;;590
201400030700;14;4;15;1915;1;2;3;1;6;350;TURGOT RUE;;;;590
201400030701;14;4;25;615;2;2;3;1;3;350;10, CARREL ARMAND RUE;;;;590
201400030702;14;4;17;1540;1;1;9;1;3;193;D. 341;;;;590
201400030703;14;4;25;2340;4;2;1;1;3;350;0, FENELON RUE;;;;590
201400030704;14;4;17;1950;1;2;2;1;1;350;VAUBAN BOULEVARD N? REST;;;;590
201400030705;14;4;18;2100;5;2;2;1;3;9;JAURES JEAN RUE    N?101;;;;590
201400030706;14;4;25;1055;1;2;2;1;7;360;FOCH RUE DU MARECHAL;;;;590
201400030707;14;4;30;1800;1;2;2;1;6;350;1, POT RUE LONG;;;;590
201400030708;14;5;5;1820;1;2;1;1;6;328;0, HIPPODROME AV DE L N?;;;;590
201400030709;14;5;7;1855;1;2;1;1;7;350;71, SAINT SEBASTIEN RUE;;;;590
201400030710;14;5;9;1118;1;2;1;1;2;360;8 bis, FOCH RUE DU MAREC;;;;590
201400030711;14;5;6;1415;1;2;1;1;6;350;PARIS RUE N? RESTE;;;;590
201400030712;14;5;10;1210;1;1;9;1;1;560;MARTINSART ROUTE DE;;;;590
201400030713;14;5;7;2250;5;2;1;1;6;9;2, BOIS AVENUE DU PONT D;;;;590
201400030714;14;5;13;1405;1;2;1;2;5;350;LIBERTE BVD N?147 A FIN-;;;;590
201400030715;14;5;5;1330;1;2;2;1;3;648;CLEMENCEAU RUE;;;;590
201400030716;14;5;14;1015;1;2;2;1;3;350;01, WAZEMMES RUE DE N?1;;;;590
201400030717;14;5;12;1550;1;2;1;1;6;350;19, LEBAS JEAN BAPTISTE;;;;590
201400030718;14;5;5;1605;1;2;9;1;7;9;53, BARATTE GASTON RUE;;;;590
201400030719;14;5;19;1920;1;2;3;1;1;527;197, CARNOT SADI RUE;;;;590
201400030720;14;5;19;1225;1;2;2;1;3;328;GAMBETTA LEON RUE;;;;590
201400030721;14;5;20;1805;1;2;3;1;7;378;GUESDE JULES RUE;;;;590
201400030722;14;5;22;1510;1;2;1;1;7;9;5, TREMIERE RUE;;;;590
201400030723;14;5;24;1420;1;1;9;1;7;470;BLEUE LIEUDIT LA;;;;590
201400030724;14;5;18;400;5;2;2;1;2;328;HIPPODROME AV DE L N?134;;;;590
201400030725;14;5;27;1755;1;2;1;1;1;648;62, CLEMENCEAU RUE;;;;590
201400030726;14;5;31;455;2;2;3;1;3;350;NC, BALLON RUE DU;;;;590
201400030727;14;5;31;330;5;2;1;1;6;350;230, ARRAS RUE D;;;;590
201400030728;14;5;23;1445;1;2;2;1;3;9;NC, OUEST BOULEVARD DE L;;;;590
201400030729;14;5;29;2030;1;2;2;1;3;350;CHURCHILL WINSTON RUE;;;;590
201400030730;14;5;30;2020;1;2;9;1;3;386;NC, LECLERCQ RUE DU GENE;;;;590
201400030731;14;6;9;1834;1;2;1;1;1;356;0, LILLE RUE DE;;;;590
201400030732;14;5;30;1640;1;2;1;1;6;220;FERRER RUE;;;;590
201400030733;14;6;2;1300;1;2;2;1;5;9;2, FUSILLES RUE DES DU N;;;;590
201400030734;14;6;5;820;1;2;1;1;2;378;65, EGALITE RUE DE L;;;;590
201400030735;14;6;6;1345;1;2;1;1;4;328;226, HIPPODROME AV DE L;;;;590
201400030736;14;6;7;1540;1;2;2;1;3;560;APOLDA RUE D;;;;590
201400030737;14;6;8;1230;1;2;1;1;7;350;NC, MARCHE RUE DU;;;;590
201400030738;14;6;11;1855;1;2;1;1;3;350;NATIONALE RUE N?2 - 178B;;;;590
201400030739;14;6;4;1;5;2;4;9;6;350;DE BETTIGNIES LOUISE PLA;;;;590
201400030740;14;6;14;1115;1;2;9;1;6;350;148, LIBERTE BVD N?147 A;;;;590
201400030741;14;6;14;2035;1;2;4;1;1;378;MESUREUR GUSTAVE RUE;;;;590
201400030742;14;6;14;1800;1;2;1;1;6;527;34, LAMBERSART RUE DE;;;;590
201400030743;14;6;10;2105;2;2;1;1;1;368;2 TER, HALLENDRE EUGENE;;;;590
201400030744;14;6;4;1045;1;2;9;2;7;350;SALENGRO ROGER RUE;;;;590
201400030745;14;6;10;910;1;2;2;1;7;378;NC, REPUBLIQUE AV DE LA;;;;590
201400030746;14;6;17;1100;1;2;2;1;6;378;LISFRANC-CROISE LAROCHE;;;;590
201400030747;14;6;17;1643;1;2;1;1;6;457;TUILERIE AVENUE DE LA;;;;590
201400030748;14;6;17;1645;1;2;6;1;6;350;NC, DOREZ BARTHELEMY PLA;;;;590
201400030749;14;6;17;1440;1;1;1;1;6;350;Embranchement RN 356;;;;590
201400030750;14;6;8;200;5;2;1;1;2;356;PERENCHIES ROUTE DE;;;;590
201400030751;14;6;20;1029;1;2;1;1;6;350;CARREL ARMAND RUE;;;;590
201400030752;14;6;22;220;5;2;1;1;6;350;NC, NEUF RUE PONT;;;;590
201400030753;14;6;16;2220;1;2;2;1;3;350;LEFEVRE GEORGES RUE;;;;590
201400030754;14;6;24;1300;1;2;1;1;3;9;DOUMER PAUL RUE DU PRESI;;;;590
201400030755;14;6;25;1600;1;2;9;1;3;350;SALENGRO ROGER RUE;;;;590
201400030756;14;6;23;840;1;2;2;1;3;350;NC, BERNOS RUE;;;;590
201400030757;14;6;21;1455;1;2;9;1;1;9;NC, 8 MAI 1945 RUE DU PE;;;;590
201400030758;14;6;20;45;5;2;1;1;6;350;CAMBRAI RUE DE N?PAIRS;;;;590
201400030759;14;6;28;1130;1;2;2;1;3;350;CAMBRAI RUE DE N?PAIRS;;;;590
201400030760;14;6;22;1330;1;2;1;1;6;350;NC, DUNKERQUE AVENUE;;;;590
201400030761;14;6;28;1600;1;2;1;1;6;566;NC, BOUTILLERIE AVENUE D;;;;590
201400030762;14;6;27;200;5;2;1;1;6;350;POSTES RUE N? RESTE;;;;590
201400030763;14;6;29;1750;1;2;2;1;3;9;NC, OUEST BOULEVARD DE L;;;;590
201400030764;14;6;27;1735;1;2;2;2;3;350;NC, BRUXELLES RUE DE;;;;590
201400030765;14;6;24;2000;2;2;2;1;3;350;NC, ASIE RUE DE L;;;;590
201400030766;14;6;30;2300;3;2;1;1;6;636;180, VOIE D'ACCES ROCADD;;;;590
201400030767;14;7;7;1500;1;2;1;1;6;507;STRASBOURG RUE DE;;;;590
201400030768;14;7;1;735;1;2;6;1;3;328;NC, SAUT DU LOUP ROND PO;;;;590
201400030769;14;7;2;2300;5;2;9;1;7;350;DOREZ BARTHELEMY PLACE;;;;590
201400030770;14;7;2;2200;1;2;1;1;6;360;NC, BARBUSSE HENRI RUE;;;;590
201400030771;14;7;4;2110;1;2;1;1;6;378;NC, REPUBLIQUE AV DE LA;;;;590
201400030772;14;7;9;1825;1;2;1;2;6;350;NC, DUNKERQUE AVENUE DE;;;;590
201400030773;14;6;22;1950;1;2;3;1;6;360;38, FOCH RUE DU MARECHAL;;;;590
201400030774;14;8;17;1950;1;2;1;1;6;350;CHASSEURS DE DRIANT PLAC;;;;590
201400030775;14;7;11;300;3;2;3;3;6;350;NC, DECONYNCK ERNEST RUE;;;;590