num_acc;an;mois;jour;hrmn;lum;agg;int;atm;col;com;adr;gps;lat;long;dep
201400030776;14;7;15;1350;1;2;1;8;1;346;CHANZY RUE;;;;590
201400030777;14;7;11;2205;5;2;9;1;6;350;NC, TACQ ANTOINE PLACE;;;;590
201400030778;14;5;28;1835;1;2;3;7;6;350;NC, ESPLANADE FACADE;;;;590
201400030779;14;6;26;1025;1;2;2;1;3;350;NC, DUNKERQUE AVENUE;;;;590
201400030780;14;6;27;110;5;1;6;1;6;378;NC, NATIONALE RUE;;;;590
201400030781;14;7;6;1725;1;2;9;1;3;360;NC, POTIE GEORGES RUE;;;;590
201400030782;14;7;8;1150;1;2;1;1;2;527;74, LECLERC RUE DU GENER;;;;590
201400030783;14;7;16;1336;1;2;1;1;6;360;146, FOCH RUE DU MARECHA;;;;590
201400030784;14;7;16;1040;1;2;5;1;5;350;MOSELLE BOULEVARD DE LA;;;;590
201400030785;14;7;13;2115;1;2;1;1;7;350;130, SOLFERINO RUE N?1 -;;;;590
201400030786;14;7;2;1645;1;2;3;1;3;9;VERSAILLE RUE DE;;;;590
201400030787;14;7;16;1010;1;2;1;1;6;350;0, METZ BOULEVARD;;;;590
201400030788;14;7;16;1620;1;2;6;7;2;350;JUSSIEU RUE;;;;590
201400030789;14;7;9;1215;1;2;3;2;6;368;111, DE GAULLE RUE DU GE;;;;590
201400030790;14;7;21;630;2;2;9;1;5;350;NC, LAMBRET OSCAR AVENUE;;;;590
201400030791;14;7;23;1300;1;2;1;1;6;9;NC, BREUCQ BOULEVARD DU;;;;590
201400030792;14;5;20;1915;1;2;1;2;6;350;0, VANHOENACKER PLACE;;;;590
201400030793;14;7;25;1630;1;2;3;1;5;350;NC, LIBERTE BOULEVARD N?;;;;590
201400030794;14;7;27;1040;1;2;1;1;6;350;0, VAUBAN BOULEVARD N? R;;;;590
201400030795;14;7;22;1250;1;2;9;1;3;350;DUBUISSON EMILE BOULEVAR;;;;590
201400030796;14;7;22;1715;1;2;1;1;6;350;MARQUILLIES RUE;;;;590
201400030797;14;7;23;1345;1;2;1;1;3;378;0, MARNE AVENUE DE LA;;;;590
201400030798;14;7;30;2105;5;2;2;1;3;368;20, BALLON RUE DU;;;;590
201400030799;14;8;2;1720;1;2;1;1;6;368;1, HUGO VICTOR AVENUE;;;;590
201400030800;14;8;26;1100;1;2;3;2;3;350;BERTHELOT MARCELIN RUE;;;;590
201400030801;14;5;30;1752;1;2;1;1;6;560;BOUVRY ROGER IMPASSE;;;;590
201400030802;14;8;4;2352;4;2;1;1;6;350;MAUBEUGE RUE N?1 - 32;;;;590
201400030803;14;8;10;1540;1;2;9;3;3;350;NC, ARRAS RUE D;;;;590
201400030804;14;7;25;1250;1;2;3;1;6;9;FUSILLES RUE DES DU N?9;;;;590
201400030805;14;8;7;2050;1;2;1;1;7;560;CD 925;;;;590
201400030806;14;8;18;800;1;2;1;1;7;378;0, POINCARE AVENUE;;;;590
201400030807;14;7;2;1950;1;2;1;1;6;193;0, GUSTAVE DELORY, RUE;;;;590
201400030808;14;8;8;1425;1;2;2;2;3;350;NC, MONTEBELLO BOULEVARD;;;;590
201400030809;14;8;20;1430;1;2;3;1;3;328;LILLE RUE DE;;;;590
201400030810;14;7;24;1735;1;2;2;1;3;350;NC, LIBERTE BVD N?2 - 90;;;;590
201400030811;14;8;28;1217;1;2;1;1;5;350;0, FAUBOURG D'ARRAS RUE;;;;590
201400030812;14;9;3;2200;5;2;3;1;2;410;SANGNIER MARC AVENUE;;;;590
201400030813;14;9;8;1730;1;2;2;1;6;527;0, LAMBERSART RUE DE;;;;590
201400030814;14;9;19;2140;5;2;1;1;1;343;AUCUN, VOLTAIRE RUE;;;;590
201400030815;14;9;28;615;5;2;9;1;6;350;nc, DOREZ BARTHELEMY PLA;;;;590
201400030816;14;9;26;1154;1;2;3;1;3;350;125, DUNKERQUE AVENUE;;;;590
201400030817;14;9;27;1430;1;2;1;1;4;360;104, FOCH RUE DU MARECHA;;;;590
201400030818;14;9;17;810;1;2;1;1;3;9;NC, RECLUS RUE ELISEE;;;;590
201400030819;14;9;24;1025;1;2;4;2;6;9;215, GUESDE JULES RUE;;;;590
201400030820;14;9;26;1320;1;2;9;1;3;220;AUCUN, LECLERCQ AVENUE D;;;;590
201400030821;14;9;30;1430;1;2;1;1;6;9;0, TOURNAI BOULEVARD DE;;;;590
201400030822;14;9;13;2110;5;2;1;1;6;350;NC, LAMBRET OSCAR AVENUE;;;;590
201400030823;14;9;27;1100;1;2;1;1;3;360;44, REPUBLIQUE BOULEVARD;;;;590
201400030824;14;9;17;1630;1;2;2;1;3;350;NC, GHESQUIERES RUE;;;;590
201400030825;14;9;19;745;1;2;1;1;3;350;211, PARIS RUE N? RESTE;;;;590
201400030826;14;10;8;1615;1;2;1;1;6;9;02, PASTEUR RUE;;;;590
201400030827;14;10;2;840;1;2;9;1;6;350;AUCUN, LEZENNES BOULEVAR;;;;590
201400030828;14;10;2;1040;1;2;1;1;3;560;NC, LILLE ROUTE DE;;;;590
201400030829;14;10;5;2000;5;2;1;1;3;378;102, MENIN RUE DE;;;;590
201400030830;14;10;3;805;1;2;1;1;6;350;NC, DUNKERQUE AVENUE;;;;590
201400030831;14;10;2;2020;2;2;1;1;7;350;NC, LEGRAND PIERRE RUE;;;;590
201400030832;14;10;4;1230;1;2;2;1;7;368;NC, DE GAULLE RUE DU GEN;;;;590
201400030833;14;10;12;1435;1;2;2;9;4;350;, HUGO VICTOR  BVD N?2 -;;;;590
201400030834;14;10;13;1540;1;2;1;1;6;350;0, LEBON PHILLIPE PLACE;;;;590
201400030835;14;10;11;1555;1;2;3;1;3;350;NC, REGNAULT HENRI RUE;;;;590
201400030836;14;9;25;925;1;2;1;1;2;350;64, LIBERTE BOULEVARD N?;;;;590
201400030837;14;10;6;1800;1;2;1;8;6;350;196, MONTEBELLO BD PAIRS;;;;590
201400030838;14;10;4;1500;1;2;1;9;3;350;AUCUN, MONTEBELLO BOULEV;;;;590
201400030839;14;10;21;2040;3;2;1;9;5;507;NC, FRANCE ANATOLE RUE;;;;590
201400030840;14;10;21;800;2;2;1;1;5;9;NC, DOUMER PAUL RUE DU P;;;;590
201400030841;14;10;23;1720;1;2;2;1;3;350;NC, ARC RUE JEANNE D N?;;;;590
201400030842;14;10;27;1000;1;2;1;1;6;350;159, FAUBOURG DES POSTES;;;;590
201400030843;14;10;28;1710;1;2;9;1;1;9;OUEST BOULEVARD DE L;;;;590
201400030844;14;11;1;2030;5;2;1;1;7;9;aucun, BREUGHEL RUE;;;;590
201400030845;14;10;26;1505;1;2;9;1;3;9;AUCUN, LILLE, Rue de;;;;590
201400030846;14;10;31;1225;1;2;2;1;6;410;NC, BECQUEREL RUE DU;;;;590
201400030847;14;10;31;1900;5;2;2;1;7;350;MASUREL RUE;;;;590
201400030848;14;11;5;830;1;2;1;7;6;585;2, ENNETIERES ROUTE DE;;;;590
201400030849;14;11;3;2130;5;2;1;2;6;350;52, CARNOT SADI BV. N?PA;;;;590
201400030850;14;11;6;1020;1;2;1;1;6;560;21, LILLE ROUTE DE;;;;590
201400030851;14;11;6;2350;5;2;2;1;6;350;AUCUN, SOLFERINO RUE N?1;;;;590
201400030852;14;11;1;1130;1;2;2;1;3;350;NC, VANHOENACKER PLACE;;;;590
201400030853;14;11;6;1620;1;2;1;1;6;350;24, ESPLANADE FACADE;;;;590
201400030854;14;11;5;830;1;2;1;1;6;360;NC, HERRIOT EDOUARD RUE;;;;590
201400030855;14;11;3;1335;1;2;1;1;6;560;89, BOUVRY ROGER RUE;;;;590
201400030856;14;11;10;800;1;2;1;1;6;350;40, THUMESNIL RUE;;;;590
201400030857;14;11;10;1050;1;2;1;1;3;328;NC, ALLIANCE NORD OUEST;;;;590
201400030858;14;10;30;1920;1;2;2;1;3;350;MOSELLE BOULEVARD N?IMPA;;;;590
201400030859;14;10;31;1620;1;2;6;1;7;356;NC, PERENCHIES ROUTE DE;;;;590
201400030860;14;10;21;750;2;2;1;8;6;350;22, SOLFERINO RUE N?1 -;;;;590
201400030861;14;11;11;1420;1;2;4;1;6;350;AUCUN, BELFORT BOULEVARD;;;;590
201400030862;14;11;12;1135;1;2;1;1;6;350;AUSTERLITZ RUE D;;;;590
201400030863;14;11;12;815;1;2;2;1;1;350;NC, VAUBAN BOULEVARD N?;;;;590
201400030864;14;11;15;1454;1;1;1;1;3;9;AUCUN, RD 626;;;;590
201400030865;14;11;16;330;5;2;1;1;6;350;9, CHATS BOSSUS RUE DES;;;;590
201400030866;14;11;4;725;2;2;1;2;3;286;176, CARNOT SADI RUE;;;;590
201400030867;14;11;15;445;5;2;1;2;4;350;NC, LAMBRET OSCAR AVENUE;;;;590
201400030868;14;11;18;1735;4;1;1;1;6;196;NC, ZONE COMMERCIALE;;;;590
201400030869;14;10;27;1700;1;2;1;1;7;220;01, JOINVILLE RUE DE;;;;590
201400030870;14;10;11;1300;1;2;1;1;6;350;NC, BRANDT WILLY AVENUE;;;;590
201400030871;14;11;24;1850;5;2;9;1;6;368;NC, FAURE RUE FELIX;;;;590
201400030872;14;11;25;440;5;2;2;9;2;350;NC, MOSELLE BOULEVARD N?;;;;590
201400030873;14;11;21;800;1;2;1;1;3;350;12, TENREMONDE RUE N?PAI;;;;590
201400030874;14;11;23;1730;3;1;9;2;6;560;AUCUN, AVELIN ROUTE D;;;;590
201400030875;14;11;26;1000;1;2;9;1;6;350;NC, SOLFERINO RUE N?1 -;;;;590
201400030876;14;11;26;945;1;2;1;1;3;360;28, POTIE GEORGES RUE;;;;590
201400030877;14;11;27;1350;1;2;1;1;1;350;NC, GUESDE JULES N?27 -;;;;590
201400030878;14;11;25;1245;1;2;1;1;6;350;NC, EMMERIN RUE;;;;590
201400030879;14;12;1;1120;1;2;1;1;3;350;NC, REPUBLIQUE AVENUE DE;;;;590
201400030880;14;11;28;1915;1;2;3;1;2;286;195, CARNOT SADI RUE;;;;590
201400030881;14;12;1;810;2;2;9;9;6;350;253, LEGRAND PIERRE RUE;;;;590
201400030882;14;12;3;1630;1;2;1;1;6;360;NC, SEQUEDIN ROUTE DE;;;;590
201400030883;14;11;27;1250;1;2;3;1;6;360;0, FOCH RUE DU MARECHAL;;;;590
201400030884;14;12;4;1320;1;2;2;1;3;360;NC, FOCH RUE DU MARECHAL;;;;590
201400030885;14;12;5;1835;5;2;2;2;6;560;NC, HENTGES JOSEPH BOULE;;;;590
201400030886;14;12;6;200;5;2;1;1;7;360;35, SALENGRO ROGER RUE;;;;590
201400030887;14;12;7;1340;1;2;9;2;4;368;258, POMPIDOU G. RUE DU;;;;590
201400030888;14;12;5;1715;5;2;9;5;7;507;139, JAURES JEAN RUE;;;;590
201400030889;14;12;12;1715;5;2;1;2;6;220;229, ARRAS ROUTE D     N;;;;590
201400030890;14;12;15;2200;5;2;9;5;7;350;172, SALENGRO ROGER RUE;;;;590
201400030891;14;12;9;2230;5;2;2;1;3;350;NC, NATIONALE RUE N?2 -;;;;590
201400030892;14;12;20;1345;1;2;1;1;3;350;RUE DU PONT A FOURCHON;;;;590
201400030893;14;12;18;745;2;2;1;2;6;350;59, MONTEBELLO BOULEVARD;;;;590
201400030894;14;12;19;1555;1;2;2;1;2;648;54, CLEMENCEAU RUE;;;;590
201400030895;14;12;13;235;5;2;1;1;6;527;110, CARNOT SADI RUE;;;;590
201400030896;14;12;10;1330;1;2;1;1;3;350;272, NATIONALE RUE N?RES;;;;590
201400030897;14;12;16;1930;5;2;6;1;6;9;NC, DE  VALMY PLACE;;;;590
201400030898;14;12;22;1820;1;2;2;1;1;378;NC, REPUBLIQUE AV DE LA;;;;590
201400030899;14;11;28;815;2;1;2;1;3;220;NC, FRANCE ANATOLE RUE;;;;590
201400030900;14;12;23;1825;5;2;9;1;6;560;16, STALINGRAD PLACE;;;;590
201400030901;14;12;22;1930;5;2;1;1;6;350;7, HUGO VICTOR  BVD N?IM;;;;590
201400030902;14;12;24;1300;1;2;2;2;3;378;NC, MARNE AVENUE DE LA;;;;590
201400030903;14;12;26;2320;5;2;1;2;2;368;226, DE GAULLE RUE DU GE;;;;590
201400030904;14;12;30;1600;2;2;9;2;6;350;14, HUGO VICTOR RUE;;;;590
201400030905;14;12;31;1200;1;2;6;1;1;378;480, BAILLY ALBERT RUE;;;;590
201400030906;14;12;28;700;5;2;9;4;6;350;1, CAMBRAI RUE DE N? IMP;;;;590
201400030907;14;12;23;1430;1;2;2;1;3;350;NC, DOUAI RUE;;;;590
201400030908;14;12;30;1450;1;1;9;1;7;560;NC, BOUVRY ROGER RUE;;;;590
201400030909;14;12;31;1615;1;1;1;1;2;9;NC, D?partemental 700;;;;590
201400030910;14;2;2;1600;1;2;1;1;3;392;PORTE DE MONS;;;;590
201400030911;14;3;13;2047;5;2;3;1;2;514;118, FERRIERE (AVENUE DE;;;;590
201400030912;14;4;25;2015;1;2;1;1;6;225;, ARTHUR DUBOIS (RUE);;;;590
201400030913;14;5;24;1200;1;1;1;1;1;225;NEUF MESNIL (RUE DE);;;;590
201400030914;14;12;8;940;1;1;1;2;4;291;ROUTE NATIONALE N?2;;;;590
201400030915;14;12;11;745;2;2;1;2;6;365;CLAUDE DEBUSSY (RUE);;;;590
201400030916;14;2;21;1145;1;2;1;1;6;650;14, DELVAINQUIERE (PLACE;;;;590
201400030917;14;1;6;2330;4;2;3;2;3;512;53, FOURMIES (BOULEVARD;;;;590
201400030918;14;1;10;825;1;2;1;1;6;650;24, VAN GOGH (AVENUE VIN;;;;590
201400030919;14;1;10;820;1;2;2;1;5;646;FLANDRE (AVENUE DE);;;;590
201400030920;14;1;11;1850;5;2;3;1;5;650;MENDES FRANCE (BOULEVARD;;;;590
201400030921;14;2;26;1730;1;2;1;1;6;512;213, GUESDE (RUE JULES);;;;590
201400030922;14;1;12;1840;5;2;6;1;3;299;01, D6D;;;;590
201400030923;14;1;13;1600;1;1;6;1;4;339;CD 700;;;;590
201400030924;14;1;14;830;5;2;2;3;6;646;FLANDRE (AVENUE DE);;;;590
201400030925;14;1;14;1810;5;2;1;1;3;163;202, JAURES (RUE JEAN);;;;590
201400030926;14;1;16;2025;5;2;1;1;3;163;24, SEIGNEUR (RUE LOUIS);;;;590
201400030927;14;1;20;5;5;2;2;1;6;646;61, WASTYN (RUE JEAN);;;;590
201400030928;14;1;22;745;5;2;1;1;5;163;25, FLANDRE (AVENUE DE);;;;590
201400030929;14;1;22;1720;2;2;3;8;1;367;0, LEBAS (RUE JEAN BAPT;;;;590
201400030930;14;1;24;735;1;2;1;1;1;598;165, LYS (RUE DE);;;;590
201400030931;14;1;25;1510;1;2;2;2;3;339;1, PICAVET (RUE DU CAPIT;;;;590
201400030932;14;1;25;1925;5;2;1;8;6;512;228, MOTTE (AVENUE ALFRE;;;;590
201400030933;14;1;27;5;5;2;1;2;6;650;222, PHILIPPOT (RUE GEOR;;;;590
201400030934;14;1;27;1030;1;2;1;2;2;650;392, CARNOT (RUE);;;;590
201400030935;14;1;27;1400;1;1;1;2;7;339;CD 700;;;;590
201400030936;14;1;27;1820;3;2;1;2;6;646;MARNE (AVENUE DE LA);;;;590
201400030937;14;1;28;1910;5;2;1;2;6;512;69, CAMBRAI (BOULEVARD D;;;;590
201400030938;14;1;30;2030;1;2;2;2;3;512;MOTTE (AVENUE ALFRED);;;;590
201400030939;14;2;3;1810;3;2;1;1;1;646;14, HAUT VINAGE (RUE DU);;;;590
201400030940;14;3;8;1400;1;1;2;1;3;367;1, GUESDE (RUE JULES);;;;590
201400030941;14;1;24;1523;1;2;2;1;3;512;123, DUPUY DE LOME (RUE);;;;590
201400030942;14;3;22;1350;1;2;1;1;6;512;PIERRE DE ROUBAIX (RUE);;;;590
201400030943;14;3;25;1720;1;2;2;1;6;339;6, GAMBETTA (RUE LEON);;;;590
201400030944;14;2;6;1337;1;2;2;2;1;650;40, LA FONTAINE (RUE);;;;590
201400030945;14;2;7;1920;5;2;1;1;2;299;GUESDE (RUE JULES);;;;590
201400030946;14;2;8;540;5;2;1;2;6;650;1, BEAULIEU (RUE DE);;;;590
201400030947;14;2;10;1025;1;2;3;1;6;163;11, GARE (RUE DE LA);;;;590
201400030948;14;2;10;1930;5;2;2;1;3;163;18, JAURES (RUE JEAN);;;;590
201400030949;14;5;1;1415;1;2;2;1;3;512;MOTTE (AVENUE ALFRED);;;;590
201400030950;14;2;11;1515;1;2;3;2;6;512;1, VAN DER MEERSCH (AVEN;;;;590
201400030951;14;2;12;1200;1;2;1;1;6;512;COMMUNAUTE URBAINE (RUE;;;;590
201400030952;14;2;14;600;5;2;1;1;6;367;180, VERT PRE (RUE DU);;;;590
201400030953;14;2;14;1630;1;2;3;3;6;512;NATIONS UNIES (AVENUE DE;;;;590
201400030954;14;2;16;1325;1;2;3;1;6;512;12, LUNEVILLE (RUE DE);;;;590
201400030955;14;6;8;1945;1;2;1;1;7;650;CEZANNE (RUE PAUL);;;;590
201400030956;14;7;23;2130;2;2;2;1;5;650;MONT A LEUX (RUE DU);;;;590
201400030957;14;2;20;810;1;2;1;2;6;650;100, PATRIOTES (RUE DES);;;;590
201400030958;14;2;20;1910;5;2;3;2;3;512;16, JAURES (AVENUE JEAN);;;;590
201400030959;14;2;20;2110;3;2;1;9;6;299;7, COUBRONNE (RUE DU DOC;;;;590
201400030960;14;2;23;1530;1;2;2;1;3;512;1, MOTTE (AVENUE ALFRED);;;;590
201400030961;14;2;25;1730;1;2;1;2;6;512;67, MACKELLERIE (RUE DE;;;;590
201400030962;14;2;27;1530;1;2;1;1;3;512;163, LANNOY (RUE DE );;;;590
201400030963;14;3;1;1955;5;2;1;2;6;512;59, NATIONS UNIES (AVENU;;;;590
201400030964;14;3;2;20;5;2;1;1;3;512;9, LACORDAIRE;;;;590
201400030965;14;3;2;1320;1;2;1;1;3;512;144, LINNE ( AVENUE);;;;590
201400030966;14;3;6;1556;1;2;2;1;6;512;COLBERT (RUE);;;;590
201400030967;14;3;8;1915;2;2;2;1;3;646;1, MARNE (AVENUE DE LA);;;;590
201400030968;14;3;11;1530;1;2;1;1;6;512;145, FOURMIES (BOULEVARD;;;;590
201400030969;14;3;11;1530;1;2;1;1;6;367;VERT PRE (RUE DU);;;;590
201400030970;14;3;12;1715;1;2;9;1;3;650;00, LIBERTE (BOULEVARD D;;;;590
201400030971;14;3;13;1530;1;2;1;2;2;512;1, AVELGHEM (RUE D');;;;590
201400030972;14;3;13;1220;1;2;1;1;6;512;4, PERCHE (RUE DE LA);;;;590
201400030973;14;3;14;1330;1;2;1;1;3;512;8, SAINT ANTOINE (RUE);;;;590
201400030974;14;3;14;1245;1;2;3;1;6;512;35, MARLOT (RUE LEON);;;;590
201400030975;14;3;16;1740;1;2;1;1;6;512;NOUVEAU MONDE (RUE DU);;;;590
201400030976;14;3;17;1750;1;2;3;1;3;512;JAURES (AVENUE JEAN);;;;590
201400030977;14;3;19;1750;1;2;2;1;3;512;ALGER  (RUE D');;;;590
201400030978;14;3;23;1645;1;2;2;2;3;367;0, NEGRIER (RUE);;;;590
201400030979;14;3;24;950;1;2;1;1;6;646;MARCQ EN BAROEUL (RUE DE;;;;590
201400030980;14;3;25;1800;1;2;1;1;5;512;20, STRASBOURG (BOULEVAR;;;;590
201400030981;14;3;26;1655;1;2;1;1;6;512;1, LEBAS (AVENUE JEAN);;;;590
201400030982;14;3;27;1110;1;2;1;1;6;646;25, WASTYN (RUE JEAN);;;;590
201400030983;14;3;27;1655;1;2;2;1;3;512;NATIONS UNIES (AVENUE DE;;;;590
201400030984;14;3;28;800;1;2;2;1;6;512;149, EPEULE  (RUE DE L');;;;590
201400030985;14;3;28;830;1;2;2;1;3;163;71, FAVREUIL (RUE);;;;590
201400030986;14;3;31;1515;1;2;3;1;6;512;678, NATIONS UNIES (AVEN;;;;590
201400030987;14;3;31;1815;1;2;1;1;6;650;66, CATTEAU (RUE PIERRE);;;;590
201400030988;14;3;31;2105;5;2;1;1;6;512;44, NATIONS UNIES (AVENU;;;;590
201400030989;14;4;1;1240;1;2;1;1;4;163;15, CURIE (RUE PIERRE);;;;590
201400030990;14;4;2;1815;1;2;1;1;1;512;CALMETTE (RUE ALBERT);;;;590
201400030991;14;4;2;2100;5;2;1;1;5;512;LEERS (RUE DE);;;;590
201400030992;14;4;4;1845;1;2;1;1;2;512;58, JOUFFROY (RUE);;;;590
201400030993;14;4;8;830;1;2;9;2;6;163;1, ZOLA (BOULEVARD EMILE;;;;590
201400030994;14;4;8;1735;1;2;1;1;6;512;314, NATIONS UNIES (AVEN;;;;590
201400030995;14;4;11;1045;1;1;1;1;6;299;COLBERT (RUE);;;;590
201400030996;14;4;12;810;1;2;2;1;3;512;., DECREME (RUE);;;;590
201400030997;14;4;12;1000;1;2;1;1;6;512;ARTS  (RUE DES);;;;590
201400030998;14;4;13;1600;1;2;2;1;3;512;302, GRANDE  RUE;;;;590
201400030999;14;4;14;850;1;2;1;1;6;299;431, GUESDE (RUE JULES);;;;590
201400031000;14;4;14;1015;1;2;2;1;6;512;SALENGRO (AVENUE ROGER);;;;590
201400031001;14;4;15;1100;1;2;1;1;3;512;60, GUESDE (RUE JULES);;;;590
201400031002;14;4;15;1540;1;2;1;1;7;512;120, VERDUN (AVENUE DE);;;;590
201400031003;14;4;15;1845;1;2;1;1;6;512;182, ARTS (RUE DES);;;;590
201400031004;14;4;17;1010;1;2;2;1;2;512;223, LINNE ( AVENUE);;;;590
201400031005;14;4;18;1145;1;2;1;1;6;163;FAVREUIL (RUE);;;;590
201400031006;14;4;18;1325;1;2;3;1;3;339;MICHELET (RUE);;;;590
201400031007;14;4;22;1220;1;2;3;1;1;512;34, DUNANT (RUE HENRI);;;;590
201400031008;14;4;22;1450;1;2;1;1;6;512;SEBASTOPOL (RUE DE);;;;590
201400031009;14;4;22;1430;1;2;2;1;1;512;2, DE ROUBAIX (RUE PIERR;;;;590
201400031010;14;4;23;1700;1;2;1;1;2;512;0, FOCH (RUE DU MARECHAL;;;;590
201400031011;14;4;24;1015;1;2;2;1;3;163;69, BAUDIN (RUE);;;;590
201400031012;14;4;25;730;1;2;2;2;3;512;1, GAND (QUAI DE);;;;590
201400031013;14;4;26;1100;1;2;2;1;3;512;1, ROCROI (RUE DE);;;;590
201400031014;14;5;2;720;1;2;1;2;3;650;LAINE (ROUTE DE LA);;;;590
201400031015;14;5;3;1710;1;2;2;1;2;512;GAND (QUAI DE);;;;590
201400031016;14;5;3;1900;1;2;1;1;2;512;NATIONS UNIES (AVENUE DE;;;;590
201400031017;14;5;7;150;5;2;1;1;2;650;161, DELECOURT (RUE ALFR;;;;590
201400031018;14;5;7;1745;1;2;1;1;3;512;1, DE GAULLE (BOULEVARD;;;;590
201400031019;14;4;19;2140;2;2;1;9;2;367;TOUR EIFFEL (RUE DE LA);;;;590
201400031020;14;5;9;2120;1;2;2;1;3;512;METZ (BOULEVARD DE);;;;590
201400031021;14;5;13;1615;1;2;2;2;3;512;ORAN (RUE D');;;;590
201400031022;14;5;14;815;1;1;1;1;4;299;CD 700;;;;590
201400031023;14;5;14;1215;1;2;1;1;3;650;169, TROIS PIERRES (RUE;;;;590
201400031024;14;5;14;1820;1;2;1;1;6;163;21, FLANDRE (AVENUE DE);;;;590
201400031025;14;5;15;1715;1;2;1;1;3;163;HEM (RUE D');;;;590
201400031026;14;5;19;1855;1;2;5;1;3;163;67, FLANDRE (AVENUE DE);;;;590
201400031027;14;5;21;1420;1;2;1;8;6;512;96, CHEMIN NEUF  (RUE DU;;;;590
201400031028;14;5;21;1505;1;2;2;2;6;512;FOSSE AUX CHENES  (AVENU;;;;590
201400031029;14;5;19;950;1;2;1;1;6;339;0, LEROY (RUE JOSEPH);;;;590
201400031030;14;5;22;1910;1;2;1;1;6;512;25, LEUZE (RUE DE);;;;590
201400031031;14;5;22;2155;2;1;1;1;6;646;16, LEMIRE (RUE DE L'ABB;;;;590
201400031032;14;5;24;1225;1;2;1;1;5;512;84, MONTESQUIEU (BOULEVA;;;;590
201400031033;14;5;25;950;1;2;1;1;1;650;0, ESTAIMPUIS (RUE D');;;;590
201400031034;14;5;27;225;5;2;1;1;6;512;GAMBETTA ( BOULEVARD);;;;590
201400031035;14;5;27;1740;1;2;2;1;3;512;LAGACHE (AVENUE JULIEN);;;;590
201400031036;14;5;31;2130;1;2;1;1;6;367;25, VERT PRE (RUE DU);;;;590
201400031037;14;6;4;855;1;2;2;2;6;512;GAMBETTA (BOULEVARD);;;;590
201400031038;14;6;5;540;2;2;3;2;3;512;79, GRANDE  RUE;;;;590
201400031039;14;6;6;1000;1;2;2;1;1;646;MARNE (AVENUE DE LA);;;;590
201400031040;14;6;7;1120;1;2;1;1;6;512;585, LANNOY (RUE DE );;;;590
201400031041;14;6;9;825;1;2;2;1;3;512;JOUFFROY (RUE);;;;590
201400031042;14;6;10;850;1;2;2;1;6;650;PATRIOTES (RUE DES);;;;590
201400031043;14;6;10;1855;1;2;2;1;3;163;FAVREUIL (RUE);;;;590
201400031044;14;6;10;1935;1;2;1;1;1;646;HAUT VINAGE (RUE DU);;;;590
201400031045;14;6;11;755;1;2;4;1;6;646;6, REPUBLIQUE (PLACE DE;;;;590
201400031046;14;6;12;745;1;2;1;1;2;650;501, MONT A LEUX (RUE DU;;;;590
201400031047;14;6;17;2300;5;2;1;8;6;512;17, DANEMARK (RUE DU);;;;590
201400031048;14;6;19;1700;1;2;1;1;6;650;DELVAINQUIERE (PLACE JEA;;;;590
201400031049;14;6;19;1850;1;2;3;1;3;299;199, DE GAULLE (AVENUE C;;;;590
201400031050;14;6;22;1930;1;2;1;1;6;512;84, DENAIN (RUE DE);;;;590
201400031051;14;6;24;750;1;2;1;1;6;512;., COQ FRANCAIS (RUE DU);;;;590
201400031052;14;6;24;1330;1;2;2;1;3;299;1, CLEMENCEAU (BOULEVARD;;;;590
201400031053;14;6;24;2100;1;2;1;1;5;650;PHILIPPOT (RUE GEORGES);;;;590
201400031054;14;6;27;1430;1;2;1;1;6;512;3, REIMS (BOULEVARD DE);;;;590
201400031055;14;7;1;800;1;2;1;1;6;512;156, GAMBETTA ( BOULEVAR;;;;590
201400031056;14;7;1;1010;1;2;1;1;6;512;1, FOSSE AUX CHENES (PLA;;;;590
201400031057;14;7;4;1510;1;2;1;1;6;512;56, GRANDE RUE;;;;590
201400031058;14;7;7;1700;1;2;1;1;6;512;128, REGNAULT (RUE HENRI;;;;590
201400031059;14;7;9;1050;1;2;3;3;6;512;45, GRAND CHEMIN (RUE DU;;;;590
201400031060;14;7;12;1430;1;2;1;1;3;163;GARE (RUE DE LA);;;;590
201400031061;14;7;13;1805;1;2;1;1;6;512;67, MICHELET (RUE JULES);;;;590
201400031062;14;7;14;1330;1;2;2;1;6;163;21, FLANDRE (AVENUE DE);;;;590
201400031063;14;7;13;1950;1;2;1;1;3;512;GAMBETTA ( BOULEVARD);;;;590
201400031064;14;7;18;910;1;2;1;1;2;163;., FLANDRE (AVENUE DE);;;;590
201400031065;14;7;19;100;3;2;1;2;6;512;4BIS, ALSACE (AVENUE D');;;;590
201400031066;14;7;20;1315;1;2;2;1;5;646;85, FLANDRE (AVENUE DE);;;;590
201400031067;14;7;19;1455;1;2;1;1;2;512;1, HOSPICE (RUE DE L');;;;590
201400031068;14;7;23;910;1;2;2;1;3;650;., LONDRES (RUE DE);;;;590
201400031069;14;7;25;920;1;2;1;1;3;650;GUESDE (RUE JULES);;;;590
201400031070;14;7;28;2330;5;2;2;1;3;646;BRIAND (RUE ARISTIDE);;;;590
201400031071;14;7;30;1845;1;2;5;1;5;646;MARNE (AVENUE DE LA);;;;590
201400031072;14;8;2;1730;1;2;2;1;3;512;1, VERDUN (AVENUE DE);;;;590
201400031073;14;8;3;1140;1;2;2;1;3;512;76, GUESDE (RUE JULES);;;;590
201400031074;14;8;2;2000;1;2;2;1;6;512;., INKERMANN (RUE D');;;;590
201400031075;14;8;5;1705;1;2;1;1;3;512;23, DELORY  (AVENUE GUST;;;;590
201400031076;14;8;6;1850;1;1;6;1;2;299;DELACROIX (AVENUE HENRI);;;;590
201400031077;14;8;9;725;1;2;1;1;6;163;95, FLANDRE (AVENUE DE);;;;590
201400031078;14;8;10;1845;1;2;1;2;6;646;1, MARNE (AVENUE DE LA);;;;590
201400031079;14;8;14;1650;1;2;1;1;3;299;VIEUX CIVRON (RUE DU);;;;590
201400031080;14;8;15;600;5;2;3;1;6;512;NATIONS UNIES (AVENUE DE;;;;590
201400031081;14;8;20;1310;1;2;2;1;3;512;225, GUESDE (RUE JULES);;;;590
201400031082;14;8;21;1525;1;2;1;1;7;512;KENNEDY (AVENUE DU PRESI;;;;590