num_acc;an;mois;jour;hrmn;lum;agg;int;atm;col;com;adr;gps;lat;long;dep
201400031083;14;8;22;1745;1;2;1;1;6;650;9, BLUM (RUE LEON);;;;590
201400031084;14;8;23;1835;1;2;9;2;2;646;30, FLANDRE (AVENUE DE);;;;590
201400031085;14;8;27;1220;1;2;3;1;3;512;NATIONS UNIES (AVENUE DE;;;;590
201400031086;14;8;28;905;1;2;2;1;3;512;9, FABRICANTS (RUE DES);;;;590
201400031087;14;8;29;1640;1;2;1;1;2;512;8, BEAUREPAIRE (BOULEVAR;;;;590
201400031088;14;8;30;150;5;2;2;1;4;512;EPEULE  (RUE DE L');;;;590
201400031089;14;8;30;1120;1;2;1;2;6;299;CALMETTE (AVENUE);;;;590
201400031090;14;8;31;1220;1;2;2;1;7;299;1, MARNE (AVENUE DE);;;;590
201400031091;14;9;1;1430;1;2;1;1;6;512;159, GAMBETTA ( BOULEVAR;;;;590
201400031092;14;9;7;1920;1;2;1;1;6;163;DUTHOIT (RUE EUGENE);;;;590
201400031093;14;9;8;1340;1;2;1;1;2;650;., EGALITE (BOULEVARD DE;;;;590
201400031094;14;9;10;800;1;2;1;1;3;512;32, SALENGRO  (AVENUE RO;;;;590
201400031095;14;9;11;1815;1;2;2;1;6;512;DELORY  (AVENUE GUSTAVE);;;;590
201400031096;14;9;12;1420;1;2;1;1;3;512;INGRES (RUE);;;;590
201400031097;14;9;11;2035;5;2;3;1;3;512;ALMA  (RUE DE L)';;;;590
201400031098;14;9;13;1625;1;2;3;1;6;650;0, LISZT (RUE FRANZ);;;;590
201400031099;14;9;15;1005;1;2;2;1;6;512;MOUVAUX (RUE DE);;;;590
201400031100;14;9;15;1830;1;2;1;1;6;512;GAMBETTA ( BOULEVARD);;;;590
201400031101;14;9;16;1335;1;2;1;1;3;512;194, ALMA  (RUE DE L)';;;;590
201400031102;14;9;17;1955;5;2;1;1;6;512;ROCROI (RUE DE);;;;590
201400031103;14;9;19;1715;1;2;1;1;3;512;18, ROLLIN (RUE);;;;590
201400031104;14;9;20;1740;1;2;2;1;3;650;0, EGALITE (BOULEVARD DE;;;;590
201400031105;14;9;20;835;1;2;1;1;6;512;LE NOTRE (AVENUE);;;;590
201400031106;14;9;24;1549;1;2;1;3;4;512;LEERS (RUE DE);;;;590
201400031107;14;9;24;1630;1;2;6;1;3;512;MOTTE (AVENUE ALFRED);;;;590
201400031108;14;9;25;1325;1;2;2;1;5;512;265, GUESDE (RUE JULES);;;;590
201400031109;14;9;25;1645;1;2;1;1;2;163;210, VERTE (RUE);;;;590
201400031110;14;9;3;1335;1;2;1;1;3;512;LINNE (AVENUE);;;;590
201400031111;14;9;28;1715;1;2;1;1;3;512;1, GUESDE (RUE JULES);;;;590
201400031112;14;9;30;900;1;2;1;1;6;339;41, SALENGRO (RUE ROGER);;;;590
201400031113;14;9;30;850;1;2;1;1;3;299;1, PINAY (AVENUE ANTOINE;;;;590
201400031114;14;10;1;1530;1;2;3;1;3;299;LIONDERIE (RUE DE LA);;;;590
201400031115;14;10;1;1820;1;2;3;1;3;163;JAURES (RUE JEAN);;;;590
201400031116;14;10;2;650;2;2;6;1;6;646;1, GRAND COTTIGNIES (AVE;;;;590
201400031117;14;10;2;1330;1;2;2;1;3;512;, DUNKERQUE (QUAI DE);;;;590
201400031118;14;10;4;1645;1;1;6;1;3;650;EUROZONE (ROND POINT DE;;;;590
201400031119;14;10;8;50;5;2;1;1;6;512;186, BEAUREPAIRE  (RUE D;;;;590
201400031120;14;10;9;720;1;2;1;1;1;512;MULHOUSE (BOULEVARD DE);;;;590
201400031121;14;10;9;1325;1;2;3;1;3;512;PARC DES SPORTS (AVENUE;;;;590
201400031122;14;10;9;1500;1;2;4;1;3;163;1, BRASSERIE (RUE DE LA);;;;590
201400031123;14;10;16;20;5;2;3;2;3;163;JAURES (RUE JEAN);;;;590
201400031124;14;10;16;1430;1;1;1;2;6;367;116, GUESDE (RUE JULES);;;;590
201400031125;14;10;16;1930;5;2;1;1;4;299;169, DE GAULLE (AVENUE C;;;;590
201400031126;14;10;17;1300;1;2;3;1;3;367;80, LEBAS (RUE JEAN BAPT;;;;590
201400031127;14;10;17;1330;1;2;1;1;6;646;CHAMPS (RUE DES);;;;590
201400031128;14;10;17;1950;5;2;1;1;6;512;29, SAINT JEAN  (RUE);;;;590
201400031129;14;10;17;1940;5;2;1;1;6;512;GRIMONPONT (QUAI DU);;;;590
201400031130;14;10;19;1000;1;2;2;1;3;339;41, LECLERC (RUE DU MARE;;;;590
201400031131;14;10;19;1400;1;2;1;1;6;512;38, DAMPIERRE (ME);;;;590
201400031132;14;10;21;1455;1;2;2;1;3;512;NATIONS UNIES (AVENUE DE;;;;590
201400031133;14;10;22;2050;5;2;2;1;3;512;94, DAUBENTON (RUE);;;;590
201400031134;14;10;22;2010;5;2;2;1;3;512;CHEMIN NEUF (RUE DU);;;;590
201400031135;14;10;25;1710;1;2;1;1;3;512;78, GRAND CHEMIN (RUE DU;;;;590
201400031136;14;10;26;1530;1;1;1;1;2;299;CD 700;;;;590
201400031137;14;10;26;1920;3;1;1;1;3;299;EUROPE (AVENUE DE L');;;;590
201400031138;14;10;27;1830;2;2;1;1;6;512;86, FOSSE AUX CHENES (AV;;;;590
201400031139;14;10;27;2015;5;2;1;1;3;512;112, SAINT ANTOINE (RUE);;;;590
201400031140;14;10;28;1450;1;2;1;1;6;512;1, CUVIER (RUE);;;;590
201400031141;14;10;28;1800;5;2;1;1;6;512;1, LECLERC (BOULEVARD DU;;;;590
201400031142;14;10;31;1830;5;2;1;1;6;650;71, SAINT VINCENT DE PAU;;;;590
201400031143;14;11;3;920;1;2;2;1;3;512;285, MACKELLERIE (RUE DE;;;;590
201400031144;14;11;4;845;1;2;1;1;4;512;GAND (QUAI DE);;;;590
201400031145;14;11;4;2130;5;2;2;1;3;512;NOTTE (RUE JEAN BAPTISTE;;;;590
201400031146;14;11;5;740;1;2;3;1;6;512;117, GRANDE  RUE;;;;590
201400031147;14;11;5;1545;1;2;1;1;6;339;13, HUGO (RUE VICTOR);;;;590
201400031148;14;11;5;2150;5;2;2;1;3;512;2, COLMAR (BOULEVARD DE);;;;590
201400031149;14;11;6;2025;5;2;3;1;3;512;LANNOY (RUE DE );;;;590
201400031150;14;11;7;1605;1;2;3;1;3;512;GRANDE  RUE;;;;590
201400031151;14;11;8;5;5;2;2;2;3;163;HANNART (AVENUE GEORGES);;;;590
201400031152;14;11;9;2025;5;2;2;1;3;512;284, FOURMIES (BOULEVARD;;;;590
201400031153;14;11;10;755;1;2;1;1;6;512;66, ALGER  (RUE D');;;;590
201400031154;14;11;12;1940;5;2;3;1;3;646;JAURES (RUE JEAN);;;;590
201400031155;14;11;13;905;1;2;3;1;3;512;32, DELORY  (AVENUE GUST;;;;590
201400031156;14;11;13;1710;2;2;2;1;3;163;170, JAURES (RUE JEAN);;;;590
201400031157;14;11;18;1530;1;2;2;1;3;512;9, FABRICANTS (RUE DES);;;;590
201400031158;14;11;20;805;1;2;1;1;6;512;VAILLANT (RUE EDOUARD);;;;590
201400031159;14;11;21;250;5;1;6;1;7;650;., EUROPE (ROND POINT DE;;;;590
201400031160;14;11;21;810;1;2;1;1;6;650;73, FOSSES (RUE DES);;;;590
201400031161;14;11;22;1130;1;2;2;1;3;299;ECOLES (RUE DES);;;;590
201400031162;14;11;26;1640;5;2;1;2;2;646;23, MARNE (AVENUE DE LA);;;;590
201400031163;14;11;27;935;1;2;1;1;6;646;25, FLANDRE (AVENUE DE);;;;590
201400031164;14;11;27;1430;1;2;1;1;3;339;108, LECLERC (RUE DU MAR;;;;590
201400031165;14;11;28;2145;5;2;1;1;3;512;28, PARC DES SPORTS (AVE;;;;590
201400031166;14;11;29;2205;5;1;1;1;5;512;., DUNKERQUE (QUAI DE);;;;590
201400031167;14;11;30;1415;1;2;3;5;3;163;ZOLA (BOULEVARD EMILE);;;;590
201400031168;14;12;1;1530;1;2;1;1;6;512;VERDUN (AVENUE DE);;;;590
201400031169;14;12;1;1615;1;2;5;1;4;646;--, GRAND COTTIGNIES (AV;;;;590
201400031170;14;12;2;1700;5;2;1;2;6;512;180, ALMA (RUE DE L');;;;590
201400031171;14;12;3;805;2;2;1;1;2;512;DUNKERQUE (QUAI DE);;;;590
201400031172;14;12;5;1450;1;2;2;2;6;512;177, ALMA (RUE DE L');;;;590
201400031173;14;12;5;2030;2;2;1;2;2;512;108, ALGER  (RUE D');;;;590
201400031174;14;12;8;1735;5;2;1;2;3;367;1, GAMBETTA (RUE);;;;590
201400031175;14;12;8;1805;3;2;6;2;6;646;TRIEZ (RUE DU);;;;590
201400031176;14;12;8;2140;5;2;2;2;1;512;1, ALGER (RUE D');;;;590
201400031177;14;12;9;1705;5;2;1;1;6;512;EPEULE  (RUE DE L');;;;590
201400031178;14;12;12;1350;1;2;1;2;2;163;0, VAILLANT (AVENUE EDOU;;;;590
201400031179;14;12;12;1945;5;2;1;1;3;512;LIBERTE (PLACE DE LA);;;;590
201400031180;14;12;13;1350;1;2;2;1;3;512;DROUOT (RUE);;;;590
201400031181;14;12;18;830;2;2;1;2;6;650;98, VOLTAIRE (RUE);;;;590
201400031182;14;12;18;1855;5;2;2;1;1;512;0, ARMENTIERES (BOULEVAR;;;;590
201400031183;14;12;19;1405;1;2;1;1;1;512;7, MACKELLERIE (RUE DE L;;;;590
201400031184;14;12;26;1915;5;2;2;1;3;650;MENDES FRANCE (BOULEVARD;;;;590
201400031185;14;12;23;1210;1;2;2;1;3;512;NATIONS UNIES (AVENUE DE;;;;590
201400031186;14;12;27;2245;5;2;1;4;3;339;., LECLERC (RUE DU MAREC;;;;590
201400031187;14;12;28;1210;1;2;1;7;6;512;115, HOMMELET (RUE DE L';;;;590
201400031188;14;12;29;605;5;2;2;1;3;512;98, EPEULE  (RUE DE L');;;;590
201400031189;14;6;26;845;1;2;1;1;6;526;DE LA WEMBERGUE;;;;590
201400031190;14;6;18;1100;1;2;1;1;6;526;13, DE VALENCIENNES;;;;590
201400031191;14;8;9;600;3;2;1;2;6;526;0, ROUTE DE VALENCIENNES;;;;590
201400031192;14;10;3;1245;1;1;2;1;3;284;CD40;;;;590
201400031193;14;10;3;1615;1;2;1;1;6;526;0, DU MOULIN BLANC;;;;590
201400031194;14;10;24;1300;1;2;1;2;1;526;HENRI DURRE;;;;590
201400031195;14;11;22;1935;3;2;1;1;7;526;DE LA CENSE AU BOIS;;;;590
201400031196;14;1;7;750;2;2;1;1;6;599;GUERRE (RUE FIN DE LA);;;;590
201400031197;14;1;10;1120;1;2;1;7;6;152;FOCH (RUE DU MARECHAL);;;;590
201400031198;14;1;10;1350;1;2;1;1;6;352;16, CASTELNAU (RUE);;;;590
201400031199;14;1;12;450;5;2;1;1;6;98;3bis, BERSAULT (RUE);;;;590
201400031200;14;1;15;1815;5;2;1;2;6;421;6, CARNOT (BLD)DE 30A46-;;;;590
201400031201;14;1;17;830;2;2;1;1;6;421;., PRIEUX (SENTIER);;;;590
201400031202;14;1;16;2015;5;2;1;8;2;599;0, MOUVAUX (RUE DE);;;;590
201400031203;14;1;21;730;5;2;3;5;6;508;91 TER, TOURCOING (RUE;;;;590
201400031204;14;1;22;1630;1;2;1;2;3;599;9, BLANC SEAU (QUAI DU);;;;590
201400031205;14;1;22;1730;2;2;1;2;6;599;324, GAND (RUE DE);;;;590
201400031206;14;1;24;830;1;2;1;9;6;90;GAULLE (AVENUE DU GENERA;;;;590
201400031207;14;1;24;840;1;2;1;8;6;421;168, TOURCOING (RUE DE);;;;590
201400031208;14;1;27;1715;5;2;1;2;2;426;80, GAND (RUE DE);;;;590
201400031209;14;1;31;1330;1;2;3;9;3;599;VOLTAIRE (RUE);;;;590
201400031210;14;2;3;1130;1;2;1;7;6;599;2, NEUVE (RUE);;;;590
201400031211;14;2;4;800;2;2;3;1;3;421;., MIRABEAU (RUE);;;;590
201400031212;14;2;11;800;1;2;1;1;1;279;RONCQ (BOULEVARD);;;;590
201400031213;14;2;7;1215;1;2;1;2;3;508;LILLE (RUE DE)LATERALE A;;;;590
201400031214;14;2;21;2010;5;2;1;1;6;599;56, GAND (RUE DE);;;;590
201400031215;14;2;21;1855;5;2;1;1;6;508;579, LILLE (RUE DE)MENIN;;;;590
201400031216;14;2;22;140;5;1;1;1;7;98;BOIS (RUE CEINGLES AU);;;;590
201400031217;14;3;2;1440;1;2;1;1;3;279;58, STADE (AVENUE DU);;;;590
201400031218;14;3;9;1825;1;2;1;1;3;90;17 bis, RUE JEAN BAPTIST;;;;590
201400031219;14;3;10;1520;1;2;2;1;3;599;PAPIN (CHAUSSEE DENIS);;;;590
201400031220;14;3;14;930;1;2;2;1;3;599;TOUQUET (RUE DU);;;;590
201400031221;14;3;15;1210;1;2;1;1;3;599;EGALITE (BOULEVARD DE L';;;;590
201400031222;14;3;14;1915;5;2;6;1;5;90;GAULLE (AVENUE DU GENER;;;;590
201400031223;14;3;23;1135;1;2;1;1;6;508;351 TER, DRONCKAERT (RUE;;;;590
201400031224;14;3;25;1600;1;2;1;1;6;599;POMPIDOU (AVENUE GEORGES;;;;590
201400031225;14;3;26;1215;1;2;2;1;6;599;GAND (RUE DE);;;;590
201400031226;14;3;26;2005;5;2;1;1;6;599;GAND (RUE DE);;;;590
201400031227;14;3;29;1645;1;1;6;1;3;656;LINSELLES (RUE DE);;;;590
201400031228;14;3;30;415;5;2;3;1;3;508;LATTE PROLONGEE (RUE DE;;;;590
201400031229;14;4;10;1210;1;2;3;1;6;599;PARIS (RUE DE);;;;590
201400031230;14;4;11;1540;1;2;1;1;6;599;189, GUERRE (RUE FIN DE;;;;590
201400031231;14;4;15;905;1;2;1;1;6;426;HUGO (RUE VICTOR);;;;590
201400031232;14;4;9;1645;1;2;1;1;6;599;194, MENIN (RUE DE);;;;590
201400031233;14;4;17;1400;1;2;1;1;6;599;ROUGE (RUE DE LA CROIX);;;;590
201400031234;14;4;17;1650;1;2;1;1;6;599;DHERIN (RUE CHARLES);;;;590
201400031235;14;4;9;1700;1;2;1;1;6;599;CLOCHE (RUE DE LA);;;;590
201400031236;14;4;21;1500;1;2;1;1;3;279;276, LILLE (RUE DE);;;;590
201400031237;14;4;16;1015;1;2;1;1;6;426;TOURCOING (RUE DE);;;;590
201400031238;14;4;26;1640;1;2;3;2;1;426;VERTUQUET (RUE DU);;;;590
201400031239;14;4;27;1245;1;2;2;1;7;599;HALOT (RUE DU);;;;590
201400031240;14;5;3;1545;1;2;2;1;3;421;CARNOT (BLD)DE 30A46-150;;;;590
201400031241;14;5;15;1530;1;2;1;1;6;152;WERWICQ (RUE DE);;;;590
201400031242;14;5;16;1220;1;2;1;1;2;90;GAULLE (AVENUE DU GENERA;;;;590
201400031243;14;5;17;1515;1;2;2;1;6;152;1, GAULLE (PLACE DU GENE;;;;590
201400031244;14;5;20;1045;1;2;1;1;6;599;TOURNAI (RUE DE);;;;590
201400031245;14;5;25;15;5;2;1;1;6;421;332, LORTHIOIS (RUE)320A;;;;590
201400031246;14;6;5;1310;1;2;2;1;3;599;187, BRUN PAIN (RUE DU);;;;590
201400031247;14;6;13;1900;1;2;1;1;3;599;30, CALMETTE (RUE ALBERT;;;;590
201400031248;14;6;20;1835;1;2;2;1;3;599;WATTINE (RUE CHARLES);;;;590
201400031249;14;6;23;930;1;2;1;1;6;152;92, WERVICQ (RUE DE);;;;590
201400031250;14;6;23;1410;1;2;1;1;6;599;VARSOVIE (RUE DE);;;;590
201400031251;14;7;1;800;1;1;2;1;3;352;10, QUESNOY (RUE);M;5073019;305887;590
201400031252;14;7;4;1700;1;2;1;1;3;599;CAMPAGNE (RUE MA);;;;590
201400031253;14;7;11;2330;5;2;1;1;6;279;BARBUSSE (RUE HENRI);;;;590
201400031254;14;7;18;835;1;2;3;1;1;508;LILLE (RUE DE)MENIN A 8;;;;590
201400031255;14;7;19;1950;1;2;1;1;2;352;37, VISCOURT (RUE);;;;590
201400031256;14;4;4;2100;3;2;3;1;6;90;GAULLE (AVENUE DU GENERA;;;;590
201400031257;14;7;26;1930;1;2;1;1;3;599;FAIDHERBE (RUE );;;;590
201400031258;14;7;31;1645;1;2;2;1;5;599;FROISSART (RUE JEAN);;;;590
201400031259;14;8;2;1440;1;1;3;7;3;426;., RACCORDEMENT (VOIE DE;;;;590
201400031260;14;8;3;720;1;2;2;1;3;599;0, CARTIER (RUE JACQUES);;;;590
201400031261;14;8;20;1330;1;2;1;1;6;599;63, BRUN PAIN (RUE DU);;;;590
201400031262;14;8;24;1740;1;1;9;1;3;279;., NEUVILLE (ROUTE DE);;;;590
201400031263;14;8;28;2100;5;2;1;1;1;98;13, LINSELLES (RUE DE);;;;590
201400031264;14;9;3;1630;1;2;1;1;4;599;FOREST (CHAUSSEE FERNAND;;;;590
201400031265;14;9;4;920;1;2;1;1;6;599;37, BRUN PAIN (RUE DU);;;;590
201400031266;14;9;5;2305;5;2;1;1;6;599;FOREST (CHAUSSEE FERNAND;;;;590
201400031267;14;9;6;1720;1;1;3;1;6;90;SIX (ABBE)2A6-1A27 BIS;;;;590
201400031268;14;9;8;1000;1;2;2;1;6;599;244, BRUN PAIN (RUE DU);;;;590
201400031269;14;9;25;1420;1;1;1;1;2;152;DU GRAND PERNE (ROND POI;;;;590
201400031270;14;9;30;1315;1;2;2;1;3;599;YSER (RUE DE L');;;;590
201400031271;14;9;30;1900;1;2;1;1;1;279;ZOLA (RUE EMILE);;;;590
201400031272;14;10;3;750;2;2;1;1;3;599;MARNE (AVENUE DE LA);;;;590
201400031273;14;10;1;1745;1;2;1;1;7;279;1, LYS (RUE DE LA);;;;590
201400031274;14;10;8;657;5;2;1;2;6;352;0, VANRULLEN (RUE DES FR;;;;590
201400031275;14;10;9;1758;1;2;1;1;3;599;218, EGALITE (BOULEVARD;;;;590
201400031276;14;10;19;1730;1;2;1;1;6;421;PREVOST (RUE PIERRE);;;;590
201400031277;14;10;23;740;5;2;1;1;1;599;RETROUVAILLES (RUE DES);;;;590
201400031278;14;10;30;1710;3;2;3;1;3;426;RONCQ (ROUTE);;;;590
201400031279;14;11;7;1230;1;2;1;8;2;90;GAULLE (AVENUE DU GENERA;;;;590
201400031280;14;11;19;2130;5;2;1;1;3;152;21, REPUBLIQUE (RUE DE L;;;;590
201400031281;14;11;19;1730;2;2;1;1;6;279;LILLE (RUE DE);;;;590
201400031282;14;11;23;2000;5;2;1;2;3;599;LEVANT (RUE DU);;;;590
201400031283;14;11;24;1700;2;2;1;1;1;508;17, BRIQUETERIE (RUE DE;;;;590
201400031284;14;11;27;1200;1;2;2;7;6;279;1, MARTEL (RUE DES FRERE;;;;590
201400031285;14;11;30;720;5;2;1;5;7;599;MARNE (AVENUE DE LA);;;;590
201400031286;14;12;27;945;1;2;1;2;6;599;CHANZY (RUE);;;;590
201400031287;14;12;28;1235;1;2;1;9;6;599;143, DUNKERQUE (RUE DE);;;;590
201400031288;14;1;10;1530;1;2;1;1;6;606;1, SENATEUR GIRARD (AVEN;;;;590
201400031289;14;1;13;2030;5;2;9;1;6;459;00, ZAC AUCHAN;;;;590
201400031290;14;1;16;1530;1;2;1;1;6;606;0, REPUBLIQUE (PLACE DE;;;;590
201400031291;14;1;15;1925;5;2;1;1;6;606;WATTEAU (BOULEVARD);;;;590
201400031292;14;1;20;815;1;2;6;1;6;606;00, MAGALOTTI (RUE);;;;590
201400031293;14;1;24;915;1;1;1;1;1;160;00, THIVENCELLE (ROUTE D;;;;590
201400031294;14;1;28;1820;5;2;1;1;6;491;00, SALENGRO (RUE ROGER);;;;590
201400031295;14;1;20;730;2;2;1;1;6;112;00, ZOLA (RUE EMILE);;;;590
201400031296;14;2;9;300;5;2;1;1;6;491;95, SALENGRO (RUE ROGER);;;;590
201400031297;14;2;6;1455;1;2;1;3;6;606;00, REPUBLIQUE (PLACE DE;;;;590
201400031298;14;1;22;1730;5;2;1;1;6;613;0, RD 50;;;;590
201400031299;14;1;22;855;1;2;1;1;6;606;245, DENAIN (AVENUE DE);;;;590
201400031300;14;2;2;1;5;2;1;1;6;606;01, GAMBETTA (RUE);;;;590
201400031301;14;2;7;745;2;2;1;1;6;606;230, DESANDROUIN (AV) -;;;;590
201400031302;14;2;20;2155;5;2;1;9;6;27;48, BOTSARRON (RUE GILBE;;;;590
201400031303;14;2;24;1735;2;2;1;1;6;491;DUSART (RUE LEOPOLD);;;;590
201400031304;14;1;14;1155;1;2;3;1;6;606;00, DENAIN (AVENUE DE);;;;590
201400031305;14;2;15;1005;1;2;1;1;6;603;24, JAURES (RUE JEAN);;;;590
201400031306;14;2;16;1855;5;2;2;1;6;14;00, FRANCE (AVENUE ANATO;;;;590
201400031307;14;2;22;1715;1;2;3;1;3;79;2, JAURES (RUE JEAN);;;;590
201400031308;14;3;23;1400;1;2;1;1;1;491;00, ERMITES (MONT DES);;;;590
201400031309;14;3;29;1010;1;2;1;1;6;491;00, DUSART (RUE LEOPOLD);;;;590
201400031310;14;4;1;1700;1;2;1;1;6;112;701, JAURES (RUE JEAN);;;;590
201400031311;14;4;1;1715;1;1;3;1;3;32;00, MOUSSERON (RUE JULES;;;;590
201400031312;14;4;4;1800;1;2;6;1;6;606;00, MONS (RUE DE);;;;590
201400031313;14;4;11;1300;1;2;6;1;6;459;00, GALOIS (rue Evatrice;;;;590
201400031314;14;4;12;620;5;2;1;1;6;383;00, SAINT SAULVE (RUE DE;;;;590
201400031315;14;4;6;2100;5;2;6;1;6;606;00, WINSTON CHURCHILL (P;;;;590
201400031316;14;4;18;930;1;2;1;1;6;544;1, SALENGRO (RUE ROGER);;;;590
201400031317;14;4;18;1615;1;2;1;1;6;606;1, ST-AMAND (AVENUE DE);;;;590
201400031318;14;4;11;1730;1;2;1;1;2;606;00, LOMPREZ (RUE);;;;590
201400031319;14;4;18;800;1;2;1;1;6;14;00, ESCAUT (RUE DE L');;;;590
201400031320;14;4;24;1115;1;2;1;1;6;606;00, SALY (BOULEVARD);;;;590
201400031321;14;4;26;2335;5;2;1;1;6;606;0, PARIS (RUE DE);;;;590
201400031322;14;5;7;1205;1;2;2;1;6;606;00, DAMPIERRE (AVENUE);;;;590
201400031323;14;5;7;1540;1;2;1;1;6;606;100, FAMARS (RUE DE);;;;590
201400031324;14;4;25;1330;1;2;1;1;6;606;00, ARC (RUE JEANNE D');;;;590
201400031325;14;5;19;945;1;2;1;1;6;606;37, SALY (BOULEVARD);;;;590
201400031326;14;3;8;1630;1;2;3;1;6;14;00, JONAS (RUE LUCIEN);;;;590
201400031327;14;5;19;1525;1;2;1;1;6;447;42, SALENGRO (RUE ROGER);;;;590
201400031328;14;4;10;1835;1;1;1;1;6;369;00, CAUMONT (RUE DU FOND;;;;590
201400031329;14;5;23;1345;1;2;2;1;6;14;00, FRANCE (AVENUE ANATO;;;;590
201400031330;14;5;1;1445;1;2;1;1;6;369;00, RD 40;;;;590
201400031331;14;2;22;2130;5;2;1;1;6;606;00, VILLARS (AVENUE);;;;590
201400031332;14;6;6;500;2;2;1;1;6;603;0, GUESDE (RUE JULES);;;;590
201400031333;14;6;8;1130;1;2;1;1;6;484;00, HAUTS BOIS (RESIDENC;;;;590
201400031334;14;5;23;1720;1;2;1;1;1;479;135, GAMBETTA (RUE);;;;590
201400031335;14;6;14;600;1;2;1;1;6;606;92, QUINT (RUE CHARLES);;;;590
201400031336;14;6;14;1525;1;1;3;1;3;603;DELORY (RUE GUSTAVE);;;;590
201400031337;14;6;21;2230;5;2;6;1;3;606;00, POMPIDOU (AVENUE GEO;;;;590
201400031338;14;4;15;1745;1;2;3;1;6;606;00, CONDE (AVENUE DE);;;;590
201400031339;14;5;5;915;1;2;1;1;2;491;448, DURRE (RUE HENRI);;;;590
201400031340;14;6;23;1430;1;2;6;1;6;606;00, CANADA (PLACE DU);;;;590
201400031341;14;6;25;1925;2;2;1;2;2;564;00, JAURES (AVENUE JEAN);;;;590
201400031342;14;6;28;1730;1;2;9;3;6;613;0, RD 50;;;;590
201400031343;14;7;4;1720;1;2;3;1;3;557;00, POSTES (CHEMIN DES);;;;590
201400031344;14;7;7;1230;1;2;1;1;2;484;563, JAURES (AVENUE JEAN;;;;590
201400031345;14;7;8;1840;1;2;3;1;6;606;00, DOUANE (RUE DE LA);;;;590
201400031346;14;7;10;1800;1;2;1;1;6;606;00, MAGALOTTI (RUE);;;;590
201400031347;14;7;15;30;3;1;1;1;6;544;00, RD 935 N;;;;590
201400031348;14;7;16;1600;1;2;1;1;6;491;176, JAURES (RUE JEAN);;;;590
201400031349;14;5;23;1200;1;2;1;1;6;606;38, DURRE (RUE HENRI);;;;590
201400031350;14;7;20;50;5;2;1;2;6;606;104bis, DENAIN (AVENUE D;;;;590
201400031351;14;7;20;1630;1;2;1;1;6;491;00, CHATEAU DE LA PRINCE;;;;590
201400031352;14;7;21;1750;1;2;3;1;6;606;0, LEVASSEUR (RUE ROSALI;;;;590
201400031353;14;7;21;2030;1;2;1;1;6;606;00, LECREUX (PLACE NICOL;;;;590
201400031354;14;7;23;1620;1;2;1;1;4;606;23, DAMPIERRE (AVENUE);;;;590
201400031355;14;7;24;900;1;2;1;1;6;112;5, JAURES (RUE JEAN);;;;590
201400031356;14;8;1;1950;1;2;1;1;6;606;00, POILUS (RUE DES);;;;590
201400031357;14;8;4;1145;1;2;2;1;6;484;00, JAURES (AVENUE JEAN);;;;590
201400031358;14;8;12;2115;2;2;1;1;6;14;20, PARIS (RUE DE);;;;590
201400031359;14;8;16;1525;1;2;3;1;3;32;4, LIBERATION (AVENUE DE;;;;590
201400031360;14;8;17;410;5;2;1;1;6;32;23, FELEINE (RUE DE);;;;590
201400031361;14;8;19;930;1;2;3;1;3;606;94, SPORTS (AVENUE DES);;;;590
201400031362;14;8;23;535;2;2;6;1;6;383;0, PRESEAU (ROUTE DE);;;;590
201400031363;14;8;23;1830;1;2;1;1;6;479;0, JAURES (AVENUE JEAN);;;;590
201400031364;14;8;26;2104;5;2;1;8;6;14;54, SAINT WAAST (RUE DE);;;;590
201400031365;14;8;28;1845;1;1;1;1;6;564;RN 30;;;;590
201400031366;14;9;4;1130;1;2;6;1;6;606;00, AMSTERDAM (AVENUE D';;;;590
201400031367;14;9;9;1540;1;2;1;1;6;606;19, ALBERT 1ER (AVENUE);;;;590
201400031368;14;9;17;1245;1;2;3;1;3;606;24, VERDUN (AVENUE DE);;;;590
201400031369;14;9;18;1530;1;2;3;1;3;491;0, DURRE (RUE HENRI);;;;590
201400031370;14;9;18;2205;5;2;1;1;2;606;74, SPORTS (AVENUE DES);;;;590
201400031371;14;9;21;10;5;2;1;1;6;459;ZAC AUCHAN;;;;590
201400031372;14;9;19;905;1;2;1;1;6;14;25, CAPLIEZ (COUR) - 8 R;;;;590
201400031373;14;10;3;1715;1;2;1;1;1;606;MAGALOTTI (RUE);;;;590
201400031374;14;10;3;1525;1;2;1;1;6;606;93, DENAIN (AVENUE DE);;;;590
201400031375;14;10;10;1525;1;2;2;1;6;606;00, THOLOZE (RUE);;;;590
201400031376;14;10;11;1525;1;2;1;1;6;606;165, CHAUFFOUR (RUE DU);;;;590
201400031377;14;10;15;1210;1;2;1;1;6;606;0, 127 EME R.I. (RUE DU);;;;590
201400031378;14;10;17;1700;1;2;3;1;3;14;HUGO (RUE VICTOR);;;;590
201400031379;14;10;21;520;3;1;1;1;6;557;0, RN 49;;;;590
201400031380;14;10;21;1105;1;2;1;1;6;491;RD 70;;;;590
201400031381;14;10;30;2300;5;2;3;1;6;491;SALENGRO (RUE ROGER);;;;590
201400031382;14;11;3;1740;1;1;1;1;2;32;00, RD 958;;;;590
201400031383;14;11;3;1900;5;2;1;1;6;491;00, DURRE (RUE HENRI);;;;590
201400031384;14;11;3;1940;5;2;1;1;6;79;00, HUIT MAI 1945 (RUE D;;;;590
201400031385;14;11;6;1520;1;2;1;1;6;606;00, ALLIES (BOULEVARD DE;;;;590
201400031386;14;11;6;2020;5;2;3;1;6;160;DEPORTES (RUE DES);;;;590
201400031387;14;11;2;1920;5;2;6;1;3;606;00, ST-AMAND (AVENUE DE);;;;590
201400031388;14;11;7;1800;5;2;1;2;6;383;00, CARPENTIER (RUE OSCA;;;;590
201400031389;14;11;10;1115;1;1;1;1;5;383;RD 75;;;;590
201400031390;14;11;10;1315;1;2;1;1;6;606;00, DESANDROUIN (AV) - S;;;;590