num_acc;an;mois;jour;hrmn;lum;agg;int;atm;col;com;adr;gps;lat;long;dep
201400031391;14;11;14;1800;5;2;1;2;6;491;153, JAURES (RUE JEAN);;;;590
201400031392;14;11;14;2230;3;2;1;1;6;515;PRISE D'EAU (LIEU-DIT LA;;;;590
201400031393;14;11;15;1050;1;2;1;1;6;484;126, JAURES (AVENUE JEAN;;;;590
201400031394;14;11;14;1300;1;2;6;1;6;606;VILLARS (AVENUE);;;;590
201400031395;14;11;20;220;5;2;1;1;6;606;00, DUNKERQUE (AVENUE DE;;;;590
201400031396;14;11;20;2155;5;2;1;1;6;479;67, PASTEUR (RUE);;;;590
201400031397;14;11;22;1125;1;2;2;1;3;369;0, RD 40;;;;590
201400031398;14;11;23;530;5;2;1;1;1;603;0, RD 59;;;;590
201400031399;14;11;26;1100;1;2;1;1;6;491;00, DURRE (RUE HENRI);;;;590
201400031400;14;11;27;1820;5;2;2;1;6;447;GIRAUD (RUE CHARLES);;;;590
201400031401;14;12;1;1700;1;2;6;1;6;544;RD 75;;;;590
201400031402;14;12;5;1850;5;2;1;1;6;14;91, ROUSSEAU (RUE WALDEC;;;;590
201400031403;14;11;30;500;5;2;1;1;6;606;00, BOURGEOIS (CHEMIN DE;;;;590
201400031404;14;12;10;715;5;2;1;1;6;160;00, TRAVERSIERE (RUE);;;;590
201400031405;14;12;10;1800;1;2;1;1;4;606;00, ST-AMAND (AVENUE DE);;;;590
201400031406;14;12;11;815;2;2;1;1;6;14;00, SPORTS (AVENUE DES);;;;590
201400031407;14;12;8;1135;1;2;1;1;6;484;11, MINE (RUE DE LA);;;;590
201400031408;14;12;9;845;1;1;1;9;1;447;00, THIERS (ROUTE DE);;;;590
201400031409;14;12;12;1710;5;2;1;2;6;447;00, PARMENTIER (RUE);;;;590
201400031410;14;12;17;1145;1;2;1;1;6;369;54, SALENGRO (RUE ROGER);;;;590
201400031411;14;12;19;845;1;2;1;1;6;544;00, JAURES (RUE JEAN);;;;590
201400031412;14;12;19;1130;1;2;3;1;6;14;00, BEAULIEUX (RUE DU SO;;;;590
201400031413;14;12;25;155;5;2;2;1;6;606;00, POMPIDOU (AVENUE GEO;;;;590
201400031414;14;12;30;1415;1;2;1;1;3;79;POILUS (RUE DES);;;;590
201400031415;14;2;14;1300;1;2;1;1;6;112;rue du 4 F?vrier;M;4790555;721462;680
201400031416;14;4;6;1515;1;1;1;1;7;188;;M;4793979;706389;680
201400031417;14;5;18;1945;1;1;1;1;7;274;;M;4790024;713874;680
201400031418;14;6;7;1430;1;1;1;1;3;188;;M;4793837;706886;680
201400031419;14;6;21;1630;1;2;3;1;3;112;Rue Théodore DECK;M;4791290;720478;680
201400031420;14;6;29;530;2;1;1;3;6;58;;M;4792460;719620;680
201400031421;14;8;21;1045;1;2;1;1;7;112;09 Quartier L?o Lagrange;M;4790058;721772;680
201400031422;14;9;25;1645;1;2;1;1;6;112;RUE ALBERT SCHWEITZER;M;4791066;721186;680
201400031423;14;5;28;1445;1;1;1;7;1;343;;M;4788282;730935;680
201400031424;14;7;2;1630;1;1;3;1;6;156;;M;4790230;725425;680
201400031425;14;7;6;1545;1;2;1;1;3;315;16 route de Guebwiller;M;4789755;722194;680
201400031426;14;7;28;745;1;1;6;1;6;315;;M;4787240;724709;680
201400031427;14;8;13;1345;1;2;4;1;1;112;all?e des pr?s;M;4789786;722474;680
201400031428;14;9;10;815;1;1;1;1;2;315;;M;4789853;723338;680
201400031429;14;9;22;1515;1;2;1;1;6;315;route de GUEBWILLER;M;4789640;722301;680
201400031430;14;9;29;1730;1;1;1;1;6;359;;M;4782992;721824;680
201400031431;14;10;29;1030;1;1;3;1;1;32;;M;4783306;722348;680
201400031432;14;3;7;800;1;1;1;1;6;40;HTEUR LE MOULIN DARDELIN;M;4529140;340530;430
201400031433;14;3;7;1145;1;2;1;1;6;40;18 BOULEVARD DESAIX;M;4529390;338012;430
201400031434;14;4;24;2315;3;1;1;1;1;188;;M;4513750;359879;430
201400031435;14;7;31;1845;1;1;4;1;1;74;RUE DU BREUIL;;;;430
201400031436;14;8;12;930;1;2;1;1;6;40;RUE DE LA GAZELLE;;;;430
201400031437;14;1;21;745;1;2;1;1;6;194;194 ROUTE DU 08 MAI;M;4736100;173500;410
201400031438;14;1;27;1815;5;2;1;1;3;194;ROUTE DE GY;M;4736300;171300;410
201400031439;14;2;14;500;3;1;1;2;1;185;la goinfrerie;M;4737400;169100;410
201400031440;14;4;29;1945;1;2;2;1;3;194;R.J.GUESDES/R papillons;M;4735600;175000;410
201400031441;14;6;27;1400;1;2;1;1;5;194;Avenue de Paris;M;4737400;173600;410
201400031442;14;9;20;1730;1;1;1;8;6;157;;M;4741300;161400;410
201400031443;14;9;30;1745;1;2;1;1;3;194;216 rue du 8 mai 1945;M;4736200;173300;410
201400031444;14;10;18;1415;1;1;1;1;3;140;;M;4743300;176000;410
201400031445;14;10;29;1300;1;2;1;1;5;194;carrefour St Roch;M;4735700;175200;410
201400031446;14;12;1;1615;1;1;1;2;5;194;lieu dit la noue;M;4739100;174100;410
201400031447;14;12;7;745;2;1;1;5;6;282;;M;4736000;181100;410
201400031448;14;1;7;1845;5;2;1;1;6;150;RUE NATIONALE;M;4756200;145600;410
201400031449;14;2;14;1345;1;1;1;1;7;31;;M;4755300;139500;410
201400031450;14;2;27;1515;1;2;1;4;6;50;Route de Romorantin;M;4750200;146200;410
201400031451;14;3;24;1400;1;1;1;1;7;67;route de bracieux;M;4751600;147300;410
201400031452;14;5;30;1700;1;2;3;1;3;25;Rue de la bonn heure;M;4755000;154900;410
201400031453;14;7;10;1145;1;1;1;3;5;67;;M;4751700;144200;410
201400031454;14;8;6;1500;1;1;1;3;3;148;;M;4764300;142600;410
201400031455;14;10;22;1700;1;1;1;1;1;150;;M;4756700;144000;410
201400031456;14;2;27;1340;1;2;1;1;6;57;9, CLEMENCEAU (PLACE);;;;600
201400031457;14;3;1;2250;5;2;1;1;6;57;39, FAUBOURG SAINT ANDRE;;;;600
201400031458;14;3;20;850;1;2;2;1;3;57;COROT (AVENUE);;;;600
201400031459;14;3;30;30;5;2;1;1;6;57;JEAN MERMOZ (AVENUE);;;;600
201400031460;14;4;16;1520;1;2;3;1;6;57;MONTAIGNE (AVENUE);;;;600
201400031461;14;4;30;2140;5;2;3;1;6;57;1, SAINT ANDRE (BOULEVAR;;;;600
201400031462;14;5;16;2158;5;2;1;1;3;57;1, ALLENDE SALVADOR (AVE;;;;600
201400031463;14;5;19;750;1;1;1;1;1;57;ROCADE NORD;;;;600
201400031464;14;5;29;2015;2;2;2;1;1;57;1, BERLIOZ HECTOR (RUE);;;;600
201400031465;14;5;30;1720;1;2;1;1;3;57;218, av marcel dassault;;;;600
201400031466;14;6;1;635;2;1;1;1;7;57;1, ROCADE NORD -NOTRE DA;;;;600
201400031467;14;6;28;1152;1;2;6;1;3;57;01, CHAMPAGNE (AVENUE DE;;;;600
201400031468;14;8;22;1810;1;2;1;1;6;57;19, GUI PATIN (RUE);;;;600
201400031469;14;10;14;1620;1;2;2;1;3;57;03, SALVADOR ALLENDE (AV;;;;600
201400031470;14;10;13;705;5;2;1;2;3;57;77, Jacques GODET;;;;600
201400031471;14;12;20;1135;1;2;1;1;6;57;10, DESCARTES (AVENUE);;;;600
201400031472;14;12;12;800;2;2;1;1;6;57;08, GENERAL DE GAULLE (B;;;;600
201400031473;14;12;12;1025;1;2;1;2;6;57;6, TILLOY (RUE DU) > AVE;;;;600
201400031474;14;12;20;1600;1;2;1;1;6;57;19, LUCIEN LAINE (RUE);;;;600
201400031475;14;3;16;1630;1;2;1;1;1;311;la maison neuve;M;4852482;-224400;220
201400031476;14;4;20;230;3;1;1;1;6;317;COUAVRA;M;4842474;-225786;220
201400031477;14;5;11;1;3;2;1;1;6;311;PAS DOSSIER GEO;M;4855069;-223302;220
201400031478;14;7;26;1615;1;1;3;1;3;172;;M;4853747;-222426;220
201400031479;14;9;6;1530;1;1;2;1;3;180;les quatre routes;M;4844240;-223110;220
201400031480;14;9;14;1545;1;1;3;1;3;172;;M;4853747;-222424;220
201400031481;14;9;21;1800;1;2;1;1;3;97;la tombe;M;4843016;-217729;220
201400031482;14;10;10;1300;1;1;2;1;1;49;la Pichardais;M;4856409;-221303;220
201400031483;14;11;16;1215;1;2;1;1;3;237;5 rue du stade;M;4853068;-226248;220
201400031484;14;12;2;1645;1;2;1;2;6;172;24 rue du pont;M;4852236;-223413;220
201400031485;14;12;4;1045;1;1;1;1;7;311;;M;4856547;-224181;220
201400031486;14;12;19;830;4;2;9;3;6;48;rue de l'hotellerie;M;4847943;-215980;220
201400031487;14;1;17;1100;1;1;1;1;5;65;;M;4861872;-300160;220
201400031488;14;3;10;1615;1;1;2;1;2;121;;M;4863606;-297885;220
201400031489;14;4;15;800;1;2;1;1;6;38;11 rue du général LECLER;M;4854271;-297022;220
201400031490;14;5;3;2000;1;1;1;1;6;177;ld le plessis;M;4863273;-295448;220
201400031491;14;5;28;1930;1;1;1;1;5;375;;M;4862178;-297664;220
201400031492;14;6;6;2315;3;1;1;1;3;182;;M;4860368;-295636;220
201400031493;14;6;6;1700;1;1;1;1;4;361;La Ribotée;M;4860341;-295620;220
201400031494;14;7;18;2330;5;1;6;1;1;121;rond point de ponlo;M;4863360;-297679;220
201400031495;14;10;25;1515;1;1;1;1;1;356;;M;4856830;-289912;220
201400031496;14;11;4;1900;3;1;2;8;3;182;le mourvet noir;M;4854568;-294537;220
201400031497;14;12;17;1100;1;1;1;2;1;234;;M;4848187;-294835;220
201400031498;14;1;10;725;2;2;6;1;6;159;8, NOYON (Rond point de);;;;600
201400031499;14;1;27;2210;5;2;2;1;3;159;rue du president sorel;;;;600
201400031500;14;1;31;1915;5;2;1;8;6;159;142, PARIS (DE);;;;600
201400031501;14;2;11;1555;1;1;9;2;6;159;154, rue des metiers;;;;600
201400031502;14;2;12;1720;1;2;1;2;2;159;;;;;600
201400031503;14;2;12;2205;5;2;6;1;6;159;BOUVINES (DE);;;;600
201400031504;14;2;24;1200;1;1;6;1;2;159;Rd 1031;;;;600
201400031505;14;3;9;1145;1;1;6;1;3;665;RN 1031;;;;600
201400031506;14;4;2;1745;1;2;3;1;3;159;EUROPE (AV.DE L');;;;600
201400031507;14;4;8;1650;1;2;1;7;6;159;BAYARD (CLEMENT);;;;600
201400031508;14;4;11;1505;1;2;1;1;7;159;09, CHANGE (RUE DU);;;;600
201400031509;14;4;12;1510;1;1;1;1;4;665;RN 1031;;;;600
201400031510;14;4;19;2300;3;1;1;1;7;159;Route Nationale 31;;;;600
201400031511;14;4;23;2250;3;2;1;1;6;325;RD 1131;;;;600
201400031512;14;5;6;900;1;2;7;2;6;159;DELATTRE DE TASSIGNY (AV;;;;600
201400031513;14;5;7;820;1;2;6;1;2;159;ABBAYE (CARREFOUR DE L');;;;600
201400031514;14;6;7;1635;1;1;1;1;7;159;ROYALLIEU (AV. DE);;;;600
201400031515;14;6;22;1940;1;2;1;1;3;159;25, GUYNEMER (COURS);;;;600
201400031516;14;7;1;800;1;2;1;1;6;159;59 bis, MARTYRS-DE-LA-LI;;;;600
201400031517;14;7;11;1445;1;2;1;2;6;159;195, PARIS (DE);;;;600
201400031518;14;7;24;810;1;2;2;1;6;159;5, COUTTOLENC (ROGER);;;;600
201400031519;14;9;13;1545;1;1;3;1;3;159;D 130;;;;600
201400031520;14;9;30;2025;5;2;1;1;6;159;1, DE-GAULLE (PLACE DU G;;;;600
201400031521;14;10;11;1915;1;2;1;1;6;159;92 BIS, PARIS (DE);;;;600
201400031522;14;10;28;1705;1;2;1;1;6;382;POINCARE (AV. RAYMOND);;;;600
201400031523;14;11;5;2205;3;1;1;1;6;159;Rd 1031;;;;600
201400031524;14;11;10;1750;3;2;3;1;3;159;05, BOTTIER (HIPPOLYTE);;;;600
201400031525;14;11;11;915;1;1;6;7;2;159;D 973;;;;600
201400031526;14;11;23;1600;1;1;1;1;6;159;Route Nationale 31;;;;600
201400031527;14;12;12;1715;5;2;1;3;6;382;117, BUTIN (AV. OCTAVE);;;;600
201400031528;14;12;13;600;5;2;1;1;6;159;26, BATAILLON DE FRANCE;;;;600
201400031529;14;12;13;610;5;1;6;2;6;159;SCHUMAN (CARREFOUR ROBER;;;;600
201400031530;14;12;16;1915;5;2;3;1;3;382;, POINCARE (AV. RAYMOND);;;;600
201400031531;14;12;18;1310;1;1;1;8;6;159;D 973;;;;600
201400031532;14;12;20;1945;5;2;1;1;6;159;140 BIS, PARIS (DE);;;;600
201400031533;14;12;2;1045;1;2;2;1;6;159;3, MAGENTA;;;;600
201400031534;14;1;5;1935;5;2;1;2;6;175;10, MICHELET (RUE JULES);;;;600
201400031535;14;1;11;1910;3;1;1;1;1;414;;;;;600
201400031536;14;1;27;740;5;2;1;8;6;175;128, JAURES (RUE JEAN);;;;600
201400031537;14;2;28;2005;5;2;2;1;3;463;;;;;600
201400031538;14;3;16;1400;1;2;1;1;6;414;BLANC (RUE LOUIS);;;;600
201400031539;14;4;1;1710;1;2;3;1;3;463;VERDUN (RUE DE);;;;600
201400031540;14;4;20;1620;1;2;4;1;3;463;avenue de l europe;;;;600
201400031541;14;4;25;410;3;1;1;8;6;175;RN 16_PONT ZONE DE VAUX_;M;4925400;345699;600
201400031542;14;5;1;1740;1;2;1;1;6;414;25, GOURNAY (RUE DE);;;;600
201400031543;14;5;7;1900;1;2;1;1;3;414;CONDE (RUE DE);;;;600
201400031544;14;5;25;1645;1;2;1;1;2;175;ALLENDE (BOULEVARD SALVA;;;;600
201400031545;14;5;30;1730;1;2;3;1;3;175;RESISTANCE (RUE DE;;;;600
201400031546;14;5;31;1840;1;2;2;1;1;175;BRIAND (RUE ARISTIDE) NO;;;;600
201400031547;14;6;3;2050;1;2;1;1;6;175;BD salvador allende;;;;600
201400031548;14;6;6;1815;1;2;1;1;6;175;STEPHENSON (RUE GEORGES;;;;600
201400031549;14;6;28;1900;2;1;1;2;3;463;;;;;600
201400031550;14;6;28;2130;3;1;1;3;3;463;;;;;600
201400031551;14;7;1;1515;1;2;1;1;6;175;17, DUGUE (PLACE ALBERT);;;;600
201400031552;14;9;1;755;1;1;1;1;2;175;RN 16_PONT ZONE DE VAUX_;;;;600
201400031553;14;10;1;1145;1;2;9;1;3;175;GENERAL DE GAULLE (RUE D;;;;600
201400031554;14;10;8;1810;1;2;6;2;6;601;13, CHANUT (RUE ANTOINE);;;;600
201400031555;14;10;20;1200;1;2;2;1;3;463;RD 200_VACHETTE EXCLUS_C;;;;600
201400031556;14;10;23;1730;1;2;1;1;7;175;0.00, BERGSON (RUE HENRI;;;;600
201400031557;14;10;13;740;2;1;1;2;1;175;RN16_CHANTILLY_CENTRE DE;;;;600
201400031558;14;11;15;1505;1;2;1;1;6;175;12, MARECHAL DELATTRE DE;;;;600
201400031559;14;11;13;1810;3;2;2;1;5;175;5250.00, RD 200_SUD;;;;600
201400031560;14;11;29;1645;1;2;2;1;3;175;0.00, RAINETTE (RUE DE L;;;;600
201400031561;14;11;28;1900;3;1;1;1;1;175;RD 200_SUD;;;;600
201400031562;14;4;27;200;3;1;1;2;6;88;;M;4402201;505166;840
201400031563;14;8;23;1530;1;1;1;1;3;88;;M;0;0;840
201400031564;14;9;15;715;2;2;1;1;6;88;950 route Mazan;M;4400886;506756;840
201400031565;14;1;29;1115;1;1;1;4;7;186;;M;4182848;908843;201
201400031566;14;5;28;1130;1;1;1;1;3;363;;M;4173766;910699;201
201400031567;14;9;3;1330;1;1;1;1;7;24;;M;4182590;909824;201
201400031568;14;10;11;1100;1;1;1;1;6;254;;M;4181400;924900;201
201400031569;14;12;28;1330;1;1;1;1;1;142;;M;0;0;201
201400031570;14;1;4;1900;1;1;1;1;3;16;;M;0;0;910
201400031571;14;3;8;1900;2;1;1;1;3;414;D18;M;0;0;910
201400031572;14;10;11;1530;1;1;1;1;6;294;N20 Mondésir;M;0;0;910
201400031573;14;1;5;1945;3;1;1;8;1;96;;M;0;0;740
201400031574;14;1;17;1715;1;1;1;1;6;2;;M;0;0;740
201400031575;14;1;28;1530;1;1;1;1;6;182;;M;0;0;740
201400031576;14;9;12;1930;1;1;1;1;6;96;;M;0;0;740
201400031577;14;9;21;2115;3;1;1;2;2;116;;M;0;0;740
201400031578;14;1;31;1215;1;2;3;2;3;143;LAZARE CARNOT x MAURE;M;4844706;7781;610
201400031579;14;2;10;750;5;1;1;5;6;143;MONTFOULON;M;4844504;6340;610
201400031580;14;2;21;720;2;2;3;1;3;1;REPUBLIQUE  x  PIQUET;M;4842886;9440;610
201400031581;14;3;6;1040;1;1;1;1;7;497;FOURNEAUX (RUE DES );M;4845627;9128;610
201400031582;14;3;7;1345;1;2;2;1;6;1;FRESNAY (RUE DE );M;4842665;8390;610
201400031583;14;5;6;1240;1;2;1;1;6;1;QUAKENBRUCK (AVENUE DE);M;4843203;9515;610
201400031584;14;5;10;545;5;2;1;1;7;77;1 RUE DE L INDUSTRIE;M;4844835;11699;610
201400031585;14;5;18;200;3;1;1;1;7;497;D 500;M;4846945;12776;610
201400031586;14;6;7;1910;1;2;7;1;3;1;RUE BRETAGNE x PL FOCH;M;4843069;8235;610
201400031587;14;6;24;1610;1;2;1;1;6;1;149 BLD REPUBLIQUE;M;4842332;8987;610
201400031588;14;6;21;1045;1;1;1;1;6;117;L'ETANG;M;4842331;1611;610
201400031589;14;8;7;1930;1;2;2;1;3;397;KOUTIALA (BOULEVARD);M;4842302;8082;610
201400031590;14;8;25;1325;1;2;1;2;6;1;16, PIERRE ET MARIE CURI;M;4843714;10393;610
201400031591;14;8;28;1050;1;2;3;1;3;1;LAZARE CARNOT (RUE);M;4844474;9805;610
201400031592;14;9;6;2210;5;2;3;1;1;1;REPUBLIQUE (BOULEVARD DE;M;4842729;9306;610
201400031593;14;9;11;240;3;2;1;1;1;117;RD 521;M;4842554;6129;610
201400031594;14;9;11;1010;1;2;1;1;6;1;79 BLD DE LA REPUBLIQUE;M;4842852;9413;610
201400031595;14;9;10;1400;1;2;2;1;3;1;MANS (RUE DU );M;4842729;8937;610
201400031596;14;9;25;1745;1;2;2;1;3;1;36, DENIS PAPIN (RUE);M;4843333;9830;610
201400031597;14;11;14;1730;5;2;1;1;6;1;116, MANS (RUE DU );M;4842335;8964;610
201400031598;14;12;3;1735;3;2;1;1;6;117;45 RUE BEAUSEJOUR;M;4842887;6120;610
201400031599;14;12;4;755;5;2;3;1;1;1;36, REPUBLIQUE (BOULEVAR;M;4842881;9438;610
201400031600;14;12;8;1755;5;2;3;1;6;1;JACQUES COMTE (RUE);M;4843894;10012;610
201400031601;14;12;14;1715;5;2;1;5;6;117;1 RUE DU HERTRE;M;4843152;5897;610
201400031602;14;10;27;1020;1;2;1;1;6;1;;M;4842015;9455;610
201400031603;14;1;10;1745;5;2;2;1;3;6;57 RUE REPUBLIQUE;M;4874653;-2041;610
201400031604;14;8;18;1730;1;2;2;1;6;6;PETITS FOSSES (RUE DES);M;4874920;-2351;610
201400031605;14;3;7;745;1;2;3;1;3;6;4, INDUSTRIE (AVENUE DE);M;4873483;-2698;610
201400031606;14;3;18;1040;1;2;1;1;6;6;2, CLOS MENOU (IMPASSE D;M;4874398;-2638;610
201400031607;14;7;1;850;1;2;2;1;3;6;1, JEANNE D'ARC (RUE);M;4874626;-1147;610
201400031608;14;8;1;1745;1;1;2;1;3;6;SEES (ROUTE DE);M;4869661;196;610
201400031609;14;10;2;1250;1;2;1;1;6;6;2, GRIFFON (RUE DU);M;4876483;-2035;610
201400031610;14;10;11;1110;1;2;6;3;6;6;2, GAULLE (RUE DU GENERA;M;4874241;-2011;610
201400031611;14;12;16;840;1;2;6;2;6;6;LES TROIS CROIX;M;4874905;-1488;610
201400031612;14;10;25;2335;5;2;6;1;2;6;;M;4873237;-3585;610
201400031613;14;1;13;845;1;2;2;1;6;169;60, SIX JUIN (RUE DU);M;4874888;-56859;610
201400031614;14;3;11;1545;1;2;1;1;7;169;LES CLOSETS;M;4873284;-58022;610
201400031615;14;4;26;1405;1;2;1;2;2;169;43, 11EME DB (RUE DE LA);M;4875209;-57071;610
201400031616;14;8;14;1405;1;2;2;1;3;169;DESRIVIERES x LAFOREST;M;4875033;-56817;610
201400031617;14;9;18;1730;1;1;1;1;5;11;LA POTERIE;M;4877583;-56321;610
201400031618;14;9;20;935;1;2;6;7;7;169;54, RICHARD LENOIR (RUE);M;4875203;-57478;610
201400031619;14;10;2;1730;1;2;1;1;6;169;275, FOUQUERIE (LA);M;4875076;-54166;610
201400031620;14;9;28;1625;1;1;1;1;7;11;LES BRUYERES;M;4876665;-55066;610
201400031621;14;10;3;815;1;2;6;1;3;169;MESSEI (RUE DE);M;4874180;-55774;610
201400031622;14;10;19;1840;1;2;1;1;3;169;20, CELESTIN MAUTAINT (R;M;4875246;-55841;610
201400031623;14;10;11;1150;1;2;4;1;1;169;121 RUE DE LA CHAUSSEE;M;4873840;-56151;610
201400031624;14;12;13;915;1;2;1;3;6;169;51, PARIS (RUE DE);M;4875021;-56322;610
201400031625;14;1;30;845;2;1;1;1;6;343;Le Maine au Franc;M;4558853;-17066;160
201400031626;14;2;16;1930;3;1;1;8;6;150;les Six Chemins;M;4563449;-28310;160
201400031627;14;5;2;130;3;2;1;1;6;12;156 rue du Chateau;M;4561816;-28287;160
201400031628;14;12;21;900;1;2;1;5;6;340;La Sabliere;M;4565866;-14606;160
201400031629;14;5;22;1245;1;1;1;1;6;397;Guignefolle;M;4588743;-7538;160
201400031630;14;8;11;1445;1;1;1;1;1;142;;M;4607360;6747;160
201400031631;14;10;20;2345;3;1;1;1;7;185;Touche Ferme;M;4592910;11144;160
201400031632;14;4;12;1355;1;1;1;1;2;359;;M;0;0;20
201400031633;14;5;11;250;3;1;9;1;6;257;;M;0;0;20
201400031634;14;7;28;1400;1;1;1;3;2;691;;M;0;0;20
201400031635;14;9;16;130;3;1;1;1;6;330;;M;0;0;20
201400031636;14;11;2;215;3;1;1;1;6;17;;M;0;0;20
201400031637;14;11;21;1300;1;1;1;1;2;776;;M;0;0;20
201400031638;14;7;11;1615;1;2;1;1;4;94;;M;4608774;-109617;170
201400031639;14;7;17;1745;1;2;3;1;3;193;route nationale;M;0;0;170
201400031640;14;9;30;1800;1;2;2;1;2;59;51 rue de la commanderie;M;4616556;-102621;170
201400031641;14;8;1;830;1;2;1;1;2;194;CHEMIN DE LA VILLE;M;4612775;-98531;170
201400031642;14;8;4;1515;1;1;1;1;2;315;;M;4613548;-95847;170
201400031643;14;8;15;1030;1;2;1;1;6;94;Avenue de strasbourg;M;0;0;170
201400031644;14;10;17;2145;3;1;1;1;6;373;;M;4615529;-95894;170
201400031645;14;11;5;1830;2;1;1;2;4;420;;M;4612329;-104613;170
201400031646;14;12;30;1200;1;1;1;1;1;413;;M;4607779;-104116;170
201400031647;14;7;9;1600;1;1;1;2;2;106;;M;0;0;600
201400031648;14;8;8;1545;1;2;4;2;1;451;rue de cambronne;M;0;0;600
201400031649;14;10;8;2200;3;1;1;9;7;130;;M;0;0;600
201400031650;14;10;19;1300;1;2;1;1;6;454;rue du g?naral de gaulle;M;0;0;600
201400031651;14;10;22;1215;1;2;1;1;3;454;rue du G?n?ral De Gaulle;M;0;0;600
201400031652;14;11;20;1845;3;1;1;1;3;130;;M;0;0;600
201400031653;14;12;10;1415;1;1;1;8;3;40;;M;0;0;600
201400031654;14;12;27;1300;1;1;4;1;3;753;RD 950;M;5030856;279212;620
201400031655;14;1;8;1805;5;2;1;1;6;753;15, GERS LAURENT;M;5029886;280240;620
201400031656;14;1;9;1455;1;2;6;8;3;37;Stade ( Rue du;M;5031030;275074;620
201400031657;14;1;9;1730;2;2;1;8;6;41;0, FERRY ( JULES;M;5029547;276689;620
201400031658;14;1;11;1445;1;1;1;7;2;99;D 60;M;5026566;279642;620
201400031659;14;1;30;1155;1;2;3;1;3;41;HOCHETTES ( DES );M;5029049;275649;620
201400031660;14;2;6;2110;5;2;1;2;7;41;42, CAPUCINS (DES);M;5028805;277107;620
201400031661;14;2;11;405;5;1;1;1;1;764;RD 917;M;5030108;278400;620
201400031662;14;2;11;1700;2;2;8;3;3;4;SALENGRO rue Roger;M;5027852;276431;620
201400031663;14;2;16;510;5;2;1;2;6;4;42 Ter, SALENGRO ( Roger;M;5027971;276609;620
201400031664;14;2;16;925;1;1;1;8;6;263;WATT( AVENUE JAMES);M;5026750;272290;620
201400031665;14;2;16;830;1;2;1;1;2;744;66, ROUTE NATIONALE;M;5030046;276514;620
201400031666;14;2;26;1525;1;2;1;1;6;41;PERIN ( Paul );M;5029110;278131;620
201400031667;14;3;14;1720;1;1;2;1;3;4;D 60;M;5027184;274530;620
201400031668;14;3;28;130;5;2;9;1;6;41;000, DE GAULLE ( BVD DU;M;5028446;276428;620
201400031669;14;3;29;2150;5;2;1;1;6;41;27, ERNESTAL rue;M;5028982;277376;620
201400031670;14;5;15;2200;5;2;1;1;6;41;72, ST QUENTIN ( DE );M;5028430;278507;620
201400031671;14;5;22;730;1;1;6;1;3;753;1, IMMERCOURT (Av. D');M;5028876;280788;620
201400031672;14;6;10;755;1;2;1;1;7;41;0, LECLERC ( AV. DU MARE;M;5028590;277761;620
201400031673;14;6;12;1650;1;2;1;1;6;41;CRESPEL (BD);M;5028735;276623;620
201400031674;14;5;21;1000;1;1;1;1;2;753;RD 950;M;5030820;279851;620
201400031675;14;6;19;240;5;2;1;1;6;41;3, FERRY ( JULES );M;5029502;276847;620
201400031676;14;6;27;2025;1;2;1;1;6;41;114, AVENUE FERNAND LOBB;M;5027981;278152;620
201400031677;14;7;1;1445;1;1;2;1;3;37;RN 25;M;5031187;272071;620
201400031678;14;6;24;1820;1;1;1;1;3;753;RD 950;M;5030819;278982;620
201400031679;14;6;11;930;1;1;2;1;3;4;60 ( RD );M;5027181;274527;620
201400031680;14;7;13;1910;1;2;1;1;1;4;Bapaume ( Route de );M;5027427;278347;620
201400031681;14;6;30;1115;1;2;1;1;6;41;DELETOILLE( ARTHUR);M;5028028;278169;620
201400031682;14;8;24;300;5;2;1;1;3;37;50, rue Sadi Carnot;M;5031842;273729;620
201400031683;14;9;4;1845;1;2;2;1;3;41;0, FAUVETTES ( DES );M;5028895;274287;620
201400031684;14;9;10;1630;1;2;6;1;6;41;DE LATTRE DE TASSIGNY (;M;5028718;278638;620
201400031685;14;9;15;1225;1;2;6;1;3;753;RUE D' ESTIENNE CAUCHY;M;5030501;280169;620
201400031686;14;9;27;1645;1;2;1;7;6;41;72, WINSTON CHURCHILL (A;M;5029812;274889;620
201400031687;14;10;7;1800;2;2;1;3;6;41;KENNEDY ( AV. JOHN );M;5028707;274595;620
201400031688;14;10;6;820;1;2;1;1;6;41;2, TURENNE ( DE );M;5029297;276849;620
201400031689;14;9;30;1015;1;2;1;1;6;753;2, VERSAILLES ( DE );M;5030060;280202;620
201400031690;14;10;22;950;1;2;1;1;6;41;BLD DE STRASBOURG;M;5028797;277934;620
201400031691;14;10;17;730;2;2;1;1;6;41;142, CAMBRAI (DE);M;5028196;280629;620
201400031692;14;10;27;1815;3;1;1;1;3;744;RN 25;M;5032373;275289;620