num_acc;an;mois;jour;hrmn;lum;agg;int;atm;col;com;adr;gps;lat;long;dep
201400031693;14;10;31;1250;1;2;1;1;6;41;01, TURENNE ( DE );M;5029295;276850;620
201400031694;14;11;29;1645;2;1;2;8;2;4;60 ( RD );M;5027182;274529;620
201400031695;14;12;2;930;1;2;6;8;6;41;1, PICASSO ( CARREFOUR );M;5029908;274492;620
201400031696;14;12;6;1720;5;2;3;1;3;753;RUE D' ESTIENNE CAUCHY;M;5030686;280202;620
201400031697;14;12;6;1915;5;2;3;8;1;99;rue du  1 er Mai;M;5026376;278846;620
201400031698;14;12;12;1630;2;2;1;2;6;41;RUE SAINTE CROIX;M;5029302;277837;620
201400031699;14;12;18;2330;3;1;1;2;3;37;RN 25;M;5031237;272048;620
201400031700;14;12;23;220;5;2;1;1;6;41;2, PIERRE BEREGOVOY;M;5026469;279198;620
201400031701;14;12;27;2210;5;2;3;2;3;41;0, DOUMER (PAUL);M;5029192;277241;620
201400031702;14;1;3;1320;1;1;1;1;1;197;BRUNEHAUT ( chaussee);M;5049378;245937;620
201400031703;14;1;25;1540;1;1;1;1;1;48;CD 183 E;M;5051952;246614;620
201400031704;14;1;30;1855;3;2;1;8;6;48;103, BASLY (BD);M;5051045;246276;620
201400031705;14;2;18;1118;1;2;6;1;5;516;ROUTE NATIONALE 43;M;5056835;246051;620
201400031706;14;2;14;820;1;2;6;1;3;48;CD 183 E;M;5051439;247228;620
201400031707;14;3;6;1745;1;2;1;1;3;48;143, RAOUL BRIQUET rue;M;5051009;246627;620
201400031708;14;3;16;1940;5;2;1;1;6;532;Joseph CARLIER;M;5051898;249802;620
201400031709;14;6;2;2131;1;2;3;1;1;48;0, LAMENDIN (ARTHUR);M;5051652;245182;620
201400031710;14;7;4;1050;1;2;1;1;6;516;HAYE ( rue de la);M;5056553;247295;620
201400031711;14;11;27;2255;4;1;1;8;7;516;ROUTE NATIONALE 43;M;5054801;251756;620
201400031712;14;12;1;930;1;1;2;1;3;516;C.D 916;M;5056510;246318;620
201400031713;14;11;22;930;1;2;1;1;6;570;38, JUSSIEU;M;5041276;287720;620
201400031714;14;1;6;915;1;2;3;1;3;65;0, PERI (GABRIEL BD);M;5040967;282926;620
201400031715;14;1;14;750;2;2;1;3;6;65;DE LA PAIX (AV);M;5041388;282707;620
201400031716;14;4;21;1540;1;2;1;8;7;65;D 917;M;5041661;282242;620
201400031717;14;3;29;1600;1;2;2;1;1;65;JAURES JEAN rue;M;5039899;283763;620
201400031718;14;4;6;1350;1;2;2;1;3;724;ITALIENS (BOULEVARD);M;5040368;291987;620
201400031719;14;4;9;810;2;2;1;1;3;65;VOLTAIRE rue;M;5042209;284186;620
201400031720;14;4;26;1855;1;2;3;1;3;570;67, DIX MARS (AV DU);M;5040603;287845;620
201400031721;14;5;1;1450;1;2;1;1;7;65;16, SEMARD PIERRE;M;5041536;284398;620
201400031722;14;5;9;2310;5;2;2;1;6;65;PERI (GABRIEL BD;M;5041120;283092;620
201400031723;14;5;19;2115;5;2;1;1;1;570;D 262;M;5039894;288276;620
201400031724;14;6;17;1600;1;2;2;1;7;570;29, DIDEROT;M;5040161;287138;620
201400031725;14;6;27;1110;1;2;3;1;6;65;00, BRIQUET RAOUL;M;5040893;283042;620
201400031726;14;7;26;1730;1;2;6;1;5;65;DUCLOS ( PLACE JACQUES);M;5041359;283368;620
201400031727;14;7;31;245;5;2;1;1;6;570;FLOHA (AVENUE DE );M;5040471;287321;620
201400031728;14;8;13;1300;1;2;2;1;3;65;00, PERI (GABRIEL BD);M;5041120;283090;620
201400031729;14;8;18;955;1;2;6;1;2;277;2, IZEL;M;5038759;291739;620
201400031730;14;8;24;1955;1;2;1;1;3;570;111, SIMON (PIERRE);M;5041063;288380;620
201400031731;14;9;12;855;1;2;1;1;6;65;1, FRANCE (BOULEVARD ANA;M;5040017;283540;620
201400031732;14;9;20;815;1;2;2;1;3;724;FOSSE DEUX ( BOULEVARD);M;5040338;291408;620
201400031733;14;10;6;1835;1;2;2;2;3;570;36, OFFENBACH (JACQUES);M;5040322;288051;620
201400031734;14;10;6;2130;3;1;1;2;7;65;RD 917;M;5040058;282493;620
201400031735;14;10;10;1315;1;2;1;1;2;570;17, SIMON (PIERRE);M;5040671;287922;620
201400031736;14;10;18;1710;1;2;1;1;3;277;189, ARRAS;M;5039925;293681;620
201400031737;14;11;8;1910;5;2;4;1;3;724;23, FOCH (DU MARECHAL);M;5039289;290450;620
201400031738;14;11;5;1205;1;2;1;1;6;570;21, SIMON (PIERRE);M;5040702;287956;620
201400031739;14;12;3;2030;5;2;6;1;6;570;2, COURTY;M;5040902;286089;620
201400031740;14;12;20;9;3;1;1;2;1;65;RN 17;M;5040507;282455;620
201400031741;14;4;12;940;1;2;6;1;2;108;1, SAINT JOSSE;M;5041109;159377;620
201400031742;14;5;26;2045;2;2;2;3;3;108;BOULOGNE;M;5041441;158676;620
201400031743;14;8;14;1530;1;2;1;1;6;108;VERDUN;M;5040599;159560;620
201400031744;14;9;13;1330;1;2;2;1;3;108;DOCTEUR QUETTIER;M;5041125;157756;620
201400031745;14;10;2;2340;5;2;2;1;6;108;HUIT MAI;M;5040840;157811;620
201400031746;14;10;18;2040;5;2;3;1;3;108;IMPERATRICE;M;5040529;156872;620
201400031747;14;10;31;100;5;2;1;1;7;108;20, MICHEL MALINGRE;M;5040949;156989;620
201400031748;14;12;16;1440;1;2;2;1;6;108;21, ROTHSCHILD;M;5040650;156351;620
201400031749;14;1;5;940;1;2;1;1;6;735;CD   943;M;5050095;269621;620
201400031750;14;1;3;1220;1;2;1;1;6;119;BRUAY ( AVENUE DE;M;5052302;262779;620
201400031751;14;1;8;750;5;2;1;2;3;119;LILLE ( RUE DE;M;5052541;265001;620
201400031752;14;1;11;1530;1;2;1;1;3;330;LILLE ( RUE DE;M;5055509;276850;620
201400031753;14;1;16;750;2;2;1;2;6;119;PRE DES SOEURS rue du;M;5052797;265106;620
201400031754;14;1;17;2020;5;2;3;2;1;51;HUMBLOT IGNACE ( RUE;M;5051270;278395;620
201400031755;14;1;28;1900;3;1;1;2;7;863;CD941;M;5051638;277140;620
201400031756;14;2;9;200;5;2;3;6;6;119;BERTHELOT ( RUE MARCELLI;M;5052995;264482;620
201400031757;14;2;15;955;1;2;3;1;6;132;73, DE GAULLE rue du Gén;M;5051577;286156;620
201400031758;14;2;27;1545;1;1;1;1;7;846;GUESDE JULES ( RUE );M;5048925;275856;620
201400031759;14;3;9;1330;1;2;3;1;6;35;72, QUATRE VENTS rue des;M;5054448;262286;620
201400031760;14;4;15;1745;1;2;1;1;6;119;TREILLES rue des;M;5053048;263781;620
201400031761;14;4;26;820;1;2;3;1;3;119;PRE DES SOEURS ( RUE DU;M;5052957;264760;620
201400031762;14;5;18;2158;5;2;6;1;7;132;Avenue de sofia;M;5052314;285344;620
201400031763;14;5;24;1020;1;2;3;1;3;119;LILLE ( RUE DE);M;5052443;265277;620
201400031764;14;5;28;1850;1;1;2;1;5;863;CD 167 E2;M;5053474;276923;620
201400031765;14;5;30;810;1;2;4;1;3;846;REPUBLIQUE ( PL DE LA;M;5048769;274571;620
201400031766;14;6;15;2000;1;2;1;1;6;119;LILLE ( RUE DE );M;5052472;265194;620
201400031767;14;6;6;1345;1;1;1;1;6;35;AVELETTE ( RUE DE L');M;5055435;263365;620
201400031768;14;8;1;920;1;2;2;1;6;119;86, SALENGRO ( Bd;M;5053097;263186;620
201400031769;14;8;16;2215;4;1;1;1;7;126;CD 941;M;5051357;269213;620
201400031770;14;8;11;1330;1;1;2;2;3;626;CAMBRIN ( ROUTE DE);M;5049701;273051;620
201400031771;14;8;12;2040;2;2;1;1;3;119;rue du beau marais;M;5053169;265310;620
201400031772;14;8;12;1850;1;2;3;1;6;35;LILAS ( Rue des );M;5053872;261208;620
201400031773;14;9;8;1730;1;1;6;1;3;350;941(CD);M;5051119;261941;620
201400031774;14;9;15;1340;1;2;1;1;6;276;194, LENS ( ROUTE DE );M;5050936;280766;620
201400031775;14;9;30;1940;2;2;1;1;3;841;RENOUVEAU ( RUE DU );M;5054139;260838;620
201400031776;14;10;6;1735;1;2;1;2;6;736;19, MONGY ( RUE );M;5050207;269779;620
201400031777;14;9;26;1640;1;2;1;1;6;119;TRAIN DE LOOS (rue);M;5052133;263115;620
201400031778;14;10;8;1710;1;2;1;1;3;119;HORLOGERIE ( RUE DE L' );M;5052073;264611;620
201400031779;14;10;14;2335;5;2;2;2;3;401;LENS ( ROUTE DE );M;5050882;280781;620
201400031780;14;10;30;2015;3;1;1;1;5;735;CD 943;M;5049606;270272;620
201400031781;14;11;2;930;1;2;2;1;6;262;941 (CD);M;5051266;274741;620
201400031782;14;10;12;1020;1;2;6;1;3;119;SAINT ELOI ( PLACE );M;5052812;264251;620
201400031783;14;11;20;730;5;1;1;1;6;276;DULIEUX ( RUE DU CAPITAI;M;5050497;283885;620
201400031784;14;11;23;645;5;2;9;8;6;119;AIRE ( RUE D' );M;5053680;263622;620
201400031785;14;11;27;1735;1;2;1;8;6;119;BOUTLEUX ( RUE );M;5053028;263596;620
201400031786;14;11;20;945;1;1;1;1;6;276;Londres;M;5052311;282481;620
201400031787;14;11;7;1640;1;2;1;2;3;119;CARNOT ( RUE SADI );M;5053523;263810;620
201400031788;14;12;7;1340;1;2;1;1;1;276;141, JAURES ( RUE JEAN );M;5050880;281772;620
201400031789;14;12;27;2105;3;1;1;2;6;119;CD 937( RUE DEPARTEMENTA;M;5054017;265336;620
201400031790;14;1;11;1045;1;2;1;8;6;758;83, DESVRES ( Rue de;M;5071785;165712;620
201400031791;14;1;13;1545;1;2;1;7;6;893;BON AIR ( Rue du;M;5077788;161191;620
201400031792;14;1;25;1900;4;2;1;3;6;667;2, LIBERTE ( Bld de la;M;5071599;159111;620
201400031793;14;2;3;1625;1;2;1;7;6;160;SAINTE BEUVE (Bld;M;5073424;159469;620
201400031794;14;2;4;1020;1;2;1;1;2;758;DESVRES  Rue de;M;5072267;164339;620
201400031795;14;2;26;1730;1;2;2;1;6;160;135,rue FAIDHERBE;M;5072624;160739;620
201400031796;14;3;5;220;5;2;1;1;6;643;119, MASSENET Rue Jules;M;5069739;157896;620
201400031797;14;3;24;820;1;2;1;1;6;160;BRANLY (Rue Edouard);M;5071988;161534;620
201400031798;14;5;18;1115;1;2;1;1;3;758;336, SAINT OMER Route de;M;5072636;164053;620
201400031799;14;4;12;1015;1;2;1;1;6;160;PAUGHAM (square Blanche);M;5073374;160026;620
201400031800;14;5;25;215;5;2;1;1;7;160;BOULEVARD DE L EUROPE;M;5071988;159939;620
201400031801;14;6;28;1740;1;2;1;1;1;160;96, NATIONALE (Rue);M;5072161;161074;620
201400031802;14;7;10;2130;1;2;3;8;3;160;NATIONALE (Rue);M;5072085;161242;620
201400031803;14;7;30;2115;2;2;1;1;2;160;77, GRANDE RUE;M;5072389;160784;620
201400031804;14;8;17;1250;1;2;1;8;6;160;43, DAUNOU (Bld);M;5072056;160548;620
201400031805;14;9;24;1230;1;2;3;1;3;160;KENNEDY (Ave. John);M;5071559;161427;620
201400031806;14;10;4;120;3;1;1;1;6;894;C.D. 96e;M;5074407;160968;620
201400031807;14;10;6;1205;1;2;1;8;3;160;SAINTE BEUVE (Bld);M;5073401;159465;620
201400031808;14;10;28;840;1;2;2;7;3;643;1, CLERC ( Rue du Profes;M;5069973;158917;620
201400031809;14;11;1;815;1;2;1;8;1;160;OUTREAU (Rue d');M;5071254;159804;620
201400031810;14;10;21;1825;5;1;1;1;6;160;22, CHANZY (Quai);M;5072008;160170;620
201400031811;14;12;8;1655;2;2;1;1;6;160;36, KENNEDY (Ave. John);M;5071448;161415;620
201400031812;14;12;26;1720;5;1;1;3;6;160;A, GAMBETTA (Bld L?on);M;4884617;224101;620
201400031813;14;1;8;1545;1;1;4;1;6;445;D86;M;5048934;260257;620
201400031814;14;2;12;755;1;1;1;1;5;445;D86;M;5049400;260634;620
201400031815;14;3;1;15;5;2;1;2;6;400;1002, ZOLA rue Emile;M;5046772;256712;620
201400031816;14;3;20;2020;5;2;1;1;6;270;31, ALLENDE rue SALVATO;M;5048166;250349;620
201400031817;14;4;10;1705;1;2;1;1;3;270;PLOUVIEZ      rue;M;5047271;251888;620
201400031818;14;5;1;700;1;2;1;1;7;178;348, CAUDRON ( FLORENT );M;5048413;254839;620
201400031819;14;6;9;1845;1;2;3;2;3;178;ANATOLE FRANCE;M;5048361;255528;620
201400031820;14;6;11;1710;1;2;3;1;6;178;104, AMONT ( D');M;5048181;253714;620
201400031821;14;6;17;1155;1;2;1;1;6;457;71, GARE (RUE DE LA);M;5040246;286915;620
201400031822;14;6;22;1225;1;2;3;1;2;178;REPUBLIQUE ( DE LA );M;5047370;252811;620
201400031823;14;8;3;640;1;1;1;1;7;445;D86;M;5048617;260068;620
201400031824;14;9;11;1325;1;2;9;1;1;178;213, ETATS-UNIS;M;5047230;255315;620
201400031825;14;9;22;1355;1;2;2;1;3;178;LIBERATION ( AVENUE );M;5049047;256445;620
201400031826;14;10;13;1015;1;2;1;1;1;270;43, BASLY (RUE EMILE);M;5047336;250924;620
201400031827;14;11;28;1515;1;2;1;8;1;400;656, ZOLA ( EMILE );M;5046912;257002;620
201400031828;14;12;7;1150;1;2;1;8;1;377;DESRUELLE ( CAMILLE );M;5051104;258609;620
201400031829;14;12;9;1655;2;2;1;1;1;178;D 188;M;5049521;257194;620
201400031830;14;12;21;1945;5;2;1;8;1;178;978, LIBERATION ( AVENUE;M;5049267;256929;620
201400031831;14;5;21;1805;1;2;1;1;3;178;1113, LIBERATION ( AVE;M;5048784;256000;620
201400031832;14;1;2;1415;1;2;1;2;6;193;173, GAMBETTA (BOULEVAR;M;5094610;183958;620
201400031833;14;1;28;1015;1;2;2;7;6;193;MARINOT rue M;M;5095031;188694;620
201400031834;14;1;7;820;2;2;3;1;6;193;SAINT OMER (ROUTE DE;M;5093895;188061;620
201400031835;14;1;11;1300;1;2;1;7;6;193;377, ROGER SALENGRO (AV;M;5094537;183257;620
201400031836;14;2;8;140;5;2;6;2;6;193;SAINT EXUPERY  3 av;M;5094704;192182;620
201400031837;14;2;6;1200;1;2;1;1;6;193;HUIT MAI (bd du);M;5095594;183485;620
201400031838;14;1;29;1415;1;2;1;1;3;239;109, DE GAULLE av Ch.;M;5094219;180686;620
201400031839;14;3;20;1655;1;2;2;1;3;193;GAMBETTA (BD);M;5094683;184573;620
201400031840;14;4;1;1325;1;2;1;1;6;193;JARDIN DES PLANTES rue;M;5094705;185982;620
201400031841;14;4;8;1855;1;2;2;1;6;244;GUINES (RTE DE);M;5092664;186783;620
201400031842;14;4;20;1735;1;2;6;1;2;193;GASTON BERTHE digue;M;5096546;184177;620
201400031843;14;5;2;1815;1;1;1;1;5;193;A216;;;;620
201400031844;14;5;2;1700;1;2;3;1;3;193;ROGER SALENGRO (AVENUE);M;5094485;182703;620
201400031845;14;5;16;1610;1;2;3;1;3;193;MOLLIEN;M;5095412;185689;620
201400031846;14;5;24;1540;1;2;1;1;6;193;CURIE (BD);M;5093962;186102;620
201400031847;14;6;7;1950;1;2;2;1;3;193;VAUXHALL (RUE DU);M;5094798;185126;620
201400031848;14;6;16;1605;1;2;2;1;3;244;HAUTS CHAMPS (RUE DES);M;5092616;187568;620
201400031849;14;7;6;1800;1;2;1;1;1;193;ORLEANSVILLE (RUE D');M;5094785;183356;620
201400031850;14;7;11;1745;1;2;1;1;1;193;GARENNES (RUE DES);M;5096785;189659;620
201400031851;14;8;1;1200;1;2;1;1;6;193;CONSTANT CRONIE;M;5094859;182673;620
201400031852;14;8;10;1755;1;2;4;6;3;548;Avenue de Calais;M;5094780;195119;620
201400031853;14;8;27;1945;2;2;1;1;6;193;PARMENTIER (CHEMIN);M;5095591;188420;620
201400031854;14;9;3;1355;1;1;1;1;1;239;KENT (BOULEVARD DU);M;5093200;181081;620
201400031855;14;9;5;1720;1;2;1;1;2;193;JACQUARD (BOULEVARD);M;5094898;185413;620
201400031856;14;9;16;1330;1;2;1;7;2;193;APOLLINAIRE (RUE G.);M;5093924;187505;620
201400031857;14;10;1;845;1;2;3;1;6;193;GAMBETTA (BOULEVARD);M;5094664;184416;620
201400031858;14;10;5;200;5;2;5;1;6;193;SQUARE DES FONTINETTES;M;5094027;185131;620
201400031859;14;10;7;945;1;2;1;1;6;193;MARTIN LUTHER KING;M;5095481;189466;620
201400031860;14;10;12;2045;3;1;1;3;6;193;A216;M;5096060;190528;620
201400031861;14;10;16;1205;1;1;1;2;6;239;EUROPE (BOULEVARD DE L');M;5093823;181552;620
201400031862;14;10;26;1050;1;2;6;1;6;774;R.D.940;M;5095903;182776;620
201400031863;14;11;16;235;5;2;1;1;6;548;avenue de Calais;M;5094690;191618;620
201400031864;14;11;19;2350;5;2;6;1;3;193;VIC (RUE DE);M;5094945;186175;620
201400031865;14;11;15;1655;2;2;1;1;6;193;158, EGALITE (BOULEVARD;M;5094579;187437;620
201400031866;14;11;23;1150;1;2;2;1;3;193;GERSCHEL (RUE A.);M;5095879;184687;620
201400031867;14;11;25;700;2;1;1;1;6;774;D243;M;5093792;177541;620
201400031868;14;11;28;55;3;1;1;8;6;193;A216;M;5095368;190603;620
201400031869;14;12;4;1815;5;2;2;1;3;193;EGALITE (BOULEVARD DE L';M;5094585;187656;620
201400031870;14;12;12;2020;3;1;3;1;3;548;PASCAL (RUE);M;5093932;194061;620
201400031871;14;11;28;1720;5;2;1;1;4;239;EUROPE (BOULEVARD DE L');M;5093213;180687;620
201400031872;14;1;10;700;5;2;4;1;6;215;SANS, VIEUX CHATEAU (RD;M;5048548;295974;620
201400031873;14;1;17;1410;1;1;3;1;3;215;, R.D.306;M;5048206;297572;620
201400031874;14;2;6;1120;1;2;2;2;3;413;SANS, GUERRE rue Paul;M;5044562;289658;620
201400031875;14;1;27;1710;2;2;1;2;6;413;17, BARBUSSE (AV;M;5044684;290389;620
201400031876;14;2;24;15;3;1;1;1;2;215;ESTEVELLES (CHE. D;M;5048505;293448;620
201400031877;14;3;23;1350;1;2;3;2;3;311;81, DUPONT (R BLANCHE);M;5047450;291071;620
201400031878;14;4;7;2140;3;1;1;8;2;215;RD917   57+1;M;5047994;295737;620
201400031879;14;3;22;1515;1;2;1;7;1;907;8, SCHUMANN (BD;M;5047660;301172;620
201400031880;14;4;10;1630;1;2;3;1;3;215;749, BUQUEUX rue;M;5049560;296969;620
201400031881;14;4;16;1730;1;2;3;1;5;215;POSTES (CHEMIN  DE;M;5050173;294681;620
201400031882;14;5;3;1600;1;2;3;1;3;907;DARCHICOURT (AV FE;M;5048204;300402;620
201400031883;14;5;16;1430;1;2;3;1;1;413;60, DEBARGE (R Charles);M;5044344;289811;620
201400031884;14;4;23;1625;1;2;3;1;2;250;18, LAMENDIN (Rue ARTHUR;M;5045488;294642;620
201400031885;14;5;5;720;1;1;6;1;2;215;RD919;M;5050504;295024;620
201400031886;14;6;8;1430;1;2;2;1;3;413;34, FOSSE (AV. DE LA);M;5044334;288314;620
201400031887;14;6;7;2030;1;2;2;1;3;33;SANS, ROLLE (rue KLEBER);M;5046370;287974;620
201400031888;14;6;10;1815;1;2;1;1;6;637;sans, FUSILLES (R DES 80;M;5047081;298373;620
201400031889;14;6;10;1930;1;2;2;1;3;413;sans, FOSSE (AV. DE LA);M;5044151;288535;620
201400031890;14;6;20;1445;1;1;3;1;2;33;sans, LILLE (RTE DE);M;5045311;287627;620
201400031891;14;7;4;20;5;2;2;1;3;215;sans, PRESSENCE  (R FRAN;M;5048983;295486;620
201400031892;14;7;13;30;5;2;1;1;5;215;QUINET (R CYPRIEN);M;5049202;298092;620
201400031893;14;7;25;1640;1;2;1;1;6;250;85, LAMENDIN (R ARTHUR);M;5045231;295155;620
201400031894;14;7;27;215;5;2;1;1;6;413;FUSILLES (R DES);M;5044585;290950;620
201400031895;14;7;3;1850;1;1;3;1;3;33;sans, LILLE (RTE DE);M;5045311;287629;620
201400031896;14;8;8;1310;1;2;1;2;6;413;SANS, BARBUSSE (AV);M;5044610;290507;620
201400031897;14;8;24;445;5;2;1;1;6;666;SANS, SERGEANT (R ROLAND;M;5047165;288463;620
201400031898;14;9;10;1755;1;2;2;1;3;637;SANS, ZOLA (R EMILE);M;5047139;299755;620
201400031899;14;9;12;1700;1;2;3;7;3;413;SANS, FUSILLES (R DES);M;5044455;290569;620
201400031900;14;8;28;2030;2;2;1;1;3;413;42, LENS (RTE DE);M;5044076;288730;620
201400031901;14;10;10;1815;1;2;1;1;6;413;SANS, PLACE (GRAND);M;5044473;290407;620
201400031902;14;9;6;1350;1;2;1;1;1;250;sans, TILLOY (R MAURICE);M;5046529;294236;620
201400031903;14;10;7;1000;1;2;1;2;1;907;SANS, QUINET (R CYPRIEN);M;5048448;301574;620
201400031904;14;10;21;1845;3;1;1;1;4;907;SANS, RD 917;M;5048591;298738;620
201400031905;14;11;6;715;2;1;1;1;4;637;0, RD306;M;5046781;300227;620
201400031906;14;12;6;1225;1;1;6;1;3;907;DARCHICOURT (AV FERNAND;M;5048282;300278;620
201400031907;14;12;1;730;2;2;3;2;3;666;SANS, VENDIN (RTE DE);M;5046948;287556;620
201400031908;14;12;26;1900;5;2;2;1;3;215;SANS, PLACHEZ (R EDOUARD;M;5049339;295759;620
201400031909;14;12;8;1200;1;2;2;1;3;427;0, SCHWEITZER ALBERT (BD;M;5041634;297709;620
201400031910;14;11;8;425;3;2;1;1;6;427;sans, BUISSE (CHE. DE LA;M;5043298;295298;620
201400031911;14;1;24;1245;1;2;1;1;6;249;11, POILUS rue de;M;5041818;301785;620
201400031912;14;2;7;1545;1;2;2;1;6;427;0, LECLERCQ rue Henri;M;5041975;294516;620
201400031913;14;2;16;920;1;2;6;1;6;351;HUGO (R VICTOR );M;5043062;291076;620
201400031914;14;1;20;1215;1;2;1;1;6;351;127, LECLERC R DU MARE;M;5042522;290633;620
201400031915;14;2;23;1300;1;2;1;1;6;133;104, REPUBLIQUE (AV. DE;M;5041981;291400;620
201400031916;14;2;11;1225;1;2;1;3;3;427;SCHWEITZER ALBERT (BD;M;5041643;297676;620
201400031917;14;4;11;1505;1;1;1;1;6;351;RD 39;M;5043736;292113;620
201400031918;14;4;19;1615;1;2;1;1;6;427;14, DEMARQUETTE (Rue;M;5042066;294632;620
201400031919;14;4;17;1425;1;2;3;1;6;427;GRUYELLE (Rue ELIE);M;5042047;294947;620
201400031920;14;4;22;2145;5;2;3;1;6;427;210, GRUYELLE (Rue ELIE);M;5042082;295198;620
201400031921;14;4;5;2200;5;2;2;1;3;624;VERDUN (R DE);M;5042019;299439;620
201400031922;14;4;28;1925;1;2;1;1;6;274;04, COURBET (R GUSTAVE);M;5043229;299196;620
201400031923;14;4;11;1330;1;2;1;1;6;427;CHURCHILL (BD WINSTO;M;5042800;294595;620
201400031924;14;4;23;1810;1;2;3;1;3;351;BOUSSAC (Rue DE);M;5042110;289319;620
201400031925;14;4;10;1750;1;2;1;1;6;427;239, TOUR D'AUVERGNE rue;M;5040091;296479;620
201400031926;14;5;23;755;1;1;2;1;5;321;D160 E;M;5043518;303552;620
201400031927;14;5;21;1010;1;2;1;8;6;427;PAPIN (R DENIS);M;5042065;294668;620
201400031928;14;6;1;1915;1;2;1;1;3;351;., OUSSEKINE (R MALIK);M;5042647;291976;620
201400031929;14;6;7;800;2;1;1;1;6;274;0, CD 306;M;5045331;300987;620
201400031930;14;6;7;1840;1;2;1;1;6;427;182, HERBAUT (BD DES FRE;M;5040889;294022;620
201400031931;14;6;7;1930;1;2;1;1;6;427;277, PASTEUR (rue;M;5041660;294686;620
201400031932;14;6;9;1315;1;2;1;2;1;497;78, JAURES (R JEAN);M;5043961;306620;620
201400031933;14;5;16;1730;1;2;1;1;6;249;11, FISMES (Rue DE);M;5041130;301582;620
201400031934;14;6;20;850;1;2;2;1;3;321;220B, BASLY (R EMILE );M;5044047;302064;620
201400031935;14;7;4;30;5;2;1;1;6;133;17, REPUBLIQUE (AV. DE L;M;5041984;290034;620
201400031936;14;6;24;1740;1;2;9;1;3;351;27, LECLERC (R DU MARECH;M;5044439;290828;620
201400031937;14;9;12;450;3;1;1;1;1;274;0, RD 160;M;5043777;299384;620
201400031938;14;8;28;1040;1;2;1;1;6;427;334, ABBAYE (R DE L' );M;5042383;294464;620
201400031939;14;9;23;1110;1;2;3;1;2;427;sans, ABBAYE (R DE L');M;5042242;294593;620
201400031940;14;10;11;1215;1;2;6;1;6;249;JAURES (PL JEAN);M;5041900;301467;620
201400031941;14;9;23;1115;1;1;9;1;3;624;0, CENTRE COMMERCIAL AUC;M;5041153;297914;620
201400031942;14;10;25;2150;5;2;1;1;7;427;482, DOURGES (R DE);M;5042733;296336;620
201400031943;14;9;27;1440;1;2;1;1;2;427;sans, laennec (rue du do;M;5043611;294519;620
201400031944;14;10;31;1725;2;2;2;1;3;497;48, CARNOT (R LAZARE);M;5043012;306067;620
201400031945;14;11;8;630;5;1;9;1;3;321;0, D160E;M;5043232;302562;620
201400031946;14;10;17;2140;5;2;1;1;1;133;sans, OUSSEKINE (R MALIK;M;5042541;291897;620
201400031947;14;11;27;1520;1;2;1;1;3;497;29, VOLTAIRE (R );M;5043949;305906;620
201400031948;14;12;4;1755;2;2;3;1;3;249;sans, FERRY (R JULES);M;5040969;300373;620
201400031949;14;11;22;730;2;2;6;1;2;497;sans, EGALITE (R DE L');M;5044260;306320;620
201400031950;14;12;11;2225;5;2;3;1;1;427;187, GRUYELLE (R ELIE);M;5042069;295135;620
201400031951;14;11;15;1345;1;2;1;1;2;498;322, BETHUNE (RTE DE);M;5044145;280606;620
201400031952;14;1;16;2120;5;2;1;1;6;771;70, VAILLANT (R EDOUARD;M;5041972;287286;620
201400031953;14;12;24;1700;5;2;1;3;3;498;251, MAES (AV. ALFRED );M;5042697;280622;620
201400031954;14;1;17;1910;5;2;2;2;3;895;BASLY (R EMILE;M;5049434;285091;620
201400031955;14;12;24;1455;1;2;1;3;2;771;77, LAMENDIN (R ARTHUR);M;5042003;286169;620
201400031956;14;1;3;1035;1;2;1;2;6;842;sans, GUESDE (R JULES;M;5047362;286647;620
201400031957;14;1;11;1130;1;2;3;1;3;498;BETHUNE (ROUTE DE);M;5043853;281150;620
201400031958;14;3;1;400;5;2;1;1;3;498;SANS, BLUM (R LEON);M;5043999;279735;620
201400031959;14;3;8;100;5;2;1;1;6;498;87,NOTRE DAME DE LORETTE;M;5042463;281566;620