num_acc;an;mois;jour;hrmn;lum;agg;int;atm;col;com;adr;gps;lat;long;dep
201400031960;14;3;11;1805;1;2;1;1;6;498;BASSEE (RTE DE LA);M;5044329;281983;620
201400031961;14;3;22;1330;1;2;2;1;3;895;sans, PERI (R GABRIEL;M;5048952;284093;620
201400031962;14;4;10;1000;1;2;1;1;6;498;DELOTS (R AUGUSTIN;M;5043099;284011;620
201400031963;14;4;12;2115;5;2;1;1;6;498;101, BLUM (R LEON);M;5043908;279584;620
201400031964;14;3;29;1730;1;2;2;1;3;628;COURTAIGNE rue de;M;5041982;288644;620
201400031965;14;4;10;835;1;2;1;1;6;498;17, QUATRE SEPTEMBRE (AV;M;5043216;282961;620
201400031966;14;5;4;1600;1;1;1;1;2;628;Departementale 262;M;5042826;286676;620
201400031967;14;5;15;1855;1;2;1;1;6;498;ALLENDE (R SALVADOR );M;5044226;283177;620
201400031968;14;5;17;1610;1;2;1;1;1;842;ST NAZAIRE n 107;M;5045999;284791;620
201400031969;14;5;28;1135;1;2;1;1;2;842;LECOEUR (R JACQUES;M;5047328;286984;620
201400031970;14;5;22;1630;1;1;9;1;2;895;RN 47;M;5048643;283627;620
201400031971;14;3;29;700;1;2;2;1;3;842;BLANDAIN rue;M;5045592;284502;620
201400031972;14;3;5;1325;1;2;2;1;3;498;LAFARGUE rue Paul;M;5044565;283313;620
201400031973;14;6;28;430;5;2;6;1;6;771;SANS, DARRAS (R CONSTANT;M;5042392;284722;620
201400031974;14;4;25;1400;1;2;2;1;3;498;0000, LEFEBVRE (R AUGUST;M;5043984;281355;620
201400031975;14;4;19;1650;1;2;2;1;6;771;LAMENDIN (R ARTHUR;M;5042080;285874;620
201400031976;14;5;25;945;1;2;1;1;6;498;0, VAN PELT (AV. ALFRED);M;5043124;284176;620
201400031977;14;5;18;1700;1;2;1;1;6;895;CANARDERIE rue de la;M;5049744;287248;620
201400031978;14;6;13;1050;1;2;1;1;6;628;RD 262;M;5042140;287125;620
201400031979;14;7;7;2140;2;2;1;1;6;628;1, DESSINGES (IMP);M;5042098;287501;620
201400031980;14;7;31;1530;1;2;1;1;6;464;face 246, SALENGRO (R RO;M;5049198;280909;620
201400031981;14;8;2;525;2;2;1;1;6;498;103, LA BASSEE (RTE DE;M;5044148;282031;620
201400031982;14;8;4;1745;2;2;1;1;2;498;174/176, BERT (R PAUL;M;5043187;280730;620
201400031983;14;8;9;2320;5;1;1;1;6;628;P?n?trante A 21;M;5043421;286968;620
201400031984;14;8;17;45;5;2;1;1;6;771;18, DARRAS (R CONSTANT);M;5042512;284248;620
201400031985;14;8;13;1935;1;2;1;1;6;771;face au 72, DARRAS (R;M;5039447;292805;620
201400031986;14;9;7;1715;1;2;2;1;3;628;sans, CARVIN (R DE);M;5042532;287636;620
201400031987;14;8;28;1000;1;2;1;1;6;523;rue Madeleine DERAM;M;5044024;286068;620
201400031988;14;9;3;925;1;2;2;1;3;498;0, FALAISE (R DE);M;5044309;283047;620
201400031989;14;9;22;1420;1;2;1;1;6;498;37, NOTRE DAME DE LORETT;M;5042520;281814;620
201400031990;14;9;15;1735;1;2;1;1;2;895;54, GUESDE (R JULES);M;5049490;285488;620
201400031991;14;9;17;905;1;2;1;1;6;498;108, BLUM (R LEON);M;5043899;279561;620
201400031992;14;9;30;1250;1;2;3;1;2;498;13, BROSSOLETTE (R PIERR;M;5044354;280371;620
201400031993;14;9;2;940;1;2;1;1;6;498;SANS, JAURES (AV. JEAN);M;5042915;283130;620
201400031994;14;10;8;610;5;2;3;8;7;523;HARNES (RTE D');M;5043889;287481;620
201400031995;14;9;28;35;4;2;3;1;3;498;sans, BETHUNE (RTE DE);M;5043852;281149;620
201400031996;14;10;9;940;1;2;1;1;6;498;SANS, BETHUNE (RTE DE);M;5043616;281586;620
201400031997;14;10;9;810;1;2;1;1;5;498;25A, ONZE NOVEMBRE (R DU;M;5043152;282509;620
201400031998;14;11;4;1700;1;1;1;1;5;573;sans, RD165;M;5049033;289405;620
201400031999;14;10;8;1150;1;2;1;8;6;842;sans, PASTEUR (R );M;5047238;286878;620
201400032000;14;10;24;1900;3;1;1;2;1;573;SANS, RD165;M;5049032;289374;620
201400032001;14;11;3;1425;1;2;1;3;6;498;sans, BLUM (R LEON);M;5043826;279425;620
201400032002;14;12;2;750;1;2;8;1;6;498;91, BLUM (R LEON);M;5043787;279366;620
201400032003;14;12;11;720;2;2;1;3;3;498;SANS, BASSEE (RTE DE LA);M;5045139;281763;620
201400032004;14;1;6;1330;1;2;1;2;3;32;ALLENDE (PL.SALVADOR;M;5040840;275689;620
201400032005;14;12;20;830;1;2;1;1;7;510;., LEMAIRE (R FLORIMONT;M;5041825;276976;620
201400032006;14;2;15;1820;1;2;1;1;3;563;BEUGNET (R CASIMIR);M;5047069;271862;620
201400032007;14;2;14;2010;2;1;1;1;7;510;MITTERAND (AV FRANCOIS;M;5042737;278882;620
201400032008;14;2;1;2000;5;2;1;1;6;510;2, DERNONCOURT (R HENRI);M;5041737;279310;620
201400032009;14;3;8;1915;2;2;1;1;3;510;TASSIGNY (R DU MAL. DE;M;5041490;276370;620
201400032010;14;3;12;1950;1;2;1;1;2;528;., BLUM (R LEON);M;5044564;278790;620
201400032011;14;3;22;1220;1;2;1;4;3;510;41, JAURES (AV JEAN;M;5042329;278520;620
201400032012;14;3;28;1200;1;2;1;1;7;186;CONDORCET rue;M;5043911;272657;620
201400032013;14;4;4;1445;1;1;1;1;3;510;0, MITTERAND av FRANCOIS;M;5042640;279120;620
201400032014;14;4;8;755;1;2;1;1;6;510;TASSIGNY rue du marechal;M;5041502;276391;620
201400032015;14;4;21;2155;5;2;1;1;6;510;82, CARPENTIER (R George;M;5042375;275620;620
201400032016;14;4;29;740;1;2;1;1;6;19;., BETHUNE (R DE);M;5042892;270741;620
201400032017;14;4;28;1345;1;2;1;1;6;510;., LECLERC (AV DU MAR;M;5042239;277572;620
201400032018;14;5;7;2130;2;2;1;1;1;386;BEUGNET (Rue CASIMIR);M;5044630;273923;620
201400032019;14;5;13;1430;1;2;1;1;3;186;VOLTAIRE rue;M;5044675;272292;620
201400032020;14;5;19;1715;1;2;1;1;7;386;., FLANDRE (BD DE LA);M;5044869;274271;620
201400032021;14;6;2;2100;1;2;1;1;6;186;13, DEBEAUMONT ( RUE EDM;M;5044302;272302;620
201400032022;14;6;5;2310;5;2;1;1;5;563;., DUTOUQUET (R );M;5046654;271978;620
201400032023;14;6;13;1930;1;2;1;1;3;510;., MARTIN (R HENRI );M;5042466;277474;620
201400032024;14;6;26;2105;1;2;6;1;3;19;., ARRAS (R D');M;5042641;271142;620
201400032025;14;7;2;1505;1;2;1;1;3;186;., LOIRE (BD DE LA);M;5045681;272202;620
201400032026;14;7;28;1215;1;2;1;1;7;510;., FENELON (R);M;5042260;278741;620
201400032027;14;8;2;1625;1;2;1;1;3;510;AMPERE (R);M;5042144;279673;620
201400032028;14;8;5;1820;1;1;1;1;6;19;RD 301;M;5043533;269422;620
201400032029;14;8;14;2345;5;2;1;1;3;186;., BEUGNET (R CASIMIR);M;5045475;272103;620
201400032030;14;8;21;45;5;2;2;1;3;510;., TASSIGNY (R DU MAL. D;M;5041494;276372;620
201400032031;14;8;30;1230;1;2;1;1;7;528;., PASTEUR (R);M;5045780;279380;620
201400032032;14;9;15;1840;1;2;1;1;3;510;., LIBERTE (R DE LA );M;5043710;277951;620
201400032033;14;9;17;930;1;2;1;1;7;510;., BARRE (R CHEVALIER DE;M;5042299;278303;620
201400032034;14;10;6;1750;1;2;1;1;3;563;., LOIRE (BD DE LA);M;5045908;272217;620
201400032035;14;10;11;1900;1;2;1;1;1;386;0, ZOLA (R EMILE);M;5045199;273276;620
201400032036;14;11;2;2300;5;2;1;2;1;186;., SALENGRO (R ROGER);M;5044625;273070;620
201400032037;14;11;12;1645;1;2;1;1;7;510;., ABREGAIN (R DE);M;5042392;277777;620
201400032038;14;11;19;805;1;2;1;1;2;186;JAURES (R  JEAN);M;5044025;271985;620
201400032039;14;11;16;1430;1;1;1;1;3;510;., CD58;M;5042218;277345;620
201400032040;14;12;1;700;2;2;1;1;3;186;., GARE (PL. DE LA );M;5044832;273249;620
201400032041;14;12;11;1850;2;2;1;1;7;510;., MARTIN (R HENRI);M;5042292;277095;620
201400032042;14;12;5;1730;2;2;1;1;3;32;., CLEMENCEAU (R GEORGES;M;5040807;276108;620
201400032043;14;12;21;1855;2;2;1;1;7;510;., LEMAIRE (R FLORIMONT);M;5041826;276977;620
201400032044;14;3;16;1700;1;2;1;1;6;197;54, BRUNEHAUT CD 341;M;5048040;247790;620
201400032045;14;3;27;2305;5;2;1;1;6;555;12, GAMBETTA (RUE LEON );M;5050165;250171;620
201400032046;14;8;2;1320;1;1;2;1;3;555;CD 188;M;5049932;252731;620
201400032047;14;8;16;1805;1;1;2;1;5;555;CD 188;M;5049927;252734;620
201400032048;14;1;22;1600;1;2;1;2;1;737;129, NATIONALE (ROUTE;M;5045420;268442;620
201400032049;14;4;9;1720;1;2;2;1;3;737;LIBERTE bld DE LA;M;5044440;268332;620
201400032050;14;2;8;1935;5;2;1;1;6;617;70, SAILLY (rue de;M;5048207;266732;620
201400032051;14;3;22;1710;1;2;1;1;6;83;01, TROYES (RUE DE);M;5045486;261629;620
201400032052;14;3;28;810;1;2;1;1;6;83;HERSIN rue d';M;5045744;262297;620
201400032053;14;4;13;1923;1;1;1;1;1;617;CD937;M;5047052;268548;620
201400032054;14;4;21;1225;1;2;6;1;3;540;ROND POINT DE LA RD72;M;5045093;257907;620
201400032055;14;5;15;830;1;2;1;1;6;737;12, PRINCE (RUE DU );M;5043580;267638;620
201400032056;14;6;1;2050;2;1;1;1;7;456;RUITZ (RUE DE);M;5048017;261554;620
201400032057;14;7;19;1630;1;1;1;1;7;540;1, D941;M;5045524;257303;620
201400032058;14;8;6;2010;1;2;1;1;1;83;7, AMADE (RUE D');M;5044465;261390;620
201400032059;14;8;28;1718;1;1;1;1;1;456;RD 72;M;5047787;261071;620
201400032060;14;8;31;650;2;1;1;1;6;617;LAC (AVENUE DU);M;5047554;267822;620
201400032061;14;8;12;900;1;2;1;1;6;617;01, CASTELNAU (BD DU G;M;5046615;267334;620
201400032062;14;9;6;455;5;2;9;1;6;617;1, BLUM (RUE LEON);M;5048016;266559;620
201400032063;14;11;3;2055;5;2;1;2;6;737;14, JAURES (RUE JEAN);M;5045067;268595;620
201400032064;14;8;23;2300;5;2;1;2;6;902;24, LAGRANGE (RUE LEO;M;5070778;222711;620
201400032065;14;1;13;1130;1;2;1;1;6;765;13, HAUT PONT (QUAI DU;M;5075731;226078;620
201400032066;14;1;17;1740;5;2;1;2;6;525;4, CORDONNIER (Rue DENIS;M;5074244;224806;620
201400032067;14;2;4;1310;1;1;1;1;3;765;SAINT MOMELIN route de;M;5078719;225134;620
201400032068;14;2;20;740;2;2;1;2;6;765;DE GAULLE (Av Charles;M;5074119;225767;620
201400032069;14;5;26;1855;1;2;1;2;3;525;18, CLEMENCEAU (AV GEOR;M;5074339;225011;620
201400032070;14;7;14;2015;1;2;1;1;6;765;71, FAISEURS DE BATEAUX;M;5076456;226095;620
201400032071;14;8;6;1910;1;2;1;1;3;525;REMBRANDT (RUE);M;5073927;227180;620
201400032072;14;10;31;1000;1;2;1;7;6;757;21, JOFFRE (AVE.... 1A 3;M;5075456;223821;620
201400032073;14;11;11;1945;5;2;2;1;3;525;., BOUCHER (RUE HELENE..;M;5074330;227452;620
201400032074;14;9;25;1535;1;2;1;1;6;826;1, PLAGE (BOULEVARD DE L;M;5052325;158057;620
201400032075;14;2;15;1150;1;2;2;1;3;826;36, LONDRES (RUE DE);M;5052516;158554;620
201400032076;14;3;16;700;2;2;1;1;6;826;1, GENERAL DE GAULLE;M;5050812;160847;620
201400032077;14;4;13;1150;1;2;2;1;3;826;PICARDIE   AVENUE DE;M;5051735;161024;620
201400032078;14;4;21;430;5;2;1;1;6;826;GENERAL DE GAULLE avenue;M;5050876;160010;620
201400032079;14;6;12;1220;1;2;2;1;6;826;1, SAINT JEAN (RUE);M;5052401;158456;620
201400032080;14;7;11;10;5;2;6;3;7;826;1, CANADIENS (AVENUE DES;M;5051209;161561;620
201400032081;14;7;22;1755;1;2;9;1;6;826;35, DALOZ (BOULEVARD);M;5052246;158748;620
201400032082;14;8;10;510;5;2;2;2;3;826;LONDRES (rue de );M;5051985;158246;620
201400032083;14;8;18;955;1;2;3;1;3;826;1, CHATEAU (AVENUE DU);M;5051532;160610;620
201400032084;14;8;13;755;2;2;9;1;2;826;1 MONTHOR (CHEMIN);M;5050960;161984;620
201400032085;14;8;20;1525;1;2;2;1;1;826;1, VINCENT (AVENUE);M;5051147;160628;620
201400032086;14;8;23;1425;1;2;1;1;6;826;01, DUNKERQUE (AVENUE DE;M;5051518;158395;620
201400032087;14;9;13;2000;2;2;2;1;3;826;1, DOROTHEE (RUE);M;5051838;158204;620
201400032088;14;10;2;1210;1;2;2;1;4;826;1, DALOZ (BOULEVARD);M;5052337;158828;620
201400032089;14;10;3;1030;1;2;2;1;6;826;1, SAINT LOUIS (RUE);M;5052313;158461;620
201400032090;14;12;23;1130;1;2;2;2;1;826;00, JOSEPH DUBOC (RUE);M;5052704;158383;620
201400032091;14;1;4;700;5;2;1;1;6;75;BERTHELOT (BOULEVARD);;;;630
201400032092;14;1;4;910;1;2;3;1;3;113;., LECUELLE (RUE);M;4579301;308883;630
201400032093;14;1;9;1650;1;2;1;1;6;113;1, GROLIERE (RUE DE LA);;;;630
201400032094;14;1;12;1734;1;2;1;1;3;113;., SAINT JEAN (BD);;;;630
201400032095;14;1;10;2100;5;2;3;1;3;113;1, LAFAYETTE (BD);M;4576969;310252;630
201400032096;14;1;25;914;1;2;1;1;6;32;ROMAGNAT (ROUTE DE);;;;630
201400032097;14;1;24;100;5;2;1;1;2;113;POCHET LAGAYE (BD PAUL);;;;630
201400032098;14;2;1;320;3;2;1;1;2;113;., JAURES (BD JEAN);;;;630
201400032099;14;1;30;1427;1;2;1;1;7;308;BARRIEU (BOULEVARD);;;;630
201400032100;14;2;5;2045;5;2;1;1;6;113;., CARMES DECHAUX (PLACE;;;;630
201400032101;14;2;8;500;5;2;2;1;3;113;1, MICHELIN (AVENUE EDOU;;;;630
201400032102;14;2;9;550;3;1;1;4;1;308;1, CHARADE (BOULEVARD DE;;;;630
201400032103;14;2;14;1837;2;2;1;1;6;113;15, PRE LA REINE (RUE DU;M;4578176;311007;630
201400032104;14;2;21;2015;5;2;1;1;1;113;., LEMOY (RUE ROBERT);;;;630
201400032105;14;2;22;600;5;2;2;1;3;113;., SABLON (COURS);;;;630
201400032106;14;2;27;950;1;2;1;1;6;113;MAYER (BD DANIEL);;;;630
201400032107;14;3;13;2049;5;2;1;1;6;113;42, COTE BLATIN (BD);M;4577037;309161;630
201400032108;14;3;9;2020;5;2;2;1;7;75;BERTHELOT (BOULEVARD);M;4577631;307324;630
201400032109;14;3;15;1956;2;2;2;1;3;113;56, BLATIN (RUE);M;4577650;307510;630
201400032110;14;3;15;2100;5;2;1;1;6;113;., REPUBLIQUE (AVENUE DE;;;;630
201400032111;14;3;16;1325;1;2;1;1;6;75;127, ROYAT (AVENUE DE);M;4577187;305979;630
201400032112;14;3;18;1800;3;2;1;1;1;113;130, LIMOUSIN (AVENUE DU;;;;630
201400032113;14;3;19;754;1;2;1;1;6;113;BORDEAUX (AVENUE DE);;;;630
201400032114;14;3;20;845;1;2;1;7;6;113;1, ROOSEVELT (AVENUE FRA;;;;630
201400032115;14;3;28;1710;1;2;1;1;1;113;., PONT DE NEYRAT (RUE D;;;;630
201400032116;14;4;2;1800;1;2;1;1;6;113;., GAILLARD (PLACE GILBE;;;;630
201400032117;14;4;7;1600;1;2;1;1;3;113;1, ROND-POINT RENE BERGE;;;;630
201400032118;14;4;18;1000;1;2;1;1;6;113;1, BLANZAT (RUE DE);;;;630
201400032119;14;5;10;1730;1;1;1;1;1;70;BERZET (ROUTE DE);;;;630
201400032120;14;4;24;840;1;2;1;1;6;113;1, JAURES (BD JEAN);;;;630
201400032121;14;4;23;1105;1;2;1;1;2;113;34, JULIEN (AVENUE);M;4577474;307860;630
201400032122;14;5;28;1620;1;2;1;1;6;70;D2089;;;;630
201400032123;14;5;28;1620;1;2;1;1;6;32;1, D2089;;;;630
201400032124;14;5;28;1950;1;2;2;1;6;113;1, COTE BLATIN (BD);M;4576941;309097;630
201400032125;14;5;17;1700;1;2;1;1;3;75;1, BRIAND (AVENUE ARISTI;;;;630
201400032126;14;6;7;1840;1;2;1;1;2;113;1, SAINT ALYRE (RUE);;;;630
201400032127;14;6;5;1530;1;2;1;1;3;113;LIBERATION (AVENUE DE LA;;;;630
201400032128;14;6;6;1629;1;2;1;1;6;113;157, CLEMENTEL (BD ETIEN;M;4580425;310951;630
201400032129;14;6;4;1810;1;2;1;1;6;113;CHANELLES (RUE DES);M;4579006;307891;630
201400032130;14;6;11;1210;1;2;2;1;3;113;1, BARBIER DAUBREE (AVEN;M;4578850;309554;630
201400032131;14;6;13;1810;1;2;1;1;6;113;121, REPUBLIQUE (AVENUE;M;4578934;310841;630
201400032132;14;6;19;850;1;2;1;1;6;113;1, BATHOL (RUE FRANCISQU;;;;630
201400032133;14;6;21;1700;1;2;1;1;2;113;1, RENOUX (PLACE);;;;630
201400032134;14;6;26;815;1;2;1;1;3;113;., ORADOU (RUE DE L');;;;630
201400032135;14;6;19;743;1;2;1;1;6;113;., QUINET (BD EDGAR);;;;630
201400032136;14;7;3;1055;1;2;1;1;6;113;CHAMBRETTES (RUE DES);;;;630
201400032137;14;7;9;435;5;2;1;1;6;113;99, REPUBLIQUE (AVENUE D;M;4578693;310391;630
201400032138;14;7;12;200;5;2;3;1;2;113;., LAVOISIERS (BD);M;4578499;307794;630
201400032139;14;7;13;640;1;2;2;1;6;113;UNION SOVIETIQUE / fleur;M;4577722;309642;630
201400032140;14;7;18;1100;1;2;1;1;6;113;., BLATIN (RUE);;;;630
201400032141;14;7;20;620;1;2;1;1;6;113;1, REPUBLIQUE (AVENUE DE;;;;630
201400032142;14;7;18;1545;1;2;1;1;2;113;41, JOUHAUX (BD LEON);M;4579190;311632;630
201400032143;14;7;20;450;5;2;3;3;3;113;., JACOBINS (RUE DES);M;4578222;309528;630
201400032144;14;7;31;1200;1;2;1;1;7;113;., GANDAILLAT (CHEMIN DI;;;;630
201400032145;14;7;31;1940;1;2;5;1;6;113;., MICHELIN (AVENUE EDOU;M;4578223;309541;630
201400032146;14;8;6;2214;5;2;1;1;6;113;184, ORADOU (RUE DE L');M;4576925;311602;630
201400032147;14;8;11;2000;1;2;1;1;6;113;3, NEYRAT (RUE DE);M;4581078;310229;630
201400032148;14;8;5;1215;1;2;1;1;3;32;1, POURLIAT (ROND-POINT;M;4573095;319986;630
201400032149;14;8;10;206;5;2;1;1;3;113;SABLON (COURS);;;;630
201400032150;14;8;19;1909;1;2;1;1;1;70;1, MONTROGNON (RUE DE);M;4543919;930408;630
201400032151;14;8;20;2155;5;2;1;1;6;113;JOUHAUX (BD LEON);;;;630
201400032152;14;8;21;1530;1;2;1;1;7;70;D2089;;;;630
201400032153;14;8;21;1430;1;2;1;1;3;32;9TER, LECLERC (AVENUE DU;M;4575382;308483;630
201400032154;14;8;30;2140;5;2;3;1;3;113;1, MARCHADIER (RUE ROBER;M;4579531;310979;630
201400032155;14;9;3;1820;1;2;3;1;3;113;., LAVOISIERS (BD);M;4578349;307524;630
201400032156;14;9;6;11;5;1;4;1;3;113;X, AGRICULTURE (AVENUE D;M;4577886;312625;630
201400032157;14;9;7;1850;1;2;1;1;6;113;14, CLAUDIUS (CHAUSSEE);M;4578440;309766;630
201400032158;14;9;5;1620;1;2;1;1;6;113;120, BLUM (AVENUE LEON);M;4576474;309777;630
201400032159;14;9;19;1545;1;2;1;1;3;113;1, CLARET (RUE JEAN);;;;630
201400032160;14;9;26;730;2;2;3;1;3;113;1, BARRE (ALLEE DE LA);M;4579184;309920;630
201400032161;14;9;16;730;2;2;3;1;3;113;1, BARRE (ALLEE DE LA);M;4579187;309922;630
201400032162;14;10;8;1220;1;2;1;1;6;113;1, JOUHAUX (BD LEON);;;;630
201400032163;14;10;10;1750;1;2;1;2;1;113;1, MAYER (BD DANIEL);;;;630
201400032164;14;10;15;1350;1;2;1;1;6;113;13, BERGOUGNAN (AVENUE R;M;4578286;307136;630
201400032165;14;10;17;1110;1;2;2;1;6;113;., SABLON (COURS);M;4577628;309007;630
201400032166;14;10;28;230;5;2;1;5;4;113;0, CLEMENTEL (BD ETIENNE;;;;630
201400032167;14;10;28;845;1;2;1;1;6;75;69, ROYAT (AVENUE DE);M;4577523;306547;630
201400032168;14;10;30;2125;5;2;1;1;3;14;1, ROUSSILLON (AVENUE DU;;;;630
201400032169;14;10;31;1610;1;2;1;1;3;113;., SAINT JEAN (BD);;;;630
201400032170;14;10;29;730;1;2;1;1;3;113;1, GILBERT (RUE EUGENE);;;;630
201400032171;14;11;4;1130;1;2;1;8;3;113;70, JAURES (BD JEAN);M;4576862;307844;630
201400032172;14;11;22;230;5;2;1;1;7;113;3, LANDAIS (AVENUE DES);M;4576475;311023;630
201400032173;14;11;10;930;1;1;1;1;2;113;*, BLERIOT (AVENUE LOUIS;;;;630
201400032174;14;11;25;1945;5;2;1;8;1;113;1, BINGEN (BD JACQUES);;;;630
201400032175;14;11;23;1658;1;1;1;1;1;113;CHARTOIRE (BD LOUIS);;;;630
201400032176;14;11;27;140;5;2;1;8;6;14;1, ROUSSILLON (AVENUE DU;;;;630
201400032177;14;11;24;1745;5;2;1;1;6;113;X, VERCINGETORIX (AVENUE;;;;630
201400032178;14;11;28;1730;2;1;3;1;3;113;., RIBOT (RUE ALEXANDRE);M;4576224;309473;630
201400032179;14;11;30;845;1;2;1;1;6;113;3, MONTALEMBERT (RUE);M;4576044;309377;630
201400032180;14;11;28;1903;5;2;1;3;5;113;115, ORADOU (RUE DE L');M;4577008;310802;630
201400032181;14;11;30;1500;1;2;1;1;3;113;*, REPUBLIQUE (AVENUE DE;;;;630
201400032182;14;11;29;1600;1;2;1;8;6;113;31, GUYNEMER (RUE);M;4577986;310735;630
201400032183;14;10;31;2005;5;2;1;1;3;113;VIVIANI (RUE);;;;630
201400032184;14;12;5;1350;1;2;1;1;6;113;25, CLEMENTEL (BD ETIENN;M;4579649;311264;630
201400032185;14;12;13;545;3;1;1;1;6;32;., POURLIAT (ROND-POINT;;;;630
201400032186;14;12;9;820;2;2;1;9;6;113;1, BENNETT (RUE GORDON);;;;630
201400032187;14;12;14;2300;5;2;2;8;3;113;1, DORMOY (AVENUE MARX);M;4576542;308225;630
201400032188;14;12;11;1450;1;2;1;1;6;113;11, SAINT RAMES (RUE);M;4577413;310210;630
201400032189;14;12;12;1100;1;2;3;1;6;113;MARCHADIER (RUE ROBERT);M;4579529;311038;630
201400032190;14;12;22;1510;1;2;2;1;3;32;HUIT MAI 1945 (ESPLANADE;M;4575329;308799;630
201400032191;14;12;25;2210;5;2;2;1;6;113;., BARBIER DAUBREE (AVEN;M;4578839;309554;630
201400032192;14;12;13;1515;1;2;1;1;6;113;1, MONTLOSIER (RUE);;;;630
201400032193;14;1;11;1415;1;2;1;1;6;69;MERMOZ (RUE JEAN);M;4572845;318613;630
201400032194;14;1;20;800;2;2;1;2;6;124;JACQUET (RUE PIERRE);M;4573804;319324;630
201400032195;14;1;24;955;1;2;1;2;3;193;46, BARDINES (RUE DES);M;4577631;320211;630
201400032196;14;1;24;1835;5;2;8;9;1;124;60, MIDI (AVENUE DU);;;;630
201400032197;14;1;30;1700;1;2;2;1;3;193;RD 769;;;;630
201400032198;14;1;30;2340;5;2;3;1;6;124;SAINT-EXUPERY (RUE);M;4575124;316053;630
201400032199;14;2;7;800;1;2;1;1;7;124;29, LEMPDES (AVENUE DE);;;;630
201400032200;14;2;11;950;1;2;2;1;6;69;ANCIENS COMBATTANTS D'AF;M;4571847;318444;630
201400032201;14;2;19;1740;1;1;1;1;7;69;MARTRES (ROUTE DES);M;4571411;319372;630
201400032202;14;2;25;805;2;2;6;1;6;69;STADE (AVENUE DU);M;4571806;318824;630
201400032203;14;3;1;1555;1;2;3;1;3;124;RUE RENE LAENNEC;M;4574581;320520;630
201400032204;14;3;4;950;1;1;1;2;2;193;BOULANGER (RUE PIERRE);;;;630
201400032205;14;3;9;945;1;2;1;1;7;124;29, PASTEUR (BOULEVARD);M;4572749;320242;630
201400032206;14;3;12;835;1;2;1;1;6;124;15, LIBERTE (AVENUE DE L;M;4573683;319502;630
201400032207;14;4;5;1755;1;2;2;1;3;124;CENDRE (ROUTE DU);;;;630
201400032208;14;4;2;1700;1;2;2;1;2;193;RD 766;;;;630
201400032209;14;4;4;855;1;2;2;1;3;124;LIVRADOIS (AVENUE DU);M;4573160;319991;630
201400032210;14;4;23;1600;1;2;3;1;6;124;1, Traverse DOMES/CLEMEN;M;4573195;319330;630
201400032211;14;4;22;1820;1;2;1;1;2;193;GRASSETTE (RUE DE LA);M;4577393;318013;630
201400032212;14;4;28;414;5;2;3;1;2;124;GARDET (PLACE JOSEPH);M;4573955;319709;630
201400032213;14;4;25;1710;1;1;4;2;3;124;CENDRE (ROUTE DU);M;4573193;318249;630
201400032214;14;4;26;1855;1;1;1;2;1;124;LAVEUSES (RUE DES);M;4573937;322256;630
201400032215;14;4;30;1340;1;2;9;2;7;124;LIBERATION (AV. DE LA);M;4573076;319109;630
201400032216;14;5;14;1615;1;2;2;1;5;193;RD 769;;;;630
201400032217;14;5;30;935;1;2;3;1;6;124;DOMES (AVENUE DES);M;4573149;319300;630
201400032218;14;7;5;1840;1;2;3;1;3;272;21, REPUBLIQUE (AVENUE D;M;4572757;314569;630
201400032219;14;7;7;1630;1;2;3;1;6;124;CENDRE (ROUTE DU);M;4574640;316371;630
201400032220;14;8;2;735;1;2;2;1;7;124;LIVRADOIS (AVENUE DU);M;4573095;319986;630
201400032221;14;8;9;1300;1;1;1;1;3;193;RD 769;;;;630
201400032222;14;8;29;2015;5;2;4;1;3;124;GARDET (PLACE JOSEPH);M;4573979;319735;630
201400032223;14;9;7;1715;1;2;2;1;3;124;AUBIERE (AV. D');M;4573727;317485;630
201400032224;14;9;29;1023;1;2;2;2;3;124;LIVRADOIS (AVENUE DU);M;4573158;319994;630
201400032225;14;10;6;815;2;2;4;1;6;193;GRANGES (RUE DES);M;4576960;319122;630
201400032226;14;11;27;1400;1;2;3;1;3;124;DE GAULLE (BOULEVARD CHA;M;4574473;317155;630
201400032227;14;11;29;2055;3;2;1;1;1;193;RD 52;;;;630
201400032228;14;4;17;1800;1;2;1;1;6;63;LEMOY (RUE R.) park LIDL;M;4581772;311342;630
201400032229;14;6;2;1920;1;2;1;1;6;164;., ONZE NOVEMBRE (RUE DU;M;4582413;314961;630