num_acc;an;mois;jour;hrmn;lum;agg;int;atm;col;com;adr;gps;lat;long;dep
201400032230;14;6;18;2030;2;2;1;1;6;164;étincelle / pont;M;4582721;314001;630
201400032231;14;6;21;1115;1;2;1;1;6;164;., FONTCHENILLE (ALLEE D;M;4581786;315395;630
201400032232;14;6;20;1400;1;2;1;1;6;164;;M;4583329;315845;630
201400032233;14;7;10;1630;1;1;1;2;6;164;8, EUROPE (BOULEVARD DE;M;4583721;313125;630
201400032234;14;9;13;1720;1;2;1;1;6;63;7, FERRY (IMPASSE JEAN);M;4582863;310090;630
201400032235;14;9;25;2025;3;2;1;1;6;164;Fr Mitterrand;M;4582834;315803;630
201400032236;14;10;24;1430;1;2;1;1;6;164;0, ONZE NOVEMBRE (RUE DU;M;4582484;314999;630
201400032237;14;11;23;1730;3;2;1;1;6;19;32, HLM LE BREUIL;M;4579541;316670;630
201400032238;14;11;21;1400;1;2;2;1;3;19;1, AEROPORT CLERMONT-AUV;M;4579164;316525;630
201400032239;14;12;5;1730;3;2;1;1;2;164;CEBAZAT (ROUTE DE);M;4582294;313720;630
201400032240;14;1;12;1910;3;1;1;1;5;103;RD 227;M;4554343;345699;630
201400032241;14;1;24;1810;2;2;1;2;6;103;28, BARADUC (AVENUE);M;4555104;345699;630
201400032242;14;3;17;1445;1;2;1;1;6;300;09, MALOUET (RUE);M;4589436;311259;630
201400032243;14;4;12;1015;1;2;2;1;6;300;32, CROISIER (RUE);M;4589167;311382;630
201400032244;14;6;19;800;1;2;6;5;3;300;RD 224;M;4553219;345699;630
201400032245;14;7;18;755;1;1;1;1;3;300;RD 224;M;4553193;345699;630
201400032246;14;7;23;1750;1;2;1;1;6;300;9, RD 224;M;4553290;345699;630
201400032247;14;8;5;1720;1;1;3;1;3;300;RD 78;M;4552160;345699;630
201400032248;14;8;17;1715;1;2;1;1;6;212;5B, CHANEAUX (RUE DES);M;4587362;307202;630
201400032249;14;10;14;1915;5;2;2;2;6;300;4, RD 2029;M;4553347;345699;630
201400032250;14;11;6;1900;3;1;1;1;1;245;RD 455;M;4553530;345690;630
201400032251;14;11;27;735;2;2;9;8;6;300;10, RD 2029;M;4589345;310910;630
201400032252;14;12;8;748;2;1;1;8;4;300;RD 2009;;;;630
201400032253;14;1;1;935;1;2;1;1;7;102;PONT DU LABOURD;;;;640
201400032254;14;1;4;20;5;2;1;8;7;24;AV DE BAYONNE;;;;640
201400032255;14;1;7;1715;2;2;3;1;7;102;PONT DU GENIE;;;;640
201400032256;14;1;9;1820;5;2;2;1;3;140;., GAULLE (AV CHARLES DE;;;;640
201400032257;14;1;13;1730;2;2;3;1;3;24;AV DE BIARRITZ;;;;640
201400032258;14;1;15;1625;1;2;1;1;3;24;RUE DE HAUSQUETTE;;;;640
201400032259;14;1;16;1400;1;2;1;1;3;102;42 CHEMIN DE SABALCE;;;;640
201400032260;14;1;29;1905;5;2;3;3;3;24;RUE DE HARDOY;;;;640
201400032261;14;2;7;1628;1;2;1;1;6;24;BD DES PLAGES;;;;640
201400032262;14;2;7;1909;5;2;3;1;3;24;AV JL LAPORTE;;;;640
201400032263;14;2;15;1105;1;2;1;2;3;24;133 AV DE L' ADOUR;;;;640
201400032264;14;2;17;1735;1;2;3;1;7;24;AV DE L'ADOUR;;;;640
201400032265;14;2;20;1335;1;2;1;1;1;140;38 RUE GEORGE LASSALLE;;;;640
201400032266;14;3;7;755;1;2;3;1;6;102;19 bis CHEMIN BERNARD;;;;640
201400032267;14;3;7;2035;5;2;1;1;5;102;AV CPT RESPLANDY;;;;640
201400032268;14;3;9;1710;1;2;1;1;2;102;PONT GRENET;;;;640
201400032269;14;3;10;1715;1;2;1;1;3;102;67 AV CPT RESPLANDY;;;;640
201400032270;14;3;14;715;2;2;1;1;6;24;16 RUE JUSTIN LARREBAT;;;;640
201400032271;14;3;16;1;5;2;1;1;7;102;AV ALLEES PAULMY;;;;640
201400032272;14;3;17;1950;5;2;3;1;1;24;45 AV DE BIARRITZ;;;;640
201400032273;14;3;19;2225;5;2;2;1;3;102;BD ALSACE LORRAINE;;;;640
201400032274;14;3;20;1739;1;2;3;1;5;24;ROUTE DE MAIGNON;;;;640
201400032275;14;3;25;2125;5;2;2;3;3;24;AV DE BIARRITZ;M;4348104;-153472;640
201400032276;14;4;1;1120;1;2;1;1;6;24;9 ROUTE DE PITOYS;;;;640
201400032277;14;4;5;1700;1;2;1;1;2;140;GIFI BOUCAU;;;;640
201400032278;14;4;7;835;1;2;3;1;3;102;21 RUE DOC LEON MOYNAC;;;;640
201400032279;14;4;9;1155;1;2;1;1;6;24;32 RUE DE LAMIGOTTE;;;;640
201400032280;14;4;12;2240;5;2;1;1;6;102;78 AV MARECHAL SOULT;;;;640
201400032281;14;4;14;1400;1;2;1;1;7;24;RP CAPITAINERIE;;;;640
201400032282;14;4;16;1435;1;2;3;1;3;24;AV DE BAYONNE;;;;640
201400032283;14;4;17;750;1;2;3;1;6;24;RUE DE HARDOY;;;;640
201400032284;14;4;17;1730;1;2;3;1;3;102;CHEMIN DE HARGOUS;;;;640
201400032285;14;4;21;1840;1;2;1;1;2;102;70 AV MARECHAL SOULT;;;;640
201400032286;14;5;3;845;1;2;1;1;7;102;14 RUE DE LACHEPAILLET;;;;640
201400032287;14;5;3;1300;1;2;1;1;7;102;RUE CORSAIRE SOUSTRA;;;;640
201400032288;14;5;9;952;1;2;1;1;1;102;AV DE L'AQUITAINE;;;;640
201400032289;14;5;13;845;1;2;1;8;2;102;RUE CORSAIRE SOUSTRA;;;;640
201400032290;14;5;15;1710;1;2;6;1;5;102;RP PIECE NOYEE;;;;640
201400032291;14;5;17;430;5;2;1;1;7;24;14, ESPAGNE (AVENUE D');;;;640
201400032292;14;5;18;1436;1;2;1;1;2;24;163, MONTBRUN (AVENUE DE;;;;640
201400032293;14;5;18;2100;1;2;1;1;7;24;., MER (BOULEVARD DE LA);;;;640
201400032294;14;5;21;2309;5;2;1;8;6;140;92, POLITZER (RUE GEORGE;;;;640
201400032295;14;5;27;2055;1;2;3;1;3;24;5, EUGENE BERNAIN (AVENU;;;;640
201400032296;14;6;3;1750;1;2;3;1;1;102;., PAUL PRAS (AVENUE);M;4348399;-147669;640
201400032297;14;6;4;650;2;2;6;2;7;102;AV HENRI DE NAVARRE;M;4350472;-144683;640
201400032298;14;6;5;1500;1;2;1;1;4;102;47 AV ALLEES MARINES;M;4349885;-148832;640
201400032299;14;6;11;1540;1;2;1;1;2;24;PROMENADE DES FALAISES;M;4349735;-154030;640
201400032300;14;6;13;2120;1;2;3;1;3;24;., PYRENEES (AVENUE DES);M;4350243;-150713;640
201400032301;14;6;15;700;1;2;2;1;3;102;AV LOUIS DE FOIX;M;4350636;-146724;640
201400032302;14;6;15;2315;5;2;1;1;7;24;95, QUATRE CANTONS (RUE;M;4348817;-152677;640
201400032303;14;6;17;1950;1;2;6;1;1;102;chemin de SABALCE;M;4349379;-149162;640
201400032304;14;6;20;225;5;2;1;1;7;102;BAB (Boulevard);M;4349820;-149075;640
201400032305;14;6;21;1740;1;2;2;1;3;24;allée Pr Parking BAB2;M;4349050;-149785;640
201400032306;14;6;23;935;1;2;1;1;7;24;40,promenade de la BARRE;M;4349897;-152766;640
201400032307;14;6;24;1320;1;2;1;1;5;102;Av HENRI GRENET;M;4350385;-147428;640
201400032308;14;6;28;1510;1;2;1;1;3;24;Av de BAYONNE;M;4348138;-151099;640
201400032309;14;7;1;1345;1;2;3;2;7;102;Bd ALSACE LORRAINE;M;4349428;-146773;640
201400032310;14;7;9;1210;1;2;1;8;3;102;Av H GRENET;M;4350410;-147325;640
201400032311;14;7;9;1520;1;2;3;1;2;24;Av de BAYONNE;M;4348134;-151099;640
201400032312;14;7;11;1315;1;2;1;1;7;140;., BAZE (Z.A. DU);;;;640
201400032313;14;7;17;2200;2;2;1;1;6;102;19,Allées  MARINES;M;4349672;-148275;640
201400032314;14;7;22;910;1;2;2;1;3;102;Av LOUIS DE FOIX;M;4350634;-146724;640
201400032315;14;7;23;2305;5;2;6;1;7;24;Rond point de la BARRE;M;4352601;-151678;640
201400032316;14;7;26;145;5;2;1;1;2;102;Av MARECHEL SOULT;;;;640
201400032317;14;7;26;555;5;2;6;8;7;24;RD 810 RD PT  BERNAIN;M;4348149;-150976;640
201400032318;14;7;28;1910;1;2;3;8;3;24;38-40, ESPAGNE (AVENUE D;;;;640
201400032319;14;7;29;1530;1;2;1;1;2;102;47, ALLEES MARINES;M;4348598;-146101;640
201400032320;14;8;4;120;5;2;1;8;7;102;AV DE L AQUITAINE;;;;640
201400032321;14;8;6;1810;1;2;1;1;3;24;3 AV  BIARRITZ;M;4348039;-151681;640
201400032322;14;8;12;530;3;2;1;1;7;24;30 AV D' ESPAGNE;;;;640
201400032323;14;8;12;855;1;2;3;1;3;24;AV D'ESPAGNE;;;;640
201400032324;14;8;14;718;1;2;1;2;7;24;ROND POINT DE JORLIS;M;4349814;-149356;640
201400032325;14;8;18;1645;1;2;6;1;4;24;ROND POINT DE BAHINOS;M;4349419;-151905;640
201400032326;14;8;20;1554;1;2;3;8;3;102;ALLEES MARINES;M;4350312;-149458;640
201400032327;14;8;20;2240;5;2;1;1;3;24;19 RUE DES BARTHES;M;4348423;-150669;640
201400032328;14;9;2;1740;1;2;6;1;7;102;AV JEAN DARRIGRAND;M;4347848;-149197;640
201400032329;14;9;10;1000;1;2;1;1;7;102;AV INTERNE JACQUES LOEB;M;4347844;-148425;640
201400032330;14;9;10;1545;1;2;6;1;3;102;ROND POINT SAINT LEON;M;4348845;-148269;640
201400032331;14;9;11;1230;1;2;3;1;2;140;BOULEVARD J DUCLOS;;;;640
201400032332;14;9;14;1925;1;2;1;1;7;102;12 RUE DES LILAS;M;4350585;-147130;640
201400032333;14;9;17;820;1;2;1;1;6;102;7, VITAL BIRABEN (AVENUE;;;;640
201400032334;14;9;17;1225;1;1;3;1;2;102;AV DU GRAND BASQUE;;;;640
201400032335;14;9;26;1440;1;2;1;1;6;102;160 AV HENRI DE NAVARRE;;;;640
201400032336;14;9;30;755;1;2;1;2;5;24;38 AVENUE DE  BIARRITZ;M;4348014;-152274;640
201400032337;14;9;30;1200;1;2;3;8;7;24;RUE DE CHASSIN;M;4348869;-153017;640
201400032338;14;10;1;1725;1;2;1;1;7;102;RUE DE LA FEUILLEE;M;4348493;-149939;640
201400032339;14;10;1;1835;1;2;1;1;6;102;AV HENRI GRENET;M;4350368;-146921;640
201400032340;14;10;3;2250;5;2;1;1;3;102;PLACE PAUL BERT;M;4348993;-147141;640
201400032341;14;10;6;1625;1;2;1;1;7;102;15 REMPART LACHEPAILLET;M;4348934;-147930;640
201400032342;14;10;7;550;5;2;1;1;7;24;159 RUE DE  HAUSQUETTE;M;4350006;-150450;640
201400032343;14;10;11;1830;1;2;1;1;3;102;AVENUE MARECHAL SOULT;;;;640
201400032344;14;10;15;1950;2;2;3;1;3;102;115 AV MARECHAL SOULT;;;;640
201400032345;14;10;14;1250;1;2;1;1;2;24;ROUTE DE PITOYS;M;4346353;-151093;640
201400032346;14;10;16;1835;1;2;1;1;6;24;77 AVENUE ADOUR;M;4350913;-149893;640
201400032347;14;10;17;1705;1;2;3;1;3;102;AVENUE MARECHAL SOULT;;;;640
201400032348;14;10;19;835;1;2;1;1;7;102;AVENUE JEAN DARRIGRAND;M;4348115;-148824;640
201400032349;14;10;24;1120;1;2;1;1;7;102;QUAI AMIRAL SALA;M;4349540;-147121;640
201400032350;14;10;24;1135;1;2;6;1;3;102;114 RUE MAUBEC;M;4350116;-146705;640
201400032351;14;10;26;1405;1;2;3;1;3;24;PROMENADE DE LA BARRE;M;4350824;-152223;640
201400032352;14;10;28;1650;1;2;1;1;6;102;58 BD ALSACE LORRAINE;M;4349243;-146514;640
201400032353;14;10;29;1605;1;2;1;1;5;102;AVENUE D'AQUITAINE;;;;640
201400032354;14;10;30;1820;2;2;1;1;7;102;QUAI DE LESSEPS;M;4349848;-148048;640
201400032355;14;10;31;1155;1;2;3;1;6;24;AVENUE DE BAYONNE;;;;640
201400032356;14;11;3;1900;5;2;1;2;1;102;AVENUE  PAUL PRAS;M;4348476;-147644;640
201400032357;14;11;3;1825;5;2;1;2;7;24;ROUTE DE  PITOYS;M;4346373;-152120;640
201400032358;14;11;8;2030;5;2;3;1;2;102;BD  ALSACE LORRAINE;M;4349464;-146838;640
201400032359;14;11;19;1322;1;2;1;1;3;102;PLACE DE L'ARSENAL;M;4348940;-147189;640
201400032360;14;11;20;1831;5;2;6;1;6;24;RUE CHARLES KRAEMER;M;4349488;-152821;640
201400032361;14;11;28;1800;2;2;1;1;3;24;AVENUE DE BIARRITZ;M;4348018;-152214;640
201400032362;14;11;30;1520;1;2;1;8;7;102;ROND POINT BEYRIS;M;4347864;-149251;640
201400032363;14;11;30;1740;5;2;1;2;7;102;AVENUE HENRI GRENET;M;4350360;-146807;640
201400032364;14;12;6;2000;5;2;1;1;2;102;AVENUE MARECHAL SOULT;;;;640
201400032365;14;12;10;1900;5;2;1;2;4;102;AVENUE MARECHAL SOULT;;;;640
201400032366;14;12;12;1605;1;2;1;1;7;102;DUVERGIER DE HAURANNE;M;4348938;-146804;640
201400032367;14;12;18;800;1;2;1;2;6;24;PROMENADE DU PARC BELAY;M;4347704;-152009;640
201400032368;14;12;21;1110;1;2;1;1;7;102;89 AVENUE LOUIS DE FOIX;;;;640
201400032369;14;12;26;1840;5;2;1;2;3;102;GIRATOIRE BEYRIS;M;4347821;-149277;640
201400032370;14;12;26;2310;5;2;1;1;2;24;BOULEVARD DU BAB;;;;640
201400032371;14;12;31;1315;1;2;1;1;1;102;CHEMIN DE SAINT BERNARD;;;;640
201400032372;14;1;1;530;5;2;1;1;1;125;66 AV ATHERBEA;;;;640
201400032373;14;1;28;1155;1;2;1;1;3;122;46 AV KENNEDY;;;;640
201400032374;14;2;7;1150;1;2;1;1;6;122;9 BD PRINCE DE GALLES;;;;640
201400032375;14;2;16;1735;1;2;1;1;3;125;AV DU PLATEAU;;;;640
201400032376;14;3;16;445;5;2;1;1;3;122;10 AV DE LA MARNE;;;;640
201400032377;14;4;4;1835;1;2;1;1;6;122;ALLEE DORZIAT GABRIELLE;;;;640
201400032378;14;4;16;2000;1;2;6;1;3;122;ROND POINT DU MOUSSE;M;4346793;-154001;640
201400032379;14;4;23;2055;2;2;1;1;3;122;AV DE LA MARNE/LAHOUZE;;;;640
201400032380;14;5;1;1820;1;2;1;8;6;122;BD MARCEL DASSAULT;;;;640
201400032381;14;5;2;1615;1;2;1;1;2;122;13 AV MARECHAL FOCH;;;;640
201400032382;14;5;5;755;1;2;1;1;2;125;4 RUE DE L'ETAPE;;;;640
201400032383;14;5;10;1100;1;2;6;1;7;122;5 AV DE LA MILADY;;;;640
201400032384;14;5;13;1130;1;2;1;1;3;122;80 AV KENNEDY;;;;640
201400032385;14;6;15;1035;1;2;1;1;2;122;21, BRAOU (AVENUE DU);M;4347892;-153609;640
201400032386;14;6;17;515;5;2;3;1;7;122;rue REGINA;M;4349073;-155106;640
201400032387;14;6;17;1120;1;2;1;1;1;122;RD 810;M;4346052;-154719;640
201400032388;14;6;21;1610;1;2;1;1;6;122;3 rue JOSEPH PETIT;M;4348295;-155830;640
201400032389;14;6;22;940;1;2;1;1;7;122;Av Maréchal FOCH;M;4347926;-155867;640
201400032390;14;6;27;2210;5;2;1;8;3;122;35 rue Maréchel JOFFRE;M;4347646;-156239;640
201400032391;14;6;28;1555;1;2;1;1;7;122;8 Av EDOUARD VII;M;4348259;-155888;640
201400032392;14;6;29;430;5;2;1;9;6;122;21 Av EDOUARD VII;M;4348431;-155741;640
201400032393;14;7;9;357;5;2;1;1;6;122;65 av LAHOUZE;M;4347751;-155089;640
201400032394;14;7;15;235;5;2;1;1;6;122;63 AV MILADY;M;4346709;-157081;640
201400032395;14;7;16;1735;1;2;1;1;1;125;Avenue ATHERBEA;M;4343292;-159592;640
201400032396;14;7;18;1145;1;2;1;2;7;122;av REINE VICTORIA;;;;640
201400032397;14;7;21;950;1;2;1;1;3;122;Av Maréchal FOCH;M;4347933;-155864;640
201400032398;14;7;31;1855;1;2;1;1;1;125;Av de  BIARRITZ;;;;640
201400032399;14;8;1;2240;5;2;1;1;5;122;Bd MARCEL DASSAULT (viad;;;;640
201400032400;14;8;3;2300;5;2;1;2;2;122;3, Av EDOUARD VII;M;4348338;-155876;640
201400032401;14;8;5;1500;1;2;1;1;2;122;RUE DU PORT VIEUX;M;4348206;-156845;640
201400032402;14;7;5;1500;1;2;1;1;2;122;rue du PORT VIEUX;M;4348210;-156598;640
201400032403;14;8;6;1135;1;2;1;1;6;122;40 AV DE VERDUN;M;4348182;-155415;640
201400032404;14;8;9;1835;1;2;1;1;6;125;ALLEE  ANTOINE D'ABBADIE;M;4344571;-155349;640
201400032405;14;8;10;1335;1;2;9;1;3;122;AV DE LA MILADY;M;4346153;-157062;640
201400032406;14;8;17;1135;1;2;1;1;6;122;108 AV DE  VERDUN;M;4348084;-154533;640
201400032407;14;8;23;1200;1;2;1;1;6;122;8 RUE  PELLOT;M;4348566;-155392;640
201400032408;14;8;28;30;5;2;1;1;6;122;17 BIS AV MARECHAL FOCH;M;4347998;-155857;640
201400032409;14;9;1;935;1;2;1;1;5;122;1 BOULEVARD DE CASCAIS;M;4347353;-154557;640
201400032410;14;9;3;1555;1;2;2;1;3;122;(AVENUE DE GRAMMONT;M;4347389;-155480;640
201400032411;14;9;3;1925;1;2;3;1;3;122;AVENUE DU LAC MARION;M;4346999;-155257;640
201400032412;14;9;11;1850;1;2;1;1;3;122;AV DU PRESIDENT KENNEDY;M;4346085;-154862;640
201400032413;14;9;14;1610;1;2;1;1;6;122;AVENUE D'ILBARRITZ;M;4346198;-157056;640
201400032414;14;9;17;1105;1;2;1;1;3;122;1 RUE GUY PETIT;M;4347841;-155530;640
201400032415;14;9;22;830;1;2;1;1;1;122;BD MARCEL DASSAULT;;;;640
201400032416;14;10;3;850;1;2;1;9;7;122;RUE ALAN SEEGER;M;4345827;-154739;640
201400032417;14;10;10;1700;1;2;1;1;6;122;RUE CHAPELET;M;4345976;-154538;640
201400032418;14;11;1;1710;1;2;1;2;6;125;760 AVENUE D' ESPAGNE;;;;640
201400032419;14;11;2;1250;1;2;1;1;7;122;19 AV ALPHONSE XIII;M;4349136;-155064;640
201400032420;14;11;5;1425;1;2;1;2;7;122;ROND POINT DU MOUSSE;;;;640
201400032421;14;11;7;900;1;2;1;1;6;122;48 AVENUE KENNEDY;M;4347134;-155533;640
201400032422;14;11;10;1044;1;2;2;1;6;122;AVENUE DU JARDIN PUBLIC;M;4348011;-156050;640
201400032423;14;11;15;1830;5;2;1;8;3;125;931 AVENUE DE  BIARRITZ;;;;640
201400032424;14;11;21;1420;1;2;1;1;1;125;AVENUE D'ESPAGNE;;;;640
201400032425;14;12;7;1100;1;2;1;1;3;122;AVENUE KENNEDY;M;4347456;-155726;640
201400032426;14;12;12;408;3;2;1;2;7;125;74 RUE CALAMARDIN;M;4343890;-157741;640
201400032427;14;12;12;930;1;2;1;1;3;122;110 AVENUE DE VERDUN;M;4348082;-154532;640
201400032428;14;12;15;1400;1;2;1;1;3;122;68 AVENUE DE LA MARNE;M;4348278;-154535;640
201400032429;14;1;2;1244;1;2;1;1;6;445;22 RUE PALASSOU;;;;640
201400032430;14;1;6;735;2;2;1;2;6;129;198 AV JEAN MERMOZ;;;;640
201400032431;14;1;3;1527;1;2;2;2;3;445;0, COPERNIC;;;;640
201400032432;14;1;7;755;1;2;1;2;2;269;ROUTE DE TARBES;;;;640
201400032433;14;1;8;750;3;1;6;1;6;132;D938;M;4328767;-33237;640
201400032434;14;1;8;842;1;2;1;1;6;445;44 BD MARECHAL LECLERC;;;;640
201400032435;14;1;8;1335;1;2;6;1;3;348;0,AV DE SANTONA;;;;640
201400032436;14;1;12;622;5;2;1;1;6;445;0,BD OLOF PALME;;;;640
201400032437;14;1;14;735;5;2;6;2;3;445;0, YITZHAK RABIN;;;;640
201400032438;14;1;15;1705;1;2;1;1;3;348;1AV DE LA RESISTANCE;;;;640
201400032439;14;1;16;810;2;2;1;2;6;445;PLACE FRANCOIS RECABORDE;;;;640
201400032440;14;1;16;810;2;2;1;2;2;445;31 RUE MARECHAL LECLERC;;;;640
201400032441;14;1;16;1810;2;2;2;1;2;445;AV HONORE BARADAT;;;;640
201400032442;14;1;18;1740;1;2;6;2;2;445;RP DROITS DE L' HOMME;;;;640
201400032443;14;1;18;1900;5;2;1;1;6;445;13 RUE JACQUES TERRIER;;;;640
201400032444;14;1;18;2305;5;2;1;1;6;237;1 RUE MARECHAL LECLERC;;;;640
201400032445;14;1;19;1300;1;2;2;1;3;284;PONT D' ESPAGNE;;;;640
201400032446;14;1;19;1620;1;2;1;1;6;445;0,RUE RAUSKY;;;;640
201400032447;14;1;20;1420;1;2;2;2;3;445;47 RUE DU 14 JUILLET;;;;640
201400032448;14;1;21;1755;2;1;1;1;6;348;AV DE SANTONA;;;;640
201400032449;14;1;22;1222;1;1;1;2;4;348;VOIE NORD SUD;;;;640
201400032450;14;1;24;1115;1;2;1;2;3;445;1, DOYEN HENRY VIZIOZ;;;;640
201400032451;14;1;24;1605;1;2;2;3;3;445;8 AV DU BEARN;;;;640
201400032452;14;1;25;50;5;2;1;1;2;445;4 BD BARBANEGRE;;;;640
201400032453;14;1;25;1030;1;2;2;3;3;445;PONT D' ESPAGNE;;;;640
201400032454;14;1;27;1215;1;2;2;2;3;445;13 RUE BAYARD;;;;640
201400032455;14;1;27;1545;1;2;6;2;6;445;RP ERIC TABARLY;;;;640
201400032456;14;1;28;1725;1;2;1;2;3;348;0,AV MARCEL DASSAULT;;;;640
201400032457;14;1;29;740;3;2;1;1;6;445;ALLEE CONDORCET;;;;640
201400032458;14;1;30;745;3;2;6;2;2;129;ROUTE DE BAYONNE;;;;640
201400032459;14;1;30;820;1;2;1;2;6;445;BD TOURASSE;;;;640
201400032460;14;1;30;1815;2;1;1;3;6;445;BD TOURASSE;;;;640
201400032461;14;2;1;1320;1;2;2;2;2;445;0,RUE CASTETNAU;;;;640
201400032462;14;2;3;1915;3;2;1;2;6;445;108 BD ALSACE LORRAINE;;;;640
201400032463;14;2;4;910;1;2;2;1;3;129;ROUTE DE BAYONNE;;;;640
201400032464;14;2;4;1530;1;2;2;1;3;348;100 BD CHARLES DE GAULLE;;;;640
201400032465;14;2;5;1235;1;2;1;1;4;132;47 AV ALBERT 1ER;;;;640
201400032466;14;2;5;1800;2;2;2;1;3;445;0,BD ALSACE LORRAINE;;;;640
201400032467;14;2;6;720;5;2;7;1;3;445;7 PLACE DE LA MONNAIE;;;;640
201400032468;14;2;6;1530;1;2;6;1;2;445;RP VICTOR SCHOELCHER;;;;640
201400032469;14;2;7;1400;1;1;2;1;3;445;0,AV D' ATTIGNY;;;;640
201400032470;14;2;7;1415;1;2;1;1;6;445;0,BD ALFRED NOBEL;;;;640
201400032471;14;2;7;1645;1;2;1;1;3;445;14 BD DE LA PAIX;;;;640
201400032472;14;2;7;2255;5;2;2;1;3;445;0,RUE MAQUIS DU BEARN;;;;640
201400032473;14;2;8;2030;5;2;2;2;3;129;0,AV DE LONS;;;;640
201400032474;14;2;10;1210;1;2;1;2;6;445;CHAMPETIER DE RIBES;;;;640
201400032475;14;2;10;1655;1;2;1;2;4;445;AV GENERAL LECLERC;;;;640
201400032476;14;2;10;2055;5;2;1;3;5;129;SOUS PONT D'ESPAGNE;;;;640
201400032477;14;2;11;1012;1;2;1;1;6;348;177 AV JEAN MERMOZ;;;;640
201400032478;14;2;14;1225;1;2;1;1;6;445;50 COURS LYAUTEY;;;;640
201400032479;14;2;15;630;5;2;1;2;6;348;65 AV DU TONKIN;;;;640
201400032480;14;2;16;1345;1;2;2;1;3;445;0,RUE ERNEST GABARD;;;;640
201400032481;14;2;16;1725;1;2;1;1;3;445;36 RUE RONSARD;;;;640
201400032482;14;2;17;1745;1;2;1;1;6;445;12  CORPS FRANC POMMIES;;;;640
201400032483;14;2;18;120;5;2;1;1;6;237;36 RUE MARECHAL LECLERC;;;;640
201400032484;14;2;20;1930;5;2;1;1;3;129;26 ROURE DE BAYONNE;;;;640
201400032485;14;2;26;1740;1;2;1;1;6;445;36 COURS LYAUTEY;;;;640
201400032486;14;2;27;1655;1;2;6;2;2;445;106 AV DE L' EUROPE;;;;640
201400032487;14;3;3;2005;5;1;2;3;3;445;0,RUE JEAN GENEZE;;;;640
201400032488;14;3;4;1015;1;2;6;2;2;269;0, D938;;;;640
201400032489;14;3;6;1835;2;2;3;1;3;445;RUE DU BEZET;;;;640
201400032490;14;3;6;1840;2;2;1;1;4;129;44 ROUTE DE BAYONNE;;;;640
201400032491;14;3;7;1230;1;2;1;1;6;445;0,BD DE LA PAIX;;;;640
201400032492;14;3;7;1455;1;2;6;1;3;445;COMBATTANTS D' INDOCHINE;;;;640
201400032493;14;3;9;1800;1;2;1;1;3;445;BD OLOF PALME;;;;640
201400032494;14;3;10;1040;1;2;2;1;3;445;0,RUE CARNOT;;;;640
201400032495;14;3;10;1945;5;2;3;1;3;445;302 BD DE LA PAIX;;;;640
201400032496;14;3;12;1233;1;2;1;1;3;445;RUE D'ORLEANS;;;;640
201400032497;14;3;12;1930;2;2;1;1;4;445;AV PRESIDENT KENNEDY;;;;640
201400032498;14;3;13;1845;1;2;1;1;2;129;46 AV DU CHATEAU D'ESTE;;;;640
201400032499;14;3;13;1930;5;2;3;1;3;129;AV DU TONKIN;;;;640
201400032500;14;3;14;1610;1;2;1;1;6;445;COURS LYAUTEY;;;;640
201400032501;14;3;17;1130;1;2;1;1;3;445;13 AV DES ETATS UNIS;;;;640
201400032502;14;3;18;1355;1;2;1;1;2;237;RUE MARECHAL LECLERC;;;;640
201400032503;14;3;19;1224;1;2;1;1;3;445;75 AV DES LILAS;;;;640
201400032504;14;3;19;1755;1;2;1;1;6;348;29 RUE BLERIOT;;;;640
201400032505;14;3;20;830;1;2;1;1;6;129;30 AV BEZIOU;;;;640
201400032506;14;3;20;1830;1;2;1;1;2;348;MARTYRS DU PONT LONG;;;;640
201400032507;14;3;20;1935;5;2;1;1;1;445;0,BD ALSACE LORRAINE;;;;640
201400032508;14;3;22;1449;1;2;1;2;2;445;33 AV DES LILAS;;;;640
201400032509;14;3;23;1750;1;2;2;1;3;335;0, D509;;;;640
201400032510;14;3;25;830;1;2;1;2;2;445;271 BD DE LA PAIX;;;;640
201400032511;14;3;25;2130;5;2;2;2;3;129;0,ROUTE DE BAYONNE DE;;;;640
201400032512;14;3;25;2325;5;2;1;2;6;445;0, BD DU CAMI SALIE;;;;640
201400032513;14;3;26;800;1;2;6;2;3;237;RP  CORPS FRANC POMMIES;;;;640
201400032514;14;3;26;900;1;2;2;2;2;445;2 RUE HENRI FAISANS;;;;640
201400032515;14;3;28;1045;1;2;1;1;6;132;24 RUE ALBERT 1ER;;;;640
201400032516;14;3;28;1515;1;2;3;1;3;445;0,BD ALFRED NOBEL;;;;640
201400032517;14;3;29;1650;1;2;1;1;6;335;0,RUE JOSEPH CUGNOT;;;;640
201400032518;14;3;31;810;1;2;1;1;3;445;BD EDOUARD HERRIOT;;;;640
201400032519;14;4;1;900;1;2;1;1;2;445;0,ALLEE DE MORLAAS;;;;640
201400032520;14;4;1;1448;1;2;2;1;3;445;RUE CARREROT/BONADO;;;;640
201400032521;14;4;1;1630;1;2;6;1;2;445;COURS LEON BERARD/MONTAR;;;;640
201400032522;14;4;1;2300;5;2;2;1;3;445;AV JEAN MERMOZ/SARRAIL;;;;640
201400032523;14;4;3;1738;1;2;1;3;3;348;23 AV JOLIOT CURIE;;;;640
201400032524;14;4;3;1900;5;2;1;3;5;348;0,BD DE L' EUROPE;;;;640
201400032525;14;4;4;1530;1;2;1;1;6;445;AV JEAN MERMOZ/TILLEULS;;;;640
201400032526;14;4;4;1830;1;2;1;1;6;445;COURS BOSQUET/MONNET;;;;640