num_acc;an;mois;jour;hrmn;lum;agg;int;atm;col;com;adr;gps;lat;long;dep
201400032527;14;4;7;1652;1;2;1;1;2;348;AV MONTGOLFIER/LUSSAC;;;;640
201400032528;14;4;8;820;1;2;1;3;3;284;133 AV RAUSKI;;;;640
201400032529;14;4;12;1250;1;2;1;1;2;129;14 ROUTE DE BAYONNE;;;;640
201400032530;14;4;14;1600;1;2;1;1;6;445;32 AV DU LOUP;;;;640
201400032531;14;4;14;1718;1;2;3;1;6;445;CHAMPETIER DE RIBES/NOLI;;;;640
201400032532;14;4;15;1419;1;2;1;1;3;445;0,RUE AMEDEE ROUSSILLE;;;;640
201400032533;14;4;15;1920;1;2;1;1;3;445;85 RUE CASTETNAU;;;;640
201400032534;14;4;16;1725;1;2;6;1;3;445;RP DE LA COMMUNE;;;;640
201400032535;14;4;16;1850;1;2;1;1;7;445;47 BD ALSACE LORRAINE;;;;640
201400032536;14;4;17;1804;1;2;1;1;6;284;8 RUE DE COUBERTIN;;;;640
201400032537;14;4;18;1310;1;2;1;1;2;348;0, MARTYRS DU PONT LONG;;;;640
201400032538;14;4;23;1945;2;2;2;1;3;445;0,PLACE GRAMONT;;;;640
201400032539;14;4;24;805;1;2;1;1;3;445;11 RUE HENRI FAISANS;;;;640
201400032540;14;4;24;1713;1;2;3;3;6;445;140 AV DE BUROS;;;;640
201400032541;14;4;25;1255;1;2;1;2;4;445;7 AV DIDIER DAURAT;;;;640
201400032542;14;4;26;2235;5;2;1;2;4;445;0,ROUTE DE BAYONNE;;;;640
201400032543;14;4;29;855;1;2;1;1;3;335;50 ROUTE DE TARBES;;;;640
201400032544;14;4;30;1809;1;2;1;1;1;348;0,AV DU TONKIN;;;;640
201400032545;14;4;30;1949;1;2;1;1;3;445;AV DE VERDUN;;;;640
201400032546;14;5;2;1846;1;2;1;1;2;284;0,PONT D' ESPAGNE;;;;640
201400032547;14;5;6;1725;1;2;2;1;3;445;AV COPERNIC/AV BUROS;;;;640
201400032548;14;5;6;1758;1;2;1;1;6;445;21 RUE SERVIEZ;;;;640
201400032549;14;5;7;1210;1;2;1;1;6;445;0,RUE DES FRERES CAMORS;;;;640
201400032550;14;5;7;1745;1;2;1;1;2;445;0,RUE JEAN GENEZE;;;;640
201400032551;14;5;9;645;2;2;2;1;3;445;0, CATHERINE DE BOURBON;;;;640
201400032552;14;5;16;800;1;2;2;1;1;445;64, PAIX;;;;640
201400032553;14;5;20;1715;1;2;1;1;4;348;51, CHARLES DE GAULLE;;;;640
201400032554;14;5;20;1730;1;2;6;1;2;284;0, VALLEES DES;;;;640
201400032555;14;5;23;1005;1;2;2;2;3;445;45 bis, TRESPOEY;;;;640
201400032556;14;6;1;1711;1;2;1;1;6;348;75, CHARLES DE GAULLE;M;4331130;-41307;640
201400032557;14;6;2;950;1;2;2;1;3;445;Av des ETATS UNIS;M;4330052;-36035;640
201400032558;14;6;4;1605;1;2;1;1;3;284;RUE DU 8 MAI 1945;;;;640
201400032559;14;6;5;2350;5;2;2;1;3;445;5 rueCHAMPETIER DE RIBES;M;4330326;37851;640
201400032560;14;6;6;1315;1;2;2;1;2;445;73 AVENUE TRESPOEY;M;4329899;-34915;640
201400032561;14;6;6;1325;1;2;6;1;3;445;Rd Pt ALLEES DE MORLAAS;M;4330786;33841;640
201400032562;14;6;7;1225;1;2;1;1;2;445;43,Av du LOUP;M;4330866;-35579;640
201400032563;14;6;10;1435;1;2;2;1;3;445;PLACE GRAMONT;M;4329655;-37427;640
201400032564;14;6;12;1810;1;2;1;1;3;445;71Bd ALSACE LORRAINE;M;4330481;-37006;640
201400032565;14;6;18;1315;1;2;1;1;6;348;62, CHARLES DE GAULLE;M;4331078;-41219;640
201400032566;14;6;19;1840;1;2;1;1;3;237;RUE PASTEUR;M;4327969;-38000;640
201400032567;14;6;20;1235;1;1;1;1;2;445;4, LEON BERARD;M;4331502;-37173;640
201400032568;14;6;20;1245;1;2;1;1;6;269;32,RTE DE TARBES;M;4329849;-30421;640
201400032569;14;6;22;1110;1;2;3;1;3;445;Av des TILLEULS;M;4330380;-35091;640
201400032570;14;6;25;1010;1;2;1;1;3;445;27, LEON BLUM;M;4336284;177156;640
201400032571;14;6;25;1515;1;2;2;1;2;129;Av de la PEIADE;M;4330497;-39302;640
201400032572;14;6;27;845;1;2;1;1;6;284;137 Avenue RAUSKI;M;4325986;-39057;640
201400032573;14;6;27;1010;1;2;1;1;3;284;21, RAUSKI;M;4327341;-38873;640
201400032574;14;6;21;2135;5;2;1;1;6;445;allée du GRAND TOUR;M;4329840;-37929;640
201400032575;14;7;1;1930;1;2;1;2;2;445;40 bd ALSACE LORRAINE;M;4330358;-36484;640
201400032576;14;7;3;1030;1;2;1;1;3;445;120 bd TOURASSE;M;4331137;-36156;640
201400032577;14;7;3;1930;1;2;2;2;3;445;0, CORPS FRANC POMMIES D;M;4330679;-32759;640
201400032578;14;7;4;850;1;2;1;2;3;445;40 rue  RONSARD;M;4331870;-35921;640
201400032579;14;7;11;1720;1;2;6;1;6;445;0, ERIC TABARLY;M;4331877;-35963;640
201400032580;14;7;16;1840;1;2;1;1;3;445;6 AV GENERAL DE GAULLE;M;4330206;-35475;640
201400032581;14;7;16;1950;1;2;1;1;5;445;Bd OLOF PALME;;;;640
201400032582;14;7;17;1850;1;2;1;1;3;348;101 MARTYRS  PONT LONG;M;4334036;-37984;640
201400032583;14;7;18;1750;1;2;1;1;3;129;161, JEAN MERMOZ;M;4331941;-37876;640
201400032584;14;7;19;1540;1;2;2;1;3;445;Av DUFAU/SARAGOSSE;M;4330866;-36394;640
201400032585;14;7;19;1905;1;2;2;1;3;445;RUE JEAN JOVE/CASTERET;M;4330339;-36180;640
201400032586;14;7;21;1210;1;2;2;1;6;445;PL ROYALE/BD PYRENEES;M;4329338;-37064;640
201400032587;14;7;25;1930;1;2;1;1;4;445;av de l'EUROPE;;;;640
201400032588;14;7;27;2020;1;2;1;1;6;132;GEORGES CLEMENCEAU;M;4328875;-35357;640
201400032589;14;8;4;1140;1;2;1;1;6;445;13 BIS, ALSACE LORRAINE;;;;640
201400032590;14;8;1;1750;1;2;1;2;3;445;RUE EDMOND AUDRAN;M;4331848;-34537;640
201400032591;14;8;2;1615;1;2;1;1;3;445;angle DUFAU/SHUMANN;M;4330938;-36399;640
201400032592;14;8;3;1745;1;2;1;1;6;445;25,Av dui  LOUP;M;4330613;-35668;640
201400032593;14;8;3;1930;1;2;2;1;3;445;rue CASTERET;M;4330354;-36233;640
201400032594;14;8;4;1710;1;2;3;1;3;445;COURS  LYAUTEY;M;4330861;-36388;640
201400032595;14;8;6;1722;1;2;1;1;6;445;18 AV SIMIN PALAY;M;4330993;-33159;640
201400032596;14;8;8;1035;1;2;1;1;2;445;9  RUE  CARNOT;M;4329925;-37023;640
201400032597;14;8;13;1400;1;2;6;2;3;445;ALLEES DE MORLAAS;;;;640
201400032598;14;8;18;800;1;2;2;1;3;445;RUE FOSSIE;M;4330353;-36227;640
201400032599;14;8;23;2255;5;2;1;1;3;445;62 AV JEAN MERMOZ;M;4331069;-37708;640
201400032600;14;8;25;2320;5;2;2;1;3;445;RUE D'ETIGNY;M;4329628;-37623;640
201400032601;14;8;27;1410;1;2;3;1;3;132;AV GEORGES CLEMENCEAU;M;4328929;-35454;640
201400032602;14;8;29;1750;1;2;6;1;3;445;ROND POINT DE LA COMMUNE;;;;640
201400032603;14;8;29;2340;5;2;2;1;2;284;RUE ERNEST CAZENAVE;M;4328774;-39073;640
201400032604;14;9;1;1142;1;2;2;1;3;373;RUE DU FER A CHEVAL;M;4328153;-36017;640
201400032605;14;9;4;1820;1;2;3;1;3;445;RUE DE CASSIOPE;M;4331793;-33926;640
201400032606;14;9;8;908;1;2;6;1;3;445;RUE BACHAGA BOUALAN;;;;640
201400032607;14;9;9;905;1;2;1;1;2;129;140 AV JEAN MERMOZ;;;;640
201400032608;14;9;9;1005;1;2;6;1;6;445;COURS LEON BERARD;M;4331313;-36902;640
201400032609;14;9;9;1710;1;1;1;1;6;335;D817;;;;640
201400032610;14;9;10;1632;1;2;1;1;6;445;24 BD D'ALSACE LORRAINE;M;4330312;-36303;640
201400032611;14;9;11;1917;1;2;6;1;3;445;ROND POINT DE LA COMMUNE;M;4331116;-36244;640
201400032612;14;9;12;740;1;2;1;1;2;348;34 AV CHARLES DE GAULLE;M;4330879;-40840;640
201400032613;14;9;13;1829;1;2;1;1;6;445;29 AV DES LILAS;M;4330569;-35025;640
201400032614;14;9;15;1445;1;2;1;1;3;445;AVENUE POEYMIRAU;M;4329434;-35899;640
201400032615;14;9;16;835;1;2;1;1;2;284;13 RUE DU BERNET;M;4328426;-39198;640
201400032616;14;9;17;935;1;2;1;1;6;445;PARKING DE  REPUBLIQUE;M;4329983;-36934;640
201400032617;14;9;17;1010;1;1;1;1;5;445;0, EUROPE DE L';;;;640
201400032618;14;9;19;749;1;2;1;1;3;132;RUE GEORGES CLEMENCEAU;M;4328828;-35279;640
201400032619;14;9;19;830;1;2;1;1;6;445;103 BD ALSACE LORRAINE;M;4330518;-37240;640
201400032620;14;9;19;1745;1;2;2;1;6;445;RUE DE LIEGE;M;4330026;-37514;640
201400032621;14;9;20;1608;1;2;1;1;2;445;117  MARTYRS DU PONT LON;;;;640
201400032622;14;9;21;925;1;2;1;1;6;445;26 AV DES PYRENEES;M;4329349;-37188;640
201400032623;14;9;22;1640;1;2;1;1;6;284;8 AV RAUSKI;;;;640
201400032624;14;9;23;1643;1;2;1;1;2;445;48 COURS CAMOU;M;4330001;-37895;640
201400032625;14;9;24;1338;1;2;1;1;6;445;173 BD DE LA PAIX;;;;640
201400032626;14;9;24;1555;1;2;1;1;2;132;24 AV GEORGES CLEMENCEAU;M;4329069;-35679;640
201400032627;14;9;24;1743;1;2;2;1;3;445;RUE DU MOHEDAN;M;4331102;-37216;640
201400032628;14;9;25;910;1;2;1;1;1;284;52 AVENUE  RAUSKI;;;;640
201400032629;14;9;29;1159;1;2;1;1;2;445;RUE ALFRED DE MUSSET;M;4329578;-36170;640
201400032630;14;9;25;1712;1;2;1;1;1;129;3, BARRAU;M;4331799;-37991;640
201400032631;14;9;25;1955;1;2;1;1;3;445;RUE  BAYARD;M;4329720;-37592;640
201400032632;14;9;27;5;5;2;1;1;5;284;AVENUE DU 18 JUIN 1940;;;;640
201400032633;14;9;27;225;5;2;1;1;1;445;26 AV JJ  DE MONAIX;M;4330249;-36025;640
201400032634;14;9;28;1;5;2;1;1;6;445;11 RUE CAZAUBON NORBERT;M;4330437;-36771;640
201400032635;14;9;29;1705;1;2;1;1;3;445;213 AVENUE DE  BUROS;M;4333198;-33467;640
201400032636;14;9;30;1000;1;2;2;1;5;348;77 AVENUE  DIDIER DAURAT;M;4333489;-37971;640
201400032637;14;10;2;742;2;2;1;5;3;445;ALLEES DE MORLAAS;M;4330742;-33671;640
201400032638;14;10;2;1124;1;2;1;1;3;445;COURS LYAUTEY;M;4330866;-36390;640
201400032639;14;10;3;2035;5;2;1;1;3;445;2 AV DE L A RESISTANCE;M;4330019;-37518;640
201400032640;14;10;4;1212;1;2;1;1;3;445;32 AV JEAN MERMOZ;M;4330777;-37650;640
201400032641;14;10;5;1818;1;2;1;1;3;445;RUE D'ORLEANS;M;4329913;-37193;640
201400032642;14;10;6;1045;1;2;1;1;3;445;AVENUE NORMAN PRINCE;M;4330524;-34612;640
201400032643;14;10;6;1822;1;2;1;1;6;129;53 RUE DU  GOLF;M;4329829;-39257;640
201400032644;14;10;7;1755;1;2;1;1;6;445;318 BOULEVARD DE LA PAIX;M;4332257;-36888;640
201400032645;14;10;9;1819;2;2;1;2;3;445;55 RUE GENERAL DE GAULLE;M;4330121;-35917;640
201400032646;14;10;10;1700;1;2;1;2;6;445;212 AVENUE JEAN MERMOZ;M;4331910;-37865;640
201400032647;14;10;11;5;4;2;1;1;3;445;BOULEVARD DES PYRENEES;;;;640
201400032648;14;10;11;610;3;2;1;2;1;129;RUE DES  ENTREPRENEURS;M;4330078;-40876;640
201400032649;14;10;11;857;2;2;2;1;6;129;AVENUE DU TONKIN;M;4331510;-38491;640
201400032650;14;10;11;1303;1;2;2;1;3;445;RUE DE L'AUBISQUE;M;4331295;-35331;640
201400032651;14;10;11;1915;2;2;1;1;1;445;BOULEVARD OLOF PALME;;;;640
201400032652;14;10;12;1155;1;2;6;1;3;237;AVENUE VALLEE HEUREUSE;M;4327904;-37558;640
201400032653;14;10;14;937;1;2;1;1;1;445;AVENUE D'ETIGNY;;;;640
201400032654;14;10;15;1209;1;2;1;1;6;445;68  RUE EMILE GARET;M;4329919;-36342;640
201400032655;14;10;16;803;2;2;1;1;3;284;PONT D'ESPAGNE;M;4329322;-38681;640
201400032656;14;10;16;1229;1;2;1;1;3;445;12 AVENUE FOUCHET;M;4331342;-37102;640
201400032657;14;10;17;745;1;2;2;1;3;445;AVENUE DES MARRONNIERS;M;4330526;-33930;640
201400032658;14;10;18;700;5;2;2;1;3;445;BOULEVARD  CAMI SALIE;M;4332611;-33822;640
201400032659;14;10;18;2011;5;2;6;1;2;445;ROND POINT V SCHOELCHER;M;4332136;-35855;640
201400032660;14;10;19;1640;1;2;2;1;3;335;AVENUE JOSEPH D'ARISTE;M;4332944;-41101;640
201400032661;14;10;22;1050;1;2;1;1;6;445;62 AV JEAN MERMOZ;M;4331070;-37712;640
201400032662;14;10;24;900;1;2;1;1;6;348;AV ERCKMAN CHATRIAN;M;4332881;-39803;640
201400032663;14;10;25;1149;1;2;1;1;6;445;EDOUARD HERRIOT;M;4330511;-37810;640
201400032664;14;10;28;1820;1;2;1;1;3;445;69 RTE DE  BAYONNE;;;;640
201400032665;14;10;29;2000;5;1;1;1;1;445;BOULEVARD DE LA PAIX;M;4331503;-33550;640
201400032666;14;10;30;1030;1;2;2;1;3;445;PLACE DES SEPT CANTONS;M;4329857;-37055;640
201400032667;14;10;30;1831;5;2;1;1;3;445;25 AVENUE DU LOUP;M;4330625;-35672;640
201400032668;14;10;31;710;1;2;3;1;3;445;98  BOULEVARD TOURASSE;M;4331124;-35863;640
201400032669;14;10;31;1250;1;2;1;1;2;348;44 BD CHARLES DE GAULLE;M;4330937;-40943;640
201400032670;14;10;31;1321;1;2;1;1;3;445;BD ALSACE LORRAINE;M;4330477;-36962;640
201400032671;14;11;1;745;2;2;1;1;6;445;14 AVENUE JEAN MERMOZ;M;4330647;-37624;640
201400032672;14;11;1;1840;3;2;1;1;3;335;25 AVENUE DE L OUSSE;M;4333792;-43342;640
201400032673;14;11;3;1920;5;2;2;2;3;445;AVENUE DE  EUROPE;;;;640
201400032674;14;11;4;1816;2;2;1;1;6;445;2 RUE LOUIS BARTHOU;M;4329459;-36506;640
201400032675;14;11;6;1408;1;2;2;1;3;445;BOULEVA ALSACE LORRAINE;M;4330547;-37436;640
201400032676;14;11;6;1640;1;2;2;1;2;129;ROUTE DE  BAYONNE;;;;640
201400032677;14;11;7;2340;5;2;1;1;3;445;AVENUE JEAN MERMOZ;M;4332450;-37951;640
201400032678;14;11;9;2004;5;2;1;1;6;445;OLOF PALME;;;;640
201400032679;14;11;12;1340;1;2;1;1;6;445;40 RUE CARNOT;M;4330239;-36899;640
201400032680;14;11;12;1835;4;2;1;1;3;348;15 RUE MARCEL DASSAULT;M;4330211;-41422;640
201400032681;14;11;13;1131;1;2;1;1;3;445;44  AVENUE  TRESPOEY;M;4329898;-34664;640
201400032682;14;11;13;1507;1;2;1;1;6;129;43 RUE DE LA  SALIGUE;M;4329704;-40425;640
201400032683;14;11;13;2042;5;2;1;1;6;129;2 RUE  LASSANSAA;M;4330285;-39544;640
201400032684;14;11;15;1135;1;2;2;1;6;445;RUE PIERRE MASSE;M;4331123;-35870;640
201400032685;14;11;15;1920;5;2;2;1;3;445;AVENUE DES LILAS;M;4330586;-34980;640
201400032686;14;11;18;1930;5;2;2;1;6;445;77 AV  ALFRED NOBEL;M;4331099;-32412;640
201400032687;14;11;19;930;1;2;1;1;3;445;110 BD ALSACE LORRAINE;M;4330547;-37438;640
201400032688;14;11;19;1055;1;2;1;1;2;445;14 AV GENERAL LECLERC;M;4330583;-33691;640
201400032689;14;11;19;1222;1;2;2;1;6;445;RUE EMILE GUICHENNE;M;4329937;-36345;640
201400032690;14;11;19;2030;3;2;1;1;3;348;2 AV FRERES MONTGOLFIER;M;4330463;-41815;640
201400032691;14;11;20;1223;1;2;2;1;3;445;ALLEES  DE BOURBON;M;4332482;-35740;640
201400032692;14;11;20;1330;1;2;2;1;3;445;AVENUE  NORMAN PRINCE;M;4330304;-35210;640
201400032693;14;11;22;1320;1;2;1;1;3;335;99 BD DE L' EUROPE;M;4332766;-44309;640
201400032694;14;11;22;1602;1;2;6;1;3;132;AVENUE ALBERT 1;;;;640
201400032695;14;11;25;920;1;2;1;2;6;445;26 AVENUE DES  LILAS;M;4330583;-34995;640
201400032696;14;11;25;1755;5;2;1;1;6;269;RD 802;;;;640
201400032697;14;11;26;1245;1;2;1;3;6;445;RUE COMTE DE SAINT-CRICQ;M;4330626;-35206;640
201400032698;14;11;27;1415;1;2;1;1;1;132;D100;;;;640
201400032699;14;11;27;1745;1;2;1;1;2;129;AVENUE  CHATEAU D'ESTE;M;4330588;-39232;640
201400032700;14;11;27;1845;5;2;1;1;3;335;AVENUE DE L'  EUROPE;M;4332490;-43803;640
201400032701;14;11;28;808;1;2;2;1;3;445;153 BD DE LA  PAIX;M;4331877;-34594;640
201400032702;14;11;28;1750;1;2;2;1;3;445;RUE LEON JOUHAUX;M;4331296;-35343;640
201400032703;14;11;28;1828;5;2;1;1;3;445;AVENUE  PIERRE MASSE;M;4331387;-35769;640
201400032704;14;12;1;740;5;2;1;1;2;445;2  ALLEES DE MORLAAS;M;4330774;-34013;640
201400032705;14;12;2;800;1;2;1;2;4;335;D945;;;;640
201400032706;14;12;2;1400;1;2;1;1;6;445;1 BIS RUE HENRI FAISANS;M;4330086;-35979;640
201400032707;14;12;4;735;5;2;2;1;3;445;BOULEVARD DE LA PAIX;M;4332225;-36686;640
201400032708;14;12;4;1611;1;2;2;1;3;445;40 COURS LYAUTEY;M;4330932;-36360;640
201400032709;14;12;4;1755;5;2;1;1;6;445;24 AVENUE GASTON LACOSTE;M;4329234;-36901;640
201400032710;14;12;5;720;5;2;2;1;3;445;RUE DES ANGLAIS;M;4330133;-36664;640
201400032711;14;12;5;1640;1;2;1;2;2;132;RENE MOUCHOTTE;M;4330633;-33260;640
201400032712;14;12;5;1725;5;2;1;2;6;445;72 RUE D' ETIGNY;M;4329607;-38226;640
201400032713;14;12;5;1735;2;2;1;2;3;445;BD DU  CAMI SALIE;M;4332539;-33277;640
201400032714;14;12;6;1600;1;2;1;1;6;284;AVENUE HENRI IV;M;4328209;-38734;640
201400032715;14;12;7;1153;1;2;1;1;3;348;48, CHARLES DE GAULLE;M;4330946;-40975;640
201400032716;14;12;7;1325;1;2;2;1;3;445;RUE CASTETNAU;M;4330042;-36512;640
201400032717;14;12;8;954;1;2;1;2;3;445;BOULEVARD OLOF PALME;;;;640
201400032718;14;12;9;830;1;2;1;1;3;129;2 AVENUE CHATEAU D'ESTE;M;4330751;-38056;640
201400032719;14;12;9;1755;5;2;3;1;3;445;175 AVENUE DE MONTARDON;M;4332870;-36761;640
201400032720;14;12;10;730;2;2;1;1;3;445;AVENUE TRESPOEY;;;;640
201400032721;14;12;10;800;2;2;1;1;3;284;AVENUE GEORGES GUYNEMER;M;4329218;-39647;640
201400032722;14;12;10;1135;1;2;1;1;6;445;RUE BERNES CAMBOT;M;4330552;-37039;640
201400032723;14;12;10;1945;5;2;1;2;6;445;ROND POINT F MITTERAND;M;4332985;-35595;640
201400032724;14;12;11;1810;5;2;1;1;3;129;70, ROUTE DE BAYONNE;M;4330305;-39794;640
201400032725;14;12;12;140;5;2;1;1;3;445;FEDERICO GARCIA LORCA;M;4330720;-35502;640
201400032726;14;12;12;1350;1;2;1;1;6;445;AVENUE CASTETNAU;M;4330043;-36531;640
201400032727;14;12;14;1950;5;2;1;1;6;445;27 RUE DU 14 JUILLET;M;4329133;-37865;640
201400032728;14;12;15;1107;1;2;1;1;1;445;AVENUE DE LA  RESISTANCE;M;4330251;-37555;640
201400032729;14;12;15;1850;5;2;1;1;3;348;118 BD CHARLES DE GAULLE;M;4331654;-42268;640
201400032730;14;12;15;1920;3;1;1;1;1;335;RD 817;;;;640
201400032731;14;12;17;1805;5;2;1;2;6;445;9 PLACE DE LA MONNAIE;M;4329419;-37711;640
201400032732;14;12;18;1905;5;2;1;1;4;284;AVENUE RAUSKI;;;;640
201400032733;14;12;20;1400;1;2;1;2;3;348;3 AVENUE MARCEL DASSAULT;M;4330118;-41143;640
201400032734;14;12;21;1055;1;2;1;1;6;445;13 AVENUE DIDIER DAURAT;M;4332586;-37962;640
201400032735;14;12;22;1905;3;1;1;1;2;132;ROUTE D'IDRON;;;;640
201400032736;14;12;23;835;1;2;1;1;3;335;RUE JEAN JAURES;M;4330540;-35823;640
201400032737;14;12;23;1036;1;2;1;1;2;445;258 BOULEVARD DE LA PAIX;M;4332165;-36230;640
201400032738;14;12;23;1240;1;2;1;1;3;348;AVENUE MARCEL DASSAULT;M;4330211;-41419;640
201400032739;14;12;24;1435;1;2;1;1;4;445;AV 18EME REGIMENT D'INFA;M;4329698;-38192;640
201400032740;14;12;27;1720;1;2;1;3;3;335;BOULEVARD DE L'EUROPE;M;4332441;-43717;640
201400032741;14;12;30;2040;5;2;1;1;3;445;7 PLACE DU FOIRAIL;M;4330277;-36973;640
201400032742;14;1;14;1335;1;2;1;1;6;483;22 AV DE  HABAS;;;;640
201400032743;14;1;23;1135;1;1;1;3;5;545;Route de la Corniche;;;;640
201400032744;14;2;14;1800;1;2;1;8;6;483;PLACE FOCH;;;;640
201400032745;14;2;18;1635;1;2;1;9;7;189;36 AV BESSELERE;;;;640
201400032746;14;2;23;2015;5;2;1;1;3;260;BD DE L'EMPEREUR;;;;640
201400032747;14;2;25;1645;1;1;1;3;3;545;RD810;;;;640
201400032748;14;2;26;755;2;1;3;1;3;545;RD810;;;;640
201400032749;14;3;4;1910;2;2;1;3;2;260;ACCES PONT ST JACQUES;;;;640
201400032750;14;3;17;1135;1;1;1;1;4;545;RD 810;;;;640
201400032751;14;3;18;1600;1;1;1;8;2;545;RD810;;;;640
201400032752;14;4;11;1530;1;2;1;1;6;483;AV JAUREGUIBERRY;;;;640
201400032753;14;4;11;2037;5;2;1;1;3;189;CARREFOUR DES EVADES;;;;640
201400032754;14;4;18;1505;1;1;1;1;1;545;RD810;;;;640
201400032755;14;4;18;1815;1;2;3;1;3;189;RD810;;;;640
201400032756;14;4;19;1635;1;2;1;1;3;483;91 RUE GAMBETTA;;;;640
201400032757;14;4;26;650;2;1;1;2;7;545;RD810;;;;640
201400032758;14;4;27;1450;1;2;2;8;3;483;RUE SOPITE;;;;640
201400032759;14;4;30;1100;1;2;1;2;4;483;AV DE CHANTACO;;;;640
201400032760;14;5;15;1350;1;2;1;1;6;483;35, HUGO VICTOR (BOULEVA;;;;640
201400032761;14;5;26;925;1;1;1;2;2;260;CD 912;;;;640
201400032762;14;6;3;1225;1;2;1;1;6;260;78 rue de BEHOBIE;M;4334918;-177270;640
201400032763;14;6;4;1125;1;2;1;1;2;260;EMPEREUR (BOULEVARD DE );M;4335058;-176991;640
201400032764;14;6;5;1925;1;2;1;1;2;483;RD810;M;4341338;161490;640
201400032765;14;6;6;815;1;2;1;1;3;483;Bd THIERS;M;4339082;165918;640
201400032766;14;6;11;1015;1;2;3;1;3;260;RESERVOIRS (RUE DES);M;4335524;-176805;640
201400032767;14;6;12;1610;1;1;1;1;3;545;RD810;M;4336706;-168692;640
201400032768;14;6;12;1645;1;1;1;1;2;545;1, CAMIETA (ALLEE DE);M;4337579;-167141;640
201400032769;14;6;14;950;1;2;6;1;3;483;48 Av A ITHURRALDE;M;4339720;-164447;640
201400032770;14;6;15;1000;1;1;1;1;2;189;BRETELLE DE SOCOA RD 913;M;4337323;-168249;640
201400032771;14;6;21;1705;1;1;1;1;1;545;IBARDIN (ROUTE D');;;;640
201400032772;14;7;7;1550;1;2;1;1;2;483;RD810;;;;640
201400032773;14;7;10;1225;1;2;1;1;2;483;16 rue Paul GELOS;M;4337727;-167412;640
201400032774;14;7;11;30;3;1;1;1;6;483;RD810;;;;640
201400032775;14;7;13;1845;1;2;1;1;1;483;RD810;M;4339653;-164593;640
201400032776;14;7;14;1625;1;1;1;1;2;545;RD810;M;4336891;-168442;640
201400032777;14;7;15;1125;1;1;1;1;2;260;accè pt SAINT JACQUES;M;4334995;-178403;640
201400032778;14;7;15;2005;2;1;1;1;3;260;rue de la GLACIERE;M;4335625;-174338;640
201400032779;14;7;22;155;3;1;1;1;6;545;RD810;M;4336615;-168763;640
201400032780;14;7;23;1500;1;1;1;1;3;483;RD810;;;;640
201400032781;14;7;23;1825;1;1;3;1;3;483;1, CHIBAU BERRIA PIERRE;M;4340920;-163641;640
201400032782;14;7;26;1925;1;2;1;1;7;260;6,Bd LECLERC;M;4336284;-177156;640
201400032783;14;7;27;1930;1;2;1;1;3;260;BD BAIE DE CHINGUDY;M;4336983;-177324;640
201400032784;14;7;29;1310;1;2;1;1;3;483;RD810;;;;640
201400032785;14;7;29;1845;1;2;6;1;3;483;RD810;;;;640
201400032786;14;7;30;1135;1;1;1;8;4;545;RD810;;;;640
201400032787;14;7;30;1620;1;2;1;1;1;483;1, place LOUIS XIV;;;;640
201400032788;14;8;1;2000;1;2;1;1;3;189;RD810;;;;640
201400032789;14;8;2;1155;1;2;1;1;2;260;5 rue des LAURIERS;M;4335852;-177526;640
201400032790;14;8;7;1430;1;2;3;1;3;260;106 BD EMPEREUR;M;4336857;-175602;640
201400032791;14;8;11;935;1;2;1;1;6;260;10 RUE D'IRANDATZ;M;4335298;-177384;640
201400032792;14;8;13;1520;1;2;3;1;3;483;23 AV A ITHURRALDE;M;4339239;-165304;640
201400032793;14;8;17;1105;1;2;1;1;2;483;RD810;;;;640
201400032794;14;8;17;2030;1;1;1;1;1;545;ROUTE D'IBARDIN;;;;640
201400032795;14;8;22;2025;1;1;1;1;5;249;RD810;;;;640
201400032796;14;8;23;1310;1;2;1;1;3;483;RD810;;;;640
201400032797;14;8;23;2015;1;2;1;1;2;483;1 AV DE LAYATS;;;;640
201400032798;14;8;27;1715;1;2;1;1;5;260;46 RUE HAPETENIA;;;;640
201400032799;14;8;28;1140;1;2;1;1;6;483;3  PASSICOT JEAN MARTIN;;;;640
201400032800;14;8;29;1610;1;1;1;1;5;545;RD810;;;;640
201400032801;14;9;1;1545;1;1;1;1;2;483;RD810;;;;640
201400032802;14;9;2;915;1;2;3;1;3;483;AVENUE DE CHANTACO;;;;640
201400032803;14;9;2;1820;1;1;1;1;3;545;RD810;;;;640
201400032804;14;9;4;1610;1;1;1;1;1;260;31 RUE DE LA GLACIERE;;;;640
201400032805;14;9;6;1740;1;2;6;1;3;483;RD810;M;4339174;-165490;640
201400032806;14;9;12;920;1;1;1;1;2;483;1, LAHANCHIPIA (AVENUE);;;;640
201400032807;14;9;12;1710;1;2;1;1;1;260;ROUTE DE LA CORNICHE;;;;640
201400032808;14;9;17;1800;1;2;1;1;1;260;10 RUE IRANDATZ;;;;640
201400032809;14;9;21;1500;1;1;1;1;3;545;RD810;;;;640
201400032810;14;9;23;1145;1;2;1;1;6;189;2 QUAI MAURICE RAVEL;;;;640
201400032811;14;9;23;1805;1;2;1;1;3;483;6 BD ADOLPHE THIERS;M;4338968;-165857;640
201400032812;14;9;24;1700;1;2;1;1;3;483;20 AV ANDRE ITHURRALDE;;;;640