num_acc;an;mois;jour;hrmn;lum;agg;int;atm;col;com;adr;gps;lat;long;dep
201400032813;14;9;25;1225;1;2;3;1;3;545;RUE PAUL GELOS;M;4337797;-167247;640
201400032814;14;9;29;1505;1;2;1;1;6;260;10 RUE IRANDATZ;M;4335298;-177399;640
201400032815;14;10;3;1815;1;2;1;1;3;483;74 BOULEVAR THIERS;M;4339602;-166021;640
201400032816;14;10;5;1710;1;1;1;1;6;260;69 ROUTE DE  BEHOBIE;;;;640
201400032817;14;10;13;1725;1;2;1;1;2;483;RD810;;;;640
201400032818;14;10;20;1610;1;2;1;1;2;483;17 AV JEAN COULOMME;M;4339328;-164550;640
201400032819;14;10;24;845;1;2;1;1;7;483;5 BD HUGO VICTOR;M;4330168;-37663;640
201400032820;14;10;26;310;5;2;1;1;6;483;AVENUE DE CHANTACO;;;;640
201400032821;14;10;30;1220;1;1;1;1;3;545;RD810;;;;640
201400032822;14;10;31;940;1;2;1;1;6;260;14 BD GENERAL LECLERC;;;;640
201400032823;14;10;31;1525;1;2;1;1;5;483;AVENUE LAHANCHIPIA;M;4340124;-163516;640
201400032824;14;11;1;1710;1;2;1;1;1;260;RUE DES ALLEZS;M;4335516;-177446;640
201400032825;14;11;2;1905;5;1;1;3;1;545;RD810;;;;640
201400032826;14;11;3;1830;3;2;1;3;6;260;RD 912;;;;640
201400032827;14;11;4;1655;1;2;1;1;6;260;RUE DE BEHOBIE;;;;640
201400032828;14;11;5;900;1;2;1;2;3;260;BOULEVARD DE L EMPEREUR;;;;640
201400032829;14;11;16;1710;2;2;1;1;3;483;RD810;;;;640
201400032830;14;11;20;835;1;1;1;1;3;483;RD 307;;;;640
201400032831;14;11;20;1540;1;2;1;1;3;260;RUE DES BASQUES;M;4335484;-177755;640
201400032832;14;11;21;1605;1;1;1;1;2;249;RD810;;;;640
201400032833;14;11;24;1725;1;1;1;1;1;545;RD810;;;;640
201400032834;14;12;2;1330;1;2;1;8;2;260;AVENUE DE LISSARDY;M;4336863;-176402;640
201400032835;14;12;22;630;5;2;1;1;3;483;AVENUE DE CHANTACO;;;;640
201400032836;14;12;23;1630;1;1;1;9;1;545;RUE PAUL GELOS;;;;640
201400032837;14;12;31;1550;1;2;1;7;6;483;6 RUEDE L'ICHACA;M;4338622;-165236;640
201400032838;14;12;30;1645;1;2;1;1;3;483;AV MARANON;M;4338580;-165881;640
201400032839;14;12;30;1835;2;1;1;1;5;483;RD810;;;;640
201400032840;14;1;26;355;5;2;1;3;6;483;BD JEAN PASSICOT;;;;640
201400032841;14;2;16;1605;1;2;3;1;1;483;AV COULOMME;;;;640
201400032842;14;2;23;1850;2;1;1;1;2;249;AV GETARIA;;;;640
201400032843;14;3;27;1215;1;1;1;1;6;545;Route de la Corniche;;;;640
201400032844;14;5;5;820;1;2;1;1;6;260;25/27, ORIO (RUE D');;;;640
201400032845;14;6;3;1705;1;1;1;1;5;545;RD810;M;4334969;-174281;640
201400032846;14;7;5;1245;1;1;1;1;1;545;701 rte  de BIRIATOU;M;4335222;-170262;640
201400032847;14;8;17;2250;5;1;1;1;3;483;RD 304;;;;640
201400032848;14;9;25;2215;5;1;1;1;7;483;25  RUE HIRIBARREN;M;4338765;-165225;640
201400032849;14;10;2;1010;1;1;1;1;7;545;RTE DE LA GLACIERE;;;;640
201400032850;14;2;24;1215;1;1;1;1;7;286;RD937;M;4310340;-6851;650
201400032851;14;2;28;1025;1;2;1;6;6;286;1, MICHELET (RUE EDMOND);M;4308937;-4690;650
201400032852;14;3;11;1345;1;2;3;1;3;286;1, CAPDANGELLE (RUE);M;4309876;-3802;650
201400032853;14;3;24;1655;1;1;3;3;3;286;ROUTE DE TARBES;M;4311607;-3292;650
201400032854;14;3;31;1915;1;2;2;1;3;286;LAPACCA (BOULEVARD DU;M;4309717;-3848;650
201400032855;14;4;6;955;1;2;1;1;6;286;1, EGLISE (RUE DE L');M;4309651;-4566;650
201400032856;14;4;14;1815;1;2;3;1;6;286;50, JUIN (AVENUE MARECHA;M;4309375;-4221;650
201400032857;14;4;17;1615;1;2;3;1;6;286;44, LANGELLE (RUE DE);M;4309698;-4059;650
201400032858;14;4;12;1500;1;2;1;1;3;286;48 AV.ALEX.MARQUI;M;4310281;-4329;650
201400032859;14;4;19;1320;1;1;1;1;2;286;SAUX Z.I;M;4312723;-2742;650
201400032860;14;4;24;1645;1;2;2;3;6;286;1, LACADE (RUE ANSELME);M;4309349;-4609;650
201400032861;14;5;9;1734;1;2;3;1;3;286;MARQUI (AVENUE ALEXANDRE;M;4310217;-4378;650
201400032862;14;5;25;330;5;2;1;1;1;286;34, GAVE (BOULEVARD DU);M;4308981;-5336;650
201400032863;14;5;31;935;1;2;9;1;5;286;1, ABADIE (Avenue Fran?o;M;4311129;-3645;650
201400032864;14;6;11;925;1;2;1;1;6;286;0, CHAMP COMMUN (PLACE);M;4309352;-4691;650
201400032865;14;6;7;1220;1;2;4;1;1;286;12, SCHOEFFER (AVENUE MO;M;4309552;-5574;650
201400032866;14;6;15;1240;1;2;1;1;5;286;1, ROMAIN (BOULEVARD DU;M;4310053;-4533;650
201400032867;14;6;23;1330;1;2;7;1;6;286;1, LAURENCE (PLACE MONSE;M;4309675;-5440;650
201400032868;14;7;11;1730;1;2;1;1;5;286;1, ROMAIN (BOULEVARD DU;M;4310060;-4581;650
201400032869;14;8;2;1438;1;2;1;1;6;286;6, LAFITTE (RUE);M;4309466;-4610;650
201400032870;14;8;2;1910;1;2;1;1;3;286;86, MARQUI (AVENUE ALEXA;M;4310484;-4167;650
201400032871;14;8;8;1055;1;2;2;1;6;286;0, ALSACE LORRAINE (RUE);M;4309459;-5461;650
201400032872;14;8;16;910;1;2;1;1;2;286;48, MARQUI (AVENUE ALEXA;M;4310279;-4329;650
201400032873;14;8;17;1925;4;2;1;1;6;286;1, FORET (ROUTE DE LA);M;4309715;-5943;650
201400032874;14;8;21;1410;1;1;1;1;6;286;RD921B-COTE DES COURRIER;M;4308100;-4172;650
201400032875;14;8;20;940;1;2;2;1;3;286;ESPAGNE (BOULEVARD D');M;4308784;-4316;650
201400032876;14;8;20;1115;1;2;1;1;2;286;2, ESPAGNE (BOULEVARD D';M;4308634;-4334;650
201400032877;14;9;14;2100;5;2;1;1;5;286;4A, JEAN PRAT(AVENUE);M;4310696;-6496;650
201400032878;14;9;7;2125;5;2;6;1;2;286;PYRENEES (PLACE DES);M;4309233;-4942;650
201400032879;14;9;9;1205;1;2;1;1;2;286;1, JEAN PRAT(AVENUE);M;4310585;-6257;650
201400032880;14;9;5;1540;1;2;1;1;2;286;ESPAGNE (BOULEVARD D');M;4308737;-4318;650
201400032881;14;9;18;1830;1;2;1;1;6;286;23, MARQUI (AVENUE ALEXA;M;4310303;-4307;650
201400032882;14;9;17;1645;1;2;1;1;6;286;2, ESPAGNE (BOULEVARD D';M;4308629;-4334;650
201400032883;14;9;24;700;2;2;1;1;6;286;1, LAURENCE (PLACE MONSE;M;4309670;-5448;650
201400032884;14;9;10;1640;1;2;1;7;6;286;1, CHAMP COMMUN (PLACE);M;4309425;-4648;650
201400032885;14;9;25;918;1;2;2;1;3;286;15, BAGNERES (RUE DE);M;4309594;-4484;650
201400032886;14;9;29;1615;1;2;1;1;6;286;32, LAC (CHEMIN DU);M;4310762;-7314;650
201400032887;14;10;4;1325;1;2;3;1;3;286;64, MARQUI (AVENUE ALEXA;;;;650
201400032888;14;10;29;1920;5;2;1;1;6;286;54, MARQUI (AVENUE ALEXA;M;4310304;-4309;650
201400032889;14;11;26;1725;2;2;1;3;6;286;13, LAFITTE (RUE);M;4309438;-4612;650
201400032890;14;12;18;2040;3;1;1;2;1;286;1, PAU (ROUTE DE);M;4324130;993;650
201400032891;14;1;8;1635;1;2;1;1;6;440;22, PASTEUR (RUE);M;4323747;6677;650
201400032892;14;1;17;740;2;1;2;1;3;100;., BOURS (ROUTE DE);M;4326809;7647;650
201400032893;14;2;4;1355;1;2;3;1;3;47;NOVEMBRE (RUE DU XI);M;4326203;9217;650
201400032894;14;2;11;831;1;1;1;1;3;226;PAU (ROUTE DE);M;4324465;-2305;650
201400032895;14;2;12;945;1;2;1;1;6;417;9, MITTERRAND (AVENUE FR;M;4323281;9233;650
201400032896;14;2;18;1830;2;2;2;1;3;440;., MIMOSAS (RUE DES);M;4324720;7028;650
201400032897;14;2;24;825;1;2;1;1;6;440;55, JUIN (BOULEVARD DU M;M;4323879;5976;650
201400032898;14;2;28;2155;3;2;4;3;6;440;44, MARTINET (BOULEVARD;M;4323603;8382;650
201400032899;14;3;3;1355;1;2;1;2;4;417;SEMEAC AV.F. MITTERRAND;M;4322310;10273;650
201400032900;14;3;3;1650;1;2;1;4;2;417;., MITTERRAND (AVENUE FR;M;4321660;11038;650
201400032901;14;3;12;1420;1;2;1;1;2;440;., MASSEY (RUE);M;4323977;7383;650
201400032902;14;3;14;1240;1;1;6;1;3;100;BORDEAUX (ROUTE DE) CD 9;M;4326775;7069;650
201400032903;14;3;15;1215;1;2;2;1;3;440;., LAFORGUE (AVENUE JULE;M;4322419;6840;650
201400032904;14;3;23;2040;5;2;3;1;3;440;8, MARTINET (BOULEVARD D;M;4323295;8667;650
201400032905;14;3;24;530;5;2;1;1;6;440;82, ALSACE LORRAINE (AVE;M;4325177;7267;650
201400032906;14;3;31;2145;5;2;1;1;2;440;20, LATTRE DE TASSIGNY(B;M;4322784;5656;650
201400032907;14;4;4;900;1;2;1;1;3;331;., LOURDES (AVENUE DE);M;4321000;4689;650
201400032908;14;4;4;1605;1;2;1;1;2;440;58, HUGO (RUE VICTOR);M;4323883;6958;650
201400032909;14;4;13;1805;1;2;3;1;3;440;149, CORPS FRANC POMMIE;M;4323697;5139;650
201400032910;14;4;13;1935;1;1;1;1;2;440;ROCADE SUD-OUEST;M;4323105;4278;650
201400032911;14;4;14;2010;2;2;1;1;3;440;15, MOUSIS (RUE FRANCOIS;M;4323105;8205;650
201400032912;14;4;23;800;1;2;1;1;6;440;48, MARQUES (RUE FRANCOI;M;4323154;5441;650
201400032913;14;4;24;1150;1;2;1;1;6;440;22, JOFFRE (AVENUE DU MA;M;4323956;7139;650
201400032914;14;4;26;1655;1;2;3;2;2;440;LATTRE DE TASSIGNY(BOULE;M;4322410;5775;650
201400032915;14;4;29;1435;1;2;1;1;3;331;111, BRIAND (AVENUE ARIS;M;4321644;5510;650
201400032916;14;4;19;1840;1;2;1;1;1;440;., QUAI D'EMBARQUEMENT (;M;4324141;6340;650
201400032917;14;5;5;1000;1;2;3;1;6;440;., LAC D'OREDON (RUE DU);M;4324112;5115;650
201400032918;14;5;9;1435;1;2;1;1;3;440;13, MARCADIEU (PLACE);M;4323160;8378;650
201400032919;14;5;14;1900;1;2;1;1;3;440;BRIAND (AVENUE ARISTIDE);M;4322526;6613;650
201400032920;14;5;17;1320;1;2;2;1;2;440;SEPTEMBRE (RUE DU IV);M;4322922;8482;650
201400032921;14;5;22;725;1;1;6;1;3;226;., DEPARTEMENTALE 64 (RO;M;4323343;1712;650
201400032922;14;5;22;1000;1;2;1;1;6;440;20, ADOUR (QUAI DE L');M;4322935;8815;650
201400032923;14;6;2;1200;1;2;2;1;3;440;., SEPTEMBRE (RUE DU IV);M;4322888;8304;650
201400032924;14;6;2;2140;1;2;2;1;3;440;., FOURCADE (RUE ANDRE);M;4323576;7797;650
201400032925;14;6;2;2210;5;2;1;1;6;440;25 bis, CARNOT (RUE);M;4322219;7024;650
201400032926;14;6;4;755;1;2;2;2;3;433;., BREYER (RUE ANDRE);M;4320362;10315;650
201400032927;14;6;6;1250;1;2;1;1;3;440;88, ALSACE LORRAINE (AVE;M;4325310;7255;650
201400032928;14;6;19;1050;1;2;1;1;6;440;., MOUSIS (RUE FRANCOIS);M;4323068;8213;650
201400032929;14;6;21;1025;1;2;1;1;2;417;., MITTERRAND (AVENUE FR;M;4322319;10276;650
201400032930;14;6;21;1550;1;2;1;1;6;440;10, TENOT (RUE EUGENE);M;4323485;7824;650
201400032931;14;6;25;1555;1;2;6;7;3;433;32, MAUMUS (RUE JEAN);M;4320422;9601;650
201400032932;14;7;2;1745;1;2;2;1;3;440;1, CARNOT (RUE);M;4322405;6976;650
201400032933;14;7;7;10;5;2;1;2;6;440;30, LACAUSSADE (BOULEVAR;M;4323241;5460;650
201400032934;14;7;18;745;1;2;3;1;3;417;., PASTEUR (RUE);M;4323028;9250;650
201400032935;14;7;19;932;1;2;2;1;3;440;., ECHEZ (AVENUE DE L;M;4322943;5185;650
201400032936;14;7;21;1820;1;2;4;1;3;226;28BIS, BOIS DU COMMANDEU;M;4323874;408;650
201400032937;14;8;5;1015;1;2;1;1;2;417;., MITTERRAND (AVENUE FR;M;4323120;9404;650
201400032938;14;8;5;1510;1;2;1;1;1;251;MARECHAL FOCH (RUE DU );M;4320472;7427;650
201400032939;14;8;11;850;1;2;2;1;3;100;40, FRANCE (RUE ANATOLE);M;4325457;4698;650
201400032940;14;8;16;1805;1;2;3;1;6;433;., CURIE (BOULEVARD JOL;M;4320814;9512;650
201400032941;14;8;17;2105;2;1;1;1;6;226;COTE DE GER;M;4324359;-1774;650
201400032942;14;8;20;1455;1;2;3;1;3;440;., LASSALLE (RUE GEORGES;M;4323532;6737;650
201400032943;14;9;2;905;1;2;3;1;3;433;LAPORTE (RUE HONORE);M;4321130;10034;650
201400032944;14;9;2;1340;1;1;1;1;6;440;ROCADE SUD-OUEST;M;4323015;4351;650
201400032945;14;9;8;2105;2;2;2;1;2;47;RUE DU 8 MAI;M;4324748;8707;650
201400032946;14;9;12;1705;1;2;2;1;6;440;23 AV.DE LA MARNE;M;4323215;8733;650
201400032947;14;9;14;2055;5;1;6;1;3;100;., BOURS (ROUTE DE);M;4326777;7142;650
201400032948;14;9;15;510;3;2;2;1;3;440;., BRIAND (AVENUE ARISTI;M;4322454;6531;650
201400032949;14;9;17;1550;1;2;2;1;3;440;., VOSGES (BD DES);M;4324884;6322;650
201400032950;14;9;21;925;1;1;1;1;6;417;., MITTERRAND (AVENUE FR;M;4321661;11038;650
201400032951;14;9;25;555;5;2;3;1;6;417;., PRADETTES (ALLEE DES);M;4322853;10783;650
201400032952;14;9;29;1145;1;2;1;1;6;440;1, ORMEAU (CHEMIN DE L');M;4322793;7572;650
201400032953;14;10;2;1405;1;2;1;1;6;440;28, GAMBETTA (COURS);M;4323086;7335;650
201400032954;14;10;3;1600;1;2;7;1;6;440;3, MARCADIEU (PLACE);M;4323163;8269;650
201400032955;14;10;3;1755;1;2;3;1;3;417;13, REPUBLIQUE (RUE DE L;M;4322847;9953;650
201400032956;14;10;6;1545;1;2;1;1;4;440;PAU (ROUTE DE);M;4323808;4054;650
201400032957;14;10;9;750;2;2;1;2;3;440;FORGES (AVENUE DES);M;4323959;8350;650
201400032958;14;10;9;900;1;1;1;1;2;417;., MITTERRAND (AVENUE FR;M;4321950;10708;650
201400032959;14;10;12;120;5;2;1;1;3;47;18, NOVEMBRE (RUE DU XI);M;4323676;9061;650
201400032960;14;10;16;1015;1;2;1;1;3;440;114, CORPS FRANC POMMIES;M;4323706;5046;650
201400032961;14;10;17;735;5;2;1;1;6;440;DREYT (RUE GASTON);M;4323089;6517;650
201400032962;14;10;17;1810;1;2;1;1;6;440;44, JOFFRE (AVENUE DU MA;M;4323950;6891;650
201400032963;14;10;18;1710;1;1;1;1;1;100;., KLEBER (RUE PROLONGEE;M;4326599;7720;650
201400032964;14;10;22;1035;1;2;1;1;7;251;AV. DES PYRENEES;M;4321212;7258;650
201400032965;14;10;27;1700;1;1;3;1;3;226;10, OURSBELILLE (ROUTE D;M;4324564;1101;650
201400032966;14;10;30;900;1;2;3;1;6;440;ARSONVAL (RUE ARSENE D');M;4323602;8392;650
201400032967;14;10;31;900;1;2;2;1;6;440;., MOUSIS (RUE FRANCOIS);M;4323134;8186;650
201400032968;14;11;1;1030;1;2;1;1;3;440;74, ALSACE LORRAINE (AVE;M;4325097;7275;650
201400032969;14;11;3;830;1;2;2;1;3;440;., MARTINET (BOULEVARD D;M;4323844;8188;650
201400032970;14;11;5;2210;5;2;2;1;3;440;., ALSACE LORRAINE (AVEN;M;4324449;7333;650
201400032971;14;11;7;1505;1;2;4;2;3;100;24, URAC (CHEMIN D');M;4324671;4217;650
201400032972;14;11;12;905;1;2;1;1;6;417;., RAVEL (RUE MAURICE);M;4322580;10115;650
201400032973;14;11;24;1815;5;2;3;1;1;433;LAPORTE (RUE HONORE);M;4321129;10032;650
201400032974;14;11;26;940;1;2;1;3;3;440;2 BD DES ARDENNES;M;4324964;7202;650
201400032975;14;12;1;1650;2;2;1;2;3;440;35, HENRI IV (BOULEVARD);M;4323392;5876;650
201400032976;14;12;4;835;1;2;3;1;3;100;23, FONTAINE (RUE);M;4326180;5572;650
201400032977;14;12;9;1255;1;2;3;1;1;440;., LAMOUSSE Auguste;M;4324345;7969;650
201400032978;14;12;13;1415;1;2;2;1;3;417;GAUTIER (RUE TEOPHILE);M;4323035;10561;650
201400032979;14;12;19;1350;1;1;1;1;2;226;., DEPARTEMENTALE 94 (RO;M;4321612;2004;650
201400032980;14;12;27;810;2;2;1;1;6;417;69, MITTERRAND (AVENUE F;M;4322608;9963;650
201400032981;14;9;24;845;1;1;1;1;7;294;;M;4319912;135759;90
201400032982;14;1;6;1500;1;2;1;1;6;136;CLEMENCEAU (BOULEVARD);M;4270043;289033;660
201400032983;14;1;9;1545;1;2;1;1;2;136;., ESPRIU (SALVADOR);M;4266721;288309;660
201400032984;14;1;10;755;3;2;1;1;3;136;., LANGUEDOC (AVENUE DU;M;4272389;288709;660
201400032985;14;1;15;1030;1;1;1;1;3;136;., ESPAGNE (ROUTE D');M;4267003;288488;660
201400032986;14;1;17;1210;1;1;1;1;2;136;Departementale 914;;;;660
201400032987;14;1;18;10;5;2;1;1;3;136;SAINT-ASSISCLE (BOULEVAR;M;4269520;287865;660
201400032988;14;1;25;600;5;2;1;1;3;136;PALAIS-DES-EXPO (AVENUE;M;4270689;290014;660
201400032989;14;1;29;1620;1;2;1;1;3;136;FRANCE LIBRE (BOULEVARD;M;4270541;290167;660
201400032990;14;1;29;1750;1;2;1;1;4;136;FRANCE LIBRE (BOULEVARD;M;4270627;290082;660
201400032991;14;1;28;1945;5;2;1;1;6;136;., DALBIEZ (AVENUE VICTO;M;4268948;288440;660
201400032992;14;1;30;1100;1;2;1;1;6;136;CLEMENCEAU (BOULEVARD);M;4269988;288906;660
201400032993;14;2;4;2345;5;2;1;1;3;136;., COQUELICOTS (DES);M;4270533;290177;660
201400032994;14;2;6;1650;1;2;1;1;6;136;., BARTHOLDI FREDERIC;M;4270313;287826;660
201400032995;14;2;6;1810;1;2;1;1;3;136;., DALBIEZ (AVENUE VICTO;M;4268563;288199;660
201400032996;14;2;7;745;1;2;1;1;3;136;., ALDUY (Paul);M;4268425;290182;660
201400032997;14;2;17;1400;1;2;1;1;3;136;., DALBIEZ (AVENUE VICTO;M;4268918;288402;660
201400032998;14;2;12;2015;3;2;1;1;1;136;., LESAGE (ALAIN);M;4268974;288676;660
201400032999;14;2;8;656;2;2;1;1;3;136;RUBENS (PAUL);M;4269596;291589;660
201400033000;14;2;8;144;5;2;1;1;1;136;TORREILLES (AV DU DOCTEU;M;4268759;287397;660
201400033001;14;2;20;1330;1;2;2;1;3;136;., BEARN DU;M;4268735;289789;660
201400033002;14;2;22;220;3;1;1;1;2;136;Departementale  617;;;;660
201400033003;14;2;21;1800;1;2;1;1;1;136;07BIS, ANCIEN CHEMIN DE;M;4270805;287567;660
201400033004;14;2;25;2045;3;2;1;1;4;136;ARGELES SUR MER AVENUE D;M;4267776;291306;660
201400033005;14;2;26;2223;5;2;1;1;2;136;., CLEMENCEAU (BOULEVARD;M;4269926;288861;660
201400033006;14;3;1;1620;1;2;2;1;3;136;GAUGUIN (AVENUE PAUL);M;4271533;289370;660
201400033007;14;3;3;1528;1;1;9;1;6;136;ESPAGNE (ROUTE D');M;4266984;288220;660
201400033008;14;3;5;1751;1;2;1;1;6;136;., PALAIS-DES-EXPO (AVEN;M;4270448;289279;660
201400033009;14;3;9;1240;1;2;2;1;3;136;., CARSALADE-DU-PONT(AVE;M;4268746;290056;660
201400033010;14;3;17;1615;1;1;1;1;2;136;., ARCADES (RD POINT);M;4267414;288753;660
201400033011;14;3;17;1820;1;2;1;1;6;136;17, VILLAS-AMIEL (ALLEE;M;4269876;288555;660
201400033012;14;3;20;1025;1;2;1;1;6;136;GUYNEMER (AVENUE GEORGES;M;4269490;290801;660
201400033013;14;3;24;2045;3;1;1;1;6;136;., R D 900;;;;660
201400033014;14;3;28;1715;1;2;1;1;3;136;LANGUEDOC (AVENUE DU CD;M;4272559;288762;660
201400033015;14;4;1;1620;1;2;2;1;3;136;DIAZ NARCISSE VIRGIL;M;4271753;288939;660
201400033016;14;4;3;840;1;2;1;2;6;136;MAILLY;M;4269813;289297;660
201400033017;14;4;4;1650;1;2;1;1;3;136;JOFFRE (AVENUE DU MARECH;M;4270443;289256;660
201400033018;14;4;8;1200;1;2;3;1;3;136;DALBIEZ (AVENUE VICTOR);M;4269051;288546;660
201400033019;14;4;10;535;5;2;1;1;6;136;141 b, JOFFRE (AVENUE DU;M;4271254;288940;660
201400033020;14;4;11;1909;1;2;1;1;2;136;DESNOYE (BOULEVARD DR. J;M;4270761;288633;660
201400033021;14;4;14;930;1;2;1;1;3;136;DIDEROT (DENIS);M;4270073;290427;660
201400033022;14;4;15;900;1;2;1;1;4;136;COQUELICOTS (DES);M;4270546;290165;660
201400033023;14;4;11;1020;1;2;2;1;3;136;., BANYOLES (RUE);M;4266341;288088;660
201400033024;14;4;15;1750;1;2;1;1;1;136;., VIVES (CHEMIN DEL);M;4271092;289860;660
201400033025;14;4;14;255;3;2;1;1;1;136;FRANCE LIBRE (BOULEVARD;M;4270428;289732;660
201400033026;14;4;27;2040;5;2;1;1;6;136;SAUVY (ALFRED);M;4267949;289861;660
201400033027;14;4;25;825;1;2;2;2;7;136;15, POINCARE (BOULEVARD;M;4269151;289458;660
201400033028;14;5;1;1205;1;2;2;1;3;136;BRUTUS AVENUE GILBERT;M;4269342;288906;660
201400033029;14;5;1;2320;5;2;1;1;3;136;KENNEDY (BD JOHN-FITZGER;M;4269082;289649;660
201400033030;14;5;1;515;5;2;2;1;3;136;ROUDAYRE (AVENUE EMILE);M;4271036;289752;660
201400033031;14;5;5;1000;1;2;1;1;2;136;., PAYRA (JEAN);M;4270391;289286;660
201400033032;14;5;6;640;1;2;1;1;6;136;., BLANC AVENUE ROSETTE;M;4269863;292879;660
201400033033;14;5;13;1810;1;2;1;1;6;136;47, LASSUS (COURS MARIE-;M;4270261;290097;660
201400033034;14;5;15;830;1;2;1;1;6;136;BACCHUS ALLEE DE;M;4268949;288463;660
201400033035;14;5;17;1845;1;2;2;1;3;136;ANCIEN CHAMP DE MARS AVE;M;4270517;288992;660
201400033036;14;5;23;2014;1;2;1;1;3;136;COQUELICOTS (DES);M;4270529;290173;660
201400033037;14;5;27;1600;1;2;2;1;3;136;OISEAUX (DES);M;4271099;288621;660
201400033038;14;6;2;1240;1;2;1;1;5;136;LANGUEDOC (AVENUE DU CD;M;4274041;289192;660
201400033039;14;6;10;1730;1;2;1;1;6;136;VAUBAN (QUAI SEBASTIEN);M;4269829;289180;660
201400033040;14;6;10;1715;1;2;1;1;3;136;., JULIEN PANCHOT (AVENU;M;4268833;287485;660
201400033041;14;6;11;1030;1;2;1;1;3;136;63, BRIAND BOULEVARD ARI;M;4269378;290087;660
201400033042;14;6;11;1945;1;2;1;1;6;136;ESCARGUEL (COURS LAZARE);M;4269957;288681;660
201400033043;14;6;16;1630;1;2;1;1;2;136;., ORNANO (PLACE DU COLO;M;4269004;289996;660
201400033044;14;6;21;1420;1;2;1;1;6;136;ARGENTERIE DE L';M;4269846;289680;660
201400033045;14;6;28;1930;1;2;1;1;3;136;., DALBIEZ (AVENUE VICTO;M;4268958;288440;660
201400033046;14;6;27;1830;1;2;1;1;1;136;MERMOZ (AVENUE JEAN);M;4269337;291482;660
201400033047;14;7;1;900;1;2;1;1;2;136;., ROUDAYRE (AVENUE EMIL;M;4270766;289955;660
201400033048;14;7;1;1500;1;1;1;1;3;136;., BROGLIE, Av de;M;4271010;291100;660
201400033049;14;7;3;10;5;2;1;1;3;136;., COQUELICOTS (DES);M;4270412;290254;660
201400033050;14;7;4;1415;1;1;1;1;3;136;., ESPAGNE (ROUTE D');M;4266892;288345;660
201400033051;14;7;7;1300;1;1;1;3;6;136;., D 616;;;;660
201400033052;14;7;7;1445;1;1;1;3;7;136;., R D 900;;;;660
201400033053;14;7;9;830;1;2;2;1;3;136;FUSAINS (DES);M;4268519;288101;660
201400033054;14;7;10;1520;1;2;1;1;6;136;., GAULLE (AVENUE GENERA;M;4269734;288384;660
201400033055;14;7;15;1600;1;2;1;1;3;136;., GUYNEMER (AVENUE GEOR;M;4269044;290500;660
201400033056;14;7;13;1930;1;2;1;1;3;136;., ARAGO FRANCOIS PLACE;M;4269828;289197;660
201400033057;14;7;18;1730;1;2;1;1;6;136;, FRANCE (BOULEVARD ANAT;M;4269734;290399;660
201400033058;14;7;19;1930;1;1;1;1;6;136;., R D 900;;;;660
201400033059;14;7;21;1720;1;2;1;1;3;136;., GAUGUIN (AVENUE PAUL);M;4268559;287327;660
201400033060;14;7;12;1710;1;2;2;1;3;136;., JOFFRE (AVENUE DU MAR;M;4270640;289180;660
201400033061;14;7;27;141;5;2;1;1;3;136;MEILHAC (HENRI);M;4272249;289080;660
201400033062;14;7;25;1507;1;2;1;1;3;136;0, MASSOT (PAUL);M;4269596;288393;660
201400033063;14;7;29;1615;1;2;2;1;5;136;FOCH (MARECHAL);M;4269441;288864;660
201400033064;14;8;2;955;1;2;1;1;3;136;JOFFRE (AVENUE DU MARECH;M;4271771;288739;660
201400033065;14;8;2;1700;1;2;1;1;2;136;BOUSSIRON AVENUE SIMON;M;4269831;292849;660
201400033066;14;8;11;2050;2;2;1;1;6;136;80, GUYNEMER AVENUE;M;4269009;290530;660
201400033067;14;8;11;2125;2;2;1;1;3;136;JOFFRE (AVENUE DU MARECH;M;4271745;288747;660
201400033068;14;8;11;1640;1;2;1;1;7;136;QUATRE-SEPTEMBRE (DU);M;4269902;289072;660
201400033069;14;8;11;1545;1;2;1;1;3;136;23, CLEMENCEAU (BOULEVAR;M;4270042;289014;660
201400033070;14;8;17;2315;3;2;1;1;6;136;R D 900;M;4269906;287405;660
201400033071;14;8;10;530;2;1;1;1;2;136;Departementale 914;;;;660
201400033072;14;8;21;1400;1;2;1;1;3;136;COQUELICOTS (DES);M;4270175;290445;660
201400033073;14;8;23;955;1;2;1;1;6;136;ESPAGNE (ROUTE D');M;4267435;288798;660
201400033074;14;8;27;1500;1;2;1;1;3;136;CLEMENCEAU (BOULEVARD);M;4270089;289250;660
201400033075;14;8;25;1530;1;2;1;1;3;136;., VELODROME (DU);M;4269507;290347;660
201400033076;14;9;1;1530;1;2;2;1;3;136;., WILSON (BOULEVARD THO;M;4270188;289569;660
201400033077;14;9;2;1730;1;2;1;1;2;136;., MAS-DONAT (DU);M;4271329;290553;660
201400033078;14;9;5;1640;1;2;1;1;3;136;., DALBIEZ (AVENUE VICTO;M;4268415;288201;660