num_acc;an;mois;jour;hrmn;lum;agg;int;atm;col;com;adr;gps;lat;long;dep
201400033079;14;9;6;1805;1;2;1;1;3;136;WILSON (BOULEVARD THOMAS;M;4270198;289563;660
201400033080;14;9;7;2033;2;2;1;1;6;136;11, LECLERC (AVENUE DU G;M;4270161;289169;660
201400033081;14;9;9;2100;2;2;1;1;3;136;45, MERMOZ (AVENUE JEAN);M;4269663;290819;660
201400033082;14;9;10;849;1;2;1;1;3;136;JUIN (AVENUE DU MARECHAL;M;4268761;289965;660
201400033083;14;9;11;2040;2;1;1;1;2;136;R D 900;;;;660
201400033084;14;9;15;1649;1;1;1;1;2;136;R D 900;;;;660
201400033085;14;9;16;1300;1;1;1;1;2;136;Departementale  617;;;;660
201400033086;14;9;23;1520;1;1;1;1;3;136;Departementale  617;M;4270448;290914;660
201400033087;14;9;25;1053;1;2;1;1;3;136;., BEAU DE ROCHAS ALPHON;M;4273285;289498;660
201400033088;14;9;26;2115;5;1;1;1;3;136;COTE RADIEUSE (DE LA);M;4267786;291285;660
201400033089;14;9;28;1754;1;1;1;1;1;136;D 62 a;M;4268780;290868;660
201400033090;14;9;29;1800;1;1;1;2;2;136;departementale 914;;;;660
201400033091;14;10;7;1023;1;2;1;1;3;136;38, NUNGESSER-ET-COLI;M;4268706;288737;660
201400033092;14;10;8;943;1;2;1;1;2;136;FRANCE (BOULEVARD ANATOL;M;4269792;290437;660
201400033093;14;10;8;857;1;2;1;1;6;136;38, MANOIR;M;4269468;284862;660
201400033094;14;10;8;755;1;2;1;1;2;136;64, KENNEDY;M;4268687;290650;660
201400033095;14;10;8;1945;3;2;1;1;2;136;R D 900;;;;660
201400033096;14;10;8;1754;1;2;1;1;6;136;19, PALAIS-DES-EXPO (AVE;M;4270508;289426;660
201400033097;14;10;11;1645;1;2;1;1;6;136;EAUX-VIVES (AVENUE DES);M;4270666;289196;660
201400033098;14;10;10;1300;1;2;2;1;3;136;., MERMOZ (AVENUE JEAN);M;4269641;291027;660
201400033099;14;10;15;1220;1;2;1;1;6;136;., SAINT-ASSISCLE (BOULE;M;4269485;287884;660
201400033100;14;10;13;825;1;1;1;1;4;136;3760, JULIEN PANCHOT (AV;M;4267607;284354;660
201400033101;14;10;17;2250;5;2;1;1;3;136;JULIEN PANCHOT (AVENUE);M;4269159;288276;660
201400033102;14;10;26;1630;1;2;1;1;6;136;., KOENING Bd;M;4268628;290660;660
201400033103;14;10;20;2300;3;2;1;1;6;136;28, DEGAS (EDGARD);M;4269265;291225;660
201400033104;14;10;30;30;5;2;1;1;6;136;LECLERC (AVENUE DU GENER;M;4270114;288994;660
201400033105;14;10;21;930;1;2;6;1;3;136;., ESPAGNE (ROUTE D');M;4268154;289408;660
201400033106;14;11;4;1840;3;1;1;3;6;136;., ESPAGNE (ROUTE D');M;4266956;288329;660
201400033107;14;11;6;1830;5;2;1;1;3;136;., GAUGUIN (AVENUE PAUL);M;4271710;289137;660
201400033108;14;11;10;1400;1;2;1;1;6;136;., SAINT CHARLES (ROCADE;;;;660
201400033109;14;11;13;740;1;2;2;1;3;136;VERNE (JULES);M;4269001;289378;660
201400033110;14;11;13;1700;1;2;1;1;6;136;., CAMUS AVENUE ALBERT;M;4269132;290754;660
201400033111;14;11;14;1520;1;2;1;1;2;136;., MISTRAL (BOULEVARD FR;M;4269873;290545;660
201400033112;14;11;19;1830;3;1;1;1;2;136;Departementale 914;;;;660
201400033113;14;11;21;850;1;2;1;1;2;136;., FRANCE (BOULEVARD ANA;M;4269852;290465;660
201400033114;14;11;22;2215;5;2;1;1;6;136;BROUSSE EMMANUEL;M;4269062;290123;660
201400033115;14;11;27;1800;2;2;1;2;6;136;PORT-VENDRES (DE);M;4268054;290946;660
201400033116;14;12;1;1125;1;2;1;1;3;136;FRANCE LIBRE (BOULEVARD;M;4270203;288845;660
201400033117;14;12;1;1219;1;2;1;1;6;136;39, DALBIEZ (AVENUE VICT;M;4269183;288694;660
201400033118;14;12;2;1825;5;2;1;1;3;136;., GRANDE BRETAGNE (AVEN;M;4269946;288219;660
201400033119;14;12;3;1800;5;2;1;1;6;136;., GAULLE (AVENUE GENERA;M;4269793;288622;660
201400033120;14;12;3;1700;1;2;2;1;3;136;., ORBAIS (JEAN D');M;4269506;292129;660
201400033121;14;12;4;1830;5;2;1;1;6;136;19, ALBERT MARCELLIN;M;4269012;289199;660
201400033122;14;12;10;1655;2;2;1;1;5;136;Departementale 914;;;;660
201400033123;14;12;10;1900;3;2;1;6;2;136;SAINT CHARLES (ROCADE);M;4269438;285127;660
201400033124;14;12;11;1905;2;2;3;1;3;136;PANCHOT (AVENUE JULIEN);M;4269280;288581;660
201400033125;14;12;12;1350;1;2;1;1;3;136;LANGUEDOC (AVENUE DU CD;M;4273459;289016;660
201400033126;14;12;14;1910;2;2;1;1;6;136;17, JULIEN PANCHOT (AVEN;M;4269306;288628;660
201400033127;14;12;12;2304;5;2;1;1;3;136;JULIEN PANCHOT (AVENUE);M;4268832;287486;660
201400033128;14;12;17;1540;1;2;1;1;6;136;., JEAN JACQUES ROCADE;M;4270406;290919;660
201400033129;14;12;16;1910;5;2;1;1;3;136;07bis, AERODROME AVENUE;M;4272625;288024;660
201400033130;14;12;22;2108;5;2;1;1;1;136;";, TORREILLES (AV DU DOC";M;4269098;287262;660
201400033131;14;12;9;530;3;2;1;1;1;54;D2204 - PONT DE PEILLE;M;4377100;732500;60
201400033132;14;1;23;955;1;2;3;8;3;180;COLONEL JEAN DE BENOIST;;;;670
201400033133;14;2;1;1700;3;1;1;2;3;180;RD 1062;;;;670
201400033134;14;2;15;2200;3;1;1;1;7;180;PAYSANS (CHEMIN DES);;;;670
201400033135;14;3;6;1304;1;2;9;1;1;180;54, SOUFFLENHEIM (ROUTE;;;;670
201400033136;14;4;28;1006;1;2;1;2;6;180;GUNTZ (RUE);;;;670
201400033137;14;5;11;1434;1;2;1;3;6;180;MARECHAL FOCH (RUE DU);;;;670
201400033138;14;6;26;2215;2;2;1;1;6;180;19, WEITBRUCH (ROUTE DE);;;;670
201400033139;14;7;17;1435;1;2;1;1;5;180;WISSEMBOURG (AV. DE);;;;670
201400033140;14;8;30;2150;3;1;6;1;6;180;SOUFFLENHEIM (ROUTE DE);;;;670
201400033141;14;9;6;150;5;2;1;1;3;180;20, HAGUENAU (COMMUNE DE;;;;670
201400033142;14;9;7;1940;2;1;1;1;3;180;RD 1063;;;;670
201400033143;14;9;26;1915;2;2;1;1;7;180;30, WINTERSHOUSE (ROUTE;;;;670
201400033144;14;10;1;1455;1;2;1;1;6;180;32, MARECHAL FOCH (RUE D;;;;670
201400033145;14;11;3;820;1;1;1;8;5;180;BITCHE (ROUTE DE);;;;670
201400033146;14;11;8;1825;5;2;1;8;6;180;SOEURS (RUE DES);;;;670
201400033147;14;11;11;1530;1;1;1;1;1;180;PV, RD27 endormissement;;;;670
201400033148;14;11;30;2050;3;1;1;1;7;180;SCHIRRHEIN (ROUTE DE);;;;670
201400033149;14;10;2;2005;3;2;1;1;3;180;WINTERSHOUSE (ROUTE DE);;;;670
201400033150;14;1;4;1145;1;2;2;2;3;462;1, MARECHAL FOCH (BOULEV;;;;670
201400033151;14;3;19;1955;5;2;2;1;3;462;01, ILL (QUAI DE L');;;;670
201400033152;14;5;10;1510;1;2;1;1;3;462;COLMAR (ROUTE DE);;;;670
201400033153;14;6;22;245;3;1;1;1;6;462;MARCKOLSHEIM (ROUTE DE);;;;670
201400033154;14;8;7;1740;1;2;1;2;6;462;THIERS (BOULEVARD);;;;670
201400033155;14;11;19;1820;5;2;1;8;6;462;2, PORTE DE STRASBOURG (;;;;670
201400033156;14;1;1;412;5;2;1;2;6;482;0, FRANCOIS EPAILLY (RUE;;;;670
201400033157;14;1;3;2030;5;2;2;1;6;482;0, SCHIRMECK (ROUTE DE);;;;670
201400033158;14;1;7;1650;5;2;1;1;2;204;0, WANTZENAU (ROUTE DE L;;;;670
201400033159;14;1;7;2210;5;2;1;1;6;482;23, ALTKIRCH (RUE D );;;;670
201400033160;14;1;9;1655;2;2;1;1;6;482;57, GENERAL OFFENSTEIN (;;;;670
201400033161;14;1;9;2045;5;2;1;2;3;218;77, STRASBOURG (ROUTE DE;;;;670
201400033162;14;1;10;1620;1;2;1;1;6;482;1, BRULIG (QUAI DU);;;;670
201400033163;14;1;10;1630;2;2;1;1;3;482;18, SCHNOKELOCH (RUE DU);;;;670
201400033164;14;1;10;1800;5;2;3;1;3;43;0, EDMOND FLAMAND (RUE);;;;670
201400033165;14;1;10;1800;5;2;1;1;6;482;0, PAUL ELUARD (RUE);;;;670
201400033166;14;1;13;1845;5;2;2;2;6;482;0, BONNES GENS (RUE DES);;;;670
201400033167;14;1;14;1910;5;2;1;1;3;482;0, BELGES (QUAI DES);;;;670
201400033168;14;1;15;945;1;2;1;7;6;447;137, GENERAL DE GAULLE (;;;;670
201400033169;14;1;19;1910;5;2;2;1;3;482;0, LA WANTZENAU (ROUTE D;;;;670
201400033170;14;1;20;1658;5;2;1;2;1;218;22, LYON (RTE DE);;;;670
201400033171;14;1;21;2035;5;2;1;1;2;447;14, PIERRE MENDES FRANCE;;;;670
201400033172;14;1;22;835;1;2;1;1;6;482;0, CERVANTES (AVENUE);;;;670
201400033173;14;1;22;1805;2;2;1;1;6;482;23, MARECHAL JUIN (RUE D;;;;670
201400033174;14;1;24;1310;1;2;3;1;6;482;0, BALDNER (RUE);;;;670
201400033175;14;1;26;2040;5;2;3;2;3;482;0, LAVOISIER (RUE);;;;670
201400033176;14;1;26;2305;5;2;3;3;3;482;0, RHIN NAPOLEON (RUE DU;;;;670
201400033177;14;1;27;1730;2;2;3;2;1;482;0, VANNEAUX (RUE DES);;;;670
201400033178;14;1;28;1550;1;2;2;1;6;447;0, CHARME (RUE DU);;;;670
201400033179;14;1;30;1835;5;2;4;1;6;447;145A, DEUXIEME DIVISION;;;;670
201400033180;14;1;30;1853;1;2;2;1;3;482;26, ROBERTSAU (ALLEE DE;;;;670
201400033181;14;1;30;2040;5;2;2;1;5;447;0, PIERRE MENDES FRANCE;;;;670
201400033182;14;1;31;1355;1;2;4;7;5;482;0, MOLIERE (AVENUE);;;;670
201400033183;14;1;31;1750;5;2;2;1;6;218;0, JEU DES ENFANTS (RUE;;;;670
201400033184;14;2;1;1430;1;2;1;8;3;482;0, MONTAGNE VERTE (RUE D;;;;670
201400033185;14;2;2;445;5;2;1;2;7;482;0, HAUTEFORT (RUE DE);;;;670
201400033186;14;2;2;1450;1;2;2;1;3;447;0, GENERAL DE GAULLE (RO;;;;670
201400033187;14;2;3;1210;1;2;3;1;3;218;0, VERGER (RUE DU);;;;670
201400033188;14;2;6;1215;1;2;1;1;6;482;0, ALSACE (AVENUE D );;;;670
201400033189;14;2;6;2215;5;2;2;1;3;482;0, OBERHAUSBERGEN (ROUTE;;;;670
201400033190;14;2;8;240;5;2;1;1;6;482;4, FORT LOUIS (RUE DU);;;;670
201400033191;14;2;12;2045;1;2;3;1;6;482;0, MARCHE GARE (RUE DU);;;;670
201400033192;14;2;13;1220;1;2;3;2;6;482;0, GENERAL KOENIG (QUAI;;;;670
201400033193;14;2;13;1900;5;2;1;2;3;482;111, ROMAINS (ROUTE DES);;;;670
201400033194;14;2;17;805;1;2;2;1;3;447;0, MODER (RUE DE LA);;;;670
201400033195;14;2;18;1410;1;2;3;1;3;447;0, GENERAL DE GAULLE (RO;;;;670
201400033196;14;2;19;1204;1;2;1;1;4;482;41, CHARLES PEGUY (RUE);;;;670
201400033197;14;2;20;730;1;2;3;1;3;482;0, OBERHAUSBERGEN (ROUTE;;;;670
201400033198;14;2;21;1315;1;2;1;1;6;482;28, FLAUBERT (PLACE);;;;670
201400033199;14;2;21;1615;1;2;4;1;3;482;0, VITRY LE FRANCOIS (AV;;;;670
201400033200;14;2;22;1415;1;2;2;1;3;482;MENACHEM TAFFEL (RUE);;;;670
201400033201;14;2;23;1045;1;2;2;1;3;482;0, ROBERTSAU (ALLEE DE L;;;;670
201400033202;14;2;24;1000;1;2;1;1;3;365;37a, LINGOLSHEIM (RUE DE;;;;670
201400033203;14;2;24;1540;1;2;1;1;6;482;0, PRESIDENT WILSON (BOU;;;;670
201400033204;14;2;26;1510;1;2;3;2;3;482;0, CERVANTES (AVENUE);;;;670
201400033205;14;2;28;2020;5;2;1;9;2;482;153, LA WANTZENAU (ROUTE;;;;670
201400033206;14;3;1;1745;1;2;1;1;6;482;10, BALZAC (BOULEVARD);;;;670
201400033207;14;3;4;1900;5;2;2;1;3;482;0, HERRENSCHMIDT (AVENUE;;;;670
201400033208;14;3;4;2100;5;2;1;1;6;482;13, RHIN (ROUTE DU);;;;670
201400033209;14;3;6;905;1;2;2;1;2;482;0, SEBASTIEN BRANT (PLAC;;;;670
201400033210;14;3;6;1415;1;2;1;1;6;482;61, ZURICH (RUE DE);;;;670
201400033211;14;3;6;1750;2;2;1;1;6;447;10, PIERRE MENDES FRANCE;;;;670
201400033212;14;3;6;2315;3;1;1;1;6;218;0, RHIN (ROUTE DU);;;;670
201400033213;14;3;7;830;1;2;2;1;3;482;34, WACKEN (RUE DU);;;;670
201400033214;14;3;7;1725;1;2;2;1;3;365;PLAGE (RUE DE LA);;;;670
201400033215;14;3;7;1910;5;2;1;1;7;482;0, RHIN NAPOLEON (RUE DU;;;;670
201400033216;14;3;8;2048;5;2;1;1;2;482;0, RHIN (ROUTE DU);;;;670
201400033217;14;3;9;1910;5;2;1;1;6;482;7, DOLLER (RUE DE LA);;;;670
201400033218;14;3;9;2332;3;2;1;1;2;267;0, HOLTZHEIM (RUE DE);;;;670
201400033219;14;3;10;1620;1;2;1;1;2;482;279, SCHIRMECK (ROUTE DE;;;;670
201400033220;14;3;10;1830;5;2;3;1;6;482;0, GUERIN (RUE);;;;670
201400033221;14;3;11;820;1;2;1;1;3;482;2, MARCHE GARE (RUE DU);;;;670
201400033222;14;3;11;910;1;2;2;1;5;482;0, TAULER (BOULEVARD);;;;670
201400033223;14;3;11;1025;1;2;2;1;3;365;0, ETTORE BUGATTI (RUE);;;;670
201400033224;14;3;11;1943;5;2;3;1;5;482;BELGES (QUAI DES);;;;670
201400033225;14;3;12;1205;1;2;1;1;6;482;38, VICTOR HUGO (BOULEVA;;;;670
201400033226;14;3;12;1650;1;2;1;1;6;482;18, BRUXELLES (RUE DE);;;;670
201400033227;14;3;13;1045;1;2;1;1;6;218;25, MESSMER (AVENUE);;;;670
201400033228;14;3;13;1600;1;2;1;1;2;482;42, FORET NOIRE (AVENUE;;;;670
201400033229;14;3;13;1840;2;2;1;1;6;218;LIXENBUHL (RUE);;;;670
201400033230;14;3;13;1920;1;2;2;1;3;447;0, MARAIS (RUE DU);;;;670
201400033231;14;3;13;2025;5;2;6;1;3;482;0, COMTES (ALLEE DES);;;;670
201400033232;14;3;14;2310;5;2;1;1;6;447;2, BARRAGE (RUE DU);;;;670
201400033233;14;3;15;525;5;2;2;1;3;482;0, ARISTIDE BRIAND (AVEN;;;;670
201400033234;14;3;15;1428;1;2;3;1;2;482;0, DURANCE (RUE DE LA);;;;670
201400033235;14;3;15;1450;1;2;1;1;6;482;0, PECHEURS (QUAI DES);;;;670
201400033236;14;3;16;1915;5;2;1;1;3;482;44, SCHIRMECK (ROUTE DE);;;;670
201400033237;14;3;17;825;1;2;2;1;3;43;41, BRUMATH (ROUTE DE);;;;670
201400033238;14;3;17;1600;1;2;1;1;6;482;0, JACQUES KABLE (RUE);;;;670
201400033239;14;3;17;2000;5;2;2;1;3;482;0, CLEMENCEAU (BOULEVARD;;;;670
201400033240;14;3;20;1350;1;2;1;1;6;267;0, HIRONDELLES (RUE DES);;;;670
201400033241;14;3;22;945;1;2;2;2;6;482;0, STRAUSS DURKHEIM (RUE;;;;670
201400033242;14;3;24;1637;1;2;1;8;6;482;0, COLMAR (AVENUE DE);;;;670
201400033243;14;3;25;15;5;2;2;1;3;482;0, LOUISE MICHEL (RUE);;;;670
201400033244;14;3;25;1330;1;2;1;1;6;482;37, LAZARET (RUE DU);;;;670
201400033245;14;3;26;1540;1;2;1;1;3;482;41, VIRGILE (RUE);;;;670
201400033246;14;3;26;1745;1;2;1;1;6;218;12, FRAN?OIS MITTERRAND;;;;670
201400033247;14;3;28;820;1;2;3;1;3;447;0, CONTADES (RUE DES);;;;670
201400033248;14;3;28;1540;1;2;1;1;6;482;0, ETUDIANTS (RUE DES);;;;670
201400033249;14;3;28;1735;1;2;1;1;6;482;0, OBERNAI (RUE D );;;;670
201400033250;14;3;28;2141;5;2;1;1;6;218;30, ROSEAUX (RUE DES);;;;670
201400033251;14;3;29;2100;5;2;3;1;3;267;USINE (RUE DE L );;;;670
201400033252;14;3;30;1040;1;2;2;1;6;482;PIERRE BOUGUER (RUE);;;;670
201400033253;14;3;30;1740;1;2;1;1;4;482;0, BELGES (QUAI DES);;;;670
201400033254;14;4;4;345;5;2;1;1;6;482;SEBASTIEN BRANT (PLACE);;;;670
201400033255;14;4;5;1015;1;2;1;1;6;482;0, SAINT GUILLAUME (RUE);;;;670
201400033256;14;4;6;200;5;2;2;1;3;482;VIENNE (ROUTE DE);;;;670
201400033257;14;4;7;720;1;2;3;1;3;267;MARECHAL FOCH (RUE DU);;;;670
201400033258;14;4;7;1135;1;2;2;1;3;482;0, MOLL (RUE);;;;670
201400033259;14;4;7;2130;5;2;1;1;3;482;6, AVERROES;;;;670
201400033260;14;4;7;2215;5;2;3;1;2;482;0, CHARMILLE (RUE DE LA);;;;670
201400033261;14;4;8;1545;1;2;3;1;3;482;0, COLMAR (AVENUE DE);;;;670
201400033262;14;4;8;2240;5;2;2;1;3;482;0, PLAINE DES BOUCHERS (;;;;670
201400033263;14;4;9;1705;1;2;1;1;6;482;0, HELBLING (QUAI JEANNE;;;;670
201400033264;14;4;9;2145;5;2;2;1;2;43;BRUMATH (ROUTE DE);;;;670
201400033265;14;4;10;1100;1;2;3;1;3;482;HERRENSCHMIDT (AVENUE);;;;670
201400033266;14;4;10;1510;1;2;1;1;3;482;36, JEAN JAURES (AVENUE);;;;670
201400033267;14;4;10;2030;5;2;1;1;6;482;14, DANIEL HIRTZ (RUE);;;;670
201400033268;14;4;11;1220;1;2;2;1;3;482;0, REUSS (ALLEE);;;;670
201400033269;14;4;11;1825;1;2;1;1;3;482;0, OBERHAUSBERGEN (ROUTE;;;;670
201400033270;14;4;12;1855;1;2;4;1;3;482;0, VICTOIRE (BOULEVARD D;;;;670
201400033271;14;4;13;1615;1;2;1;1;6;482;FAUBOURG DE SAVERNE (RUE;;;;670
201400033272;14;4;14;1700;1;1;3;1;3;482;0, LEZAY MARNESIA (QUAI);;;;670
201400033273;14;4;15;745;1;2;2;1;3;218;0, FORT UHRICH (ROUTE DU;;;;670
201400033274;14;4;15;1845;1;2;1;1;3;482;2, CHARLES PEGUY (RUE);;;;670
201400033275;14;4;16;1625;1;1;1;1;6;482;LA WANTZENAU (ROUTE DE);;;;670
201400033276;14;4;16;1835;1;2;1;1;3;482;12, HENRI FRENAY (RUE);;;;670
201400033277;14;4;17;1120;1;2;1;1;5;482;PONT DE L EUROPE (AVENUE;;;;670
201400033278;14;4;17;1605;1;2;1;1;5;482;0, LANGUEDOC (RUE DU);;;;670
201400033279;14;4;19;1530;1;2;1;1;4;43;37, BISCHWILLER (ROUTE D;;;;670
201400033280;14;4;20;1600;1;2;1;1;3;482;155, POLYGONE (ROUTE DU);;;;670
201400033281;14;4;22;845;1;2;1;1;6;482;9, GEORGES WODLI (RUE);;;;670
201400033282;14;4;22;915;1;2;2;1;3;267;0, HOLTZHEIM (RUE DE);;;;670
201400033283;14;4;24;1730;1;2;1;1;5;447;22, GENERAL DE GAULLE (R;;;;670
201400033284;14;4;29;1600;1;2;1;1;3;482;0, RHIN (ROUTE DU);;;;670
201400033285;14;4;29;1655;1;2;1;1;6;482;90, SCHIRMECK (ROUTE DE);;;;670
201400033286;14;4;29;2100;2;2;2;1;3;482;0, CLEMENCEAU (BOULEVARD;;;;670
201400033287;14;4;30;1630;1;2;1;1;6;482;0, EDMOND ROSTAND (RUE);;;;670
201400033288;14;5;3;1050;1;2;1;1;3;482;75, SCHIRMECK (ROUTE DE);;;;670
201400033289;14;5;6;945;1;2;1;1;3;447;4, SAINT CHARLES (RUE);;;;670
201400033290;14;5;6;1210;1;2;2;1;6;482;0, ADER (RUE CLEMENT);;;;670
201400033291;14;5;6;1650;1;2;1;1;3;482;0, GENERAL OFFENSTEIN (R;;;;670
201400033292;14;5;11;137;5;2;1;2;6;482;0, LA WANTZENAU (ROUTE D;;;;670
201400033293;14;5;13;2057;1;2;3;1;1;482;0, ROMAINS (ROUTE DES);;;;670
201400033294;14;5;14;1750;1;2;3;1;3;482;0, COLMAR (AVENUE DE);;;;670
201400033295;14;5;14;1815;1;2;1;1;6;482;28, SALLUSTE (RUE);;;;670
201400033296;14;5;15;1640;1;2;1;1;1;482;0, KOENIGSHOFFEN (RUE DE;;;;670
201400033297;14;5;15;1740;1;2;1;1;3;267;17, CHATEAU (RUE DU);;;;670
201400033298;14;5;16;920;1;2;2;1;3;482;HOCHFELDEN (RUE DE);;;;670
201400033299;14;5;17;1515;1;2;2;1;6;482;FAUBOURG DE PIERRE (RUE;;;;670
201400033300;14;5;17;1522;1;2;1;1;3;482;56, SCHIRMECK (ROUTE DE);;;;670
201400033301;14;5;17;1813;1;2;1;1;6;482;10 et 11, HALLES (PLACE;;;;670
201400033302;14;5;19;815;1;2;3;1;3;482;50, BAN DE LA ROCHE (RUE;;;;670
201400033303;14;5;19;1200;1;2;3;1;3;447;0, ERSTEIN (RUE D );;;;670
201400033304;14;5;19;1625;1;2;3;1;3;482;0, SCHIRMECK (ROUTE DE);;;;670
201400033305;14;5;21;1410;1;2;1;1;3;482;0, BOSTON (RUE DE);;;;670
201400033306;14;5;21;2050;2;2;1;1;6;482;9, LAVOISIER (RUE);;;;670
201400033307;14;5;21;1840;1;2;1;1;1;482;10, DOUBS (RUE DU);;;;670
201400033308;14;5;22;1745;1;2;1;1;4;267;0, GRAFFENSTADEN (RUE DE;;;;670
201400033309;14;5;23;1430;1;2;1;1;6;482;24, HOPITAL (ROUTE DE L;;;;670
201400033310;14;5;23;1820;1;2;1;1;3;482;2, NANCY (BOULEVARD DE);;;;670
201400033311;14;5;23;1915;1;2;7;1;3;482;MOLSHEIM (RUE DE);;;;670
201400033312;14;5;24;615;2;2;1;1;6;482;MATHISS (QUAI);;;;670
201400033313;14;5;26;1340;1;2;1;1;6;482;REUSS (ALLEE);;;;670
201400033314;14;5;28;2250;5;2;1;1;6;482;3, ERNEST MUNCH (RUE);;;;670
201400033315;14;5;25;1415;1;2;3;1;3;482;SALLUSTE (RUE);;;;670
201400033316;14;5;30;1630;1;2;2;1;3;482;0, VOSGES (AVENUE DES);;;;670
201400033317;14;5;31;10;5;2;1;1;6;482;MARCEL PROUST (RUE);;;;670
201400033318;14;6;3;1830;1;2;1;1;7;482;0, FLASMATT (RUE DE);;;;670
201400033319;14;6;5;2000;1;2;2;1;6;482;0, SERRURIERS (RUE DES);;;;670
201400033320;14;6;6;1210;1;2;1;1;3;482;HAGUENAU (PLACE DE);;;;670
201400033321;14;6;9;1020;1;2;3;1;6;482;0, BALE (RUE DE);;;;670
201400033322;14;6;9;1330;1;2;1;1;6;482;0, DRESDE (BOULEVARD DE);;;;670
201400033323;14;6;9;2215;5;2;1;1;6;482;79, ROMAINS (ROUTE DES);;;;670
201400033324;14;6;10;945;1;2;2;1;3;482;0, ALPES (QUAI DES);;;;670
201400033325;14;6;10;1620;1;2;1;1;3;482;PLAINE DES BOUCHERS (RUE;;;;670
201400033326;14;6;10;2045;1;2;2;1;3;482;0, VICTOIRE (BOULEVARD D;;;;670
201400033327;14;6;11;915;1;2;2;1;3;204;TROIS MAIRES (RUE DES);;;;670
201400033328;14;6;12;840;1;2;1;1;3;482;0, PAUL DOPF;;;;670
201400033329;14;6;12;1625;1;2;2;1;6;43;0, SYNAGOGUE (PLACE DE L;;;;670
201400033330;14;6;13;1425;1;2;1;1;6;482;5, SAINT GOTHARD (RUE);;;;670
201400033331;14;6;13;1610;1;2;2;1;3;482;0, ROBERTSAU (ALLEE DE L;;;;670
201400033332;14;6;15;1930;1;2;1;1;5;482;0, OSTWALD (RUE D );;;;670
201400033333;14;6;16;10;5;2;2;1;3;482;0, RHIN (ROUTE DU);;;;670
201400033334;14;6;17;2327;5;2;1;1;6;482;9, RIVIERE (RUE DE LA);;;;670
201400033335;14;6;18;1200;1;2;1;1;3;482;DUNKERQUE (RUE DE);;;;670
201400033336;14;6;18;1410;1;2;2;1;3;218;0, STRASBOURG (ROUTE DE);;;;670
201400033337;14;6;19;1615;1;2;1;1;6;482;0, LIEPVRE (RUE DE);;;;670
201400033338;14;6;20;1555;1;2;1;1;6;482;12, OTTO BACK (RUE);;;;670
201400033339;14;6;20;1620;1;2;1;1;6;482;0, LIVIO (RUE);;;;670
201400033340;14;6;20;2344;5;2;1;1;3;482;9, SCHACH (RUE);;;;670
201400033341;14;6;20;1835;1;2;3;1;3;482;PLAINE DES BOUCHERS (RUE;;;;670
201400033342;14;6;21;111;5;2;2;1;3;482;0, OR (RUE D );;;;670
201400033343;14;6;22;155;5;2;1;1;3;482;PECHEURS (QUAI DES);;;;670
201400033344;14;6;22;305;5;2;2;1;7;482;HOPITAL (ROUTE DE L );;;;670
201400033345;14;6;22;1636;1;2;3;1;3;218;0, STRASBOURG (ROUTE DE);;;;670
201400033346;14;6;23;1624;1;2;2;1;6;447;0, BITCHE (RUE DE);;;;670
201400033347;14;6;23;2010;1;1;1;1;5;482;0, A351 (BRETELLE);;;;670
201400033348;14;6;24;945;1;2;6;1;3;482;0, LANGUEDOC (RUE DU);;;;670
201400033349;14;6;25;1930;1;2;1;1;6;482;0, KUHNENSAND (ROUTE DU);;;;670
201400033350;14;6;26;750;1;2;2;1;3;482;0, MONTAGNE VERTE (RUE D;;;;670
201400033351;14;6;28;100;5;2;1;1;3;43;13-15, BISCHWILLER (ROUT;;;;670
201400033352;14;6;28;505;2;2;1;1;6;482;0, SCHIRMECK (ROUTE DE);;;;670
201400033353;14;6;28;1345;1;2;1;2;6;482;4, FRANCS BOURGEOIS (RUE;;;;670
201400033354;14;6;30;1350;1;2;3;1;4;447;0, PIERRE MENDES FRANCE;;;;670
201400033355;14;7;1;1915;1;2;1;1;3;267;69, MARECHAL FOCH (RUE D;;;;670
201400033356;14;7;3;1838;1;2;1;1;6;482;6, JACQUES STURM (QUAI);;;;670
201400033357;14;7;3;1850;1;2;3;1;6;43;1, AIGLE (RUE DE L );;;;670
201400033358;14;7;4;1710;1;2;3;1;3;482;0, HURTIGHEIM (RUE DE);;;;670
201400033359;14;7;7;1330;1;2;1;1;3;482;43, PETIT RHIN (ROUTE DU;;;;670
201400033360;14;7;9;1615;1;2;1;1;6;482;210, COLMAR (AVENUE DE);;;;670
201400033361;14;7;10;1120;1;2;1;1;3;482;0, COLMAR (AVENUE DE);;;;670
201400033362;14;7;12;1540;1;2;2;1;3;447;0, JEAN JAURES (RUE);;;;670
201400033363;14;7;14;15;5;2;1;3;6;482;0, RHIN (ROUTE DU);;;;670
201400033364;14;7;17;1350;1;2;3;1;3;482;0, PLAINE DES BOUCHERS (;;;;670
201400033365;14;7;17;1750;1;2;1;1;2;447;0, EUROPE (AVENUE DE L );;;;670
201400033366;14;7;18;1320;1;2;2;1;6;482;0, ARISTIDE BRIAND (AVEN;;;;670
201400033367;14;7;18;1550;1;2;1;1;5;204;0, WANTZENAU (ROUTE DE L;;;;670
201400033368;14;7;19;1435;1;2;3;1;3;482;0, DOUBS (RUE DU);;;;670
201400033369;14;7;19;1700;1;2;2;1;3;482;0, SEBASTIEN MEY (RUE);;;;670
201400033370;14;7;19;2110;1;2;1;1;6;482;UNTERELSAU (RUE DE L );;;;670
201400033371;14;7;20;1747;1;2;6;1;3;267;0, RIVIERE (ROUTE DE LA);;;;670
201400033372;14;7;21;1700;1;2;1;1;4;482;0, HOPITAL (ROUTE DE L );;;;670
201400033373;14;7;22;250;3;2;1;1;6;482;0, CALAIS (RUE DE);;;;670
201400033374;14;7;22;1527;1;2;1;1;6;218;0, STRASBOURG (ROUTE DE);;;;670
201400033375;14;7;22;1650;1;2;1;1;3;482;66, JEAN JAURES (AVENUE);;;;670