num_acc;an;mois;jour;hrmn;lum;agg;int;atm;col;com;adr;gps;lat;long;dep
201400033376;14;7;22;2230;5;2;1;1;3;482;0, LOUIS PASTEUR (QUAI);;;;670
201400033377;14;7;24;1900;1;2;1;1;3;482;11, PERIGUEUX (RUE DE);;;;670
201400033378;14;7;24;1852;1;2;1;1;6;482;13, GARE (PLACE DE LA);;;;670
201400033379;14;7;27;520;1;2;1;1;6;482;97, POLYGONE (ROUTE DU);;;;670
201400033380;14;7;28;1700;1;2;1;1;3;482;0, KEPLER (RUE);;;;670
201400033381;14;7;29;1050;1;2;1;3;3;482;0, MAGASINS (PETITE RUE;;;;670
201400033382;14;7;31;750;1;2;3;1;3;482;0, ROMAINS (ROUTE DES);;;;670
201400033383;14;8;1;1220;1;2;1;1;4;365;0, 23 NOVEMBRE (RUE DU);;;;670
201400033384;14;8;1;2000;1;2;2;1;3;482;0, RACINE (AVENUE);;;;670
201400033385;14;8;1;2015;1;2;2;1;3;447;0, HERRENSCHMIDT (AVENUE;;;;670
201400033386;14;8;1;2315;5;2;1;1;3;482;186, SCHIRMECK (ROUTE DE;;;;670
201400033387;14;8;2;350;5;2;3;1;7;482;6, JURA (RUE DU);;;;670
201400033388;14;8;3;2100;2;2;2;1;3;482;0, MARTIN SCHONGAUER (RU;;;;670
201400033389;14;8;4;850;1;2;1;1;3;482;0, COLMAR (AVENUE DE);;;;670
201400033390;14;8;4;1553;1;2;2;1;3;482;0, MOLSHEIM (RUE DE);;;;670
201400033391;14;8;5;1730;1;2;1;1;6;482;42, HERRADE (RUE);;;;670
201400033392;14;8;7;40;5;2;2;1;3;482;0, ALOISE (RUE SAINT);;;;670
201400033393;14;8;10;2200;5;2;2;1;3;43;ECOLE (RUE DE L );;;;670
201400033394;14;8;11;1400;1;2;1;1;2;482;0, SOULTZ (RUE DE);;;;670
201400033395;14;8;13;1515;1;2;1;1;4;43;1, MARAIS (RUE DU);;;;670
201400033396;14;8;14;1730;1;2;1;1;6;482;0, LAVOISIER (RUE);;;;670
201400033397;14;8;16;600;2;2;1;1;6;482;0, LOUIS PASTEUR (QUAI);;;;670
201400033398;14;8;16;1120;1;2;2;1;6;482;0, GEROLDSECK (RUE);;;;670
201400033399;14;8;19;1310;1;2;3;1;3;482;0, Edmond MICHELET;;;;670
201400033400;14;8;19;1605;1;2;1;1;6;482;MARSEILLAISE (AVENUE DE;;;;670
201400033401;14;8;21;725;1;2;1;1;3;218;14-16-18, LIXENBUHL (RUE;;;;670
201400033402;14;8;21;1245;1;2;2;1;3;482;2, LIBERTE (AVENUE DE LA;;;;670
201400033403;14;8;22;1030;1;1;1;1;6;482;8, MOULIN A PORCELAINE (;;;;670
201400033404;14;8;25;1735;1;2;1;1;3;482;0, PLAINE DES BOUCHERS (;;;;670
201400033405;14;8;25;1820;1;2;1;1;6;447;19B, KLEBER (RUE);;;;670
201400033406;14;8;27;1000;1;2;1;2;2;482;81, ROMAINS (ROUTE DES);;;;670
201400033407;14;8;29;920;1;2;1;1;2;482;0, PIERRE MENDES FRANCE;;;;670
201400033408;14;8;30;325;5;2;1;2;2;482;0, DOUBS (RUE DU);;;;670
201400033409;14;9;2;1530;1;2;1;1;2;482;0, RHIN (ROUTE DU);;;;670
201400033410;14;9;4;1855;1;2;1;1;3;482;ROMAINS (ROUTE DES);;;;670
201400033411;14;9;6;255;5;2;2;1;1;482;HAVRE (RUE DU);;;;670
201400033412;14;9;8;35;5;2;3;1;3;482;20, ROMAINS (ROUTE DES);;;;670
201400033413;14;9;8;1045;1;2;1;7;3;482;6, LORRAINE (RUE DE);;;;670
201400033414;14;9;8;1845;1;2;2;1;3;482;0, Edmond Michelet (rue);;;;670
201400033415;14;9;9;1800;1;2;1;1;1;218;faubourg de la paix;;;;670
201400033416;14;9;11;845;1;2;3;1;3;482;FORET NOIRE (AVENUE DE L;;;;670
201400033417;14;9;12;1120;1;2;2;2;3;482;AUSTERLITZ (PONT D );;;;670
201400033418;14;9;12;1615;1;2;1;2;2;43;81A, PERIGUEUX (AVENUE D;;;;670
201400033419;14;9;18;1725;1;2;1;1;2;482;1, ETOILE (PLACE DE L );;;;670
201400033420;14;9;18;2113;5;2;1;1;3;365;4, ILE DES PECHEURS (RUE;;;;670
201400033421;14;9;19;747;1;2;1;1;3;218;0, STRASBOURG (ROUTE DE);;;;670
201400033422;14;9;19;1035;1;2;2;1;3;482;0, BEETHOVEN (RUE);;;;670
201400033423;14;9;19;1000;1;2;2;1;3;482;0, DESAIX (QUAI);;;;670
201400033424;14;9;19;1630;1;2;1;1;6;482;0, GARE (PLACE DE LA);;;;670
201400033425;14;9;19;1635;1;2;2;1;6;482;0, NANCY (BOULEVARD DE);;;;670
201400033426;14;9;21;1710;1;2;3;3;6;482;CHARLES ALTORFFER (QUAI);;;;670
201400033427;14;9;20;225;5;2;3;1;6;482;DIVISION LECLERC (RUE DE;;;;670
201400033428;14;9;22;326;4;2;1;1;6;482;0, JACOUTOT (QUAI);;;;670
201400033429;14;9;23;1835;1;2;1;1;3;482;FAUBOURG DE SAVERNE (RUE;;;;670
201400033430;14;9;25;1450;1;2;1;1;6;482;95, BOECKLIN (RUE);;;;670
201400033431;14;9;26;315;5;2;1;1;6;482;PASTEUR (QUAI LOUIS);;;;670
201400033432;14;9;26;1530;1;2;3;1;6;43;11, OFFICIERS (RUE DES);;;;670
201400033433;14;9;28;1630;1;2;9;1;6;267;MARECHAL FOCH (RUE DU);;;;670
201400033434;14;9;29;845;1;2;1;1;5;482;SCHIRMECK (ROUTE DE);;;;670
201400033435;14;9;30;655;2;2;3;3;6;482;ALFRED KASTLER (RUE);;;;670
201400033436;14;9;30;1830;1;2;2;1;3;218;BENJAMIN BAILLAUD (RUE);;;;670
201400033437;14;10;1;1300;1;2;1;1;6;482;0, ABBE DE L'EPEE;;;;670
201400033438;14;10;1;1720;1;2;1;1;5;447;BISCHWILLER (ROUTE DE);;;;670
201400033439;14;10;7;1620;2;2;1;1;1;482;PAUL DOPF;;;;670
201400033440;14;10;7;1700;1;2;1;1;6;482;41, NANCY (BOULEVARD DE);;;;670
201400033441;14;10;9;2215;5;2;3;2;3;43;GEORGES BURGER (RUE);;;;670
201400033442;14;10;10;1905;5;2;2;2;1;482;WASSELONNE (RUE DE);;;;670
201400033443;14;10;13;1900;5;2;1;1;6;482;35, CHARLES PEGUY (RUE);;;;670
201400033444;14;10;13;1203;1;2;1;2;6;482;0, VICTOIRE (BOULEVARD D;;;;670
201400033445;14;10;14;1120;1;2;1;1;3;482;HOPITAL (PLACE DE L );;;;670
201400033446;14;10;15;1930;5;2;3;2;3;482;OR (RUE D );;;;670
201400033447;14;10;16;1730;1;2;2;2;6;482;44, FAUBOURG DE PIERRE (;;;;670
201400033448;14;10;16;1925;5;2;1;1;3;482;0, JOSEPH WEYDMANN (RUE);;;;670
201400033449;14;10;17;2115;5;2;3;1;3;365;0, MARECHAL FOCH (RUE DU;;;;670
201400033450;14;10;21;759;1;2;1;1;6;482;0, RHIN (ROUTE DU);;;;670
201400033451;14;10;21;1830;3;2;1;3;6;218;0, FORT UHRICH (ROUTE DU;;;;670
201400033452;14;10;25;45;3;2;1;1;6;447;37, LAUTERBOURG (RUE DE);;;;670
201400033453;14;10;25;2215;5;2;3;1;6;482;0, ROMAINS (ROUTE DES);;;;670
201400033454;14;10;28;935;1;2;4;1;6;482;0, BOECKLIN (RUE);;;;670
201400033455;14;10;30;930;1;2;1;1;3;482;34, ROBERTSAU (ALLEE DE;;;;670
201400033456;14;10;31;640;3;2;1;1;6;204;9, WANTZENAU (ROUTE DE L;;;;670
201400033457;14;10;31;1915;4;2;1;1;3;482;0, SCHLUTHFELD (PLACE DU;;;;670
201400033458;14;11;1;110;5;2;1;1;6;482;GRAND PONT (RUE DU);;;;670
201400033459;14;11;2;1400;1;2;2;1;3;218;0, INDUSTRIE (RUE DE L );;;;670
201400033460;14;11;3;1620;1;2;3;2;6;482;GRIMLING (RUE);;;;670
201400033461;14;11;3;1918;5;2;2;1;6;482;WASSELONNE (RUE DE);;;;670
201400033462;14;11;4;1930;5;2;1;3;6;482;0, GARE (PLACE DE LA);;;;670
201400033463;14;11;5;1245;1;2;2;2;6;482;0, NEUHOF (ROUTE);;;;670
201400033464;14;11;5;1630;2;2;6;3;2;482;0, CHARLES PEGUY (RUE);;;;670
201400033465;14;11;6;2105;5;2;3;1;3;482;0, JACOB (RUE);;;;670
201400033466;14;11;7;1530;1;2;1;2;6;482;44, FORET NOIRE (AVENUE;;;;670
201400033467;14;11;7;1600;1;2;2;1;3;447;0, MADRID (RUE DE);;;;670
201400033468;14;11;7;1925;4;2;4;1;6;482;0, AUVERGNE (PONT D );;;;670
201400033469;14;11;8;410;5;2;1;1;6;482;0, BROGLIE (PLACE);;;;670
201400033470;14;11;12;1708;5;2;1;2;3;482;91, ROMAINS (ROUTE DES);;;;670
201400033471;14;11;13;1455;1;2;1;1;6;482;0, GARE (PLACE DE LA);;;;670
201400033472;14;11;14;1025;1;2;1;1;6;482;0, COLMAR (AVENUE DE);;;;670
201400033473;14;11;14;1525;1;2;2;1;1;218;0, SEIZE AOUT (RUE DU);;;;670
201400033474;14;11;14;1715;5;2;1;1;6;482;11, ALTENHEIM (ROUTE D );;;;670
201400033475;14;11;14;1750;5;2;2;1;3;482;0, DUNTZENHEIM (RUE DE);;;;670
201400033476;14;11;15;55;5;2;1;5;3;482;0, INDRE (RUE DE L );;;;670
201400033477;14;11;15;440;5;2;1;5;6;482;0, LA ROCHELLE (RUE DE);;;;670
201400033478;14;11;15;1615;2;2;1;2;3;482;0, FRANCS BOURGEOIS (RUE;;;;670
201400033479;14;11;15;1645;5;2;1;3;3;482;0, PIERRE PFLIMLIN (BOUL;;;;670
201400033480;14;11;16;110;5;2;3;1;3;482;0, DOUBS (RUE DU);;;;670
201400033481;14;11;17;1820;5;2;3;2;3;482;0, LANDSBERG (RUE DU);;;;670
201400033482;14;11;18;855;1;2;2;1;3;482;0, MARYSE BASTIE (RUE);;;;670
201400033483;14;11;18;1310;1;2;1;1;6;482;0, BATELIERS (QUAI DES);;;;670
201400033484;14;11;19;1150;1;2;3;1;6;482;0, GENERAL ROUVILLOIS (A;;;;670
201400033485;14;11;19;1210;1;2;1;1;6;482;34, KRUTENAU (RUE DE LA);;;;670
201400033486;14;11;19;1715;5;2;1;1;6;218;6, STRASBOURG (ROUTE DE);;;;670
201400033487;14;11;20;835;1;1;3;1;6;482;0, SCHUTZENBERGER (AVENU;;;;670
201400033488;14;11;23;1930;5;2;3;2;6;482;140, POLYGONE (ROUTE DU);;;;670
201400033489;14;11;24;755;1;2;4;1;6;482;0, ARTHUR RIMBAUD (RUE);;;;670
201400033490;14;11;24;1750;5;2;3;1;3;447;PIERRE MENDES FRANCE (AV;;;;670
201400033491;14;11;26;756;1;2;1;1;6;482;0, HOPITAL (ROUTE DE L );;;;670
201400033492;14;11;27;1630;2;2;2;1;3;482;76, LANGUEDOC (RUE DU);;;;670
201400033493;14;11;27;1915;5;2;1;2;1;482;0, LUBECK (RUE DE);;;;670
201400033494;14;11;28;1720;5;2;1;1;6;482;42, JACOUTOT (QUAI);;;;670
201400033495;14;11;29;100;5;2;1;1;2;43;0, GEORGES BURGER (RUE);;;;670
201400033496;14;11;30;445;5;2;1;1;6;482;30, RHIN TORTU (RUE DU);;;;670
201400033497;14;12;2;750;2;2;1;2;4;43;83, PERIGUEUX (AVENUE DE;;;;670
201400033498;14;12;2;1730;5;2;1;2;6;43;14, GUIRBADEN (RUE DU);;;;670
201400033499;14;12;3;720;1;2;2;2;3;482;0, RHIN (AVENUE DU);;;;670
201400033500;14;12;3;1815;5;2;1;1;6;218;6, STRASBOURG (ROUTE DE);;;;670
201400033501;14;12;4;228;5;2;1;1;6;218;205, LYON (RTE DE);;;;670
201400033502;14;12;4;829;1;2;3;1;6;482;19, GENERAL DE GAULLE (A;;;;670
201400033503;14;12;6;1254;1;2;1;2;6;482;0, TEMPLE NEUF (RUE DU);;;;670
201400033504;14;12;9;715;5;2;1;2;6;482;2, LIBERTE (AVENUE DE LA;;;;670
201400033505;14;12;9;1745;5;2;2;1;2;482;0, HOPITAL (ROUTE DE L );;;;670
201400033506;14;12;10;2230;5;1;6;2;7;218;0, RHIN (ROUTE DU);;;;670
201400033507;14;12;10;2245;5;2;2;2;3;482;0, FOSSE DES TREIZE (RUE;;;;670
201400033508;14;12;11;720;5;2;2;2;3;482;0, VOSGES (AVENUE DES);;;;670
201400033509;14;12;13;1735;5;2;1;2;6;482;0, ROTHAU (RUE DE);;;;670
201400033510;14;12;14;1840;3;2;2;1;3;482;132, BALE (RUE DE);;;;670
201400033511;14;12;15;1615;1;2;1;1;3;482;140, SCHIRMECK (ROUTE DE;;;;670
201400033512;14;12;15;1715;5;2;3;1;6;482;0, CHARLES ALTORFFER (QU;;;;670
201400033513;14;12;15;1900;5;2;1;1;3;482;12, ROME (RUE DE);;;;670
201400033514;14;12;16;820;1;2;1;2;4;43;2, GEORGES BURGER (RUE);;;;670
201400033515;14;12;16;936;1;2;2;2;3;447;0, EUROPE (AVENUE DE L );;;;670
201400033516;14;12;16;1100;1;2;1;1;6;482;8, FRERES EBERTS (RUE DE;;;;670
201400033517;14;12;16;1735;5;2;1;2;6;482;PECHEURS (QUAI DES);;;;670
201400033518;14;12;16;1735;5;2;1;2;6;482;72, JESUITES (RUE DES);;;;670
201400033519;14;12;16;1750;5;2;3;2;3;482;0, RENAISSANCE (RUE DE L;;;;670
201400033520;14;12;17;2330;5;2;3;8;2;447;0, BISCHWILLER (ROUTE DE;;;;670
201400033521;14;12;18;1835;5;2;1;1;3;482;0, TURENNE (RUE DE);;;;670
201400033522;14;12;18;2240;5;2;3;1;3;267;0, CHATEAU (RUE DU);;;;670
201400033523;14;12;19;1145;1;2;1;1;6;482;16, ROUGET DE L ISLE (QU;;;;670
201400033524;14;12;20;1945;5;2;2;1;3;482;0, LA WANTZENAU (ROUTE D;;;;670
201400033525;14;12;22;1800;5;2;6;1;3;204;0, STADE (RUE DU);;;;670
201400033526;14;12;23;1033;1;2;2;1;3;482;ABBE LEMIRE (RUE DE L );;;;670
201400033527;14;12;24;1440;1;2;3;1;3;482;0, DOUBS (RUE DU);;;;670
201400033528;14;12;24;1655;5;2;3;1;3;482;0, SCHIRMECK (ROUTE DE);;;;670
201400033529;14;12;24;1915;5;2;1;1;2;482;38, RHIN (AVENUE DU);;;;670
201400033530;14;12;27;1720;5;2;1;2;6;482;0, SCHIRMECK (ROUTE DE);;;;670
201400033531;14;12;27;1820;5;2;1;2;6;482;0, SCHIRMECK (ROUTE DE);;;;670
201400033532;14;12;27;2055;5;2;2;4;3;482;0, JEAN JAURES (AVENUE);;;;670
201400033533;14;12;28;310;5;2;3;4;6;482;0, LAUSANNE (RUE DE);;;;670
201400033534;14;12;30;105;5;2;1;4;1;482;0, PAUL DOPF;;;;670
201400033535;14;1;15;1809;3;2;1;1;6;66;170, STRASBOURG (ROUTE D;M;4809069;736008;680
201400033536;14;1;16;1720;5;2;2;1;6;66;8, POINCARE (AVENUE RAYM;M;4807136;734989;680
201400033537;14;1;21;1736;5;2;1;1;6;66;1, ALSACE (RUE D');M;4808102;736415;680
201400033538;14;1;10;1530;1;2;1;1;3;66;10, JONQUILLES (RUE DES);M;4806916;736301;680
201400033539;14;1;26;547;5;2;1;1;6;66;1, KIENER (RUE ANDRE);M;4809607;736831;680
201400033540;14;2;3;1117;1;2;1;1;3;66;28, LIBERTE (AVENUE DE L;M;4807731;733689;680
201400033541;14;2;7;1200;1;2;3;1;3;66;10, SCHUMANN (RUE);M;4808079;733428;680
201400033542;14;2;18;2359;5;2;1;1;5;66;43, GRILLENBREIT (RUE DU;M;4807775;736992;680
201400033543;14;2;21;1558;1;2;3;1;3;66;1, GOLBERY (RUE);M;4808128;735816;680
201400033544;14;3;20;1748;1;2;9;1;3;66;LADHOF (RUE DU);M;4809435;737381;680
201400033545;14;3;20;1541;1;2;2;1;3;66;39, LIBERTE (AVENUE DE L;M;4807743;733596;680
201400033546;14;3;27;1604;1;2;2;1;6;66;1, SCHWENDI (RUE);M;4807295;736014;680
201400033547;14;4;12;1215;1;2;1;1;6;66;1, SELESTAT (ROUTE DE);M;4808176;736378;680
201400033548;14;4;24;1850;1;2;1;1;3;66;INGERSHEIM (ROUTE D');M;4808703;732906;680
201400033549;14;4;29;1030;1;2;1;1;6;66;7 rue du Tokay;M;4808976;734581;680
201400033550;14;5;7;1556;1;2;1;1;6;66;NOYER (RUE DU);M;4808865;737146;680
201400033551;14;5;7;1146;1;2;2;1;6;66;VAL SAINT GREGOIRE (RUE;M;4808096;734671;680
201400033552;14;5;10;1002;1;2;1;1;2;66;1, REY (AVENUE JOSEPH);M;4809426;736206;680
201400033553;14;5;14;1744;1;2;6;1;3;66;12, PAPIN (RUE DENIS);M;4811043;737689;680
201400033554;14;6;6;820;1;2;2;1;7;66;10, ALSACE (RUE D');M;4808019;736455;680
201400033555;14;7;15;905;1;2;3;1;4;66;28, TROIS CHATEAUX (RUE;M;4807212;733265;680
201400033556;14;7;25;815;1;2;1;1;6;66;LOGELBACH ( RUE DU);M;4808305;733321;680
201400033557;14;7;17;1905;1;1;6;1;3;66;160, LADHOF (RUE DU);M;4809575;737535;680
201400033558;14;8;4;1130;1;2;2;1;3;66;ALSACE (RUE D');M;4808024;736461;680
201400033559;14;9;7;1605;1;1;1;1;6;66;NEULAND (CHEMIN DU);M;4805116;740105;680
201400033560;14;8;8;753;1;2;3;1;2;66;0, LAVOISIER (RUE);M;4810281;737528;680
201400033561;14;9;16;925;1;1;1;1;3;66;7, REY (AVENUE JOSEPH);M;4809559;736876;680
201400033562;14;10;6;1740;1;2;5;1;3;66;SCHLUMBERGER (RUE CAMILL;M;4807411;735247;680
201400033563;14;10;3;1717;1;2;1;1;6;66;0, LOGELBACH ( RUE DU);;;;680
201400033564;14;10;9;1740;1;2;5;2;6;66;7, BRUAT (RUE);M;4807418;735262;680
201400033565;14;10;13;810;1;2;2;1;6;66;29, CLEFS (RUE DES);M;4807863;735942;680
201400033566;14;10;16;1829;1;2;1;1;4;66;1, SELESTAT (ROUTE DE);M;4808519;736167;680
201400033567;14;10;31;1545;1;2;3;1;3;66;ROUFFACH (ROUTE DE);M;4806700;734325;680
201400033568;14;11;3;825;1;1;6;1;6;66;16, REY (AVENUE JOSEPH);M;4809557;736874;680
201400033569;14;11;4;1830;5;2;1;2;3;66;4, DE GAULLE (AVENUE DU;M;4807721;734795;680
201400033570;14;11;10;1717;5;2;2;2;6;66;29, EST (RUE DE L');M;4807699;736433;680
201400033571;14;11;16;1910;5;2;1;2;1;66;face 5, GARE (RUE DE LA);M;4807602;734908;680
201400033572;14;11;10;1720;3;1;2;2;6;66;ROME (AVENUE DE);M;4807447;733392;680
201400033573;14;12;5;1710;5;1;1;5;6;66;14, REY (AVENUE JOSEPH);M;4809496;736417;680
201400033574;14;12;16;550;5;2;3;1;3;66;139, INGERSHEIM (ROUTE D;M;4808744;732702;680
201400033575;14;12;22;1755;5;1;1;1;6;66;LORRAINE (AVENUE DE);M;4809333;735722;680
201400033576;14;4;11;2153;5;2;2;1;3;66;2, AMSTERDAM ( RUE D');M;4807780;732693;680
201400033577;14;4;26;1800;1;2;1;1;3;66;39, LIBERTE (AVENUE DE L;M;4807721;733681;680
201400033578;14;4;29;1839;1;2;3;1;6;66;1, PARIS (AVENUE DE);M;4807013;732648;680
201400033579;14;5;15;1820;1;1;1;1;3;66;70, NEULAND (CHEMIN DU);M;4805106;740118;680
201400033580;14;9;14;448;5;1;1;1;6;66;72, STRASBOURG (ROUTE DE;;;;680
201400033581;14;10;7;1843;5;2;1;2;6;66;BLAISE PASCAL (Rue) 9;M;4809097;737590;680
201400033582;14;10;12;615;2;2;1;1;6;66;ALSACE (AVENUE D)122;M;4806885;736506;680
201400033583;14;10;24;2;5;1;1;1;6;66;7, FOIRE AUX VINS (AVENU;;;;680
201400033584;14;10;30;919;1;2;1;1;6;66;10, ETROITE (RUE);;;;680
201400033585;14;11;12;1745;3;2;1;2;6;66;MESANGES (RUE DES) 23;M;4808556;733514;680
201400033586;14;11;20;1220;1;2;3;1;3;66;1, PARIS (AVENUE DE);M;4808071;733421;680
201400033587;14;1;6;1710;5;2;1;1;6;224;12, MARTIN (RUE JEAN);M;4775454;730996;680
201400033588;14;1;14;1735;5;2;1;2;6;224;16, DE LATTRE DE TASSIGN;M;4774637;734318;680
201400033589;14;1;15;730;2;2;1;1;6;224;61, FLANDRES (RUE DES);M;4776067;736388;680
201400033590;14;1;17;1305;1;2;6;1;3;224;STRICKER (ROND-POINT GUS;M;4774044;732040;680
201400033591;14;1;27;1120;1;2;6;1;3;56;338, AV D'ALTKIRCH;M;4772298;731923;680
201400033592;14;1;28;1415;1;2;6;1;6;224;1, PEPINIERE (RUE DE LA);M;4772782;734774;680
201400033593;14;1;30;1825;5;2;1;1;6;224;20, THANN (RUE DE);M;4774771;730970;680
201400033594;14;1;31;1423;1;2;1;1;6;224;20, PREISS (RUE JACQUES);M;4774446;733210;680
201400033595;14;2;6;1140;1;2;1;1;3;224;126, SCHUMAN (AVENUE ROB;M;4775874;735043;680
201400033596;14;2;9;1825;2;2;2;1;6;224;VAUBAN (RUE);M;4775973;734419;680
201400033597;14;2;12;2035;5;2;1;1;6;224;167, BRIAND (AVENUE ARIS;M;4774641;731255;680
201400033598;14;2;12;945;1;2;1;1;2;224;9, RABBINS (RUE DES);M;4774426;733315;680
201400033599;14;2;12;1205;1;2;6;1;3;224;74, THIERSTEIN (RUE);M;4775770;732043;680
201400033600;14;2;14;1705;1;2;2;1;3;224;22, SCHWILGUE (RUE);M;4775009;732750;680
201400033601;14;2;20;815;1;2;2;1;3;224;36, SALENGRO (AVENUE ROG;M;4775008;734565;680
201400033602;14;2;20;1625;1;2;1;1;6;224;1, ARTOIS (RUE D');M;4775777;736135;680
201400033603;14;2;21;2057;4;1;1;1;6;224;AUTOROUTE A 36;M;4777273;737545;680
201400033604;14;2;22;900;1;2;1;1;6;224;27, ARC (RUE JEANNE D');M;4777250;731885;680
201400033605;14;2;26;758;1;1;1;2;4;224;AUTOROUTE A 36;M;4777239;738045;680
201400033606;14;3;10;1200;1;2;6;1;3;224;GRUNEWALD (RUE MATHIAS);M;4773799;729545;680
201400033607;14;3;13;1105;1;2;1;1;6;224;22, THANN (RUE DE);M;4774958;730648;680
201400033608;14;3;14;2000;3;2;1;1;6;224;KATZ (ALLEE NATHAN);M;4775282;734644;680
201400033609;14;3;25;1620;1;2;1;1;6;256;26, RICHWILLER (RUE DE);M;4777013;730431;680
201400033610;14;3;26;1952;5;2;6;1;4;224;THIERSTEIN (RUE);M;4775959;732432;680
201400033611;14;3;28;1825;1;2;1;1;6;224;119, ILLZACH (RUE D');M;4775720;734463;680
201400033612;14;3;30;1330;1;1;1;1;7;224;AUTOROUTE A 36;M;4774836;727664;680
201400033613;14;3;30;2035;5;2;1;1;6;271;66, COURONNE (RUE DE LA);M;4774273;735885;680
201400033614;14;4;7;1128;1;2;1;1;6;224;40, ILL (RUE DE L');M;4776156;735696;680
201400033615;14;4;14;1210;1;2;1;1;6;224;4, LECLERC (AVENUE DU GE;M;4774119;733957;680
201400033616;14;4;14;1230;1;2;1;1;3;224;136, SOULTZ (RUE DE);M;4777518;732013;680
201400033617;14;4;19;1456;1;2;1;1;6;271;6, STADE (RUE DU);M;4774643;735717;680
201400033618;14;4;20;2005;1;2;1;1;2;224;10, CEZANNE (RUE PAUL);M;4773533;729202;680
201400033619;14;4;22;2205;5;2;5;1;3;224;DREYFUS (RUE DU CAPITAIN;M;4775245;734677;680
201400033620;14;4;26;2220;5;2;1;3;6;224;31, BRIAND (AVENUE ARIST;M;4774922;732638;680
201400033621;14;4;30;2205;4;2;2;1;3;224;ROMAINS (RUE DES);M;4777161;731387;680
201400033622;14;5;9;1425;1;2;1;1;6;256;39, REPUBLIQUE (RUE DE L;M;4776607;731580;680
201400033623;14;5;10;1645;1;2;6;1;6;224;SAINT-NAZAIRE (RUE DE);M;4777174;733124;680
201400033624;14;5;15;1645;1;2;2;1;6;224;SINNE (RUE DE LA);M;4774498;733920;680
201400033625;14;5;25;2025;1;2;1;1;6;224;17, FILATURE (RUE DE LA);M;4775254;733318;680
201400033626;14;5;31;1630;1;2;6;1;4;224;50, ZILLISHEIM (RUE DE);M;4774335;733386;680
201400033627;14;6;7;1222;1;2;2;1;6;224;136, ROMAINS (RUE DES);M;4777634;732930;680
201400033628;14;6;11;820;1;2;6;1;6;56;ASHE (rue Arthur);M;4772954;732114;680
201400033629;14;6;12;955;1;2;2;1;3;224;09, SYNAGOGUE (RUE DE LA;M;4774494;733463;680
201400033630;14;6;12;1031;1;2;3;1;3;224;BRIAND (AVENUE ARISTIDE);M;4775001;732859;680
201400033631;14;6;14;1300;1;2;6;1;3;224;ROMAINS (RUE DES);M;4777843;733383;680
201400033632;14;6;18;1735;1;2;1;1;6;224;20, SPOERRY (Rue Fran?oi;M;4773951;733141;680
201400033633;14;6;20;1700;1;2;6;1;2;224;69, BELFORT (RUE DE);M;4773752;728834;680
201400033634;14;6;20;915;1;2;1;1;6;256;146, RICHWILLER (RUE DE);M;4777504;729627;680
201400033635;14;6;23;200;5;2;6;1;7;224;NATIONS (BOULEVARD DES);M;4773138;730766;680
201400033636;14;6;28;1305;1;2;2;1;6;224;70, STRASBOURG (RUE DE);;;;680
201400033637;14;7;1;1940;1;2;3;1;6;224;1, LIBERTE (PLACE DE LA);M;4775153;734087;680
201400033638;14;7;4;1515;1;2;1;1;6;224;COUBERTIN (RUE PIERRE DE;;;;680
201400033639;14;7;11;1220;1;2;3;1;6;224;33, JUIN (AVENUE ALPHONS;M;4775424;735349;680
201400033640;14;7;11;1540;1;2;1;3;2;224;24, FABRIQUES (RUE DES);M;4774759;732596;680
201400033641;14;7;18;25;5;2;1;1;6;224;49, FABRIQUES (RUE DES);M;4774839;732479;680
201400033642;14;7;19;1827;1;2;1;1;6;224;38, COLMAR (AVENUE DE);M;4775246;733757;680
201400033643;14;8;1;7;5;2;2;1;3;224;32, VAUBAN (RUE);M;4775668;733801;680
201400033644;14;8;6;1406;1;2;1;1;6;224;4, MARSEILLAISE (BOULEVA;M;4775831;733443;680
201400033645;14;8;7;1840;1;2;2;1;3;224;3, BONNES GENS (RUE DES);M;4774501;734514;680
201400033646;14;8;14;1852;1;2;9;1;7;224;THENARD (RUE);;;;680
201400033647;14;8;15;2106;5;2;3;3;3;224;50, BRUSTLEIN (RUE);M;4775333;730893;680
201400033648;14;8;24;150;5;2;2;2;3;224;STRASBOURG (RUE DE);M;4775229;732812;680
201400033649;14;8;24;1845;1;2;1;1;1;56;223, AV D'ALTKIRCH;M;4772671;732136;680
201400033650;14;8;30;1530;1;1;1;1;3;224;AUTOROUTE A 36;M;4777355;736230;680
201400033651;14;8;30;1800;1;2;1;1;3;56;235, AV D'ALTKIRCH;M;4772584;732058;680
201400033652;14;9;6;1840;1;2;1;1;6;224;183, REPOS (AVENUE DU);M;4776317;734647;680
201400033653;14;9;8;756;1;2;1;1;6;224;73, SOULTZ (RUE DE);M;4777061;732091;680
201400033654;14;9;11;1630;1;2;1;1;6;56;ASHE (rue Arthur);;;;680
201400033655;14;9;12;1534;1;2;3;1;6;56;362, AV D'ALTKIRCH;M;4772246;731877;680
201400033656;14;9;12;2040;3;1;1;2;1;56;1, 19?me Dragon (rue);M;4770908;734290;680
201400033657;14;9;13;1742;1;2;1;1;6;224;8, COLOMBIER (RUE DU);;;;680
201400033658;14;9;18;1342;1;2;1;1;6;224;27, WALLACH (BOULEVARD A;M;4774152;734475;680