num_acc;an;mois;jour;hrmn;lum;agg;int;atm;col;com;adr;gps;lat;long;dep
201400033659;14;9;19;1435;1;2;1;1;6;224;10, ZU-RHEIN (RUE DU CHA;M;4774329;731535;680
201400033660;14;9;21;2140;5;2;1;2;6;224;40, SAUSHEIM (RUE DE);;;;680
201400033661;14;9;24;1355;1;1;1;1;3;224;AUTOROUTE A 36;M;4777295;734777;680
201400033662;14;9;28;1330;1;2;3;1;6;224;64, LEFEBVRE (RUE);M;4775891;734506;680
201400033663;14;10;3;1622;1;2;1;1;3;224;51, ILLZACH (RUE D');M;4775392;734180;680
201400033664;14;10;3;1755;1;2;1;1;6;224;85, LEFEBVRE (RUE);;;;680
201400033665;14;10;4;1107;1;2;1;1;6;224;50, BRIAND (AVENUE ARIST;M;4774907;732590;680
201400033666;14;10;7;1615;1;2;1;1;3;224;39, TROIS-ROIS (RUE DES);M;4774604;733558;680
201400033667;14;10;10;2045;5;2;2;1;6;224;41, HEILMANN (RUE JOSUE);;;;680
201400033668;14;10;17;5;5;2;3;2;3;224;20, ARC (RUE DE L');;;;680
201400033669;14;10;18;1720;1;2;3;1;3;224;BELFORT (PASSAGE INFERIE;M;4773961;730191;680
201400033670;14;10;19;130;5;2;2;1;3;224;ILE NAPOLEON (RUE DE L');;;;680
201400033671;14;10;19;1835;5;2;1;1;2;224;4, STOESSEL (BOULEVARD C;;;;680
201400033672;14;10;27;830;1;2;3;1;3;271;323, BALE (RUE DE);;;;680
201400033673;14;11;4;745;2;2;1;1;6;224;60, SAUSHEIM (RUE DE);;;;680
201400033674;14;11;4;1810;5;2;3;1;6;224;41, CAMUS (RUE ALBERT);M;4773580;730681;680
201400033675;14;11;8;1145;1;2;3;1;2;256;147, REPUBLIQUE (RUE DE;M;4776641;730105;680
201400033676;14;11;8;1600;1;2;1;1;3;56;Rue de Dornach;;;;680
201400033677;14;11;12;1753;5;2;2;3;3;224;20, SCHUTZENBERGER (RUE;;;;680
201400033678;14;11;12;1848;5;2;3;3;3;224;222, HOFER (RUE JOSUE);M;4776088;732391;680
201400033679;14;11;18;735;2;2;1;1;6;224;GRUNEWALD (RUE MATHIAS);;;;680
201400033680;14;11;25;1315;1;2;1;1;6;224;1, DESCARTES (RUE);;;;680
201400033681;14;11;26;1725;5;2;1;1;6;224;25, DMC;M;4775087;730741;680
201400033682;14;11;29;1450;1;2;1;8;6;224;185, BALE (RUE DE);;;;680
201400033683;14;11;29;1745;3;2;1;1;6;224;42, BALE (RUE DE);M;4774736;734633;680
201400033684;14;12;11;1706;5;2;1;2;6;224;4, STOESSEL (BOULEVARD C;M;4774237;732387;680
201400033685;14;12;13;1500;1;2;1;1;1;224;10, REMBLAI (RUE DU);;;;680
201400033686;14;12;14;1825;4;2;1;2;6;224;183, ROMAINS (RUE DES);;;;680
201400033687;14;12;15;1817;5;1;1;2;2;224;1, VOIE RAPIDE OUEST;M;4773028;728449;680
201400033688;14;12;16;305;5;2;3;1;3;224;105, SOULTZ (RUE DE);;;;680
201400033689;14;12;22;655;2;2;2;1;3;224;157, VAUBAN (RUE);;;;680
201400033690;14;12;24;1510;1;2;1;1;6;224;170, ROMAINS (RUE DES);;;;680
201400033691;14;1;7;1540;1;2;3;1;2;149;1, ABATTOIR ( RUE DE );M;4759372;758655;680
201400033692;14;2;21;2346;5;2;2;2;3;297;VILLAGE NEUF ( RUE DE );M;4759857;755510;680
201400033693;14;3;17;940;1;2;3;1;6;297;MULHOUSE ( RUE)CITE BOUR;M;4759651;755333;680
201400033694;14;3;30;10;3;1;1;1;1;297;LANGUEDOC ( RUE DU );M;4759657;756155;680
201400033695;14;4;17;1615;1;2;3;1;3;297;1, ALTKIRCH ( RUE D' );M;4757849;754736;680
201400033696;14;4;15;1500;1;2;2;1;3;149;0, BALE ( AVENUE DE );M;4758525;758271;680
201400033697;14;4;27;1205;1;2;3;1;3;297;BALE ( AVE DE)FRONTIERE;M;4757794;757116;680
201400033698;14;5;10;1138;1;2;1;1;6;297;17, MULHOUSE ( RUE DE)JU;M;4758720;756262;680
201400033699;14;6;17;1901;1;2;3;8;2;297;43, HUNINGUE ( RUE DE );M;4758857;756950;680
201400033700;14;6;22;2300;5;2;1;1;6;297;19, VILLAGE NEUF ( RUE D;M;4759808;755480;680
201400033701;14;9;14;334;5;2;1;1;6;149;8, INDUSTRIE ( RUE DE L';M;4758097;757827;680
201400033702;14;10;8;1430;1;2;1;1;3;297;4, DE GAULLE( AVE DU GLE;M;4758559;756320;680
201400033703;14;10;9;2200;5;2;1;2;6;297;48, BALE ( AVE DE)WIRU J;M;4758282;756669;680
201400033704;14;10;10;1840;1;2;2;1;3;297;STRASBOURG ( RUE DE );M;4761283;753695;680
201400033705;14;11;8;930;1;2;3;1;3;297;MULHOUSE ( RUE)CITE BOUR;M;4760365;754493;680
201400033706;14;12;19;2325;5;2;2;2;3;297;1, STRASBOURG ( RUE DE );;;;680
201400033707;14;8;20;2018;3;2;6;1;3;297;ROUTE DOUANIERE;M;4759188;754380;680
201400033708;14;11;18;700;5;2;1;1;1;297;AVIATION GENERALE ROUTE;M;4758489;752305;680
201400033709;14;1;16;1720;5;2;1;3;6;166;151, MULHOUSE (FAUBOURG;M;4779872;733638;680
201400033710;14;1;24;1622;1;2;3;1;1;376;159, SOULTZ(ROUTE DE);M;4781655;730882;680
201400033711;14;10;12;310;5;2;1;8;6;376;9, SAINT CLOUD (RUE DU);M;4781146;733686;680
201400033712;14;7;15;2225;5;2;1;1;1;376;186, MINES (RUE DES);M;4779900;731494;680
201400033713;14;12;5;1040;1;2;1;1;6;166;BEARN (RUE DU);M;4779340;732303;680
201400033714;14;1;7;1815;5;2;1;1;6;29;20, BOULEVARD PINEL;;;;690
201400033715;14;1;7;1845;5;2;3;1;2;29;378, ROUTE DE GENAS;;;;690
201400033716;14;1;27;2110;3;1;1;1;6;271;., AVENUE DU DAUPHINE;;;;690
201400033717;14;2;17;1330;1;2;1;1;6;29;356, ROUTE DE GENAS;;;;690
201400033718;14;3;6;1805;1;2;1;1;6;29;0, AVENUE FRANKLIN ROOSE;;;;690
201400033719;14;4;5;1120;1;2;1;1;6;29;53, AVENUE CAMILLE ROUSS;;;;690
201400033720;14;4;9;1840;1;2;2;1;6;271;., RUE DE LA REPUBLIQUE;;;;690
201400033721;14;4;10;2115;5;2;1;1;6;29;30, RUE DU 35EME REGIMEN;;;;690
201400033722;14;4;11;2000;1;2;1;1;2;29;31, AVENUE FRANKLIN ROOS;;;;690
201400033723;14;4;17;835;1;1;3;1;6;29;, AUTOROUTE A43 DE LYON;;;;690
201400033724;14;5;5;2230;5;2;2;1;6;271;., ROUTE DE LYON;;;;690
201400033725;14;6;22;2010;1;2;2;1;6;266;0, ROUTE DE GENAS;;;;690
201400033726;14;6;24;1955;1;2;2;1;3;266;0, ROUTE DE GENAS;;;;690
201400033727;14;7;28;1425;1;2;3;3;6;29;., RUE LIONEL TERRAY;;;;690
201400033728;14;9;5;1805;1;2;3;1;6;271;., RUE ORESTE ZENEZINI;;;;690
201400033729;14;9;11;835;1;2;1;1;2;271;0, AVENUE DU DAUPHINE;;;;690
201400033730;14;9;12;1920;1;2;3;1;6;29;0, RUE DU PROGRES;;;;690
201400033731;14;11;3;1020;1;2;1;2;3;271;20, AVENUE DES FRERES MO;;;;690
201400033732;14;11;8;1750;5;2;2;1;6;29;1, RUE ROGER SALENGRO;;;;690
201400033733;14;12;12;845;1;2;1;1;3;29;17, RUE DE REIMS;;;;690
201400033734;14;12;24;100;5;2;6;1;6;29;95, BOULEVARD PINEL;;;;690
201400033735;14;11;25;2049;5;2;1;1;1;271;ROUTE DE LYON;;;;690
201400033736;14;12;31;1102;1;2;2;1;6;29;., AVENUE GENERAL DE GA;;;;690
201400033737;14;1;7;1200;1;1;9;1;2;34;1, AVENUE DE POUMEYROL;;;;690
201400033738;14;1;23;815;1;2;1;1;5;34;92, CHEMIN DE VASSIEUX;;;;690
201400033739;14;1;27;1755;2;2;1;1;1;34;10, CHEMIN JEAN PETIT;;;;690
201400033740;14;2;14;45;5;2;1;2;6;34;VIADUC JOSEPH PICOT;;;;690
201400033741;14;2;27;1345;1;2;1;1;6;34;13B, RUE DU CAPITAINE FE;;;;690
201400033742;14;3;6;1220;1;2;1;1;6;34;MONTEE CASTELLANE;;;;690
201400033743;14;3;14;1650;1;2;1;1;1;34;261, CHEMIN DE WETTE FAY;;;;690
201400033744;14;3;18;845;1;2;4;1;3;34;2, MONTEE DES FORTS;;;;690
201400033745;14;3;25;1320;1;2;1;2;6;34;10, CHEMIN JEAN PETIT;;;;690
201400033746;14;3;26;1740;1;2;1;1;6;34;90, QUAI CLEMENCEAU;;;;690
201400033747;14;3;31;1050;1;2;4;1;3;34;6, MONTEE DES SOLDATS;;;;690
201400033748;14;4;19;1650;1;2;1;1;1;34;9 BIS, CHEMIN DES PEUPLI;;;;690
201400033749;14;4;20;2045;5;2;1;2;6;34;SANS, MONTEE DE LA BOUCL;;;;690
201400033750;14;4;22;745;1;2;1;5;1;34;69, ROUTE DE STRASBOURG;;;;690
201400033751;14;4;22;2050;2;2;1;1;3;34;QUAI CLEMENCEAU;;;;690
201400033752;14;5;12;1350;1;2;1;1;6;34;1, PLACE VICTOR BASCH;;;;690
201400033753;14;4;30;715;1;2;3;2;3;34;147, GRANDE RUE DE SAINT;;;;690
201400033754;14;5;27;1925;1;2;1;1;6;34;71, CHEMIN DE WETTE FAYS;;;;690
201400033755;14;5;30;1200;1;2;3;1;3;34;141, GRANDE RUE DE SAINT;;;;690
201400033756;14;6;3;1745;1;2;1;1;3;34;86, AVENUE GENERAL LECLE;;;;690
201400033757;14;6;6;1335;1;2;1;1;3;34;19, AVENUE BARTHELEMY TH;;;;690
201400033758;14;6;7;1255;1;2;1;1;6;34;6, AVENUE GENERAL LECLER;;;;690
201400033759;14;6;12;920;1;2;1;1;2;34;50, MONTEE DES SOLDATS;;;;690
201400033760;14;6;20;1805;1;2;1;1;6;34;65, RUE COSTE;;;;690
201400033761;14;6;13;1240;1;2;1;1;3;34;96, AVENUE GENERAL LECLE;;;;690
201400033762;14;6;6;1200;1;2;1;1;3;34;134, AVENUE GENERAL DE G;;;;690
201400033763;14;6;29;2130;1;2;1;1;2;34;22, MONTEE DES SOLDATS;;;;690
201400033764;14;7;6;1850;1;2;1;3;4;34;90 bis, QUAI CLEMENCEAU;;;;690
201400033765;14;7;10;1940;1;2;1;1;6;34;93, RUE DE MARGNOLLES;;;;690
201400033766;14;7;15;900;1;2;1;1;6;34;44, QUAI CLEMENCEAU;;;;690
201400033767;14;8;1;1800;1;2;3;1;6;34;COURS ARISTIDE BRIAND;;;;690
201400033768;14;8;3;1150;1;2;1;1;6;34;30, ROUTE DE STRASBOURG;;;;690
201400033769;14;8;12;1220;1;2;1;1;6;34;CHEMIN JEAN PETIT;;;;690
201400033770;14;10;20;1840;5;2;1;1;3;34;00, PLACE MARECHAL FOCH;;;;690
201400033771;14;8;26;430;5;2;1;1;3;34;35, RUE FRANCOIS PEISSEL;;;;690
201400033772;14;8;26;2015;5;2;2;1;3;34;28, AVENUE BARTHELEMY TH;;;;690
201400033773;14;9;16;1645;1;2;1;1;6;34;AVENUE GENERAL DE GAULLE;;;;690
201400033774;14;9;26;1230;1;2;2;1;1;34;BOULEVARD DES OISEAUX;;;;690
201400033775;14;9;27;1435;1;2;1;1;2;34;22, RUE DE L ORATOIRE;;;;690
201400033776;14;9;27;2045;5;2;1;1;7;34;PLACE MARECHAL FOCH;;;;690
201400033777;14;9;24;145;5;2;1;1;2;34;BRETELLE BELLEVUE;;;;690
201400033778;14;10;1;1820;1;2;1;1;3;34;59, QUAI CLEMENCEAU;;;;690
201400033779;14;10;5;150;5;2;1;1;6;34;27, AVENUE DES PLATANES;;;;690
201400033780;14;10;9;825;1;2;1;1;6;34;36, COURS ARISTIDE BRIAN;;;;690
201400033781;14;10;11;1110;1;2;1;1;3;34;88, AVENUE GENERAL DE GA;;;;690
201400033782;14;10;14;1700;1;2;1;8;6;34;51 bis, RUE FRANCOIS PEI;;;;690
201400033783;14;12;5;630;5;1;1;1;6;34;VIADUC JOSEPH PICOT;;;;690
201400033784;14;10;17;1225;1;2;1;1;4;34;16, AVENUE LOUIS DUFOUR;;;;690
201400033785;14;10;19;2200;4;2;1;1;6;34;VIADUC JOSEPH PICOT;;;;690
201400033786;14;10;20;1610;1;2;3;1;3;34;AVENUE DES COTTAGES;;;;690
201400033787;14;10;22;1125;1;2;1;1;6;34;17, RUE PAUL PAINLEVE;;;;690
201400033788;14;12;25;1240;1;2;1;2;2;34;7/9 RUE JEAN MOULIN;;;;690
201400033789;14;10;25;905;1;2;1;1;6;34;MONTEE DES SOLDATS;;;;690
201400033790;14;10;30;1030;1;2;2;1;3;34;RUE CURIE;;;;690
201400033791;14;11;3;1900;4;2;1;3;6;34;1, MONTEE DES SOLDATS;;;;690
201400033792;14;11;11;245;5;2;1;1;2;34;PONT RAYMOND POINCARE;;;;690
201400033793;14;11;15;840;1;2;1;2;3;34;3 AVENUE DES COTTAGES;;;;690
201400033794;14;12;9;2100;5;2;1;1;3;34;2 Ter, MONTEE DES SOLDAT;;;;690
201400033795;14;12;12;1410;1;2;1;1;3;34;42, QUAI CLEMENCEAU;;;;690
201400033796;14;12;14;1724;5;2;1;1;3;34;QUAI CLEMENCEAU;;;;690
201400033797;14;1;2;755;3;2;1;3;6;91;1, JEAN BERRY  (PL);;;;690
201400033798;14;1;7;1515;1;1;1;6;6;91;91, MORNANT (DE) (RTE);;;;690
201400033799;14;1;13;1800;4;2;1;2;3;96;45, FERRY (JULES) ( R );;;;690
201400033800;14;1;24;1750;3;2;1;2;2;91;12, VICTOR HUGO ( R );;;;690
201400033801;14;1;28;1540;1;2;6;1;3;91;RIVE DE GIER (DE) (RTE);;;;690
201400033802;14;2;1;1900;5;2;1;2;6;91;4, MARCEL CACHIN ( R );;;;690
201400033803;14;2;11;645;5;2;1;1;3;91;54, MOULIN (DU) ( R );;;;690
201400033804;14;2;22;1515;1;2;1;1;3;91;9, PAIX (DE LA) ( R );;;;690
201400033805;14;2;27;1910;5;2;1;1;3;96;X, MAYER ( R );;;;690
201400033806;14;3;1;1230;1;2;3;1;3;96;LANGEVIN (PAUL) ( R );;;;690
201400033807;14;3;1;1500;1;2;3;1;3;96;1, SABATIER (ANDRE) ( R;;;;690
201400033808;14;3;15;1945;5;2;5;1;6;91;MONTROND (DE) ( R );;;;690
201400033809;14;3;20;1600;1;2;1;1;6;91;1, PAIX (DE LA) ( R );;;;690
201400033810;14;3;27;750;1;2;1;1;6;91;JOSEPH LIAUTHAUD ( R );;;;690
201400033811;14;4;5;935;1;2;5;1;3;91;GAGARINE (AV);;;;690
201400033812;14;4;6;1850;1;2;1;1;6;91;1, VICTOR HUGO ( R );;;;690
201400033813;14;5;8;1200;1;2;9;1;1;91;VICTOR HUGO ( R );;;;690
201400033814;14;5;11;1100;1;2;3;1;3;91;GABRIEL PERI ( R );;;;690
201400033815;14;5;16;1105;1;2;3;1;3;91;39, DOCTEUR ROUX (DU) (;;;;690
201400033816;14;5;18;1710;1;2;1;1;7;91;LIBERTE (DE LA) (PL);;;;690
201400033817;14;5;22;1355;1;1;1;3;6;91;488, RIVE DE GIER (DE) (;;;;690
201400033818;14;5;26;1035;1;2;1;1;6;91;x, MONTROND (DE) ( R );;;;690
201400033819;14;6;10;830;1;2;1;1;3;96;PRESSENSE (FRANCIS DE) (;;;;690
201400033820;14;6;12;1255;1;2;1;1;7;91;1, HONORE PETETIN ( R );;;;690
201400033821;14;6;13;1630;1;2;3;1;6;91;X, HONORE PETETIN ( R );;;;690
201400033822;14;6;22;1545;1;2;1;1;2;91;X, ANATOLE FRANCE (AV);;;;690
201400033823;14;6;23;1620;1;2;9;2;6;96;AMPERE ( R );;;;690
201400033824;14;7;2;810;1;1;1;2;6;91;0, MANEVIEUX (LIEU D);;;;690
201400033825;14;7;3;1030;1;2;9;1;6;91;4 JOSEPH LIAUTHAUD ( R );;;;690
201400033826;14;8;2;1620;1;2;9;1;5;96;34, BOUTRAS (DE) ( R );;;;690
201400033827;14;8;20;2210;5;2;3;2;1;91;X, GIZARD (DE) (CH);;;;690
201400033828;14;8;24;2300;5;2;1;1;6;91;16, ECHALAS (D');;;;690
201400033829;14;9;3;850;1;2;1;1;6;91;1, HONORE PETETIN ( R );;;;690
201400033830;14;9;6;1520;1;1;2;1;3;91;RIVE DE GIER (DE) (RTE);;;;690
201400033831;14;9;10;2005;1;2;1;1;6;91;3, COMMERCE (DU) ( R );;;;690
201400033832;14;9;15;1020;1;2;1;1;6;91;Face N 36, DOCTEUR ROUX;;;;690
201400033833;14;9;16;2325;5;2;2;1;1;91;50, JEAN LIGONNET ( R );;;;690
201400033834;14;9;18;1500;1;2;3;1;6;91;6, PORT DU BIEF (PL);;;;690
201400033835;14;9;19;750;1;2;6;8;2;96;SEMARD (PIERRE) ( R );;;;690
201400033836;14;9;24;1520;1;2;1;2;1;91;28, JEAN LIGONNET ( R );;;;690
201400033837;14;10;22;1350;1;1;1;1;6;91;RIVE DE GIER (DE) (RTE);;;;690
201400033838;14;10;29;1550;1;1;1;1;6;91;rue PAIX/CARREFOUR;;;;690
201400033839;14;11;1;1800;2;2;1;1;6;96;32, WALDECK-ROUSSEAU (AV;;;;690
201400033840;14;11;11;1520;1;2;1;2;7;91;1, PAIX (DE LA) ( R );;;;690
201400033841;14;11;16;25;5;2;1;2;6;91;ROSENBERG (Q);;;;690
201400033842;14;11;20;1425;1;2;1;1;1;91;MONTROND (DE) ( R );;;;690
201400033843;14;11;21;730;1;2;1;1;2;91;PAIX (DE LA) ( R );;;;690
201400033844;14;11;23;1300;1;2;1;1;6;91;1, PONT DE CHASSE (LIEU;;;;690
201400033845;14;11;27;2205;5;2;4;1;2;91;VICTOR HUGO ( R );;;;690
201400033846;14;11;20;1730;1;2;9;8;6;91;PAIX (DE LA) ( R );;;;690
201400033847;14;12;4;1350;1;2;6;2;2;91;8, MONTROND (DE) ( R );;;;690
201400033848;14;12;2;1740;2;2;1;2;3;91;1 GAGARINE (AV);;;;690
201400033849;14;12;12;1040;1;2;1;1;6;91;36, TUILERIES (DES) ( R;;;;690
201400033850;14;12;24;920;1;2;1;1;4;91;34, ANATOLE FRANCE (AV);;;;690
201400033851;14;12;31;1200;1;2;1;1;1;91;X, LA CLUZELLE (LIEU D);;;;690
201400033852;14;1;8;1345;1;2;1;1;6;149;LEON BOURGEOIS;;;;690
201400033853;14;1;14;745;2;2;3;2;6;202;MARECHAL FOCH (DU);;;;690
201400033854;14;1;14;755;1;2;1;1;3;149;7, CADIERE (DE LA);;;;690
201400033855;14;1;18;1500;1;2;3;8;3;142;PIERRE SEMARD;;;;690
201400033856;14;1;30;945;1;2;1;1;6;149;20, JOHN ET ROBERT KENNE;;;;690
201400033857;14;1;23;1950;5;2;3;2;6;149;DUBOIS CRANCE;;;;690
201400033858;14;2;5;1830;5;2;1;1;4;152;140, EUROPE (DE L');;;;690
201400033859;14;2;6;1440;1;2;1;1;1;149;31, REPUBLIQUE (DE LA);;;;690
201400033860;14;2;14;100;5;2;3;2;3;149;DUBOIS CRANCE;;;;690
201400033861;14;2;19;1420;1;2;1;1;4;142;JEAN JACQUES ROUSSEAU;;;;690
201400033862;14;2;28;2120;3;2;1;1;3;149;50, FRANCISQUE JOMARD;;;;690
201400033863;14;3;14;1150;1;2;1;1;6;202;51, PROVINCES (DES);;;;690
201400033864;14;3;15;1040;1;2;1;1;6;149;37, RASPAIL;;;;690
201400033865;14;3;17;1725;1;2;1;1;6;149;6, AMPERE;;;;690
201400033866;14;3;20;2148;5;2;1;1;1;142;93, STEPHANE DECHANT;;;;690
201400033867;14;3;24;650;1;2;3;1;3;142;PENSIONNAT (DU);;;;690
201400033868;14;3;17;800;1;2;1;1;2;152;4, HENRI MOISSAN;;;;690
201400033869;14;3;31;805;1;2;1;1;3;152;148, JULES GUESDE;;;;690
201400033870;14;3;20;1605;1;2;3;1;3;202;MARECHAL FOCH (DU);;;;690
201400033871;14;4;4;2013;5;2;7;1;2;202;PROVINCES (DES);;;;690
201400033872;14;4;2;750;1;2;1;1;3;149;273, GRANDE RUE;;;;690
201400033873;14;4;7;540;5;2;1;1;6;142;STEPHANE DECHANT;;;;690
201400033874;14;4;9;1755;1;2;1;1;3;149;8, JEAN JAURES;;;;690
201400033875;14;4;22;715;1;2;1;1;6;149;42, AUGUSTE BLANQUI;;;;690
201400033876;14;4;23;2015;1;2;1;1;2;202;40, AQUEDUC DE BEAUNANT;;;;690
201400033877;14;4;24;805;1;2;3;1;3;149;150, FRANCISQUE JOMARD;;;;690
201400033878;14;4;24;1120;1;2;1;1;6;149;64, GRANDE RUE;;;;690
201400033879;14;5;1;1755;1;2;3;1;3;149;FRANCISQUE JOMARD;;;;690
201400033880;14;5;6;1550;1;2;1;1;3;202;46, COMMANDANT CHARCOT (;;;;690
201400033881;14;5;8;1650;1;2;1;1;2;202;89, AQUEDUC DE BEAUNANT;;;;690
201400033882;14;5;12;745;1;2;1;1;6;202;24, LIMBURG (DE);;;;690
201400033883;14;5;14;1230;1;2;1;1;6;202;RAZES (DES);;;;690
201400033884;14;5;17;25;5;2;1;1;1;149;127, FRANCISQUE JOMARD;;;;690
201400033885;14;5;19;1730;1;2;1;1;3;152;JULES GUESDE;;;;690
201400033886;14;5;22;850;1;2;1;1;6;149;38, AUGUSTE BLANQUI;;;;690
201400033887;14;5;27;730;1;2;2;2;3;142;STEPHANE DECHANT;;;;690
201400033888;14;6;8;1130;1;2;1;1;6;142;STEPHANE DECHANT;;;;690
201400033889;14;6;20;750;1;2;3;1;1;149;LORTET;;;;690
201400033890;14;9;22;1305;1;2;1;1;6;149;3, EUROPE (DE L');;;;690
201400033891;14;6;24;1000;1;2;1;1;6;152;1, MURIERS (DES);;;;690
201400033892;14;7;3;405;3;2;1;1;6;152;7, MARIUS CHARDON;;;;690
201400033893;14;7;7;1425;1;2;1;3;2;142;278, GENERAL DE GAULLE;;;;690
201400033894;14;7;7;2140;2;2;1;8;6;142;95, STEPHANE DECHANT;;;;690
201400033895;14;7;10;915;1;2;1;8;1;202;RAZES (DES);;;;690
201400033896;14;7;11;1715;1;2;9;1;1;152;19, MURIERS (DES);;;;690
201400033897;14;7;27;1310;1;2;1;1;6;149;172, GRANDE RUE;;;;690
201400033898;14;7;27;2315;4;2;1;1;2;142;SANS, STEPHANE DECHANT;;;;690
201400033899;14;7;30;15;5;2;1;1;6;202;96, AQUEDUC DE BEAUNANT;;;;690
201400033900;14;7;30;1830;1;2;1;1;1;149;179, GRANDE RUE;;;;690
201400033901;14;8;8;30;5;2;2;1;3;142;STEPHANE DECHANT;;;;690
201400033902;14;8;10;1300;1;2;1;1;3;149;8 MAI 1945 (DU);;;;690
201400033903;14;8;21;922;1;2;1;1;3;149;EDOUARD VAILLANT;;;;690
201400033904;14;8;22;1720;1;2;1;1;6;202;93, LIBERATION (DE LA);;;;690
201400033905;14;8;28;830;1;2;1;1;2;149;35, EMILE ZOLA;;;;690
201400033906;14;9;2;1110;1;2;4;1;3;202;37, COMMANDANT CHARCOT (;;;;690
201400033907;14;9;2;1330;1;2;2;1;3;152;REPUBLIQUE (DE LA);;;;690
201400033908;14;9;4;750;1;2;2;1;3;149;14, EDOUARD VAILLANT;;;;690
201400033909;14;9;18;1145;1;2;2;1;6;149;PIERRE SEMARD;;;;690
201400033910;14;9;18;1625;1;2;1;1;6;152;26, HAUTE ROCHE (DE);;;;690
201400033911;14;9;23;1225;1;2;1;1;6;149;39, EUROPE (DE L');;;;690
201400033912;14;10;2;1125;1;2;1;1;3;202;27, AQUEDUC DE BEAUNANT;;;;690
201400033913;14;10;7;1541;1;2;1;2;2;152;90, EUROPE (DE L');;;;690
201400033914;14;10;7;1238;1;2;1;8;2;142;PIERRE SEMARD;;;;690
201400033915;14;10;11;1710;1;2;1;1;3;202;137, COMMANDANT CHARCOT;;;;690
201400033916;14;10;13;1834;2;2;1;8;3;142;STEPHANE DECHANT;;;;690
201400033917;14;10;7;815;1;2;2;8;3;142;GENERAL DE GAULLE;;;;690
201400033918;14;10;25;1225;1;2;3;1;3;149;EMILE ZOLA;;;;690
201400033919;14;10;30;1735;2;2;1;1;3;202;19, LIBERATION (DE LA);;;;690
201400033920;14;10;31;1625;1;2;1;1;3;149;57, HENRI BARBUSSE;;;;690
201400033921;14;11;2;5;5;2;1;1;2;152;144, EUROPE (DE L');;;;690
201400033922;14;11;3;600;5;2;1;2;1;149;116, AQUEDUC DE BEAUNANT;;;;690
201400033923;14;11;3;910;1;2;1;1;2;202;AQUEDUC DE BEAUNANT (DE;;;;690
201400033924;14;11;4;1550;1;1;1;3;3;149;EUROPE (DE L');;;;690
201400033925;14;11;8;925;1;2;1;1;6;149;5, PROFESSEUR FLEMING (D;;;;690
201400033926;14;11;8;920;1;2;1;1;7;202;132, AQUEDUC DE BEAUNANT;;;;690
201400033927;14;11;4;2000;5;2;2;3;3;149;GRANDE RUE;;;;690
201400033928;14;11;15;1210;1;2;1;8;6;149;10, ORSEL;;;;690
201400033929;14;11;18;1045;1;2;1;1;4;152;25, MURIERS (DES);;;;690
201400033930;14;11;18;1518;1;2;1;2;6;149;62, GRANDE RUE;;;;690
201400033931;14;11;21;1515;1;2;2;1;3;152;JULES GUESDE;;;;690
201400033932;14;11;29;1712;5;2;1;1;6;149;141, EMILE ZOLA;;;;690
201400033933;14;12;4;745;1;2;2;1;3;202;LIBERATION (DE LA);;;;690
201400033934;14;12;9;1910;5;2;2;1;7;149;132, GRANDE RUE;;;;690
201400033935;14;12;10;1730;5;2;1;2;3;202;33, 11 NOVEMBRE (DU);;;;690
201400033936;14;12;17;2100;5;2;1;2;2;202;PRES (DES);;;;690
201400033937;14;12;18;1900;5;2;2;1;3;149;GRANDE RUE;;;;690
201400033938;14;12;19;1424;1;2;1;9;6;202;102, COMMANDANT CHARCOT;;;;690
201400033939;14;12;19;1930;5;2;2;8;1;202;11 NOVEMBRE 1918 (DU);;;;690
201400033940;14;12;20;1900;5;2;1;1;3;202;35, COMMANDANT CHARCOT (;;;;690
201400033941;14;12;21;1415;1;2;1;1;6;149;PERRON (DU);;;;690
201400033942;14;12;22;1515;1;2;1;1;6;152;MURIERS (DES) PK G FRAIS;;;;690
201400033943;14;1;17;1938;5;2;6;2;3;256;0, GEORGES ROUGE;;;;690
201400033944;14;2;4;1226;1;2;4;1;6;256;., 8 MAI 1945 (DU);;;;690
201400033945;14;2;8;1845;5;2;6;1;6;256;., ERNEST RENAN;;;;690
201400033946;14;2;9;45;5;2;1;1;6;256;., BOELHEN (DE);;;;690
201400033947;14;2;20;1350;1;2;1;1;6;256;3, GEORGES DIMITROV;;;;690
201400033948;14;2;22;1620;1;2;2;1;6;256;., REPUBLIQUE (DE LA);;;;690
201400033949;14;3;4;1209;1;2;3;1;3;256;0, HENRI BARBUSSE;;;;690
201400033950;14;3;12;1525;1;2;3;1;6;256;., JOUTES (DES);;;;690
201400033951;14;4;15;1900;1;2;1;1;6;256;14, GEORGES DIMITROV;;;;690
201400033952;14;4;21;1730;1;2;3;3;6;256;., JEAN FOUCAUD;;;;690
201400033953;14;4;24;1030;1;2;3;1;3;256;0, BATAILLON CARMAGNOLE;;;;690
201400033954;14;5;2;1730;1;2;1;1;6;256;9, AUGUSTE RENOIR;;;;690
201400033955;14;5;5;830;1;2;2;1;6;256;., SALVADOR ALLENDE;;;;690
201400033956;14;5;6;1500;1;2;1;8;6;256;154, GABRIEL PERI;;;;690
201400033957;14;5;7;2040;1;2;2;1;6;256;., MARCELIN BERTHELOT;;;;690
201400033958;14;5;7;2310;3;2;1;1;6;256;7, FERME (DE LA);;;;690
201400033959;14;5;8;2155;5;2;1;1;6;256;0, GUY MOQUET;;;;690
201400033960;14;5;4;615;2;2;1;1;6;256;., GABRIEL PERI;;;;690
201400033961;14;5;13;1155;1;2;3;1;6;256;., GABRIEL PERI;;;;690
201400033962;14;5;13;1705;1;2;1;1;6;256;6, PAUL MARCELLIN;;;;690
201400033963;14;5;18;2220;5;2;2;1;3;256;0, EMILE ZOLA;;;;690
201400033964;14;6;1;120;5;2;3;1;6;256;., GEORGES DIMITROV;;;;690
201400033965;14;6;2;2100;1;2;1;1;6;256;22, FERME (DE LA);;;;690