num_acc;an;mois;jour;hrmn;lum;agg;int;atm;col;com;adr;gps;lat;long;dep
201400033966;14;6;6;2130;2;2;1;1;6;256;50, BOELHEN (DE);;;;690
201400033967;14;6;24;1930;1;2;1;1;6;256;23, VICTOR HUGO;;;;690
201400033968;14;7;1;1350;1;2;3;1;3;256;ROMAIN ROLLAND;;;;690
201400033969;14;7;16;2025;1;2;3;1;6;256;., ANATOLE FRANCE;;;;690
201400033970;14;7;17;1622;1;2;2;1;3;256;0, LYCEE (DU);;;;690
201400033971;14;6;18;1245;1;2;1;1;6;256;., PAUL MARCELLIN;;;;690
201400033972;14;7;24;2120;1;2;6;1;1;256;0, ORCHA (D');;;;690
201400033973;14;8;1;905;1;2;2;1;6;256;18, EUGENE HENAFF;;;;690
201400033974;14;8;10;1445;1;2;1;1;6;256;0, MORLET (DU);;;;690
201400033975;14;9;6;1945;1;2;2;1;3;256;0, GABRIEL PERI;;;;690
201400033976;14;9;12;1445;1;2;2;1;3;256;0, PABLO PICASSO;;;;690
201400033977;14;10;24;1326;1;2;3;1;6;256;., MAURICE THOREZ;;;;690
201400033978;14;10;26;1815;5;2;1;1;5;256;pont de la soie;;;;690
201400033979;14;11;6;2230;5;2;2;1;3;256;0, GABRIEL PERI;;;;690
201400033980;14;11;8;1945;5;2;2;1;5;256;0, BOELHEN (DE);;;;690
201400033981;14;11;26;1215;1;2;3;2;6;256;., GENAS (DE);;;;690
201400033982;14;11;28;655;5;2;2;1;6;256;., RAIL (DU);;;;690
201400033983;14;11;24;1916;5;2;1;1;6;256;6, RAIL (DU);;;;690
201400033984;14;11;28;1950;5;2;2;1;6;256;., PABLO PICASSO;;;;690
201400033985;14;12;9;2005;5;2;1;1;7;256;34, PIERRE MENDES FRANCE;;;;690
201400033986;14;12;26;1140;1;2;2;1;6;256;., GENAS (DE);;;;690
201400033987;14;1;2;1957;5;2;3;1;6;259;PLACE ENNEMOND ROMAND;;;;690
201400033988;14;1;5;1820;5;2;1;1;6;259;19, RUE DU CLUZEL;;;;690
201400033989;14;1;9;1105;1;2;1;6;4;199;0, BOULEVARD YVES FARGE;;;;690
201400033990;14;1;10;1750;5;2;3;1;1;259;0, CLOS VERGER (DU);;;;690
201400033991;14;1;18;2207;5;2;2;1;3;259;0, AVENUE DU 8 MAI 1945;;;;690
201400033992;14;1;21;1645;1;2;1;8;6;259;34, BOULEVARD LAURENT GE;;;;690
201400033993;14;1;24;705;2;2;1;3;5;199;14, CARNOT;;;;690
201400033994;14;1;26;1510;1;2;2;8;3;276;0, ROUTE DE VIENNE;;;;690
201400033995;14;1;29;1050;1;2;1;1;6;259;43, BOULEVARD AMBROISE C;;;;690
201400033996;14;2;4;1205;1;2;1;1;6;276;74, ROUTE DE LYON;;;;690
201400033997;14;2;8;1505;1;2;1;2;6;259;RUE GAMBETTA;;;;690
201400033998;14;2;11;1605;1;2;4;1;3;259;0, AVENUE PIERRE SEMARD;;;;690
201400033999;14;2;11;1710;1;2;1;1;2;259;5, BOULEVARD AMBROISE CR;;;;690
201400034000;14;2;12;1123;1;2;1;1;6;199;0, RUE JULES GUESDE;;;;690
201400034001;14;2;15;1015;1;2;3;1;2;259;BOULEVARD AMBROISE CROIZ;;;;690
201400034002;14;2;19;1320;1;2;1;1;5;259;IRENE JOLIOT CURIE;;;;690
201400034003;14;2;20;710;2;2;1;1;6;259;0, RUE PRESIDENT EDOUARD;;;;690
201400034004;14;2;24;2010;5;2;1;1;1;259;48, RUE ERNEST RENAN;;;;690
201400034005;14;2;21;730;1;2;6;3;2;259;AVENUE JEAN CAGNE;;;;690
201400034006;14;2;21;1835;3;2;1;2;5;199;2, JEAN JAURES;;;;690
201400034007;14;2;25;1440;1;2;1;1;2;259;9, AVENUE MARCEL HOUEL;;;;690
201400034008;14;2;27;725;2;2;1;1;6;199;39, CARNOT;;;;690
201400034009;14;3;5;2035;5;2;1;1;6;259;0, PLACE JULES GRANDCLEM;;;;690
201400034010;14;4;12;2000;1;2;1;1;6;259;face 42, AVENUE DU 8 MAI;;;;690
201400034011;14;3;8;1718;1;2;1;1;6;259;28, BOULEVARD AMBROISE C;;;;690
201400034012;14;3;26;2040;5;2;2;1;3;259;AVENUE JEAN CAGNE;;;;690
201400034013;14;3;25;725;1;2;1;1;2;259;364, ROUTE DE VIENNE;;;;690
201400034014;14;3;26;1730;1;2;1;1;3;259;260, ROUTE DE VIENNE;;;;690
201400034015;14;3;27;1640;1;2;1;1;1;276;6, CHEMIN DE LA BOUVARDI;;;;690
201400034016;14;3;27;1750;1;2;1;1;6;259;10, RUE LOUISE MICHEL;;;;690
201400034017;14;4;3;1655;1;2;1;1;6;259;0, IRENE JOLIOT CURIE;;;;690
201400034018;14;4;4;1840;1;2;1;1;1;199;AVENUE ALBERT RAMBOZ;;;;690
201400034019;14;4;15;1100;1;2;1;1;6;259;136, BOULEVARD IRENE JOL;;;;690
201400034020;14;4;17;800;1;2;3;2;3;199;0, BOULEVARD LUCIEN SAMP;;;;690
201400034021;14;4;18;830;1;2;3;8;1;259;BOULEVARD IRENE JOLIOT;;;;690
201400034022;14;4;19;1700;1;2;1;1;5;259;93 AVENUE JULES GUESDE;;;;690
201400034023;14;4;20;2220;5;2;5;2;3;259;0, BOULEVARD AMBROISE CR;;;;690
201400034024;14;4;22;710;2;2;2;8;1;259;5 bis, RUE ERNEST RENAN;;;;690
201400034025;14;3;5;1445;1;2;1;1;3;199;41, BOULEVARD LUCIEN SAM;;;;690
201400034026;14;4;28;1935;1;2;1;1;6;199;AVENUE ALBERT RAMBOZ;;;;690
201400034027;14;4;29;850;1;2;3;1;3;259;32, ALLEE DES SAVOIES;;;;690
201400034028;14;4;26;1300;1;2;2;1;7;259;0, RUE DES MARTYRS DE LA;;;;690
201400034029;14;4;30;1630;1;2;1;1;2;199;6, RUE JEAN MACE;;;;690
201400034030;14;5;1;1400;1;2;3;1;6;259;0, RUE EUGENE HENAFF;;;;690
201400034031;14;5;1;2235;5;2;1;3;6;259;66, BOULEVARD IRENE JOLI;;;;690
201400034032;14;5;6;1405;1;2;1;1;2;259;5, AVENUE PIERRE SEMARD;;;;690
201400034033;14;5;6;1140;1;2;1;1;3;259;110, AVENUE FRANCIS DE P;;;;690
201400034034;14;5;12;445;5;1;1;1;1;276;RUE JEAN BOUIN;;;;690
201400034035;14;5;15;1655;1;2;1;1;3;276;ROUTE DE VIENNE;;;;690
201400034036;14;5;17;1750;1;2;1;1;3;199;19, RUE DE LA TANNERIE;;;;690
201400034037;14;5;17;1730;1;2;3;1;1;199;CARNOT;;;;690
201400034038;14;5;20;1400;1;2;1;1;6;259;20, BOULEVARD MARCEL SEM;;;;690
201400034039;14;5;21;1030;1;2;1;1;2;259;24, AVENUE MAURICE THORE;;;;690
201400034040;14;5;22;1635;1;2;2;1;3;199;0, CARNOT;;;;690
201400034041;14;5;26;1700;1;2;1;1;6;259;63, PROFESSEUR ROUX (DU);;;;690
201400034042;14;5;26;2025;2;2;2;2;3;259;0, RUE LEO LAGRANGE;;;;690
201400034043;14;5;26;1020;1;2;1;1;6;259;AVENUE MARCEL HOUEL;;;;690
201400034044;14;4;24;1140;1;2;1;1;6;199;RUE EMILE ZOLA;;;;690
201400034045;14;6;18;1650;1;2;1;1;4;259;AVENUE PIERRE SEMARD;;;;690
201400034046;14;6;19;1421;1;2;1;1;3;259;16, RUE ALBERT EINSTEIN;;;;690
201400034047;14;6;14;750;1;2;1;1;7;199;AVENUE ALBERT THOMAS;;;;690
201400034048;14;6;14;2145;1;2;1;1;6;276;62, ROUTE DE LYON;;;;690
201400034049;14;6;5;1720;1;2;1;1;6;259;0, AVENUE D OSCHATZ;;;;690
201400034050;14;6;21;940;1;2;2;1;6;259;0, CLOS VERGER (DU);;;;690
201400034051;14;6;23;930;1;1;1;1;7;259;BOULEVARD URBAIN SUD DE;;;;690
201400034052;14;6;17;1550;1;2;1;1;6;199;49, RUE PARMENTIER;;;;690
201400034053;14;6;24;1703;1;2;1;1;6;199;CARNOT;;;;690
201400034054;14;6;26;1640;1;2;3;1;6;199;RUE DE LA ROCHETTE;;;;690
201400034055;14;6;30;1110;1;2;1;1;6;290;BOULEVARD DE PARILLY;;;;690
201400034056;14;7;3;1250;1;2;5;1;1;259;1, AVENUE JEAN CAGNE;;;;690
201400034057;14;7;4;1640;1;2;1;1;6;199;59, RUE CARNOT;;;;690
201400034058;14;7;7;2030;1;2;1;2;5;259;AVENUE FRANCIS DE PRESSE;;;;690
201400034059;14;7;8;1550;1;2;1;1;2;259;27-29, AVENUE DE LA REPU;;;;690
201400034060;14;7;8;1925;1;2;1;1;3;259;13, RUE PAUL BERT;;;;690
201400034061;14;7;9;2250;5;2;1;2;1;259;21, RUE GEORGES LYVET;;;;690
201400034062;14;7;9;1315;1;2;1;1;6;259;136, IRENE JOLIOT CURIE;;;;690
201400034063;14;7;12;2344;5;2;1;1;6;259;0, AVENUE D OSCHATZ;;;;690
201400034064;14;7;23;640;1;2;1;1;3;199;1, QUAI LOUIS AULAGNE;;;;690
201400034065;14;7;26;2115;1;2;1;1;6;259;136, BOULEVARD IRENE JOL;;;;690
201400034066;14;7;25;2130;5;2;2;1;2;259;MARCEL CACHIN;;;;690
201400034067;14;7;26;1555;1;2;1;1;2;259;136, IRENE JOLIOT CURIE;;;;690
201400034068;14;7;30;1650;1;2;1;1;3;259;11, AVENUE PIERRE SEMARD;;;;690
201400034069;14;7;31;2000;1;2;1;1;3;199;76, JEAN JAURES;;;;690
201400034070;14;8;2;1735;1;2;4;1;3;259;0, RUE PIERRE CORNEILLE;;;;690
201400034071;14;8;11;1630;1;2;1;1;5;259;56, BOULEVARD AMBROISE C;;;;690
201400034072;14;8;12;1915;1;2;1;1;2;290;0, AVENUE PIERRE COT;;;;690
201400034073;14;8;16;1500;1;2;1;1;6;259;PLACE JULES GRANDCLEMENT;;;;690
201400034074;14;8;20;1325;1;2;3;1;3;259;1, BOULEVARD PINEL;;;;690
201400034075;14;8;26;1245;1;2;3;2;3;259;0, RUE DE LA DEMOCRATIE;;;;690
201400034076;14;8;24;1520;1;2;1;1;3;259;0, AVENUE CHARLES DE GAU;;;;690
201400034077;14;8;29;745;1;2;1;1;5;259;, BOULEVARD AMBROISE CRO;;;;690
201400034078;14;9;1;1830;1;1;1;1;6;259;16, ALLEE DES CLOSES;;;;690
201400034079;14;9;3;1210;1;2;1;1;6;259;19 ROUTE DE CORBAS;;;;690
201400034080;14;9;7;1020;1;2;2;1;3;388;0, BOULEVARD PINEL;;;;690
201400034081;14;9;8;1940;2;2;1;1;6;199;ALLEE DE BEZIERS;;;;690
201400034082;14;9;10;1515;1;2;1;1;6;259;AVENUE JEAN CAGNE;;;;690
201400034083;14;9;15;1150;1;2;3;1;2;199;0, BOULEVARD YVES FARGE;;;;690
201400034084;14;9;15;1720;1;2;1;1;1;259;10, AVENUE PIERRE SEMARD;;;;690
201400034085;14;9;19;1315;1;2;1;2;2;259;0, RUE BEETHOVEN;;;;690
201400034086;14;9;19;1140;1;2;1;2;6;259;136, IRENE JOLIOT CURIE;;;;690
201400034087;14;9;15;1330;1;1;1;1;6;276;18, ALLEE DU RHONE;;;;690
201400034088;14;9;26;1328;1;2;2;1;5;199;BOULEVARD YVES FARGE;;;;690
201400034089;14;9;27;350;5;2;1;1;6;259;0, BOULEVARD PINEL;;;;690
201400034090;14;9;28;1830;1;2;1;1;6;276;PLACE CLAUDIUS BERY;;;;690
201400034091;14;10;6;2000;5;2;1;1;6;259;83 AV FRANCIS DE PRESSE;;;;690
201400034092;14;10;6;1750;1;2;1;1;6;199;40, AVENUE GABRIEL PERI;;;;690
201400034093;14;10;7;1930;5;2;1;2;6;259;RUE ALBERT EINSTEIN;;;;690
201400034094;14;10;9;1750;2;2;2;3;3;276;RUE DES MAURES;;;;690
201400034095;14;10;9;1830;5;2;3;3;6;259;0, AVENUE MAURICE THOREZ;;;;690
201400034096;14;10;17;650;2;2;1;2;2;259;AVENUE PIERRE SEMARD;;;;690
201400034097;14;10;28;2250;5;2;1;1;7;259;AVENUE DU DOCTEUR GEORGE;;;;690
201400034098;14;10;28;1720;2;2;1;1;6;259;91, AVENUE FRANCIS DE PR;;;;690
201400034099;14;10;24;1720;1;2;1;1;6;259;24, AVENUE VIVIANI;;;;690
201400034100;14;10;31;1545;1;2;1;1;5;199;AVENUE GABRIEL PERI;;;;690
201400034101;14;10;30;1900;5;2;3;1;3;199;57, JEAN JAURES;;;;690
201400034102;14;11;3;1900;5;2;1;2;4;290;MONTEE DU LYONNAIS;;;;690
201400034103;14;11;3;1430;1;2;2;3;3;199;0, BOULEVARD YVES FARGE;;;;690
201400034104;14;11;3;1035;1;2;3;1;3;276;0, AVENUE JEAN JAURES;;;;690
201400034105;14;11;4;1725;5;2;1;3;2;199;21, AVENUE ANTOINE GRAVA;;;;690
201400034106;14;11;5;810;1;2;1;2;2;259;AVENUE MARCEL CACHIN;;;;690
201400034107;14;11;5;930;1;2;1;2;3;199;0, BOULEVARD YVES FARGE;;;;690
201400034108;14;11;5;1150;1;2;1;2;3;259;31, BOULEVARD DU DOCTEUR;;;;690
201400034109;14;11;8;2312;5;2;3;1;3;199;RUE CARNOT;;;;690
201400034110;14;11;10;1620;1;2;1;1;6;259;26, AVENUE JEAN CAGNE;;;;690
201400034111;14;11;17;820;1;2;1;1;2;199;RUE CARNOT;;;;690
201400034112;14;11;18;1630;1;2;1;2;6;259;BOULEVARD MARCEL SEMBAT;;;;690
201400034113;14;11;20;915;1;2;1;1;3;199;37, RUE CHARLES PLASSE;;;;690
201400034114;14;11;21;1930;5;2;1;1;2;290;RUE PAUL BERT;;;;690
201400034115;14;11;21;1350;1;2;1;1;5;259;RUE DU VERCORS;;;;690
201400034116;14;11;24;1500;1;2;2;1;3;259;0, BOULEVARD AMBROISE C;;;;690
201400034117;14;12;1;750;2;2;0;2;3;199;RUE DE LA ROCHETTE;;;;690
201400034118;14;12;1;630;1;2;0;2;3;259;101, AVENUE FRANCIS DE P;;;;690
201400034119;14;11;30;1900;5;2;1;1;4;259;0, BOULEVARD AMBROISE CR;;;;690
201400034120;14;12;4;1700;5;2;1;1;6;259;BOULEVARD AMBROISE CROIZ;;;;690
201400034121;14;12;6;1120;1;2;1;1;3;259;39, BOULEVARD LENINE;;;;690
201400034122;14;12;6;440;5;2;2;1;4;199;0, AVENUE GABRIEL PERI;;;;690
201400034123;14;12;7;200;5;2;1;1;1;259;73, RUE DES MARTYRS DE L;;;;690
201400034124;14;12;9;1305;1;2;1;1;6;259;136, BOULEVARD IRENE JOL;;;;690
201400034125;14;12;11;2215;5;2;1;2;4;259;0, AVENUE PIERRE SEMARD;;;;690
201400034126;14;12;14;2200;5;2;1;1;6;259;ROUTE DE CORBAS;;;;690
201400034127;14;12;20;1345;1;2;1;1;1;199;14, RUE GIUSEPPE VERDI;;;;690
201400034128;14;12;20;1300;1;2;1;2;6;259;103, AVENUE FRANCIS DE P;;;;690
201400034129;14;12;18;2125;5;2;2;9;3;259;380, AVENUE CHARLES DE G;;;;690
201400034130;14;12;18;1020;1;2;1;3;6;259;0, CHEMIN DE FEYZIN;;;;690
201400034131;14;12;21;1715;5;2;1;1;2;199;0, BOULEVARD YVES FARGE;;;;690
201400034132;14;12;23;715;2;2;1;5;6;259;01, MARCEL CACHIN;;;;690
201400034133;14;12;23;920;1;2;1;1;6;259;0, AVENUE JULES GUESDE;;;;690
201400034134;14;12;30;2300;5;2;2;1;3;259;RUE VAILLANT COUTURIER;;;;690
201400034135;14;1;7;1100;1;2;1;1;3;264;HUGO  VICTOR  R;;;;690
201400034136;14;1;24;905;1;1;3;3;3;13;JOUX (AVENUE DE);;;;690
201400034137;14;1;28;830;1;2;2;1;3;264;180, DECHAVANNE;;;;690
201400034138;14;2;7;2030;5;2;3;1;6;264;GRANGE BLAZET;;;;690
201400034139;14;2;22;1740;1;2;1;1;3;264;EUROPE L'  AV DE;;;;690
201400034140;14;4;17;1723;1;2;1;1;1;92;GRANDS MOULINS (CHEMIN D;;;;690
201400034141;14;5;18;1330;1;2;1;1;2;13;1145, ROUTE NATIONALE 6;;;;690
201400034142;14;5;22;1055;1;2;3;1;2;92;1, DEUX RUISSEAUX (RUE D;;;;690
201400034143;14;5;30;2125;2;2;1;1;5;264;288, ANSE D'   R;;;;690
201400034144;14;5;24;1540;1;1;2;1;3;13;LONGSARD (ROUTE DE);;;;690
201400034145;14;6;7;1230;1;2;1;1;6;264;38, VERDUN  RUE DE;;;;690
201400034146;14;6;17;810;1;2;1;1;3;264;264, RENAN ERNEST  R;;;;690
201400034147;14;4;1;1450;1;2;1;1;6;264;BERNAND ETIENNE  BD;;;;690
201400034148;14;6;27;1005;1;2;2;1;6;264;CONSTANTINE;;;;690
201400034149;14;7;2;820;1;1;1;2;1;13;1, ROUTE NATIONALE 6;;;;690
201400034150;14;7;8;1630;1;2;1;1;6;264;142, VERDUN  RUE DE;;;;690
201400034151;14;9;9;655;2;1;1;8;1;13;850, SAINT JULIEN (ROUTE;;;;690
201400034152;14;9;3;1455;1;2;1;1;6;264;10, GRANGE BLAZET;;;;690
201400034153;14;10;1;1935;2;2;2;1;6;264;LECLERC GENERAL  BD;;;;690
201400034154;14;8;11;1140;1;2;6;1;6;264;LECLERC GENERAL  BD;;;;690
201400034155;14;10;18;2010;5;2;2;1;1;264;GAMBETTA  BD;;;;690
201400034156;14;10;11;1620;1;2;1;1;6;264;FRANS ROUTE DE;;;;690
201400034157;14;11;6;1730;5;2;6;2;3;264;1, CONDORCET  R;;;;690
201400034158;14;11;5;1300;1;2;1;9;3;264;VERDUN  RUE DE;;;;690
201400034159;14;1;2;2020;5;2;2;1;2;266;0, RUE PIERRE LOUIS BERN;;;;690
201400034160;14;1;6;1920;5;2;1;1;6;266;49, RUE FRANCIS DE PRESS;;;;690
201400034161;14;1;8;1840;5;2;1;1;6;266;0, RUE DE LA LIGNE DE L;;;;690
201400034162;14;1;9;830;1;2;1;1;6;266;76, RUE DU 8 MAI 1945;;;;690
201400034163;14;1;20;2005;5;2;2;8;3;266;0, COURS DOCTEUR JEAN DA;;;;690
201400034164;14;1;22;2100;5;2;4;1;3;266;0, BOULEVARD LAURENT BON;;;;690
201400034165;14;1;24;745;1;2;1;2;6;266;9, RUE VICTOR HUGO;;;;690
201400034166;14;2;1;1310;1;2;4;2;6;266;., PLACE JULES GRANDCLEM;;;;690
201400034167;14;2;4;1515;1;2;1;1;6;266;170, AVENUE ROGER SALENG;;;;690
201400034168;14;2;7;530;5;2;2;3;6;266;., COURS TOLSTOI;;;;690
201400034169;14;2;10;1930;5;2;2;3;6;266;174, AVENUE ROGER SALENG;;;;690
201400034170;14;2;10;1915;5;2;4;3;6;266;271, ROUTE DE GENAS;;;;690
201400034171;14;2;17;720;1;2;2;1;6;266;., BOULEVARD DU 11 NOVEM;;;;690
201400034172;14;2;24;1205;1;2;1;1;6;266;40, BOULEVARD DU 11 NOVE;;;;690
201400034173;14;2;27;1230;1;2;2;1;6;266;., RUE DE FONTANIERES;;;;690
201400034174;14;2;23;1730;1;2;1;1;6;266;223, AVENUE ROGER SALENG;;;;690
201400034175;14;2;12;1600;1;2;3;1;6;266;., RUE MICHEL SERVET;;;;690
201400034176;14;3;10;1730;1;2;1;1;3;266;329, COURS EMILE ZOLA;;;;690
201400034177;14;3;23;1420;1;2;3;1;6;266;., RUE DU CANAL;;;;690
201400034178;14;3;19;150;5;2;3;1;6;266;71, ROUTE DE GENAS;;;;690
201400034179;14;3;13;1718;1;2;2;1;3;266;0, RUE DE LA DOUA;;;;690
201400034180;14;3;14;1710;1;2;2;1;3;266;210, RUE LEON BLUM;;;;690
201400034181;14;3;22;2040;5;2;2;1;6;266;., RUE LAFONTAINE;;;;690
201400034182;14;3;25;1950;5;2;1;1;6;266;107, RUE DU 8 MAI 1945;;;;690
201400034183;14;3;27;1745;1;2;2;1;6;266;., AVENUE ROGER SALENGRO;;;;690
201400034184;14;3;29;1000;1;2;2;1;6;266;., RUE D ALSACE;;;;690
201400034185;14;4;1;1815;1;2;1;1;6;266;., RUE DU 4 AOUT 1789;;;;690
201400034186;14;4;3;1630;1;2;1;1;6;266;60, RUE LAFONTAINE;;;;690
201400034187;14;4;10;810;1;2;1;1;6;266;265, RUE DU 4 AOUT 1789;;;;690
201400034188;14;4;12;755;1;2;1;1;6;266;20, RUE GABRIEL PERI;;;;690
201400034189;14;4;15;740;1;2;6;1;3;266;71, RUE FRANCIS DE PRESS;;;;690
201400034190;14;4;15;2230;5;2;1;1;6;266;127, AVENUE ROGER SALENG;;;;690
201400034191;14;4;14;1820;1;2;2;1;6;266;., COURS TOLSTOI;;;;690
201400034192;14;4;15;1230;1;2;1;1;6;266;37, RUE GERVAIS BUSSIERE;;;;690
201400034193;14;4;19;1020;1;2;1;1;6;266;84, RUE DU 4 AOUT 1789;;;;690
201400034194;14;4;19;1630;1;2;3;1;6;266;89, COURS EMILE ZOLA;;;;690
201400034195;14;4;20;720;1;2;1;1;2;266;44, AVENUE ROGER SALENGR;;;;690
201400034196;14;4;27;510;5;2;2;2;6;266;., COURS EMILE ZOLA;;;;690
201400034197;14;5;3;1145;1;2;2;1;6;266;., COURS TOLSTOI;;;;690
201400034198;14;5;7;2150;5;2;2;1;6;266;., RUE DE L EPI DE BLE;;;;690
201400034199;14;5;11;1730;1;2;1;1;6;266;7, BOULEVARD HONORE DE B;;;;690
201400034200;14;5;15;1110;1;2;1;1;6;266;37, AVENUE GENERAL LECLE;;;;690
201400034201;14;5;19;2200;5;2;2;1;6;266;40, RUE GEORGES COURTELI;;;;690
201400034202;14;5;24;1440;1;2;3;1;6;266;., RUE VICTOR BASCH;;;;690
201400034203;14;5;25;1125;1;2;1;1;6;266;295, RUE FRANCIS DE PRES;;;;690
201400034204;14;5;29;1637;1;2;1;1;6;266;39 BIS, RUE DU 8 MAI 194;;;;690
201400034205;14;5;29;1715;1;2;3;1;3;266;176, RUE DE LA POUDRETTE;;;;690
201400034206;14;5;28;2120;4;2;1;1;6;266;54, BOULEVARD NIELS BOHR;;;;690
201400034207;14;6;3;1825;1;2;1;1;6;266;34 BIS, RUE DE LA FEYSSI;;;;690
201400034208;14;6;8;130;4;2;2;1;3;266;0, COURS DE LA REPUBLIQU;;;;690
201400034209;14;6;15;1525;1;2;1;1;6;266;1, RUE HENRI ROLLAND;;;;690
201400034210;14;6;16;1235;1;2;2;1;6;266;45, AVENUE ROGER SALENGR;;;;690
201400034211;14;6;16;1630;1;2;3;7;3;266;0, RUE JEAN JAURES;;;;690
201400034212;14;6;20;1415;1;2;2;1;3;266;0, RUE EDOUARD AYNARD;;;;690
201400034213;14;6;21;1030;1;2;2;1;6;266;0, BOULEVARD DU 11 NOVEM;;;;690
201400034214;14;6;23;1700;1;2;3;1;1;266;93, RUE DU 4 AOUT 1789;;;;690
201400034215;14;6;26;2320;5;2;1;1;2;266;0, PONT DE CUSSET;;;;690
201400034216;14;6;28;1345;1;2;3;1;3;266;0, RUE VICTOR BASCH;;;;690
201400034217;14;6;30;2130;1;2;3;1;3;266;0, RUE DE LA POUDRETTE;;;;690
201400034218;14;7;1;1825;1;2;1;1;6;266;98, AVENUE ROGER SALENGR;;;;690
201400034219;14;7;3;1610;1;2;2;1;6;266;., COURS EMILE ZOLA;;;;690
201400034220;14;7;5;1417;1;2;6;1;6;266;., RUE DES CHARMETTES;;;;690
201400034221;14;7;17;1050;1;2;2;1;3;266;0, RUE DEDIEU;;;;690
201400034222;14;7;22;1540;1;2;2;8;3;266;0, BOULEVARD DU 11 NOVEM;;;;690
201400034223;14;7;24;635;1;2;3;1;7;266;MONIN-BONNEVAY;;;;690
201400034224;14;7;24;700;1;2;3;1;6;266;168, AVENUE ROGER SALENG;;;;690
201400034225;14;7;27;2055;1;2;1;1;1;266;34, RUE DU BEL AIR;;;;690
201400034226;14;8;3;710;2;2;1;1;6;266;29, RUE RACINE;;;;690
201400034227;14;7;20;1440;1;2;4;3;3;266;0, RUE VICTOR BASCH;;;;690
201400034228;14;8;11;1845;1;2;1;1;6;266;45, RUE LEON BLUM;;;;690
201400034229;14;8;12;1525;1;2;2;1;3;266;0, RUE EDOUARD VAILLANT;;;;690
201400034230;14;8;20;1700;1;2;6;1;6;266;face 1, RUE NICOLAS GARN;;;;690
201400034231;14;8;28;1600;1;2;2;1;3;266;0, RUE DES ANTONINS;;;;690
201400034232;14;8;23;2210;5;2;2;1;6;266;., RUE LOUIS BECKER;;;;690
201400034233;14;8;26;1110;1;2;3;1;3;266;0, BOULEVARD DE LA BATAI;;;;690
201400034234;14;8;27;1020;1;2;2;1;6;266;24, RUE ANTONIN PERRIN;;;;690
201400034235;14;8;31;2055;5;2;2;1;3;266;0, RUE DES COQUELICOTS;;;;690
201400034236;14;9;5;1900;1;2;1;1;7;266;0, RUE DU 4 SEPTEMBRE 17;;;;690
201400034237;14;9;13;2205;3;2;1;1;1;266;0, PONT DE CROIX LUIZET;;;;690
201400034238;14;9;6;1020;1;2;1;1;4;266;425, COURS EMILE ZOLA;;;;690
201400034239;14;9;17;2000;5;2;3;1;3;266;0, RUE MELZET;;;;690
201400034240;14;9;27;1425;1;2;1;1;3;266;243, COURS EMILE ZOLA;;;;690
201400034241;14;9;29;2230;5;2;2;1;3;266;188, AVENUE ROGER SALENG;;;;690
201400034242;14;9;24;2000;5;2;1;2;3;266;0, PONT RAYMOND POINCARE;;;;690
201400034243;14;9;24;1620;1;2;2;1;7;266;0, COURS EMILE ZOLA;;;;690
201400034244;14;10;3;1700;1;2;3;1;4;266;338, COURS EMILE ZOLA;;;;690
201400034245;14;10;4;2200;5;2;1;1;6;266;3, AVENUE ALBERT EINSTEI;;;;690
201400034246;14;10;7;1505;1;2;2;2;3;266;0, RUE PASCAL;;;;690
201400034247;14;10;7;1140;1;2;1;1;6;266;169, COURS TOLSTOI;;;;690
201400034248;14;10;6;1700;1;2;1;1;6;266;18, RUE PAUL VERLAINE;;;;690
201400034249;14;10;10;143;5;2;1;3;6;266;0, BOULEVARD LAURENT BON;;;;690
201400034250;14;10;18;1255;1;2;2;1;6;266;211, COURS EMILE ZOLA;;;;690
201400034251;14;10;19;1330;1;2;1;1;6;266;51, PLACE JULES GRANDCLE;;;;690
201400034252;14;10;23;750;1;2;3;1;3;266;0, RUE FRANCIS DE PRESSE;;;;690
201400034253;14;10;23;1415;1;2;2;1;3;266;51, COURS EMILE ZOLA;;;;690
201400034254;14;10;26;430;5;2;3;1;6;266;., BOULEVARD DE LA BATAI;;;;690
201400034255;14;10;8;1925;5;2;1;1;2;266;28 AVENUE ROGER SALENGR;;;;690
201400034256;14;10;23;1015;1;2;1;1;6;266;331, RUE FRANCIS DE PRES;;;;690
201400034257;14;10;27;815;1;2;3;1;3;266;0, RUE CHARRIN;;;;690
201400034258;14;11;2;1650;1;2;3;1;6;266;., AVENUE MARCEL CERDAN;;;;690
201400034259;14;3;15;2105;5;2;2;1;3;266;0, RUE LEON BLUM;;;;690
201400034260;14;11;7;1410;1;2;1;2;6;266;63, AVENUE ROGER SALENGR;;;;690
201400034261;14;11;10;940;1;2;1;2;6;266;30, RUE GABRIEL PERI;;;;690
201400034262;14;10;11;1835;2;2;2;1;6;386;., AVENUE VERGUIN;;;;690
201400034263;14;11;12;1505;1;2;6;2;6;266;33, RUE FRANCIS DE PRESS;;;;690
201400034264;14;11;15;1650;1;2;3;1;3;266;59, AVENUE GENERAL LECLE;;;;690
201400034265;14;11;17;1700;1;2;1;1;7;266;0, RUE HENRI LEGAY;;;;690
201400034266;14;11;12;1655;2;2;2;8;6;266;171, COURS EMILE ZOLA;;;;690
201400034267;14;11;19;1820;5;2;1;1;6;266;169, COURS TOLSTOI;;;;690
201400034268;14;11;21;1610;1;2;3;1;6;266;., COURS EMILE ZOLA;;;;690
201400034269;14;11;25;1045;1;2;2;1;3;29;294, ROUTE DE GENAS;;;;690
201400034270;14;12;1;1708;5;2;1;1;6;266;., PLACE DES MAISONS NEU;;;;690
201400034271;14;12;2;1700;5;2;1;1;6;266;247, COURS EMILE ZOLA;;;;690
201400034272;14;12;3;1120;1;2;1;1;6;266;247, COURS EMILE ZOLA;;;;690
201400034273;14;12;2;1815;5;2;6;2;6;266;0, COURS ANDRE PHILIP;;;;690
201400034274;14;12;7;1840;3;2;2;8;6;266;., RUE JEAN CLAUDE VIVAN;;;;690
201400034275;14;11;28;1350;1;2;1;1;6;266;COURS EMILE ZOLA;;;;690