num_acc;an;mois;jour;hrmn;lum;agg;int;atm;col;com;adr;gps;lat;long;dep
201400034276;14;12;8;1953;5;2;1;1;6;266;29, RUE DOCTEUR ROLLET;;;;690
201400034277;14;12;9;938;1;2;1;1;3;266;144, RUE LEON BLUM;;;;690
201400034278;14;12;10;1820;5;2;2;2;6;266;0, AVENUE ROGER SALENGRO;;;;690
201400034279;14;12;16;1810;5;2;3;1;6;266;17, COURS TOLSTOI;;;;690
201400034280;14;12;17;1635;1;2;1;3;6;266;BOULEVARD LAURENT BONNEV;;;;690
201400034281;14;12;18;1945;5;2;3;2;6;266;., AVENUE AUGUSTE BLANQU;;;;690
201400034282;14;12;17;1800;5;2;2;3;6;266;., RUE EMILE DECORPS;;;;690
201400034283;14;12;15;1700;4;2;1;1;6;266;19, RUE POIZAT;;;;690
201400034284;14;12;16;2300;5;2;1;2;6;266;427, COURS EMILE ZOLA;;;;690
201400034285;14;12;27;1940;5;2;2;1;6;266;., AVENUE ROGER SALENGRO;;;;690
201400034286;14;12;28;100;5;2;2;2;6;266;., ALLEE DU RHONE;;;;690
201400034287;14;12;17;2245;5;2;1;3;3;266;50, COURS DE LA REPUBLIQ;;;;690
201400034288;14;1;6;1500;1;2;3;1;1;275;0, AVENUE BERNARD PALISS;;;;690
201400034289;14;1;27;725;2;2;2;8;6;275;., RUE RASPAIL;;;;690
201400034290;14;1;31;1930;5;2;1;1;6;275;52, AVENUE JEAN JAURES;;;;690
201400034291;14;2;11;2130;5;2;6;1;6;275;., AVENUE EDOUARD HERRIO;;;;690
201400034292;14;3;24;1655;1;2;1;8;6;275;180, RUE EMILE ZOLA;;;;690
201400034293;14;4;1;2100;5;2;2;1;6;275;., RUE DE LA FRATERNITE;;;;690
201400034294;14;4;11;1615;1;2;1;8;6;275;55, RUE DE LA FRATERNITE;;;;690
201400034295;14;4;14;930;1;2;1;1;6;275;26, BOULEVARD CHARLES DE;;;;690
201400034296;14;4;26;2142;5;2;2;3;6;275;1, AVENUE JEAN JAURES;;;;690
201400034297;14;5;25;1640;1;2;1;1;6;275;0, CHEMIN DU MACHET;;;;690
201400034298;14;6;8;330;5;2;1;1;6;275;183, AVENUE FRANKLIN ROO;;;;690
201400034299;14;6;25;1605;1;2;1;1;6;275;., RUE PAUL BERT;;;;690
201400034300;14;7;5;1800;1;2;2;1;6;275;RUE DE LA FRATERNITE;;;;690
201400034301;14;8;22;1635;1;2;3;1;6;275;170, AVENUE JEAN JAURES;;;;690
201400034302;14;10;1;745;1;2;1;1;3;275;3, ROUTE DE JONAGE;;;;690
201400034303;14;9;11;1740;1;2;6;1;2;275;0, BOULEVARD CHARLES DE;;;;690
201400034304;14;10;2;1000;1;2;4;1;1;275;0, RUE EMILE BERTRAND;;;;690
201400034305;14;10;9;1405;1;2;1;1;3;275;289, AVENUE JEAN JAURES;;;;690
201400034306;14;11;5;1305;1;2;1;2;6;275;49, AVENUE FRANKLIN ROOS;;;;690
201400034307;14;11;5;1855;5;2;3;1;6;275;0, AVENUE JEAN JAURES;;;;690
201400034308;14;11;12;1000;1;2;1;2;7;275;108, RUE DE LA REPUBLIQU;;;;690
201400034309;14;11;19;1935;5;2;3;2;3;275;61, RUE RASPAIL;;;;690
201400034310;14;12;9;1750;5;2;1;1;5;275;39, RUE MARCEAU;;;;690
201400034311;14;12;16;1850;5;2;3;1;6;275;16, AVENUE LOUISE MICHEL;;;;690
201400034312;14;2;11;2330;5;2;3;2;6;282;., RUE DE LA REPUBLIQUE;;;;690
201400034313;14;3;7;10;5;2;6;1;2;282;., AVENUE DE VERDUN;;;;690
201400034314;14;3;8;1950;5;2;6;1;6;282;., BOULEVARD PIERRE MEND;;;;690
201400034315;14;5;26;1335;1;2;3;1;6;282;., CHEMIN DES TACHES;;;;690
201400034316;14;5;28;2055;1;2;2;1;6;282;., AVENUE DE VERDUN;;;;690
201400034317;14;11;5;1125;1;2;3;2;6;282;56, RUE DU 8 MAI 1945;;;;690
201400034318;14;11;5;1800;2;2;3;2;6;282;16, AV DOCTEUR SCHWEI;;;;690
201400034319;14;11;28;1930;5;2;1;1;6;282;0, AVENUE HECTOR BERLIOZ;;;;690
201400034320;14;11;29;1250;1;2;4;1;6;282;3, RUE COSTE ET BELLONTE;;;;690
201400034321;14;12;22;1815;3;2;6;5;6;282;., RUE DE LA REPUBLIQUE;;;;690
201400034322;14;12;30;15;5;2;1;1;6;282;8 ter, RUE DE LA REPUBLI;;;;690
201400034323;14;2;4;1745;5;2;3;2;3;286;AVENUE DE L HIPPODROME;;;;690
201400034324;14;2;4;1730;1;2;1;7;6;286;66, AVENUE DE L EUROPE;;;;690
201400034325;14;2;22;1045;1;2;9;1;3;286;74, ROUTE DE GENEVE;;;;690
201400034326;14;2;26;830;1;1;1;3;3;286;ROUTE DE STRASBOURG;;;;690
201400034327;14;3;29;1745;1;2;1;1;2;286;83, AVENUE DE L EUROPE;;;;690
201400034328;14;4;7;1345;1;2;1;1;2;286;118, ROUTE DE GENEVE;;;;690
201400034329;14;4;14;715;1;2;1;1;6;286;840, ROUTE DU MAS RILLIE;;;;690
201400034330;14;5;4;2120;5;2;2;1;1;286;191, RUE CAPITAINE JULIE;;;;690
201400034331;14;7;9;1750;1;2;1;1;2;286;3070, ROUTE DE STRASBOUR;;;;690
201400034332;14;5;20;1835;1;2;1;1;3;286;264, ROUTE DE STRASBOURG;;;;690
201400034333;14;7;3;2115;2;2;1;1;6;286;1, CHEMIN DES MARTYRS;;;;690
201400034334;14;6;1;1245;1;2;1;1;4;286;15, ROUTE DE STRASBOURG;;;;690
201400034335;14;6;3;1400;1;2;1;1;6;286;58, AVENUE DE L EUROPE;;;;690
201400034336;14;6;6;1617;1;2;1;1;6;286;24, ROUTE DE GENEVE;;;;690
201400034337;14;6;21;915;1;2;1;1;2;286;2133, ROUTE DE STRASBOUR;;;;690
201400034338;14;6;23;1340;1;2;1;1;2;286;83, AVENUE DE L EUROPE;;;;690
201400034339;14;7;17;745;1;1;3;7;3;286;SANS, RUE MARYSE BASTIE;;;;690
201400034340;14;7;31;1750;1;2;1;1;6;286;2179, AVENUE DE L EUROPE;;;;690
201400034341;14;10;17;1755;1;1;2;1;3;286;CHEMIN DE SATHONAY VILLA;;;;690
201400034342;14;8;4;1945;1;2;1;3;7;286;130, AVENUE DE L INDUSTR;;;;690
201400034343;14;8;7;815;1;2;1;1;3;286;672, RUE DES MERCIERES;;;;690
201400034344;14;8;8;930;1;2;1;1;1;286;6, CHEMIN DES BORDUNES;;;;690
201400034345;14;9;11;1515;1;2;1;1;4;286;ROUTE DU MAS RILLIER;;;;690
201400034346;14;11;6;815;1;2;1;1;3;286;ROUTE DE STRASBOURG;;;;690
201400034347;14;10;26;830;1;2;1;1;6;286;67, AVENUE DE L EUROPE;;;;690
201400034348;14;12;22;1900;3;2;1;5;6;286;MONTEE CASTELLANE;;;;690
201400034349;14;12;23;1040;1;2;1;1;4;286;RUE FLEURY SALIGNAT;;;;690
201400034350;14;1;11;1756;5;2;2;1;6;290;52, RUE DU DAUPHINE;;;;690
201400034351;14;1;12;105;3;2;1;1;6;290;CHEMIN DE SAINT BONNET D;;;;690
201400034352;14;1;17;1050;1;2;3;1;6;290;0, RUE DE LA CORDIERE;;;;690
201400034353;14;1;25;2015;5;2;1;1;3;290;42 bis, RUE HENRI MARECH;;;;690
201400034354;14;2;3;730;1;2;1;1;6;290;33/36, RUE DU LYONNAIS;;;;690
201400034355;14;2;5;1105;1;2;1;1;6;290;60, RUE DE L EGALITE;;;;690
201400034356;14;2;7;1810;5;2;2;2;3;290;Boulevard  Berlie;;;;690
201400034357;14;2;18;1745;1;2;6;1;3;290;183, ROUTE DE GRENOBLE;;;;690
201400034358;14;2;19;1405;1;2;2;1;6;290;., RUE JULES FERRY;;;;690
201400034359;14;3;1;940;1;2;1;2;6;290;44, RUE ROBESPIERRE;;;;690
201400034360;14;3;12;817;1;2;5;1;7;290;., RUE DE L AVIATION;;;;690
201400034361;14;3;8;1940;5;2;1;1;6;290;42, RUE HENRI MARECHAL;;;;690
201400034362;14;4;1;1030;1;1;1;1;6;290;., RUE COLETTE;;;;690
201400034363;14;4;14;1855;1;2;1;1;6;290;33-35, RUE HENRI MARECHA;;;;690
201400034364;14;4;20;700;2;2;1;1;6;290;92, ROUTE DE GRENOBLE;;;;690
201400034365;14;4;22;1800;1;2;1;1;6;290;97, ALLEE ALEXANDRE BORO;;;;690
201400034366;14;4;28;1055;1;2;1;1;6;290;16, AVENUE CHARLES DE GA;;;;690
201400034367;14;4;30;1500;1;2;2;1;3;290;0, AVENUE HENRI GERMAIN;;;;690
201400034368;14;5;18;1810;1;2;2;1;6;290;., AVENUE JEAN JAURES;;;;690
201400034369;14;5;12;1258;1;2;3;1;6;290;Boulevard  Berlie;;;;690
201400034370;14;4;25;1450;1;2;2;1;2;290;0, RUE JEAN ZAY;;;;690
201400034371;14;5;30;1250;1;2;2;1;1;290;Boulevard Berlie;;;;690
201400034372;14;5;19;1805;1;2;1;1;6;290;., RUE HENRI MARECHAL;;;;690
201400034373;14;5;30;1700;1;2;2;7;3;290;0, CHEMIN DU LORTARET;;;;690
201400034374;14;6;17;815;1;2;2;1;5;290;COURS DU TROISIEME MILLE;;;;690
201400034375;14;6;21;425;5;2;1;1;6;290;11, RUE DE L AVIATION;;;;690
201400034376;14;6;22;1340;1;2;2;1;3;290;0, BOULEVARD DE LA PORTE;;;;690
201400034377;14;7;1;2010;1;2;2;1;1;290;0, RUE DES PETROLES;;;;690
201400034378;14;7;15;2010;1;2;1;1;6;290;., BOULEVARD ANDRE BOULL;;;;690
201400034379;14;8;1;1210;1;2;1;1;6;290;40, ARISTIDE BRIAND (D 5;;;;690
201400034380;14;8;5;1935;1;2;1;1;6;290;0, BOULEVARD ANDRE BOULL;;;;690
201400034381;14;8;20;1715;1;2;1;1;6;290;51, ROUTE DE GRENOBLE;;;;690
201400034382;14;8;28;1000;1;2;2;1;3;290;0, CHEMIN DE GENAS;;;;690
201400034383;14;9;6;1650;1;2;9;1;6;290;0, RUE DE L AVIATION;;;;690
201400034384;14;9;8;1715;1;2;1;1;6;290;45, AVENUE JEAN JAURES;;;;690
201400034385;14;9;12;1930;1;2;3;1;7;290;2, RUE CALMETTE;;;;690
201400034386;14;9;13;1430;1;2;1;1;3;290;42, RUE HENRI MARECHAL;;;;690
201400034387;14;9;16;2100;5;2;2;1;1;290;0, BOULEVARD DE LA PORTE;;;;690
201400034388;14;9;24;1510;1;2;3;2;7;290;36, RUE DES ETATS UNIS;;;;690
201400034389;14;9;26;2030;5;2;2;1;3;290;Pkg Auchan, A BOULOCHE;;;;690
201400034390;14;9;28;1220;1;2;1;1;7;290;13, MICHEL PETRUCCIANI;;;;690
201400034391;14;10;4;2250;5;2;1;1;3;290;9, DAUPHINE (DU);;;;690
201400034392;14;10;2;2120;5;2;1;1;7;290;17, CORDIERE (DE LA);;;;690
201400034393;14;10;21;1710;1;2;1;1;1;290;74, GARIBALDI;;;;690
201400034394;14;10;23;2007;5;2;1;1;6;29;., AVENUE DE L EUROPE;;;;690
201400034395;14;10;27;815;1;2;2;1;3;290;0, ROUTE DE GRENOBLE;;;;690
201400034396;14;10;28;1935;5;2;3;1;6;290;RUE LYON Cité Berliet;;;;690
201400034397;14;11;5;2314;5;2;1;8;5;290;0, ROUTE DE LYON;;;;690
201400034398;14;11;6;1035;1;2;2;1;3;290;0, RUE EDMOND ROSTAND;;;;690
201400034399;14;11;7;630;5;2;1;1;1;290;119, GRENOBLE (DE)  -  R;;;;690
201400034400;14;11;7;1130;1;2;1;1;2;290;11, ARISTIDE BRIAND (D 5;;;;690
201400034401;14;10;29;1740;5;2;2;1;6;290;., CHEMIN DE SAINT BONNE;;;;690
201400034402;14;11;9;2300;5;2;1;2;6;290;RUE DES PETROLES;;;;690
201400034403;14;11;8;1015;1;2;2;5;3;290;0, BOULEVARD DE LA PORTE;;;;690
201400034404;14;11;18;700;5;2;1;2;6;290;5, EGALITE (DE L');;;;690
201400034405;14;12;8;1730;5;2;1;2;6;283;115, HEYRIEUX (D');;;;690
201400034406;14;12;10;850;1;2;2;1;3;290;., AVIATION (DE L');;;;690
201400034407;14;12;18;1750;4;2;1;2;6;290;211, ROUTE DE GRENOBLE;;;;690
201400034408;14;12;20;50;5;2;2;2;3;290;0, RUE ALFRED DE VIGNY;;;;690
201400034409;14;4;15;715;2;1;1;7;4;285;CD 438;;;;700
201400034410;14;8;12;1730;1;2;3;1;2;285;30 fbg de Belfort;;;;700
201400034411;14;10;14;1945;5;2;1;1;1;285;MONT VAUDOIS (RUE DU);;;;700
201400034412;14;10;18;1850;2;2;6;1;6;285;1, MONT VAUDOIS (RUE DU);;;;700
201400034413;14;12;11;640;5;2;3;2;1;285;54, MONTBELIARD (FAUBOUR;;;;700
201400034414;14;1;4;1200;1;2;1;1;1;550;rue Jacques Terrier;;;;700
201400034415;14;1;6;1510;1;2;3;1;3;550;10, SAINT LOUP (RUE DE);;;;700
201400034416;14;1;15;1525;1;2;1;1;7;550;COMMERCE (PLACE DU);;;;700
201400034417;14;1;17;730;5;2;1;2;6;550;Quai Yves Barbier;;;;700
201400034418;14;1;17;1925;5;2;6;1;3;550;rue Grosjean;;;;700
201400034419;14;1;27;735;5;1;6;2;3;550;;;;;700
201400034420;14;2;11;1210;1;2;3;1;6;550;BARBIER (QUAI YVES);;;;700
201400034421;14;2;18;1740;1;1;1;1;4;550;ROCADE OUEST - RD 457;;;;700
201400034422;14;2;28;1800;2;2;1;1;2;550;ROCADE OUEST - RD 457;;;;700
201400034423;14;2;24;1505;1;2;1;1;7;550;RUE EDOUARD BELIN;;;;700
201400034424;14;3;10;950;1;2;6;1;3;513;RIVES DU LAC (AVENUE DES;;;;700
201400034425;14;4;5;2220;5;2;1;1;3;550;rue Dr Courvoisier;;;;700
201400034426;14;4;11;1315;1;2;1;1;3;550;Maison des Agriculteurs;;;;700
201400034427;14;5;19;1220;1;1;1;1;3;388;RUE DE LA VAIVRE;;;;700
201400034428;14;5;25;700;2;2;1;1;6;550;16, RENET (PLACE PIERRE);;;;700
201400034429;14;5;27;1905;1;2;3;1;3;550;TERRIER (RUE JACQUES);;;;700
201400034430;14;6;23;1350;1;2;1;1;2;550;29, MUENIER (RUE );;;;700
201400034431;14;7;17;915;1;2;1;1;3;207;96, HUGO (AVENUE VICTOR);;;;700
201400034432;14;7;20;1130;1;2;1;1;7;550;17, SAINT GEORGES (RUE);;;;700
201400034433;14;8;14;1520;1;2;1;3;3;550;rue Victor Dolle;;;;700
201400034434;14;9;21;600;5;2;1;2;1;388;RD13;;;;700
201400034435;14;10;20;1905;5;1;1;3;1;261;ROZARD (RUE MARCEL );;;;700
201400034436;14;10;22;1150;1;2;1;1;1;513;14, PEUPLIERS (RUE DES);;;;700
201400034437;14;11;7;1750;5;2;1;1;6;550;21, ALLIES (BOULEVARD DE;;;;700
201400034438;14;12;3;750;2;2;1;1;7;513;BREUIL (AVENUE DU);;;;700
201400034439;14;12;18;750;2;2;1;2;6;550;15, RENET (PLACE PIERRE);;;;700
201400034440;14;1;3;1020;1;2;1;1;6;76;3 rue A DE  MUSSET;M;4680935;484272;710
201400034441;14;1;8;1800;5;2;1;1;6;445;14 rue RENE CASSIN;M;4677251;486858;710
201400034442;14;1;14;1920;5;2;1;1;6;76;1 avenue de VERDUN;M;4677670;485467;710
201400034443;14;1;11;1430;1;2;9;1;3;76;avenue de  PARIS;M;4679174;484968;710
201400034444;14;2;3;1710;1;2;1;1;6;475;rue PIERRE MENDES FRANCE;M;4676923;482673;710
201400034445;14;2;9;1917;3;1;1;1;1;445;RD673;M;4678502;490862;710
201400034446;14;2;9;1810;2;2;1;6;3;76;AVENUE KENNEDY;M;4680258;486134;710
201400034447;14;3;4;1655;1;2;1;1;6;118;32 bis GENERAL DE GAULL;M;4679514;481596;710
201400034448;14;3;16;1700;1;2;9;1;3;76;quai SAINTE MARIE;M;4678251;486241;710
201400034449;14;3;17;1935;2;2;1;1;2;76;avenue PONT DE BOURGOGNE;M;4678672;486683;710
201400034450;14;4;1;1415;1;2;1;1;6;118;rue CONDORCET;M;4679662;481104;710
201400034451;14;4;2;1450;1;2;1;1;6;76;rue des SENTIERS;M;4679837;485556;710
201400034452;14;4;8;1915;1;1;9;1;3;475;RD673;;;;710
201400034453;14;4;15;1040;1;2;9;1;6;76;24, MOULIN (RUE JEAN );;;;710
201400034454;14;4;16;925;1;2;4;1;3;445;2, VARENNE (RUE DE LA);;;;710
201400034455;14;5;14;1840;1;2;1;8;1;475;11 RUE DE LA  ROSERAIE;M;4676772;482139;710
201400034456;14;5;15;1540;1;2;9;1;6;76;RUE CAPITAINE DRILLIEN;M;4677496;483686;710
201400034457;14;6;4;925;1;1;1;2;6;445;;;;;710
201400034458;14;6;25;840;1;2;1;1;4;445;RD673;;;;710
201400034459;14;6;26;2110;1;2;3;1;3;76;LEDRU ROLLIN;M;4678950;483410;710
201400034460;14;6;4;1015;1;2;1;2;6;76;2 rue O MESSIAEN;M;4677957;484680;710
201400034461;14;7;17;1940;1;2;3;1;4;76;18 QUAI MESSAGERIES;M;4678040;485668;710
201400034462;14;7;18;1335;1;2;1;1;6;76;10 RUE JEAN MOULIN;M;4678381;484682;710
201400034463;14;7;25;1700;1;2;6;1;3;76;1 rue louis  THENARD;M;4681031;485373;710
201400034464;14;7;23;1805;1;2;1;1;6;76;AVENUE MONNOT;;;;710
201400034465;14;8;22;1015;1;2;1;1;6;76;AVENUE BOUCICAUT;M;4678593;484119;710
201400034466;14;9;1;1900;1;2;1;1;6;76;14 QUAI DES  MESSAGERIES;M;4678041;485675;710
201400034467;14;9;6;1915;1;2;1;1;1;76;30A PAUL ELUARD;M;4680013;486339;710
201400034468;14;9;11;1710;1;2;9;1;3;76;avenue de  PARIS;;;;710
201400034469;14;9;23;1830;1;2;1;1;3;76;rue de l ALMA;M;4677735;484778;710
201400034470;14;10;8;1550;1;2;1;1;2;76;68 AVENUE DE PARIS;M;4679139;484977;710
201400034471;14;10;11;130;5;2;2;2;6;76;quai SAINT COSME;M;4677810;485119;710
201400034472;14;10;11;1445;1;2;1;1;6;445;9 GRANDE RUE;M;4677608;488741;710
201400034473;14;10;23;2125;3;1;1;2;6;445;RD 978 B;M;4676150;487785;710
201400034474;14;10;24;1640;1;2;1;1;2;475;route de LYON;M;4676301;484254;710
201400034475;14;10;24;1835;5;2;1;1;5;445;19 GRANDE RUE;M;4677603;488792;710
201400034476;14;10;15;1720;1;2;1;1;6;445;49 GRANDE RUE;M;4677567;488974;710
201400034477;14;11;21;905;1;2;3;1;6;475;42 ROUTE DE GIVRY;M;4677398;482576;710
201400034478;14;11;27;945;1;2;1;2;6;76;44 avenue NIEPCE;M;4678005;484914;710
201400034479;14;12;5;2005;5;2;1;1;1;76;avenue KENNEDY;;;;710
201400034480;14;12;27;1545;1;2;1;1;6;76;11 chemin de  COUDRE;M;4679971;484947;710
201400034481;14;1;3;1135;1;2;1;2;6;153;BOULEVARD SAINT ANTOINE;;;;710
201400034482;14;2;4;1315;1;2;2;1;6;153;rue PRESIDENT WILSON;M;4679638;442919;710
201400034483;14;2;4;1320;1;2;9;1;6;153;boulevard SCHNEIDER;M;4680604;442796;710
201400034484;14;3;12;1555;1;2;9;1;1;153;rue de YOUGOSLAVIE;;;;710
201400034485;14;4;1;945;1;2;1;1;6;153;26, MONTCENIS (ROUTE DE);;;;710
201400034486;14;4;30;1750;1;2;9;1;6;59;route de COUCHES;;;;710
201400034487;14;8;24;1710;1;2;1;1;6;153;RUE CHAPTAL;M;4681161;442517;710
201400034488;14;9;7;845;3;2;1;1;6;309;LES MINOTS;;;;710
201400034489;14;9;12;1235;1;2;9;1;6;153;boulevard SCHNEIDER;;;;710
201400034490;14;11;17;745;1;1;9;2;6;540;hauteur RN 80;;;;710
201400034491;14;12;9;1935;5;2;1;1;2;153;RUE MARECHAL FOCH;;;;710
201400034492;14;1;6;755;2;2;1;1;3;270;1 rue de  NORMANDIE;M;4632031;483155;710
201400034493;14;2;8;2145;5;2;2;1;5;270;quai lamartine;;;;710
201400034494;14;2;15;1115;1;2;2;1;3;270;route de la grande charr;M;4627805;477667;710
201400034495;14;2;23;1630;1;2;2;1;3;105;rue du  LAVOIR;M;4630759;481778;710
201400034496;14;3;28;1945;5;2;1;1;6;270;rue marechal JUIN;M;4632015;483511;710
201400034497;14;3;31;1146;1;1;1;1;3;270;place  SAINT-PIERRE;M;4630406;483127;710
201400034498;14;4;15;1715;1;2;1;1;6;270;GAMBETTA (RUE);;;;710
201400034499;14;5;1;2355;5;2;1;2;6;270;Carrefour MENDES FRANCE;M;4629013;481311;710
201400034500;14;5;5;1715;1;2;1;1;6;270;GILLETS  SENNECE;M;4635592;483572;710
201400034501;14;7;20;2055;2;2;6;2;6;497;BD GENERAL DE GAULLE;;;;710
201400034502;14;8;4;2225;5;1;6;1;1;270;Rue des Grands Crus;M;4628468;478140;710
201400034503;14;8;14;1445;1;2;1;1;3;270;1RUE DE  SANCE;;;;710
201400034504;14;9;8;1750;1;2;6;1;3;270;1 Rue de la Rocade;M;4631925;481441;710
201400034505;14;9;20;2030;3;2;1;1;6;105;ROUTE DE DAVAYE;;;;710
201400034506;14;10;12;305;5;2;1;1;6;270;1rue  KILOMETRE 400;M;4632826;484309;710
201400034507;14;10;25;205;5;2;1;1;6;270;90 rue de STRASBOURG;M;4630737;483570;710
201400034508;14;10;24;930;1;2;1;1;6;270;1avenue de la GARE;M;4630301;482555;710
201400034509;14;11;29;1915;5;2;1;8;3;497;BD GENERAL DE GAULLE;;;;710
201400034510;14;12;6;2150;3;1;1;1;3;497;;;;;710
201400034511;14;3;7;1530;1;1;1;1;5;40;RN 70;;;;710
201400034512;14;3;15;1640;1;2;1;1;3;306;94 quai JULES CHAGOT;M;4666953;435590;710
201400034513;14;6;7;1035;1;2;1;1;3;306;53 rue BEAUBERNARD;M;4666965;436654;710
201400034514;14;6;17;1825;1;2;5;1;1;486;rue VICTOR HUGO;;;;710
201400034515;14;6;26;1845;1;2;1;1;6;306;1ave MARECHAL LECLERC;;;;710
201400034516;14;6;29;1600;1;1;1;1;1;40;RN 70;M;4670110;439377;710
201400034517;14;7;2;1610;1;2;1;1;7;306;5  DE LATTRE DE TASSIGNY;M;4667725;436881;710
201400034518;14;9;23;1625;1;2;1;1;6;306;Avenue des  ALOUETTES;M;4668126;436348;710
201400034519;14;10;9;735;2;1;1;1;1;40;RN 70;;;;710
201400034520;14;11;2;510;5;2;1;1;7;306;10 rue de la  COUDRAIE;M;4669092;435474;710
201400034521;14;11;1;1700;1;2;1;7;6;306;avenue MARECHAL LECLERC;;;;710
201400034522;14;11;8;640;4;2;1;1;7;306;1 RUE DE  BEL AIR;M;4667607;436952;710
201400034523;14;11;7;1550;1;2;1;1;6;306;rue jean bouveri;M;4667160;436462;710
201400034524;14;1;16;2325;5;2;2;1;3;181;DEMORIEUX ENTRE PT CHEM;;;;720
201400034525;14;1;28;1808;5;2;1;2;7;181;Robert Jarry (Bd);;;;720
201400034526;14;2;4;815;1;1;1;1;1;181;LAVAL (RTE DE) PAIRS;M;4801743;14158;720
201400034527;14;3;2;420;5;2;1;1;2;181;198, DEMORIEUX ENTRE PT;;;;720
201400034528;14;3;20;1400;1;2;1;1;6;181;142, DURAND GEORGES (AV);;;;720
201400034529;14;3;29;1240;1;2;1;1;3;3;RATERIE (RUE DE LA);;;;720
201400034530;14;4;4;520;5;2;1;1;6;181;MITTERAND FRANCOIS (AV);;;;720
201400034531;14;5;5;1725;1;2;2;1;3;181;LIBOISNE (RUE DE);;;;720
201400034532;14;5;31;1340;1;2;1;1;2;181;GLONNIERES (BD)  IMP;;;;720
201400034533;14;5;22;615;2;2;1;2;3;181;GENESLAY FELIX (AV) N? I;;;;720
201400034534;14;6;14;1220;1;2;6;1;3;181;2 LEFAUCHEUX PIERRE (BD;;;;720
201400034535;14;6;12;1014;1;2;1;1;6;181;LOUIS BLANC (QUAI);;;;720
201400034536;14;6;16;2100;1;2;1;7;2;181;3  ETAMINES (RUE DES);;;;720
201400034537;14;6;27;1145;1;2;1;1;6;181;12  REPUBLIQUE (PL)  1;;;;720
201400034538;14;9;13;145;5;2;2;1;3;181;ESTIENNE D'ORVES (BD D');;;;720
201400034539;14;9;25;1300;1;2;1;1;5;181;PAPIN DENIS (RUE);;;;720
201400034540;14;10;12;2010;5;2;1;2;6;181;8, BOUSSINIERE ED (PL DE;;;;720
201400034541;14;10;18;1400;1;2;2;1;3;181;LEFAUCHEUX PIERRE (BD);;;;720
201400034542;14;11;15;500;5;2;1;1;6;181;CONSTANTINE (RUE DE);;;;720
201400034543;14;3;8;1203;1;2;2;1;3;8;ROOSEVELT FRANKLIN AVENU;M;4570580;591080;730
201400034544;14;3;4;1110;1;2;6;1;6;8;Boulevard Wilson;M;4569000;590940;730
201400034545;14;4;8;1300;1;2;3;1;3;8;GAULLE GENERAL DE AVENUE;M;4568790;591250;730
201400034546;14;3;20;1620;1;2;1;1;6;8;13, MOLLEX GASTON BOULEV;M;4571620;588780;730
201400034547;14;4;30;1050;1;2;1;1;6;8;9, MOULIN JEAN SQUARE;M;4568820;591460;730
201400034548;14;7;4;1855;1;2;9;2;7;8;ROCHE DU ROI BOULEVARD D;M;4568100;591280;730
201400034549;14;7;19;1610;1;2;1;1;7;8;BAYE CHEMIN DE LA;M;4570600;592540;730
201400034550;14;11;25;1730;5;2;1;1;3;8;200, SIMOND ST AVENUE;M;4571210;591860;730
201400034551;14;11;18;1955;5;2;1;3;6;8;LATTRE DE TASSIGNY AVENU;M;4569490;590500;730
201400034552;14;3;27;748;1;2;3;1;3;11;265, CHARRETTE (CHEMIN D;M;4566240;636560;730
201400034553;14;4;15;1200;1;2;2;1;1;11;21, CHAUTEMPS (RUE FELIX;M;4567430;638830;730
201400034554;14;10;23;1605;1;1;1;1;2;11;R.N. 90 DE PT PIERRE DU;;;;730
201400034555;14;12;5;1740;5;2;9;1;5;11;48, CHASSEURS ALPINS (AV;M;4567055;639127;730
201400034556;14;1;9;1800;5;2;2;1;3;65;LYON (AVENUE DE);M;4556290;590810;730
201400034557;14;1;18;915;1;2;1;1;6;65;LEMENC (BOULEVARD);M;4556960;592240;730
201400034558;14;2;14;1950;5;2;1;1;2;31;TURIN (AVENUE DE);M;4557130;594040;730
201400034559;14;3;25;1355;1;2;6;1;6;31;Gonrat (Chemin);M;4557420;593700;730
201400034560;14;4;7;925;1;2;1;1;3;65;REPOS (AVENUE DU);M;4557490;590640;730
201400034561;14;5;13;1630;1;1;1;8;1;65;MENDES FRANCE PIERRE(AVE;M;4559290;591380;730
201400034562;14;5;25;1255;1;2;1;1;6;65;260, FERHAT ET FOURMI (R;M;4560070;591770;730
201400034563;14;6;11;1430;1;2;4;1;3;65;MACHE (FAUBOURG);M;4556290;590820;730
201400034564;14;6;30;1745;1;2;3;1;6;65;118, BIOLLAY (CHEMIN DU);M;4556290;590820;730
201400034565;14;6;21;1650;1;2;2;1;3;65;LARZAC (RUE DU);M;4559970;591620;730
201400034566;14;7;15;1250;1;2;1;1;6;65;LYON (AVENUE DE);M;4556380;591470;730
201400034567;14;7;19;1615;1;2;3;1;1;65;1, MICHAUD (RUE), JACQUE;M;4556260;592510;730
201400034568;14;7;18;1845;1;2;1;1;3;65;ONZE NOVEMBRE ( QUAI DU);M;4556760;593770;730
201400034569;14;7;29;1820;1;2;1;3;1;65;LYON (AVENUE DE);;;;730
201400034570;14;11;1;2150;5;2;6;1;1;65;Route de la Labiaz;M;4556870;589230;730
201400034571;14;11;3;1130;1;2;1;1;1;65;LANDIERS (AVENUE DES);M;4559887;589461;730
201400034572;14;11;21;1745;5;2;6;1;6;222;EPINE (AVENUE DE L');M;4557986;592256;730