num_acc;an;mois;jour;hrmn;lum;agg;int;atm;col;com;adr;gps;lat;long;dep
201400034573;14;12;13;1630;2;1;1;1;4;65;VOIE RAPIDE URBAINE;M;4558994;589975;730
201400034574;14;1;8;1345;1;2;1;1;3;10;BOULEVARD DU FIER;;;;740
201400034575;14;1;17;920;1;2;1;1;6;10;2 AVENUE DE  BROGNY;;;;740
201400034576;14;1;23;1235;1;2;1;2;6;10;37 AVENUE DE NOVEL;;;;740
201400034577;14;1;24;2220;5;2;6;1;2;10;AVENUE DE GENEVE/ROCADE;;;;740
201400034578;14;2;2;1742;2;1;6;1;6;10;ROUTE DE VOVRAY;;;;740
201400034579;14;2;7;1815;5;2;3;3;6;10;AVENUE DE FRANCE/THONES;;;;740
201400034580;14;2;12;2056;5;2;2;1;2;10;BOULEVARD DE LA ROCADE;;;;740
201400034581;14;2;13;308;5;2;6;3;6;10;BOULEVARD DU LYCEE;;;;740
201400034582;14;2;27;1915;5;2;1;2;6;10;7 BOULEVARD DU LYCEE;;;;740
201400034583;14;2;28;955;1;2;6;1;6;10;AVENUE DU BEL AIR;;;;740
201400034584;14;3;8;1622;1;2;1;1;6;10;RUE  VAUGELAS;;;;740
201400034585;14;3;8;925;1;2;1;1;6;93;3, PIERRE MENDES-FRANCE;;;;740
201400034586;14;3;11;1610;1;2;6;1;6;10;17 AV DES MARQUISATS;;;;740
201400034587;14;3;31;1055;1;2;1;1;6;10;11 CHEMIN CRET DU MAURE;;;;740
201400034588;14;4;9;802;1;2;6;1;3;93;.ROUTE DE CHEVENNES;;;;740
201400034589;14;4;7;955;1;1;1;1;2;93;VRU RD 3508;;;;740
201400034590;14;4;15;1055;1;2;6;1;3;93;AVENUE DE LA REPUBLIQUE;;;;740
201400034591;14;4;17;1845;1;2;6;1;1;10;AVENUE DE CRAN;;;;740
201400034592;14;4;24;1932;1;2;4;2;6;10;RUE SOMMEILLER;;;;740
201400034593;14;4;24;1725;1;2;1;1;6;10;AVENUE DES  MARQUISATS;;;;740
201400034594;14;5;3;1126;1;2;6;1;6;93;CHEVENNES/HARMONIES;;;;740
201400034595;14;5;6;1925;1;2;1;2;3;10;34, LOVERCHY (CIMETIERE);;;;740
201400034596;14;5;19;1720;1;2;1;1;6;10;21, BD DE LA ROCADE;;;;740
201400034597;14;5;26;2010;2;2;6;1;6;10;AVENUE DU RHONE;;;;740
201400034598;14;5;29;2010;1;2;1;1;6;10;45,ROUTE DE VOVRAY;;;;740
201400034599;14;5;30;1200;1;2;6;1;6;10;AV GAMBETTA/ PLAINE;;;;740
201400034600;14;6;11;1000;1;2;1;1;6;10;9, BOULEVARD DECOUX;;;;740
201400034601;14;6;11;1120;1;2;3;1;6;10;RUE DES ARAVIS;;;;740
201400034602;14;6;18;1530;1;2;1;1;6;10;AV DU RHONE;;;;740
201400034603;14;6;22;1856;1;2;1;1;6;10;27, AVENUE D'ALBIGNY;;;;740
201400034604;14;6;23;603;1;1;1;1;1;10;VOIE RAPIDE PRINGY;;;;740
201400034605;14;6;30;2200;2;2;1;1;3;10;76, AVENUE DE BROGNY;;;;740
201400034606;14;7;17;1740;1;2;1;1;3;10;87, BOULEVARD DU FIER;;;;740
201400034607;14;7;25;1746;1;2;1;1;6;10;109, AVENUE DE  GENEVE;;;;740
201400034608;14;7;29;1300;1;2;2;2;6;10;RUE SOMMEILLER;;;;740
201400034609;14;7;31;845;1;2;1;1;1;10;6, AVENUE DE CHAMBERY;;;;740
201400034610;14;8;3;7;5;2;1;3;6;10;7, AVENUE D'ALBIGNY;;;;740
201400034611;14;8;8;1505;1;2;9;1;6;93;12, AVENUE DE  GEVRIER;;;;740
201400034612;14;8;20;1225;1;2;1;1;6;10;AVENUE DE CHEVESNES;;;;740
201400034613;14;9;9;1015;1;1;1;1;5;10;46, BD DE LA ROCADE;;;;740
201400034614;14;10;10;830;1;1;6;2;7;93;ROUTE DES CREUSES;;;;740
201400034615;14;10;10;800;2;2;1;2;6;10;134, AVENUE DE GENEVE;;;;740
201400034616;14;10;11;1120;1;2;3;2;3;10;AVENUE DE GENEVE;;;;740
201400034617;14;10;14;1555;1;2;3;1;6;93;9 AV. DE LA REPUBLIQUE;;;;740
201400034618;14;10;28;2230;5;2;3;1;3;10;1  BD DU FIER;;;;740
201400034619;14;11;8;2020;5;2;1;1;7;10;44 AVENUE DE GENEVE;;;;740
201400034620;14;11;18;1745;5;2;1;1;6;10;2, AVENUE DE  BROGNY;;;;740
201400034621;14;11;21;1825;5;2;3;1;3;10;11, AVENUE D'ALBIGNY;;;;740
201400034622;14;12;11;1737;3;2;1;2;6;93;ROUTE D'AIX LES BAINS;;;;740
201400034623;14;12;19;1610;1;2;1;1;6;93;AVENUE DE  GEVRIER;;;;740
201400034624;14;12;29;1710;5;2;3;4;6;10;RUE DE LA POSTE;;;;740
201400034625;14;1;17;600;5;2;1;3;6;12;RUE DE ROMAGNY;;;;740
201400034626;14;2;11;1130;1;2;2;1;6;12;RUE DU FOSSARD;;;;740
201400034627;14;3;15;1415;1;2;1;1;3;12;49, RUE DE ROMAGNY;;;;740
201400034628;14;3;15;1445;1;2;1;1;7;305;14 RUE DES VOIRONS;;;;740
201400034629;14;4;11;2050;3;2;1;1;6;133;RUE DE L'INDUSTRIE;;;;740
201400034630;14;4;14;1725;1;2;3;1;6;8;AVENUE DE GENEVE;;;;740
201400034631;14;4;16;1040;1;2;1;1;3;12;26, AVENUE DU LEMAN;;;;740
201400034632;14;4;16;1500;1;2;1;1;6;12;12 AV CHARLES DE GAULLE;;;;740
201400034633;14;4;24;745;1;2;1;1;6;12;16, RUE DU BEULET;;;;740
201400034634;14;5;18;1005;1;2;1;1;6;305;24, RUE ALBERT HENON;;;;740
201400034635;14;6;18;650;1;2;3;1;3;12;QUAI D'ARVE/RUE  JARDINS;;;;740
201400034636;14;7;7;2140;5;1;1;3;3;118;2, RUE DU 18 AOUT;;;;740
201400034637;14;8;1;1635;1;2;1;1;6;12;RUE DE GENEVE;;;;740
201400034638;14;9;1;320;5;2;1;2;6;12;02,AVENUE DE L' EUROPE;;;;740
201400034639;14;8;29;1130;1;2;3;1;6;12;AVENUE DU LEMAN;;;;740
201400034640;14;9;3;910;1;2;1;1;3;133;RUE DE GENEVE;;;;740
201400034641;14;9;16;1640;1;2;1;1;6;305;RUE DU SOLEIL LEVANT;;;;740
201400034642;14;9;17;1600;1;2;1;1;3;12;02,AVENUE DE L' EUROPE;;;;740
201400034643;14;9;11;1520;1;2;6;1;3;12;ROUTE DES VALLEES;;;;740
201400034644;14;9;25;920;1;2;3;1;6;305;RUE ALBERT HENON;;;;740
201400034645;14;9;1;1530;1;2;1;1;5;8;RUE DE GENEVE;;;;740
201400034646;14;9;23;750;1;2;3;7;6;12;35, RUE DE GENEVE;;;;740
201400034647;14;10;19;530;3;2;1;1;7;118;CHEMIN CRET DE LA CROIX;;;;740
201400034648;14;10;26;1305;1;2;1;1;3;12;23, ROUTE D'ETREMBIERES;;;;740
201400034649;14;11;27;2000;5;2;3;1;3;12;AV CHARLES DE GAULLE;;;;740
201400034650;14;11;26;1645;2;2;2;1;3;12;AVENUE JULES FERRY;;;;740
201400034651;14;12;9;940;1;2;3;9;3;12;QUAI D'ARVE/AV BROUAZ;;;;740
201400034652;14;1;7;1415;1;2;3;7;6;281;RUE DU PAMPHIOT;;;;740
201400034653;14;1;7;1630;1;2;3;1;3;281;9, BD GEORGES ANDRIER;;;;740
201400034654;14;1;31;1830;5;2;1;1;6;218;285,AVENUE DE LA  RIVE;;;;740
201400034655;14;2;19;707;5;2;1;1;6;119;QUAI PAUL LEGER;;;;740
201400034656;14;3;9;1848;5;2;1;1;3;200;1427, AVENUE DE MILLY;;;;740
201400034657;14;3;17;2325;5;2;1;1;6;200;1811,AVENUE DE  MILLY;;;;740
201400034658;14;3;28;956;1;2;1;1;6;200;1331 AVENUE D' ABONDANCE;;;;740
201400034659;14;4;17;1325;1;2;1;1;6;281;AVENUE JULES FERRY;;;;740
201400034660;14;4;28;1500;1;2;1;2;3;281;ROUTE DE VONGY;;;;740
201400034661;14;5;11;1550;1;2;1;6;6;281;16, AVENUE DES  ALLINGES;;;;740
201400034662;14;5;14;1215;1;2;2;8;6;281;LIBERATION/CH LA RONDE;;;;740
201400034663;14;5;18;910;1;2;1;1;5;281;112, BD DE LA CORNICHE;;;;740
201400034664;14;5;19;1900;1;2;1;1;3;281;13,BD GEORGE ANDRIER;;;;740
201400034665;14;5;22;2145;5;2;2;3;3;218;AVENUE DE LA RIVE;;;;740
201400034666;14;5;26;1710;1;2;6;1;3;281;ROND POINT DE LETROZ;M;4635784;645133;740
201400034667;14;5;21;1920;1;2;1;1;3;281;AVENUE DES PRES VERTS;;;;740
201400034668;14;5;18;845;1;2;1;1;1;218;341,AVENUE DE LA RIVE;;;;740
201400034669;14;6;1;1320;1;2;1;1;1;172;1345, ROUTE NATIONALE;;;;740
201400034670;14;5;28;1640;1;2;1;1;6;119;25 AVENUE DETANCHE;;;;740
201400034671;14;6;10;1305;1;2;1;1;6;281;ROUTE DE LA VERSOIE;;;;740
201400034672;14;6;30;1700;1;1;2;7;3;119;ROUTE LA CORNICHE/ GAVOT;;;;740
201400034673;14;6;29;1825;1;2;1;1;3;281;59, AVENUE JULES FERRY;;;;740
201400034674;14;7;4;1840;1;1;1;3;2;281;RD 1005;;;;740
201400034675;14;7;11;1720;1;2;3;1;6;281;11, AV DE GAULLE;;;;740
201400034676;14;7;17;1225;1;2;1;1;2;281;87, AVENUE DE GAULLE;;;;740
201400034677;14;7;23;2100;2;1;1;1;7;281;RD 1005;;;;740
201400034678;14;7;4;1840;1;2;1;2;6;13;9 AVENUE DU PRE ROBERT;;;;740
201400034679;14;9;10;1420;1;1;1;1;6;281;ROUTE D'ARMOY;;;;740
201400034680;14;10;15;540;5;2;1;2;3;119;AVENUE D'ABONDANCE;;;;740
201400034681;14;10;17;1835;1;2;1;1;3;119;17 QUAI PAUL LEGER;;;;740
201400034682;14;10;30;1825;5;2;2;1;3;281;AV CHARLES DE GAULLE;;;;740
201400034683;14;11;1;236;5;2;1;1;1;218;AVENUE DE RIVE;;;;740
201400034684;14;12;16;1955;5;2;1;1;7;200;634, AV LECHEROT;;;;740
201400034685;14;12;23;950;1;2;3;7;3;281;8, RUE DE VERDUN;;;;740
201400034686;14;2;7;730;5;2;1;3;6;476;R MESSAGER HENRI;M;4948816;56804;760
201400034687;14;3;4;1110;1;2;3;1;3;329;R DE L ABBAYE;M;4955060;49110;760
201400034688;14;6;5;1735;1;1;3;1;3;384;RTE DE PORT JEROME;M;4950141;53322;760
201400034689;14;9;13;1215;1;1;1;1;7;384;RTE DE SAINT ROMAIN;M;4952416;52698;760
201400034690;14;10;19;1850;1;2;1;1;6;114;43, R DE LA GREGEOTTE;M;4956520;46287;760
201400034691;14;1;4;100;5;2;1;1;6;217;13, R JOSEPH BRUNEL;M;4992637;108696;760
201400034692;14;1;10;1040;1;1;3;1;2;545;RD 154E;M;4990151;111889;760
201400034693;14;1;14;1025;1;1;1;7;2;545;RD 154E;M;4990720;110435;760
201400034694;14;1;18;950;1;2;6;1;3;26;;M;4988172;112622;760
201400034695;14;1;21;930;1;1;2;1;3;565;R DES CANADIENS;M;4989578;107429;760
201400034696;14;2;3;1035;1;2;2;1;6;217;1, R VICTOR HUGO;M;4992463;107519;760
201400034697;14;2;7;1910;5;2;3;1;6;26;2, R DE LA CHAUSSEE;M;4988058;113001;760
201400034698;14;2;12;1005;1;2;2;1;6;217;5, DESMARQUETS;M;4992021;107700;760
201400034699;14;2;19;1530;1;2;2;1;3;217;26, CRS DE DAKAR;M;4991527;109412;760
201400034700;14;2;21;2010;3;1;1;1;6;414;D1;M;4989634;114004;760
201400034701;14;3;6;2230;5;2;1;1;6;217;R DU  SAINT-LAURENT;M;4990834;108016;760
201400034702;14;3;8;1945;3;1;1;1;6;217;RD 925;M;4990825;105670;760
201400034703;14;3;9;1455;1;1;2;1;3;217;ROC DES GRAVES DE MER;M;4993147;111199;760
201400034704;14;3;17;1805;1;1;1;1;5;565;RD 915;M;4988682;108612;760
201400034705;14;3;27;2100;5;1;1;1;6;545;RD 154E;M;4990266;111677;760
201400034706;14;3;28;1355;1;2;1;1;6;217;13bis, AVENUE JEAN JAURE;M;4991327;107187;760
201400034707;14;4;5;340;5;2;1;1;6;545;RD 154;M;4989264;111632;760
201400034708;14;4;9;1005;1;2;2;1;3;217;R CLAUDE DELVINCOURT;M;4991466;106443;760
201400034709;14;4;10;1550;1;2;1;1;6;217;BD MARECHAL JOFFRE;M;4992293;107654;760
201400034710;14;4;25;1340;1;1;1;8;4;324;RD 925;M;4993162;114376;760
201400034711;14;6;7;1315;1;2;1;1;7;217;37, BD DE VERDUN;M;4992878;107916;760
201400034712;14;6;14;1655;1;2;3;1;3;26;R DU 11 NOVEMBRE;M;4988671;112243;760
201400034713;14;6;15;1220;1;1;1;1;4;707;RD 915;M;4987182;110126;760
201400034714;14;6;19;2229;2;2;3;1;3;217;5, RTE DE BONNE NOUVELLE;M;4992452;109064;760
201400034715;14;6;20;1200;1;2;3;1;3;217;129, QU HENRI IV;M;4992948;108421;760
201400034716;14;6;26;1115;1;1;1;1;2;217;RD 927;M;4991098;108467;760
201400034717;14;6;29;1530;1;2;1;1;1;565;350,R DE LA LIBERATION;M;4988934;106809;760
201400034718;14;7;4;1255;1;2;1;1;7;217;40, R DE LA VICTOIRE;M;4992732;109665;760
201400034719;14;7;16;145;3;1;1;1;6;217;RD 75;M;4992042;105118;760
201400034720;14;7;22;2145;1;2;1;1;6;565;RD 927;M;4988280;106786;760
201400034721;14;7;24;1500;1;1;1;1;7;565;;M;4987142;108389;760
201400034722;14;8;2;1900;1;2;1;1;3;565;;M;4987427;106889;760
201400034723;14;8;3;145;5;2;6;5;3;217;RD POINT DES CANADIENS;M;4991130;107573;760
201400034724;14;8;3;1620;1;2;5;1;3;217;2, AV LEON GAMBETTA;M;4992275;107319;760
201400034725;14;8;7;1655;1;1;1;1;3;565;;M;4988682;108612;760
201400034726;14;8;8;1915;1;2;1;1;6;217;5, PL HENRI DUNANT;M;4992891;110164;760
201400034727;14;8;10;1750;1;2;1;1;3;217;26, PL HENRI DUNANT;M;4992921;110249;760
201400034728;14;8;10;1720;1;2;1;1;2;217;14, QU DU CARENAGE;M;4992697;108293;760
201400034729;14;8;30;1515;1;2;1;2;3;565;217, RTE DE ROUEN;M;4986700;107107;760
201400034730;14;9;7;1840;1;1;2;1;3;565;RD 915;M;4988272;109026;760
201400034731;14;10;4;1120;1;1;2;1;3;217;ROCADE DES GRAVES DE MER;M;4993146;111198;760
201400034732;14;10;7;1815;1;2;1;1;6;217;20, BD DU MARECHAL JOFFR;M;4992201;107684;760
201400034733;14;10;18;1659;1;2;1;1;6;217;BD GEORGES CLEMENCEAU;M;4992197;108025;760
201400034734;14;11;1;540;5;2;1;1;6;217;7, R DAVID MIFFANT;M;4990908;106391;760
201400034735;14;11;2;1200;1;1;3;1;6;349;RD 925;M;4989242;104000;760
201400034736;14;11;14;2000;5;2;3;1;2;217;68, QU DUQUESNE;M;4992462;108085;760
201400034737;14;11;15;450;5;2;1;8;6;565;500, R DE LA PROVIDENCE;M;4989979;107577;760
201400034738;14;11;24;915;1;1;2;1;3;707;RD 915;M;4986236;111086;760
201400034739;14;11;25;1739;4;2;1;1;2;565;;M;4989992;107730;760
201400034740;14;11;26;905;1;2;3;8;6;217;QU DE LA SOMME;M;4992729;108591;760
201400034741;14;12;9;1155;1;1;3;1;1;137;;M;4993580;116468;760
201400034742;14;12;9;1745;3;2;1;1;6;217;PONT JEHAN ANGOT;M;4992645;108046;760
201400034743;14;12;15;1720;5;2;1;2;3;217;89, AV DE LA REPUBLIQUE;M;4992656;109614;760
201400034744;14;12;19;800;2;2;3;2;3;217;QU DE LA CALE;M;4992719;108458;760
201400034745;14;12;21;840;2;1;1;1;6;565;;M;4987818;109487;760
201400034746;14;2;13;2140;5;2;2;1;3;231;1, R DE LA REPUBLIQUE;M;4929014;100280;760
201400034747;14;4;4;840;1;1;1;1;1;640;R DE LOUVIERS;M;4926176;106035;760
201400034748;14;4;5;1750;1;1;4;9;3;486;AV DU CIRCUIT;M;4932174;99545;760
201400034749;14;4;9;1140;1;2;2;1;3;640;R DE LA REPUBLIQUE;M;4927702;103222;760
201400034750;14;8;12;750;1;1;1;1;6;705;;M;4933407;109849;760
201400034751;14;11;10;1830;5;2;1;1;3;231;26, R JEAN JAURES;M;4928997;100961;760
201400034752;14;11;12;845;1;2;3;1;6;178;R DE TOURVILLE;M;4930834;103582;760
201400034753;14;11;14;2100;5;2;1;1;1;231;87, R DE LA REPUBLIQUE;M;4929144;99824;760
201400034754;14;11;1;1810;2;1;1;1;5;231;RTE DU NEUBOURG;M;4927609;99697;760
201400034755;14;11;16;1205;1;2;3;1;6;640;R DU PUITS MEROT;M;4927705;104560;760
201400034756;14;11;26;1115;1;1;1;8;3;231;R BOURGTHEROULDE;M;4928612;97000;760
201400034757;14;12;9;1710;3;2;1;2;1;231;R BOURGTHEROULDE;M;4928651;96874;760
201400034758;14;12;18;802;2;2;3;2;6;231;31,R AUGUSTIN HENRI;M;4929094;100710;760
201400034759;14;1;7;1835;5;2;3;1;6;259;2, R DU PRESIDENT RENE C;M;4976055;36655;760
201400034760;14;2;12;1645;1;2;4;3;6;259;88, R GUSTAVE COUTURIER;M;4975228;39469;760
201400034761;14;6;8;1110;1;2;2;1;3;259;49, R DU PRESIDENT RENE;M;4975857;36456;760
201400034762;14;7;14;1400;1;2;2;1;3;259;R CHARLES LEBORGNE;M;4975422;37302;760
201400034763;14;8;16;1000;1;2;1;1;3;259;3,RTE DE GANZEVILLE;M;4974923;40327;760
201400034764;14;8;31;20;5;2;4;1;2;259;59, RTE DE CANY;M;4976209;38130;760
201400034765;14;9;28;335;5;2;2;1;6;259;BD SUZANNE CLEMENT;M;4975276;39630;760
201400034766;14;10;13;818;1;1;1;2;1;259;RTE DE VALMONT;M;4974952;42904;760
201400034767;14;11;5;1720;1;2;1;8;6;259;1, R GEORGES CUVIER;M;4975816;36781;760
201400034768;14;11;15;1102;1;2;4;1;6;259;93,R DU PRESIDENT RENE C;M;4975773;36368;760
201400034769;14;1;1;120;5;2;1;1;6;351;AV D APLEMONT;M;4950311;18054;760
201400034770;14;1;1;500;5;2;3;1;3;351;R JACQUES DE VAULX;M;4948964;14250;760
201400034771;14;1;3;1420;1;2;3;1;6;351;R IRENE JOLIOT CURIE;M;4952358;10433;760
201400034772;14;1;5;905;1;2;1;1;6;351;AV D APLEMONT;M;4950186;18534;760
201400034773;14;1;7;2230;5;2;3;2;7;351;47, R JULES SIEGFRIED;M;4949219;11182;760
201400034774;14;1;8;2245;5;2;3;2;6;351;3, R DE SAINT QUENTIN;M;4951558;11275;760
201400034775;14;1;9;840;1;2;1;1;6;447;PL DU GENERAL LECLERC DE;M;4954330;18948;760
201400034776;14;1;9;1750;5;2;3;1;6;351;16, PL DE L HOTEL DE VIL;M;4949230;10887;760
201400034777;14;1;10;430;5;2;6;2;6;351;R  DUMONT D URVILLE;M;4948559;13668;760
201400034778;14;1;10;1115;1;2;1;1;2;351;88, R GUSTAVE BRINDEAU;M;4949119;14080;760
201400034779;14;1;11;430;5;2;2;2;7;351;22, PIERRE BROSSELETTE;M;4949180;11787;760
201400034780;14;1;11;1615;1;2;2;1;6;351;40, AV DE FRILEUSE;M;4950708;14612;760
201400034781;14;1;11;1810;2;2;1;1;6;351;45, R EUGENE LANDOAS;M;4950578;12619;760
201400034782;14;1;14;1145;1;2;2;1;6;351;R IRENE JOLIOT CURIE;M;4951541;10533;760
201400034783;14;1;15;25;3;1;1;2;6;351;AV AMIRAL DU CHILLOU;M;4947693;17498;760
201400034784;14;1;15;1655;1;2;3;1;3;351;PONT JEAN JACQUES ROUSS;M;4949570;13142;760
201400034785;14;1;16;1220;1;2;2;1;6;351;R FLORIMONT LAURENT;M;4951845;11660;760
201400034786;14;1;17;815;1;2;1;1;6;351;290, R DE VERDUN;M;4950247;16961;760
201400034787;14;1;17;1155;1;2;3;1;7;351;92, R AUGUSTIN NORMAND;M;4948875;10088;760
201400034788;14;1;17;2015;5;2;2;1;6;351;60, AV PAUL VERLAINE;M;4950925;15845;760
201400034789;14;1;20;2220;5;2;2;1;3;351;36, IMP TALMA;M;4951854;11261;760
201400034790;14;1;26;145;5;2;3;1;7;351;R DU BOIS AU COQ;M;4950904;13524;760
201400034791;14;1;29;1030;1;2;1;2;6;351;46-48, BD AMIRAL MOUCHEZ;M;4948579;13852;760
201400034792;14;1;29;1715;1;1;1;1;6;351;;M;4950242;18957;760
201400034793;14;1;29;1815;5;2;1;1;5;351;R DE  VERDUN;M;4950258;18909;760
201400034794;14;1;30;1250;1;2;3;1;3;351;124, BD DE GRAVILLE;M;4948321;15257;760
201400034795;14;2;4;1500;1;2;1;1;6;351;R CHARLES LAFFITTE;M;4949235;12548;760
201400034796;14;2;6;2130;5;2;2;1;6;351;103, R LOUIS BRINDEAU;M;4949114;10528;760
201400034797;14;2;7;1015;1;2;2;1;3;351;261, AV JEAN JAURES;M;4950037;16682;760
201400034798;14;2;7;1830;3;1;1;1;6;296;R DES BARRICADES;M;4951825;25042;760
201400034799;14;2;11;1325;1;2;3;1;6;351;22, R AMIRAL COURBET;M;4948569;13162;760
201400034800;14;2;12;2100;5;1;1;2;6;341;RD 6382 A2;M;4950264;19467;760
201400034801;14;2;16;1300;1;2;5;1;7;447;27, R OSCAR GERMAIN;M;4954545;19036;760
201400034802;14;2;18;1905;5;2;2;1;6;351;R CASIMIR PERIER;M;4949402;11168;760
201400034803;14;2;18;2350;5;2;1;1;6;351;11, BD WINSTON CHURCHILL;M;4949341;13554;760
201400034804;14;2;19;1710;1;2;1;1;6;351;QU FRISSARD;M;4949014;12654;760
201400034805;14;2;20;1910;2;2;3;1;3;351;R BELLOT;M;4948529;12713;760
201400034806;14;2;21;2035;5;2;2;1;3;351;BD DE GRAVILLE;M;4949249;14845;760
201400034807;14;2;21;2125;5;2;2;1;3;351;347, R DE VERDUN;M;4950243;17268;760
201400034808;14;2;25;720;2;2;3;3;3;351;59, R FREDERIC BELLENGER;M;4949556;9774;760
201400034809;14;2;27;2015;3;1;1;1;2;447;;M;4952521;18751;760
201400034810;14;2;28;1700;1;2;3;1;3;351;R DESMARAIS;M;4948929;14909;760
201400034811;14;2;28;1820;1;2;2;2;3;351;AV THIRE ET BONFAIT;M;4950738;15333;760
201400034812;14;3;1;1750;1;2;1;1;1;351;15, R ELSA TRIOLET;M;4950272;17542;760
201400034813;14;3;2;1210;1;2;6;1;2;305;AV JACQUES EBERHARD;M;4950550;23356;760
201400034814;14;3;2;1520;1;1;1;1;3;481;22, RTE DE MONTIVILLIER;M;4955615;12383;760
201400034815;14;3;5;826;1;2;3;1;3;351;15, R JULES VERNE;M;4950795;12812;760
201400034816;14;3;7;945;1;2;3;1;3;351;176, R DU MARECHAL JOFFR;M;4950003;13071;760
201400034817;14;3;7;1445;1;2;2;1;6;351;CRS LAFAYETTE;M;4949198;12453;760
201400034818;14;3;8;1410;1;1;1;1;3;481;RTE DE LA CHENAIE;M;4953117;10352;760
201400034819;14;3;9;1600;1;2;3;1;6;351;84, R DE SOUS BRETONNE;M;4951119;9476;760
201400034820;14;3;10;755;1;2;3;1;3;481;CHE DES QUATRE FERMES;M;4954605;11928;760
201400034821;14;3;10;1355;1;1;1;1;3;305;RTE DE L ESTUAIRE;M;4945791;20890;760
201400034822;14;3;12;912;1;2;2;1;7;351;R DES SPORTS;M;4951394;12985;760
201400034823;14;3;13;945;1;2;2;1;3;351;CRS DE LA REPUBLIQUE;M;4949589;12685;760
201400034824;14;3;15;2330;5;2;3;1;6;351;307, R ARISTIDE BRIAND;M;4950046;13847;760
201400034825;14;3;16;1835;1;1;1;1;7;351;504, R IRENE JOLIOT CURI;M;4952953;10326;760
201400034826;14;3;18;150;5;2;3;1;6;351;170, R DU COMMANDANT ABA;M;4950141;17465;760
201400034827;14;3;18;1440;1;2;3;1;6;351;31, R  DES CHANTIERS;M;4947893;15728;760
201400034828;14;3;19;1930;5;2;3;1;3;351;AV DU MONT LE COMTE;M;4951059;18244;760
201400034829;14;3;20;1500;1;1;1;1;2;447;;M;4954085;21415;760
201400034830;14;3;20;1625;1;2;1;1;6;351;191, R DU BOIS AU COQ;M;4951028;13125;760
201400034831;14;3;21;1200;1;2;3;1;3;351;36, R MARCEAU;M;4948756;13525;760
201400034832;14;3;24;2120;3;1;1;1;6;351;;M;4952455;17822;760
201400034833;14;3;25;1810;1;1;6;2;3;351;R DE VERDUN;M;4950342;19227;760
201400034834;14;3;25;2150;5;2;2;2;3;351;R DU BOIS AU COQ;M;4951110;12873;760
201400034835;14;3;26;742;1;2;1;2;6;351;AV RENE DESHAYES;M;4950977;13733;760
201400034836;14;3;26;2150;5;2;2;1;3;351;AV LUCIEN CORBEAUX;M;4947702;14136;760
201400034837;14;3;31;830;1;2;3;2;3;351;AV DU BOIS AU COQ;M;4951623;12000;760
201400034838;14;3;31;1635;1;2;2;1;6;351;R LOUIS BLERIOT;M;4952256;8852;760
201400034839;14;3;31;2040;2;2;3;1;6;351;3, R OTHON FRIESZ;M;4949378;10096;760
201400034840;14;4;1;835;1;2;2;1;6;351;202, R DE VERDUN;M;4950237;16301;760
201400034841;14;4;4;1500;1;2;2;1;7;351;28, R COLETTE;M;4951096;9914;760
201400034842;14;4;5;2010;5;2;1;1;6;351;138, AV RENE COTY;M;4949840;11743;760
201400034843;14;4;7;2340;5;2;2;2;5;351;R OTHON FRIESZ;M;4949531;10099;760
201400034844;14;4;8;1950;1;1;2;1;7;351;R LOUIS BLERIOT;M;4952252;8849;760
201400034845;14;4;9;2300;5;2;2;1;6;351;R JEAN MACE;M;4948752;10945;760
201400034846;14;4;10;1230;1;2;3;1;3;351;BD CLEMENCEAU;M;4948964;9772;760
201400034847;14;4;12;1605;1;2;3;1;7;351;255, JEAN JAURES (AVENUE;M;4950044;16642;760
201400034848;14;4;13;710;2;2;1;1;2;351;QU COLBERT;M;4949157;12668;760
201400034849;14;4;14;1410;1;2;3;1;3;351;189, R FELIX FAURE;M;4950015;10420;760
201400034850;14;4;14;1420;1;2;3;1;5;351;R LOUIS LUMIERE;M;4952706;13003;760
201400034851;14;4;16;1840;1;2;1;1;6;351;36, BD ALBERT 1ER;M;4949659;9327;760
201400034852;14;4;17;1810;1;2;1;2;1;481;CHE DE  SAINT ANDRIEUX;M;4954590;10857;760
201400034853;14;4;18;1805;1;2;2;1;5;351;1, R DE VERDUN;M;4950095;14541;760
201400034854;14;4;23;1920;1;2;3;2;7;447;30, R FELIX FAURE;M;4954574;19424;760
201400034855;14;4;24;220;5;2;1;1;7;351;15 bis, R WINSTON CHURCH;M;4949381;13702;760
201400034856;14;4;25;1638;1;2;1;1;6;351;QU FRISSARD;M;4949037;12759;760
201400034857;14;4;26;2030;5;2;1;1;4;447;30, AV PRESIDENT WILSON;M;4954318;18199;760
201400034858;14;4;27;1735;1;2;1;2;7;351;QU COLBERT;M;4949141;12569;760
201400034859;14;4;27;2130;1;2;1;2;6;351;BD  WINSTON CHURCHILL;M;4949597;14594;760
201400034860;14;5;3;1440;1;2;6;1;4;447;AV DE LA BELLE ETOILE;M;;;760
201400034861;14;5;3;1650;1;2;3;1;6;351;55 bis, R GUSTAVE FLAUBE;M;4949819;11298;760
201400034862;14;5;7;1550;1;2;1;1;6;351;6, R HENRI BEYLE;M;4952083;7499;760