num_acc;an;mois;jour;hrmn;lum;agg;int;atm;col;com;adr;gps;lat;long;dep
201400034863;14;5;7;2205;5;2;1;1;7;351;AV LUCIEN CORBEAUX;M;4947816;13201;760
201400034864;14;5;8;1618;1;2;1;2;7;351;17, PL DE L HOTEL DE VIL;M;4949236;10681;760
201400034865;14;5;9;2000;1;2;2;1;3;351;178, CRS DE LA REPUBLIQU;M;4950001;12995;760
201400034866;14;5;10;1430;1;1;4;1;6;341;;M;4950222;19408;760
201400034867;14;5;11;1650;1;2;1;1;3;351;50, R JEAN JACQUES ROUSS;M;4949692;13144;760
201400034868;14;5;12;1410;1;2;4;1;6;305;AV JACQUES EBERHARD;M;4950772;23183;760
201400034869;14;5;13;750;1;2;1;2;3;351;112, BD JULES DURAND;M;4949020;15828;760
201400034870;14;5;15;940;1;1;3;1;3;447;59, R JEAN JAURES;M;4954773;20833;760
201400034871;14;5;15;1300;1;2;2;1;2;351;3, R MAXIMILLIEN DE ROBE;M;4951342;16956;760
201400034872;14;5;17;1340;1;2;5;1;3;351;R JEAN BORDA;M;4950897;10830;760
201400034873;14;5;19;1355;1;2;1;1;6;351;CRS  LAFAYETTE;M;4949184;12519;760
201400034874;14;5;20;1925;1;2;1;1;6;351;R DE LA BIGNE A FOSSE;M;4952294;11350;760
201400034875;14;5;25;1100;1;2;1;1;6;351;147, R DU BOIS AU COQ;M;4950922;13433;760
201400034876;14;5;26;1030;1;2;2;1;6;351;R EUGENE MOPIN;M;4952139;16039;760
201400034877;14;5;26;1700;1;2;2;1;6;351;1, R FREDERIC BELLENGER;M;4949556;9440;760
201400034878;14;5;27;1150;1;2;1;1;7;351;R CASIMIR DELAVIGNE;M;4949468;12071;760
201400034879;14;5;30;1015;1;2;1;1;6;447;AV JEAN PREVOST;M;4954700;18090;760
201400034880;14;5;31;1515;1;2;3;1;2;351;39, R SOCRATE;M;4951352;16006;760
201400034881;14;6;1;2250;5;2;1;1;7;351;57, AV JEAN JAURES;M;4949873;15103;760
201400034882;14;6;4;2320;5;1;1;1;7;305;RTE DE L ESTUAIRE;M;4945791;20931;760
201400034883;14;6;6;1815;1;2;1;1;6;552;02, R DU ROI ALBERT;M;4950243;8617;760
201400034884;14;6;8;320;5;2;2;1;3;351;19, R ALBERT ANDRE HUET;M;4949487;11124;760
201400034885;14;6;8;1810;1;2;1;1;7;481;18, RTE DE DONDENEVILLE;M;4954386;12173;760
201400034886;14;6;10;1430;1;2;1;1;6;351;41, R CASIMIR DELAVIGNE;M;4949464;12051;760
201400034887;14;6;11;1740;1;2;1;1;6;351;56, R ELSA TRIOLET;M;4950327;17855;760
201400034888;14;6;11;1810;1;2;1;1;5;351;BD DE LENINGRAD;M;4949853;15736;760
201400034889;14;6;14;1825;1;2;1;1;2;351;66, R JEAN JACQUES ROUSS;M;4949764;13131;760
201400034890;14;6;17;1933;1;2;2;1;3;351;139, R DEMIDOFF;M;4949771;13742;760
201400034891;14;6;18;1000;1;2;1;1;7;351;BD JULES DURAND;M;4949088;15998;760
201400034892;14;6;19;1605;1;2;3;1;3;351;BD WINSTON CHURCHILL;M;4949603;14681;760
201400034893;14;6;24;1100;1;2;1;1;6;351;21, R FRANCOISE SAGAN;M;4951651;11872;760
201400034894;14;6;24;1505;1;2;9;1;6;351;70, PL DE L HOTEL DE VIL;M;4949422;10942;760
201400034895;14;6;24;2210;5;2;2;1;3;351;57, R DE VERDUN;M;4950141;15000;760
201400034896;14;6;26;45;5;1;1;1;7;341;RD 6382;M;4951171;19659;760
201400034897;14;6;26;1200;1;2;3;8;7;351;36, R MARECHAL JOFFRE;M;4949899;11996;760
201400034898;14;6;28;1420;1;2;1;1;3;351;291, R DE LA CAVEE VERTE;M;4950714;12222;760
201400034899;14;6;28;2020;1;2;4;1;7;351;68, R HOIZEY;M;4951052;13751;760
201400034900;14;6;29;1010;1;2;3;3;3;351;354, R DE VERDUN;M;4950242;17470;760
201400034901;14;6;30;1100;1;1;4;1;6;351;AV AMIRAL DU CHILLOU;M;4946882;18075;760
201400034902;14;7;1;1750;1;2;1;1;7;351;R DE SOQUENCE;M;4950181;17637;760
201400034903;14;7;2;25;5;2;2;1;6;351;46, R FREDERIC RISSON;M;4949946;12060;760
201400034904;14;7;3;1800;1;2;3;1;3;351;AV DU CANADA;M;4950709;17929;760
201400034905;14;7;3;2255;5;2;3;1;3;351;R ALBERT SAMAIN;M;4951711;9147;760
201400034906;14;7;6;1810;1;1;1;1;6;305;;M;4948646;21124;760
201400034907;14;7;10;1235;1;2;1;1;6;351;35, R FREDERIC BELLENGER;M;4949567;9659;760
201400034908;14;7;12;110;5;2;1;1;7;481;15, RTE DE MONTIVILLIERS;M;4955620;12268;760
201400034909;14;7;13;1935;1;2;1;1;6;351;PARVIS SAINT MICHEL;M;4949630;10834;760
201400034910;14;7;17;30;5;1;1;1;6;351;;M;4953198;9746;760
201400034911;14;7;17;1415;1;2;1;1;2;351;112, BD JULES DURAND;M;4949016;15804;760
201400034912;14;7;20;450;5;2;1;1;6;351;79, R FREDERIC BELLENGER;M;4949546;9911;760
201400034913;14;7;22;1515;1;2;2;1;3;351;AV VAUBAN;M;4948982;11943;760
201400034914;14;7;22;2250;5;2;1;1;1;552;66, RTE D OCTEVILLE;M;4951445;8690;760
201400034915;14;7;26;2342;5;2;2;1;3;351;QU LAMBLARDIE;M;4948954;11647;760
201400034916;14;7;30;2000;1;2;4;1;2;351;AV D APPLEMONT;M;4950463;17748;760
201400034917;14;7;31;820;1;2;1;1;6;351;351, BD DE LENINGRAD;M;4949952;16481;760
201400034918;14;8;1;1420;1;2;2;1;6;305;R ROMAIN ROLLAND;M;4952351;22374;760
201400034919;14;8;1;1750;1;2;4;1;3;351;PONT JEAN JACQUES ROUSSE;M;4949579;13017;760
201400034920;14;8;2;155;5;2;1;1;6;351;319, R DE VERDUN;M;4950243;17154;760
201400034921;14;8;2;2350;5;2;1;1;6;341;26, AV YOURI GAGARINE;M;4951353;18610;760
201400034922;14;8;7;1345;1;1;1;1;7;447;R DE L ANCIEN CHATEAU;M;4952351;19553;760
201400034923;14;8;13;1915;1;2;2;1;3;341;AV DU PRESIDENT RENE COT;M;4951081;18823;760
201400034924;14;8;15;1620;1;2;1;1;6;447;AV MARECHAL FOCH;M;4952950;18942;760
201400034925;14;8;15;1610;1;2;2;1;3;351;77, R DE PARIS;M;4948732;10738;760
201400034926;14;8;20;1930;1;2;2;1;6;351;39, R LABEDOYERE;M;4949668;13444;760
201400034927;14;8;23;550;2;2;1;1;3;351;70, QU FRISSARD;M;4949088;12957;760
201400034928;14;8;25;50;5;2;6;2;2;351;BD DE GRAVILLE;M;4949392;14782;760
201400034929;14;8;28;1400;1;2;1;1;2;351;7, R CASIMIR PERIER;M;4949350;11200;760
201400034930;14;8;29;1550;1;2;3;1;2;351;143, R DU MARECHAL JOFFR;M;4949998;12774;760
201400034931;14;8;30;715;1;2;1;1;6;351;28, R ARQUIS;M;4951942;10830;760
201400034932;14;9;2;1540;1;2;1;1;6;351;19, R DE JEMMAPES;M;4948700;14546;760
201400034933;14;9;9;2010;2;2;2;1;3;351;174, R DE VERDUN;M;4950225;16047;760
201400034934;14;9;10;1845;1;2;4;1;5;552;R ALBERT DUBOSC;M;4950532;8530;760
201400034935;14;9;11;1350;1;2;1;1;3;351;128,R MARCEAU;M;4949185;13280;760
201400034936;14;9;12;740;1;2;6;1;7;447;AV DE LA BELLE ETOILE;M;4953423;18497;760
201400034937;14;9;12;1335;1;2;3;1;2;351;AV JEAN JAURES;M;4949838;14888;760
201400034938;14;9;15;1135;1;2;3;1;6;351;521, R DES CHANTIERS;M;4949733;16344;760
201400034939;14;9;18;816;1;2;1;1;6;351;61, R LOUIS SIEFRIDT;M;4951079;10168;760
201400034940;14;9;19;957;1;2;2;1;6;351;CRS DE LA REPUBLIQUE;M;4949993;12993;760
201400034941;14;9;24;1730;1;2;1;1;3;351;370, BD JULES DURAND;M;4949474;17593;760
201400034942;14;9;26;1335;1;2;2;1;6;351;BD FRANCOIS 1ER;M;4949172;9924;760
201400034943;14;9;27;1620;1;2;3;1;6;351;93, R LOUIS BLANC;M;4950772;13292;760
201400034944;14;9;30;1750;1;2;6;1;3;351;QU DE L ILE;M;4948697;11453;760
201400034945;14;10;1;2345;5;2;1;1;7;351;;M;4949091;16043;760
201400034946;14;10;2;1040;1;2;1;1;3;351;PL DE L HOTEL DE VILLE;M;;;760
201400034947;14;10;3;1135;1;2;4;1;6;351;1, R BEAULIEU;M;4951188;10720;760
201400034948;14;10;3;1835;1;2;2;1;7;351;AV CHRISTOPHE COLOMB;M;4947703;14162;760
201400034949;14;10;4;515;5;2;1;1;6;351;15, R DE SAINT QUENTIN;M;4951532;11368;760
201400034950;14;10;7;809;1;2;2;1;7;351;234, R LOUIS LUMIERE;M;4952408;12292;760
201400034951;14;10;7;826;1;2;6;8;6;341;;M;4951151;19944;760
201400034952;14;10;7;1740;1;2;2;1;3;351;R FLANDRES DUNKERQUE;M;4951332;16946;760
201400034953;14;10;8;800;5;2;3;2;6;351;146, R HENRI DUNANT;M;4952701;12996;760
201400034954;14;10;9;243;5;2;1;1;6;305;63, AV MARCEL LE MIGNOT;M;4949715;23457;760
201400034955;14;10;10;400;5;1;1;1;6;341;;M;4951062;19816;760
201400034956;14;10;10;1730;1;2;1;1;6;351;BD CLEMENCEAU;M;4949218;9600;760
201400034957;14;10;14;1710;1;2;3;1;3;341;R FRIEDRICH ENGELS;M;4951376;19475;760
201400034958;14;10;15;725;2;2;1;1;5;351;BD JULES DURAND;M;4949609;17961;760
201400034959;14;10;15;1240;1;2;1;2;4;351;19, R JULES VERNE;M;4950813;12802;760
201400034960;14;10;16;815;1;2;1;1;7;351;100, BD JULES DURAND;M;4949010;15777;760
201400034961;14;10;16;1005;1;2;1;1;6;351;64, R JEAN WEBER;M;4951331;10083;760
201400034962;14;10;18;115;3;1;1;1;7;351;;M;4952448;17435;760
201400034963;14;10;19;1140;1;2;1;1;7;341;55, R ROBERT ANCEL;M;4951687;20113;760
201400034964;14;10;19;1550;1;2;3;1;6;351;AV DU HUIT MAI 1945;M;4951557;17270;760
201400034965;14;10;19;2010;5;2;3;1;3;351;98, AV DU BOIS DE BLEVIL;M;4952415;12843;760
201400034966;14;10;22;1000;1;2;2;1;3;351;103, BD STRASBOURG;M;4949299;11438;760
201400034967;14;10;22;1340;1;2;1;1;6;447;5, CRS SAINTE CROIX;M;4954313;19165;760
201400034968;14;10;22;1707;1;2;3;1;6;351;521, R DES CHANTIERS;M;4949735;16342;760
201400034969;14;10;27;1755;2;2;3;1;3;296;R DE LA LIBERATION;M;4951799;25696;760
201400034970;14;10;27;1920;5;2;2;1;3;351;R DESMALLIERES;M;4949898;14324;760
201400034971;14;10;28;1755;2;2;1;1;3;351;200, R LOUIS BLERIOT;M;4952876;9349;760
201400034972;14;10;30;1320;1;2;1;1;6;351;AV DU MONT GAILLARD;M;4952670;11630;760
201400034973;14;11;1;1200;1;2;1;1;7;552;22, RTE D OCTEVILLE;M;4951439;8690;760
201400034974;14;11;2;2000;5;2;1;3;3;341;AV DE LA RESISTANCE;M;4950488;19957;760
201400034975;14;11;1;2125;5;2;1;1;6;351;PL PIERRE COURANT;M;4949238;11705;760
201400034976;14;11;4;1215;1;2;3;1;3;552;13,R GENERAL DE GAULLE;M;4950214;8922;760
201400034977;14;11;4;1740;2;2;6;1;6;447;0, BELLE ETOILE;M;4953463;17836;760
201400034978;14;11;6;800;1;2;1;2;7;351;25, R PAUL LANGEVIN;M;4950991;10938;760
201400034979;14;11;5;2100;5;2;1;1;6;351;241, R ARISTIDE BRIAND;M;4950016;13377;760
201400034980;14;11;6;2030;3;1;1;1;6;305;RTE DU CANAL BOSSIERE;M;4949571;19560;760
201400034981;14;11;7;1805;5;2;1;1;7;341;06, R CARNOT;M;4950831;20138;760
201400034982;14;11;8;210;5;2;6;1;6;351;118, R MARCEAU;M;4949142;13305;760
201400034983;14;11;15;1659;1;2;3;1;6;351;R PIERRE FARCIS;M;4951718;9763;760
201400034984;14;11;9;1815;3;1;1;1;1;447;CH D EPREMESNIL;M;4953905;16804;760
201400034985;14;11;9;1920;5;2;2;1;6;296;146, R DE LA LIBERATION;M;4951840;26385;760
201400034986;14;11;10;1810;5;2;1;1;6;351;167, R DEMIDOFF;M;4949785;13956;760
201400034987;14;11;10;2250;5;2;1;1;1;552;22, R GENERAL DE GAULLE;M;4950183;8930;760
201400034988;14;11;12;1250;1;2;2;1;6;351;57,R LOUIS BRINDEAU;M;4949119;10334;760
201400034989;14;11;13;1300;1;2;3;1;3;351;337, AV DU BOIS AU COQ;M;4951535;12166;760
201400034990;14;11;14;1545;1;2;2;1;6;351;93, R D ETRETAT;M;4949724;9789;760
201400034991;14;11;17;735;2;2;4;2;6;351;BD DE LENINGRAD;M;4950138;19141;760
201400034992;14;11;18;835;1;2;1;1;6;351;07, R DE LA VALLEE;M;4949295;14969;760
201400034993;14;11;19;1800;5;2;3;1;6;351;1, R PIERRE FAURE;M;4949531;10345;760
201400034994;14;11;21;1500;1;2;3;1;3;351;56, R GUSTAVE BRINDEAU;M;4948967;14247;760
201400034995;14;11;25;720;2;2;2;2;6;351;116, R EUGENE MOPIN;M;4952102;16000;760
201400034996;14;11;25;1205;1;1;1;2;3;305;RTE DE L ESTUAIRE;M;4945569;23526;760
201400034997;14;11;26;1845;5;2;3;1;6;552;43, R DE VITANVAL;M;4951150;8440;760
201400034998;14;11;26;1915;2;2;1;1;2;481;11, RTE DE LA CHENAIE;M;4953433;10430;760
201400034999;14;11;26;2037;5;2;1;1;1;351;124, R DE LA CAVEE VERTE;M;4950672;11976;760
201400035000;14;11;27;22;5;2;2;1;3;351;62, R DU GENERAL SARRAIL;M;4949587;11908;760
201400035001;14;12;2;1505;1;2;2;1;3;351;43, R DE LA MAILLERAYE;M;4948780;10179;760
201400035002;14;12;3;1750;5;2;2;1;3;351;4, R PIERRE CURIE;M;4950961;12765;760
201400035003;14;12;4;2205;5;2;3;1;3;351;16, R PIERRE GUINARD;M;4948528;12817;760
201400035004;14;12;5;450;5;1;1;1;6;351;;M;4952439;16225;760
201400035005;14;12;5;1655;2;2;1;1;4;351;99, R SALVADOR ALLENDE;M;4950425;14528;760
201400035006;14;12;6;450;5;1;3;1;5;351;AV DU SEIZIEME PORT;M;4948316;16784;760
201400035007;14;12;6;2115;5;2;1;1;7;305;66, RTE D ORCHER;M;4950189;22189;760
201400035008;14;12;7;1530;1;1;1;2;6;351;;M;4952006;19097;760
201400035009;14;12;9;1740;2;2;2;1;3;351;R DE DEAUVILLE;M;4950847;17326;760
201400035010;14;12;11;1800;5;1;1;2;5;341;;M;4950755;19589;760
201400035011;14;12;12;1830;5;2;3;1;6;351;R DE LA BIGNE A FOSSE;M;4952288;11354;760
201400035012;14;12;13;1035;1;2;3;1;6;351;44, R VOLTAIRE;M;4949004;10331;760
201400035013;14;12;13;1550;1;2;2;1;3;351;R EMILE ZOLA;M;4948863;10599;760
201400035014;14;12;15;1755;5;2;3;1;6;351;BD DE STRASBOURG;M;4949330;10940;760
201400035015;14;12;15;1850;5;2;2;2;3;351;R PAUL DUKAS;M;4951970;7724;760
201400035016;14;12;15;2010;5;1;1;1;6;305;RTE DE L ESTUAIRE;M;4950081;23259;760
201400035017;14;12;16;1800;5;2;3;9;3;552;60,R GENERAL DE GAULLE;M;4950559;8704;760
201400035018;14;12;17;1900;5;2;2;2;6;351;125, AV RENE COTY;M;4949852;11792;760
201400035019;14;12;19;1345;1;2;3;3;6;351;R GUSTAVE BRINDEAU;M;4949081;14115;760
201400035020;14;12;19;1400;1;2;1;2;5;305;22, AV DU CAMPDOLENT;M;4950895;21412;760
201400035021;14;12;19;2110;5;2;2;1;3;351;16, R LOUIS BLANC;M;4950724;12614;760
201400035022;14;12;25;510;5;2;1;1;3;351;219 bis, R DE VERDUN;M;4950241;16479;760
201400035023;14;12;26;950;1;1;3;1;6;481;R AUGUSTE LE CONTE;M;4954964;11092;760
201400035024;14;12;27;5;5;1;1;3;6;305;RTE INDUSTRIELLE;M;4948669;20879;760
201400035025;14;12;29;1955;5;2;1;1;6;351;BD ALBERT 1ER;M;4949415;9548;760
201400035026;14;12;31;1715;1;2;1;1;6;351;AV DU GRAND HAMEAU;M;4952333;10958;760
201400035027;14;1;1;100;3;1;1;2;6;5;RTE D AMFREVILLE;M;4939782;114029;760
201400035028;14;1;6;1820;5;2;3;2;6;157;R DU PETIT AULNAY;M;4946151;104257;760
201400035029;14;12;27;1950;5;2;6;2;3;497;R DE LA PIERRE D ETAT;M;4938701;102813;760
201400035030;14;10;30;1610;1;1;1;1;2;498;;M;4943387;106456;760
201400035031;14;1;9;750;2;2;1;2;6;498;R ALBERT EINSTEIN;M;4941885;106241;760
201400035032;14;1;11;1110;1;2;4;1;2;540;AV ARISTIDE BRIAND;M;4943635;110077;760
201400035033;14;1;15;515;5;2;2;1;3;216;R JULES FERRY;M;4946897;104422;760
201400035034;14;1;11;2130;5;2;2;1;1;410;R DES MARTYRS DE LA RESI;M;4948236;104275;760
201400035035;14;1;14;1628;1;2;3;1;6;540;BD GAMBETTA;M;4943799;110570;760
201400035036;14;1;11;1615;1;2;2;1;3;474;R CHARLES DE GAULLE;M;4948055;105041;760
201400035037;14;1;11;2315;5;2;1;1;6;599;784,RTE DE LYONS;M;4943260;115477;760
201400035038;14;1;14;205;5;2;6;1;6;540;RTE DE DARNETAL;M;4943966;113171;760
201400035039;14;1;13;1835;5;2;1;1;6;108;RTE DE NEUFCHATEL;M;4945704;110779;760
201400035040;14;1;15;240;5;2;2;1;3;540;70, R LA FAYETTE;M;4943255;108945;760
201400035041;14;1;14;2050;5;2;2;1;3;322;AV DU MARECHAL LECLERC;M;4941147;104147;760
201400035042;14;12;16;1325;1;1;1;1;5;497;;M;4936415;103850;760
201400035043;14;1;17;530;5;2;2;1;2;540;QU JEAN  MOULIN;M;4943600;109000;760
201400035044;14;1;16;800;5;2;6;2;2;108;D 1043;M;4948187;110935;760
201400035045;14;1;16;1710;1;2;3;1;3;681;BD INDUSTRIEL;M;4940513;111028;760
201400035046;14;1;16;645;2;2;2;1;3;540;RTE DE LYONS LA FORET;M;4943867;110778;760
201400035047;14;1;20;800;5;2;2;1;4;540;90, R JEANNE D'ARC;M;4944468;109215;760
201400035048;14;1;18;720;5;2;3;2;2;540;QU DE PARIS;M;4943639;110057;760
201400035049;14;1;22;1820;5;2;2;3;3;457;D 438;M;4934485;93244;760
201400035050;14;1;16;810;1;1;1;1;2;108;;M;4946848;113330;760
201400035051;14;1;18;955;1;2;1;1;6;575;AV DE FELLING;M;4939602;106255;760
201400035052;14;1;23;1310;1;2;3;3;7;540;2, PL GUSTAVE ROBERT;M;4944597;110840;760
201400035053;14;1;23;1250;1;2;3;1;3;319;AV DU GENERAL LECLERC;M;4936829;101434;760
201400035054;14;1;11;755;2;2;2;1;3;540;PL JEAN RONDEAUX;M;4943460;107642;760
201400035055;14;1;2;1130;1;1;6;1;3;484;;M;4934613;107703;760
201400035056;14;1;24;815;1;2;2;2;3;540;R JEANNE D ARC;M;4944013;108944;760
201400035057;14;1;26;625;5;2;4;1;5;540;4, QU DE  PARIS;M;4943645;110040;760
201400035058;14;1;25;1540;1;2;1;1;5;540;AV DE LA GRAND MARE;M;4944580;113120;760
201400035059;14;1;25;1800;5;2;4;1;4;540;50, RTE DE BONSECOURS;M;4943275;110825;760
201400035060;14;1;29;745;5;2;2;3;6;540;36, R LOUIS BOUILHET;M;4945161;110695;760
201400035061;14;1;28;1225;1;2;3;1;3;322;38, AV DES  CANADIENS;M;4940204;106518;760
201400035062;14;1;30;845;1;2;5;1;4;681;86, R PIERRE CORNEILLE;M;4942140;109250;760
201400035063;14;2;2;240;5;2;2;1;3;540;AV JEAN RONDEAU;M;4943880;108009;760
201400035064;14;2;5;830;1;2;4;1;6;402;RTE DE MONTVILLE;M;4952717;104306;760
201400035065;14;2;5;1850;5;2;1;2;6;540;11, R DE FONTENELLE;M;4944119;108436;760
201400035066;14;2;5;1030;1;2;2;1;3;540;RTE DE  LYONS LA FORET;M;4943652;113388;760
201400035067;14;2;6;2055;5;2;1;9;2;540;RN 28;M;4944082;113269;760
201400035068;14;1;29;815;5;2;1;3;6;540;7, R D ELBEUF;M;4943041;108603;760
201400035069;14;2;8;915;1;2;1;2;6;540;QU DE LA BOURSE;M;4943887;108905;760
201400035070;14;2;7;755;2;2;2;1;3;540;37, R DU MAIL;M;4943014;109069;760
201400035071;14;2;10;1730;1;2;2;1;3;540;R HENRI DUNANT;M;4946077;113569;760
201400035072;14;2;24;1410;1;2;2;1;2;157;CHE DE CROISSET;M;4944074;103848;760
201400035073;14;2;20;1745;1;2;3;1;6;410;48, R PAUL PAINLEVE;M;4948564;104158;760
201400035074;14;2;26;1340;1;2;2;2;3;540;R D ELBEUF;M;4942715;108357;760
201400035075;14;2;19;2025;5;2;6;1;6;322;R TOULOUSE LAUTREC;M;4939912;103766;760
201400035076;14;2;20;2000;3;1;1;9;4;497;;M;;;760
201400035077;14;2;25;715;2;2;2;1;6;540;23, R D ELBEUF';M;4942960;108540;760
201400035078;14;2;12;1200;1;2;2;1;3;575;15, R DES DAHLIAS.;M;4939046;109069;760
201400035079;14;2;12;710;5;2;3;9;6;575;107, R MADRILLET;M;4939715;107400;760
201400035080;14;2;12;1340;1;2;3;1;3;108;2651, RTE DE NEUFCHATEL;M;4946535;111519;760
201400035081;14;2;13;2150;5;2;1;1;1;322;AV DES  CANADIENS;M;4939964;106351;760
201400035082;14;2;14;1710;1;2;2;2;3;498;90, BD DU 11 NOVEMBRE;M;4941672;107024;760
201400035083;14;2;16;1320;1;2;1;1;6;540;31, R BLAISE PASCAL;M;4942994;108028;760
201400035084;14;2;17;710;5;2;1;2;6;410;AV DU  VAL AUX DAMES;M;4947868;103526;760
201400035085;14;2;17;1815;5;2;1;1;3;540;AV JEAN  RONDEAUX;M;4943665;107823;760
201400035086;14;2;14;820;2;2;3;2;3;681;55, R RASPAIL;M;4941570;109464;760
201400035087;14;2;11;608;5;2;3;2;3;540;5, R DU DOCTEUR GALLOUEN;M;4943463;111784;760
201400035088;14;2;14;850;1;2;1;1;6;108;1063, RTE DE NEUFCHATEL;M;4945323;110388;760
201400035089;14;2;16;1310;1;2;3;1;6;540;AV DE BRETAGNE;M;4943222;108451;760
201400035090;14;2;17;1330;1;2;1;1;6;575;8, R VICTOR DURUY;M;4940016;107281;760
201400035091;14;2;17;1525;1;2;1;1;2;103;03, RTE DE PARIS;M;4941822;113089;760
201400035092;14;2;7;1345;1;2;2;2;3;540;R JEANNE D'ARC;M;4944020;108946;760
201400035093;14;2;12;1320;1;2;1;1;4;322;RN 338;M;4941534;104519;760
201400035094;14;2;16;2225;5;2;2;2;3;451;35, RTE DE MAROMME;M;4947099;107654;760
201400035095;14;2;20;600;3;2;1;2;6;108;2140, RTE DE NEUFCHATEL;M;4946157;111126;760
201400035096;14;2;20;830;2;1;4;2;2;497;RN 138;M;4937557;104720;760
201400035097;14;2;28;840;1;2;1;2;1;540;75, AV DU MONT RIBOUDET;M;4944736;106828;760
201400035098;14;3;5;1700;1;2;4;1;3;322;35, BD DE VERDUN;M;4941443;105077;760
201400035099;14;3;4;1000;1;2;3;1;2;540;AV ARISTIDE BRIAND;M;4943500;110477;760
201400035100;14;2;27;800;2;2;1;1;6;540;98, AV DE CAEN;M;4942944;107353;760
201400035101;14;3;7;1915;3;2;1;2;4;497;N 138;M;4937680;104826;760
201400035102;14;3;9;815;1;2;2;1;3;540;R DE CONSTANTINE;M;4944899;106690;760
201400035103;14;3;9;1800;1;2;6;1;3;108;ROND POINT DES ROUGES TE;M;4948301;113278;760
201400035104;14;3;12;150;5;2;2;1;2;540;33, R HENRI MARTIN;M;4942964;109287;760
201400035105;14;3;12;1215;1;2;2;1;2;540;AV BERNARD BICHERAY;M;4945071;105700;760
201400035106;14;3;6;1640;1;2;2;1;3;484;AV DU GENERAL DE GAULLE;M;4934284;109007;760
201400035107;14;3;13;1030;1;2;6;1;2;108;ROND POINT DES MOBILES;M;4947767;110062;760
201400035108;14;3;9;1550;1;2;3;1;2;540;AV JEAN RONDEAUX;M;4943587;107736;760
201400035109;14;3;14;1830;1;1;1;1;4;319;RN 138;M;4934478;101335;760
201400035110;14;3;13;1120;1;2;1;1;6;474;R DES FUSILLES;M;4948140;104938;760
201400035111;14;3;16;1900;2;2;2;1;3;498;1, R JULES MICHELET;M;4941392;107385;760
201400035112;14;3;19;1640;1;2;2;1;3;322;AV LEON  BLUM;M;4940800;104584;760
201400035113;14;3;15;1815;2;2;2;1;3;429;176, RTE DE PARIS;M;4941618;113370;760
201400035114;14;3;22;1300;1;2;3;1;3;599;2, GRANDE RUE;M;4943588;115239;760
201400035115;14;3;21;2320;5;2;1;1;3;540;07, QU DU HAVRE;M;4943911;108806;760
201400035116;14;3;22;2030;5;2;3;1;5;319;R NELSON MANDELA;M;4936479;101198;760
201400035117;14;3;4;1145;1;2;1;1;3;497;;M;4937240;104389;760
201400035118;14;3;20;1820;1;2;2;1;3;575;125, R DU MADRILLET;M;4939476;107352;760
201400035119;14;3;25;940;1;2;4;1;6;540;114, R GRIEU;M;4944627;112709;760
201400035120;14;3;26;950;1;2;1;1;3;157;51, R DU CANAL;M;4945725;104418;760
201400035121;14;3;24;800;1;2;1;1;4;498;;M;4943464;106935;760
201400035122;14;3;7;720;1;2;1;1;3;540;136, R SAINT HILAIRE;M;4944234;110705;760
201400035123;14;3;28;1155;1;2;6;1;5;322;AV FRANKLIN ROOSEVELT;M;4940511;104316;760
201400035124;14;3;27;815;1;2;1;1;6;681;R PAUL ELUARD;M;4940593;109779;760
201400035125;14;3;29;1840;1;2;1;1;3;681;R  PAUL ELUARD;M;4940574;109812;760
201400035126;14;3;19;640;5;1;1;1;3;319;;M;4935488;103092;760
201400035127;14;4;4;2000;1;1;1;1;2;575;BD LENINE;M;4939264;111137;760
201400035128;14;4;2;1630;1;2;1;1;6;319;R VICTOR HUGO;M;4935544;100806;760
201400035129;14;4;9;1520;1;2;1;1;6;498;49, AV JEAN JAURES;M;4942756;106701;760
201400035130;14;4;5;1510;1;1;1;1;2;575;BD LENINE;M;4938547;110994;760
201400035131;14;3;2;2335;5;2;6;2;3;498;R ABBE LEMIRE;M;4941629;105468;760
201400035132;14;4;13;1815;1;2;2;1;3;575;AV AMBROISE CROIZAT;M;4937492;110265;760
201400035133;14;4;6;1840;1;2;1;1;4;540;PONT PIERRE CORNEILLE;M;4943561;109523;760
201400035134;14;4;12;1630;1;2;6;1;6;575;AV DE FELLING;M;4938811;107226;760