num_acc;an;mois;jour;hrmn;lum;agg;int;atm;col;com;adr;gps;lat;long;dep
201400035135;14;4;15;1815;1;2;1;1;2;540;PONT GUILLAUME LE CONQUE;M;4944010;108106;760
201400035136;14;4;14;940;1;2;1;1;6;498;75, AV JEAN JAURES;M;4942732;106527;760
201400035137;14;4;17;840;1;2;2;1;3;540;AV BERNARD BICHERAY;M;4944917;104782;760
201400035138;14;4;23;940;1;2;1;1;7;540;AV DE LA GRAND MARE;M;4944167;113208;760
201400035139;14;4;21;645;1;2;3;1;5;410;47, RTE DE DIEPPE;M;4947549;104822;760
201400035140;14;4;20;600;5;2;1;9;6;681;MADRILLET;M;4940799;107611;760
201400035141;14;5;3;1905;1;2;1;1;6;540;100, R JEANNE D'ARC;M;4944640;109321;760
201400035142;14;5;5;2115;1;2;3;1;4;540;AV JEAN  RONDEAUX;M;4943791;107931;760
201400035143;14;5;9;745;1;2;2;9;2;540;134, AV DU MONT RIBOUDET;M;4944628;107117;760
201400035144;14;4;25;1725;1;1;1;1;1;484;BD DAMBOURNEY;M;4936195;111056;760
201400035145;14;5;9;1330;1;2;1;1;6;366;;M;4950184;104289;760
201400035146;14;5;16;1610;1;2;1;1;7;681;57, BD INDUSTRIEL;M;4940379;111101;760
201400035147;14;5;17;1;5;2;3;1;6;540;59, R PIERRE RENAUDEL;M;4942790;108978;760
201400035148;14;5;3;2010;1;1;1;1;7;322;RN 338;M;4941325;104268;760
201400035149;14;5;24;200;5;2;9;1;6;540;27, R GRAND PONT;M;4943961;109289;760
201400035150;14;5;24;330;3;1;6;1;6;5;;M;4940852;112136;760
201400035151;14;5;10;310;3;1;1;1;6;157;;M;4946329;101959;760
201400035152;14;4;15;1945;1;2;3;1;3;457;1020, R LOUIS MOGUEN;M;4934266;95361;760
201400035153;14;4;19;1155;1;2;1;1;6;108;145, CH DE LA BRETEQUE;M;4947338;111261;760
201400035154;14;4;22;840;1;1;1;1;3;319;RN 138;M;4936413;103852;760
201400035155;14;4;18;2010;1;2;6;1;7;575;R JULIAN GRIMAU;M;4938714;108434;760
201400035156;14;4;27;1405;1;2;2;1;3;103;67, RTE DE PARIS;M;4942241;112589;760
201400035157;14;5;9;1402;1;2;3;1;3;540;AV ARISTIDE BRIAND;M;4943513;110522;760
201400035158;14;5;4;730;1;2;2;1;3;540;R DE FONTENAY;M;4943791;110211;760
201400035159;14;6;5;700;1;1;1;1;6;575;BD LENINE;M;4937282;111573;760
201400035160;14;5;28;1615;1;2;5;2;7;540;7, BD DE LA MARNE;M;4944722;109376;760
201400035161;14;5;22;1535;1;2;2;1;6;540;17, R JEAN LECANUET;M;4944389;109620;760
201400035162;14;6;4;1700;1;2;2;1;6;322;2, AV LEON BLUM;M;4940663;104985;760
201400035163;14;6;4;1615;1;2;2;2;2;540;AV DU GRAND COURS;M;4942600;110548;760
201400035164;14;6;5;1915;1;2;1;1;2;497;1519, R ARISTIDE BRIAND;M;4938508;102181;760
201400035165;14;5;5;2130;1;2;1;1;6;498;R DES LIMITES;M;4942672;106863;760
201400035166;14;6;6;1900;1;1;1;1;1;402;;M;4952647;106961;760
201400035167;14;6;8;1840;1;2;6;1;2;451;RTE D HOUPPEVILLE;M;4946904;109001;760
201400035168;14;6;10;810;1;1;1;1;4;498;;M;4942729;105608;760
201400035169;14;5;28;1210;1;2;1;3;7;540;QU DE LA BOURSE;M;4943876;108916;760
201400035170;14;6;9;1755;1;2;3;1;1;575;PERI HENRI WALLON;M;4939666;107309;760
201400035171;14;6;3;1400;1;2;1;1;2;216;1B, AV DU GENERAL LECLER;M;4945521;105605;760
201400035172;14;6;10;1430;1;2;1;1;6;575;PARC SAINT JUST;M;4939420;106912;760
201400035173;14;5;15;725;1;2;2;1;3;575;R JEAN JACQUES  ROUSSEAU;M;4938102;110745;760
201400035174;14;6;12;1715;1;2;1;1;7;540;BD D ORLEANS;M;4943676;107993;760
201400035175;14;6;13;1345;1;2;2;1;2;95;178, RTE DE NEUFCHATEL;M;4945616;110721;760
201400035176;14;6;14;1100;1;2;5;1;3;322;BD DE VERDUN;M;4941611;105394;760
201400035177;14;5;28;1800;1;2;1;1;6;540;23, R ROLLON;M;4944283;108933;760
201400035178;14;5;18;1750;1;2;3;1;3;540;R DE  VICOMTE;M;4944084;108839;760
201400035179;14;6;13;1345;1;2;3;1;3;681;4, R PAUL ELUARD;M;4939929;109975;760
201400035180;14;6;20;755;1;2;3;1;6;540;QU DE BOISGUILBERT;M;4944262;107672;760
201400035181;14;6;20;1745;1;2;1;1;6;575;R DES COQUELICOTS;M;4939075;109696;760
201400035182;14;5;14;1950;1;2;2;1;3;451;1, FONDS THIREL. RUE DES;M;4946097;108643;760
201400035183;14;6;22;2105;1;1;1;1;1;497;;M;4939648;103262;760
201400035184;14;6;17;815;1;2;6;1;6;103;2, R ARMAND REQUIER;M;4942412;112452;760
201400035185;14;6;24;1300;1;2;3;1;6;474;148, RTE DE DIEPPE;M;4948787;104887;760
201400035186;14;6;26;1500;1;2;1;1;6;103;11, RTE NEUVE;M;4941669;113120;760
201400035187;14;6;27;1540;1;2;1;2;1;103;9, R DE LA REPUBLIQUE;M;4942647;111276;760
201400035188;14;6;7;1530;1;2;1;1;6;540;63, AV DU MONT RIBOUDET;M;4944689;106930;760
201400035189;14;7;1;1605;1;1;1;1;6;540;;M;4945453;105240;760
201400035190;14;7;2;1845;1;1;1;1;4;681;BD INDUSTRIEL;M;4940011;111116;760
201400035191;14;7;2;1915;1;2;6;1;7;322;AV FRANKLIN ROOSEVELT;M;4940838;103820;760
201400035192;14;7;3;732;1;2;1;1;6;540;;M;4944700;106160;760
201400035193;14;6;27;1500;1;2;2;1;6;540;18, AV JEAN RONDEAUX;M;4943179;107378;760
201400035194;14;7;5;145;5;1;1;1;7;157;COTE DE CANTELEU;M;4944788;104618;760
201400035195;14;7;3;1900;1;2;3;1;6;474;204, RTE DE DIEPPE;M;4948920;104926;760
201400035196;14;7;6;2300;5;2;6;1;6;498;167 C, AV DES ALLIES;M;4942345;105422;760
201400035197;14;7;11;1500;1;2;1;1;6;540;29, R JEANNE D'ARC;M;4944203;109055;760
201400035198;14;7;12;1530;1;1;1;1;2;540;;M;4944971;105987;760
201400035199;14;7;12;1730;1;2;5;1;6;540;PL DU DOCTEUR ALFRED CER;M;4944618;109504;760
201400035200;14;7;4;1645;1;2;1;2;6;484;26, R MAURICE LEVERGER;M;4936205;109926;760
201400035201;14;7;18;1615;1;2;1;1;6;540;PONT PIERRE CORNEILLE;M;4943501;109390;760
201400035202;14;7;21;1700;1;2;2;1;3;540;2, R JEAN LECANUET;M;4944355;109816;760
201400035203;14;7;20;1625;1;2;1;1;6;575;PERI SAINT JUST;M;4939393;106993;760
201400035204;14;7;26;1830;1;2;1;1;7;497;2, BD MARITIME;M;4937945;101331;760
201400035205;14;7;26;2140;1;2;1;1;6;540;45, QU DE PARIS;M;4943699;109704;760
201400035206;14;8;1;1920;1;2;6;1;6;497;R DE LA PIERRE D'ETAT;M;4938721;102800;760
201400035207;14;8;3;1855;1;2;3;1;6;540;R FRANCOIS COUPERIN;M;4944999;113845;760
201400035208;14;8;1;720;1;2;2;1;3;540;16, R BOUQUET;M;4944824;109186;760
201400035209;14;8;1;2010;1;2;1;1;6;540;18, R CLAUDE DELVINCOURT;M;4945485;112870;760
201400035210;14;8;4;2155;1;2;3;1;6;575;PL DE L EGLISE;M;4938267;110604;760
201400035211;14;8;9;1530;1;1;1;1;7;497;RN 138;M;4936871;104126;760
201400035212;14;8;11;1610;1;2;1;1;6;540;PL DES COTONNIERS;M;4943088;108191;760
201400035213;14;8;11;1400;1;1;1;1;6;486;1, RD 938 (VERS GRAND CO;M;4933635;101292;760
201400035214;14;8;12;2230;5;2;1;1;6;108;215, R DE LA HAIE;M;4945924;110583;760
201400035215;14;8;13;1605;1;2;2;1;3;322;R SADI CARNOT;M;4941099;103176;760
201400035216;14;8;15;450;5;1;6;2;6;484;;M;4934577;107699;760
201400035217;14;8;11;1835;1;2;2;1;2;497;82, R ARISTIDE BRIAND;M;4939118;102325;760
201400035218;14;8;19;1015;1;2;1;1;2;540;R MERIDIENNE;M;4942592;108234;760
201400035219;14;6;24;2320;5;2;2;1;3;540;AV JEAN RONDEAUX;M;4943880;108012;760
201400035220;14;7;25;1230;1;2;2;1;3;322;AV FRANKLIN ROOSEVELT;M;4941020;103087;760
201400035221;14;7;30;955;1;2;3;1;6;540;51, PAS FLEURY;M;4942764;107426;760
201400035222;14;8;14;930;1;1;1;1;1;319;;M;4934514;101129;760
201400035223;14;8;6;1730;1;2;2;1;2;540;02, R DU MAIL;M;4942825;109304;760
201400035224;14;8;23;2105;2;2;1;1;6;540;1, R DE LA REPUBLIQUE;M;4943756;109630;760
201400035225;14;8;23;1800;1;2;1;1;6;103;01, R BOIELDIEU;M;4941932;112995;760
201400035226;14;6;12;830;1;2;1;1;7;484;BD DAMBOURNEY;M;4935583;111376;760
201400035227;14;8;27;2015;1;1;1;1;6;319;BD DU GRAND AULNAY;M;4934431;97379;760
201400035228;14;9;3;2224;5;2;1;1;6;231;21, CRS CARNOT;M;4928706;101648;760
201400035229;14;9;6;35;5;2;1;1;7;540;R DU VAL D'EAUPLET;M;4943270;110789;760
201400035230;14;9;6;2005;1;2;4;1;2;540;R NANSEN.;M;4945048;105912;760
201400035231;14;8;13;1700;1;2;2;1;3;319;R PICOT;M;4935304;101005;760
201400035232;14;7;16;1605;1;2;3;1;3;540;5, R DE SOTTEVILLE;M;4942531;108793;760
201400035233;14;9;13;1530;1;2;3;1;4;103;118 A, RTE DE PARIS;M;4942820;111711;760
201400035234;14;8;1;1320;1;2;3;1;6;497;94,R JACQUES DAGUERRE;M;4938659;102810;760
201400035235;14;8;25;1410;1;2;3;2;3;540;AV ARISTIDE BRIAND;M;4943497;110516;760
201400035236;14;9;16;1615;1;2;1;1;2;216;RTE DE DIEPPE;M;4946935;105033;760
201400035237;14;9;9;1610;1;2;7;1;3;131;11, Bateau (Place du);M;4935232;93043;760
201400035238;14;9;1;1350;1;2;1;1;3;497;348, R ARISTIDE BRIAND;M;4939540;102439;760
201400035239;14;9;17;1510;1;2;4;1;6;451;RTE D HOUPPEVILLE;M;4947077;109152;760
201400035240;14;9;21;230;5;2;3;1;4;540;RTE DU HAVRE;M;4945115;105707;760
201400035241;14;9;18;1530;1;2;2;1;7;681;R PIERRE NENDES FRANCE;M;4941454;109152;760
201400035242;14;9;21;715;2;2;3;2;2;540;BD DE L YSER;M;4944774;110216;760
201400035243;14;9;10;1705;1;2;2;1;3;681;29, AV DES CANADIENS;M;4941665;107597;760
201400035244;14;9;27;2155;5;2;6;1;1;498;R CHEVREUL;M;4942367;105890;760
201400035245;14;9;27;1625;1;2;2;1;3;540;QU JEAN MOULIN;M;4943588;109035;760
201400035246;14;9;28;1900;1;1;1;1;1;410;AV DU VAL AUX DAMES;M;4947330;103411;760
201400035247;14;9;27;1750;1;2;1;1;3;540;R JEAN LECANUET;M;4944429;109418;760
201400035248;14;9;23;700;1;1;5;1;5;157;RTE DE DUCLAIR;M;4944502;99188;760
201400035249;14;9;19;1520;1;2;1;1;6;157;1, AV CHARLES GOUNOD;M;4945455;103293;760
201400035250;14;9;16;1500;1;2;1;1;1;157;RTE DE DUCLAIR;M;4946424;104043;760
201400035251;14;8;24;1700;1;2;1;1;7;575;23, AV DE LA MARE AUX DA;M;4938610;107096;760
201400035252;14;9;27;1740;1;2;2;1;3;540;QU PIERRE CORNEILLE;M;4943810;109179;760
201400035253;14;10;1;840;1;2;3;1;6;451;AV DU MONT AUX MALADES;M;4946417;107396;760
201400035254;14;9;22;1603;1;2;1;1;6;540;10, R DE LA REPUBLIQUE;M;4943788;109656;760
201400035255;14;10;3;1400;1;2;1;1;7;681;PL DE L HOTEL DE VILLE;M;4941483;108880;760
201400035256;14;10;7;805;2;2;3;2;7;540;180, R SAINT JULIEN;M;4942559;107366;760
201400035257;14;10;7;1240;1;2;2;1;3;95;R VICTOR BOUCHER;M;4946268;112997;760
201400035258;14;10;10;850;1;2;1;1;6;497;375, R DE LA PIERRE D ET;M;4938766;102716;760
201400035259;14;10;7;1920;2;2;4;1;2;451;R SAINT MAUR;M;4945352;108553;760
201400035260;14;10;13;1445;1;2;2;1;3;402;36, R DU DOCTEUR LE ROY;M;4952487;103522;760
201400035261;14;10;8;745;4;2;2;3;6;322;BD MAURICE RAVEL;M;4940699;104533;760
201400035262;14;10;11;1710;1;2;1;1;6;484;23,R MAURICE LEVERGER;M;4936170;110042;760
201400035263;14;10;12;1420;1;2;1;1;1;540;R LE VERRIER;M;4945479;113591;760
201400035264;14;10;17;2330;5;2;1;1;6;540;11, R ROLLON;M;4944269;108982;760
201400035265;14;10;26;315;5;2;2;1;3;540;AV  RONDEAUX;M;4943461;107644;760
201400035266;14;10;25;1540;1;2;6;1;7;575;;M;4936764;110569;760
201400035267;14;10;29;1025;1;2;2;1;3;540;BD JEAN DE BETHENCOURT;M;4943896;107981;760
201400035268;14;10;28;1320;1;2;6;1;3;575;R DU VELAY;M;4937281;109784;760
201400035269;14;10;30;1400;1;2;3;1;3;322;AV FRANKLIN ROOSEVELT;M;4939937;105697;760
201400035270;14;11;5;105;5;1;1;1;2;717;AV DE QUENNEPORT;M;4938864;100733;760
201400035271;14;11;2;35;5;2;2;1;6;498;R DE STALINGRAD;M;4943279;106078;760
201400035272;14;10;16;1200;1;2;6;1;3;540;RD POINT DE MADAGASCAR;M;4943724;106676;760
201400035273;14;11;5;955;1;2;1;1;6;540;6, R DE TUNIS;M;4944943;106881;760
201400035274;14;10;16;740;2;2;1;2;6;540;147, R LA FAYETTE;M;4943066;108622;760
201400035275;14;10;31;1700;1;2;3;1;6;540;BD D ORLEANS;M;4943591;108410;760
201400035276;14;10;31;2050;5;2;2;1;2;681;BD INDUSTRIEL;M;4942113;110678;760
201400035277;14;10;24;1415;1;1;1;2;3;540;A 150;M;4945245;105521;760
201400035278;14;11;6;1700;1;2;3;1;3;322;R HENRI MATISSE;M;4940204;103919;760
201400035279;14;11;13;1930;5;2;3;1;3;540;AV JEAN  RONDEAUX;M;4943563;107718;760
201400035280;14;11;13;1400;1;2;1;1;6;451;BD ANDRE SIEGFRIED;M;4945778;106442;760
201400035281;14;11;9;840;1;2;1;2;6;575;239, R GAMBETTA;M;4937691;110713;760
201400035282;14;10;22;1345;1;2;2;1;3;402;R GEORGES PELLERIN;M;4952487;103524;760
201400035283;14;11;12;1220;1;2;2;1;6;429;48, RTE DE PARIS;M;4940833;114591;760
201400035284;14;11;14;825;1;2;3;1;3;540;R FRANCOIS COUPERIN;M;4945109;113830;760
201400035285;14;11;14;945;1;2;1;2;1;540;62, RTE DE NEUFCHATEL;M;4945316;109817;760
201400035286;14;11;13;1705;1;2;1;1;3;216;293, RTE DE DIEPPE;M;4946993;105015;760
201400035287;14;11;18;1340;1;1;1;2;3;410;COTE DE LA VALETTE;M;4948719;102478;760
201400035288;14;11;17;730;5;2;1;1;4;540;RN 338;M;4943478;107250;760
201400035289;14;11;20;115;5;1;2;1;3;681;BD INDUSTRIEL;M;4942145;110661;760
201400035290;14;11;20;1715;1;2;3;1;3;540;1, BOULET. QUAI GASTON;M;4944177;108091;760
201400035291;14;11;22;1800;5;2;2;1;6;540;18, BD DE LA MARNE;M;4944710;109352;760
201400035292;14;11;23;430;5;2;1;2;6;410;R GARSTEDT;M;4948025;102961;760
201400035293;14;11;24;1550;1;1;1;1;3;322;;M;4941828;104832;760
201400035294;14;11;24;1825;5;2;2;1;6;451;BD ANDRE SIEGFRIED;M;4946592;107079;760
201400035295;14;11;20;1700;5;2;3;1;6;540;QU DE BOISGUILBERT;M;4944261;107670;760
201400035296;14;11;25;1415;1;2;2;1;3;540;;M;4943459;107641;760
201400035297;14;9;24;1710;1;2;1;2;6;498;208, AV JEAN JAURES;M;4942520;105659;760
201400035298;14;11;26;1600;1;2;1;9;6;484;52, R DE LA REPUBLIQUE;M;4934176;109618;760
201400035299;14;11;25;1615;1;2;6;1;2;497;R GERMAINE BEAUMONT;M;4939652;103099;760
201400035300;14;11;18;2100;5;2;3;1;3;540;112, R SAINT HILAIRE;M;4944230;110803;760
201400035301;14;11;30;2040;5;2;1;1;2;322;R GAY LUSSAC;M;4941495;104403;760
201400035302;14;11;28;850;1;2;1;1;3;216;243, RTE DE DIEPPE;M;4946704;105130;760
201400035303;14;11;28;1330;1;2;1;3;1;319;26, R JEAN MOULIN;M;4934962;102560;760
201400035304;14;12;1;820;1;2;2;1;6;540;6, R LOUIS RICARD;M;4944449;109937;760
201400035305;14;12;3;1725;5;2;2;1;6;681;R LEON BLUM;M;4942046;108963;760
201400035306;14;12;5;1750;5;2;1;1;6;322;12, AV JOHN FITZGERALD K;M;4940899;105054;760
201400035307;14;12;9;1755;5;2;1;2;6;322;114, AV DES PROVINCES;M;4940899;105117;760
201400035308;14;12;15;1425;1;2;3;1;6;540;13, R DE CONSTANTINE;M;4944576;107807;760
201400035309;14;12;16;1820;5;2;2;1;5;540;106, RTE DU HAVRE;M;4945278;105659;760
201400035310;14;12;18;1710;1;2;1;1;6;575;AV DE LA MARE AUX DAIMS;M;4938638;107095;760
201400035311;14;12;18;1930;5;2;2;8;3;95;AV DU MARECHAL JUIN;M;4946211;112257;760
201400035312;14;12;12;740;5;2;3;2;3;540;AV DE LA GRAND MARE;M;4945871;113511;760
201400035313;14;12;13;1610;1;2;6;2;3;322;AV FRANKLIN ROOSEVELT;M;4940519;104306;760
201400035314;14;12;18;1630;1;2;2;1;7;540;1, BD DE LA MARNE;M;4944729;109509;760
201400035315;14;12;16;1655;2;2;1;1;6;322;R LAMARTINE;M;4941357;105582;760
201400035316;14;12;27;615;5;2;2;2;3;540;AV ARISTIDE BRIAND;M;4943464;110588;760
201400035317;14;1;11;1500;1;2;1;1;6;108;48, MARECHAL FOCH (AVENU;;;;770
201400035318;14;1;15;900;1;2;1;1;6;108;12, SOURCES (AVENUE DES);;;;770
201400035319;14;1;15;2035;5;2;1;2;2;108;18, GRAND JARDIN (PLACE;;;;770
201400035320;14;1;16;1725;2;2;1;2;3;108;7, NAST (RUE GUSTAVE);;;;770
201400035321;14;1;20;1825;5;2;1;1;6;108;1, ILETTE (RUE DE L' );;;;770
201400035322;14;12;30;1530;1;2;1;1;6;108;14, SYLVIE (AVENUE DE);;;;770
201400035323;14;1;25;505;5;2;1;3;6;479;TORCY (ROUTE DE);;;;770
201400035324;14;1;30;1300;1;2;3;1;3;108;MONTFERMEIL (ROUTE DE);;;;770
201400035325;14;2;8;1545;1;2;1;2;1;108;08, HAUTE BORNE (RUE DE;;;;770
201400035326;14;2;15;1520;1;2;2;1;3;108;19, ETERLET (RUE LOUIS );;;;770
201400035327;14;2;16;1830;5;2;1;1;6;108;GENDARME CASTERMANT (AVE;;;;770
201400035328;14;3;4;1150;1;2;1;1;6;479;26, LORRAINE (BOULEVARD;;;;770
201400035329;14;3;6;915;1;2;1;1;6;479;01, GUE DE LAUNAY (CHEMI;;;;770
201400035330;14;3;24;800;1;2;1;1;3;108;02, BICKART (RUE ALEXAND;;;;770
201400035331;14;3;26;1215;1;2;9;8;4;108;01, SOURCES (AVENUE DES);;;;770
201400035332;14;4;5;1845;1;2;3;1;3;55;36, THIEBAULT (AVENUE VI;;;;770
201400035333;14;4;16;1110;1;1;1;1;2;108;63, GUETTE (CHEMIN DE LA;;;;770
201400035334;14;4;16;1920;1;2;1;1;6;108;33, GAMBETTA ( RUE );;;;770
201400035335;14;4;19;2300;5;2;3;1;6;108;12, MARECHAL FOCH (AVENU;;;;770
201400035336;14;4;21;705;1;2;1;1;6;108;2, GENDARME CASTERMANT (;;;;770
201400035337;14;4;25;2100;2;1;1;1;7;363;CLAYE (ROUTE DE);;;;770
201400035338;14;4;26;1515;1;2;1;2;4;108;32, MARECHAL FOCH (AVENU;;;;770
201400035339;14;4;29;1750;1;2;1;3;6;108;14, SYLVIE (AVENUE DE);;;;770
201400035340;14;5;4;1420;1;1;1;1;3;517;CD 404;;;;770
201400035341;14;5;8;1730;1;2;3;2;3;479;18, JAURES ( AVENUE JEAN;;;;770
201400035342;14;5;10;1400;1;2;1;2;2;108;7, SYLVIE (AVENUE DE);;;;770
201400035343;14;5;16;900;1;2;1;1;3;108;17 bis, MARECHAL FOCH (A;;;;770
201400035344;14;5;17;2320;3;1;3;1;3;517;CD 404;;;;770
201400035345;14;5;30;845;1;2;9;1;6;108;54, RESISTANCE (AVENUE D;;;;770
201400035346;14;5;28;1750;1;2;1;2;1;108;TRINQUAND (AVENUE FRANCO;;;;770
201400035347;14;6;4;1520;1;2;9;2;6;55;BOIS (RUE DES);;;;770
201400035348;14;6;5;1735;1;2;1;1;2;108;18, NAST (RUE GUSTAVE);;;;770
201400035349;14;6;7;1600;1;2;1;1;1;108;GOURNAY ( PONT DE );;;;770
201400035350;14;6;8;1430;1;2;1;1;7;139;118, CHAT (ROUTE DU);;;;770
201400035351;14;6;23;25;5;2;3;1;3;108;ETERLET (RUE LOUIS );;;;770
201400035352;14;6;23;900;1;2;1;1;3;108;GOURNAY (RUE DE);;;;770
201400035353;14;7;2;1945;1;2;1;1;6;139;4, EUROPE (AVENUE DE L');;;;770
201400035354;14;7;4;1805;1;1;2;1;3;517;CD 404;;;;770
201400035355;14;7;30;1110;1;2;9;1;3;108;RESISTANCE (AVENUE DE LA;;;;770
201400035356;14;7;26;1750;1;2;1;1;6;108;68, RESISTANCE (AVENUE D;;;;770
201400035357;14;8;29;1145;1;2;1;1;2;55;46bis, BOCAGES (ALLEE DE;;;;770
201400035358;14;8;31;1945;1;2;1;1;2;108;53, MARECHAL FOCH (AVENU;;;;770
201400035359;14;9;3;1040;1;2;1;1;6;108;JAURES (AVENUE JEAN);;;;770
201400035360;14;9;20;1655;1;2;1;1;6;108;27, NAST (RUE GUSTAVE);;;;770
201400035361;14;9;27;940;1;2;2;1;3;139;HETRES (RUE DES);;;;770
201400035362;14;9;30;1700;1;2;1;1;6;108;32, MARECHAL FOCH (AVENU;;;;770
201400035363;14;10;13;1255;1;2;1;1;6;108;0, SYLVIE (AVENUE DE);;;;770
201400035364;14;10;18;810;1;2;1;1;6;108;CLAYE (AVENUE DE);;;;770
201400035365;14;11;5;1505;1;2;1;1;6;108;32, MARECHAL FOCH (AVENU;;;;770
201400035366;14;10;29;1505;1;2;1;1;6;108;32, MARECHAL FOCH (AVENU;;;;770
201400035367;14;11;12;1625;1;2;1;1;6;108;CLAYE (AVENUE DE);;;;770
201400035368;14;11;28;1145;1;2;2;8;3;108;12, LAUSSEDAT (AVENUE);;;;770
201400035369;14;12;10;1730;1;2;6;1;1;139;0, ILE DE FRANCE (ROND P;;;;770
201400035370;14;12;8;2010;5;2;3;1;5;108;MARECHAL FOCH (AVENUE DU;;;;770
201400035371;14;12;12;1810;3;2;1;3;1;108;61, GUETTE (CHEMIN DE LA;;;;770
201400035372;14;12;10;800;5;2;1;1;6;108;CLAYE (AVENUE DE);;;;770
201400035373;14;12;27;2000;3;1;6;2;1;132;EUROPE ( BOULEVARD );;;;770
201400035374;14;1;22;815;2;2;9;5;6;268;31, CLE DES CHAMPS ( RUE;;;;770
201400035375;14;1;17;1135;1;2;1;1;7;18;PARIS ( RUE DE );;;;770
201400035376;14;1;15;1300;1;2;1;2;3;131;64, GENERAL LECLERC (RUE;;;;770
201400035377;14;1;22;1750;3;1;2;2;3;400;29.500, D 15;;;;770
201400035378;14;1;25;205;3;1;1;1;6;70;SAUVAGERE (LIEU DIT LA);;;;770
201400035379;14;2;1;1725;1;2;3;1;2;42;CHARLES DE GAULLE (AVENU;;;;770
201400035380;14;2;5;1035;1;2;1;8;5;131;40, REBAIS (AVENUE DE);;;;770
201400035381;14;2;14;2015;5;1;1;8;6;400;21, D 25;;;;770
201400035382;14;2;15;1450;1;1;1;8;4;131;D402 (DEVIATION);;;;770
201400035383;14;3;2;1820;1;2;1;1;2;131;22, GAMBETTA (COUR);;;;770
201400035384;14;3;14;1310;1;2;9;1;1;131;MARNE (BOULEVARD DE LA);;;;770
201400035385;14;3;29;1240;1;2;2;1;5;131;5 bis, GRAND MORIN (RUE;;;;770
201400035386;14;4;7;1700;1;2;1;1;7;131;1, ELVERT ROBERT (AVENUE;;;;770
201400035387;14;4;9;650;1;1;2;1;3;42;RD 222;;;;770
201400035388;14;4;17;1520;1;2;2;7;6;70;CHATEAU (RUE DU);;;;770
201400035389;14;4;28;1810;1;2;1;1;2;131;64, GENERAL LECLERC (RUE;;;;770
201400035390;14;5;5;1345;1;2;1;1;1;320;128, GENERAL DE GAULLE (;;;;770
201400035391;14;5;11;2050;2;1;1;2;2;70;D 934;;;;770
201400035392;14;5;13;1935;1;2;3;1;3;131;REBAIS (AVENUE DE);;;;770
201400035393;14;5;8;1605;1;2;1;2;2;131;10, MARNE (BOULEVARD DE;;;;770
201400035394;14;5;20;1620;1;1;2;1;3;371;D 934  - AERODROME;;;;770
201400035395;14;6;2;1220;1;2;2;1;5;281;MONTESQUIOU (RUE);;;;770
201400035396;14;6;15;1255;1;2;3;1;3;131;STRASBOURG (AVENUE DE);;;;770
201400035397;14;6;15;1740;1;1;1;7;7;28;TOUCHE  (LIEU DIT);;;;770
201400035398;14;6;26;1645;1;2;2;1;7;320;LIBERATION (AVENUE DE LA;;;;770
201400035399;14;7;1;1755;1;1;2;1;7;371;D 15;;;;770
201400035400;14;7;8;1445;1;1;1;2;7;400;1, BARNY A EPIED (RUE DE;;;;770
201400035401;14;7;10;825;1;1;9;2;7;131;BRISEBECHE (RUE DE LA);;;;770
201400035402;14;7;20;400;3;1;1;3;2;320;D 934 (SORTIE MOUROUX AE;;;;770
201400035403;14;7;21;1335;1;1;1;1;7;13;D402;;;;770
201400035404;14;7;30;1815;1;1;1;1;3;70;00, MARTROY (LIEU DIT LE;;;;770
201400035405;14;8;30;645;2;1;1;1;7;371;HUERNE (AVENUE DU GENERA;;;;770
201400035406;14;9;12;1740;1;2;3;7;6;131;49, STRASBOURG (AVENUE D;;;;770
201400035407;14;10;12;1445;1;2;1;2;6;320;21, LIBERATION (AVENUE D;;;;770
201400035408;14;10;13;1750;1;1;1;1;2;131;D402 (DEVIATION);;;;770
201400035409;14;10;24;1610;1;1;6;1;5;131;D402 (DEVIATION);;;;770
201400035410;14;10;31;1605;1;1;3;7;3;371;HUERNE (AVENUE DU GENERA;;;;770
201400035411;14;11;2;2155;5;1;2;2;3;281;14, PARADIS (RUE DU);;;;770
201400035412;14;11;9;220;3;1;1;1;7;70;D 209;;;;770
201400035413;14;11;10;2025;5;2;2;1;3;42;FERTE GAUCHER (RUE DE LA;;;;770
201400035414;14;11;19;1930;3;1;1;5;5;433;D 402;;;;770
201400035415;14;12;8;1125;1;2;1;2;3;131;8, GRAND MORIN (RUE DU);;;;770
201400035416;14;12;17;1945;5;2;2;2;3;42;MORIN (RUE DU);;;;770
201400035417;14;12;31;600;3;1;1;1;6;131;D402 (DEVIATION);;;;770
201400035418;14;2;23;1700;1;1;1;1;2;186;RD148 carrefour DIANE ?;;;;770
201400035419;14;2;23;1710;1;1;1;1;5;186;RD148 carrefour DIANE ?;;;;770