num_acc;an;mois;jour;hrmn;lum;agg;int;atm;col;com;adr;gps;lat;long;dep
201400035420;14;3;25;800;2;1;1;1;6;186;RD148 carrefour DIANE ?;;;;770
201400035421;14;4;1;1950;2;1;1;1;5;186;RD607 de Barbizon ? pav?;;;;770
201400035422;14;5;12;1055;1;1;1;1;5;186;RD607 de Barbizon ? pav?;;;;770
201400035423;14;5;14;1525;1;1;2;1;3;186;RD152 de l'ob?lisque ? p;;;;770
201400035424;14;5;17;2310;3;1;6;1;7;186;RD606. de la rochette ?;;;;770
201400035425;14;5;18;2210;3;1;1;1;6;186;RD152 de l'ob?lisque ? p;;;;770
201400035426;14;6;15;1620;1;1;1;1;3;186;d301 de chantoiseau /gra;;;;770
201400035427;14;7;8;1615;1;1;1;1;6;186;D137. PanONF thom. carr.;;;;770
201400035428;14;8;6;835;2;1;1;2;7;186;D606 de l'ob?lisque ? li;;;;770
201400035429;14;8;15;810;1;1;1;1;3;186;RD607 de Barbizon ? pav?;;;;770
201400035430;14;8;29;1900;1;1;2;1;3;186;RD152 de l'ob?lisque ? p;;;;770
201400035431;14;9;6;2335;3;1;1;1;1;186;RD607 de Barbizon ? pav?;;;;770
201400035432;14;9;7;1510;1;1;2;7;3;186;RD148 carrefour DIANE ?;;;;770
201400035433;14;9;13;1450;1;1;6;1;6;186;RD607 de Barbizon ? pav?;;;;770
201400035434;14;10;2;1815;1;1;5;1;3;186;TABLE DU GRAND MAITRE (C;;;;770
201400035435;14;10;7;1845;1;1;1;1;3;186;D606 de l'ob?lisque ? li;;;;770
201400035436;14;10;23;2130;3;1;1;1;6;186;RD 142 Gland?e au grand;;;;770
201400035437;14;11;1;1610;1;2;1;1;2;14;44, VALVINS (AVENUE DE);;;;770
201400035438;14;11;8;1440;1;1;1;1;3;186;RD606. de la rochette ?;;;;770
201400035439;14;12;16;1655;5;2;2;1;7;186;209, SAINT MERRY (RUE);;;;770
201400035440;14;12;19;2345;5;2;1;1;6;14;DE GAULLE (AVENUE DU GEN;;;;770
201400035441;14;12;31;2345;5;2;1;1;6;14;4, TOURING CLUB (RUE DU;;;;770
201400035442;14;3;7;920;1;2;1;1;6;58;GENERAL DE GAULLE  (AVEN;;;;770
201400035443;14;3;27;2200;3;1;1;1;2;438;D934;;;;770
201400035444;14;4;10;655;2;2;1;1;3;237;24, MEAUX  (RUE DE  );;;;770
201400035445;14;5;3;1300;1;2;1;1;3;59;20, CHAMPAGNE  (RUE DE;;;;770
201400035446;14;6;27;1000;1;2;1;1;4;243;20, JACQUES LEPAIRE  (RU;;;;770
201400035447;14;10;16;1640;1;2;1;8;6;58;3, CLOS SAINT GEORGES (P;;;;770
201400035448;14;11;27;1705;5;2;1;9;2;58;GENERAL DE GAULLE  (AVEN;;;;770
201400035449;14;1;21;1950;5;2;1;2;2;513;66, BRIAND ARISTIDE (RUE;;;;770
201400035450;14;1;28;1730;5;2;1;8;6;284;96, JOFFRE (AV.DU ML.);;;;770
201400035451;14;2;21;2015;5;2;1;2;2;284;0, GALLIENI (AVENUE);;;;770
201400035452;14;3;3;1945;5;2;6;2;3;284;BAYARD (BD.DU CHEVALIER);;;;770
201400035453;14;3;21;1810;1;2;1;1;6;284;3, FROT (AV.PAUL);;;;770
201400035454;14;3;26;1643;1;2;1;8;6;284;TESSAN (RUE FRANCOIS DE);;;;770
201400035455;14;3;30;430;3;1;1;1;1;335;RD5 (ROUTE DEPARTEMENTAL;;;;770
201400035456;14;4;3;1840;1;1;1;1;1;276;CD N?436;;;;770
201400035457;14;4;25;1910;1;2;1;1;6;284;1, OURCQ (RUE DE L');;;;770
201400035458;14;5;12;1335;1;2;1;2;5;475;11, JOFFRE (RUE DU MAL.);;;;770
201400035459;14;5;16;1815;1;1;1;1;6;335;RN 330;;;;770
201400035460;14;5;22;2020;2;2;1;3;4;475;, VERDUN (AVENUE DE);;;;770
201400035461;14;5;22;2120;2;2;1;2;4;284;83, ALLENDE (AV.SALVADOR;;;;770
201400035462;14;5;23;1850;1;1;2;1;6;335;RD129 (ROUTE DEPARTEMENT;;;;770
201400035463;14;5;28;1045;1;2;1;1;7;284;63 bis, DUNANT (AVENUE H;;;;770
201400035464;14;5;30;1850;1;2;1;1;3;284;5, CORNILLON (RUE);;;;770
201400035465;14;6;4;900;1;2;1;2;6;284;18, PASCAL (RUE);;;;770
201400035466;14;6;24;600;1;1;1;1;1;284;VARREDES (ROUTE DE);;;;770
201400035467;14;6;27;1515;1;2;1;7;4;284;0, FOCH (AVENUE DU ML.);;;;770
201400035468;14;7;3;1325;1;2;3;7;1;284;1, SAINT-FARON (RUE);;;;770
201400035469;14;7;11;15;5;2;1;2;2;284;23, GALLIENI (AVENUE);;;;770
201400035470;14;7;12;2100;1;1;1;1;7;276;1143, CHARLES DE GAULLE;;;;770
201400035471;14;7;17;1430;1;2;1;1;2;284;66, TESSAN (RUE FRANCOIS;;;;770
201400035472;14;7;22;1755;1;2;6;1;6;284;APPEL DU 18 JUIN 1940 (A;;;;770
201400035473;14;7;31;1835;1;2;1;1;6;284;1, 11 NOVEMBRE 1918 (RUE;;;;770
201400035474;14;7;31;1950;1;2;1;1;6;284;8, ROOSEVELT (AV.DU PDT);;;;770
201400035475;14;8;25;955;1;2;1;2;7;284;46, EUROPE (PLACE DE L');;;;770
201400035476;14;9;12;2140;5;2;1;1;3;284;ALLENDE (AV.SALVADOR);;;;770
201400035477;14;11;15;1415;1;1;6;1;2;513;RUTEL (CHEMIN DE);M;4856572;251211;770
201400035478;14;11;19;2035;5;2;1;1;2;369;6, MEAUX (AVENUE DE);;;;770
201400035479;14;1;4;1809;4;2;1;1;6;288;31, THIERS   (AVENUE EX;M;4831506;239191;770
201400035480;14;1;6;810;1;2;1;1;1;188;MASSOURY (ROUTE DE);;;;770
201400035481;14;2;10;1625;1;2;1;1;1;407;10, SAUSSAIE(RUE DE LA);;;;770
201400035482;14;2;11;1635;1;1;1;1;5;306;D.471 - D.57;M;4835504;241309;770
201400035483;14;2;26;905;1;2;1;8;6;288;57, ARISTIDE BRIAND  (BO;;;;770
201400035484;14;2;7;1105;1;2;1;8;7;288;1, GALLIENI  (PLACE);;;;770
201400035485;14;3;17;1005;1;1;3;1;6;389;HALAGE(CHEMIN DE);;;;770
201400035486;14;3;16;2320;5;1;9;1;3;152;DEPARTEMENTALE 142;;;;770
201400035487;14;3;19;1545;1;2;1;1;6;288;13, ROBERT SCHUMAN (RUE);;;;770
201400035488;14;3;20;1400;1;1;2;1;3;487;R.N 105;;;;770
201400035489;14;3;30;650;5;2;1;1;6;152;30, VAILLANT COUTURIER(A;;;;770
201400035490;14;3;25;1425;1;2;3;1;6;152;RESISTANCE(RUE DE LA);;;;770
201400035491;14;4;4;2310;5;2;2;1;2;487;TROIS RODES (DES);;;;770
201400035492;14;4;5;2200;3;2;1;1;6;288;R.N 105;;;;770
201400035493;14;4;10;710;1;1;1;1;3;288;R.N 105;;;;770
201400035494;14;4;11;1955;1;1;3;1;3;394;R.N 36;;;;770
201400035495;14;5;6;1710;1;2;1;1;6;394;00, CHAMPION (CENTRE CIA;;;;770
201400035496;14;5;9;1850;1;2;2;1;5;285;MARCHE MARAIS (AVENUE DE;;;;770
201400035497;14;5;3;2127;5;2;9;1;6;152;VOLTAIRE(QUAI);;;;770
201400035498;14;6;16;745;1;2;3;1;3;96;0, GEORGES CLEMENCEAU (R;;;;770
201400035499;14;5;24;1615;1;1;1;1;3;378;FONTAINEBLEAU(AVENUE DE);;;;770
201400035500;14;7;2;1850;1;2;1;1;3;152;722, PRIEUR(AVENUE CHARL;;;;770
201400035501;14;7;9;1820;1;2;3;2;3;288;MEAUX (AVENUE DE);;;;770
201400035502;14;7;22;1240;1;1;2;1;3;306;D.471;;;;770
201400035503;14;8;1;1720;1;2;1;1;2;288;CORBEIL (AVENUE DE);;;;770
201400035504;14;8;4;1000;1;2;3;1;3;288;GENERAL LECLERC (RUE);;;;770
201400035505;14;8;21;2135;2;2;1;1;3;288;2, GENERAL LECLERC (RUE);;;;770
201400035506;14;9;11;1925;1;1;1;1;3;389;ROUTE NATIONALE 6;;;;770
201400035507;14;9;23;1600;1;2;1;1;2;487;7, CHARTRETTES  (ROUTE D;;;;770
201400035508;14;9;27;1930;1;2;2;1;3;285;MAURICE DAUVERGNE (AVENU;;;;770
201400035509;14;10;2;2111;3;2;1;1;6;152;1, LAGRANGE(RUE LEO);;;;770
201400035510;14;10;27;2010;3;1;1;1;1;394;D.471;;;;770
201400035511;14;11;1;1910;3;1;1;1;5;152;BOURGOGNE(ROUTE DE);;;;770
201400035512;14;11;1;2030;5;1;1;1;2;518;RD 372;;;;770
201400035513;14;11;17;1715;5;2;1;1;6;285;147, MAURICE DAUVERGNE (;;;;770
201400035514;14;9;29;830;1;2;1;1;6;288;PRESIDENT DESPATYS  (RUE;;;;770
201400035515;14;12;2;710;5;2;1;5;6;288;ROND POINT DE L'EUROPE;;;;770
201400035516;14;12;7;700;3;1;1;5;6;518;ROUTE NATIONALE 7;;;;770
201400035517;14;12;15;1730;5;2;1;2;6;288;77, MEAUX (AVENUE DE);;;;770
201400035518;14;12;15;1610;1;1;2;2;3;269;NANGIS - D408 (ROUTE);;;;770
201400035519;14;12;22;1810;5;2;3;1;3;288;CHASSE  (RUE DE LA);;;;770
201400035520;14;7;3;1550;1;2;6;1;6;445;D. 50;;;;770
201400035521;14;1;6;1722;4;1;9;2;2;67;D.346;;;;770
201400035522;14;1;7;1825;4;2;2;2;3;326;OLOF PALME (AVENUE);;;;770
201400035523;14;1;8;1930;3;1;3;2;3;450;RD 319;;;;770
201400035524;14;1;13;730;5;2;3;1;6;445;CLOCHER (AVENUE DU);;;;770
201400035525;14;7;17;600;1;2;3;1;7;296;HENRI POINTCARE (RUE);;;;770
201400035526;14;2;21;1735;1;2;2;1;7;122;BATELIERE (RUE);;;;770
201400035527;14;2;28;1810;1;1;1;2;2;114;D471;;;;770
201400035528;14;3;2;1625;1;2;6;1;7;122;ANDRE MALRAUX (AVENUE);;;;770
201400035529;14;3;4;957;1;2;1;1;7;445;BLUM (AVENUE LEON);;;;770
201400035530;14;3;3;510;5;1;1;2;6;53;BUTTE AUX BERGERS (RUE D;;;;770
201400035531;14;3;7;1150;1;2;1;1;6;445;REGALLES (AVENUE DES);;;;770
201400035532;14;3;12;1300;1;2;2;1;3;251;VICTOR SCHOELCHER (BOULE;;;;770
201400035533;14;3;13;900;1;1;3;1;5;450;RD 319;;;;770
201400035534;14;3;14;1520;1;2;3;7;6;251;RENE CASSIN (AVENUE);;;;770
201400035535;14;3;23;405;3;2;2;1;3;296;437, JEAN JAURES (AVENUE;;;;770
201400035536;14;4;23;1735;1;2;1;1;7;67;5, ROSE DES VENTS (RUE D;;;;770
201400035537;14;5;12;215;5;1;6;1;6;251;PAUL DELOUVRIER (AVENUE);;;;770
201400035538;14;3;29;1245;1;2;6;7;3;122;PABLO PICASSO(RUE);;;;770
201400035539;14;6;1;125;3;2;1;1;7;53;FOUR A CHAUX (RUE DU);;;;770
201400035540;14;5;30;1610;1;2;1;1;6;296;67, DROITS DE L'HOMME (R;;;;770
201400035541;14;6;24;640;2;2;1;1;7;445;PALME (AVENUE OLOF);;;;770
201400035542;14;7;29;2230;5;2;2;8;1;296;154, JEAN JAURES (AVENUE;;;;770
201400035543;14;7;11;1550;1;2;2;8;6;495;PARC D'ACTIVITES DE VERT;;;;770
201400035544;14;8;22;2220;5;2;2;1;1;296;411, JEAN JAURES (AVENUE;;;;770
201400035545;14;8;28;1200;1;2;3;2;6;445;SAVIGNY (RUE DE);;;;770
201400035546;14;9;21;1330;1;2;6;8;7;251;PAUL DELOUVRIER (AVENUE);;;;770
201400035547;14;9;24;1223;1;2;2;1;3;445;CAMELINAT (AVENUE ZEPHIR;;;;770
201400035548;14;9;24;1800;1;1;1;1;3;67;D306;;;;770
201400035549;14;9;28;535;5;2;1;1;7;114;2, RD 216;;;;770
201400035550;14;9;29;2017;3;1;1;1;5;114;RD 216;;;;770
201400035551;14;10;6;240;3;1;1;1;6;67;D.346;;;;770
201400035552;14;10;13;1950;5;2;2;1;1;122;MOISSY(RUE DE);;;;770
201400035553;14;10;19;507;3;1;1;5;7;296;D402;;;;770
201400035554;14;10;26;200;5;2;6;1;7;326;D.50;;;;770
201400035555;14;10;8;1500;1;2;1;1;6;122;JEAN-FRANCOIS MILLET(RUE;;;;770
201400035556;14;11;26;1910;3;2;1;1;7;122;EUROPE ( Boulevard de l';;;;770
201400035557;14;12;4;1645;5;1;1;1;6;53;88, GENERAL LECLERC (RUE;;;;770
201400035558;14;12;15;1610;5;1;1;8;6;251;PAUL DELOUVRIER (AVENUE);;;;770
201400035559;14;12;17;2035;3;1;1;2;2;450;RD 319;;;;770
201400035560;14;12;16;1830;5;2;6;8;6;53;GENERAL LECLERC (RUE DU);;;;770
201400035561;14;6;11;1856;1;2;1;1;2;122;CHENE(RUE DU);;;;770
201400035562;14;7;26;556;2;2;1;1;7;445;08, CLOCHER (AVENUE DU);;;;770
201400035563;14;6;14;1035;1;1;2;2;5;495;D.346;;;;770
201400035564;14;2;11;1645;1;2;1;1;1;172;08, rue du Port;;;;770
201400035565;14;2;1;1725;1;2;1;1;6;482;24 bis, ROUTE NATIONALE;;;;770
201400035566;14;3;11;1435;2;1;1;5;6;482;ROUTE DEPARTEMENTALE 28A;;;;770
201400035567;14;3;28;1920;2;1;1;1;1;482;D606;;;;770
201400035568;14;3;30;128;3;1;1;1;7;482;ROUTE NATIONALE 6;;;;770
201400035569;14;4;9;1450;1;1;1;1;1;172;D 219;;;;770
201400035570;14;9;3;830;1;1;1;1;7;210;CD39;;;;770
201400035571;14;9;7;55;5;2;1;1;1;305;22, PARIS (NOUVELLE ROUT;;;;770
201400035572;14;12;13;1955;5;2;1;1;7;305;15, JAURES (RUE JEAN);;;;770
201400035573;14;12;8;700;3;1;2;5;3;210;D 210;;;;770
201400035574;14;12;16;1600;1;2;1;1;6;305;GENERAL PAJOL (RUE DU);;;;770
201400035575;14;12;19;1203;1;1;1;6;2;210;RD 605;;;;770
201400035576;14;3;7;1745;1;1;1;1;4;79;EUROPE (PLACE DE L');;;;770
201400035577;14;5;26;1430;1;1;1;2;3;166;D 606;;;;770
201400035578;14;6;13;1920;1;2;1;1;3;166;39, SENS (AVENUE DE);;;;770
201400035579;14;6;28;1240;1;2;1;2;6;463;33, BY (RUE DE);;;;770
201400035580;14;10;17;1530;1;1;1;1;5;516;D 606;;;;770
201400035581;14;4;22;1725;1;2;1;3;7;333;1, GIRAULT (RUE);;;;770
201400035582;14;7;19;925;1;1;6;1;6;216;DEPARTEMENTALE 607;;;;770
201400035583;14;9;18;1510;1;2;6;2;7;333;BOURGOGNE ( ROND POINT D;;;;770
201400035584;14;9;22;630;5;2;1;1;6;458;105, MARECHAL LECLERC (A;;;;770
201400035585;14;11;17;910;1;1;1;8;6;431;LARCHANT (RUE DE) RD 16;;;;770
201400035586;14;11;18;1810;5;2;1;2;6;333;01, CEZANNE (RUE PAUL);;;;770
201400035587;14;9;14;1550;1;2;1;1;6;333;51, LYON (AVENUE DE)RD 6;;;;770
201400035588;14;1;9;1845;5;2;1;1;6;83;20, PARIS (RUE DE);;;;770
201400035589;14;1;14;955;1;2;1;1;6;258;SOUBRIARDE (AVENUE DE LA;;;;770
201400035590;14;1;17;1800;4;2;1;1;6;83;BOIS DE GRACE (BOULEVARD;;;;770
201400035591;14;2;6;830;1;2;1;2;6;83;17, AMPERE (AVENUE);;;;770
201400035592;14;2;14;935;1;2;2;1;6;146;PLATANES (ALLEE DES);;;;770
201400035593;14;2;24;1545;1;2;1;1;6;83;30, PARIS (RUE DE);;;;770
201400035594;14;3;9;2035;2;2;3;1;3;468;GEORGES BRASSENS (AVENUE;;;;770
201400035595;14;3;12;825;1;2;3;1;6;83;ALBERT SCHWEITZER (RUE);;;;770
201400035596;14;3;23;555;5;2;1;1;6;146;88, VIEILLES VIGNES (RON;;;;770
201400035597;14;3;29;1440;1;1;1;1;6;169;CLOS DE L'AUMONE (BOULEV;;;;770
201400035598;14;4;14;1105;1;2;2;1;6;258;2, SEGRAIS (BOULEVARD DU;;;;770
201400035599;14;4;23;1640;1;2;1;1;6;337;02, PIERRE MENDES FRANCE;;;;770
201400035600;14;4;27;235;5;1;1;1;2;337;BRIE VPO (ROUTE DE LA);;;;770
201400035601;14;5;3;2100;2;2;1;1;7;258;20, JEHAN SCARRON (RUE);;;;770
201400035602;14;5;5;2340;5;2;1;1;6;258;SOUBRIARDE (AVENUE DE LA;;;;770
201400035603;14;5;9;1650;1;2;1;1;6;337;2, SARTRE (JEAN-PAUL);;;;770
201400035604;14;5;22;1502;1;2;1;1;6;337;2, GUI (ALLEE DU);;;;770
201400035605;14;5;28;1237;1;2;1;1;6;121;MARNE ET GONDOIRE (RUE);;;;770
201400035606;14;6;5;745;1;2;2;1;1;468;6, ARCHE GUEDON (COURS D;;;;770
201400035607;14;6;8;1640;1;2;2;1;3;83;CHAMPY-NESLE (BOULEVARD;;;;770
201400035608;14;6;9;1750;1;1;2;1;3;169;CLOS DE L'AUMONE (BOULEV;;;;770
201400035609;14;6;16;1900;1;2;1;1;7;83;CHELLES (AVENUE DE);;;;770
201400035610;14;6;24;1800;1;1;6;1;3;468;JEAN MOULIN (AVENUE);;;;770
201400035611;14;7;15;1515;1;2;1;1;6;258;2, PAUL CLAUDEL (ALLEE);;;;770
201400035612;14;7;24;800;1;1;3;1;2;468;LAGNY (ROUTE DE);;;;770
201400035613;14;8;3;1030;1;2;1;1;6;468;LAGNY (ROUTE DE);;;;770
201400035614;14;8;20;1318;1;2;3;1;3;337;60, ROCHES (COURS DES);;;;770
201400035615;14;8;20;1120;1;2;1;1;6;83;AMPERE (AVENUE);;;;770
201400035616;14;9;5;1325;1;2;2;1;6;83;15, AMPERE (AVENUE);;;;770
201400035617;14;9;7;1720;1;2;1;1;6;337;40, BUISSON (COURS DU);;;;770
201400035618;14;9;9;1815;1;2;1;1;1;83;2, PYRAMIDES (AVENUE DES;;;;770
201400035619;14;9;12;1835;1;2;2;1;3;83;11, REPUBLIQUE (BOULEVAR;;;;770
201400035620;14;9;22;720;2;1;1;1;7;121;NATIONALE 471 (ROUTE);;;;770
201400035621;14;10;7;915;1;2;1;1;6;169;6, OLOF PALME (BOULEVARD;;;;770
201400035622;14;10;23;10;5;2;1;1;7;169;EUROPE (AVENUE DE L');;;;770
201400035623;14;10;22;2230;5;2;3;1;5;468;18, ARCHE GUEDON (COURS;;;;770
201400035624;14;10;27;2125;5;2;1;1;6;121;1, CENTRE COMMERCIAL REG;;;;770
201400035625;14;11;4;1335;1;2;3;1;3;468;2, NOISIEL (ROUTE DE);;;;770
201400035626;14;11;6;1315;1;2;1;1;7;258;SOUBRIARDE (AVENUE DE LA;;;;770
201400035627;14;11;12;1155;1;2;1;1;6;258;9, FERME (RUE DE LA);;;;770
201400035628;14;11;21;1755;3;1;1;1;3;121;NATIONALE 471 (ROUTE);;;;770
201400035629;14;12;6;2040;5;2;3;1;6;468;JEAN MOULIN (AVENUE);;;;770
201400035630;14;12;11;1950;5;2;3;1;3;258;COURCERIN (BOULEVARD DE);;;;770
201400035631;14;12;12;1700;1;2;1;1;6;337;ARCHE GUEDON (COURS DE L;;;;770
201400035632;14;12;16;25;5;2;6;1;3;83;13, PYRAMIDES (AVENUE DE;;;;770
201400035633;14;12;23;2050;5;2;1;1;6;468;29, LACS (COURS DES);;;;770
201400035634;14;11;29;2320;3;1;1;1;7;374;CD 471;;;;770
201400035635;14;2;2;125;3;1;9;9;2;374;CD 21;M;4847360;241535;770
201400035636;14;12;23;1715;2;2;1;1;1;390;2, GENERAL LECLERC (AVEN;;;;770
201400035637;14;2;7;750;2;2;1;1;6;373;1bis, PARIS (RUE DE- RN;;;;770
201400035638;14;2;7;730;2;2;1;3;6;373;PARIS (RUE DE- RN 4 );;;;770
201400035639;14;2;12;846;1;2;1;1;6;350;04, AUGUSTE HUDIER (RUE);;;;770
201400035640;14;3;7;1131;1;1;1;1;1;350;CD 351;M;4845421;239494;770
201400035641;14;3;11;1635;1;1;1;1;6;350;CD 471;;;;770
201400035642;14;4;3;1605;1;2;1;1;6;373;BUISSON FLEURI (AVENUE D;;;;770
201400035643;14;4;26;525;5;2;1;1;7;373;9, PARIS (RUE DE- RN 4 );;;;770
201400035644;14;5;31;1740;1;1;1;1;7;350;RN4 HORS AGGLOMERATION;;;;770
201400035645;14;5;31;2015;1;2;2;1;3;350;1, GEORGES COGNET (AVENU;;;;770
201400035646;14;5;8;1725;1;1;2;2;3;373;CENTRE COMMERCIAL CARREF;;;;770
201400035647;14;6;12;1620;1;1;1;1;3;373;RN4 HORS AGGLOMERATION;;;;770
201400035648;14;6;13;1410;1;1;1;1;3;373;1, CENTRE COMMERCIAL CAR;;;;770
201400035649;14;8;27;1520;1;2;1;1;6;390;13, GARE D'EMERAINVILLE;;;;770
201400035650;14;8;30;1420;1;2;3;1;3;373;CD 51;;;;770
201400035651;14;9;21;249;3;2;1;1;6;374;02bis, GRAND RUE;;;;770
201400035652;14;10;7;1540;1;1;6;1;3;374;CD 21;;;;770
201400035653;14;10;19;1725;1;2;9;1;3;390;GARE D'EMERAINVILLE (RUE;;;;770
201400035654;14;10;2;915;1;2;1;1;3;390;JULES FERRY (RUE);;;;770
201400035655;14;11;26;1425;1;2;1;8;6;350;38, GENERAL DE GAULLE (A;;;;770
201400035656;14;11;20;1340;1;2;6;1;6;350;43, GENERAL DE GAULLE (A;;;;770
201400035657;14;12;1;1745;5;2;1;2;6;373;8, PAQUERETTES (AVENUE D;;;;770
201400035658;14;11;29;2315;5;2;6;1;6;373;LIBERATION (RUE DE LA);;;;770
201400035659;14;1;15;1730;3;1;1;2;1;368;D403;;;;770
201400035660;14;2;4;730;3;2;1;1;6;379;40, BRAY (ROUTE DE);;;;770
201400035661;14;3;12;1405;1;1;1;1;1;379;Route D?partementale 619;;;;770
201400035662;14;6;4;935;1;2;3;2;3;260;01, ANDRE TATON (RUE);;;;770
201400035663;14;10;19;1615;1;2;1;1;3;403;6 BIS, RUE DE CHANOY;;;;770
201400035664;14;12;17;1715;2;2;1;2;6;379;2, RUE DE LA FRIPERIE;;;;770
201400035665;14;2;10;2210;3;1;1;1;2;514;ROUTE NATIONALE 3;;;;770
201400035666;14;3;8;1300;1;1;9;1;5;123;CD 212;;;;770
201400035667;14;3;3;1950;5;2;2;2;6;294;ROGER SALENGRO (RUE);;;;770
201400035668;14;6;17;1900;1;2;1;1;6;214;27, SAINT DENIS (RUE);;;;770
201400035669;14;6;20;1620;1;2;1;1;6;294;11, ENTREPRENEURS (AVENU;;;;770
201400035670;14;6;30;1720;1;1;1;1;3;294;CD 309;;;;770
201400035671;14;7;13;1520;1;2;1;8;6;514;MARCEL SEMBAT (BOULEVARD;;;;770
201400035672;14;8;3;2105;3;1;1;2;7;462;TROIS VILLES (RUE DES);;;;770
201400035673;14;8;6;515;3;1;1;1;2;294;RN 2;;;;770
201400035674;14;10;17;2155;5;2;2;1;3;292;D. 404 (ROUTE);;;;770
201400035675;14;10;16;905;1;1;1;8;4;514;ROUTE NATIONALE 3;;;;770
201400035676;14;10;15;1630;1;2;3;2;6;294;MARTYRS DE CHATEAUBRIANT;;;;770
201400035677;14;11;6;2045;3;1;1;8;5;118;DEPARTEMENTAL 34 (ROUTE);;;;770
201400035678;14;11;4;1640;1;2;9;1;3;514;ROSSIGNOLS (AVENUE DES);;;;770
201400035679;14;11;10;835;1;1;1;1;2;123;CD 212;;;;770
201400035680;14;10;9;835;1;2;2;1;6;514;JEAN JAURES (RUE);;;;770
201400035681;14;12;6;1045;1;2;1;1;6;514;20, ROGER SALENGRO (AVEN;;;;770
201400035682;14;12;15;1235;1;2;1;1;6;294;BORDIERE (AVENUE DE LA);;;;770
201400035683;14;2;22;1130;1;2;1;1;3;126;MOULIN JEAN (AVENUE);;;;780
201400035684;14;4;23;1320;1;2;3;1;3;126;DUCHESNE LUCIEN RENE (AV;;;;780
201400035685;14;6;4;1615;1;2;1;1;4;126;JONCHERE (AVENUE DE LA);;;;780
201400035686;14;6;14;715;1;2;3;1;3;126;PUITS (AVENUE DES);;;;780
201400035687;14;8;16;1110;1;2;2;1;6;126;DUCHESNE LUCIEN RENE (AV;;;;780
201400035688;14;10;30;1933;5;2;4;1;3;92;TOURGUENIEF YVAN (RUE;;;;780
201400035689;14;11;8;1755;5;2;4;1;3;126;8, DE GAULLE CHARLES (AV;;;;780
201400035690;14;12;26;1015;1;2;1;1;6;15;22, FOCH (AVENUE DU MARE;;;;780
201400035691;14;1;17;730;3;2;1;1;4;172;RN 184;;;;780
201400035692;14;9;4;1005;1;1;1;1;4;138;DE GAULLE (AVENUE CHARLE;;;;780
201400035693;14;1;30;1515;1;2;1;1;6;172;37, GAILLON (QUAI DE);;;;780
201400035694;14;3;12;1443;1;2;2;7;3;138;DE GAULLE (AVENUE CHARLE;;;;780
201400035695;14;3;17;1908;2;1;1;1;6;5;RD 30;;;;780
201400035696;14;5;15;2130;2;1;1;1;2;15;RD 55;;;;780
201400035697;14;9;17;1810;1;2;1;1;6;172;243, AMBASSADEUR (RUE DE;;;;780
201400035698;14;9;29;2230;5;2;2;1;3;172;136, DE GAULLE (BD DU GE;;;;780
201400035699;14;9;29;1850;5;2;1;1;7;382;15, ANCIENNE GARE (AVENU;;;;780
201400035700;14;10;7;1520;1;1;3;1;7;15;1, RD 55;;;;780
201400035701;14;10;11;2130;5;2;1;1;7;172;1, ILE DU BAC (QUAI DE);;;;780
201400035702;14;6;19;850;1;2;1;8;4;168;FONTAINES (CARREFOUR DES;;;;780
201400035703;14;6;20;1655;1;2;1;1;3;397;HENRI IV (PLACE);;;;780
201400035704;14;6;30;1140;1;2;1;1;3;168;ARPENTS (BOULEVARD DES);;;;780
201400035705;14;1;6;820;2;2;1;9;2;208;;;;;780
201400035706;14;1;7;830;1;2;1;1;6;168;GARE (AVENUE DE LA);;;;780
201400035707;14;1;16;1604;1;2;1;1;6;383;LANGRES (AVENUE DE);;;;780
201400035708;14;1;29;1815;5;2;6;2;3;383;PYRAMIDES (CARREFOUR DES;;;;780
201400035709;14;2;4;1940;5;2;1;1;1;208;VILLEDIEU (AVENUE DE LA);;;;780
201400035710;14;2;8;2325;5;2;2;6;3;208;DASSAULT (AVENUE MARCEL);;;;780
201400035711;14;2;16;1;5;1;3;1;3;168;FONTAINES (CARREFOUR DES;;;;780
201400035712;14;3;10;935;1;2;1;1;6;644;SCHULLER  (AVENUE GUY);;;;780
201400035713;14;3;20;820;1;2;1;7;1;208;BOISSIERE (ROND POINT DE;;;;780
201400035714;14;2;3;730;5;2;6;9;3;383;CAMARGUE (IMPASSE DE);;;;780
201400035715;14;1;28;1505;1;2;1;1;6;168;LUMIERE (RUE DES FRERES);;;;780
201400035716;14;4;25;915;1;2;1;2;3;208;2, COPENHAGUE (RUE DE);;;;780
201400035717;14;2;3;1735;2;2;3;1;2;383;LOIRE (BOULEVARD DE LA);;;;780
201400035718;14;3;8;2210;5;2;5;1;3;383;Laurent SCHWARTZ ( Rond;;;;780
201400035719;14;1;30;815;1;2;6;1;3;208;AGIOT (ROND POINT DE L');;;;780
201400035720;14;5;20;1108;1;2;1;1;6;168;VOIE LATERALE SUD;;;;780
201400035721;14;6;19;1735;1;2;1;1;6;383;FOREZ (AVENUE DU);;;;780
201400035722;14;6;21;1530;1;2;2;1;3;397;CONCORDE (AVENUE);;;;780
201400035723;14;4;30;1155;1;2;2;7;3;490;LIBERTE (PLACE DE LA);;;;780
201400035724;14;6;28;1010;1;2;6;1;2;383;COIGNIERES (SEUIL DE);;;;780
201400035725;14;7;8;1500;1;2;1;2;1;208;ROCADE 12;;;;780
201400035726;14;7;14;1430;1;1;1;1;3;208;indeterrm, MALRAUX (BOUL;;;;780
201400035727;14;7;16;2000;1;2;1;1;6;168;MEULIERE (ALLEE DE LA);;;;780
201400035728;14;5;1;1000;1;2;1;2;6;383;MORVAN (SQUARE DU);;;;780
201400035729;14;8;7;1420;1;2;1;3;3;644;MONTFORT  (AVENUE DE);;;;780
201400035730;14;9;19;2330;5;2;1;1;3;644;00, DEPARTEMENTALE 58 (R;;;;780
201400035731;14;10;6;820;1;1;1;1;1;397;DEPARTEMENTALE 13 (ROUTE;;;;780
201400035732;14;10;16;2020;5;2;1;2;6;168;5, Route nationale 10;;;;780