num_acc;an;mois;jour;hrmn;lum;agg;int;atm;col;com;adr;gps;lat;long;dep
201400035733;14;5;19;825;1;2;1;1;3;168;Route nationale 10;;;;780
201400035734;14;12;4;1720;5;2;1;1;6;383;MARIE CURIE (RUE);;;;780
201400035735;14;12;7;1900;5;2;2;2;3;383;INDET, FRANCOIS CEVERT (;;;;780
201400035736;14;6;10;1718;1;2;6;1;2;208;HOTEL DE VILLE (ROND POI;;;;780
201400035737;14;1;2;800;2;2;3;1;6;297;----, TOULOUSE LAUTREC (;;;;780
201400035738;14;1;24;900;1;2;3;2;3;423;PRES (AVENUE DES);;;;780
201400035739;14;1;16;825;5;2;2;3;6;423;49, CENTRE (AVENUE DU);;;;780
201400035740;14;1;22;825;1;2;2;2;3;297;CD 91;;;;780
201400035741;14;2;9;413;3;2;3;8;6;688;av du plan de l'église;;;;780
201400035742;14;2;24;1215;1;2;4;1;6;297;JAURES (BOULEVARD JEAN);;;;780
201400035743;14;3;19;2100;5;2;1;1;7;423;, AMPERE (AVENUE);;;;780
201400035744;14;3;25;2110;4;2;1;1;6;423;---, FRERES LUMIERES (AV;;;;780
201400035745;14;3;20;926;1;2;1;1;3;688;CD 36;;;;780
201400035746;14;1;30;1305;1;1;1;1;2;423;RD 10;;;;780
201400035747;14;5;3;2210;5;2;1;1;6;297;AVENUE DES GARENNES;;;;780
201400035748;14;2;13;1300;1;2;2;8;6;297;JAURES (BOULEVARD JEAN);;;;780
201400035749;14;5;15;1240;1;2;1;1;2;423;FRERES LUMIERES (AVENUE;;;;780
201400035750;14;5;20;850;1;2;1;1;6;423;MANET (AVENUE DU);;;;780
201400035751;14;6;2;950;1;2;1;1;2;297;AVENUE DE L'EUROPE;;;;780
201400035752;14;6;2;845;1;2;1;1;2;423;LECLERC (AVENUE DU  GENE;;;;780
201400035753;14;6;11;1750;1;2;2;1;3;423;CENTRE (AVENUE DU);;;;780
201400035754;14;6;16;1705;1;2;1;1;6;423;0, PRES (AVENUE DES);;;;780
201400035755;14;6;24;825;1;2;1;1;6;297;Kessel (avenue Joseph);;;;780
201400035756;14;7;21;1605;1;2;2;1;5;423;., PRES (AVENUE DES);;;;780
201400035757;14;9;14;1955;1;2;1;1;6;688;CD 36;;;;780
201400035758;14;10;24;805;1;2;6;1;3;423;POMPIDOU (PLACE GEORGES);;;;780
201400035759;14;10;30;1505;1;2;1;1;5;297;AV DES GARENNES;;;;780
201400035760;14;11;1;1740;2;2;3;1;3;297;TROUX (ROUTE DE);;;;780
201400035761;14;11;1;1810;1;2;2;1;3;688;PYRAMIDE (AVENUE DE LA);;;;780
201400035762;14;11;18;930;1;2;1;2;3;297;CHENES (BOULEVARD DES);;;;780
201400035763;14;11;27;1810;5;2;1;9;6;297;......, AVENUE BLUM LEON;;;;780
201400035764;14;12;10;730;5;2;3;2;3;688;CD 36;;;;780
201400035765;14;12;15;1920;5;2;1;2;2;297;........, AVENUE DES GAR;;;;780
201400035766;14;12;20;1950;3;1;1;1;3;688;RD 91;;;;780
201400035767;14;1;13;740;5;2;1;1;3;311;16, VOLTAIRE (RUE);;;;780
201400035768;14;1;15;1900;5;2;1;2;2;311;57, YSER (AVENUE DE L');;;;780
201400035769;14;1;24;1745;5;2;1;8;2;311;17bis, JEAN JAURES (BOUL;;;;780
201400035770;14;3;15;1830;1;2;4;1;1;124;87, MAURICE BERTEAUX (BO;;;;780
201400035771;14;4;23;1935;1;2;1;1;6;124;7, MARECHAL JUIN (RUE DU;;;;780
201400035772;14;7;6;2145;1;2;1;1;3;311;68, HENRI BARBUSSE (BOUL;;;;780
201400035773;14;7;15;1800;1;2;3;1;3;124;34, MARCEAU (RUE);;;;780
201400035774;14;3;12;1610;1;2;1;1;3;311;PAIX (RUE DE LA);;;;780
201400035775;14;6;11;1015;1;2;3;1;6;311;2, VOLTAIRE (RUE);;;;780
201400035776;14;7;26;1025;1;2;1;1;2;311;31, HENRI BARBUSSE (BOUL;;;;780
201400035777;14;8;1;1845;1;2;1;1;3;311;110, HENRI BARBUSSE (BOU;;;;780
201400035778;14;8;29;730;1;2;3;1;3;311;JEAN JAURES (BOULEVARD);;;;780
201400035779;14;10;11;2015;5;2;1;1;6;311;144, HENRI BARBUSSE (BOU;;;;780
201400035780;14;10;23;810;5;2;1;1;6;124;340, SAINT GERMAIN (ROUT;;;;780
201400035781;14;11;21;1805;5;2;1;1;3;311;3, ARGONNE (RUE DE L');;;;780
201400035782;14;12;8;2045;5;2;3;1;6;311;31, CRIMEE (RUE DE);;;;780
201400035783;14;3;3;1500;1;1;1;2;1;358;PECQ (ROUTE DU);;;;780
201400035784;14;4;30;1830;1;2;1;2;6;358;9, GENERAL DE GAULLE (AV;;;;780
201400035785;14;6;2;930;1;2;1;1;5;358;2EME D.B ( PONT DE LA);;;;780
201400035786;14;9;5;10;3;2;1;1;6;358;45, BERTEAUX (RUE MAURIC;;;;780
201400035787;14;9;28;1114;1;2;1;1;3;396;Avenue de la R?publique;;;;780
201400035788;14;12;20;1355;1;1;1;1;7;358;INC, PECQ (ROUTE DU);;;;780
201400035789;14;12;24;1225;1;2;1;9;2;358;ALBINE (AVENUE);;;;780
201400035790;14;1;13;1830;5;2;1;2;3;361;06, RUE DE LORRAINE;;;;780
201400035791;14;1;17;1830;5;2;1;1;1;327;14, RUE DU MARAIS;;;;780
201400035792;14;1;24;1100;1;2;1;2;2;267;00, PONT DE RANGIPORT;;;;780
201400035793;14;2;3;800;2;2;2;1;6;362;AVENUE DU BREUIL;;;;780
201400035794;14;2;11;755;1;2;1;1;6;314;R.D 190;;;;780
201400035795;14;2;20;830;1;2;3;2;6;531;R NATIONALE / Lebaudy;;;;780
201400035796;14;3;14;1730;1;2;1;1;6;361;02 TER, RUE MOLIERE;;;;780
201400035797;14;3;18;1420;1;1;1;1;6;531;CD 113;;;;780
201400035798;14;5;9;1205;1;2;1;1;6;362;11, RUE GEORGES BRASSENS;;;;780
201400035799;14;5;17;1715;1;2;1;1;1;361;00, BOULEVARD SULLY 5;;;;780
201400035800;14;5;31;1800;1;2;1;1;6;335;122, AVENUE DE LA PAIX;;;;780
201400035801;14;6;20;1305;1;2;3;1;3;361;00, RUE FERNAND BODET;;;;780
201400035802;14;6;20;2235;5;2;1;1;6;361;00, BD GEORGES CLEMENCEA;;;;780
201400035803;14;6;21;1445;1;2;1;1;3;314;59, RUE NATIONALE;;;;780
201400035804;14;6;27;1000;1;2;1;1;6;531;03, RUE DU MOULIN;;;;780
201400035805;14;7;8;1025;1;2;1;8;6;361;00, ALLEE DES ECRIVAINS;;;;780
201400035806;14;7;15;1725;1;2;3;1;3;267;101, AVENUE DE PARIS;;;;780
201400035807;14;7;23;1940;1;2;1;1;6;361;00, PISTE CYCLABLE VOIE;;;;780
201400035808;14;8;8;1250;1;2;1;8;6;118;00, Bld  DE LA COMMUNAUT;;;;780
201400035809;14;9;2;735;1;2;1;1;3;335;45 BIS, BOULEVARD PASTEU;;;;780
201400035810;14;9;13;200;5;2;1;1;7;362;BOULEVARD ROGER SALENGRO;;;;780
201400035811;14;9;16;2000;1;2;2;1;3;267;AVENUE DE PARIS;;;;780
201400035812;14;10;1;1310;1;2;1;1;6;118;00, RUE DU LOT;;;;780
201400035813;14;10;1;1905;1;1;1;1;1;531;10, AVENUE DE MANTES;;;;780
201400035814;14;10;3;1020;1;2;1;1;3;361;00, RUE DENIS PAPIN;;;;780
201400035815;14;10;3;1010;1;2;1;1;6;361;14, Boulevard Mar?chal J;;;;780
201400035816;14;10;27;730;1;1;1;1;1;335;RD983;;;;780
201400035817;14;11;2;610;5;2;1;1;6;361;00, QUAI DES CORDELIERS;;;;780
201400035818;14;11;10;1725;5;2;1;1;6;362;05, RUE GEORGES BRASSENS;;;;780
201400035819;14;11;26;1730;4;2;1;2;6;267;00, RUE MADEMOISELLE DOS;;;;780
201400035820;14;12;4;1530;1;2;1;1;6;354;85, AV DES ROUSSIERES;;;;780
201400035821;14;12;23;2010;5;2;6;1;3;361;00, BD GEORGES CLEMENCEA;;;;780
201400035822;14;12;30;1450;1;2;2;1;3;361;00, RUE  LEON MARIE CESN;;;;780
201400035823;14;1;6;830;1;2;3;1;6;372;PAUL CEZANNE av;;;;780
201400035824;14;4;10;900;1;2;1;1;7;372;7, FONTENELLE (RUE);;;;780
201400035825;14;7;3;1110;1;2;1;1;3;502;16, SIMON VOUET (AVENUE);;;;780
201400035826;14;8;30;1900;1;1;1;1;7;224;CD 98;;;;780
201400035827;14;9;10;1720;1;2;1;1;6;502;10, SIMON VOUET (AVENUE);;;;780
201400035828;14;4;30;1015;1;1;2;1;3;350;VERSAILLES (ROUTE DE);;;;780
201400035829;14;2;2;1620;1;2;3;1;3;372;2, PAUL CEZANNE (AVENUE);;;;780
201400035830;14;12;21;1645;2;2;1;1;1;224;21, NOISY (ROUTE DE);;;;780
201400035831;14;1;9;1830;5;2;2;1;2;401;Marechal LECLERC (AVENUE;;;;780
201400035832;14;5;13;845;1;2;1;8;3;403;0, CHATEAUBRIAND (AVENUE;;;;780
201400035833;14;3;10;1553;1;1;1;1;7;638;D 922;;;;780
201400035834;14;12;16;1210;1;1;3;1;3;609;MEULAN A SAGY (CHEMIN DE;;;;780
201400035835;14;8;11;1115;1;2;2;1;6;440;ARISTIDE BRIAND (RUE);;;;780
201400035836;14;4;17;1228;1;2;1;1;6;401;ALBERT JOZON (RUE);;;;780
201400035837;14;6;23;1540;1;2;1;1;6;440;PAUL RAOULT (AVENUE);;;;780
201400035838;14;6;15;625;1;2;1;1;6;401;11, CD 28;;;;780
201400035839;14;12;27;730;3;1;1;2;6;261;MONTCIENT (RUE DE LA);;;;780
201400035840;14;1;11;1850;5;2;2;1;6;401;ALBERT JOZON (RUE);;;;780
201400035841;14;1;14;2025;5;2;1;1;3;401;AULNES (AVENUE DES);;;;780
201400035842;14;1;13;1815;5;2;1;1;3;440;HENRI DUNANT (RUE);;;;780
201400035843;14;1;8;755;2;2;1;1;6;440;EUROPE (AVENUE DE L');;;;780
201400035844;14;3;14;1720;1;2;1;1;1;29;COOPERATION (RUE DE LA);;;;780
201400035845;14;3;25;1800;2;2;1;2;6;440;BAPTISTE MARCET (RUE);;;;780
201400035846;14;4;25;1220;1;2;1;2;3;440;MARECHAL FOCH (AVENUE DU;;;;780
201400035847;14;4;27;1740;1;1;2;2;3;440;VERNEUIL (ROUTE DE);;;;780
201400035848;14;3;4;800;2;2;1;1;6;440;58, MARECHAL FOCH (AVENU;;;;780
201400035849;14;2;6;1830;5;2;1;1;6;440;194, PAUL RAOULT (AVENUE;;;;780
201400035850;14;8;11;1255;1;1;1;1;4;238;1, CD 14;;;;780
201400035851;14;5;20;1438;1;2;1;1;1;401;40, TESSANCOURT (RUE DE);;;;780
201400035852;14;6;5;1650;1;2;1;1;6;401;31, FERME DU PARADIS (RU;;;;780
201400035853;14;5;28;1550;1;2;1;8;3;401;CLOS VILLIERS (RUE DU);;;;780
201400035854;14;8;12;1835;1;1;1;1;3;227;CD 922;;;;780
201400035855;14;11;16;1430;1;2;1;1;6;299;3, VEXIN (ROUTE DU);;;;780
201400035856;14;10;29;1505;1;1;1;1;4;440;CD 14;;;;780
201400035857;14;10;30;2030;5;2;1;1;3;440;ROBERT CIMETIERE (RUE);;;;780
201400035858;14;11;26;850;1;2;1;2;3;401;TESSANCOURT (RUE DE);;;;780
201400035859;14;9;9;1730;1;2;1;1;2;440;MARECHAL FOCH (AVENUE DU;;;;780
201400035860;14;5;12;2230;2;2;1;1;3;440;GAMBETTA (RUE);;;;780
201400035861;14;5;16;1600;1;2;1;1;6;440;EUROPE (AVENUE DE L');;;;780
201400035862;14;5;16;1600;1;2;1;1;2;440;ALBERT THOMAS (RUE);;;;780
201400035863;14;3;11;2010;5;2;1;1;1;440;VERNEUIL (ROUTE DE);;;;780
201400035864;14;2;24;1800;2;2;1;1;3;403;143BIS, CHATEAUBRIAND (A;;;;780
201400035865;14;10;7;1340;1;2;1;2;2;440;90, VERNEUIL (ROUTE DE);;;;780
201400035866;14;7;2;2200;1;2;2;1;3;261;75, GRANDE RUE;;;;780
201400035867;14;7;22;2325;5;2;9;1;6;440;PAUL RAOULT (AVENUE);;;;780
201400035868;14;9;14;525;5;2;1;1;6;440;PAUL RAOULT (AVENUE);;;;780
201400035869;14;4;1;1130;1;2;1;1;4;440;PAUL RAOULT (AVENUE);;;;780
201400035870;14;11;12;1040;1;2;1;1;6;29;4, GASTON JOUILLERAT (RU;;;;780
201400035871;14;12;10;2055;5;1;1;1;6;440;EUROPE (AVENUE DE L');;;;780
201400035872;14;10;9;1220;1;2;1;1;6;440;GAMBETTA (RUE);;;;780
201400035873;14;12;23;2245;5;2;1;2;3;401;MARECHAL JOFFRE (AVENUE;;;;780
201400035874;14;5;29;1045;1;2;1;1;6;238;PARKING CARREFOUR;;;;780
201400035875;14;6;21;1730;1;2;2;1;6;238;BOULEVARD EXTERIEUR;;;;780
201400035876;14;10;6;947;1;1;4;1;6;401;D 922;;;;780
201400035877;14;1;30;1230;1;2;2;1;1;401;ALBERT JOZON (RUE);;;;780
201400035878;14;11;4;800;1;2;1;1;6;299;VEXIN (ROUTE DU);;;;780
201400035879;14;5;12;1110;1;2;1;1;2;440;PAUL RAOULT (AVENUE);;;;780
201400035880;14;6;11;1120;1;1;3;1;2;238;CD 14;;;;780
201400035881;14;4;3;1820;1;2;1;1;6;440;GAMBETTA (RUE);;;;780
201400035882;14;8;17;2130;5;2;3;8;1;29;SOURCES (RUE DES);;;;780
201400035883;14;11;12;645;2;2;1;9;7;238;CD 113;;;;780
201400035884;14;11;21;1359;1;2;1;1;3;401;7, ALBERT JOZON (RUE);;;;780
201400035885;14;9;18;635;2;2;2;1;3;440;0, GABRIEL VILAIN (RUE);;;;780
201400035886;14;2;2;1820;5;2;2;1;6;440;PAUL ELUARD (RUE);;;;780
201400035887;14;9;15;1750;1;2;6;1;2;29;OCTROI (RUE DE L');;;;780
201400035888;14;10;23;745;2;2;1;1;2;440;CD 14;;;;780
201400035889;14;6;20;1425;1;2;1;1;7;440;JEAN JAURES  (RUE);;;;780
201400035890;14;1;14;745;2;2;1;2;6;440;PAUL RAOULT (AVENUE);;;;780
201400035891;14;9;5;1410;1;2;1;1;3;440;VERNEUIL (ROUTE DE);;;;780
201400035892;14;1;5;1030;1;2;1;1;5;490;1, DEUX PLATEAUX (ROUTE;;;;780
201400035893;14;2;12;1040;1;2;1;1;6;165;COURTINE (ALLEE DE LA );;;;780
201400035894;14;2;9;1030;1;1;6;1;2;490;DEUX PLATEAUX (ROUTE DES;;;;780
201400035895;14;3;20;1320;1;1;1;1;7;490;SAINT GERMAIN DE LA GRAN;;;;780
201400035896;14;4;4;810;1;2;1;1;6;490;10, NERUDA (RUE PABLO);;;;780
201400035897;14;4;5;2100;5;2;1;1;7;490;MITTERRAND (RUE FRANCOIS;;;;780
201400035898;14;6;4;1020;1;2;6;2;1;490;0, DIX NEUF MARS 62 ( AV;;;;780
201400035899;14;6;28;1535;1;1;1;2;1;490;CHEMIN BLANC;;;;780
201400035900;14;7;3;1940;1;2;1;1;6;490;GUYET (RUE ABEL);;;;780
201400035901;14;7;8;2100;1;2;1;1;5;490;1, PRESSOIR (AVENUE DU);;;;780
201400035902;14;7;12;1710;1;2;1;1;6;674;CD 11;;;;780
201400035903;14;9;4;1530;1;1;1;1;1;490;CD 30;;;;780
201400035904;14;9;4;2245;5;2;1;1;2;490;1401, BOISSIERE (RUE DE;;;;780
201400035905;14;8;31;1120;1;1;1;1;2;490;CHEVREUSE (AVENUE DE);;;;780
201400035906;14;9;18;1600;1;2;1;1;6;490;PICASSO (RUE PABLO);;;;780
201400035907;14;9;26;1850;1;2;1;1;6;490;1, SCHUMAN (ROND POINT R;;;;780
201400035908;14;9;27;1030;1;2;2;1;6;165;JOUET (RUE MAURICE);;;;780
201400035909;14;11;25;2200;5;2;6;3;6;490;1, CROIX BLANCHE (CHEMIN;;;;780
201400035910;14;12;12;1910;5;2;1;3;2;165;1, BARBUSSE (AVENUE HENR;;;;780
201400035911;14;1;10;1630;1;1;1;1;2;672;CD 154;;;;780
201400035912;14;1;12;20;5;1;6;5;6;498;QUARANTE SOUS ROUTE DE;;;;780
201400035913;14;1;13;753;5;2;2;1;6;672;PORT RUE DU;;;;780
201400035914;14;1;24;1645;1;2;1;1;2;624;DOUMER RUE PAUL;;;;780
201400035915;14;1;28;450;5;2;1;1;7;498;74, LEFEBVRE AV FERNAND;;;;780
201400035916;14;1;30;1200;1;2;2;1;3;498;FOCH AV / Av de Versaill;;;;780
201400035917;14;2;2;600;3;1;1;1;7;624;1, RD1;;;;780
201400035918;14;2;4;1245;1;2;1;1;3;498;1, SAINT SEBASTIEN RUE;;;;780
201400035919;14;2;24;1005;1;1;1;1;1;624;RD1;;;;780
201400035920;14;2;7;925;1;1;1;1;3;498;RD30;;;;780
201400035921;14;3;3;1815;1;2;1;1;6;643;TRIEL AVENUE DE;;;;780
201400035922;14;3;8;1125;1;2;1;1;6;498;FREMONT RUE;;;;780
201400035923;14;3;6;1255;1;2;2;1;1;123;QUENNET RUE A.;;;;780
201400035924;14;2;25;800;1;2;3;2;2;498;SAINT LOUIS / Basset;;;;780
201400035925;14;3;12;2055;3;2;1;1;6;123;BEAUREGARD CHEMIN DE;;;;780
201400035926;14;3;18;1945;2;1;1;1;3;624;RD 190;;;;780
201400035927;14;3;10;845;1;2;6;1;6;498;GAMBETTA BD;;;;780
201400035928;14;3;21;1950;5;2;2;1;4;498;17, SAINT SEBASTIEN RUE;;;;780
201400035929;14;4;2;920;1;2;4;1;2;498;1, ROBESPIERRE BD;;;;780
201400035930;14;4;11;1615;1;2;1;1;1;498;127, CASTILLE AV BLANCHE;;;;780
201400035931;14;4;22;1705;1;2;2;2;2;498;1, CASTILLE AV BLANCHE D;;;;780
201400035932;14;4;23;815;1;2;1;1;3;498;BERTEAUX MAURICE AVENUE;;;;780
201400035933;14;4;2;1550;1;2;2;1;3;643;BURES AVENUE DE (MARSINV;;;;780
201400035934;14;5;5;1145;1;1;1;1;6;643;2, ENTREPRENEURS RUE DES;;;;780
201400035935;14;5;15;1100;1;2;1;1;6;123;607, GRANDE RUE;;;;780
201400035936;14;5;10;1740;1;2;9;2;3;123;1, REINE BLANCHE RUE;;;;780
201400035937;14;4;30;1935;1;2;2;1;6;498;22, BD VICTOR HUGO;;;;780
201400035938;14;4;8;1200;1;2;1;1;6;498;7, PAIX BD DE LA;;;;780
201400035939;14;5;25;100;5;1;2;1;5;498;EUROPE BD DE L';;;;780
201400035940;14;1;2;2135;1;1;6;1;6;672;PRE AUX MOUTONS RUE DU;;;;780
201400035941;14;6;2;1545;1;2;2;1;3;498;1, CHAMBOURCY RUE DE;;;;780
201400035942;14;2;28;1750;1;1;1;2;1;624;149, HAUTIL CHEMIN L';;;;780
201400035943;14;7;3;2000;1;1;1;1;1;624;RD1;;;;780
201400035944;14;6;8;1800;1;2;1;1;3;498;43, MALADRERIE AV DE LA;;;;780
201400035945;14;5;29;1915;1;2;6;1;6;643;EUROPE BD DE L';;;;780
201400035946;14;6;20;700;1;1;1;1;6;123;HAUTIL AV DE L';;;;780
201400035947;14;6;22;225;3;1;1;1;7;643;60, BRETEUIL CHEMIN DE;;;;780
201400035948;14;7;1;1100;1;2;1;1;2;624;DOUMER RUE PAUL;;;;780
201400035949;14;7;1;1815;1;2;1;1;7;123;EUROPE (RN 190) AVENUE D;;;;780
201400035950;14;7;31;445;5;1;2;1;3;123;EUROPE (RN 190) AVENUE D;;;;780
201400035951;14;6;25;1100;1;2;1;1;4;498;1, QUATORZE JUILLETCOURS;;;;780
201400035952;14;7;17;1413;1;2;2;1;3;498;VERSAILLES AV DE;;;;780
201400035953;14;7;29;1410;1;2;2;1;6;123;558, REINE BLANCHE RUE;;;;780
201400035954;14;8;17;1800;1;2;1;1;7;672;448, DE GAULLE AVENUE DU;;;;780
201400035955;14;8;22;1800;1;2;1;2;2;642;MALRAUX BD ANDRE;;;;780
201400035956;14;8;31;1640;1;2;1;1;6;643;16, PERVENCHES ALLEE DES;;;;780
201400035957;14;10;21;1400;1;1;1;2;1;498;RD30;;;;780
201400035958;14;9;11;800;1;2;1;1;6;498;12, PISAN AV CHRISTINE D;;;;780
201400035959;14;9;10;900;1;2;6;1;6;643;BOURDILLON RUE EUGENE;;;;780
201400035960;14;9;23;1605;1;2;3;1;6;498;123, CASTILLE AV BLANCHE;;;;780
201400035961;14;9;26;1655;1;2;2;1;4;498;63, DEVAUX BD;;;;780
201400035962;14;10;20;2330;5;1;1;1;2;123;0, EUROPE (RN 190) AVENU;;;;780
201400035963;14;11;4;1700;1;1;1;1;6;123;EUROPE (RN 190) AVENUE D;;;;780
201400035964;14;10;23;1855;5;2;2;1;3;498;1, SAINT SEBASTIEN RUE;;;;780
201400035965;14;10;4;5;5;2;1;1;6;498;RD30;;;;780
201400035966;14;10;7;1415;1;2;3;1;1;498;1, CASTILLE AV BLANCHE D;;;;780
201400035967;14;9;26;1605;1;2;2;1;3;672;POISSY RUE DE;;;;780
201400035968;14;10;14;1340;1;2;4;9;7;498;133, ROBESPIERRE BD;;;;780
201400035969;14;11;10;845;1;2;1;1;6;498;137, CASTILLE AV BLANCHE;;;;780
201400035970;14;11;15;2240;5;2;3;1;7;498;MALRAUX RUE ANDRE;;;;780
201400035971;14;11;19;1720;1;2;1;1;7;498;1, PONTOISE AV DE;;;;780
201400035972;14;11;23;1950;5;2;2;1;3;123;0, REINE BLANCHE RUE;;;;780
201400035973;14;11;24;815;1;1;1;1;7;123;EUROPE (RN 190) AVENUE D;;;;780
201400035974;14;12;6;2155;3;1;1;1;6;672;VERNOUILLET ROUTE DE (CD;;;;780
201400035975;14;11;22;1942;3;2;1;2;6;624;L'HAUTIL RUE CD2;;;;780
201400035976;14;11;25;825;1;2;1;1;6;498;MALADRERIE AV DE LA;;;;780
201400035977;14;12;31;125;5;2;3;1;6;123;GRANDE RUE;;;;780
201400035978;14;1;2;825;1;2;1;1;6;517;2, LENOTRE (RUE G.);;;;780
201400035979;14;1;5;1200;1;1;1;1;7;517;RN 10;;;;780
201400035980;14;2;1;1703;1;2;1;1;3;517;31, CHAMP DE COURSES (RU;;;;780
201400035981;14;4;27;720;1;1;1;2;6;517;RN 10;;;;780
201400035982;14;5;12;1610;1;2;4;1;3;486;CHARTRES (RUE DE;;;;780
201400035983;14;6;21;1640;1;2;2;1;3;517;0, PRUNELLIERS (RUE DES);;;;780
201400035984;14;8;14;1545;1;1;4;8;3;486;CHARTRES (RUE DE;;;;780
201400035985;14;8;15;1705;1;1;6;1;7;269;D 150;;;;780
201400035986;14;8;31;1130;1;1;1;1;2;220;0, DAMPIERRE (RUE DE);;;;780
201400035987;14;9;6;2015;2;2;1;1;1;517;99, LENOTRE (RUE G.);;;;780
201400035988;14;9;26;915;1;2;3;1;6;517;41, MONTORGUEIL (RUE);;;;780
201400035989;14;9;26;1825;1;1;3;1;3;220;RD 191;;;;780
201400035990;14;10;1;210;3;1;1;1;3;517;ETANG DE LA TOUR (RUE DE;;;;780
201400035991;14;11;14;1825;4;2;1;2;6;517;40, SADI CARNOT (RUE);;;;780
201400035992;14;12;6;1110;1;2;1;7;6;517;08 BIS, LENOTRE (RUE G.);;;;780
201400035993;14;12;23;1655;5;2;1;2;6;517;34 ter, PATENOTRE (RUE R;;;;780
201400035994;14;2;3;945;1;2;9;9;6;545;FRANCE (SQUARE ANATOLE);;;;780
201400035995;14;6;4;1950;1;2;6;7;6;242;REPUBLIQUE (AVENUE DE LA;;;;780
201400035996;14;6;12;815;1;2;1;1;3;73;RD 129;;;;780
201400035997;14;10;14;1212;1;2;7;1;6;242;FRANCE (RUE ANATOLE);;;;780
201400035998;14;11;12;730;3;2;1;1;6;545;1, CD 7;;;;780
201400035999;14;11;24;1800;5;2;1;1;1;242;14, REPUBLIQUE (AVENUE D;;;;780
201400036000;14;12;12;1750;5;2;1;2;6;545;AVENUES (CHEMIN DES);;;;780
201400036001;14;12;15;1725;5;2;9;2;6;545;FABIEN (AVENUE COLONEL);;;;780
201400036002;14;1;8;810;4;2;1;1;6;551;BOUFFLERS (DE);;;;780
201400036003;14;1;31;1620;1;1;2;8;3;551;RN 190;;;;780
201400036004;14;2;2;1555;1;1;2;1;3;551;RN 184;;;;780
201400036005;14;2;5;1245;1;2;7;1;3;551;LAMANT (PLACE);;;;780
201400036006;14;11;14;2145;5;2;1;1;6;551;PRIOLET (ALBERT);;;;780
201400036007;14;4;1;1710;1;2;1;1;6;551;53 bis, MAREIL (RUE ET P;;;;780
201400036008;14;4;13;530;5;1;1;1;6;133;60, VIEUX CHEMIN DE MANT;;;;780
201400036009;14;5;10;1545;1;2;1;1;7;551;01, LATTRE DE TASSIGNY (;;;;780
201400036010;14;5;31;1750;1;2;1;1;6;551;INCONNU, PEREIRE;;;;780
201400036011;14;7;9;152;3;1;1;1;6;551;0, RD 308;;;;780
201400036012;14;7;12;1130;1;2;1;1;6;481;3, SCHUMAN ROBERT;;;;780
201400036013;14;7;15;1600;1;1;1;8;2;551;RN 184;;;;780
201400036014;14;7;25;2330;5;1;1;1;3;551;LOGES (AVENUE DES);;;;780
201400036015;14;8;29;1830;1;2;1;1;6;551;25, DUBAIL (AVENUE DU GE;;;;780
201400036016;14;9;2;1455;1;2;1;1;2;551;50, LECLERC (AVENUE DU G;;;;780
201400036017;14;10;3;1356;1;1;1;1;2;551;LOGES (AVENUE DES);;;;780
201400036018;14;10;12;1815;2;1;1;1;3;551;MUETTE (RUE DE LA);;;;780
201400036019;14;10;23;1640;1;2;1;1;5;551;56, PEREIRE;;;;780
201400036020;14;11;30;1200;1;2;1;1;6;551;81, POLOGNE (DE);;;;780
201400036021;14;11;27;1730;5;1;1;1;7;251;BOIS NOIRS (RUE DES);;;;780
201400036022;14;12;8;1810;5;2;1;1;7;551;19, PONTOISE (DE);;;;780
201400036023;14;12;19;1730;5;2;1;2;2;586;0, TOBROUK;;;;780
201400036024;14;1;30;2120;5;2;2;1;2;586;SCHUMAN (ROBERT);;;;780
201400036025;14;2;4;1330;1;2;1;1;6;586;73, TOBROUK;;;;780
201400036026;14;3;12;1230;1;2;1;1;7;586;105, TOBROUK;;;;780
201400036027;14;4;4;1440;1;2;3;1;3;586;SCHUMAN (ROBERT);;;;780
201400036028;14;2;15;25;5;2;1;1;1;586;BARBUSSE (HENRI);;;;780
201400036029;14;3;25;1645;1;2;3;2;6;586;neant, ROLLAND (ROMAIN);;;;780
201400036030;14;4;8;900;1;2;1;1;6;586;BOBILLOT;;;;780
201400036031;14;5;31;1850;1;2;1;1;7;586;0, JOUHAUX (LEON);;;;780
201400036032;14;6;6;1150;1;2;1;1;3;586;64bis, CONVENTION (AVENU;;;;780
201400036033;14;6;10;1335;1;2;2;3;3;586;BEZONS 21 22;;;;780
201400036034;14;8;9;2240;5;2;1;1;6;586;CONVENTION (AVENUE);;;;780
201400036035;14;9;23;1740;1;2;3;7;1;586;CLEMENCEAU (G.) N?1 A 53;;;;780
201400036036;14;9;10;1740;1;2;3;1;3;586;0, FOULON (ALFRED);;;;780
201400036037;14;9;3;1120;1;2;3;1;6;586;0, ROUGET DE L'ISLE N? I;;;;780
201400036038;14;10;1;1155;1;2;1;1;7;586;6, JUSSIEU;;;;780
201400036039;14;10;12;25;5;2;3;1;3;586;0, BERTEAUX (MAURICE) N?;;;;780
201400036040;14;11;9;1742;5;2;3;1;3;586;SCHUMAN (ROBERT);;;;780
201400036041;14;11;16;1350;1;2;1;2;1;586;12, EUROPE;;;;780
201400036042;14;11;18;810;1;2;3;2;6;586;0, LAMARTINE;;;;780
201400036043;14;11;12;1155;1;2;1;1;6;586;MERMOZ (JEAN);;;;780
201400036044;14;11;25;1631;1;2;1;1;6;586;110, BEZONS N?88 A 164;;;;780
201400036045;14;12;10;1910;5;2;1;2;6;586;133, REPUBLIQUE (AVENUE);;;;780
201400036046;14;2;11;710;2;2;1;1;6;621;22-32, FRERES LUMIERE (A;;;;780
201400036047;14;2;14;805;1;2;1;2;3;621;BERLIOZ (RUE HECTOR);;;;780
201400036048;14;3;31;1720;1;2;1;1;2;621;NATIONALE 10   (ROUTE);;;;780
201400036049;14;3;19;1845;1;2;1;1;2;621;NATIONALE 10   (ROUTE);;;;780
201400036050;14;4;8;1550;1;2;1;1;6;621;ARAGON (RUE LOUIS);;;;780