num_acc;an;mois;jour;hrmn;lum;agg;int;atm;col;com;adr;gps;lat;long;dep
201400036051;14;3;8;1250;1;2;1;1;4;621;NATIONALE 10   (ROUTE);;;;780
201400036052;14;5;1;615;1;2;1;1;6;621;HENNEQUIN (AVENUE ROGER);;;;780
201400036053;14;5;7;1545;1;2;2;2;3;621;NATIONALE 10   (ROUTE);;;;780
201400036054;14;5;11;1915;1;2;1;2;5;621;NATIONALE 10   (ROUTE);;;;780
201400036055;14;5;16;1030;1;2;1;1;2;621;NATIONALE 10   (ROUTE);;;;780
201400036056;14;5;8;1725;1;2;1;1;6;621;COMMUNE DE PARIS (SQUARE;;;;780
201400036057;14;6;14;1910;1;2;1;1;2;621;1, DEPARTEMENTALE 912 (R;;;;780
201400036058;14;7;2;800;1;1;1;1;2;621;1, DEPARTEMENTALE 912 (R;;;;780
201400036059;14;6;26;200;5;1;1;1;6;621;50, FRERES LUMIERE (AVEN;;;;780
201400036060;14;7;26;200;5;1;1;1;6;621;50, FRERES LUMIERE (AVEN;;;;780
201400036061;14;9;16;955;1;2;1;1;6;621;PASTEUR MARTIN LUTHER K;;;;780
201400036062;14;10;9;1755;1;2;3;1;2;621;POTTIER (RUE EUGENE);;;;780
201400036063;14;10;27;1147;1;2;1;1;2;621;NATIONALE 10   (ROUTE);;;;780
201400036064;14;12;22;1915;3;2;1;2;2;322;LIBERATION (RUE DE LA);;;;780
201400036065;14;3;11;700;1;2;1;1;3;640;02, MARCEL DASSAULT (RUE;;;;780
201400036066;14;3;17;1355;1;2;3;8;2;640;ARISTIDE BRIAND (RUE);;;;780
201400036067;14;12;17;920;1;2;1;3;7;640;23 25, MORANE-SAULNIER (;;;;780
201400036068;14;2;14;1525;1;2;1;2;6;640;1BIS, PETIT CLAMART (RUE;;;;780
201400036069;14;3;19;1820;1;2;1;1;3;686;232, GENERAL LECLERC (AV;;;;780
201400036070;14;4;1;900;1;2;4;1;3;686;JEAN REY (RUE);;;;780
201400036071;14;4;9;1845;1;1;1;1;2;640;GENERAL VALERIE ANDRE;;;;780
201400036072;14;12;10;1526;1;2;1;1;7;640;EUROPE (AVENUE DE L');;;;780
201400036073;14;6;13;1715;1;2;1;1;6;640;3, SAVOIE (AVENUE DE);;;;780
201400036074;14;7;5;1510;1;2;1;1;3;640;65, EUROPE (AVENUE DE L';;;;780
201400036075;14;8;25;1915;1;2;4;8;6;640;SAVOIE (AVENUE DE);;;;780
201400036076;14;12;9;2140;5;2;2;1;6;686;JOUY (RUE DE);;;;780
201400036077;14;8;29;1620;1;2;1;1;6;686;GENERAL LECLERC (AVENUE;;;;780
201400036078;14;9;4;1500;1;2;1;1;6;640;MORANE-SAULNIER (AVENUE);;;;780
201400036079;14;9;9;1415;1;2;2;1;3;640;DIETZENBACH (RUE DE);;;;780
201400036080;14;9;13;1750;1;2;1;1;6;640;GENERAL DE GAULLE (AVENU;;;;780
201400036081;14;9;22;515;3;2;1;8;7;640;MORTE BOUTEILLE (RUE);;;;780
201400036082;14;10;24;1750;1;1;1;1;3;640;EUROPE (AVENUE DE L');;;;780
201400036083;14;12;13;1730;4;1;1;2;4;640;HARLOW (AVENUE DE);;;;780
201400036084;14;12;19;1930;2;2;2;1;3;686;JOUY (RUE DE);;;;780
201400036085;14;10;14;837;1;2;1;1;3;646;81, CHANTIERS (RUE DES);;;;780
201400036086;14;1;5;2005;5;2;5;2;3;646;122, PARIS (AVENUE DE);;;;780
201400036087;14;1;6;1630;1;2;1;2;6;646;4, EUROPE (AVENUE DE L');;;;780
201400036088;14;12;30;1615;1;2;1;1;2;646;21, MARECHAL FOCH (RUE D;;;;780
201400036089;14;6;19;2325;3;2;2;1;3;646;5/7, ETANG (RUE DE L');;;;780
201400036090;14;9;30;1110;1;2;9;1;6;158;POTTIER (RUE);;;;780
201400036091;14;8;9;805;1;2;1;1;6;646;0, RESERVOIRS (RUE DES);;;;780
201400036092;14;9;8;625;2;2;1;1;3;646;10, PARIS (AVENUE DE);;;;780
201400036093;14;9;9;1250;1;2;1;1;6;646;6, COSTE (RUE);;;;780
201400036094;14;1;19;1340;1;2;2;1;6;646;9, BAILLET REVIRON (RUE);;;;780
201400036095;14;1;15;1035;1;2;3;2;6;646;66, ROYALE (RUE);;;;780
201400036096;14;1;11;1825;5;2;3;1;6;646;DEROISIN (RUE);;;;780
201400036097;14;1;9;1725;2;2;1;1;3;646;CLEMENT ADER (AVENUE);;;;780
201400036098;14;1;24;2230;1;2;1;1;6;158;85, VERSAILLES (RUE DE);;;;780
201400036099;14;1;29;1730;5;2;2;2;7;646;ROYALE (RUE);;;;780
201400036100;14;1;29;1835;5;2;1;2;3;646;10, MARECHAL JOFFRE (RUE;;;;780
201400036101;14;2;6;1105;1;2;3;2;5;646;SAINT MARTIN (RAMPE);;;;780
201400036102;14;2;7;1530;1;2;1;1;6;646;M. DE LATTRE DE T;;;;780
201400036103;14;2;21;1715;1;2;1;1;6;646;MARCHE NOTRE DAME;;;;780
201400036104;14;10;31;1525;1;2;2;1;3;646;50, MARECHAL FOCH (RUE D;;;;780
201400036105;14;10;14;1810;1;2;2;1;2;646;ROYALE (RUE);;;;780
201400036106;14;3;6;1245;1;2;3;1;2;646;69, MARECHAL FOCH (RUE D;;;;780
201400036107;14;3;11;1745;1;2;1;1;5;646;35, PARIS (AVENUE DE);;;;780
201400036108;14;3;10;1325;1;2;1;1;3;646;7, REINE (BOULEVARD DE L;;;;780
201400036109;14;10;23;730;5;2;3;1;3;158;06, SPORTS (RUE DES);;;;780
201400036110;14;3;13;1430;1;1;1;1;6;158;NEANT, CENTRE COMMERCIAL;;;;780
201400036111;14;3;16;1005;1;2;3;1;3;646;GENERAL DE GAULLE;;;;780
201400036112;14;3;16;1640;1;2;1;1;2;646;SAINT CYR (ROUTE DE);;;;780
201400036113;14;3;21;1215;1;2;2;1;6;646;CHANTIERS (RUE DES);;;;780
201400036114;14;10;14;1400;1;2;2;1;6;646;0, SCEAUX (AVENUE DE);;;;780
201400036115;14;4;9;1345;1;2;2;1;2;646;neant, PORTE DE BUC (RUE;;;;780
201400036116;14;4;24;1935;2;2;2;1;6;646;21, ROI (BOULEVARD DU);;;;780
201400036117;14;11;3;830;4;2;1;1;5;158;1, ROUTE NAPOLEON III (R;;;;780
201400036118;14;11;21;1250;1;2;1;1;7;646;53, MARECHAL FOCH (RUE D;;;;780
201400036119;14;5;12;2145;5;2;3;1;3;646;SAINT CYR (ROUTE DE);;;;780
201400036120;14;12;4;1855;5;2;2;1;3;646;PARIS (AVENUE DE);;;;780
201400036121;14;12;19;1650;2;2;1;2;6;646;0, REFUGE (RUE DU);;;;780
201400036122;14;6;22;355;5;2;6;1;6;646;LOI (PLACE DE LA);;;;780
201400036123;14;8;1;1355;1;2;1;1;6;646;5, GENERAL DE GAULLE (AV;;;;780
201400036124;14;9;23;1503;1;2;1;1;3;646;8, REINE (BOULEVARD DE L;;;;780
201400036125;14;6;19;755;1;2;1;9;3;646;09, PONT COLBERT (RUE DU;;;;780
201400036126;14;5;24;1240;1;2;1;1;3;158;168, VERSAILLES (RUE DE);;;;780
201400036127;14;10;6;710;2;2;1;1;3;158;11, DEBASSEUX (AVENUE);;;;780
201400036128;14;10;11;1520;1;2;1;1;6;158;37, VERSAILLES (RUE DE);;;;780
201400036129;14;10;16;1100;1;2;1;1;6;646;25, ROI (BOULEVARD DU);;;;780
201400036130;14;11;4;1200;1;2;1;1;1;646;45, ETATS UNIS (AVENUE D;;;;780
201400036131;14;11;8;1105;1;2;2;1;6;646;N?ant, PAROISSE (RUE DE;;;;780
201400036132;14;11;17;1315;1;2;1;1;2;646;67, CHANTIERS (RUE DES);;;;780
201400036133;14;7;15;1530;1;2;1;1;6;646;5, SAINT MICHEL (RUE);;;;780
201400036134;14;11;27;2320;5;2;1;1;6;646;10, NEPVEU SUD (AVENUE);;;;780
201400036135;14;11;28;840;1;2;1;1;6;158;42, JEAN DUPLESSIS (RUE);;;;780
201400036136;14;12;8;1530;1;2;3;1;3;158;0, DUTARTRE (AVENUE);;;;780
201400036137;14;12;27;2100;5;1;3;2;3;646;RD 10;M;0;345699;780
201400036138;14;7;7;700;2;2;3;1;7;646;0, ANJOU (RUE D');;;;780
201400036139;14;1;23;830;1;2;3;1;6;418;JEAN CLAUDE BEZANIER (RU;;;;780
201400036140;14;1;6;1520;1;2;1;1;6;418;0, PAUL DEMANGE (PLACE);;;;780
201400036141;14;3;19;750;1;2;2;1;6;650;311, MONTESSON (ROUTE DE;;;;780
201400036142;14;5;5;715;1;1;2;1;3;418;1, ONZE NOVEMBRE 1918 (R;;;;780
201400036143;14;6;4;1800;1;2;1;1;6;418;144, PAUL DOUMER (AVENUE;;;;780
201400036144;14;8;11;1945;1;2;9;9;3;418;0, ESPERANCE (CHEMIN DE;;;;780
201400036145;14;9;12;1655;1;2;3;1;6;190;0, PONTS (RUE DES);;;;780
201400036146;14;9;13;1130;1;2;1;1;2;146;73, MARECHAL FOCH (AVENU;;;;780
201400036147;14;11;5;2150;5;2;3;1;3;190;22, VERDUN (AVENUE DE);;;;780
201400036148;14;1;1;1250;1;2;1;1;6;191;186 AVENUE NANTES;;;;790
201400036149;14;1;23;1940;3;2;1;1;3;191;AVENUE DE LIMOGES;;;;790
201400036150;14;1;27;1535;1;2;2;8;3;191;22 PLACE CHANZY;;;;790
201400036151;14;2;2;1540;1;2;2;1;6;191;12 R FIEF D'AMOURETTES;;;;790
201400036152;14;2;17;1949;1;2;2;1;3;191;216 AV DE LA ROCHELLE;;;;790
201400036153;14;2;19;1950;5;2;2;1;6;191;BOULEVARD LOUIS TARDY;;;;790
201400036154;14;2;26;2115;3;2;1;1;7;191;AVENUE DE PARIS;;;;790
201400036155;14;3;13;1020;1;2;1;1;1;191;1 QUAI DE BELLE ILE;;;;790
201400036156;14;3;28;2020;3;2;1;1;6;191;BD PIERRE MENDES FRANCE;;;;790
201400036157;14;5;2;1330;1;2;2;1;3;191;BD DE L'ATLANTIQUE;;;;790
201400036158;14;2;7;1740;1;2;4;8;1;191;2 RUE DES PELLERINS;;;;790
201400036159;14;6;5;2230;5;2;1;1;6;191;24 RUE DE L'ESPERANCE;;;;790
201400036160;14;7;9;1800;1;2;1;1;6;191;103 AV LA VENISE VERTE;;;;790
201400036161;14;8;20;1140;1;2;4;1;3;191;12 R FIEF DES AMOURETTES;;;;790
201400036162;14;9;6;1850;1;1;4;1;3;191;ROUTE DE COULONGES;;;;790
201400036163;14;9;22;1035;1;2;1;1;3;81;RUE DES COMBES;;;;790
201400036164;14;9;23;1815;1;2;1;1;2;191;21 CHEMIN DE PIERRE;;;;790
201400036165;14;3;9;1200;1;2;1;1;3;191;196 AV DE LA ROCHELLE;;;;790
201400036166;14;10;3;645;5;2;2;1;3;191;AVENUE DE LA ROCHELLE;;;;790
201400036167;14;11;8;1525;1;2;2;1;3;191;BD DE L'ATLANTIQUE;;;;790
201400036168;14;11;10;746;2;2;1;1;1;191;BOULEVARD WILLY BRANDT;;;;790
201400036169;14;3;19;1000;1;2;1;1;6;191;25 RUE DES BRIZEAUX;;;;790
201400036170;14;10;29;1715;1;2;2;1;3;191;100 RUE DE SOUCHE;;;;790
201400036171;14;11;17;1745;5;2;1;1;3;191;8 RUE DES HERBILLAUX;;;;790
201400036172;14;4;9;2159;5;2;2;1;3;191;48 RUE BASSE;;;;790
201400036173;14;4;24;1800;1;2;1;1;7;191;BD DE L'ATLANTIQUE;;;;790
201400036174;14;5;2;1838;1;2;1;1;6;191;72 RUE DE SOUCHE;;;;790
201400036175;14;5;13;1344;1;2;9;1;3;191;29 RUE HENRI SELLIER;;;;790
201400036176;14;5;14;1710;1;2;3;1;3;191;211 RUE DE BURGONCE;;;;790
201400036177;14;5;23;1955;1;2;6;8;1;191;11 RUE VAUMORIN;;;;790
201400036178;14;6;20;1800;1;2;1;1;6;191;BD PIERRE MENDES FRANCE;;;;790
201400036179;14;9;10;750;1;2;1;1;3;191;39 RUE COTEAU ST-HUBERT;;;;790
201400036180;14;9;27;1135;1;2;1;1;3;191;AVENUE DE PARIS;;;;790
201400036181;14;10;9;1525;1;2;9;1;1;191;BOULEVARD DE L'EUROPE;;;;790
201400036182;14;10;18;2340;4;2;1;1;7;191;8 BOULEVARD JEAN COCTEAU;;;;790
201400036183;14;11;6;730;5;2;4;1;3;191;173 ROUTE D'AIFFRES;;;;790
201400036184;14;11;6;905;1;2;3;1;3;191;42 RUE HENRI SELLIER;;;;790
201400036185;14;11;6;1235;1;2;6;1;7;191;RUE PETER BARLOW;;;;790
201400036186;14;11;11;2235;5;2;2;2;3;191;1 BOULEVARD JEAN MOULIN;;;;790
201400036187;14;11;12;1055;1;2;1;2;7;191;23 RUE ROBERT TURGOT;;;;790
201400036188;14;11;24;2115;5;2;1;2;6;191;152 AV ST JEAN D'ANGELY;;;;790
201400036189;14;11;26;713;3;2;1;5;3;81;ROUTE DE PARIS;;;;790
201400036190;14;11;27;1650;1;2;1;1;6;191;21B RUE LAURENT BONNEVAY;;;;790
201400036191;14;12;11;1005;1;2;1;1;7;191;1 RUE DE LA COUDRAIE;;;;790
201400036192;14;12;15;1740;2;2;1;2;7;191;20 RUE DES HERBILLAUX;;;;790
201400036193;14;1;14;1815;5;2;2;8;3;329;RUE ANATOLE FRANCE;;;;790
201400036194;14;1;15;1755;5;2;1;2;7;329;01 RUE GASTON CHERAU;;;;790
201400036195;14;1;16;1034;1;2;9;2;2;329;22 AVENUE EMILE ZOLA;;;;790
201400036196;14;2;14;828;1;2;1;2;2;329;21 AVENUE VICTOR HUGO;;;;790
201400036197;14;3;13;1640;1;2;1;1;6;329;23 RUE CAMILLE PELLETAN;;;;790
201400036198;14;3;17;655;2;2;1;5;1;329;BOULEVARD HELENSBURGH;;;;790
201400036199;14;3;21;720;1;2;1;2;6;329;7 RUE JEAN DEVAUX;;;;790
201400036200;14;3;21;750;1;2;2;3;3;300;RUE DU DOCTEUR BASSET;;;;790
201400036201;14;3;9;2330;3;1;3;;7;259;"LD ""LE PETIT CORNET""";;;;790
201400036202;14;3;28;1713;1;2;2;1;6;329;AVENUE VICTOR LECLERC;;;;790
201400036203;14;4;4;800;1;1;2;8;3;259;ROUTE DE SAINT VARENT;;;;790
201400036204;14;4;10;745;1;2;6;1;2;329;RUE GAMBETTA;;;;790
201400036205;14;4;11;1445;1;2;2;1;3;329;BD DE LA LIBERATION;;;;790
201400036206;14;4;18;1800;1;2;2;1;3;300;RUE DU DOCTEUR BASSET;;;;790
201400036207;14;4;23;1400;1;2;1;8;3;329;BOULEVARD DE EUROPE;;;;790
201400036208;14;5;14;915;1;2;1;1;3;300;145 AVENUE EMILE ZOLA;;;;790
201400036209;14;5;16;515;5;2;3;1;3;329;47 AVENUE EMILE ZOLA;;;;790
201400036210;14;5;31;2118;2;2;1;1;6;329;AVENUE VICTOR HUGO;;;;790
201400036211;14;5;31;2250;5;2;1;1;7;329;5 RUE PORTE MAILLOT;;;;790
201400036212;14;6;25;515;3;1;3;1;3;259;ROUTE DE BRESSUIRE;;;;790
201400036213;14;6;26;1005;1;2;2;1;3;329;43 RUE VOLTAIRE;;;;790
201400036214;14;6;30;1822;1;1;3;8;3;329;;;;;790
201400036215;14;7;7;905;1;2;1;1;3;329;21 RUE RICARD;;;;790
201400036216;14;8;7;1310;1;2;1;1;3;329;45 RUE ANATOLE FRANCE;;;;790
201400036217;14;8;27;1755;1;2;2;1;3;329;1 PLACE SAINT-LAON;;;;790
201400036218;14;9;11;1555;1;2;8;1;7;329;104 RUE JULES GUESDE;;;;790
201400036219;14;9;12;1610;1;2;2;1;3;329;1 RUE ERNEST PEROCHON;;;;790
201400036220;14;10;2;1700;1;2;1;1;2;329;118 AVENUE EMILE ZOLA;;;;790
201400036221;14;10;6;1720;1;2;1;2;7;259;72 ROUTE DE PARTHENAY;;;;790
201400036222;14;10;30;1645;1;2;1;1;7;329;91 RUE ERNEST PEROCHON;;;;790
201400036223;14;11;7;1003;1;2;2;1;3;329;BD ALFRED DE VIGNY;;;;790
201400036224;14;11;18;1845;3;2;2;1;3;329;45 RUE VOLTAIRE;;;;790
201400036225;14;12;9;945;1;2;2;1;1;329;1 BOULEVARD JEAN JAURES;;;;790
201400036226;14;12;10;1754;5;2;1;1;6;329;3 AVENUE EMILE ZOLA;;;;790
201400036227;14;12;16;1755;5;2;1;2;6;329;38 AVENUE EMILE ZOLA;;;;790
201400036228;14;12;17;1225;1;2;1;2;4;259;74 ROUTE DE PARTHENAY;;;;790
201400036229;14;1;6;2225;5;2;1;2;6;1;6 FAUBOURG  PLANCHES;;;;800
201400036230;14;5;15;1740;1;2;1;1;6;1;17, NORMANDIE (de);M;5009826;185082;800
201400036231;14;5;19;1830;1;2;1;1;1;1;20, LIEUTENANT CARON (du;M;5011022;184249;800
201400036232;14;6;10;2030;1;1;1;1;7;1;;M;5008363;184765;800
201400036233;14;6;13;1100;1;2;1;1;6;1;25, LINGERS (des);M;5010714;183486;800
201400036234;14;6;10;1605;1;2;1;1;6;1;CANAL DE TRANSIT (du);M;5010249;182721;800
201400036235;14;8;14;1625;1;2;1;1;6;1;8, POLONAIS (des);;;;800
201400036236;14;9;14;145;5;2;6;1;6;1;1, DEPORTES ET INTERNES;M;5010988;184454;800
201400036237;14;10;16;1015;1;2;1;1;2;1;AMIENS (d');M;5010626;184627;800
201400036238;14;10;27;900;1;2;1;1;3;1;42, VAUBAN;M;5010536;184005;800
201400036239;14;11;6;1755;5;2;1;8;6;1;3, JEAN MENNESSON;M;5011616;182756;800
201400036240;14;11;9;1910;5;2;6;2;3;1;226, POSTES (du chemin d;M;5010034;185678;800
201400036241;14;12;20;955;1;2;1;2;1;1;14, POLONAIS (des);M;5010492;179898;800
201400036242;14;12;21;1635;1;2;6;8;6;1;1, JEAN JAURES;M;5010401;182780;800
201400036243;14;1;4;1500;1;2;1;7;2;21;RUE COLBERT;M;4989273;227456;800
201400036244;14;1;3;1715;2;2;2;2;2;21;RUE D' AUTRICHE;M;4987370;228758;800
201400036245;14;1;4;1555;1;2;1;1;2;256;594 AVENUE LOUIS PASTEUR;;;;800
201400036246;14;1;7;1005;1;2;1;1;2;21;219,RUE D' ABBEVILLE;;;;800
201400036247;14;1;7;1520;1;2;6;1;3;21;RUE LESCOUVE;M;4989088;227686;800
201400036248;14;1;8;1225;1;2;1;1;3;21;59, RUE ALEXANDRE DUMAS;M;4987220;229508;800
201400036249;14;1;8;2120;5;2;2;1;1;21;RUE DE ROUEN;M;4988978;229015;800
201400036250;14;1;8;1735;3;1;6;1;4;379;ROUTE DE ST QUENTIN;;;;800
201400036251;14;1;12;940;1;2;3;1;3;21;RUE D' ABBEVILLE;M;4991036;225753;800
201400036252;14;1;11;1730;5;2;2;1;3;21;1,RUE EUGENE DELACROIX;M;4991164;229767;800
201400036253;14;1;14;1825;5;2;1;1;4;21;185,BOULEVARD CHATEAUDUN;M;4988521;228034;800
201400036254;14;1;13;815;1;2;1;1;6;21;9, RUE D' ASSAS;M;4987370;231259;800
201400036255;14;1;13;1500;1;2;1;1;2;21;AVENUE PAUL CLAUDEL;M;4987461;227026;800
201400036256;14;1;14;1710;1;2;3;1;2;21;290,RUE SAINT FUSCIEN;M;4987659;230594;800
201400036257;14;1;14;1700;1;2;1;1;6;21;14,RUE ANDRE CHENIER;M;4987764;228646;800
201400036258;14;1;14;800;4;1;1;2;4;489;;;;;800
201400036259;14;1;14;740;2;2;6;1;5;21;CAR. GEORGES CLEMENCEAU;M;4990748;230173;800
201400036260;14;1;15;800;2;2;1;8;6;21;1, SAINT MARTIN AUX WAID;M;4989496;229907;800
201400036261;14;1;15;1330;1;1;1;2;2;21;ROCADE NORD EST RN 1;;;;800
201400036262;14;1;16;920;1;2;1;3;4;21;376,CHAUSSEE JULES FERRY;M;4987888;233628;800
201400036263;14;1;17;1115;1;2;1;1;6;21;2bis,RUE LAMARCK;M;4989139;229906;800
201400036264;14;1;21;1930;5;2;1;1;6;21;43,RUE VANMARCKE;M;4989628;230288;800
201400036265;14;1;21;1710;2;2;6;1;3;21;CAR DE LA LIBERATION;M;4988665;227861;800
201400036266;14;1;20;745;5;2;6;1;2;21;RUE FRANKLIN ROOSEVELT;M;4990748;230172;800
201400036267;14;1;27;1635;1;2;1;1;6;21;RUE ROBERT LE COQ;M;4990043;226912;800
201400036268;14;1;25;1810;5;2;1;1;6;21;PLACE ALPHONSE FIQUET;M;4989111;230662;800
201400036269;14;1;29;1430;1;2;1;2;7;21;RUE JEAN CATELAS;M;4989570;229022;800
201400036270;14;1;28;1215;1;2;1;1;1;21;505,RUE DE VERDUN;M;4988980;232790;800
201400036271;14;2;3;820;1;2;1;1;2;21;RUE FRANKLIN ROOSEVELT;M;4991813;229264;800
201400036272;14;2;4;1325;1;2;6;1;3;21;AV QUATORZE JUILLET 1789;M;4987546;228191;800
201400036273;14;2;5;1020;1;2;3;1;3;21;AVENUE PAUL CLAUDEL;M;4987442;226778;800
201400036274;14;2;5;1435;1;2;1;1;2;21;151,RUE DE PARIS;M;4988664;228837;800
201400036275;14;2;9;700;3;1;1;1;6;131;RUE MANASSES BARBIER;M;4985105;237726;800
201400036276;14;2;9;530;3;1;1;1;6;164;0, RN 25;;;;800
201400036277;14;2;7;1435;1;2;2;1;6;21;1,R CHARLES DE FOUCAULD;M;4988951;230702;800
201400036278;14;2;7;900;1;2;1;2;3;21;02,BD ALSACE LORRAINE;M;4989152;230715;800
201400036279;14;2;6;740;2;2;1;1;6;21;RUE DU FAUBOURG DE HEM;M;4990343;227481;800
201400036280;14;2;6;1115;1;1;1;1;4;724;0, RD 210;;;;800
201400036281;14;2;17;2345;4;1;1;1;7;724;ROUTE DE ROUEN;;;;800
201400036282;14;2;11;1800;5;2;1;1;2;261;RD 1001;;;;800
201400036283;14;2;15;1034;1;2;6;1;7;674;AVENUE DEFENSE PASSIVE;M;4991234;233837;800
201400036284;14;2;12;805;1;2;3;1;3;21;RUE EDMOND ROSTAND;M;4987220;232219;800
201400036285;14;2;12;1110;1;2;2;1;5;21;BD ALSACE LORRAINE;M;4989452;230925;800
201400036286;14;2;19;410;5;2;1;1;7;725;ROUTE DE NORMANDIE;;;;800
201400036287;14;2;17;1750;1;2;1;1;3;21;189,RUE SAINT HONORE;M;4988522;228499;800
201400036288;14;2;18;1900;4;2;1;1;6;21;120,RUE SAINT FUSCIEN;M;4988130;230473;800
201400036289;14;2;17;930;1;1;1;1;3;21;1,RUE DES BONNARDS;M;4990352;230714;800
201400036290;14;2;20;1850;5;2;1;3;6;21;BD BEAUVILLE CENTRE;M;4989454;230920;800
201400036291;14;2;20;1920;5;2;1;2;6;21;159,RUE SAINT HONORE;M;4988561;228573;800
201400036292;14;2;20;1955;3;1;1;1;7;21;ROCADE NORD RN 1;;;;800
201400036293;14;2;26;1940;4;1;1;1;7;379;ROCADE NORD EST RN 25;;;;800
201400036294;14;2;26;1330;1;2;1;1;5;21;77,RUE SAINT FUSCIEN;M;4988233;230449;800
201400036295;14;2;25;1725;1;2;3;1;3;21;RUE DE PRAGUE;M;4987333;231854;800
201400036296;14;2;23;736;2;2;1;1;6;21;81,BD SAINT QUENTIN;M;4987931;229635;800
201400036297;14;3;7;2035;5;2;1;1;6;21;1,PLACE ALPHONSE FIQUET;M;4989064;230629;800
201400036298;14;3;12;1425;1;2;2;1;3;489;RUE DENIS PAPIN;M;4986691;235138;800
201400036299;14;3;12;840;1;2;1;1;2;21;AV GENERAL DE GAULLE;M;4990518;230141;800
201400036300;14;3;5;1830;2;2;1;2;3;21;15,BD DE STRASBOURG;M;4988687;227837;800
201400036301;14;3;9;1955;5;2;1;1;6;21;21,RUE DE PARIS;M;4988835;228957;800
201400036302;14;3;15;2230;5;2;3;1;3;21;AVENUE DEFENSE PASSIVE;M;4990752;232079;800
201400036303;14;3;16;1520;1;2;1;1;6;21;CITE DES IRIS;M;4988366;225657;800
201400036304;14;3;18;1315;1;2;1;1;6;21;BOULEVARD DE BELFORT;M;4988989;230579;800
201400036305;14;3;13;815;1;2;1;5;2;725;AVENUE DU GOLF;M;4986664;225902;800
201400036306;14;3;18;1720;1;2;3;1;3;21;RUE DE BECQUERELLES;M;4990175;230014;800
201400036307;14;3;22;1525;1;2;1;1;5;379;;;;;800
201400036308;14;3;22;1920;2;2;1;1;3;21;500,RUE DE CAGNY;M;4987582;232861;800
201400036309;14;3;28;1345;1;2;6;1;3;21;AVENUE ROGER DUMOULIN;;;;800
201400036310;14;3;28;1200;1;2;1;1;6;21;119,RUE FAUBOURG DE HEM;M;4990187;227905;800
201400036311;14;3;26;850;1;2;6;1;3;21;BOULEVARD DU PORT;M;4989840;229058;800
201400036312;14;3;26;1950;5;2;1;1;2;21;103,RUE ALEXANDRE DUMAS;M;4987402;228875;800
201400036313;14;4;2;2030;5;2;1;1;6;21;433,DB BEAUVILLE;M;4990616;231772;800
201400036314;14;4;4;715;1;2;1;1;6;21;122,RUE SAINT FUSCIEN;M;4988122;230473;800
201400036315;14;4;4;1830;1;2;5;1;3;21;PLACE VOGEL;M;4989790;229547;800
201400036316;14;4;4;1000;1;2;1;1;6;21;33,MAIL ALBERT 1ER;M;4988878;229794;800
201400036317;14;4;9;1845;1;2;1;1;3;21;RUE LEO LAGRANGE;M;4991055;231119;800
201400036318;14;4;8;1744;1;2;1;1;6;21;46,R JEAN MARC LAURENT;M;4987108;231697;800
201400036319;14;4;11;1425;1;2;1;1;2;21;16,RUE D' AUSTRALIE;M;4990347;227623;800
201400036320;14;4;11;745;1;2;1;1;3;164;101,RUE MARIUS PETIT;M;4988744;233796;800
201400036321;14;4;11;1935;1;2;1;1;3;256;323,  LOUIS PASTEUR (AVE;;;;800
201400036322;14;4;14;1930;1;2;1;1;2;21;BOULEVARD GARIBALDI;M;4989354;228564;800
201400036323;14;4;14;1840;1;2;1;1;2;489;AVENUE VICTOR HUGO;M;4986679;235493;800
201400036324;14;4;15;1915;1;2;1;1;6;21;32,RUE JEAN MARC LAURENT;M;4987081;231036;800
201400036325;14;4;15;1025;1;2;1;1;6;21;10,RUE DES SERGENTS;M;4989449;229891;800
201400036326;14;4;15;1215;1;2;1;1;3;21;BD ALSACE LORRAINE;M;4989231;230772;800
201400036327;14;4;16;1830;1;2;1;1;3;21;RUE LEGRAND D' AUSSY;M;4989125;231188;800
201400036328;14;4;17;1220;1;2;1;1;3;21;228,AVENUE FOY;M;4988811;228020;800
201400036329;14;4;18;1935;1;2;3;1;3;21;RUE PAUL VERLAINE;M;4987299;232228;800
201400036330;14;4;23;1805;1;2;1;1;4;489;RUE HENRI BARBUSSE;M;4987325;235076;800
201400036331;14;4;30;1350;1;2;1;1;2;21;2,RUE DE LA DEUXIEME DB;M;4989381;229302;800
201400036332;14;5;1;1615;1;2;1;3;6;21;5, PIERRE ROLLIN (RUE);M;4987854;231213;800
201400036333;14;5;3;1440;1;2;2;1;3;21;00, DUFOUR (RUE);M;4988537;229704;800
201400036334;14;5;6;1645;1;2;1;2;6;21;2, MARIVAUX (RUE);M;4990905;232595;800
201400036335;14;5;6;1730;1;2;6;3;3;21;00, POINTIN (RUE);M;4988547;231223;800
201400036336;14;5;6;1440;1;2;1;2;2;21;79, SAINT ROCH (RUE);M;4989546;228536;800
201400036337;14;5;11;2025;1;2;1;1;6;21;00, EUROPE (AVENUE DE L';M;4991906;230489;800
201400036338;14;5;16;1110;1;2;1;1;2;21;93, SAINT QUENTIN (BOULE;M;4987939;229704;800
201400036339;14;5;16;2115;1;2;2;1;3;21;00, ALBERT 1ER (MAIL);M;4988858;230297;800
201400036340;14;5;17;1140;1;2;3;1;3;724;00, TAISNIL (ROUTE DE);;;;800
201400036341;14;5;19;1340;1;2;1;1;3;21;6, RUE ALFRED CATEL;M;4990395;227877;800
201400036342;14;5;20;1200;1;2;1;1;3;21;83, FRANKLIN ROOSEVELT (;M;4990965;229826;800
201400036343;14;5;22;930;1;2;1;1;4;131;RD 934;;;;800
201400036344;14;5;23;1535;1;2;1;2;2;21;83, SAINT FUSCIEN (RUE);M;4988189;230458;800
201400036345;14;5;26;1340;1;2;3;2;3;21;00, FRANCS MURIERS (RUE;M;4989736;229782;800