num_acc;an;mois;jour;hrmn;lum;agg;int;atm;col;com;adr;gps;lat;long;dep
201400036346;14;5;27;1320;1;2;1;1;2;21;00, CHATEAU MILAN (RUE D;M;4990204;228424;800
201400036347;14;5;31;1410;1;2;1;1;3;131;00, MICHEL STROGOFF  (BO;M;4986088;238132;800
201400036348;14;6;5;845;1;2;3;1;3;21;00, GUYENCOURT (BOULEVAR;M;4989266;228475;800
201400036349;14;6;5;1850;1;2;1;1;2;21;00, PAIX (AVENUE DE LA);M;4991161;229887;800
201400036350;14;6;9;655;1;2;1;1;6;21;499, ABBEVILLE (RUE D');M;4991156;225143;800
201400036351;14;6;9;1415;1;2;1;8;6;21;18, MORVILLERS (RUE DE);M;4988817;231594;800
201400036352;14;6;6;855;1;1;1;1;4;131;RD 934;;;;800
201400036353;14;6;11;730;1;2;1;1;6;21;4, ROUBAIX (BOULEVARD DE;M;4991010;231662;800
201400036354;14;6;13;2210;5;2;1;1;1;379;00, ETOILE DU SUD (AVENU;M;4986542;239104;800
201400036355;14;6;19;1420;1;2;1;1;2;674;29, GENERAL LECLERC (AVE;M;4990258;232124;800
201400036356;14;6;19;1735;1;2;1;1;2;21;PIERRE ROLLIN (RUE);M;4987758;231250;800
201400036357;14;6;20;1330;1;2;1;1;3;21;85, SAINT QUENTIN (BOULE;M;4987933;229644;800
201400036358;14;6;20;1945;1;2;2;1;3;21;00, LEO LAGRANGE (RUE);M;4991054;231119;800
201400036359;14;6;22;1825;1;1;1;1;6;379;RD 1029 (ROUTE DE ST QUE;;;;800
201400036360;14;6;24;2216;5;2;1;1;1;21;AVENUE ROGER DUMOULIN;;;;800
201400036361;14;6;27;1635;1;2;1;1;6;21;VOLTAIRE (RUE);M;4991186;231795;800
201400036362;14;6;27;2335;5;2;1;1;7;21;LAMARTINE (RUE);M;4989249;230543;800
201400036363;14;6;29;1400;1;2;2;3;3;21;EUROPE (AVENUE DE L');M;4991164;230264;800
201400036364;14;6;29;1559;1;2;2;2;3;21;ALSACE LORRAINE (BOULEVA;M;4989444;230922;800
201400036365;14;6;30;820;1;1;1;1;4;131;RD 934;;;;800
201400036366;14;7;1;1525;1;2;3;1;3;21;00, SAVEUSE (RUE DE);M;4990414;226570;800
201400036367;14;7;5;2130;1;2;1;1;4;21;00, ROGER ONFRAY (RUE);M;4990318;231589;800
201400036368;14;7;12;1450;1;2;2;1;3;21;00, SAINT MARTIN AUX WAI;M;4989523;229762;800
201400036369;14;7;15;1650;1;2;1;1;3;21;00, EUROPE (AVENUE DE L';M;4991273;230266;800
201400036370;14;7;10;1240;1;2;1;1;2;21;00, PIERRE MENDES FRANCE;M;4989914;228962;800
201400036371;14;7;16;1155;1;2;1;1;1;21;339, ABBEVILLE (RUE D');M;4990987;225889;800
201400036372;14;7;9;1525;1;2;1;2;2;21;00, ROLLIN (ALLEE DE);M;4987579;231345;800
201400036373;14;7;9;1825;1;2;2;2;3;21;00, FLORIMONT  LEROUX (R;M;4989644;229288;800
201400036374;14;7;7;1715;1;2;1;1;2;21;2, LONGUEVILLE (PLACE);M;4988829;229447;800
201400036375;14;7;3;1110;1;2;1;1;3;489;00, VILLE IDEALE (AVENUE;M;4986786;236661;800
201400036376;14;7;3;820;1;2;1;1;6;164;00, PLACE GENERAL LECLER;M;4988749;234414;800
201400036377;14;7;7;1715;1;2;1;1;6;725;00, RD8;M;4987185;225795;800
201400036378;14;7;17;1725;1;2;1;1;6;21;00, CHATEAUDUN (BOULEVAR;M;4988365;228255;800
201400036379;14;7;22;1700;1;2;1;1;2;21;93, SAINT PIERRE (CHAUSS;M;4990295;230455;800
201400036380;14;7;25;2225;5;2;3;1;3;21;00, JULES FERRY (CHAUSSE;M;4988357;232459;800
201400036381;14;7;30;1700;1;2;1;1;6;21;00, FENELON (RUE);M;4991469;231977;800
201400036382;14;7;31;1205;1;2;1;1;3;21;00, ALSACE LORRAINE (BOU;M;4989229;230774;800
201400036383;14;8;2;2050;1;2;1;1;2;21;2, GENERAL FRERE (RUE DU;M;4990453;230210;800
201400036384;14;8;1;1705;1;2;1;1;3;21;219, ABBEVILLE (RUE D');M;4990797;226422;800
201400036385;14;8;3;2010;1;2;1;1;6;21;22, AGRICOLE SOYER (RUE);M;4989820;226308;800
201400036386;14;8;4;2135;2;2;1;1;3;21;00, WINSTON CHURCHILL (R;M;4990848;230443;800
201400036387;14;8;7;1740;1;2;1;1;3;21;00, EUROPE (AVENUE DE L';M;4991309;230256;800
201400036388;14;8;7;1750;1;2;3;1;3;702;00, DEPARTEMENTALE 7 (RO;M;4983764;230980;800
201400036389;14;8;24;1850;1;2;1;1;1;489;00, LUCIEN BARBIER (PLAC;M;4986443;235258;800
201400036390;14;8;19;1730;1;2;1;1;3;725;54, JEAN JAURES (AVENUE);M;4986576;224039;800
201400036391;14;8;22;1010;1;2;1;1;6;702;00, DEPARTEMENTALE 7 (RO;M;4983177;231585;800
201400036392;14;8;25;2120;5;2;1;3;6;21;3, PIERRE MAC ORLAN (RUE;M;4987624;232476;800
201400036393;14;8;26;1630;1;2;1;1;5;21;AVENUE DE L'EUROPE;M;4992447;230531;800
201400036394;14;8;27;1855;1;2;1;1;7;21;00, ROCADE NORD RN 1;M;4992441;229182;800
201400036395;14;8;27;1220;1;2;1;1;3;21;00, ROGER DUMOULIN (AVEN;M;4992816;228703;800
201400036396;14;8;26;2015;1;2;1;1;3;21;3, FLATTERS (RUE);M;4989516;229932;800
201400036397;14;8;28;1305;1;2;2;2;3;21;00, SALVADOR ALLENDE (AV;M;4990148;228413;800
201400036398;14;8;29;2100;2;2;1;1;2;21;5, VICTOR HUGO (RUE);M;4989246;230225;800
201400036399;14;8;31;1855;1;2;1;1;3;21;36, LEO LAGRANGE (RUE);M;4991062;231361;800
201400036400;14;9;1;1015;1;2;1;1;2;21;00, ROGER DUMOULIN (AVEN;M;4994021;228105;800
201400036401;14;9;2;1715;1;2;1;1;6;21;00, ROUBAIX (BOULEVARD D;M;4990782;231768;800
201400036402;14;9;4;2155;5;2;3;1;3;21;40, VIGNACOURT (RUE DE);M;4990500;228930;800
201400036403;14;9;5;10;5;2;1;1;6;21;168, ROBERT LE COQ (RUE);M;4990050;226918;800
201400036404;14;9;7;1910;1;2;6;1;3;21;LESCOUVE (RUE);M;4989082;227681;800
201400036405;14;9;8;845;1;2;1;1;7;21;FRANCS MURIERS (RUE DES);M;4989741;229769;800
201400036406;14;9;11;820;1;2;1;1;2;21;TERRAL (RUE);M;4991050;229361;800
201400036407;14;9;13;1640;1;2;1;1;7;21;MARECHAL JOFFRE (PLACE D;M;4988798;230354;800
201400036408;14;9;13;1615;1;1;1;1;2;164;ROCADE NORD EST RN 25;M;4990308;235942;800
201400036409;14;9;16;2120;2;2;1;1;6;21;203, JEAN MOULIN (RUE);M;4987793;227151;800
201400036410;14;9;17;1740;1;2;1;1;7;21;30, LEO LAGRANGE (RUE);M;4991057;231188;800
201400036411;14;9;18;2040;2;2;3;3;3;21;185, SAINT MAURICE (RUE);M;4990616;228596;800
201400036412;14;9;18;1715;1;2;3;1;3;21;BARABAN (BOULEVARD);M;4989953;230456;800
201400036413;14;9;19;1845;1;2;1;1;7;21;18 ROLAND GARROS (RUE);M;4990595;230101;800
201400036414;14;9;22;900;1;2;4;1;3;21;JULES BARNI (RUE);M;4988836;231259;800
201400036415;14;9;22;920;1;2;1;1;2;21;146, SAINT QUENTIN (BOUL;M;4987911;230088;800
201400036416;14;9;24;1830;1;1;1;3;7;674;ROCADE NORD RN 25;M;4990478;235142;800
201400036417;14;9;24;2145;5;2;6;1;3;21;QUATORZE JUILLET 1789 (A;M;4987560;228180;800
201400036418;14;9;26;2235;5;2;3;1;3;21;DEPORTES (RUE DES);M;4990080;229872;800
201400036419;14;9;26;820;1;2;1;1;7;21;LEO LAGRANGE (RUE);M;4991060;231363;800
201400036420;14;9;28;2105;5;2;1;1;2;489;HENRI BARBUSSE (RUE);M;4987117;235548;800
201400036421;14;9;27;2135;5;2;1;1;3;21;163, JULES BARNI (RUE);M;4988752;231464;800
201400036422;14;9;30;1820;1;1;1;1;4;379;RD 1029 (ROUTE DE ST QUE;M;4986831;239199;800
201400036423;14;9;30;1555;1;2;1;1;2;21;142, LOUIS BLANC (AVENUE;M;4990357;227157;800
201400036424;14;10;1;1020;1;2;3;1;3;21;00, DORTMUND (RUE DE);M;4987776;231238;800
201400036425;14;10;1;1505;1;2;1;1;7;21;4en vis a, ALBERT CATOIR;M;4989436;229693;800
201400036426;14;10;1;1850;1;2;1;1;7;21;439, SAINT MAURICE (RUE);M;4991423;228035;800
201400036427;14;10;1;2020;5;1;1;1;3;21;103, ABBEVILLE (RUE D');M;4990672;226811;800
201400036428;14;10;2;815;1;2;1;1;7;21;217, JEAN MOULIN (RUE);M;4987754;227081;800
201400036429;14;10;3;1955;4;2;1;1;7;21;00, EMILE THUILLIEZ (SQU;M;4991537;225288;800
201400036430;14;10;3;1545;1;2;1;1;7;21;223, PARIS (RUE DE);M;4988541;228754;800
201400036431;14;10;4;950;1;2;1;1;3;21;00, ROUBAIX (BOULEVARD D;M;4990721;231792;800
201400036432;14;10;6;1710;1;2;1;2;3;21;2, DEFENSE PASSIVE (AVEN;M;4990677;231848;800
201400036433;14;10;8;1425;1;2;1;2;7;21;337, SAINT FUSCIEN (RUE);M;4987505;230639;800
201400036434;14;10;8;1845;1;2;1;2;3;21;00, DES CYGNES (AV);M;4992063;225974;800
201400036435;14;10;13;1135;1;2;1;1;3;21;660, ROUEN (RUE DE);M;4988526;226713;800
201400036436;14;10;17;1210;1;2;1;1;1;21;30, VAUX (RUE DE );M;4993158;226524;800
201400036437;14;10;18;105;3;1;1;1;7;131;VC BOVES-ST FUSCIEN;M;4983915;233899;800
201400036438;14;10;19;2345;5;2;1;1;3;21;00, ABBEVILLE (RUE D');M;4991158;225033;800
201400036439;14;10;21;1530;1;2;3;1;3;21;00, ESPAGNE (AVENUE D');M;4987135;228522;800
201400036440;14;10;25;1530;1;1;1;1;1;725;00, RD210;M;4985908;225440;800
201400036441;14;11;4;920;1;2;1;1;6;21;51, LEPRINCE (RUE);M;4988587;231597;800
201400036442;14;11;4;1135;1;2;1;1;3;160;00, JEAN CATELAS (RUE);M;4985915;233860;800
201400036443;14;11;5;1730;1;2;1;1;7;21;00, PAUL CLAUDEL (AVENUE;M;4987444;226728;800
201400036444;14;11;6;1445;1;2;2;1;3;21;00, BEAUVILLE (BOUL;M;4990320;231531;800
201400036445;14;11;8;2145;5;2;1;1;7;21;01, VANMARCKE (RUE);M;4989671;230059;800
201400036446;14;11;7;1715;2;2;1;1;7;160;17, HENRI BARBUSSE (RUE);M;4986019;234378;800
201400036447;14;11;12;1255;1;2;6;1;3;21;00, ABBEVILLE (RUE D');M;4990579;227142;800
201400036448;14;11;13;725;2;2;1;1;3;21;265, VERDUN (RUE DE );M;4989281;231817;800
201400036449;14;11;13;1710;1;2;3;1;1;21;00, VIGNACOURT (RUE DE);M;4990713;229007;800
201400036450;14;11;13;1700;2;2;2;1;3;21;13, GENERAL FOY (AVENUE;M;4989251;228449;800
201400036451;14;11;17;1835;5;2;1;2;7;21;125, SAVEUSE (RUE DE);;;;800
201400036452;14;11;18;2305;5;2;1;1;2;725;00, NORMANDIE (ROUTE);M;4986931;223988;800
201400036453;14;11;19;810;2;1;1;5;4;702;00, BRETELLE ROCADE SUD;M;4985934;230695;800
201400036454;14;11;19;1300;1;2;6;1;3;21;00, LIBERATION (CARR);M;4988667;227884;800
201400036455;14;11;21;1600;2;2;1;1;1;725;1, ALBERT CAMUS (AV);M;4987086;226074;800
201400036456;14;11;23;1905;5;2;1;1;7;21;26, BAPAUME (BOULEVARD D;M;4988203;231706;800
201400036457;14;11;23;1445;1;2;1;1;3;21;4, DEFENSE PASSIVE (AVEN;M;4990696;231896;800
201400036458;14;11;25;730;5;2;1;1;7;21;00, ROUBAIX (BOULEVARD D;M;4991305;231333;800
201400036459;14;11;25;1750;5;2;1;1;7;21;27, BAPAUME (BOULEVARD D;M;4988179;231724;800
201400036460;14;11;26;950;1;2;1;1;2;21;00, VALENTIN HAUY (RUE);M;4990355;231205;800
201400036461;14;11;29;1415;1;2;1;1;4;379;00, PHILEAS FOGG (AVENUE;M;4986612;237923;800
201400036462;14;11;27;755;2;2;1;1;3;21;2, PAIX (AVENUE DE LA);M;4991162;229666;800
201400036463;14;11;30;1725;5;2;1;1;2;21;10, BELFORT (BOULEVARD D;M;4988977;230568;800
201400036464;14;12;2;1500;1;2;1;2;7;21;47, DELPECH (RUE);M;4988575;229582;800
201400036465;14;12;3;1135;1;2;1;1;7;261;AUCHAN (ZONE COMMERCIALE;M;4986271;227963;800
201400036466;14;12;6;1505;1;2;1;1;2;21;4, BELFORT (BOULEVARD DE;M;4989005;230588;800
201400036467;14;12;5;1740;5;2;1;2;7;379;PHILEAS FOGG (AVENUE);M;4986522;237899;800
201400036468;14;12;5;1720;5;2;1;2;7;21;ALPHONSE FIQUET (PLACE);M;4989105;230680;800
201400036469;14;12;9;815;1;2;3;1;7;21;70, DE LA 3 IEME DI (RUE;M;4987890;231536;800
201400036470;14;12;10;2250;5;2;3;2;3;21;148,VALENTIN HAUY (RUE);M;4990336;231392;800
201400036471;14;12;12;2020;5;2;1;2;3;21;716, CAGNY (RUE DE);M;4986911;233433;800
201400036472;14;12;12;1355;1;2;2;2;3;21;SAINT PIERRE (CHAUSSEE);M;4990257;230268;800
201400036473;14;12;12;2230;5;2;1;2;7;21;ROUBAIX (BOULEVARD DE );M;4990859;231734;800
201400036474;14;12;18;1530;1;2;1;1;3;21;476, AV 14 JUILLET 1789;M;4988000;228378;800
201400036475;14;12;21;1650;1;2;1;1;7;21;AMONT (PORT D');M;4989520;230760;800
201400036476;14;12;19;1820;2;2;3;1;7;21;FREDERIC PETIT (RUE);M;4989197;229069;800
201400036477;14;12;19;955;1;2;1;1;2;21;145, SAINT PIERRE (CHAUS;M;4990347;230646;800
201400036478;14;12;23;1740;5;2;1;1;1;21;279, ABBEVILLE (RUE D');M;4990849;226216;800
201400036479;14;12;28;1510;1;2;3;1;3;21;BAPAUME (BOULEVARD DE);M;4988089;231329;800
201400036480;14;12;27;2140;5;2;1;1;7;21;GENERAL FOY (AVENUE DU );M;4988962;228170;800
201400036481;14;12;29;850;1;2;3;1;7;21;BEAUVILLE CENTRE (BOULEV;M;4989474;230926;800
201400036482;14;1;23;900;1;2;2;2;3;4;BAUDELAIRE (AV);;;;810
201400036483;14;3;18;1600;1;2;1;8;6;4;Avenue de la République;M;4392979;214740;810
201400036484;14;3;28;850;1;2;1;1;2;4;31, GOYA (FRANCISCO);M;4393700;216703;810
201400036485;14;4;17;1505;1;2;3;1;3;4;CORDES (RTE DE);M;4395040;212732;810
201400036486;14;5;30;1600;1;2;1;1;3;4;52, FOCH (AV ET PASS MAR;M;4392000;214026;810
201400036487;14;6;5;525;3;1;1;1;6;4;MASCRABIERES (CHEM ET IM;M;4395120;212327;810
201400036488;14;7;19;6;5;2;2;1;1;4;BERMOND (PAUL);;;;810
201400036489;14;7;19;1530;1;1;1;1;1;4;ROCADE RN88 SUD;M;4391880;230896;810
201400036490;14;10;4;1119;1;2;2;1;6;4;15EME R.I. (DU);M;4393850;218484;810
201400036491;14;10;7;200;5;2;1;1;3;4;STRASBOURG (BD DE);M;4393330;214662;810
201400036492;14;3;5;2325;5;2;1;1;7;60;23, SAULES ( RUE DES );M;4404280;215971;810
201400036493;14;3;8;2200;5;2;2;1;3;60;RUE DE LA VENTE;M;4405300;214312;810
201400036494;14;7;25;525;5;2;1;1;6;60;NECKARSULM (AV. DE);M;4405412;215885;810
201400036495;14;7;29;1903;1;2;7;1;6;33;1 PLACE DU 19 MARS 1962;M;4403960;215066;810
201400036496;14;10;29;930;1;2;8;1;6;60;2, RODEZ  (AVENUE DE);M;4405320;215898;810
201400036497;14;12;6;120;5;2;0;2;6;60;, MENDES FRANCE (BD PIER;;;;810
201400036498;14;12;12;1910;5;2;1;1;7;60;139, CALVIGNAC/EXTERIEUR;;;;810
201400036499;14;1;10;1100;1;1;1;1;2;65;TOULOUSE RN 126 (RTE DE);M;4358880;219311;810
201400036500;14;1;19;150;3;1;1;1;6;65;300, ALBI (AVENUE D');M;4363500;222524;810
201400036501;14;2;9;810;2;2;1;1;6;65;47, LAUTREC RD 83 ( AVEN;;;;810
201400036502;14;3;17;300;3;1;1;1;7;65;VOIE COMMUNALE 25;M;4361950;229680;810
201400036503;14;4;2;1600;1;1;1;1;5;65;ROCADE SUD (ROC);M;4359650;221927;810
201400036504;14;4;12;1400;1;2;1;1;6;65;28, ALBI (AVENUE D');M;4361549;223686;810
201400036505;14;5;20;1045;1;1;1;6;1;65;ALBI (RD612 - RTE D');M;4366250;222647;810
201400036506;14;8;12;1720;1;1;1;1;3;65;331, LAUTREC RD 83 (RTE;M;4364670;218528;810
201400036507;14;9;19;1555;1;2;1;1;3;65;ROQUECOURBE (AV. DE);M;4362310;225188;810
201400036508;14;9;25;30;5;2;3;1;3;65;MERIGONDE (RUE);M;4360320;225386;810
201400036509;14;11;22;1045;1;2;3;1;6;65;190, DE GAULLE RD 612 (A;M;4359540;226387;810
201400036510;14;12;18;1640;2;2;1;3;7;65;SIDOBRE RD 622 (AV. DU);M;4361650;226905;810
201400036511;14;6;14;1655;1;2;1;1;6;21;89, RESSE;M;4348260;237590;810
201400036512;14;7;30;1500;1;2;2;1;3;21;TOULOUSE;M;4350050;236651;810
201400036513;14;9;25;920;1;1;3;1;3;163;RD 118;M;4346430;236332;810
201400036514;14;9;20;1855;1;2;3;1;3;163;9, JAURES (JEAN) ANC.SAG;M;4349370;238818;810
201400036515;14;12;1;1745;3;2;1;1;6;21;XXX, MUSSET (ALFRED DE);;;;810
201400036516;14;1;10;1129;1;1;1;2;1;33;CD 958;;;;820
201400036517;14;2;21;1710;1;1;1;2;4;33;CD 958;;;;820
201400036518;14;2;19;1940;2;1;1;1;2;33;TOULOUSE (de);;;;820
201400036519;14;4;22;910;1;2;2;2;2;33;73, COURBIEU NORD OUEST;M;4404620;109975;820
201400036520;14;5;5;1515;1;1;1;1;3;33;3215, CD 14;;;;820
201400036521;14;8;10;2140;2;2;6;1;3;33;LECLERC (du Mar?chal);;;;820
201400036522;14;8;18;1910;1;1;1;1;3;33;0, VERRIES BAS;;;;820
201400036523;14;9;28;1450;1;2;3;1;3;33;TOULOUSE (de);;;;820
201400036524;14;9;29;1735;1;2;1;1;6;33;VERRIES HAUTS EST;;;;820
201400036525;14;10;21;1305;1;1;1;1;1;33;2245, LAFRANCAISE (de);;;;820
201400036526;14;11;21;305;5;2;2;1;6;33;0, DE LATTRE DE TASSIGNY;;;;820
201400036527;14;10;10;1125;1;2;1;2;2;33;14, JUIN (du Mar?chal);;;;820
201400036528;14;11;14;1145;1;2;1;1;2;33;LECLERC (du Mar?chal);;;;820
201400036529;14;12;7;2050;3;1;1;1;7;33;LAFRANCAISE (de);;;;820
201400036530;14;1;3;915;1;2;3;2;3;121;NC, GOUZE(boulevard h);;;;820
201400036531;14;1;3;1641;1;1;1;1;6;121;370, SAINT-ANTONIN (ROUT;;;;820
201400036532;14;1;14;1020;1;2;6;3;3;121;NC, giratoire bouyer;;;;820
201400036533;14;1;15;755;5;2;1;1;6;121;4, HERRIOT (BOULEVARD ED;;;;820
201400036534;14;1;20;1710;1;2;5;1;6;121;0, DOUMERC (BOULEVARD BL;;;;820
201400036535;14;1;21;1645;1;2;1;7;6;121;52, MOURETS (AVENUE DES);;;;820
201400036536;14;12;13;1348;1;1;1;1;7;121;3223, FAU (ROUTE DU);;;;820
201400036537;14;2;11;1900;5;2;2;3;1;121;NC, 10EME DRAGONS (AVENU;;;;820
201400036538;14;2;20;1830;1;2;1;1;2;121;CLADEL (RUE LEON);;;;820
201400036539;14;3;3;1045;1;2;1;1;6;121;17, fontaines ( esplanad;;;;820
201400036540;14;3;5;955;1;2;1;1;2;121;128, ARDUS (AVENUE D');;;;820
201400036541;14;3;8;140;5;2;1;1;7;121;nc, VIEUX (PONT);;;;820
201400036542;14;3;13;1340;1;2;3;1;3;121;NC, AVEYRON (ROUTE DE L';;;;820
201400036543;14;3;14;1950;5;2;1;1;6;121;NC, rue du Colonel Chris;;;;820
201400036544;14;3;10;1830;1;1;3;1;3;121;NC, ALBEFEUILLE D 72 ( R;;;;820
201400036545;14;3;17;900;1;2;2;1;6;121;50, CLADEL (RUE LEON);;;;820
201400036546;14;3;16;730;3;1;1;1;6;121;4200, MOLIERES (ROUTE DE;;;;820
201400036547;14;3;18;1655;1;2;1;1;6;121;NC, fontaines ( esplanad;;;;820
201400036548;14;3;12;1405;1;2;1;1;1;121;171, FONNEUVE (AVENUE DE;;;;820
201400036549;14;3;30;725;2;1;1;6;6;121;1987, AUCH (ROUTE D');;;;820
201400036550;14;4;3;1550;1;2;1;2;6;121;21, REPUBLIQUE (RUE DE L;M;4401630;135487;820
201400036551;14;3;30;1845;1;1;1;1;6;121;346, MIRABEL D 69 (ROUTE;;;;820
201400036552;14;4;6;655;2;1;1;1;6;121;2190, SAINT-ETIENNE DE T;M;4403260;141396;820
201400036553;14;4;15;1730;1;1;1;1;4;121;MONTECH (AVENUE DE);;;;820
201400036554;14;4;26;20;3;1;1;2;6;121;665, MOLIERES (ROUTE DE);;;;820
201400036555;14;5;4;520;5;2;1;1;2;121;9, POULT (QUAI ADOLPHE);M;4400730;134364;820
201400036556;14;5;7;1500;1;1;1;1;1;121;4475, BORDEAUX (AVENUE D;M;4404900;129708;820
201400036557;14;5;28;1755;1;1;1;1;3;121;1200, ARDUS (AVENUE D');;;;820
201400036558;14;6;9;1850;1;2;9;1;3;121;237, MOULIN (avenue jean;;;;820
201400036559;14;6;21;1455;1;1;1;1;1;121;1183, ROSSIGNOL (CHEMIN;;;;820
201400036560;14;7;4;1130;1;2;1;1;7;121;15, LACAPELLE (FAUBOURG);;;;820
201400036561;14;7;15;15;5;2;1;1;3;121;74, LACAPELLE (FAUBOURG);;;;820
201400036562;14;8;6;1730;1;1;1;1;6;121;NC, BORDEAUX (AVENUE DE);;;;820
201400036563;14;8;7;1630;1;2;6;1;3;121;NC, DE LATTRE DE TASSIGN;;;;820
201400036564;14;8;19;1650;1;2;1;1;3;121;1771, CHANTILLY (BOULEVA;;;;820
201400036565;14;9;1;1545;1;1;1;1;7;121;NC, giratoire sortie roc;;;;820
201400036566;14;9;1;1930;1;1;3;1;3;121;nc, ALBEFEUILLE D 72 ( R;M;4400280;135576;820
201400036567;14;9;11;1750;1;2;6;1;2;121;nc, ABBAYE (RUE DE L');;;;820
201400036568;14;10;7;820;1;2;3;1;3;121;NC, BEAUSOLEIL (AVENUE D;;;;820
201400036569;14;10;12;125;5;2;3;1;3;121;NC, OISEAUX (RUE DES);;;;820
201400036570;14;10;10;1536;1;2;6;1;6;121;nc, giratoire etorre FAR;;;;820
201400036571;14;10;11;1910;5;2;3;1;3;121;62, CHARLES DE GAULLE (a;;;;820
201400036572;14;11;4;1540;1;2;1;1;6;121;914, MOULIN (avenue jean;;;;820
201400036573;14;11;16;1445;1;1;3;2;3;121;nc, AUCH (ROUTE D');;;;820
201400036574;14;11;18;1250;1;2;1;1;2;121;NC, BATAILLON DE CHOC (R;;;;820
201400036575;14;11;18;735;3;1;1;1;2;121;MOLIERES (ROUTE DE);;;;820
201400036576;14;11;22;1600;1;2;1;1;6;121;NC, parking GIFI rue Hen;;;;820
201400036577;14;11;28;746;5;2;3;1;3;121;nc, FONNEUVE (AVENUE DE);;;;820
201400036578;14;11;30;1910;5;2;1;1;3;121;nc, ISSANCHOU (RUE);;;;820
201400036579;14;10;4;2120;5;2;1;1;6;121;770, ABBAYE (RUE DE L');;;;820
201400036580;14;12;7;1330;1;2;6;1;3;121;nc, route du nord;;;;820
201400036581;14;12;9;1815;3;1;8;1;3;121;QUART (CHEMIN DU);;;;820
201400036582;14;12;21;1745;5;2;1;1;6;121;19, ALIBERT ( RUE DU DOC;;;;820
201400036583;14;12;19;1550;1;1;1;2;1;121;NC, giratoire sortie roc;;;;820
201400036584;14;12;29;1050;1;2;6;7;6;121;2, SALENGRO (RUE ROGER);;;;820
201400036585;14;1;20;725;2;2;1;1;3;50;GRANDE ARMEE(AVENUE DE L;;;;830
201400036586;14;1;20;1700;1;2;6;1;3;50;BLUM(BOULEVARD LEON);M;4353028;647558;830
201400036587;14;1;28;2025;5;2;1;1;2;141;RD 1555 (DRAGUIGNAN/ LE;;;;830
201400036588;14;2;4;1740;5;2;6;2;3;50;BLUM(BOULEVARD LEON);M;4353035;647561;830
201400036589;14;2;5;1645;1;2;1;1;4;50;SAINT HERMENTAIRE(AVENUE;M;4353059;645648;830
201400036590;14;2;13;820;1;2;3;1;3;50;KENNEDY(BOULEVARD JOHN);;;;830
201400036591;14;3;11;2025;5;2;1;1;7;50;PERI(BOULEVARD GABRIEL);M;4353535;646523;830
201400036592;14;3;23;1650;1;2;3;1;6;50;DORMOY(BOULEVARD MAX);;;;830
201400036593;14;4;16;1352;1;2;1;1;6;50;Avenue du 18 Juin 1940;M;4352974;646789;830
201400036594;14;4;29;1722;1;2;1;1;6;50;460, LAGRANGE(Bd);;;;830
201400036595;14;5;4;1010;1;2;1;1;3;50;Boulevard FOCH;;;;830
201400036596;14;5;8;1310;1;2;2;1;3;50;PAGNOL(BOULEVARD  MARCEL;M;4353082;647995;830
201400036597;14;4;22;1240;1;2;1;1;1;50;874, GRASSE(AVENUE DE);;;;830
201400036598;14;6;7;1410;1;2;1;1;5;50;MERMOZ(BOULEVARD JEAN);M;4352090;646998;830
201400036599;14;6;19;1640;1;2;9;1;6;50;455, ANCIENS COMBATTANTS;M;4353439;645690;830
201400036600;14;6;20;1800;1;2;1;1;3;50;DE GAULLE(AVENUE CHARLES;;;;830
201400036601;14;7;8;1804;1;1;1;1;2;141;RD 1555 (DRAGUIGNAN/ LE;;;;830
201400036602;14;7;11;1800;1;2;1;1;6;141;01, MONTEE DE LA COTTE;M;4350169;648379;830
201400036603;14;8;21;900;1;2;4;1;3;50;GALLIENI( AVE DU MAR);;;;830
201400036604;14;9;3;1125;1;2;3;1;6;50;MAUDUECH (RUE RENE);M;4353533;646350;830
201400036605;14;9;6;1400;1;2;3;9;6;141;ERMITAGE(MONTEE DE);M;4350091;648584;830
201400036606;14;9;20;1535;1;2;6;1;3;141;RD 1555 (DRAGUIGNAN/ LE;;;;830
201400036607;14;9;26;840;1;2;1;7;6;50;38, CARNOT(AVENUE LAZARE;;;;830
201400036608;14;10;22;813;1;2;6;1;3;50;1, DOUAY(PLACE ABEL);;;;830
201400036609;14;10;22;1145;1;2;1;1;6;50;CLEMENCEAU(BOULEVARD GEO;M;4353717;646609;830
201400036610;14;10;26;1540;1;2;1;1;6;50;BROSSOLETTE(AVENUE  PIER;;;;830
201400036611;14;11;15;1805;4;1;1;8;1;50;673, ALLENDE (avenue Sal;;;;830
201400036612;14;11;9;1620;1;2;3;2;3;50;FOURNAS( AVENUE DU);M;4353236;646326;830
201400036613;14;12;6;1635;2;2;1;8;7;50;1, VIDAL (RUE HELENE);M;4353138;646992;830
201400036614;14;12;4;850;1;2;9;1;3;50;PREMIERE ARMEE(AVENUE DE;M;4353185;647297;830
201400036615;14;11;27;1700;5;2;6;3;6;50;VERDUN( AVENUE DE);M;4353159;647400;830