num_acc;an;mois;jour;hrmn;lum;agg;int;atm;col;com;adr;gps;lat;long;dep
201400036616;14;12;4;1650;1;2;1;2;6;50;LIBERTE(BOULEVARD DE LA);;;;830
201400036617;14;12;13;530;5;2;6;1;7;50;SAINT EXUPERY(BOULEVARD);M;4352346;646198;830
201400036618;14;12;18;1215;1;2;4;1;3;50;SAINTE BARBE(CHEMIN);M;4352912;648550;830
201400036619;14;12;23;1825;5;2;3;1;1;50;MERMOZ(BOULEVARD JEAN);M;4352255;646467;830
201400036620;14;12;31;1030;1;2;6;1;3;50;CAZELLES(AVENUE JULIEN);M;4353147;647380;830
201400036621;14;12;16;2215;5;2;6;1;3;61;0, RUE JEAN GIONO;M;4343476;675402;830
201400036622;14;1;23;1650;1;1;1;1;7;118;ALLEE A. CAMUS;M;4345530;682708;830
201400036623;14;2;11;915;1;2;6;2;2;61;VIA AURELIA;;;;830
201400036624;14;2;22;1035;1;2;1;1;7;118;0, PORT SANTA LUCIA;;;;830
201400036625;14;3;1;920;1;2;1;1;6;118;15, AVENUE DE VALESCURE;;;;830
201400036626;14;2;1;1730;1;2;1;1;7;61;2145, AV DE LA CORNICHE;;;;830
201400036627;14;3;25;1445;1;1;1;1;7;61;RUE DES BATTERIES;M;4342027;674406;830
201400036628;14;2;9;955;1;2;1;1;6;118;BOULEVARD JEAN MOULIN;M;4342766;678165;830
201400036629;14;4;1;821;1;1;1;1;6;118;0, ROUTE DES GOLFS;M;4345432;680515;830
201400036630;14;4;1;1650;1;2;3;1;6;61;0, RUE DU CAPITAINE BLAZ;;;;830
201400036631;14;4;5;1408;1;1;1;1;6;61;RN7;;;;830
201400036632;14;4;9;1740;1;2;1;1;6;61;0, AVENUE DE PROVENCE;;;;830
201400036633;14;4;15;1140;1;1;1;1;2;118;CARREFOUR PEIRE SARADE;M;4343041;679880;830
201400036634;14;4;15;2150;5;2;6;1;3;61;0, AVENUE DE LATTRE DE T;M;4343235;674949;830
201400036635;14;5;12;1735;1;2;1;1;2;118;AVENUE GENERAL LECLERC;M;4342785;676628;830
201400036636;14;5;18;1517;1;1;1;1;3;61;D37;;;;830
201400036637;14;5;14;1536;1;2;1;1;7;61;1464, AV DE TASSIGNY;M;4342942;676025;830
201400036638;14;6;6;1555;1;1;1;1;6;118;0, ROUTE DES GOLFS;M;4345027;682097;830
201400036639;14;6;15;1704;1;1;1;1;6;61;0, N98;;;;830
201400036640;14;5;23;1455;1;2;1;1;6;61;LE FREJUS;;;;830
201400036641;14;6;22;835;1;1;1;1;3;61;0, RN7;;;;830
201400036642;14;7;2;1125;1;1;1;1;7;61;0, D4;;;;830
201400036643;14;5;18;829;1;2;1;1;6;61;469, BD DE LA LIBERATION;;;;830
201400036644;14;7;3;2300;3;1;1;1;7;107;620, D8;;;;830
201400036645;14;5;18;1730;1;1;1;1;1;61;AVE DU CORPS EXPEDITIONN;;;;830
201400036646;14;7;9;1657;1;2;2;1;1;61;AV DE LA CORNICHE D'AZU;;;;830
201400036647;14;7;22;140;5;2;6;1;6;61;0, ROND-POINT DE LA GEND;;;;830
201400036648;14;6;11;855;1;2;4;1;2;118;0, BOULEVARD REMI BELLEA;M;4342821;679097;830
201400036649;14;7;30;1845;1;2;1;1;7;118;146, RUE CHARLES GOUJON;M;4341716;680760;830
201400036650;14;8;15;1655;1;2;1;1;1;61;0, AVENUE HENRI GIRAUD;;;;830
201400036651;14;8;31;1026;1;1;1;1;6;61;RN7;;;;830
201400036652;14;9;9;1130;1;2;1;1;3;61;RN7;;;;830
201400036653;14;9;20;1445;1;1;1;1;5;61;RN7;;;;830
201400036654;14;9;25;1230;1;1;1;1;3;118;BOULEVARD EUGENE BRIEUX;;;;830
201400036655;14;10;4;1310;1;1;1;1;6;118;575, AVENUE DU GRATADIS;;;;830
201400036656;14;10;19;1740;1;2;1;1;6;61;RUE MARCEL PAGNOL;M;4343163;676223;830
201400036657;14;9;25;1440;1;2;3;1;3;118;RUE DE LA SOLEILLETTE;M;4342909;677154;830
201400036658;14;10;3;1025;1;2;1;1;6;118;AVENUE GENERAL LECLERC;M;4342312;674543;830
201400036659;14;10;3;1430;1;2;1;1;3;61;319, AVE DU GEN CALLIES;;;;830
201400036660;14;11;7;1125;1;2;1;1;6;118;AVENUE GENERAL LECLERC;M;4342342;674604;830
201400036661;14;11;13;1030;1;2;1;1;6;61;0, AVENUE LOUIS CASTILLO;;;;830
201400036662;14;10;10;1615;1;2;3;1;6;118;ROUTE DE LA CORNICHE;;;;830
201400036663;14;12;1;1843;4;2;1;2;6;118;195, BD RAYMOND POINCARE;;;;830
201400036664;14;12;13;1050;1;1;1;8;6;61;RN7;;;;830
201400036665;14;12;17;915;1;2;1;1;6;118;0, AVENUE DE VALESCURE;;;;830
201400036666;14;1;17;1615;1;2;1;1;6;69;1, GARE ( RUE DE LA);M;4310904;612490;830
201400036667;14;1;25;1215;1;2;3;1;3;69;BROSSOLETTE (RUE PIERRE);M;4311707;612773;830
201400036668;14;2;4;1725;1;1;1;8;3;69;3301, LOUBES (ROUTE DES);;;;830
201400036669;14;2;6;1735;2;2;1;1;3;69;FRONT DE MER (BOULEVARD);;;;830
201400036670;14;2;8;530;3;1;1;1;6;69;1, NICE (ROUTE DE);;;;830
201400036671;14;2;23;1030;1;1;9;1;3;69;ALMANARRE (ROUTE DE L');;;;830
201400036672;14;2;28;700;5;1;1;1;6;69;ALMANARRE (ROUTE DE L');;;;830
201400036673;14;4;2;1330;1;2;1;1;3;69;15, GODILLOT  ( AVENUE A;;;;830
201400036674;14;8;12;2330;3;1;1;1;7;69;PIERREFEU (ROUTE DE) RD;;;;830
201400036675;14;3;29;1505;1;1;1;6;1;34;1, AVENUE DE FONT BRUN;M;4308688;609127;830
201400036676;14;1;12;1110;1;1;1;1;5;69;MARAIS ( ROUTE DES );;;;830
201400036677;14;4;8;1930;1;2;1;1;1;69;488, CRAU (ROUTE DE LA );;;;830
201400036678;14;4;15;830;1;2;1;1;6;69;2BIS, MASSEL (RUE JULES);;;;830
201400036679;14;4;18;525;3;1;1;1;6;69;PIERREFEU (ROUTE DE) RD;;;;830
201400036680;14;4;22;1;5;2;1;1;7;69;OLBIA  (VOIE);;;;830
201400036681;14;4;26;1440;1;2;1;1;6;69;1, MOULIN PREMIER (CHEMI;;;;830
201400036682;14;5;4;1120;1;1;1;1;5;69;2915, LOUBES (ROUTE DES);;;;830
201400036683;14;5;9;315;3;1;1;1;6;69;1, REAL MARTIN (ROUTE DU;;;;830
201400036684;14;4;17;1640;1;2;1;6;2;69;1, OLBIA  (VOIE);;;;830
201400036685;14;5;18;500;5;2;6;1;6;34;CD559;;;;830
201400036686;14;5;18;1210;1;1;1;1;6;69;10289, PIERREFEU (ROUTE;;;;830
201400036687;14;5;30;1330;1;2;1;7;2;69;OLBIA  (VOIE);;;;830
201400036688;14;6;8;320;5;2;6;1;7;69;2942, GIENS (ROUTE DE );;;;830
201400036689;14;6;23;1700;1;2;2;1;3;69;GODILLOT  ( AVENUE ALEXI;;;;830
201400036690;14;6;28;520;5;1;1;1;7;34;1520, ROUTE DES 3 PINS;;;;830
201400036691;14;7;21;1350;1;2;1;1;3;69;OLBIA  (VOIE);;;;830
201400036692;14;7;25;1130;1;1;1;1;3;69;1374, NICE (ROUTE DE);;;;830
201400036693;14;7;23;1850;1;2;1;1;3;69;OLBIA  (VOIE);;;;830
201400036694;14;7;26;2040;3;1;1;1;5;34;;;;;830
201400036695;14;7;29;1935;1;2;1;6;6;69;1, RASCASSE (RUE DE LA);M;4311782;620269;830
201400036696;14;8;1;1535;1;2;1;1;3;69;6, VILETTE (CHEMIN DE LA;;;;830
201400036697;14;7;31;650;2;2;1;1;6;69;1703, MADRAGUE (RTE DE);M;4304180;613313;830
201400036698;14;8;21;1840;1;2;1;1;2;69;85, TOULON RD 554 (AVENU;;;;830
201400036699;14;9;10;845;1;1;1;1;6;69;37, SEL (ROUTE DU);M;4307791;612662;830
201400036700;14;9;22;1845;1;1;2;1;3;69;NICE (ROUTE DE);;;;830
201400036701;14;9;25;1500;1;1;1;1;3;69;680, ALMANARRE (ROUTE DE;;;;830
201400036702;14;9;27;437;5;2;1;1;1;69;305, NIEPCE ( RUE NICEPH;M;4310220;614273;830
201400036703;14;11;5;1830;5;2;1;1;6;69;10 bis, LYAUTEY (AVENUE);M;4311912;612964;830
201400036704;14;11;22;1755;5;1;1;1;4;69;1914, AEROPORT (AVENUE D;;;;830
201400036705;14;7;14;2320;3;1;1;1;5;69;GIENS (ROUTE DE );;;;830
201400036706;14;1;2;1755;5;2;1;1;3;129;0, CROS (CORNICHE DU);;;;830
201400036707;14;1;10;1615;1;2;3;1;3;123;237, GARE (ROUTE);;;;830
201400036708;14;1;3;1145;1;2;1;1;6;129;100 BIS, REPUBLIQUE (AVE;;;;830
201400036709;14;1;14;1845;5;2;9;1;6;129;TRAITE DE L'ELYSEE (RP);;;;830
201400036710;14;1;13;1010;1;2;6;1;3;9;MARSEILLE (BD DE);M;4314192;574802;830
201400036711;14;1;21;1640;1;2;9;7;6;123;68, GARE (ROUTE);;;;830
201400036712;14;2;5;1815;5;2;1;8;6;129;67, DE LATTRE DE TASSIGN;;;;830
201400036713;14;2;7;2135;5;2;1;1;6;129;1742, MER (AVENUE DE LA);;;;830
201400036714;14;2;11;700;1;2;6;1;6;129;399, JUIN MARECHAL (AV);;;;830
201400036715;14;2;11;1400;1;2;1;1;6;9;470, LIBERATION (AV DE);M;4313940;576669;830
201400036716;14;2;20;820;1;2;1;7;6;123;309, BANDOL (ROUTE DE);;;;830
201400036717;14;2;22;420;5;2;1;1;6;129;CROS (CORNICHE DU);;;;830
201400036718;14;2;23;845;1;1;6;1;2;9;ARMEE D'AFRIQUE (RP);;;;830
201400036719;14;3;1;440;3;2;1;1;6;123;1868, BANDOL (ROUTE);;;;830
201400036720;14;3;8;1915;5;2;1;1;3;9;Rue du docteur FABRE;M;4313531;575329;830
201400036721;14;3;10;1800;1;2;3;1;3;9;165, ONZE NOVEMBRE 1945;M;4313739;575224;830
201400036722;14;3;12;1400;1;2;6;1;6;129;702, MARECHAL JUIN  (AV);;;;830
201400036723;14;3;24;1435;1;2;1;1;2;129;1360, LAENNEC (AVENUE DE;;;;830
201400036724;14;3;25;1730;1;2;1;1;2;129;FONT VERT (MO ET BLE);M;4311268;581237;830
201400036725;14;3;28;830;1;2;6;1;3;129;MARECHAL JUIN (AV DU);;;;830
201400036726;14;4;14;1620;1;2;1;1;3;129;1884, MER (AVENUE DE LA);;;;830
201400036727;14;4;12;830;1;2;6;1;3;129;584, RAYNAUD (AVENUE JOS;;;;830
201400036728;14;4;19;1935;1;2;3;1;6;129;401, LAENNEC (AVENUE DE);;;;830
201400036729;14;4;19;1810;1;2;1;1;3;123;TOURELLE (CHEMIN de la);M;4313836;580433;830
201400036730;14;4;20;2155;5;2;1;1;1;123;867, L'HUIDE (CHEMIN DE);M;4312751;579937;830
201400036731;14;4;29;1500;1;2;1;1;3;129;58, ROUMANILLE (AVENUE);M;4309256;582339;830
201400036732;14;5;4;320;5;2;1;1;6;123;GARE (ROUTE);;;;830
201400036733;14;5;15;1210;1;2;1;1;2;129;1, MICOCOULIERS (ALLEE D;;;;830
201400036734;14;6;3;1820;1;2;1;1;6;129;1735, MER (AVENUE DE LA);;;;830
201400036735;14;6;7;2345;5;2;6;1;3;129;702, JUIN MARECHAL (AV D;;;;830
201400036736;14;6;11;2330;5;2;1;1;6;9;750, BEAUSSET (ROUTE DU);;;;830
201400036737;14;6;12;955;1;2;1;1;1;129;183, NEGADOUX (CHEMIN DE;M;4310954;584296;830
201400036738;14;6;19;635;2;2;3;1;3;129;ECOLES (BD DES);M;4311203;581309;830
201400036739;14;6;24;1410;1;1;1;1;3;123;4691, TOULON (ANCIEN CHE;M;4314335;577472;830
201400036740;14;7;1;1330;1;2;1;1;1;123;160, EUROPE UNIE (AVENUE;;;;830
201400036741;14;7;6;1115;1;2;1;1;6;123;ESTIENNE D'ORVES (BD);M;4311639;580343;830
201400036742;14;7;17;1740;1;2;1;1;1;9;BEAUSSET (ROUTE DU);;;;830
201400036743;14;8;1;40;5;2;1;1;3;9;296, 11 NOVEMBRE 1918;M;4313824;575145;830
201400036744;14;8;1;1640;1;2;1;1;6;123;356, 2 SPAHIS (AV du);M;4312126;580494;830
201400036745;14;8;4;2030;1;2;6;1;3;129;617, MER (AVENUE DE LA);M;4309837;582774;830
201400036746;14;8;9;1855;1;2;3;1;6;129;282, MER (AVENUE DE LA);;;;830
201400036747;14;8;18;1410;1;2;1;1;5;9;ONZE NOVEMBRE 1945 (AV D;M;4313822;575144;830
201400036748;14;8;23;2140;5;2;1;1;2;9;BEAUSSET (ROUTE DU);;;;830
201400036749;14;8;29;2330;3;2;3;1;1;123;BANDOL (ROUTE)N? PAIRS;;;;830
201400036750;14;9;4;855;1;2;1;1;3;129;554, NEGADOUX (CHEMIN DE;M;4311270;584247;830
201400036751;14;9;6;1925;1;2;1;1;6;9;DE GAULLE (QUAI CHARLES);M;4313661;575888;830
201400036752;14;9;21;945;1;2;1;1;2;129;183, MER (AVENUE DE LA);;;;830
201400036753;14;9;27;6;5;2;1;1;6;123;297, EUROPE UNIE (AVENUE;;;;830
201400036754;14;10;2;1305;1;2;6;1;2;129;JUIN MARECHAL (AV DU);;;;830
201400036755;14;10;1;1400;1;1;1;1;6;9;164, PIERREPLANE (BD DE);M;4313749;574594;830
201400036756;14;10;3;1700;1;2;1;1;2;123;1399, BANDOL (ROUTE);;;;830
201400036757;14;10;7;1955;4;2;3;1;3;9;ROUTE DE BANDOL;M;0;0;830
201400036758;14;10;16;800;1;2;1;1;7;123;VIGNES (ALLEE);M;4311924;581170;830
201400036759;14;10;23;1220;1;2;1;1;3;123;310-312, MARECHAL LECLER;M;4311859;579752;830
201400036760;14;10;29;120;3;2;1;1;6;123;1355, TOURELLE (CHEMIN);M;4313778;581009;830
201400036761;14;11;2;900;1;2;6;1;3;129;EMMENNINGEN (ROND POINT;;;;830
201400036762;14;11;3;900;1;2;1;1;6;129;595, DE GAULLE (PROMENAD;;;;830
201400036763;14;11;7;1815;5;2;1;1;6;9;ROUTE DE BANDOL;;;;830
201400036764;14;11;9;355;5;2;1;2;6;9;220, DANTON (RUE);M;4313962;575322;830
201400036765;14;11;6;1150;1;2;1;1;3;129;968, LAENNEC (AVENUE DE);;;;830
201400036766;14;11;12;1330;1;2;3;8;7;123;893, GARE (RTE);;;;830
201400036767;14;11;6;1550;1;2;1;1;6;129;1, LAENNEC (AVENUE DE) N;;;;830
201400036768;14;11;16;2350;5;2;1;1;7;123;2195, BANDOL (ROUTE);;;;830
201400036769;14;11;15;2315;5;2;1;1;5;129;501, SOLVIOU (CORNICHE);;;;830
201400036770;14;12;9;1320;1;2;1;1;6;129;333, FARAUD LOUIS (BD ET;M;4309685;583821;830
201400036771;14;12;14;1450;1;2;1;1;7;129;683, LERY (BOULEVARD DE);M;4311496;584887;830
201400036772;14;12;17;2030;5;2;1;1;2;129;202, CROS DE BOYER (RUE);M;4310888;582159;830
201400036773;14;12;23;1710;5;2;1;1;6;123;131, DEUXIEME SPAHIS (AV;M;4312001;580250;830
201400036774;14;12;31;1440;1;2;1;1;3;129;750, DE GAULLE (PROMENAD;;;;830
201400036775;14;1;2;1550;1;2;2;1;3;126;65, GAGARINE (AV YOURI);;;;830
201400036776;14;1;24;1820;3;2;1;1;3;126;LAGOUBRAN AUX PLAYES (CH;;;;830
201400036777;14;1;30;1600;1;2;1;3;1;126;Ytzhak RABIN - D63;;;;830
201400036778;14;2;11;850;1;2;1;1;6;126;LAMARQUE (AV JEAN ALBERT;;;;830
201400036779;14;2;13;1825;3;2;6;1;6;126;ECHANGEUR D'OLLIOULES;M;4312037;585307;830
201400036780;14;2;20;1555;1;2;6;7;3;126;MERLE (BD TOUSSAINT);M;4310128;589182;830
201400036781;14;3;9;1545;1;2;2;1;3;126;MERLE (BD TOUSSAINT);M;4310012;588523;830
201400036782;14;3;14;745;1;2;3;1;6;126;GOUNOD (RUE CHARLES);M;4310191;587629;830
201400036783;14;3;22;2030;5;2;1;2;5;126;PERI (QUAI GABRIEL);M;4310101;588286;830
201400036784;14;3;26;1925;5;2;1;1;1;126;655, ALLENDE (AV);;;;830
201400036785;14;4;4;1735;1;2;1;1;6;126;LAMARQUE (AV JEAN ALBERT;;;;830
201400036786;14;4;4;1322;1;2;1;1;6;126;Ytzhak Rabin - D18;;;;830
201400036787;14;4;12;2155;5;2;3;1;3;126;450, ALLENDE (AV. SALVAD;;;;830
201400036788;14;5;5;100;5;2;6;1;6;126;300, GIOVANNINI (CORN);M;4310235;589714;830
201400036789;14;5;16;1633;1;2;1;1;3;126;135, DE GAULLE (AV CHARL;;;;830
201400036790;14;7;3;1927;1;2;1;1;2;126;MERLE (BD TOUSSAINT);M;4310060;588798;830
201400036791;14;7;3;830;2;2;1;7;2;126;BRUN (AV ROBERT);M;4311628;587264;830
201400036792;14;7;4;150;5;2;1;1;7;126;732, ANCIENS COMBATANTS;;;;830
201400036793;14;7;19;2015;1;2;1;1;3;126;1014, RENOIR (AV AUGUSTE;;;;830
201400036794;14;7;31;1115;1;2;1;1;6;126;380, LAMARQUE (AV JEAN A;M;4310996;586005;830
201400036795;14;9;2;835;1;2;2;1;3;126;Ytzhak RABIN - D63;M;4311227;586601;830
201400036796;14;9;6;1805;1;2;1;1;7;126;DONICARDE (CHEMIN DE);M;4309551;586559;830
201400036797;14;9;14;1430;1;2;1;1;1;126;LA SEYNE A BASTIAN (CHEM;M;4308863;585968;830
201400036798;14;10;6;950;1;2;1;1;3;126;BRUN (AV ROBERT);M;4311787;585451;830
201400036799;14;10;16;1102;1;2;1;1;2;126;0, MAUVEOU (CHEMIN DE);M;4308508;586651;830
201400036800;14;10;29;1240;1;2;1;1;1;126;GENDARMES D'OUVEA ( ROUT;;;;830
201400036801;14;10;31;2310;5;2;1;1;6;126;93, ARMANDO (AV. ESPRIT);M;4309855;589745;830
201400036802;14;11;2;2020;5;2;1;1;7;126;317, PACHA (CORNICHE MIC;M;4309343;590645;830
201400036803;14;12;16;1805;3;2;1;1;6;153;MARIE FLICHE BERGIS (AV);M;4307457;590955;830
201400036804;14;12;17;1130;1;2;1;1;6;126;291, Pablo Neruda;;;;830
201400036805;14;12;13;940;1;2;1;1;3;126;ALLENDE (AV. SALVADOR);;;;830
201400036806;14;1;1;140;5;2;1;1;5;137;0, BIR-HAKEIM (ROND POIN;;;;830
201400036807;14;1;3;1915;5;2;1;1;6;137;BLERIOT (AVE LOUIS);M;4314087;591053;830
201400036808;14;1;15;35;5;2;1;1;6;137;286, ABEL (BD J-B);M;4311639;596452;830
201400036809;14;1;8;815;1;2;1;1;3;137;SAINTE CLAIRE DEVILLE (R;M;4312674;597668;830
201400036810;14;1;9;1635;1;2;1;1;6;137;REPUBLIQUE (AVE DE LA);M;4312031;593215;830
201400036811;14;1;10;2020;5;2;1;1;6;137;BERNARD (RUE  LT COLONEL;M;4312786;591431;830
201400036812;14;1;15;1650;1;2;1;1;6;137;STRASBOURG (BD DE );;;;830
201400036813;14;1;16;730;5;2;1;3;6;137;RUE ST BERNARD;M;4312216;593675;830
201400036814;14;1;16;1845;5;2;3;3;6;137;BERTHIER (RUE);M;4312412;595209;830
201400036815;14;1;17;1535;1;2;1;1;6;62;FRERES LUMIERES (RUE DES;M;4314117;603166;830
201400036816;14;1;20;1845;3;1;1;8;6;62;PLANTADES (CHEMIN DES);M;4314294;602258;830
201400036817;14;1;20;2300;5;2;2;1;3;62;1, PAIX (AVENUE DE LA);;;;830
201400036818;14;1;21;835;1;2;1;1;2;144;LUMIERE (AVE DES FRERES);M;4313623;600015;830
201400036819;14;1;21;1600;1;2;3;1;6;144;254, DEBUSSY (RUE CLAUDE;M;4313152;598848;830
201400036820;14;1;17;830;1;2;1;2;6;137;846, PICOT (AVE DU COL);;;;830
201400036821;14;1;25;1120;1;2;1;1;4;98;MOULIN (AVENUE JEAN);M;4311025;601658;830
201400036822;14;1;27;1430;1;2;1;1;3;144;DEPARTEMENTALE 46 (CHEMI;;;;830
201400036823;14;1;18;1900;4;2;2;8;7;137;GASSENDI (BD);M;4312034;594908;830
201400036824;14;1;24;1830;5;2;1;1;3;137;621, JOFFRE (BD);;;;830
201400036825;14;2;8;1145;1;1;1;1;2;62;DE LATTRE DE TASSIGNY (A;;;;830
201400036826;14;2;13;1655;1;2;1;1;2;98;GEN BROSSET (AV du);;;;830
201400036827;14;2;12;1745;1;2;1;1;3;137;0, BROSSET (BD GENERAL);;;;830
201400036828;14;2;15;1405;1;2;1;8;6;137;48, FOCH (AVENUE);;;;830
201400036829;14;1;21;1115;1;2;1;1;4;137;PICOT (AVE DU COLONEL);;;;830
201400036830;14;1;29;1930;5;2;1;1;6;137;0, PORT MARCHAND;M;4311242;593203;830
201400036831;14;2;5;1500;1;2;1;2;2;137;0, BRIAND (AVE ARISTIDE;;;;830
201400036832;14;2;16;1420;1;2;1;1;7;137;BONNIER (BD INGENIEUR);M;4314426;590624;830
201400036833;14;2;22;1105;1;2;1;1;6;137;173, LECLERC (BD GEN);;;;830
201400036834;14;2;20;1945;5;1;4;1;2;137;1130 AV DES MOULINS;M;4314589;591237;830
201400036835;14;2;28;700;1;2;1;1;3;62;DIGNE (AVENUE DE );M;4314451;603323;830
201400036836;14;3;10;900;1;2;1;1;6;137;20, COURBET (ALL AMIRAL);M;4312418;592704;830
201400036837;14;2;23;1445;1;2;2;1;3;137;DARDANELLES (AVE DES);;;;830
201400036838;14;3;5;1818;1;2;1;1;3;137;ROOSEVELT (AVE FRANKLIN);M;4312082;594030;830
201400036839;14;2;27;1715;1;2;1;1;3;137;608 TRIBUS COMMONI (RTE);;;;830
201400036840;14;3;4;1620;1;2;1;1;3;144;GIRAUD (RUE);M;4313493;598100;830
201400036841;14;3;7;1820;2;2;1;1;6;62;BECQUEREL (AVE ANTOINE);M;4313841;603308;830
201400036842;14;3;8;650;3;2;1;1;6;144;1300, TOURRIS (RTE);;;;830
201400036843;14;3;12;1605;1;2;9;1;6;137;0, BLACHE (PLACE NOEL);;;;830
201400036844;14;3;14;1220;1;2;1;1;3;137;0, BRIAND (AVE ARISTIDE;;;;830
201400036845;14;3;14;2020;5;2;3;1;3;137;452, CUZIN (AVE FRANCOIS;;;;830
201400036846;14;3;17;1410;1;2;1;1;3;90;FAVEYROLLES (CHEMIN DE);M;4313189;587548;830
201400036847;14;3;18;1415;1;2;1;1;2;62;213, NOUVEAU PIGEONNIER;M;4312406;601432;830
201400036848;14;3;23;220;5;2;3;1;3;137;MIRASOULEOU (ROND P);M;4313286;598182;830
201400036849;14;3;21;1330;1;2;2;1;3;137;Dr BARROIS (RUE DU);M;4312917;594551;830
201400036850;14;3;24;2000;5;2;3;1;3;137;HERRIOT (AVE EDOUARD);;;;830
201400036851;14;3;21;1200;1;2;1;1;6;137;845, HERRIOT (AV );;;;830
201400036852;14;3;23;1715;1;2;1;6;5;62;640, RABASSON (CHEM DE);M;4312788;602201;830
201400036853;14;3;25;1005;1;2;1;1;2;144;0, BLANC (BD DR EUGENE);;;;830
201400036854;14;3;28;1515;1;2;1;1;5;144;40, Avenue FABIE;M;4313772;598085;830
201400036855;14;3;27;830;1;2;1;1;6;137;ISLY (RUE D');M;4312882;591484;830
201400036856;14;4;1;1415;1;2;1;1;3;62;121, DELAGE (RUE MARC);M;4312491;600766;830
201400036857;14;4;1;1600;1;1;1;8;3;62;BICENTENAIRE (AV);M;4313556;602321;830
201400036858;14;4;3;1340;1;2;7;1;6;137;TRIBUNAL (TGI);;;;830
201400036859;14;4;3;2230;5;2;1;1;3;137;133, BROSSET (BD GENERAL;;;;830
201400036860;14;3;31;1145;1;2;1;1;3;137;637, MISTRAL (LITTORAL);M;4310805;593996;830
201400036861;14;4;9;1200;1;2;1;1;6;137;DARDANELLES (AVE DES);M;4312793;592244;830
201400036862;14;4;7;1330;1;2;3;1;6;137;54bis, STRASBOURG (BD DE;;;;830
201400036863;14;4;12;530;3;1;1;1;6;90;1915, SANARY (ROUTE DE);;;;830
201400036864;14;4;11;1805;1;2;3;1;2;62;PLANTADES (CHEMIN DES);M;4314118;602991;830
201400036865;14;4;5;1320;1;2;6;1;3;90;CAGNARDE (ROND POINT DE;M;4312724;587767;830
201400036866;14;4;8;1730;1;2;1;1;6;137;557, PICOT (AV DU COL);;;;830
201400036867;14;4;17;1110;1;2;1;1;6;137;0, JUIN (AVE ALPHONSE);;;;830
201400036868;14;4;19;925;1;2;9;2;4;137;MARCHAND (AVE COMMANDANT;M;4312443;593739;830
201400036869;14;4;20;500;5;2;9;1;6;137;BRIAND (AVE ARISTIDE DE;;;;830
201400036870;14;4;18;1230;1;2;1;1;3;90;358, FAVEYROLLES (ROUTE;;;;830
201400036871;14;4;18;1705;1;2;1;1;1;137;BRIAND (AVE ARISTIDE DE;;;;830
201400036872;14;4;19;1845;1;2;1;1;5;137;641, SAINTE CLAIRE DEVIL;M;4312870;598047;830
201400036873;14;4;18;1240;1;2;1;1;3;137;HERRIOT (AVE EDOUARD);;;;830
201400036874;14;4;19;1955;1;1;3;1;1;90;0, SANARY (ROUTE DE);;;;830
201400036875;14;4;27;1515;1;2;1;1;6;137;0, DOUAUMONT (PLACE);M;4312133;593821;830
201400036876;14;4;27;2225;5;2;3;1;3;137;BRIAND (AVE ARISTIDE;M;4312125;589361;830
201400036877;14;4;29;1500;1;2;1;1;6;98;892, DE LATTRE DE TASS;M;4311484;593879;830
201400036878;14;5;3;1650;1;2;1;1;6;137;462, SIBLAS (AVE DE BAS;M;4313027;593779;830
201400036879;14;4;30;1030;1;1;1;1;4;90;0, SANARY (ROUTE DE);;;;830
201400036880;14;4;26;1500;1;2;2;1;3;137;0, DARDANELLES (AVE DES);M;4312848;592445;830
201400036881;14;4;27;720;1;2;1;1;6;137;PICOT (AVE DU COLONEL);;;;830
201400036882;14;5;7;1530;1;2;1;1;6;137;85, VAUBAN (AVE);M;4312754;592919;830
201400036883;14;5;13;1440;1;2;1;1;5;137;CARNOT (AVE LAZARE);M;4312821;592462;830
201400036884;14;5;18;630;1;2;2;1;3;137;STRASBOURG (BD DE );;;;830
201400036885;14;5;16;810;1;2;1;1;3;62;0, PREMIER (BAT.INF.DU P;M;4301332;601714;830
201400036886;14;5;17;1800;1;1;1;1;6;144;GRAND VAR (PARKING);M;4314162;601561;830
201400036887;14;5;17;2215;5;2;2;1;3;144;MIRASOULEOU (AVE);M;4313468;597899;830
201400036888;14;5;19;1000;1;2;1;2;3;144;0, MIRASOULEOU (AVE);M;4313252;598212;830
201400036889;14;5;15;1900;1;1;3;1;2;144;0, NATIONALE 97 (ROUTE);;;;830
201400036890;14;5;22;1;5;2;2;1;1;137;122, VAUBAN (AVE);M;4312670;592888;830
201400036891;14;5;21;1435;1;2;1;1;1;98;543, GANZIN (AVENUE DE);;;;830
201400036892;14;5;11;1645;1;1;1;1;3;90;0, GORGES (ROUTE DES);;;;830
201400036893;14;5;26;830;1;2;1;1;6;137;224, FONTAN (AVE DU DOCT;M;4313191;591887;830
201400036894;14;5;28;825;1;1;1;1;1;62;PLANTADES (CHEMIN DES);M;4314115;601977;830
201400036895;14;5;28;2015;1;2;1;1;2;137;0, BRIAND (AVE ARISTIDE;M;4312021;589001;830
201400036896;14;6;2;1415;1;2;9;1;2;137;0, PICOT (AVE DU COLONEL;;;;830
201400036897;14;5;24;2048;5;2;1;1;2;137;214, LOUBIERE (CHE DE LA;M;4312704;594221;830
201400036898;14;6;2;1950;1;2;1;1;3;137;1845, TIRAILLEURS SENEGA;M;4310921;593126;830
201400036899;14;6;3;1500;1;2;1;1;6;137;0, MOULIN (AVE JEAN);M;4312520;592833;830