num_acc;an;mois;jour;hrmn;lum;agg;int;atm;col;com;adr;gps;lat;long;dep
201400036900;14;5;4;25;5;2;1;1;6;137;24, GAMBETTA (PLACE);M;4312123;593139;830
201400036901;14;5;6;1645;1;2;1;1;2;137;528, VAL D'ARDENE (ROUTE;M;4315989;592426;830
201400036902;14;5;13;830;1;1;1;1;3;90;0, SANARY (ROUTE DE);;;;830
201400036903;14;5;18;1530;1;2;2;1;3;137;GORLIER (RUE);M;4312952;591289;830
201400036904;14;6;7;1945;1;2;3;1;3;137;454, PICOT (AVE DU COLON;;;;830
201400036905;14;5;27;1900;1;2;1;1;2;144;LIBERATION (AVE DE LA);;;;830
201400036906;14;5;30;2000;2;2;1;1;6;137;0, MONTSERRAT (RUE / LOT;M;4314303;588622;830
201400036907;14;6;11;1730;1;2;1;1;3;62;0, DRAGUIGNAN (AVENUE DE;;;;830
201400036908;14;6;17;1450;1;2;1;1;3;137;PUY (RUE DOCTEUR LOUIS);M;4312196;593908;830
201400036909;14;6;13;1830;1;1;1;1;3;137;0, JUIN (AVE ALPHONSE);;;;830
201400036910;14;6;18;715;1;2;6;1;3;137;ESCARTEFIGUE (CORNICHE);M;4313522;597742;830
201400036911;14;6;18;1815;1;2;1;1;3;137;0, RAGEOT DE LA TOUCHE (;M;4312765;592433;830
201400036912;14;6;19;1245;1;1;1;1;3;90;CHEMIN DE LA CAGNARDE;;;;830
201400036913;14;6;20;1630;1;1;6;1;3;90;0, SEYNE (ROUTE DE LA);;;;830
201400036914;14;6;23;620;1;2;2;1;3;137;0, MALON (AVE BENOIT);M;4312326;595512;830
201400036915;14;6;27;700;1;2;1;1;1;137;ESCARTEFIGUE (CORNICHE D;M;4313532;593391;830
201400036916;14;6;22;1930;1;1;1;1;5;90;GORGES (ROUTE DES);;;;830
201400036917;14;7;6;1120;1;2;4;1;3;137;ROUTES (AVE DES);;;;830
201400036918;14;7;7;1350;1;2;1;1;4;137;BIR-HAKEIM (ROND POINT);M;4312147;594073;830
201400036919;14;7;10;245;5;2;1;1;6;137;0, MARCHAND (AVE COMMAND;M;4312409;593780;830
201400036920;14;7;10;1026;1;2;1;1;6;144;LECLERC (BD MARECHAL);M;4313614;598611;830
201400036921;14;7;15;855;1;2;3;1;6;137;0, NICOLAS (BD COMMANDAN;M;4312927;592899;830
201400036922;14;6;26;1630;1;2;1;1;3;137;0, BROSSET (BD GENERAL);;;;830
201400036923;14;7;12;1515;1;1;1;7;5;90;0, SANARY (ROUTE DE);;;;830
201400036924;14;7;16;1150;1;2;2;1;3;62;BARBUSSE (AV HENRI);M;4312784;592229;830
201400036925;14;7;17;1620;1;2;1;1;2;144;UNIVERSITE (AVE DE L');M;4313763;601028;830
201400036926;14;7;21;1900;1;1;1;1;7;62;297, DIGNE (AVENUE DE );M;4314670;603497;830
201400036927;14;7;9;1255;1;2;1;1;6;137;0, JOURDAN (RUE LOUIS);M;4312344;593054;830
201400036928;14;7;15;1740;1;2;3;1;1;137;0, DE LATTRE DE TASSIGNY;M;4311517;593851;830
201400036929;14;6;28;540;2;2;1;1;7;62;QUATRE CHEMINS;M;4313594;602504;830
201400036930;14;7;23;1425;1;2;3;1;5;144;CURIE (AVE / IMP PIERRE;M;4313544;599840;830
201400036931;14;7;25;1730;1;2;1;1;6;137;2, ISNARD (TRAV CHARLES);M;4312392;595149;830
201400036932;14;7;28;57;5;2;2;1;3;62;ROUTE NATIONALE 98;;;;830
201400036933;14;8;1;1830;1;2;1;1;1;62;1015, BARAROUX (CH DE);M;4312926;603991;830
201400036934;14;8;3;1345;1;2;1;1;6;137;29, FISQUET (BD);M;4313374;591461;830
201400036935;14;8;5;1845;1;2;1;1;6;137;85, JOFFRE (BD MARECHAL);;;;830
201400036936;14;8;5;1850;1;2;1;1;3;137;SAINTE CLAIRE DEVILLE (R;M;4312877;598170;830
201400036937;14;8;7;1015;1;2;1;1;7;137;0, RESISTANCE (AVE / IMP;;;;830
201400036938;14;8;7;1100;1;2;3;1;3;137;0, BRIAND (AVE ARISTIDE;M;4312125;589361;830
201400036939;14;8;8;1730;1;1;1;1;6;144;180, TREMOLIERE (AVE);M;4313647;598147;830
201400036940;14;8;9;1630;1;2;1;1;6;98;131, HERMINIER (BD DU CO;;;;830
201400036941;14;8;13;1620;1;2;1;1;4;90;491, NATIONALE 8 (ROUTE);;;;830
201400036942;14;8;15;1140;1;2;3;1;3;137;207, GOURAUD (AVE GENERA;;;;830
201400036943;14;8;11;1440;1;2;1;1;3;137;398, 15EME CORPS (AVE DU;;;;830
201400036944;14;8;16;750;1;2;1;1;7;137;2347, GASQUET (AVE JOSEP;;;;830
201400036945;14;7;31;1035;1;2;5;1;6;137;0, BLACHE (PLACE NOEL);;;;830
201400036946;14;8;12;1530;1;1;1;1;3;90;955, GORGES (ROUTE DES);;;;830
201400036947;14;8;20;450;5;2;1;1;3;137;0, BIR-HAKEIM (ROND POIN;M;4312163;594117;830
201400036948;14;8;22;1720;1;2;1;1;3;137;2, NICE (ROUTE DE);;;;830
201400036949;14;8;23;1415;1;2;1;1;3;137;1628, GASQUET (AVE JOSEP;;;;830
201400036950;14;8;26;118;5;2;1;1;1;137;MARCHAND (AVE COMMANDANT;M;4312461;593776;830
201400036951;14;8;26;1820;1;2;1;1;6;137;0, RIGOUMEL (CHEMIN DE);M;4314420;590634;830
201400036952;14;8;27;940;1;2;4;1;3;62;0, PREMIER (BAT.INF.DU P;;;;830
201400036953;14;8;22;750;1;2;1;1;7;90;0, NATIONALE 8 (ROUTE);;;;830
201400036954;14;8;27;2035;4;2;1;1;6;137;0, TOESCA (BD PIERRE);M;4312813;592911;830
201400036955;14;8;28;1855;1;1;4;1;2;62;0, QUATRE (CHEMIN);;;;830
201400036956;14;8;27;1755;1;2;1;1;3;137;BONAPARTE (ROND POINT DU;M;4311770;593594;830
201400036957;14;9;3;1445;1;2;1;1;3;62;PAIX (AVENUE DE LA);;;;830
201400036958;14;8;28;1915;1;2;2;1;2;137;577, GOURAUD (AVE GENERA;;;;830
201400036959;14;9;6;50;4;1;1;1;6;62;0, LURCAT (AVENUE ANDRE);M;4313881;602134;830
201400036960;14;9;7;1600;1;2;6;1;6;137;CAMUS (AVE ALBERT);M;4313143;588191;830
201400036961;14;9;1;1340;1;2;1;1;3;137;PICOT (AVE DU COLONEL);;;;830
201400036962;14;9;11;1910;1;2;1;1;2;137;0, WEYGAND (AVE GENERAL);;;;830
201400036963;14;8;20;1630;1;2;1;1;6;137;0, PICOT (AVE DU COLONEL;;;;830
201400036964;14;9;11;1835;1;1;1;1;4;90;0, MONNET (AVE JEAN);;;;830
201400036965;14;9;12;745;1;2;3;1;3;137;PICOT (AVE DU COLONEL);;;;830
201400036966;14;9;14;1610;1;2;3;1;3;137;AVE DU 15EME CORPS;M;4312848;591575;830
201400036967;14;9;14;1710;1;2;3;1;3;62;1416, HOUOT (AVENUE CDT;;;;830
201400036968;14;9;17;1152;1;2;1;1;6;144;0, CHAR VERDUN (AVE DU);M;4313815;598449;830
201400036969;14;9;16;620;2;2;5;1;2;137;0, NOGUES (AVE DU GENERA;M;4312747;591975;830
201400036970;14;9;16;2123;5;2;1;1;7;62;1626, GANCE (AVENUE ABEL;;;;830
201400036971;14;9;17;1305;1;2;1;1;6;137;62, ALEZARD (RUE);M;4312278;593426;830
201400036972;14;9;18;1830;1;2;2;1;1;137;0, BROSSET (BD GENERAL);;;;830
201400036973;14;9;19;1800;1;1;1;8;6;137;1930, CD 46;;;;830
201400036974;14;9;6;1145;1;2;1;1;2;137;2, DAUDET (RUE ALPHONSE);M;4312138;593868;830
201400036975;14;9;13;945;1;2;1;7;7;137;210, JONQUET (CHEMIN);M;4313925;591114;830
201400036976;14;9;22;810;1;2;1;1;2;137;334, CUNEO (BD DOCTEUR);M;4310696;593507;830
201400036977;14;9;23;1615;1;2;1;1;3;90;2229, FAVEYROLLES (ROUTE;M;0;0;830
201400036978;14;9;13;830;1;1;1;1;1;90;1, SANARY (ROUTE DE);;;;830
201400036979;14;9;13;1830;1;2;1;1;6;90;0, MONNET (AVE JEAN);;;;830
201400036980;14;9;14;1620;1;2;2;1;3;137;0, CHURCHILL (AVE WINSTO;M;4312440;592612;830
201400036981;14;9;25;1730;1;2;1;1;6;137;0, PLAISANCE (CHEMIN DE);M;4313142;591813;830
201400036982;14;10;4;255;5;2;6;1;7;144;0, UNIVERSITE (AVE DE L';M;4313713;600321;830
201400036983;14;10;6;1030;1;2;1;1;6;62;0, PLANQUETTE (CHEMIN DE;M;4313098;602391;830
201400036984;14;10;8;835;1;2;1;1;6;137;0, MALON (AVE BENOIT);M;4312336;595507;830
201400036985;14;10;8;1705;1;1;1;1;6;90;0, NATIONALE 8 (ROUTE);;;;830
201400036986;14;10;21;1545;1;2;1;1;6;137;0, SAINT BERNARD (RUE /;M;4312219;593676;830
201400036987;14;10;27;1510;1;2;1;1;6;144;BROSSOLETTE (AVE PIERRE);M;4313759;598751;830
201400036988;14;10;17;715;1;2;6;1;3;144;MIRASOULEOU (AVE);M;4313551;597786;830
201400036989;14;10;23;2052;5;2;1;1;2;98;151, JAURES (BD JEAN);;;;830
201400036990;14;10;2;1905;2;2;1;1;6;144;CARREFOUR  (GRANDE SURFA;M;4314005;601631;830
201400036991;14;10;18;900;1;1;1;1;6;144;11 NOVEMBRE 1918 (AVE DU;;;;830
201400036992;14;8;16;500;5;2;6;1;7;98;PREMIERE (D.F.L);;;;830
201400036993;14;10;19;155;5;2;1;1;6;137;3546, MARSEILLE (ROUTE D;;;;830
201400036994;14;10;14;1045;1;1;3;8;3;90;COLETTA (CHEMIN RAOUL);;;;830
201400036995;14;10;29;1615;1;2;1;1;6;137;444, TEMPLE (CHEMIN DU);M;4313592;590815;830
201400036996;14;11;1;1705;1;2;1;1;2;137;0, STRASBOURG (BD DE );;;;830
201400036997;14;11;3;1050;1;2;1;2;3;137;0, DESCARTES (RUE / AVE);M;4312694;589469;830
201400036998;14;11;5;1445;1;2;1;1;6;90;2027, MONNET (AVE JEAN);M;0;0;830
201400036999;14;11;7;755;1;2;1;1;4;137;0, BRIAND (AVE ARISTIDE;M;4312414;589606;830
201400037000;14;11;9;830;1;1;1;2;1;90;0, CAMP LAURENT (CHEMIN;M;4312274;586278;830
201400037001;14;10;16;2130;5;2;1;1;3;137;314, FOCH (AVE DU MARECH;;;;830
201400037002;14;11;12;1640;1;2;1;1;2;137;CAMUS (AVE ALBERT);M;4312945;588173;830
201400037003;14;11;13;1820;4;2;3;1;5;62;HOUOT (AVENUE CDT);;;;830
201400037004;14;11;16;1350;1;2;3;1;3;90;NATIONALE 8 (ROUTE);;;;830
201400037005;14;11;17;845;1;2;1;2;7;144;CHAR VERDUN (AVE DU);M;4313791;598288;830
201400037006;14;11;19;2310;5;2;3;1;2;137;7, STRASBOURG (BD DE );;;;830
201400037007;14;11;2;2330;5;2;2;1;3;137;CUZIN (AVE FRANCOIS);;;;830
201400037008;14;11;23;1710;5;2;1;1;7;137;EMERIAU (RUE AMIRAL);M;4313191;592253;830
201400037009;14;11;20;900;1;2;3;1;3;137;BROSSET (BD GENERAL);;;;830
201400037010;14;11;20;1000;1;1;1;1;6;90;526, GORGES (ROUTE DES);;;;830
201400037011;14;11;27;855;1;1;1;2;3;137;CHARCOT (QUAI JEAN);M;4312663;589796;830
201400037012;14;11;29;2000;5;2;1;2;3;137;0, MAGNAN (AVE GENERAL);M;4312315;592895;830
201400037013;14;12;2;1220;1;2;1;1;1;144;VALERY (AVE PAUL);M;4312933;598990;830
201400037014;14;12;8;1325;1;2;1;1;6;137;0, JUIN (AVE ALPHONSE);M;4312134;594222;830
201400037015;14;12;10;835;1;2;1;1;6;137;0, NICOLAS (BD COMMANDAN;M;4312652;593590;830
201400037016;14;12;5;940;1;2;1;2;6;62;0, FERRY (RUE ET AVENUE;M;4312576;601604;830
201400037017;14;12;8;1520;1;2;1;1;3;137;0, LECLERC (AVE GENERAL);;;;830
201400037018;14;12;29;1920;5;2;3;1;7;137;0, PICOT (AVE DU COLONEL;;;;830
201400037019;14;12;11;1450;1;2;1;1;3;137;BRIAND (AVE ARISTIDE DE;M;4312496;589662;830
201400037020;14;12;12;1345;1;2;2;1;6;144;TREMOLIERES (AVE);M;4313608;598320;830
201400037021;14;12;18;720;1;2;1;1;6;137;207, GOURAUD (AVE GEN);;;;830
201400037022;14;12;19;1920;3;2;2;1;3;137;0, MALON (AVE BENOIT);M;4312226;595555;830
201400037023;14;12;26;1520;1;2;1;1;3;137;MAGNAN (AVE GENERAL);M;4312316;592898;830
201400037024;14;12;29;1100;1;1;1;1;1;90;1470, GROS CERVEAU (ROUT;;;;830
201400037025;14;12;31;1820;5;2;1;2;3;62;VIEUX CH.DE STE MUSSE;M;4312254;598616;830
201400037026;14;12;23;925;1;2;4;1;6;137;370, CUNEO (BD DOCTEUR);M;4310685;593557;830
201400037027;14;12;12;1855;5;2;1;8;6;137;0, BON RENCONTRE (ROND P;;;;830
201400037028;14;12;30;1630;1;2;3;1;3;137;0, PICOT (AVE DU COLONEL;;;;830
201400037029;14;1;26;120;5;2;1;1;6;137;BAOU DE 4 HEURES (CHEMIN;;;;830
201400037030;14;10;22;1745;1;2;1;1;6;7;1, COUBERTIN (AV.Pierre;;;;840
201400037031;14;1;10;850;1;2;1;1;6;7;VERTES RIVES (Avenue des;;;;840
201400037032;14;1;13;635;5;2;1;1;6;7;01, DEUX ROUTES ( Avenue;;;;840
201400037033;14;1;16;805;1;2;9;1;5;7;10, LYON (route de );;;;840
201400037034;14;1;18;2038;5;2;2;3;3;7;TRILLADE (avenue de la );;;;840
201400037035;14;1;18;1030;1;2;1;1;6;7;2, PETITE MEUSE (Rue);;;;840
201400037036;14;1;16;600;2;2;2;2;3;7;Pierre BOULLE;;;;840
201400037037;14;2;23;525;2;2;1;1;2;7;C.De GAULLE (Rocade);;;;840
201400037038;14;2;18;1500;1;2;1;1;6;7;LIMBERT (Boulevard);;;;840
201400037039;14;3;12;1045;1;2;1;1;5;7;CHARLES DE GAULLE;;;;840
201400037040;14;1;14;2055;5;2;7;2;3;7;C.De GAULLE (Rocade);;;;840
201400037041;14;3;19;1830;1;1;1;9;6;7;00, COMBES (chemin des);;;;840
201400037042;14;2;16;1905;5;2;1;1;3;7;12, MORIERES (Route de );;;;840
201400037043;14;3;16;845;1;2;1;1;7;7;BEL AIR (Route de);;;;840
201400037044;14;3;26;1043;1;2;1;1;6;7;TRILLADE (avenue de la );;;;840
201400037045;14;3;31;2058;5;2;1;9;6;7;12, SAINT ROCH (Boulevar;;;;840
201400037046;14;4;5;1420;1;2;2;1;3;7;PIERRE SEMARD (avenue);M;4393397;483164;840
201400037047;14;4;9;1500;1;2;1;1;3;7;MARSEILLE (Route);;;;840
201400037048;14;4;26;600;2;2;9;1;6;7;C.De GAULLE (Rocade);;;;840
201400037049;14;5;4;2015;1;1;1;1;2;7;MARSEILLE (Route);M;4389493;490034;840
201400037050;14;5;5;2300;5;2;1;1;2;7;TARASCON;;;;840
201400037051;14;6;23;1010;1;2;1;1;3;7;13-15, CHARLES DE GAULLE;;;;840
201400037052;14;7;10;27;5;2;1;1;6;7;C.De GAULLE (Rocade);;;;840
201400037053;14;7;25;1900;1;1;1;3;2;7;MARSEILLE (Route de );M;4389839;489739;840
201400037054;14;7;2;1710;1;2;2;1;3;7;MORIERES (ROUTE DE);;;;840
201400037055;14;9;4;2257;5;2;3;1;3;7;PIERRE SEMARD (avenue);M;4393874;482238;840
201400037056;14;9;27;445;5;2;2;1;3;7;SAINT RUF (Avenue);;;;840
201400037057;14;9;24;1525;1;2;6;2;3;7;AMANDIER (Avenue de l');;;;840
201400037058;14;10;10;1430;1;2;1;1;3;7;, FELONS (Chemin des);;;;840
201400037059;14;10;11;2240;5;1;1;1;7;7;MARSEILLE (Route de );M;4392464;485017;840
201400037060;14;10;30;1515;1;2;6;1;3;7;C.De GAULLE (Rocade);;;;840
201400037061;14;11;17;1916;5;2;1;1;6;7;1, AMANDIER (Avenue de l;;;;840
201400037062;14;10;21;1833;3;2;2;1;3;7;SOURDAINE (Chemin de);;;;840
201400037063;14;12;12;545;5;2;5;1;3;7;1, MARSEILLE (Route de );;;;840
201400037064;14;12;25;2110;5;2;1;1;3;7;37 ter, SIXTE ISNARD (Bo;;;;840
201400037065;14;12;26;510;5;2;1;1;6;7;LYON (route de );;;;840
201400037066;14;2;20;1420;1;2;1;1;6;31;COMTAT VENAISSIN;;;;840
201400037067;14;7;31;40;5;2;1;1;6;31;1085, MONT VENTOUX AVENU;;;;840
201400037068;14;8;17;1500;1;2;1;1;1;31;LUNEL ARMAND;;;;840
201400037069;14;10;28;1650;2;2;1;1;7;31;MISTRAL AVENUE FREDERIC;;;;840
201400037070;14;11;20;2200;3;1;1;8;6;31;1014, CAROMB ROUTE;;;;840
201400037071;14;11;25;655;2;1;1;3;6;80;CD 942 RTE SARRIANS A RO;;;;840
201400037072;14;1;30;1420;1;1;1;2;6;35;BONNEBEAU-CR58 (CHEMIN D;;;;840
201400037073;14;2;11;1730;2;1;1;1;2;35;MARSEILLE-RD938 (ROUTE D;;;;840
201400037074;14;2;13;650;2;1;1;1;6;35;VIDAUQUE-RD234 (ROUTE DE;;;;840
201400037075;14;3;7;2140;5;2;1;1;1;35;10, CARNOT (COURS SADI);;;;840
201400037076;14;5;23;1650;1;2;6;1;3;35;ROUGET (BOULEVARD ANDRE);;;;840
201400037077;14;6;5;820;1;1;2;1;3;35;BANON (ROUTE DE);;;;840
201400037078;14;8;14;1538;1;1;2;1;5;35;ISLE/SORGUE-RD 938 (ROUT;M;4386384;504315;840
201400037079;14;8;16;500;2;2;3;1;3;35;SARNETTE (AVENUE ABEL);;;;840
201400037080;14;1;11;2240;5;2;3;1;1;87;CHATEAUNEUF (RUE DE);;;;840
201400037081;14;3;12;1015;1;2;1;1;3;87;56, MOULIN (RUE JEAN);;;;840
201400037082;14;5;6;1400;1;1;1;1;1;87;1, CHATEAUNEUF DU PAPE (;;;;840
201400037083;14;5;10;1645;1;1;3;1;3;87;LYON (ROUTE DE);M;4415928;479732;840
201400037084;14;7;21;1555;1;2;1;1;2;87;DALADIER (BD EDOUARD);M;4413660;481154;840
201400037085;14;7;28;1820;1;1;3;1;3;87;LYON (ROUTE DE);;;;840
201400037086;14;8;15;1040;1;2;8;9;6;87;0, BRIAND (COURS ARISTID;;;;840
201400037087;14;9;9;1615;1;1;6;1;3;87;ROUTE DE CHATEAUNEUF;;;;840
201400037088;14;10;23;2140;3;1;1;1;5;87;ROUTE D'UCHAUX;;;;840
201400037089;14;11;7;1815;5;2;4;1;3;87;1, TASSIGNY (AVENUE DE L;M;4414554;480357;840
201400037090;14;11;19;2225;3;1;1;1;1;87;JONQUIERES (ROUTE DE);;;;840
201400037091;14;11;19;1140;1;2;1;1;6;87;7, BRIAND (COURS ARISTID;M;4413814;480463;840
201400037092;14;12;11;1650;1;1;3;1;3;87;PEAGE (CHEMIN);;;;840
201400037093;14;1;3;1630;1;2;1;2;6;191;1 RUE NICEPHORE NIEPCE;M;4670104;-143187;850
201400037094;14;1;4;2115;5;2;2;2;3;191;RUE RENE COTY;M;4665795;-144987;850
201400037095;14;1;6;1040;1;2;1;1;6;191;RD 37;M;4669962;-142037;850
201400037096;14;1;6;730;5;2;3;2;2;191;166 BOULEVARD A. BRIAND;M;4666650;-143017;850
201400037097;14;1;7;1520;1;2;2;1;7;191;BOULEVARD ARAGO;M;4666886;-144603;850
201400037098;14;1;14;1945;4;1;1;1;2;191;D 948;M;4669327;-147431;850
201400037099;14;1;14;2045;3;2;1;1;6;191;RUE F.R CHATEAUBRIAND;M;4667214;-140706;850
201400037100;14;1;20;855;1;2;6;2;6;191;BOULEVARD DENIS PAPIN;M;4668131;-143549;850
201400037101;14;1;24;830;2;2;1;3;6;191;158 RUE GENERAL GUERIN;M;4666119;-140125;850
201400037102;14;1;25;1506;1;2;1;1;6;191;RUE HELIODORE DURAND;M;4666105;-140214;850
201400037103;14;1;27;1240;1;2;1;2;2;191;171 RIVOLI BOULEVARD;M;4667981;-141744;850
201400037104;14;1;27;1840;5;2;1;1;6;191;BOULEVARD RIVOLI;M;4667065;-141577;850
201400037105;14;1;28;935;1;1;1;8;1;191;ROUTE DE NESMY;M;4662042;-140884;850
201400037106;14;2;4;1900;5;2;1;3;6;191;24 BOULEVARD EDISON;M;4668165;-143663;850
201400037107;14;2;12;1312;1;2;1;1;1;191;98 BOULEVARD ANGLETERRE;M;4667419;-143062;850
201400037108;14;2;13;735;5;2;1;3;6;191;26  BOULEVARD G. GUITTON;M;4665888;-143428;850
201400037109;14;2;17;755;5;2;1;1;3;191;120 BOULEVARD LAVOISIER;M;4665972;-144077;850
201400037110;14;2;22;830;1;2;1;2;6;191;RUE D'ARCOLE;M;4667964;-142161;850
201400037111;14;2;26;400;5;2;1;1;6;191;25 BOULEVARD M. LECLERC;M;4666949;-143654;850
201400037112;14;3;13;1600;1;2;6;1;2;191;AV ALIENOR D'AQUITAINE;M;4668980;-142991;850
201400037113;14;3;18;2200;5;2;2;1;3;191;GIRATOIRE B. PALISSY;M;4669066;-142984;850
201400037114;14;3;18;1005;1;2;1;1;6;191;88 RUE SARAH BERHNARD;M;4666400;-144604;850
201400037115;14;3;13;945;1;1;9;1;3;191;AVENUE YITZHAK RABIN;M;4669478;-142987;850
201400037116;14;3;28;49;3;1;1;2;6;191;D 948;M;4669521;-148024;850
201400037117;14;3;29;1210;1;1;1;1;1;191;D 160 ROCADE NORD;M;4668003;-140779;850
201400037118;14;4;9;1040;1;2;1;1;6;191;30 BOULEVARD DES BELGES;M;4667296;-141938;850
201400037119;14;4;17;1730;1;2;2;1;6;191;84 RUE P. DE GAULLE;M;4667127;-142034;850
201400037120;14;4;22;800;1;1;1;1;2;191;D 948;M;4668674;-145607;850
201400037121;14;4;25;2110;1;2;2;1;3;191;RUE DU GENERAL DE GAULLE;M;4667137;-142117;850
201400037122;14;4;24;1345;1;2;1;1;6;191;161 BOULEVARD ARAGO;M;4667270;-144298;850
201400037123;14;5;8;1142;1;2;1;1;3;191;RUE GEORGES MAZURELLE;M;4664601;-141799;850
201400037124;14;5;10;900;1;2;2;1;3;191;RUE GEORGES MAZURELLE;M;4664693;-141470;850
201400037125;14;5;13;930;1;2;6;1;3;191;BOULEVARD  LAVOISIER;M;4665973;-144076;850
201400037126;14;5;18;15;5;2;1;1;7;191;28 BOULEVARD SULLY;M;4668322;-143179;850
201400037127;14;5;20;950;1;2;1;1;6;191;6 BOULEVARD ANGLETERRE;M;4667541;-142523;850
201400037128;14;6;5;1530;1;2;2;1;3;191;25 BOULEVARD D'EYLAU;M;4668366;-142807;850
201400037129;14;6;13;845;1;2;1;1;6;191;15 RUE LA FAYETTE;M;4666948;-142889;850
201400037130;14;6;13;1605;1;2;2;1;6;191;BOULEVARD D'EYLAU;M;4668356;-142813;850
201400037131;14;6;28;1355;1;2;1;3;1;191;71 RIVOLI BOULEVARD;M;4667559;-141621;850
201400037132;14;7;2;1220;1;2;1;1;6;191;11  RUE ROGER SALENGRO;M;4666832;-143618;850
201400037133;14;7;2;1445;1;1;3;1;6;191;ROUTE DE LA POTINIERE;M;4663845;-142599;850
201400037134;14;7;4;1325;1;2;1;1;6;191;RUE F.R CHATEAUBRIAND;M;4666996;-140954;850
201400037135;14;7;8;2100;1;2;1;1;3;191;RUE GUTEMBERG;M;4668044;-143017;850
201400037136;14;7;22;1000;1;2;2;1;6;191;25 RUE RAYMOND POINCARE;M;4666868;-143473;850
201400037137;14;8;3;525;3;1;1;1;1;191;DEPARTEMENTALE 160;M;4669102;-141666;850
201400037138;14;8;8;1620;1;1;1;3;3;191;SAINTE-ANNE;M;4669819;-142141;850
201400037139;14;8;15;1510;1;1;1;1;5;191;D160;M;4669135;-142453;850
201400037140;14;8;15;1315;1;2;6;1;3;191;ROND-POINT DE PALISSY;M;4669045;-142915;850
201400037141;14;9;5;1540;1;2;1;1;6;191;29 RUE DELILLE;M;4666772;-142756;850
201400037142;14;9;12;1350;1;2;1;1;6;191;28 BOULEVARD ANGLETERRE;M;4667521;-142659;850
201400037143;14;9;19;1040;1;2;1;1;3;191;29 RUE DELILLE;M;4666764;-142791;850
201400037144;14;10;7;820;1;2;2;2;1;191;145 RUE DU GNL GUERIN;M;4666112;-140219;850
201400037145;14;10;15;1850;1;1;1;1;6;191;RD 42 RTE DE VENANSAULT;M;4667493;-148663;850
201400037146;14;11;3;1620;1;2;1;1;6;191;91 BOULEVARD  LECLERC;M;4667239;-143749;850
201400037147;14;11;12;1945;5;2;1;1;6;191;BOULEVARD LOUIS BLANC;M;4667214;-143492;850
201400037148;14;11;29;1510;1;1;1;1;2;191;LA DAVISIERE;M;4670150;-143977;850
201400037149;14;1;28;1243;1;1;1;1;7;166;ROUTE AMIS DE LA NATURE;M;4656094;-181258;850
201400037150;14;1;29;1230;1;1;1;3;6;60;RD 949;M;4651370;-172843;850
201400037151;14;1;29;1525;1;2;2;1;3;166;AVENUE CHARLES DEGAULLE;M;4650939;-176876;850
201400037152;14;2;3;910;1;2;1;1;6;194;84 BOULEVARD CASTELNAU;M;4649486;-177606;850
201400037153;14;2;2;5;5;1;6;1;3;166;ROND-POINT VANNERIE;M;4651538;-175912;850
201400037154;14;1;31;1530;1;2;6;1;3;166;BOULEVARD VENDEE GLOBE;M;4651340;-177665;850
201400037155;14;2;7;1020;1;2;1;1;6;166;AV CHARLES DE GAULLE;M;4650942;-176876;850
201400037156;14;2;10;2205;5;2;6;1;3;166;ROND-POINT VANNERIE;M;4651522;-175875;850
201400037157;14;2;11;1625;1;1;1;1;1;166;ROUTE AMIS DE LA NATURE;M;4656101;-181226;850
201400037158;14;2;16;515;4;2;1;1;7;166;5  RUE DU CANAL;M;4654306;-179741;850
201400037159;14;2;16;2055;5;2;3;1;1;166;RUE DU 8 MAI 1945;M;4653643;-177275;850
201400037160;14;2;17;910;1;2;1;1;6;194;BOULEVARD L ILE VERTIME;M;4650447;-178892;850
201400037161;14;2;14;2050;5;1;1;8;7;166;RUE DES SABLES;M;4653264;-177387;850
201400037162;14;2;24;1910;5;2;1;1;2;194;171 RUE JOSEPH BENATIER;M;4650662;-180121;850
201400037163;14;2;25;1915;2;1;1;1;1;60;BOULEVARD VENDEE GLOBE;M;4649248;-174992;850
201400037164;14;2;28;740;5;2;6;1;3;166;BOULEVARD DU VENDEE GLOB;M;4651393;-179617;850
201400037165;14;3;1;1000;1;2;2;1;6;194;RUE DU DOCTEUR CHARCOT;M;4650526;-178765;850
201400037166;14;3;6;1425;1;1;1;1;1;166;ROUTE AMIS DE LA NATURE;M;4656229;-181405;850
201400037167;14;3;12;1930;1;2;1;5;6;166;34 ROUTE DES PINS;M;4654236;-179798;850
201400037168;14;3;9;1520;1;1;6;1;3;166;ROND-POINT VANNERIE;M;4651551;-175891;850
201400037169;14;3;13;1525;1;2;1;1;3;194;QUAI ROUSSEAU MECHIN;M;4650074;-179669;850
201400037170;14;3;14;1720;1;2;1;1;3;194;2BIS PROMENADE G. GODET;M;4649023;-177209;850
201400037171;14;3;20;840;1;2;1;6;6;60;AVENUE DE TALMONT;M;4648731;-174273;850
201400037172;14;3;30;1630;1;2;1;1;6;194;PROMENADE DU M. JOFFRE;M;4649386;-179223;850
201400037173;14;4;3;1035;1;2;1;2;7;194;75AVENUE ARISTIDE BRIAND;M;4648922;-176793;850
201400037174;14;4;6;1455;1;2;2;1;3;194;RUE DU PALAIS;M;4649546;-178413;850
201400037175;14;4;10;1355;1;2;1;1;2;166;BOULEVARD VENDEE GLOBE;M;4651328;-177890;850