num_acc;an;mois;jour;hrmn;lum;agg;int;atm;col;com;adr;gps;lat;long;dep
201400037176;14;4;23;1010;1;2;1;1;3;166;292 AVENUE F. MITTERAND;M;4653078;-177415;850
201400037177;14;4;24;750;1;2;1;1;6;166;BOULEVARD VENDEE GLOBE;M;4651343;-177667;850
201400037178;14;4;14;1915;1;2;1;1;6;194;RUE DU PALAIS;M;4649552;-178414;850
201400037179;14;5;2;2220;5;2;1;1;2;194;COURS J. DUPONT;M;4649775;-177980;850
201400037180;14;5;17;935;1;2;3;1;3;166;AVENUE F. MITTERAND;M;4651719;-177599;850
201400037181;14;5;17;1520;1;2;1;1;3;166;37 bis AV. F. MITTERAND;M;4650857;-177715;850
201400037182;14;5;16;900;1;2;1;1;3;166;AVENUE CHARLES DE GAULLE;M;4651578;-175585;850
201400037183;14;5;20;1445;1;2;1;1;6;194;RUE DE VERDUN;M;4649767;-177716;850
201400037184;14;6;4;750;1;2;1;1;1;166;RUE DES ARCHERS;M;4651742;-177342;850
201400037185;14;6;7;110;3;1;1;1;6;60;3 RUE DE LA CARAUDIERE;M;4650314;-173017;850
201400037186;14;6;11;1900;1;1;1;1;1;60;PROMENADE DE CAYOLA;M;4647463;-175266;850
201400037187;14;7;15;1700;1;2;1;1;5;60;PROMENADE DE CAYOLA;M;4646419;-173020;850
201400037188;14;7;22;1210;1;2;1;1;3;60;AVENUE DE TALMONT;M;4648163;-171614;850
201400037189;14;7;31;215;5;2;2;1;3;194;RUE DU DOCTEUR CHARCOT;M;4650583;-178530;850
201400037190;14;8;1;1950;1;2;1;1;6;166;128 RUE G. CLEMENCEAU;M;4651542;-179068;850
201400037191;14;8;1;1135;1;2;1;1;6;194;BOULEVARD L' ILE VERTIME;M;4650099;-178568;850
201400037192;14;8;11;1650;1;2;3;1;3;60;RUE DE LA CROIX BLANCHE;M;4649975;-174636;850
201400037193;14;8;13;1930;1;1;1;1;3;166;ROUTE AMIS DE LA NATURE;M;4658706;-182909;850
201400037194;14;8;15;1945;1;1;1;1;1;60;PROMENADE E. HERRIOT;M;4646749;-173680;850
201400037195;14;8;20;1355;1;2;1;1;6;194;BOULEVARD D'ILE VERTIME;M;4650359;-178791;850
201400037196;14;8;21;1130;1;2;1;1;6;194;3 COURS JOSEPH DUPONT;M;4649727;-178195;850
201400037197;14;8;31;1610;1;2;1;1;6;60;RUE DES VALLEES;M;4650382;-173827;850
201400037198;14;8;30;1750;1;2;2;1;6;166;RUE CLEMENT ADER;M;4651933;-178092;850
201400037199;14;9;4;750;1;1;1;7;6;166;BOULEVARD VENDEE GLOBE;M;4651418;-179012;850
201400037200;14;9;7;1600;1;2;4;1;3;194;BD DU SOUVENIR FRANCAIS;M;4650302;-179723;850
201400037201;14;9;12;1940;1;2;2;1;3;194;RUE DES ROSES;M;4649111;-176242;850
201400037202;14;9;12;2130;5;2;3;1;6;166;AV FRANCOIS MITTERAND;M;4651720;-177599;850
201400037203;14;9;18;1643;1;2;1;1;1;166;44  RUE DES BERGERS;M;4652338;-178220;850
201400037204;14;9;19;1045;1;2;1;1;5;194;25  AVENUE D'ANJOU;M;4650207;-177702;850
201400037205;14;10;1;930;1;2;3;1;3;194;AVENUE GENERAL GAULLE;M;4649852;-178133;850
201400037206;14;10;3;1600;1;1;3;1;3;166;ROUTE AMIS DE LA NATURE;M;4657191;-182286;850
201400037207;14;10;17;1240;1;2;1;1;6;194;59 AVENUE DE BRETAGNE;M;4650486;-177764;850
201400037208;14;10;17;1545;1;2;2;1;3;194;RUE DES ECOLIERS;M;4649510;-178085;850
201400037209;14;10;22;925;1;2;1;1;6;194;44 BOULEVARD PASTEUR;M;4649155;-176928;850
201400037210;14;10;26;945;1;2;5;1;6;194;RUE DE VERDUN;M;4649608;-177752;850
201400037211;14;11;16;1850;1;2;6;3;6;194;BOULEVARD AMPERE;M;4649317;-176243;850
201400037212;14;11;14;1625;1;2;2;7;3;60;RUE GEORGES CLEMENCEAU;M;4650352;-174292;850
201400037213;14;11;16;2100;5;2;1;2;6;194;QUAI E. FRANQUEVILLE;M;4649737;-178668;850
201400037214;14;12;10;735;5;2;1;2;3;166;AVENUE CHARLES DE GAULLE;M;4650900;-176903;850
201400037215;14;11;22;1745;4;1;1;1;7;60;LE COUDRIOU;M;4650901;-168614;850
201400037216;14;2;6;1025;1;2;1;1;6;66;144, FOCH (AVENUE DU MAR;;;;860
201400037217;14;2;20;2135;5;2;1;1;3;66;ABELIN (AVENUE PIERRE);;;;860
201400037218;14;2;24;1530;1;2;1;1;6;66;14, ABELIN (AVENUE PIERR;;;;860
201400037219;14;3;18;1040;1;2;1;1;6;66;MOULIN (AVENUE JEAN);;;;860
201400037220;14;3;18;1910;2;2;1;1;6;66;151, DE LATTRE DE TASSIG;;;;860
201400037221;14;3;21;1440;1;2;1;1;6;66;63,BOULEVARD  BLOSSAC;;;;860
201400037222;14;3;24;1655;1;2;1;1;6;66;GAMBETTA (SQUARE);;;;860
201400037223;14;3;26;2000;5;2;6;1;3;66;WILTZER (ROND POINT DU P;;;;860
201400037224;14;4;5;1345;1;2;4;1;3;66;1, ORILLARD (RUE ABEL);;;;860
201400037225;14;4;6;1300;1;2;1;1;5;66;RD 161 - ROCADE EST;;;;860
201400037226;14;4;23;1505;1;2;3;1;3;66;CHATEAU (QUAI DU);;;;860
201400037227;14;5;5;1800;1;2;1;1;3;66;48  AV PRESIDENT  WILSON;;;;860
201400037228;14;5;7;2125;5;2;1;1;3;66;THURE (RUE DE);;;;860
201400037229;14;7;3;2040;1;2;1;1;7;66;17, ABELIN (AVENUE PIERR;M;4680726;54303;860
201400037230;14;7;8;1555;1;2;1;1;6;66;3, KENNEDY (AVENUE JOHN);M;4681442;54384;860
201400037231;14;8;6;1635;1;1;6;1;2;66;PILA (ROND POINT DE);;;;860
201400037232;14;8;6;1750;1;2;1;1;6;66;137, BLOSSAC (BOULEVARD;;;;860
201400037233;14;9;11;853;1;2;1;1;6;66;49, PAGE (AVENUE CAMILLE;M;4680088;52811;860
201400037234;14;9;20;1945;1;2;1;3;6;66;PAGE (AVENUE CAMILLE);;;;860
201400037235;14;9;26;1809;1;2;1;1;6;66;ABELIN (AVENUE PIERRE);;;;860
201400037236;14;10;4;1955;5;2;3;8;3;66;KREBS (RUE LOUIS CLEMENT;M;4681437;53516;860
201400037237;14;10;5;1716;1;2;1;1;1;66;0, MERMOZ (AVENUE JEAN);;;;860
201400037238;14;10;11;1900;1;1;1;1;6;66;KAYA (AVENUE DE);;;;860
201400037239;14;10;13;2020;2;2;1;1;6;66;68, RIPAULT (AVENUE LOUI;;;;860
201400037240;14;11;27;820;1;2;2;5;1;66;KAYA (AVENUE DE);;;;860
201400037241;14;12;6;1740;5;2;1;1;6;66;DE LATTRE DE TASSIGNY (A;;;;860
201400037242;14;12;9;1535;1;2;3;2;3;66;LECLERC (AVENUE DU MAREC;;;;860
201400037243;14;12;26;1950;5;2;2;2;6;66;8, HUGO (BOULEVARD VICTO;;;;860
201400037244;14;1;5;2155;3;1;2;1;3;41;., COSSES  (RUE DES);;;;860
201400037245;14;1;6;1800;5;2;3;2;3;194;JOHN KENNEDY (AVENUE);;;;860
201400037246;14;1;6;1920;5;2;1;2;3;194;220, FAUBOURG PONT NEUF;;;;860
201400037247;14;1;6;1925;3;1;1;2;6;214;GENCAY (ROUTE DE);;;;860
201400037248;14;1;7;745;5;2;1;8;6;194;ANDRE MALRAUX (VOIE);;;;860
201400037249;14;1;7;1855;5;2;1;1;3;194;10, MARECHAL DE LATTRE D;;;;860
201400037250;14;1;8;1430;1;2;1;1;6;194;ROBERT SCHUMAN (AVENUE);;;;860
201400037251;14;1;10;715;5;2;3;1;3;194;., PARC (ALLEE DU);;;;860
201400037252;14;1;11;2140;5;2;1;1;3;194;TISON (BOULEVARD);;;;860
201400037253;14;1;13;755;5;2;1;3;6;194;221, NANTES (AVENUE DE);;;;860
201400037254;14;1;13;810;2;2;1;2;6;194;79, NANTES (AVENUE DE);;;;860
201400037255;14;1;14;1840;5;1;1;1;3;194;16 RUE DE LA REPUBLIQUE;;;;860
201400037256;14;1;15;1815;5;2;1;2;2;41;99 RUE HOTEL DE VILLE;;;;860
201400037257;14;1;17;1655;1;2;2;1;7;194;ROCADE OUEST (RD 910);;;;860
201400037258;14;1;19;1222;5;2;1;1;6;158;RD 30;;;;860
201400037259;14;1;20;1720;1;2;2;1;3;194;JEAN BAPTISTE BOUSSINGAU;;;;860
201400037260;14;1;20;1810;3;1;1;1;3;158;VOUILLE (RUE DE);;;;860
201400037261;14;1;23;800;1;2;1;1;3;194;48, GRAND CERF (BOULEVAR;;;;860
201400037262;14;1;31;1635;1;2;3;1;6;194;., CONCORDE (BOULEVARD D;;;;860
201400037263;14;2;3;730;3;1;1;1;6;194;GRELES DES PETITS BOIS (;;;;860
201400037264;14;2;4;1255;1;2;1;1;2;194;CONCORDE (BOULEVARD DE L;;;;860
201400037265;14;2;5;740;3;1;1;2;4;157;CHAUVIGNY (ROUTE DE);;;;860
201400037266;14;2;6;1535;1;2;1;1;6;194;2 Rue de la MILETERIE;;;;860
201400037267;14;2;7;1155;1;2;1;1;4;194;10, LIBERATION (AVENUE D;;;;860
201400037268;14;2;7;1415;1;2;6;1;3;194;ROCADE OUEST (RD 910);;;;860
201400037269;14;2;7;1655;1;2;1;2;1;194;30, COURONNERIES (RUE DE;;;;860
201400037270;14;2;7;1700;1;2;1;2;1;194;97, MONTBERNAGE (RUE DE);;;;860
201400037271;14;2;11;1755;1;2;3;2;5;194;PLATEAU DES GLIERES (AVE;;;;860
201400037272;14;2;13;1950;5;2;1;1;5;194;146, FAUBOURG PONT NEUF;;;;860
201400037273;14;2;16;355;5;2;1;2;6;194;159 RUE DE MONTBERNAGE;;;;860
201400037274;14;2;17;825;1;2;1;1;6;194;9 RUE GRAND MAISON;;;;860
201400037275;14;2;18;240;5;2;1;1;6;133;31, POITIERS (AVENUE DE);;;;860
201400037276;14;2;18;1730;1;2;1;1;2;194;116 AVENUE , LIBERATION;;;;860
201400037277;14;2;20;2045;5;2;1;1;3;194;115, FAUBOURG PONT NEUF;;;;860
201400037278;14;2;22;1610;1;2;1;2;2;194;11 NOVEMBRE (AVENUE DU);;;;860
201400037279;14;2;22;1710;1;2;1;2;3;194;ROCADE OUEST (RD 910);;;;860
201400037280;14;2;23;715;5;2;1;1;6;194;43, COURS (PROMENADE DES;;;;860
201400037281;14;2;24;905;1;2;3;1;6;194;2, COLIGNY (BOULEVARD);;;;860
201400037282;14;3;3;1015;1;2;1;3;6;194;7, RENE AMAND (RUE);;;;860
201400037283;14;3;7;1320;1;2;1;1;5;194;138, FAUBOURG PONT NEUF;;;;860
201400037284;14;3;8;1939;4;2;1;1;6;194;12, ANATOLE FRANCE (BOUL;;;;860
201400037285;14;3;10;400;5;2;1;1;3;194;61bd ANATOLE FRANCE;;;;860
201400037286;14;3;10;851;1;2;6;1;3;194;., NANTES (AVENUE DE);;;;860
201400037287;14;3;11;1230;1;2;3;1;3;194;60Avenue de l'EUROPE;;;;860
201400037288;14;3;12;1710;1;2;1;1;3;158;67, ENTREPRISES (RUE DES;;;;860
201400037289;14;3;14;800;1;2;1;1;6;88;RUE DE L'ECORCERIE;;;;860
201400037290;14;3;14;745;1;2;6;1;6;214;217, GENCAY (ROUTE DE);;;;860
201400037291;14;3;14;1145;1;2;1;1;6;194;11, DEVINIERE (RUE DE LA;;;;860
201400037292;14;3;14;1615;1;2;1;1;6;194;37, BIGNOUX (RUE DE);;;;860
201400037293;14;3;16;1035;1;2;2;1;3;41;Avenue des AMANDIERS;;;;860
201400037294;14;3;17;925;1;2;1;5;2;194;JOHN KENNEDY (AVENUE);;;;860
201400037295;14;3;20;810;1;1;1;1;2;194;ANDRE MALRAUX (VOIE);;;;860
201400037296;14;3;21;240;5;2;1;1;6;194;129, BONNEUIL MATOURS (R;;;;860
201400037297;14;3;21;1710;1;2;1;1;6;214;122  bis ROUTE NOUAILLE;;;;860
201400037298;14;3;22;1115;1;1;1;1;6;157;RN 147;;;;860
201400037299;14;3;23;1735;1;2;1;1;6;157;825, CHAUVIGNY (ROUTE DE;;;;860
201400037300;14;3;25;1425;1;2;1;2;6;194;3, VERDUN (BOULEVARD DE);;;;860
201400037301;14;3;26;1120;1;2;1;1;6;194;2, EUGENE CHEVREUL;;;;860
201400037302;14;3;26;1650;1;2;1;1;4;194;., NORTHAMPTON (AVENUE D;;;;860
201400037303;14;3;28;1415;1;2;1;1;6;194;0, VALLEE MONNAIE (RUE D;;;;860
201400037304;14;3;28;1825;1;2;3;1;3;194;4PLACE DE ROCHEMAUX;;;;860
201400037305;14;3;29;1645;1;2;1;1;3;194;., CHAUMONT (RUE DE);;;;860
201400037306;14;3;29;2315;3;1;2;1;3;27;., CRUCHON (LIEU DIT LE);;;;860
201400037307;14;4;1;1710;1;2;2;1;3;194;ROCADE OUEST (RD 910);;;;860
201400037308;14;4;3;1308;1;2;6;3;7;214;., GENCAY (ROUTE DE);;;;860
201400037309;14;4;3;1734;1;2;1;2;6;41;95 RUE DES 2 COMMUNES;;;;860
201400037310;14;4;3;1915;1;1;1;1;2;194;RN 147;;;;860
201400037311;14;4;4;2145;5;2;2;1;3;194;ROCADE OUEST (RD 910);;;;860
201400037312;14;4;5;520;5;2;6;1;6;194;8 MAI 1945 (AVENUE DU);;;;860
201400037313;14;4;6;600;3;1;1;2;1;158;RN.147;;;;860
201400037314;14;4;7;1740;1;2;1;1;3;194;215, FAUBOURG PONT NEUF;;;;860
201400037315;14;4;8;755;1;2;3;1;3;194;., ELVEN (RUE D');;;;860
201400037316;14;4;8;2150;5;2;2;1;6;194;AVENUE JACQUES COEUR;;;;860
201400037317;14;4;9;1320;1;2;1;1;2;194;RUE DE CHAUMONT;;;;860
201400037318;14;4;10;1830;1;2;1;1;6;194;., RECTEUR PINEAU (AVENU;;;;860
201400037319;14;4;11;305;3;1;1;1;7;133;LES GACHERES;M;4651544;29959;860
201400037320;14;4;13;2200;5;2;2;1;6;194;ROND POINT DU STADE;;;;860
201400037321;14;4;14;1805;1;2;3;1;6;194;RUE DE VALMY;;;;860
201400037322;14;4;16;1215;1;2;3;1;3;194;PONT JOUBERT (BOULEVARD);;;;860
201400037323;14;4;16;1545;1;2;1;1;2;194;ANDRE MALRAUX (VOIE);;;;860
201400037324;14;4;25;1840;1;2;1;1;6;194;24, FAUBOURG SAINT CYPRI;;;;860
201400037325;14;4;27;10;4;2;1;2;2;194;ROUTE DE BONNEUIL MATOUR;;;;860
201400037326;14;4;28;850;1;2;1;8;1;194;38, GENCAY (ROUTE DE);;;;860
201400037327;14;4;29;1020;1;1;1;3;2;88;RN.10;;;;860
201400037328;14;4;29;2055;2;2;1;1;6;214;258, GENCAY (ROUTE DE);;;;860
201400037329;14;5;4;1545;1;2;1;1;6;194;6, VICTOR HUGO (RUE);;;;860
201400037330;14;5;5;1455;1;2;2;1;3;194;ROCADE EST (RD 162);;;;860
201400037331;14;5;5;1855;1;2;2;1;3;194;11 NOVEMBRE (AVENUE DU);;;;860
201400037332;14;5;7;400;3;2;1;1;6;214;ROCADE SUD EST (RD 162);;;;860
201400037333;14;5;7;1000;1;1;1;1;3;194;AV DU 8 MAI 45 PAR AUCHA;;;;860
201400037334;14;5;7;2225;5;2;1;1;3;194;2, SOLFERINO (BOULEVARD);;;;860
201400037335;14;5;8;1025;1;1;1;1;3;157;LIMOGES (ROUTE DE);;;;860
201400037336;14;5;9;200;5;2;1;1;6;194;ROCADE EST (RD 162);;;;860
201400037337;14;5;12;1210;1;2;1;1;4;194;246, 8 MAI 1945 (AVENUE;;;;860
201400037338;14;5;12;1745;1;2;1;1;4;214;ROCADE SUD EST (RD 162);;;;860
201400037339;14;5;14;1250;1;2;2;1;3;194;ROCADE EST (RD 162);;;;860
201400037340;14;5;14;2145;4;2;2;1;6;194;11 NOVEMBRE (AVENUE DU);;;;860
201400037341;14;5;18;1215;1;2;2;1;3;41;AMANDIERS (AVENUE DES);;;;860
201400037342;14;5;22;1800;1;2;6;8;3;194;., CONCORDE (BOULEVARD D;;;;860
201400037343;14;5;22;1840;1;2;1;3;6;194;65, JOHN KENNEDY (AVENUE;;;;860
201400037344;14;5;23;1435;1;1;1;2;6;214;GENCAY (ROUTE DE);;;;860
201400037345;14;5;23;1710;1;1;1;8;7;194;250, 8 MAI 1945 (AVENUE;;;;860
201400037346;14;5;27;2010;1;2;1;1;3;194;108, LIBERATION (AVENUE;;;;860
201400037347;14;5;28;1930;1;2;1;1;6;194;JOHN KENNEDY (AVENUE);;;;860
201400037348;14;6;2;1840;1;2;1;1;5;194;23, CHAUMONT (RUE DE);;;;860
201400037349;14;6;2;1840;1;2;1;1;2;194;441, THEOPHRASTE RENAUDO;;;;860
201400037350;14;6;3;150;3;1;1;1;6;158;147 (ROUTE NATIONALE);;;;860
201400037351;14;6;3;1605;1;2;1;1;2;194;188, PARTHENAY (Rte de);M;4660170;31606;860
201400037352;14;6;3;2020;1;2;2;1;3;41;., AMANDIERS (AVENUE DES;;;;860
201400037353;14;6;4;630;2;1;1;2;6;194;ROCADE OUEST (RD 910);;;;860
201400037354;14;6;6;1506;1;2;1;1;6;194;26, FRATERNITE (PLACE DE;M;4658921;38256;860
201400037355;14;6;6;1635;1;2;4;1;6;194;SAINT JUST (BOULEVARD);M;4658775;37736;860
201400037356;14;6;7;1830;1;2;2;1;3;194;., STADE (ROND POINT DU);;;;860
201400037357;14;6;8;1830;1;2;1;1;4;194;77, LIBERATION (AVENUE D;M;4656888;32198;860
201400037358;14;6;8;1810;1;2;1;1;3;194;7, ROBERT SCHUMAN (AVENU;;;;860
201400037359;14;6;10;2005;1;2;3;1;3;214;CABESTAN (RUE DU);M;4656504;35980;860
201400037360;14;6;12;930;1;2;3;1;3;194;COURONNERIES (RUE DES);M;4659119;35555;860
201400037361;14;6;14;2255;5;2;1;1;6;194;46, QUATRE ROUES (RUE DE;M;4659072;34664;860
201400037362;14;6;13;1545;1;2;2;1;4;157;., RN 147;;;;860
201400037363;14;6;17;1340;1;2;2;1;3;194;ROCADE OUEST (RD 910);;;;860
201400037364;14;6;17;1850;1;1;1;1;4;157;LIMOGES (ROUTE DE);;;;860
201400037365;14;6;20;1805;1;2;6;1;3;194;., DEUX COMMUNES (RUE DE;;;;860
201400037366;14;6;20;2025;2;2;1;1;3;41;32, LIBERTE (AVENUE DE L;;;;860
201400037367;14;6;21;225;5;2;1;1;7;194;19, PIERRE LEVEE (RUE DE;;;;860
201400037368;14;6;23;845;1;2;1;3;6;158;1, RICHELIEU (RUE DE);M;4663384;30182;860
201400037369;14;6;25;1915;1;2;1;1;2;194;ROCADE EST (RD 162);;;;860
201400037370;14;6;23;1750;1;1;1;1;4;158;MOULINET (RUE DE);;;;860
201400037371;14;7;3;705;1;2;2;1;3;194;ROCADE OUEST (RD 910);;;;860
201400037372;14;7;7;1040;1;2;3;1;6;41;TERRAGEAUX (RUE DE);M;4660576;36927;860
201400037373;14;7;8;1700;1;1;1;3;6;194;93, GENCAY (ROUTE DE);;;;860
201400037374;14;7;11;1245;1;2;1;1;6;158;63, NANTEUIL (RUE DE);M;4663403;33031;860
201400037375;14;7;12;35;3;1;1;1;6;194;ROCADE OUEST (RD 910);;;;860
201400037376;14;7;22;1500;1;2;3;1;1;194;JEAN ALEXANDRE (RUE);M;4657781;34280;860
201400037377;14;7;22;1750;1;2;6;1;3;194;., FAUBOURG SAINT CYPRIE;M;4656714;34418;860
201400037378;14;7;23;1630;1;2;3;1;6;194;RENE DESCARTES (RUE);M;4658577;34215;860
201400037379;14;7;26;1720;1;2;1;1;6;41;ECOLES (RUE DES);M;4659651;35189;860
201400037380;14;7;27;850;1;1;1;1;5;157;RN 147;;;;860
201400037381;14;7;27;1845;1;2;1;1;6;194;3, RHIN ET DANUBE (AVENU;M;4656469;33809;860
201400037382;14;7;29;1430;1;2;3;1;1;158;CENTRE (RUE DU);M;4662358;31613;860
201400037383;14;7;30;1820;1;2;1;1;2;194;., LAFAYETTE (AVENUE DE);;;;860
201400037384;14;8;5;1435;1;2;2;1;3;194;11 NOVEMBRE (AVENUE DU);;;;860
201400037385;14;8;5;1745;1;2;1;1;6;194;A REGULARISER;;;;860
201400037386;14;8;6;1700;1;2;1;1;7;194;144, PARIS (AVENUE DE);;;;860
201400037387;14;8;6;1810;1;2;2;1;3;194;LE PELETIER (AVENUE);;;;860
201400037388;14;8;10;1925;1;2;1;1;6;194;., JEANNE D'ARC (BOULEVA;;;;860
201400037389;14;8;18;1620;1;1;3;1;4;157;RN 147;;;;860
201400037390;14;8;19;1050;1;1;1;1;6;88;RN.10;;;;860
201400037391;14;8;19;2205;5;2;1;1;2;194;15, DIEUDONNE COSTES (RU;;;;860
201400037392;14;8;22;1040;1;2;2;1;3;194;., VOUNEUIL (RUE DE);;;;860
201400037393;14;8;22;1215;1;2;3;1;3;194;., TISON (BOULEVARD);;;;860
201400037394;14;8;23;1900;1;2;1;1;4;194;ROCADE EST (RD 162);;;;860
201400037395;14;8;24;923;1;1;1;1;6;157;RN 147;;;;860
201400037396;14;8;29;730;1;1;2;1;3;194;ROCADE OUEST (RD 910);;;;860
201400037397;14;8;29;1120;1;2;6;1;3;194;VICTOR SCHOELCHER (RUE);;;;860
201400037398;14;8;29;1240;1;2;2;1;3;194;., SALVADOR ALLENDE (RUE;;;;860
201400037399;14;8;29;1630;1;2;1;1;6;194;1, VALLEE MONNAIE (RUE D;;;;860
201400037400;14;8;29;1815;1;1;2;1;3;41;VALLEE (ROUTE DE LA);;;;860
201400037401;14;8;31;1725;1;2;2;1;3;194;., BARA (RUE);M;4658547;37470;860
201400037402;14;9;2;905;1;2;1;1;4;194;ROCADE OUEST (RD 910);;;;860
201400037403;14;9;4;1230;1;2;2;1;3;194;NANTES (AVENUE DE);M;4659252;32864;860
201400037404;14;9;6;1400;1;1;2;1;3;157;NOUAILLE (ROUTE DE);;;;860
201400037405;14;9;6;1450;1;2;2;1;3;194;19, GRIGNON DE MONTFORT;M;4658950;34225;860
201400037406;14;9;7;200;5;2;1;1;7;194;COURS (PROMENADE DES);;;;860
201400037407;14;9;10;1115;1;2;2;1;3;194;11 NOVEMBRE (AVENUE DU);;;;860
201400037408;14;9;11;850;1;2;3;7;3;194;., DIGUE (BOULEVARD DE L;M;4658183;35925;860
201400037409;14;9;12;1155;1;1;2;1;6;194;BIGNOUX (RUE DE);;;;860
201400037410;14;9;12;2320;3;1;1;1;6;157;RN 147;;;;860
201400037411;14;9;17;1845;1;2;3;1;6;194;., JACQUES COEUR (AVENUE;M;4656703;37636;860
201400037412;14;9;18;2130;5;1;1;1;6;133;1, Avenue de la Plage.;;;;860
201400037413;14;9;20;2125;3;1;1;8;6;158;RD 30;;;;860
201400037414;14;9;21;630;2;2;3;1;4;194;11 NOVEMBRE (AVENUE DU);;;;860
201400037415;14;9;22;615;2;2;2;1;3;194;ROCADE OUEST (RD 910);;;;860
201400037416;14;9;23;745;1;2;1;1;3;194;71, FAUBOURG PONT NEUF (;;;;860
201400037417;14;9;24;425;5;2;1;1;6;194;ROCADE EST (RD 162);;;;860
201400037418;14;9;25;1210;1;2;1;1;2;194;4, CUEILLE MIREBALAISE (;;;;860
201400037419;14;9;26;350;5;2;1;1;6;194;94, GRAND RUE (RUE);;;;860
201400037420;14;9;26;905;1;2;1;1;3;41;7, HIPPOLYTE VERON (RUE);;;;860
201400037421;14;9;27;735;2;1;1;1;1;194;ROCADE OUEST (RD 910);;;;860
201400037422;14;9;27;900;1;1;1;1;2;41;RN 147 BUXEROLLES;;;;860
201400037423;14;9;27;1855;1;2;2;1;6;41;10, HOTEL DE VILLE (RUE;M;4659835;35210;860
201400037424;14;9;28;115;5;2;1;1;6;194;137, QUATRE ROUES (RUE D;M;4658850;35044;860
201400037425;14;9;28;255;3;2;1;1;6;158;35, DANIEL MESMAINS (RUE;M;4663664;31229;860
201400037426;14;9;29;935;1;2;6;2;1;194;., MOZART (AVENUE);M;4656175;37363;860
201400037427;14;10;1;1550;1;2;2;1;1;194;RAOUL FOLLEREAU (RUE);M;4656726;38785;860
201400037428;14;10;3;755;1;2;1;1;6;194;187, NANTES (AVENUE DE);M;4658555;33037;860
201400037429;14;10;6;1305;1;1;1;2;2;194;49, LIBERATION (AVENUE D;M;4657062;32464;860
201400037430;14;10;6;2005;5;2;1;6;6;194;COIMBRA (PLACE DE);M;4658894;36010;860
201400037431;14;10;8;1400;1;2;6;1;2;194;LAFAYETTE (AVENUE DE);M;4657636;37432;860
201400037432;14;10;11;1320;1;2;1;1;6;194;0, NELSON MANDELA (RUE);M;4658756;37434;860
201400037433;14;10;13;800;1;2;3;1;2;194;ROCADE EST (RD 162);;;;860
201400037434;14;10;13;1755;1;2;2;1;2;214;ROCADE SUD EST (RD 162);;;;860
201400037435;14;10;16;1430;1;2;1;1;3;194;31, CUEILLE MIREBALAISE;M;4659420;33347;860
201400037436;14;10;18;1020;1;2;1;1;2;41;2, AMANDIERS (AVENUE DES;M;4659940;34367;860
201400037437;14;10;23;1240;1;2;1;1;2;194;., CHASSEIGNE (BOULEVARD;M;4658959;34640;860
201400037438;14;10;23;1750;1;2;1;1;1;158;RUE DE POITIERS JARDLAND;M;4661954;31121;860
201400037439;14;10;24;1330;1;2;3;1;3;194;., MARECHAL DE LATTRE DE;M;4658772;34903;860
201400037440;14;10;24;2210;5;2;1;1;6;214;26, FLEE (LIEU DIT);;;;860
201400037441;14;10;26;1845;1;2;1;1;3;194;., NORTHAMPTON (AVENUE D;M;4657850;37890;860
201400037442;14;10;25;2210;5;2;2;1;3;194;., Route de Parthenay;;;;860
201400037443;14;10;28;1910;5;2;3;1;6;194;., DIGUE (BOULEVARD DE L;M;4658196;35521;860
201400037444;14;10;29;1555;1;2;2;1;5;157;RN 147;;;;860
201400037445;14;10;29;1800;1;2;1;1;6;41;23, CHARLES DE GAULLE (A;M;4659876;36131;860
201400037446;14;11;3;740;1;2;1;1;6;194;24, HOCHE (AVENUE);;;;860
201400037447;14;11;3;1745;5;2;1;2;6;194;65, JOHN KENNEDY (AVENUE;;;;860
201400037448;14;11;4;2100;5;2;1;1;6;194;., RENE CASSIN (BOULEVAR;;;;860
201400037449;14;11;5;815;1;2;2;1;6;194;77, PONT ACHARD (BOULEVA;;;;860
201400037450;14;11;5;820;1;2;1;1;6;194;IAROSLAV (AVENUE DE);;;;860
201400037451;14;11;6;930;1;2;3;1;1;194;121, MONTBERNAGE (RUE DE;;;;860
201400037452;14;11;8;1830;5;2;2;1;1;194;PARTHENAY (Rte de) (RD 3;;;;860
201400037453;14;11;10;750;1;2;1;1;3;194;10, PARIS (AVENUE DE);;;;860
201400037454;14;11;10;1855;3;1;1;1;6;158;MOULINET (LIEU DIT);;;;860
201400037455;14;11;14;1340;1;2;1;2;6;194;., LAFAYETTE (AVENUE DE);;;;860
201400037456;14;11;14;1345;1;2;1;2;6;194;0, ANDRE MALRAUX (VOIE);;;;860
201400037457;14;11;16;1020;1;1;1;1;7;158;RN.149;;;;860
201400037458;14;11;16;1550;1;2;1;1;4;194;249, NANTES (AVENUE DE);;;;860
201400037459;14;11;17;1900;5;2;1;2;3;194;13, PONT SAINT CYPRIEN (;;;;860
201400037460;14;11;24;1810;3;1;1;2;3;194;RN 147;;;;860
201400037461;14;11;26;800;5;2;3;1;3;194;., HENRI DUNANT (RUE);;;;860
201400037462;14;11;26;1040;1;2;1;1;6;41;33, PIC VERT (RUE DU);;;;860
201400037463;14;11;26;2015;5;2;1;1;6;194;ANTOINE PARMENTIER (ALLE;M;4657354;37143;860
201400037464;14;11;28;1820;5;2;1;1;3;194;ROBERT SCHUMAN (AVENUE);;;;860
201400037465;14;11;28;2010;5;2;3;1;3;194;0, NANTES (AVENUE DE);;;;860
201400037466;14;11;30;140;3;1;1;1;6;158;RD 30;;;;860
201400037467;14;12;2;1950;5;2;1;2;6;157;229, NOUAILLE (ROUTE DE);;;;860