num_acc;an;mois;jour;hrmn;lum;agg;int;atm;col;com;adr;gps;lat;long;dep
201400037468;14;12;3;610;5;2;1;8;2;194;., 8 MAI 1945 (AVENUE DU;;;;860
201400037469;14;12;4;1845;3;2;3;2;6;41;ROMAINE (VOIE);M;4659490;35572;860
201400037470;14;12;6;1350;1;2;1;1;3;194;1, PROVIDENCE (RUE DE LA;M;4656368;36657;860
201400037471;14;12;9;720;3;2;1;9;6;214;., ROCADE SUD EST (RD 16;;;;860
201400037472;14;12;9;740;3;1;1;9;6;133;POIRE (CHEMIN LE));;;;860
201400037473;14;12;9;745;5;2;1;9;7;194;., JEAN DE BERRY (PLACE);;;;860
201400037474;14;12;9;820;2;2;1;9;6;214;., LORCH (AVENUE DE);;;;860
201400037475;14;12;9;900;1;2;1;1;7;194;JOHN KENNEDY (AVENUE);;;;860
201400037476;14;12;9;1815;5;2;2;1;5;194;ROCADE OUEST (RD 910);;;;860
201400037477;14;12;12;2005;3;2;1;2;6;214;ROCADE SUD EST (RD 162);;;;860
201400037478;14;12;11;2010;3;1;1;2;4;214;ROCADE SUD EST (RD 162);;;;860
201400037479;14;12;14;720;2;2;1;2;6;194;105, GRAND CERF (BOULEVA;M;4658317;33511;860
201400037480;14;12;14;950;1;2;1;2;6;194;ROCADE OUEST (RD 910);;;;860
201400037481;14;12;15;930;1;2;1;1;6;194;93, PORTEAU (RUE DU);;;;860
201400037482;14;12;16;935;1;2;1;1;6;194;ANDRE MALRAUX (VOIE);;;;860
201400037483;14;12;18;2115;5;2;1;2;4;194;40, FAUBOURG PONT NEUF (;M;4657595;35379;860
201400037484;14;12;20;535;3;1;1;1;2;157;1617, CHAUVIGNY (ROUTE D;M;4656296;41477;860
201400037485;14;12;21;615;3;1;1;1;6;41;RN 147 BUXEROLLES;;;;860
201400037486;14;12;22;1100;1;2;1;1;6;194;JOHN KENNEDY (AVENUE);;;;860
201400037487;14;12;23;1750;5;2;1;1;3;194;8, LATTRE DE TASSIGNY (B;M;4658462;35134;860
201400037488;14;12;25;1850;3;2;3;1;3;157;RN 147;;;;860
201400037489;14;12;31;1205;1;2;1;1;2;194;29/31, PAUL VERLAINE (RU;M;4656736;35929;860
201400037490;14;1;2;1223;1;1;1;1;7;85;AUTOROUTE A20;;;;870
201400037491;14;1;7;1811;5;2;1;1;6;85;03, CHURCHILL WINSTON (P;;;;870
201400037492;14;1;8;1438;1;2;1;1;6;85;15, CLOS SAINTE MARIE (R;;;;870
201400037493;14;1;10;1647;1;2;1;1;5;50;0, MOULIN (ALLEE JEAN);;;;870
201400037494;14;1;12;1119;1;2;2;1;1;85;02, RESISTANCE LIMOUSINE;;;;870
201400037495;14;1;13;1724;1;2;1;1;6;85;PALAIS (ROUTE DU);;;;870
201400037496;14;1;13;1704;1;2;1;1;6;85;75, LABUSSIERE (AVENUE E;;;;870
201400037497;14;1;13;1544;1;2;3;1;3;113;0, BOURNAZEAU (LE);;;;870
201400037498;14;1;14;1635;1;2;3;1;3;85;0, CASSEAUX (AVE DES) (V;;;;870
201400037499;14;1;14;1752;5;2;1;1;6;85;1, MARCONI (AVENUE);;;;870
201400037500;14;1;16;533;3;1;1;2;6;85;AUTOROUTE A20;;;;870
201400037501;14;1;17;1805;5;2;1;1;6;85;253, DUTREIX (RUE ARMAND;;;;870
201400037502;14;1;17;1611;1;2;1;1;6;85;PORT DU NAVEIX (RUE DU);;;;870
201400037503;14;1;22;750;2;1;1;1;4;85;AUTOROUTE A20;;;;870
201400037504;14;1;22;950;1;2;2;1;5;85;67, LECLERC (AVENUE DU G;;;;870
201400037505;14;1;22;1603;1;2;1;2;2;85;221 ter, LECLERC (AVENUE;;;;870
201400037506;14;1;23;928;1;2;1;2;6;85;22, VIGNERAS (RUE PAUL);;;;870
201400037507;14;1;24;737;2;2;1;2;3;75;RD79;;;;870
201400037508;14;1;25;1255;1;2;2;2;6;85;332, BRIAND (RUE ARISTID;;;;870
201400037509;14;1;26;2003;5;2;1;2;6;85;115, LATTRE-DE-TASSIGNY;;;;870
201400037510;14;1;28;844;1;1;1;2;4;85;AUTOROUTE A20;;;;870
201400037511;14;1;30;757;5;2;1;2;6;85;26, RUCHOUX (AVENUE DES);;;;870
201400037512;14;1;30;1730;1;2;1;1;3;113;06, JAURES (RUE JEAN);;;;870
201400037513;14;2;1;2211;5;2;1;1;6;85;1, PERIN (BOULEVARD GEOR;;;;870
201400037514;14;2;5;806;2;2;1;2;6;85;13, CERAMIQUE (RUE DE LA;;;;870
201400037515;14;2;7;1924;5;2;1;2;3;85;65, PERRIN (RUE FRANCOIS;;;;870
201400037516;14;2;9;1401;1;2;3;2;3;85;46, ISLE (RUE D');;;;870
201400037517;14;2;10;1325;1;2;2;2;6;85;149, VANTEAUX (BOULEVARD;;;;870
201400037518;14;2;10;1206;1;2;1;2;6;85;101, MONTJOVIS (AVENUE);;;;870
201400037519;14;2;10;1925;5;2;2;1;3;85;0, STALINGRAD (PLACE);;;;870
201400037520;14;2;12;1939;5;2;3;2;3;85;23, MAUVENDIERE (RUE DE;;;;870
201400037521;14;2;13;650;5;2;1;2;6;85;07, BEAUBREUIL (PLACE DE;;;;870
201400037522;14;2;15;821;1;1;1;2;6;48;0, NEXON (ROUTE DE);;;;870
201400037523;14;2;15;1204;1;1;1;1;6;114;3, PUY MOULINIER - LIEU;;;;870
201400037524;14;2;15;1859;5;2;1;1;6;85;71, GARIBALDI (AVENUE);;;;870
201400037525;14;2;16;1525;1;1;1;2;6;85;AUTOROUTE A20;;;;870
201400037526;14;2;17;835;1;1;1;1;4;85;38, RD941 (OUEST);;;;870
201400037527;14;2;18;1635;1;2;1;1;6;85;14, BUXEROLLES (RUE DE);;;;870
201400037528;14;2;19;1753;1;2;1;1;2;50;66, RN 147;;;;870
201400037529;14;2;20;1140;1;2;3;1;3;85;0, PONT NEUF;;;;870
201400037530;14;2;22;1107;1;2;3;1;6;85;3, CHARPENTIER (RUE);;;;870
201400037531;14;2;24;855;1;2;1;1;3;85;416, TOULOUSE (RUE DE);;;;870
201400037532;14;2;24;1216;1;2;2;1;6;85;1, BLANC LOUIS (BOULEVAR;;;;870
201400037533;14;2;26;834;1;2;1;2;6;85;86, LECLERC (AVENUE DU G;;;;870
201400037534;14;2;26;1751;1;2;1;1;4;85;0, FERRER (RUE FRANCISCO;;;;870
201400037535;14;3;5;1209;1;2;1;1;6;85;32, FABRE EGLANTINE (ALL;;;;870
201400037536;14;3;6;1235;1;2;1;1;1;85;15, ROUSSEAU (RUE JEAN J;;;;870
201400037537;14;3;8;1433;1;2;3;1;5;85;267, PERRIN (RUE FRANCOI;;;;870
201400037538;14;3;11;650;2;2;1;1;6;85;42, LATTRE-DE-TASSIGNY (;;;;870
201400037539;14;3;11;822;1;2;1;1;4;85;10, BEAUBLANC (BOULEVARD;;;;870
201400037540;14;3;13;1012;1;2;1;1;3;85;245, TOULOUSE (RUE DE);;;;870
201400037541;14;3;13;1409;1;2;1;1;6;85;35, SERRES (RUE OLIVIER;;;;870
201400037542;14;3;13;1758;1;2;1;1;2;85;95, VIGENAL (BOULEVARD D;;;;870
201400037543;14;3;14;825;1;2;1;1;6;85;23, JOFFRE (RUE DU MAREC;;;;870
201400037544;14;3;14;1410;1;2;1;1;3;85;22, CASSEAUX (AVE DES) (;;;;870
201400037545;14;3;16;1628;1;2;1;1;6;85;142, NEXON (RUE DE);;;;870
201400037546;14;3;15;1329;1;2;3;1;2;85;149, VANTEAUX (BOULEVARD;;;;870
201400037547;14;3;18;755;1;2;1;1;3;50;143, LIMOGES (AVENUE DE);;;;870
201400037548;14;3;18;749;1;2;2;1;3;50;RN 147;;;;870
201400037549;14;3;18;1210;1;2;1;1;6;85;0, BUXEROLLES (RUE DE);;;;870
201400037550;14;3;19;1139;1;2;1;1;6;85;59, SEMARD (RUE PIERRE);;;;870
201400037551;14;3;19;1705;1;2;3;1;3;113;0, BRIAND (AVENUE ARISTI;;;;870
201400037552;14;3;21;128;5;2;1;2;6;85;11, FONTAUBERT (RUE DE);;;;870
201400037553;14;3;22;1900;1;2;7;1;3;85;13, JOURDAN (PLACE);;;;870
201400037554;14;3;23;1758;1;2;3;1;3;85;0, SCHUMAN (BOULEVARD RO;;;;870
201400037555;14;3;24;618;5;2;1;1;6;85;0, BROGLIE (AVENUE LOUIS;;;;870
201400037556;14;3;24;1726;1;2;1;1;6;85;40, GAMBETTA (BOULEVARD);;;;870
201400037557;14;3;26;1734;1;2;2;1;6;85;02, LE BAIL (RUE JEAN);;;;870
201400037558;14;3;29;1619;1;2;3;1;3;85;09, GIFFARD (RUE HENRI);;;;870
201400037559;14;3;30;716;5;2;2;1;6;85;0, CHURCHILL WINSTON (PL;;;;870
201400037560;14;3;31;722;1;1;1;1;6;65;AUTOROUTE A20;;;;870
201400037561;14;4;1;1838;1;2;1;1;6;85;78, CHENIEUX (RUE FRANCO;;;;870
201400037562;14;4;3;1257;1;2;1;2;3;85;26, CHINCHAUVAUD (RUE DU;;;;870
201400037563;14;4;3;1905;1;2;1;1;6;85;40, GARIBALDI (AVENUE);;;;870
201400037564;14;4;3;1946;2;2;3;1;3;85;74, GRAND-TREUIL (RUE DU;;;;870
201400037565;14;4;5;2234;5;2;2;1;3;85;37, PETINIAUD BEAUPEYRAT;;;;870
201400037566;14;4;9;822;1;2;3;1;3;85;13, JOURDAN (COURS);;;;870
201400037567;14;4;9;1230;1;2;3;1;2;65;19, PLAISANCE (RUE DE);;;;870
201400037568;14;4;9;1756;1;2;1;1;6;85;0, CATROUX (RUE DU GENER;;;;870
201400037569;14;4;10;902;1;2;1;1;1;114;02, BETOULLE (AVENUE LEO;;;;870
201400037570;14;4;13;1001;1;2;1;1;1;85;60, MONTJOVIS (AVENUE);;;;870
201400037571;14;4;13;1140;1;1;3;1;3;85;0, BROGLIE (AVENUE LOUIS;;;;870
201400037572;14;4;15;1833;1;2;9;1;3;85;01, MICHAUD (RUE EDOUARD;;;;870
201400037573;14;4;15;1955;1;2;2;1;3;85;0, SABLARD (AVENUE DE);;;;870
201400037574;14;4;16;804;1;2;9;1;3;85;400, RUE DE TOULOUSE;;;;870
201400037575;14;4;16;900;1;2;1;1;6;85;20, MAUVENDIERE (RUE DE;;;;870
201400037576;14;4;16;1228;1;2;3;1;3;85;11, ALSACE LORRAINE (RUE;;;;870
201400037577;14;4;16;1746;1;2;2;1;3;85;106, RUBEN (AVENUE ERNES;;;;870
201400037578;14;4;17;707;1;2;2;1;2;85;0, FOUGERAS (RUE DE);;;;870
201400037579;14;4;18;2317;5;2;1;1;6;85;105, BAC (RUE THEODORE);;;;870
201400037580;14;4;19;1905;1;2;1;1;5;85;227, LECLERC (AVENUE DU;;;;870
201400037581;14;4;20;1120;1;2;1;1;6;85;75, THOMAS (AVENUE ALBER;;;;870
201400037582;14;4;22;1545;1;2;1;1;6;85;252, LECLERC (AVENUE DU;;;;870
201400037583;14;4;22;1611;1;2;3;1;3;85;101, BRIAND (RUE ARISTID;;;;870
201400037584;14;4;23;1208;1;2;1;1;6;85;37, DUMAS (AVENUE GEORGE;;;;870
201400037585;14;4;23;1950;1;2;1;2;2;85;22, LATTRE-DE-TASSIGNY (;;;;870
201400037586;14;4;24;1920;1;2;2;2;3;85;0, MICHAUD (RUE EDOUARD);;;;870
201400037587;14;4;26;133;5;2;1;2;1;85;22, LEGENDRE (RUE CHARLE;;;;870
201400037588;14;4;26;1202;1;2;3;2;3;85;01, JAMOT (RUE EUGENE);;;;870
201400037589;14;4;26;2032;1;2;1;2;6;85;05, SABLARD (AVENUE DE);;;;870
201400037590;14;4;27;1955;1;1;1;2;6;85;AUTOROUTE A20;;;;870
201400037591;14;4;28;1150;1;2;1;2;3;50;02, LIMOGES (AVENUE DE);;;;870
201400037592;14;4;29;2049;2;2;3;3;6;85;02, PETITES CARMES (BOUL;;;;870
201400037593;14;4;30;1845;1;2;3;1;3;85;12, GAY-LUSSAC (COURS);;;;870
201400037594;14;4;30;1944;1;2;1;1;2;85;11, CEREZ (RUE DU GENERA;;;;870
201400037595;14;5;2;926;1;2;1;2;2;85;33, APPERT (RUE NICOLAS);;;;870
201400037596;14;5;3;1717;1;2;3;1;3;85;51, PISSARO (RUE CAMILLE;;;;870
201400037597;14;5;4;1333;5;2;3;1;6;85;57, MONTMAILLER (RUE);;;;870
201400037598;14;5;5;1714;1;2;2;1;3;85;25, MONTEGUT (RUE EMILE);;;;870
201400037599;14;5;7;751;1;2;2;1;6;85;0, MONNET (RUE JEAN);;;;870
201400037600;14;5;7;1505;1;2;1;1;6;85;23, ARGENTIERS (RUE DES);;;;870
201400037601;14;5;7;1623;1;2;3;1;3;85;273, PERRIN (RUE FRANCOI;;;;870
201400037602;14;5;8;2016;1;2;1;1;6;85;28, GARIBALDI (AVENUE);;;;870
201400037603;14;5;12;1331;1;2;2;2;3;85;32, BAUDIN ( AVENUE) (VC;;;;870
201400037604;14;5;16;1645;1;2;1;1;6;85;2bis, PETINIAUD BEAUPEYR;;;;870
201400037605;14;5;19;845;1;2;1;2;4;85;27, BEL AIR (BOULEVARD D;;;;870
201400037606;14;5;20;1758;1;2;3;1;3;85;19, LECLERC (AVENUE DU G;;;;870
201400037607;14;5;22;25;5;2;1;2;6;85;0, VALOINE (BOULEVARD DE;;;;870
201400037608;14;5;22;1611;1;2;2;1;3;85;VANTEAUX (BOULEVARD DE);;;;870
201400037609;14;5;23;747;1;1;2;1;6;50;104, RD947;;;;870
201400037610;14;5;25;624;2;2;2;2;3;85;26, PALMIERS (RUE DES);;;;870
201400037611;14;5;25;1622;1;2;2;2;3;75;0, ARAGON (AVENUE LOUIS);;;;870
201400037612;14;5;26;1235;1;2;3;2;4;85;SCHUMAN (BOULEVARD ROBER;;;;870
201400037613;14;5;27;2056;2;2;3;1;3;85;367, TOULOUSE (RUE DE);;;;870
201400037614;14;5;30;1439;1;2;3;1;2;85;158, VANTEAUX (BOULEVARD;;;;870
201400037615;14;5;30;2206;5;2;2;1;3;85;85, LOUYAT (AVENUE DE);;;;870
201400037616;14;5;31;2156;1;2;3;1;6;85;02, PETINIAUD BEAUPEYRAT;;;;870
201400037617;14;6;2;1350;1;2;1;1;2;85;11, LEBON (RUE PHILIPPE);;;;870
201400037618;14;6;2;1704;1;2;1;1;3;85;12, PAGUENAUD (RUE JEAN-;;;;870
201400037619;14;6;4;820;1;2;3;2;3;85;83, LATTRE-DE-TASSIGNY (;;;;870
201400037620;14;6;4;1120;1;2;1;2;6;85;09, ERMITAGE (RUE DE L');;;;870
201400037621;14;6;4;1152;1;2;2;2;2;85;275, DUTREIX (RUE ARMAND;;;;870
201400037622;14;6;5;1806;1;1;1;1;2;65;VALIN (AVENUE MARTIAL);;;;870
201400037623;14;6;5;1824;1;2;3;1;2;85;01, MAS-BOUYOL  (CITE ET;;;;870
201400037624;14;6;6;2000;1;2;3;1;3;85;32, CHURCHILL WINSTON (P;;;;870
201400037625;14;6;8;1900;1;2;1;1;6;85;30, GAY-LUSSAC (COURS);;;;870
201400037626;14;6;10;847;1;2;3;1;6;85;42, LATTRE-DE-TASSIGNY (;;;;870
201400037627;14;6;10;1301;1;2;1;1;6;85;25, DORGELES (AVENUE ROL;;;;870
201400037628;14;6;10;2017;1;2;1;1;6;65;PAGNOL (AVENUE MARCEL-);;;;870
201400037629;14;6;11;1535;1;2;3;1;3;114;31, LEYSSENE (JOSEPH-);;;;870
201400037630;14;6;12;854;1;2;9;1;3;65;RD979;;;;870
201400037631;14;6;12;1627;1;2;3;1;3;65;0, LEGRAND (RUE FREDERIC;;;;870
201400037632;14;6;12;1620;1;2;1;1;6;85;19, FEYTIAT (RUE DE);;;;870
201400037633;14;6;14;1705;1;1;3;1;2;85;21, MOCQUET(RUE GUY);;;;870
201400037634;14;6;15;1951;1;2;1;1;6;85;70, BAUDIN ( AVENUE) (VC;;;;870
201400037635;14;6;16;1315;1;2;1;1;6;85;14, PUY IMBERT (RUE DU);;;;870
201400037636;14;6;17;814;1;2;3;1;3;85;65, BEAUPUY (RUE DE);;;;870
201400037637;14;6;17;1213;1;2;3;1;5;85;104, RUCHOUX (AVENUE DES;;;;870
201400037638;14;6;19;827;1;2;3;1;2;85;REYNIE (RUE DE LA);;;;870
201400037639;14;6;19;1610;1;1;2;1;5;50;0, MONTIN (ROUTE DU);;;;870
201400037640;14;6;22;1803;1;1;1;1;5;85;AUTOROUTE A20;;;;870
201400037641;14;6;24;1730;1;2;1;1;2;85;18, CONSULAT (RUE DU);;;;870
201400037642;14;6;24;1846;1;2;1;1;6;85;VIGENAL (BOULEVARD DU);;;;870
201400037643;14;6;24;2201;2;2;1;1;6;85;49, GARIBALDI (AVENUE);;;;870
201400037644;14;6;28;1233;1;2;1;1;6;85;0, CHURCHILL WINSTON (PL;;;;870
201400037645;14;6;30;1805;1;2;2;1;3;85;11, COMTE (RUE AUGUSTE);;;;870
201400037646;14;7;1;1145;1;2;1;1;3;85;33, MICHAUD (RUE EDOUARD;;;;870
201400037647;14;7;1;1654;1;2;1;1;6;85;22, NORIAC (RUE JULES);;;;870
201400037648;14;7;1;1648;1;2;1;1;6;85;0, KING (AVENUE MARTIN L;;;;870
201400037649;14;7;2;755;1;2;1;1;4;85;145, FEYTIAT (RUE DE);;;;870
201400037650;14;7;5;2035;1;2;1;1;6;85;67, SABLARD (AVENUE DE);;;;870
201400037651;14;7;7;927;1;2;2;1;6;85;55, GAMBETTA (BOULEVARD);;;;870
201400037652;14;7;7;1133;1;2;2;1;3;85;11, AQUITAINE (RUE D');;;;870
201400037653;14;7;8;1614;1;2;1;1;3;85;0, BASTIAT (RUE FREDERIC;;;;870
201400037654;14;7;9;1228;1;2;3;1;3;114;0, JAURES (AVENUE JEAN-);;;;870
201400037655;14;7;10;1716;1;2;1;1;6;85;0, FOUCAUD (AVENUE);;;;870
201400037656;14;7;12;2016;1;2;1;1;6;85;2, MESSAGER (RUE ANDRE);;;;870
201400037657;14;7;13;1609;1;1;1;2;6;85;BELLAC (RUE DE);;;;870
201400037658;14;7;15;1630;1;2;1;2;6;85;1, CEREZ (RUE DU GENERAL;;;;870
201400037659;14;7;16;1009;1;1;1;1;6;85;0, GROSSEREIX (ROND POIN;;;;870
201400037660;14;7;16;1636;1;2;3;1;3;85;ALLENDE (QUAI SALVADOR);;;;870
201400037661;14;7;16;2040;1;2;1;1;6;85;0, JOFFRE (RUE DU MARECH;;;;870
201400037662;14;7;17;1030;1;2;1;1;6;85;10, DUPUYTREN (RUE);;;;870
201400037663;14;7;18;813;1;2;1;1;6;85;2 Ter, PALISSY (RUE BERN;;;;870
201400037664;14;7;19;1155;1;1;1;1;6;85;RD914;;;;870
201400037665;14;7;20;1041;1;1;1;1;6;114;4, LIEVRES (ROUTE DES);;;;870
201400037666;14;7;21;959;1;2;2;1;3;85;5, JAURES (RUE JEAN);;;;870
201400037667;14;7;21;1453;1;2;1;1;2;85;BORIE (BOULEVARD DE LA);;;;870
201400037668;14;7;22;1810;1;1;1;1;6;85;AUTOROUTE A20;;;;870
201400037669;14;7;22;2004;1;2;2;1;3;85;ALLENDE (QUAI SALVADOR);;;;870
201400037670;14;7;23;1;5;2;1;1;3;114;2, MONNET (AVENUE JEAN-);;;;870
201400037671;14;7;25;1145;1;2;2;1;3;85;MAS-BOUYOL  (CITE ET BOU;;;;870
201400037672;14;7;25;1842;1;2;3;1;2;85;26, THOMAS (AVENUE ALBER;;;;870
201400037673;14;7;28;833;1;1;1;2;6;85;AUTOROUTE A20;;;;870
201400037674;14;7;28;1155;1;2;3;1;6;85;02, RESISTANCE LIMOUSINE;;;;870
201400037675;14;7;28;1640;1;2;1;1;1;85;04, MESSAGER (RUE ANDRE);;;;870
201400037676;14;7;31;1245;1;2;2;1;6;85;0, VALOINE (BOULEVARD DE;;;;870
201400037677;14;8;1;1340;1;2;1;1;3;85;160, RUE F. PERRIN;;;;870
201400037678;14;8;1;1345;1;2;1;1;3;85;127, PERRIN (RUE FRANCOI;;;;870
201400037679;14;8;2;2148;2;1;2;1;6;50;52, RD947;;;;870
201400037680;14;8;3;2030;1;1;1;2;6;85;AUTOROUTE A20;;;;870
201400037681;14;8;4;1248;1;1;1;1;3;114;RD941;;;;870
201400037682;14;8;4;1558;1;2;1;1;6;85;1, COURAUD (RUE RAYMOND);;;;870
201400037683;14;8;5;1552;1;1;1;1;1;75;RN 21;;;;870
201400037684;14;8;6;1831;1;2;1;2;6;85;0, VALOINE (BOULEVARD DE;;;;870
201400037685;14;8;7;942;1;2;3;2;4;85;89, FOUGERAS (RUE DE);;;;870
201400037686;14;8;7;1620;1;2;1;1;3;85;93, BAUDIN ( AVENUE) (VC;;;;870
201400037687;14;8;8;1310;1;1;1;2;6;85;AUTOROUTE A20;;;;870
201400037688;14;8;9;834;1;2;1;1;6;85;10, MICHELS (RUE CHARLES;;;;870
201400037689;14;8;10;1435;1;1;1;2;6;75;RN 21;;;;870
201400037690;14;8;11;2252;5;2;1;1;6;85;184, LANDOUGE (AVENUE DE;;;;870
201400037691;14;8;13;1505;1;2;2;1;6;75;0, ARAGON (AVENUE LOUIS);;;;870
201400037692;14;8;14;1610;1;2;1;2;6;85;01, GIFFARD (RUE HENRI);;;;870
201400037693;14;8;14;1958;2;1;1;1;6;85;AUTOROUTE A20;;;;870
201400037694;14;8;14;2108;1;2;3;1;3;85;BORIE (BOULEVARD DE LA);;;;870
201400037695;14;8;16;1051;1;1;1;1;6;48;CHAMBON (LIEU DIT LE GUE;;;;870
201400037696;14;8;18;1216;1;2;1;1;6;85;0, FOCH (RUE DU MARECHAL;;;;870
201400037697;14;8;18;2041;1;2;3;1;3;85;1, AINE (PLACE D');;;;870
201400037698;14;8;19;1205;1;2;1;1;6;85;28, GAY-LUSSAC (COURS);;;;870
201400037699;14;8;20;1839;1;2;1;1;6;85;VANTEAUX (BOULEVARD DE);;;;870
201400037700;14;8;21;956;1;2;1;1;6;85;180, LANDOUGE (AVENUE DE;;;;870
201400037701;14;8;22;1435;1;1;1;1;2;85;AUTOROUTE A20;;;;870
201400037702;14;8;23;1142;1;1;1;3;4;85;AUTOROUTE A20;;;;870
201400037703;14;8;23;1325;1;1;1;1;4;50;RN520 (COUZEIX);;;;870
201400037704;14;8;23;1301;1;2;1;1;6;85;35, NEXON (RUE DE);;;;870
201400037705;14;8;23;1517;1;2;1;1;6;85;0, SAGNES (RUE DES);;;;870
201400037706;14;8;23;1227;1;2;1;1;6;85;78, SAINT MARTIAL (QUAI);;;;870
201400037707;14;8;24;414;5;2;1;1;6;85;103, FEYTIAT (RUE DE);;;;870
201400037708;14;8;24;1357;1;2;1;1;2;85;47, DUMAS (AVENUE GEORGE;;;;870
201400037709;14;8;24;1420;1;2;1;1;2;85;183, BORIE (BOULEVARD DE;;;;870
201400037710;14;8;25;2030;1;2;2;1;3;85;MAS-BOUYOL  (CITE ET BOU;;;;870
201400037711;14;8;27;1426;1;2;1;1;4;85;21, BELLAC (RUE DE);;;;870
201400037712;14;8;27;1640;1;2;1;1;6;85;36, JAURES (RUE JEAN);;;;870
201400037713;14;8;29;1321;1;2;3;1;3;75;RN 21;;;;870
201400037714;14;8;29;1500;1;2;1;1;2;85;04, BEAUBREUIL (AVENUE D;;;;870
201400037715;14;8;30;1201;1;2;1;1;3;85;51, BAUDIN ( AVENUE) (VC;;;;870
201400037716;14;8;30;2033;1;2;1;1;1;113;09, MOULIN (AVENUE JEAN);;;;870
201400037717;14;9;1;1012;1;2;1;1;6;85;90, RUCHOUX (AVENUE DES);;;;870
201400037718;14;9;1;1936;1;2;1;1;6;85;0, JOURDAN (PLACE);;;;870
201400037719;14;9;1;2126;5;2;1;1;1;65;0, LEGRAND (RUE FREDERIC;;;;870
201400037720;14;9;3;2152;5;2;1;1;1;85;139, DUTREIX (RUE ARMAND;;;;870
201400037721;14;9;4;1726;1;2;1;1;6;85;81, PERRIN (RUE FRANCOIS;;;;870
201400037722;14;9;5;1544;1;2;1;1;6;85;53, EDISON (RUE);;;;870
201400037723;14;9;6;1153;1;2;3;1;3;113;0, PASTEUR (RUE);;;;870
201400037724;14;9;7;723;2;2;1;1;6;85;0, CLOUET (RUE);;;;870
201400037725;14;9;8;1709;1;2;1;1;3;85;12, GARIBALDI (AVENUE);;;;870
201400037726;14;9;9;844;1;2;3;1;3;85;106, RUBEN (AVENUE ERNES;;;;870
201400037727;14;9;9;1757;1;2;1;1;2;85;0, BEAUBREUIL (PLACE DE);;;;870
201400037728;14;9;10;1045;1;2;1;1;6;85;11, VENTADOUR (RUE BERNA;;;;870
201400037729;14;9;10;1810;1;2;1;1;6;85;65, BASTIE (RUE MARYSE);;;;870
201400037730;14;9;10;1826;1;2;1;2;6;85;RD941 (OUEST);;;;870
201400037731;14;9;11;2353;5;2;1;1;3;85;30, CASSEAUX (AVE DES) (;;;;870
201400037732;14;9;13;1618;1;2;1;1;6;85;29, PORTES FERREES (RUE;;;;870
201400037733;14;9;17;1054;1;2;1;1;6;85;69, GARIBALDI (AVENUE);;;;870
201400037734;14;9;17;1616;1;2;1;1;7;85;6, GARIBALDI (AVENUE);;;;870
201400037735;14;9;18;814;1;2;3;1;3;85;33, DUMAS (AVENUE GEORGE;;;;870
201400037736;14;9;22;1408;1;2;1;1;6;85;5, GAMBETTA (BOULEVARD);;;;870
201400037737;14;9;22;1529;1;2;1;1;6;114;01, BLUM (AVENUE LEON-);;;;870
201400037738;14;9;23;1137;1;2;1;1;3;85;42, NEXON (RUE DE);;;;870
201400037739;14;9;25;1008;1;2;1;1;2;85;05, CARNOT (BOULEVARD);;;;870
201400037740;14;9;25;1210;1;2;1;1;6;85;14, CARNOT (BOULEVARD);;;;870
201400037741;14;9;25;1512;1;2;3;1;3;85;31, GIFFARD (RUE HENRI);;;;870
201400037742;14;9;26;806;1;2;3;1;3;85;120, MONTJOVIS (AVENUE);;;;870
201400037743;14;9;26;1027;1;2;1;1;6;85;05, JAURES (RUE JEAN);;;;870
201400037744;14;9;27;1440;1;2;3;1;3;114;PRESSEMANE (AVENUE ADRIE;;;;870
201400037745;14;9;27;1925;1;2;1;1;1;48;27, MONTAIGNE (RUE);;;;870
201400037746;14;9;28;810;1;2;1;1;6;114;39, PUY LA RUE - LIEU DI;;;;870
201400037747;14;9;29;914;1;1;1;2;6;85;AUTOROUTE A20;;;;870
201400037748;14;9;29;842;1;2;1;3;4;85;0, VALOINE (BOULEVARD DE;;;;870
201400037749;14;9;30;1014;1;2;1;1;6;85;28, LECLERC (AVENUE DU G;;;;870
201400037750;14;10;1;745;2;2;1;5;6;85;91, LEGENDRE (RUE CHARLE;;;;870
201400037751;14;10;1;1721;1;2;1;1;6;85;23, JOFFRE (RUE DU MAREC;;;;870
201400037752;14;10;2;2043;5;2;3;1;3;85;118, MONTJOVIS (AVENUE);;;;870
201400037753;14;10;3;700;4;2;1;1;6;85;01, QUEUILLE (PLACE HENR;;;;870
201400037754;14;10;3;925;1;2;1;1;6;113;18, BASTIE (AVENUE MARYS;;;;870
201400037755;14;10;3;2231;5;2;3;1;3;85;27, CHENIEUX (RUE FRANCO;;;;870
201400037756;14;10;3;2258;5;2;1;1;6;85;0, CAMBUSES (Avenue des);;;;870
201400037757;14;10;5;1040;1;2;3;2;3;85;05 bis, HUGO (BOULEVARD;;;;870
201400037758;14;10;6;1802;1;2;1;2;6;85;40, HOCHE (RUE);;;;870
201400037759;14;10;6;2131;3;1;1;1;6;75;RN 21;;;;870
201400037760;14;10;7;745;2;2;1;2;6;85;0, PONT NEUF (RAMPE DU);;;;870
201400037761;14;10;7;915;1;2;1;1;5;85;216, BAUDIN ( AVENUE) (V;;;;870
201400037762;14;10;8;2211;5;2;1;1;6;85;173, THOMAS (AVENUE ALBE;;;;870
201400037763;14;10;9;329;5;2;1;3;6;85;12, JOURDAN (PLACE);;;;870
201400037764;14;10;9;759;2;2;1;2;6;85;236, DUTREIX (RUE ARMAND;;;;870
201400037765;14;10;10;356;5;2;1;2;6;85;03, MONTJOVIS (AVENUE);;;;870
201400037766;14;10;10;1353;1;2;3;1;3;85;0, LARREY (AVENUE DOMINI;;;;870
201400037767;14;10;12;1836;1;2;3;1;3;85;17, ARC (RUE JEANNE D');;;;870
201400037768;14;10;13;1452;1;2;1;1;6;85;96, LABUSSIERE (AVENUE E;;;;870
201400037769;14;10;14;1407;1;2;3;1;3;85;03, BUISSON (AVENUE DU);;;;870
201400037770;14;10;17;104;5;1;1;2;6;75;RN 21;;;;870
201400037771;14;10;17;927;1;2;2;1;6;85;1, LOUYAT (AVENUE DE);;;;870
201400037772;14;10;17;1054;1;2;2;1;3;85;0, PONT NEUF;;;;870
201400037773;14;10;17;1638;1;2;2;1;3;85;0, PONT NEUF;;;;870
201400037774;14;10;18;1650;1;2;1;1;6;75;21, CAZAUTETS (RUE JOSEP;;;;870
201400037775;14;10;18;2302;5;2;3;1;3;85;ALLENDE (QUAI SALVADOR);;;;870