num_acc;an;mois;jour;hrmn;lum;agg;int;atm;col;com;adr;gps;lat;long;dep
201400037776;14;10;19;1336;1;2;1;1;3;85;84, BAUDIN ( AVENUE) (VC;;;;870
201400037777;14;10;19;1755;1;2;2;1;3;85;7, AINE (PLACE D');;;;870
201400037778;14;10;19;2007;5;2;1;1;2;85;0, REVOLUTION (PONT DE L;;;;870
201400037779;14;10;21;1536;1;2;2;1;6;85;31, BUGEAUD (COURS);;;;870
201400037780;14;10;21;2308;5;2;1;1;2;85;FOUGERAS (RUE DE);;;;870
201400037781;14;10;22;2215;5;2;1;1;3;85;38, GARIBALDI (AVENUE);;;;870
201400037782;14;10;23;730;5;2;1;1;6;85;BORIE (BOULEVARD DE LA);;;;870
201400037783;14;10;23;1526;1;2;1;1;6;65;9, VALIN (AVENUE MARTIAL;;;;870
201400037784;14;10;23;1633;1;2;1;1;2;85;0, REVOLUTION (PONT DE L;;;;870
201400037785;14;10;24;1520;1;2;3;1;3;85;16, ALSACE LORRAINE (RUE;;;;870
201400037786;14;10;25;1813;1;1;1;2;2;85;AUTOROUTE A20;;;;870
201400037787;14;10;26;100;3;1;1;5;6;65;RD98;;;;870
201400037788;14;10;28;1137;1;1;1;1;3;85;AUTOROUTE A20;;;;870
201400037789;14;10;29;1436;1;1;1;1;6;85;0, GRAND BEAUNE (LIEU DI;;;;870
201400037790;14;10;29;2103;5;2;3;1;3;85;BEL AIR (BOULEVARD DE);;;;870
201400037791;14;10;30;2029;5;2;1;1;6;85;0, LEGENDRE (RUE CHARLES;;;;870
201400037792;14;10;30;2052;5;2;1;1;1;65;42, PAGNOL (AVENUE MARCE;;;;870
201400037793;14;10;31;1827;3;1;1;1;7;75;RD79;;;;870
201400037794;14;11;3;555;5;1;1;2;2;85;AUTOROUTE A20;;;;870
201400037795;14;11;3;842;1;2;1;1;3;85;212, CASSEAUX (AVE DES);;;;870
201400037796;14;11;3;606;5;1;1;1;6;85;;;;;870
201400037797;14;11;6;1859;5;2;1;1;2;85;45, DURUY (RUE VICTOR);;;;870
201400037798;14;11;7;1612;1;1;2;2;2;50;RD947;;;;870
201400037799;14;11;7;1732;1;2;1;1;2;85;41, SAINTE CLAIRE (RUE);;;;870
201400037800;14;11;7;2249;4;1;1;2;1;85;0, ESSARTS (RUE DES);;;;870
201400037801;14;11;9;1833;5;2;1;1;1;85;0, PRIEUR (RUE DU);;;;870
201400037802;14;11;10;1210;1;2;1;1;6;85;106, THUILLAT (RUE VICTO;;;;870
201400037803;14;11;10;2215;5;2;2;1;3;85;0, TOURNY (CARREFOUR);;;;870
201400037804;14;11;11;1218;1;2;1;1;6;85;2, KING (AVENUE MARTIN L;;;;870
201400037805;14;11;12;812;1;2;3;2;3;85;124, PERRIN (RUE FRANCOI;;;;870
201400037806;14;11;13;946;1;2;2;1;3;85;8, JAURES (RUE JEAN);;;;870
201400037807;14;11;13;1338;1;2;2;1;3;85;11, AINE (PLACE D');;;;870
201400037808;14;11;13;1644;1;2;1;1;6;85;2, FABRE EGLANTINE (ALLE;;;;870
201400037809;14;11;14;1351;1;2;1;2;3;85;38, BELLAC (RUE DE);;;;870
201400037810;14;11;15;858;1;2;2;1;3;75;0, MAI 1945 (RUE DU 8);;;;870
201400037811;14;11;15;2050;5;2;1;2;6;85;0, SCHUMAN (BOULEVARD RO;;;;870
201400037812;14;11;15;2114;5;2;2;2;3;85;1, TOURNY (CARREFOUR);;;;870
201400037813;14;11;16;1255;1;1;1;2;6;75;RN 21;;;;870
201400037814;14;11;17;1540;1;2;1;2;2;85;15, LARREY (AVENUE DOMIN;;;;870
201400037815;14;11;18;740;2;2;1;2;6;85;270, DUTREIX (RUE ARMAND;;;;870
201400037816;14;11;18;1233;1;1;1;2;6;85;AUTOROUTE A20;;;;870
201400037817;14;11;18;1804;5;2;3;2;4;85;35, RUBEN (AVENUE ERNEST;;;;870
201400037818;14;11;19;1638;1;1;1;1;2;85;ORADOUR SUR GLANE (CARRE;;;;870
201400037819;14;11;20;1701;1;2;1;1;6;85;69, LABUSSIERE (AVENUE E;;;;870
201400037820;14;11;20;2144;5;2;1;1;6;85;56, LECLERC (AVENUE DU G;;;;870
201400037821;14;11;21;1854;5;2;2;1;3;65;0, PONTEIX (AVENUE DU);;;;870
201400037822;14;11;26;1208;1;2;1;1;3;85;187, SOLIGNAC (RUE DE);;;;870
201400037823;14;11;28;1100;1;2;9;1;3;85;29, DE GAULLE (AVENUE DU;;;;870
201400037824;14;11;28;1340;1;2;1;1;6;85;79, GAMBETTA (BOULEVARD);;;;870
201400037825;14;12;2;1318;1;1;3;1;3;75;RD79;;;;870
201400037826;14;12;3;900;1;2;3;1;1;85;FEYTIAT (RUE DE);;;;870
201400037827;14;12;3;1331;1;2;1;1;7;85;SAINT MARTIAL (QUAI);;;;870
201400037828;14;12;5;1317;1;2;1;1;6;85;SCHUMAN (BOULEVARD ROBER;;;;870
201400037829;14;12;5;1623;1;2;1;2;2;85;BORIE (BOULEVARD DE LA);;;;870
201400037830;14;12;7;411;3;2;1;2;6;85;1, DE GAULLE (AVENUE DU;;;;870
201400037831;14;12;8;1825;3;2;1;2;4;85;26, PETITES MAISONS (RUE;;;;870
201400037832;14;12;9;1330;1;2;2;1;3;113;BARDYS (ROUTE DES);;;;870
201400037833;14;12;10;1328;1;2;1;2;1;85;104, SAINT GENCE (RUE DE;;;;870
201400037834;14;12;10;1754;5;1;1;2;4;85;AUTOROUTE A20;;;;870
201400037835;14;12;10;2100;3;1;1;2;6;85;AUTOROUTE A20;;;;870
201400037836;14;12;11;235;5;2;1;2;6;85;128, LATTRE-DE-TASSIGNY;;;;870
201400037837;14;12;15;1036;1;1;1;2;6;85;AUTOROUTE A20;;;;870
201400037838;14;12;13;2041;5;2;2;1;3;85;RN520;;;;870
201400037839;14;12;15;1021;1;2;1;1;6;85;15, AURIOL (AVENUE DU PR;;;;870
201400037840;14;12;17;2048;3;1;1;2;1;75;RD79;;;;870
201400037841;14;12;16;1901;1;2;1;1;6;85;59, NORIAC (RUE JULES);;;;870
201400037842;14;12;17;1809;5;2;1;2;3;85;41, BAUDIN ( AVENUE) (VC;;;;870
201400037843;14;12;18;746;1;1;1;2;6;85;AUTOROUTE A20;;;;870
201400037844;14;12;18;1930;5;2;1;2;2;85;SCHUMAN (BOULEVARD ROBER;;;;870
201400037845;14;12;19;1205;1;2;1;2;6;75;20, BAYLES (AVENUE DES);;;;870
201400037846;14;12;19;1503;1;1;1;2;6;85;AUTOROUTE A20;;;;870
201400037847;14;12;19;1939;5;2;1;1;6;85;275, PERRIN (RUE FRANCOI;;;;870
201400037848;14;12;22;1307;1;1;1;1;4;85;AUTOROUTE A20;;;;870
201400037849;14;12;22;2121;5;2;3;1;3;85;107, PERRIN (RUE FRANCOI;;;;870
201400037850;14;12;23;1445;1;2;3;1;3;113;0, MITTERRAND (AVENUE FR;;;;870
201400037851;14;12;23;1416;1;2;1;1;4;75;63, PERIGUEUX (ROUTE DE);;;;870
201400037852;14;12;23;1931;4;1;1;1;3;50;RN520 (COUZEIX);;;;870
201400037853;14;12;24;1414;1;2;1;1;6;85;58, LIBERATION (AVENUE D;;;;870
201400037854;14;1;4;1045;1;2;1;3;6;209;Rue d'Epinal;M;4819693;643834;880
201400037855;14;1;5;5;5;2;1;3;6;160;Route d'Archette;M;4815705;645440;880
201400037856;14;1;17;1355;1;2;1;1;6;160;38, DUTAC (AV.);M;4818373;644134;880
201400037857;14;1;22;915;1;2;1;1;7;160;12b, CLE-D'OR (RUE DE LA;M;4817501;644224;880
201400037858;14;1;22;1745;5;2;1;1;2;160;27, NEUVE-GRANGE (RUE);M;4814967;645764;880
201400037859;14;1;24;1310;1;2;1;1;1;160;0, CEDRES (AV. DES);M;4818510;646225;880
201400037860;14;1;29;1035;1;2;1;1;6;160;6, GEORGES DE LA TOUR (R;M;4817333;644678;880
201400037861;14;2;3;1800;3;2;2;1;3;209;0, JEAN-CHARLES PELLERIN;M;4819772;641140;880
201400037862;14;2;11;1230;1;2;2;1;3;160;0, BLUM (AV. LEON);M;4819059;645996;880
201400037863;14;2;28;405;5;2;1;2;7;160;REMIREMONT (RUE DE);M;4816129;645068;880
201400037864;14;3;11;1505;1;2;1;1;6;160;7, BAZAINE (RUE DE LA);M;4819730;646676;880
201400037865;14;3;15;1010;1;2;3;1;4;160;0, PREFECTURE (RUE DE LA;M;4817083;644989;880
201400037866;14;3;19;1010;1;2;6;1;3;160;0, SAINT-DIE (AV. DE);M;4818300;646751;880
201400037867;14;3;21;1957;3;1;1;2;1;160;0, QUATRE VENTS (RUE DES;M;4814214;645295;880
201400037868;14;3;26;1645;1;2;1;1;6;160;LOGE-BLANCHE (AV. DE LA);M;4816578;645066;880
201400037869;14;4;1;1812;1;1;3;1;3;209;JEAN-CHARLES PELLERIN (R;M;4820569;641858;880
201400037870;14;4;5;1107;1;2;3;1;3;209;0, ABBE HAUSTETE (RUE);M;4819758;643772;880
201400037871;14;4;8;1045;1;2;1;1;6;160;0, CHIPOTTE (PL. DE LA);M;4817613;645120;880
201400037872;14;4;17;1330;1;1;3;1;1;160;0, GERARDMER (route de);M;4817133;651942;880
201400037873;14;4;25;1410;1;2;1;1;3;209;0, FORT (RUE DU);M;4819954;643099;880
201400037874;14;4;25;1720;1;2;6;1;5;160;0, NOTRE-DAME-DE LORETTE;M;4817458;643401;880
201400037875;14;4;27;522;5;2;1;2;7;160;HAXO (RUE DU GAL-);M;4818826;643354;880
201400037876;14;5;21;1835;1;2;1;1;2;209;0, BOULAY (RUE);M;4818973;644282;880
201400037877;14;6;11;1805;1;2;1;1;6;160;50, ALSACE (RUE D');M;4816782;644520;880
201400037878;14;6;22;1748;1;2;1;1;7;209;79, LECLERC ( RUE GENERA;M;4819088;641537;880
201400037879;14;7;6;710;1;2;3;1;3;160;BLUM (AV. LEON);M;4819216;645711;880
201400037880;14;7;9;1235;1;2;1;1;6;160;1, PELLERIN (RUE J. CHAR;M;4817239;644247;880
201400037881;14;8;9;1110;1;1;2;1;3;209;0, JEAN-CHARLES PELLERIN;M;4819771;641134;880
201400037882;14;9;8;805;1;2;1;1;6;209;13, AEROSTATION (RUE DE;M;4818445;642278;880
201400037883;14;9;10;1645;1;2;3;1;3;87;LECLERC (RUE GENERAL-);M;4817057;643496;880
201400037884;14;9;12;1725;1;2;1;1;6;160;2, CHIPOTTE (RUE DE LA);M;4817794;644802;880
201400037885;14;9;30;107;5;2;1;1;1;160;0, NANCY (FG DE);M;4818683;644170;880
201400037886;14;11;15;1000;1;2;9;1;6;160;108, AMBRAIL (FG D');;;;880
201400037887;14;11;18;810;1;2;1;9;6;160;0, PERROUT (RUE RENE-);M;4818802;644237;880
201400037888;14;1;30;750;2;2;3;1;2;415;Route du Pont de Cheneau;M;4801142;660755;880
201400037889;14;2;26;1615;1;2;1;2;6;383;29, faubourd d'EPINAL;M;4802215;658812;880
201400037890;14;6;14;1030;1;1;1;1;3;409;RD 417;M;4801332;665213;880
201400037891;14;4;13;1710;1;2;1;1;5;383;18, Route de Plombières;M;4801908;657230;880
201400037892;14;4;22;2005;1;2;2;1;3;383;Faubourg du Val d'Ajol /;M;4801266;658576;880
201400037893;14;7;3;1319;1;2;9;1;6;409;Grande Rue;M;4802316;666213;880
201400037894;14;7;19;1425;1;1;1;1;1;429;RN 57;;;;880
201400037895;14;2;14;2230;3;1;1;1;2;429;Aire de repos de Ranfain;M;4805840;659146;880
201400037896;14;8;23;1500;1;1;1;3;1;462;RD23;M;4802070;666598;880
201400037897;14;8;26;1545;1;2;1;2;2;415;24, Grande Rue;M;4802136;660815;880
201400037898;14;9;4;1000;1;1;1;1;1;415;CD417;M;4801582;662046;880
201400037899;14;9;1;1550;1;2;1;1;3;383;10, rue des etats unis;M;4801642;658537;880
201400037900;14;9;20;1800;1;2;1;1;2;415;41, rue de la Moselotte;;;;880
201400037901;14;10;8;125;3;1;1;8;6;462;1, CD 417;;;;880
201400037902;14;10;4;1330;1;2;1;1;3;415;Route de Seux;;;;880
201400037903;14;11;13;1818;5;2;4;1;3;462;1, rue de l'Usine;;;;880
201400037904;14;3;22;340;3;1;1;1;6;429;RN 57;M;4807665;659380;880
201400037905;14;4;13;1710;1;1;1;1;5;383;18/20, Route de Plombièr;M;4801908;657230;880
201400037906;14;7;6;1813;1;2;1;1;7;415;rue de la Moselotte;M;4801584;662059;880
201400037907;14;1;10;1310;1;2;1;1;5;413;133 b, Route d'EP?NAL;M;4828127;691194;880
201400037908;14;1;19;2145;5;2;1;1;6;413;., Rue de L'ORME;M;4829060;694465;880
201400037909;14;1;16;1205;1;2;1;1;6;413;7, RUE JEAN MAURICE ANDR;M;4828535;693956;880
201400037910;14;1;27;1800;4;2;1;1;6;413;R?sistance ( Quai de la;M;4828227;696808;880
201400037911;14;1;25;1430;1;2;1;1;6;413;7, Rue Martin Walseemull;M;4827366;694512;880
201400037912;14;3;16;1750;1;2;1;1;7;428;chemin de Bouguemont;M;4831579;686533;880
201400037913;14;2;15;825;1;2;1;2;6;413;23, Rue de la M?nantille;M;4828579;694327;880
201400037914;14;3;11;1900;5;2;2;1;3;424;435, Alsace ( Rue d ' );M;4826773;698263;880
201400037915;14;3;25;1105;1;2;1;1;6;413;10, Torrent  ( Quai du;M;4829055;695084;880
201400037916;14;4;13;1040;1;2;1;1;7;413;113, Rue d' Epinal;M;4828243;691649;880
201400037917;14;4;11;1745;1;1;1;1;5;463;"Lieudit ""La Bourse""";M;4822169;690224;880
201400037918;14;3;28;1800;1;2;3;1;6;413;62, Rue de LA BOLLE;M;4828470;694063;880
201400037919;14;5;6;1610;1;1;3;1;3;424;RD 415;M;4826269;696307;880
201400037920;14;5;17;1400;1;2;3;1;3;413;., Rue de Richarville;M;4827742;695039;880
201400037921;14;5;28;735;1;1;1;1;7;413;RN 59;M;4827435;694467;880
201400037922;14;6;15;1150;1;2;3;1;3;413;26, Foucharupt ( Rue de;M;4828026;695159;880
201400037923;14;6;14;1525;1;2;1;1;6;413;Avenue du Cimetière Mili;M;4828632;692761;880
201400037924;14;6;27;1650;1;2;1;1;6;413;8, Avenue LEON GRANDJEAN;M;4828199;695784;880
201400037925;14;6;1;1105;1;2;3;1;6;413;24, Rue SAINT CHARLES;M;4828807;695270;880
201400037926;14;5;18;1038;1;2;1;1;6;413;2, Rue SAINT CHARLES;M;4828846;694983;880
201400037927;14;6;6;755;1;2;1;1;2;413;7, AVENUE DE ROBACHE;M;4829161;695119;880
201400037928;14;7;18;825;1;2;3;1;3;413;Résistance ( Quai de la;M;4828588;696524;880
201400037929;14;8;25;1650;1;1;1;1;1;463;713, RD 31;M;4824322;689418;880
201400037930;14;8;30;2100;3;2;1;1;6;413;chemin de la frase;;;;880
201400037931;14;8;30;1340;1;2;1;1;6;413;10, Rue DAUPHINE;M;4828697;695042;880
201400037932;14;9;15;1845;1;2;3;1;6;413;rue Gaston SAVE;M;4827226;695281;880
201400037933;14;10;4;2220;5;2;1;1;2;413;58, Rue d'ALSACE;M;4816556;657080;880
201400037934;14;10;18;1440;1;1;1;1;6;463;764, RD 31;;;;880
201400037935;14;12;6;215;3;1;1;2;1;519;RN59;;;;880
201400037936;14;12;15;1050;1;1;1;1;7;463;RD.31;M;4823710;689762;880
201400037937;14;12;6;2000;5;2;1;1;6;413;1, RUE PIERRE EVRAT;M;4833740;689147;880
201400037938;14;1;23;1220;1;1;3;2;2;24;VALLAN (ROUTE DE) N? IMP;M;4777572;355804;890
201400037939;14;2;21;1415;1;2;1;1;6;24;144, PARIS (RUE DE);M;4780027;356823;890
201400037940;14;3;20;1750;1;2;3;1;3;24;JEAN MERMOZ (AVENUE);M;4780959;358450;890
201400037941;14;3;22;940;1;1;3;1;1;346;D89 ( DIRECTION AUXERRE;M;4780149;350820;890
201400037942;14;4;22;1215;1;2;2;1;3;24;0, JEAN JAURES (AVENUE);M;4780109;358127;890
201400037943;14;5;6;935;1;2;2;1;6;24;11 NOVEMBRE (BOULEVARD D;M;4779529;356429;890
201400037944;14;5;24;2040;2;1;1;1;6;346;0, D89 ( DIRECTION AUXER;M;4779993;351417;890
201400037945;14;5;29;545;5;2;1;1;3;346;GRANDE RUE;M;4780610;353350;890
201400037946;14;6;8;330;3;1;1;1;6;24;R.N.6;M;4781858;355994;890
201400037947;14;6;25;730;1;2;1;1;4;24;JEAN MERMOZ (AVENUE);;;;890
201400037948;14;8;2;2125;1;2;1;1;7;24;44, VERDUN (BOULEVARD DE;M;4780901;355926;890
201400037949;14;8;1;1650;1;2;2;1;3;24;, MONTARDOINS (RUE DES);M;4778803;357507;890
201400037950;14;9;22;720;1;2;2;1;3;24;JEAN MERMOZ (AVENUE);M;4780719;358360;890
201400037951;14;9;28;1700;1;2;1;1;3;24;16, GALLIENI (BOULEVARD);M;4779692;355212;890
201400037952;14;1;22;745;2;2;1;1;6;387;ERNEST LANDRY (QUAI);M;4819635;327639;890
201400037953;14;1;28;745;5;1;1;1;6;387;RD606 ZI Vauguillettes;M;4819350;331269;890
201400037954;14;1;29;1915;5;2;2;1;3;387;0, MAURICE PROU (RUE);M;4818966;329416;890
201400037955;14;2;11;1845;5;2;1;1;6;387;0, MARNE (AVENUE DE LA);M;4819826;330685;890
201400037956;14;2;27;1545;1;1;1;2;1;387;D606;;;;890
201400037957;14;4;7;1055;1;2;1;1;6;387;000, GARIBALDI (BOULEVAR;M;4820056;328173;890
201400037958;14;5;6;1345;1;2;1;1;1;387;D606;;;;890
201400037959;14;5;14;2215;5;2;1;1;6;287;0, PAUL BERT (RUE);M;4817894;324656;890
201400037960;14;6;6;1324;1;1;1;1;1;236;0, D 606;M;4817767;329740;890
201400037961;14;7;4;1725;1;1;1;1;5;387;PONT DE SALCY;M;4817030;327595;890
201400037962;14;7;11;1320;1;1;1;8;1;387;Pont de Salcy;M;4817052;327634;890
201400037963;14;8;29;1100;1;2;9;1;6;342;0, PARIS (RUE DE);M;4822756;326669;890
201400037964;14;10;1;2030;3;1;1;1;7;127;0, RD58;;;;890
201400037965;14;10;11;1030;1;2;1;1;2;387;RENE BINET (RUE);M;4818789;330435;890
201400037966;14;10;26;1620;1;2;2;1;1;387;000, PENITENTS (RUE DE L;M;4819949;329396;890
201400037967;14;11;17;1620;1;2;1;1;6;387;0, MARECHAL DE LATTRE DE;M;4819815;330487;890
201400037968;14;11;24;1730;5;2;1;1;6;387;0, JEAN MOULIN (QUAI);M;4819738;327688;890
201400037969;14;11;24;1915;5;1;6;1;3;387;ROND-POINT ROSA PARK;M;4817418;329391;890
201400037970;14;1;3;1629;1;2;1;1;7;10;7, EGALITE (RUE DE L');;;;900
201400037971;14;1;3;1912;5;2;1;1;6;10;VESOUL (RUE DE);;;;900
201400037972;14;1;4;1836;5;2;1;2;2;8;BELFORT (RUE DE);;;;900
201400037973;14;1;5;1000;1;2;1;2;6;10;194, JAURES (AVENUE JEAN;;;;900
201400037974;14;1;5;1810;5;2;1;1;6;10;14, GAMBETTA (RUE);;;;900
201400037975;14;1;6;1938;5;2;1;1;2;10;CORBIS (PLACE);;;;900
201400037976;14;1;8;1725;5;2;1;1;3;10;1, FOCH (AVENUE);;;;900
201400037977;14;1;8;1930;5;2;1;1;2;10;2, JOFFRE (BOULEVARD MAR;;;;900
201400037978;14;1;9;1215;1;2;1;1;2;32;33, DE GAULLE (RUE DU GE;;;;900
201400037979;14;1;10;1051;1;2;1;1;6;10;2, ASPACH (RUE D');;;;900
201400037980;14;1;10;1623;1;2;3;1;3;10;LAURENCIE (AVENUE CAPITA;;;;900
201400037981;14;1;12;1900;5;2;3;1;1;10;3, MULHOUSE (RUE DE);;;;900
201400037982;14;1;22;1825;5;2;1;1;4;8;2, R.D.47;;;;900
201400037983;14;1;15;2050;5;2;1;2;3;10;1, CROIX DU TILLEUL (RUE;;;;900
201400037984;14;1;22;1825;1;2;1;1;4;32;2, CHARMEUSE (RUE DE LA);;;;900
201400037985;14;1;27;1459;1;2;1;2;2;1;ASSISE (HAMEAU DE L');;;;900
201400037986;14;1;31;804;1;2;3;5;5;76;43, GRAND'RUE;;;;900
201400037987;14;1;31;1002;1;2;2;1;3;10;2, MONTBELIARD (FAUBOURG;;;;900
201400037988;14;1;31;1410;1;2;1;1;4;10;RABIN (PLACE YITZHAK);;;;900
201400037989;14;2;4;1200;1;2;1;2;6;10;JAURES (AVENUE JEAN) A 1;;;;900
201400037990;14;2;5;848;1;2;1;1;3;10;1, JUIN (AVENUE DU MAREC;;;;900
201400037991;14;2;5;1623;1;2;3;1;5;10;2, MULHOUSE (RUE DE);;;;900
201400037992;14;2;14;1105;1;2;1;1;2;10;2, MOULIN (AVENUE JEAN);;;;900
201400037993;14;2;15;1120;1;2;3;3;3;10;30, MENDES FRANCE (RUE);;;;900
201400037994;14;2;19;1840;5;2;3;1;1;75;2, BRIAND (RUE ARISTIDE);;;;900
201400037995;14;2;22;930;1;2;1;1;6;10;2, BAVILLIERS (RUE DE);;;;900
201400037996;14;2;22;1825;5;2;1;2;2;10;87, JAURES (AVENUE JEAN);;;;900
201400037997;14;2;24;1435;1;2;1;1;6;10;10, DE GAULLE (AVENUE DU;;;;900
201400037998;14;2;24;1930;5;2;1;2;7;99;1, VIPALOGO;;;;900
201400037999;14;2;26;843;1;2;1;2;6;10;2, MARCEL PAUL (RUE);;;;900
201400038000;14;3;1;1710;1;2;1;1;6;39;3, CARRIERES (RUE DES);;;;900
201400038001;14;3;3;1904;2;2;1;1;2;99;BLUMBERG (RUE);;;;900
201400038002;14;3;13;1110;1;2;1;1;6;32;12, DE GAULLE (RUE DU GE;;;;900
201400038003;14;3;15;1030;1;2;3;1;3;10;BRUXELLES (RUE DE);;;;900
201400038004;14;3;15;1912;5;2;1;2;6;10;PREMIERE ARMEE FRANCAISE;;;;900
201400038005;14;3;18;1653;1;2;1;1;1;10;14, TROIS CHENES (AVENUE;;;;900
201400038006;14;3;25;1839;1;2;2;1;3;10;27, RENAUD DE BOURGOGNE;;;;900
201400038007;14;3;28;1400;1;2;2;1;3;10;2, CHANTEREINE (RUE DE);;;;900
201400038008;14;4;9;1015;1;2;7;1;6;10;1, CORBIS (PLACE);;;;900
201400038009;14;4;10;1217;1;2;1;1;3;10;8, LAPOSTOLET (RUE);;;;900
201400038010;14;4;10;1727;1;2;1;1;6;99;8, ZOLA (RUE EMILE);;;;900
201400038011;14;4;11;1749;1;2;1;1;2;32;BOSMONT (RUE DU);;;;900
201400038012;14;4;16;900;1;2;3;1;5;10;1, USINES (AVENUE DES);;;;900
201400038013;14;4;16;1750;1;2;1;1;7;10;MOULIN (RUE JEAN);;;;900
201400038014;14;4;17;1712;1;2;2;1;3;10;LORRAINE (RUE DE);;;;900
201400038015;14;4;18;940;1;2;1;2;2;10;LAURENCIE (AVENUE CAPITA;;;;900
201400038016;14;4;18;1310;1;2;1;1;6;10;ANCETRES (FAUBOURG DES);;;;900
201400038017;14;4;20;300;5;2;1;1;6;10;1, DANJOUTIN (RUE DE);;;;900
201400038018;14;4;20;446;5;2;7;1;3;10;ANCETRES (FAUBOURG DES);;;;900
201400038019;14;4;23;800;1;2;1;2;4;10;FRANCE BOULEVARD ANATOLE;;;;900
201400038020;14;4;23;1829;1;2;1;1;3;10;4, LA FONTAINE (RUE JEAN;;;;900
201400038021;14;4;24;12;5;2;1;1;6;99;37, ZOLA (RUE EMILE);;;;900
201400038022;14;4;29;749;1;2;1;1;6;99;GARE (RUE DE LA);;;;900
201400038023;14;5;1;225;5;2;2;1;3;10;KENNEDY (BOULEVARD);;;;900
201400038024;14;5;1;2025;2;2;5;2;3;10;10, LECLERC (AVENUE);;;;900
201400038025;14;5;3;1420;1;2;1;1;6;99;3, ZOLA (RUE EMILE);;;;900
201400038026;14;5;9;2145;5;2;3;2;6;8;2, GRAND'RUE;;;;900
201400038027;14;5;10;1805;1;2;1;1;2;29;13, BRIAND (RUE ARISTIDE;;;;900
201400038028;14;5;15;1630;1;2;1;1;6;32;JACQUOT (RUE DU DOCTEUR);;;;900
201400038029;14;5;24;1615;1;2;1;1;3;99;EHRET (RUE);;;;900
201400038030;14;5;29;1823;1;2;1;1;3;99;3, MARTINET (RUE DU);;;;900
201400038031;14;5;31;1325;1;2;1;1;7;32;REPUBLIQUE (RUE DE LA);;;;900
201400038032;14;6;3;1715;1;2;1;1;6;10;1, SOFIA (RUE DE);;;;900
201400038033;14;6;7;1630;1;2;1;1;2;10;1, LAURENCIE (AVENUE CAP;;;;900
201400038034;14;6;8;1150;1;2;2;1;3;10;4, RABIN (PLACE YITZHAK);;;;900
201400038035;14;6;8;1940;1;2;1;1;3;10;8, COPENHAGUE (RUE DE);;;;900
201400038036;14;6;9;2035;1;2;1;1;6;10;22, MITTERRAND (PROMENAD;;;;900
201400038037;14;6;10;1730;1;2;1;1;6;10;1, ZAPOROJIE (RUE DE);;;;900
201400038038;14;6;10;2227;5;2;1;1;6;10;36, CORBIS (PLACE);;;;900
201400038039;14;6;11;1910;1;2;1;1;6;99;48, TURENNE (RUE DE);;;;900
201400038040;14;6;19;1015;1;2;3;1;3;10;2, MILITAIRE (QUAI);;;;900
201400038041;14;6;19;1720;1;2;1;1;2;32;1, D47B;;;;900
201400038042;14;6;22;1747;1;2;1;1;3;10;2, ANCETRES (FAUBOURG DE;;;;900
201400038043;14;6;23;810;1;1;4;1;3;39;R.D.16;;;;900
201400038044;14;6;25;1215;1;2;6;1;2;10;10, DUNANT (BOULEVARD HE;;;;900
201400038045;14;6;25;1841;1;2;1;1;6;10;180, JAURES (AVENUE JEAN;;;;900
201400038046;14;7;3;845;1;2;6;1;3;10;2, QUAI (RUE DU);;;;900
201400038047;14;7;4;1745;1;2;1;1;4;10;2, MENDES FRANCE (RUE);;;;900
201400038048;14;7;5;1650;1;2;1;1;2;10;LECLERC (AVENUE);;;;900
201400038049;14;7;7;2300;5;2;1;2;7;10;JAURES (AVENUE JEAN) A 1;;;;900
201400038050;14;7;16;1843;1;2;1;1;1;10;16, VESOUL (RUE DE);;;;900
201400038051;14;7;25;1230;1;2;2;1;3;10;2, rue des sciences et d;;;;900
201400038052;14;8;3;1245;1;2;1;2;2;10;2, MARSEILLE (RUE DE);;;;900
201400038053;14;8;3;1935;1;2;2;8;3;10;LECLERC (AVENUE);;;;900
201400038054;14;8;7;1300;1;2;1;1;3;10;RABIN (PLACE YITZHAK);;;;900
201400038055;14;8;9;1250;1;2;2;1;3;10;FOLTZ (RUE);;;;900
201400038056;14;8;13;2322;3;2;1;1;6;10;72, JAURES (AVENUE JEAN);;;;900
201400038057;14;8;21;1000;1;2;1;1;2;10;2, MONTBELIARD (FAUBOURG;;;;900
201400038058;14;8;30;1825;1;2;1;1;4;1;12, MONTBELIARD (ROUTE D;;;;900
201400038059;14;8;31;1229;1;2;1;1;3;10;2, VESOUL (RUE DE);;;;900
201400038060;14;8;31;2030;5;2;1;2;6;99;85, TURENNE (RUE DE);;;;900
201400038061;14;9;1;1645;1;2;8;1;6;10;5, CLEMENCEAU (BOULEVARD;;;;900
201400038062;14;9;2;1059;1;2;1;1;6;32;MOZARD (RUE);;;;900
201400038063;14;9;2;1100;1;2;1;1;4;32;2, CABLERIE (RUE DE LA);;;;900
201400038064;14;9;2;1356;1;2;1;1;2;10;12, MARCHAL (RUE);;;;900
201400038065;14;9;13;1000;1;2;3;8;1;10;2, MULHOUSE (RUE DE);;;;900
201400038066;14;9;16;805;1;2;1;5;6;10;57, JAURES (AVENUE JEAN);;;;900
201400038067;14;9;16;1823;1;2;1;1;2;10;24, VAUBAN (QUAI);;;;900
201400038068;14;9;20;1545;1;2;1;1;6;10;27, VAUBAN (QUAI);;;;900
201400038069;14;9;23;1212;1;2;1;1;3;10;2, TURENNE (RUE DE);;;;900
201400038070;14;9;23;1445;1;2;1;1;4;10;LAURENCIE (AVENUE CAPITA;;;;900