num_acc;an;mois;jour;hrmn;lum;agg;int;atm;col;com;adr;gps;lat;long;dep
201400038071;14;9;23;1915;1;2;1;1;3;10;MENDES FRANCE (RUE);;;;900
201400038072;14;9;25;1755;1;2;1;1;2;10;6, DANJOUTIN (RUE DE);;;;900
201400038073;14;9;26;1905;2;2;1;1;3;1;1, MONTBELIARD (ROUTE DE;;;;900
201400038074;14;9;30;1510;1;2;1;1;7;10;12, KOECHLIN (RUE);;;;900
201400038075;14;10;1;1320;1;2;1;1;6;10;07, FONTAINE (RUE JEAN D;;;;900
201400038076;14;10;2;1657;1;2;1;1;6;10;VAUBAN (QUAI);;;;900
201400038077;14;10;5;1544;1;2;1;1;6;75;33, BRIAND (RUE ARISTIDE;;;;900
201400038078;14;10;6;1955;5;2;1;1;6;99;DE GAULLE (RUE DU GENERA;;;;900
201400038079;14;10;7;1345;1;2;3;3;3;10;STRASBOURG (RUE DE);;;;900
201400038080;14;10;7;1415;1;2;1;1;2;32;12, DE GAULLE (RUE DU GE;;;;900
201400038081;14;10;7;2100;5;2;1;8;1;39;48, DE LATTRE DE TASSIGN;;;;900
201400038082;14;10;8;800;1;2;1;2;6;10;17, LYON (FAUBOURG DE);;;;900
201400038083;14;10;9;1817;1;2;3;3;3;29;15, BRIAND (RUE ARISTIDE;;;;900
201400038084;14;10;11;1020;1;2;1;2;2;10;35, ANCETRES (FAUBOURG D;;;;900
201400038085;14;10;14;1916;1;2;1;1;6;10;2, SANGNIER (RUE MARC);;;;900
201400038086;14;10;16;649;3;2;6;2;6;10;DUNANT (BOULEVARD HENRI);;;;900
201400038087;14;10;20;1615;1;2;1;1;6;10;2, RABIN (PLACE YITZHAK);;;;900
201400038088;14;10;21;1110;1;2;1;2;1;10;ALEMBERT (RUE D');;;;900
201400038089;14;10;21;1905;5;2;1;2;4;99;2, BLUMBERG (RUE);;;;900
201400038090;14;10;24;1530;1;2;3;1;2;10;11, MONTBELIARD (FAUBOUR;;;;900
201400038091;14;10;28;1101;1;2;1;1;3;10;1, FORT HATRY (RUE DU);;;;900
201400038092;14;10;31;1725;2;2;1;1;6;8;CHARMEUSE (RUE DE LA);;;;900
201400038093;14;11;3;919;1;2;1;2;1;10;8, MARCHAL (RUE);;;;900
201400038094;14;11;8;1517;1;1;1;1;4;32;D47A;;;;900
201400038095;14;11;12;1945;5;2;1;2;6;10;2, TANNEURS (RUE DES);;;;900
201400038096;14;11;13;805;1;2;1;8;7;10;23, SARRAIL (AVENUE);;;;900
201400038097;14;11;15;1915;5;2;1;2;3;76;3, GRAND'RUE;;;;900
201400038098;14;11;17;1315;1;2;1;1;6;8;GRAND'RUE;;;;900
201400038099;14;11;17;1830;5;2;1;8;4;99;2, ZOLA (RUE EMILE);;;;900
201400038100;14;11;18;945;1;2;5;1;7;99;15, DE GAULLE (RUE DU GE;;;;900
201400038101;14;11;18;1745;5;2;1;2;3;10;BOHN (AVENUE CHARLES);;;;900
201400038102;14;11;19;800;1;2;2;1;2;10;KENNEDY (BOULEVARD);;;;900
201400038103;14;11;20;1330;1;2;1;1;6;10;ZAPOROJIE (RUE DE);;;;900
201400038104;14;11;23;1655;1;2;1;1;3;32;REPUBLIQUE (RUE DE LA);;;;900
201400038105;14;12;2;1703;3;2;1;2;6;10;CHATEAU D'EAU (AVENUE DU;;;;900
201400038106;14;12;3;1720;5;2;3;1;6;10;FOCH (AVENUE);;;;900
201400038107;14;12;8;1213;1;2;1;3;1;10;DANJOUTIN (RUE DE);;;;900
201400038108;14;12;12;1637;2;2;2;2;3;10;10, MOULIN (AVENUE JEAN);;;;900
201400038109;14;12;13;1430;1;2;1;1;4;1;25, MONTBELIARD (ROUTE D;;;;900
201400038110;14;12;16;1820;5;2;1;2;3;10;14, FRANCE BOULEVARD ANA;;;;900
201400038111;14;12;18;1825;5;2;1;2;6;10;BOHN (AVENUE CHARLES);;;;900
201400038112;14;12;29;1445;1;2;1;4;7;39;60, DE GAULLE (RUE DU GE;;;;900
201400038113;14;1;1;640;5;2;1;2;2;552;N20;;;;910
201400038114;14;1;7;930;1;2;1;1;6;425;24, TEMERAIRE (Avenue);;;;910
201400038115;14;1;7;1720;5;1;1;2;3;425;72, NATIONALE 20 (ROUTE);;;;910
201400038116;14;1;9;915;1;2;1;1;4;425;TEMPLIERS (ROUTE DES);;;;910
201400038117;14;1;9;1125;1;1;1;1;2;457;CD 19;;;;910
201400038118;14;1;19;1215;1;1;1;1;2;339;RN 20;;;;910
201400038119;14;1;22;2150;5;1;1;1;2;339;RN 20;;;;910
201400038120;14;1;23;710;5;2;1;2;1;347;PERRAY (RUE DU);;;;910
201400038121;14;1;27;1618;2;2;1;1;3;21;JAURES JEAN (BOULEVARD);;;;910
201400038122;14;1;28;750;1;2;1;1;3;103;DAUMONES (Z.A. DES);;;;910
201400038123;14;2;5;1715;1;2;2;2;1;21;JAURES JEAN (BOULEVARD);;;;910
201400038124;14;2;12;1340;1;2;2;1;3;103;PRES D'AULNAY (RUE DES);;;;910
201400038125;14;2;19;1925;5;2;1;1;3;552;LEUVILLE (ROUTE DE);;;;910
201400038126;14;3;3;1435;1;2;3;2;5;347;MONTLHERY (ROUTE DE);;;;910
201400038127;14;3;7;1610;1;2;1;1;3;339;RN 20;;;;910
201400038128;14;3;9;1700;1;2;1;1;5;339;RN 20;;;;910
201400038129;14;3;12;1245;1;2;1;1;6;21;CHARCOT (RUE DU DOCTEUR);;;;910
201400038130;14;3;14;845;1;2;1;1;3;425;RN 20;;;;910
201400038131;14;3;16;1245;1;2;1;1;2;339;RN 20;;;;910
201400038132;14;3;26;1900;1;2;1;1;1;21;9, JAURES JEAN (BOULEVAR;;;;910
201400038133;14;3;31;1810;1;2;1;1;2;21;RN20;;;;910
201400038134;14;4;5;1230;1;2;1;1;4;21;20, HOCHE (AVENUE);;;;910
201400038135;14;4;9;1259;1;1;1;1;2;425;11, ORLEANS (ROUTE D');;;;910
201400038136;14;4;10;1840;1;2;1;1;2;552;108, MESNIL (RUE DU);;;;910
201400038137;14;4;14;1920;1;2;1;1;6;552;2, Frédéric Mistral (RUE;;;;910
201400038138;14;4;16;825;1;2;1;1;2;425;TEMPLIERS (ROUTE DES);;;;910
201400038139;14;4;17;830;1;2;1;1;2;347;PARIS (RUE DE);;;;910
201400038140;14;4;17;1140;1;2;1;1;2;103;TUILERIE (CHEMIN DE LA);;;;910
201400038141;14;4;18;5;3;1;1;1;2;339;RN 20;;;;910
201400038142;14;5;3;1315;1;1;1;1;3;425;12, RN 20;;;;910
201400038143;14;5;5;1140;1;2;1;1;2;425;face 10A, TEMPLIERS (ROU;;;;910
201400038144;14;5;10;1402;1;2;1;1;1;552;René Dècle (IMPASSE);;;;910
201400038145;14;5;20;810;1;2;1;1;6;103;BOYAU MAURICE (RUE);;;;910
201400038146;14;5;20;835;1;2;1;1;2;21;CORNATON ABEL (bld));;;;910
201400038147;14;5;22;1230;1;2;1;1;6;103;REPUBLIQUE (BOULEVARD;;;;910
201400038148;14;5;31;1815;1;2;1;1;6;103;POITOU (RUE DU);;;;910
201400038149;14;6;1;1220;1;1;1;1;3;339;RN 20;;;;910
201400038150;14;6;4;1235;1;1;6;2;3;103;BEAU DE ROCHAS ALPHONSE;;;;910
201400038151;14;6;7;1850;1;2;1;1;2;339;RN 20;;;;910
201400038152;14;6;7;2000;1;2;1;1;3;333;FERRY JULES (RUE);;;;910
201400038153;14;6;8;1700;1;1;6;1;3;457;FERTE ALAIS (ROUTE DE LA;;;;910
201400038154;14;6;11;835;1;2;1;1;2;425;RN 20;;;;910
201400038155;14;6;11;1220;1;2;1;1;3;103;134, BABIN (RUE DU DOCTE;;;;910
201400038156;14;6;16;1500;1;2;1;1;4;339;RN 20;;;;910
201400038157;14;6;16;2255;5;2;2;1;3;347;SOURCE (RUE DE LA);;;;910
201400038158;14;6;17;1715;1;2;1;1;6;103;11, ALLENDE SALVADOR (RU;;;;910
201400038159;14;6;18;1240;1;2;1;1;4;339;TABOR (CHEMIN DE);;;;910
201400038160;14;6;19;1625;1;2;1;1;2;103;ALLENDE SALVADOR (RUE);;;;910
201400038161;14;6;19;1720;1;2;2;1;1;347;VERDUN (RUE DE);;;;910
201400038162;14;6;23;1230;1;2;1;1;3;339;DIVISION LECLERC (RUE DE;;;;910
201400038163;14;6;25;805;1;2;2;1;3;333;HUIT MAI 1945 (RUE DU);;;;910
201400038164;14;6;26;730;1;2;1;1;3;21;RN 20;;;;910
201400038165;14;6;28;930;1;2;1;2;6;103;DANAUX EDOUARD (RUE);;;;910
201400038166;14;7;12;1050;1;2;1;1;3;339;RN 20;;;;910
201400038167;14;7;12;1500;1;2;1;1;3;425;10, ORLEANS (ROUTE D');;;;910
201400038168;14;7;18;1145;1;2;1;1;4;552;AULNAY (ROUTE D');;;;910
201400038169;14;7;21;2215;3;1;1;1;1;21;RN 20;;;;910
201400038170;14;7;24;1510;1;1;1;1;2;425;NATIONALE 20 (ROUTE);;;;910
201400038171;14;7;24;1730;1;2;1;1;3;21;9, DIVISION LECLERC (AVE;;;;910
201400038172;14;7;27;1335;1;2;1;1;3;103;COMMUNE DE PARIS (AV DE;;;;910
201400038173;14;7;29;530;2;2;1;1;3;103;CD 19;;;;910
201400038174;14;7;29;1800;1;2;1;1;5;21;3, GIRAULT ERNEST (BOULE;;;;910
201400038175;14;8;12;200;3;1;1;1;6;21;RN 20;;;;910
201400038176;14;8;12;1530;1;2;2;1;5;103;RUE JEAN JAURES;;;;910
201400038177;14;8;19;1810;1;2;1;1;6;21;CORNATON ABEL (AV);;;;910
201400038178;14;9;4;1910;1;1;1;1;2;21;RN 20;;;;910
201400038179;14;9;6;1850;1;2;1;1;2;425;N 20 (Route d'Orléans);;;;910
201400038180;14;9;12;1655;1;2;1;1;6;21;21, VERDUN (AVENUE DE);;;;910
201400038181;14;9;16;1010;1;2;1;1;2;339;av Robert Benoist;;;;910
201400038182;14;9;27;1520;1;2;1;1;2;425;28, GRANDE RUE;;;;910
201400038183;14;9;30;1735;1;2;1;1;3;103;VALORGE (RUE DE;;;;910
201400038184;14;10;3;1210;1;2;1;1;5;425;ORLEANS (ROUTE D');;;;910
201400038185;14;10;3;1335;1;2;1;1;2;339;RN20;;;;910
201400038186;14;10;4;1140;1;2;6;1;3;103;CD 19;;;;910
201400038187;14;10;6;2030;5;2;1;2;2;339;RN20;;;;910
201400038188;14;10;7;1848;1;2;1;1;6;21;17, DIVISION LECLERC (AV;;;;910
201400038189;14;10;13;1120;1;2;1;1;1;339;DIVISION LECLERC (RUE DE;;;;910
201400038190;14;10;14;620;1;2;1;1;2;103;POITOU (RUE DU);;;;910
201400038191;14;10;18;1705;1;2;1;1;1;339;RN 20;;;;910
201400038192;14;10;19;1050;1;2;1;1;6;333;HUIT MAI 1945 (RUE DU);;;;910
201400038193;14;10;19;1435;1;2;1;1;6;457;RD 19;;;;910
201400038194;14;10;26;1625;1;2;3;1;3;347;PERRAY (RUE DU);;;;910
201400038195;14;10;24;700;5;2;1;1;3;347;TEMPLIERS (ROUTE DES);;;;910
201400038196;14;10;27;2340;5;2;1;1;6;21;GIRAULT ERNEST (BOULE;;;;910
201400038197;14;10;31;1530;1;2;1;1;3;103;R.FONTAINE DU BEL HUTIN;;;;910
201400038198;14;11;7;345;5;1;1;1;3;103;CD 19;;;;910
201400038199;14;11;8;550;5;2;1;1;6;103;126, BABIN (RUE DU DOCTE;;;;910
201400038200;14;11;8;1900;5;2;1;1;6;21;DIVISION LECLERC (AVENUE;;;;910
201400038201;14;11;9;1445;1;2;1;1;2;21;GRANDE (RUE);;;;910
201400038202;14;11;12;1825;5;2;1;1;2;425;BOURGUIGNONS (RUE DES);;;;910
201400038203;14;11;14;915;1;2;1;2;1;21;HOCHE (AVENUE);;;;910
201400038204;14;11;16;1245;1;1;1;2;6;103;CD 19;;;;910
201400038205;14;11;16;1415;1;2;1;1;7;103;CD 19;;;;910
201400038206;14;11;17;2030;3;2;1;2;5;425;TEMPLIERS (ROUTE DES);;;;910
201400038207;14;11;19;500;5;2;1;5;2;103;POITOU (RUE DU);;;;910
201400038208;14;11;28;850;1;2;1;1;3;339;10, DIVISION LECLERC (RU;;;;910
201400038209;14;11;29;1240;1;2;2;1;3;103;DANAUX EDOUARD (RUE);;;;910
201400038210;14;12;4;1;5;2;1;1;1;21;4, GIRAULT ERNEST (BOULE;;;;910
201400038211;14;12;4;1330;1;2;1;1;2;339;SABLONS (RUE DES);;;;910
201400038212;14;12;4;1810;5;2;1;1;6;552;CORBEIL (ROUTE DE);;;;910
201400038213;14;12;5;435;5;2;1;1;7;425;RN 20;;;;910
201400038214;14;12;5;1945;5;2;1;1;2;347;74, RN 20;;;;910
201400038215;14;12;6;1415;1;2;1;1;2;339;RN 20;;;;910
201400038216;14;12;9;810;1;2;1;9;7;347;LEUVILLE (RUE DE);;;;910
201400038217;14;12;9;2030;5;2;1;1;7;103;54, PATURES (CHEMIN DES);;;;910
201400038218;14;12;10;1910;5;2;1;2;6;457;FERTE ALAIS (ROUTE DE LA;;;;910
201400038219;14;12;11;1050;1;2;1;1;4;425;RN 20;;;;910
201400038220;14;12;14;1450;1;2;1;8;1;21;HOCHE (AVENUE);;;;910
201400038221;14;12;15;800;5;2;1;1;1;425;RN 20;;;;910
201400038222;14;12;15;1820;5;2;1;2;6;347;48, MOULIN A VENT (IMPAS;;;;910
201400038223;14;12;17;815;5;2;1;2;6;339;BOILLOT GEORGES (AVENUE);;;;910
201400038224;14;12;17;1054;1;2;1;2;6;552;24, DECLE RENE (RUE);;;;910
201400038225;14;12;18;1345;1;2;2;1;1;339;BOILLOT GEORGES (AVENUE);;;;910
201400038226;14;12;20;1920;3;2;1;1;2;425;BOURGUIGNONS (RUE DES);;;;910
201400038227;14;12;30;1138;1;2;1;1;1;425;17, TEMPLIERS (ROUTE DES;;;;910
201400038228;14;12;30;1030;1;2;2;1;6;21;JAURES JEAN (BOULEVARD);;;;910
201400038229;14;2;9;1400;1;2;1;1;2;27;17, PITOUREES (RUE DES);;;;910
201400038230;14;2;20;1745;1;2;1;1;6;27;BRIAND (AVENUE ARISTIDE);;;;910
201400038231;14;1;4;1635;1;1;2;1;6;27;FONTAINEBLEAU (AV;;;;910
201400038232;14;5;25;745;1;1;1;1;2;479;FONTAINEBLEAU (AV;;;;910
201400038233;14;6;9;2115;1;2;3;1;1;27;MITTERAND (AVENUE FRA;;;;910
201400038234;14;9;30;1830;5;2;1;1;2;479;JAURES (AVENUE JEAN);;;;910
201400038235;14;7;10;1040;1;2;1;1;6;479;17, VERDUN (AVENUE DE);;;;910
201400038236;14;10;10;1650;1;2;1;1;6;27;R. G. ANTONIOZ DE GAULLE;;;;910
201400038237;14;11;2;1650;1;2;1;1;2;27;MITTERAND (AVENUE FRA;;;;910
201400038238;14;11;6;725;2;2;2;1;3;27;MORANGIS (AVENUE DE);;;;910
201400038239;14;11;19;2210;5;2;1;1;5;27;75, MITTERAND (AVENUE FR;;;;910
201400038240;14;11;19;1840;5;1;1;1;3;479;FONTAINEBLEAU (AV;;;;910
201400038241;14;11;18;725;5;2;1;1;5;27;INDUSTRIE (QUAI DE L';;;;910
201400038242;14;12;3;835;1;2;1;2;6;27;DUNANT (AVENUE HENRI);;;;910
201400038243;14;12;21;2105;4;2;1;1;4;479;FONTAINEBLEAU (AV;;;;910
201400038244;14;1;15;820;2;2;6;2;3;114;PYRAMIDE (PLACE DE LA);;;;910
201400038245;14;1;15;1535;1;2;1;2;2;114;81, ROUTE NATIONALE 6;;;;910
201400038246;14;1;16;935;1;2;6;2;6;114;WITTLICH (ROND POINT);;;;910
201400038247;14;1;21;1540;1;2;1;1;2;631;BOIELDIEU (RUE);;;;910
201400038248;14;1;21;1910;4;2;1;1;3;114;PIERRE PROST (AVENUE);;;;910
201400038249;14;1;30;820;2;2;2;1;1;114;VILLECRESNES (RUE);;;;910
201400038250;14;2;2;1835;5;2;6;1;6;215;JACQUES ANQUETIL (ROND-P;;;;910
201400038251;14;2;3;645;2;2;6;1;3;97;JEAN MOULIN (AVENUE);;;;910
201400038252;14;2;8;1530;1;2;1;1;2;114;RN 6;;;;910
201400038253;14;2;10;1015;1;2;1;1;2;114;RN 6;;;;910
201400038254;14;2;11;1700;1;2;6;1;3;114;PIERRE PROST (AVENUE);;;;910
201400038255;14;2;15;1920;5;2;1;1;1;114;8, ILE DE FRANCE (BOULEV;;;;910
201400038256;14;2;26;2030;5;2;1;1;2;114;RN 6;;;;910
201400038257;14;2;27;1135;1;2;1;3;2;114;CERCAY (RUE DE);;;;910
201400038258;14;3;2;1115;1;2;1;1;6;114;PYRAMIDE (AVENUE DE LA);;;;910
201400038259;14;3;1;1715;1;2;1;1;1;514;CD 33;;;;910
201400038260;14;3;10;935;1;2;1;1;2;114;ROUTE NATIONALE 6;;;;910
201400038261;14;3;9;2140;5;2;1;1;3;114;ROUTE NATIONALE 6;;;;910
201400038262;14;3;14;1710;1;2;1;1;3;97;CORA ET SON PARKING;;;;910
201400038263;14;3;30;1845;1;2;1;1;3;215;ANATOLE FRANCE (RUE);;;;910
201400038264;14;4;1;1030;1;2;1;1;2;215;HUIT MAI QUARANTE CINQ (;;;;910
201400038265;14;4;18;1550;1;2;1;1;3;114;7, TALMA (RUE);;;;910
201400038266;14;5;17;1120;1;2;1;1;5;114;ROUTE NATIONALE 6;;;;910
201400038267;14;5;18;1100;1;2;1;1;2;514;RD 33;;;;910
201400038268;14;5;21;1755;1;2;1;2;2;114;TALMA (RUE);;;;910
201400038269;14;5;29;2000;1;2;1;1;6;114;REPUBLIQUE (RUE DE LA);;;;910
201400038270;14;6;5;1510;1;2;1;1;2;114;PIERRE PROST (AVENUE);;;;910
201400038271;14;6;13;1950;1;2;3;1;1;114;VALLEES (RUE);;;;910
201400038272;14;6;15;1845;1;2;1;1;3;114;PIERRE PROST (AVENUE);;;;910
201400038273;14;6;18;750;1;2;1;1;2;114;ROUTE NATIONALE 6;;;;910
201400038274;14;6;23;1410;1;2;1;1;6;114;PONT PERRONNET (RUE DU);;;;910
201400038275;14;6;5;1635;1;2;1;1;1;114;GENERAL GOUTTIERE (AVENU;;;;910
201400038276;14;6;5;1950;1;2;1;1;6;114;ABBAYE (RUE DE L');;;;910
201400038277;14;6;30;2050;1;2;1;1;2;514;05, HENRI CHASLES (AVENU;;;;910
201400038278;14;7;2;1730;1;2;4;1;3;215;CHEMIN VERT;;;;910
201400038279;14;7;6;1310;1;2;1;2;2;114;ROUTE NATIONALE 6;;;;910
201400038280;14;7;7;740;1;2;1;1;4;114;ROUTE NATIONALE 6;;;;910
201400038281;14;7;13;945;1;2;1;2;6;114;PONT PERRONNET (RUE DU);;;;910
201400038282;14;7;21;730;1;2;3;8;4;114;ROUTE NATIONALE 6;;;;910
201400038283;14;8;3;900;1;2;1;1;6;631;41, MANDRES (RUE DE);;;;910
201400038284;14;8;6;1545;1;2;1;2;2;114;PIERRE PROST (AVENUE);;;;910
201400038285;14;8;11;1750;1;2;1;1;2;114;74, GENERAL LECLERC (AVE;;;;910
201400038286;14;8;18;900;1;2;1;1;2;114;RN 6;;;;910
201400038287;14;8;22;1900;1;2;3;1;3;114;9, MONTMARTEL (RUE);;;;910
201400038288;14;8;30;930;1;2;1;1;6;114;POSTE (RUE DE LA);;;;910
201400038289;14;8;31;1600;1;2;1;1;2;114;RN 6;;;;910
201400038290;14;9;19;920;1;2;3;1;3;514;GARE (RUE DE LA);;;;910
201400038291;14;9;24;830;1;2;3;1;1;114;LATERALE (RUE);;;;910
201400038292;14;9;30;1340;1;2;1;1;3;114;RN 6;;;;910
201400038293;14;10;6;840;1;1;9;1;5;514;CD 33;;;;910
201400038294;14;10;9;745;1;2;1;2;6;514;GARE (RUE DE LA);;;;910
201400038295;14;10;12;145;3;1;1;1;6;514;CD 33;;;;910
201400038296;14;10;12;1330;1;2;1;1;3;514;BOISSY (RUE DE);;;;910
201400038297;14;10;13;1545;1;2;3;1;6;215;ROCHEAU (ESPACE);;;;910
201400038298;14;10;14;1210;1;2;1;1;2;514;CENTRE COMMERCIAL VAL D';;;;910
201400038299;14;10;15;810;1;2;1;1;6;215;VICTOR HUGO (AVENUE);;;;910
201400038300;14;10;19;2255;5;2;1;1;7;114;ILE DE FRANCE (BOULEVARD;;;;910
201400038301;14;11;4;830;1;2;3;1;1;114;GENERAL LECLERC (AVENUE;;;;910
201400038302;14;11;4;1000;1;2;6;1;1;114;BRIE (ROUTE DE);;;;910
201400038303;14;11;5;1120;1;2;1;1;5;114;RN 6;;;;910
201400038304;14;11;12;815;2;2;2;1;3;97;LILAS  (RUE DES);;;;910
201400038305;14;11;14;1300;1;2;1;1;6;114;BD CHARLES DE GAULLE;;;;910
201400038306;14;12;11;900;1;1;1;1;2;514;CD 33;;;;910
201400038307;14;12;13;1520;1;1;1;1;2;114;ROUTE NATIONALE 6;;;;910
201400038308;14;12;26;1130;1;2;6;1;3;97;CHARLES DE GAULLE(av);;;;910
201400038309;14;12;26;1740;5;2;1;1;2;97;3, CHARLES DE GAULLE (Av;;;;910
201400038310;14;12;30;1200;1;2;1;1;2;114;ROUTE NATIONALE 6;;;;910
201400038311;14;11;18;1640;1;2;1;9;1;174;1, Général Leclerc (rue);;;;910
201400038312;14;12;15;1425;1;2;6;9;2;174;01, PAPETERIE(RUE);;;;910
201400038313;14;11;14;1310;1;2;6;1;3;174;Emile ZOLA (rue);;;;910
201400038314;14;12;16;1825;5;2;1;1;1;174;83, LISSES (ROUTE DE);;;;910
201400038315;14;12;17;1850;5;2;1;1;6;174;83, CARNOT(AVENUE);;;;910
201400038316;14;10;6;1010;1;2;1;1;3;174;86, FONTAINEBLEAU (BD);;;;910
201400038317;14;10;4;2050;5;2;1;1;6;174;5, BLUM(AVENUE LEON);;;;910
201400038318;14;2;11;1700;1;2;1;2;6;174;DUNANT ( BD HENRI);;;;910
201400038319;14;10;26;2025;3;2;9;1;6;174;62, DUNANT ( BD HENRI);;;;910
201400038320;14;2;22;1430;1;2;1;1;3;174;QUEUILLE Henri  (rue);;;;910
201400038321;14;12;12;1310;1;2;1;2;3;174;59, PARIS (RUE);;;;910
201400038322;14;2;21;1040;1;2;1;1;6;174;67, CARNOT(avenue);;;;910
201400038323;14;11;12;1920;5;2;6;1;1;174;JEAN COCTEAU (RUE);;;;910
201400038324;14;2;21;1540;1;2;1;1;1;174;champlouis;;;;910
201400038325;14;3;10;820;1;2;2;1;2;174;100, JEAN JAURES (BOULEV;;;;910
201400038326;14;3;14;820;1;2;6;1;3;174;QUAI MAUZAISSE;;;;910
201400038327;14;3;29;1800;1;2;1;1;6;174;102, PAPETERIE(RUE);;;;910
201400038328;14;2;28;240;5;2;1;1;6;174;261, JOHN KENNEDY (BOULE;;;;910
201400038329;14;2;21;1950;5;2;1;1;6;174;15, Emile ZOLA (rue);;;;910
201400038330;14;4;4;1945;1;2;1;1;6;174;7, PLACE SAINT LEONARD;;;;910
201400038331;14;2;14;1625;1;2;9;1;6;174;1, Emile ZOLA (rue);;;;910
201400038332;14;4;30;1255;1;2;9;1;6;174;01, FERAY ( rue );;;;910
201400038333;14;4;25;1915;1;2;1;1;3;174;47, PAPETERIE(RUE);;;;910
201400038334;14;3;12;2145;5;2;1;1;6;174;ST SPIRE(RUE);;;;910
201400038335;14;3;9;1215;1;2;1;1;2;174;82, JEAN JAURES (BOULEVA;;;;910
201400038336;14;5;15;1520;1;2;1;1;6;174;08, JOHN KENNEDY (BOULEV;;;;910
201400038337;14;5;16;1600;1;2;1;1;2;174;20, JEAN JAURES (BOULEVA;;;;910
201400038338;14;6;5;1950;1;2;1;1;3;174;130, JOHN KENNEDY (BOULE;;;;910
201400038339;14;3;2;1230;1;2;1;1;6;174;92, BAS VIGNONS(CHEMIN);;;;910
201400038340;14;5;26;1235;1;2;6;2;2;174;119, PAPETERIE(RUE);;;;910
201400038341;14;6;11;1725;1;2;1;1;2;174;25, JEAN JAURES (BOULEVA;;;;910
201400038342;14;4;22;1115;1;2;3;1;3;174;48, ANGOULEME(RUE D');;;;910
201400038343;14;4;25;1740;1;2;3;1;5;174;QUAI MAUZAISSE;;;;910
201400038344;14;4;1;1710;1;2;1;1;3;174;7, HELOISE (rue);;;;910
201400038345;14;7;11;1550;1;2;1;1;2;174;5, LEON BLUM (RUE);;;;910
201400038346;14;7;31;1855;1;2;1;1;4;174;33, 08 MAI 1945 (AVENUE);;;;910
201400038347;14;8;27;1120;1;2;1;1;6;174;23, FONTAINEBLEAU (BD);;;;910
201400038348;14;6;28;1040;1;2;6;1;3;174;08 MAI 1945 (AVENUE);;;;910
201400038349;14;4;12;1610;1;2;1;1;1;174;JEAN JAURES (BOULEVARD);;;;910
201400038350;14;5;15;1855;1;2;1;1;6;174;01, 08 MAI 1945 (AVENUE);;;;910
201400038351;14;6;27;1720;1;2;3;9;3;174;Emile ZOLA (rue);;;;910
201400038352;14;9;8;1815;1;2;1;1;3;174;08 MAI 1945 (AVENUE);;;;910
201400038353;14;9;9;1440;1;2;1;1;6;174;1, montagne des glaises;;;;910
201400038354;14;10;11;1640;1;2;1;1;6;174;23, JEAN JAURES (BOULEVA;;;;910
201400038355;14;9;29;2023;5;2;1;2;6;174;29, DUNANT ( BD HENRI);;;;910
201400038356;14;9;30;1520;1;2;2;1;3;174;LEON BLUM (av);;;;910
201400038357;14;9;29;2030;5;2;6;2;3;174;Emile ZOLA (rue);;;;910
201400038358;14;10;28;1445;1;2;1;1;3;174;83, JEAN JAURES (BOULEVA;;;;910
201400038359;14;9;4;1700;1;2;1;1;3;174;ST SPIRE(RUE);;;;910
201400038360;14;9;25;1245;1;2;1;1;2;174;120, JEAN JAURES (BOULEV;;;;910
201400038361;14;1;4;1540;1;2;2;1;3;657;FREDERIC JOLIOT CURIE (A;;;;910
201400038362;14;1;7;1605;1;2;1;1;6;657;HENRI BARBUSSE (AVENUE);;;;910
201400038363;14;1;6;1327;1;2;1;2;2;201;MAINVILLE(RUE DE);;;;910
201400038364;14;1;12;1805;5;2;2;1;3;657;PAUL VAILLANT COUTURIER;;;;910
201400038365;14;1;14;730;5;2;1;1;6;657;TOURELLE (AVENUE DE LA;;;;910
201400038366;14;1;27;1225;1;2;1;2;3;657;BOURBONNAIS (RUE);;;;910
201400038367;14;1;28;1845;5;2;1;2;6;657;COMMUNE DE PARIS (RUE DE;;;;910
201400038368;14;2;9;1150;1;2;1;1;3;201;115, EUGENE DELACROIX(AV;;;;910
201400038369;14;2;9;820;1;2;1;1;6;201;GENERAL DE GAULLE(BOULEV;;;;910
201400038370;14;3;3;1950;2;2;1;1;2;201;HENRI BARBUSSE(AV;;;;910
201400038371;14;3;6;850;1;2;1;1;6;201;EUGENE DELACROIX(AVENUE);;;;910
201400038372;14;3;8;1630;1;2;1;1;6;201;CHATILLON(RUE DE );;;;910
201400038373;14;3;27;1845;2;2;1;1;4;657;MARECHAL LECLERC (RUE) C;;;;910
201400038374;14;2;22;1540;1;2;2;1;6;657;HENRI BARBUSSE (AVENUE);;;;910
201400038375;14;4;2;2250;5;2;2;1;3;201;GENERAL DE GAULLE(BOULEV;;;;910
201400038376;14;6;4;2040;1;2;1;1;3;201;HENRI BARBUSSE(BOULEVARD;;;;910
201400038377;14;6;8;2230;5;2;1;1;6;201;HENRI BARBUSSE(AV;;;;910
201400038378;14;6;23;1150;1;2;2;1;2;657;SALVADOR ALLENDE (RUE);;;;910
201400038379;14;7;1;2220;5;2;1;9;6;657;RUE JULES VALLES;;;;910
201400038380;14;7;18;1835;1;2;1;1;6;657;HENRI BARBUSSE (AVENUE);;;;910
201400038381;14;3;2;1050;1;2;1;1;6;657;PASTEUR (RUE);;;;910
201400038382;14;7;30;621;2;2;1;1;6;201;HENRI BARBUSSE(BOULEVARD;;;;910
201400038383;14;8;22;1330;1;2;2;1;1;201;EUROPE(AVENUE DE L');;;;910
201400038384;14;2;27;1015;1;2;1;1;2;201;VILLIERS ( AVENUE DE );;;;910
201400038385;14;11;28;1350;1;2;2;1;6;657;JACQUES JEUNON (RUE);;;;910
201400038386;14;3;15;315;5;2;2;9;3;657;PASTEUR (RUE);;;;910
201400038387;14;3;20;1930;2;2;2;1;2;657;POTAGER (RUE DU);;;;910
201400038388;14;3;22;1945;5;2;1;2;3;201;GENERAL DE GAULLE(BOULEV;;;;910
201400038389;14;3;28;720;2;2;1;1;6;657;GABRIEL PERI (RUE);;;;910
201400038390;14;4;9;1715;1;2;1;1;6;201;PARIS(AVENUE DE );;;;910
201400038391;14;4;11;1850;1;2;2;9;1;657;SALVADOR ALLENDE (RUE);;;;910