num_acc;an;mois;jour;hrmn;lum;agg;int;atm;col;com;adr;gps;lat;long;dep
201400038392;14;4;23;1615;1;2;1;1;4;201;WALDECK-ROUSSEAU (RUE);;;;910
201400038393;14;4;30;915;1;2;1;1;4;201;HENRI BARBUSSE(BOULEVARD;;;;910
201400038394;14;4;30;1350;1;2;1;1;6;201;REPUBLIQUE (PLACE DE LA);;;;910
201400038395;14;6;28;1745;2;2;2;2;4;201;HENRI BARBUSSE(BOULEVARD;;;;910
201400038396;14;5;13;1435;1;2;2;2;3;201;HENRI BARBUSSE(BOULEVARD;;;;910
201400038397;14;5;16;420;5;2;1;1;6;201;EUGENE DELACROIX(AVENUE);;;;910
201400038398;14;6;15;1530;1;2;1;1;6;201;EUGENE DELACROIX(AVENUE);;;;910
201400038399;14;6;13;735;1;2;1;1;1;201;HENRI BARBUSSE(BOULEVARD;;;;910
201400038400;14;9;4;1000;1;2;1;1;6;201;HENRI BARBUSSE(BOULEVARD;;;;910
201400038401;14;9;15;1810;1;2;1;1;6;201;ACACIAS(AVENUE DES ACACI;;;;910
201400038402;14;7;14;1345;1;2;2;1;2;657;HENRI BARBUSSE (AVENUE);;;;910
201400038403;14;7;26;1125;1;2;1;1;3;201;HENRI BARBUSSE(BOULEVARD;;;;910
201400038404;14;7;28;915;1;2;1;1;6;657;PIERRE MARIN (RUE);;;;910
201400038405;14;8;3;1645;1;2;1;1;3;201;HENRI BARBUSSE(BOULEVARD;;;;910
201400038406;14;8;22;950;1;2;1;1;6;201;GENERAL DE GAULLE(BOULEV;;;;910
201400038407;14;9;11;1928;1;2;1;1;6;201;MARAIS(RUE DU);;;;910
201400038408;14;9;15;945;1;2;1;1;3;657;HENRI BARBUSSE (AVENUE);;;;910
201400038409;14;9;16;840;1;2;2;1;3;657;COLCHIQUE (RUE DU);;;;910
201400038410;14;9;16;1530;1;2;1;1;2;201;HENRI BARBUSSE(BOULEVARD;;;;910
201400038411;14;9;26;830;1;2;1;1;3;201;CHEMIN VERT(RUE DU);;;;910
201400038412;14;9;29;845;1;2;1;2;4;201;GENERAL DE GAULLE(BOULEV;;;;910
201400038413;14;9;30;1845;1;2;1;1;6;201;PORT AUX DAMES(QUAI+RUE;;;;910
201400038414;14;10;30;600;5;2;1;1;3;657;PIERRE BROSSOLETTE (RUE);;;;910
201400038415;14;11;4;910;1;2;1;2;3;201;GENERAL DE GAULLE(BOULEV;;;;910
201400038416;14;11;13;1115;1;2;1;1;1;657;VICTOR HUGOR(RUE);;;;910
201400038417;14;11;15;900;1;2;1;1;1;201;EUROPE(AVENUE DE L');;;;910
201400038418;14;11;17;1810;5;2;1;1;6;201;EUROPE(AVENUE DE L');;;;910
201400038419;14;12;23;835;1;2;2;2;3;657;HENRI DUVERNOIS (RUE);;;;910
201400038420;14;1;7;815;2;1;1;2;7;433;D837;;;;910
201400038421;14;1;9;2049;5;2;1;1;7;223;RD 191;;;;910
201400038422;14;1;10;1805;4;2;6;1;3;223;16, AVENUE DE LA LIBERAT;;;;910
201400038423;14;1;12;1245;1;1;1;1;2;433;RN 20;;;;910
201400038424;14;1;13;1245;1;2;1;1;6;223;FILOIR (RUE DU);;;;910
201400038425;14;1;13;1455;1;1;1;1;6;223;D 63;;;;910
201400038426;14;1;15;1305;1;1;1;2;6;223;RN20;;;;910
201400038427;14;1;15;1705;2;2;1;3;6;223;1, MAI 1945 (AVENUE DU 8;;;;910
201400038428;14;1;16;805;1;1;1;2;4;223;RN20;;;;910
201400038429;14;1;18;1020;1;2;1;1;6;223;GEOFFROY ST HILAI;;;;910
201400038430;14;1;19;630;3;1;6;2;6;433;ROCHETTES (RUE DE;;;;910
201400038431;14;1;24;1350;1;1;1;1;5;223;RD 191;;;;910
201400038432;14;1;25;1150;1;2;1;1;7;223;HENRI IV (BOULEVA;;;;910
201400038433;14;1;25;1700;1;2;1;2;2;223;MARCHE FRANC (AVE;;;;910
201400038434;14;1;30;1825;5;2;1;1;6;223;12, MANIVELLE (RUE DE LA;;;;910
201400038435;14;2;3;1450;1;1;1;1;6;223;CD63;;;;910
201400038436;14;2;4;1710;1;2;1;1;7;469;1, VALLEE AUX LOUPS (RUE;;;;910
201400038437;14;2;6;1120;1;2;1;2;7;223;01, LYS (RUE DES);;;;910
201400038438;14;2;10;1530;1;1;9;1;2;223;RN20;;;;910
201400038439;14;2;13;815;2;2;1;3;6;223;1, ALLENDE (RUE SALVADOR;;;;910
201400038440;14;2;16;150;5;2;1;1;6;223;CHARPENTIER (AV;;;;910
201400038441;14;2;16;1800;2;2;2;1;6;223;MOREAU (RUE LOUIS;;;;910
201400038442;14;2;18;410;5;2;1;1;7;223;PONT DORE (RUE DU);;;;910
201400038443;14;2;23;1210;1;2;2;1;3;223;REPUBLIQUE (RUE DE LA);;;;910
201400038444;14;3;2;1000;1;2;1;1;7;433;AUVERS (RUE D');;;;910
201400038445;14;3;3;755;2;1;1;1;7;223;RN20;;;;910
201400038446;14;3;6;1050;1;2;1;1;2;223;160, PONT SAINT JEAN (RU;;;;910
201400038447;14;3;7;1420;1;2;1;1;5;223;MARQUIS (RUE LEON);;;;910
201400038448;14;3;14;1500;1;2;1;1;6;223;HOTEL DE VILLE (Plce;;;;910
201400038449;14;3;18;1355;1;2;3;1;4;223;LYS (RUE DES);;;;910
201400038450;14;3;22;1400;1;1;1;1;7;433;RN20;;;;910
201400038451;14;3;25;720;1;2;1;2;6;223;REPUBLIQUE (RUE DE LA);;;;910
201400038452;14;3;29;1255;1;2;1;1;2;433;SAINT GERMAIN (RUE);;;;910
201400038453;14;4;3;1100;2;2;9;1;3;433;PONTS (RUE DES);;;;910
201400038454;14;4;7;840;1;1;1;1;2;223;RN20;;;;910
201400038455;14;4;11;945;1;2;3;1;1;223;SAINT JACQUES (RUE;;;;910
201400038456;14;4;11;1750;1;1;1;1;1;223;41, SACLAS (ROUTE DE);;;;910
201400038457;14;4;16;920;1;1;2;1;5;223;RD721;;;;910
201400038458;14;4;18;1805;1;1;1;1;6;223;RD 191;;;;910
201400038459;14;4;25;1650;1;2;1;1;2;223;17, PARIS (AVENUE DE);;;;910
201400038460;14;4;27;1040;1;1;1;2;7;223;RD 191;;;;910
201400038461;14;4;29;1805;1;2;3;2;3;433;1, BLANCHE (ROUTE);;;;910
201400038462;14;5;15;840;1;2;1;1;2;223;1, PONT SAINT JEAN (RUE;;;;910
201400038463;14;5;16;1700;1;1;1;1;7;433;RD 191;;;;910
201400038464;14;5;18;1845;1;2;1;1;6;223;1, LYS (RUE DES);;;;910
201400038465;14;5;21;1020;1;1;1;3;2;223;RN 20;;;;910
201400038466;14;5;27;1757;1;2;1;1;6;223;1, LIBERATION (SQUARE DE;;;;910
201400038467;14;5;30;950;1;2;3;1;1;223;BRESSAULT (RUE DE;;;;910
201400038468;14;5;30;2030;1;1;1;1;5;223;RN 20;;;;910
201400038469;14;6;4;1705;1;1;1;3;7;223;RN20;;;;910
201400038470;14;6;14;1515;1;2;1;1;6;223;1, MOREAU (RUE LOUIS);;;;910
201400038471;14;6;14;1724;1;1;1;1;7;433;RN20;;;;910
201400038472;14;6;17;930;1;2;1;1;6;223;PRISON (RUE DE LA);;;;910
201400038473;14;6;20;830;1;2;1;1;6;223;LYS (RUE DES);;;;910
201400038474;14;6;24;655;1;1;3;1;3;469;RD721;;;;910
201400038475;14;6;26;710;1;2;1;1;6;223;ECORCHOIR (CHEMIN DE L');;;;910
201400038476;14;6;27;2015;1;2;1;1;6;223;HENRI IV (BOULEVA;;;;910
201400038477;14;6;29;535;5;2;1;1;6;223;94, SAINT MARTIN (RUE);;;;910
201400038478;14;6;29;730;1;1;6;2;7;433;RD 191;;;;910
201400038479;14;6;29;1705;1;1;1;1;7;223;RN20;;;;910
201400038480;14;7;5;1815;1;2;1;1;6;223;GUETTARD (RUE J.E;;;;910
201400038481;14;7;6;1635;1;2;7;1;2;223;MOREAU (RUE LOUIS;;;;910
201400038482;14;7;18;1120;1;1;2;1;3;223;D721;;;;910
201400038483;14;7;27;1445;1;2;4;1;2;223;COQUERIVE (AVENUE;;;;910
201400038484;14;7;27;1650;1;2;1;1;7;433;AUVERS (RUE D');;;;910
201400038485;14;7;28;1900;1;2;1;1;6;223;LYS (RUE DES);;;;910
201400038486;14;8;1;1500;1;1;1;1;7;433;RD 191;;;;910
201400038487;14;8;2;1645;1;1;1;1;2;223;RN20;;;;910
201400038488;14;8;6;1050;1;2;1;2;6;223;13, PONT SAINT JEAN (RUE;;;;910
201400038489;14;8;6;1110;1;2;1;2;7;223;1, PONT SAINT JEAN (RUE;;;;910
201400038490;14;8;8;1640;1;1;1;3;6;433;1, CD 837;;;;910
201400038491;14;8;11;1815;1;1;2;1;3;223;RD721;;;;910
201400038492;14;8;17;1820;1;1;1;1;3;223;RN20;;;;910
201400038493;14;8;23;1105;1;1;1;1;3;433;RD 837;;;;910
201400038494;14;8;26;1255;1;2;1;2;2;223;MAI 1945 (AVENUE DU 8;;;;910
201400038495;14;9;1;1640;1;1;1;1;3;223;RN20;;;;910
201400038496;14;9;4;1845;1;1;1;1;6;223;RD 21;;;;910
201400038497;14;9;10;1143;1;2;1;1;6;223;SAINTE-CROIX (RUE);;;;910
201400038498;14;9;12;1445;1;2;1;1;2;223;RD 191;;;;910
201400038499;14;9;15;2055;2;2;1;1;2;223;CAMUS (RUE DU DOC;;;;910
201400038500;14;9;23;1205;1;1;1;1;3;223;RN20;;;;910
201400038501;14;9;26;230;3;1;6;1;6;433;RN20;;;;910
201400038502;14;9;27;1015;1;2;3;1;6;223;BONNEVAUX (AVENUE;;;;910
201400038503;14;9;29;830;1;2;1;2;6;223;LYS (RUE DES);;;;910
201400038504;14;10;4;1135;1;2;1;1;6;223;1, TANNERIE (RUE DE LA);;;;910
201400038505;14;10;4;1700;1;2;1;1;7;223;1, PONT SAINT JEAN (RUE;;;;910
201400038506;14;10;8;1120;1;1;1;2;7;223;1, ROND POINT CHARLES DE;;;;910
201400038507;14;10;14;2230;3;1;1;1;7;433;CD 837;;;;910
201400038508;14;10;24;1725;1;2;1;1;7;469;MOULIN DE LA PLAN;;;;910
201400038509;14;10;31;1725;1;2;1;1;6;433;5, CHAMPINS (IMPASSE DE;;;;910
201400038510;14;11;1;2120;3;2;1;1;2;223;RN20;;;;910
201400038511;14;11;4;1600;1;2;1;1;6;223;20 bis, SAINT MARTIN (RU;;;;910
201400038512;14;11;12;700;5;2;3;1;6;223;MONTFAUCON (BOULEVARD DE;;;;910
201400038513;14;11;12;1235;1;2;1;1;6;223;1, GEOFFROY ST HILAIRE (;;;;910
201400038514;14;11;25;620;3;1;1;2;7;223;RN20;;;;910
201400038515;14;11;26;1925;3;1;1;1;7;223;RN20;;;;910
201400038516;14;12;2;1010;1;2;1;2;6;223;24, HAUT PAVE (RUE DU);;;;910
201400038517;14;12;11;630;3;1;1;1;6;469;D721;;;;910
201400038518;14;12;11;1345;1;1;1;1;6;433;RD 191;;;;910
201400038519;14;12;13;1943;5;2;1;1;4;223;BONNEVAUX (AVENUE;;;;910
201400038520;14;12;14;1135;1;1;2;5;3;223;RD721;;;;910
201400038521;14;12;16;1610;1;2;2;1;2;223;SAINT MARTIN (RUE;;;;910
201400038522;14;12;17;835;2;2;4;2;1;223;PONT ST JEAN (rue);;;;910
201400038523;14;12;19;1740;1;2;2;1;6;223;41, HAUT PAVE (RUE DU);;;;910
201400038524;14;12;26;655;3;1;1;1;6;223;RN20;;;;910
201400038525;14;1;30;2050;5;2;3;1;3;521;LIBERATION (AVENUE DE;;;;910
201400038526;14;1;27;2040;5;2;3;1;6;228;CHAMPS ELYSEES (BD) N?11;;;;910
201400038527;14;1;30;1600;1;2;1;1;6;521;BROSSOLETTE (RUE PIER;;;;910
201400038528;14;2;5;1130;1;2;1;1;3;228;225, CHAMPS ELYSEES (BD);;;;910
201400038529;14;2;22;1240;1;2;1;1;6;228;AGORA (ALLEE DE L');;;;910
201400038530;14;2;11;1920;5;2;4;2;5;228;YERRES (BD);;;;910
201400038531;14;2;22;150;5;2;1;1;7;521;BONTE (RUE);;;;910
201400038532;14;5;13;825;1;2;1;1;6;228;4, MOLIERE (RUE);;;;910
201400038533;14;7;31;1415;1;2;1;1;6;521;GRIGNY (ROUTE DE);;;;910
201400038534;14;11;14;1700;1;2;1;1;6;521;5, CHATEAU D'EAU (RUE DU;;;;910
201400038535;14;4;14;1025;1;2;1;1;6;228;1, FRANCE (BD) N° IMPAIR;;;;910
201400038536;14;7;24;2055;2;2;6;1;3;182;1, GARENNE (ROND-POINT D;;;;910
201400038537;14;1;1;1840;2;2;1;2;3;286;PREMIERE ARMEE (AVENUE);;;;910
201400038538;14;1;8;2140;5;2;1;1;1;286;MOULIN (CHEMIN DU);;;;910
201400038539;14;1;22;1800;2;2;1;2;2;326;67, COUR DE FRANCE (AVEN;;;;910
201400038540;14;1;31;1220;1;2;1;1;6;434;COMMANDANT BARRE (AVENUE;;;;910
201400038541;14;2;5;1240;1;2;1;1;6;687;2, REPUBLIQUE (AVENUE DE;;;;910
201400038542;14;2;6;825;2;2;1;1;3;687;GRIBELETTE (AVENUE DE LA;;;;910
201400038543;14;2;24;745;2;2;1;1;1;687;32, COMMANDANT BARRE (AV;;;;910
201400038544;14;2;19;1800;1;2;2;1;3;434;HENRI BARBUSSE (AVENUE);;;;910
201400038545;14;2;20;1345;1;2;1;1;3;434;JUVISY (AVENUE DE);;;;910
201400038546;14;2;26;1915;2;2;2;1;3;326;16, ESTIENNE D'ORVES (AV;;;;910
201400038547;14;2;8;1500;1;2;1;2;6;687;139, GENERAL DE GAULLE (;;;;910
201400038548;14;3;6;1710;1;2;1;1;6;687;GENERAL LECLERC (AVENUE;;;;910
201400038549;14;3;19;1835;1;2;1;1;6;326;3, COUR DE FRANCE (AVENU;;;;910
201400038550;14;3;21;1830;1;2;1;1;6;326;GRANDE RUE;;;;910
201400038551;14;3;23;140;5;2;2;1;3;286;PIERRE BROSSOLETTE (RUE);;;;910
201400038552;14;4;2;1530;1;2;1;1;6;434;SALVADOR ALLENDE (RUE);;;;910
201400038553;14;4;6;1520;1;2;1;1;6;286;PASTEUR (RUE);;;;910
201400038554;14;2;23;1845;2;2;1;1;6;326;MONTTESSUY (RUE DE);;;;910
201400038555;14;3;31;815;2;2;2;1;3;434;PRINCESSE (AVENUE DE LA);;;;910
201400038556;14;3;20;2110;2;2;1;1;3;326;COUR DE FRANCE (AVENUE D;;;;910
201400038557;14;4;24;1545;1;2;1;1;6;434;BOIS  (AVENUE DU);;;;910
201400038558;14;4;1;1500;1;2;2;1;1;687;PASSERELLE (AVENUE DE LA;;;;910
201400038559;14;3;26;650;1;2;3;1;5;326;CHATILLON (RUE DE);;;;910
201400038560;14;4;16;2045;2;2;3;1;3;434;SAVIGNY (RUE DE);;;;910
201400038561;14;5;11;140;5;2;1;1;1;326;GAULOIS (RUE DES);;;;910
201400038562;14;5;23;1600;1;2;1;1;3;286;EMILE ALLIAUD (AVENUE);;;;910
201400038563;14;5;26;1230;1;2;1;1;2;286;RN 7;;;;910
201400038564;14;5;29;1050;1;2;1;1;6;326;10, GABRIEL PERI (AVENUE;;;;910
201400038565;14;5;7;950;1;2;1;1;7;687;MARMONT (AVENUE);;;;910
201400038566;14;6;9;2200;5;2;2;1;3;687;DOCTEUR ROUX (AV DU);;;;910
201400038567;14;6;18;1245;1;2;2;1;3;326;ALOUETTES (AVENUE DES);;;;910
201400038568;14;6;19;435;5;2;1;1;6;687;MARMONT (AVENUE);;;;910
201400038569;14;6;14;2250;5;2;1;1;6;326;DRAVEIL (RUE DE);;;;910
201400038570;14;6;25;1500;1;2;1;1;2;687;VICTOR SCHOELCHER (PLACE;;;;910
201400038571;14;6;27;1830;1;2;1;1;6;687;GENERAL DE GAULLE (AVENU;;;;910
201400038572;14;7;4;1925;1;2;1;1;6;286;VLAMINCK (RUE);;;;910
201400038573;14;7;12;1825;1;2;1;1;6;687;4, JEAN MERMOZ (AVENUE);;;;910
201400038574;14;7;19;1655;1;2;1;1;5;687;GENERAL DE GAULLE (AVENU;;;;910
201400038575;14;7;23;1330;1;2;2;1;3;434;32, PEPINIERE (AVENUE DE;;;;910
201400038576;14;8;16;2015;1;2;1;1;2;687;RD 445;;;;910
201400038577;14;8;23;1020;1;2;1;1;4;687;GENERAL DE GAULLE (AVENU;;;;910
201400038578;14;9;2;1150;1;2;1;1;6;286;RADARS (RUE DES);;;;910
201400038579;14;9;5;1335;1;2;1;1;6;286;TUILERIES (AVENUE DES);;;;910
201400038580;14;9;12;1830;1;2;1;1;1;687;GENERAL LECLERC (AVENUE;;;;910
201400038581;14;9;15;1955;1;2;2;1;3;434;JUVISY (AVENUE DE);;;;910
201400038582;14;9;22;1500;1;2;1;1;6;687;ALEXANDRE DUMAS (RUE);;;;910
201400038583;14;9;26;1425;1;2;1;1;3;326;COUR DE FRANCE (AVENUE D;;;;910
201400038584;14;10;4;1250;1;2;1;1;6;687;COMMANDANT BARRE (AVENUE;;;;910
201400038585;14;10;10;1330;1;2;1;1;6;286;RADARS (RUE DES);;;;910
201400038586;14;10;14;745;1;2;1;1;3;326;COUR DE FRANCE (AVENUE D;;;;910
201400038587;14;10;14;1840;1;2;1;1;6;326;GAULOIS (RUE DES);;;;910
201400038588;14;10;19;1113;1;2;1;1;6;286;RD 445;;;;910
201400038589;14;10;17;1900;1;2;1;1;6;286;FERME NEUVE (RUE DE LA);;;;910
201400038590;14;10;18;1540;1;2;1;1;6;326;GAMBETTA (QUAI);;;;910
201400038591;14;10;26;1930;1;2;1;1;3;326;30, MONTTESSUY (RUE DE);;;;910
201400038592;14;10;11;1100;1;2;3;1;3;687;GENERAL DE GAULLE (AVENU;;;;910
201400038593;14;11;3;1220;1;2;1;1;5;286;EMILE ALLIAUD (AVENUE);;;;910
201400038594;14;11;10;1730;3;2;1;1;6;687;DE FLEURY (ROUTE );;;;910
201400038595;14;11;11;1800;1;2;1;1;6;687;2, GENERAL DE GAULLE (AV;;;;910
201400038596;14;11;21;740;1;2;1;1;6;687;ERABLES (AVENUE DES);;;;910
201400038597;14;11;24;1025;1;2;1;1;6;434;JEAN RENOIR (RUE);;;;910
201400038598;14;11;24;930;1;2;1;1;1;326;COUR DE FRANCE (AVENUE D;;;;910
201400038599;14;11;16;1650;1;2;7;3;6;687;VICTOR SCHOELCHER (PLACE;;;;910
201400038600;14;11;28;1520;1;2;1;1;2;687;VICTOR SCHOELCHER (AVENU;;;;910
201400038601;14;12;14;1932;2;2;1;1;2;286;RN 7;;;;910
201400038602;14;12;21;1050;1;2;1;1;6;687;20, GENERAL DE GAULLE (A;;;;910
201400038603;14;7;2;1840;1;2;1;1;6;286;OEUF (PLACE DE L');;;;910
201400038604;14;2;11;1440;1;2;2;1;3;161;1, PIERRE BROSSOLETTE (A;;;;910
201400038605;14;2;26;1125;1;2;1;1;2;161;PIERRE BROSSOLETTE (AVEN;;;;910
201400038606;14;2;28;845;1;2;1;2;2;345;PDT F. MITTERRAND (RUE);;;;910
201400038607;14;3;3;1835;5;2;3;8;3;345;162, PRESIDENT FRANCOIS;;;;910
201400038608;14;3;4;1400;1;2;1;1;6;345;17, CORBEIL (ROUTE DE);;;;910
201400038609;14;3;7;1443;1;2;1;1;3;161;GRAVIGNY (RUE DE);;;;910
201400038610;14;3;12;710;1;2;3;1;3;345;1, CATHELIN DR (BOULEVAR;;;;910
201400038611;14;3;13;1625;1;2;3;7;3;345;CORBEIL (ROUTE DE);;;;910
201400038612;14;3;21;1100;1;2;3;8;2;345;1, GENERAL DE GAULLE (AV;;;;910
201400038613;14;3;23;1700;1;1;1;8;5;161;D 118;;;;910
201400038614;14;3;29;1800;1;2;1;1;3;345;SOHIER LEONTINE  (RUE);;;;910
201400038615;14;4;14;1825;1;2;3;1;3;345;128, CORBEIL (ROUTE DE);;;;910
201400038616;14;4;16;1935;1;2;1;1;2;345;10, GENERAL DE GAULLE (A;;;;910
201400038617;14;5;5;1850;1;2;6;1;3;345;162, PRESIDENT FRANCOIS;;;;910
201400038618;14;5;20;1330;1;2;1;3;2;345;162, PRESIDENT FRANCOIS;;;;910
201400038619;14;5;26;805;1;2;2;2;3;345;CATHELIN DR (BOULEVARD D;;;;910
201400038620;14;5;7;1220;1;2;1;1;6;345;12, CORBEIL (ROUTE DE);;;;910
201400038621;14;6;3;1200;1;2;1;1;3;161;1, PARC (AVENUE DU);;;;910
201400038622;14;6;12;830;1;2;6;1;2;161;WISSOUS (ROUTE DE);;;;910
201400038623;14;6;16;1410;1;2;1;1;6;345;CORBEIL (ROUTE DE);;;;910
201400038624;14;6;16;1924;1;2;3;1;3;161;GRAVIGNY (RUE DE);;;;910
201400038625;14;6;18;1015;1;2;1;1;6;161;MAZARIN (AVENUE);;;;910
201400038626;14;9;4;630;2;2;6;9;2;161;1, DIEMA (CARREFOUR DE);;;;910
201400038627;14;9;10;815;1;2;3;1;3;161;43, MAZARIN (AVENUE);;;;910
201400038628;14;9;10;1800;1;1;1;1;6;161;16, P. BROSSOLETTE (AV);;;;910
201400038629;14;9;19;900;1;2;6;1;3;161;LIBERATION (PLACE, AVENU;;;;910
201400038630;14;9;29;1500;1;2;6;1;3;161;LONGJUMEAU (route de);;;;910
201400038631;14;10;26;1404;1;1;1;1;3;161;10, MARES JULIENNES (RUE;;;;910
201400038632;14;11;4;1030;1;2;3;1;3;161;FRANCOIS MOUTHON (RUE);;;;910
201400038633;14;11;4;1243;1;2;2;1;3;161;GAY LUSSAC (RUE);;;;910
201400038634;14;11;13;2025;3;1;6;1;1;161;JEAN MOULIN (ROND POINT;;;;910
201400038635;14;12;9;2025;5;2;2;1;1;345;CORBEIL (ROUTE DE);;;;910
201400038636;14;12;10;710;5;2;1;2;6;345;R DU MARECHAL LECLERC;;;;910
201400038637;14;12;15;1900;5;2;1;2;3;161;5, CHARLES DE GAULLE (AV;;;;910
201400038638;14;12;19;1650;1;2;6;2;6;345;14, PASTEUR (RUE);;;;910
201400038639;14;1;23;2008;5;2;3;2;1;345;CORBEIL (ROUTE DE);;;;910
201400038640;14;1;2;1645;1;2;1;1;6;377;CARNOT (AVENUE);;;;910
201400038641;14;1;18;415;3;2;1;1;6;377;SAUSSAYE (RUE DE L;;;;910
201400038642;14;1;29;805;5;2;1;1;3;377;PARIS (RUE DE);;;;910
201400038643;14;2;7;1716;1;2;1;1;6;377;CARNOT (AVENUE);;;;910
201400038644;14;3;2;1225;1;2;1;1;6;377;KOENIG (AVENUE DU MARECH;;;;910
201400038645;14;3;10;1245;1;2;1;1;3;377;20, BOUDET (RUE PAUL);;;;910
201400038646;14;4;9;800;1;2;1;1;3;377;Voie VALLEE DE LA BIEVR;;;;910
201400038647;14;4;9;1240;1;2;1;1;3;689;19, ARAGO (BOULEVARD);;;;910
201400038648;14;5;16;1820;1;2;1;1;6;377;DE LATTRE DE TASSIGNY;;;;910
201400038649;14;6;4;855;1;2;1;1;2;377;PALAISEAU (ROUTE DE;;;;910
201400038650;14;6;10;1340;1;2;1;1;3;377;SCHUMAN (RUE ROBERT);;;;910
201400038651;14;6;21;1920;1;2;1;1;6;377;EUROPE (AVENUE DE;;;;910
201400038652;14;8;20;1215;1;2;1;1;6;377;10bis, VILGENIS (RUE DE);;;;910
201400038653;14;9;5;2145;5;2;1;1;3;377;SERGENT (RUE LUCIEN);;;;910
201400038654;14;9;26;1730;1;2;1;1;3;377;MARTYRS DE SOWETO (AVENU;;;;910
201400038655;14;11;3;1915;3;2;1;1;6;377;102, PARIS (RUE DE);;;;910
201400038656;14;11;16;1125;1;2;1;1;6;377;SCHUMAN (RUE ROBERT);;;;910
201400038657;14;12;13;615;5;1;1;3;3;689;PONT DE PIERRE (RUE DU);;;;910
201400038658;14;12;29;1620;1;2;1;1;6;377;1, BRIIS (VOIE DE);;;;910
201400038659;14;10;20;1840;5;2;1;1;3;377;CARNOT (AVENUE);;;;910
201400038660;14;10;21;1409;1;2;1;1;3;377;ANGLAIS (RUE DES);;;;910
201400038661;14;1;13;1830;5;2;1;2;3;191;49, av de l'abbé seyes;;;;910
201400038662;14;12;30;2335;3;1;1;2;6;421;NATIONALE 6 (GLACIERE);;;;910
201400038663;14;12;25;240;3;1;1;2;2;421;N 6 (PARTIE FORET);;;;910
201400038664;14;1;11;830;1;1;1;2;6;421;NATIONALE 6 (PARTIE FORE;;;;910
201400038665;14;1;11;1050;1;1;1;1;6;421;PIERRE LOTI (RUE);;;;910
201400038666;14;12;7;500;5;1;1;1;2;421;NATIONALE 6 (PARTIE FORE;;;;910
201400038667;14;1;12;1110;1;2;1;1;3;421;67, REPUBLIQUE (AVENUE D;;;;910
201400038668;14;1;16;740;2;2;1;2;6;691;11, PLAINE HAUTE (ZA;;;;910
201400038669;14;1;21;1700;1;2;1;1;6;421;GARE (PLACE DE LA);;;;910
201400038670;14;1;23;830;1;2;1;1;6;421;MORIN (RUE);;;;910
201400038671;14;2;4;2215;3;1;1;1;2;421;N 6 (REVEIL MATIN);;;;910
201400038672;14;1;30;1640;1;2;5;1;3;691;CARNOT (RUE);;;;910
201400038673;14;1;21;1705;5;2;7;1;6;421;JOSEPH PIETTE (PLACE) (P;;;;910
201400038674;14;2;19;1140;1;2;1;2;6;421;105, MOULIN DE SENLIS (R;;;;910
201400038675;14;2;20;1415;1;2;1;2;6;421;18, MILIEU DES VIGNES DU;;;;910
201400038676;14;2;21;915;1;2;1;1;6;421;REPUBLIQUE (AVENUE DE LA;;;;910
201400038677;14;2;24;1435;1;2;3;1;1;691;GABRIEL PERI(RUE) N°4;;;;910
201400038678;14;2;27;905;1;2;3;2;3;691;PRESIDENT ALLENDE (AVENU;;;;910
201400038679;14;3;9;1743;1;2;1;1;2;691;CHASSEURS (RUE);;;;910
201400038680;14;3;12;1755;1;2;1;1;6;421;CONCY (RUE DE);;;;910
201400038681;14;3;14;1312;1;1;1;1;3;421;NATIONALE 6 (REVEIL MATI;;;;910
201400038682;14;3;20;1415;1;2;1;1;2;421;RAYMOND POMIER (RUE);;;;910
201400038683;14;3;21;1730;1;2;1;1;6;421;VIGNES (RUE DES);;;;910
201400038684;14;3;24;1845;1;2;3;1;3;691;RESISTANCE(AVENUE);;;;910
201400038685;14;3;31;1650;1;2;1;1;6;421;9, BOIS (RUE DES);;;;910
201400038686;14;2;20;950;1;2;1;1;2;691;GENERAL LECLER(AV);;;;910
201400038687;14;4;5;1525;1;2;1;1;6;691;01, SABLIERE(RUE);;;;910
201400038688;14;4;9;1255;1;2;1;1;2;691;MARCEAU BALLIOT(RUE);;;;910
201400038689;14;3;14;2010;2;2;1;1;6;691;HENRI BARBUSSE(RUE);;;;910
201400038690;14;5;28;750;1;2;1;1;6;421;JEAN JAURES (AVENUE);;;;910
201400038691;14;6;2;700;1;2;3;1;6;691;GABRIEL PERI(RUE) DU N?1;;;;910
201400038692;14;6;4;1330;1;2;5;2;3;421;AUGUSTE RENOIR (RUE);;;;910
201400038693;14;6;16;2315;5;2;1;1;3;421;MARECHAL  LYAUTEY (AVENU;;;;910
201400038694;14;6;16;1600;1;2;1;1;1;421;18, BOURGUIGNONS (RUE DE;;;;910
201400038695;14;6;20;1630;1;2;1;1;2;421;43, CONCY (RUE DE);;;;910
201400038696;14;6;21;1625;1;2;1;1;2;691;MARECHAL JUIN (RUE);;;;910
201400038697;14;3;5;1450;1;2;1;1;6;691;MARC SANGNIER (RUE);;;;910
201400038698;14;6;27;2150;5;2;1;2;2;691;JEAN BOUIN(RUE);;;;910
201400038699;14;6;25;1420;1;2;1;1;1;421;GARENNE (RUE DE LA);;;;910
201400038700;14;7;1;2340;5;2;1;1;3;691;MARECHAL JUIN(RUE);;;;910
201400038701;14;7;2;1825;1;2;1;1;2;421;34, REPUBLIQUE (AVENUE D;;;;910
201400038702;14;7;5;2045;1;1;1;1;1;421;BAC D'ABLON (RUE DU);;;;910
201400038703;14;7;10;1240;1;2;1;1;2;421;128, REPUBLIQUE (AVENUE;;;;910
201400038704;14;8;5;255;3;1;1;1;2;421;NATIONALE 6 (PARTIE FORE;;;;910
201400038705;14;8;5;1030;1;1;1;1;3;421;NATIONALE 6 (PARTIE FORE;;;;910
201400038706;14;8;21;1740;1;2;1;1;3;191;François Miterrand (Aven;;;;910
201400038707;14;8;24;845;1;2;1;1;6;691;GENERAL LECLERC (AV);;;;910
201400038708;14;8;25;2040;2;1;3;2;3;421;CHARLES DE GAULLE (AVENU;;;;910
201400038709;14;9;1;730;1;2;1;1;4;691;BOSQUETS (RUE DES);;;;910
201400038710;14;9;23;735;1;1;1;1;2;421;NATIONALE 6 (REVEIL MATI;;;;910