num_acc;an;mois;jour;hrmn;lum;agg;int;atm;col;com;adr;gps;lat;long;dep
201400038711;14;9;21;1130;1;2;1;1;6;691;01, REMONTERU (RUE);;;;910
201400038712;14;9;24;805;1;2;2;1;3;421;PIERRE SEMARD (RUE);;;;910
201400038713;14;9;30;830;1;2;1;2;6;691;39, PAUL DOUMER(RUE);;;;910
201400038714;14;9;30;635;5;2;1;2;7;691;REMONTERU (RUE);;;;910
201400038715;14;9;28;1920;2;1;1;1;4;421;NATIONALE 6 (PARTIE FORE;;;;910
201400038716;14;10;5;1840;1;1;1;1;6;421;NATIONALE 6 (GLACIERE);;;;910
201400038717;14;10;15;1930;5;2;1;2;6;191;REPUBLIQUE (AVENUE DE LA;;;;910
201400038718;14;10;16;2100;5;2;3;2;2;421;CORBEIL (ROUTE DE);;;;910
201400038719;14;10;26;1735;2;2;1;1;3;421;07, MARECHAL FOCH (AVENU;;;;910
201400038720;14;10;29;1820;3;2;2;1;3;421;REPUBLIQUE (AVENUE DE LA;;;;910
201400038721;14;10;30;1255;1;2;1;1;2;421;CONCY (RUE DE);;;;910
201400038722;14;10;30;1800;2;2;3;1;3;421;PIERRE LOTI (RUE);;;;910
201400038723;14;10;31;1925;5;2;1;1;6;691;80, CONCY(RUE);;;;910
201400038724;14;9;21;2130;3;1;1;1;5;421;NATIONALE 6 (PARTIE FORE;;;;910
201400038725;14;11;5;1835;5;2;1;1;6;191;GLACIERE (RUE DE LA);;;;910
201400038726;14;11;14;1700;2;2;1;2;3;691;PAUL DOUMER(RUE);;;;910
201400038727;14;11;14;2200;3;2;1;2;7;421;NATIONALE 6 (PARTIE FORE;;;;910
201400038728;14;10;18;1000;1;2;1;1;6;421;96, REPUBLIQUE (AVENUE D;;;;910
201400038729;14;11;18;810;1;2;1;1;6;421;CHARLES DE GAULLE (AVENU;;;;910
201400038730;14;11;17;2040;3;2;1;2;1;421;NATIONALE 6 (PARTIE FORE;;;;910
201400038731;14;11;23;645;2;1;1;1;6;421;NATIONALE 6 (GLACIERE);;;;910
201400038732;14;11;27;1720;2;2;1;2;6;691;RENE COTY(RUE);;;;910
201400038733;14;12;16;1640;2;2;3;1;6;691;MARC SANGNIER (RUE);;;;910
201400038734;14;12;26;1835;5;2;1;2;6;191;28, REPUBLIQUE (AVENUE D;;;;910
201400038735;14;1;7;845;2;2;1;1;6;477;60, BRUNEAU (RUE LOUISE);;;;910
201400038736;14;1;8;2220;5;2;1;1;6;471;7 bis, SAINT LAURENT (AV;;;;910
201400038737;14;1;14;820;1;2;1;2;6;122;CHARLES DE GAULLE(RUE;;;;910
201400038738;14;1;16;820;2;2;1;3;6;122;1, TILLEULS (AVENUE DES);;;;910
201400038739;14;1;16;1840;2;2;1;1;6;645;81, ESTIENNES D ORVES (R;;;;910
201400038740;14;1;22;1330;1;2;1;2;6;692;SAINTONGE(AVENUE DE);;;;910
201400038741;14;1;24;815;2;2;2;2;3;122;LIBERTE (BOULEVARD DE;;;;910
201400038742;14;1;31;750;2;2;1;5;6;64;44, PARIS (RUE DE);;;;910
201400038743;14;2;25;2145;5;2;1;1;6;64;115, PARIS (RUE DE);;;;910
201400038744;14;2;27;1720;1;2;1;1;6;471;06, ARCHANGE (RUE);;;;910
201400038745;14;12;26;2240;5;2;2;1;3;477;HUIT MAI 1945 (AVENUE DU;;;;910
201400038746;14;3;3;1645;1;2;1;8;3;477;27, HUIT MAI 1945 (AVENU;;;;910
201400038747;14;2;22;2040;5;2;1;1;2;692;route de gometz;;;;910
201400038748;14;2;14;1515;1;2;6;1;6;692;BOURGOGNE (AVENUE DE);;;;910
201400038749;14;8;29;1525;1;2;6;1;3;692;TROPIQUES (AVENUE DES;;;;910
201400038750;14;3;10;1830;1;2;1;1;2;471;17, JOFFRE (AVENUE DU MA;;;;910
201400038751;14;8;26;1045;1;2;1;1;6;477;88, PARIS (RUE DE);;;;910
201400038752;14;3;20;810;1;2;3;1;3;645;GATINES (SENTIER DES);;;;910
201400038753;14;3;26;2030;2;2;1;1;2;692;CD35;;;;910
201400038754;14;4;1;800;1;2;3;1;6;477;VICTOR HUGO (RUE);;;;910
201400038755;14;4;8;1330;1;1;3;1;3;477;MARECHAUX (BOULEVARD DES;;;;910
201400038756;14;3;19;1010;1;2;1;1;3;477;8, FOCH (RUE DU MARECHAL;;;;910
201400038757;14;4;9;1905;1;2;1;1;6;122;20, SOLEIL LEVANT (RUE);;;;910
201400038758;14;4;30;1500;1;2;1;8;6;477;GAULLE (AVENUE DU GEN;;;;910
201400038759;14;5;6;1810;1;2;1;1;1;477;65, SAND (RUE GEORGES);;;;910
201400038760;14;4;29;1715;1;2;1;1;6;471;MARECHAL FOCH (AVENUE;;;;910
201400038761;14;5;19;1840;1;2;1;1;3;477;29, JOSEPH BARA (BLD);;;;910
201400038762;14;5;24;2350;3;1;1;2;6;692;RD 446;;;;910
201400038763;14;6;16;1755;1;2;1;1;6;64;40, PARIS (RUE DE);;;;910
201400038764;14;6;17;1645;1;2;1;1;6;471;MOQUET (RUE GUY);;;;910
201400038765;14;6;19;444;5;2;3;1;3;692;BOURGOGNE (AVENUE DE);;;;910
201400038766;14;7;6;1800;1;2;2;1;3;122;CURIE (AVENUE);;;;910
201400038767;14;8;20;1445;1;2;3;1;3;64;74, PARIS (RUE DE);;;;910
201400038768;14;3;7;1210;1;2;1;1;6;692;BERRY (AVENUE DU);;;;910
201400038769;14;4;11;1025;1;1;1;1;2;477;SACLAY (ROUTE DE);;;;910
201400038770;14;6;26;1430;1;1;1;1;2;477;SACLAY (ROUTE DE);;;;910
201400038771;14;6;8;2030;1;2;1;1;6;692;CEVENNES (RUE DES);;;;910
201400038772;14;7;8;1540;1;2;6;1;1;692;CD35;;;;910
201400038773;14;5;24;1100;1;2;1;1;2;692;CENTRE COMMERCIAL ULIS I;;;;910
201400038774;14;3;19;710;1;2;1;1;1;471;104, DIMANCHERIE (AVENUE;;;;910
201400038775;14;8;25;1350;1;2;1;2;7;471;LAURIAT (RUE DU DOCTE;;;;910
201400038776;14;9;11;840;1;1;1;1;2;477;SACLAY (ROUTE DE);;;;910
201400038777;14;8;1;840;1;2;6;1;3;477;SACLAY (ROUTE DE);;;;910
201400038778;14;3;29;820;1;2;1;1;3;645;FOCH (BOULEVARD DU MA;;;;910
201400038779;14;5;15;905;1;2;3;1;6;477;SAND (RUE GEORGES);;;;910
201400038780;14;9;30;2330;5;2;2;1;3;471;YVETTE (RUE DEL');;;;910
201400038781;14;9;30;915;1;2;1;1;3;645;HUE (RUE MARIUS);;;;910
201400038782;14;5;16;2035;1;2;3;1;3;122;MONDETOUR (RUE DE);;;;910
201400038783;14;10;2;1200;1;2;1;1;3;471;44, MONTHLERY (ROUTE DE);;;;910
201400038784;14;3;30;1600;1;1;6;1;3;692;Bretelle de sortie N118;;;;910
201400038785;14;6;11;1900;1;2;1;1;2;692;CEVENNES (AV DES);;;;910
201400038786;14;5;31;1540;1;2;1;1;3;471;MONDETOUR (BOULEVARD DE);;;;910
201400038787;14;10;7;1825;1;2;1;2;6;64;PONTS (RUE DES);;;;910
201400038788;14;10;14;1400;1;2;2;1;3;477;1, FERRIE (RUE DU GENERA;;;;910
201400038789;14;10;13;1315;1;2;6;1;2;692;CEVENNES (AV DES);;;;910
201400038790;14;10;16;750;2;2;2;2;3;477;67, STALINGRAD (AVENUE D;;;;910
201400038791;14;10;23;1500;1;2;1;1;6;477;GENERAL LECLERC (AVEN;;;;910
201400038792;14;10;26;1740;5;2;1;1;1;471;113, DIMANCHERIE (AVENUE;;;;910
201400038793;14;10;31;1600;1;2;2;1;1;692;22, TROPIQUES (AVENUE DE;;;;910
201400038794;14;11;5;1800;5;2;3;1;4;645;GEORGES POMPIDOU (AVE;;;;910
201400038795;14;11;12;1225;1;2;1;1;6;645;GRANDS CHENES (RUE);;;;910
201400038796;14;11;14;2215;4;2;1;1;6;477;1, GARE RER PALAISEAU;;;;910
201400038797;14;11;4;1315;1;1;9;1;2;64;GISY (ROUTE DE)RD 533;;;;910
201400038798;14;11;21;1735;5;2;1;1;6;645;MARECHAL FOCH (BOULEVARD;;;;910
201400038799;14;11;16;940;1;2;3;2;3;312;VAUHALLAN (ROUTE);;;;910
201400038800;14;11;29;120;5;2;1;1;6;477;81, GRANDE CEINTURE (BOU;;;;910
201400038801;14;8;19;1250;1;2;1;1;6;471;PARIS (RUE DE);;;;910
201400038802;14;9;12;850;1;2;1;1;6;692;1, AUBRAC (RUE DE L');;;;910
201400038803;14;9;17;1830;1;2;1;1;3;692;12, OCEANIE (AVENUE DE L;;;;910
201400038804;14;12;3;945;1;2;1;2;6;64;TERRASSE (RUE DE LA);;;;910
201400038805;14;12;4;910;1;2;1;8;6;477;ALFRED DE MUSSET (RUE);;;;910
201400038806;14;12;15;1920;5;2;1;2;6;312;JULES FERRY (RUE);;;;910
201400038807;14;12;19;1340;1;2;1;8;6;477;38, BOURGEOIS (RUE LEON);;;;910
201400038808;14;12;23;1515;1;2;1;8;3;471;20, SAINT LAURENT (AVENU;;;;910
201400038809;14;12;31;2045;5;1;1;1;3;692;OCEANIE (AVENUE DE L');;;;910
201400038810;14;11;4;810;1;2;1;1;6;692;124, CHAMPS LASNIERS (AV;;;;910
201400038811;14;12;13;1515;1;2;1;1;6;471;59, DUBREUIL (BOULEVARD);;;;910
201400038812;14;12;14;1605;1;2;2;1;6;312;ALBERT SARRAULT (AV);;;;910
201400038813;14;1;7;950;1;2;1;1;6;549;6, DR PHILLIPE PINEL;;;;910
201400038814;14;1;15;700;5;2;1;2;6;570;LAGRANGE (RUE LEO);;;;910
201400038815;14;1;17;1145;1;2;1;7;6;549;PAUL VAILLANT-COUTUR;;;;910
201400038816;14;1;30;2100;5;2;1;1;3;216;02, CORBEIL (RUE);;;;910
201400038817;14;2;11;820;1;2;1;1;6;570;de LAUNAY (ALLEE);;;;910
201400038818;14;3;5;1120;1;2;1;1;6;549;143, CORBEIL (ROUTE DE);;;;910
201400038819;14;3;27;820;1;2;6;1;3;549;ROGER PERRIAUD (PLACE);;;;910
201400038820;14;5;3;1630;1;2;1;1;1;549;2, CONVENTION (RUE DE LA;;;;910
201400038821;14;5;18;1235;1;2;1;1;6;549;21, LIERS (RUE DE);;;;910
201400038822;14;5;21;840;1;2;1;2;6;549;1, ANTOINE ROCCA (RUE);;;;910
201400038823;14;6;21;2030;1;2;2;1;3;549;REPUBLIQUE (AVENUE DE LA;;;;910
201400038824;14;6;22;725;1;2;3;1;3;570;47, BRETIGNY (AVENUE);;;;910
201400038825;14;7;3;2030;1;2;2;1;3;549;EPERON (AVENUE DE L');;;;910
201400038826;14;7;4;1920;1;2;1;1;6;549;22, HENRI SELLIER (RUE);;;;910
201400038827;14;7;18;1825;1;2;2;1;3;549;REPUBLIQUE (AVENUE DE LA;;;;910
201400038828;14;8;15;1415;1;2;1;1;6;216;04, BREUIL (RUE);;;;910
201400038829;14;9;1;830;1;2;3;1;3;216;RD 257;;;;910
201400038830;14;9;9;820;1;1;1;1;6;549;JACQUES DUCLOS (AVENUE);;;;910
201400038831;14;9;16;1540;1;2;3;7;1;549;27, CORBEIL (ROUTE DE);;;;910
201400038832;14;9;22;810;1;2;1;1;6;549;REGIMENT NORMANDIE-NIEME;;;;910
201400038833;14;9;27;1750;1;2;1;1;3;549;20, REGIMENT NORMANDIE-N;;;;910
201400038834;14;10;2;1255;1;2;1;1;3;549;200, CORBEIL (ROUTE DE);;;;910
201400038835;14;10;2;920;1;2;3;1;3;549;FOSSE AUX LEUX (RUE;;;;910
201400038836;14;10;7;635;2;2;1;3;3;216;CD 257;;;;910
201400038837;14;10;15;620;5;2;1;1;3;216;CD 257;;;;910
201400038838;14;10;16;715;5;2;1;2;6;549;266, CORBEIL (ROUTE DE);;;;910
201400038839;14;10;17;950;1;2;6;2;3;549;2, ROGER PERRIAUD (PLACE;;;;910
201400038840;14;10;18;2000;5;2;1;1;6;549;1, LONGPONT (ROUTE DE);;;;910
201400038841;14;11;6;1745;5;2;1;1;1;549;51, GABRIEL PERI (AVENUE;;;;910
201400038842;14;11;12;1625;1;2;1;1;1;549;REGIMENT NORMANDIE-NIEME;;;;910
201400038843;14;12;6;1400;1;2;1;1;3;549;CORBEIL (ROUTE DE);;;;910
201400038844;14;12;15;825;1;2;3;2;6;667;1, MURES(ALLEE DES);;;;910
201400038845;14;12;16;1610;1;2;1;1;6;549;27, LONGPONT (ROUTE DE);;;;910
201400038846;14;1;8;1100;1;2;3;1;2;589;26, JUVISY COTTAGES (AVE;;;;910
201400038847;14;12;30;1025;1;2;1;9;6;589;MONTAGNE PAVEE (RUE DE L;;;;910
201400038848;14;1;15;1625;1;2;1;1;2;432;BRIAND (AVENUE ARISTI;;;;910
201400038849;14;12;30;1550;1;2;6;1;3;432;1, PAIX (AVENUE DE LA);;;;910
201400038850;14;1;9;759;2;2;1;1;3;589;10, GAMBETTA (AVENUE);;;;910
201400038851;14;1;12;2035;5;2;2;1;3;589;DUNANT (RUE HENRI);;;;910
201400038852;14;1;9;820;2;2;1;1;6;589;MAIL (RUE DU);;;;910
201400038853;14;1;25;1920;5;2;1;1;3;589;7, BRIAND (BVD ARISTIDE);;;;910
201400038854;14;2;15;2240;3;2;1;1;2;589;DUNANT (RUE HENRI);;;;910
201400038855;14;3;8;1625;1;2;1;1;2;589;D 25;;;;910
201400038856;14;3;14;2030;2;2;1;1;6;589;DE GAULLE (AVENUE CHA;;;;910
201400038857;14;3;25;728;2;2;3;1;3;432;MUSSET (RUE ALFRED DE;;;;910
201400038858;14;3;21;245;3;1;1;1;6;432;D 118;;;;910
201400038859;14;3;28;840;1;2;1;1;6;589;RENOIR (RUE AUGUSTE);;;;910
201400038860;14;3;3;2110;5;2;2;1;3;589;MOSSLER (AVENUE CHARLES);;;;910
201400038861;14;3;4;740;2;2;1;1;1;589;D 25;;;;910
201400038862;14;4;13;1755;1;2;1;1;6;432;EDOUETS (RUE DES);;;;910
201400038863;14;4;19;1330;1;2;2;1;3;432;CURIE (RUE PIERRE);;;;910
201400038864;14;4;29;925;1;2;1;1;6;589;PARIS (RUE DE);;;;910
201400038865;14;4;29;935;1;2;3;1;3;589;26, BRIAND (BOULEVARD AR;;;;910
201400038866;14;5;7;1930;1;2;1;1;3;589;GARE (PLACE DE LA);;;;910
201400038867;14;3;23;2240;5;2;2;1;3;589;24, BRIAND (BOULEVARD AR;;;;910
201400038868;14;5;7;1220;1;2;1;1;2;589;41, DE GAULLE (AVENUE CH;;;;910
201400038869;14;5;14;2030;1;2;2;1;3;589;TILLEULS (AVENUE DES);;;;910
201400038870;14;6;10;2330;5;2;1;1;3;589;CD 25;;;;910
201400038871;14;7;3;1840;1;2;1;1;6;432;GENERAL  WARABIOT (AV;;;;910
201400038872;14;5;19;1725;1;2;3;1;3;589;DUNANT (RUE HENRI);;;;910
201400038873;14;5;24;1145;1;2;2;1;3;589;DE GAULLE (AVENUE CHARLE;;;;910
201400038874;14;6;4;800;1;2;3;1;6;589;CHAUVET (RUE MARIE);;;;910
201400038875;14;7;18;1425;1;2;2;1;3;432;LAVOISIER (RUE);;;;910
201400038876;14;7;1;1800;1;2;1;1;2;589;GRAND VAUX (RUE DE);;;;910
201400038877;14;7;1;1635;1;2;1;1;3;589;LEUTHREAU  (AV ROBERT);;;;910
201400038878;14;7;20;415;5;2;1;2;6;432;DE LESSEPS (AVENUE FE;;;;910
201400038879;14;7;28;2110;2;1;1;3;6;432;D 118;;;;910
201400038880;14;6;18;1700;1;2;1;1;6;589;DUNANT (RUE HENRI);;;;910
201400038881;14;8;5;715;1;2;1;1;3;432;D 118;;;;910
201400038882;14;9;22;803;1;2;2;1;6;589;NOYERS ( RUE DES);;;;910
201400038883;14;9;4;2020;1;2;2;1;1;589;CAILLES (RUE DES);;;;910
201400038884;14;9;5;1610;1;2;1;1;5;589;RD 25;;;;910
201400038885;14;10;29;2205;5;2;2;1;3;432;PASCAL (AVENUE BLAISE);;;;910
201400038886;14;9;23;950;1;2;3;1;3;589;LUXEMBOURG (AVENUE DU);;;;910
201400038887;14;9;26;1900;5;2;1;1;3;432;09, DE GAULLE  (AVENUE C;;;;910
201400038888;14;10;10;810;2;2;1;1;6;432;01, EGLISE MORANGIS;;;;910
201400038889;14;10;11;2345;5;2;2;1;1;589;ALLEMANE (AV JEAN);;;;910
201400038890;14;10;12;1950;2;2;1;1;7;589;ROSSAYS (RUE DES);;;;910
201400038891;14;10;16;1513;1;2;1;1;6;589;38, DUNANT (RUE HENRI);;;;910
201400038892;14;12;2;1350;1;2;1;1;6;589;3, CHARCOT (R Jean Bapti;;;;910
201400038893;14;12;10;1830;2;2;1;2;2;589;43, ALLEMANE (Av JEAN);;;;910
201400038894;14;12;15;2150;3;1;1;2;6;689;D 118;;;;910
201400038895;14;11;9;1605;2;2;2;1;2;589;66, PERI (AVENUE GABRIEL;;;;910
201400038896;14;11;15;1250;1;2;3;1;2;589;GRAND VAUX (RUE DE);;;;910
201400038897;14;11;18;1745;5;2;2;1;6;432;PERI (AVENUE GABRIEL);;;;910
201400038898;14;12;3;850;1;2;2;2;3;432;95, LOTI (Av PIERRE);;;;910
201400038899;14;12;4;1420;1;2;6;1;3;432;WISSOUS (RUE DE);;;;910
201400038900;14;12;13;1050;1;1;1;8;6;161;D 118;;;;910
201400038901;14;12;12;800;5;2;1;1;6;432;155, BRIAND (AVENUE ARIS;;;;910
201400038902;14;12;26;1332;1;2;3;8;3;589;174, BRIAND (BOULEVARD A;;;;910
201400038903;14;12;5;1625;2;2;1;1;3;432;10, DE LESSEPS (AVENUE F;;;;910
201400038904;14;12;17;855;2;2;2;8;3;589;35, BRIAND (AV ARISTIDE);;;;910
201400038905;14;12;28;555;2;2;1;1;6;589;OUZILLEAU (AV HENRI);;;;910
201400038906;14;1;7;2030;1;2;1;1;3;2;113, DIVISION LECLERC (5;;;;920
201400038907;14;1;26;1940;5;2;3;3;6;2;21, ERNEST RENAN (AVENUE;;;;920
201400038908;14;1;31;1005;1;2;1;1;6;14;4, MONTROUGE (AVENUE DE);;;;920
201400038909;14;2;10;1640;1;2;1;1;6;2;103, MASSY (RUE DE);;;;920
201400038910;14;2;11;2240;5;2;3;2;3;2;RAYMON ARON (AVENUE);;;;920
201400038911;14;2;26;2335;5;2;6;1;3;2;RAYMON ARON (AVENUE);;;;920
201400038912;14;3;22;1613;1;2;2;7;6;2;PRESIDENT KENNEDY (2 A 4;;;;920
201400038913;14;3;26;1400;1;2;3;1;6;2;112, ARISTIDE BRIAND (AV;;;;920
201400038914;14;4;11;1420;1;2;1;1;6;14;MARECHAL JOFFRE (BD DU);;;;920
201400038915;14;4;14;1407;1;2;2;1;3;2;PRESIDENT KENNEDY (50 A;;;;920
201400038916;14;4;19;1840;1;2;4;1;3;2;DIVISION LECLERC (53 A 2;;;;920
201400038917;14;5;10;1300;1;2;1;1;3;2;130, ARISTIDE BRIAND (AV;;;;920
201400038918;14;6;5;1915;1;2;1;1;2;14;51, MARECHAL JOFFRE (BD;;;;920
201400038919;14;6;14;1145;1;2;2;1;3;2;GENERAL DE GAULLE (AVENU;;;;920
201400038920;14;6;24;1037;1;2;2;1;3;14;MARECHAL JOFFRE (BD DU);;;;920
201400038921;14;6;26;850;1;2;1;1;3;2;ABBAYE (RUE DE L');;;;920
201400038922;14;6;29;1750;1;2;3;8;3;2;47, JEAN MONNET (AVENUE);;;;920
201400038923;14;7;4;1519;1;2;2;1;6;2;GENERAL DE GAULLE (AVENU;;;;920
201400038924;14;8;27;1115;1;2;3;1;7;2;4, GARENNES (RUE DES);;;;920
201400038925;14;9;10;1010;1;2;1;1;6;14;65, MARECHAL JOFFRE (BD;;;;920
201400038926;14;9;15;1730;1;2;1;1;6;2;159, DIVISION LECLERC (5;;;;920
201400038927;14;9;26;2045;5;2;1;1;2;14;22, MARECHAL JOFFRE (BD;;;;920
201400038928;14;10;14;945;1;2;1;7;6;2;PIERRE KOHLMANN (RUE);;;;920
201400038929;14;10;22;2315;5;2;1;1;2;14;GENERAL LECLERC (AV.) (1;;;;920
201400038930;14;10;23;1135;1;2;1;1;6;2;17, ARISTIDE BRIAND (AVE;;;;920
201400038931;14;10;23;2120;5;2;1;1;3;2;58, ARISTIDE BRIAND (AVE;;;;920
201400038932;14;10;27;1930;5;2;1;1;2;14;15, MONTROUGE (AVENUE DE;;;;920
201400038933;14;10;31;610;5;2;3;1;3;14;GENERAL LECLERC (AV.) (1;;;;920
201400038934;14;11;2;2200;5;2;2;2;1;2;JEAN MONNET (AVENUE);;;;920
201400038935;14;11;9;45;5;2;2;1;3;2;PRESIDENT KENNEDY (50 A;;;;920
201400038936;14;11;14;2245;5;2;1;2;6;2;12, VELPEAU (RUE);;;;920
201400038937;14;11;18;1320;1;2;1;1;6;2;112, ADOLPHE PAJEAUD (RU;;;;920
201400038938;14;11;28;1328;1;2;1;1;6;2;LEON JOUHAUX (AVENUE);;;;920
201400038939;14;12;4;1945;5;2;3;1;6;2;DIVISION LECLERC (53 A 2;;;;920
201400038940;14;12;7;1625;1;2;3;2;6;14;MARECHAL JOFFRE (BD DU);;;;920
201400038941;14;12;7;1720;5;2;1;2;6;2;19, DIVISION LECLERC (1;;;;920
201400038942;14;12;12;809;2;2;2;3;6;2;MAURICE LABROUSSE (RUE);;;;920
201400038943;14;12;17;1250;1;2;1;2;6;14;93, MARECHAL JOFFRE (BD;;;;920
201400038944;14;12;21;1800;5;2;1;1;6;2;ADOLPHE PAJEAUD (RUE);;;;920
201400038945;14;1;1;1938;5;2;3;2;6;9;NS, BOURGUIGNONS ( RUE 3;;;;920
201400038946;14;1;3;2000;5;2;1;1;2;4;107, DOCTEUR DERVAUX  (;;;;920
201400038947;14;1;5;1610;1;2;1;1;6;4;NS, REDOUTE ( AVENUE DE;;;;920
201400038948;14;1;5;2315;5;2;2;2;3;4;179, ARGENTEUIL N? 176 A;;;;920
201400038949;14;1;7;1430;1;2;1;1;2;4;FACE 107, DOCTEUR DERVAU;;;;920
201400038950;14;1;9;910;1;2;1;1;6;4;194, VOLTAIRE ( BD );;;;920
201400038951;14;1;9;1340;1;2;1;2;7;4;NS, PONT D'ASNIERES;;;;920
201400038952;14;1;15;1635;1;2;2;2;3;9;NS, CHARLES-DE-GAULLE (;;;;920
201400038953;14;1;15;1945;5;1;1;1;6;4;73, ARGENTEUIL AV D';;;;920
201400038954;14;1;20;824;1;2;2;1;3;4;98, ARGENTEUIL AV D';;;;920
201400038955;14;1;20;920;1;2;1;1;3;4;3, JARDIN MODELE;;;;920
201400038956;14;1;19;2045;2;2;1;1;6;4;133, BAS ( RUE DES );;;;920
201400038957;14;1;21;1220;1;2;1;1;6;4;NS, ARGENTEUIL AV D';;;;920
201400038958;14;1;22;1000;1;2;2;2;3;4;60, EMILE ZOLA ( RUE );;;;920
201400038959;14;1;22;1905;5;2;1;2;6;4;103, MARNE   ( AVENUE DE;;;;920
201400038960;14;1;23;1815;1;2;1;2;1;9;NS, BOURGUIGNONS ( RUE 3;;;;920
201400038961;14;1;27;1650;1;2;1;2;6;9;14, BONS ENFANTS  ( RUE;;;;920
201400038962;14;2;5;1930;5;2;1;2;6;4;07, STATION ( RUE );;;;920
201400038963;14;2;6;1820;5;2;1;2;6;9;301, ARGENTEUIL ( AVENUE;;;;920
201400038964;14;2;7;810;4;2;1;1;7;4;80, DOCTEUR DERVAUX  ( Q;;;;920
201400038965;14;2;7;2210;1;2;1;1;6;4;14, ROBERT DUPONT;;;;920
201400038966;14;2;9;550;5;2;1;1;6;4;66, VOLTAIRE ( BD 16 A F;;;;920
201400038967;14;2;10;1647;1;2;1;1;6;4;30, LOUIS MELOTTE;;;;920
201400038968;14;2;11;1730;1;2;2;2;6;9;48, HOCHE ( RUE );;;;920
201400038969;14;2;11;1725;1;2;1;2;3;4;22, RPC GILBERT;;;;920
201400038970;14;2;12;745;2;2;1;1;2;4;NS, PONT DE CLICHY;;;;920
201400038971;14;2;12;1340;1;2;1;1;6;4;20 BIS, RABELAIS;;;;920
201400038972;14;2;13;2300;5;2;1;1;3;4;NS, INTERCOMMUNAL (B);;;;920
201400038973;14;2;14;1730;1;2;1;1;6;4;NS, REDOUTE ( AVENUE DE;;;;920
201400038974;14;2;16;2310;5;2;3;1;2;4;NS, DOCTEUR DERVAUX  ( Q;;;;920
201400038975;14;2;19;1810;3;2;1;1;6;4;69, PIERRE BOUDOU;;;;920
201400038976;14;2;20;1050;1;2;1;2;6;4;11, VOLTAIRE  ( BD 01 A;;;;920
201400038977;14;2;26;1715;1;2;3;1;6;4;NS, FLACHAT (AVENUE);;;;920
201400038978;14;3;5;1000;1;2;1;2;2;4;25, GABRIEL PERI (AVE );;;;920
201400038979;14;3;6;1545;1;2;3;1;3;4;ns, LAURENT-CELY  ( AVEN;;;;920
201400038980;14;3;6;1845;5;2;1;1;7;4;NS, BAS ( RUE DES );;;;920
201400038981;14;3;9;1025;1;2;2;1;3;9;MINIMES ( RUE DES );;;;920
201400038982;14;3;11;735;1;2;3;1;6;4;ns, PIERRE BROSSOLETTE;;;;920
201400038983;14;3;12;830;1;2;1;1;3;4;8, ARMAND NUMEZ;;;;920
201400038984;14;3;17;2210;5;2;3;1;3;4;60, FLACHAT (AVENUE);;;;920
201400038985;14;3;18;1200;1;2;1;1;5;4;ns, PONT DE CLICHY;;;;920
201400038986;14;3;19;750;1;2;1;1;6;4;NS, INTERCOMMUNAL (B);;;;920
201400038987;14;3;20;1820;1;2;1;1;3;4;8, ARGENTEUIL AV D';;;;920
201400038988;14;3;21;850;1;2;2;2;6;4;02, DENIS PAP?N ( RUE );;;;920
201400038989;14;3;28;1700;1;2;1;1;6;4;188, BOURGUIGNONS ( RUE;;;;920
201400038990;14;3;28;1825;1;2;1;1;6;9;8BIS, PAUL DEROULEDE ( R;;;;920
201400038991;14;3;30;345;5;2;1;1;1;4;ns, GRESILLONS ( AVENUE;;;;920
201400038992;14;4;6;855;1;2;2;1;3;4;NS, PONT DE CLICHY;;;;920
201400038993;14;4;9;800;1;2;1;1;6;9;27, PASTEUR  ( RUE );;;;920
201400038994;14;4;9;1300;1;2;1;1;3;4;01, MARNE   ( AVENUE DE;;;;920
201400038995;14;4;9;1815;1;2;2;1;3;4;face 203, ARGENTEUIL N?;;;;920
201400038996;14;4;11;1535;1;2;1;1;2;4;29, AULAGNIER ( QUAI );;;;920
201400038997;14;4;15;1855;1;2;1;1;2;4;57, REDOUTE ( AVENUE DE;;;;920
201400038998;14;4;19;1648;1;2;2;2;3;9;NS, HENRI LITOLFF ( RUE;;;;920
201400038999;14;4;21;600;5;2;1;2;3;4;, LOUIS ARMAND;;;;920
201400039000;14;4;26;1955;1;2;2;1;3;9;NS, ESTIENNE D'ORVES ( R;;;;920
201400039001;14;4;27;100;5;2;3;1;3;4;221, ARGENTEUIL N? 176 A;;;;920
201400039002;14;4;29;945;1;2;1;1;6;4;ns, AULAGNIER ( QUAI );;;;920
201400039003;14;4;30;800;1;2;3;1;2;4;NS, AULAGNIER ( QUAI );;;;920
201400039004;14;4;30;2125;5;2;1;1;2;4;21, CHATEAU ( RUE DU );;;;920
201400039005;14;5;5;1830;1;2;2;1;6;4;ns, EMILE ZOLA ( RUE );;;;920
201400039006;14;5;7;730;1;2;1;1;1;4;NS, SCHEURER KESTNER;;;;920
201400039007;14;5;7;900;1;2;1;2;2;9;269, ARGENTEUIL ( AVENUE;;;;920
201400039008;14;5;12;2105;2;2;2;3;7;4;NS, LAURENT-CELY  ( AVEN;;;;920
201400039009;14;5;11;620;5;2;1;1;7;4;23, ROBERT DUPONT;;;;920
201400039010;14;5;17;1350;1;2;1;1;2;4;NS, DOCTEUR DERVAUX  ( Q;;;;920
201400039011;14;5;17;1815;1;2;1;1;3;9;AGENT SARRE ( RUE DE L';;;;920
201400039012;14;5;21;1935;1;2;1;2;6;4;01, PIERRE DE COUBERTIN;;;;920
201400039013;14;5;21;1940;3;2;1;2;2;4;ns, PIERRE DE COUBERTIN;;;;920
201400039014;14;5;20;2015;1;2;2;2;3;4;NS, CHATEAU ( RUE DU );;;;920
201400039015;14;5;23;1545;1;2;1;1;6;4;ns, REDOUTE ( AVENUE DE;;;;920
201400039016;14;5;23;1755;1;2;1;1;6;4;121, DOCTEUR DERVAUX  (;;;;920
201400039017;14;5;28;1720;1;2;1;1;2;4;3, DOCTEUR DERVAUX  ( QU;;;;920
201400039018;14;6;2;1100;1;2;1;1;7;4;12, ABBE GLATZ DE L';;;;920
201400039019;14;6;2;1530;1;2;1;1;6;4;157, EMILE ZOLA ( RUE );;;;920
201400039020;14;6;2;1700;1;2;1;1;6;4;44, HENRI POINCARE;;;;920
201400039021;14;6;2;1910;1;2;3;1;6;4;53, MARNE   ( AVENUE DE;;;;920
201400039022;14;6;4;1450;1;2;1;2;6;4;154, AULAGNIER ( QUAI );;;;920