num_acc;an;mois;jour;hrmn;lum;agg;int;atm;col;com;adr;gps;lat;long;dep
201400039023;14;6;7;2130;1;2;2;1;6;4;ns, MONTAIGNE;;;;920
201400039024;14;6;9;2215;3;2;2;2;3;9;NS, HENRI LITOLFF ( RUE;;;;920
201400039025;14;6;12;1050;1;2;1;1;7;4;39, BAS ( RUE DES );;;;920
201400039026;14;6;12;1630;1;2;1;1;6;4;35, VOLTAIRE ( BD 16 A F;;;;920
201400039027;14;6;15;1915;1;2;3;1;6;4;71, VICTOR HUGO;;;;920
201400039028;14;6;17;727;1;2;2;1;3;4;NS, MARNE   ( AVENUE DE;;;;920
201400039029;14;6;17;1915;1;2;2;1;3;4;NS, LAURENT-CELY  ( AVEN;;;;920
201400039030;14;6;18;1350;1;2;1;1;6;4;NS, REDOUTE ( AVENUE DE;;;;920
201400039031;14;6;19;2100;1;2;2;1;3;4;NS, BAS ( RUE DES );;;;920
201400039032;14;6;21;1510;1;2;1;1;6;4;18, CONCORDE ( RUE DE LA;;;;920
201400039033;14;6;22;210;5;2;1;1;2;4;58, VOLTAIRE ( BD );;;;920
201400039034;14;6;23;834;1;2;2;1;3;9;62, CHARLES-DE-GAULLE (;;;;920
201400039035;14;6;23;915;1;2;1;1;2;4;NS, LAURENT-CELY  ( AVEN;;;;920
201400039036;14;6;25;1820;1;2;1;1;1;4;08, LOUIS ARMAND;;;;920
201400039037;14;6;26;1815;1;2;1;1;6;9;face 63, CHARLES CHEFSON;;;;920
201400039038;14;7;2;1845;1;2;3;1;2;4;NS, AULAGNIER ( QUAI );;;;920
201400039039;14;7;3;825;1;2;2;1;6;4;NS, PIERRE BOUDOU;;;;920
201400039040;14;7;4;1500;1;2;1;1;7;9;NS, HENRI LITOLFF ( RUE;;;;920
201400039041;14;7;6;2007;1;2;1;1;6;4;39, BAS ( RUE DES );;;;920
201400039042;14;7;11;2040;1;2;9;1;6;4;94, ARGENTEUIL AV D';;;;920
201400039043;14;7;13;1015;1;2;3;1;6;4;NS, PIERRE BOUDOU;;;;920
201400039044;14;7;18;900;1;2;1;1;4;4;03, GRANDE RUE CHARLES D;;;;920
201400039045;14;7;19;1830;1;2;1;1;7;4;ns, AUGUSTE BAILLY;;;;920
201400039046;14;7;21;1310;1;2;1;1;6;4;12, ARGENTEUIL AV D';;;;920
201400039047;14;7;22;730;1;2;2;1;3;4;NS, VOLTAIRE ( BD );;;;920
201400039048;14;7;24;1710;1;2;2;1;3;4;NS, PRONY;;;;920
201400039049;14;7;24;1810;1;2;1;1;6;4;121, DOCTEUR DERVAUX  (;;;;920
201400039050;14;7;25;1005;1;2;1;1;3;4;07, ARGENTEUIL AV D';;;;920
201400039051;14;7;30;950;1;2;3;1;1;4;NS, ARGENTEUIL AV D';;;;920
201400039052;14;8;3;1920;1;2;3;1;3;4;NS, REDOUTE ( AVENUE DE;;;;920
201400039053;14;8;4;914;1;2;2;2;3;4;NS, CHATEAU ( RUE DU );;;;920
201400039054;14;8;5;1540;1;2;2;1;3;4;NS, GRESILLONS ( AVENUE;;;;920
201400039055;14;8;7;1945;1;2;1;1;2;4;NS, BAS ( RUE DES );;;;920
201400039056;14;8;9;1410;1;2;1;1;7;4;ns, BAS ( RUE DES );;;;920
201400039057;14;8;14;2050;5;2;1;2;3;4;15, AULAGNIER ( QUAI );;;;920
201400039058;14;8;20;1730;1;2;1;1;2;4;face 17, AULAGNIER ( QUA;;;;920
201400039059;14;8;22;540;3;2;1;1;2;4;225, AULAGNIER ( QUAI );;;;920
201400039060;14;8;25;1415;1;2;2;3;3;9;PIERRE JOIGNEAU ( RUE );;;;920
201400039061;14;9;3;1300;1;2;1;1;6;4;25, ARGENTEUIL AV D';;;;920
201400039062;14;9;3;2245;5;2;1;1;1;4;43, HENRI POINCARE;;;;920
201400039063;14;9;5;2050;2;2;1;1;7;4;14, ROBERT DUPONT;;;;920
201400039064;14;9;8;945;1;2;3;1;2;4;NS, AULAGNIER ( QUAI );;;;920
201400039065;14;9;12;630;2;2;4;1;2;4;39, DOCTEUR DERVAUX  ( Q;;;;920
201400039066;14;9;12;1510;1;2;3;1;3;4;ns, HENRI POINCARE;;;;920
201400039067;14;9;16;1440;1;2;2;1;6;4;NS, ARGENTEUIL AV D';;;;920
201400039068;14;9;19;1215;1;2;1;1;3;4;NS, PONT DE CLICHY;;;;920
201400039069;14;9;20;2300;5;2;1;1;6;4;04, ARGENTEUIL AV D';;;;920
201400039070;14;9;24;2130;5;2;4;2;3;4;NS, ARGENTEUIL AV D';;;;920
201400039071;14;9;25;941;1;2;2;1;3;4;28, REDOUTE ( AVENUE DE;;;;920
201400039072;14;10;3;850;1;2;1;1;6;4;270, GRESILLONS ( AVENUE;;;;920
201400039073;14;10;3;900;1;2;1;1;6;4;03, REDOUTE ( AVENUE DE;;;;920
201400039074;14;10;3;930;1;2;1;1;2;4;NS, DOCTEUR DERVAUX  ( Q;;;;920
201400039075;14;10;6;1220;1;2;2;1;6;9;NS, ESTIENNE D'ORVES ( R;;;;920
201400039076;14;10;7;1000;1;2;1;2;2;4;NS, DOCTEUR DERVAUX  ( Q;;;;920
201400039077;14;10;8;1055;1;2;2;2;3;4;28, RPC GILBERT;;;;920
201400039078;14;10;8;1230;1;2;1;2;3;4;16, VOLTAIRE ( BD 16 A F;;;;920
201400039079;14;10;8;1650;1;2;1;1;6;4;185, ARGENTEUIL AV D';;;;920
201400039080;14;10;11;1030;1;2;4;1;3;4;30, ARGENTEUIL AV D';;;;920
201400039081;14;10;11;1550;1;2;1;1;3;4;4 bis, VOLTAIRE  ( BD 01;;;;920
201400039082;14;10;16;2250;5;2;1;2;6;4;NS, REDOUTE ( AVENUE DE;;;;920
201400039083;14;10;19;1750;1;2;1;1;7;4;02, INTERCOMMUNAL (B);;;;920
201400039084;14;10;23;930;1;2;1;1;6;4;63, ROBERT DUPONT;;;;920
201400039085;14;10;23;1820;1;2;1;1;3;4;39, PIERRE BROSSOLETTE;;;;920
201400039086;14;10;24;2045;5;2;1;1;6;4;128, REDOUTE ( AVENUE DE;;;;920
201400039087;14;10;25;602;5;2;1;1;2;4;face 125, DOCTEUR DERVAU;;;;920
201400039088;14;10;30;635;5;2;1;1;7;4;ns, BAS ( RUE DES );;;;920
201400039089;14;11;3;2235;5;2;1;2;2;4;ns, DOCTEUR DERVAUX  ( Q;;;;920
201400039090;14;11;4;2015;5;2;1;1;3;4;158, ARGENTEUIL AV D';;;;920
201400039091;14;11;12;1730;5;2;2;1;3;4;24, BAC ( RUE DU );;;;920
201400039092;14;11;19;955;1;2;1;2;7;4;92, CHATEAU ( RUE DU );;;;920
201400039093;14;11;23;1840;5;2;2;1;3;4;NS, PONT DE CLICHY;;;;920
201400039094;14;11;25;1615;1;2;2;1;6;4;NS, COMETE  ( RUE DE LA;;;;920
201400039095;14;11;26;2140;5;2;3;1;3;4;15, FAIDHERBE ( AVENUE );;;;920
201400039096;14;11;26;2150;5;2;3;1;3;9;NS, ARGENTEUIL ( AVENUE;;;;920
201400039097;14;11;27;955;1;2;2;1;3;4;NS, VOLTAIRE ( BD 16 A F;;;;920
201400039098;14;11;28;1500;1;2;2;1;3;4;NS, PARMENTIER;;;;920
201400039099;14;12;1;835;1;2;1;1;3;4;face 37, DOCTEUR DERVAUX;;;;920
201400039100;14;12;1;1350;1;2;3;1;3;4;ns, PIERRE BROSSOLETTE;;;;920
201400039101;14;12;3;1825;5;2;2;1;6;9;NS, R. P.CORENTIN-CLOARE;;;;920
201400039102;14;12;6;1450;1;2;1;1;6;4;101, CHATEAU ( RUE DU );;;;920
201400039103;14;12;9;1145;1;2;1;1;7;4;NS, BAS ( RUE DES );;;;920
201400039104;14;12;12;1915;5;2;2;1;3;9;07, EUROPE (AVENUE);;;;920
201400039105;14;12;12;845;1;2;1;2;1;4;NS, ROUVEYROL ( VILLA );;;;920
201400039106;14;12;12;1100;1;2;1;1;6;4;10, EMILE ZOLA ( RUE );;;;920
201400039107;14;12;12;1500;1;2;1;2;7;4;72, ARGENTEUIL AV D';;;;920
201400039108;14;12;16;755;5;2;1;2;6;9;19, CHEVREUL ( AVENUE );;;;920
201400039109;14;12;19;1845;5;2;1;1;6;4;88, MAURICE BOKANOWSKI;;;;920
201400039110;14;12;21;1805;5;2;1;1;3;4;15, DOCTEUR DERVAUX  ( Q;;;;920
201400039111;14;12;23;1915;5;2;2;1;3;4;NS, METRO GABRIEL PERI;;;;920
201400039112;14;12;26;1100;1;2;2;2;3;4;9, JEAN JACQUES ROUSSEAU;;;;920
201400039113;14;12;27;2035;5;2;1;2;6;4;06, ARGENTEUIL AV D';;;;920
201400039114;14;1;4;1535;1;2;1;1;2;7;27, FORTIN (AVENUE JEAN-;;;;920
201400039115;14;1;10;1550;1;2;1;1;2;7;26, VAILLANT-COUTURIER (;;;;920
201400039116;14;2;4;1840;2;2;1;1;3;7;129bis, VERDUN (RUE DE);;;;920
201400039117;14;2;5;2100;5;2;3;1;3;7;BRIAND (AVENUE ARISTIDE);;;;920
201400039118;14;2;15;30;5;2;1;1;6;7;236, BRIAND (AVENUE ARIS;;;;920
201400039119;14;2;26;2030;5;2;2;1;1;7;STALINGRAD (AVENUE DE);;;;920
201400039120;14;3;3;1135;1;2;3;1;3;7;59, BOURG-LA-REINE (AVEN;;;;920
201400039121;14;3;20;1200;1;2;1;1;3;7;81, PETIT (AVENUE ALBERT;;;;920
201400039122;14;3;22;1740;1;2;2;1;3;7;BRIAND (AVENUE ARISTIDE);;;;920
201400039123;14;3;23;1415;1;2;2;1;3;7;PETIT (AVENUE ALBERT) N?;;;;920
201400039124;14;3;23;1850;2;2;3;1;2;7;268, BRIAND (AVENUE ARIS;;;;920
201400039125;14;4;1;2025;1;2;3;1;3;7;55, PASTEUR (AVENUE LOUI;;;;920
201400039126;14;4;11;1810;1;2;2;1;6;7;FRERES LUMIERE (RUE DES);;;;920
201400039127;14;4;10;1820;1;2;1;1;6;7;236, BRIAND (AVENUE ARIS;;;;920
201400039128;14;4;12;655;2;2;2;1;3;7;PASTEUR (AVENUE LOUIS) N;;;;920
201400039129;14;4;13;1305;1;2;2;1;3;7;PASTEUR (AVENUE LOUIS) A;;;;920
201400039130;14;4;15;2040;1;2;1;1;3;7;48, BRIAND (AVENUE ARIST;;;;920
201400039131;14;4;30;5;5;2;1;2;7;7;96, BRIAND (AVENUE ARIST;;;;920
201400039132;14;5;8;1530;1;2;1;3;6;7;96, BRIAND (AVENUE ARIST;;;;920
201400039133;14;6;2;1630;1;2;4;1;7;7;BARBUSSE (AVENUE HENRI);;;;920
201400039134;14;6;10;1900;1;2;3;1;3;7;BRIAND (AVENUE ARISTIDE);;;;920
201400039135;14;6;11;1845;1;2;2;7;3;7;PASTEUR (AVENUE LOUIS) A;;;;920
201400039136;14;6;13;1320;1;2;3;1;3;7;PETIT (AVENUE ALBERT) N?;;;;920
201400039137;14;6;19;1350;1;2;1;1;6;7;24, BRIAND (AVENUE ARIST;;;;920
201400039138;14;6;21;2140;2;2;1;1;6;7;175, RAVERA (AVENUE HENR;;;;920
201400039139;14;7;6;2135;1;2;4;1;3;7;HUGO (AVENUE VICTOR);;;;920
201400039140;14;7;15;945;1;2;2;1;3;7;BRIAND (AVENUE ARISTIDE);;;;920
201400039141;14;7;18;1600;1;2;1;1;6;7;24, VAILLANT-COUTURIER (;;;;920
201400039142;14;8;13;1300;1;2;2;1;3;7;-, BENARDS (RUE DES) N?;;;;920
201400039143;14;9;6;1105;1;2;6;1;6;7;VAILLANT-COUTURIER (AVEN;;;;920
201400039144;14;9;12;1000;1;2;1;1;6;7;41, PETIT (AVENUE ALBERT;;;;920
201400039145;14;9;13;1750;1;2;2;1;2;7;VAILLANT-COUTURIER (AVEN;;;;920
201400039146;14;9;16;1645;1;2;4;1;3;7;PLUCHET (RUE ALPHONSE);;;;920
201400039147;14;9;17;1730;1;2;2;1;3;7;BRIAND (AVENUE ARISTIDE);;;;920
201400039148;14;9;27;2045;3;2;2;1;6;7;HUGO (AVENUE VICTOR);;;;920
201400039149;14;10;1;1915;2;2;2;1;3;7;BRIAND (AVENUE ARISTIDE);;;;920
201400039150;14;10;3;1630;1;2;2;1;3;7;DORMOY (AVENUE MARX);;;;920
201400039151;14;10;5;1215;1;2;1;8;3;7;83, PETIT (AVENUE ALBERT;;;;920
201400039152;14;10;10;1620;1;2;3;1;3;7;BRIAND (AVENUE ARISTIDE);;;;920
201400039153;14;10;13;1625;1;2;1;1;3;7;24, VAILLANT-COUTURIER (;;;;920
201400039154;14;11;3;845;1;2;3;1;5;7;PASTEUR (AVENUE LOUIS) A;;;;920
201400039155;14;11;22;2010;3;2;1;1;6;7;134, BRIAND (AVENUE ARIS;;;;920
201400039156;14;11;25;1420;1;2;1;8;2;7;96, BRIAND (AVENUE ARIST;;;;920
201400039157;14;1;2;1720;2;2;2;1;6;12;REINE (ROUTE DE LA) 82/F;;;;920
201400039158;14;1;3;1845;2;2;1;1;6;12;231, JEAN JAURES (BOULEV;;;;920
201400039159;14;1;8;2015;5;2;2;2;3;12;GALLIENI (RUE) 142/FIN;;;;920
201400039160;14;1;8;1000;1;2;1;1;6;12;34, GENERAL LECLERC (AVE;;;;920
201400039161;14;1;11;1715;2;2;2;1;6;12;JEAN JAURES (BOULEVARD);;;;920
201400039162;14;1;18;1920;5;2;2;1;6;12;ANDRE MORIZET (AVENUE) -;;;;920
201400039163;14;1;20;1350;1;2;2;2;6;12;REPUBLIQUE (BOULEVARD DE;;;;920
201400039164;14;1;22;1000;1;2;1;1;4;12;72, EDOUARD VAILLANT (AV;;;;920
201400039165;14;1;22;1910;5;2;2;3;6;12;SILLY (RUE DE) 89/FIN -;;;;920
201400039166;14;1;23;915;1;2;2;1;6;12;GAMBETTA (RUE);;;;920
201400039167;14;1;29;1005;1;2;1;2;3;12;61, POINT DU JOUR (QUAI;;;;920
201400039168;14;2;1;1140;1;2;1;8;6;12;126, REINE (ROUTE DE LA);;;;920
201400039169;14;2;1;1335;1;2;3;1;6;12;JEAN JAURES (BOULEVARD);;;;920
201400039170;14;2;3;2018;2;2;2;1;3;12;JEAN JAURES (BOULEVARD);;;;920
201400039171;14;2;5;1410;1;2;1;2;2;12;50-52, REINE (ROUTE DE L;;;;920
201400039172;14;2;6;825;1;2;1;1;3;12;65, ANDRE MORIZET (AVENU;;;;920
201400039173;14;2;6;1710;1;2;2;1;3;12;ANDRE MORIZET (AVENUE) 1;;;;920
201400039174;14;2;8;2010;5;2;2;1;3;12;GENERAL LECLERC (AVENUE;;;;920
201400039175;14;2;10;1615;1;2;1;1;3;12;25, QUATRE SEPTEMBRE (QU;;;;920
201400039176;14;2;12;1725;2;2;1;2;6;12;64, REPUBLIQUE (BOULEVAR;;;;920
201400039177;14;2;14;1415;1;2;1;1;7;12;34, EDOUARD VAILLANT (AV;;;;920
201400039178;14;2;19;1805;2;2;2;1;3;12;GENERAL LECLERC (AVENUE;;;;920
201400039179;14;2;20;1209;1;2;1;1;6;12;102-104, EDOUARD VAILLAN;;;;920
201400039180;14;2;26;1800;1;2;2;1;3;12;YVES KERMEN (RUE) 51/FIN;;;;920
201400039181;14;2;27;1430;1;2;1;2;7;12;PONT DE SEVRES (ROND POI;;;;920
201400039182;14;2;27;1930;5;2;1;2;6;12;20, QUATRE SEPTEMBRE (QU;;;;920
201400039183;14;2;27;1920;5;2;1;2;6;12;11, MOULINEAUX (SQUARE D;;;;920
201400039184;14;3;1;1905;2;2;3;1;6;12;GENERAL LECLERC (AVENUE;;;;920
201400039185;14;3;2;945;1;2;2;1;6;12;JEAN JAURES (BOULEVARD);;;;920
201400039186;14;3;3;1045;1;2;1;1;7;12;PONT DE SEVRES (ROND POI;;;;920
201400039187;14;3;4;955;1;2;2;1;2;12;REPUBLIQUE (BOULEVARD DE;;;;920
201400039188;14;3;6;850;1;2;1;7;2;12;29, GEORGES GORSE (QUAI);;;;920
201400039189;14;3;7;1330;1;2;2;1;6;12;ROBERT SCHUMAN (AVENUE);;;;920
201400039190;14;3;8;1835;2;2;1;1;6;12;101, POINT DU JOUR (RUE;;;;920
201400039191;14;3;10;1730;1;2;1;1;3;12;160, PARIS (RUE DE) 97BI;;;;920
201400039192;14;3;11;1035;1;2;3;1;6;12;THIERS (RUE) 2/82 BIS -;;;;920
201400039193;14;3;13;1345;1;2;1;1;3;12;235, GALLIENI (RUE) 159/;;;;920
201400039194;14;3;15;1525;1;2;1;1;2;12;124, JEAN JAURES (BOULEV;;;;920
201400039195;14;3;20;1355;1;2;3;1;3;12;ANNA BERBEROVA (RUE);;;;920
201400039196;14;3;25;1715;1;2;1;2;7;12;50, REPUBLIQUE (BOULEVAR;;;;920
201400039197;14;3;27;1350;1;2;1;1;5;12;107, SEVRES (RUE DE) 55B;;;;920
201400039198;14;3;28;2015;5;2;6;1;6;12;RHIN ET DANUBE (ROND POI;;;;920
201400039199;14;3;30;2213;3;2;1;1;3;12;, YVES KERMEN (RUE) 51/F;;;;920
201400039200;14;3;31;855;1;2;7;1;6;12;197, JEAN JAURES (BOULEV;;;;920
201400039201;14;3;31;1020;1;2;1;1;3;12;31BIS, ROBERT SCHUMAN (A;;;;920
201400039202;14;3;31;1300;1;2;1;1;6;12;42, REINE (ROUTE DE LA);;;;920
201400039203;14;4;1;1620;1;2;1;1;3;12;82, SEVRES (RUE DE) 55BI;;;;920
201400039204;14;4;3;1130;1;2;1;1;2;12;88 TER, GENERAL LECLERC;;;;920
201400039205;14;4;6;900;1;2;2;1;7;12;ROBERT SCHUMAN (AVENUE);;;;920
201400039206;14;4;8;1343;1;2;2;1;3;12;ANDRE MORIZET (AVENUE) 1;;;;920
201400039207;14;4;11;335;5;2;1;1;3;12;8, GENERAL LECLERC (AVEN;;;;920
201400039208;14;4;11;2046;5;2;1;1;7;12;12, QUATRE SEPTEMBRE (QU;;;;920
201400039209;14;4;15;925;1;2;1;1;3;12;109, REINE (ROUTE DE LA);;;;920
201400039210;14;4;18;1340;1;2;1;1;3;12;577, GENERAL LECLERC (AV;;;;920
201400039211;14;4;22;1145;1;2;1;1;6;12;123, THIERS (RUE) 67/FIN;;;;920
201400039212;14;4;23;1445;1;2;1;1;7;12;67, GENERAL LECLERC (AVE;;;;920
201400039213;14;4;26;939;1;2;1;9;6;12;1099, YVES KERMEN (RUE);;;;920
201400039214;14;4;29;2015;1;2;1;2;7;12;116, REINE (ROUTE DE LA);;;;920
201400039215;14;5;2;1339;1;2;2;1;6;12;VIEUX PONT DE SEVRES (RU;;;;920
201400039216;14;5;3;1200;1;2;1;1;2;12;239, JEAN JAURES (BOULEV;;;;920
201400039217;14;5;5;1820;1;2;1;1;5;12;26, QUATRE SEPTEMBRE (QU;;;;920
201400039218;14;5;6;1415;1;2;1;1;3;12;130, JEAN JAURES (BOULEV;;;;920
201400039219;14;5;6;2145;5;2;2;2;7;12;COURS DE L'ILE SEGUIN;;;;920
201400039220;14;5;6;1510;1;2;1;1;6;12;95, EDOUARD VAILLANT (AV;;;;920
201400039221;14;4;30;1615;1;2;1;1;7;12;35/37, SEVRES (RUE DE) 1;;;;920
201400039222;14;5;7;1820;1;2;1;1;3;12;29, LE CORBUSIER (RUE);;;;920
201400039223;14;5;9;1210;1;2;2;1;7;12;BILLANCOURT (RUE DE) 63/;;;;920
201400039224;14;5;12;1150;1;2;4;1;2;12;PONT DE SAINT CLOUD (MET;;;;920
201400039225;14;5;13;1245;1;2;1;1;3;12;35, VICTOR HUGO (AVENUE);;;;920
201400039226;14;5;13;1705;1;2;1;2;6;12;103, JEAN BAPTISTE CLEME;;;;920
201400039227;14;5;14;1810;1;2;1;1;6;12;142, GALLIENI (RUE) 142/;;;;920
201400039228;14;5;15;2000;5;2;2;1;6;12;JEAN JAURES (BOULEVARD);;;;920
201400039229;14;5;17;1130;1;2;1;1;2;12;98, GENERAL LECLERC (AVE;;;;920
201400039230;14;5;20;1545;1;2;3;1;3;12;CHEMIN VERT (RUE DU);;;;920
201400039231;14;5;21;325;5;2;1;2;7;12;95/97, EDOUARD VAILLANT;;;;920
201400039232;14;5;22;1200;1;2;2;1;2;12;CHATEAU (RUE DU) 1/125 -;;;;920
201400039233;14;5;22;1950;1;2;1;1;2;12;48, GAMBETTA (RUE);;;;920
201400039234;14;5;25;1920;1;2;4;1;6;12;26, ANDRE MORIZET (AVENU;;;;920
201400039235;14;5;26;840;1;2;1;2;6;12;22, REINE (ROUTE DE LA);;;;920
201400039236;14;5;27;1415;1;2;3;1;6;12;JEAN JAURES (BOULEVARD);;;;920
201400039237;14;5;28;855;1;2;1;1;6;12;86, CHATEAU (RUE DU) 1/1;;;;920
201400039238;14;5;28;1420;1;2;2;1;3;12;GALLIENI (RUE) 55/157 -;;;;920
201400039239;14;5;28;1520;1;2;1;8;6;12;32 BIS, JEAN JAURES (BOU;;;;920
201400039240;14;5;31;1607;1;2;1;1;3;12;34-36, SEVRES (RUE DE) 1;;;;920
201400039241;14;6;3;1140;1;2;1;1;6;12;76, REPUBLIQUE (BOULEVAR;;;;920
201400039242;14;6;3;2140;2;2;3;1;3;12;JEAN JAURES (BOULEVARD);;;;920
201400039243;14;6;5;1545;1;2;1;1;7;12;67, GENERAL LECLERC (AVE;;;;920
201400039244;14;6;6;1215;1;2;3;7;3;12;ANATOLE FRANCE (BOULEVAR;;;;920
201400039245;14;6;8;1745;1;2;1;1;6;12;27, EST (RUE DE L') 1/FI;;;;920
201400039246;14;6;10;830;1;2;2;8;3;12;DENFERT ROCHEREAU (RUE);;;;920
201400039247;14;6;13;800;1;2;1;1;2;12;16, POINT DU JOUR (QUAI;;;;920
201400039248;14;6;13;1515;1;2;2;1;6;12;ANDRE MORIZET (AVENUE) 1;;;;920
201400039249;14;6;13;1655;1;2;1;1;2;12;EDOUARD VAILLANT (AVENUE;;;;920
201400039250;14;6;14;1345;1;2;1;1;7;12;17, SAINT DENIS (RUE);;;;920
201400039251;14;6;14;1500;1;2;1;1;6;12;112, REINE (ROUTE DE LA);;;;920
201400039252;14;6;15;1400;1;2;6;1;2;12;EDOUARD VAILLANT (AVENUE;;;;920
201400039253;14;6;15;1805;1;2;6;1;3;12;JULES GUESDE/NATIONALE (;;;;920
201400039254;14;6;17;700;1;2;3;1;3;12;REINE (ROUTE DE LA) 1/37;;;;920
201400039255;14;6;17;1535;1;2;1;1;2;12;175, JEAN JAURES (BOULEV;;;;920
201400039256;14;6;20;900;1;2;1;1;7;12;169, SILLY (RUE DE) 89/F;;;;920
201400039257;14;6;21;1550;1;2;6;1;3;12;MARCEL SEMBAT (PLACE);;;;920
201400039258;14;6;21;1820;1;2;2;1;3;12;REINE (ROUTE DE LA) 82/F;;;;920
201400039259;14;6;24;810;1;2;4;1;6;12;CHATEAU (RUE DU) 1/125 -;;;;920
201400039260;14;6;24;1845;1;2;1;1;7;12;11, SEVRES (RUE DE) 1/55;;;;920
201400039261;14;6;26;2115;1;2;2;2;7;12;JEAN JAURES (BOULEVARD);;;;920
201400039262;14;6;28;2300;5;2;1;3;6;12;153, SILLY (RUE DE) 89/F;;;;920
201400039263;14;6;30;1650;1;2;4;1;3;12;JEAN JAURES (BOULEVARD);;;;920
201400039264;14;7;1;850;1;2;3;1;7;12;133, SILLY (RUE DE) 89/F;;;;920
201400039265;14;7;4;10;5;2;1;1;6;12;16, ALFRED LAURANT (RUE);;;;920
201400039266;14;7;6;225;5;2;1;1;3;12;577, GENERAL LECLERC (AV;;;;920
201400039267;14;7;7;740;1;2;1;1;2;12;9, STALINGRAD (QUAI DE);;;;920
201400039268;14;7;9;1425;1;2;2;3;3;12;REINE (ROUTE DE LA) 1/37;;;;920
201400039269;14;7;12;1000;1;2;3;1;3;12;REINE (ROUTE DE LA) 1/37;;;;920
201400039270;14;7;16;1840;1;2;2;1;3;12;50, JEAN BAPTISTE CLEMEN;;;;920
201400039271;14;7;16;2030;1;2;2;1;6;12;743, GENERAL LECLERC (AV;;;;920
201400039272;14;7;17;1025;1;2;1;7;6;12;33, REPUBLIQUE (BOULEVAR;;;;920
201400039273;14;7;19;1810;1;2;1;1;2;12;14, SILLY (RUE DE) 1/87;;;;920
201400039274;14;7;22;1350;1;2;3;1;6;12;ANATOLE FRANCE (BOULEVAR;;;;920
201400039275;14;7;23;1525;1;2;2;1;3;12;REPUBLIQUE (BOULEVARD DE;;;;920
201400039276;14;7;23;1920;1;2;9;1;3;12;QUATRE SEPTEMBRE (QUAI D;;;;920
201400039277;14;7;30;2255;5;2;1;1;2;12;49, GEORGES GORSE (QUAI);;;;920
201400039278;14;8;2;750;1;2;2;1;3;12;REPUBLIQUE (BOULEVARD DE;;;;920
201400039279;14;8;2;1855;1;2;1;1;6;12;122, GENERAL LECLERC (AV;;;;920
201400039280;14;8;10;1750;1;2;2;1;4;12;75, ANDRE MORIZET (AVENU;;;;920
201400039281;14;8;14;745;1;2;3;1;3;12;34, ALPHONSE LE GALLO (Q;;;;920
201400039282;14;8;14;1900;1;2;1;2;3;12;47, AUTEUIL (BOULEVARD D;;;;920
201400039283;14;8;15;1850;1;2;3;1;3;12;GEORGES GORSE (QUAI);;;;920
201400039284;14;8;16;730;1;2;9;1;1;12;LE JOUR SE LEVE (AVENUE);;;;920
201400039285;14;8;26;1140;1;2;2;2;3;12;BELLEVUE (RUE DE) 1/71BI;;;;920
201400039286;14;8;27;1715;1;2;1;1;3;12;3, GENERAL LECLERC (AVEN;;;;920
201400039287;14;8;28;1440;1;2;1;1;3;12;33, GENERAL LECLERC (AVE;;;;920
201400039288;14;8;30;1121;1;2;1;1;3;12;273, JEAN JAURES (BOULEV;;;;920
201400039289;14;8;31;2250;5;2;2;1;3;12;ANDRE MORIZET (AVENUE) 1;;;;920
201400039290;14;9;4;915;1;2;2;1;3;12;GALLIENI (RUE) 55/157 -;;;;920
201400039291;14;9;6;1715;1;2;1;1;7;12;19, MARECHAL DE LATTRE D;;;;920
201400039292;14;9;6;2120;5;2;1;1;6;12;92, REPUBLIQUE (BOULEVAR;;;;920
201400039293;14;9;8;1110;1;2;1;1;3;12;1, STALINGRAD (QUAI DE);;;;920
201400039294;14;9;8;2050;5;2;1;1;2;12;26, ALPHONSE LE GALLO (Q;;;;920
201400039295;14;9;9;1350;1;2;2;1;3;12;ROBERT SCHUMAN (AVENUE);;;;920
201400039296;14;9;11;1055;1;2;1;1;6;12;55, PIERRE GRENIER (AVEN;;;;920
201400039297;14;9;11;1240;1;2;1;1;7;12;33, EMILE ZOLA (RUE);;;;920
201400039298;14;9;12;855;1;2;1;1;3;12;AUTEUIL (BOULEVARD D') -;;;;920
201400039299;14;9;15;1250;1;2;2;1;2;12;76, REPUBLIQUE (BOULEVAR;;;;920
201400039300;14;9;18;1600;1;2;1;1;4;12;120, GENERAL LECLERC (AV;;;;920
201400039301;14;9;22;1600;1;2;6;1;2;12;ANCIENS COMBATTANT (ROND;;;;920
201400039302;14;9;23;1115;1;2;2;1;3;12;BELLE FEUILLE (RUE DE LA;;;;920
201400039303;14;9;23;1215;1;2;1;1;3;12;139, JEAN JAURES (BOULEV;;;;920
201400039304;14;9;23;1515;1;2;1;1;4;12;35, EDOUARD VAILLANT (AV;;;;920
201400039305;14;9;23;2135;5;2;1;1;2;12;215, JEAN JAURES (BOULEV;;;;920
201400039306;14;9;27;2320;5;2;1;1;6;12;145, JEAN JAURES (BOULEV;;;;920
201400039307;14;9;27;1845;1;2;2;1;6;12;GEORGES GORSE (QUAI);;;;920
201400039308;14;9;29;920;1;2;1;2;6;12;135, SILLY (RUE DE) 89/F;;;;920
201400039309;14;10;3;825;1;2;1;1;2;12;14, STALINGRAD (QUAI DE);;;;920
201400039310;14;10;6;815;1;2;1;1;1;12;65, GEORGES GORSE (QUAI);;;;920
201400039311;14;10;7;2335;5;2;1;1;6;12;238, JEAN JAURES (BOULEV;;;;920
201400039312;14;10;8;1220;1;2;1;1;2;12;3, GENERAL LECLERC (AVEN;;;;920
201400039313;14;10;8;1225;1;2;6;1;7;12;, PONT DE SEVRES (ROND P;;;;920
201400039314;14;10;9;720;2;2;1;1;3;12;58, GEORGES GORSE (QUAI);;;;920
201400039315;14;10;15;1810;1;2;1;8;6;12;9, REINE (ROUTE DE LA) 1;;;;920
201400039316;14;9;29;920;1;2;6;2;6;12;ANCIENS COMBATTANT (ROND;;;;920
201400039317;14;10;17;1245;1;2;6;1;3;12;PONT DE SEVRES (ROND POI;;;;920
201400039318;14;10;20;1000;1;2;1;1;3;12;19, ANATOLE FRANCE (BOUL;;;;920
201400039319;14;10;20;2300;5;2;2;1;3;12;VIEUX PONT DE SEVRES (RU;;;;920
201400039320;14;10;21;1745;1;2;1;1;2;12;09, QUATRE SEPTEMBRE (QU;;;;920
201400039321;14;10;22;1015;1;2;1;1;6;12;100, GENERAL LECLERC (AV;;;;920
201400039322;14;10;27;1035;1;2;2;1;3;12;GEORGES GORSE (QUAI);;;;920
201400039323;14;10;27;1150;1;2;2;1;6;12;REINE (ROUTE DE LA) 1/37;;;;920
201400039324;14;10;27;1410;1;2;1;1;3;12;9, AUTEUIL (BOULEVARD D';;;;920
201400039325;14;10;28;1820;1;2;1;1;6;12;37, AUTEUIL (BOULEVARD D;;;;920
201400039326;14;10;29;1530;1;2;2;1;7;12;127, JEAN BAPTISTE CLEME;;;;920
201400039327;14;10;31;1115;1;2;1;1;3;12;110, GENERAL LECLERC (AV;;;;920