num_acc;an;mois;jour;hrmn;lum;agg;int;atm;col;com;adr;gps;lat;long;dep
201400039328;14;10;31;1225;1;2;2;1;3;12;JEAN BAPTISTE CLEMENT (A;;;;920
201400039329;14;11;1;1740;1;2;1;1;3;12;40, JEAN BAPTISTE CLEMEN;;;;920
201400039330;14;11;1;2025;5;2;3;1;7;12;81, ANDRE MORIZET (AVENU;;;;920
201400039331;14;11;4;1200;1;2;1;1;3;12;50, JEAN BAPTISTE CLEMEN;;;;920
201400039332;14;11;7;2030;5;2;1;1;7;12;66, REINE (ROUTE DE LA);;;;920
201400039333;14;11;14;2030;5;2;6;1;6;12;MARCEL SEMBAT (PLACE);;;;920
201400039334;14;11;15;1334;1;2;1;1;2;12;229, JEAN JAURES (BOULEV;;;;920
201400039335;14;11;17;58;5;2;2;1;3;12;EDOUARD VAILLANT (AVENUE;;;;920
201400039336;14;11;17;1400;1;2;2;1;3;12;YVES KERMEN (RUE) 3/49 -;;;;920
201400039337;14;11;17;1810;5;2;1;3;7;12;45, ALPHONSE LE GALLO (Q;;;;920
201400039338;14;11;21;1011;1;2;3;1;6;12;GEORGES SOREL (RUE);;;;920
201400039339;14;11;21;2135;5;2;1;1;3;12;180, JEAN JAURES (BOULEV;;;;920
201400039340;14;11;22;1853;5;2;1;1;4;12;41, CHATEAU (RUE DU) 1/1;;;;920
201400039341;14;11;21;2028;5;2;1;1;3;12;62, VICTOR HUGO (AVENUE);;;;920
201400039342;14;11;25;1920;5;2;1;1;6;12;120, ANDRE MORIZET (AVEN;;;;920
201400039343;14;11;26;855;1;2;1;2;3;12;28, REPUBLIQUE (BOULEVAR;;;;920
201400039344;14;11;26;1930;5;2;1;1;6;12;16, VICTOR GRIFFUELHES (;;;;920
201400039345;14;11;26;1945;5;2;3;2;3;12;BELLEVUE (RUE DE) 1/71BI;;;;920
201400039346;14;11;27;50;5;2;2;2;7;12;REINE (ROUTE DE LA) 39/1;;;;920
201400039347;14;11;28;948;1;2;3;1;3;12;JEAN BAPTISTE CLEMENT (A;;;;920
201400039348;14;11;30;1705;1;2;2;1;3;12;GENERAL LECLERC (AVENUE;;;;920
201400039349;14;12;5;1600;1;2;2;1;6;12;SILLY (RUE DE) 1/87 - 2/;;;;920
201400039350;14;12;5;1905;5;2;1;1;6;12;206, GALLIENI (RUE) 142/;;;;920
201400039351;14;12;6;750;5;2;2;1;3;12;ANDRE MORIZET (AVENUE) 1;;;;920
201400039352;14;12;9;1815;5;2;1;1;6;12;REINE (ROUTE DE LA) 1/37;;;;920
201400039353;14;12;9;2005;5;2;1;1;2;12;22, EDOUARD VAILLANT (AV;;;;920
201400039354;14;12;10;1000;1;2;1;1;6;12;1, PIERRE GRENIER (AVENU;;;;920
201400039355;14;12;10;1530;1;2;1;1;6;12;29 BIS, JEAN JAURES (BOU;;;;920
201400039356;14;12;11;1730;5;2;1;2;6;12;131, PARIS (RUE DE) 97BI;;;;920
201400039357;14;12;11;1800;5;2;2;1;6;12;SILLY (RUE DE) 1/87 - 2/;;;;920
201400039358;14;12;12;300;5;2;1;2;6;12;8, GENERAL LECLERC (AVEN;;;;920
201400039359;14;12;12;910;1;2;2;2;3;12;65, EDOUARD VAILLANT (AV;;;;920
201400039360;14;12;12;1930;5;2;1;2;3;12;15, LE CORBUSIER (RUE);;;;920
201400039361;14;12;12;1940;5;2;2;2;3;12;SILLY (RUE DE) 1/87 - 2/;;;;920
201400039362;14;12;13;1650;5;2;1;4;6;12;50, JEAN JAURES (BOULEVA;;;;920
201400039363;14;12;13;2300;5;2;2;2;3;12;JEAN BAPTISTE CLEMENT (A;;;;920
201400039364;14;12;14;1325;1;2;1;1;3;12;46, GEORGES GORSE (QUAI);;;;920
201400039365;14;12;14;1930;5;2;2;1;3;12;ANDRE MORIZET (AVENUE) 1;;;;920
201400039366;14;12;15;2015;5;2;1;2;2;12;20, ROBERT SCHUMAN (AVEN;;;;920
201400039367;14;12;18;1045;1;2;3;1;3;12;TILLEULS (RUE DES) 1/67;;;;920
201400039368;14;12;19;1115;1;2;1;2;6;12;30, ANDRE MORIZET (AVENU;;;;920
201400039369;14;12;19;2000;5;2;2;1;3;12;VICTOR HUGO (AVENUE) DEB;;;;920
201400039370;14;12;26;1710;5;2;1;1;3;12;122, REINE (ROUTE DE LA);;;;920
201400039371;14;12;27;1305;1;2;1;2;2;12;33 TER, EDOUARD VAILLANT;;;;920
201400039372;14;12;28;305;5;2;1;1;6;76;BOULEVARD DE LA REPUBLIQ;;;;920
201400039373;14;12;30;1948;5;2;1;1;2;12;2, SILLY (RUE DE) 1/87 -;;;;920
201400039374;14;1;1;2210;5;2;1;2;6;19;299, DIVISION LECLERC (A;;;;920
201400039375;14;1;20;1325;1;2;1;2;7;71;1, CAUCHY (AVENUE);;;;920
201400039376;14;2;6;2235;5;2;2;1;6;19;DIVISION LECLERC (AVENUE;;;;920
201400039377;14;2;11;2055;5;2;5;2;6;19;QUATRE CHEMINS (AVENUE D;;;;920
201400039378;14;2;22;2120;4;2;1;1;6;71;30, AVENUE JEAN PERRIN;;;;920
201400039379;14;3;6;1705;1;2;2;7;6;19;PLESSIS (AVENUE DU);;;;920
201400039380;14;3;14;1900;5;2;6;1;2;19;11 NOVEMBRE 1918 (CARREF;;;;920
201400039381;14;3;15;1940;5;2;2;1;6;32;1, DOLIVET J ET M (AVENU;;;;920
201400039382;14;3;17;1240;1;2;1;1;6;32;VILDE BORIS (RUE);;;;920
201400039383;14;3;29;1015;1;2;1;1;2;19;49, SULLY PRU'DHOMME (AV;;;;920
201400039384;14;4;4;700;2;2;2;1;6;71;1, PLESSIS (AVENUE DU);;;;920
201400039385;14;4;11;1000;1;2;1;1;2;71;144, GENERAL LECLERC (AV;;;;920
201400039386;14;4;12;1220;1;2;1;1;6;71;18, FONTENAY (RUE DE);;;;920
201400039387;14;4;26;1645;1;2;2;1;6;32;NEYTS ANDRE (RUE);;;;920
201400039388;14;5;3;2105;5;2;1;1;6;71;12, ROOSEVELT PRESIDENT;;;;920
201400039389;14;5;19;130;3;1;3;1;3;19;BIEVRES ( ROUTE DE);;;;920
201400039390;14;5;24;1900;2;2;6;2;6;32;MOUILLEBOEUFS (CARREFOUR;;;;920
201400039391;14;5;27;820;1;2;2;1;6;32;9, MOULIN JEAN (AVENUE);;;;920
201400039392;14;6;6;1745;1;2;1;1;6;71;48, BAGNEUX (RUE DE);;;;920
201400039393;14;6;18;1000;1;2;2;1;3;19;LAFARGUE PAUL (RUE);;;;920
201400039394;14;6;24;930;1;2;3;1;3;19;RN 186;;;;920
201400039395;14;7;9;1345;1;2;1;1;2;19;189, JAURES JEAN (RUE);;;;920
201400039396;14;7;17;2130;2;2;1;1;5;32;27, LOMBARD (AVENUE);;;;920
201400039397;14;7;19;1850;1;2;1;1;1;32;49, LA FONTAINE (RUE);;;;920
201400039398;14;8;12;1825;1;2;1;1;6;71;154, GENERAL LECLERC (AV;;;;920
201400039399;14;8;14;1450;1;2;1;1;2;19;3, DIVISION LECLERC (AVE;;;;920
201400039400;14;8;19;850;1;2;1;1;6;71;60, ROOSEVELT PRESIDENT;;;;920
201400039401;14;8;22;1000;1;2;1;1;6;32;28, PERRIN JEAN (AVENUE);;;;920
201400039402;14;8;24;1030;1;2;2;1;6;19;LONGUET JEAN (RUE);;;;920
201400039403;14;9;12;1215;1;2;2;1;3;71;FONTENAY (RUE DE);;;;920
201400039404;14;9;20;10;5;2;1;1;3;32;8, LECCLERC GENERAL (AVE;;;;920
201400039405;14;9;27;1547;1;2;3;1;6;71;BERGER (DOCTEUR);;;;920
201400039406;14;10;4;2040;2;1;1;1;7;19;A86, bretelle de sortie;;;;920
201400039407;14;10;13;850;1;2;1;1;3;19;281, LECLERC DIVISION (A;;;;920
201400039408;14;10;29;1300;1;2;2;1;6;19;1, DUVAL GENERAL (RUE);;;;920
201400039409;14;11;8;1603;1;2;2;1;6;19;CLEMENT JEAN BAPTISTE (R;;;;920
201400039410;14;12;3;910;2;2;1;2;7;19;DIVISION LECLERC (AVENUE;;;;920
201400039411;14;12;9;1830;5;2;6;8;6;19;CLEMENT JEAN BAPTISTE (R;;;;920
201400039412;14;12;10;820;1;2;1;1;6;71;CAUCHY (AVENUE);;;;920
201400039413;14;12;16;1115;1;2;1;3;3;19;313, LECLERC DIVISION (A;;;;920
201400039414;14;12;26;1455;1;2;1;1;3;19;142, DIVISION LECLERC (A;;;;920
201400039415;14;1;4;2030;5;2;1;2;3;23;308, GENERAL DE GAULLE (;;;;920
201400039416;14;1;10;640;5;2;2;1;6;23;., PORTE DE TRIVAUX (RUE;;;;920
201400039417;14;1;14;1400;1;2;3;1;3;23;., ANDREAS BECK (RUE);;;;920
201400039418;14;1;15;750;5;2;1;2;6;23;PAVE BLANC (ROUTE DU) N?;;;;920
201400039419;14;1;17;1455;1;2;1;1;3;23;28, BRETAGNE (RUE DE);;;;920
201400039420;14;1;17;1705;1;2;9;1;3;60;., ROBINSON (AVENUE DE);;;;920
201400039421;14;1;25;1015;1;2;1;1;7;23;168, HENRI BARBUSSE (AVE;;;;920
201400039422;14;1;28;1945;5;2;1;2;1;60;05, NEWTON (AVENUE);;;;920
201400039423;14;2;5;725;2;2;6;1;3;60;., DENIS PAPIN (AVENUE);;;;920
201400039424;14;2;9;1910;5;2;1;1;3;23;333, GENERAL DE GAULLE (;;;;920
201400039425;14;2;7;1515;1;2;1;1;1;23;9, JEAN BAPTISTE CLEMENT;;;;920
201400039426;14;2;8;2030;5;2;2;1;3;23;., ESTIENNE D'ORVES (RUE;;;;920
201400039427;14;2;11;17;5;2;1;1;6;23;., GARE (PLACE DE LA);;;;920
201400039428;14;2;13;755;2;2;1;3;2;23;59, PORTE DE TRIVAUX (RU;;;;920
201400039429;14;2;13;815;2;2;1;3;6;23;4, HENRI BARBUSSE (AVENU;;;;920
201400039430;14;2;22;1050;1;2;3;1;2;23;., JEAN BAPTISTE CLEMENT;;;;920
201400039431;14;2;22;1445;1;2;1;1;2;23;42 BIS, JEAN JAURES (AVE;;;;920
201400039432;14;2;24;1020;1;2;1;1;6;23;., Henri Becquerel (Rue);;;;920
201400039433;14;3;1;1345;1;2;1;1;4;23;233, GENERAL DE GAULLE (;;;;920
201400039434;14;3;5;845;1;2;1;1;6;23;181, GENERAL DE GAULLE (;;;;920
201400039435;14;3;10;1940;5;2;1;1;3;23;., CLAUDE TREBIGNAUD (AV;;;;920
201400039436;14;3;12;1127;1;2;1;1;6;60;10, ARISTIDE BRIAND (AVE;;;;920
201400039437;14;3;13;1230;1;2;3;1;1;23;., HENRI BARBUSSE (AVENU;;;;920
201400039438;14;3;20;1115;1;2;2;1;3;60;., CHARLES DE GAULLE (AV;;;;920
201400039439;14;3;27;1845;1;2;1;1;6;23;2, PIERRE FRANQUET (RUE);;;;920
201400039440;14;4;4;1306;1;2;1;1;7;23;16, SCHNEIDER (AVENUE);;;;920
201400039441;14;4;8;1020;1;2;1;1;3;60;15 bis, GALILEE (AVENUE);;;;920
201400039442;14;5;8;2240;5;2;6;2;7;60;CARREAU (RUE DU);;;;920
201400039443;14;5;9;930;1;2;2;1;3;23;., HENRI GOLAUDIN (RUE);;;;920
201400039444;14;5;14;1425;1;2;1;1;6;23;67, JEAN BAPTISTE CLEMEN;;;;920
201400039445;14;5;19;930;1;2;1;1;6;23;233, GENERAL DE GAULLE (;;;;920
201400039446;14;5;21;1925;2;2;2;3;3;23;., JEAN BAPTISTE CLEMENT;;;;920
201400039447;14;5;27;1530;1;2;1;9;7;23;., FRERES VIGOUROUX (BOU;;;;920
201400039448;14;5;23;1500;1;2;3;1;3;23;PORTE DE TRIVAUX (RUE DE;;;;920
201400039449;14;6;6;905;1;2;1;1;6;23;JEAN JAURES (AVENUE) N?5;;;;920
201400039450;14;5;29;1230;1;2;1;1;6;23;6, PAIX (AVENUE DE LA);;;;920
201400039451;14;5;26;1700;1;2;1;1;6;23;101, HENRI BARBUSSE (AVE;;;;920
201400039452;14;6;3;2005;1;2;3;1;3;60;., CHARLES DE GAULLE (AV;;;;920
201400039453;14;6;6;2025;1;2;3;1;3;23;., JEAN JAURES (AVENUE);;;;920
201400039454;14;6;13;905;1;2;1;1;6;23;12, HENRI BARBUSSE (AVEN;;;;920
201400039455;14;6;22;1625;1;2;2;1;3;23;., GENERAL DE GAULLE (AV;;;;920
201400039456;14;6;19;2250;5;2;6;1;7;23;., MARQUIS (PLACE) N?1 E;;;;920
201400039457;14;6;20;1100;1;2;1;1;7;23;., CLAUDE TREBIGNAUD (AV;;;;920
201400039458;14;6;20;2040;1;2;2;1;7;23;., NORMANDIE (RUE DE);;;;920
201400039459;14;6;25;110;5;2;1;1;3;60;., CHARLES DE GAULLE (AV;;;;920
201400039460;14;6;25;1620;1;2;3;1;3;23;., JUSTICE (ROUTE DE LA);;;;920
201400039461;14;6;28;220;5;2;2;1;6;23;., PORTE DE TRIVAUX (RUE;;;;920
201400039462;14;7;7;1945;1;2;2;2;3;23;., GARENNE (ROUTE DE LA);;;;920
201400039463;14;7;8;1640;1;2;3;1;7;23;186, MARGUERITE RENAUDIN;;;;920
201400039464;14;7;8;1420;1;2;1;1;6;23;6, PRESIDENT ROOSEVELT (;;;;920
201400039465;14;7;9;1945;2;2;2;2;7;23;., HENRI BARBUSSE (AVENU;;;;920
201400039466;14;7;12;1325;1;2;3;1;3;60;., CHARLES DE GAULLE (AV;;;;920
201400039467;14;7;15;2345;5;2;1;1;3;23;527, GENERAL DE GAULLE (;;;;920
201400039468;14;7;18;50;5;2;3;1;3;60;., RESISTANCE (PLACE DE;;;;920
201400039469;14;7;17;1555;1;2;1;1;3;23;176, VICTOR HUGO (AVENUE;;;;920
201400039470;14;7;17;1645;1;2;1;1;7;23;62, MEUDON (RUE DE);;;;920
201400039471;14;7;21;1750;1;2;3;1;3;23;181, GENERAL DE GAULLE (;;;;920
201400039472;14;7;23;950;1;2;1;1;1;23;55, JEAN BAPTISTE CLEMEN;;;;920
201400039473;14;7;25;1145;1;2;1;1;6;23;483, GENERAL DE GAULLE (;;;;920
201400039474;14;8;4;1220;1;2;1;1;6;23;463, GENERAL DE GAULLE (;;;;920
201400039475;14;8;11;1130;1;2;1;1;3;23;101, PORTE DE TRIVAUX (R;;;;920
201400039476;14;8;16;655;1;2;1;1;6;23;233, GENERAL DE GAULLE (;;;;920
201400039477;14;8;26;1945;1;2;3;1;3;23;162, HENRI BARBUSSE (AVE;;;;920
201400039478;14;8;28;1345;1;2;1;2;3;60;56, ROBINSON (AVENUE DE);;;;920
201400039479;14;9;5;1740;1;2;3;1;3;60;., PAUL LANGEVIN (AVENUE;;;;920
201400039480;14;9;13;1825;1;2;1;1;6;60;4, PAUL LANGEVIN (AVENUE;;;;920
201400039481;14;9;18;817;1;2;2;1;3;23;., PAVE BLANC (ROUTE DU);;;;920
201400039482;14;9;16;850;1;2;3;1;6;23;., HENRI BARBUSSE (AVENU;;;;920
201400039483;14;9;19;1700;1;2;1;1;3;23;., PAIX (AVENUE DE LA);;;;920
201400039484;14;9;23;1555;1;2;1;1;6;60;., CHARLES DE GAULLE (AV;;;;920
201400039485;14;9;25;1915;1;2;1;1;2;23;320, GENERAL DE GAULLE (;;;;920
201400039486;14;9;26;2045;5;2;1;1;7;60;119, FONTENAY (RUE DE);;;;920
201400039487;14;9;29;1050;1;2;1;8;7;23;177, PORTE DE TRIVAUX (R;;;;920
201400039488;14;9;29;1545;1;2;3;1;3;23;490, GENERAL DE GAULLE (;;;;920
201400039489;14;10;3;1545;1;2;1;1;2;23;45, GENERAL DE GAULLE (A;;;;920
201400039490;14;10;6;2350;5;2;1;1;6;23;123, HENRI BARBUSSE (AVE;;;;920
201400039491;14;10;7;730;4;2;2;3;6;23;., FLEURY (RUE DE);;;;920
201400039492;14;10;8;900;1;2;1;2;7;23;., EUGENE BEAUJARD (CARR;;;;920
201400039493;14;10;9;1810;1;2;3;1;6;60;., GALILEE (AVENUE);;;;920
201400039494;14;10;11;1815;1;2;1;1;2;23;42, PORTE DE TRIVAUX (RU;;;;920
201400039495;14;10;11;1950;5;2;1;1;3;23;40, CHATILLON (RUE DE);;;;920
201400039496;14;10;16;1110;1;2;1;1;6;23;157, PORTE DE TRIVAUX (R;;;;920
201400039497;14;10;13;1550;1;2;2;1;3;60;., PAUL LANGEVIN (AVENUE;;;;920
201400039498;14;10;11;1750;1;2;1;2;3;60;52, CHARLES DE GAULLE (A;;;;920
201400039499;14;10;16;1050;1;2;1;1;2;23;8, MEUDON (RUE DE);;;;920
201400039500;14;10;31;2123;5;2;2;1;3;23;HENRI BARBUSSE (AVENUE);;;;920
201400039501;14;11;3;1200;1;2;3;1;3;60;., GALILEE (AVENUE);;;;920
201400039502;14;11;3;2020;5;2;3;2;3;23;., PORTE DE TRIVAUX (RUE;;;;920
201400039503;14;11;6;1930;5;2;1;1;3;23;233, GENERAL DE GAULLE (;;;;920
201400039504;14;11;7;1240;1;2;1;1;3;23;., JEAN BAPTISTE CLEMENT;;;;920
201400039505;14;11;10;1625;1;2;1;1;7;23;2, LOUIS DUPONT (RUE) N?;;;;920
201400039506;14;11;8;2015;5;2;1;1;7;23;16, FRERES VIGOUROUX (BO;;;;920
201400039507;14;11;16;1430;1;2;1;2;7;23;0, PETIT CLAMART (ROND P;;;;920
201400039508;14;11;15;1130;1;2;5;1;5;23;0, VILLACOUBLAY (CARREFO;;;;920
201400039509;14;11;18;1635;1;2;1;1;6;23;JEAN BAPTISTE CLEMENT (A;;;;920
201400039510;14;11;19;910;1;2;1;5;7;60;20, EDOUARD HERRIOT (AVE;;;;920
201400039511;14;11;22;1810;5;2;1;1;6;23;0, VANVES (RUE DE);;;;920
201400039512;14;11;22;1230;1;2;1;1;2;23;0, HENRI BARBUSSE (AVENU;;;;920
201400039513;14;11;25;1955;5;2;1;1;6;23;442, GENERAL DE GAULLE (;;;;920
201400039514;14;12;3;1950;5;2;1;1;2;23;52, PAUL VAILLANT COUTUR;;;;920
201400039515;14;12;5;1612;1;2;1;1;3;23;01, GARENNE (ROUTE DE LA;;;;920
201400039516;14;12;8;1120;1;2;3;2;2;60;ARISTIDE BRIAND (AVENUE);;;;920
201400039517;14;12;10;1645;5;2;2;1;7;60;MOULIN FIDEL (RUE DU);;;;920
201400039518;14;12;11;1710;5;2;2;8;3;23;HENRI BARBUSSE (AVENUE);;;;920
201400039519;14;12;12;1840;5;2;2;2;3;23;., HENRI BARBUSSE (AVENU;;;;920
201400039520;14;12;13;1735;5;2;1;2;6;23;63, PAVE BLANC (ROUTE DU;;;;920
201400039521;14;12;15;830;2;2;3;1;6;23;., CONSTANT PAPE (RUE);;;;920
201400039522;14;12;15;1745;5;2;3;1;6;23;., CECILE DINANT (RUE);;;;920
201400039523;14;12;28;2350;5;2;1;1;3;23;PORTE DE TRIVAUX (RUE DE;;;;920
201400039524;14;12;26;1310;1;2;7;1;6;60;., ARMENIE (PLACE);;;;920
201400039525;14;12;28;1545;1;2;3;1;7;60;., PAUL RIVET (RUE) COTE;;;;920
201400039526;14;1;2;1035;1;2;2;1;7;24;36, MARTRE (RUE) DE (1 A;;;;920
201400039527;14;1;10;837;1;2;1;1;6;24;23, CLAUDE DEBUSSY (AVEN;;;;920
201400039528;14;1;11;1525;1;2;2;1;6;24;11, PIERRE CURIE (RUE);;;;920
201400039529;14;1;13;2020;5;2;1;1;2;24;30, CLICHY (QUAI DE) DE;;;;920
201400039530;14;1;13;1750;1;2;2;1;6;24;18, CHARLES ET RENE AUFF;;;;920
201400039531;14;1;16;840;5;2;3;2;6;24;1, FORT DE DOUAUMONT (BD;;;;920
201400039532;14;1;18;1130;1;2;1;1;3;24;6, ASNIERES (ROUTE D');;;;920
201400039533;14;1;18;1305;1;2;2;1;6;24;10, DAGOBERT (RUE);;;;920
201400039534;14;1;18;2110;5;2;2;1;3;24;25, GENERAL LECLERC (BD;;;;920
201400039535;14;1;20;1148;1;2;1;1;6;24;06, FERDINAND BUISSON (R;;;;920
201400039536;14;1;22;1510;1;2;1;2;3;24;33, MADAME DE SANZILLON;;;;920
201400039537;14;1;25;1920;5;2;2;1;1;24;CLICHY (QUAI DE) DE (8 A;;;;920
201400039538;14;1;29;1336;1;2;2;2;5;24;44, HENRI BARBUSSE (RUE);;;;920
201400039539;14;1;29;1340;1;2;1;1;2;24;105, JEAN JAURES (BD) DE;;;;920
201400039540;14;1;25;2345;5;2;2;1;3;24;56, MARTRE DE (4 A 54);;;;920
201400039541;14;2;1;1040;1;2;2;1;3;24;29, GENERAL LECLERC (BD;;;;920
201400039542;14;2;5;2050;1;2;3;1;3;24;76, MARTRE (RUE) DE (59;;;;920
201400039543;14;2;9;2010;5;2;2;1;3;24;47, JEAN JAURES (BD) DE;;;;920
201400039544;14;2;13;1920;1;2;3;1;6;24;19, NEUILLY (RUE DE) DE;;;;920
201400039545;14;2;15;1345;1;2;3;1;3;24;76, MARTRE (RUE) DE (59;;;;920
201400039546;14;2;19;1225;1;2;1;1;7;24;12, MOZART (RUE);;;;920
201400039547;14;2;19;1540;1;2;1;1;6;24;84, GENERAL ROGUET (RUE;;;;920
201400039548;14;2;27;1840;5;2;1;1;6;24;138, JEAN JAURES (BD) DE;;;;920
201400039549;14;3;3;915;1;2;2;1;6;24;53, GENERAL LECLERC (BD;;;;920
201400039550;14;3;6;710;1;2;3;1;3;24;CLICHY (QUAI DE) DE (8 A;;;;920
201400039551;14;3;8;2120;5;2;1;1;5;24;140, MARTRE DE (4 A 54);;;;920
201400039552;14;3;11;930;1;2;2;1;3;24;81, VICTOR HUGO (BD);;;;920
201400039553;14;3;7;1800;1;2;1;1;2;24;39, JEAN JAURES (BD) DE;;;;920
201400039554;14;3;12;1900;1;2;1;1;6;24;15, FOURNIER (RUE);;;;920
201400039555;14;3;16;1515;1;2;1;1;6;24;61, GENERAL LECLERC (BD;;;;920
201400039556;14;3;22;1540;1;2;1;1;6;24;37, MADAME DE SANZILLON;;;;920
201400039557;14;3;27;1800;1;2;1;2;7;24;1, MARTYRES DE L'OCCUPAT;;;;920
201400039558;14;3;27;910;1;2;2;1;3;24;39, MARTRE (RUE) DE (1 A;;;;920
201400039559;14;4;2;1235;1;2;2;1;3;24;CLICHY (QUAI DE) DE (8 A;;;;920
201400039560;14;3;12;810;1;2;1;1;6;24;28, MARTRE DE (4 A 54);;;;920
201400039561;14;4;15;2020;1;2;1;9;6;24;38, MARTRE (RUE) DE (1 A;;;;920
201400039562;14;4;18;1650;1;2;1;1;6;24;46, JEAN JAURES (BD) DE;;;;920
201400039563;14;4;28;1620;1;2;2;1;2;24;76, MARTRE (RUE) DE (59;;;;920
201400039564;14;4;30;1745;1;2;1;1;3;24;71, JEAN JAURES (BD) DE;;;;920
201400039565;14;5;1;2310;5;2;2;2;7;24;4, MARTISSOT (RUE);;;;920
201400039566;14;5;2;530;5;2;2;1;3;24;66, HENRI BARBUSSE (RUE);;;;920
201400039567;14;5;2;1305;1;2;1;1;3;24;85, HENRI BARBUSSE (RUE);;;;920
201400039568;14;5;7;920;1;2;1;1;6;24;63, VICTOR HUGO (BD);;;;920
201400039569;14;5;9;2010;1;2;1;1;5;24;142, MARTRE (RUE) DE (11;;;;920
201400039570;14;5;9;1945;5;2;2;1;3;24;44, HENRI BARBUSSE (RUE);;;;920
201400039571;14;5;10;630;5;2;3;1;3;24;CLICHY (QUAI DE) DE (104;;;;920
201400039572;14;5;16;1600;1;2;1;1;6;24;17, BAC D'ASNIERE (RUE D;;;;920
201400039573;14;5;16;1945;1;2;2;1;3;24;39, GENERAL LECLERC (BD;;;;920
201400039574;14;5;20;1240;1;2;1;1;6;24;75, HENRI BARBUSSE (RUE);;;;920
201400039575;14;5;21;830;1;2;2;2;1;24;103, HENRI BARBUSSE (RUE;;;;920
201400039576;14;5;24;1250;1;2;1;2;2;24;64, MARTRE (RUE) DE (59;;;;920
201400039577;14;5;27;2050;1;2;1;1;7;24;61, HENRI BARBUSSE (RUE);;;;920
201400039578;14;6;2;1440;1;2;1;1;3;24;12-14, HENRI BARBUSSE (R;;;;920
201400039579;14;6;2;1910;1;2;3;1;4;24;151, VICTOR HUGO (BD);;;;920
201400039580;14;6;5;1330;1;2;2;1;6;24;46, HENRI BARBUSSE (RUE);;;;920
201400039581;14;6;6;1830;1;2;4;1;3;24;1, BAC D'ASNIERE (RUE DU;;;;920
201400039582;14;6;7;2000;1;2;1;1;1;24;16, GENERAL LECLERC (BD;;;;920
201400039583;14;6;11;1700;1;2;1;1;3;24;12, GENERAL ROGUET (RUE;;;;920
201400039584;14;6;13;640;1;2;2;1;6;24;60, CLICHY (QUAI DE) DE;;;;920
201400039585;14;6;14;1700;1;2;1;2;6;24;92, JEAN JAURES (BD) DE;;;;920
201400039586;14;6;19;1350;1;2;1;1;6;24;61, GENERAL LECLERC (BD;;;;920
201400039587;14;5;20;1850;1;2;1;3;3;24;CLICHY (QUAI DE) DE (104;;;;920
201400039588;14;6;24;1940;1;2;3;1;6;24;40, MORICE (RUE);;;;920
201400039589;14;6;24;1020;1;2;3;1;3;24;57, VICTOR HUGO (BD);;;;920
201400039590;14;6;25;1800;1;2;1;1;6;24;47, GEORGES BOISSEAU (RU;;;;920
201400039591;14;6;26;1700;1;2;3;1;6;24;65, MARTRE (RUE) DE (59;;;;920
201400039592;14;6;27;1500;1;2;2;1;6;24;37, VICTOR HUGO (BD);;;;920
201400039593;14;6;27;2015;1;2;1;1;2;24;5, GENNEVILLIERS (PONT D;;;;920
201400039594;14;6;30;1345;1;2;2;1;3;24;2, CLICHY (QUAI DE) DE (;;;;920
201400039595;14;7;15;845;1;1;1;1;6;24;0, GENNEVILLIERS (PONT D;;;;920
201400039596;14;7;24;1920;1;2;1;1;3;24;90, GENERAL ROGUET (RUE;;;;920
201400039597;14;7;25;1025;1;2;1;1;6;24;84, GENERAL ROGUET (RUE;;;;920
201400039598;14;7;31;2345;5;2;2;1;2;24;2, CLICHY (QUAI DE) DE (;;;;920
201400039599;14;8;1;740;1;2;6;1;6;24;2, REPUBLIQUE (PLACE DE;;;;920
201400039600;14;8;2;1630;1;2;1;1;3;24;43, VICTOR HUGO (BD);;;;920
201400039601;14;8;6;1640;1;2;2;1;2;24;123, JEAN JAURES (BD) DE;;;;920
201400039602;14;8;19;1640;1;2;3;1;3;24;2, HUIT MAI 1945 (RUE DU;;;;920
201400039603;14;8;19;1840;1;2;2;1;3;24;56, MARTRE (RUE) DE (59;;;;920
201400039604;14;8;27;950;1;2;2;1;7;24;14, CLAUDE DEBUSSY (AVEN;;;;920
201400039605;14;8;31;1815;1;2;2;1;2;24;20, HENRI BARBUSSE (RUE);;;;920
201400039606;14;9;3;1445;1;2;1;1;6;24;22, DOCTEUR CALMETTE (RU;;;;920
201400039607;14;9;6;1045;1;2;3;1;3;24;64, JEAN JAURES (BD) DE;;;;920
201400039608;14;9;11;1740;1;2;1;1;6;24;41, GEORGES BOISSEAU (RU;;;;920
201400039609;14;9;12;1255;1;1;2;1;6;24;12, GEORGES BOISSEAU (RU;;;;920
201400039610;14;9;14;445;5;2;1;1;2;24;32, CLICHY (QUAI DE) DE;;;;920
201400039611;14;9;15;1445;5;2;1;1;6;24;02, GENERAL ROGUET (RUE;;;;920
201400039612;14;9;20;1930;5;2;1;1;6;24;140, MARTRE (RUE) DE (11;;;;920
201400039613;14;9;23;1135;1;2;2;1;2;24;44, GENERAL ROGUET (RUE;;;;920
201400039614;14;9;28;1600;1;2;2;1;3;24;97, VICTOR HUGO (BD);;;;920
201400039615;14;9;24;1000;1;2;2;1;3;24;39, GENERAL LECLERC (BD;;;;920
201400039616;14;10;2;950;1;2;2;1;2;24;51, GENERAL LECLERC (BD;;;;920
201400039617;14;10;17;1230;1;2;9;1;6;24;21, PIERRE BEREGOVOY (RU;;;;920
201400039618;14;10;19;1245;1;2;1;1;6;24;71, GENERAL LECLERC (RUE;;;;920
201400039619;14;10;20;245;5;2;3;1;6;24;112, VICTOR HUGO (BD);;;;920
201400039620;14;10;22;915;1;2;2;1;6;24;98, PARIS (RUE DE) DE (5;;;;920
201400039621;14;10;18;1940;5;2;2;1;7;24;75, GENERAL LECLERC (BD;;;;920
201400039622;14;10;27;1420;1;2;4;1;3;24;1, NATIONS UNIES (PLACE;;;;920
201400039623;14;10;28;1530;1;2;1;1;6;24;28, GENERAL ROGUET (RUE;;;;920
201400039624;14;11;4;1555;1;2;1;1;6;24;65, MARTRE (RUE) DE (1 A;;;;920
201400039625;14;11;5;1210;1;2;3;1;6;24;34, CLICHY (QUAI DE) DE;;;;920
201400039626;14;11;12;1245;1;2;1;1;2;24;90, GENERAL LECLERC (RUE;;;;920
201400039627;14;11;12;1410;1;2;2;1;6;24;103, HENRI BARBUSSE (RUE;;;;920
201400039628;14;11;13;1205;1;2;1;1;6;24;78, MARTRE (RUE) DE (59;;;;920