num_acc;an;mois;jour;hrmn;lum;agg;int;atm;col;com;adr;gps;lat;long;dep
201400039629;14;11;18;935;1;2;1;1;4;24;1, CLICHY (PONT DE);;;;920
201400039630;14;11;14;1540;1;2;2;2;3;24;50, PORT (RUE DU);;;;920
201400039631;14;11;29;2010;5;2;1;1;4;24;30, VICTOR HUGO (BD);;;;920
201400039632;14;12;5;1105;1;2;1;1;3;24;13, LEON BLUM (RUE);;;;920
201400039633;14;12;14;1445;1;2;3;2;6;24;23, JEAN JAURES (BD) DE;;;;920
201400039634;14;12;17;1900;5;2;1;1;2;24;9, GENERAL LECLERC (BD D;;;;920
201400039635;14;12;19;1325;1;2;3;1;7;24;59, MADAME DE SANZILLON;;;;920
201400039636;14;12;26;950;1;2;3;1;2;24;138, JEAN JAURES (BD) DE;;;;920
201400039637;14;12;29;2000;5;2;1;1;6;24;93, MARTRE (RUE) DE (59;;;;920
201400039638;14;12;30;1650;5;2;1;1;7;24;41, MARTRE (RUE) DE (1 A;;;;920
201400039639;14;1;9;1830;5;2;1;2;6;25;120, HENRI BARBUSSE (AV);;;;920
201400039640;14;1;9;1900;5;2;2;1;6;25;0, VERDUN (RUE DE);;;;920
201400039641;14;1;10;805;2;2;1;1;3;25;0, PAUL BERT (RUE);;;;920
201400039642;14;1;11;1511;1;2;2;1;3;25;59, ECOLES (AV &RUE DES);;;;920
201400039643;14;1;14;1710;1;2;1;1;6;25;56, V.DU BOIS<>1 A 167 &;;;;920
201400039644;14;1;14;2020;5;2;1;1;2;25;12, AUDRA (AV);;;;920
201400039645;14;1;16;750;5;2;1;2;6;25;5, GABRIEL PERI (RUE);;;;920
201400039646;14;1;16;1700;1;2;1;1;6;25;09, YOURI GAGARINE (RUE);;;;920
201400039647;14;1;20;1140;1;2;1;1;6;25;67, ECOLES (AV &RUE DES);;;;920
201400039648;14;1;21;1837;1;2;1;9;6;25;73, CHARLES DE GAULLE (B;;;;920
201400039649;14;1;24;1040;1;2;2;1;6;25;0, EUROPE (AV DE L');;;;920
201400039650;14;1;24;1950;5;2;1;1;6;25;28, AUDRA (AV);;;;920
201400039651;14;1;25;1920;5;2;1;1;6;25;561, GABRIEL PERI (RUE);;;;920
201400039652;14;2;1;1720;1;2;1;1;6;25;81, STALINGRAD (AV DE);;;;920
201400039653;14;2;6;740;5;2;1;1;6;25;79, HENRI BARBUSSE (AV);;;;920
201400039654;14;2;10;1745;1;2;1;1;6;25;74, MENELOTTE <> 2A 50 (;;;;920
201400039655;14;2;13;1330;1;2;1;9;6;25;19, PAUL BERT (RUE);;;;920
201400039656;14;2;15;1945;5;2;1;1;3;25;0, HENRI BARBUSSE (AV);;;;920
201400039657;14;2;20;1030;1;2;2;1;3;25;0, MARCEAU (BD);;;;920
201400039658;14;2;20;1200;1;2;1;2;6;25;00, CHARLES DE GAULLE (B;;;;920
201400039659;14;2;21;1955;5;2;2;1;3;25;55, GABRIEL PERI (RUE);;;;920
201400039660;14;2;22;1546;1;2;1;1;2;25;159, CHARLES DE GAULLE (;;;;920
201400039661;14;2;24;1200;1;2;1;1;3;25;E.D'ORVES <>2A198 & 1A14;;;;920
201400039662;14;2;24;2033;5;2;1;1;3;25;150, CHARLES DE GAULLE (;;;;920
201400039663;14;2;26;1550;1;2;1;1;2;25;88, HENRI BARBUSSE (AV);;;;920
201400039664;14;2;27;1910;5;2;1;2;3;25;CHARLES DE GAULLE (BD);;;;920
201400039665;14;2;27;1950;5;2;2;3;6;25;1, VERDUN (RUE DE);;;;920
201400039666;14;2;28;1100;1;2;1;1;6;25;00, PAUL BERT (RUE);;;;920
201400039667;14;3;3;1250;1;2;1;1;6;25;FACE 105, CHARLES DE GAU;;;;920
201400039668;14;3;6;1725;1;2;2;1;6;25;0, CHARLES DE GAULLE (BD;;;;920
201400039669;14;3;8;2130;5;2;1;1;7;25;167, CHARLES DE GAULLE (;;;;920
201400039670;14;3;9;845;1;2;1;1;6;25;22, OISEAUX (BD DES);;;;920
201400039671;14;3;15;1157;1;2;1;1;6;25;SOLFERINO (RUE & AV);;;;920
201400039672;14;3;15;2100;5;2;1;1;6;25;CHARLES DE GAULLE (BD);;;;920
201400039673;14;3;17;1450;1;2;1;1;6;25;500, GABRIEL PERI (RUE);;;;920
201400039674;14;3;19;935;1;2;1;1;6;25;GENERAL LECLERC (PLACE D;;;;920
201400039675;14;3;19;1225;1;2;1;1;3;25;237, GABRIEL PERI (RUE);;;;920
201400039676;14;3;21;1120;1;2;1;1;6;25;16, GABRIEL PERI (RUE);;;;920
201400039677;14;3;23;735;1;2;1;1;6;25;11, ORGEMONT (AV D');;;;920
201400039678;14;3;25;1430;1;1;1;2;2;25;0, HENRI BARBUSSE (AV);;;;920
201400039679;14;3;28;910;1;2;2;1;3;25;0, MOSLARD (RUE);;;;920
201400039680;14;3;28;1645;1;2;1;1;3;25;159, CHARLES DE GAULLE (;;;;920
201400039681;14;3;29;1504;1;2;1;1;4;25;0, PONT ACQUEDUC;;;;920
201400039682;14;4;1;530;5;2;1;1;6;25;05, ORGEMONT (AV D');;;;920
201400039683;14;4;2;205;5;1;1;1;6;25;STALINGRAD (AV DE);;;;920
201400039684;14;4;3;1305;1;2;1;1;7;25;56, GAMBETTA (BD);;;;920
201400039685;14;4;6;1630;1;2;3;1;6;25;VALMY (BD DE);;;;920
201400039686;14;4;8;1135;1;1;3;1;3;25;00, ANATOLE FRANCE (AV);;;;920
201400039687;14;4;9;1830;1;2;3;1;5;25;AGENT SARRE (AV DE L');;;;920
201400039688;14;4;12;530;2;2;1;1;6;25;0, SARTROUVILLE (RUE DE;;;;920
201400039689;14;4;14;40;5;2;9;1;7;25;00, GABRIEL PERI (RUE);;;;920
201400039690;14;4;15;1910;1;2;1;1;7;25;0, CLEMENCE (AV);;;;920
201400039691;14;4;18;1055;1;2;1;1;2;25;0, CHARLES DE GAULLE (BD;;;;920
201400039692;14;3;14;1415;1;2;1;1;7;25;8, GAMBETTA (BD);;;;920
201400039693;14;4;23;1500;1;2;1;1;6;25;16-22, STALINGRAD (AV DE;;;;920
201400039694;14;4;28;1330;1;2;1;1;6;25;103, CHARLES DE GAULLE (;;;;920
201400039695;14;5;1;2205;5;2;1;1;3;25;0, CHARLES DE GAULLE (BD;;;;920
201400039696;14;5;3;1105;1;2;9;1;3;25;PAUL BERT (RUE);;;;920
201400039697;14;5;13;1345;1;2;1;1;5;25;202, GABRIEL PERI (RUE);;;;920
201400039698;14;5;16;1435;1;2;1;1;3;25;0, PAUL BERT (RUE);;;;920
201400039699;14;5;17;1620;1;2;1;1;6;25;face au 9, PAUL BERT (RU;;;;920
201400039700;14;5;18;1644;1;2;1;1;7;25;322, ESTIENNE D'ORVES (R;;;;920
201400039701;14;5;19;1610;1;2;1;1;6;25;14, PAUL BERT (RUE);;;;920
201400039702;14;5;21;555;5;2;3;2;1;25;91, C.DE G.<> 64 A 128 &;;;;920
201400039703;14;5;24;1950;1;2;1;9;6;25;0, HENRI BARBUSSE (AV);;;;920
201400039704;14;5;27;1745;1;2;1;1;3;25;0, DEBARCADERE (RUE DU);;;;920
201400039705;14;5;28;1825;1;2;1;2;6;25;21, EDGARD QUINET (BD);;;;920
201400039706;14;6;4;740;1;2;1;1;6;25;00, PDT S.ALLENDE <>2 &;;;;920
201400039707;14;6;4;2025;1;2;1;1;6;25;00, GAMBETTA (BD);;;;920
201400039708;14;6;5;1710;1;2;1;1;6;25;100, AGENT SARRE (AV DE;;;;920
201400039709;14;6;7;900;1;2;3;1;3;25;0, PIERRE CURIE (RUE);;;;920
201400039710;14;6;7;1300;1;2;1;1;1;25;0, BOURNARD (RUE DU);;;;920
201400039711;14;6;11;1120;1;2;2;1;2;25;00, STALINGRAD (AV DE);;;;920
201400039712;14;6;12;1940;1;2;1;1;6;25;5, JEAN JAURES (AV);;;;920
201400039713;14;6;16;935;1;2;3;1;3;25;0, AGRICULTURE (RUE DE L;;;;920
201400039714;14;6;17;847;1;2;1;1;6;25;146, HENRI BARBUSSE (AV);;;;920
201400039715;14;6;18;1415;1;2;1;1;2;25;0, CHARLES DE GAULLE (BD;;;;920
201400039716;14;6;18;1910;1;2;1;1;2;25;103, STALINGRAD (AV DE);;;;920
201400039717;14;6;19;1650;1;2;3;1;2;25;332, GABRIEL PERI (RUE);;;;920
201400039718;14;6;20;1730;1;2;1;1;3;25;138, G.PERI<>2 A 192 & 1;;;;920
201400039719;14;6;20;1900;1;2;1;1;2;25;179, CHARLES DE GAULLE (;;;;920
201400039720;14;6;25;1425;1;2;1;1;6;25;40, GENERAL CREMER (RUE;;;;920
201400039721;14;7;2;1600;1;2;2;1;3;25;0, STALINGRAD (AV DE);;;;920
201400039722;14;7;3;1706;1;2;2;1;3;25;00000, VALMY (BD DE);;;;920
201400039723;14;7;8;1500;1;2;1;2;4;25;1, CHARLES DE GAULLE (BD;;;;920
201400039724;14;7;11;1620;1;2;2;1;3;25;0, AGENT SARRE (AV DE L';;;;920
201400039725;14;7;11;2115;2;2;1;1;1;25;0, PAUL BERT (RUE);;;;920
201400039726;14;7;13;1640;1;2;1;2;6;25;33, AGENT SARRE (AV DE L;;;;920
201400039727;14;7;17;1910;1;2;1;1;3;25;73, C.DE G.<> 64 A 128 &;;;;920
201400039728;14;7;15;1910;1;2;2;1;3;25;90, HENRI BARBUSSE (AV);;;;920
201400039729;14;7;25;1525;1;2;1;1;6;25;162, C.DE G.> 130 & 1103;;;;920
201400039730;14;7;26;1345;1;2;1;1;6;25;2, BOURNARD (RUE DU);;;;920
201400039731;14;7;20;1535;1;1;1;1;3;25;505, GABRIEL PERI (RUE);;;;920
201400039732;14;7;28;1535;1;1;1;1;3;25;505, GABRIEL PERI (RUE);;;;920
201400039733;14;8;7;1220;1;2;1;2;3;25;0, CHARLES DE GAULLE (BD;;;;920
201400039734;14;8;12;910;1;2;2;1;3;25;KLEBER (AV);;;;920
201400039735;14;1;3;1825;5;2;1;1;2;25;20, HOCHE (RUE);;;;920
201400039736;14;8;12;1925;1;2;2;1;3;25;28, GABRIEL PERI (RUE);;;;920
201400039737;14;8;17;1431;1;2;1;1;3;25;00, PAUL BERT (RUE);;;;920
201400039738;14;8;21;826;1;2;2;1;3;25;0, VALMY (BD DE);;;;920
201400039739;14;8;21;1931;1;2;1;1;2;25;00, PAUL BERT (RUE);;;;920
201400039740;14;8;25;1446;1;2;2;2;2;25;0, CHARLES DE GAULLE (BD;;;;920
201400039741;14;8;26;2011;1;2;2;2;3;25;000, EUROPE (AV DE L');;;;920
201400039742;14;8;26;751;1;2;1;1;2;25;PAUL BERT (RUE);;;;920
201400039743;14;9;1;1545;1;2;1;1;5;25;14, VALMY (BD DE);;;;920
201400039744;14;9;2;2000;1;2;1;1;2;25;561, GABRIEL PERI (RUE);;;;920
201400039745;14;9;7;1613;1;2;2;1;3;25;0, AGENT SARRE (AV DE L';;;;920
201400039746;14;9;11;830;1;2;1;1;6;25;13, FRATERNITE (RUE DE L;;;;920
201400039747;14;9;12;930;1;2;1;1;6;25;51, BOURNARD (RUE DU);;;;920
201400039748;14;9;13;1120;1;2;1;1;2;25;0, CHARLES DE GAULLE (BD;;;;920
201400039749;14;9;16;825;1;2;2;1;3;25;0, HENRI BARBUSSE (AV);;;;920
201400039750;14;9;16;1145;1;2;1;1;7;25;0, VICTOR HUGO (AV.VILLA;;;;920
201400039751;14;9;22;910;1;2;1;1;2;25;81, VALMY (BD DE);;;;920
201400039752;14;9;22;1700;1;2;2;1;6;25;, CHARLES DE GAULLE (BD);;;;920
201400039753;14;9;23;1045;1;2;9;1;6;25;5, LIBERTE (RUE DE LA);;;;920
201400039754;14;9;24;1225;1;2;2;1;6;25;VERDUN (RUE DE);;;;920
201400039755;14;9;26;1635;1;2;2;1;3;25;STALINGRAD (AV DE);;;;920
201400039756;14;9;26;2100;4;2;2;1;3;25;PAUL BERT (RUE);;;;920
201400039757;14;9;27;900;1;2;1;1;2;25;11, EDGARD QUINET (BD);;;;920
201400039758;14;9;28;2005;2;2;2;1;3;25;00, CHATOU (RUE DE);;;;920
201400039759;14;9;29;2140;5;2;2;1;3;25;0, STALINGRAD (AV DE);;;;920
201400039760;14;9;30;805;1;2;1;1;3;25;32, HENRI LITTOLFF N? PA;;;;920
201400039761;14;9;30;1145;1;2;1;1;4;25;175, STALINGRAD (AV DE);;;;920
201400039762;14;10;1;700;5;2;2;1;3;25;41, CHARLES DE GAULLE (B;;;;920
201400039763;14;10;1;1310;1;2;1;1;6;25;51, BOURNARD (RUE DU);;;;920
201400039764;14;10;2;915;1;2;1;1;3;25;18, ORGEMONT (AV D');;;;920
201400039765;14;10;3;1450;1;2;1;1;6;25;140, CHARLES DE GAULLE (;;;;920
201400039766;14;10;3;2010;5;2;4;1;3;25;0, AGENT SARRE (AV DE L';;;;920
201400039767;14;10;6;935;1;2;1;1;3;25;KLEBER (AV);;;;920
201400039768;14;10;10;1950;3;2;1;1;2;25;57, KLEBER (AV);;;;920
201400039769;14;10;12;1852;1;2;1;2;3;25;00, PAUL BERT (RUE);;;;920
201400039770;14;10;14;650;5;2;2;1;3;25;0, PAUL BERT (RUE);;;;920
201400039771;14;10;15;1334;1;2;1;2;2;25;14BIS, G.PERI<>2 A 192 &;;;;920
201400039772;14;10;15;1850;5;2;1;1;2;25;59, BOURNARD (RUE DU);;;;920
201400039773;14;10;17;1820;1;2;2;1;3;25;0, COLBERT <> 115 A 131;;;;920
201400039774;14;10;17;1750;1;2;1;1;4;25;190, G.GRES<> 150 A 190;;;;920
201400039775;14;10;18;2000;5;2;1;1;2;25;42, GABRIEL PERI (RUE);;;;920
201400039776;14;10;20;1815;1;2;1;1;2;25;05, GABRIEL PERI (RUE);;;;920
201400039777;14;10;21;1509;1;2;1;1;3;25;33, VALMY (BD DE);;;;920
201400039778;14;10;22;1625;1;2;1;1;3;25;33, STALINGRAD (AV DE);;;;920
201400039779;14;11;3;1435;1;2;1;2;6;25;0, GAMBETTA (BD);;;;920
201400039780;14;11;5;1110;1;2;1;1;2;25;110, CHARLES DE GAULLE (;;;;920
201400039781;14;11;5;1518;1;2;2;1;6;25;0, PAUL BERT (RUE);;;;920
201400039782;14;11;8;10;5;2;1;1;6;25;240, VOIES DU BOIS (RUE;;;;920
201400039783;14;10;26;730;1;2;1;2;3;25;105, VALMY (BD DE);;;;920
201400039784;14;11;9;1440;1;2;2;1;6;25;201, CHARLES DE GAULLE (;;;;920
201400039785;14;11;12;1211;1;2;2;1;3;25;143, VALMY (BD DE);;;;920
201400039786;14;11;12;1240;1;2;2;1;1;25;0, VALMY (BD DE);;;;920
201400039787;14;11;12;2000;5;2;1;1;3;25;00, PAUL BERT (RUE);;;;920
201400039788;14;11;15;1935;5;2;1;1;6;25;14, PAUL BERT (RUE);;;;920
201400039789;14;11;7;1613;2;2;1;2;7;25;250, GABRIEL PERI (RUE);;;;920
201400039790;14;11;18;2000;5;2;1;1;6;25;45, ECOLES <> 2A 60 & 1;;;;920
201400039791;14;11;19;2010;5;2;2;1;3;25;0, CHARLES DE GAULLE (BD;;;;920
201400039792;14;11;19;815;1;2;1;1;3;25;115, VALMY (BD DE);;;;920
201400039793;14;11;21;2115;5;2;2;1;5;25;00, PAUL BERT (RUE);;;;920
201400039794;14;11;22;1150;1;2;9;1;6;25;12, SAINT LAZARE (RUE);;;;920
201400039795;14;11;23;1300;1;2;1;1;3;25;94, STALINGRAD (AV DE);;;;920
201400039796;14;11;26;530;5;2;1;1;3;25;0, PAUL BERT (RUE);;;;920
201400039797;14;11;7;830;1;2;1;1;6;25;0, ROBERT SCHUMAN (RUE);;;;920
201400039798;14;12;4;724;2;2;1;1;2;25;189, CHARLES DE GAULLE (;;;;920
201400039799;14;12;8;710;4;2;1;1;7;25;0, PAUL BERT (RUE);;;;920
201400039800;14;12;8;1430;1;2;1;2;2;25;115, STALINGRAD (AV DE);;;;920
201400039801;14;12;8;1935;3;2;1;1;7;25;79, BOURNARD (RUE DU);;;;920
201400039802;14;12;12;730;5;2;2;2;3;25;77, STALINGRAD (AV DE);;;;920
201400039803;14;12;12;1300;1;2;2;1;3;25;0, STALINGRAD (AV DE);;;;920
201400039804;14;12;12;1645;2;2;4;1;3;25;, AGENT SARRE (AV DE L');;;;920
201400039805;14;12;17;840;1;2;1;3;6;25;20, BOURNARD (RUE DU);;;;920
201400039806;14;12;18;910;1;2;1;1;7;25;80, CHARLES DE GAULLE (B;;;;920
201400039807;14;12;19;1310;1;2;1;1;6;25;0, PAUL BERT (RUE);;;;920
201400039808;14;12;23;820;1;2;2;1;3;25;0, ESTIENNE D'ORVES (RUE;;;;920
201400039809;14;12;23;900;1;2;3;1;6;25;0, BOURNARD (RUE DU);;;;920
201400039810;14;12;24;1635;2;2;1;2;6;25;60, AGENT SARRE (AV DE L;;;;920
201400039811;14;12;26;555;5;2;1;1;1;25;171, HENRI BARBUSSE (AV);;;;920
201400039812;14;12;30;1450;1;2;1;1;2;25;29/31, STALINGRAD (AV DE;;;;920
201400039813;14;1;1;2050;5;2;3;2;3;26;MISSION MARCHAND (COTE I;;;;920
201400039814;14;1;2;800;2;2;1;1;2;26;18, BAUDIN;;;;920
201400039815;14;1;6;750;2;2;2;2;6;26;53, JEAN-PIERRE TIMBAUD;;;;920
201400039816;14;1;9;1220;1;2;2;8;6;26;60, VERDUN (DE 01 A 61);;;;920
201400039817;14;1;9;2055;5;2;1;1;2;26;20, BEZONS  (DE 01 A 22);;;;920
201400039818;14;1;14;2020;5;2;2;1;3;26;KILFORD;;;;920
201400039819;14;1;15;1000;1;2;2;1;6;26;56, PAIX;;;;920
201400039820;14;1;16;2000;5;2;2;3;3;26;COLOMBES;;;;920
201400039821;14;1;22;1130;1;2;1;2;3;26;44, VERDUN (DE 01 A 61);;;;920
201400039822;14;1;23;2015;5;2;3;8;6;26;AJOUX;;;;920
201400039823;14;1;25;1310;1;2;1;1;6;26;N 100, COLOMBES;;;;920
201400039824;14;1;22;1800;5;2;1;8;7;26;N 3, J.-BAPTISTE CHARCOT;;;;920
201400039825;14;1;27;840;3;2;1;1;2;26;ARCHE (AVENUE);;;;920
201400039826;14;1;31;1050;1;2;1;1;6;26;N 6, WATTEAU (RUE ET SQU;;;;920
201400039827;14;2;6;2035;5;2;1;1;3;26;N19, VERDUN (DE 01 A 61);;;;920
201400039828;14;2;11;900;1;2;3;1;6;26;VERDUN (DE 01 A 61);;;;920
201400039829;14;2;7;1925;5;2;6;1;3;26;BELGIQUE ( PLACE DE );;;;920
201400039830;14;2;13;1910;5;2;1;8;4;26;GEORGES CLEMENCEAU;;;;920
201400039831;14;2;6;1325;1;2;1;2;3;26;133, VERDUN (DE 62 A FIN;;;;920
201400039832;14;3;1;1500;1;2;1;1;6;26;88, ARMAND SILVESTRE ( D;;;;920
201400039833;14;2;23;1300;1;2;1;1;3;26;3, COLOMBES;;;;920
201400039834;14;2;27;1915;5;2;2;2;6;26;VERDUN (DE 62 A FIN);;;;920
201400039835;14;3;11;1915;5;2;1;1;6;26;17, ALMA;;;;920
201400039836;14;3;11;1900;5;2;1;1;4;26;15, PR?SIDENT PAUL DOUME;;;;920
201400039837;14;3;6;900;1;2;1;1;6;26;57, VICTOR HUGO (DE 47 A;;;;920
201400039838;14;3;6;1835;2;2;1;1;3;26;333, SAINT DENIS BD (120;;;;920
201400039839;14;3;12;1515;1;2;1;1;3;26;187, SAINT DENIS BD (120;;;;920
201400039840;14;3;18;1215;1;2;1;1;3;26;-----, PR?SIDENT PAUL DO;;;;920
201400039841;14;3;16;1710;1;2;1;1;2;26;3, COLOMBES;;;;920
201400039842;14;3;19;2015;5;2;3;1;3;26;SAINT DENIS BD (120 A 17;;;;920
201400039843;14;3;26;950;1;2;3;1;2;26;MARECHAL JOFFRE (QUAI DU;;;;920
201400039844;14;3;27;1430;1;2;1;1;6;26;31, VERDUN (DE 01 A 61);;;;920
201400039845;14;3;28;840;1;2;1;1;6;26;58, JEAN-PIERRE TIMBAUD;;;;920
201400039846;14;3;25;2015;2;2;1;8;7;26;44, FRANKLIN (AVE ET RUE;;;;920
201400039847;14;3;19;810;1;2;1;8;7;26;VERDUN (DE 62 A FIN);;;;920
201400039848;14;4;1;840;1;2;1;1;3;26;VERDUN (DE 01 A 61);;;;920
201400039849;14;4;6;350;5;2;3;1;3;26;SAINT DENIS BD (120 A 17;;;;920
201400039850;14;4;1;1145;1;2;3;1;2;26;MISSION MARCHAND (COTE P;;;;920
201400039851;14;4;11;1700;1;2;1;1;6;26;14, COLOMBES;;;;920
201400039852;14;4;14;955;1;2;1;1;2;26;83, PR?SIDENT PAUL DOUME;;;;920
201400039853;14;4;16;840;1;2;3;1;3;26;272, SAINT DENIS BD (120;;;;920
201400039854;14;4;15;2105;5;2;1;1;6;26;21, COLOMBES;;;;920
201400039855;14;3;31;1840;1;2;1;1;6;26;14, ABREUVOIR;;;;920
201400039856;14;4;17;1940;1;2;1;1;2;26;PR?SIDENT PAUL DOUMER (Q;;;;920
201400039857;14;4;24;1758;1;2;1;1;6;26;33, PAIX;;;;920
201400039858;14;4;29;2115;5;2;1;2;7;26;02, VERDUN (DE 01 A 61);;;;920
201400039859;14;4;29;930;1;2;1;1;7;26;18, CARLE HEBERT;;;;920
201400039860;14;5;8;730;1;2;1;1;6;26;GAMBETTA;;;;920
201400039861;14;4;29;735;1;2;2;1;7;26;H?TEL DE VILLE (RUE);;;;920
201400039862;14;4;27;1720;1;2;1;1;2;26;127, VERDUN (DE 62 A FIN;;;;920
201400039863;14;5;14;2005;1;2;1;1;2;26;92, MARECHAL JOFFRE (QUA;;;;920
201400039864;14;5;17;1800;1;2;1;1;3;26;72, SAINT DENIS BD (120;;;;920
201400039865;14;5;15;1400;1;2;1;1;3;26;VERDUN (DE 01 A 61);;;;920
201400039866;14;5;21;1010;1;2;6;2;2;26;JEAN MERMOZ (SQUARE ET P;;;;920
201400039867;14;5;23;2005;1;2;2;1;3;26;MISSION MARCHAND (COTE P;;;;920
201400039868;14;5;29;1900;1;2;1;1;7;26;34, MARCEAU;;;;920
201400039869;14;5;27;800;1;2;1;1;3;26;46, COLOMBES;;;;920
201400039870;14;5;22;2040;2;2;1;8;3;26;8, VERDUN (DE 01 A 61);;;;920
201400039871;14;5;18;1730;1;2;1;1;7;26;88, ARMAND SILVESTRE ( D;;;;920
201400039872;14;6;11;1045;1;2;1;1;3;26;MISSION MARCHAND (COTE I;;;;920
201400039873;14;6;15;1545;1;2;2;1;1;26;BEZONS (DE 23 A FIN);;;;920
201400039874;14;6;13;1515;1;2;1;1;3;26;33, GEORGES CLEMENCEAU;;;;920
201400039875;14;6;14;2030;1;2;3;1;3;26;VERDUN (DE 62 A FIN);;;;920
201400039876;14;6;2;2100;2;2;3;8;3;26;9, PR?SIDENT PAUL DOUMER;;;;920
201400039877;14;6;18;1810;1;2;1;1;3;26;54, SAINT DENIS BD (120;;;;920
201400039878;14;6;14;1500;1;2;1;1;7;26;2, VOLTA;;;;920
201400039879;14;6;26;1740;1;2;1;1;3;26;81, MARECHAL JOFFRE (QUA;;;;920
201400039880;14;6;23;1400;1;2;1;1;6;26;FAUVELLES ( RUE DES );;;;920
201400039881;14;6;27;1240;1;2;3;1;6;26;VERDUN (DE 01 A 61);;;;920
201400039882;14;7;2;1930;1;2;1;1;6;26;BEZONS  (DE 01 A 22);;;;920
201400039883;14;7;5;315;5;2;6;1;3;26;JEAN MERMOZ (SQUARE ET P;;;;920
201400039884;14;7;6;1935;1;2;2;1;6;26;COLOMBES;;;;920
201400039885;14;7;7;1418;1;2;1;1;5;26;BELGIQUE ( PLACE DE );;;;920
201400039886;14;7;16;1835;1;2;3;1;3;26;80, VERDUN (DE 62 A FIN);;;;920
201400039887;14;7;19;1930;1;2;1;1;6;26;34, COLOMBES;;;;920
201400039888;14;7;23;1855;1;2;3;1;3;26;MARECHAL JOFFRE (QUAI DU;;;;920
201400039889;14;7;24;1750;1;2;1;1;6;26;20, BEZONS  (DE 01 A 22);;;;920
201400039890;14;7;27;1910;1;2;1;1;2;26;20, BEZONS  (DE 01 A 22);;;;920
201400039891;14;7;31;1850;1;2;6;1;3;26;BELGIQUE ( PLACE DE );;;;920
201400039892;14;7;25;1720;1;2;3;1;6;26;FAUVELLES ( RUE DES );;;;920
201400039893;14;8;27;2305;5;2;3;1;3;26;MISSION MARCHAND (COTE I;;;;920
201400039894;14;9;8;850;1;2;1;1;2;26;108, MARECHAL JOFFRE (QU;;;;920
201400039895;14;9;17;1130;1;2;2;1;3;26;JEAN-PIERRE TIMBAUD;;;;920
201400039896;14;9;20;930;1;2;1;1;7;26;45, GEORGES CLEMENCEAU;;;;920
201400039897;14;9;19;850;1;2;3;8;7;26;62, R?PUBLIQUE ( DE 65 A;;;;920
201400039898;14;9;17;1050;1;2;3;1;6;26;PAUL NAPOLEON ROINARD;;;;920
201400039899;14;9;25;1905;1;2;1;1;6;26;37, PAIX;;;;920
201400039900;14;9;28;1820;1;2;1;1;5;26;5, COLOMBES;;;;920
201400039901;14;10;5;1935;5;2;1;1;3;26;187, SAINT DENIS BD (120;;;;920
201400039902;14;10;8;750;2;2;1;2;7;26;265, SAINT DENIS BD (120;;;;920
201400039903;14;10;9;1730;1;2;1;1;3;26;6, CH?TEAU DU LOIR (DE 0;;;;920
201400039904;14;10;25;225;5;2;2;1;3;26;VERDUN (DE 62 A FIN);;;;920
201400039905;14;10;24;1805;4;2;1;2;7;26;11, BEZONS  (DE 01 A 22);;;;920
201400039906;14;10;28;1650;1;2;1;8;7;26;41, ALMA;;;;920
201400039907;14;10;30;945;1;2;1;1;6;26;58, JEAN-PIERRE TIMBAUD;;;;920
201400039908;14;11;11;435;5;2;1;1;7;26;38, BEZONS (DE 23 A FIN);;;;920
201400039909;14;11;13;840;1;2;2;1;6;26;12, SAINT DENIS BD (120;;;;920
201400039910;14;11;14;1520;1;2;1;8;2;26;20 TER, BEZONS  (DE 01 A;;;;920
201400039911;14;11;18;1245;1;2;1;1;3;26;34, VERDUN (DE 01 A 61);;;;920
201400039912;14;11;21;2115;5;2;1;1;5;26;PR?SIDENT PAUL DOUMER (Q;;;;920
201400039913;14;12;4;2130;5;2;3;9;1;26;20, MISSION MARCHAND (CO;;;;920
201400039914;14;12;5;2232;5;2;1;1;7;26;----------, MICHEL ANGE;;;;920
201400039915;14;12;7;2045;5;2;2;2;3;26;VERDUN (DE 62 A FIN);;;;920
201400039916;14;12;9;805;5;2;1;1;6;26;68, VERDUN (DE 01 A 61);;;;920
201400039917;14;12;10;1830;5;2;1;1;6;26;102, COLOMBES;;;;920
201400039918;14;12;12;750;5;2;3;2;6;26;JULES LEFEVRE PROLONGEE;;;;920
201400039919;14;12;15;935;1;2;1;2;6;26;50, BEZONS (DE 23 A FIN);;;;920
201400039920;14;12;13;1710;5;2;2;1;3;26;COLOMBES;;;;920
201400039921;14;12;16;1715;5;2;2;1;3;26;22 SEPTEMBRE ( RUE DU );;;;920
201400039922;14;12;19;540;5;2;1;1;7;26;69, MARECHAL JOFFRE (QUA;;;;920
201400039923;14;1;8;1650;1;2;2;1;3;35;1, National ( boulevard;;;;920
201400039924;14;12;2;1235;1;2;3;1;3;35;44, National ( boulevard;;;;920
201400039925;14;12;5;1735;5;2;1;1;6;35;6 bis, Pierre S?mart ( r;;;;920
201400039926;14;12;6;1800;5;2;1;1;6;35;80, Raymond Ridel ( rue;;;;920
201400039927;14;12;12;1935;5;2;2;3;6;35;2, National ( boulevard;;;;920
201400039928;14;12;15;1800;5;2;1;2;2;35;13, G?n?ral de Gaulle  (;;;;920
201400039929;14;1;15;1225;1;2;5;2;5;35;9, R?publique ( boulevar;;;;920
201400039930;14;1;17;900;1;2;2;1;3;35;77, National ( boulevard;;;;920
201400039931;14;1;19;2030;5;2;1;1;3;35;25, G?n?ral de Gaulle  (;;;;920
201400039932;14;1;18;1020;1;2;1;1;6;35;74, R?publique ( bouleva;;;;920
201400039933;14;1;21;1820;5;2;5;1;3;35;16 bis, R?publique ( bou;;;;920
201400039934;14;2;7;1615;1;2;3;1;3;35;41, National ( boulevard;;;;920
201400039935;14;2;9;830;1;2;1;1;6;35;5, Verdun 1916 ( avenue;;;;920
201400039936;14;2;9;1300;1;2;1;1;2;35;45 bis, R?publique ( bou;;;;920
201400039937;14;2;11;1005;1;2;1;1;7;35;72, G?n?ral de Gaulle  (;;;;920
201400039938;14;2;10;1;5;2;2;1;3;35;82, R?publique ( bouleva;;;;920
201400039939;14;3;12;1055;1;2;5;1;6;35;185, Pierre Joigneaux (;;;;920