num_acc;an;mois;jour;hrmn;lum;agg;int;atm;col;com;adr;gps;lat;long;dep
201400039940;14;3;14;1052;1;2;1;1;6;35;., Augustine ( Avenue );;;;920
201400039941;14;4;8;1140;1;2;2;1;6;35;2, Joffre ( avenue );;;;920
201400039942;14;4;3;2045;1;2;3;1;7;35;67, G?n?ral de Gaulle  (;;;;920
201400039943;14;4;17;1305;1;2;1;1;6;35;9bis, Transvaal ( rue du;;;;920
201400039944;14;3;20;820;1;2;5;1;2;35;185, Pierre Joigneaux (;;;;920
201400039945;14;3;20;1725;1;2;5;1;6;35;face 9, R?publique ( bou;;;;920
201400039946;14;4;22;1830;1;2;1;1;7;35;33, R?publique ( bouleva;;;;920
201400039947;14;3;4;930;1;2;4;1;6;35;104, R?publique ( boulev;;;;920
201400039948;14;4;10;850;1;2;1;1;6;35;53, Aigle ( rue de l' );;;;920
201400039949;14;4;25;1725;1;2;1;1;6;35;71, R?publique ( bouleva;;;;920
201400039950;14;5;8;1130;1;2;3;1;2;35;61, National ( boulevard;;;;920
201400039951;14;5;18;1825;1;2;3;1;6;35;24, Pierre Brossolette (;;;;920
201400039952;14;5;30;1628;1;2;5;1;3;35;14 bis, R?publique ( bou;;;;920
201400039953;14;6;3;955;1;2;5;1;3;35;85, National ( boulevard;;;;920
201400039954;14;6;1;40;5;2;5;1;3;35;85, National ( boulevard;;;;920
201400039955;14;6;6;2000;5;2;1;1;6;35;7-9, Kl?ber ( rue );;;;920
201400039956;14;6;7;2030;1;2;4;1;7;35;., Transvaal ( rue du );;;;920
201400039957;14;6;2;1230;1;2;5;1;6;35;33, G?n?ral de Gaulle  (;;;;920
201400039958;14;6;21;930;1;2;3;1;2;35;National ( boulevard );;;;920
201400039959;14;6;23;1230;1;2;6;1;6;35;31, R?publique ( bouleva;;;;920
201400039960;14;6;27;1045;1;2;2;1;6;35;47, Foch ( avenue );;;;920
201400039961;14;7;22;1115;1;2;1;1;6;35;91, National ( boulevard;;;;920
201400039962;14;8;5;2154;5;2;1;1;3;35;77, National ( boulevard;;;;920
201400039963;14;8;7;905;1;2;1;2;3;35;41, National ( boulevard;;;;920
201400039964;14;8;29;830;1;2;1;2;4;35;25, Arriv?e ( rue de l';;;;920
201400039965;14;9;19;2005;2;2;2;1;3;35;13, Verdun 1916 ( avenue;;;;920
201400039966;14;9;26;1735;1;2;1;1;2;35;102, G?n?ral de Gaulle;;;;920
201400039967;14;9;23;1055;1;2;1;1;6;35;55, R?publique ( bouleva;;;;920
201400039968;14;10;3;2100;5;2;6;1;7;35;52, R?publique ( bouleva;;;;920
201400039969;14;9;30;1235;1;2;2;1;6;35;35, Verdun 1916 ( avenue;;;;920
201400039970;14;10;30;2035;5;2;1;1;6;35;39, National ( boulevard;;;;920
201400039971;14;11;6;1910;5;2;7;1;3;35;Belgique ( Place de );;;;920
201400039972;14;10;21;815;1;2;6;1;3;35;31, R?publique ( bouleva;;;;920
201400039973;14;11;26;2138;3;2;1;1;6;35;15, Verdun 1916 ( avenue;;;;920
201400039974;14;11;4;825;1;2;2;1;3;35;11, Foch ( avenue );;;;920
201400039975;14;11;5;745;2;2;5;1;1;35;15, R?publique ( bouleva;;;;920
201400039976;14;12;15;900;2;2;3;1;6;35;6, Verdun 1916 ( avenue;;;;920
201400039977;14;11;8;1710;1;2;5;1;6;35;34, G?n?ral de Gaulle  (;;;;920
201400039978;14;11;13;855;1;2;3;1;3;35;44, National ( boulevard;;;;920
201400039979;14;1;13;810;2;2;2;1;6;36;0, COUTURE D'AUXERRE (RU;;;;920
201400039980;14;1;13;1825;5;2;1;1;6;36;40, LOUIS ROCHE (AVENUE);;;;920
201400039981;14;1;17;948;1;2;3;1;3;36;0, GRESILLONS (AVENUE DE;;;;920
201400039982;14;1;28;1300;1;2;1;1;6;36;10, GENERAL DE GAULLE (A;;;;920
201400039983;14;1;30;715;1;2;6;1;6;36;0, PRINCIPALE DU PORT (R;;;;920
201400039984;14;1;31;1345;1;2;1;1;2;36;0, PONT D'ARGENTEUIL (RU;;;;920
201400039985;14;1;31;2105;5;2;3;2;3;36;0, LOUIS ROCHE (AVENUE);;;;920
201400039986;14;2;1;2015;5;1;1;1;2;36;0, Pont des s?vines (A11;;;;920
201400039987;14;2;2;2235;5;2;1;1;6;36;103, GABRIEL PERI (AVENU;;;;920
201400039988;14;2;3;2055;5;2;1;1;7;36;64, JEAN JAURES (RUE) (2;;;;920
201400039989;14;2;4;1810;5;2;3;1;6;36;, GENERAL DE GAULLE (AVE;;;;920
201400039990;14;2;7;1905;5;2;1;1;6;36;61, GABRIEL PERI (AVENUE;;;;920
201400039991;14;2;15;2340;5;2;1;1;7;36;48, COUTURE D'AUXERRE (R;;;;920
201400039992;14;3;3;1720;1;2;1;1;7;36;76, GENERAL DE GAULLE (A;;;;920
201400039993;14;3;8;1520;1;2;1;1;6;36;0, PRINCIPALE DU PORT (R;;;;920
201400039994;14;3;9;1840;1;2;1;1;7;36;19, PRINCIPALE DU PORT (;;;;920
201400039995;14;3;13;1205;1;2;1;1;7;36;9, PRINCIPALE DU PORT (R;;;;920
201400039996;14;3;17;1430;1;2;2;1;3;36;0, PRINCIPALE DU PORT (R;;;;920
201400039997;14;3;20;1300;1;2;3;1;6;36;55, GRESILLONS (AVENUE D;;;;920
201400039998;14;3;23;1925;5;2;1;1;6;36;32, BEAUMARCHAIS (BOULEV;;;;920
201400039999;14;4;2;1600;1;2;1;1;6;36;112, GENERAL DE GAULLE (;;;;920
201400040000;14;4;3;1400;1;2;2;1;6;36;0, PIERRE TIMBAUD (RUE);;;;920
201400040001;14;4;7;1720;1;2;1;1;6;36;21/23, LOUIS CALMEL (RUE;;;;920
201400040002;14;4;8;910;1;2;1;1;6;36;0, CAMELINAT (BOULEVARD);;;;920
201400040003;14;4;9;1310;1;2;2;1;7;36;0, LOUIS CALMEL (RUE) (1;;;;920
201400040004;14;4;27;1352;1;2;1;1;6;36;51, CHEVRINS (RUE DES) (;;;;920
201400040005;14;4;27;1715;1;2;1;1;7;36;62, PRINCIPALE DU PORT (;;;;920
201400040006;14;5;3;1745;1;2;1;1;6;36;26, LOUIS CALMEL (RUE) (;;;;920
201400040007;14;5;6;1810;1;2;3;1;1;36;0, GENEAL DE GAULLE (AVE;;;;920
201400040008;14;5;7;1225;1;2;3;3;7;36;0, LOUIS ROCHE (AVENUE);;;;920
201400040009;14;5;29;1430;1;2;2;1;7;36;0, CHANDON (AVENUE) (1/6;;;;920
201400040010;14;6;7;1355;1;2;3;1;7;36;0, PIERRE TIMBAUD (RUE);;;;920
201400040011;14;6;7;1550;1;2;3;1;3;36;0, LUCIEN LANTERNIER (AV;;;;920
201400040012;14;6;8;2020;1;2;1;1;6;36;16, EUGENE DELACROIX (RU;;;;920
201400040013;14;6;12;1130;1;2;1;1;2;36;11, GRESILLONS (QUAI DES;;;;920
201400040014;14;6;16;1455;1;2;6;1;6;36;0, GENERAL DE GAULLE (AV;;;;920
201400040015;14;6;17;2305;5;2;1;1;6;36;95, BAS (RUE DES) (78 &;;;;920
201400040016;14;6;20;2030;1;2;3;2;6;36;0, LUCIEN LANTERNIER (AV;;;;920
201400040017;14;6;24;1135;1;1;2;1;6;36;0, BOULEVARD INTERCOMMUN;;;;920
201400040018;14;6;27;1045;1;2;1;1;2;36;0, PRINCIPALE DU PORT (R;;;;920
201400040019;14;6;29;1045;1;2;2;2;7;36;0, GENEAL DE GAULLE (AVE;;;;920
201400040020;14;6;30;1810;1;2;6;1;6;36;0, LOUIS CALMEL (RUE) (1;;;;920
201400040021;14;7;1;1945;1;2;1;1;7;36;21-23, LOUIS CALMEL (RUE;;;;920
201400040022;14;7;2;1550;1;2;1;1;2;36;52, GENERAL DE GAULLE (A;;;;920
201400040023;14;7;2;1550;1;2;1;1;4;36;0, MOULIN DE CAGE (QUAI;;;;920
201400040024;14;7;6;645;1;2;3;1;7;36;0, CAMELINAT (BOULEVARD);;;;920
201400040025;14;7;6;1405;1;2;6;3;7;36;0, PIERRE TIMBAUD (ROND;;;;920
201400040026;14;7;7;920;1;2;3;1;2;36;0, LOUIS ROCHE (AVENUE);;;;920
201400040027;14;7;9;2200;5;2;2;1;6;36;0, CHEVRINS (RUE DES) (2;;;;920
201400040028;14;7;15;1710;1;2;1;1;7;36;0, BAS (RUE DES) (78 & +;;;;920
201400040029;14;7;18;1725;1;2;3;1;6;36;0, GENEAL DE GAULLE (AVE;;;;920
201400040030;14;7;21;1005;1;2;4;1;6;36;0, GEORGES CORETE (RUE;;;;920
201400040031;14;7;25;1810;1;2;3;1;6;36;0, LAURENT CELY (AVENUE);;;;920
201400040032;14;7;28;1650;1;2;1;1;6;36;5, LUCIEN LANTERNIER (AV;;;;920
201400040033;14;7;29;1215;1;2;3;1;1;36;0, FULGENCE BIENVENUE (R;;;;920
201400040034;14;8;1;1315;1;2;1;1;7;36;55, PIERRE TIMBAUD (RUE);;;;920
201400040035;14;8;1;1720;1;2;2;1;7;36;0, LOUIS ROCHE (AVENUE);;;;920
201400040036;14;8;17;20;5;2;1;1;6;36;0, LOUIS CALMEL (RUE) (1;;;;920
201400040037;14;8;21;1520;1;2;1;1;6;36;177, GABRIEL PERI (AVENU;;;;920
201400040038;14;8;23;2135;5;2;2;1;1;36;0, BOULEVARD INTERCOMMUN;;;;920
201400040039;14;9;3;1120;1;2;2;1;6;36;0, GABRIEL PERI (AVENUE);;;;920
201400040040;14;9;4;1300;1;2;1;1;6;36;109, BAS (RUE DES) (78 &;;;;920
201400040041;14;9;5;610;2;2;2;1;3;36;0, PRINCIPALE DU PORT (R;;;;920
201400040042;14;9;10;135;5;2;2;1;3;36;0, BONGARDE (RUE DE LA);;;;920
201400040043;14;9;12;930;1;2;1;1;6;36;19, PETITS MARAIS (CHEMI;;;;920
201400040044;14;9;19;1540;1;2;3;1;3;36;0, CAMELINAT (BOULEVARD);;;;920
201400040045;14;9;20;1825;1;2;1;3;7;36;0, MARCEL PAUL (AVENUE);;;;920
201400040046;14;9;21;1405;1;2;6;1;2;36;0, LUCIEN LANTERNIER (AV;;;;920
201400040047;14;9;22;1920;1;2;9;1;3;36;27/41, LOUISE MICHEL (IM;;;;920
201400040048;14;10;1;820;1;2;1;1;7;36;0, ARGENTEUIL (AVENUE D';;;;920
201400040049;14;10;1;825;1;2;1;1;6;36;0, ARGENTEUIL (AVENUE D';;;;920
201400040050;14;10;1;2015;1;2;1;1;2;36;123, LAURENT CELY (AVENU;;;;920
201400040051;14;10;8;1150;1;2;2;1;6;36;0, PRINCIPALE DU PORT (R;;;;920
201400040052;14;10;10;1615;1;2;1;1;6;36;90, MARCEL PAUL (AVENUE);;;;920
201400040053;14;10;19;125;5;2;2;1;3;36;MOULIN DE CAGE (RUE DU);;;;920
201400040054;14;10;27;1445;1;2;1;1;2;36;107, MARCEL PAUL (AVENUE;;;;920
201400040055;14;10;27;1750;1;2;1;1;7;36;94, VIEUX CHEMIN DE SAIN;;;;920
201400040056;14;11;5;1300;1;2;1;1;6;36;0, PIERRE GRAINDORGE (RU;;;;920
201400040057;14;11;6;1730;2;2;2;1;6;36;0, CHANDON (AVENUE) (1/6;;;;920
201400040058;14;11;10;1950;5;2;3;1;6;36;0, LOUIS ROCHE (AVENUE);;;;920
201400040059;14;11;12;1350;1;2;6;1;2;36;0, PIERRE DE COUBERTIN (;;;;920
201400040060;14;11;12;1700;1;2;2;1;3;36;0, BEAUMARCHAIS (BOULEVA;;;;920
201400040061;14;11;13;1745;5;2;1;1;6;36;24, LIBERATION (AVENUE D;;;;920
201400040062;14;11;13;1940;5;2;6;1;2;36;0, MARCEL PAUL (AVENUE);;;;920
201400040063;14;11;17;1230;1;2;1;2;7;36;18, PIERRE TIMBAUD (RUE);;;;920
201400040064;14;11;17;2150;5;2;2;1;7;36;0, LAURENT CELY (AVENUE);;;;920
201400040065;14;11;21;1405;1;2;3;1;3;36;0, LOUISE MICHEL (PAIRS);;;;920
201400040066;14;11;21;1525;1;2;3;1;6;36;0, MARCEL PAUL (AVENUE);;;;920
201400040067;14;11;26;1810;5;2;3;2;3;36;0, LOUIS ROCHE (AVENUE);;;;920
201400040068;14;12;3;1800;5;2;2;1;1;36;0, CABOEUFS (RUE DES) (5;;;;920
201400040069;14;12;4;915;1;2;1;1;2;36;0, GRESILLONS (QUAI DES);;;;920
201400040070;14;12;7;1730;2;2;2;2;7;36;0, LOUIS ROCHE (AVENUE);;;;920
201400040071;14;12;8;735;5;2;2;1;7;36;0, LAURENT CELY (AVENUE);;;;920
201400040072;14;12;9;1600;1;2;1;1;6;36;10, GENERAL DE GAULLE (A;;;;920
201400040073;14;12;12;1820;5;2;1;2;6;36;207, GRESILLONS (AVENUE;;;;920
201400040074;14;12;13;1140;1;2;1;3;1;36;169, LOUIS ROCHE (AVENUE;;;;920
201400040075;14;12;24;945;1;2;3;1;6;36;0, LOUIS CASTEL (RUE) (1;;;;920
201400040076;14;12;24;1845;5;2;4;2;6;36;0, DOCTEUR ROUX (PLACE D;;;;920
201400040077;14;12;24;1900;5;2;1;2;2;36;11, LUCIEN LANTERNIER (A;;;;920
201400040078;14;12;25;2140;5;2;2;1;6;36;0, ARGENTEUIL (AVENUE D';;;;920
201400040079;14;12;30;1630;1;2;1;1;6;36;177, GABRIEL PERI (AVENU;;;;920
201400040080;14;3;28;1130;1;2;4;1;6;20;RUE DES BAS;;;;920
201400040081;14;1;6;1815;3;2;3;1;3;40;STALINGRAD (QUAI DE);;;;920
201400040082;14;1;8;1730;5;2;2;1;1;40;62, CAMILLE DESMOULINS;;;;920
201400040083;14;1;16;840;1;2;1;3;3;40;97, RODIN (BOULEVARD);;;;920
201400040084;14;1;16;2230;5;2;1;1;6;40;99, PDT ROOSEVELT (QUAI;;;;920
201400040085;14;1;14;850;1;2;3;8;3;40;52, GABRIEL PERI;;;;920
201400040086;14;11;17;2000;5;2;6;1;6;40;GUYNEMER;;;;920
201400040087;14;1;16;915;1;2;1;2;3;40;28, GAMBETTA (BOULEVARD);;;;920
201400040088;14;11;17;2020;5;2;1;2;3;40;16, ERNEST RENAN;;;;920
201400040089;14;11;18;2030;5;2;3;2;2;40;GALLIENI (BOULEVARD);;;;920
201400040090;14;11;24;900;1;2;1;2;6;40;4, ARISTIDE BRIAND;;;;920
201400040091;14;11;27;2315;5;2;1;1;2;40;45, PDT ROOSEVELT (QUAI;;;;920
201400040092;14;1;20;1630;1;2;6;2;6;40;GOUVERNEUR GAL EBOUE DU;;;;920
201400040093;14;1;27;1450;1;2;1;6;3;40;245, STALINGRAD (QUAI DE;;;;920
201400040094;14;12;3;1815;4;2;2;1;6;40;70/72, GOUVERNEUR GAL EB;;;;920
201400040095;14;12;11;750;2;2;1;8;1;40;65, RODIN (BOULEVARD);;;;920
201400040096;14;12;13;2045;5;2;2;1;3;40;GALLIENI (BOULEVARD);;;;920
201400040097;14;12;15;1810;4;2;6;2;7;40;DEFENSE (DE LA);;;;920
201400040098;14;12;17;1740;5;2;1;2;7;40;21, LASSERRE;;;;920
201400040099;14;1;31;1535;1;2;1;1;6;40;115, VERDUN (AVENUE DE);;;;920
201400040100;14;2;4;1140;1;2;1;1;6;40;33, JEAN-PIERRE TIMBAUD;;;;920
201400040101;14;2;3;2100;3;2;2;1;3;40;XX, PAUL-VAILLANT COUTUR;;;;920
201400040102;14;2;15;1300;1;2;1;1;6;40;9, ABBE DERRY (DE L');;;;920
201400040103;14;2;13;1230;1;2;1;2;6;40;25, GABRIEL PERI;;;;920
201400040104;14;2;14;1050;1;2;1;2;1;40;103, PDT ROOSEVELT (QUAI;;;;920
201400040105;14;2;26;1615;1;2;1;1;7;40;15, AUGUSTE GERVAIS;;;;920
201400040106;14;3;4;905;1;2;3;1;2;40;27, ARISTIDE BRIAND;;;;920
201400040107;14;3;13;945;1;2;1;1;4;40;60, GALLIENI (BOULEVARD);;;;920
201400040108;14;3;7;945;1;2;7;1;3;40;xx, 11 NOVEMBRE 1918 (PL;;;;920
201400040109;14;4;1;1945;1;2;1;1;2;40;23, ARISTIDE BRIAND;;;;920
201400040110;14;4;11;1830;1;2;1;1;6;40;40 BIS, ERNEST RENAN;;;;920
201400040111;14;3;26;815;1;2;1;1;3;40;93 BIS, GENERAL DE GAULL;;;;920
201400040112;14;3;26;830;1;2;3;1;3;40;GALLIENI (BOULEVARD);;;;920
201400040113;14;3;28;1940;5;2;1;1;5;40;35, GALLIENI (BOULEVARD);;;;920
201400040114;14;4;15;1320;1;2;3;1;6;40;32, JEAN-PIERRE TIMBAUD;;;;920
201400040115;14;4;30;1310;1;2;3;1;3;40;FRERES VOISIN (BOULEVARD;;;;920
201400040116;14;5;6;1145;1;2;1;1;7;40;31, GAMBETTA (BOULEVARD);;;;920
201400040117;14;4;11;1845;1;2;1;1;6;40;20, ROUGET DE L'ISLE;;;;920
201400040118;14;5;15;1420;1;2;1;1;3;40;ARISTIDE BRIAND;;;;920
201400040119;14;4;5;1350;1;2;3;1;6;40;29 BIS, GARIBALDI (BOULE;;;;920
201400040120;14;5;18;900;1;2;1;1;6;40;58, JEAN-PIERRE TIMBAUD;;;;920
201400040121;14;4;9;2230;5;2;1;1;6;40;34, GAMBETTA (BOULEVARD);;;;920
201400040122;14;3;31;948;1;2;1;1;7;40;XX, SABLONS (ALLEE DES);;;;920
201400040123;14;4;25;2150;5;2;1;2;3;40;37, BOURGAIN (AVENE);;;;920
201400040124;14;4;30;1455;1;2;1;1;6;40;19, GAMBETTA (BOULEVARD);;;;920
201400040125;14;5;9;950;1;2;3;1;2;40;PDT ROOSEVELT (QUAI DU);;;;920
201400040126;14;5;14;1420;1;2;1;1;3;40;109, VERDUN (AVENUE DE);;;;920
201400040127;14;5;26;2050;1;2;3;1;6;40;STALINGRAD (QUAI DE);;;;920
201400040128;14;6;6;1345;1;2;1;1;6;40;13, DEFENSE (DE LA);;;;920
201400040129;14;5;22;740;1;2;2;1;6;40;VERDUN (AVENUE DE) DU 83;;;;920
201400040130;14;6;18;1300;1;2;2;1;4;40;55, GALLIENI (BOULEVARD);;;;920
201400040131;14;6;25;1920;1;2;1;1;6;40;23, HENRI TARIEL;;;;920
201400040132;14;6;19;955;1;2;3;1;6;40;28, GAMBETTA (BOULEVARD);;;;920
201400040133;14;6;14;1410;1;2;1;1;6;40;48, EREVAN (D');;;;920
201400040134;14;7;4;1515;1;2;1;1;6;40;MINARD;;;;920
201400040135;14;6;25;700;1;2;3;1;3;40;PONT D ISSY;;;;920
201400040136;14;6;17;910;1;2;1;1;6;40;118, VERDUN (AVENUE DE);;;;920
201400040137;14;6;2;2020;1;2;2;1;6;40;GOUVERNEUR GAL EBOUE DU;;;;920
201400040138;14;7;2;1838;1;2;1;1;3;40;5, GALLIENI (BOULEVARD);;;;920
201400040139;14;6;3;540;2;2;2;1;3;40;xx, PAIX (AVENUE DE LA);;;;920
201400040140;14;6;24;1710;1;2;1;1;5;40;5, GENERAL LECLERC;;;;920
201400040141;14;6;28;940;1;2;2;1;7;40;VICTOR HUGO (ROND-POINT);;;;920
201400040142;14;6;7;1515;1;2;6;1;3;40;RESISTANCE (PLACE DE LA);;;;920
201400040143;14;8;7;1300;1;2;2;3;6;40;GENERAL DE GAULLE (AVE D;;;;920
201400040144;14;8;8;110;4;2;1;1;2;40;267, STALINGRAD (QUAI DE;;;;920
201400040145;14;7;24;1030;1;2;1;1;6;40;26, JEAN JACQUES ROUSSEA;;;;920
201400040146;14;7;5;1310;1;2;1;2;3;40;3, ARISTIDE BRIAND;;;;920
201400040147;14;1;2;1700;2;2;3;1;7;40;xx, GAMBETTA (BOULEVARD);;;;920
201400040148;14;7;24;2015;1;2;1;1;3;40;130, VERDUN (AVENUE DE);;;;920
201400040149;14;9;2;820;1;2;3;1;6;40;CAMILLE DESMOULINS;;;;920
201400040150;14;9;16;1010;1;2;3;1;3;40;CAMILLE DESMOULINS;;;;920
201400040151;14;9;17;730;1;2;6;1;2;40;RESISTANCE (PLACE DE LA);;;;920
201400040152;14;9;20;1720;1;2;1;1;6;40;FORT (DU);;;;920
201400040153;14;9;30;1645;1;2;1;1;6;40;36, ERNEST RENAN;;;;920
201400040154;14;9;27;2100;3;2;1;1;3;40;16bis, BERTHELOT;;;;920
201400040155;14;9;23;1000;1;2;1;1;2;40;66, PAIX (AVENUE DE LA);;;;920
201400040156;14;9;24;1825;1;2;3;1;6;40;10, GENERAL LECLERC;;;;920
201400040157;14;9;25;1415;1;2;3;1;3;40;PROFESSEUR CALMETTE (AVE;;;;920
201400040158;14;10;1;1000;1;2;1;1;3;40;16, GALLIENI (BOULEVARD);;;;920
201400040159;14;10;11;743;5;1;1;2;6;40;xx, JEAN-PIERRE TIMBAUD;;;;920
201400040160;14;9;8;845;1;2;3;1;2;40;LASSERRE;;;;920
201400040161;14;9;11;1745;1;2;1;1;6;40;28, DOCTEUR LOMBARD (DU);;;;920
201400040162;14;10;22;850;1;2;1;1;7;40;19, GAMBETTA (BOULEVARD);;;;920
201400040163;14;10;17;915;1;2;2;2;7;40;xx, AUGUSTE GERVAIS;;;;920
201400040164;14;10;18;1440;1;2;1;1;5;40;8, DIDEROT;;;;920
201400040165;14;10;6;1705;1;2;3;1;3;40;GENERAL LECLERC;;;;920
201400040166;14;10;8;900;1;2;1;1;3;40;243, STALINGRAD (QUAI DE;;;;920
201400040167;14;10;2;925;1;2;3;1;5;40;98, GALLIENI (BOULEVARD);;;;920
201400040168;14;10;28;1310;1;2;3;1;3;40;4, ALEMBERT (D') RUE;;;;920
201400040169;14;11;12;1850;5;2;2;1;3;40;MARECHAL JUIN (PLACE);;;;920
201400040170;14;10;23;810;1;2;1;1;6;40;1, ARISTIDE BRIAND;;;;920
201400040171;14;10;27;2325;5;2;3;1;3;40;GENERAL LECLERC;;;;920
201400040172;14;10;29;1900;5;2;1;1;3;40;169, STALINGRAD (QUAI DE;;;;920
201400040173;14;10;30;2110;5;2;3;1;3;40;JEAN JACQUES ROUSSEAU;;;;920
201400040174;14;10;31;2155;5;2;3;1;7;40;VERDUN (AVENUE DE) DU 15;;;;920
201400040175;14;11;3;1630;1;2;2;2;2;40;25, GUYNEMER;;;;920
201400040176;14;11;7;750;1;2;1;2;6;40;92, RODIN (BOULEVARD);;;;920
201400040177;14;11;13;920;1;2;1;1;2;40;38, VICTOR CRESSON (AVEN;;;;920
201400040178;14;12;18;1000;1;2;1;1;3;40;30, GALLIENI (BOULEVARD);;;;920
201400040179;14;12;18;1540;1;2;3;1;6;40;42, DANTON;;;;920
201400040180;14;12;19;1640;1;2;1;1;6;40;6, DOCTEUR LOMBARD (DU);;;;920
201400040181;14;12;9;1700;2;2;1;1;6;40;11, RENE-JACQUES;;;;920
201400040182;14;11;7;805;5;2;2;1;3;40;FOUCHER LEPELLETIER;;;;920
201400040183;14;11;14;1535;1;2;1;2;7;40;AUGUSTE GERVAIS;;;;920
201400040184;14;10;8;820;1;2;2;1;2;44;24, VILLIERS(RUE DE)  2A;;;;920
201400040185;14;1;3;1005;1;2;2;1;6;44;80, ARISTIDE BRIAND(RUE);;;;920
201400040186;14;1;26;1520;1;2;1;2;6;44;5, VOLTAIRE(RUE)1A51 ET2;;;;920
201400040187;14;1;28;1155;1;2;1;1;3;44;4, PDT WILSON(RUE) 2A24;;;;920
201400040188;14;1;30;1545;1;2;1;1;6;44;PDT WILSON(RUE)133A149 E;;;;920
201400040189;14;2;8;715;5;2;1;2;3;44;02, HENRI BARBUSSE (RUE);;;;920
201400040190;14;2;12;1925;5;2;2;2;6;44;6, BAUDIN (RUE) 1A25 ET;;;;920
201400040191;14;2;12;2045;5;2;1;2;6;44;54, JEAN JAURES(RUE) 1A5;;;;920
201400040192;14;3;1;2210;5;2;2;1;3;44;56, CARNOT(RUE) 43A71 ET;;;;920
201400040193;14;3;1;2250;5;2;1;1;6;44;130, PDT WILSON(RUE)107A;;;;920
201400040194;14;3;5;1815;2;2;3;1;6;44;20, ALSACE (RUE) N?19 +;;;;920
201400040195;14;3;7;2015;5;2;1;1;6;44;29, VIC. HUGO(RUE)001A06;;;;920
201400040196;14;3;7;2030;5;2;2;1;3;44;2, WILSON(SQUARE)2 IBERT;;;;920
201400040197;14;3;11;1230;1;2;1;1;2;44;160, VIC. HUGO(RUE)115A1;;;;920
201400040198;14;3;13;1020;1;2;1;1;6;44;88, VIC. HUGO(RUE)069A07;;;;920
201400040199;14;4;2;935;1;2;1;1;6;44;70, VIC. HUGO(RUE)001A06;;;;920
201400040200;14;4;19;245;5;2;1;1;6;44;38, CARNOT(RUE) 43A71 ET;;;;920
201400040201;14;4;29;1410;1;2;2;9;3;44;42, VOLTAIRE(RUE)53A81 E;;;;920
201400040202;14;5;3;1940;1;2;1;1;6;44;33, ALSACE (RUE) N?19 +;;;;920
201400040203;14;5;9;905;1;2;9;8;6;44;CARNOT(RUE) 73+ ET 60+;;;;920
201400040204;14;5;19;900;1;2;2;1;6;44;1, LOUIS ROUQUIER(RUE) 1;;;;920
201400040205;14;5;21;945;1;2;1;2;2;44;MICHELET (QUAI) 32 A 58;;;;920
201400040206;14;5;21;1145;1;2;2;1;6;44;57, JEAN JAURES(RUE) 57A;;;;920
201400040207;14;6;2;1745;1;2;2;1;6;44;90, ANA.FRANCE(RUE)77A13;;;;920
201400040208;14;5;31;1925;1;2;2;1;3;44;22, JEAN GABIN(RUE);;;;920
201400040209;14;6;17;2300;5;2;1;1;3;44;82, BAUDIN (RUE) 27A83 E;;;;920
201400040210;14;6;20;1345;1;2;1;1;3;44;41, ANA. FRANCE(RUE)1A75;;;;920
201400040211;14;6;24;1325;1;2;1;1;6;44;146, VIC. HUGO(RUE)115A1;;;;920
201400040212;14;6;24;2145;2;2;1;1;6;44;43, VIC. HUGO(RUE)001A06;;;;920
201400040213;14;4;2;930;1;2;2;1;6;44;58, CARNOT(RUE) 43A71 ET;;;;920
201400040214;14;6;25;1830;1;2;1;1;2;44;16, PARC (RUE DU) 2A16 E;;;;920
201400040215;14;6;30;2000;1;2;3;1;2;44;57, MICHELET (QUAI) 58 A;;;;920
201400040216;14;7;3;845;1;2;1;1;6;44;35, P.V.COUTURIER(RUE)1A;;;;920
201400040217;14;7;3;2245;2;2;1;1;7;44;18, ANA. FRANCE(RUE)1A75;;;;920
201400040218;14;7;4;835;1;2;1;1;7;44;9, LOUIS ROUQUIER(RUE) 1;;;;920
201400040219;14;7;10;1815;1;2;1;1;6;44;28, ANA. FRANCE(RUE)1A75;;;;920
201400040220;14;7;12;1715;1;2;2;1;6;44;5, PDT WILSON(RUE) 2A24;;;;920
201400040221;14;7;17;1750;1;2;3;1;7;44;40, VILLIERS(RUE DE)  2A;;;;920
201400040222;14;7;18;1145;1;2;3;1;3;44;146, VIC. HUGO(RUE)115A1;;;;920
201400040223;14;7;18;1750;1;2;1;1;6;44;168, VIC. HUGO(RUE)115A1;;;;920
201400040224;14;7;25;1940;1;2;2;1;6;44;120, ANA.FRANCE(RUE)77A1;;;;920
201400040225;14;7;28;1810;1;2;1;1;2;44;126, VIC. HUGO(RUE)091A1;;;;920
201400040226;14;7;28;1945;1;2;2;1;2;44;62, VOLTAIRE(RUE)53A81 E;;;;920
201400040227;14;8;14;2335;5;2;2;1;6;44;19, VI. HUGO (SQUARE)40V;;;;920
201400040228;14;8;17;2030;2;2;1;1;2;44;17, ANA. FRANCE(RUE)1A75;;;;920
201400040229;14;9;2;1430;1;2;2;1;6;44;2, MATHILDE GIRAULT (RUE;;;;920
201400040230;14;9;3;800;1;2;1;1;6;44;114, ANA.FRANCE(RUE)77A1;;;;920
201400040231;14;9;7;1920;1;2;1;1;3;44;160, VIC. HUGO(RUE)115A1;;;;920
201400040232;14;8;18;1910;1;2;1;1;6;44;108, RIVAY(RUE)97A107 ET;;;;920
201400040233;14;9;23;1125;1;2;1;1;6;44;9, HENRI BARBUSSE (PLACE;;;;920
201400040234;14;9;24;905;1;2;1;1;6;44;34, LOUISON BOBET(STADE);;;;920
201400040235;14;9;30;2130;2;2;1;1;6;44;77, ED.VAILLANT(RUE) 75A;;;;920
201400040236;14;10;2;1630;1;2;1;1;6;44;42, JEAN JAURES(RUE) 1A5;;;;920
201400040237;14;10;2;1955;5;2;1;1;6;44;85, LOUIS ROUQUIER(RUE)4;;;;920
201400040238;14;10;2;2030;2;2;2;1;7;44;32, LOUIS ROUQUIER(RUE);;;;920
201400040239;14;10;3;830;1;2;2;1;3;44;35, BAUDIN (RUE) 27A83 E;;;;920
201400040240;14;10;12;1310;1;2;1;1;5;44;83TER, P.V.COUTURIER(RUE;;;;920
201400040241;14;10;13;1750;2;2;1;1;7;44;70, PDT WILSON(RUE)51A75;;;;920
201400040242;14;10;14;120;5;2;2;1;7;44;48, CAMILLE PELLETAN(RUE;;;;920
201400040243;14;10;23;1425;1;2;2;1;3;44;95, RIVAY(RUE)73A95 ET 6;;;;920