num_acc;an;mois;jour;hrmn;lum;agg;int;atm;col;com;adr;gps;lat;long;dep
201400040244;14;10;25;920;1;2;2;1;6;44;40, VILLIERS(RUE DE)  2A;;;;920
201400040245;14;10;30;1005;1;2;5;1;7;44;15, COLLANGE(RUE) 1A13 E;;;;920
201400040246;14;11;3;1755;2;2;2;1;6;44;51, MARIUS AUFAN(RUE) 1A;;;;920
201400040247;14;11;14;1330;1;2;1;1;2;44;162, DANTON(RUE)125+ ET;;;;920
201400040248;14;11;15;1805;2;2;2;1;3;44;118, ANA.FRANCE(RUE) 141;;;;920
201400040249;14;11;12;1145;1;2;1;1;6;44;12, MARCEL CERDAN (RUE);;;;920
201400040250;14;11;25;1335;1;2;1;1;6;44;32, ALSACE (RUE) N?19 +;;;;920
201400040251;14;11;28;730;1;2;2;1;6;44;30, ARISTIDE BRIAND(RUE);;;;920
201400040252;14;11;28;2135;5;2;1;1;6;44;174, VIC. HUGO(RUE)115A1;;;;920
201400040253;14;11;29;1745;2;2;2;1;6;44;1, ANTONIN RAYNAUD(RUE);;;;920
201400040254;14;11;30;1930;1;2;1;1;2;44;42, ED.VAILLANT(RUE) 37A;;;;920
201400040255;14;12;5;1155;1;2;2;1;6;44;55, CARNOT(RUE) 43A71 ET;;;;920
201400040256;14;12;10;1815;1;2;1;1;6;44;66, VILLIERS(RUE DE)  54;;;;920
201400040257;14;12;11;2305;5;2;2;1;3;44;18, ED. VAILLANT(RUE) 1A;;;;920
201400040258;14;12;12;450;5;2;2;1;3;44;8, PIERRE BROSSOLETTE(RU;;;;920
201400040259;14;12;18;1005;1;2;2;1;6;44;106, PDT WILSON(RUE)107A;;;;920
201400040260;14;12;13;1005;1;2;2;1;6;44;106, PDT WILSON(RUE)107A;;;;920
201400040261;14;12;18;520;1;2;2;1;3;44;20, JEAN JAURES(RUE) 1A5;;;;920
201400040262;14;12;18;830;1;2;2;1;6;44;97, JEAN JAURES(RUE) 57A;;;;920
201400040263;14;12;24;1510;1;2;1;1;6;44;3, P.V.COUTURIER(RUE)1A3;;;;920
201400040264;14;1;10;920;1;2;2;1;3;48;BELGIQUE (RUE DE LA);;;;920
201400040265;14;8;31;545;5;2;6;1;6;48;., Rond Point CIECHANOV;;;;920
201400040266;14;11;1;640;5;2;1;1;7;48;17, DOCTEUR ARNAUDET (RU;;;;920
201400040267;14;1;21;1950;5;2;2;1;3;48;., MARAIS (RUE DES);;;;920
201400040268;14;1;27;830;1;2;3;1;6;48;., JEAN JAURES (AVENUE);;;;920
201400040269;14;1;31;245;5;2;2;5;6;48;., SORRIERES (RUE DES);;;;920
201400040270;14;1;14;800;1;2;1;1;6;48;02, MARCEL ALLEGOT (RUE);;;;920
201400040271;14;2;28;1200;1;1;1;1;6;48;., TRIVAUX (AVENUE DE) N;;;;920
201400040272;14;3;8;1220;1;2;1;1;6;48;02, EGLISE (RUE DE L');;;;920
201400040273;14;2;27;1800;1;2;6;1;7;48;20, PARIS (RUE DE) N? 12;;;;920
201400040274;14;3;30;920;1;2;1;1;6;48;., MARCHE COUVERT (RUE D;;;;920
201400040275;14;4;7;1800;1;1;1;1;7;48;., TRIVAUX (AVENUE DE) N;;;;920
201400040276;14;4;14;1800;2;2;1;1;6;48;., TILLEULS (SQUARE DES);;;;920
201400040277;14;4;22;1745;1;2;2;1;3;48;, PEPINIERE (RUE DE LA);;;;920
201400040278;14;4;16;1545;1;2;2;1;6;48;., PEPINIERE (RUE DE LA);;;;920
201400040279;14;5;15;1730;2;1;1;1;6;48;., GENERAL GALLIENI (AVE;;;;920
201400040280;14;5;16;1625;1;2;9;1;3;48;15, GARDES (ROUTE DES) N;;;;920
201400040281;14;5;23;1240;1;2;2;1;6;48;., GARDES (ROUTE DES) N?;;;;920
201400040282;14;6;9;1100;1;2;1;1;6;48;12, NATIONS UNIES (BOULE;;;;920
201400040283;14;6;10;1730;1;2;3;2;7;48;1, VIGNES (IMPASSE ET RU;;;;920
201400040284;14;6;11;1120;1;1;1;1;6;48;13, HENRI ETLIN (RUE);;;;920
201400040285;14;6;17;1626;1;2;3;1;6;48;19, REPUBLIQUE (RUE DE L;;;;920
201400040286;14;6;23;820;1;2;9;1;6;48;51, GENERAL DE GAULLE (A;;;;920
201400040287;14;6;23;1000;1;2;1;1;5;48;22BIS, PARIS (RUE DE) N?;;;;920
201400040288;14;8;1;1445;1;1;9;1;6;48;., MORANE SAULNIER (AVEN;;;;920
201400040289;14;8;6;1425;1;2;9;1;6;48;., MORANE SAULNIER (AVEN;;;;920
201400040290;14;8;7;1515;1;2;2;2;3;48;01bis, REPUBLIQUE (RUE D;;;;920
201400040291;14;8;8;1240;1;2;1;2;6;48;34, CLAUDE DALSEME (RUE);;;;920
201400040292;14;8;17;1400;1;2;6;1;6;48;., GENERAL DE GAULLE (AV;;;;920
201400040293;14;8;20;1640;1;2;1;1;6;48;., TRIVAUX (AVENUE DE) N;;;;920
201400040294;14;9;5;1850;1;2;3;1;6;48;., VAUGIRARD (RUE DE);;;;920
201400040295;14;9;26;855;1;2;1;1;3;48;34, JEAN JAURES (AVENUE);;;;920
201400040296;14;9;29;1205;1;2;6;2;7;48;., GARDES (ROUTE DES) N?;;;;920
201400040297;14;10;2;1950;5;1;1;2;6;48;20, MAIL (ALLEE DU);;;;920
201400040298;14;10;4;2320;5;2;3;2;6;48;31, GARDES (ROUTE DES) N;;;;920
201400040299;14;10;3;1150;1;2;3;1;3;48;., TERRE NEUVE (RUE);;;;920
201400040300;14;10;15;1720;1;2;2;2;6;48;2-4, MARCEL ALLEGOT (RUE;;;;920
201400040301;14;10;18;1100;1;2;3;1;6;48;., PEPINIERE (RUE DE LA);;;;920
201400040302;14;10;19;1215;1;2;7;1;3;48;., RABELAIS (PLACE);;;;920
201400040303;14;11;28;1740;2;2;1;2;6;48;76, REPUBLIQUE (RUE DE L;;;;920
201400040304;14;1;2;935;1;2;2;2;7;49;123, BRIAND AVENUE ARIST;;;;920
201400040305;14;1;3;240;5;2;6;1;7;20;22, DIVISION LECLERC AVE;;;;920
201400040306;14;1;7;2140;5;2;1;1;2;20;PARIS AVENUE DE N? IMPAI;;;;920
201400040307;14;1;8;747;2;2;2;1;1;49;BRIAND AVENUE ARISTIDE A;;;;920
201400040308;14;1;12;40;5;2;2;5;6;49;53, BRIAND AVENUE ARISTI;;;;920
201400040309;14;1;12;220;5;2;2;5;3;49;102, BRIAND AVENUE ARIST;;;;920
201400040310;14;1;12;1410;1;2;1;8;2;49;79, REPUBLIQUE AVENUE DE;;;;920
201400040311;14;1;14;1055;1;2;1;1;6;20;3, VERDUN AVENUE DE N?1;;;;920
201400040312;14;1;14;1640;1;2;1;1;6;20;17, BAGNEUX RUE DE;;;;920
201400040313;14;1;21;1015;1;2;2;2;6;49;ARNOUX AVENUE MAURICE N?;;;;920
201400040314;14;1;23;720;5;2;1;1;6;49;93, VERDIER AVENUE N?25;;;;920
201400040315;14;1;23;800;1;2;1;1;6;20;44, VANVES BOULEVARD DE;;;;920
201400040316;14;1;31;1540;1;2;2;1;1;20;PARIS AVENUE DE N? IMPAI;;;;920
201400040317;14;2;4;1000;1;2;1;1;2;49;JAURES PLACE JEAN;;;;920
201400040318;14;2;4;2000;5;2;2;1;6;20;DEFORGES RUE ETIENNE N?;;;;920
201400040319;14;2;7;1200;1;2;1;1;1;20;MERSEBURG RUE DE;;;;920
201400040320;14;2;7;1800;2;2;2;1;3;49;BARBES RUE;;;;920
201400040321;14;2;9;2110;5;2;1;1;6;49;105, VERDIER AVENUE AUTR;;;;920
201400040322;14;2;13;850;1;2;2;1;6;20;23, LIBERTE BOULEVARD DE;;;;920
201400040323;14;2;17;1545;1;2;1;1;1;20;VERDUN AVENUE DE AUTRES;;;;920
201400040324;14;2;25;1925;5;2;3;1;3;49;138, DORMOY AVENUE MARX;;;;920
201400040325;14;2;26;1515;1;2;1;1;2;49;211, BROSSOLETTE AVENUE;;;;920
201400040326;14;3;2;1345;1;2;1;1;6;49;41, BROSSOLETTE AVENUE P;;;;920
201400040327;14;3;3;1110;1;2;1;2;6;20;18, GENZANO DI ROMA RUE;;;;920
201400040328;14;3;8;920;1;2;1;1;6;20;16, VERDUN AVENUE DE N?2;;;;920
201400040329;14;3;10;1320;1;1;2;1;3;49;BROSSOLETTE AVENUE PIERR;;;;920
201400040330;14;3;12;820;1;2;1;1;6;49;5, BRIAND AVENUE ARISTID;;;;920
201400040331;14;3;14;1045;1;2;2;1;2;49;PERI RUE GABRIEL AUTRES;;;;920
201400040332;14;3;16;2030;5;2;9;1;3;20;187, REPUBLIQUE AV. AUTR;;;;920
201400040333;14;3;17;1050;1;2;4;1;3;20;VANVES BOULEVARD DE N? P;;;;920
201400040334;14;3;17;2010;5;2;2;1;3;49;PERI RUE GABRIEL AUTRES;;;;920
201400040335;14;3;19;1805;1;2;9;1;5;20;PARIS AVENUE DE N?84 A F;;;;920
201400040336;14;3;20;835;1;2;1;1;2;49;202, DORMOY AVENUE MARX;;;;920
201400040337;14;3;21;710;2;2;1;2;3;49;33, PERI RUE GABRIEL N?1;;;;920
201400040338;14;3;26;755;1;2;1;1;6;49;230, DORMOY AVENUE MARX;;;;920
201400040339;14;3;28;1625;1;2;2;1;6;49;VERDIER AVENUE AUTRES N?;;;;920
201400040340;14;3;30;1125;1;2;4;1;2;49;JAURES AV. JEAN N?1 A 51;;;;920
201400040341;14;4;3;1515;1;2;1;1;6;49;118, JAURES AVENUE JEAN;;;;920
201400040342;14;4;9;855;1;2;1;1;3;20;104, LIBERTE BOULEVARD D;;;;920
201400040343;14;4;10;900;1;2;1;1;3;20;140, REPUBLIQUE AV. AUTR;;;;920
201400040344;14;4;10;1310;1;2;1;1;6;49;177, BROSSOLETTE AVENUE;;;;920
201400040345;14;4;11;1430;1;2;1;1;6;49;43, REPUBLIQUE AVENUE DE;;;;920
201400040346;14;4;12;1135;1;2;2;1;3;20;ESTIENNE D'ORVES RUE D';;;;920
201400040347;14;4;13;1410;1;2;1;1;3;20;157, REPUBLIQUE AV. AUTR;;;;920
201400040348;14;4;18;1955;1;2;2;1;3;49;BROSSOLETTE AVENUE PIERR;;;;920
201400040349;14;4;22;1745;1;2;1;2;6;49;43, BROSSOLETTE AVENUE P;;;;920
201400040350;14;4;22;1755;1;2;1;1;4;49;55, BROSSOLETTE AVENUE P;;;;920
201400040351;14;4;26;125;5;2;1;1;2;49;50, BROSSOLETTE AVENUE P;;;;920
201400040352;14;4;29;1800;1;2;1;1;4;49;86, GINOUX AV. HENRI N?1;;;;920
201400040353;14;5;2;1510;1;2;1;2;6;49;68, BRIAND AVENUE ARISTI;;;;920
201400040354;14;5;5;1450;1;2;2;1;3;20;SAMPAIX RUE LUCIEN;;;;920
201400040355;14;5;16;855;1;2;3;1;6;49;BRIAND AVENUE ARISTIDE A;;;;920
201400040356;14;5;16;1455;1;2;2;1;3;49;BROSSOLETTE AVENUE PIERR;;;;920
201400040357;14;5;16;2120;2;2;2;1;3;49;144, REPUBLIQUE AVENUE D;;;;920
201400040358;14;5;17;200;5;2;1;1;2;49;123, BRIAND AVENUE ARIST;;;;920
201400040359;14;5;17;1630;1;2;2;1;3;20;FONTENAY RUE DE AUTRES N;;;;920
201400040360;14;5;19;1100;1;2;1;1;6;20;9, PARIS AVENUE DE N? IM;;;;920
201400040361;14;5;22;700;1;2;1;1;1;20;94, PARIS AVENUE DE N?84;;;;920
201400040362;14;5;26;1205;1;2;3;2;6;49;VERDIER AVENUE AUTRES N?;;;;920
201400040363;14;5;30;1550;1;2;1;1;6;20;184, PARIS AVENUE DE N?8;;;;920
201400040364;14;6;1;1705;1;2;1;1;3;20;55, VANVES BOULEVARD N?;;;;920
201400040365;14;6;3;1635;1;2;1;1;6;49;5, PERI RUE GABRIEL N?1;;;;920
201400040366;14;6;5;2105;2;2;2;1;3;49;REPUBLIQUE AVENUE DE LA;;;;920
201400040367;14;6;6;745;1;2;1;1;3;49;33, REPUBLIQUE AVENUE DE;;;;920
201400040368;14;6;7;1530;1;2;1;1;6;49;84, REPUBLIQUE AVENUE DE;;;;920
201400040369;14;6;8;25;5;2;1;1;2;49;JAURES PLACE JEAN;;;;920
201400040370;14;6;12;920;1;2;2;1;3;20;VERDUN AVENUE DE AUTRES;;;;920
201400040371;14;6;13;2340;5;2;2;1;4;49;59, BRIAND AVENUE ARISTI;;;;920
201400040372;14;6;18;1920;1;2;1;1;3;49;49, REPUBLIQUE AVENUE DE;;;;920
201400040373;14;6;19;1450;1;2;1;1;6;49;57, BROSSOLETTE AVENUE P;;;;920
201400040374;14;6;20;2130;5;2;3;1;2;20;ESTIENNE D'ORVES RUE D';;;;920
201400040375;14;6;26;820;1;2;1;1;7;49;10, PERI RUE GABRIEL N?1;;;;920
201400040376;14;6;26;1820;1;2;1;1;6;20;72, BROSSOLETTE RUE PIER;;;;920
201400040377;14;6;26;2245;5;2;1;1;7;49;204, DORMOY AVENUE MARX;;;;920
201400040378;14;6;29;1540;1;2;1;1;2;49;BRIAND AVENUE ARISTIDE A;;;;920
201400040379;14;6;30;1800;1;2;1;1;3;49;41, REPUBLIQUE AVENUE DE;;;;920
201400040380;14;7;3;830;1;2;1;1;3;49;50, JAURES AV. JEAN N?1;;;;920
201400040381;14;7;3;1255;1;2;1;1;6;49;37, MULIN RUE HIPPOLYTE;;;;920
201400040382;14;7;3;1920;1;2;3;1;3;49;138, DORMOY AVENUE MARX;;;;920
201400040383;14;7;7;1940;1;2;1;2;6;49;22, BARBES RUE;;;;920
201400040384;14;7;10;340;5;2;6;2;6;49;JAURES PLACE JEAN;;;;920
201400040385;14;7;10;855;1;2;6;1;6;49;JAURES PLACE JEAN;;;;920
201400040386;14;7;10;835;1;2;1;3;3;20;166, REPUBLIQUE AV. AUTR;;;;920
201400040387;14;7;16;1005;1;2;1;1;6;20;130, LIBERTE BOULEVARD D;;;;920
201400040388;14;7;16;1215;1;2;7;1;2;20;62, VERDUN AVENUE DE AUT;;;;920
201400040389;14;7;16;1930;1;2;1;1;2;49;72, PERI RUE GABRIEL N?3;;;;920
201400040390;14;7;18;1640;1;1;1;1;6;49;68, REPUBLIQUE AVENUE DE;;;;920
201400040391;14;7;24;625;1;2;1;1;6;20;185, REPUBLIQUE AV. AUTR;;;;920
201400040392;14;7;25;600;1;2;1;1;1;20;142, VERDUN AVENUE DE AU;;;;920
201400040393;14;7;28;800;1;2;6;1;6;20;DIVISION LECLERC AVENUE;;;;920
201400040394;14;7;30;1225;1;2;2;1;1;49;28, CARVES RUE;;;;920
201400040395;14;8;1;2020;1;2;1;1;7;49;123, BROSSOLETTE AVENUE;;;;920
201400040396;14;8;3;1330;1;2;1;1;6;20;102, PARIS AVENUE DE N?8;;;;920
201400040397;14;8;4;1955;1;2;2;1;6;20;16, TIMBAUD RUE JEAN-PIE;;;;920
201400040398;14;8;8;926;1;2;1;2;6;49;93, REPUBLIQUE AVENUE DE;;;;920
201400040399;14;8;11;1845;1;2;1;2;6;20;1, EXUPERY AVENUE SAINT;;;;920
201400040400;14;8;21;745;1;2;4;1;6;49;ETATS UNIS PLACE DES;;;;920
201400040401;14;9;2;945;1;2;1;1;6;20;60, PARIS AVENUE DE N?2;;;;920
201400040402;14;9;4;1750;1;2;3;1;1;49;MULIN RUE HIPPOLYTE;;;;920
201400040403;14;9;6;1700;1;2;2;1;3;20;168, PAIX AVENUE DE LA;;;;920
201400040404;14;9;8;1255;1;2;2;1;3;49;VANNE RUE DE LA;;;;920
201400040405;14;9;10;1800;1;2;2;1;6;20;2, VANVES BOULEVARD N? I;;;;920
201400040406;14;9;12;755;1;2;2;1;3;49;BROSSOLETTE AVENUE PIERR;;;;920
201400040407;14;9;20;1540;1;2;2;1;3;49;79, BROSSOLETTE AVENUE P;;;;920
201400040408;14;9;26;1655;1;2;3;1;6;20;8, BAGNEUX RUE DE;;;;920
201400040409;14;9;27;1310;1;2;2;1;3;49;BROSSOLETTE AVENUE PIERR;;;;920
201400040410;14;10;7;650;5;2;1;2;3;49;6, PERI RUE GABRIEL N?1;;;;920
201400040411;14;10;8;945;1;2;3;3;6;20;8, BAGNEUX RUE DE;;;;920
201400040412;14;10;8;1425;1;2;2;1;3;20;PARIS AVENUE DE N? IMPAI;;;;920
201400040413;14;10;8;1830;1;2;2;2;3;49;GINOUX AVENUE HENRI AUTR;;;;920
201400040414;14;10;11;1630;1;2;1;1;6;20;10, LIBERTE BOULEVARD DE;;;;920
201400040415;14;10;13;1145;1;2;1;1;3;20;55, PARIS AVENUE DE N? I;;;;920
201400040416;14;10;18;1236;1;2;1;1;3;49;GINOUX AVENUE HENRI AUTR;;;;920
201400040417;14;10;20;820;1;2;2;1;6;20;58, DEFORGES RUE ETIENNE;;;;920
201400040418;14;10;21;640;5;2;2;1;1;49;BROSSOLETTE AVENUE PIERR;;;;920
201400040419;14;10;21;905;1;2;1;1;6;49;9 BIS, PERIER RUE N?1 A;;;;920
201400040420;14;10;23;1800;2;2;2;1;2;49;BARBES RUE;;;;920
201400040421;14;10;28;910;1;2;1;1;7;49;181, BROSSOLETTE AVENUE;;;;920
201400040422;14;10;29;830;1;2;1;1;6;20;103, PARIS AVENUE DE N?8;;;;920
201400040423;14;10;30;1055;1;2;1;1;7;49;45, VANNE RUE DE LA;;;;920
201400040424;14;11;3;825;1;2;1;8;3;49;106, JAURES AVENUE JEAN;;;;920
201400040425;14;11;4;850;1;2;1;1;3;20;39, LOUVEAU RUE;;;;920
201400040426;14;11;9;1325;1;2;1;1;3;49;107, ARNOUX AVENUE MAURI;;;;920
201400040427;14;11;11;1230;1;2;2;1;2;20;35, PERRIERE AVENUE CLEM;;;;920
201400040428;14;11;14;1905;2;2;2;1;7;49;GINOUX AVENUE HENRI AUTR;;;;920
201400040429;14;11;15;1410;1;2;1;1;2;49;103, DORMOY AVENUE MARX;;;;920
201400040430;14;11;16;1325;1;2;1;2;6;49;1, HUGO RUE VICTOR N?1 A;;;;920
201400040431;14;11;17;2100;5;2;1;2;3;49;43, REPUBLIQUE AVENUE DE;;;;920
201400040432;14;11;18;850;1;2;1;2;6;49;5, DE GAULLE BLD DU GENE;;;;920
201400040433;14;11;18;1945;5;2;1;2;3;49;212, DORMOY AVENUE MARX;;;;920
201400040434;14;11;22;1430;1;2;2;1;3;49;BROSSOLETTE AVENUE PIERR;;;;920
201400040435;14;11;23;1810;5;2;2;1;6;20;23, LIBERTE BOULEVARD DE;;;;920
201400040436;14;11;23;2040;5;2;1;1;2;20;38, VANVES BOULEVARD DE;;;;920
201400040437;14;11;24;917;1;2;1;2;2;49;11, PELLETAN RUE CAMILLE;;;;920
201400040438;14;11;27;850;1;2;1;1;6;49;56, PERI RUE GABRIEL N?3;;;;920
201400040439;14;11;27;1900;5;2;1;1;3;20;112, REPUBLIQUE AV. N?27;;;;920
201400040440;14;11;29;1720;2;2;1;1;6;20;3, STALINGRAD BOULEVARD;;;;920
201400040441;14;12;4;905;1;2;1;8;6;20;85, VERDUN AVENUE DE AUT;;;;920
201400040442;14;12;4;1410;1;2;1;8;1;20;60, DEFORGES RUE ETIENNE;;;;920
201400040443;14;12;4;1745;5;2;1;1;6;49;38, BRIAND AVENUE ARISTI;;;;920
201400040444;14;12;4;1800;5;2;1;1;6;49;79, BROSSOLETTE AVENUE P;;;;920
201400040445;14;12;5;1530;1;2;1;1;6;20;45, VERDUN AVENUE DE N?1;;;;920
201400040446;14;12;11;1800;5;2;1;1;6;20;52, VERDUN AVENUE DE AUT;;;;920
201400040447;14;12;11;1925;5;2;1;1;6;49;177, BROSSOLETTE AVENUE;;;;920
201400040448;14;12;12;1425;1;2;1;1;6;20;117, VANVES BOULEVARD N?;;;;920
201400040449;14;12;15;1443;5;2;1;2;6;20;103, PARIS AVENUE DE N?;;;;920
201400040450;14;12;23;1045;1;2;1;2;6;20;217-221, BROSSOLETTE RUE;;;;920
201400040451;14;12;24;810;1;2;4;3;6;20;FAURE BLD FELIX N?1 A 35;;;;920
201400040452;14;12;22;2330;5;2;2;1;6;49;ARNOUX AVENUE MAURICE AU;;;;920
201400040453;14;12;30;1205;1;2;6;1;6;20;144, REPUBLIQUE AV. N?27;;;;920
201400040454;14;3;11;430;1;2;1;1;6;20;98 RUE HENRI GINOUX;;;;920
201400040455;14;1;6;1045;1;2;1;8;6;50;ALLENDE SALVADOR RUE;;;;920
201400040456;14;1;7;1210;1;2;1;9;3;50;28, AGGLOMERES RUE DES;;;;920
201400040457;14;1;13;850;1;2;1;8;2;50;FRACHON BENOIT AVENUE;;;;920
201400040458;14;1;10;1340;1;2;1;8;1;50;65, PICASSO PABLO AVENUE;;;;920
201400040459;14;1;20;1310;1;2;1;2;4;50;387, REPUBLIQUE AVENUE D;;;;920
201400040460;14;1;21;825;1;2;4;8;6;50;125, CLEMENCEAU GEORGES;;;;920
201400040461;14;1;29;1230;1;2;1;1;6;50;ARAGO FRANCOIS AVENUE;;;;920
201400040462;14;2;6;1900;5;2;1;1;4;50;34, VAILLANT COUTURIER P;;;;920
201400040463;14;2;7;1805;2;2;1;1;3;50;CROIZAT AMBROISE MAIL;;;;920
201400040464;14;2;7;1225;1;2;3;1;3;50;PASCAL BLAISE BOULEVARD;;;;920
201400040465;14;2;10;1920;5;2;1;1;3;50;GARENNE RUE DE LA;;;;920
201400040466;14;2;12;1825;5;2;1;3;3;50;55, PICASSO PABLO AVENUE;;;;920
201400040467;14;2;20;1155;1;2;2;2;7;50;n?ant, STALINGRAD RUE DE;;;;920
201400040468;14;2;20;2035;5;2;2;1;3;50;THOREZ MAURICE RUE;;;;920
201400040469;14;2;24;1255;1;2;1;1;3;50;54, CLEMENCEAU GEORGES A;;;;920
201400040470;14;2;26;1335;1;2;1;1;2;50;33, PROVINCES FRANCAISES;;;;920
201400040471;14;3;3;1205;1;2;2;2;1;50;CLEMENCEAU GEORGES AVENU;;;;920
201400040472;14;3;3;900;1;2;2;2;6;50;RASPAIL FRANCOIS-VINCENT;;;;920
201400040473;14;3;6;1005;1;2;1;7;6;50;FONTANOT RUE DES TROIS;;;;920
201400040474;14;3;11;1900;5;1;1;8;2;50;DEFENSE BOULEVARD DE LA;;;;920
201400040475;14;3;13;2005;5;2;3;9;1;50;BOILEAU RUE;;;;920
201400040476;14;3;11;1403;1;2;1;1;2;50;154, VAILLANT COUTURIER;;;;920
201400040477;14;3;14;1345;1;2;3;1;3;50;0000000000, RD 914;;;;920
201400040478;14;3;17;20;5;2;2;1;3;50;PROVINCES FRANCAISES BD;;;;920
201400040479;14;3;10;905;1;2;1;9;6;50;379, REPUBLIQUE AVENUE D;;;;920
201400040480;14;3;22;1508;1;2;1;7;2;50;20, LIBERTE AVENUE DE LA;;;;920
201400040481;14;3;23;1520;1;2;1;2;6;50;14, JOFFRE MARECHAL AVEN;;;;920
201400040482;14;3;26;620;2;2;2;8;6;50;176, SURESNES RUE DE;;;;920
201400040483;14;3;26;1735;1;2;1;9;7;50;97, LECLERC GENERAL AVEN;;;;920
201400040484;14;3;26;1930;2;2;1;9;2;50;265, CLEMENCEAU GEORGES;;;;920
201400040485;14;3;28;1830;1;2;3;9;4;50;REPUBLIQUE AVENUE DE LA;;;;920
201400040486;14;3;31;1710;1;2;1;9;6;50;272, CLEMENCEAU GEORGES;;;;920
201400040487;14;4;1;1610;1;2;1;9;2;50;34, JOFFRE MARECHAL AVEN;;;;920
201400040488;14;4;8;1020;1;2;1;9;2;50;DEFENSE BOULEVARD DE LA;;;;920
201400040489;14;4;11;1545;1;2;1;1;6;50;50, SARTROUVILLE RUE DE;;;;920
201400040490;14;4;14;1215;1;2;3;9;6;50;LAMARTINE RUE;;;;920
201400040491;14;4;16;1025;1;2;3;7;3;50;QUENTIN JULES AVENUE;;;;920
201400040492;14;4;24;1120;1;2;6;9;6;50;SAINT CLOUD RUE DE;;;;920
201400040493;14;4;27;2200;5;2;1;1;3;50;LENINE VLADIMIR ILITCH A;;;;920
201400040494;14;4;30;1105;1;2;1;9;7;50;ARAGO FRANCOIS AVENUE;;;;920
201400040495;14;5;2;915;1;2;2;8;3;50;JOILIOT CURIE F. ET IREN;;;;920
201400040496;14;5;3;1530;1;2;1;2;3;50;83, JOILIOT CURIE F. ET;;;;920
201400040497;14;5;3;1345;1;2;3;7;3;50;CLEMENCEAU GEORGES AVENU;;;;920
201400040498;14;5;5;950;1;2;1;9;3;50;47, HAVRE BOULEVARD DU;;;;920
201400040499;14;5;6;1455;1;2;2;9;6;50;GALLIENI GENERAL AVENUE;;;;920
201400040500;14;5;9;2150;5;2;1;1;3;50;JOLIOT CURIE F. ET IRENE;;;;920
201400040501;14;5;9;900;1;2;2;9;5;50;PREMIER MAI RUE DU;;;;920
201400040502;14;4;15;1820;1;1;1;7;6;50;0000000000,  Route Natio;;;;920
201400040503;14;5;16;745;1;2;2;1;3;50;neant, CHATOU ROUTE DE;;;;920
201400040504;14;5;10;58;5;2;2;1;3;50;PLACE NELSON MANDELA;;;;920
201400040505;14;5;11;100;5;2;1;9;7;50;A86 sortie;;;;920
201400040506;14;5;14;1710;1;2;3;9;3;50;LECUYER LOUIS RUE;;;;920
201400040507;14;5;14;1810;1;2;3;9;3;50;JOFFRE MARECHAL AVENUE D;;;;920
201400040508;14;5;14;1930;1;2;1;7;6;50;21, PICASSO PABLO AVENUE;;;;920
201400040509;14;5;15;1745;1;2;1;9;1;50;2, SORBIERS RUE DES;;;;920
201400040510;14;5;16;1600;1;2;3;7;3;50;JOILIOT CURIE F. ET IREN;;;;920
201400040511;14;5;17;845;1;2;3;9;6;50;CROIX RUE DE LA;;;;920
201400040512;14;5;18;1300;1;2;1;9;3;50;DEFENSE BOULEVARD DE LA;;;;920
201400040513;14;5;20;705;1;2;6;9;3;50;BOULE PLACE DE LA;;;;920
201400040514;14;5;23;1840;1;2;1;9;3;50;40, SURESNES RUE DE;;;;920
201400040515;14;5;27;1500;1;2;1;9;6;50;74, PICASSO PABLO AVENUE;;;;920
201400040516;14;6;3;1240;1;2;1;8;6;50;154, CLEMENCEAU GEORGES;;;;920
201400040517;14;6;6;930;1;2;6;9;2;50;21, PICASSO PABLO AVENUE;;;;920
201400040518;14;6;6;1445;1;2;1;9;1;50;49, PONS NOEL RUE;;;;920
201400040519;14;6;6;1735;1;2;1;9;3;50;151, PICASSO PABLO AVENU;;;;920
201400040520;14;6;21;1240;1;2;1;1;3;50;n?ant, HAVRE BOULEVARD D;;;;920
201400040521;14;6;12;1810;1;2;1;1;4;50;HAUTES PATURES RUE DES;;;;920
201400040522;14;6;13;1140;1;2;1;1;7;50;9, GARCHES RUE DE;;;;920
201400040523;14;6;14;1500;1;2;1;1;6;50;20, PAQUERETTES RUE DES;;;;920
201400040524;14;6;24;1445;1;2;1;1;6;50;8, JOFFRE MARECHAL AVENU;;;;920
201400040525;14;6;26;1130;1;2;1;1;6;50;334, REPUBLIQUE AVENUE D;;;;920
201400040526;14;6;17;845;1;2;1;1;7;50;47, CROIX RUE DE LA;;;;920
201400040527;14;6;30;1540;1;2;6;9;6;50;GAMBETTA RUE;;;;920
201400040528;14;7;4;1750;1;2;1;1;3;50;47, JOFFRE MARECHAL AVEN;;;;920
201400040529;14;7;9;1930;1;1;1;3;3;50;0000000000, RD 914;;;;920
201400040530;14;7;11;1520;1;2;1;1;2;50;93, JOLIOT CURIE F. ET I;;;;920
201400040531;14;7;15;1515;1;2;3;8;1;50;0000000000, JOFFRE MAREC;;;;920
201400040532;14;7;21;1910;1;2;1;1;2;50;0000000000, FRACHON BENO;;;;920
201400040533;14;7;18;940;1;2;1;1;2;50;0000000000, FRACHON BENO;;;;920
201400040534;14;7;18;1410;1;2;3;1;3;50;SARTROUVILLE RUE DE;;;;920
201400040535;14;7;18;1410;1;2;3;1;7;50;0000000000, BOULE PLACE;;;;920
201400040536;14;7;22;1725;1;2;1;1;2;50;BOULE PLACE DE LA;;;;920
201400040537;14;7;24;105;5;2;1;9;6;50;49, PONS NOEL RUE;;;;920
201400040538;14;7;28;750;1;2;1;9;3;50;67, LENINE VLADIMIR ILIT;;;;920
201400040539;14;7;30;1830;1;2;3;1;3;50;VAILLANT COUTURIER PAUL;;;;920
201400040540;14;7;30;1900;1;2;3;7;3;50;SURESNES RUE DE;;;;920
201400040541;14;8;2;955;1;2;1;1;7;50;CLEMENCEAU GEORGES AVENU;;;;920
201400040542;14;8;19;345;5;2;1;9;7;50;RD 914;;;;920
201400040543;14;8;23;310;5;2;1;2;7;50;22, LECLERC GENERAL AVEN;;;;920
201400040544;14;8;28;1350;1;2;1;1;2;50;FUSILLES DE LA RESISTANC;;;;920
201400040545;14;8;11;2040;1;2;1;9;2;50;0000000000, PICASSO PABL;;;;920
201400040546;14;9;3;1420;1;2;2;9;3;50;SURESNES RUE DE;;;;920
201400040547;14;9;15;1750;1;2;1;9;1;50;54, CHAMPS PIERREUX AVEN;;;;920