num_acc;an;mois;jour;hrmn;lum;agg;int;atm;col;com;adr;gps;lat;long;dep
201400040548;14;9;17;1835;1;2;1;7;6;50;182, CLEMENCEAU GEORGES;;;;920
201400040549;14;9;19;1155;1;2;1;1;6;50;33, PROVINCES FRANCAISES;;;;920
201400040550;14;9;19;1015;1;2;1;1;2;50;235, CLEMENCEAU GEORGES;;;;920
201400040551;14;9;19;2100;5;2;1;1;6;50;190, REPUBLIQUE AVENUE D;;;;920
201400040552;14;9;20;210;5;2;1;9;6;50;GARE RUE DE LA;;;;920
201400040553;14;9;25;1320;1;2;2;9;3;50;MUGUETS PLACE DES;;;;920
201400040554;14;9;24;2020;1;2;1;2;6;50;77, STALINGRAD RUE DE;;;;920
201400040555;14;10;2;1400;1;2;4;1;3;50;, LEVANT BOULEVARD DU;;;;920
201400040556;14;9;30;1;5;2;1;8;3;50;RD 914;;;;920
201400040557;14;10;2;1120;1;2;3;1;2;50;DEFENSE BOULEVARD DE LA;;;;920
201400040558;14;10;2;1530;1;2;1;2;7;50;BOUVETS BOULEVARD DES;;;;920
201400040559;14;10;9;1545;1;2;1;1;4;50;85, JOLIOT CURIE F. ET I;;;;920
201400040560;14;10;10;1210;1;2;1;9;2;50;93, LENINE VLADIMIR ILIT;;;;920
201400040561;14;10;10;730;1;2;1;9;6;50;CLEMENCEAU GEORGES AVENU;;;;920
201400040562;14;10;15;2220;5;2;1;1;1;50;13, UNION RUE DE L';;;;920
201400040563;14;10;19;1335;1;2;3;9;2;50;345, VAILLANT COUTURIER;;;;920
201400040564;14;10;26;340;5;2;1;1;2;50;ARAGO FRANCOIS AVENUE;;;;920
201400040565;14;10;26;1750;1;2;3;9;3;50;STALINGRAD RUE DE;;;;920
201400040566;14;10;28;1635;1;2;1;9;6;50;65, THOREZ MAURICE RUE;;;;920
201400040567;14;10;29;935;1;2;3;8;6;50;62, FONTANOT RUE DES TRO;;;;920
201400040568;14;10;30;1240;1;2;3;9;6;50;81, JOFFRE MARECHAL AVEN;;;;920
201400040569;14;10;31;1710;2;2;1;1;2;50;CLEMENCEAU GEORGES AVENU;;;;920
201400040570;14;10;29;930;1;2;1;2;1;50;n?ant, BOUVETS BOULEVARD;;;;920
201400040571;14;11;3;1800;5;2;2;3;6;50;ARAGO FRANCOIS AVENUE;;;;920
201400040572;14;10;30;1530;1;2;1;1;1;50;1, PONS NOEL RUE;;;;920
201400040573;14;11;4;1945;5;2;1;9;3;50;22 A, SADI CARNOT RUE;;;;920
201400040574;14;9;27;2100;5;2;1;9;7;50;neant, JOFFRE MARECHAL A;;;;920
201400040575;14;9;11;110;1;2;1;1;2;50;n?ant, BAILLET JEAN RUE;;;;920
201400040576;14;11;12;1940;5;2;4;9;6;50;379, REPUBLIQUE AVENUE D;;;;920
201400040577;14;9;17;1920;2;2;1;1;3;50;77, PICASSO PABLO AVENUE;;;;920
201400040578;14;11;17;1815;5;2;2;2;6;50;NEANT, CLEMENCEAU GEORGE;;;;920
201400040579;14;11;18;1845;5;2;1;2;3;50;38, JOFFRE MARECHAL AVEN;;;;920
201400040580;14;10;29;2045;5;2;1;1;1;50;NEANT, VAILLANT COUTURIE;;;;920
201400040581;14;11;20;1755;5;2;2;2;6;50;SEINE BOULEVARD DE;;;;920
201400040582;14;11;22;2215;5;2;3;1;2;50;, PROVINCES FRANCAISES B;;;;920
201400040583;14;11;30;1940;5;2;3;2;7;50;PONS NOEL RUE;;;;920
201400040584;14;11;28;855;1;2;3;9;3;50;88, CLEMENCEAU GEORGES A;;;;920
201400040585;14;11;28;1815;5;2;1;9;6;50;22, STALINGRAD RUE DE;;;;920
201400040586;14;12;1;2200;5;2;6;2;3;50;BOULE PLACE DE LA;;;;920
201400040587;14;10;17;1400;1;2;1;9;2;50;45, NEUILLY RUE DE;;;;920
201400040588;14;12;2;1400;1;2;1;9;6;50;STALINGRAD RUE DE;;;;920
201400040589;14;12;9;1125;1;2;6;1;6;50;SAINT CLOUD RUE DE;;;;920
201400040590;14;12;9;1720;5;2;1;1;3;50;16, LAVOISIER RUE;;;;920
201400040591;14;12;16;900;1;2;1;8;3;50;GARCHES RUE DE;;;;920
201400040592;14;12;11;1405;1;2;3;8;6;50;ANCIENNES MAIRIES RUE DE;;;;920
201400040593;14;12;17;410;5;2;1;3;6;50;boulevard Aim? C?saire;;;;920
201400040594;14;12;15;1210;1;2;2;1;2;50;HAVRE BOULEVARD DU;;;;920
201400040595;14;12;10;1305;1;2;2;1;1;50;PONS NOEL RUE;;;;920
201400040596;14;12;24;1420;1;2;1;1;1;50;60, BARBUSSE HENRI RUE;;;;920
201400040597;14;12;31;1945;5;2;1;1;6;50;215, CLEMENCEAU GEORGES;;;;920
201400040598;14;1;6;840;1;2;1;1;3;51;101, LONGCHAMP (RUE DE);;;;920
201400040599;14;1;7;1620;1;2;1;1;4;51;70, MAURICE BARRES (BOUL;;;;920
201400040600;14;1;8;1440;1;2;2;1;3;51;135, ACHILLE PERETTI (AV;;;;920
201400040601;14;2;28;940;1;2;1;1;2;51;26, GARNIER (RUE);;;;920
201400040602;14;12;11;1400;1;2;1;1;2;51;127, CHARLES DE GAULLE (;;;;920
201400040603;14;12;13;1610;1;2;1;2;2;51;133, CHARLES DE GAULLE (;;;;920
201400040604;14;1;17;2010;5;2;1;1;6;51;03, GENERAL KOENIG (BOUL;;;;920
201400040605;14;1;18;1610;1;2;1;1;6;51;168, CHARLES DE GAULLE (;;;;920
201400040606;14;1;19;1925;5;2;1;1;6;51;136 bis, CHARLES DE GAUL;;;;920
201400040607;14;1;15;950;1;2;2;1;7;51;81, BINEAU (BOULEVARD, N;;;;920
201400040608;14;2;3;1220;1;2;1;1;6;51;159, CHARLES DE GAULLE (;;;;920
201400040609;14;2;2;1425;1;2;1;1;6;51;16bis, SOYER (RUE);;;;920
201400040610;14;2;3;1410;1;2;1;1;2;51;58, CHARLES DE GAULLE (A;;;;920
201400040611;14;2;4;1145;1;2;2;1;3;51;BINEAU (BOULEVARD, N?53;;;;920
201400040612;14;2;7;1230;1;2;1;1;6;51;27, VICTOR HUGO (BOULEVA;;;;920
201400040613;14;2;10;1740;1;2;1;1;6;51;96, GENERAL KOENIG (BOUL;;;;920
201400040614;14;1;28;1715;2;2;1;2;6;51;56, ROULE (AVENUE DU, N?;;;;920
201400040615;14;2;11;1800;2;2;1;2;6;51;96 bis, ACHILLE PERETTI;;;;920
201400040616;14;2;12;1745;2;2;1;3;2;51;207, ACHILLE PERETTI (AV;;;;920
201400040617;14;2;9;2020;5;2;1;8;6;51;42, ROULE (AVENUE DU, N?;;;;920
201400040618;14;2;10;1045;1;2;1;1;7;51;42, ROULE (AVENUE DU, N?;;;;920
201400040619;14;2;14;1755;2;2;2;1;6;51;16 bis, MADRID (AVENUE D;;;;920
201400040620;14;2;24;900;1;2;2;1;6;51;15, JEAN MERMOZ (BOULEVA;;;;920
201400040621;14;2;22;1755;1;2;1;1;3;51;07, MADRID (AVENUE DE);;;;920
201400040622;14;2;28;1625;1;2;1;2;2;51;21, RICHARD WALLACE (BOU;;;;920
201400040623;14;3;4;855;1;2;2;1;6;51;41, VICTOR HUGO (BOULEVA;;;;920
201400040624;14;3;5;930;1;2;2;1;3;51;81, BINEAU (BOULEVARD, N;;;;920
201400040625;14;3;6;1305;1;2;2;1;6;51;71, ROULE (AVENUE DU, N?;;;;920
201400040626;14;3;8;1550;1;2;1;1;6;51;135, CHARLES DE GAULLE (;;;;920
201400040627;14;2;5;1338;1;2;2;1;3;51;191, ACHILLE PERETTI (AV;;;;920
201400040628;14;3;10;940;1;2;1;1;7;51;40, ARGENSON (BOULEVARD,;;;;920
201400040629;14;3;11;1330;1;2;1;1;3;51;12, MADRID (AVENUE DE);;;;920
201400040630;14;3;11;1530;1;2;1;1;3;51;75, JACQUES DULUD (RUE);;;;920
201400040631;14;4;25;710;2;2;1;3;6;51;65, CHATEAU (BOULEVARD D;;;;920
201400040632;14;3;18;930;1;2;1;1;3;51;29-31, CHARLES DE GAULLE;;;;920
201400040633;14;3;21;1640;1;2;1;1;1;51;27, VICTOR HUGO (BOULEVA;;;;920
201400040634;14;3;25;1000;1;2;1;2;1;51;70, MAURICE BARRES (BOUL;;;;920
201400040635;14;4;1;1005;1;2;6;1;3;51;86, ROULE (AVENUE DU, N?;;;;920
201400040636;14;4;1;1250;1;2;1;1;6;51;43, ARGENSON (BOULEVARD,;;;;920
201400040637;14;4;2;2030;5;2;1;1;2;51;92, ROULE (AVENUE DU, N?;;;;920
201400040638;14;4;5;1515;1;2;1;1;2;51;47, CHARLES DE GAULLE (A;;;;920
201400040639;14;4;5;1540;1;2;6;1;1;51;7, SAUSSAYE (BOULEVARD D;;;;920
201400040640;14;4;1;1945;1;2;1;1;7;51;44, CHARLES DE GAULLE (A;;;;920
201400040641;14;4;9;1010;1;2;1;1;6;51;48, CHARLES DE GAULLE (A;;;;920
201400040642;14;4;14;1915;1;2;2;1;3;51;13, INKERMANN (BOULEVARD;;;;920
201400040643;14;4;22;2055;2;2;1;1;6;51;45bis, COMMANDANT CHARCO;;;;920
201400040644;14;4;26;140;5;2;1;1;6;51;79, GENERAL KOENIG (BOUL;;;;920
201400040645;14;4;26;250;5;2;1;1;1;51;60, CHARLES DE GAULLE (A;;;;920
201400040646;14;3;18;1400;1;2;1;1;6;51;04, CHATEAU (BOULEVARD D;;;;920
201400040647;14;4;7;2300;5;1;3;1;3;51;68, ROULE (AVENUE DU, N?;;;;920
201400040648;14;4;5;2005;5;2;1;1;6;51;113, GENERAL KOENIG (BOU;;;;920
201400040649;14;5;9;2210;2;2;1;1;2;51;112, CHARLES DE GAULLE (;;;;920
201400040650;14;5;15;1425;1;2;1;1;2;51;17, RICHARD WALLACE (BOU;;;;920
201400040651;14;5;15;1555;1;2;2;1;6;51;15, ACHILLE PERETTI (AVE;;;;920
201400040652;14;5;16;945;1;2;5;1;6;51;54, BINEAU (BOULEVARD, N;;;;920
201400040653;14;5;21;930;1;2;2;2;3;51;55, VICTOR HUGO (BOULEVA;;;;920
201400040654;14;5;25;150;5;2;2;2;7;51;42, CHATEAU (BOULEVARD D;;;;920
201400040655;14;5;27;1855;1;2;3;1;3;51;16, GENERAL LECLERC (BOU;;;;920
201400040656;14;5;29;1420;1;2;1;1;6;51;36, CHARLES DE GAULLE (A;;;;920
201400040657;14;6;4;1020;1;2;2;2;3;51;5, RICHARD WALLACE (BOUL;;;;920
201400040658;14;4;17;2235;5;2;1;1;7;51;8bis, JULIEN POTIN (BOUL;;;;920
201400040659;14;5;17;1830;1;2;1;1;6;51;13, VICTOR HUGO (BOULEVA;;;;920
201400040660;14;6;11;905;1;2;1;1;6;51;62 bis, CHARLES DE GAULL;;;;920
201400040661;14;5;14;1210;1;2;3;1;6;51;5, RICHARD WALLACE (BOUL;;;;920
201400040662;14;6;13;1530;1;2;1;1;2;51;45, GENERAL LECLERC (BOU;;;;920
201400040663;14;6;14;1200;1;2;1;1;6;51;12 bis, SOYER (RUE);;;;920
201400040664;14;6;16;1420;1;2;1;1;2;51;106, ACHILLE PERETTI (AV;;;;920
201400040665;14;6;6;2251;5;2;2;1;3;51;59, PERRONET (RUE, N?1 A;;;;920
201400040666;14;6;17;900;1;2;3;1;3;51;200, BINEAU (BOULEVARD,;;;;920
201400040667;14;6;17;1650;1;2;2;1;6;51;33, ARGENSON (BOULEVARD,;;;;920
201400040668;14;6;20;1050;1;2;1;1;4;51;81, CHARLES DE GAULLE (A;;;;920
201400040669;14;6;20;1845;1;2;1;1;6;51;17, RICHARD WALLACE (BOU;;;;920
201400040670;14;6;6;1330;1;2;1;1;7;51;73, CHARLES DE GAULLE (A;;;;920
201400040671;14;6;19;1253;1;2;1;1;6;51;91, CHARLES DE GAULLE (A;;;;920
201400040672;14;6;15;35;5;2;1;1;7;51;46 bis, CHARLES DE GAULL;;;;920
201400040673;14;6;23;1355;1;2;1;1;2;51;50, CHARLES DE GAULLE (A;;;;920
201400040674;14;6;22;2200;2;2;1;1;6;51;158, CHARLES DE GAULLE (;;;;920
201400040675;14;6;23;2020;1;2;1;1;6;51;24, CHARTRES (RUE DE );;;;920
201400040676;14;6;26;920;1;2;1;1;3;51;189, BINEAU (BOULEVARD,;;;;920
201400040677;14;6;12;1730;1;2;1;1;6;51;16, HUISSIERS (RUE DES);;;;920
201400040678;14;7;1;2000;1;2;2;7;6;51;22, ANCELLE (RUE);;;;920
201400040679;14;7;3;920;1;2;1;1;6;51;41, GENERAL LECLERC (BOU;;;;920
201400040680;14;7;3;2010;1;2;1;1;6;51;83, LONGCHAMP (RUE DE);;;;920
201400040681;14;7;4;1845;1;2;1;8;2;51;61, CHARLES DE GAULLE (A;;;;920
201400040682;14;7;4;920;1;2;1;1;3;51;52, PERRONET (RUE, N?1 A;;;;920
201400040683;14;7;14;950;1;2;1;8;3;51;5, RICHARD WALLACE (BOUL;;;;920
201400040684;14;7;17;1655;1;2;1;1;3;51;3, RICHARD WALLACE (BOUL;;;;920
201400040685;14;7;18;1110;1;2;3;1;6;51;2, HOTEL DE VILLE (RUE D;;;;920
201400040686;14;7;21;1225;1;2;3;1;3;51;03, RICHARD WALLACE (BOU;;;;920
201400040687;14;6;19;1850;1;2;1;1;5;51;50, CHARLES DE GAULLE (A;;;;920
201400040688;14;7;27;1040;1;2;3;1;3;51;1, MARINE (RUE DE LA);;;;920
201400040689;14;7;30;1850;1;2;1;1;2;51;57, CHARLES DE GAULLE (A;;;;920
201400040690;14;3;16;335;5;2;1;1;5;51;44, CHARLES DE GAULLE (A;;;;920
201400040691;14;7;30;1920;1;2;2;1;2;51;54, INKERMANN (BOULEVARD;;;;920
201400040692;14;7;7;720;1;2;1;1;3;51;113, CHARLES DE GAULLE (;;;;920
201400040693;14;8;8;1100;1;2;2;2;3;51;81, BINEAU (BOULEVARD, N;;;;920
201400040694;14;8;9;1745;1;2;3;1;6;51;75, GENERAL KOENIG (BOUL;;;;920
201400040695;14;8;10;1235;1;2;1;1;6;51;18, MARCHE (PLACE DU);;;;920
201400040696;14;8;27;1425;1;2;3;1;3;51;135, ACHILLE PERETTI (AV;;;;920
201400040697;14;9;3;1240;1;2;1;1;6;51;6, SOYER (RUE);;;;920
201400040698;14;9;17;1655;1;2;1;1;3;51;92, BINEAU (BOULEVARD, N;;;;920
201400040699;14;9;18;830;1;2;1;1;2;51;BINEAU (BOULEVARD, N?133;;;;920
201400040700;14;9;25;1700;1;2;1;1;3;51;11bis, MADRID (AVENUE DE;;;;920
201400040701;14;9;23;1310;1;2;1;1;6;51;166, ACHILLE PERETTI (AV;;;;920
201400040702;14;9;29;1445;1;2;1;1;7;51;62, GENERAL LECLERC (BOU;;;;920
201400040703;14;10;6;2220;5;2;6;2;6;51;57, ROULE (AVENUE DU, N?;;;;920
201400040704;14;10;7;910;1;2;1;1;6;51;05, RICHARD WALLACE (BOU;;;;920
201400040705;14;10;8;1210;1;2;1;8;6;51;114, BINEAU (BOULEVARD,;;;;920
201400040706;14;10;12;2005;5;2;1;2;7;51;7, GARNIER (RUE);;;;920
201400040707;14;10;14;1040;1;2;1;1;3;51;25, VICTOR HUGO (BOULEVA;;;;920
201400040708;14;10;15;840;1;2;1;1;6;51;46bis, CHARLES DE GAULLE;;;;920
201400040709;14;10;15;1635;1;2;1;2;3;51;61, VICTOR HUGO (BOULEVA;;;;920
201400040710;14;10;15;1733;1;2;1;1;6;51;54, CHARLES DE GAULLE (A;;;;920
201400040711;14;10;16;825;1;2;1;1;6;51;94 bis, LONGCHAMP (RUE D;;;;920
201400040712;14;10;16;1605;1;2;9;1;7;51;SAUSSAYE (RUE DE LA);;;;920
201400040713;14;10;17;2105;5;2;2;1;5;51;36, VICTOR HUGO (BOULEVA;;;;920
201400040714;14;10;18;1250;1;2;1;1;3;51;11BIS, MADRID (AVENUE DE;;;;920
201400040715;14;10;19;410;5;2;1;1;6;51;120, BINEAU (BOULEVARD,;;;;920
201400040716;14;10;18;1300;1;2;2;1;7;51;BINEAU (BOULEVARD, N?133;;;;920
201400040717;14;10;21;1020;1;2;1;1;3;51;73, COMMANDANT CHARCOT (;;;;920
201400040718;14;10;24;1745;2;2;1;2;6;51;41, VILLIERS (RUE DE, N?;;;;920
201400040719;14;10;29;1855;5;2;1;1;6;51;28, PARMENTIER (RUE);;;;920
201400040720;14;10;30;940;1;2;3;1;3;51;136, CHARLES DE GAULLE (;;;;920
201400040721;14;11;2;950;1;2;3;1;3;51;105, ACHILLE PERETTI (AV;;;;920
201400040722;14;10;27;1035;1;2;1;1;7;51;5, JACQUES DULUD (RUE);;;;920
201400040723;14;11;5;2030;5;2;1;1;2;51;42, GENERAL KOENIG (BOUL;;;;920
201400040724;14;11;9;1550;1;2;6;1;3;51;ARGENSON (BOULEVARD, N?;;;;920
201400040725;14;11;21;820;1;2;1;1;2;51;112, CHARLES DE GAULLE (;;;;920
201400040726;14;11;17;1000;1;2;1;1;3;51;156, BINEAU (BOULEVARD,;;;;920
201400040727;14;11;26;1045;1;2;1;1;6;51;09bis, RICHARD WALLACE (;;;;920
201400040728;14;11;29;1825;2;2;1;1;1;51;36, GENERAL LECLERC (BOU;;;;920
201400040729;14;11;29;1305;1;2;2;1;7;51;BINEAU (BOULEVARD, N?133;;;;920
201400040730;14;12;2;1730;5;2;1;8;2;51;204, BINEAU (BOULEVARD,;;;;920
201400040731;14;12;3;1505;1;2;3;1;5;51;103, ROULE (AVENUE DU, N;;;;920
201400040732;14;11;18;2040;5;2;6;8;2;51;166, CHARLES DE GAULLE (;;;;920
201400040733;14;12;12;1915;5;2;3;2;6;51;10, JEAN MERMOZ (BOULEVA;;;;920
201400040734;14;12;17;2320;5;2;2;2;7;51;182, BINEAU (BOULEVARD,;;;;920
201400040735;14;12;19;940;1;2;1;1;3;51;12, GARNIER (RUE);;;;920
201400040736;14;12;16;2340;5;2;2;1;3;51;RICHARD WALLACE (BOULEVA;;;;920
201400040737;14;12;23;1345;1;2;2;1;6;51;22, JEAN MERMOZ (BOULEVA;;;;920
201400040738;14;12;31;815;1;2;2;1;6;51;CHATEAU (BOULEVARD DU);;;;920
201400040739;14;1;12;1305;1;2;3;8;3;62;1, BERGERES RD-PT DES) D;;;;920
201400040740;14;1;13;850;1;2;3;8;6;62;61, JAURES (RUE JEAN) DU;;;;920
201400040741;14;1;14;940;1;2;1;8;3;62;27, DE DION BOUTON (QUAI;;;;920
201400040742;14;1;15;1507;1;2;1;1;6;62;33, VOLTAIRE (RUE);;;;920
201400040743;14;1;25;1720;2;2;1;1;6;62;31-33, WALLACE (BD RICHA;;;;920
201400040744;14;1;28;1505;1;1;3;1;2;62;67, DE DION BOUTON (QUAI;;;;920
201400040745;14;2;9;2345;5;2;3;1;1;62;2, BAS-ROGERS (RUE DES);;;;920
201400040746;14;2;12;1720;5;2;1;3;6;62;145 bis, REPUBLIQUE (RUE;;;;920
201400040747;14;2;19;1430;1;2;1;1;6;62;14, all?e henri sellier;;;;920
201400040748;14;2;19;910;1;2;1;8;6;62;60, GENERAL DE GAULLE (A;;;;920
201400040749;14;2;18;800;5;2;1;2;6;62;70, DE DION BOUTON (QUAI;;;;920
201400040750;14;3;7;1750;1;2;3;1;6;62;53, WALLACE (BD RICHARD);;;;920
201400040751;14;3;26;1230;1;2;7;1;6;62;106, BERGERES RD-PT DES);;;;920
201400040752;14;4;5;940;1;2;3;1;6;62;17, WALLACE (BD RICHARD);;;;920
201400040753;14;4;5;1520;1;2;3;1;2;62;24, DE DION BOUTON (QUAI;;;;920
201400040754;14;4;12;1705;1;2;3;1;6;62;66, WALLACE (BD RICHARD);;;;920
201400040755;14;4;25;840;1;2;1;3;3;62;31-32, DE DION BOUTON (Q;;;;920
201400040756;14;5;17;1705;1;2;1;1;6;62;24, BERT (RUE PAUL);;;;920
201400040757;14;6;3;1105;1;2;1;1;6;62;59, DE DION BOUTON (QUAI;;;;920
201400040758;14;6;15;1030;1;2;3;1;6;62;CHANTE COQ (RUE);;;;920
201400040759;14;6;18;1750;1;2;1;1;6;62;161, REPUBLIQUE (RUE DE;;;;920
201400040760;14;6;25;25;5;2;3;1;3;62;39, SAULNIER (RUE) DU 11;;;;920
201400040761;14;7;2;1205;1;2;1;1;3;62;, SOLJENITSYNE  (BD ALEX;;;;920
201400040762;14;7;2;1930;1;2;1;1;2;62;11, DE DION BOUTON (QUAI;;;;920
201400040763;14;7;8;915;1;2;3;2;5;62;157, REPUBLIQUE (RUE DE;;;;920
201400040764;14;7;22;30;5;2;3;1;3;62;111, BERGERES (RD-PT DES;;;;920
201400040765;14;7;23;1140;1;2;1;1;3;62;14, POMPIDOU (AV GEORGES;;;;920
201400040766;14;7;30;2010;1;2;1;1;6;62;14, BLANCHE (RUE AUGUSTE;;;;920
201400040767;14;8;16;1040;1;2;3;1;1;62;WALLACE (BD RICHARD) DU;;;;920
201400040768;14;8;8;1615;1;2;3;1;7;62;1, BAS-ROGERS (RUE DES);;;;920
201400040769;14;9;5;1045;1;2;3;1;2;62;11, DE DION BOUTON (QUAI;;;;920
201400040770;14;9;13;1615;1;2;1;1;2;62;85, GENERAL DE GAULLE (A;;;;920
201400040771;14;9;14;1946;5;2;3;1;1;62;102, REPUBLIQUE (RUE DE;;;;920
201400040772;14;9;15;1810;1;2;3;1;6;62;102, REPUBLIQUE (RUE DE;;;;920
201400040773;14;9;15;1715;1;2;1;1;1;62;16, BERTHELOT (RUE MARCE;;;;920
201400040774;14;9;17;1405;1;2;3;1;7;62;145, REPUBLIQUE (RUE DE;;;;920
201400040775;14;9;23;1140;1;2;1;1;6;62;46, BERT (RUE PAUL);;;;920
201400040776;14;9;25;1600;1;2;3;1;3;62;108, BERGERES RD-PT DES);;;;920
201400040777;14;9;26;1020;1;2;3;1;5;62;28, DE DION BOUTON (QUAI;;;;920
201400040778;14;10;22;1925;5;2;1;1;6;62;10, WALLACE (BD RICHARD);;;;920
201400040779;14;10;27;1410;1;2;1;1;2;62;6, DE DION BOUTON (QUAI);;;;920
201400040780;14;10;23;810;2;2;1;1;2;62;59, DE DION BOUTON (QUAI;;;;920
201400040781;14;10;23;1300;1;2;1;1;7;62;DE DION BOUTON (QUAI) DU;;;;920
201400040782;14;10;24;1850;5;2;1;8;2;62;59, DE DION BOUTON (QUAI;;;;920
201400040783;14;10;31;2325;5;2;3;1;3;50;rue du 8 mai 1945;;;;920
201400040784;14;11;4;1045;1;2;3;1;3;62;14, LAFARGUES (RUE PAUL);;;;920
201400040785;14;11;5;1730;5;2;1;1;3;62;26, PAVILLONS (RUE DES);;;;920
201400040786;14;11;14;2150;5;2;1;1;2;62;130-132, VERDUN (RUE DE);;;;920
201400040787;14;12;12;1125;1;2;3;2;7;62;20, JAURES (RUE JEAN) DU;;;;920
201400040788;14;12;13;1220;1;2;3;5;2;62;11, DE DION BOUTON (QUAI;;;;920
201400040789;14;1;12;1455;1;2;1;1;7;63;24, FLAUBERT (RUE GUSTAV;;;;920
201400040790;14;1;13;850;1;2;1;1;2;63;35, CORIOLIS (RUE DU MAR;;;;920
201400040791;14;1;14;2035;2;2;1;1;7;63;N?ant, NATIONAL (BOULEVA;M;4805216;201220;920
201400040792;14;1;16;745;4;2;3;2;3;63;****, FOUILLEUSE (AVENUE;;;;920
201400040793;14;1;16;945;1;2;1;2;6;63;13, JOFFRE (BOULEVARD DU;;;;920
201400040794;14;1;17;1;5;2;2;2;1;63;N?ant, COLMAR (AVENUE DE;;;;920
201400040795;14;1;17;920;1;2;1;1;1;63;294, BONAPARTE (AVENUE N;;;;920
201400040796;14;1;21;2000;3;2;1;1;7;63;****, SAUVAGE (PLACE NIC;;;;920
201400040797;14;1;24;810;2;2;1;2;7;63;50, FOUILLEUSE (AVENUE D;;;;920
201400040798;14;1;25;1300;1;2;2;1;3;63;GUE (RUE DU);;;;920
201400040799;14;1;29;1540;1;2;1;8;6;63;113, DOUMER (AVENUE PAUL;;;;920
201400040800;14;1;29;1130;1;2;1;2;6;63;73, MONTBRISON (RUE DU L;;;;920
201400040801;14;1;30;1330;1;2;1;1;6;63;133, POMPIDOU (AVENUE DU;;;;920
201400040802;14;2;3;905;1;2;1;1;7;63;01, BOIS SAINT-PERE (RUE;;;;920
201400040803;14;2;4;755;1;2;1;1;6;63;52/54, POMPIDOU (AVENUE;;;;920
201400040804;14;2;5;830;2;2;2;3;1;63;****, ROOSEVELT (BOULEVA;;;;920
201400040805;14;2;7;1735;1;2;1;1;6;63;****, POMPIDOU (AVENUE D;;;;920
201400040806;14;2;11;855;1;2;1;1;7;63;14, LANDES (RUE DES);;;;920
201400040807;14;2;11;1050;1;2;1;2;6;63;190, DOUMER (AVENUE PAUL;;;;920
201400040808;14;2;13;800;2;2;1;3;6;63;118, DANTON (RUE);;;;920
201400040809;14;2;13;1100;1;2;1;2;1;63;N?ant, BONAPARTE (AVENUE;;;;920
201400040810;14;2;18;730;2;2;1;1;3;63;COLMAR (AVENUE DE);;;;920
201400040811;14;2;18;1630;1;2;1;1;2;63;14, RICHELIEU (BOULEVARD;;;;920
201400040812;14;3;1;1405;1;2;1;1;6;63;93/95, DOUMER (AVENUE PA;;;;920
201400040813;14;3;6;1655;1;2;1;1;6;63;9, POMPIDOU (AVENUE DU P;;;;920
201400040814;14;3;11;1320;1;2;3;1;6;63;****, COLMAR (AVENUE DE);;;;920
201400040815;14;3;21;740;1;2;1;1;6;63;65, COLMAR (AVENUE DE);;;;920
201400040816;14;3;22;1940;2;2;2;1;3;63;****, PROCESSION (RUE DE;;;;920
201400040817;14;3;29;330;5;2;1;1;6;63;37, COTEAUX (BOULEVARD D;;;;920
201400040818;14;4;2;1810;1;2;1;1;2;63;10, DOUMER (AVENUE PAUL);;;;920
201400040819;14;4;2;245;4;2;3;1;3;63;n?ant, RICHELIEU (BOULEV;;;;920
201400040820;14;4;3;1525;1;2;1;1;6;63;73, DIX-HUIT JUIN 1940 (;;;;920
201400040821;14;4;9;1940;1;2;1;1;6;63;N?ant, COLMAR (AVENUE DE;;;;920
201400040822;14;4;10;2030;2;2;1;1;6;63;107, DANTON (RUE);;;;920
201400040823;14;4;10;1915;1;2;1;1;2;63;N?ant, COLMAR (AVENUE DE;;;;920
201400040824;14;4;16;1450;1;2;1;1;7;63;5, BERGERIE (RUE DE LA);;;;920
201400040825;14;4;22;730;1;2;3;1;1;63;N?ant, THIERS (RUE);;;;920
201400040826;14;4;23;1420;1;2;2;1;3;63;****, MONT VALERIEN (AVE;;;;920
201400040827;14;4;23;1850;1;2;1;1;6;63;81, ESTIENNE D'ORVES (RU;;;;920
201400040828;14;4;25;1025;1;2;1;2;2;63;****, COLMAR (AVENUE DE);;;;920
201400040829;14;5;1;1925;1;2;3;1;3;63;****, GALLIENI (RUE);;;;920
201400040830;14;5;4;1745;1;2;1;1;6;63;183, DIX-HUIT JUIN 1940;;;;920
201400040831;14;5;5;950;1;2;1;1;6;63;7/13, BOURGUIGNON (RUE J;;;;920
201400040832;14;5;6;157;5;2;2;1;6;63;N?ant, ESTIENNE D'ORVES;;;;920
201400040833;14;5;6;1620;1;2;1;1;6;63;280, BONAPARTE (AVENUE N;;;;920
201400040834;14;5;10;1120;1;2;1;2;7;63;25, DOUMER (AVENUE PAUL);;;;920
201400040835;14;5;10;1505;1;2;1;8;2;63;168, DOUMER (AVENUE PAUL;;;;920
201400040836;14;5;13;1915;2;2;1;1;6;63;N?ant, DANTON (RUE);;;;920
201400040837;14;5;16;800;1;2;3;1;3;63;****, POMPIDOU (AVENUE D;;;;920
201400040838;14;5;16;1645;1;2;3;1;3;63;VERSAILLES (AVENUE DE);;;;920
201400040839;14;5;20;1615;1;2;2;1;3;63;****, COLMAR (AVENUE DE);;;;920
201400040840;14;5;22;1145;1;2;1;2;7;63;99, POMPIDOU (AVENUE DU;;;;920
201400040841;14;5;29;1600;1;2;1;1;6;63;70, BUZENVAL (AVENUE DE);;;;920
201400040842;14;5;31;1200;1;2;1;1;6;63;N?ant, BONAPARTE (AVENUE;;;;920
201400040843;14;6;2;815;1;2;1;1;3;63;23, CHATAIGNERAIE (AVENU;;;;920
201400040844;14;6;3;1016;1;2;1;1;6;63;N?ant, RICHELIEU (PLACE);;;;920
201400040845;14;6;12;1050;1;2;3;1;3;63;93, POMPIDOU (AVENUE DU;;;;920
201400040846;14;6;17;2040;1;2;1;1;6;63;N?ant, BONS RAISINS (RUE;;;;920
201400040847;14;6;22;1710;1;2;1;1;6;63;09, ALBERT 1ER (AVENUE);;;;920
201400040848;14;6;24;1855;1;2;1;1;6;63;NEANT, GALLIENI (RUE);;;;920