num_acc;an;mois;jour;hrmn;lum;agg;int;atm;col;com;adr;gps;lat;long;dep
201400041166;14;11;16;145;5;2;2;1;3;73;20, SELLIER (BOULEVARD H;;;;920
201400041167;14;11;22;1450;1;2;1;1;3;73;125, WASHINGTON (BOULEVA;;;;920
201400041168;14;11;24;945;1;2;3;1;7;73;37, VOLTAIRE (RUE);;;;920
201400041169;14;11;26;1130;1;2;1;1;7;73;10, LOUCHEUR (BOULEVARD;;;;920
201400041170;14;11;26;1355;1;2;1;8;7;73;01, STALINGRAD (PLACE DE;;;;920
201400041171;14;11;27;1750;5;2;1;1;6;73;98, SELLIER (BOULEVARD H;;;;920
201400041172;14;11;30;1825;5;2;3;2;2;73;220, WASHINGTON (BOULEVA;;;;920
201400041173;14;12;5;1630;1;2;3;1;3;73;30, SELLIER (BOULEVARD H;;;;920
201400041174;14;12;9;1050;1;2;1;1;7;73;12, VERDUN (RUE DE);;;;920
201400041175;14;12;9;1800;2;2;1;1;6;73;190, WASHINGTON (BOULEVA;;;;920
201400041176;14;12;18;1810;5;2;2;1;3;73;01, REPUBLIQUE (RUE DE L;;;;920
201400041177;14;1;3;2000;5;2;1;1;3;46;21 TER, DE STALINGRAD;;;;920
201400041178;14;2;8;2200;5;2;2;1;1;75;1, DE GAULLE (AVENUE DU;;;;920
201400041179;14;2;14;800;1;2;2;3;3;75;., MARY BESSEYRE (RUE);;;;920
201400041180;14;2;18;925;1;2;3;1;6;46;2, SAVIER (RUE);;;;920
201400041181;14;2;25;1800;2;2;1;1;6;75;36 BIS, LARMEROUX (RUE);;;;920
201400041182;14;2;27;1332;1;2;1;1;3;75;36, MOULIN (RUE DU);;;;920
201400041183;14;3;5;2335;5;2;5;1;1;75;1, RAYMOND MARCHERON (RU;;;;920
201400041184;14;3;7;300;5;2;3;1;6;46;., ALEXIS MARTIN;;;;920
201400041185;14;3;11;1655;1;2;2;1;6;75;., JEAN BLEUZEN (RUE);;;;920
201400041186;14;3;17;1810;1;2;2;1;6;46;., AVAULEE (RUE);;;;920
201400041187;14;3;25;950;1;2;2;2;3;46;1, GABRIEL PERI;;;;920
201400041188;14;3;26;2120;5;2;3;1;3;46;., GABRIEL PERI (BOULEVA;;;;920
201400041189;14;3;27;1135;1;2;1;1;6;75;., ANTOINE FRATACCI (RUE;;;;920
201400041190;14;3;30;1825;1;2;1;1;6;75;74, JEAN BLEUZEN (RUE);;;;920
201400041191;14;4;11;1745;1;2;3;1;7;75;1, LARMEROUX (RUE);;;;920
201400041192;14;4;16;655;2;2;1;1;1;46;108, PIERRE BROSSOLETTE;;;;920
201400041193;14;4;24;345;5;2;1;1;6;46;., Charles de gaulle;;;;920
201400041194;14;4;25;818;2;2;2;3;6;46;., DE STALINGRAD;;;;920
201400041195;14;4;27;1430;1;2;3;1;3;46;6, GABRIEL PERI (BOULEVA;;;;920
201400041196;14;5;3;230;5;2;1;1;3;75;72, JEAN BLEUZEN;;;;920
201400041197;14;5;5;730;1;2;2;1;3;46;., GUY MOQUET (RUE);;;;920
201400041198;14;5;9;430;3;2;2;1;7;75;., JEAN BLEUZEN (RUE);;;;920
201400041199;14;5;11;1150;1;2;1;1;7;75;19, VERDUN (AVENUE DE);;;;920
201400041200;14;5;16;1410;1;2;1;1;3;75;18, PAIX (AVENUE DE LA);;;;920
201400041201;14;5;17;1115;1;2;1;1;6;46;., JEAN MERMOZ (RUE);;;;920
201400041202;14;5;18;220;5;2;1;1;6;46;10, Jules Ferry;;;;920
201400041203;14;5;21;250;5;2;1;2;6;46;14/16, PIERRE BROSSOLETT;;;;920
201400041204;14;5;21;830;1;2;3;2;3;46;., VOLTAIRE (RUE);;;;920
201400041205;14;5;24;1655;1;2;3;2;3;75;102, JEAN BLEUZEN;;;;920
201400041206;14;5;27;1045;1;2;2;1;1;75;44, MOULIN (RUE DU);;;;920
201400041207;14;5;28;955;1;2;1;1;7;75;6, RAYMOND MARCHERON (RU;;;;920
201400041208;14;6;5;1015;1;2;1;1;6;46;112, PIERRE BROSSOLETTE;;;;920
201400041209;14;6;8;1720;1;2;1;1;7;46;29, DE STALINGRAD;;;;920
201400041210;14;6;11;1615;1;2;6;1;6;75;., PASTEUR (AVENUE);;;;920
201400041211;14;6;12;854;1;2;1;1;3;46;112, PIERRE BROSSOLETTE;;;;920
201400041212;14;6;18;1720;1;2;3;1;6;46;., GABRIEL PERI;;;;920
201400041213;14;6;23;845;1;2;3;1;3;46;., MARECHAL LECLERC (AVE;;;;920
201400041214;14;6;25;1400;1;2;1;1;2;75;3, LARMEROUX (RUE);;;;920
201400041215;14;6;26;800;1;2;3;1;7;75;30, PASTEUR (AVENUE);;;;920
201400041216;14;6;30;645;1;2;3;1;3;75;., DANTON (RUE);;;;920
201400041217;14;7;7;2325;5;2;3;1;3;46;., GABRIEL PERI;;;;920
201400041218;14;7;11;1430;1;2;6;1;3;75;., CARREFOUR DE L'INSURR;;;;920
201400041219;14;7;15;1440;1;2;7;1;3;46;., CLOS MONTHOLON (PLACE;;;;920
201400041220;14;7;23;1300;1;2;3;1;3;46;., PIERRE BROSSOLETTE (A;;;;920
201400041221;14;8;1;1215;1;2;2;1;6;46;31, FABIEN (BOULEVARD DU;;;;920
201400041222;14;8;12;1225;1;2;3;1;3;75;13, LYCEE (BOULEVARD DU);;;;920
201400041223;14;8;14;1950;1;2;1;1;6;75;21, PAIX (AVENUE DE LA);;;;920
201400041224;14;8;20;1840;1;2;3;1;6;46;01, AVAULEE (RUE);;;;920
201400041225;14;8;22;915;1;2;1;1;3;75;70, JEAN BLEUZEN;;;;920
201400041226;14;8;31;510;5;2;1;1;6;46;., Charles de gaulle;;;;920
201400041227;14;9;20;2230;5;2;3;1;2;46;., PIERRE BROSSOLETTE (A;;;;920
201400041228;14;9;23;1150;1;2;6;1;2;46;., DE STALINGRAD;;;;920
201400041229;14;9;24;1155;1;2;2;1;6;46;., DOUZE FEVRIER 1934 (A;;;;920
201400041230;14;9;25;1040;1;2;3;1;3;46;83, GABRIEL PERI;;;;920
201400041231;14;9;24;1230;1;2;1;1;6;46;6/12, PIERRE BROSSOLETTE;;;;920
201400041232;14;10;2;910;1;2;1;1;3;75;12, LARMEROUX (RUE);;;;920
201400041233;14;10;5;1830;2;2;1;1;6;75;18, MANSARD (RUE);;;;920
201400041234;14;10;8;1135;1;2;1;2;6;75;49, MARY BESSEYRE (RUE);;;;920
201400041235;14;10;14;905;1;2;1;1;6;75;49, LYCEE (BOULEVARD DU);;;;920
201400041236;14;10;15;935;1;2;1;1;6;46;53, DE STALINGRAD;;;;920
201400041237;14;10;16;100;5;2;1;2;6;75;33, DE GAULLE (AVENUE DU;;;;920
201400041238;14;10;18;828;2;2;2;1;7;75;., PASTEUR (AVENUE);;;;920
201400041239;14;10;20;1940;5;2;2;8;7;46;GABRIEL PERI;;;;920
201400041240;14;10;22;1220;2;2;1;1;6;46;4, FABIEN (BOULEVARD DU;;;;920
201400041241;14;11;3;1625;1;2;1;2;7;75;19, JACQUES JEZEQUEL (AV;;;;920
201400041242;14;11;10;1323;1;2;2;1;7;46;54, PIERRE BROSSOLETTE (;;;;920
201400041243;14;11;12;1930;5;2;4;1;6;75;., LYCEE (BOULEVARD DU);;;;920
201400041244;14;11;17;825;2;2;1;1;7;75;3, place du g?n?ral LECL;;;;920
201400041245;14;11;20;140;5;2;3;1;3;75;., JEAN BLEUZEN (RUE);;;;920
201400041246;14;11;26;1810;5;2;3;6;7;46;., PIERRE BROSSOLETTE (A;;;;920
201400041247;14;11;27;1650;2;2;1;2;3;75;14-18, JEAN JAURES (RUE);;;;920
201400041248;14;12;3;1545;1;2;1;1;7;46;20, PIERRE BROSSOLETTE (;;;;920
201400041249;14;12;5;1540;1;2;1;1;7;75;34, ANTOINE FRATACCI (RU;;;;920
201400041250;14;12;5;1630;1;2;1;1;7;75;13, LYCEE (BOULEVARD DU);;;;920
201400041251;14;12;5;940;1;2;2;1;3;46;., FABIEN (BOULEVARD DU;;;;920
201400041252;14;12;17;2020;5;2;2;2;3;75;., DE GAULLE (AVENUE DU;;;;920
201400041253;14;12;12;920;1;2;3;1;7;46;., GABRIEL PERI;;;;920
201400041254;14;12;18;825;2;2;2;1;7;46;., RAYMOND DAVID;;;;920
201400041255;14;12;18;1200;1;2;1;1;3;75;13 BIS, LARMEROUX (RUE);;;;920
201400041256;14;12;18;845;1;2;1;1;7;46;13, FRERES VIGOUROUX (RU;;;;920
201400041257;14;12;24;1505;1;2;6;1;3;75;52, ANTOINE FRATACCI (RU;;;;920
201400041258;14;1;22;2000;5;2;1;2;6;78;150, GALLIENI (BD) (154;;;;920
201400041259;14;1;24;1340;1;2;1;1;6;78;3, DUPONT DU CHAMBON (RU;;;;920
201400041260;14;2;14;1055;1;2;2;2;3;78;0, PHILIPPE LEBON (AVENU;;;;920
201400041261;14;2;18;1540;1;2;1;1;6;78;0, JEAN MERMOZ (AVENUE);;;;920
201400041262;14;3;6;1135;1;2;1;1;6;78;0, PAUL HERBE (AVENUE) (;;;;920
201400041263;14;3;11;1730;1;2;2;1;6;78;0, ALFRED SISLEY (QUAI);;;;920
201400041264;14;4;22;1010;1;2;1;1;3;78;39, GALLIENI (BD) (1 A 7;;;;920
201400041265;14;5;3;2312;5;2;3;1;3;78;89, CHARLES DE GAULLE (B;;;;920
201400041266;14;5;5;1420;1;2;1;7;2;78;0, MOULIN CAGE (QUAI);;;;920
201400041267;14;5;11;1115;1;2;1;1;3;78;44, LONGUE BERTRANE (RUE;;;;920
201400041268;14;5;22;610;2;2;1;1;6;78;34, HENRI BARBUSSE (RUE);;;;920
201400041269;14;5;23;940;1;2;2;1;3;78;0, VERDUN (AVENUE) (IMPA;;;;920
201400041270;14;6;5;1650;1;2;1;1;6;78;37, CHARLES DE GAULLE (B;;;;920
201400041271;14;6;7;1700;1;2;1;1;6;78;03, HAUT DE LA NOUE (RUE;;;;920
201400041272;14;7;12;1930;1;2;1;1;3;78;32, MARC SANGNIER (AVENU;;;;920
201400041273;14;7;13;1350;1;2;1;1;2;78;0, MOULIN CAGE (QUAI);;;;920
201400041274;14;7;27;1845;1;2;1;1;3;78;MOULIN CAGE (QUAI);;;;920
201400041275;14;8;10;1500;1;2;1;3;2;78;0, MOULIN CAGE (QUAI);;;;920
201400041276;14;8;24;240;5;2;1;1;6;78;0, MOULIN CAGE (QUAI);;;;920
201400041277;14;9;5;1250;1;2;1;1;7;78;31-33, VERDUN (AVENUE) (;;;;920
201400041278;14;9;8;1518;1;2;1;1;6;78;195, GALLIENI (BD) (153;;;;920
201400041279;14;9;9;1245;1;2;1;1;7;78;65, GALLIENI (BD) (1 A 7;;;;920
201400041280;14;9;29;1635;1;2;2;1;7;78;0, VERDUN (AVENUE) (PAIR;;;;920
201400041281;14;10;10;745;2;2;1;1;7;78;0, HENRI BARBUSSE (RUE);;;;920
201400041282;14;10;20;1625;1;2;1;2;6;78;167, GALLIENI (BD) (153;;;;920
201400041283;14;11;8;1335;1;2;3;1;3;78;200, GALLIENI (BD) (154;;;;920
201400041284;14;11;21;855;1;2;3;2;7;78;0, MARECHAL DELATTRE DE;;;;920
201400041285;14;12;1;2030;5;2;1;2;7;78;16, MARC SANGNIER (AVENU;;;;920
201400041286;14;12;9;1530;1;2;3;1;3;78;0, VIEUX CHEMIN DE ST DE;;;;920
201400041287;14;12;20;1235;1;2;1;1;5;78;102, VERDUN (AVENUE) (PA;;;;920
201400041288;14;1;24;810;2;2;1;2;6;26;20, ANDRE PROTHIN (AVENU;;;;920
201400041289;14;2;9;1110;1;2;1;1;2;26;BOULEVARD CIRCULAIRE;;;;920
201400041290;14;2;13;1825;4;2;1;1;7;62;1, RUE PIERRE GAUDIN;;;;920
201400041291;14;3;5;1042;1;2;1;7;6;62;23, LOUIS POUEY (RUE);;;;920
201400041292;14;3;14;118;5;2;1;1;6;26;0, DEFENSE (ROND POINT D;;;;920
201400041293;14;3;16;1615;1;2;1;1;5;26;BOULEVARD CIRCULAIRE;;;;920
201400041294;14;4;9;1643;1;2;1;1;6;26;BOULEVARD CIRCULAIRE;;;;920
201400041295;14;4;15;1005;1;2;1;1;6;62;1, DOUCES (VOIE DES);;;;920
201400041296;14;4;16;840;1;2;1;1;2;62;1, BLD KUPKA;;;;920
201400041297;14;4;18;850;1;2;1;1;2;62;1, BLD KUPKA;;;;920
201400041298;14;4;24;2005;2;2;2;1;3;26;01, DIVISION LECLERC (AV;;;;920
201400041299;14;4;26;1510;1;2;1;2;7;62;BOULEVARD CIRCULAIRE;;;;920
201400041300;14;6;5;740;1;2;1;1;2;26;BOULEVARD CIRCULAIRE;;;;920
201400041301;14;6;14;950;1;2;2;1;3;62;BOULEVARD CIRCULAIRE;;;;920
201400041302;14;6;17;715;5;2;1;1;6;26;68, DES BATISSEURS (VOIE;;;;920
201400041303;14;6;27;1740;1;2;1;1;7;62;BOULEVARD CIRCULAIRE;;;;920
201400041304;14;6;29;1450;1;2;1;1;7;62;BOULEVARD CIRCULAIRE;;;;920
201400041305;14;6;30;1110;1;2;1;1;2;62;BOULEVARD CIRCULAIRE;;;;920
201400041306;14;7;3;1735;1;2;1;1;5;62;AVENUE DE LA DIVISION LE;;;;920
201400041307;14;8;4;945;1;2;1;2;5;62;BOULEVARD CIRCULAIRE;;;;920
201400041308;14;9;16;1515;1;2;1;1;6;26;01, DES BATISSEURS (VOIE;;;;920
201400041309;14;9;22;1920;1;2;1;1;6;26;34, avenue de l'arche;;;;920
201400041310;14;10;18;1325;1;2;2;1;3;26;BOULEVARD CIRCULAIRE;;;;920
201400041311;14;10;20;725;3;2;1;1;7;62;BOULEVARD CIRCULAIRE;;;;920
201400041312;14;10;29;910;1;2;9;1;3;62;BOULEVARD CIRCULAIRE;;;;920
201400041313;14;11;2;620;5;2;1;1;2;62;30, GENERAL DE GAULLE (A;;;;920
201400041314;14;11;6;1900;5;2;1;1;3;62;****, DEFENSE (ROND POIN;;;;920
201400041315;14;11;12;1240;1;2;3;1;2;26;BOULEVARD CIRCULAIRE;;;;920
201400041316;14;11;10;1728;5;2;1;1;7;62;RUE PIERRE GAUDIN;;;;920
201400041317;14;11;15;1129;1;2;1;1;6;62;12, PARVIS (LE);;;;920
201400041318;14;11;18;800;1;2;4;2;3;62;BOULEVARD CIRCULAIRE;;;;920
201400041319;14;12;1;2030;4;2;1;1;3;26;BOULEVARD CIRCULAIRE;;;;920
201400041320;14;12;29;1810;2;2;1;1;2;62;****, RUE JACQUES VILLON;;;;920
201400041321;14;1;3;1325;1;2;3;1;6;1;71, HEURTAULT (RUE);;;;930
201400041322;14;1;3;1935;5;2;3;1;3;1;X, WALDECK ROCHET (RUE);;;;930
201400041323;14;1;6;2040;5;2;2;1;3;1;LEOPOLD RECHOSSIERE (RUE;;;;930
201400041324;14;1;10;1800;5;2;3;1;3;1;152, VICTOR HUGO (AVE);;;;930
201400041325;14;1;12;525;5;2;1;5;6;1;22, MOTTE (RUE DE LA);;;;930
201400041326;14;1;11;1630;1;2;1;1;3;1;16/22, LEOPOLD RECHOSSIE;;;;930
201400041327;14;1;16;915;1;2;1;2;6;1;76, PRESIDENT ROOSEVELT;;;;930
201400041328;14;1;23;1145;1;2;1;1;2;1;78, PONT BLANC.CHARLES T;;;;930
201400041329;14;2;1;1500;1;2;2;1;3;1;0, FRANCIS DE PRESSENCE;;;;930
201400041330;14;2;3;915;1;2;9;1;4;1;239, JEAN JAURES (AVE);;;;930
201400041331;14;2;13;1850;5;2;1;1;2;1;1, PRESIDENT ROOSEVELT (;;;;930
201400041332;14;2;14;1625;1;2;1;8;2;1;20, PRESIDENT ROOSEVELT;;;;930
201400041333;14;2;20;110;5;1;1;1;6;1;25, POSTES (RUE DES);;;;930
201400041334;14;3;3;2050;5;2;2;1;3;1;1, HENRI BARBUSSE (RUE);;;;930
201400041335;14;3;10;1920;5;2;1;1;6;1;87, VICTOR HUGO (AVE)  =;;;;930
201400041336;14;3;11;1530;1;2;2;1;1;1;01, ANATOLE FRANCE (BLD);;;;930
201400041337;14;3;13;1649;1;2;1;1;3;1;89, HEURTAULT (RUE);;;;930
201400041338;14;3;15;1100;1;2;1;1;6;1;face 37, SAINT DENIS (RU;;;;930
201400041339;14;3;17;920;1;2;2;1;6;1;HENRI-ROL TANGUY (PLACE);;;;930
201400041340;14;3;17;1845;1;2;1;1;6;1;213, JEAN JAURES  (AVE);;;;930
201400041341;14;3;18;1110;1;1;1;1;6;1;33, LEON JOUHAUX (RUE);;;;930
201400041342;14;3;18;1930;5;2;1;1;3;1;45, VICTOR HUGO (AVE)  =;;;;930
201400041343;14;3;25;940;1;2;2;2;3;1;ANDRE KARMAN (RUE)  138/;;;;930
201400041344;14;4;1;930;1;2;1;1;3;1;83, VICTOR HUGO (AVE)  =;;;;930
201400041345;14;4;3;1845;2;2;1;1;6;1;183, JEAN JAURES  (AVE);;;;930
201400041346;14;4;7;840;1;2;1;1;4;1;54, PONT BLANC.CHARLES T;;;;930
201400041347;14;4;9;1200;1;2;1;1;6;1;LANDY (RUE DU) 18 A 32 /;;;;930
201400041348;14;4;11;1335;1;2;1;1;6;1;2, PRESIDENT ROOSEVELT (;;;;930
201400041349;14;4;14;230;5;2;1;1;6;1;67, REPUBLIQUE (AVE DE L;;;;930
201400041350;14;4;17;1755;1;2;1;1;6;1;157, VICTOR HUGO (AVE);;;;930
201400041351;14;4;19;2335;5;2;1;1;3;1;ADRIEN AGNES (QUAI);;;;930
201400041352;14;4;20;2245;5;2;2;1;3;1;VICTOR HUGO (AVE)  => 12;;;;930
201400041353;14;4;25;1500;1;2;1;1;3;1;63, REPUBLIQUE (AVE DE L;;;;930
201400041354;14;4;26;1825;1;2;3;2;3;1;47, VICTOR HUGO (AVE)  =;;;;930
201400041355;14;4;28;1235;1;2;8;1;6;1;REPUBLIQUE (AVE DE LA );;;;930
201400041356;14;4;28;1440;1;2;1;1;3;1;121, VICTOR HUGO (AVE);;;;930
201400041357;14;4;29;1930;1;2;1;2;2;1;174, JEAN JAURES  (AVE);;;;930
201400041358;14;5;5;840;1;2;1;1;6;1;JEAN JAURES (AVE)  => 53;;;;930
201400041359;14;5;6;1530;1;2;1;1;6;1;39, PRESLES (RUE DE);;;;930
201400041360;14;5;9;1950;1;2;1;1;6;1;1, REPUBLIQUE (AVE DE LA;;;;930
201400041361;14;5;14;730;1;2;1;1;3;1;207, JEAN JAURES (AVE) 5;;;;930
201400041362;14;5;14;1605;1;2;1;1;3;1;4, ANATOLE FRANCE (BLD);;;;930
201400041363;14;5;14;1735;1;2;1;1;3;1;0, JEAN JAURES (AVE)  =>;;;;930
201400041364;14;5;15;1230;1;2;1;1;6;1;95, JEAN JAURES (AVE) 55;;;;930
201400041365;14;5;16;949;1;2;2;1;1;1;CITES (RUE DES)  => 91;;;;930
201400041366;14;5;22;1306;1;2;1;1;6;1;15, GOULET (RUE DU)  =>;;;;930
201400041367;14;5;23;350;5;2;2;1;3;1;CITES (RUE DES)  125/134;;;;930
201400041368;14;5;24;1010;1;2;1;8;3;1;135, DANIELLE CASANOVA (;;;;930
201400041369;14;5;26;1450;1;2;1;2;3;1;02, LEOPOLD RECHOSSIERE;;;;930
201400041370;14;5;28;1530;1;2;1;8;3;1;2, HENRI MANIGART (RUE);;;;930
201400041371;14;5;29;1900;1;2;1;8;6;1;117, HENRI BARBUSSE (RUE;;;;930
201400041372;14;5;30;1330;1;2;1;1;3;1;211, JEAN JAURES  (AVE);;;;930
201400041373;14;5;30;1615;1;2;1;1;7;1;GOULET (RUE DU) 26/33 =>;;;;930
201400041374;14;5;31;1340;1;2;6;1;4;1;COTTIN (PLACE);;;;930
201400041375;14;6;4;1020;1;1;1;2;7;1;24, ELYSEE RECLUS (RUE);;;;930
201400041376;14;6;5;455;5;2;2;1;3;1;VICTOR HUGO (AVE)  => N?;;;;930
201400041377;14;6;6;1730;1;2;1;1;3;1;15, DANIELLE CASANOVA (R;;;;930
201400041378;14;6;6;1750;1;2;1;1;6;1;209, JEAN JAURES  (AVE);;;;930
201400041379;14;6;7;2255;5;2;1;1;3;1;24-26, LEOPOLD RECHOSSIE;;;;930
201400041380;14;6;8;1440;1;2;1;1;2;1;14, MOUTIER (RUE DU)  =>;;;;930
201400041381;14;6;9;2030;1;2;2;1;3;1;0, CREVECOEUR  (RUE)  32;;;;930
201400041382;14;6;13;234;5;2;2;1;3;1;JEAN JAURES (AVE) 55 A 1;;;;930
201400041383;14;6;14;150;5;2;2;1;3;1;VICTOR HUGO (AVE)  => 12;;;;930
201400041384;14;6;16;1915;1;2;2;1;3;1;95, VICTOR HUGO (AVE)  =;;;;930
201400041385;14;6;17;1700;1;2;1;1;6;1;80, HENRI BARBUSSE (RUE);;;;930
201400041386;14;6;19;1830;1;2;1;1;5;1;30, VICTOR HUGO (AVE)  =;;;;930
201400041387;14;6;19;2150;2;2;1;1;2;1;117, JEAN JAURES (AVE) 5;;;;930
201400041388;14;6;23;1545;1;2;1;1;2;1;45, JEAN JAURES (AVE)  =;;;;930
201400041389;14;6;24;1250;1;2;1;1;5;1;REPUBLIQUE (AVE DE LA );;;;930
201400041390;14;7;2;1355;1;2;1;1;6;1;91, PONT BLANC.CHARLES T;;;;930
201400041391;14;7;2;1615;1;2;3;1;3;1;LUCIEN LEFRANC (QUAI);;;;930
201400041392;14;7;3;1405;1;2;1;1;6;1;52, SAINT DENIS (RUE DE);;;;930
201400041393;14;7;5;2213;5;2;1;1;6;1;12, ANATOLE FRANCE (BLD);;;;930
201400041394;14;7;6;1730;1;2;1;1;3;1;JEAN JAURES  (AVE)  157;;;;930
201400041395;14;7;2;118;5;2;1;1;6;1;25, PONT BLANC.CHARLES T;;;;930
201400041396;14;7;10;1115;1;2;1;2;6;1;102, REPUBLIQUE (AVE DE;;;;930
201400041397;14;7;10;1705;1;2;3;1;3;1;99, REPUBLIQUE (AVE DE L;;;;930
201400041398;14;7;15;1225;1;2;1;1;6;1;REPUBLIQUE (AVE DE LA );;;;930
201400041399;14;7;16;1910;1;2;1;1;3;1;PONT BLANC.CHARLES TILLO;;;;930
201400041400;14;7;20;1625;1;2;2;1;3;1;50, PORT (RUE DU)  (PAIR;;;;930
201400041401;14;7;20;1815;1;2;1;1;7;1;81, REPUBLIQUE (AVE DE L;;;;930
201400041402;14;7;20;2115;1;2;1;1;6;1;29, COMMANDANT L'HERMINI;;;;930
201400041403;14;7;21;2145;1;2;2;1;1;1;168, DANIELLE CASANOVA (;;;;930
201400041404;14;7;22;55;5;2;3;1;3;1;189, VICTOR HUGO (AVE);;;;930
201400041405;14;7;30;1100;1;2;1;1;6;1;87-95, VICTOR HUGO (AVE);;;;930
201400041406;14;8;4;1110;1;2;1;1;6;1;172, JEAN JAURES  (AVE);;;;930
201400041407;14;8;5;1350;1;2;1;1;6;1;101, REPUBLIQUE (AVE DE;;;;930
201400041408;14;8;12;1320;1;2;1;1;2;1;174, JEAN JAURES  (AVE);;;;930
201400041409;14;8;13;2245;5;2;3;8;3;1;SAINT-DENIS (RUE DE);;;;930
201400041410;14;8;13;1800;1;2;1;1;6;1;GOULET (RUE DU) 26/33 =>;;;;930
201400041411;14;8;14;1430;1;2;1;1;2;1;17, REPUBLIQUE (AVE DE L;;;;930
201400041412;14;8;19;1030;1;2;2;1;3;1;PORT (RUE DU)  (PAIR);;;;930
201400041413;14;8;19;1910;1;2;1;1;6;1;35, MOTTE (RUE DE LA);;;;930
201400041414;14;8;22;1810;1;2;2;2;3;1;JEAN JAURES (AVE)  => 53;;;;930
201400041415;14;8;25;1945;2;2;1;3;2;1;48, ANATOLE FRANCE (BLD);;;;930
201400041416;14;8;26;1610;1;2;1;1;3;1;ADRIEN AGNES (QUAI);;;;930
201400041417;14;8;26;2340;5;2;1;2;2;1;187, JEAN JAURES  (AVE);;;;930
201400041418;14;8;27;1345;1;2;1;1;6;1;136, REPUBLIQUE (AVE DE;;;;930
201400041419;14;8;27;1510;1;2;1;1;6;1;77, REPUBLIQUE (AVE DE L;;;;930
201400041420;14;8;29;850;1;2;1;1;1;1;127, PONT BLANC.CHARLES;;;;930
201400041421;14;8;29;1150;1;2;1;1;6;1;VICTOR HUGO (AVE)  => N?;;;;930
201400041422;14;8;30;355;5;2;2;1;2;1;CITES (RUE DES)  => 91;;;;930
201400041423;14;9;1;1430;1;2;1;1;6;1;162, DANIELLE CASANOVA (;;;;930
201400041424;14;9;4;1710;1;2;1;1;6;1;68, DANIELLE CASANOVA (R;;;;930
201400041425;14;9;5;1050;1;2;2;1;6;1;PONT BLANC.CHARLES TILLO;;;;930
201400041426;14;9;15;732;1;2;9;1;3;1;126, VICTOR HUGO (AVE);;;;930
201400041427;14;9;16;700;5;2;1;1;6;1;88, FELIX FAURE (BLD)  =;;;;930
201400041428;14;9;16;1630;1;2;1;1;6;1;77, DANIELLE CASANOVA (R;;;;930
201400041429;14;9;16;1730;1;2;1;1;6;1;99, VICTOR HUGO (AVE)  =;;;;930
201400041430;14;9;18;915;1;2;1;1;2;1;79, DANIELLE CASANOVA (R;;;;930
201400041431;14;9;18;1745;1;2;1;1;2;1;112, HELENE COCHENNEC (R;;;;930
201400041432;14;9;24;1745;1;2;1;1;6;1;09, DANIELLE CASANOVA (R;;;;930
201400041433;14;9;27;2015;5;2;1;1;3;1;52, LANDY (RUE DU) 34/29;;;;930
201400041434;14;10;1;1715;1;2;1;1;6;1;168, VICTOR HUGO (AVE);;;;930
201400041435;14;10;2;1730;1;2;1;1;6;1;8, ADRIEN AGNES (QUAI);;;;930
201400041436;14;10;8;900;1;2;2;3;3;1;BERGERIES (RUE DES);;;;930
201400041437;14;10;8;1010;1;2;1;3;6;1;WALDECK ROCHET (RUE);;;;930
201400041438;14;10;9;1840;1;2;1;1;3;1;173, VICTOR HUGO (AVE);;;;930
201400041439;14;10;15;30;5;2;1;1;6;1;54, ANATOLE FRANCE (BLD);;;;930
201400041440;14;10;15;1150;1;2;3;2;6;1;02, HENRI MURGER (RUE);;;;930
201400041441;14;10;15;1450;1;2;1;2;6;1;85, VICTOR HUGO (AVE)  =;;;;930
201400041442;14;10;18;1615;1;2;1;1;6;1;1, REPUBLIQUE (AVE DE LA;;;;930
201400041443;14;10;21;1425;1;2;1;1;6;1;113, SAINT-DENIS (RUE DE;;;;930
201400041444;14;10;22;2020;5;2;2;1;3;1;51, JEAN JAURES (AVE)  =;;;;930
201400041445;14;10;23;1230;1;2;1;1;3;1;140, FELIX FAURE (BLD) 1;;;;930
201400041446;14;10;26;830;1;2;3;1;3;1;32, ANDRE KARMAN (RUE);;;;930
201400041447;14;10;30;940;1;2;1;1;3;1;JEAN JAURES (AVE) 55 A 1;;;;930
201400041448;14;11;1;2105;5;2;1;1;3;1;54, REPUBLIQUE (AVE DE L;;;;930
201400041449;14;11;5;900;1;2;4;1;3;1;10, REPUBLIQUE (AVE DE L;;;;930
201400041450;14;11;6;625;5;2;1;1;6;1;172, JEAN JAURES  (AVE);;;;930
201400041451;14;11;7;750;2;2;2;2;6;1;66, DANIELLE CASANOVA (R;;;;930
201400041452;14;11;8;2034;5;2;1;1;2;1;187, JEAN JAURES  (AVE);;;;930
201400041453;14;11;10;2340;5;2;3;1;2;1;67, VICTOR HUGO (AVE)  =;;;;930
201400041454;14;11;14;800;1;2;2;1;3;1;REPUBLIQUE (AVE DE LA );;;;930
201400041455;14;11;16;625;5;2;2;1;3;1;55, JEAN JAURES (AVE)  =;;;;930
201400041456;14;11;19;955;1;2;3;8;3;1;JEAN JAURES  (AVE)  157;;;;930
201400041457;14;11;19;1810;5;2;1;1;6;1;13, REGINE GOSSET (RUE);;;;930
201400041458;14;11;19;1950;5;2;1;1;3;1;VICTOR HUGO (AVE)  => 12;;;;930
201400041459;14;11;19;2045;5;2;1;1;6;1;1, GRANDE-COUR (RUELLE D;;;;930
201400041460;14;11;27;945;1;2;4;9;3;1;FELIX FAURE (BLD) 120 A;;;;930
201400041461;14;12;8;1355;1;2;3;2;3;1;, FELIX FAURE (BLD) => 1;;;;930
201400041462;14;12;11;1840;5;2;0;1;1;1;77, DANIELLE CASANOVA (R;;;;930
201400041463;14;12;15;1910;3;2;4;2;3;1;, SCHAEFFER (RUE);;;;930
201400041464;14;12;19;1110;1;2;0;2;6;1;1, LUCIEN LEFRANC (QUAI);;;;930
201400041465;14;12;20;1000;1;2;2;1;3;1;ANDRE KARMAN (RUE)  => 1;;;;930
201400041466;14;12;20;1940;5;2;2;2;3;1;CHAPON (RUE);;;;930
201400041467;14;12;21;710;5;2;2;1;3;1;CREVECOEUR  (RUE)  32 =>;;;;930
201400041468;14;12;24;1800;4;2;0;2;6;1;160, DANIELLE CASANOVA (;;;;930
201400041469;14;12;26;1530;1;2;0;1;3;1;8, PRESIDENT ROOSEVELT (;;;;930
201400041470;14;12;31;1525;1;2;0;1;6;1;81, REPUBLIQUE (AVE DE L;;;;930
201400041471;14;1;1;110;5;2;1;2;3;5;CAMILLE PELLETAN (RUE);;;;930
201400041472;14;12;16;810;2;2;0;2;3;5;, MOULIN DE LA VILLE (CH;;;;930
201400041473;14;1;5;125;5;2;3;1;2;5;GENERAL GALLIENI (BOULEV;;;;930