num_acc;an;mois;jour;hrmn;lum;agg;int;atm;col;com;adr;gps;lat;long;dep
201400041474;14;1;4;1325;1;2;6;1;1;71;0, HENRI BARBUSSE (AVENU;;;;930
201400041475;14;1;7;900;1;2;2;1;3;5;STRASBOURG (BOULEVARD DE;;;;930
201400041476;14;1;7;930;1;2;1;1;6;5;CROIX BLANCHE (PONT DE L;;;;930
201400041477;14;1;7;1800;2;2;1;2;5;5;83, MOULIN DE LA VILLE (;;;;930
201400041478;14;1;9;1630;1;2;1;2;2;5;23, JULES PRINCET [CD115;;;;930
201400041479;14;2;2;2020;5;2;1;1;2;71;01, JOHN F. KENNEDY (AVE;;;;930
201400041480;14;1;11;1150;1;2;1;1;2;5;MITRY [CD115] (ROUTE DE);;;;930
201400041481;14;2;8;1506;1;2;2;1;3;71;0, BALLANGER ROBERT (AVE;;;;930
201400041482;14;1;13;1140;1;2;1;1;2;5;JACQUES DUCLOS [CD44] (R;;;;930
201400041483;14;2;17;1520;1;2;2;1;3;71;0, PEUPLIERS (ALLEE DES);;;;930
201400041484;14;1;14;750;5;2;1;2;6;5;HOTEL DE VILLE (BOULEVAR;;;;930
201400041485;14;1;15;1000;1;2;1;2;6;5;68, MOULIN DE LA VILLE (;;;;930
201400041486;14;1;15;1140;1;2;1;2;2;5;4, SEVRAN (CD44) (RUE DE;;;;930
201400041487;14;1;15;2100;5;2;1;2;2;5;JULES PRINCET [CD115] (R;;;;930
201400041488;14;1;18;1500;1;2;6;1;3;5;CLEMENT ADER (RUE);;;;930
201400041489;14;3;12;1920;5;2;1;1;2;71;0, RAOUL DAUTRY (AVENUE);;;;930
201400041490;14;1;18;1850;5;2;1;1;3;5;JEAN CHARCOT [CD115] (RU;;;;930
201400041491;14;3;28;1315;1;1;1;1;6;71;0, PETITS PONTS (ROUTE D;;;;930
201400041492;14;1;19;1100;1;2;1;1;2;5;WALDECK ROUSSEAU (RUE);;;;930
201400041493;14;4;1;1715;1;2;1;1;6;71;0, JOHN F. KENNEDY (AVEN;;;;930
201400041494;14;1;22;1330;1;2;1;1;3;5;CHARDONNERETS (RUE DES);;;;930
201400041495;14;4;3;825;1;2;1;1;6;71;0, LEON JOUHAUX (AVENUE);;;;930
201400041496;14;1;28;2330;5;2;1;2;6;5;GENERAL DE GAULLE (PLACE;;;;930
201400041497;14;4;6;728;1;2;1;1;6;71;0, GENERAL LECLERC (AVEN;;;;930
201400041498;14;1;31;1615;1;1;1;1;7;5;SAVIGNY (AVENUE DE);;;;930
201400041499;14;4;10;1020;1;2;1;1;6;71;0, MARCHE (AVENUE DU);;;;930
201400041500;14;4;10;1145;1;2;3;1;6;71;, GENERAL LECLERC (AVENU;;;;930
201400041501;14;2;2;1505;1;2;1;1;3;5;ROBERT SCHUMAN (CARREFOU;;;;930
201400041502;14;4;10;1347;1;2;1;1;6;71;25, LUCIEN SPORTISS (RUE;;;;930
201400041503;14;2;3;1135;1;2;1;1;2;5;MITRY [CD115] (ROUTE DE);;;;930
201400041504;14;4;13;1440;1;2;1;1;1;71;47, GABRIEL PERI (RUE);;;;930
201400041505;14;2;6;1500;1;2;1;2;1;5;ANDRE CITROEN (BOULEVARD;;;;930
201400041506;14;4;19;1835;1;2;1;1;2;71;RAOUL DAUTRY (AVENUE);;;;930
201400041507;14;4;26;2020;2;2;7;8;3;71;37, AULNAY (RUE D');;;;930
201400041508;14;2;8;2110;5;2;1;8;2;5;MITRY [CD115] (RUE DE);;;;930
201400041509;14;5;13;2045;2;2;1;1;6;71;0, JEAN GIONO (ALLEE);;;;930
201400041510;14;2;10;325;5;2;1;1;3;5;SEVRAN (CD44) (RUE DE);;;;930
201400041511;14;2;13;810;2;2;1;3;6;5;EMILE ZOLA (BOULEVARD);;;;930
201400041512;14;2;13;1305;1;2;6;2;6;5;RAOUL DUFY (AVENUE);;;;930
201400041513;14;3;3;915;1;2;3;2;6;5;MOULIN DE LA VILLE (CHEM;;;;930
201400041514;14;3;4;1305;1;2;1;1;3;5;61bis, JACQUES DUCLOS [C;;;;930
201400041515;14;3;4;1835;5;2;1;1;2;5;RAOUL DUFY (AVENUE);;;;930
201400041516;14;3;8;1540;1;2;1;1;2;5;JEAN CHARCOT [CD115] (RU;;;;930
201400041517;14;3;10;1620;1;2;1;1;3;5;MARC CHAGALL (BOULEVARD);;;;930
201400041518;14;3;12;1110;1;2;1;1;3;5;JEAN CHARCOT [CD115] (RU;;;;930
201400041519;14;3;16;1600;1;2;3;1;1;5;EUGENE VARLIN (RUE);;;;930
201400041520;14;3;16;1920;1;2;1;1;3;5;JOSEPH MARIE JACQUARD (R;;;;930
201400041521;14;3;18;1340;1;2;1;1;2;5;, MITRY [CD115] (RUE DE);;;;930
201400041522;14;3;24;2200;5;2;1;1;6;5;131, sTRASBOURG (BOULEVA;;;;930
201400041523;14;3;24;1335;1;2;1;1;3;5;137 ter, MITRY [CD115] (;;;;930
201400041524;14;3;27;1520;1;2;1;1;6;5;HOTEL DE VILLE (PLACE DE;;;;930
201400041525;14;3;27;1913;5;2;1;1;3;5;112, MITRY [CD115] (RUE;;;;930
201400041526;14;3;28;1715;1;2;4;1;3;5;JULES VALLES (RUE);;;;930
201400041527;14;4;3;2030;2;2;2;1;3;5;GROS PEUPLIER (AVENUE DU;;;;930
201400041528;14;4;5;2240;5;2;1;1;4;5;PREFET CHALEIL (CD44) (R;;;;930
201400041529;14;4;10;830;1;2;6;1;6;5;JULES VALLES (RUE);;;;930
201400041530;14;4;11;1755;1;2;1;1;6;5;MOULIN DE LA VILLE (CHEM;;;;930
201400041531;14;4;13;300;4;2;1;1;1;5;59, PREFET CHALEIL (CD44;;;;930
201400041532;14;4;14;1734;1;2;1;1;6;5;55, AUGUSTE RENOIR (RUE);;;;930
201400041533;14;4;16;1030;1;2;2;1;1;5;JEAN CHARCOT [CD115] (RU;;;;930
201400041534;14;4;19;1045;1;2;1;1;2;5;18, JEAN CHARCOT [CD115];;;;930
201400041535;14;4;26;155;5;2;1;1;3;5;MARC CHAGALL (BOULEVARD);;;;930
201400041536;14;4;29;2000;2;2;3;2;3;5;86, LOUIS BLANC (AVENUE);;;;930
201400041537;14;5;2;1700;1;2;1;1;4;5;SUZANNE LENGLEN (AVENUE);;;;930
201400041538;14;5;3;1920;1;2;6;1;6;5;EUROPE (CARREFOUR DE L');;;;930
201400041539;14;5;4;1500;1;2;3;1;3;5;MARC CHAGALL (BOULEVARD);;;;930
201400041540;14;5;5;1430;1;2;1;1;3;5;11, ANATOLE FRANCE (AVEN;;;;930
201400041541;14;5;5;2335;5;2;1;1;3;5;RAOUL DUFY (AVENUE);;;;930
201400041542;14;5;7;1610;1;2;1;2;6;5;, PREFET CHALEIL (CD44);;;;930
201400041543;14;5;8;2105;5;2;1;2;7;5;24, JULES PRINCET [CD115;;;;930
201400041544;14;5;9;1730;1;2;2;1;3;5;ROISSY EN FRANCE [CR N9];;;;930
201400041545;14;5;9;1800;1;2;3;1;6;5;JEAN BART (ALLEE);;;;930
201400041546;14;5;12;1638;1;2;1;2;6;5;12, EDGAR DEGAS (RUE);;;;930
201400041547;14;5;17;255;5;2;2;1;3;5;JACQUES DUCLOS [CD44] (R;;;;930
201400041548;14;5;18;1955;1;2;3;7;6;5;DOCTEUR LAENNEC (ALLEE D;;;;930
201400041549;14;5;19;1945;1;2;1;1;6;5;12, JACQUES DUCLOS [CD44;;;;930
201400041550;14;5;19;2000;1;2;2;1;6;5;LEFEVRE (BOULEVARD);;;;930
201400041551;14;5;19;2230;5;2;3;1;3;5;JULES PRINCET [CD115] (R;;;;930
201400041552;14;5;22;2220;5;2;1;1;6;5;JACQUES DUCLOS [CD44] (R;;;;930
201400041553;14;5;24;1610;1;2;1;1;6;5;GEORGES BRAQUE (BOULEVAR;;;;930
201400041554;14;5;25;1018;1;2;1;1;6;5;MITRY [CD115] (ROUTE DE);;;;930
201400041555;14;6;2;40;5;2;3;8;6;5;MICHEL ANGE (RUE);;;;930
201400041556;14;6;5;2300;5;2;2;1;5;5;JEAN CHARCOT [CD115] (RU;;;;930
201400041557;14;6;6;915;1;2;1;1;2;5;JACQUES DUCLOS [CD44] (R;;;;930
201400041558;14;6;6;1620;1;2;1;1;6;5;CAMILLE DESMOULINS (RUE);;;;930
201400041559;14;6;6;1900;1;2;1;1;6;5;EDGAR DEGAS (RUE);;;;930
201400041560;14;6;7;2015;1;2;1;1;6;5;, PAUL CEZANNE (RUE);;;;930
201400041561;14;6;10;1210;1;2;3;2;3;5;MAXIME GORKI (RUE);;;;930
201400041562;14;6;11;2002;1;2;1;1;6;5;91, MAXIMILIEN ROBESPIER;;;;930
201400041563;14;6;13;1605;1;2;1;1;2;5;COLONEL MOLL (RUE DU);;;;930
201400041564;14;6;15;850;1;2;4;1;1;5;WALDECK ROUSSEAU (RUE);;;;930
201400041565;14;6;15;1750;1;1;6;1;6;5;ANDRE CITROEN (BOULEVARD;;;;930
201400041566;14;6;18;1920;1;2;2;1;3;5;ORDENER (RUE);;;;930
201400041567;14;6;21;2050;1;2;1;1;6;5;JACQUES DUCLOS [CD44] (R;;;;930
201400041568;14;6;24;1300;1;2;2;1;3;5;SALVADOR ALLENDE (COURS);;;;930
201400041569;14;6;26;1825;1;2;1;1;6;5;GEORGES BRAQUE (BOULEVAR;;;;930
201400041570;14;7;1;1700;1;2;1;1;6;5;187, STRASBOURG (BOULEVA;;;;930
201400041571;14;7;1;1720;1;2;2;1;7;5;VOLTAIRE (RUE);;;;930
201400041572;14;7;1;1635;1;2;1;1;6;5;JACQUES DUCLOS [CD44] (R;;;;930
201400041573;14;7;4;1650;1;2;1;1;6;5;PARINOR;;;;930
201400041574;14;7;8;1624;1;2;2;1;3;5;PIMODAN (RUE DE);;;;930
201400041575;14;7;9;1900;1;2;3;3;2;5;MITRY [CD115] (ROUTE DE);;;;930
201400041576;14;7;13;120;5;2;3;1;4;5;CHARLES DE GAULLE [CD115;;;;930
201400041577;14;7;17;800;1;2;1;1;7;5;AMBOURGET (RUE);;;;930
201400041578;14;7;19;1025;1;2;1;1;6;5;JEAN CHARCOT [CD115] (RU;;;;930
201400041579;14;7;20;550;2;2;6;2;6;5;PAUL CEZANNE (RUE);;;;930
201400041580;14;7;23;2355;5;2;1;1;3;5;117, JACQUES DUCLOS [CD4;;;;930
201400041581;14;7;24;1755;1;2;3;1;6;5;28, JULES PRINCET [CD115;;;;930
201400041582;14;7;26;35;5;2;1;1;6;5;HUIT MAI (RUE DU);;;;930
201400041583;14;7;28;1200;1;2;3;1;3;5;00, HENRI MATISSE (RUE);;;;930
201400041584;14;7;28;1410;1;2;1;1;3;5;JULES PRINCET [CD115] (R;;;;930
201400041585;14;7;30;1330;1;2;1;1;1;5;OLIVIERS (RUE DES);;;;930
201400041586;14;7;31;1740;1;2;3;1;1;5;TURGOT (RUE);;;;930
201400041587;14;8;1;1607;1;2;1;1;2;5;GEORGES BRAQUE (BOULEVAR;;;;930
201400041588;14;8;1;2050;2;2;1;1;7;5;13, BOUGAINVILLE (RUE DE;;;;930
201400041589;14;8;6;1;5;2;1;1;2;5;25, WALDECK ROUSSEAU (RU;;;;930
201400041590;14;8;6;2135;1;2;1;1;2;5;PAUL CEZANNE (RUE);;;;930
201400041591;14;8;8;1915;1;2;3;1;3;5;FELIX FAURE (BOULEVARD);;;;930
201400041592;14;8;9;1800;1;2;3;1;6;5;RAOUL DUFY (AVENUE);;;;930
201400041593;14;8;11;105;5;2;1;1;6;5;RAOUL DUFY (AVENUE);;;;930
201400041594;14;8;12;1420;1;2;2;2;3;5;JULES PRINCET [CD115] (R;;;;930
201400041595;14;8;15;1750;1;2;1;1;7;5;5, DAUPHINE (RUE DU);;;;930
201400041596;14;8;20;1900;1;2;2;1;3;5;SAVIGNY (AVENUE DE);;;;930
201400041597;14;7;28;1855;1;2;1;1;6;5;EDGAR DEGAS (RUE);;;;930
201400041598;14;8;26;1450;1;2;1;1;6;5;BONDY (ROUTE DE);;;;930
201400041599;14;9;6;1200;1;2;1;1;6;5;JULES PRINCET [CD115] (R;;;;930
201400041600;14;9;8;2325;5;2;3;1;1;5;MARC CHAGALL (BOULEVARD);;;;930
201400041601;14;9;10;850;1;2;2;1;3;5;ARTHUR CHEVALIER (RUE);;;;930
201400041602;14;9;12;1600;1;2;3;1;3;5;JACQUES DUCLOS [CD44] (R;;;;930
201400041603;14;9;13;1225;1;2;1;1;3;5;MITRY [CD115] (ROUTE DE);;;;930
201400041604;14;9;13;1855;1;2;1;1;3;5;LEON JOUHAUX (RUE);;;;930
201400041605;14;9;13;1850;1;2;1;1;2;5;GEORGES BRAQUE (BOULEVAR;;;;930
201400041606;14;9;18;110;5;2;9;2;6;5;49BIS, NONNEVILLE (AVENU;;;;930
201400041607;14;9;24;2200;5;2;6;1;3;5;SUZANNE LENGLEN (AVENUE);;;;930
201400041608;14;10;6;1815;2;2;2;2;3;5;ONZE NOVEMBRE (RUE DU);;;;930
201400041609;14;10;8;1030;1;2;1;3;6;5;PREFET CHALEIL (CD44) (R;;;;930
201400041610;14;10;8;1440;1;2;1;2;6;5;LOUISE MICHEL (RUE);;;;930
201400041611;14;10;8;2350;5;2;1;8;6;5;25, JULES PRINCET [CD115;;;;930
201400041612;14;10;8;1400;1;1;4;2;6;5;EUROPE (CARREFOUR DE L';;;;930
201400041613;14;10;11;915;1;2;1;3;4;5;PREFET CHALEIL (CD44) R;;;;930
201400041614;14;10;13;1740;1;2;1;1;6;5;68, ANATOLE FRANCE (AVEN;;;;930
201400041615;14;10;14;1755;1;2;1;1;6;5;STRASBOURG (BOULEVARD DE;;;;930
201400041616;14;10;14;1835;1;2;1;1;3;5;JOSEPH MARIE JACQUARD (R;;;;930
201400041617;14;10;15;1820;2;2;6;2;6;5;ANDRE CITROEN (BOULEVARD;;;;930
201400041618;14;10;17;2100;5;2;1;2;3;5;HENRI MATISSE (RUE);;;;930
201400041619;14;10;18;1130;1;2;2;1;3;5;MARC CHAGALL (BOULEVARD);;;;930
201400041620;14;10;18;1340;1;2;5;1;1;5;LOUISE MICHEL (RUE);;;;930
201400041621;14;10;21;1630;1;2;1;2;6;5;JEAN CHARCOT [CD115] (RU;;;;930
201400041622;14;10;22;1725;1;2;2;1;6;5;MITRY [CD115] (RUE DE);;;;930
201400041623;14;10;25;1550;1;2;1;1;6;5;26, MAURICE NILES (RUE);;;;930
201400041624;14;10;26;1645;1;2;1;1;2;5;GEORGES BRAQUE (BOULEVAR;;;;930
201400041625;14;10;31;2105;5;2;3;1;1;5;HUIT MAI (RUE DU);;;;930
201400041626;14;11;6;840;1;2;2;9;6;5;JEAN JAURES (AVENUE);;;;930
201400041627;14;11;7;1720;5;2;2;1;3;5;NEPTUNE (RUE DE);;;;930
201400041628;14;11;7;2005;5;2;2;1;3;5;POMEREU (AVENUE DE);;;;930
201400041629;14;11;14;1700;2;2;1;2;2;5;MICHEL ANGE (RUE);;;;930
201400041630;14;11;14;500;5;2;6;2;3;5;PIERRE SEMARD (AVENUE);;;;930
201400041631;14;11;15;820;1;2;1;1;6;5;MAXIMILIEN ROBESPIERRE (;;;;930
201400041632;14;11;17;2050;4;2;2;2;2;5;MARC CHAGALL (BOULEVARD);;;;930
201400041633;14;11;27;830;1;2;6;2;6;5;20, JEAN JAURES (AVENUE);;;;930
201400041634;14;11;30;1205;1;2;2;8;1;5;PREFET CHALEIL (CD44) (R;;;;930
201400041635;14;12;1;900;1;2;0;1;4;5;JEAN MONET (CARREFOUR);;;;930
201400041636;14;12;1;1600;1;2;0;8;6;5;PAUL CEZANNE (RUE);;;;930
201400041637;14;12;4;1645;2;2;0;1;6;5;HOTEL DE VILLE (BOULEVAR;;;;930
201400041638;14;12;6;1705;2;2;0;1;3;5;BRUNETIERE (RUE);;;;930
201400041639;14;12;6;1915;5;2;0;1;2;5;GEORGES BRAQUE (BOULEVAR;;;;930
201400041640;14;12;7;1800;5;2;0;2;3;5;ANDRE CITROEN (BOULEVARD;;;;930
201400041641;14;12;8;1305;1;2;6;2;2;5;GEORGES BRAQUE (BOULEVAR;;;;930
201400041642;14;12;8;1330;1;2;0;2;1;5;HOTEL DE VILLE (BOULEVAR;;;;930
201400041643;14;12;9;840;1;2;2;9;7;5;ALIX (RUE);;;;930
201400041644;14;12;9;1120;1;2;3;1;2;5;SUZANNE LENGLEN (AVENUE);;;;930
201400041645;14;12;11;1735;1;2;1;1;6;5;MARECHAL JUIN (AVENUE DU;;;;930
201400041646;14;12;12;1220;1;2;0;2;6;5;MITRY [CD115] (ROUTE DE);;;;930
201400041647;14;12;14;1430;1;2;6;1;3;5;CLEMENT ADER (RUE);;;;930
201400041648;14;12;15;2055;5;2;1;2;3;5;JACQUES DUCLOS [CD44] (R;;;;930
201400041649;14;12;18;1415;1;2;1;8;2;5;MADRID (RUE DE);;;;930
201400041650;14;12;25;2230;5;2;1;1;6;5;98, NONNEVILLE (AVENUE D;;;;930
201400041651;14;12;26;2110;5;2;6;2;6;5;EUROPE (CARREFOUR DE L');;;;930
201400041652;14;12;27;2240;5;2;1;2;6;5;24, JULES PRINCET [CD115;;;;930
201400041653;14;12;29;1230;1;2;1;1;5;5;GEORGES BRAQUE (BOULEVAR;;;;930
201400041654;14;12;30;2240;5;2;1;1;1;5;, MOULIN DE LA VILLE (CH;;;;930
201400041655;14;1;1;1430;1;2;1;1;1;7;ANATOLE FRANCE (RUE).;;;;930
201400041656;14;1;2;1525;1;2;1;1;3;7;258, CHARLES FLOQUET (AV;;;;930
201400041657;14;1;5;2115;5;2;2;2;3;7;106, CHARLES FLOQUET (AV;;;;930
201400041658;14;1;18;1645;2;2;1;1;3;7;02 ALBERT EINSTEIN (AVE;;;;930
201400041659;14;1;23;1700;5;2;1;2;6;7;"48, ""PAUL VAILLANT COUTU";;;;930
201400041660;14;1;25;1650;1;2;1;1;3;7;8 MAI 45 (AVENUE DU 1 AU;;;;930
201400041661;14;1;27;600;5;2;1;2;6;7;37, COSMONAUTES (AVENUE;;;;930
201400041662;14;2;1;830;2;2;1;2;6;7;26, PIERRE ET MARIE CURI;;;;930
201400041663;14;2;3;1630;1;2;1;1;4;7;VEUVE BOUQUIN (AVENUE);;;;930
201400041664;14;2;5;1425;1;2;3;2;3;7;"120, ""PAUL VAILLANT COUT";;;;930
201400041665;14;2;7;1530;1;2;1;1;6;7;"40, ""HENRI BARBUSSE (AVE";;;;930
201400041666;14;2;7;1555;1;2;1;1;6;7;33, SURCOUF (AVENUE);;;;930
201400041667;14;2;8;1050;1;2;2;2;3;7;27, CHARLES GOUNOD (RUE);;;;930
201400041668;14;2;9;1300;1;2;1;1;6;7;16, ESPERANCE (AVENUE DE;;;;930
201400041669;14;2;19;1915;5;2;1;1;2;7;"""PAUL VAILLANT COUTURIER";;;;930
201400041670;14;2;11;1310;1;2;3;1;1;7;"44, ""MAXIME GORKY (RUE """;;;;930
201400041671;14;2;12;1830;5;2;1;2;2;7;"159, ""PAUL VAILLANT COUT";;;;930
201400041672;14;2;27;910;1;2;2;3;3;7;ARISTIDE BRIAND (AVENUE;;;;930
201400041673;14;3;1;1440;1;2;2;1;3;7;23, ROMAIN ROLLAND (AVEN;;;;930
201400041674;14;3;9;1140;1;2;9;1;6;7;"15, ""HENRI BARBUSSE (AVE";;;;930
201400041675;14;3;11;1820;1;2;1;1;3;7;76, ARISTIDE BRIAND (AVE;;;;930
201400041676;14;3;27;1625;1;2;1;1;6;7;PETRODVORETS (RUE);;;;930
201400041677;14;4;5;1640;1;2;3;1;3;7;"122, ""REPUBLIQUE (AVENUE";;;;930
201400041678;14;4;17;1030;1;2;1;1;3;7;"179, ""PAUL VAILLANT COUT";;;;930
201400041679;14;4;17;1545;1;2;1;1;6;7;12, BERGERAC (RUE DE);;;;930
201400041680;14;4;20;2309;5;2;2;1;3;7;"""REPUBLIQUE (AVENUE DE L";;;;930
201400041681;14;4;24;1325;1;2;2;1;3;7;0, ARISTIDE BRIAND (AVEN;;;;930
201400041682;14;5;2;1350;1;2;3;2;3;7;"""PAUL VAILLANT COUTURIER";;;;930
201400041683;14;5;2;1925;1;2;2;1;3;7;ARISTIDE BRIAND (AVENUE;;;;930
201400041684;14;5;3;1715;1;2;1;1;6;7;"""HENRI BARBUSSE (AVENUE";;;;930
201400041685;14;5;5;1335;1;2;1;1;6;7;"""DIDEROT (RUE """"DU 02 AU";;;;930
201400041686;14;5;8;1810;1;2;2;2;3;7;"""PAUL VAILLANT COUTURIER";;;;930
201400041687;14;5;13;1650;1;2;2;2;2;7;3, PROFESSEUR FLEMING (A;;;;930
201400041688;14;5;15;835;1;2;1;1;5;7;CHARLES FLOQUET (AVENUE);;;;930
201400041689;14;5;22;1925;1;2;1;1;7;7;212, 8 MAI 45 (AVENUE DU;;;;930
201400041690;14;6;7;1600;1;2;2;1;2;7;"""HENRI BARBUSSE (AVENUE";;;;930
201400041691;14;6;21;1405;1;2;3;7;5;7;"108, ""HENRI BARBUSSE (AV";;;;930
201400041692;14;6;27;1650;1;2;3;1;1;7;00, PETRODVORETZ (RUE);;;;930
201400041693;14;6;30;1545;1;2;1;1;6;7;"""REPUBLIQUE (AVENUE DE L";;;;930
201400041694;14;6;30;1740;1;2;1;1;6;7;"""PAUL VAILLANT COUTURIER";;;;930
201400041695;14;7;1;110;5;2;1;1;3;7;PAUL VAILLANT COUTURIER;;;;930
201400041696;14;7;10;1732;1;2;1;1;7;7;"""MAXIME GORKY (RUE "" COT";;;;930
201400041697;14;8;4;2205;5;2;3;1;4;7;"06, ""REPUBLIQUE  AVENUE";;;;930
201400041698;14;8;16;1820;1;2;3;1;3;7;COSMONAUTES (AVENUE DES;;;;930
201400041699;14;9;25;830;1;2;1;1;7;7;"201-203, ""PAUL VAILLANT";;;;930
201400041700;14;9;25;1900;2;2;1;1;7;7;"41, ""DESCARTES (AVENUE """;;;;930
201400041701;14;9;25;2000;3;2;3;1;1;7;JUST HERAS (RUE);;;;930
201400041702;14;10;3;945;1;2;2;1;6;7;"70, ""HENRI BARBUSSE (AVE";;;;930
201400041703;14;10;3;1400;1;2;3;1;2;7;"""DIDEROT (RUE """"DU 02 AU";;;;930
201400041704;14;10;4;1850;2;2;1;1;7;7;32, BERNE (RUE DE);;;;930
201400041705;14;10;7;905;1;2;1;1;3;7;8 MAI 45 (AVENUE DU 184;;;;930
201400041706;14;10;23;1505;1;2;3;1;3;7;84, 8 MAI 45 (AVENUE DU;;;;930
201400041707;14;10;24;1242;1;2;1;1;6;7;MARTYRS DE LA DEPORTATIO;;;;930
201400041708;14;11;3;2100;5;2;3;2;1;7;PASTEUR (AVENUE);;;;930
201400041709;14;11;18;1655;2;2;1;2;7;7;07, EMILE ZOLA (RUE);;;;930
201400041710;14;11;20;1750;5;2;1;2;6;7;"26, ""PAUL VAILLANT COUTU";;;;930
201400041711;14;11;21;1030;1;2;1;1;2;7;"212, ""PAUL VAILLANT COUT";;;;930
201400041712;14;11;26;1045;1;2;1;8;6;7;COSMONAUTES (AVENUE DES);;;;930
201400041713;14;11;28;1355;1;2;1;1;6;7;DIVISION LECLERC (AVENUE;;;;930
201400041714;14;12;2;1650;2;2;1;8;3;7;210, 8 MAI 45 (AVENUE DU;;;;930
201400041715;14;12;5;2155;5;2;1;2;6;7;8 MAI 45 (AVENUE DU 184;;;;930
201400041716;14;12;10;1247;1;2;0;2;6;7;"""DESCARTES (AVENUE """"DU";;;;930
201400041717;14;12;16;1230;1;2;0;1;6;7;"35, ""MAXIME GORKY (RUE """;;;;930
201400041718;14;12;17;740;3;2;8;3;6;7;8 MAI 45 (AVENUE DU 1 AU;;;;930
201400041719;14;12;22;1720;5;2;3;1;3;7;26, ARISTIDE BRIAND (AVE;;;;930
201400041720;14;12;28;2138;5;2;1;1;3;7;"""PAUL VAILLANT COUTURIER";;;;930
201400041721;14;12;30;1110;1;2;1;1;2;7;8 MAI 45 (AVENUE DU 184;;;;930
201400041722;14;1;1;430;5;2;6;2;7;8;ESTIENNE D'ORVES (RUE D';;;;930
201400041723;14;1;3;1900;5;2;1;1;6;8;ROND POINT REPIQUET.;;;;930
201400041724;14;1;6;1230;1;2;9;2;1;8;PICASSO (RUE PABLO);;;;930
201400041725;14;1;13;1630;1;2;9;1;3;8;01 PICASSO (RUE PABLO);;;;930
201400041726;14;1;15;1800;5;2;1;2;6;8;SEMARD (RUE PIERRE).;;;;930
201400041727;14;1;17;1220;1;2;9;1;7;8;PICASSO (RUE PABLO).;;;;930
201400041728;14;1;21;1725;5;2;9;1;6;8;ALLENDE-(AVE DU P. SALVA;;;;930
201400041729;14;1;25;828;5;2;1;3;4;8;VAILLANT COUTURIER-(AVEN;;;;930
201400041730;14;1;27;1339;1;2;3;8;3;8;JURA (RUE DU).;;;;930
201400041731;14;2;2;530;5;2;1;1;6;8;PARIS (RUE DE).;;;;930
201400041732;14;2;2;2237;5;2;1;1;5;8;JAURES (AVENUE JEAN).AAA;;;;930
201400041733;14;2;8;1620;1;2;1;1;3;8;THOREZ (BOULEVARD-MAURIC;;;;930
201400041734;14;2;11;1930;5;2;6;2;3;8;PLACE DE L'ABBE-GREGOIRE;;;;930
201400041735;14;2;21;225;5;2;6;2;6;8;5 aLLENDE (AVE DU P. SA;;;;930
201400041736;14;2;23;1550;1;2;6;2;2;8;SEMARD (RUE PIERRE).;;;;930
201400041737;14;3;4;715;1;2;1;1;2;8;173, VAILLANT COUTURIER;;;;930
201400041738;14;3;25;1750;1;2;3;8;3;8;0, GAUTIER (RUE HENRI);;;;930
201400041739;14;4;3;1250;1;2;1;1;6;8;6, BROUCXAU (RUE MARCEL);;;;930
201400041740;14;4;19;20;4;2;2;1;3;8;STALINGRAD (RUE DE) A10;;;;930
201400041741;14;5;2;2155;5;2;1;1;3;8;SEMARD (AVENUE PIERRE);;;;930
201400041742;14;5;7;1245;1;2;1;2;7;8;VAILLANT (AVENUE EDOUARD;;;;930
201400041743;14;5;18;2055;1;2;1;1;1;8;0 CACHIN (RUE MARCEL);;;;930
201400041744;14;5;26;1925;1;2;0;1;5;8;VAILLANT COUTURIER (AVEN;;;;930
201400041745;14;5;27;1850;1;2;1;1;1;8;119, GAUTIER (RUE HENRI);;;;930
201400041746;14;5;31;550;2;2;1;1;3;8;21-43 STALINGRAD (RUE D;;;;930
201400041747;14;6;8;1850;1;2;1;1;6;8;VAILLANT COUTURIER (AVEN;;;;930
201400041748;14;6;12;900;1;2;0;1;3;8;144, BARBUSSE (AVENUE HE;;;;930
201400041749;14;6;15;1835;1;2;2;1;3;8;JURA (RUE DU);;;;930
201400041750;14;6;18;1935;1;2;3;1;2;8;ODESSA (RUE D');;;;930
201400041751;14;6;21;1910;1;2;1;1;3;8;VAILLANT COUTURIER (AVEN;;;;930
201400041752;14;6;21;2210;2;2;3;1;6;8;FRACHON (RUE BENOIT)-;;;;930
201400041753;14;7;29;1500;1;2;1;8;3;53;114, BREMENT (RUE DE) 10;;;;930
201400041754;14;6;28;1830;1;2;1;2;3;8;12, VAILLANT COUTURIER (;;;;930
201400041755;14;7;4;930;1;2;1;2;2;8;161, PARIS (RUE DE);;;;930
201400041756;14;7;4;2240;5;2;1;1;3;8;DIVISION LECLERC (AVENUE;;;;930
201400041757;14;7;16;1620;1;2;2;1;3;8;GRANDE DENISE (RUE DE LA;;;;930
201400041758;14;7;18;1545;1;2;1;1;6;8;261 STALINGRAD (RUE DE);;;;930
201400041759;14;7;21;1315;1;2;6;9;4;8;VAILLANT COUTURIER (AVE;;;;930
201400041760;14;7;26;1300;1;2;3;1;6;8;MARX (AVENUE KARL);;;;930
201400041761;14;7;27;1105;1;2;1;1;6;8;216 JAURES (AVENUE JEAN;;;;930
201400041762;14;8;3;2110;2;2;3;2;3;8;VALLES (RUE JULES);;;;930
201400041763;14;8;16;1120;1;2;1;1;2;8;PARIS (RUE DE);;;;930
201400041764;14;8;28;200;5;2;1;1;2;8;2-24, BARBUSSE (AVENUE H;;;;930
201400041765;14;8;29;2250;5;2;1;1;7;8;15-29, PARIS (RUE DE);;;;930
201400041766;14;9;8;20;5;2;3;1;4;8;01 MENDES DES CARMES (R;;;;930
201400041767;14;9;18;1350;1;2;6;7;6;8;SEMARD (AVENUE PIERRE);;;;930
201400041768;14;9;18;1700;1;2;1;1;3;8;VAILLANT COUTURIER (AVEN;;;;930
201400041769;14;9;20;2030;5;2;3;2;2;8;REPUBLIQUE (RUE DE LA);;;;930
201400041770;14;9;22;1151;1;2;1;1;4;8;224, BARBUSSE (AVENUE HE;;;;930
201400041771;14;9;27;1940;5;2;1;1;6;8;THOREZ (BOULEVARD MAURIC;;;;930
201400041772;14;9;29;845;1;2;1;3;3;8;79 RENARD (RUE EDOUARD);;;;930
201400041773;14;10;2;740;2;2;1;1;2;8;GAUTIER (RUE HENRI);;;;930
201400041774;14;10;3;830;1;2;1;7;3;8;MARAT (RUE);;;;930
201400041775;14;10;3;1100;1;2;1;1;3;8;70, JAURES (AVENUE JEAN);;;;930
201400041776;14;10;5;200;5;2;6;2;7;8;435, VAILLANT COUTURIER;;;;930
201400041777;14;10;6;1515;1;2;1;1;2;8;VAILLANT COUTURIER (AVEN;;;;930
201400041778;14;10;6;2030;5;2;1;2;7;8;124, STALINGRAD (RUE DE);;;;930
201400041779;14;10;7;945;1;2;1;2;6;8;PARIS (RUE DE);;;;930
201400041780;14;10;7;1420;1;2;1;2;6;8;66, REPUBLIQUE (RUE DE L;;;;930
201400041781;14;10;9;1400;1;2;1;1;6;8;ANJOU (RUE D');;;;930