num_acc;an;mois;jour;hrmn;lum;agg;int;atm;col;com;adr;gps;lat;long;dep
201400041782;14;10;11;1850;5;2;1;1;6;8;PARIS (RUE DE);;;;930
201400041783;14;10;20;355;5;2;3;1;6;8;BARBUSSE (AVENUE HENRI);;;;930
201400041784;14;10;20;1520;1;2;1;1;3;8;85, VAILLANT (AVENUE EDO;;;;930
201400041785;14;10;22;1140;1;2;1;1;3;8;2, REPUBLIQUE (RUE DE LA;;;;930
201400041786;14;10;29;2115;5;2;1;1;6;8;STALINGRAD (RUE DE) A10;;;;930
201400041787;14;11;4;1255;1;2;1;1;2;8;VAILLANT COUTURIER (AVEN;;;;930
201400041788;14;11;4;1750;5;2;1;1;6;8;BELWO (RUE PAUL);;;;930
201400041789;14;11;4;1845;5;2;1;1;6;8;FREUD (RUE SIGMUND);;;;930
201400041790;14;11;7;1605;1;2;1;1;6;8;01, BARBUSSE (AVENUE HEN;;;;930
201400041791;14;11;7;2009;5;2;1;1;6;8;BELWO (RUE PAUL);;;;930
201400041792;14;11;11;1515;1;2;4;1;5;8;VAILLANT COUTURIER (AVEN;;;;930
201400041793;14;11;16;2330;5;2;1;2;7;8;BARBUSSE (AVENUE HENRI);;;;930
201400041794;14;12;3;720;5;2;6;2;3;8;VAILLANT COUTURIER (AVEN;;;;930
201400041795;14;12;6;145;5;2;0;1;1;8;VAILLANT COUTURIER (AVEN;;;;930
201400041796;14;12;12;500;5;2;3;2;2;8;BARBUSSE (AVENUE HENRI);;;;930
201400041797;14;12;13;1206;1;2;1;2;2;8;92, REPUBLIQUE (RUE DE L;;;;930
201400041798;14;12;14;2250;5;2;1;2;6;8;216, BARBUSSE (AVENUE HE;;;;930
201400041799;14;12;14;550;5;2;3;1;3;8;VAILLANT COUTURIER (AVEN;;;;930
201400041800;14;12;17;1940;5;2;1;1;3;8;PLACE SAINT JUSTE;;;;930
201400041801;14;12;22;1130;1;2;1;1;3;8;BARBUSSE (AVENUE HENRI);;;;930
201400041802;14;12;25;1240;1;2;2;1;3;8;REPUBLIQUE (RUE DE LA);;;;930
201400041803;14;12;25;1620;1;2;1;2;1;8;107, VAILLANT (AVENUE ED;;;;930
201400041804;14;12;28;2005;5;2;0;1;6;8;BARBUSSE (AVENUE HENRI);;;;930
201400041805;14;12;29;1810;5;2;0;2;4;8;PARIS (RUE DE);;;;930
201400041806;14;12;20;1310;1;2;9;1;3;8;VAILLANT COUTURIER (AVEN;;;;930
201400041807;14;12;27;2030;5;2;1;2;2;8;VAILLANT COUTURIER (AVEN;;;;930
201400041808;14;1;3;1140;1;2;1;1;6;57;41, HUGO (AV. VICTOR);;;;930
201400041809;14;1;5;1255;1;2;1;1;3;10;04, COLLARDEAU (RUE PHIL;;;;930
201400041810;14;1;9;1130;1;2;2;8;3;10;, BLANQUI (R. LOUIS-AUGU;;;;930
201400041811;14;1;9;1755;5;2;3;1;1;10;200, GALLIENI (AV.) DE 1;;;;930
201400041812;14;1;29;1810;5;2;1;8;6;10;AULNAY (ROUTE) DE 123 A;;;;930
201400041813;14;2;1;1425;1;2;1;1;6;10;105, GALLIENI (AV.) DE 1;;;;930
201400041814;14;2;10;1730;1;2;1;8;6;10;CARNOT (AV.) DE 56 A 129;;;;930
201400041815;14;2;14;1110;1;2;1;2;6;57;HUGO (AV. VICTOR);;;;930
201400041816;14;2;19;1610;1;2;5;1;3;10;GALLIENI (AV.) DE 177 A;;;;930
201400041817;14;3;1;640;5;2;6;2;3;10;REPUBLIQUE (PL. DE LA).;;;;930
201400041818;14;3;7;730;1;1;1;1;3;10;GALLIENI (AV) CONFORAMA;;;;930
201400041819;14;3;8;1950;5;2;1;1;1;57;JAURES (AV. JEAN) 1-A 12;;;;930
201400041820;14;3;9;1555;1;2;1;1;6;10;04 DORMOY (AV. MARX) DE;;;;930
201400041821;14;3;10;935;1;2;1;1;1;57;LUXEMBOURG (AL. DE);;;;930
201400041822;14;3;12;1435;1;2;3;1;1;10;VAILLANT (RUE EDOUARD)-1;;;;930
201400041823;14;3;11;1740;1;2;1;1;1;10;GALLIENI (AV.) DE 177-A;;;;930
201400041824;14;3;13;1700;1;2;1;1;2;10;000000000, GALLIENI (AV;;;;930
201400041825;14;3;16;1255;1;2;1;1;4;10;194 ROSNY (AV. DE);;;;930
201400041826;14;3;20;1020;1;2;1;1;2;10;GALLIENI (AV) DE 2 A 96;;;;930
201400041827;14;3;24;245;5;2;1;1;3;10;152, GALLIENI (AV.) DE;;;;930
201400041828;14;3;24;1345;1;2;1;1;6;10;105 GALLIENI (AV.) DE 1;;;;930
201400041829;14;3;26;1620;1;2;0;1;6;10;QUATORZE-JUILLET (AV DU;;;;930
201400041830;14;3;26;1750;1;2;1;1;6;10;31 VILLEMOMBLE (RTE DE);;;;930
201400041831;14;4;2;1245;1;2;8;1;6;10;GUESDES (RUE JULES);;;;930
201400041832;14;4;4;1445;1;2;3;1;3;57;10, QUATORZE JUILLET (AV;;;;930
201400041833;14;4;7;35;5;2;1;1;2;57;16, BRIAND ( AV. ARISTID;;;;930
201400041834;14;4;14;1909;1;2;8;1;6;10;140, BLANQUI (R. LOUIS-A;;;;930
201400041835;14;4;12;800;1;2;9;1;3;10;QUATORZE-JUILLET (AV. DU;;;;930
201400041836;14;4;19;1820;1;2;1;1;6;10;LATTRE DE TASSIGNY (AV.;;;;930
201400041837;14;4;23;1310;1;2;1;1;6;10;1, GUESDES (RUE JULES);;;;930
201400041838;14;4;30;845;1;2;1;1;6;57;02, ZOLA (AL. EMILE);;;;930
201400041839;14;5;3;1600;1;2;1;1;3;10;GALLIENI (AV.) DE 2 A 96;;;;930
201400041840;14;5;15;1810;1;2;1;1;6;10;19, CARNOT (AV.) DE 1 A;;;;930
201400041841;14;5;16;1150;1;2;1;1;7;10;78, SALENGRO (RUE ROGER);;;;930
201400041842;14;5;20;1205;1;2;4;1;6;57;, PASTEUR (BD) 1 A 63;;;;930
201400041843;14;5;25;625;1;2;3;1;3;57;274, BRIAND (AV. ARISTID;;;;930
201400041844;14;5;26;1209;1;2;1;2;3;10;GALLIENI (AV.) DE 111 A;;;;930
201400041845;14;6;10;1240;1;2;1;2;3;10;84, CARNOT (AV.) DE 56 A;;;;930
201400041846;14;6;25;1845;1;1;1;1;2;10;51, GALLIENI (AV.) DE 1;;;;930
201400041847;14;6;30;845;1;2;2;1;3;10;BLANQUI (AL. LOUIS-AUGUS;;;;930
201400041848;14;6;30;1355;1;2;5;1;3;10;GAMBETTA (PLACE);;;;930
201400041849;14;7;6;1015;1;2;2;2;7;10;GALLIENI (AV.) DE 2 A 96;;;;930
201400041850;14;7;11;1605;1;2;3;2;3;10;DEUX COMMUNES (AL. DES);;;;930
201400041851;14;7;13;900;1;2;1;3;2;10;GALLIENI (AV.) 211;;;;930
201400041852;14;7;14;1915;1;2;1;1;6;10;6, LUTHERKING (RUE MARTI;;;;930
201400041853;14;7;17;750;1;2;3;1;6;57;10, ROSNY (AL. DE);;;;930
201400041854;14;7;19;1525;1;2;2;1;3;57;BRIAND (AV. ARISTIDE) 2;;;;930
201400041855;14;7;19;2025;1;2;3;2;3;10;QUATORZE-JUILLET (AV. DU;;;;930
201400041856;14;7;22;1819;1;2;1;1;5;10;152, GALLIENI (AV.) DE 1;;;;930
201400041857;14;7;25;1800;1;1;3;1;1;10;DELAINE (RUE CESAR);;;;930
201400041858;14;7;27;1800;1;2;3;1;3;57;BRIAND (AV. ARISTIDE) 21;;;;930
201400041859;14;7;28;1845;1;2;1;1;6;10;3, BOBILLOT (RUE DU SERG;;;;930
201400041860;14;8;5;1450;1;2;1;1;3;10;44, SAKHAROV (RUE ANDREI;;;;930
201400041861;14;8;6;1910;1;2;3;1;6;57;PASTEUR (BD) 141 A FIN;;;;930
201400041862;14;8;15;1245;1;2;1;1;3;57;132, BRIAND (AV. ARISTID;;;;930
201400041863;14;8;20;1600;1;2;8;1;6;10;1, GUESDES (RUE JULES);;;;930
201400041864;14;8;27;920;1;2;3;2;1;10;96, FRANCE (AV. ANATOLE);;;;930
201400041865;14;9;1;1315;1;2;1;1;6;57;BRIAND ( AV. ARISTIDE) 3;;;;930
201400041866;14;9;10;1215;1;2;2;1;1;57;29, BRIAND ( AV.  ARISTI;;;;930
201400041867;14;9;12;1845;1;2;1;1;3;10;81, BARBUSSE (AV. HENRI);;;;930
201400041868;14;9;15;1615;1;2;1;1;6;10;166, GALLIENI (AV.) DE 1;;;;930
201400041869;14;9;17;825;1;2;1;9;3;57;7bis, BRIAND ( AV. ARIST;;;;930
201400041870;14;9;17;1035;1;2;1;1;2;10;GALLIENI (AV.) DE 1 A 10;;;;930
201400041871;14;9;19;2035;3;2;1;1;5;10;STAINS (RTE DE);;;;930
201400041872;14;9;27;1140;1;2;1;1;6;10;00, SALENGRO (RUE ROGER);;;;930
201400041873;14;9;27;1940;5;2;4;1;6;10;GALLIENI (AV.) DE 1 A 10;;;;930
201400041874;14;9;29;745;2;2;1;2;6;10;24, BARBUSSE (AV. HENRI);;;;930
201400041875;14;9;8;1350;1;2;1;1;6;10;GUESDES (RUE JULES);;;;930
201400041876;14;10;6;1700;1;2;1;2;7;57;42, MONTYON (AL.) 1 A 74;;;;930
201400041877;14;10;7;1730;1;2;1;1;6;10;95, GUESDES (RUE JULES);;;;930
201400041878;14;10;8;715;5;2;4;3;6;10;1, GALLIENI (AV.) DE 188;;;;930
201400041879;14;10;11;2135;5;2;0;1;6;10;GALLIENI (AV.) DE 2 A 96;;;;930
201400041880;14;10;15;1400;1;2;1;2;4;10;68, AULNAY (ROUTE) COTE;;;;930
201400041881;14;10;18;1735;1;2;9;1;3;10;GALLIENI (AV) DE 188 A;;;;930
201400041882;14;10;31;1;5;2;2;1;3;10;105, AULNAY (ROUTE) DE 4;;;;930
201400041883;14;11;1;20;5;2;1;1;4;57;0000000000 BRIAND (AV.;;;;930
201400041884;14;11;5;825;1;2;1;1;2;10;175, GALLIENI (AV.) DE 1;;;;930
201400041885;14;11;5;1750;5;2;1;1;1;57;116, BRIAND (AV. ARISTID;;;;930
201400041886;14;11;7;1700;5;2;2;1;3;57;BRIAND ( AV.  ARISTIDE);;;;930
201400041887;14;11;9;1810;5;2;3;1;3;57;MONTYON (AL.) 1 A 74;;;;930
201400041888;14;11;10;1245;1;2;1;8;3;10;200 GALLIENI (AV.) DE 1;;;;930
201400041889;14;11;11;1500;1;2;1;1;6;10;, BUISSON (AV. SUZANNE);;;;930
201400041890;14;11;12;1530;1;2;3;1;3;57;73, PASTEUR (BD) 65 A 13;;;;930
201400041891;14;11;17;1705;5;2;9;2;3;57;BOUVINES (AL. DE);;;;930
201400041892;14;11;8;130;5;2;2;1;3;57;, BRIAND (AV. ARISTIDE);;;;930
201400041893;14;11;20;830;1;2;1;1;3;57;JAURES (AV. JEAN) 125 A;;;;930
201400041894;14;11;21;1815;1;2;3;1;3;10;VAILLANT (RUE EDOUARD) 2;;;;930
201400041895;14;11;24;830;1;2;9;1;6;10;BOBILLOT (RUE DU SERGENT;;;;930
201400041896;14;11;26;1630;5;2;1;8;6;57;45, MONTYON (AL.) 1 A 74;;;;930
201400041897;14;11;27;1840;5;2;1;1;7;10;9 BLUM (AV. LEON);;;;930
201400041898;14;11;30;1715;1;2;1;1;2;10;202, GALLIENI (AV.) DE 1;;;;930
201400041899;14;12;2;1915;5;2;0;1;2;57;1, BRIAND ( AV. ARISTIDE;;;;930
201400041900;14;12;8;800;2;2;1;1;6;10;55, CARNOT (AV.) DE 1 A;;;;930
201400041901;14;12;15;1325;1;2;1;2;3;10;106, GALLIENI (AV.) DE 9;;;;930
201400041902;14;12;15;1630;3;2;4;2;3;10;LATTRE DE TASSIGNY (AV.;;;;930
201400041903;14;12;17;1120;1;2;1;2;1;10;66, AULNAY (ROUTE) COTE;;;;930
201400041904;14;12;23;30;5;2;2;1;3;10;GALLIENI (AV.) DE 2 A 96;;;;930
201400041905;14;12;23;600;2;2;3;1;3;57;118, JAURES (AV. JEAN) 1;;;;930
201400041906;14;12;24;1512;1;2;0;2;3;57;BRIAND (AV. ARISTIDE) 2;;;;930
201400041907;14;12;25;2040;5;2;9;1;1;10;243, ROSNY (AV. DE);;;;930
201400041908;14;12;25;2005;5;2;1;1;3;10;GALLIENI (AV.) DE 177 A;;;;930
201400041909;14;12;26;1940;5;2;1;2;1;10;QUATORZE-JUILLET (AV. DU;;;;930
201400041910;14;12;30;1850;5;2;0;1;2;10;ignor?, GALLIENI (AV.) D;;;;930
201400041911;14;1;1;1745;5;2;3;2;3;47;BARGUE  (BOULEVARD);;;;930
201400041912;14;1;7;815;2;2;1;1;6;47;0, CLICHY (AVENUE DE);;;;930
201400041913;14;1;7;1715;5;2;1;2;6;14;0, SEVIGNE (AVENUE DE);;;;930
201400041914;14;1;8;940;1;2;1;1;6;14;GAGARINE (BOULEVARD);;;;930
201400041915;14;1;9;1250;1;2;1;2;6;14;SEVIGNE (AVENUE DE);;;;930
201400041916;14;1;16;610;2;2;5;2;1;14;MONTFERMEIL (ALLEE DE).;;;;930
201400041917;14;1;18;1215;1;2;2;1;3;47;NOTRE DAMES DES ANGES  (;;;;930
201400041918;14;1;23;1520;1;2;7;2;3;14;227, MONTFERMEIL (ALLEE;;;;930
201400041919;14;1;25;1635;1;2;2;1;3;47;GABRIEL PERI  (AVENUE);;;;930
201400041920;14;1;27;2245;5;2;2;8;3;47;206, DANIEL PERDRIGE  (A;;;;930
201400041921;14;2;6;1940;5;2;1;1;6;14;, MAURICE AUDIN (ALLEE);;;;930
201400041922;14;2;12;1915;5;2;2;2;3;47;GENERAL DE GAULLE (RUE D;;;;930
201400041923;14;2;12;2220;5;2;2;2;3;47;BLEUETS (AVENUE DES);;;;930
201400041924;14;2;27;1345;1;2;9;2;3;14;, MAURICE AUDIN (ALLEE);;;;930
201400041925;14;2;28;845;1;2;2;2;6;14;0, GAGNY (ALLEE DE);;;;930
201400041926;14;3;2;1250;1;2;3;1;3;47;0, MESANGES  (AVENUE DES;;;;930
201400041927;14;3;8;1320;1;2;3;1;3;47;GENERAL LECLERC  (RUE DU;;;;930
201400041928;14;3;19;1020;1;2;1;1;1;47;51, MOULINS  (RUE DES);;;;930
201400041929;14;3;19;1340;1;2;1;1;6;14;3, JULES VEDRINES (ALLEE;;;;930
201400041930;14;3;19;1555;1;2;2;1;3;47;0, NOTRE DAMES DES ANGES;;;;930
201400041931;14;3;28;915;1;2;3;1;2;47;0, COUBRON (RUE DE );;;;930
201400041932;14;3;28;1650;1;2;3;1;6;47;0, HIRONDELLES (AVENUE D;;;;930
201400041933;14;4;1;1620;1;2;2;1;3;14;0, GAGNY (ALLEE DE);;;;930
201400041934;14;4;1;2016;2;2;2;1;3;14;ANATOLE FRANCE (ALLEE);;;;930
201400041935;14;4;4;1340;1;2;1;1;2;47;0, EUROPE (BOULEVARD DE;;;;930
201400041936;14;4;11;1400;1;2;2;1;3;47;0, CHARMILLES (AVENUE DE;;;;930
201400041937;14;4;11;1400;1;2;2;1;3;47;CHARMILLES (AVENUE DES);;;;930
201400041938;14;4;17;1745;1;2;3;1;7;47;1, COROT (RUE);;;;930
201400041939;14;4;17;1715;1;2;2;1;6;14;ETIENNE LAURENT (ALLEE);;;;930
201400041940;14;4;19;1255;1;2;1;1;2;14;0, GAGARINE (BOULEVARD);;;;930
201400041941;14;4;25;1805;1;2;1;1;3;14;TEMPLE (BOULEVARD DU);;;;930
201400041942;14;4;26;1100;1;2;2;3;6;47;JEAN JAURES (AVENUE);;;;930
201400041943;14;4;30;1920;1;2;1;1;2;47;GENERAL LECLERC  (RUE DU;;;;930
201400041944;14;5;3;1425;1;2;3;1;3;47;DOCTEUR ROUX (RUE DU);;;;930
201400041945;14;5;13;1420;1;2;3;3;5;14;JEAN MOULIN (AVENUE);;;;930
201400041946;14;5;16;1320;1;2;1;1;6;14;03, VICTOR HUGO (ALLEE);;;;930
201400041947;14;5;16;1700;1;2;9;1;3;47;186, JEAN JAURES (AVENUE;;;;930
201400041948;14;5;17;1440;1;2;6;1;3;47;ARAGO  (PLACE);;;;930
201400041949;14;5;24;1910;1;1;1;2;7;14;STRATEGIQUE (ROUTE);;;;930
201400041950;14;7;28;1330;1;2;1;1;3;14;49 BIS, CHAPELLE (ALLEE;;;;930
201400041951;14;6;10;1520;1;2;2;2;3;47;ARTS  (AVENUE DES);;;;930
201400041952;14;6;13;2130;2;2;2;1;3;47;EUROPE (BOULEVARD DE L');;;;930
201400041953;14;5;29;250;5;2;3;1;3;47;, JEAN JAURES (AVENUE);;;;930
201400041954;14;6;2;1530;1;2;1;1;2;14;JULES VALLES (ALLEE);;;;930
201400041955;14;6;11;2245;5;2;5;1;3;47;JEAN JAURES (AVENUE);;;;930
201400041956;14;6;17;1700;1;2;1;1;6;14;GAGNY (ALLEE DE);;;;930
201400041957;14;6;22;225;5;2;1;1;1;14;GAGNY (ALLEE DE);;;;930
201400041958;14;7;2;1710;1;2;1;1;2;14;4, GAGNY (ALLEE DE);;;;930
201400041959;14;7;3;2015;1;2;1;1;3;14;3, GAGNY (ALLEE DE);;;;930
201400041960;14;7;7;1920;1;2;2;2;3;14;221 / 223, MONTFERMEIL (;;;;930
201400041961;14;7;17;1130;1;2;1;1;7;14;MAURICE AUDIN (ALLEE);;;;930
201400041962;14;7;16;2300;5;2;3;1;6;47;JEAN JAURES (AVENUE);;;;930
201400041963;14;8;4;1745;1;2;1;1;6;14;SEVIGNE (AVENUE DE);;;;930
201400041964;14;8;18;2150;4;2;1;1;6;47;COUBRON (RUE DE );;;;930
201400041965;14;8;20;1705;1;2;1;1;6;47;BARGUE  (BOULEVARD);;;;930
201400041966;14;9;4;1700;1;2;3;1;3;47;, JEAN JAURES (AVENUE);;;;930
201400041967;14;9;4;2030;5;2;1;1;3;14;, MAURICE AUDIN (ALLEE);;;;930
201400041968;14;9;9;1700;1;2;1;1;3;14;GAGNY (ALLEE DE);;;;930
201400041969;14;9;12;1510;1;2;3;1;4;47;GENERAL LECLERC  (RUE DU;;;;930
201400041970;14;9;15;2000;1;2;3;1;1;47;MUGUETS  (AVENUE DES);;;;930
201400041971;14;9;18;915;1;2;2;1;3;47;170, JEAN JAURES (AVENUE;;;;930
201400041972;14;9;22;1100;1;2;1;1;6;47;BARGUE  (BOULEVARD);;;;930
201400041973;14;9;29;750;1;2;1;2;3;47;MYOSOTIS   (AVENUE DES);;;;930
201400041974;14;10;4;1415;1;2;1;1;3;47;16, PASCAL  (AVENUE);;;;930
201400041975;14;10;18;1218;1;2;5;1;3;47;137, JEAN JAURES (AVENUE;;;;930
201400041976;14;10;22;1640;1;2;1;1;6;47;170, GABRIEL PERI  (AVEN;;;;930
201400041977;14;10;26;1555;1;2;2;1;3;47;MYOSOTIS   (AVENUE DES);;;;930
201400041978;14;10;26;1700;1;2;2;1;3;47;JEAN JAURES (AVENUE);;;;930
201400041979;14;10;31;1655;1;2;2;1;3;47;MARGUERITES  (PLACE DES);;;;930
201400041980;14;11;3;1100;1;2;1;1;6;47;41, GENERAL LECLERC  (RU;;;;930
201400041981;14;11;15;2020;5;2;2;1;3;47;JEAN JAURES (AVENUE);;;;930
201400041982;14;11;16;850;1;2;3;2;3;47;147, EUROPe (BOULEVARD D;;;;930
201400041983;14;11;16;1835;5;2;1;2;2;47;JEAN JAURES (AVENUE);;;;930
201400041984;14;11;17;950;1;2;1;8;6;47;102, CHEVREUL (AVENUE);;;;930
201400041985;14;11;18;2035;5;2;0;2;1;47;, JEAN JAURES (AVENUE);;;;930
201400041986;14;11;23;1930;5;2;0;1;1;14;56, POSTES (CHEMIN DES);;;;930
201400041987;14;11;26;1925;5;2;1;2;3;47;HARDY  (BOULEVARD);;;;930
201400041988;14;11;27;845;1;2;1;5;1;14;MONTFERMEIL (ALLEE DE);;;;930
201400041989;14;11;28;920;1;1;0;1;7;14;STRATEGIQUE (ROUTE);;;;930
201400041990;14;12;1;1800;5;2;1;2;6;14;JEAN MOULIN (AVENUE);;;;930
201400041991;14;12;1;2157;5;2;6;2;6;14;23B, ROMAIN ROLLAND (ALL;;;;930
201400041992;14;12;2;1750;5;2;0;2;6;47;GENERAL LECLERC  (RUE DU;;;;930
201400041993;14;12;2;1735;5;2;1;2;1;14;SEVIGNE (AVENUE DE);;;;930
201400041994;14;12;3;1620;1;2;1;1;7;14;MAURICE AUDIN (ALLEE);;;;930
201400041995;14;12;4;1835;5;2;1;2;2;47;197, JEAN JAURES (AVENUE;;;;930
201400041996;14;12;7;1815;5;2;1;2;1;14;, AUGUSTE GENEVIEV  (ALL;;;;930
201400041997;14;12;12;1650;2;2;1;6;2;47;JEAN JAURES (AVENUE);;;;930
201400041998;14;12;17;1100;1;2;3;2;3;47;195, JEAN JAUREs (AVENUE;;;;930
201400041999;14;12;29;1330;1;2;1;1;5;47;GENERAL LECLERC  (RUE DU;;;;930
201400042000;14;12;31;2149;5;2;3;1;5;14;EMILE ZOLA (BOULEVARD);;;;930
201400042001;14;1;1;1830;5;2;2;2;3;13;CAVILLON (RUE ANIZAN);;;;930
201400042002;14;1;4;2300;5;2;2;1;3;27;VAILLANT-COUTURIER (AVEN;;;;930
201400042003;14;1;5;1345;1;2;1;1;3;13;77-79, LECLERC (AVENU DE;;;;930
201400042004;14;1;6;1640;1;2;1;1;3;13;ROLLAND (RUE DU CDT);;;;930
201400042005;14;1;8;830;1;2;1;1;2;13;39, ROLLAND (RUE DU CDT);;;;930
201400042006;14;1;9;345;5;2;1;8;6;30;100, HUIT-MAI-1945 (AVEN;;;;930
201400042007;14;1;11;1450;1;2;1;1;3;13;21, JAURES (AVENUE JEAN);;;;930
201400042008;14;1;14;1825;2;2;1;1;2;27;VAILLANT-COUTURIER (AVEN;;;;930
201400042009;14;1;15;1900;5;2;1;2;3;27;2, CACHIN (AVENUE MARCEL;;;;930
201400042010;14;1;18;2040;3;2;1;1;2;27;89, BARBUSSE (AVENUE HEN;;;;930
201400042011;14;1;21;1420;1;2;1;1;5;27;34, VAILLANT-COUTURIER (;;;;930
201400042012;14;1;25;1050;1;2;2;2;2;27;RASPAIL (RUE);;;;930
201400042013;14;2;3;1740;2;2;2;1;3;27;0, CONVENTION (RUE DE LA;;;;930
201400042014;14;2;5;730;2;2;1;8;6;13;4, LECLERC (AVENU DE LA;;;;930
201400042015;14;2;13;1815;3;2;1;3;1;30;THOREZ (RUE MAURICE);;;;930
201400042016;14;2;15;1445;1;2;2;1;5;27;123, VAILLANT-COUTURIER;;;;930
201400042017;14;2;20;1015;1;2;1;2;6;13;113 LECLERC (AVENU DE L;;;;930
201400042018;14;2;13;1915;5;2;1;2;6;13;CAVILLON (RUE ANIZAN);;;;930
201400042019;14;2;22;1755;1;2;9;1;6;30;NORMANDIE-NIEMEN (RUE);;;;930
201400042020;14;2;26;1824;2;2;1;1;7;27;8, PASTEUR (BOULEVARD) D;;;;930
201400042021;14;2;27;2100;5;2;2;2;3;27;, PASTEUR (BOULEVARD) DE;;;;930
201400042022;14;3;7;1700;1;2;1;1;6;30;1, RESISTANCE (RUE DE LA;;;;930
201400042023;14;3;8;615;2;1;6;1;7;27;ROCHET (RUE WALDECK);;;;930
201400042024;14;3;10;1835;1;2;3;1;6;27;LAMARTINE (RUE);;;;930
201400042025;14;3;29;1440;1;2;3;1;3;27;, VAILLANT-COUTURIER (AV;;;;930
201400042026;14;3;25;820;1;2;3;2;3;27;FERRY (RUE JULES);;;;930
201400042027;14;4;1;1425;1;2;1;1;3;27;98, MERMOZ (AVENUE JEAN);;;;930
201400042028;14;4;2;815;1;2;1;1;2;13;25, LECLERC (AVENU DE LA;;;;930
201400042029;14;4;5;908;1;2;3;1;2;13;07, KENNEDY (AVENUE JOHN;;;;930
201400042030;14;4;7;1455;1;2;1;1;2;27;54, VAILLANT-COUTURIER (;;;;930
201400042031;14;4;8;2216;5;2;2;1;3;27;PASTEUR (BOULEVARD) DE 1;;;;930
201400042032;14;4;12;1540;1;1;1;1;4;13;LINDBERGH (CARREFOUR);;;;930
201400042033;14;4;16;1610;1;2;1;1;6;13;18, GUYNEMER (RUE);;;;930
201400042034;14;4;16;1645;1;2;1;1;6;27;VAILLANT-COUTURIER (AVEN;;;;930
201400042035;14;4;23;1834;1;2;1;1;6;13;20, JAURES (AVENUE JEAN);;;;930
201400042036;14;4;27;2025;2;2;3;1;2;13;21, JAURES (AVENUE JEAN);;;;930
201400042037;14;4;28;1200;1;2;1;1;2;13;77/79, LECLERC (AVENU DE;;;;930
201400042038;14;4;30;720;1;2;1;1;3;13;53, LECLERC (AVENU DE LA;;;;930
201400042039;14;5;2;1705;1;2;1;1;1;13;KENNEDY (AVENUE JOHN FIT;;;;930
201400042040;14;5;2;1615;1;2;1;1;6;13;LECLERC (AVENU DE LA DIV;;;;930
201400042041;14;5;3;2040;2;2;3;1;2;27;BEAUFILS (RUE);;;;930
201400042042;14;5;5;740;1;2;2;1;6;13;45, LECLERC (AVENU DE LA;;;;930
201400042043;14;5;5;1010;1;2;1;1;6;13;59, LECLERC (AVENU DE LA;;;;930
201400042044;14;5;8;1410;1;2;1;2;6;27;66, VAILLANT-COUTURIER (;;;;930
201400042045;14;5;8;1654;1;1;1;3;2;27;JAURES (AVENUE JEAN);;;;930
201400042046;14;5;10;1155;1;2;1;2;3;27;92, ROCHET (RUE WALDECK);;;;930
201400042047;14;5;15;1010;1;2;1;1;6;13;32, ROLLAND (RUE DU CDT);;;;930
201400042048;14;5;17;1340;1;2;1;1;6;27;52, JAURES (AVENUE JEAN);;;;930
201400042049;14;5;18;2050;2;2;5;1;3;13;KENNEDY (AVENUE JOHN FIT;;;;930
201400042050;14;5;21;2300;5;2;1;2;6;30;HUIT-MAI-1945 (AVENUE DU;;;;930
201400042051;14;5;30;703;1;2;3;1;3;13;121, LECLERC (AVENU DE L;;;;930
201400042052;14;6;3;1830;1;2;2;1;3;30;GUYNEMERS (RUE GEORGES);;;;930
201400042053;14;4;30;1810;1;2;1;8;2;27;SALENGRO (AVENUE ROGER);;;;930
201400042054;14;6;12;815;1;2;1;1;3;27;VAILLANT-COUTURIER (AVEN;;;;930
201400042055;14;6;15;155;5;2;1;1;6;30;HUIT-MAI-1945 (AVENUE DU;;;;930
201400042056;14;6;15;1505;1;2;2;1;3;27;91, CONVENTION (RUE DE L;;;;930
201400042057;14;6;16;1730;1;2;1;1;3;13;GUYNEMER (RUE);;;;930
201400042058;14;6;23;852;1;2;1;1;1;27;51, LECLERC (AVENUE DU G;;;;930
201400042059;14;7;5;950;1;2;1;2;4;27;CONVENTION (RUE DE LA);;;;930
201400042060;14;6;6;1720;1;2;1;7;3;27;75, BARBUSSE (AVENUE HEN;;;;930
201400042061;14;7;8;755;1;2;1;2;6;27;VAILLANT-COUTURIER (AVEN;;;;930
201400042062;14;7;13;330;5;2;1;1;2;13;86, LECLERC (AVENU DE LA;;;;930
201400042063;14;7;18;1711;1;2;3;1;3;27;CONVENTION (RUE DE LA);;;;930
201400042064;14;7;18;1949;1;2;1;1;6;27;13, CORNEILLE (RUE);;;;930
201400042065;14;7;22;300;5;2;1;1;3;27;PASTEUR (BOULEVARD) DE 1;;;;930
201400042066;14;7;22;855;1;2;3;1;3;27;CACHIN (AVENUE MARCEL);;;;930
201400042067;14;7;28;440;5;2;1;3;6;27;HUIT-MAI-1945 (PLACE DU);;;;930
201400042068;14;8;5;15;5;2;1;1;6;27;132, VAILLANT-COUTURIER;;;;930
201400042069;14;9;16;920;1;2;2;1;3;27;CURIE (RUE PIERRE);;;;930
201400042070;14;9;17;1230;1;2;3;1;2;27;25, CACHIN (AVENUE MARCE;;;;930
201400042071;14;8;9;1322;1;2;1;1;6;27;SALENGRO (AVENUE ROGER);;;;930
201400042072;14;8;10;230;5;2;1;2;4;27;VAILLANT-COUTURIER (AVEN;;;;930
201400042073;14;6;17;1855;1;2;6;1;3;27;, PASTEUR (BOULEVARD) DE;;;;930
201400042074;14;6;19;1900;1;2;1;7;3;13;MIREILLE (RUE);;;;930
201400042075;14;6;21;2035;1;2;1;1;6;27;QUINET (RUE EDGAR);;;;930
201400042076;14;6;24;1115;1;2;1;1;3;27;JAURES (AVENUE JEAN);;;;930
201400042077;14;7;1;1900;1;1;1;1;7;27;51, SALENGRO (AVENUE ROG;;;;930
201400042078;14;7;7;2030;1;2;1;2;3;13;LECLERC (AVENU DE LA DIV;;;;930
201400042079;14;8;7;1540;1;2;2;3;3;27;1, PASTEUR (BOULEVARD) D;;;;930
201400042080;14;8;7;1710;1;2;1;1;7;27;CONVENTION (RUE DE LA);;;;930
201400042081;14;8;8;824;1;2;2;2;3;27;CONVENTION (RUE DE LA);;;;930
201400042082;14;8;8;1345;1;2;1;2;4;30;CROIZAT (AVENUE AMBROISE;;;;930
201400042083;14;8;11;1900;1;1;3;1;1;13;MIREILLE (RUE);;;;930
201400042084;14;8;14;2120;5;2;1;3;6;13;45, LECLERC (AVENU DE LA;;;;930
201400042085;14;8;19;2245;5;2;3;1;3;30;CROIZAT (AVENUE AMBROISE;;;;930
201400042086;14;8;24;545;5;2;1;1;6;27;80, CONVENTION (RUE DE L;;;;930