num_acc;an;mois;jour;hrmn;lum;agg;int;atm;col;com;adr;gps;lat;long;dep
201400042087;14;9;5;840;1;2;1;1;2;27;PASTEUR (BOULEVARD) DE 1;;;;930
201400042088;14;9;8;2015;2;2;1;1;7;30;0, LECLERC DE HAUTECLOQU;;;;930
201400042089;14;9;11;815;1;2;1;1;6;27;76, CONVENTION (RUE DE L;;;;930
201400042090;14;9;14;1508;1;2;1;1;7;27;56, BARBUSSE (AVENUE HEN;;;;930
201400042091;14;9;15;1420;1;2;1;1;6;13;6 bis, KENNEDY (AVENUE J;;;;930
201400042092;14;9;16;1725;1;2;1;1;1;30;21 LARIVIERE (RUE LOUIS;;;;930
201400042093;14;9;17;1720;1;2;1;1;6;27;56 PASTEUR (BOULEVARD);;;;930
201400042094;14;9;19;810;1;2;1;1;6;30;238 HUIT-MAI-1945 (AVEN;;;;930
201400042095;14;9;27;1620;1;2;1;1;6;13;95, LECLERC (AVENU DE LA;;;;930
201400042096;14;9;28;1000;1;2;6;1;4;27;SALENGRO (AVENUE ROGER);;;;930
201400042097;14;10;1;1945;3;2;1;1;6;13;47, JAURES (AVENUE JEAN);;;;930
201400042098;14;10;7;1210;1;2;1;8;7;27;QUINET (RUE EDGAR);;;;930
201400042099;14;10;10;42;5;2;1;1;2;13;6, LECLERC (AVENU DE LA;;;;930
201400042100;14;10;10;1620;1;2;1;1;3;27;84 BARBUSSE (AVENUE HEN;;;;930
201400042101;14;10;11;2240;5;2;1;1;1;27;LECLERC (AVENUE DU GENER;;;;930
201400042102;14;10;15;1620;1;2;1;2;6;13;23, JAURES (AVENUE JEAN);;;;930
201400042103;14;10;20;740;1;2;2;1;3;27;PASTEUR (BOULEVARD) DE 1;;;;930
201400042104;14;10;20;1415;1;2;1;1;6;13;, ONZE-NOVEMBRE-1918 (PL;;;;930
201400042105;14;10;26;1450;1;2;1;1;6;27;SAINT-DENIS (RUE DE);;;;930
201400042106;14;10;27;1925;2;2;2;1;2;30;LARIVIERE (RUE LOUIS);;;;930
201400042107;14;10;28;1105;1;2;1;1;6;27;20, UNION (RUE DE L');;;;930
201400042108;14;10;29;1010;1;2;1;1;6;13;ONZE-NOVEMBRE-1918 (PLAC;;;;930
201400042109;14;11;3;2005;5;2;5;2;6;13;, LECLERC (AVENU DE LA D;;;;930
201400042110;14;11;4;45;5;2;1;3;2;27;80, CONVENTION (RUE DE L;;;;930
201400042111;14;11;5;1650;1;2;1;1;3;27;CONVENTION (RUE DE LA);;;;930
201400042112;14;11;6;800;1;2;2;1;3;13;KENNEDY (AVENUE JOHN FIT;;;;930
201400042113;14;11;8;2055;5;2;2;1;6;27;51, CONVENTION (RUE DE L;;;;930
201400042114;14;11;13;815;1;2;1;1;6;27;104, JAURES (AVENUE JEAN;;;;930
201400042115;14;11;13;1250;1;2;1;1;7;13;37, ROLLAND (RUE DU CDT);;;;930
201400042116;14;11;15;515;5;2;1;2;6;27;VAILLANT-COUTURIER (AVEN;;;;930
201400042117;14;11;16;1815;5;1;0;2;6;27;MASSOn (RUE SUZANNE);;;;930
201400042118;14;11;24;930;1;2;3;1;7;13;CAVILLON (RUE ANIZAN);;;;930
201400042119;14;11;26;1800;5;2;0;2;6;27;BARBUSSE (AVENUE HENRI);;;;930
201400042120;14;11;27;1212;1;2;0;2;7;27;CONVENTION (RUE DE LA);;;;930
201400042121;14;12;2;2055;5;2;1;8;4;30;LECLERC DE HAUTECLOQe (;;;;930
201400042122;14;12;6;1110;1;2;1;1;6;27;17 octobre 1961;;;;930
201400042123;14;12;7;1840;5;2;0;2;6;27;BARBUSSE (RUE HENRI);;;;930
201400042124;14;12;9;1905;5;2;0;2;1;27;50, BARBUSSE (AVENUE HEN;;;;930
201400042125;14;12;10;2055;5;2;2;2;3;27;51, CONVENTION (RUE DE L;;;;930
201400042126;14;12;15;858;1;2;0;3;5;13;LINDBERGH (CARREFOUR);;;;930
201400042127;14;12;17;755;5;2;1;2;6;27;17 octobre 1961;;;;930
201400042128;14;12;27;2215;5;2;0;2;2;27;15, JAURES (AVENUE JEAN);;;;930
201400042129;14;1;3;800;2;2;1;1;6;29;STATION (DE LA);;;;930
201400042130;14;1;21;1338;1;2;2;1;3;29;, VICTOIRE (DE LA);;;;930
201400042131;14;2;9;1655;1;2;1;1;6;29;2, DAHLIAS (ALLEE DES);;;;930
201400042132;14;2;20;1725;1;2;1;2;3;29;HENRI BARBUSSE (AVE) N?2;;;;930
201400042133;14;3;5;1155;1;2;1;1;6;29;74, JEAN JAURES (AVENUE);;;;930
201400042134;14;3;7;2100;5;2;1;1;2;29;61, JEAN JAURES (AVENUE);;;;930
201400042135;14;3;8;1255;1;2;1;1;1;29;55, HENRI BARBUSSE (AVE);;;;930
201400042136;14;3;17;1750;1;2;1;1;6;29;2, REPUBLIQUE (DE LA) N?;;;;930
201400042137;14;3;19;940;1;2;1;1;2;29;45, JEAN JAURES (AVENUE);;;;930
201400042138;14;3;27;1450;1;2;9;1;3;29;121, SADI CARNOT;;;;930
201400042139;14;4;3;2215;5;2;1;1;6;29;06, CHARLES GIDE;;;;930
201400042140;14;4;4;1910;1;2;3;1;3;29;HENRI BARBUSSE (AVE) N?2;;;;930
201400042141;14;4;8;2015;3;2;1;1;2;29;230, HENRI BARBUSSE (AVE;;;;930
201400042142;14;4;9;1245;1;2;2;1;3;29;NIEUPORT;;;;930
201400042143;14;4;11;845;1;2;1;1;6;29;42, JULES AUFFRET;;;;930
201400042144;14;4;18;1745;1;2;3;1;3;29;DIVISION LECLERC (AV. DE;;;;930
201400042145;14;4;18;2123;5;2;1;1;6;29;186, HENRI BARBUSSE (AVE;;;;930
201400042146;14;4;20;1545;1;2;1;1;6;29;ONZE NOVEMBRE (DU);;;;930
201400042147;14;4;26;2210;5;2;3;2;3;29;HENRI BARBUSSE (AVE) N?2;;;;930
201400042148;14;4;29;1800;1;2;3;2;3;29;CUVIER;;;;930
201400042149;14;5;5;1330;1;2;1;1;6;29;29, BOIS DE GROSLAY (DES;;;;930
201400042150;14;5;15;1640;1;2;1;1;6;29;1, LIBERTE (DE LA);;;;930
201400042151;14;5;15;1930;1;2;2;1;3;29;EUGENE VARLIN;;;;930
201400042152;14;5;18;2235;5;2;1;1;3;29;130, HENRI BARBUSSE (AVE;;;;930
201400042153;14;5;19;1340;1;2;1;1;2;29;160, STALINGRAD (DE);;;;930
201400042154;14;6;6;1015;1;2;1;1;3;29;59, HENRI BARBUSSE (AVE);;;;930
201400042155;14;6;7;1705;1;2;1;1;2;29;CHARLES DE GAULLE (ESPLA;;;;930
201400042156;14;6;12;540;1;2;2;1;2;29;JEAN JAURES (AVENUE);;;;930
201400042157;14;6;11;1330;1;2;8;1;6;29;01, MARCELIN BERTHELOT N;;;;930
201400042158;14;6;17;1920;1;2;3;1;1;29;115, ROGER SALENGRO N? 0;;;;930
201400042159;14;6;18;1015;1;2;3;1;1;29;129, ROGER SALENGRO N? 9;;;;930
201400042160;14;6;24;2240;5;2;1;1;1;29;81, HENRI BARBUSSE (AVE);;;;930
201400042161;14;7;5;1355;1;2;1;2;3;29;111, HENRI BARBUSSE (AVE;;;;930
201400042162;14;7;8;300;5;2;1;2;6;29;83, AUGUSTE BLANQUI;;;;930
201400042163;14;7;22;1845;1;2;3;1;1;29;1, VAUQUOIS (AVENUE DE);;;;930
201400042164;14;7;26;1945;1;2;1;1;3;29;JULES GUESDE;;;;930
201400042165;14;7;31;1055;1;2;1;1;7;29;58, REPUBLIQUE (DE LA) N;;;;930
201400042166;14;8;6;1100;1;2;2;2;3;29;39, ANATOLE FRANCE;;;;930
201400042167;14;8;23;1330;1;2;1;1;6;29;, PAUL VAILLANT COUTURIE;;;;930
201400042168;14;8;24;2030;3;2;1;1;3;29;ROGER PETIEU;;;;930
201400042169;14;8;25;1550;1;2;2;2;3;29;PAUL VAILLANT COUTURIER;;;;930
201400042170;14;8;26;1735;1;2;1;1;6;29;ANDRE CAPPE;;;;930
201400042171;14;9;2;740;1;2;1;1;2;29;161 HENRI BARBUSSE (AVE;;;;930
201400042172;14;9;4;855;1;2;2;1;3;29;ANDRE SIGONNEY;;;;930
201400042173;14;9;4;1955;5;2;1;1;2;29;158, HENRI BARBUSSE (AVE;;;;930
201400042174;14;9;6;1910;1;2;1;1;2;29;97, HENRI BARBUSSE (AVE);;;;930
201400042175;14;9;10;1125;1;2;1;1;2;29;254, ANATOLE FRANCE;;;;930
201400042176;14;9;11;2113;5;2;2;1;3;29;HENRI BARBUSSE (AVE) N?2;;;;930
201400042177;14;9;12;705;2;2;1;1;6;29;169, ANATOLE FRANCE;;;;930
201400042178;14;9;12;840;1;2;1;1;6;29;110/112, ROGER SALENGRO;;;;930
201400042179;14;9;15;1510;1;2;2;1;3;29;1, SADI CARNOT;;;;930
201400042180;14;9;18;1800;1;2;1;1;6;29;13, ROGER SALENGRO N? 01;;;;930
201400042181;14;9;23;1030;1;2;3;1;3;29;27, ROGER SALENGRO N? 02;;;;930
201400042182;14;9;23;1625;1;2;1;1;6;29;AMBROISE CROIZAT;;;;930
201400042183;14;9;29;1630;1;2;1;1;6;29;AUGUSTE BLANQUI;;;;930
201400042184;14;9;29;1600;1;2;1;1;2;29;34, FERNAND PENA;;;;930
201400042185;14;9;30;445;5;2;1;8;6;29;HENRI BARBUSSE (AVE) N?2;;;;930
201400042186;14;9;30;2150;5;2;2;1;3;29;HENRI BARBUSSE (AVE) N?2;;;;930
201400042187;14;10;1;2105;5;2;2;1;3;29;PAUL VAILLANT COUTURIER;;;;930
201400042188;14;10;1;2330;5;2;0;1;3;29;LIBERTE (DE LA);;;;930
201400042189;14;10;2;1530;1;2;6;1;3;29;FERNAND PENA;;;;930
201400042190;14;10;10;945;1;2;2;1;6;29;42, ANATOLE FRANCE;;;;930
201400042191;14;10;12;2010;5;2;3;9;3;29;COLONEL FABIEN (DU);;;;930
201400042192;14;10;13;1710;1;2;1;1;6;29;02 GUTENBERG;;;;930
201400042193;14;10;15;1713;1;2;1;2;2;29;235, ANATOLE FRANCE;;;;930
201400042194;14;10;17;1645;1;2;0;1;2;29;SAINT-STENAY;;;;930
201400042195;14;10;20;820;1;2;1;1;1;29;136, JEAN JAURES (AVENUE;;;;930
201400042196;14;10;21;1500;1;2;3;3;6;29;28, JEAN JAURES (AVENUE);;;;930
201400042197;14;10;28;600;5;2;3;1;3;29;GARIBALDI (AVENUE);;;;930
201400042198;14;11;5;1015;1;2;1;1;1;29;47, HENRI BARBUSSE (AVE);;;;930
201400042199;14;11;14;906;1;2;1;2;6;29;38, FERNAND PENA;;;;930
201400042200;14;11;14;1825;5;2;1;2;6;29;242, JEAN JAURES (AVENUE;;;;930
201400042201;14;11;18;1845;5;2;3;2;3;29;SAVOIE (DE);;;;930
201400042202;14;11;25;750;2;2;3;1;6;29;238, HENRI BARBUSSE (AVE;;;;930
201400042203;14;11;28;855;1;2;1;1;7;29;89, DIDEROT;;;;930
201400042204;14;12;7;1410;1;2;1;2;6;29;JEAN JAURES (AVENUE);;;;930
201400042205;14;12;10;1855;5;2;0;1;1;29;SAINT-STENAY;;;;930
201400042206;14;12;12;910;1;2;1;2;3;29;HENRI BARBUSSE (AVE) N?1;;;;930
201400042207;14;12;20;1545;1;2;0;1;3;29;67, JEAN JAURES (AVENUE);;;;930
201400042208;14;12;24;1915;5;2;2;2;6;29;CHARLES GIDE;;;;930
201400042209;14;1;4;1250;1;2;1;1;2;31;00, ORMESSON (RUE D');;;;930
201400042210;14;1;8;840;1;2;1;1;2;31;00, DIX HUIT JUIN 1940 (;;;;930
201400042211;14;1;10;745;4;2;1;1;3;31;00, DE LATTRE DE TASSIGN;;;;930
201400042212;14;1;10;2320;5;2;2;1;3;31;163, REPUBLIQUE (AVENUE);;;;930
201400042213;14;1;15;1240;1;2;1;2;7;79;132, JEAN BAPTISTE CLEME;;;;930
201400042214;14;1;15;2014;5;2;6;2;3;31;00, GENERAL LECLERC (CAR;;;;930
201400042215;14;1;16;1345;1;2;4;2;4;31;39, JOFFRE (AVENUE);;;;930
201400042216;14;1;18;1445;1;2;3;1;3;31;60, SAINT LEU (ROUTE DE);;;;930
201400042217;14;1;22;1300;1;2;1;8;2;31;80, ARGENTEUIL (ROUTE D';;;;930
201400042218;14;1;24;1900;3;2;8;1;6;31;57, FOCH (BOULEVARD);;;;930
201400042219;14;2;1;2215;5;2;2;1;3;31;DE LATTRE DE TASSIGNY (1;;;;930
201400042220;14;2;6;1755;5;2;3;1;3;31;CDT LOUIS BOUCHET (AV);;;;930
201400042221;14;2;7;1425;1;2;1;1;3;79;149, SAINT LEU (ROUTE);;;;930
201400042222;14;2;12;1200;1;2;1;1;7;31;40, GALLIENI (AVENUE);;;;930
201400042223;14;2;16;1745;1;2;3;1;1;31;00, DE LATTRE DE TASSIGN;;;;930
201400042224;14;2;21;1910;4;2;2;1;3;31;00, DE LATTRE DE TASSIGN;;;;930
201400042225;14;2;23;1130;1;2;2;1;1;31;110, SAINT LEU (ROUTE DE;;;;930
201400042226;14;2;24;550;5;2;1;1;3;31;8, DIX HUIT JUIN 1940 (A;;;;930
201400042227;14;2;26;550;5;2;1;1;6;31;40, QUETIGNY;;;;930
201400042228;14;2;27;1430;1;2;6;2;3;31;00, CYGNE D'ENGHIEN;;;;930
201400042229;14;3;4;1440;1;2;3;1;3;79;61, SAINT LEU (ROUTE);;;;930
201400042230;14;3;5;1815;1;2;3;1;6;31;00, CARRIERES (DES);;;;930
201400042231;14;3;6;1800;1;2;2;1;6;31;260, REPUBLIQUE (AVENUE);;;;930
201400042232;14;3;23;1248;1;2;1;1;3;79;00, CAMELIAS (ALLEE);;;;930
201400042233;14;3;27;1140;1;2;1;1;6;79;2, FREDERIC OZAMAN;;;;930
201400042234;14;3;29;625;2;2;1;1;2;31;110, SAINT LEU (ROUTE DE;;;;930
201400042235;14;4;1;1955;2;2;1;1;6;31;39, MARSEILLE (RUE DE);;;;930
201400042236;14;4;2;900;1;2;1;1;2;31;EPINAY (PONT D');;;;930
201400042237;14;4;2;1445;1;2;6;1;6;79;SAINT LEU (ROUTE);;;;930
201400042238;14;4;4;735;1;2;1;1;3;31;JOFFRE (AVENUE);;;;930
201400042239;14;4;5;1400;1;2;3;1;6;31;00, JEAN JAURES (AVENUE);;;;930
201400042240;14;4;22;1130;1;2;1;1;6;31;71, PARIS (RUE DE);;;;930
201400042241;14;4;24;1915;1;2;1;1;6;31;24, JEAN JAURES (AVENUE);;;;930
201400042242;14;5;5;1810;1;2;1;1;6;31;02, LEON BLUm (AVENUE);;;;930
201400042243;14;5;8;1830;1;2;1;2;1;31;PASTEUR (RUE);;;;930
201400042244;14;5;13;1350;1;2;2;2;3;31;5, JOFFRE (AVENUE);;;;930
201400042245;14;5;17;40;5;2;9;1;3;31;38 bis, JOFFRE (AVENUE);;;;930
201400042246;14;5;18;1910;1;2;8;1;6;31;8, GALLIENI (AVENUE);;;;930
201400042247;14;5;23;805;1;2;3;1;3;31;160, REPUBLIQUE (AVENUE);;;;930
201400042248;14;5;29;1205;1;2;1;1;3;31;00, MARNE (AVENUE DE LA);;;;930
201400042249;14;5;30;1205;1;2;1;1;6;31;5, DE LATTRE DE TASSIGNY;;;;930
201400042250;14;5;31;20;5;2;9;1;6;31;SAINT LEU (ROUTE DE) 1 ?;;;;930
201400042251;14;6;2;1030;1;2;1;1;3;31;103 bis, SAINT LEU (ROUT;;;;930
201400042252;14;6;4;700;2;2;1;3;7;31;00, DIX HUIT JUIN 1940 (;;;;930
201400042253;14;6;6;2000;1;2;2;1;6;31;00, SAINT LEU (ROUTE DE);;;;930
201400042254;14;6;8;30;5;2;1;1;6;31;94, REPUBLIQUE (AVENUE);;;;930
201400042255;14;6;10;1540;1;2;1;3;7;31;47, JOFFRE (AVENUE);;;;930
201400042256;14;6;16;1150;1;2;1;1;6;79;23, 19 mars 1962 (rue du;;;;930
201400042257;14;6;16;1605;1;2;1;1;2;31;00, ENGHIEN (AV D');;;;930
201400042258;14;6;17;1645;1;2;1;1;3;31;00, PARIS (RUE DE);;;;930
201400042259;14;6;19;900;1;2;1;1;2;31;00, DIX HUIT JUIN 1940 (;;;;930
201400042260;14;6;21;2220;3;2;1;1;1;79;00, JEAN BAPTISTE CLEMEN;;;;930
201400042261;14;6;22;1730;1;2;1;1;6;79;5, CARNOT;;;;930
201400042262;14;6;24;755;2;2;1;7;6;31;4, ORMESSON (RUE D');;;;930
201400042263;14;6;25;2125;2;2;9;1;3;79;114, SAINT LEU (ROUTE);;;;930
201400042264;14;6;26;1825;1;2;1;1;6;31;00, PARIS (RUE DE);;;;930
201400042265;14;6;30;2050;1;2;1;1;6;31;160, REPUBLIQUE (AVENUE);;;;930
201400042266;14;7;13;1930;1;2;3;8;3;31;104, JOFFRE (AVENUE);;;;930
201400042267;14;7;26;1410;1;2;1;1;3;31;00, DE LATTRE DE TASSIGN;;;;930
201400042268;14;7;28;1930;2;2;1;8;6;31;20, SAINT MARC (RUE);;;;930
201400042269;14;7;30;1630;1;2;1;1;3;31;38, JOFFRE (AVENUE);;;;930
201400042270;14;8;1;120;5;2;3;1;2;79;DIVISION LECLERC (AV);;;;930
201400042271;14;8;6;915;1;2;2;3;3;31;00, REPUBLIQUE (AVENUE);;;;930
201400042272;14;8;9;1845;1;2;1;1;6;31;22, STRASBOURG (RUE DE);;;;930
201400042273;14;8;10;1300;1;2;1;2;2;31;00, FOCH (BOULEVARD);;;;930
201400042274;14;8;13;120;5;2;2;2;7;79;128, SAINT LEU (ROUTE);;;;930
201400042275;14;8;18;2310;3;2;9;1;3;31;00, REPUBLIQUE (AVENUE);;;;930
201400042276;14;8;19;1535;1;1;1;1;3;31;ARRAS (RUE D');;;;930
201400042277;14;8;20;2240;5;2;2;1;3;31;00, REPUBLIQUE (AVENUE);;;;930
201400042278;14;9;2;1420;1;2;1;1;5;79;1 JEAN BAPTISTE CLEMENT;;;;930
201400042279;14;9;2;1715;1;2;1;1;3;31;STRASBOURG (RUE DE);;;;930
201400042280;14;9;8;700;1;2;2;1;3;31;00, DE LATTRE DE TASSIGN;;;;930
201400042281;14;9;16;1140;1;2;1;1;6;31;1, NANCY (RUE DE);;;;930
201400042282;14;9;16;1405;1;2;1;1;3;31;51, DE LATTRE DE TASSIGN;;;;930
201400042283;14;9;21;1140;1;2;3;2;2;31;3, FOCH (BOULEVARD);;;;930
201400042284;14;9;23;805;1;2;3;1;4;31;18, DIX HUIT JUIN 1940 (;;;;930
201400042285;14;9;25;1320;1;2;2;1;3;31;MARNE (AVENUE DE LA);;;;930
201400042286;14;9;26;1145;1;2;1;1;6;31;JOFFRE (AVENUE);;;;930
201400042287;14;9;26;1530;1;2;1;1;6;79;110, SAINT LEU (ROUTE);;;;930
201400042288;14;9;27;1740;1;2;1;1;3;31;SAINT LEU (ROUTE DE) 1 ?;;;;930
201400042289;14;9;29;1625;1;2;1;1;6;31;152, JEAN JAURES (AVENUE;;;;930
201400042290;14;9;30;655;2;2;4;1;3;31;04, JOFFRE (AVENUE);;;;930
201400042291;14;10;2;1130;1;2;1;1;6;31;00, FELIX MERLIN;;;;930
201400042292;14;10;4;1640;1;2;3;1;2;79;00, SAINT LEU (ROUTE);;;;930
201400042293;14;10;9;915;1;2;1;8;3;31;00, FOCH (BOULEVARD);;;;930
201400042294;14;10;10;1040;1;2;2;1;2;31;00, CLAUDE DEBUSSY;;;;930
201400042295;14;10;11;1600;1;2;2;1;6;31;2, PARIS (RUE DE);;;;930
201400042296;14;10;12;1950;2;2;1;2;6;31;110, ENGHIEN (AV D');;;;930
201400042297;14;10;14;1915;5;2;1;1;6;31;00, REPUBLIQUE (AVENUE);;;;930
201400042298;14;10;17;935;1;2;2;1;3;31;00, REPUBLIQUE (AVENUE);;;;930
201400042299;14;10;29;1915;5;2;2;1;3;31;06, JOFFRE (AVENUE);;;;930
201400042300;14;10;30;1715;2;2;6;1;3;31;0, CYGNE D'ENGHIEN;;;;930
201400042301;14;11;3;1815;5;2;1;3;5;31;00, DIX HUIT JUIN 1940 (;;;;930
201400042302;14;11;6;815;1;2;2;1;6;31;00, JARROW (AVENUE DE);;;;930
201400042303;14;11;9;1243;1;2;1;1;6;31;00, LEON BLUM (AVENUE);;;;930
201400042304;14;11;10;1734;5;2;1;1;3;31;10, SAINT LEU (ROUTE DE);;;;930
201400042305;14;11;17;705;5;2;3;2;3;31;00, DIX HUIT JUIN 1940 (;;;;930
201400042306;14;11;20;2000;5;2;1;2;6;31;62, PARIS (RUE DE);;;;930
201400042307;14;11;22;500;5;2;4;1;6;31;00, JEAN JAURES (AVENUE);;;;930
201400042308;14;11;26;1845;3;2;1;2;6;31;123/127, SAINT LEU (ROUT;;;;930
201400042309;14;11;28;835;1;2;1;1;7;31;57, SAINT GRATIEN (RUE D;;;;930
201400042310;14;12;2;635;5;2;3;2;1;31;00, JEAN JAURES (AVENUE);;;;930
201400042311;14;12;3;1830;5;2;2;1;1;31;00, DIX HUIT JUIN 1940 (;;;;930
201400042312;14;12;6;1245;1;2;0;1;6;31;00, JEAN JAURES (AVENUE);;;;930
201400042313;14;12;12;1820;5;2;0;2;6;31;12, PARIS (RUE DE);;;;930
201400042314;14;12;12;1900;5;2;6;3;6;79;2, EDOUARD VAILLANT;;;;930
201400042315;14;12;15;1850;5;2;2;2;6;31;00, CDT LOUIS BOUCHET (A;;;;930
201400042316;14;12;18;1845;5;2;3;1;6;79;00, SAINT LEU (ROUTE);;;;930
201400042317;14;12;18;2015;5;2;1;1;3;79;110, SAINT LEU (ROUTE);;;;930
201400042318;14;12;22;1540;1;2;2;1;3;31;00, REPUBLIQUE (AVENUE);;;;930
201400042319;14;1;14;1725;2;2;3;1;6;32;JEAN JAURES (AVENUE);;;;930
201400042320;14;1;24;1850;5;2;1;1;3;32;JEAN JAURES (AVENUE);;;;930
201400042321;14;2;3;1855;3;2;1;1;6;32;1 ter, JEAN BOUIN   (RUE;;;;930
201400042322;14;2;25;2010;3;2;1;2;2;32;25, JEAN JAURES (AVENUE);;;;930
201400042323;14;3;1;1445;1;2;1;1;6;32;DHUYS   (ALLEE DE LA);;;;930
201400042324;14;3;10;1615;1;2;1;1;2;32;138, ARISTIDE BRIAND (RU;;;;930
201400042325;14;3;10;1505;1;2;1;1;6;32;MONTGUICHET  (CHEMIN DE);;;;930
201400042326;14;3;30;45;5;2;1;1;3;32;12, hENRI MAILLARD  (RUE;;;;930
201400042327;14;4;3;1045;1;2;1;1;2;32;JEAN JAURES (AVENUE);;;;930
201400042328;14;4;7;1700;1;2;1;1;6;32;77, FRANCEVILLE  (RUE DE;;;;930
201400042329;14;4;12;1255;1;2;1;1;6;32;40, JEAN JAURES (AVENUE);;;;930
201400042330;14;5;6;745;1;2;2;2;3;32;CHEVREFEUILLES    (AVENU;;;;930
201400042331;14;5;10;1830;1;2;1;8;3;32;GUILLEMETEAU (RUE);;;;930
201400042332;14;5;10;1950;1;2;3;2;3;32;EMILE  COSSONNEAU  (AVEN;;;;930
201400042333;14;5;19;830;1;2;1;1;6;32;GENERAL DE GAULLE  (PLAC;;;;930
201400042334;14;5;24;2130;2;2;1;8;6;32;CONTANT   (RUE);;;;930
201400042335;14;6;4;2015;1;2;1;1;6;32;144, FRANCEVILLE  (RUE D;;;;930
201400042336;14;6;13;1700;1;2;1;1;6;32;38, HENRI BARBUSSE   (AV;;;;930
201400042337;14;6;14;915;1;2;1;1;3;32;224, MONTFERMEIL   (ALLE;;;;930
201400042338;14;6;19;940;1;2;1;1;2;32;PARIS  (RUE DE);;;;930
201400042339;14;6;22;2050;1;2;1;1;2;32;136, JULES GUESDES  (RUE;;;;930
201400042340;14;6;26;1150;1;2;2;1;3;32;RENE  FAUGERAS  (AVENUE);;;;930
201400042341;14;7;1;2135;1;2;1;1;6;32;8, MICHEL JANIN   (RUE);;;;930
201400042342;14;7;15;1350;1;2;2;1;3;32;1, MONTGUICHET  (CHEMIN;;;;930
201400042343;14;7;23;2035;1;2;1;1;3;32;JEAN JAURES (AVENUE);;;;930
201400042344;14;7;28;1810;1;2;1;1;6;32;68, RAMBOUILLET   (AVENU;;;;930
201400042345;14;8;2;2205;5;2;9;1;3;32;PAUL VAILLANT COUTURIER;;;;930
201400042346;14;8;14;1450;1;2;1;1;6;32;JULES GUESDES  (RUE, DU;;;;930
201400042347;14;8;26;1415;1;2;1;2;2;32;ABBESSES  (CHEMIN D'ACCE;;;;930
201400042348;14;8;27;1400;1;2;1;1;2;32;38, JEAN JAURES (AVENUE);;;;930
201400042349;14;9;2;2210;5;2;1;1;7;32;JEAN JAURES (AVENUE);;;;930
201400042350;14;9;7;1;5;2;2;1;3;32;ARISTIDE BRIAND (RUE);;;;930
201400042351;14;9;7;840;1;2;1;1;6;32;03, DIX NEUF MARS   (RUE;;;;930
201400042352;14;9;7;2140;5;2;1;1;2;32;GEORGES POMPIDOU    (AVE;;;;930
201400042353;14;9;9;925;1;2;1;1;6;32;30, CHATEAU   (AVENUE DU;;;;930
201400042354;14;9;10;1010;1;2;1;1;5;32;PARIS  (RUE DE);;;;930
201400042355;14;9;12;2030;5;2;1;1;2;32;GEORGES POMPIDOU    (AVE;;;;930
201400042356;14;9;17;855;1;2;1;1;6;32;39, GEORGES POMPIDOU;;;;930
201400042357;14;10;1;1752;1;2;2;1;3;32;21, BELLE-ILE  (AVENUE D;;;;930
201400042358;14;10;14;1810;1;2;2;1;3;32;GEORGES POMPIDOU    (AVE;;;;930
201400042359;14;10;24;1745;1;2;1;2;6;32;90, ROGER SALENGRO  (AVE;;;;930
201400042360;14;10;31;1225;1;2;1;1;2;32;3, PARMENTIER   (RUE);;;;930
201400042361;14;11;6;1715;2;2;1;1;7;32;10, GEORGES REMOND  (RUE;;;;930
201400042362;14;11;7;1455;1;2;2;1;6;32;HORLOGE   (ALLEE DE L');;;;930
201400042363;14;11;9;125;5;2;1;1;6;32;PAUL VAILLANT COUTURIER;;;;930
201400042364;14;11;10;1750;5;2;2;1;3;32;ARISTIDE BRIAND (RUE);;;;930
201400042365;14;11;12;1450;1;2;3;1;3;32;JEAN JAURES (AVENUE);;;;930
201400042366;14;12;1;1920;5;2;1;2;3;32;6, MONTGUICHET  (CHEMIN;;;;930
201400042367;14;12;3;1740;5;2;1;1;3;32;13, PARMENTIER   (RUE);;;;930
201400042368;14;12;9;735;2;2;1;9;3;32;25, ORIGNY   (ALLEE D');;;;930
201400042369;14;12;16;345;5;2;0;8;6;32;PAUL VAILLANT COUTURIER;;;;930
201400042370;14;1;8;1800;5;2;1;1;6;6;104, RIGONDES RUE DES;;;;930
201400042371;14;1;10;1650;1;2;2;1;6;6;199, ROBESPIERRE RUE;;;;930
201400042372;14;1;12;1305;1;2;1;8;6;45;162, PARIS RUE DE;;;;930
201400042373;14;1;12;1920;5;2;1;1;3;45;01, DOUMER PAUL AV.;;;;930
201400042374;14;1;13;950;1;2;1;1;3;6;88, REPUBLIQUE AVENUE DE;;;;930
201400042375;14;1;13;2050;5;2;1;1;3;63;VERDUN AVENUE DE;;;;930
201400042376;14;1;19;1945;5;2;3;1;3;45;26, JUIN AVENUE DU MAREC;;;;930
201400042377;14;1;20;930;1;2;1;1;7;61;JOINEAU ANDRE RUE;;;;930
201400042378;14;1;23;930;1;2;1;1;6;6;11, FERRY JULES RUE;;;;930
201400042379;14;1;27;1805;3;2;1;1;1;6;01, AUTOROUTE A3;;;;930
201400042380;14;2;1;1715;1;2;9;1;6;63;115/116, BERLIOZ AVENUE;;;;930
201400042381;14;2;3;1905;5;2;1;1;3;45;JUIN AVENUE DU MARECHAL;;;;930
201400042382;14;2;6;1500;1;2;1;2;7;6;MARCEL ETIENNE RUE;;;;930
201400042383;14;2;8;1700;1;2;2;1;6;6;MICHEL LOUISE RUE;;;;930
201400042384;14;2;9;1840;5;2;3;1;5;6;, CARNOT RUE SADI;;;;930
201400042385;14;2;20;1644;1;2;1;2;7;6;NOISY LE SEC RUE DE;;;;930
201400042386;14;2;28;1340;1;2;1;2;2;63;METZ AVENUE DE;;;;930
201400042387;14;2;28;2050;5;2;1;2;4;63;, KERAUTRET AVENUE PIERR;;;;930
201400042388;14;3;3;1250;1;2;1;1;6;6;40, FLOREAL RUE;;;;930
201400042389;14;3;4;905;1;2;5;1;3;63;VERDUN AVENUE DE;;;;930
201400042390;14;3;5;1335;1;2;4;1;7;63;PARIS RUE DE;;;;930
201400042391;14;3;6;2250;5;2;3;1;6;61;BELVEDERE AVENUE DU;;;;930
201400042392;14;3;9;1850;2;2;1;1;3;63;BARBUSSE HENRI BOULEVARD;;;;930
201400042393;14;3;11;1940;3;2;1;1;7;63;, COMMUNE DE PARIS RUE D;;;;930
201400042394;14;3;14;1700;1;2;1;1;2;45;VILLEGRANGES RUE DES;;;;930
201400042395;14;3;22;1040;1;2;2;2;3;45;JUIN AVENUE DU MARECHAL;;;;930
201400042396;14;3;24;1835;1;2;2;1;6;45;139, NOISY LE SEC RUE DE;;;;930