num_acc;an;mois;jour;hrmn;lum;agg;int;atm;col;com;adr;gps;lat;long;dep
201400042397;14;3;25;820;1;2;2;2;3;6;DHUYS AV DE LA;;;;930
201400042398;14;3;25;1830;1;2;1;1;3;61;29, PERI GABRIEL RUE;;;;930
201400042399;14;4;5;500;5;2;1;1;6;63;12, PARIS RUE DE;;;;930
201400042400;14;4;7;1230;1;2;1;1;3;45;LIBERTE BD DE LA;;;;930
201400042401;14;4;9;500;5;2;4;1;6;45;CONVENTION  RUE DE LA;;;;930
201400042402;14;4;14;1730;1;2;1;1;6;6;42, CAPSULERIE RUE DE LA;;;;930
201400042403;14;4;14;1800;1;2;2;1;3;45;REPUBLIQUE RUE DE LA;;;;930
201400042404;14;4;17;830;1;2;1;1;7;61;05, BELVEDERE AVENUE DU;;;;930
201400042405;14;4;18;1300;1;2;2;1;3;63;BRANLY BD EDOUARD;;;;930
201400042406;14;4;27;1600;1;2;9;1;5;61;0, JOINEAU ANDRE RUE;;;;930
201400042407;14;4;28;600;1;2;9;8;6;63;47, FRANCE ANATOLE RUE;;;;930
201400042408;14;4;28;1810;1;2;1;1;6;6;16, LOLIVE JEAN RUE;;;;930
201400042409;14;4;29;1825;1;2;2;1;6;61;0, BELVEDERE AVENUE DU;;;;930
201400042410;14;5;4;730;2;2;1;1;6;63;8, VEUVE AUBLET SENTE;;;;930
201400042411;14;5;4;1845;1;2;2;1;1;6;DAUMIER RUE;;;;930
201400042412;14;5;12;1120;1;2;1;1;6;63;11, VERDUN AVENUE DE;;;;930
201400042413;14;5;14;1915;1;2;1;1;6;45;152, DE LATTRE DE TASSIG;;;;930
201400042414;14;5;15;1505;1;2;3;1;3;45;PARIS RUE DE;;;;930
201400042415;14;5;16;933;1;2;2;1;3;63;MONTREUIL ROUTE DE;;;;930
201400042416;14;5;17;1315;1;2;1;1;6;63;0, CITE MARCEL CACHIN;;;;930
201400042417;14;5;17;1600;1;2;1;1;3;6;31, STALINGRAD AV.;;;;930
201400042418;14;5;19;1915;1;2;3;1;3;6;0, DELESCLUSE CHARLES;;;;930
201400042419;14;5;23;1010;1;2;2;1;3;6;27, RASPAIL AVENUE;;;;930
201400042420;14;5;24;1745;1;2;4;2;6;6;0, GAL DE GAULLE AV. DU;;;;930
201400042421;14;5;26;2030;1;2;1;1;3;6;0, GAL LECLERC AV. DU;;;;930
201400042422;14;5;31;2015;1;2;2;1;3;6;0, MICHEL LOUISE RUE;;;;930
201400042423;14;6;5;1655;1;2;3;1;3;63;BENFLEET RUE DE;;;;930
201400042424;14;6;9;2212;5;2;2;1;3;45;0, LIBERTE RUE DE LA;;;;930
201400042425;14;6;10;1220;1;2;1;2;2;63;0, BARBUSSE HENRI BOULEV;;;;930
201400042426;14;6;13;840;1;2;1;1;6;6;05, AVENIR IMP DE L';;;;930
201400042427;14;6;14;1;5;2;1;1;6;45;4, LIBERTE BD DE LA;;;;930
201400042428;14;6;19;930;1;2;1;1;6;6;0, MARCEL ETIENNE RUE;;;;930
201400042429;14;6;19;1055;1;2;1;1;6;45;91, PARIS RUE DE;;;;930
201400042430;14;6;23;1425;1;2;2;1;5;6;0, RIGONDES RUE DES;;;;930
201400042431;14;6;27;1740;1;2;2;1;3;61;JAURES AVENUE JEAN;;;;930
201400042432;14;6;28;1304;1;2;1;9;6;45;131, PARIS RUE DE;;;;930
201400042433;14;6;28;2220;5;2;3;2;7;6;0, ALAZARD RENE;;;;930
201400042434;14;7;7;1900;1;2;9;3;2;6;20, REPUBLIQUE AVENUE DE;;;;930
201400042435;14;7;8;1257;1;2;1;1;6;61;JOINEAU ANDRE RUE;;;;930
201400042436;14;7;8;1200;1;2;2;1;6;6;33, REPUBLIQUE AVENUE DE;;;;930
201400042437;14;7;22;2310;5;2;3;1;3;45;0, LECLERC BOULEVARD DU;;;;930
201400042438;14;7;30;1850;2;2;2;1;3;63;100, NOISY ROUTE DE;;;;930
201400042439;14;8;2;2045;2;2;3;8;3;6;, LAHAYE ADELAIDE RUE;;;;930
201400042440;14;8;4;1245;1;2;1;1;3;6;44, CURIE PIERRE ET MARI;;;;930
201400042441;14;8;7;1415;1;2;2;3;3;63;BRANLY BD EDOUARD;;;;930
201400042442;14;8;9;1410;1;2;1;1;7;61;10, PERI GABRIEL RUE;;;;930
201400042443;14;8;24;2020;5;2;1;1;3;6;, PASTEUR AV.;;;;930
201400042444;14;8;31;650;1;2;2;1;3;6;STALINGRAD AV.;;;;930
201400042445;14;9;11;1315;1;2;1;1;6;45;99, PARIS RUE DE;;;;930
201400042446;14;9;11;2035;5;2;1;1;3;63;115, NOISY ROUTE DE;;;;930
201400042447;14;9;18;830;1;2;1;1;2;6;161, PASTEUR AV.;;;;930
201400042448;14;9;20;1600;1;2;1;1;3;6;17, GAMBETTA AV.;;;;930
201400042449;14;9;23;1200;1;2;1;1;6;45;08, PRE SAINT GERVAIS RU;;;;930
201400042450;14;9;24;2013;5;2;3;2;3;63;70, BRETAGNES AVENUE DES;;;;930
201400042451;14;9;28;1830;1;2;1;1;3;6;03, FIORENTINO RUE DE SE;;;;930
201400042452;14;9;29;1310;1;2;1;1;3;6;REPUBLIQUE AVENUE DE LA;;;;930
201400042453;14;9;30;1430;1;2;1;1;3;63;11, NORMANDIE-NIEMEN RUE;;;;930
201400042454;14;10;3;1605;1;2;1;1;6;63;51, BARBUSSE HENRI BOULE;;;;930
201400042455;14;10;6;2000;5;2;1;2;3;6;6, GIRARDOT RUE;;;;930
201400042456;14;10;19;2015;5;2;1;1;3;6;290, MARCEL ETIENNE RUE;;;;930
201400042457;14;10;23;1330;1;2;2;1;1;61;8, JAURES AVENUE JEAN;;;;930
201400042458;14;10;23;505;5;2;1;1;7;6;44, GAL DE GAULLE AV. DU;;;;930
201400042459;14;10;28;2010;5;2;2;1;3;63;0, ROSENFELD AVENUE DU D;;;;930
201400042460;14;10;29;2210;5;2;1;1;6;61;0, BELVEDERE AVENUE DU;;;;930
201400042461;14;10;31;1230;1;2;1;1;3;6;47, REPUBLIQUE AVENUE DE;;;;930
201400042462;14;10;31;1230;1;2;1;1;3;61;65, FAIDHERBE AVENUE;;;;930
201400042463;14;10;31;1625;1;2;1;1;6;61;01, ESTIENNE D'ORVES RUE;;;;930
201400042464;14;11;2;1530;1;2;1;1;3;6;197, CARNOT RUE SADI;;;;930
201400042465;14;11;3;1135;1;2;1;8;6;45;, LECLERC BOULEVARD DU G;;;;930
201400042466;14;11;5;1650;1;2;5;1;6;63;BRANLY BD EDOUARD;;;;930
201400042467;14;11;8;1330;1;2;1;1;2;63;71-75, NOISY ROUTE DE;;;;930
201400042468;14;11;27;2357;5;2;6;1;3;45;PARIS RUE DE;;;;930
201400042469;14;11;30;2200;5;2;1;2;1;45;90, PASTEUR AV.;;;;930
201400042470;14;12;1;1715;5;2;1;2;2;63;10, DOUMER AVENUE PAUL;;;;930
201400042471;14;12;7;1000;1;2;9;1;6;61;63, JOINEAU ANDRE RUE;;;;930
201400042472;14;12;8;1945;5;2;1;1;4;63;11, BARBUSSE HENRI BOULE;;;;930
201400042473;14;12;13;2315;5;2;3;2;3;63;10, BRANLY BD EDOUARD;;;;930
201400042474;14;12;14;1150;1;2;0;1;2;6;36, GAL DE GAULLE AV. DU;;;;930
201400042475;14;12;16;1830;5;2;1;1;2;6;GAMBETTA AV.;;;;930
201400042476;14;12;19;1150;1;2;1;2;6;45;1, LIBERTE BD DE LA;;;;930
201400042477;14;12;19;1610;5;2;1;3;3;63;32, METZ AVENUE DE;;;;930
201400042478;14;4;11;1745;1;2;1;1;6;63;, JOLIOT-CURIE IRENE;;;;930
201400042479;14;5;5;2355;5;2;1;1;6;45;PARIS RUE DE;;;;930
201400042480;14;11;6;2115;5;2;1;1;6;61;75 FAIDHERBE AVENUE;;;;930
201400042481;14;8;11;2013;5;2;3;2;3;63;70, BRETAGNES AVENUE DES;;;;930
201400042482;14;11;16;1725;5;1;1;3;6;45;PARIS RUE DE-;;;;930
201400042483;14;11;16;20;5;1;3;2;3;63;BRANLY BD EDOUARD;;;;930
201400042484;14;8;17;505;5;2;1;1;6;45;143, NOISY LE SEC RUE DE;;;;930
201400042485;14;8;17;2250;5;2;2;1;2;63;101, POINTE RUE DE LA;;;;930
201400042486;14;8;23;230;5;2;2;1;3;63;ROSENFELD AVENUE DU DOCT;;;;930
201400042487;14;9;4;1930;1;2;1;1;2;63;92, MONTREUIL ROUTE DE;;;;930
201400042488;14;9;9;845;1;2;1;1;6;63;35, CITE MARCEL CACHIN;;;;930
201400042489;14;9;9;2215;5;2;4;1;6;45;SABLONS RUE DES;;;;930
201400042490;14;11;18;2120;5;2;1;1;3;63;BENFLEET RUE DE;;;;930
201400042491;14;11;22;1915;5;2;4;1;6;45;264, NOISY LE SEC RUE DE;;;;930
201400042492;14;11;25;830;1;2;3;8;7;63;CALMETTE RUE DU DOCTEUR;;;;930
201400042493;14;1;3;1345;1;2;1;8;4;46;125, MARX DORMOY BOULEVA;;;;930
201400042494;14;1;6;2300;5;2;4;1;6;15;7, PASTEUR AVENUE;;;;930
201400042495;14;1;8;1317;1;2;3;1;3;74;258, MEAUX RUE DE;;;;930
201400042496;14;1;15;1930;5;2;2;2;6;46;JEAN MOULIN BOULEVARD;;;;930
201400042497;14;1;12;1130;1;2;4;1;3;15;03, COROT AVENUE;;;;930
201400042498;14;1;22;1350;1;2;1;1;3;74;35, DE GAULLE AVENUE DU;;;;930
201400042499;14;1;23;845;1;2;1;2;3;46;148, EMILE GERARD AVENUE;;;;930
201400042500;14;1;26;1732;5;2;1;3;4;46;MARECHAL LECLERC AVENUE;;;;930
201400042501;14;2;3;650;5;2;2;1;1;74;MEAUX RUE DE;;;;930
201400042502;14;2;3;800;2;1;1;1;6;74;Route Nationale 3;;;;930
201400042503;14;2;8;1502;1;2;1;1;6;46;39, CHANZY AVENUE DE;;;;930
201400042504;14;2;13;1650;1;2;1;8;6;74;192, MEAUX RUE DE;;;;930
201400042505;14;2;25;945;1;2;1;2;7;46;18, ARISTIDE BRIAND AVEN;;;;930
201400042506;14;2;28;1030;1;2;1;2;6;46;ROBERT SCHUMANN BOULEVAR;;;;930
201400042507;14;3;1;120;5;2;1;2;6;46;EUGENE MASSE RUE;;;;930
201400042508;14;3;5;1730;1;2;1;1;3;46;22/24, MARX DORMOY BOULE;;;;930
201400042509;14;3;6;1545;1;2;2;1;3;46;00, CAMILLE DESMOULINS A;;;;930
201400042510;14;3;16;1650;1;2;3;1;3;74;MEAUX RUE DE;;;;930
201400042511;14;3;16;1540;1;2;1;1;6;46;21, CHARLES DE GAULLE AV;;;;930
201400042512;14;3;17;1240;1;2;1;1;6;46;83, ARISTIDE BRIAND AVEN;;;;930
201400042513;14;3;17;1820;1;2;1;1;6;46;36, EUGENE MASSE RUE;;;;930
201400042514;14;3;18;1400;1;2;1;1;3;46;113, DOCTEUR ROUX RUE DU;;;;930
201400042515;14;3;23;2016;5;2;3;1;7;46;EUGENE MASSE RUE;;;;930
201400042516;14;3;24;1504;1;2;1;1;3;46;, EUROPE BOULEVARD DE L';;;;930
201400042517;14;3;26;1215;1;2;2;1;3;46;30, JEAN MOULIN BOULEVAR;;;;930
201400042518;14;3;29;1531;1;1;1;1;2;46;EUROPE BOULEVARD DE L';;;;930
201400042519;14;3;31;820;1;2;2;1;6;46;14, EUROPE BOULEVARD DE;;;;930
201400042520;14;4;1;1725;1;2;1;1;6;74;MEAUX RUE DE;;;;930
201400042521;14;4;5;1330;1;2;1;1;2;46;32, CAMILLE DESMOULINS A;;;;930
201400042522;14;4;12;1115;1;2;1;1;2;46;2-4, CONSUL GENERAL NORD;;;;930
201400042523;14;4;26;2250;5;2;2;2;3;46;ARISTIDE BRIAND AVENUE;;;;930
201400042524;14;4;23;2150;5;2;8;2;2;46;EDOUARD VAILLANT BOULEVA;;;;930
201400042525;14;4;30;2210;5;2;1;8;2;46;DOCTEUR HERPIN RUE DU;;;;930
201400042526;14;5;2;1505;1;2;5;1;3;46;GAMBETTA AVENUE;;;;930
201400042527;14;5;4;2310;5;2;1;1;2;46;, ARISTIDE BRIAND AVENUE;;;;930
201400042528;14;5;9;2310;5;2;1;1;2;74;135, MEAUX RUE DE;;;;930
201400042529;14;5;10;1300;1;2;1;3;3;46;EUGENE ALPHONSE ALLEE;;;;930
201400042530;14;5;4;905;1;2;3;1;2;46;01, JEAN JAURES BOULEVAR;;;;930
201400042531;14;5;14;1415;1;2;1;7;2;46;43, LEON LUM AVENUE;;;;930
201400042532;14;5;15;2130;5;2;1;1;6;46;75, LIEGEARD AVENUE;;;;930
201400042533;14;5;16;2335;3;2;2;1;3;46;ARISTIDE BRIAND AVENUE;;;;930
201400042534;14;5;19;820;1;2;2;1;6;46;PACHOT LAINE RUE;;;;930
201400042535;14;5;21;2050;5;2;1;3;3;46;20, WINSTON CHURCHILL AV;;;;930
201400042536;14;5;22;620;1;2;1;1;6;15;12, lARCHE RUE RAOUL;;;;930
201400042537;14;5;22;1920;1;2;1;1;6;46;51, rOBERT SCHUMANN BOUL;;;;930
201400042538;14;5;28;1020;1;2;1;2;2;74;MEAUX RUE DE;;;;930
201400042539;14;5;31;2200;5;2;2;1;1;74;, mEAUX RUE DE;;;;930
201400042540;14;6;2;829;1;2;1;1;6;46;ARISTIDE BRIAND AVENUE;;;;930
201400042541;14;6;2;1620;1;2;1;1;7;46;56, EST ALLEE DE L';;;;930
201400042542;14;6;2;1805;1;2;6;1;3;15;JAURES RUE JEAN;;;;930
201400042543;14;6;6;900;1;2;6;7;6;46;QUESNAY ROND POINT;;;;930
201400042544;14;6;13;2105;5;2;2;1;3;46;ARISTIDE BRIAND AVENUE;;;;930
201400042545;14;6;16;735;1;1;1;1;2;74;Route Nationale 3;;;;930
201400042546;14;6;23;730;1;2;1;1;3;46;43, ARISTIDE BRIAND AVEN;;;;930
201400042547;14;6;26;1530;1;2;2;1;3;74;173, MEAUX RUE DE;;;;930
201400042548;14;6;27;1150;1;2;1;1;6;46;3, SIMIANE RUE DE;;;;930
201400042549;14;6;30;1753;1;2;6;1;3;46;TURGOT;;;;930
201400042550;14;7;3;620;1;2;2;1;3;46;MARECHAL LECLERC AVENUE;;;;930
201400042551;14;7;21;1545;1;2;1;2;6;46;MARX DORMOY BOULEVARD;;;;930
201400042552;14;7;26;610;1;2;1;1;6;15;MOULIN RUE JEAN;;;;930
201400042553;14;7;28;1550;1;2;1;1;6;46;92, MARX DORMOY BOULEVAR;;;;930
201400042554;14;8;5;2225;5;2;2;1;3;15;AMPERE AVENUE;;;;930
201400042555;14;8;6;1510;1;2;1;2;6;74;239, MEAUX RUE DE;;;;930
201400042556;14;8;8;2150;5;2;1;2;3;46;71, REPUBLIQUE AVENUE DE;;;;930
201400042557;14;8;14;1540;1;2;5;1;3;46;WINSTON CHURCHILL AVENUE;;;;930
201400042558;14;8;18;2030;2;2;5;1;1;74;DE GAULLE AVENUE DU GENE;;;;930
201400042559;14;8;30;13;5;2;2;1;1;46;16, MARX DORMOY BOULEVAR;;;;930
201400042560;14;9;1;330;5;2;3;1;7;46;8, EGLISE RUE DE L';;;;930
201400042561;14;9;1;2015;2;2;2;1;3;46;AUMALE ALLEE;;;;930
201400042562;14;9;3;2210;5;2;2;1;3;46;JEAN JAURES BOULEVARD;;;;930
201400042563;14;8;7;1150;1;2;2;1;6;46;GEORGES BRASSENS ALLEE;;;;930
201400042564;14;9;12;1735;1;2;3;1;3;74;BOUCHER RUE ALEXANDRE;;;;930
201400042565;14;9;16;1110;1;2;1;1;3;74;184, MEAUX RUE DE;;;;930
201400042566;14;9;12;1555;1;2;1;1;6;46;62, FRANCOIS VILLON RUE;;;;930
201400042567;14;9;17;2050;5;2;3;1;1;15;70, JAURES RUE JEAN;;;;930
201400042568;14;9;18;1945;2;1;1;1;2;74;Route Nationale 3;;;;930
201400042569;14;9;21;705;5;2;2;2;1;46;LIBERATION PLACE DE LA;;;;930
201400042570;14;9;23;800;1;2;3;1;6;74;00, LATTRE DE TASSIGNY A;;;;930
201400042571;14;9;24;1835;1;2;2;1;2;74;MEAUX RUE DE;;;;930
201400042572;14;9;25;1845;2;2;2;1;3;46;LEDRU ROLLIN ALLEE;;;;930
201400042573;14;9;26;850;1;1;1;1;3;74;Route Nationale 3;;;;930
201400042574;14;9;26;1840;1;2;1;1;2;74;259, MEAUX RUE DE;;;;930
201400042575;14;9;28;1030;1;1;2;1;3;74;LATTRE DE TASSIGNY AVENU;;;;930
201400042576;14;10;9;830;1;2;1;1;7;46;23, CLICHY CHEMIN DE;;;;930
201400042577;14;10;10;1000;1;2;1;1;3;46;ROBERT SCHUMANN BOULEVAR;;;;930
201400042578;14;10;12;2340;5;2;1;2;2;46;57, ARISTIDE BRIAND AVEN;;;;930
201400042579;14;10;14;1200;1;2;1;1;6;46;MAURICE BERTHEAUX ALLEE;;;;930
201400042580;14;10;15;2035;5;2;3;2;3;46;LIEGEARD AVENUE;;;;930
201400042581;14;10;17;840;1;2;2;2;1;46;ROBERT SCHUMANN BOULEVAR;;;;930
201400042582;14;10;30;1515;1;2;2;1;3;46;VAUBAN AVENUE;;;;930
201400042583;14;10;31;2000;3;2;3;1;1;46;VAUJOURS RUE DE;;;;930
201400042584;14;11;1;1545;1;2;2;1;6;46;00, LEON BLUM CITE;;;;930
201400042585;14;11;3;2140;5;2;2;2;3;46;CONSUL GENERAL NORDLING;;;;930
201400042586;14;11;15;1350;1;2;1;9;6;15;STRATEGIQUE ROUTE;;;;930
201400042587;14;11;16;450;5;2;9;2;6;46;93, ROGER SALENGRO BOULE;;;;930
201400042588;14;11;16;1835;5;2;2;2;3;46;00, NEMOURS ALLEE DE;;;;930
201400042589;14;11;19;1540;1;2;1;1;6;46;8, ARISTIDE BRIAND AVENU;;;;930
201400042590;14;11;20;1150;1;2;1;1;6;46;CONSUL GENERAL NORDLING;;;;930
201400042591;14;11;25;1932;5;2;7;1;3;46;LIBERATION PLACE DE LA;;;;930
201400042592;14;11;26;1220;1;2;2;1;3;46;64, PAUL BERT AVENUE;;;;930
201400042593;14;11;27;540;3;1;1;5;6;74;Route Nationale 3;;;;930
201400042594;14;11;29;1315;1;2;6;1;3;74;LATTRE DE TASSIGNY AVENU;;;;930
201400042595;14;11;29;1410;1;2;2;1;2;46;0, ARISTIDE BRIAND AVENU;;;;930
201400042596;14;12;2;1400;1;2;3;2;6;46;, JEAN JACQUES ROUSSEAU;;;;930
201400042597;14;12;2;1830;5;2;7;8;6;46;MARECHAL LECLERC AVENUE;;;;930
201400042598;14;12;4;805;2;2;6;1;2;46;EUROPE BOULEVARD DE L';;;;930
201400042599;14;12;4;2020;5;2;2;1;6;46;RICHELIEU ALLEE;;;;930
201400042600;14;12;5;1425;1;2;2;1;4;74;COURTRY RUE DE;;;;930
201400042601;14;12;5;1200;1;2;1;8;4;46;42, VAUJOURS RUE DE;;;;930
201400042602;14;12;6;800;2;2;8;1;3;46;MAURICE BERTHEAUX ALLEE;;;;930
201400042603;14;12;7;635;5;2;0;5;6;46;EUROPE BOULEVARD DE L';;;;930
201400042604;14;12;9;750;2;1;1;9;6;46;EUROPE BOULEVARD DE L';;;;930
201400042605;14;12;10;1200;1;2;3;8;3;46;MARX DORMOY BOULEVARD;;;;930
201400042606;14;12;10;1735;5;2;1;2;1;74;MEAUX RUE DE;;;;930
201400042607;14;12;11;705;2;2;1;8;6;46;2, CAMILLE DESMOULINS AV;;;;930
201400042608;14;12;16;1530;1;2;2;1;3;46;WINSTON CHURCHILL AVENUE;;;;930
201400042609;14;12;16;1630;1;1;1;1;3;46;STRATEGIQUE ROUTE;;;;930
201400042610;14;12;19;1830;5;2;3;2;2;46;MARX DORMOY BOULEVARD;;;;930
201400042611;14;12;19;2115;5;2;0;8;1;46;00, AUMALE ALLEE;;;;930
201400042612;14;12;21;1343;1;2;1;8;2;46;JEAN JACQUES ROUSSEAU AV;;;;930
201400042613;14;12;24;1450;1;2;3;2;6;74;67, MEAUX RUE DE;;;;930
201400042614;14;12;26;745;5;2;9;9;3;46;POSTES CHEMIN DES;;;;930
201400042615;14;12;30;1000;1;1;1;9;5;74;Route Nationale 3;;;;930
201400042616;14;1;5;2200;3;2;2;2;3;48;233, PARIS (RUE DE);;;;930
201400042617;14;1;6;1955;5;2;1;2;6;48;290/302, ETIENNE MARCEL;;;;930
201400042618;14;1;9;1835;3;2;3;8;3;48;162, ROMAINVILLE (RUE DE;;;;930
201400042619;14;1;11;525;5;2;5;2;3;48;ARISTIDE BRIAND (BOULEVA;;;;930
201400042620;14;1;12;2315;5;2;2;2;3;48;BOISSIERE (BOULEVARD DE;;;;930
201400042621;14;1;16;1300;1;2;1;2;6;48;JACQUES DUCLOS (RUE);;;;930
201400042622;14;1;18;1645;1;2;1;1;2;48;155 ROSNY (RUE DE);;;;930
201400042623;14;1;21;750;5;2;1;8;6;48;01, CHANZY (BOULEVARD);;;;930
201400042624;14;1;23;2040;5;2;2;1;3;48;JEAN LOLIVE (RUE);;;;930
201400042625;14;1;28;750;2;2;2;1;2;48;WALWEIN (AVENUE);;;;930
201400042626;14;2;4;1610;1;2;1;1;7;48;152, PARIS (RUE DE);;;;930
201400042627;14;2;5;2040;5;2;2;2;1;48;186, PARIS (RUE DE);;;;930
201400042628;14;2;10;1440;1;2;1;1;2;48;202, BOISSIERE (BOULEVAR;;;;930
201400042629;14;2;12;1045;1;2;1;1;6;48;45, PARIS (RUE DE);;;;930
201400042630;14;2;12;1900;5;2;8;2;6;48;44, RESISTANCE (AVENUE D;;;;930
201400042631;14;2;12;1855;5;2;9;3;6;48;PARIS (RUE DE);;;;930
201400042632;14;2;14;630;5;2;2;1;3;48;56, COLONEL FABIEN (AVEN;;;;930
201400042633;14;2;15;1845;5;2;8;2;6;48;215, BOISSIERE (BOULEVAR;;;;930
201400042634;14;2;17;1140;1;2;3;1;3;48;DESIRE CHEVALIER (RUE);;;;930
201400042635;14;3;4;1430;1;2;1;1;6;48;jEAN LOLIVE (RUE);;;;930
201400042636;14;3;6;1855;5;2;1;1;6;48;16, jEAN MOULIN (AVENUE);;;;930
201400042637;14;3;8;1115;1;2;2;1;3;48;rOMAINVILLE (RUE DE);;;;930
201400042638;14;3;16;1810;1;2;1;1;6;48;1, EPERNONs (RUE DES);;;;930
201400042639;14;3;18;1400;1;2;1;1;3;48;46, PAUL VAILLANT COUTUR;;;;930
201400042640;14;3;18;1410;1;2;2;1;6;48;VINCENNES (RUE DE);;;;930
201400042641;14;3;18;1725;1;2;2;1;6;48;PRESIDENT WILSON (AVENUE;;;;930
201400042642;14;3;22;1830;1;2;1;1;2;48;158, LE NAIN DE TILLEMON;;;;930
201400042643;14;3;23;1416;1;2;1;2;4;48;PIERRE DE MONTREUIL (RUE;;;;930
201400042644;14;3;22;1915;5;2;1;1;1;48;ROUGET DE L'ISLE (BOULEV;;;;930
201400042645;14;3;27;830;1;2;1;1;6;48;48, VINCENNES (RUE DE);;;;930
201400042646;14;3;31;2115;3;2;6;1;2;48;FRANCOIS MITTERAND (PLAC;;;;930
201400042647;14;4;5;1930;1;2;1;1;6;48;REPUBLIQUE (RUE DE LA);;;;930
201400042648;14;4;11;905;1;2;1;1;6;48;14, PARMENTIER (RUE);;;;930
201400042649;14;4;14;1950;1;2;1;1;3;48;PARIS (RUE DE);;;;930
201400042650;14;4;16;1400;1;2;2;1;3;48;105, HENRI BARBUSSE S3 (;;;;930
201400042651;14;4;18;1900;1;2;2;1;3;48;ARMAND CARREL (RUE);;;;930
201400042652;14;4;22;1405;1;2;1;1;5;48;157, CHANZY (BOULEVARD);;;;930
201400042653;14;4;30;1215;1;2;1;1;6;48;VICTOR HUGO (AVENUE);;;;930
201400042654;14;5;5;1700;1;2;1;1;7;48;85, SOLIDARITE (RUE DE L;;;;930
201400042655;14;5;9;1700;1;2;1;1;6;48;FAIDHERBE (AVENUE);;;;930
201400042656;14;5;16;1400;1;2;3;1;1;48;11, PASTEUR S2  (AVENUE);;;;930
201400042657;14;5;16;1800;1;2;1;1;6;48;35C, ARISTIDE BRIAND (BO;;;;930
201400042658;14;5;20;1540;1;2;1;1;6;48;134, SAINT DENIS (RUE);;;;930
201400042659;14;5;24;1520;1;2;2;3;1;48;123, STALINGRAD (RUE DE);;;;930
201400042660;14;5;26;1700;1;2;1;1;6;48;52, RAPATEL (RUE);;;;930
201400042661;14;5;28;1840;1;2;3;2;3;48;122, ROMAINVILLE (RUE DE;;;;930
201400042662;14;5;30;1915;1;2;1;1;6;48;12, JEAN MOULIN (AVENUE);;;;930
201400042663;14;6;1;1720;1;2;2;1;3;48;JEANNE D'ARC (BOULEVARD);;;;930
201400042664;14;6;6;1830;1;2;1;1;6;48;01, JEAN JAURES (PLACE);;;;930
201400042665;14;6;8;1510;1;2;1;1;6;48;128, PARIS (RUE DE);;;;930
201400042666;14;6;9;1825;1;2;1;1;3;48;EUGENIE COTTON (ALLEE);;;;930
201400042667;14;6;11;1900;1;2;1;1;6;48;PARIS (RUE DE);;;;930
201400042668;14;6;12;1400;1;2;1;1;6;48;ROMAIN ROLLAND (ALLEE);;;;930
201400042669;14;6;13;1310;1;2;2;1;3;48;65, BOISSIERE (BOULEVARD;;;;930
201400042670;14;6;17;945;1;2;2;1;3;48;162, ROMAINVILLE (RUE DE;;;;930
201400042671;14;6;20;1415;1;2;3;1;3;48;MARCEAU (RUE);;;;930
201400042672;14;6;20;1800;1;1;1;1;2;48;PIERRE DE MONTREUIL (RUE;;;;930
201400042673;14;6;21;1405;1;2;1;1;3;48;80, PARIS (RUE DE);;;;930
201400042674;14;6;21;2340;5;2;1;1;2;48;DENISE BUISSON (RUE);;;;930
201400042675;14;6;22;1150;1;2;2;1;1;48;PAUL VAILLANT COUTURIER;;;;930
201400042676;14;6;23;1815;1;2;1;1;6;48;62, FRANKLIN (RUE);;;;930
201400042677;14;6;24;900;1;2;1;1;6;48;41, ANATOLE FRANCE (RUE);;;;930
201400042678;14;6;28;1200;1;2;3;1;3;48;ROBESPIERRE (RUE);;;;930
201400042679;14;6;30;1500;1;2;1;1;2;48;81 bis, ROMAINVILLE (RUE;;;;930
201400042680;14;7;3;2030;1;2;1;1;3;48;220, PARIS (RUE DE);;;;930
201400042681;14;7;15;1030;1;2;1;1;6;48;40, ERNEST SAVART (AVENU;;;;930
201400042682;14;7;15;1405;1;2;1;1;3;48;197 ETIENNE MARCEL (RUE;;;;930
201400042683;14;7;16;1935;1;2;1;1;2;48;16, THEOPHILE SUEUR (BOU;;;;930
201400042684;14;7;17;1015;1;2;2;1;6;48;135, ARISTIDE BRIAND (BO;;;;930
201400042685;14;7;17;1700;1;2;1;1;6;48;37, ROUGET DE L'ISLE (BO;;;;930
201400042686;14;7;21;1740;1;2;3;1;6;48;170, THEOPHILE SUEUR (BO;;;;930
201400042687;14;8;1;810;1;2;1;1;6;48;17, VALMY (RUE DE);;;;930
201400042688;14;8;18;1815;1;2;1;1;6;48;4, COTE DU NORD (RUE DE;;;;930
201400042689;14;8;25;1840;1;2;2;2;3;48;MARCEAU (RUE);;;;930
201400042690;14;9;9;830;1;2;2;1;1;48;., DESIRE PREAUX (RUE);;;;930
201400042691;14;9;9;1520;1;2;1;1;2;48;, ROSNY (RUE DE);;;;930
201400042692;14;9;10;1010;1;2;2;1;6;48;., STALINGRAD (RUE DE);;;;930
201400042693;14;9;11;1242;1;2;9;1;6;48;134, CHANZY (BOULEVARD);;;;930
201400042694;14;9;16;310;5;2;0;1;6;48;101 PARIS (RUE DE);;;;930
201400042695;14;9;17;1705;1;2;3;1;7;48;CUVIER (RUE);;;;930
201400042696;14;10;6;1810;1;2;2;2;6;48;03, WALWEIN (AVENUE);;;;930
201400042697;14;10;6;1845;5;2;1;3;6;48;105, PARIS (RUE DE);;;;930
201400042698;14;10;7;850;1;2;2;1;3;48;24, PARMENTIER (RUE);;;;930
201400042699;14;10;8;2010;5;2;9;3;1;48;128, PARIS (RUE DE);;;;930
201400042700;14;10;10;1800;1;2;3;1;6;48;63, BARBES (RUE);;;;930
201400042701;14;10;18;1605;1;2;3;1;6;48;73, EDOUARD BRANLY (RUE);;;;930
201400042702;14;10;21;950;1;2;1;8;6;48;PASTEUR S2  (AVENUE);;;;930
201400042703;14;10;23;1850;5;2;1;1;6;48;47, PARIS (RUE DE);;;;930
201400042704;14;10;31;1140;1;2;2;1;3;48;., ARISTIDE BRIAND (BOUL;;;;930
201400042705;14;11;3;1830;5;2;1;3;3;48;235, ROSNY (RUE DE);;;;930
201400042706;14;11;12;1715;1;2;2;8;6;48;13, GABRIEL PERI (AVENUE;;;;930
201400042707;14;11;17;1720;5;2;1;2;3;48;206, PARIS (RUE DE);;;;930
201400042708;14;11;25;1540;1;2;3;1;3;48;28, ARISTIDE BRIAND (BOU;;;;930
201400042709;14;11;29;2045;5;2;2;1;3;48;48, MARCEAU (RUE);;;;930
201400042710;14;12;9;1730;2;2;1;1;3;48;PARIS (RUE DE);;;;930
201400042711;14;12;9;2000;5;2;1;1;3;48;21, HENRI BARBUSSE (BOUL;;;;930