num_acc;an;mois;jour;hrmn;lum;agg;int;atm;col;com;adr;gps;lat;long;dep
201400042712;14;12;13;300;5;2;1;2;1;48;59, RUFFINS (RUE DES);;;;930
201400042713;14;12;17;1740;5;2;1;2;6;48;29, HENRI BARBUSSE S3 (B;;;;930
201400042714;14;12;21;2310;5;2;9;1;6;48;223, THEOPHILE SUEUR (BO;;;;930
201400042715;14;12;27;2045;5;2;2;2;3;48;VALMY (RUE DE);;;;930
201400042716;14;12;30;1745;3;1;0;1;6;50;JEAN JAURES (AVENUE) COT;;;;930
201400042717;14;1;12;250;5;2;1;5;6;49;25, GABRIEL PERI (RUE);;;;930
201400042718;14;1;6;845;1;2;1;1;6;50;PAUL ET CAMILLE THOMOUX;;;;930
201400042719;14;1;13;1920;5;2;2;2;3;50;ARISTIDE BRIAND (BOULEBA;;;;930
201400042720;14;1;18;550;2;2;2;1;3;50;ARISTIDE BRIAND (BOULEBA;;;;930
201400042721;14;1;19;300;5;2;1;2;6;50;184, PAUL ET CAMILLE THO;;;;930
201400042722;14;1;31;1020;1;2;1;1;6;50;1, ROBERT SCHUMANN (AVEN;;;;930
201400042723;14;1;22;1630;1;2;1;2;6;50;16, CARNOT (BOULEVARD);;;;930
201400042724;14;1;23;1155;1;2;1;1;7;50;ROUSSILLON (RUE);;;;930
201400042725;14;1;28;1205;1;2;2;8;6;50;PAUL ET CAMILLE THOMOUX;;;;930
201400042726;14;1;28;1725;5;2;1;2;6;50;, ARISTIDE BRIAND (BOULE;;;;930
201400042727;14;2;20;25;5;2;1;1;6;50;3, JEAN JAURES (AVENUE);;;;930
201400042728;14;2;16;730;2;2;2;1;3;50;VERDUN (AVENUE) COTE PAI;;;;930
201400042729;14;2;4;1530;1;2;3;1;6;50;0, JEAN JAURES (AVENUE);;;;930
201400042730;14;2;12;2130;5;2;2;2;1;50;MARECHAL FOCH (AVENUE) C;;;;930
201400042731;14;2;21;800;1;2;2;1;3;49;ARISTIDE BRIAND (AVENUE);;;;930
201400042732;14;2;27;1230;1;2;2;3;3;49;DANIELLE CASANOVA (RUE);;;;930
201400042733;14;2;27;1332;1;2;1;2;2;50;163, PAUL VAILLANT COUTU;;;;930
201400042734;14;2;28;1900;5;2;1;1;3;50;DAUPHINE (PLACE);;;;930
201400042735;14;2;28;2230;5;2;1;2;6;50;LOUIS ARMAND (RUE);;;;930
201400042736;14;3;10;1655;1;2;1;1;6;50;LOUIS ARMAND (RUE);;;;930
201400042737;14;3;22;555;2;2;2;1;3;50;LEON BLUM (AVENUE);;;;930
201400042738;14;3;23;340;5;2;1;1;6;50;WINSTON CHURCHILL (AVENU;;;;930
201400042739;14;4;12;140;5;2;2;1;3;50;GENERAL DE GAULLE (AVENU;;;;930
201400042740;14;4;1;1440;1;2;6;1;3;50;VICTOIRE (PLACE);;;;930
201400042741;14;4;1;810;1;2;1;1;2;49;MARECHAL FOCH (AVENUE) P;;;;930
201400042742;14;4;2;1705;1;2;1;1;6;49;29Bis, PASTEUR (RUE);;;;930
201400042743;14;4;2;1805;1;2;1;1;3;50;52, GENERAL DE GAULLE (A;;;;930
201400042744;14;4;9;800;1;2;3;1;3;49;PROCESSIONS (CHEMIN);;;;930
201400042745;14;4;9;1110;1;2;3;1;3;50;FERDINAND BUISSON (RUE);;;;930
201400042746;14;4;27;450;5;2;1;1;6;50;71, LOUIS AMPERE ZI CHAN;;;;930
201400042747;14;4;28;1715;1;2;1;1;7;49;GALLIENI (BOULEVARD);;;;930
201400042748;14;5;1;1835;1;2;2;3;3;50;PAUL ET CAMILLE THOMOUX;;;;930
201400042749;14;5;5;830;1;2;1;1;3;49;PASTEUR (RUE);;;;930
201400042750;14;5;5;1320;1;2;9;1;3;49;PIER DE CRAON (RUE);;;;930
201400042751;14;5;8;1330;1;2;1;1;3;50;51, GENERAL DE GAULLE (A;;;;930
201400042752;14;5;26;925;1;2;2;2;6;50;13, MARECHAL FOCH (AVENU;;;;930
201400042753;14;5;29;10;5;2;3;1;3;49;PRESIDENT JOHN KENNEDY (;;;;930
201400042754;14;6;4;1530;1;2;1;8;2;50;JEAN JAURES (AVENUE) COT;;;;930
201400042755;14;6;16;1725;1;2;1;1;6;50;BERRY (RUE);;;;930
201400042756;14;6;18;1705;1;2;2;1;2;50;0, RESISTANCE (PLACE);;;;930
201400042757;14;6;21;1855;1;2;1;1;1;50;JEAN JAURES (AVENUE) COT;;;;930
201400042758;14;6;22;1130;1;2;3;1;3;50;8, FRANCOIS VILLON (RUE);;;;930
201400042759;14;6;24;1030;1;2;9;1;6;50;1/9, MARECHAL FOCH (AVEN;;;;930
201400042760;14;6;25;600;1;2;1;1;6;50;MAISON BLANCHE (AVENUE);;;;930
201400042761;14;7;2;1500;1;2;1;1;1;49;PRESIDENT JOHN KENNEDY (;;;;930
201400042762;14;7;3;910;1;2;1;1;3;50;MARX DORMOY (RUE);;;;930
201400042763;14;7;6;1825;1;2;1;2;5;50;MARX DORMOY (RUE);;;;930
201400042764;14;7;21;2310;5;2;1;1;3;50;PAUL ET CAMILLE THOMOUX;;;;930
201400042765;14;7;23;1935;1;2;1;1;7;50;LOUIS VANNINI (RUE);;;;930
201400042766;14;7;30;1800;1;2;1;1;6;49;37, GEORGES CLEMENCEAU (;;;;930
201400042767;14;8;1;310;5;2;1;1;3;50;113, GENERAL DE GAULLE (;;;;930
201400042768;14;8;15;1600;1;2;1;1;7;50;GASTON NAVAILLE (RUE);;;;930
201400042769;14;8;22;1730;1;2;1;1;6;50;ECLUSE (CHEMIN);;;;930
201400042770;14;9;14;800;1;2;1;1;6;50;10, PAUL ET CAMILLE THOM;;;;930
201400042771;14;8;26;2230;5;2;1;2;6;50;PAUL VAILLANT COUTURIER;;;;930
201400042772;14;9;1;930;1;2;1;7;2;50;HENRI BARBUSSE (PLACE) M;;;;930
201400042773;14;9;1;1625;1;2;1;1;6;50;116, GENERAL DE GAULLE (;;;;930
201400042774;14;9;1;1710;1;1;1;1;5;50;JEAN JAURES (AVENUE) COT;;;;930
201400042775;14;9;30;1905;1;2;1;1;1;50;LEON BLUM (AVENUE);;;;930
201400042776;14;9;20;1250;1;2;2;1;3;50;71, GENERAL DONZELOT (RU;;;;930
201400042777;14;9;26;1850;2;2;1;1;6;49;RENOUILLIERES (RUE);;;;930
201400042778;14;10;3;1035;1;2;2;1;3;50;1, JULES LAMANT ET SES F;;;;930
201400042779;14;10;5;1815;1;2;1;1;5;50;GENERAL DE GAULLE (AVENU;;;;930
201400042780;14;10;5;1900;1;2;1;1;1;50;LEON BLUM (AVENUE);;;;930
201400042781;14;10;6;815;1;2;1;1;3;50;, FAUVETTES (RUE);;;;930
201400042782;14;10;8;700;4;2;3;2;7;49;RENOUILLIERES (CHEMIN);;;;930
201400042783;14;10;17;1700;1;2;1;1;2;50;15/27, FRERES LUMIERE (R;;;;930
201400042784;14;10;20;920;1;2;2;1;3;49;MARECHAL JOFFRE (AVENUE);;;;930
201400042785;14;10;22;910;1;2;1;1;2;50;336, HUIT MAI 1945;;;;930
201400042786;14;10;24;2215;5;2;1;1;2;50;PAUL ET CAMILLE THOMOUX;;;;930
201400042787;14;11;5;920;1;2;3;1;3;50;1/9, MARECHAL FOCH (AVEN;;;;930
201400042788;14;11;11;630;4;2;2;1;1;50;RESISTANCE (PLACE);;;;930
201400042789;14;11;7;815;1;2;2;3;6;49;02, RASPAIL (RUE);;;;930
201400042790;14;11;8;2215;5;2;1;1;7;50;MARECHAL FOCH (AVENUE) C;;;;930
201400042791;14;11;14;1240;1;2;2;3;6;50;GENERAL DE GAULLE (AVENU;;;;930
201400042792;14;11;15;1215;1;2;1;2;2;49;PAUL VAILLANT COUTURIER;;;;930
201400042793;14;11;18;1800;5;2;3;2;6;50;ROUSSILLON (RUE);;;;930
201400042794;14;11;19;735;1;2;1;5;6;50;127, MARECHAL LECLERCQ (;;;;930
201400042795;14;11;20;1130;1;2;0;1;6;50;COMMERCE (PLACE);;;;930
201400042796;14;11;25;835;1;2;1;1;6;50;1 BIS, GENRAL SCHMITZ (R;;;;930
201400042797;14;12;3;1920;5;2;1;1;1;50;DAUPHINE (PLACE);;;;930
201400042798;14;12;5;850;2;2;1;1;2;49;EDGAR QUINET (RUE) FAIDH;;;;930
201400042799;14;12;9;645;5;2;2;1;3;50;DANIELLE CASANOVA (RUE);;;;930
201400042800;14;12;9;1745;2;2;1;1;1;49;7, MEAUX (CHEMIN);;;;930
201400042801;14;12;16;835;1;2;1;2;6;50;JOLIOT CURIE (RUE);;;;930
201400042802;14;12;17;715;5;2;0;3;6;50;LOUIS VANNINI (RUE);;;;930
201400042803;14;1;7;2000;3;2;1;2;2;51;RU DE NESLE (BOULEVARD);;;;930
201400042804;14;1;9;1230;1;2;2;1;6;33;ARISTIDE BRIANT;;;;930
201400042805;14;1;15;1025;1;2;2;2;7;51;MONT D'EST (BD);;;;930
201400042806;14;1;24;1415;1;2;1;1;6;33;02, NATIONALE NUMERO 34;;;;930
201400042807;14;1;24;1700;2;2;1;1;5;51;45, SOUCHET (BOULEVARD);;;;930
201400042808;14;1;26;2020;5;2;1;3;3;51;SOUCHET (BOULEVARD);;;;930
201400042809;14;1;28;2230;5;2;2;2;3;51;EMILE COSSONNEAU (AVE);;;;930
201400042810;14;2;2;44;5;2;1;1;6;51;MARNOIS (NR 21 A FIN);;;;930
201400042811;14;2;13;1035;1;2;1;2;6;51;MONT D'EST (BD);;;;930
201400042812;14;2;15;40;5;2;1;1;4;51;RU DE NESLE (BOULEVARD);;;;930
201400042813;14;2;16;1930;5;2;6;1;2;51;GRAHAM BELL;;;;930
201400042814;14;2;19;740;1;2;1;2;6;51;, PAVE NEUF (AVENUE);;;;930
201400042815;14;2;24;730;1;2;3;1;3;51;PAVE NEUF (AVENUE);;;;930
201400042816;14;3;2;1215;1;2;1;1;3;51;12, VICTOR BASCH (AVENUE;;;;930
201400042817;14;3;5;1705;1;2;1;1;2;51;DEUX PONTS (QUAI);;;;930
201400042818;14;3;7;730;4;2;1;1;3;51;30, MARECHAL FOCH (BOULE;;;;930
201400042819;14;3;10;1345;1;2;3;1;2;51;DOCTEUR SUREAU;;;;930
201400042820;14;3;10;1620;1;2;1;1;6;51;MEDERIC (AVENUE);;;;930
201400042821;14;3;11;1950;5;2;1;1;2;51;56, PAVE NEUF (AVENUE);;;;930
201400042822;14;3;15;1510;1;2;2;1;3;51;ORMES;;;;930
201400042823;14;3;16;50;5;2;1;1;6;51;16, BRAYER;;;;930
201400042824;14;3;16;1620;1;2;6;1;6;51;PAVE NEUF (AVENUE);;;;930
201400042825;14;3;17;1145;1;2;1;1;2;51;HAUTS CHATEAUX;;;;930
201400042826;14;3;22;1325;1;2;1;1;5;51;UNIVERSITE;;;;930
201400042827;14;3;24;1700;1;2;2;1;3;51;YVRIS (AVE);;;;930
201400042828;14;3;25;1745;2;2;1;2;6;51;GEORGES MELIES;;;;930
201400042829;14;3;27;2100;4;2;1;1;3;51;NEUILLY (ROUTE);;;;930
201400042830;14;3;29;1305;1;2;1;1;5;33;CHAMPS (AVENUE);;;;930
201400042831;14;4;6;1800;1;2;1;1;7;51;1/3, MARECHAL JOFFRE (AV;;;;930
201400042832;14;4;11;2015;5;2;1;1;2;51;VICTOR BASCH (AVENUE);;;;930
201400042833;14;4;15;1950;1;2;1;1;6;51;PAVE NEUF (AVENUE);;;;930
201400042834;14;4;15;2240;5;2;2;1;6;51;MONT D'EST (BD);;;;930
201400042835;14;5;3;2000;1;2;3;1;3;51;PAUL PAMBRUN (BOULEVARD);;;;930
201400042836;14;5;7;1650;1;2;2;2;3;51;BALLON;;;;930
201400042837;14;5;8;1520;1;2;1;3;1;51;41, DOCTEUR SUREAU;;;;930
201400042838;14;5;12;1325;1;2;1;2;3;33;33, CHAMPS (AVENUE);;;;930
201400042839;14;5;19;1630;1;2;1;1;6;51;23, MONT D'EST (BD);;;;930
201400042840;14;5;23;1247;1;2;2;1;3;51;BAIGNADE;;;;930
201400042841;14;5;24;1845;1;2;1;1;4;51;61, NEUILLY (ROUTE);;;;930
201400042842;14;6;2;2130;2;2;1;1;6;51;LEVANT (BD);;;;930
201400042843;14;6;4;1605;1;2;1;8;6;51;26, BUTTE VERTE;;;;930
201400042844;14;6;5;800;1;2;3;1;6;51;MONGE;;;;930
201400042845;14;6;19;1805;1;2;3;1;6;51;PLAINE;;;;930
201400042846;14;6;20;925;1;2;4;1;6;51;GEORGES CLEMENCEAU (AVEN;;;;930
201400042847;14;6;21;2320;5;2;9;1;3;51;9, EMILE COSSONNEAU (AVE;;;;930
201400042848;14;6;28;1004;1;2;1;2;2;51;33bis, PIERRE BROSSOLETT;;;;930
201400042849;14;7;5;320;5;2;1;1;6;51;18, ROGER CAILTEUX;;;;930
201400042850;14;7;8;1717;1;2;4;1;2;51;COLLINE (ALLEE);;;;930
201400042851;14;7;16;1030;1;1;1;1;2;51;65, EMILE COSSONNEAU (AV;;;;930
201400042852;14;7;19;1745;1;2;1;1;6;51;MARNE (ALLEE);;;;930
201400042853;14;7;21;130;5;2;1;8;6;51;PASTEUR;;;;930
201400042854;14;7;22;1400;1;1;1;1;3;51;07, PAVE NEUF (AVENUE);;;;930
201400042855;14;7;27;900;1;2;3;1;3;51;0, CENTRE;;;;930
201400042856;14;7;28;1255;1;2;1;1;6;51;32, CLOSEAU (ALLEE);;;;930
201400042857;14;7;30;2325;5;2;2;1;7;51;MEDERIC (AVENUE);;;;930
201400042858;14;7;31;1845;1;2;1;1;6;51;14, IRIS;;;;930
201400042859;14;8;2;1200;1;2;6;1;2;51;PAVE NEUF (AVENUE);;;;930
201400042860;14;8;18;1525;1;2;2;1;3;51;AUGUSTE RODIN (ALLEE);;;;930
201400042861;14;9;1;1900;1;2;1;1;3;51;41, EMILE COSSONNEAU (AV;;;;930
201400042862;14;9;1;1310;1;2;1;1;1;51;102, MEDERIC (AVENUE);;;;930
201400042863;14;9;6;2115;4;2;1;1;3;51;36, NEUILLY (ROUTE);;;;930
201400042864;14;9;11;800;1;2;1;1;6;51;114, EMILE COSSONNEAU (A;;;;930
201400042865;14;9;13;445;5;2;1;1;6;51;LEVANT (BD);;;;930
201400042866;14;9;18;2125;5;2;1;1;2;51;GEORGES LAIGNEAU;;;;930
201400042867;14;9;19;800;1;2;2;1;3;51;GOURNAY (ROUTE);;;;930
201400042868;14;9;25;2315;5;2;2;1;3;51;ROUGET DE LISLE;;;;930
201400042869;14;9;29;845;1;2;2;3;6;51;GABRIEL PERI (AVENUE);;;;930
201400042870;14;9;29;840;1;2;1;2;2;51;11, MARNOIS (NR 1 A 19);;;;930
201400042871;14;9;29;945;1;2;1;2;2;51;11, MARNOIS (NR 1 A 19);;;;930
201400042872;14;10;2;1940;2;2;2;1;3;51;0, MEDERIC (AVENUE);;;;930
201400042873;14;10;6;2245;5;2;6;2;7;51;PAVE NEUF (AVENUE);;;;930
201400042874;14;10;8;1535;1;2;1;2;7;33;1, CHAMPS (AVENUE);;;;930
201400042875;14;10;19;2145;5;2;1;1;6;51;27, MONT D'EST (BD);;;;930
201400042876;14;10;20;1907;5;2;1;2;6;51;PAUL PAMBRUN (BOULEVARD);;;;930
201400042877;14;10;27;1620;1;2;6;1;3;51;PAVE NEUF (AVENUE);;;;930
201400042878;14;11;22;2145;5;2;2;1;2;33;CHURCHILL (PLACE);;;;930
201400042879;14;11;26;555;5;2;1;2;1;51;10, MEDERIC (AVENUE);;;;930
201400042880;14;11;27;1810;5;2;1;1;6;51;10 6, BUTTE VERTE;;;;930
201400042881;14;12;11;1700;5;2;1;1;3;51;3, CENTRE;;;;930
201400042882;14;12;17;820;2;2;1;3;7;51;0, HAUTS CHATEAUX;;;;930
201400042883;14;12;20;1030;1;2;3;8;3;51;MEDERIC (AVENUE);;;;930
201400042884;14;12;22;1720;5;2;1;2;6;51;SOUCHET (BOULEVARD);;;;930
201400042885;14;12;23;1700;5;2;1;1;3;51;PAUL LAFARGUE;;;;930
201400042886;14;12;30;1510;1;2;1;8;6;51;LEVANT (BD);;;;930
201400042887;14;1;3;1340;1;2;1;1;1;53;140, PARIS (RUe De);;;;930
201400042888;14;1;13;1745;5;2;1;1;6;53;198, PARIS (RUE DE);;;;930
201400042889;14;1;26;530;5;2;3;1;6;53;00, BREMENT (RUE DE) 109;;;;930
201400042890;14;2;5;1550;1;2;1;8;6;53;15, REPUBLIQUE (BLD DE L;;;;930
201400042891;14;2;8;600;5;2;1;2;6;53;53, ALSACE LORRAINE (AVE;;;;930
201400042892;14;2;8;1330;1;2;4;8;5;53;0, NEUILLY (RUE DE) N? 4;;;;930
201400042893;14;2;8;2230;5;2;1;1;6;53;0, STAINS (ROUTE DE);;;;930
201400042894;14;2;16;1355;1;2;1;1;7;53;0, STAINS (ROUTE DE);;;;930
201400042895;14;2;18;240;5;2;1;1;6;53;189bis, BREMENT (RUE DE);;;;930
201400042896;14;2;19;1100;1;2;6;1;3;53;0, JEANNE D'ARC (PLACE);;;;930
201400042897;14;2;20;500;5;2;1;2;6;53;20, JEAN JAURES (RUE);;;;930
201400042898;14;2;23;1300;1;2;3;1;2;53;0, PARC (RUE DU);;;;930
201400042899;14;2;25;1750;2;2;1;8;1;53;0, MARC SANGNIER (RUE);;;;930
201400042900;14;3;6;1455;1;2;2;1;1;53;0, ROSNY (AVENUE DE) N?;;;;930
201400042901;14;3;15;1245;1;2;1;1;6;53;41 MICHELET (BLD) N? IM;;;;930
201400042902;14;3;20;830;1;2;3;1;3;53;0, BERGERIES (RUE DES);;;;930
201400042903;14;3;6;1345;1;2;1;1;3;8;ALLENDE (AVE DU P. SALVA;;;;930
201400042904;14;3;28;1530;1;2;1;1;5;53;7 ROSNY (AVENUE DE) N?;;;;930
201400042905;14;3;30;2320;5;2;1;1;3;53;57, ANATOLE FRANCE (RUE);;;;930
201400042906;14;4;2;2130;5;2;1;1;7;53;2, VAILLANT COUTURIER (R;;;;930
201400042907;14;4;9;1430;1;2;2;1;3;53;0, MICHELET (BLD) N? 2 A;;;;930
201400042908;14;4;21;1920;2;2;1;1;6;53;ROSNY (AVENUE DE) N? 53;;;;930
201400042909;14;5;9;1005;1;2;1;1;2;53;SAINT DENIS (RUE);;;;930
201400042910;14;5;14;2055;2;2;1;1;6;53;61, SAINT DENIS (RUE);;;;930
201400042911;14;5;15;815;1;2;9;1;2;53;69, ANATOLE FRANCE (RUE);;;;930
201400042912;14;5;23;1845;1;2;1;8;6;53;04BIS, BERGERIES (RUE DE;;;;930
201400042913;14;5;28;1750;1;2;6;2;3;53;ELSA TRIOLET (RUE);;;;930
201400042914;14;5;30;1530;1;2;1;1;3;53;67/69, JEAN JAURES (RUE);;;;930
201400042915;14;6;1;1720;1;2;1;1;6;53;BERGERIES (RUE DES);;;;930
201400042916;14;6;15;2030;1;2;1;1;7;53;JEAN COQUELIN (PLACE);;;;930
201400042917;14;6;17;1750;1;2;1;1;6;53;154, PARIS (RUE DE;;;;930
201400042918;14;6;24;1500;1;2;5;9;3;53;MICHELET (BLD) N? 2 A 80;;;;930
201400042919;14;7;1;1945;1;2;3;1;6;53;48, BAUDIN (RUE;;;;930
201400042920;14;7;3;900;1;2;1;1;6;53;REPUBLIQUE (BLD DE LA) N;;;;930
201400042921;14;7;8;940;1;2;1;2;3;53;PARIS (RUE DE);;;;930
201400042922;14;7;12;20;5;2;1;1;2;53;172, BREMENT (RUE DE) 10;;;;930
201400042923;14;7;12;1030;1;2;1;8;3;53;215, GABRIEL PERI (BLD);;;;930
201400042924;14;7;23;2235;5;2;7;1;3;53;JEAN JAURES (RUE);;;;930
201400042925;14;7;28;2245;5;2;1;1;4;53;PARIS (RUE DE);;;;930
201400042926;14;8;16;1520;1;2;8;1;2;53;ROSNY (AVENUE DE) N? 56;;;;930
201400042927;14;8;28;135;5;2;1;1;3;53;9, GAGNY (AVENUE DE);;;;930
201400042928;14;8;29;1750;1;2;1;1;4;53;ROSNY (AVENUE DE) N? 53;;;;930
201400042929;14;9;4;1335;1;2;1;1;2;53;WAGNER (RUE;;;;930
201400042930;14;9;9;2225;5;2;2;1;2;53;BREMENT (RUE DE) 85 A 10;;;;930
201400042931;14;9;12;710;1;2;1;1;3;53;PARIS (RUE DE);;;;930
201400042932;14;9;18;820;1;2;4;1;6;53;GUILLAUMMES (RUE DES);;;;930
201400042933;14;9;26;1700;1;2;4;1;3;53;ROSNY (AVENUE DE) N? 1 A;;;;930
201400042934;14;10;7;735;5;2;1;2;6;53;46, PARC (RUE DU;;;;930
201400042935;14;10;7;1410;1;2;1;2;1;53;14, VILLARS (ALLEE);;;;930
201400042936;14;10;7;1740;1;2;3;1;3;53;13, BERGERIES (RUE DES);;;;930
201400042937;14;10;20;950;1;2;3;1;2;53;68, TRIPIER (RUE);;;;930
201400042938;14;11;1;1950;5;2;2;1;3;53;PARC (RUE DU;;;;930
201400042939;14;11;8;1000;1;2;1;1;2;53;1, VAILLANT COUTURIER (R;;;;930
201400042940;14;11;26;1605;1;2;3;8;6;53;PIERRE BROSSELETTE (RUE);;;;930
201400042941;14;11;26;1600;5;2;6;2;6;53;GENERAL LECLERC (AVENUE;;;;930
201400042942;14;11;26;2140;5;2;0;2;2;53;ROSNY (AVENUE DE) N? 2 A;;;;930
201400042943;14;11;28;300;5;2;1;2;3;53;227, BREMENT (RUE DE) 10;;;;930
201400042944;14;11;28;1630;1;2;1;1;6;53;13, HENRI BARBUSSE (RUE);;;;930
201400042945;14;11;28;2205;5;2;1;1;2;53;46 / 48 VAILLANT COUTUR;;;;930
201400042946;14;12;1;1430;1;2;3;1;6;53;02, FRANCOIS COUPERIN (A;;;;930
201400042947;14;12;18;1950;5;2;1;1;7;53;22, DOCTEUR CHARCOT (RUE;;;;930
201400042948;14;12;21;600;5;2;2;1;3;53;PARC (RUE DU);;;;930
201400042949;14;12;24;1750;5;2;0;2;2;53;249bis, GABRIEL PERI (BL;;;;930
201400042950;14;12;31;855;1;2;0;1;3;53;JEANNE D'ARC (PLACE);;;;930
201400042951;14;1;4;1915;5;2;1;2;1;55;10, JULES AUFFRET (1/49;;;;930
201400042952;14;1;11;1020;1;2;1;8;6;55;200, JEAN LOLIVE (AVENUE;;;;930
201400042953;14;1;12;2000;3;2;1;1;3;55;176, GENERAL LECLERC(AVE;;;;930
201400042954;14;1;17;1900;5;2;1;8;3;55;202, JEAN JAURES (AVENUE;;;;930
201400042955;14;1;21;940;1;2;1;8;7;55;68, JEAN LOLIVE (AVENUE);;;;930
201400042956;14;1;23;1930;4;2;1;2;2;55;178, GENERAL LECLERC(AVE;;;;930
201400042957;14;1;27;1420;1;2;1;1;6;55;4, PONT DE PIERRE (DU);;;;930
201400042958;14;2;3;1445;1;2;1;1;7;55;78, EDOUARD VAILLANT DU;;;;930
201400042959;14;2;12;2010;5;2;1;2;7;55;100, JEAN JAURES (AVENUE;;;;930
201400042960;14;2;17;1640;1;2;1;1;6;55;24, DELIZY (DU 23 A FIN;;;;930
201400042961;14;3;6;730;2;2;1;1;1;55;180, GENERAL LECLERC(AVE;;;;930
201400042962;14;2;28;1220;1;2;1;2;6;55;48, ANATOLE FRANCE (AVEN;;;;930
201400042963;14;3;10;1630;1;2;1;1;3;55;94, JEAN JAURES (AVENUE);;;;930
201400042964;14;3;13;1700;1;2;1;1;6;55;FACE 83, JEAN LOLIVE (AV;;;;930
201400042965;14;4;8;910;1;2;1;1;3;55;13, GENERAL LECLERC (AVE;;;;930
201400042966;14;4;8;1900;1;2;1;1;7;55;13, JULES AUFFRET (1/49;;;;930
201400042967;14;4;12;800;1;2;1;1;6;55;27, GENERAL LECLERC (AVE;;;;930
201400042968;14;4;12;2005;3;2;1;1;6;55;CHEVREUL;;;;930
201400042969;14;5;9;1820;1;2;1;1;6;55;, CANDALE;;;;930
201400042970;14;5;17;2245;5;2;3;1;3;55;48, JEAN LOLIVE (AVENUE);;;;930
201400042971;14;5;19;725;1;2;1;1;6;55;38, EDOUARD VAILLANT DU;;;;930
201400042972;14;5;23;1630;1;2;1;2;3;55;, EDOUARD RENARD;;;;930
201400042973;14;6;17;2010;1;2;1;1;6;55;GUTENBERG;;;;930
201400042974;14;6;9;210;5;2;3;3;6;55;110, gENERAL LECLERC(AVE;;;;930
201400042975;14;6;11;900;1;2;1;1;6;55;110, JEAN LOLIVE (AVENUE;;;;930
201400042976;14;6;18;630;2;2;1;1;1;55;79, JULES AUFFRET (51/FI;;;;930
201400042977;14;6;24;1300;1;2;1;1;3;55;65, VICTOR HUGO (65/FIN;;;;930
201400042978;14;6;25;1300;1;2;1;1;6;55;100, GENERAL LECLERC(AVE;;;;930
201400042979;14;6;28;1920;1;2;1;3;7;55;JEAN JAURES (AVENUE)(130;;;;930
201400042980;14;7;1;1215;1;2;1;1;2;55;100, GENERAL LECLERC(AVE;;;;930
201400042981;14;7;9;2300;4;2;1;3;2;55;JEAN LOLIVE(AVENUE)(137;;;;930
201400042982;14;7;10;1300;1;2;1;2;7;55;, GENERAL LECLERC (AVENU;;;;930
201400042983;14;7;11;650;1;2;1;3;6;55;130, JEAN LOLIVE (AVENUE;;;;930
201400042984;14;7;15;1555;1;2;1;1;6;55;130, EDOUARD VAILLANT DU;;;;930
201400042985;14;7;17;1005;1;2;1;1;6;55;110 bis, GENERAL LECLERC;;;;930
201400042986;14;8;4;2200;5;2;1;1;6;55;MEHUL (1/37. 2/24);;;;930
201400042987;14;8;13;845;1;2;1;1;6;55;191, JEAN LOLIVE (AVENUE;;;;930
201400042988;14;8;26;1725;1;2;2;1;3;55;eDOUARD VAILLANT DU 1 A-;;;;930
201400042989;14;8;27;1725;1;2;2;1;6;55;GENERAL LECLERC(AVE DU)(;;;;930
201400042990;14;9;3;930;1;2;1;1;6;55;31, EDOUARD VAILLANT DU;;;;930
201400042991;14;9;3;2320;5;2;1;1;6;55;JULES AUFFRET (51/FIN ET;;;;930
201400042992;14;9;4;1825;1;2;1;1;4;55;68 JEAN JAURES (AVENUE);;;;930
201400042993;14;9;5;2005;5;2;3;1;3;55;JEAN LOLIVE(AVENUE)(1/5;;;;930
201400042994;14;9;9;900;1;2;1;1;2;55;49, GENERAL LECLERC(AVE;;;;930
201400042995;14;9;10;1120;1;2;4;1;3;55;80, GENERAL LECLERC (AVE;;;;930
201400042996;14;9;12;1955;2;2;1;1;6;55;DIVISION LECLERC (AVE DE;;;;930
201400042997;14;9;14;245;5;2;3;1;3;55;JEAN LOLIVE (AVENUE)(75/;;;;930
201400042998;14;9;16;845;1;2;1;1;3;55;73, JEAN LOLIVE (AVENUE);;;;930
201400042999;14;9;17;930;1;2;1;1;3;55;29, EDOUARD VAILLANT DU;;;;930
201400043000;14;9;24;1825;2;2;1;2;3;55;JEAN LOLIVE (AVENUE)(107;;;;930
201400043001;14;10;13;905;1;2;1;8;6;55;47, JULES AUFFRET (1/49;;;;930
201400043002;14;10;13;1330;1;2;1;1;3;55;110B, GENERAL LECLERC(AV;;;;930
201400043003;14;10;19;1330;1;2;1;1;5;55;171, JEAN LOLIVE (AVENUE;;;;930
201400043004;14;10;20;1530;1;2;1;2;2;55;162, GENERAL LECLERC(AVE;;;;930
201400043005;14;10;21;1720;1;2;1;2;6;55;170, JEAN LOLIVE (AVENUE;;;;930
201400043006;14;10;27;1930;5;2;1;1;6;55;20, DELIZY (DU 23 A FIN;;;;930
201400043007;14;11;8;1650;1;2;1;1;6;55;8, EDOUARD VAILLANT DU 6;;;;930
201400043008;14;11;9;1825;5;2;1;1;6;55;23 DELIZY (DU 23 A FIN;;;;930
201400043009;14;11;14;1845;3;2;1;2;6;55;CHEMIN DE FER (DU);;;;930
201400043010;14;11;17;1705;4;2;0;2;6;55;22, MEHUL (1/37. 2/24);;;;930
201400043011;14;11;18;1720;5;2;1;2;7;55;ANATOLE FRANCE (AVENUE);;;;930
201400043012;14;11;27;915;1;2;1;8;6;55;30, MEHUL (39/41. 26/30);;;;930
201400043013;14;12;1;915;2;2;3;8;1;55;59, JULES AUFFRET (51/FI;;;;930
201400043014;14;12;23;2340;5;2;0;1;3;55;1 SCANDICCI;;;;930
201400043015;14;12;27;1840;5;2;4;2;1;55;EDOUARD VAILLANT DU 40/6;;;;930
201400043016;14;12;31;1745;5;2;9;1;3;55;36BIS, JEAN LOLIVE (AVEN;;;;930
201400043017;14;1;3;1450;1;2;2;1;3;77;0, MONTGOLFIER (RUE);;;;930
201400043018;14;1;3;1815;5;2;2;1;3;77;43-45, VAUBAN (AVENUE);;;;930
201400043019;14;1;8;720;5;2;1;1;6;62;33, NICOLAS CARNOT (ALLE;;;;930
201400043020;14;1;8;827;1;2;2;1;3;77;67, GRANDE RUE;;;;930
201400043021;14;1;9;1030;1;2;2;8;3;62;0, SAPINS (ALLEE DES);;;;930
201400043022;14;1;9;1450;1;2;1;2;6;62;8, GENERAL DE GAULLE (PL;;;;930
201400043023;14;1;9;1820;5;2;5;2;6;77;0, LAENNEC (RUE) COTE PA;;;;930
201400043024;14;1;9;1919;5;2;3;1;3;62;60, MIDI (BOULEVARD DU);;;;930