num_acc;an;mois;jour;hrmn;lum;agg;int;atm;col;com;adr;gps;lat;long;dep
201400043025;14;1;10;805;2;2;4;5;3;77;1, GRANDE RUE;;;;930
201400043026;14;1;16;1819;5;2;2;9;6;77;FOSSE AUX BERGERS (RUE D;;;;930
201400043027;14;1;16;2015;5;2;1;2;6;77;32, LECLERC (AVENUE DU G;;;;930
201400043028;14;1;18;2130;5;2;2;1;3;77;SANS OBJET, MONTGOLFIER;;;;930
201400043029;14;1;25;1210;1;2;1;1;2;77;45, OUTREBON (AVENUE);;;;930
201400043030;14;1;27;1811;5;2;1;1;3;77;143 bis, GRANDE RUE;;;;930
201400043031;14;1;28;1345;1;2;1;2;6;77;156, GRANDE RUE;;;;930
201400043032;14;1;28;1640;1;2;1;1;3;77;SANS OBJET, ROSNY (AVENU;;;;930
201400043033;14;1;29;1840;5;2;1;1;6;77;58, CARNOT (BOULEVARD);;;;930
201400043034;14;1;30;1710;1;2;2;1;3;77;SANS OBJET, GRANDE RUE;;;;930
201400043035;14;2;3;1640;1;2;1;1;6;77;8, CARNOT (BOULEVARD);;;;930
201400043036;14;2;8;2039;5;2;2;1;3;62;44 BIS BOSQUETS (ALLEE;;;;930
201400043037;14;2;11;945;1;2;2;1;3;77;ORANGERIE (RUE DE L');;;;930
201400043038;14;2;12;836;1;2;2;1;6;62;, MIDI (BOULEVARD DU);;;;930
201400043039;14;2;14;1935;5;2;2;1;3;62;0, GARE (COUR DE LA);;;;930
201400043040;14;2;18;1540;1;2;2;8;3;77;SANS OBJET, ORANGERIE (R;;;;930
201400043041;14;2;18;2115;5;2;1;1;2;77;16, GRANDE RUE;;;;930
201400043042;14;2;23;1815;2;2;2;1;3;77;MASSENA (AVENUE);;;;930
201400043043;14;2;25;1455;1;2;2;2;3;77;18, ORANGERIE (RUE DE L';;;;930
201400043044;14;2;28;1700;1;2;1;1;3;77;168, GRANDE RUE;;;;930
201400043045;14;3;1;1335;1;2;1;1;3;77;43, pLATEAU (RUE DU);;;;930
201400043046;14;3;7;1305;1;2;1;1;2;77;104, rOSNY (AVENUE DE);;;;930
201400043047;14;3;11;1700;1;2;2;1;3;62;mIDI (BOULEVARD DU);;;;930
201400043048;14;3;14;1035;1;2;6;1;3;62;0, tHIERS (ROND POINT);;;;930
201400043049;14;3;16;1300;1;2;2;1;3;62;57, NICOLAS CARNOT (ALLE;;;;930
201400043050;14;3;16;1830;2;2;1;1;3;77;0, ROSNY (AVENUE DE);;;;930
201400043051;14;3;17;1525;1;1;2;1;3;77;34, AIME (AVENUE);;;;930
201400043052;14;3;18;1835;2;2;3;1;2;77;SANS OBJET, DEUX COMMUNE;;;;930
201400043053;14;3;22;1030;1;2;1;2;2;62;15, MIDI (BOULEVARD DU);;;;930
201400043054;14;3;25;1945;5;2;1;2;7;77;24, GALLIENI (AVENUE DU;;;;930
201400043055;14;3;29;30;4;2;1;1;7;77;52/54, ROSNY (AVENUE DE);;;;930
201400043056;14;3;31;1225;1;2;1;1;2;62;71, MIDI (BOULEVARD DU);;;;930
201400043057;14;4;1;1830;1;2;3;1;6;77;INC, 8 MAI 1945 (RUE DU);;;;930
201400043058;14;4;3;1445;1;2;2;1;3;62;70, RESISTANCE (AVENUE D;;;;930
201400043059;14;4;9;1505;1;2;2;1;3;62;SANS OBJET, COTEAUX (ALL;;;;930
201400043060;14;4;15;1415;1;2;2;1;3;77;157, GRANDE RUE;;;;930
201400043061;14;4;21;1858;1;2;3;2;3;77;168, GRANDE RUE;;;;930
201400043062;14;4;27;1545;1;2;2;1;3;77;SANS OBJET, LAENNEC (RUE;;;;930
201400043063;14;4;29;1330;1;2;1;1;6;62;2, POSTES (ALLEE DES);;;;930
201400043064;14;4;30;1550;1;2;3;1;2;62;SANS OBJET, THIERS (AVEN;;;;930
201400043065;14;5;5;815;1;2;2;1;6;62;9, nICOLAS CARNOT (ALLEE;;;;930
201400043066;14;5;15;1540;1;2;1;1;6;62;101, RESISTANCE (AVENUE;;;;930
201400043067;14;5;16;1225;1;2;2;1;6;62;NC, NICOLAS CARNOT (ALLE;;;;930
201400043068;14;5;24;530;2;2;1;1;6;77;117 Bis, NEUILLY (RUE DE;;;;930
201400043069;14;5;28;1539;1;2;3;1;3;77;SANS OBJET, GALLIENI (AV;;;;930
201400043070;14;6;17;1440;1;2;1;1;4;62;96, THIERS (AVENUE);;;;930
201400043071;14;6;19;1210;1;2;1;1;6;62;18, MIDI (BOULEVARD DU);;;;930
201400043072;14;6;22;40;5;2;1;1;6;77;126, GRANDE RUE;;;;930
201400043073;14;7;7;1140;1;2;1;1;6;62;21, NORD (BOULEVARD DU);;;;930
201400043074;14;7;11;2220;5;2;1;1;3;77;10, GRANDE RUE;;;;930
201400043075;14;7;16;1130;1;2;3;1;3;62;SANS OBJET, FETES (PLACE;;;;930
201400043076;14;7;22;925;1;2;1;1;2;62;86, RESISTANCE (AVENUE D;;;;930
201400043077;14;7;24;1220;1;2;6;1;6;62;134, RESISTANCE (AVENUE;;;;930
201400043078;14;7;25;2255;5;2;1;1;7;77;130, NEUILLY (RUE DE);;;;930
201400043079;14;7;26;1000;1;2;1;1;3;77;SANS OBJET, ROSNY (AVENU;;;;930
201400043080;14;7;26;1505;1;2;1;1;2;77;81, ROSNY (AVENUE DE);;;;930
201400043081;14;7;28;2010;2;2;1;1;6;62;52, RESISTANCE (AVENUE D;;;;930
201400043082;14;8;3;2300;5;2;2;1;3;77;SANS OBJET, OUTREBON (AV;;;;930
201400043083;14;8;4;845;1;2;7;1;3;62;SANS OBJET, GENERAL DE G;;;;930
201400043084;14;8;5;2350;5;2;1;1;3;77;INCONNU, CUGNOT (RUE);;;;930
201400043085;14;8;10;1705;1;2;6;2;7;62;SAN OBJET, THIERS (ROND;;;;930
201400043086;14;8;25;2125;5;2;1;2;3;77;162, GRANDE RUE;;;;930
201400043087;14;9;11;1710;1;2;7;1;6;62;8, GENERAL DE GAULLE (PL;;;;930
201400043088;14;9;14;2150;5;2;1;1;4;77;37 ROSNY (AVENUE DE);;;;930
201400043089;14;9;18;945;1;2;1;1;6;62;66, RESISTANCE (AVENUE D;;;;930
201400043090;14;9;18;2306;5;2;2;1;3;77;SANS OBJET, CARNOT (BOUL;;;;930
201400043091;14;9;19;1745;1;2;1;1;3;77;133 bis, GRANDE RUE;;;;930
201400043092;14;9;20;1035;1;2;1;1;6;62;SANS OBJET, GARE (COUR D;;;;930
201400043093;14;9;25;1245;1;2;1;1;3;77;, FOSSE AUX BERGERS (RUE;;;;930
201400043094;14;10;2;1925;1;2;1;1;7;77;32, ROSNY (AVENUE DE);;;;930
201400043095;14;10;3;930;1;2;5;1;3;77;37, ANDRE (BOULEVARD);;;;930
201400043096;14;10;7;25;5;2;1;2;3;62;08, RESISTANCE (AVENUE D;;;;930
201400043097;14;10;8;725;2;2;9;2;3;77;13, LAENNEC (RUE) COTE P;;;;930
201400043098;14;10;11;1020;1;2;1;1;6;77;74, NEUILLY (RUE DE);;;;930
201400043099;14;10;11;1320;1;2;1;1;2;62;0, MIDI (BOULEVARD DU);;;;930
201400043100;14;10;12;1200;1;2;1;1;6;62;150, THIERS (AVENUE);;;;930
201400043101;14;10;18;935;1;2;2;1;1;62;75, OUEST (BOULEVARD DE;;;;930
201400043102;14;10;23;2020;5;2;5;1;3;62;GARE (COUR DE LA);;;;930
201400043103;14;11;1;200;5;2;1;1;6;77;52BIS fREDY (AVENUE DE);;;;930
201400043104;14;11;3;820;1;2;3;8;7;62;0, LIVRY (AVENUE DE);;;;930
201400043105;14;11;4;845;1;2;1;1;3;62;70b, OUEST (BOULEVARD DE;;;;930
201400043106;14;11;4;820;1;2;1;2;6;77;xx, GRANDE RUE;;;;930
201400043107;14;11;14;800;1;2;1;1;6;62;0, LIVRY (AVENUE DE);;;;930
201400043108;14;11;20;805;1;2;2;1;6;77;xx, FOSSE AUX BERGERS (R;;;;930
201400043109;14;11;24;950;1;2;3;2;3;62;0, AULNAY (BOULEVARD D');;;;930
201400043110;14;11;25;1935;5;2;2;2;6;62;0, RESISTANCE (AVENUE DE;;;;930
201400043111;14;11;27;720;2;2;1;2;6;77;41, OUTREBON (AVENUE);;;;930
201400043112;14;11;28;850;1;2;1;1;3;62;23, RESISTANCE (AVENUE D;;;;930
201400043113;14;12;5;1140;1;2;3;1;3;77;08, RAINCY (AVENUE DU);;;;930
201400043114;14;12;10;2145;5;2;1;1;7;77;162 BIS, GRANDE RUE;;;;930
201400043115;14;12;14;2235;5;2;3;5;3;77;24, MARIE (AVENUE);;;;930
201400043116;14;12;22;1630;2;2;2;1;3;77;xx, ANDRE (BOULEVARD);;;;930
201400043117;14;1;9;1145;1;2;1;8;6;64;149, PERI (BOULEVARD GAB;;;;930
201400043118;14;1;9;1915;5;2;1;1;3;64;BREMENT (RUE DE);;;;930
201400043119;14;1;13;1025;1;2;1;9;6;64;41, QUATRIEME ZOUAVES (R;;;;930
201400043120;14;1;17;1310;1;2;1;1;3;64;55, REPUBLIQUE (AVENUE D;;;;930
201400043121;14;1;22;2000;5;2;2;2;1;64;, DE GAULLE (AV DU GENER;;;;930
201400043122;14;1;24;800;2;2;3;8;6;64;QUATRIEME ZOUAVES (RUE D;;;;930
201400043123;14;1;27;1910;5;2;1;8;6;64;1, HOFFMANN (RUE PHILIBE;;;;930
201400043124;14;1;30;1455;1;2;1;1;6;64;ALSACE-LORRAINE (BOULEVA;;;;930
201400043125;14;2;20;2305;5;2;5;2;3;64;00, DE GAULLE (AV DU GEN;;;;930
201400043126;14;2;24;2100;5;2;1;1;3;64;00, PERI (BOULEVARD GABR;;;;930
201400043127;14;3;18;758;1;2;2;1;3;64;01, HOFFMANN (RUE PHILIB;;;;930
201400043128;14;3;21;1600;1;2;2;1;6;64;131, LECLERC (RUE DU GEN;;;;930
201400043129;14;3;25;1320;1;2;1;2;6;64;56, DE GAULLE (AV DU GEN;;;;930
201400043130;14;4;5;1740;1;2;1;1;1;64;300, BOISSIERE (BOULEVAR;;;;930
201400043131;14;4;15;1725;1;2;1;1;2;64;02, DOLET (RUE ETIENNE);;;;930
201400043132;14;4;16;1950;2;2;1;7;2;64;00, ALSACE-LORRAINE (BOU;;;;930
201400043133;14;4;25;1200;1;2;1;2;6;64;00, DE GAULLE (AV DU GEN;;;;930
201400043134;14;4;30;725;1;2;1;1;6;64;22, REPUBLIQUE (AVENUE D;;;;930
201400043135;14;4;30;1545;1;2;1;1;6;64;25 PIRON (RUE LUCIEN);;;;930
201400043136;14;5;5;345;5;2;2;1;3;64;QUATRIEME ZOUAVES (RUE D;;;;930
201400043137;14;3;10;820;1;2;1;1;6;64;6, TILLEULS (ALLEE DES);;;;930
201400043138;14;3;21;1610;1;2;1;1;6;64;285, HUGO (RUE VICTOR);;;;930
201400043139;14;3;24;1610;1;2;1;1;6;64;3, KENNEDY (AVENUE DU PR;;;;930
201400043140;14;5;20;1255;1;2;1;2;2;64;ALSACE-LORRAINE (BOULEVA;;;;930
201400043141;14;5;24;1600;1;1;8;2;6;64;DE GAULLE (AV DU GENERAL;;;;930
201400043142;14;5;31;2210;5;2;2;1;1;64;, GAY LUSSAC (RUE);;;;930
201400043143;14;6;6;715;1;2;2;1;3;64;PERI (BOULEVARD GABRIEL);;;;930
201400043144;14;6;13;1905;1;2;1;1;4;64;00, DE GAULLE (AV DU GEN;;;;930
201400043145;14;6;16;1605;1;2;1;1;2;64;37, PERI (BOULEVARD GABR;;;;930
201400043146;14;6;21;1625;1;2;1;1;6;64;87, LAVOISIER (RUE);;;;930
201400043147;14;6;22;1600;1;2;1;1;2;64;106, DE GAULLE (AV DU GE;;;;930
201400043148;14;6;26;830;1;2;1;1;3;64;80, JAURES (AVENUE JEAN);;;;930
201400043149;14;6;30;700;1;2;1;1;4;64;00, GUESDES (RUE JULES);;;;930
201400043150;14;7;2;1340;1;2;1;1;6;64;00, DE GAULLE (AV DU GEN;;;;930
201400043151;14;7;6;710;1;2;2;1;3;64;00, DEUX COMMUNES (RUE D;;;;930
201400043152;14;7;9;1530;1;2;1;3;6;64;143, JAURES (AVENUE JEAN;;;;930
201400043153;14;7;21;834;1;2;1;1;6;64;01, ALSACE-LORRAINE (BOU;;;;930
201400043154;14;8;2;1945;1;2;1;2;6;64;8, REPUBLIQUE (AVENUE DE;;;;930
201400043155;14;8;10;420;5;2;4;2;6;64;00, WALESA (AVENUE LECH);;;;930
201400043156;14;8;15;1210;1;2;1;1;6;64;00, ALSACE-LORRAINE (BOU;;;;930
201400043157;14;8;20;1200;1;2;1;1;6;64;00, PERI (BOULEVARD GABR;;;;930
201400043158;14;8;20;1655;1;2;1;1;6;64;00, ROSNY 2 (CENTRE COMM;;;;930
201400043159;14;9;3;1115;1;2;1;1;6;64;51, QUATRIEME ZOUAVES (R;;;;930
201400043160;14;9;3;1745;1;2;1;1;6;64;102, LAVOISIER (RUE);;;;930
201400043161;14;9;9;1230;1;2;1;1;6;64;00, LISBONNE (RUE DE);;;;930
201400043162;14;10;1;450;5;2;1;1;2;64;00, DE GAULLE (AV DU GEN;;;;930
201400043163;14;10;3;40;5;2;5;1;6;64;00, FAIDHERBE (ALLEE);;;;930
201400043164;14;10;7;2015;5;2;2;1;3;64;00, DE GAULLE (AV DU GEN;;;;930
201400043165;14;10;9;1740;1;2;1;1;6;64;ALSACE-LORRAINE (BOULEVA;;;;930
201400043166;14;11;12;1600;1;2;3;1;6;64;00, WALESA (AVENUE LECH);;;;930
201400043167;14;11;19;1555;1;2;1;8;3;64;5, FERRY (RUE JULES);;;;930
201400043168;14;11;20;2125;5;2;1;1;3;64;00, BLUM (RUE LEON);;;;930
201400043169;14;11;21;1745;2;2;9;1;3;64;00, FERRY (RUE JULES);;;;930
201400043170;14;11;26;1240;1;2;1;2;6;64;02, REPUBLIQUE (AVENUE D;;;;930
201400043171;14;12;3;2030;5;2;3;1;6;64;00, LAVOISIER (RUE);;;;930
201400043172;14;12;9;1315;1;2;1;8;6;64;00, ROCHEBRUNE (RUE);;;;930
201400043173;14;12;15;1325;1;2;2;8;6;64;20, WALESA (AVENUE LECH);;;;930
201400043174;14;12;19;2200;5;2;0;1;1;64;00, BOISSIERE (BOULEVARD;;;;930
201400043175;14;12;20;40;5;2;0;1;6;64;00, BOIS CHATEL (RUE DU);;;;930
201400043176;14;12;28;350;5;2;0;6;6;64;00 PERI (BOULEVARD GABR;;;;930
201400043177;14;1;2;1815;5;2;2;1;6;66;10, FRANCE ANATOLE (BOUL;;;;930
201400043178;14;1;2;2325;5;2;1;1;2;66;CROIZAT AMBROISE RD 29 B;;;;930
201400043179;14;1;3;1721;2;2;1;1;3;1;C.S.P. LA COURNEUVE - 01;;;;930
201400043180;14;1;3;2230;5;2;1;1;3;66;133, WILSON (AVENUE DU P;;;;930
201400043181;14;1;5;1335;1;2;1;1;6;66;"115, ""PERI GABRIEL, NR 2";;;;930
201400043182;14;1;5;1432;1;2;8;1;6;66;GORKI MAXIME;;;;930
201400043183;14;1;6;1040;1;2;3;1;6;66;MITERRAND FRANCOIS (AVEN;;;;930
201400043184;14;1;10;840;1;2;1;1;1;66;2, FRANC MOISIN (AVENUE);;;;930
201400043185;14;1;10;1700;1;2;1;1;6;66;11, FARADAY MICHAEL;;;;930
201400043186;14;1;14;1230;1;2;1;1;6;66;47, FRANCE ANATOLE (BOUL;;;;930
201400043187;14;1;16;1800;5;2;1;2;2;66;21/39, WILSON (AVENUE DU;;;;930
201400043188;14;1;18;1245;1;1;1;1;3;66;"""LANDY RD 20, NR PAIRS 2";;;;930
201400043189;14;1;18;1545;1;2;4;1;3;66;PORT;;;;930
201400043190;14;1;19;545;5;2;1;2;5;66;CACHIN MARCEL (AVENUE);;;;930
201400043191;14;1;25;1515;1;2;2;1;3;39;6-10, SEINE (QUAI DE );;;;930
201400043192;14;1;27;1850;5;2;1;1;3;66;110, CROIZAT AMBROISE RD;;;;930
201400043193;14;1;28;950;1;2;1;1;3;66;48, DIX NEUF MARS 1962;;;;930
201400043194;14;1;29;634;5;2;3;2;6;66;CHEMINOTS;;;;930
201400043195;14;1;30;1700;1;1;2;1;3;66;SEMAT ROGER;;;;930
201400043196;14;1;31;1630;1;2;1;1;6;66;6, JEANNE D'ARC;;;;930
201400043197;14;1;31;1930;5;2;1;1;6;66;"192, ""LANDY RD 20, NR IM";;;;930
201400043198;14;2;3;1640;1;2;1;1;6;66;ELUARD PAUL NR 2 A 36 ET;;;;930
201400043199;14;2;4;1745;2;2;1;1;3;66;72, CROISAT AMBROISE RD;;;;930
201400043200;14;2;4;1915;5;2;1;1;6;66;ELUARD PAUL NR 2 A 36 ET;;;;930
201400043201;14;2;5;905;1;2;1;1;3;66;LIBERATION RD14 (BOULEVA;;;;930
201400043202;14;2;7;1920;5;2;4;1;3;66;FAURE FELIX (BOULEVARD);;;;930
201400043203;14;2;7;2050;5;2;3;1;3;66;AUBERT;;;;930
201400043204;14;2;9;305;5;2;1;1;5;66;GORKI MAXIME;;;;930
201400043205;14;2;9;1030;1;2;1;1;6;39;CHATELIER (QUAI DU );;;;930
201400043206;14;2;10;1440;1;2;1;1;3;66;15, SAINT JUST (ALLEE);;;;930
201400043207;14;2;10;1900;5;2;9;1;3;66;1, PRESSENCE FRANCIS (AV;;;;930
201400043208;14;2;11;1450;1;2;4;2;6;66;LENINE (AVENUE) NR 2 A 2;;;;930
201400043209;14;2;14;915;1;2;1;2;6;39;10, PAUL MARCEL (BOULEVA;;;;930
201400043210;14;2;14;845;1;2;3;2;3;66;COMPIEGNE;;;;930
201400043211;14;2;15;2220;5;2;9;1;2;66;47, FRANCE ANATOLE ENTRE;;;;930
201400043212;14;2;17;1845;5;2;1;1;6;66;18, KOMAROV VLADIMIR;;;;930
201400043213;14;3;1;140;5;2;7;1;3;66;PARIS (PORTE);;;;930
201400043214;14;3;3;630;5;2;1;2;2;66;CROIZAT AMBROISE RD 29 B;;;;930
201400043215;14;3;3;1200;1;2;1;2;2;66;186, WILSON (AVENUE DU P;;;;930
201400043216;14;3;7;2200;5;2;1;1;6;66;15, ORNANO (BOULEVARD);;;;930
201400043217;14;3;8;530;5;2;1;1;3;66;380, WILSON (AVENUE DU P;;;;930
201400043218;14;3;8;2200;5;2;1;1;5;66;COLONEL FABIEN (AVENUE);;;;930
201400043219;14;3;8;1340;1;2;1;1;6;66;"""STALINGRAD (AVENUE), NR";;;;930
201400043220;14;3;10;1130;1;2;2;1;3;66;STADE DE FRANCE (AVENUE;;;;930
201400043221;14;3;12;915;1;1;1;1;2;66;FRANCE ANATOLE (BOULEVAR;;;;930
201400043222;14;3;12;1940;5;2;1;1;2;66;"""STRASBOURG, NR 1 A 71 E";;;;930
201400043223;14;3;14;410;4;2;1;1;6;66;"""LANDY RD 20, NR IMPAIRS";;;;930
201400043224;14;3;14;1530;1;2;1;1;3;66;206, FRANCE ANATOLE (BOU;;;;930
201400043225;14;3;16;1545;1;2;1;1;6;66;15, RIMET JULES;;;;930
201400043226;14;3;16;2045;5;2;3;1;6;66;GENIN;;;;930
201400043227;14;3;18;1050;1;2;1;1;3;66;LENINE (AVENUE) NR 28 A;;;;930
201400043228;14;3;19;1115;1;2;1;1;6;66;113, WILSON (AVENUE DU P;;;;930
201400043229;14;3;20;1520;1;2;2;1;6;66;PHILIPPE GASTON;;;;930
201400043230;14;3;21;855;1;2;1;2;2;66;39, FRANCE ANATOLE (BOUL;;;;930
201400043231;14;3;22;915;1;2;1;8;6;66;"32-38, ""GUESDE JULES (BD";;;;930
201400043232;14;3;25;1700;1;2;1;2;6;66;196, WILSON (AVENUE DU P;;;;930
201400043233;14;3;29;1530;1;2;2;1;3;66;WILSON (AVENUE DU PRESID;;;;930
201400043234;14;3;29;1545;1;2;1;1;6;66;13, TIMBAUD JEAN PIERRE;;;;930
201400043235;14;3;30;1430;1;2;1;1;6;66;GORKI MAXIME;;;;930
201400043236;14;4;2;1945;2;2;1;1;6;66;9, BASILIQUE (PROMENADE);;;;930
201400043237;14;4;6;1205;1;2;1;1;2;66;164, WILSON (AVENUE DU P;;;;930
201400043238;14;4;8;1000;1;2;1;1;3;66;ELUARD PAUL - AUTRES;;;;930
201400043239;14;4;8;1900;1;2;4;1;6;66;01, PLEYEL;;;;930
201400043240;14;4;9;1820;1;2;1;1;2;66;"""BARBUSSE HENRI, NR 2 A";;;;930
201400043241;14;4;10;1055;1;2;1;1;6;66;"144, ""PERI GABRIEL, NR 1";;;;930
201400043242;14;4;11;700;2;2;4;1;3;66;FRANCE ANATOLE (BOULEVAR;;;;930
201400043243;14;4;14;1930;1;2;1;1;3;66;CASANOVA DANIELLE NR 2 A;;;;930
201400043244;14;4;17;1410;1;2;1;1;3;66;212, WILSON (AVENUE DU P;;;;930
201400043245;14;4;18;1145;1;2;1;1;6;66;156, WILSON (AVENUE DU P;;;;930
201400043246;14;4;18;1715;1;2;3;1;3;66;11, COLONEL FABIEN (AVEN;;;;930
201400043247;14;4;20;1300;1;2;1;1;2;66;MARVILLE (CHEMIN);;;;930
201400043248;14;4;22;1300;1;2;1;1;6;66;MONMOUSSEAU GASTON;;;;930
201400043249;14;4;22;1300;1;2;1;1;3;66;143-147, FRANCE ANATOLE;;;;930
201400043250;14;4;23;1900;1;2;1;1;2;66;30, COLONEL FABIEN (AVEN;;;;930
201400043251;14;4;26;2345;5;2;6;1;6;66;COKERIE;;;;930
201400043252;14;4;29;1650;1;2;1;2;2;66;"""STALINGRAND (AV), NR 2-";;;;930
201400043253;14;4;30;1015;1;2;1;1;2;66;108, WILSON (AVENUE DU P;;;;930
201400043254;14;5;3;1945;1;2;1;1;6;66;115, CASANOVA DANIELLE N;;;;930
201400043255;14;5;5;1849;1;2;1;1;6;66;30, LEGION D'HONNEUR;;;;930
201400043256;14;5;5;1920;1;2;1;1;6;66;40, ROLLAND ROMAIN (AVEN;;;;930
201400043257;14;5;9;2155;5;2;1;1;2;66;"""STALINGRAND (AV), NR 2-";;;;930
201400043258;14;5;12;1550;1;2;2;2;3;66;AMPERE;;;;930
201400043259;14;5;12;2115;5;2;3;8;1;66;"""PERI GABRIEL, NR 116 A";;;;930
201400043260;14;5;13;1125;1;2;3;1;6;66;PROUDHON;;;;930
201400043261;14;5;13;1730;1;2;1;2;6;66;ROLLAND ROMAIN (AVENUE);;;;930
201400043262;14;5;13;1730;1;2;1;1;2;66;120, CASANOVA DANIELLE N;;;;930
201400043263;14;5;13;1745;1;2;1;1;1;66;LE ROY DES BARRES;;;;930
201400043264;14;5;14;1807;1;2;1;1;6;66;2, ELUARD PAUL NR 2 A 36;;;;930
201400043265;14;5;15;2250;5;2;2;1;3;66;LEniNE (AVENUE) NR 28 A;;;;930
201400043266;14;5;16;950;1;2;3;1;6;66;MONJARDIN;;;;930
201400043267;14;5;17;850;1;2;1;1;1;66;FRANCE ANATOLE ENTREE A8;;;;930
201400043268;14;5;18;1945;1;2;1;1;4;66;177, WILSON (AVENUE DU P;;;;930
201400043269;14;5;23;1320;1;2;1;1;3;66;CHAUMETTES;;;;930
201400043270;14;5;26;2020;1;2;1;2;3;66;COURNEUVE (ROUTE);;;;930
201400043271;14;5;28;1650;1;2;2;2;3;66;WILSON (AVENUE DU PRESID;;;;930
201400043272;14;5;29;1115;1;2;2;1;5;66;LENINE (AVENUE) NR 28 A;;;;930
201400043273;14;5;30;530;2;2;2;1;3;66;FINOT DOCTEUR;;;;930
201400043274;14;6;4;1615;1;2;1;2;6;39;MARINE (QUAI DE LA );;;;930
201400043275;14;6;4;1735;1;2;1;2;2;66;CROIZAT AMBROISE RD 29 B;;;;930
201400043276;14;6;4;1740;1;2;1;1;6;66;32, COMMUNE DE PARIS (BO;;;;930
201400043277;14;6;6;1725;1;2;1;1;2;66;CARNOT (BOULEVARD);;;;930
201400043278;14;6;9;635;2;2;2;2;1;66;96, WILSON (AVENUE DU PR;;;;930
201400043279;14;6;9;1630;1;2;1;2;6;66;COMMUNE DE PARIS (BOULEV;;;;930
201400043280;14;6;11;2130;5;2;1;1;1;66;LENINE (AVENUE) NR 28 A;;;;930
201400043281;14;6;11;2350;5;2;1;1;7;66;26, LEGION D'HONNEUR;;;;930
201400043282;14;6;13;45;5;2;1;1;6;66;"""STRASBOURG, NR 1 A 71 E";;;;930
201400043283;14;6;13;1145;1;2;1;1;3;66;380, WILSON (AVENUE DU P;;;;930
201400043284;14;6;13;1510;1;2;1;1;3;66;COURNEUVE (ROUTE);;;;930
201400043285;14;6;14;1500;1;2;2;1;3;66;STADE DE FRANCE (AVENUE;;;;930
201400043286;14;6;15;2030;1;2;2;1;7;66;LIBERATION RD14 (BOULEVA;;;;930
201400043287;14;6;18;1935;1;2;1;1;6;66;COURNEUVE (ROUTE);;;;930
201400043288;14;6;20;2000;1;2;2;1;3;66;ROLLAND ROMAIN (AVENUE);;;;930
201400043289;14;6;26;245;3;2;1;1;6;66;4, MONTMORENCY;;;;930
201400043290;14;6;26;820;1;1;1;1;7;66;POULBOT FRANCISQUE;;;;930
201400043291;14;6;26;1745;1;2;1;1;1;66;LIBERATION RD14 (BOULEVA;;;;930
201400043292;14;7;1;930;1;2;1;1;3;66;20, ARTS ET METIERS (AVE;;;;930
201400043293;14;7;2;900;1;2;1;1;3;66;EL OUAFI HAMED BOUGERA;;;;930
201400043294;14;7;3;1545;1;2;4;1;6;66;GENERAL DE GAULLE;;;;930
201400043295;14;7;4;1830;1;2;3;8;3;66;MOULIN JEAN (AVE) NR 10;;;;930
201400043296;14;7;9;1745;1;2;1;3;3;66;4, STADE DE FRANCE (AVEN;;;;930
201400043297;14;7;10;2255;5;2;1;1;5;66;CASANOVA DANIELLE NR 52-;;;;930
201400043298;14;7;16;1700;1;2;1;1;6;66;226, WILSON (AVENUE DU P;;;;930
201400043299;14;7;21;2140;5;2;1;1;1;66;MOULIN JEAN (AVE) NR 10;;;;930
201400043300;14;7;22;2040;1;2;4;1;2;39;SEINE (QUAI DE );;;;930
201400043301;14;7;26;2100;1;2;1;1;6;66;140, CASANOVA DANIELLE N;;;;930
201400043302;14;7;22;2040;5;2;1;1;3;66;LENINE (AVENUE) NR 28 A;;;;930
201400043303;14;7;31;1130;1;2;1;1;6;66;42, LIBERATION RD14 (BOU;;;;930
201400043304;14;8;4;1900;2;2;1;1;3;66;29, FRANCE ANATOLE (BOUL;;;;930
201400043305;14;8;5;1610;1;2;1;1;3;66;SEMAT ROGER;;;;930
201400043306;14;8;12;1315;1;2;1;8;2;66;SAINT OUEN (QUAI DE );;;;930
201400043307;14;8;12;2040;1;2;1;1;2;66;182, WILSON (AVENUE DU P;;;;930
201400043308;14;8;14;1055;1;2;1;1;6;66;2, FAURE FELIX (BOULEVAR;;;;930
201400043309;14;8;22;2245;5;2;1;2;6;66;21, FERME;;;;930
201400043310;14;8;23;1704;1;2;1;1;3;66;FAURE FELIX (BOULEVARD);;;;930
201400043311;14;8;24;250;5;2;2;1;6;66;DESNOS ROBERT;;;;930
201400043312;14;8;25;1700;1;2;1;2;2;66;SAULNIER JULES;;;;930
201400043313;14;8;26;1920;1;2;5;2;3;66;FORT DE LA BRICHE;;;;930
201400043314;14;8;28;2015;1;2;1;1;6;66;MICHELS CHARLES;;;;930
201400043315;14;8;31;430;3;2;1;9;6;66;BRICHE NR 2 A 38;;;;930
201400043316;14;9;4;600;3;2;1;1;6;66;MICHELS CHARLES;;;;930
201400043317;14;9;4;1740;1;2;1;1;3;66;"01, ""PERI GABRIEL, NR 2";;;;930
201400043318;14;9;6;1820;1;2;1;1;6;66;MICHELS CHARLES;;;;930
201400043319;14;9;7;1710;1;2;1;1;2;66;FRANCE ANATOLE (BOULEVAR;;;;930
201400043320;14;9;8;635;2;2;2;1;3;66;"78, ""LANDY RD 20, NR IMP";;;;930
201400043321;14;9;10;1110;1;2;1;1;1;66;73, HUGUES CLOVIS;;;;930
201400043322;14;9;6;1730;1;2;1;1;6;66;"94, ""PERI GABRIEL, NR 2";;;;930
201400043323;14;9;12;1420;1;2;1;1;4;66;39/41, FRANCE ANATOLE EN;;;;930
201400043324;14;9;16;1220;1;2;1;1;6;66;"10, ""SEMBAT MARCEL (BD),";;;;930
201400043325;14;9;16;1730;1;2;1;1;2;66;CREVECOEUR (CHEMIN);;;;930
201400043326;14;9;19;1705;1;2;1;1;6;66;38, L'encyclop?die ( rue;;;;930
201400043327;14;9;21;530;5;2;1;2;6;66;PINEL;;;;930
201400043328;14;9;21;1620;1;2;1;1;3;66;34, PROUDHON;;;;930
201400043329;14;9;22;945;1;2;1;1;2;66;LIBERATION RD14 (BOULEVA;;;;930
201400043330;14;9;22;1810;1;2;1;1;1;39;MECHIN;;;;930
201400043331;14;9;25;910;1;2;1;1;3;66;27, RU DE MONTFORT (CHEM;;;;930
201400043332;14;9;25;1800;1;2;9;1;6;66;18, METALLURGIE (AVENUE);;;;930
201400043333;14;9;25;1920;5;2;1;1;5;66;FORT DE LA BRICHE;;;;930
201400043334;14;9;26;1600;1;2;1;1;1;66;FRANCE ANATOLE (BOULEVAR;;;;930