num_acc;an;mois;jour;hrmn;lum;agg;int;atm;col;com;adr;gps;lat;long;dep
201400043335;14;9;27;1750;1;2;9;1;6;66;20, LIBERATION RD14 (BOU;;;;930
201400043336;14;9;29;1500;1;2;1;1;6;66;"73, ""LANDY RD 20, NR IMP";;;;930
201400043337;14;9;29;1750;1;2;2;1;3;66;6, VIEILLE MER;;;;930
201400043338;14;9;30;1540;1;2;1;1;3;39;3, CHATELIER (QUAI DU );;;;930
201400043339;14;9;30;1855;1;2;2;1;6;66;STADE DE FRANCE (AVENUE;;;;930
201400043340;14;10;2;2000;5;2;1;1;6;66;STADE DE FRANCE (AVENUE;;;;930
201400043341;14;10;5;700;4;2;2;1;3;66;"""LANDY RD 20, NR PAIRS 2";;;;930
201400043342;14;10;6;1340;1;2;1;1;6;66;20, STALINGRAND (AV), N;;;;930
201400043343;14;10;6;1930;5;2;2;2;3;66;LENINE (AVENUE) NR 2 A 2;;;;930
201400043344;14;10;7;800;1;2;1;8;3;66;175, FRANCE ANATOLE (BOU;;;;930
201400043345;14;10;7;1100;1;2;1;2;6;66;68, CASANOVA DANIELLE NR;;;;930
201400043346;14;10;7;825;1;2;3;1;4;66;70, FRANCE ANATOLE (BOUL;;;;930
201400043347;14;10;9;900;1;2;1;1;5;66;CROIZAT AMBROISE RD 29 B;;;;930
201400043348;14;10;10;1614;1;2;1;1;1;66;156, WILSON (AVENUE DU P;;;;930
201400043349;14;10;10;1945;5;2;1;1;6;66;7, JAMIN;;;;930
201400043350;14;10;12;1935;5;2;1;2;2;66;LAMAZE DOCTEUR;;;;930
201400043351;14;10;14;1020;1;2;3;1;3;66;CASANOVA DANIELLE NR 52-;;;;930
201400043352;14;10;15;1345;1;2;1;2;3;66;FRANCE ANATOLE (BOULEVAR;;;;930
201400043353;14;10;22;1630;1;2;1;1;2;66;165, FRANCE ANATOLE (BOU;;;;930
201400043354;14;10;24;1145;1;2;2;1;3;66;AUBERVILLIERS (CHEMIN);;;;930
201400043355;14;10;29;1235;5;2;1;1;2;66;6, CAQUET (PLACE);;;;930
201400043356;14;10;30;1220;1;1;1;1;6;66;260-264, WILSON (AVENUE;;;;930
201400043357;14;10;31;800;1;1;4;1;3;66;, LIBERATION RD14 (BOULE;;;;930
201400043358;14;11;1;1145;1;2;1;1;6;66;57, LIBERATION RD14 (BOU;;;;930
201400043359;14;11;2;1730;5;2;5;1;6;66;VAILLANT COUTURIER PAUL;;;;930
201400043360;14;10;31;2040;5;2;1;1;1;66;CROIZAT AMBROISE RD 29 B;;;;930
201400043361;14;11;3;2100;5;2;6;3;3;66;"""LANDY RD 20, NR IMPAIRS";;;;930
201400043362;14;11;4;1400;1;2;1;1;6;66;380, WILSON (AVENUE DU P;;;;930
201400043363;14;11;4;1150;1;2;1;1;3;66;1-1 BIS 3, COLONEL FABIE;;;;930
201400043364;14;11;5;1035;1;2;1;1;6;66;120, CROIZAT AMBROISE RD;;;;930
201400043365;14;11;5;1745;5;2;1;1;3;66;07, FORT DE LA BRICHE;;;;930
201400043366;14;11;7;1900;4;2;1;1;6;66;SAINT OUEN (QUAI DE );;;;930
201400043367;14;11;7;2040;4;2;1;1;2;66;CITE FLOREAL;;;;930
201400043368;14;11;10;1605;1;2;1;1;3;66;31, FRANCE ANATOLE ENTRE;;;;930
201400043369;14;11;11;1235;1;2;1;1;6;39;EPINAY (AVENUE DU PONT D;;;;930
201400043370;14;11;11;1345;1;2;5;1;3;66;WILSON (AVENUE DU PRESID;;;;930
201400043371;14;11;13;740;1;2;1;1;4;39;SEINE (QUAI DE );;;;930
201400043372;14;11;14;930;1;2;1;2;6;66;117, MICHELS CHARLES;;;;930
201400043373;14;11;14;1400;1;2;5;2;2;66;LENINE (AVENUE) NR 2 A 2;;;;930
201400043374;14;11;16;350;5;2;2;1;3;66;WILSON (AVENUE DU PRESID;;;;930
201400043375;14;11;19;1100;1;2;1;1;3;66;WILSON (AVENUE DU PRESID;;;;930
201400043376;14;11;19;1300;1;2;2;1;6;66;"40, ""BARBUSSE HENRI, NR";;;;930
201400043377;14;11;20;735;5;2;1;8;3;66;"53, ""STALINGRAND (AV), N";;;;930
201400043378;14;11;21;800;1;2;1;8;3;66;43, LIBERATION RD14 (BOU;;;;930
201400043379;14;11;21;1230;1;2;1;1;6;66;"""STALINGRAD (AVENUE), NR";;;;930
201400043380;14;11;22;1310;1;2;1;9;4;66;CROIZAT AMBROISE RD 29 B;;;;930
201400043381;14;11;23;1520;1;2;1;1;6;66;7, BRICHE NR 2 A 38;;;;930
201400043382;14;11;28;550;5;2;1;1;2;66;MICHELS CHARLES;;;;930
201400043383;14;11;30;1545;1;2;1;1;3;66;"""LANDY RD 20, NR IMPAIRS";;;;930
201400043384;14;11;29;1920;5;2;2;1;3;66;BRICHE NR 69 A 77;;;;930
201400043385;14;12;1;2050;5;2;2;2;3;66;67, ORNANO (BOULEVARD);;;;930
201400043386;14;12;2;550;3;2;1;8;2;66;33, FRANCE ANATOLE ENTRE;;;;930
201400043387;14;12;7;1430;1;2;0;2;2;66;70, CROIZAT AMBROISE RD;;;;930
201400043388;14;12;8;640;5;2;1;8;6;66;ROLLAND ROMAIN (AVENUE);;;;930
201400043389;14;12;9;2000;5;2;4;1;2;66;01, REVOLTE;;;;930
201400043390;14;12;11;850;1;2;3;1;2;66;50, WILSON (AVENUE DU PR;;;;930
201400043391;14;12;11;1605;1;2;1;2;3;66;"""BARBUSSE HENRI, NR 2 A";;;;930
201400043392;14;12;12;1340;1;2;1;2;6;66;3, STADE DE FRANCE (AVEN;;;;930
201400043393;14;12;12;1615;1;2;2;2;3;66;POULBOT FRANCISQUE;;;;930
201400043394;14;12;16;1615;1;2;8;1;6;66;"""PERI GABRIEL, NR 2  A 1";;;;930
201400043395;14;12;16;1615;1;2;3;1;1;66;"70, ""BARBUSSE HENRI, NR";;;;930
201400043396;14;12;18;1900;5;2;1;2;3;66;98, WILSON (AVENUE DU PR;;;;930
201400043397;14;12;18;2000;5;2;6;1;3;66;VAILLANT COUTURIER PAUL;;;;930
201400043398;14;12;19;1245;1;2;1;2;6;66;13, MONTJOIE;;;;930
201400043399;14;12;20;2045;5;2;0;2;6;66;REVOLTE;;;;930
201400043400;14;12;24;5;4;2;0;1;2;66;ROLLAND ROMAIN (AVENUE);;;;930
201400043401;14;12;26;945;1;2;1;1;5;66;TITOV GERMAIN;;;;930
201400043402;14;12;29;1910;5;2;0;2;6;66;"151, ""LANDY RD 20, NR IM";;;;930
201400043403;14;1;1;1;5;2;6;2;3;70;1, PONT (PL DU);;;;930
201400043404;14;1;14;810;2;2;3;2;1;70;1, CAPITAINE GLARNER (PL;;;;930
201400043405;14;1;16;1015;1;2;3;2;6;70;48, ROSIERS(DES) :N? 1 A;;;;930
201400043406;14;1;23;1615;1;2;1;2;6;70;DOCTEUR BAUER(RUE DU) :N;;;;930
201400043407;14;1;28;930;1;2;1;2;3;70;45, MICHELET (AVE) : DU;;;;930
201400043408;14;2;1;800;2;2;1;3;6;70;136, MICHELET(AV):N?1AU;;;;930
201400043409;14;2;13;1540;1;2;2;1;3;70;ALBERT-DHALENNE (RUE);;;;930
201400043410;14;2;21;1910;5;2;1;1;6;70;ROSIERS(DES) : APRES 61;;;;930
201400043411;14;3;1;530;5;2;3;2;3;70;VICTOR-HUGO (BD);;;;930
201400043412;14;3;10;1655;1;2;1;1;6;70;57, CAPITAINE-GLARNER (A;;;;930
201400043413;14;3;28;800;1;2;1;1;6;70;94, ROSIERS(DES) : APRES;;;;930
201400043414;14;3;31;1200;1;2;1;1;6;70;10, NEUVE-PIERRE-CURIE(R;;;;930
201400043415;14;3;31;1700;1;2;6;1;3;70;SEINE (QUAI DE);;;;930
201400043416;14;4;9;945;1;2;1;1;3;70;1, NICOLAU(RUE);;;;930
201400043417;14;4;16;2005;1;2;1;1;2;70;DOCTEUR BAUER(RUE DU) :N;;;;930
201400043418;14;4;17;1045;1;2;1;1;6;70;55, GABRIEL-PERI (AV);;;;930
201400043419;14;4;17;1735;1;2;1;1;3;70;JEAN-JAURES (BD);;;;930
201400043420;14;4;24;1900;1;2;1;1;6;70;22, DOCTEUR BAUER(RUE DU;;;;930
201400043421;14;4;29;1900;2;2;1;2;3;70;9, SEINE (QUAI DE);;;;930
201400043422;14;4;30;600;2;2;1;1;6;70;DOCTEUR BAUER(RUE DU) :N;;;;930
201400043423;14;5;5;740;1;2;1;1;3;70;GABRIEL-PERI (AV);;;;930
201400043424;14;5;11;1105;1;2;1;1;6;70;SOUBISE(RUE);;;;930
201400043425;14;5;14;1415;1;2;1;1;5;70;25, MICHELET (AVE) : DU;;;;930
201400043426;14;5;15;1030;1;2;1;1;3;70;GABRIEL-PERI (AV);;;;930
201400043427;14;5;16;1105;1;2;1;1;3;70;49, VICTOR-HUGO (BD);;;;930
201400043428;14;5;16;1400;1;2;1;7;6;70;65, VICTOR-HUGO (BD);;;;930
201400043429;14;5;16;1700;1;2;1;1;3;70;122, VICTOR-HUGO (BD);;;;930
201400043430;14;5;18;1600;1;2;3;1;3;70;1, GABRIEL-PERI (AV);;;;930
201400043431;14;5;19;1425;1;2;1;1;1;70;1, GABRIEL-PERI (AV);;;;930
201400043432;14;5;10;955;1;2;2;1;3;70;124, MICHELET (AVE) : DU;;;;930
201400043433;14;5;20;1850;1;2;1;2;2;70;1, ARDOIN(RUE);;;;930
201400043434;14;5;22;1815;1;2;1;1;3;70;122, VICTOR-HUGO (BD);;;;930
201400043435;14;5;25;2005;1;2;1;1;6;70;11, LECUYER(RUE);;;;930
201400043436;14;6;3;1915;1;2;1;1;3;70;71, MICHELET (AVE) : DU;;;;930
201400043437;14;6;5;55;5;2;1;1;6;70;13, GABRIEL-PERI (AV);;;;930
201400043438;14;6;7;1255;1;2;3;1;3;70;ROSIERS(DES) :N? 1 AU 59;;;;930
201400043439;14;6;9;2100;1;2;1;1;3;70;30, ALBERT-DHALENNE (RUE;;;;930
201400043440;14;6;11;1450;1;2;1;1;6;70;77, ALBERT-DHALENNE (RUE;;;;930
201400043441;14;6;12;805;1;2;1;1;6;70;92, MICHELET (AVE) : DU;;;;930
201400043442;14;6;17;1305;1;2;1;1;5;70;39, MICHELET(AV):N?1AU 1;;;;930
201400043443;14;6;17;825;1;2;1;1;3;70;110, MICHELET (AVE) : DU;;;;930
201400043444;14;6;19;830;1;2;3;1;3;70;110, LANDY(RUE):N? 1 AU;;;;930
201400043445;14;6;18;800;1;2;1;1;3;70;FONTAINE(RUE DE LA);;;;930
201400043446;14;6;21;2027;1;2;1;1;6;70;146, MICHELET (AVE) : DU;;;;930
201400043447;14;7;4;815;1;2;1;1;3;70;138, GABRIEL-PERI (AV);;;;930
201400043448;14;7;5;555;1;2;1;2;1;70;SEINE (QUAI DE);;;;930
201400043449;14;7;6;1030;1;2;1;2;6;70;06, REPUBLIQUE (PL DE LA;;;;930
201400043450;14;7;7;1340;1;2;1;8;2;70;138, MICHELET(AV):N?1AU;;;;930
201400043451;14;7;9;1430;1;2;1;2;3;70;TOUZET-GAILLARD (RUE);;;;930
201400043452;14;7;10;1310;1;1;1;2;3;70;SEINE (QUAI DE);;;;930
201400043453;14;7;16;1240;1;2;1;1;3;70;02, REPUBLIQUE (PL DE LA;;;;930
201400043454;14;7;16;1615;1;2;1;1;6;70;07, BLANQUI (RUE);;;;930
201400043455;14;7;22;840;1;2;1;1;3;70;136, MICHELET (AVE) : DU;;;;930
201400043456;14;8;1;1500;1;2;2;1;6;70;64, ROSIERS(DES) : APRES;;;;930
201400043457;14;8;20;1905;1;2;1;1;2;70;53, ALBERT-DHALENNE (RUE;;;;930
201400043458;14;8;22;1430;1;2;1;1;3;70;33, MICHELET (AVE) : DU;;;;930
201400043459;14;8;25;2030;5;2;1;2;2;70;ALBERT-DHALENNE (RUE);;;;930
201400043460;14;8;27;1515;1;2;9;8;2;70;03, ALBERT-DHALENNE (RUE;;;;930
201400043461;14;9;1;1155;1;2;4;1;6;70;1, GABRIEL-PERI (AV);;;;930
201400043462;14;9;8;1120;1;2;1;1;3;70;1, CAPITAINE-GLARNER (AV;;;;930
201400043463;14;9;9;1950;1;2;1;1;3;70;127, VICTOR-HUGO (BD);;;;930
201400043464;14;9;12;855;1;2;1;1;6;70;1, ROSIERS(DES) : APRES;;;;930
201400043465;14;9;17;2010;2;2;1;1;6;70;1, GODILLOT(RUE);;;;930
201400043466;14;9;19;1020;1;2;2;1;3;70;74, ALBERT-DHALENNE (RUE;;;;930
201400043467;14;9;23;1840;1;2;1;1;1;70;118, VICTOR-HUGO (BD);;;;930
201400043468;14;9;25;1730;1;2;1;1;3;70;GABRIEL-PERI (AV);;;;930
201400043469;14;9;27;1445;1;2;1;1;6;70;21, CHARLES SCHMIDT(RUE);;;;930
201400043470;14;10;14;1940;5;2;1;1;6;70;1, PIERRE-DREYFUS(RUE);;;;930
201400043471;14;10;20;2025;5;2;1;1;6;70;41, ALBERT-DHALENNE (RUE;;;;930
201400043472;14;10;20;1740;1;2;1;8;2;70;1, ARDOIN(RUE);;;;930
201400043473;14;10;23;1430;1;2;1;1;3;70;122, GABRIEL-PERI (AV);;;;930
201400043474;14;10;24;830;2;2;1;1;3;70;6, JEAN-JAURES (BD);;;;930
201400043475;14;10;24;1225;1;2;1;8;3;70;122, VICTOR-HUGO (BD);;;;930
201400043476;14;10;28;2238;5;2;1;1;3;70;, TOULOUSE-LAUTREC(RUE);;;;930
201400043477;14;10;29;935;1;2;1;1;6;70;1, CLAUDE-MONET(RUE);;;;930
201400043478;14;10;30;1810;1;2;1;1;6;70;51, GABRIEL-PERI (AV);;;;930
201400043479;14;10;31;1815;2;2;1;1;3;70;17, GABRIEL-PERI (AV);;;;930
201400043480;14;11;5;1830;5;2;1;1;1;70;32, VICTOR-HUGO (BD);;;;930
201400043481;14;11;6;1640;1;2;3;1;3;70;32, ROSIERS(DES) :N? 1 A;;;;930
201400043482;14;11;8;945;1;2;1;1;6;70;47, ALBERT-DHALENNE (RUE;;;;930
201400043483;14;11;8;1510;5;2;1;1;3;70;1, MICHELET (AVE) : DU 1;;;;930
201400043484;14;11;13;1900;5;2;3;1;2;70;ROSIERS(DES) :N? 1 AU 59;;;;930
201400043485;14;11;14;1755;5;2;1;2;6;70;79, DOCTEUR BAUER(RUE DU;;;;930
201400043486;14;11;20;1715;5;2;1;1;5;70;9, SEINE (QUAI DE);;;;930
201400043487;14;11;21;1535;1;2;1;1;5;70;136, MICHELET(AV):N?1AU;;;;930
201400043488;14;11;26;1115;1;2;1;1;6;70;138, GABRIEL-PERI (AV);;;;930
201400043489;14;11;28;2125;5;2;1;1;1;70;34, CAPITAINE-GLARNER (A;;;;930
201400043490;14;12;5;915;1;2;1;1;3;70;SEINE (QUAI DE);;;;930
201400043491;14;12;12;1345;1;2;3;2;1;70;100, SAINT-DENIS(RUE);;;;930
201400043492;14;12;12;2335;5;2;1;3;3;70;10, GABRIEL-PERI (AV);;;;930
201400043493;14;12;16;1740;4;2;1;1;6;70;143, DOCTEUR BAUER(RUE D;;;;930
201400043494;14;12;30;1245;1;2;9;1;1;70;MICHELET (AVE) : DU 1 AU;;;;930
201400043495;14;1;23;1150;1;2;1;1;7;71;21 PAUL FORT (ALLEE);;;;930
201400043496;14;1;23;1650;1;2;1;2;5;71;JOHN F. KENNEDY-(AVENUE);;;;930
201400043497;14;1;23;1710;1;2;1;2;6;71;0, LEON JOUHAUX (AVENUE);;;;930
201400043498;14;3;4;1750;1;2;1;1;3;71;0, JEAN MOULIN (AVENUE);;;;930
201400043499;14;3;6;1435;1;2;5;1;3;71;0, LIVRY (AVENUE DE);;;;930
201400043500;14;3;8;1020;1;2;3;1;3;71;0, CONDORCET (ALLEE);;;;930
201400043501;14;3;8;1720;1;2;1;1;3;71;0, JOHN F. KENNEDY (AVEN;;;;930
201400043502;14;5;17;1224;1;2;1;1;3;71;8, OASIS (AVENUE DE L');;;;930
201400043503;14;5;19;1745;1;2;1;1;6;71;0, DUMONT D'URVILLE (AVE;;;;930
201400043504;14;5;23;1810;1;2;1;1;6;71;0, BOUGAINVILLE (ALLEE);;;;930
201400043505;14;5;23;950;1;2;2;1;3;71;0, WESTINGHOUSE (BOULEVA;;;;930
201400043506;14;5;27;2345;5;2;1;1;2;71;0, AULNAY (RUE D');;;;930
201400043507;14;6;6;2100;1;2;1;1;3;71;0, PETITS PONTS (ROUTE D;;;;930
201400043508;14;6;21;905;1;2;1;7;6;71;0, PETITS PONTS (ROUTE D;;;;930
201400043509;14;6;21;1550;1;2;6;1;2;71;0, AULNAY (RUE D');;;;930
201400043510;14;6;25;815;1;2;2;1;3;71;0, BIR HAKEIM (ALLEE DE);;;;930
201400043511;14;6;27;1640;1;2;1;1;6;71;03, RACINE (RUE);;;;930
201400043512;14;7;4;2020;1;2;2;1;3;71;0, WESTINGHOUSE (BOULEVA;;;;930
201400043513;14;7;9;1730;1;2;1;3;6;71;0, BALLANGER ROBERT (AVE;;;;930
201400043514;14;8;22;1830;1;2;3;1;3;71;SALVADOR ALLENDE (AVENUE;;;;930
201400043515;14;8;24;2003;2;2;1;1;6;71;28, DUMONT D'URVILLE (AV;;;;930
201400043516;14;8;27;1850;1;2;1;1;6;71;42, STALINGRAD (BOULEVAR;;;;930
201400043517;14;9;13;910;1;2;1;1;6;71;0, ANDRE TOUTAIN (AVENUE;;;;930
201400043518;14;9;15;930;1;2;3;1;3;71;0, HENRI BARBUSSE (AVENU;;;;930
201400043519;14;9;19;1810;1;2;1;1;3;71;0, AULNAY (RUE D');;;;930
201400043520;14;9;23;1230;1;2;1;1;4;71;0, WESTINGHOUSE (BOULEVA;;;;930
201400043521;14;9;23;1630;1;2;3;1;3;71;0, AUGUSTIN THIERRY (RUE;;;;930
201400043522;14;9;29;650;2;2;2;2;3;71;0, LIVRY (AVENUE DE);;;;930
201400043523;14;9;29;825;1;2;1;2;6;71;1, HENRI BARBUSSE (AVENU;;;;930
201400043524;14;10;7;730;5;2;3;2;2;71;JOHN F. KENNEDY (AVENUE);;;;930
201400043525;14;10;9;730;5;2;3;1;3;71;JOHN F. KENNEDY (AVENUE);;;;930
201400043526;14;10;9;1600;1;2;5;1;3;71;LIVRY (AVENUE DE);;;;930
201400043527;14;10;10;845;1;2;2;1;6;71;ERNEST PIVOT (AVENUE);;;;930
201400043528;14;10;25;1230;1;2;1;1;3;71;06, ROGER LE MANER (RUE);;;;930
201400043529;14;10;25;1635;1;2;1;1;6;71;0, RAOUL DAUTRY (AVENUE);;;;930
201400043530;14;10;27;1600;1;2;1;1;6;71;0, GENERAL LECLERC (AVEN;;;;930
201400043531;14;11;14;840;1;2;3;1;5;71;0, SALVADOR ALLENDE (AVE;;;;930
201400043532;14;11;19;1900;5;2;2;1;6;71;0, AULNAY (RUE D');;;;930
201400043533;14;11;21;1740;5;2;1;1;6;71;0, MARTIN LUTHER KING (A;;;;930
201400043534;14;11;25;1100;1;2;3;2;7;71;0, LIVRY (AVENUE DE);;;;930
201400043535;14;11;26;2328;5;2;2;1;3;71;0, 19 MARS 1962 (CARREFO;;;;930
201400043536;14;12;2;1839;5;2;0;2;3;71;0, LEON JOUHAUX (AVENUE);;;;930
201400043537;14;12;5;1800;5;2;1;1;2;71;0, AULNAY (RUE D');;;;930
201400043538;14;12;11;1740;5;2;0;1;6;71;107, AULNAY (RUE D');;;;930
201400043539;14;12;15;1518;1;2;3;1;3;71;0, JOHN F. KENNEDY (AVEN;;;;930
201400043540;14;10;10;750;1;2;3;1;6;72;JEAN PIERRE TIMBAUD;;;;930
201400043541;14;10;13;1710;1;2;2;1;5;72;15, MARCEL CACHIN (AVENU;;;;930
201400043542;14;10;25;1935;5;2;1;1;3;72;0, STALINGRAD (AVENUE DE;;;;930
201400043543;14;11;2;1835;5;2;1;1;3;59;0, AMIENS (RUE D') N? 13;;;;930
201400043544;14;11;2;545;5;2;1;1;6;72;47, MARCEL CACHIN (AVENU;;;;930
201400043545;14;11;7;830;2;2;2;2;3;59;0, ETIENNE DOLET (RUE);;;;930
201400043546;14;11;25;1800;5;2;1;1;3;59;0, EMILE ZOLA (AVENUE);;;;930
201400043547;14;11;28;1305;1;2;1;8;6;72;0, PELLETIER (RUE);;;;930
201400043548;14;12;2;930;1;2;1;1;3;72;0, ROBERT VIGNES (RUE);;;;930
201400043549;14;12;12;2310;5;2;0;3;3;72;2, STALINGRAD (AVENUE) D;;;;930
201400043550;14;12;18;825;1;2;1;2;6;72;52, ARISTIDE BRIAND (AVE;;;;930
201400043551;14;1;8;1100;1;2;1;1;3;72;00, SYLVINE (RUE);;;;930
201400043552;14;1;8;830;1;2;1;1;6;72;12, SALVADOR ALLENDE (RU;;;;930
201400043553;14;1;31;1440;1;2;9;1;3;59;80, LENINE (AVENUE) N?36;;;;930
201400043554;14;2;6;1710;1;2;1;1;3;59;145, JEAN MERMOZ (N?59 A;;;;930
201400043555;14;2;5;1640;1;2;0;8;6;72;0, NELSON MANDELA (AVENU;;;;930
201400043556;14;2;13;1230;1;2;2;2;6;72;0, HULEUX (RUE DES);;;;930
201400043557;14;3;16;2015;5;2;1;1;6;72;129-135, MAXIME GORKI (B;;;;930
201400043558;14;3;6;930;1;2;1;1;6;72;4, MAXIME GORKi (BOULEVA;;;;930
201400043559;14;3;8;1330;1;2;1;1;2;59;0, LENINE (AVENUE) N?36;;;;930
201400043560;14;4;1;830;1;2;1;1;6;59;57, REPUBLIQUE (AVENUE D;;;;930
201400043561;14;5;10;2000;1;2;1;2;6;59;00, LAENNEC (AVENUE);;;;930
201400043562;14;5;9;1620;1;2;1;1;2;72;0, STALINGRAD (AVENUE) D;;;;930
201400043563;14;6;29;1700;1;2;1;2;4;59;00, CHARLES DE GAULLE (B;;;;930
201400043564;14;5;28;1005;1;2;1;1;6;72;00, MAXIME GORKI (BOULEV;;;;930
201400043565;14;1;6;1620;1;2;1;1;3;72;00, STALINGRAD (AVENUE D;;;;930
201400043566;14;7;11;1215;1;2;1;2;6;59;28, PARIS (RUE DE);;;;930
201400043567;14;7;20;730;1;1;1;2;6;72;80, MAXIME GORKI (BOULEV;;;;930
201400043568;14;7;24;1815;1;2;1;1;6;59;0, JEAN MERMOZ (BOULEVAR;;;;930
201400043569;14;7;24;1900;1;2;1;1;3;72;0, STALINGRAD (AVENUE) D;;;;930
201400043570;14;8;6;2220;5;2;1;1;3;72;00, MAXIME GORKI (BOULEV;;;;930
201400043571;14;6;12;850;1;2;1;1;6;72;32, ARISTIDE BRIAND (AVE;;;;930
201400043572;14;6;13;1220;1;2;1;1;6;72;0, ALBERT EINSTEIN (RUE);;;;930
201400043573;14;6;19;740;1;2;2;1;6;72;00, MAXIME GORKI (BOULEV;;;;930
201400043574;14;4;21;1740;1;2;1;1;6;59;00, JULES VALLES (RUE);;;;930
201400043575;14;7;11;925;1;2;3;2;3;72;00, MAXIME GORKI (BOULEV;;;;930
201400043576;14;9;9;1510;1;2;1;1;7;72;25, MARCEL CACHIN (AVENU;;;;930
201400043577;14;7;21;1510;1;2;1;8;4;72;69, MAXIME GORKI (BOULEV;;;;930
201400043578;14;9;15;1300;1;2;3;1;2;72;00, STALINGRAD (AVENUE D;;;;930
201400043579;14;8;9;1420;1;2;1;1;6;59;15, JULES CHATENAY (RUE);;;;930
201400043580;14;8;28;730;2;2;4;1;6;72;100, STALINGRAD (AVENUE);;;;930
201400043581;14;6;27;1627;1;2;2;1;3;72;80, MAXIME GORKI (BOULEV;;;;930
201400043582;14;1;3;2150;4;2;2;1;3;73;BARBUSSE (RUE HENRI);;;;930
201400043583;14;1;7;1900;5;2;2;8;3;78;161, BALLANGER (BD ROBER;;;;930
201400043584;14;1;19;1350;1;2;2;1;3;78;LECLERC (AVENUE DU GENER;;;;930
201400043585;14;1;20;1830;3;2;1;1;6;78;11, DELATTRE DE TASSIGNY;;;;930
201400043586;14;1;22;1845;5;2;3;2;2;78;CLEMENCEAU (AVENUE GEORG;;;;930
201400043587;14;1;23;907;1;2;1;1;1;78;LEDOUX (RUE CLAUDE NICOL;;;;930
201400043588;14;1;26;2305;5;2;9;2;3;73;LOUP (CHEMIN DU);;;;930
201400043589;14;1;27;1740;2;2;2;8;3;73;CUSINO (RUE ANTOINE);;;;930
201400043590;14;1;27;1825;5;2;1;2;2;78;DELATTRE DE TASSIGNY (AV;;;;930
201400043591;14;1;29;1225;1;2;1;2;2;78;DAMBEL (AVENUE EMILE);;;;930
201400043592;14;1;30;1925;5;2;1;1;3;78;CLEMENCEAU (AVENUE GEORG;;;;930
201400043593;14;1;31;1350;1;2;1;1;2;73;RESISTANCE (RUE DE LA);;;;930
201400043594;14;2;7;1515;1;2;1;1;2;73;08, PASTEUR (AVENUE);;;;930
201400043595;14;2;12;1707;1;1;6;2;3;78;VAUBAN (AVENUE);;;;930
201400043596;14;2;14;730;2;2;1;2;5;78;CLEMENCEAU (AVENUE GEORG;;;;930
201400043597;14;2;18;1650;1;2;1;1;6;78;6, GARE (AVENUE DE LA);;;;930
201400043598;14;3;4;2245;5;2;1;1;6;78;33, eGLISE (RUE DE L');;;;930
201400043599;14;3;11;1535;1;2;1;1;3;73;lENINE (BOULEVARD);;;;930
201400043600;14;3;14;1650;1;2;2;1;6;73;hUITIEME (AVENUE);;;;930
201400043601;14;3;29;1930;2;2;1;1;7;73;BARBUSSE (RUE HENRI);;;;930
201400043602;14;3;29;2225;5;2;2;1;3;73;PETITS PONTS (ROUTE DES);;;;930
201400043603;14;4;10;1240;1;2;1;1;3;73;RESISTANCE (RUE DE LA);;;;930
201400043604;14;4;12;1800;1;2;6;1;3;78;CLEMENCEAU (AVENUE GEORG;;;;930
201400043605;14;4;14;1830;1;2;1;1;6;73;24, RENAN (RUE ERNEST);;;;930
201400043606;14;4;20;1220;1;2;5;1;5;73;SALENGRO (AVENUE ROGER);;;;930
201400043607;14;4;21;1730;1;2;1;1;6;78;DE GAULLE (AVENUE CHARLE;;;;930
201400043608;14;5;12;1410;1;1;0;2;2;78;CHEMIN DEPARTEMENTAL;;;;930
201400043609;14;5;14;2205;5;2;3;1;1;78;LE BIHAN (IMPASSE);;;;930
201400043610;14;5;15;1930;1;2;1;1;2;78;BALLANGER (BD ROBERT);;;;930
201400043611;14;5;17;1840;1;1;6;1;2;78;CHEMIN DEPARTEMENTAL;;;;930
201400043612;14;5;17;1958;1;2;2;1;3;78;DAGUERRE (RUE);;;;930
201400043613;14;5;21;1245;1;2;1;2;1;73;LOUP (CHEMIN DU);;;;930
201400043614;14;5;25;1520;1;2;1;1;2;78;BALLANGER (BD ROBERT);;;;930
201400043615;14;5;25;1750;1;2;1;1;3;73;BROSSOLETTE (RUE PIERRE);;;;930
201400043616;14;6;3;1540;1;2;1;1;2;78;CLEMENCEAU (AVENUE GEORG;;;;930
201400043617;14;6;6;355;5;2;1;1;6;78;CLEMENCEAU (AVENUE GEORG;;;;930
201400043618;14;6;6;1800;1;2;1;1;6;73;106, PETITS PONTS (ROUTE;;;;930
201400043619;14;6;11;1710;1;2;1;1;1;78;, DAMBEL (AVENUE EMILE);;;;930
201400043620;14;6;6;1515;1;2;1;1;6;78;BALLANGER (BD ROBERT);;;;930
201400043621;14;6;13;1200;1;2;1;1;6;73;67, BARBUSSE (RUE HENRI);;;;930
201400043622;14;6;13;1645;1;2;1;1;1;78;SAUSSET (AVENUE DU);;;;930
201400043623;14;6;20;1550;1;2;1;1;6;78;23, COUTURIER (AVENUE PA;;;;930
201400043624;14;6;21;1645;1;2;1;1;6;73;CENTRE (BOULEVARD DU);;;;930
201400043625;14;6;23;1155;1;2;1;1;6;78;MELIES (RUE GEORGES);;;;930
201400043626;14;6;25;900;1;2;1;1;3;73;147, ARTOIS (RUE D');;;;930
201400043627;14;6;27;1410;1;2;5;1;3;73;POSTE (AVENUE DE LA);;;;930
201400043628;14;7;6;1240;1;2;1;2;6;78;CLEMENCEAU (AVENUE GEORG;;;;930
201400043629;14;7;15;1420;1;2;2;1;6;78;CLEMENCEAU (AVENUE GEORG;;;;930
201400043630;14;7;15;1730;1;2;1;1;6;73;LANGEVIN (RUE PAUL);;;;930
201400043631;14;7;19;1500;1;2;1;1;3;73;SARRAULT (AVENUE ALBERT);;;;930
201400043632;14;7;20;1610;1;2;1;1;3;78;SAUSSET (AVENUE DU);;;;930
201400043633;14;7;23;2005;1;2;2;9;3;73;ALLENDE (RUE SALVADOR);;;;930
201400043634;14;8;3;1415;1;2;3;1;3;78;BALMAT (RUE JACQUES);;;;930
201400043635;14;8;5;1840;1;2;1;1;6;78;MOULIN (PLACE JEAN);;;;930
201400043636;14;8;12;1840;1;2;6;1;3;73;RESISTANCE (RUE DE LA);;;;930
201400043637;14;8;26;1405;1;2;1;1;3;78;BALLANGER (BD ROBERT);;;;930
201400043638;14;8;30;1005;1;2;4;1;3;78;BALLANGER (BD ROBERT);;;;930
201400043639;14;9;3;1515;1;2;1;1;2;73;DE GAULLE (RUE CHARLES);;;;930