num_acc;an;mois;jour;hrmn;lum;agg;int;atm;col;com;adr;gps;lat;long;dep
201400043640;14;9;17;1810;1;2;9;1;1;73;135, VAILLANT (BOULEVARD;;;;930
201400043641;14;9;25;1800;1;2;1;1;6;73;PETITS PONTS (ROUTE DES);;;;930
201400043642;14;9;27;1600;1;2;2;1;2;78;BALLANGER (BD ROBERT);;;;930
201400043643;14;9;30;915;1;2;3;5;3;78;117, NATIONS (AVENUE DES;;;;930
201400043644;14;10;3;1650;1;2;1;1;6;73;BARBUSSE (RUE HENRI);;;;930
201400043645;14;10;13;805;1;2;1;1;6;73;ZOLA (RUE EMILE);;;;930
201400043646;14;10;14;1120;1;2;6;1;2;78;ADAMOV (ALLEE ARTHUR);;;;930
201400043647;14;10;14;1415;1;2;6;1;2;73;TOLSTOI (RUE LEON);;;;930
201400043648;14;10;18;1030;1;2;2;1;3;73;SAVOIE (RUE DE);;;;930
201400043649;14;10;21;1135;1;2;6;1;3;73;BOIS DE LA PIE (AVENUE D;;;;930
201400043650;14;10;22;1630;1;2;3;1;2;78;11, TREMBLAY (ROUTE DE);;;;930
201400043651;14;11;5;1800;5;2;1;2;2;78;168, BALLANGER (BD ROBER;;;;930
201400043652;14;11;12;1850;3;2;1;1;6;78;CHEMIN DEPARTEMENTAL;;;;930
201400043653;14;11;13;1755;5;2;1;1;4;78;172, BALLANGER (BD ROBER;;;;930
201400043654;14;11;14;2200;5;2;0;1;1;78;LOUP (CHEMIN DU);;;;930
201400043655;14;11;19;1810;3;2;1;1;4;73;CIRCUIT CAROLE;;;;930
201400043656;14;11;21;905;1;2;2;1;5;78;CLEMENCEAU AVENUE GEORG;;;;930
201400043657;14;11;22;1300;1;2;1;1;2;78;1-3, CLEMENCEAU (AVENUE;;;;930
201400043658;14;11;25;1340;1;2;1;1;6;78;212, BALLANGER (BD ROBER;;;;930
201400043659;14;12;4;1;5;2;1;1;1;73;PAIX (AVENUE DE LA);;;;930
201400043660;14;12;4;1840;5;2;0;1;1;78;CLEMENCEAU (AVENUE GEORG;;;;930
201400043661;14;12;8;700;5;2;0;1;6;78;VAILLANT-COUTURIER (AVEN;;;;930
201400043662;14;12;14;925;1;2;6;5;2;78;CLEMENCEAU (AVENUE GEORG;;;;930
201400043663;14;12;16;1110;1;2;1;1;6;73;BERGER (RUE GILBERT);;;;930
201400043664;14;12;16;1100;1;2;3;1;6;73;BERGER (RUE GILBERT);;;;930
201400043665;14;12;16;2045;5;2;0;1;6;73;DE GAULLE (RUE CHARLES);;;;930
201400043666;14;12;17;830;1;2;0;3;6;78;DUCLOS (RUE JACQUES);;;;930
201400043667;14;1;3;1800;5;2;1;8;3;2;113, R ETIENNE DOLET;M;4878920;242573;940
201400043668;14;1;21;1830;5;2;1;1;2;2;62, R ETIENNE DOLET;M;4879400;242547;940
201400043669;14;1;24;1550;1;2;3;1;2;2;CHARLE DE GAULE /LATERAL;M;4881470;241663;940
201400043670;14;1;28;1905;5;2;1;2;3;2;85, R VERON;M;4881100;241417;940
201400043671;14;2;13;1815;5;2;2;1;3;2;COUTURIER / LECLERC;M;4880110;242196;940
201400043672;14;2;14;1045;1;2;1;2;6;2;3, ALL MODIGLIANI;M;4879480;242830;940
201400043673;14;2;20;1945;5;2;3;2;3;2;QU BLANQUI / SEINE;M;4880940;241012;940
201400043674;14;2;20;2215;3;2;1;1;3;46;AV DE LA REPUBLIQUE;M;4880420;243702;940
201400043675;14;3;5;2150;5;2;2;1;3;2;241, COUTURIER / TASSIGN;M;4880020;242254;940
201400043676;14;3;17;1430;1;2;1;1;3;2;13, JEAN-BAPTISTE PREUX;M;4877870;242445;940
201400043677;14;4;21;330;5;2;3;1;3;2;92, EMILE ZOLA/OEILLETS;M;4879910;242437;940
201400043678;14;4;29;1740;1;2;2;2;3;2;COUTURIER / PARC;M;4881530;241500;940
201400043679;14;4;29;1950;2;2;3;3;3;2;BLANQUI / JULES GUESDE;M;4880340;241314;940
201400043680;14;5;11;1610;1;2;2;2;2;2;CLEMENT / ZOLA;M;4879830;242051;940
201400043681;14;5;12;1610;1;2;2;1;6;2;CAMELIAS / JACLARD;M;4880390;242315;940
201400043682;14;5;28;2000;2;2;1;2;2;2;25, REVOLUTION (QU DE LA;M;4878120;241902;940
201400043683;14;6;19;915;1;2;3;1;3;2;REVOLUTION / ALOUETTES;M;4878470;242143;940
201400043684;14;7;2;1145;1;2;1;1;2;2;31, BD CARNOT;M;4879590;242627;940
201400043685;14;7;19;2000;1;2;3;1;3;2;COUTURIER / ESSERTES;M;4880380;242016;940
201400043686;14;7;21;1345;1;2;3;1;2;2;LATERAL / CHENAL;M;4881470;241663;940
201400043687;14;7;29;1710;1;2;3;1;2;2;ST GEORGE / WARNIER;M;4878080;242886;940
201400043688;14;8;6;1830;1;2;2;2;3;2;TASSIGNY / COUTURIER;M;4880020;242254;940
201400043689;14;8;21;1115;1;2;3;1;3;2;COUTURIER / MITTERRAND;M;4880480;241948;940
201400043690;14;8;22;1245;1;2;2;1;3;2;COUTURIER / SEINE;M;4881030;241690;940
201400043691;14;8;27;1340;1;2;3;1;3;2;PARMENTIER / VOLTA;M;4880710;241254;940
201400043692;14;9;11;1130;1;2;2;1;6;2;ZOLA / PAQUERETTES;M;4879920;242531;940
201400043693;14;9;15;1300;1;2;3;1;1;2;VILLENEUVE ST GEORGES;M;4878080;242886;940
201400043694;14;9;18;820;1;2;3;1;6;2;DOLET / CARPE;M;4879040;242578;940
201400043695;14;10;18;1335;1;2;1;1;6;2;58, ETIENNE DOLET (R);;;;940
201400043696;14;10;22;140;5;2;1;1;6;2;31, ECOLES (R DES);;;;940
201400043697;14;11;16;2315;5;2;1;9;6;2;40, BLANQUI (QU);;;;940
201400043698;14;11;19;1420;1;2;1;1;6;2;97, ETIENNE DOLET (R);;;;940
201400043699;14;12;1;2215;5;2;3;1;3;2;CARNOT (BD);;;;940
201400043700;14;12;3;600;2;2;3;2;3;2;ETIENNE DOLET (R);;;;940
201400043701;14;12;10;2110;5;2;9;2;6;2;JOFFRIN (R);;;;940
201400043702;14;12;14;2055;5;2;9;1;2;2;EMILE ZOLA (R);;;;940
201400043703;14;12;17;1900;5;2;1;2;2;2;37, GENERAL CHARLES DE G;;;;940
201400043704;14;12;18;800;2;2;1;1;6;2;EMILE ZOLA (R);;;;940
201400043705;14;10;2;850;1;2;1;1;3;44;11, ROGER SALENGRO (R);;;;940
201400043706;14;10;3;1030;1;2;1;1;6;4;10, VALENTON (R DE);;;;940
201400043707;14;5;30;1845;1;2;3;1;6;48;BUISSONS / GRAINS;M;4873560;255661;940
201400043708;14;10;8;900;1;2;9;2;6;44;VERDUN (AV DE);;;;940
201400043709;14;10;11;1830;2;2;1;1;6;4;00, CHARLES DE GAULLE (A;;;;940
201400043710;14;12;30;1110;1;2;3;9;4;71;49, GENERAL LECLERC (R D;;;;940
201400043711;14;10;12;2105;5;2;1;1;6;4;03 AV DU GENERAL LECLERC;M;4875280;250658;940
201400043712;14;10;16;1800;1;2;1;1;3;4;VALENTON (R DE);;;;940
201400043713;14;10;18;1500;1;2;1;1;1;44;VERDUN (AV DE);;;;940
201400043714;14;10;19;710;5;2;1;1;6;70;11, LIBERATION (R DE LA);;;;940
201400043715;14;10;19;507;5;2;6;1;7;71;140, CHARLES DE GAULLE (;;;;940
201400043716;14;10;20;830;1;1;2;1;4;48;RN19/VALLON;M;4872750;253934;940
201400043717;14;10;27;1820;2;2;1;1;2;44;18, JEAN MONNET (R);;;;940
201400043718;14;10;30;1540;1;2;3;1;3;44;ALBERT GARRY (R);;;;940
201400043719;14;10;31;740;1;2;3;1;1;44;ALBERT GARRY (R);;;;940
201400043720;14;1;1;440;3;2;1;8;6;75;31, R DE REVEILLON;M;4872150;253957;940
201400043721;14;11;5;1935;5;2;1;1;1;48;RTE DE PARIS;M;4872780;254830;940
201400043722;14;11;6;750;2;2;1;1;3;71;7, PARIS (R DE);;;;940
201400043723;14;11;6;936;1;2;1;1;2;47;72, PAUL DOUMER (R);;;;940
201400043724;14;7;31;1430;1;2;3;1;7;44;ZOLA / PARIS;M;4874770;247358;940
201400043725;14;1;7;630;5;2;1;1;3;4;3, R DE PARIS;M;4875290;250791;940
201400043726;14;11;9;145;5;2;3;1;6;75;TASSIGNY/STATION;M;4873350;252114;940
201400043727;14;1;9;1710;2;2;3;8;6;71;R DE BOISSY;M;4876410;252565;940
201400043728;14;11;11;1350;1;2;3;1;6;44;DEUX CLOCHERS (AV DES);;;;940
201400043729;14;1;14;1000;1;2;1;8;6;71;38, R DE NOISEAU;M;4877330;253010;940
201400043730;14;1;17;2035;5;2;2;1;3;4;VALENTON/LEON REVILLON;M;4874880;251285;940
201400043731;14;1;17;2155;5;2;1;1;1;4;R DE SUCY;M;4875110;251744;940
201400043732;14;11;19;1910;5;2;1;1;6;71;13, COULANGES (R DE);;;;940
201400043733;14;1;19;1225;1;2;1;1;6;44;68, R EMILE ZOLA;M;4874760;247390;940
201400043734;14;1;12;1235;1;2;6;1;1;4;52, R DE SUCY/PL MARCHE;M;4875230;251971;940
201400043735;14;11;23;545;5;2;1;1;7;4;BRETELLE VIRAGE RN 19;M;4875590;250480;940
201400043736;14;1;23;1145;1;2;6;1;6;44;AV DESCARTES / VALENTON;M;4874230;249130;940
201400043737;14;11;25;1140;1;2;1;2;1;44;ALBERT GARRY (R);;;;940
201400043738;14;1;25;1830;5;2;2;1;3;44;GENERAL LECLERC/POMPIDOU;M;4874480;251175;940
201400043739;14;11;29;1230;1;2;1;1;6;4;02, LEON REVILLON (BD);;;;940
201400043740;14;11;29;1320;1;2;1;1;5;71;MAURICE BERTEAUX (R);;;;940
201400043741;14;12;2;1850;5;2;1;2;3;71;00, PARIS (R DE);;;;940
201400043742;14;2;3;1630;1;2;1;1;6;44;8, R LOUIS SALLE;M;4875090;249002;940
201400043743;14;2;6;1220;1;2;2;1;2;44;LECLERC/POMPIDOU;M;4874480;251175;940
201400043744;14;12;5;805;2;2;1;1;6;44;10, VERDUN (AV DE);;;;940
201400043745;14;12;9;2125;5;2;3;1;7;71;00, CHAMPS SAINT DENIS (;;;;940
201400043746;14;2;10;1720;1;2;1;1;6;44;38, AV DE VERDUN;M;4874950;247908;940
201400043747;14;10;12;110;5;2;2;1;3;4;LECLERC/VALENTON;M;4874690;251012;940
201400043748;14;12;10;2000;5;2;6;1;6;4;HUIT MAI 1945 (R DU);;;;940
201400043749;14;12;10;910;1;2;3;2;3;75;CHASSE (R DE LA);;;;940
201400043750;14;2;11;1735;1;2;3;2;3;44;VARLIN / ROUSSEL;M;4874300;249078;940
201400043751;14;12;2;715;5;2;3;2;5;4;MAROLLES (R DE);;;;940
201400043752;14;2;14;1625;1;2;3;1;3;4;LECLERC/FFI;M;4875440;250600;940
201400043753;14;2;15;140;5;2;1;1;6;75;DE LATTRE DE TASSIGNY;M;4873240;252217;940
201400043754;14;12;17;715;5;2;1;3;6;71;00, PIERRE SEMARD (R);;;;940
201400043755;14;12;17;815;5;2;1;3;6;4;00, BREVANNES (R DE);;;;940
201400043756;14;12;19;1230;1;2;9;8;3;4;3, CHARLES DE GAULLE (AV;;;;940
201400043757;14;2;21;930;1;1;3;1;2;4;LECLERC/FFI;M;4875440;250600;940
201400043758;14;12;21;35;3;1;1;2;7;56;BRIE COMTE ROBERT (RTE D;;;;940
201400043759;14;12;22;1435;1;2;1;1;6;44;02, ROGER SALENGRO (R);;;;940
201400043760;14;12;23;1310;1;2;2;2;7;44;VERDUN (AV DE);;;;940
201400043761;14;12;24;1816;4;2;2;3;6;75;BRUNOY (R DE);;;;940
201400043762;14;12;26;1745;2;2;2;2;1;44;LECLERC/POMPIDOU;M;4874480;251175;940
201400043763;14;3;13;1850;5;2;1;1;7;75;84, R DE CERCAY;M;4871710;252721;940
201400043764;14;3;1;1955;5;2;2;1;3;75;MANDRES / D'AUTEUIL;M;4871380;253767;940
201400043765;14;3;2;1730;1;2;4;1;3;71;PARIS / BONNEUIL;M;4877290;250091;940
201400043766;14;4;2;810;1;2;1;1;3;4;15, AV DU GENERAL LECLER;M;4875120;250713;940
201400043767;14;3;5;1215;1;2;3;1;6;44;VALENTON / KORCZAK;M;4874400;250489;940
201400043768;14;3;7;1630;1;2;2;1;7;75;19, MANDRES / CHASSE;M;4871380;253767;940
201400043769;14;3;7;1645;1;2;1;1;6;71;35, GENERAL LECLERC;M;4877530;251105;940
201400043770;14;3;8;1600;1;2;1;1;4;70;R DE LA FONTAINE;M;4872490;257071;940
201400043771;14;11;14;1815;2;2;1;1;6;71;2, GABRIEL PERI (AV);;;;940
201400043772;14;3;14;1600;1;2;1;1;6;4;R DU 8 MAI 1945;M;4875750;250496;940
201400043773;14;3;14;2100;5;2;4;1;3;4;LECLERC/CHIROL;M;4875160;250682;940
201400043774;14;3;15;1000;1;2;3;1;3;75;TASSIGNY/DAGORNO;M;4872750;253101;940
201400043775;14;3;17;1800;1;2;3;1;3;4;VALENTON / PROCESSION;M;4874410;250506;940
201400043776;14;3;21;1800;2;2;3;1;6;56;DES ROSES / MEILLAND;M;4869700;254836;940
201400043777;14;3;31;1510;1;2;3;1;3;44;VALENTON / DAUMIER;M;4874310;250190;940
201400043778;14;3;27;800;1;2;3;1;4;44;AV DESCARTES / MOULIN;M;4873960;249243;940
201400043779;14;5;24;1155;1;2;6;1;7;71;QUEUE EN BRIE / DE GAULL;M;4876350;253620;940
201400043780;14;4;8;735;1;2;4;1;3;44;GABRIEL PERI / BARBUSSE;M;4875600;248378;940
201400043781;14;4;9;1330;1;2;2;1;2;4;TASSIGNY/REVILLON;M;4874480;251175;940
201400043782;14;4;10;810;1;2;4;1;3;71;D'ORMESSON / HUGO;M;4878090;251377;940
201400043783;14;10;14;924;1;2;1;1;7;47;33, PAUL DOUMER (R);;;;940
201400043784;14;11;21;2105;5;2;2;1;1;4;GENERAL LECLERC (AV DU);;;;940
201400043785;14;12;4;730;1;2;3;1;3;75;YERRES (R D);;;;940
201400043786;14;4;14;1025;1;2;3;1;6;71;FONTAINES / BERTEAUX;M;4877130;251965;940
201400043787;14;4;15;245;5;2;1;1;6;47;30, FRANCOIS COPPEE;M;4870920;254065;940
201400043788;14;4;22;1940;1;2;1;1;6;70;3, RTE DE PARIS;M;4871910;256771;940
201400043789;14;4;25;1025;1;2;1;8;7;47;53, R RENE THIBAULT;M;4870480;253506;940
201400043790;14;4;25;1525;1;2;6;8;6;44;WILSON / 8 MAI 1945;M;4875140;249047;940
201400043791;14;4;28;1745;1;2;3;1;2;70;LIBERATION / LA FONTAINE;M;4872500;257010;940
201400043792;14;7;16;125;5;2;6;1;6;44;MONNET / DUNANT;M;4875660;248331;940
201400043793;14;5;2;850;1;2;1;1;3;4;9, R DE SUCY;M;4875010;251585;940
201400043794;14;5;2;950;1;2;1;1;2;44;14, MARIUS DANTZ;M;4874770;248224;940
201400043795;14;3;25;815;2;2;4;2;2;71;MOULIN A VENT / BOISSY;M;4876430;252552;940
201400043796;14;5;7;1350;1;2;1;1;3;71;17, CHAMPS SAINT-DENIS;M;4877470;251223;940
201400043797;14;5;18;1030;1;2;1;1;3;71;38, JEAN MOULIN;M;4877490;251244;940
201400043798;14;5;19;855;1;1;2;1;2;56;BRIE COMTE ROBERT/BRIE;M;4869620;255411;940
201400043799;14;5;23;1850;2;2;3;2;2;71;LECLERC / BUFFON;M;4877630;251127;940
201400043800;14;6;2;1000;1;2;1;1;2;75;63,DE LATTRE DE TASSIGNY;M;4872870;252841;940
201400043801;14;6;4;1230;1;2;1;2;2;44;AV DE LATTRE DE TASSIGNY;M;4874320;251300;940
201400043802;14;5;26;910;1;2;1;2;6;4;3, AV DU GENERAL LECLERC;M;4875280;250658;940
201400043803;14;6;7;240;5;2;1;1;6;71;AV WINSTON CHURCHILL;M;4876600;252512;940
201400043804;14;8;26;1740;1;2;2;1;3;44;BARBUSSE / 2 CLOCHERS;M;4875400;248557;940
201400043805;14;10;16;2200;5;2;2;3;3;4;VALENTON/LECLERC;M;4874690;251012;940
201400043806;14;11;26;1245;1;2;1;2;6;71;PIERRE SEMARD (R);;;;940
201400043807;14;6;12;405;5;2;1;1;6;48;RN 19;M;4872760;254068;940
201400043808;14;6;18;930;1;2;1;1;4;4;19,AV DU GENERAL LECLERC;M;4875090;250729;940
201400043809;14;6;19;1300;1;2;1;1;5;75;43,DE LATTRE DE TASSIGNY;M;4872770;253055;940
201400043810;14;6;24;750;1;2;1;1;6;75;27,DE LATTRE DE TASSIGNY;M;4872730;253461;940
201400043811;14;6;28;2343;5;2;5;2;6;71;PARIS /  GENERAL LECLERC;M;4877460;251093;940
201400043812;14;6;29;45;3;2;1;2;6;4;AV DU GENERAL LECLERC;M;4875610;250472;940
201400043813;14;7;2;1230;1;2;1;1;2;44;38, AV GABRIEL PERI;M;4875200;248629;940
201400043814;14;3;17;2120;5;2;2;1;1;4;LECLERC/VALENTON;M;4874690;251012;940
201400043815;14;7;4;1240;1;2;5;2;2;71;PARIS / LECLERC;M;4877460;251093;940
201400043816;14;7;5;930;1;2;1;2;3;44;10, AV DE VERDUN;M;4875160;248654;940
201400043817;14;8;7;1440;1;2;3;1;6;71;BOISSY / SARRAUT;M;4876340;252607;940
201400043818;14;9;17;1830;1;2;1;1;6;44;22, AV DESCARTES;M;4874050;248462;940
201400043819;14;10;17;2100;3;2;6;1;6;70;PARIS/;M;4871520;257465;940
201400043820;14;12;7;1745;5;2;7;2;3;4;CHARLES LOUIS (PL);;;;940
201400043821;14;7;14;1420;1;2;3;1;4;4;AV DU GENERAL LECLERC;M;4875510;250528;940
201400043822;14;7;15;825;1;2;4;1;1;71;NOISEAU /VOIE DE NOISEAU;M;4877230;252856;940
201400043823;14;7;17;1945;1;2;1;1;6;44;12-14, AV GABRIEL PERI;M;4875460;248459;940
201400043824;14;7;17;2000;1;2;1;1;6;44;01, R ROGER SALENGRO;M;4875140;248873;940
201400043825;14;7;25;700;1;2;1;1;7;4;AV DU GENERAL LECLERC;M;4875620;250472;940
201400043826;14;7;25;1230;1;2;1;1;6;44;AV JEAN MONNET;M;4875720;247172;940
201400043827;14;7;26;1015;1;2;1;1;6;71;AV CHARLES DE GAULLE;M;4876740;253014;940
201400043828;14;7;26;1640;1;2;1;1;6;71;PROM EDOUARD GARCIOT;M;4877030;251752;940
201400043829;14;7;29;1205;1;2;2;1;3;4;LECLERC/REVILLON;M;4874480;251175;940
201400043830;14;8;7;1210;1;2;2;1;3;47;FOUGASSE / CHAMPS;M;4870260;254151;940
201400043831;14;7;18;740;1;2;2;1;2;71;BRIE / TILLEUL;M;4875900;253009;940
201400043832;14;7;18;1400;1;2;6;1;2;4;AV CHARLES DE GAULLE;M;4875310;250360;940
201400043833;14;8;19;1600;1;2;1;1;6;75;79, R DE CERCAY;M;4871480;252721;940
201400043834;14;9;9;1915;1;2;2;1;2;48;GROSBOIS / RN19;M;4872750;253934;940
201400043835;14;9;11;1605;1;2;2;1;2;47;VERDUN / COPPEE;M;4870270;254485;940
201400043836;14;9;11;1930;2;2;3;1;2;75;TASSIGNY/FOREAU;M;4872740;253583;940
201400043837;14;9;12;740;1;2;2;1;3;44;MAI 1945 / TILLEULS;M;4875230;249218;940
201400043838;14;12;19;1930;2;2;3;2;2;71;GENERAL LECLERC (R DU);;;;940
201400043839;14;9;15;700;2;1;1;1;2;70;RTE DE MANDRES;M;4871980;256595;940
201400043840;14;9;23;1500;1;2;2;1;3;44;BARBUSSE / CLOCHERS;M;4875400;248557;940
201400043841;14;9;25;815;1;2;3;1;3;71;LECLERC / MASSENET;M;4877900;251179;940
201400043842;14;9;30;1;5;2;2;1;4;48;RN19/VALLON;M;4872750;253934;940
201400043843;14;1;1;2200;5;2;1;2;3;17;52, AV DU 8 MAI 1945;M;4880890;254096;940
201400043844;14;1;3;1620;1;2;6;1;6;17;AV REPUBLIQUE;M;4881960;251124;940
201400043845;14;1;7;1200;1;2;2;1;6;17;BD DU CHATEAU/AV COLOMBE;M;4881130;254383;940
201400043846;14;1;8;815;1;2;2;1;3;17;AV CARNOT/ R DU MARCHE;M;4881170;250929;940
201400043847;14;1;10;1545;1;2;2;1;6;17;R JEAN JAURES;M;4881370;251025;940
201400043848;14;1;11;2350;3;2;1;5;4;17;65, AV MARX DORMOY;M;4880790;252513;940
201400043849;14;1;17;725;2;2;1;1;2;17;1, PONT DE NOGENT;M;4883090;249301;940
201400043850;14;1;18;1120;1;2;1;1;6;17;PL LENINE;M;4881220;251004;940
201400043851;14;1;18;1610;1;2;1;1;1;17;BD DE STALINGRAD;M;4882250;249785;940
201400043852;14;1;20;2100;5;2;1;1;3;17;153 MAURICE THOREZ;M;4881660;253869;940
201400043853;14;1;22;650;5;2;1;1;4;17;29, AV SALVADOR ALLENDE;M;4880920;254738;940
201400043854;14;1;24;740;2;2;1;1;6;17;AV MAURICE THOREZ;M;4880770;253583;940
201400043855;14;1;25;905;1;2;3;1;6;17;REPUBLIQUE /ADAMOV;M;4882470;251001;940
201400043856;14;1;26;2100;5;2;6;8;3;17;SALVADOR ALLENDE/R JULES;M;4880870;254957;940
201400043857;14;1;27;2135;5;2;2;2;3;17;R E VARLIN/R E VARLIN;M;4882610;252115;940
201400043858;14;2;2;610;5;2;1;1;1;17;47, RUE BOIS L ABBE;M;4881070;254145;940
201400043859;14;2;2;2305;5;2;2;1;3;17;TALAMONI / DUPERTUIS;M;4881370;251025;940
201400043860;14;2;3;1250;1;2;1;1;6;17;2, R RODIN;M;4880550;255047;940
201400043861;14;2;4;1000;1;2;6;1;3;17;DE LAUNAY / THOREZ;M;4881120;253645;940
201400043862;14;2;4;1130;1;2;1;1;6;17;42, R DE VERDUN;M;4881570;248975;940
201400043863;14;2;8;135;5;2;2;1;3;17;TALAMONI / THOMAS;M;4881350;251128;940
201400043864;14;2;17;900;1;2;1;1;6;17;VLA CHARLES DE GAULLE;M;4882210;249328;940
201400043865;14;2;17;1510;1;2;3;1;3;17;STALINGRAD / ALLIES;M;4882960;249314;940
201400043866;14;2;28;900;1;2;1;2;6;17;24, BD JULES GUESDE;M;4881810;250970;940
201400043867;14;3;2;1620;1;2;3;1;6;17;6, R ALFRED GREVIN;M;4881470;251892;940
201400043868;14;3;8;2030;5;2;3;1;3;17;83, TALAMONI / A TRAIT;M;4881280;251415;940
201400043869;14;3;9;1840;2;2;3;1;6;17;10, PL LENINE / L'EGLISE;M;4881210;251154;940
201400043870;14;3;10;1750;1;2;1;1;6;17;59, R JEAN JAURES;M;4881470;250768;940
201400043871;14;3;11;1430;1;2;1;1;6;17;9, R JULIEN HEULOT;M;4881020;253915;940
201400043872;14;3;15;1050;1;2;3;1;6;17;104, AV DE LA REPUBLIQUE;M;4882470;251001;940
201400043873;14;3;15;2005;5;2;4;1;4;17;DORMOY / LARRIS;M;4881110;251915;940
201400043874;14;3;16;845;1;2;1;1;3;17;36, BD DE STALINGRAD;M;4881770;250827;940
201400043875;14;3;18;1335;1;2;1;1;6;17;234, BD DE STALINGRAD;M;4882760;249416;940
201400043876;14;3;19;1025;1;2;1;1;6;17;10, BD DE STALINGRAD;M;4881750;250908;940
201400043877;14;3;19;1840;2;2;1;1;6;17;198, GENERAL DE GAULLE;M;4882620;250496;940
201400043878;14;3;19;2210;4;2;1;1;4;17;64, R LOUIS TALAMONI;M;4881250;251492;940
201400043879;14;2;20;1750;2;2;2;2;3;17;THOREZ / DELAUNAY;M;4881170;253644;940
201400043880;14;3;21;1200;1;2;1;1;1;17;BD DE STALINGRAD;M;4882160;249903;940
201400043881;14;3;22;145;5;2;1;1;3;17;46, JEAN JAURES;M;4881500;250666;940
201400043882;14;3;25;1035;1;2;1;1;3;17;37, AV SALVADOR ALLENDE;M;4880910;254817;940
201400043883;14;3;25;2200;5;2;1;1;6;17;R LOUIS TALAMONI;M;4881320;251251;940
201400043884;14;4;3;840;1;2;2;1;1;17;CHARLES DE GAULLE/MARAI;M;4882710;251794;940
201400043885;14;4;6;1;5;2;2;1;3;17;DE GAULLE / BIGNON;M;4882160;248962;940
201400043886;14;4;13;1910;1;2;6;1;2;17;MITTERRAND / REPUBLIQUE;M;4881620;251225;940
201400043887;14;4;15;1635;1;2;6;1;3;17;DELAUNAY / THOREZ;M;4881170;253644;940
201400043888;14;4;16;1800;1;2;1;1;6;17;20, JULIEN HEULOT;M;4880950;253940;940
201400043889;14;4;18;1720;1;2;1;1;1;17;76, JEAN JAURES;M;4881410;250912;940
201400043890;14;4;20;335;5;2;2;1;3;17;PONT NOGENT/PONT NOGENT;M;4883060;249313;940
201400043891;14;4;22;1800;1;2;3;2;3;17;FLOQUET / GALLIENI;M;4881400;248054;940
201400043892;14;4;23;1730;1;2;1;1;6;17;GERMINAL;M;4882350;250933;940
201400043893;14;4;26;1300;1;2;2;2;3;17;LOUCHEUR / REPUBLIQUE;M;4882350;251027;940
201400043894;14;4;29;1735;1;2;3;2;3;17;4, SOLOMON / RAMEAU;M;4880510;254700;940
201400043895;14;5;3;1900;1;2;3;1;3;17;VERDUN / BERNHARDT;M;4881490;249462;940
201400043896;14;4;30;805;1;2;1;1;6;17;AV MAURICE THOREZ;M;4881040;253646;940
201400043897;14;5;11;1645;1;2;2;2;3;17;STALINGRAD / BRIAND;M;4882170;249883;940
201400043898;14;5;13;2000;1;2;1;1;4;17;144, ROGER SALENGRO;M;4881630;250134;940
201400043899;14;5;16;1905;1;2;2;1;3;17;STALINGRAD / BRIAND;M;4882170;249883;940
201400043900;14;5;19;1900;1;2;2;1;3;17;FOURNY / CROIZAT;M;4881930;252699;940
201400043901;14;5;24;1930;1;2;4;1;2;17;AV MARX DORMOY;M;4880800;252491;940
201400043902;14;5;25;1545;1;2;3;1;2;17;174, DE GAULLE / OHRESSE;M;4882470;250001;940
201400043903;14;6;4;1200;1;2;6;2;6;17;MITTERRAND / STALINGRAD;M;4881630;251180;940
201400043904;14;6;8;1520;1;2;2;1;6;17;THOMAS / CHAMPIGNY;M;4881080;251020;940
201400043905;14;6;10;1700;1;2;1;1;6;17;48, R LOUIS TALAMONI;M;4881290;251392;940
201400043906;14;6;14;325;5;2;2;1;3;17;DE GAULLE / STALINGRAD;M;4882370;249643;940
201400043907;14;6;20;835;1;2;1;1;3;17;AV DE LA REPUBLIQUE;M;4881800;251162;940
201400043908;14;6;26;1525;1;2;2;1;3;17;SALENGRO / DE GAULLE;M;4882000;248437;940
201400043909;14;6;28;1020;1;2;1;1;6;17;R ALEXANDRE FOURNY;M;4881880;252072;940
201400043910;14;6;30;1500;1;2;1;1;6;17;R DE L'EGLISE;M;4881240;251166;940
201400043911;14;7;3;730;1;2;3;1;3;17;FOURNY / MONNET;M;4881930;252699;940
201400043912;14;7;6;1820;1;2;1;2;4;17;869, MAURICE THOREZ;M;4881040;253646;940
201400043913;14;7;18;1650;1;2;1;1;6;17;R LOUIS TALAMONI;M;4881320;251262;940
201400043914;14;7;20;400;5;2;3;1;3;17;SALENGRO / CIMETIERE;M;4881630;250200;940
201400043915;14;7;21;2110;1;2;2;1;1;17;SALENGRO / DE GAULLE;M;4882000;248437;940
201400043916;14;7;23;1910;1;2;1;1;3;17;AV ROGER SALENGRO;M;4881630;250166;940
201400043917;14;7;24;1515;1;2;1;1;6;17;AV DU GENERAL DE GAULLE;M;4882030;248478;940
201400043918;14;7;24;1800;1;2;3;1;6;17;89, R JEAN JAURES;M;4881390;250965;940
201400043919;14;7;30;1810;1;2;1;1;2;17;ROGER SALENGRO;M;4881780;249436;940