num_acc;an;mois;jour;hrmn;lum;agg;int;atm;col;com;adr;gps;lat;long;dep
201400043920;14;8;3;35;5;2;2;2;3;17;SALENGRO/DE GAULLE;M;4882010;248467;940
201400043921;14;8;7;230;5;1;2;1;2;17;BRETELLE A4 / DE GAULLE;M;4882010;248400;940
201400043922;14;8;7;1130;1;2;1;2;3;17;480, AV MAURICE THOREZ;M;4881380;253732;940
201400043923;14;8;14;1845;1;2;4;1;2;17;SALENGRO / DE GAULLE;M;4882010;248467;940
201400043924;14;8;21;1710;1;2;1;1;4;17;869, AV MAURICE THOREZ;M;4881040;253646;940
201400043925;14;8;25;1850;1;2;2;1;6;17;TALAMONI / THOMAS;M;4881350;251128;940
201400043926;14;8;28;1400;1;2;2;1;3;17;TREVISE / VENZAC;M;4881130;255658;940
201400043927;14;9;1;1305;1;2;2;1;3;17;PONT NOGENT/BRETELLE A4;M;4883060;249313;940
201400043928;14;9;5;1105;1;2;1;1;3;17;53, LOUIS TALAMONI;M;4881310;251300;940
201400043929;14;9;6;1840;2;2;1;1;3;17;123, GENERAL DE GAULLE;M;4882390;249720;940
201400043930;14;9;9;1700;1;2;1;1;6;17;122, MUSSELBURGH;M;4880580;252362;940
201400043931;14;9;11;850;1;2;1;1;4;17;289, GENERAL DE GAULLE;M;4882720;251701;940
201400043932;14;9;12;5;4;2;1;1;1;17;268, GENERAL DE GAULLE;M;4882710;250790;940
201400043933;14;9;18;800;1;2;3;1;4;17;JAURES / BRUN;M;4881570;250409;940
201400043934;14;9;29;855;1;2;1;1;3;17;07, R DU BOIS L'ABBE;M;4881160;253719;940
201400043935;14;10;3;720;1;2;1;2;3;17;1, GENERAL DE GAULLE (AV;;;;940
201400043936;14;10;4;740;1;2;2;1;3;17;ALBERT THOMAS (R);;;;940
201400043937;14;10;10;2120;5;2;1;1;6;17;LENINE (PL);;;;940
201400043938;14;10;16;2020;2;2;6;2;3;17;Fran?ois Mitt?rrand (ave;;;;940
201400043939;14;10;22;1915;5;2;1;1;6;17;MAURICE THOREZ (AV);;;;940
201400043940;14;10;23;1450;1;2;1;1;6;17;75, ROGER SALENGRO (AV);;;;940
201400043941;14;10;23;1700;1;2;2;1;3;17;ALEXANDRE FOURNY (R);;;;940
201400043942;14;10;25;2140;5;1;1;1;1;17;591, MAURICE THOREZ (AV);;;;940
201400043943;14;10;25;2225;5;2;1;1;3;17;JULES GUESDE (BD);;;;940
201400043944;14;10;27;1130;1;2;1;1;4;17;12, CRETEIL (BD DE);;;;940
201400043945;14;11;3;620;2;2;1;1;3;17;1, ROGER SALENGRO (AV);;;;940
201400043946;14;11;5;1500;1;2;1;1;6;17;LOUIS TALAMONI (R);;;;940
201400043947;14;11;15;1340;1;2;1;1;6;17;MATISSE (R);;;;940
201400043948;14;11;26;1040;1;2;1;1;2;17;ALFRED GREVIN (R);;;;940
201400043949;14;11;27;1555;1;2;1;1;6;17;2, LOUIS TALAMONI (R);;;;940
201400043950;14;12;1;1755;2;2;2;2;3;17;PLESSIS TREVISE (R DU);;;;940
201400043951;14;12;6;1800;1;2;1;1;6;17;14, ROGER SALENGRO (AV);;;;940
201400043952;14;12;9;2130;5;2;6;1;6;17;1, JULES GUESDE  (BD);;;;940
201400043953;14;12;10;1000;1;2;1;2;6;17;04, ALBERT THOMAS - PONT;;;;940
201400043954;14;12;12;1754;5;2;2;3;3;17;4 bis, LIEUTENANT ANDRE;;;;940
201400043955;14;12;21;1925;5;2;1;1;6;17;STALINGRAD (BD DE);;;;940
201400043956;14;12;25;2100;5;2;2;1;3;17;MAURICE THOREZ (AV);;;;940
201400043957;14;12;28;1730;2;2;1;1;3;17;RODIN (PL);;;;940
201400043958;14;12;30;1020;1;2;1;1;6;17;10, PARC (AV DU);;;;940
201400043959;14;1;3;1140;1;2;2;1;3;18;AV DE LATTRE DE TASSIGNY;M;4882410;241993;940
201400043960;14;1;6;923;1;2;3;2;1;18;76, CARRIERES / BERGERAC;M;4882000;240460;940
201400043961;14;3;8;430;5;2;3;1;7;18;GRAVELLE / GUERIN;M;4882480;241503;940
201400043962;14;10;31;2115;5;2;1;1;2;69;94, MARECHAL LECLERC (R;;;;940
201400043963;14;1;31;840;1;2;3;1;3;18;76, CARRIERES/BERGERAC;M;4882000;240460;940
201400043964;14;2;10;1143;1;2;3;1;3;18;REPUBLIQUE / LABOURET;M;4882260;241749;940
201400043965;14;2;11;1550;1;2;1;2;7;18;4 BIS, AV DE LA LIBERTE;M;4882200;240242;940
201400043966;14;2;14;1945;5;2;2;1;3;69;R DU VAL D'OSNE;M;4882010;242334;940
201400043967;14;3;3;1350;1;2;1;2;3;69;21, SAINT-MAURICE DU VAL;M;4881530;246228;940
201400043968;14;3;3;1830;2;2;3;2;1;18;PARIS / BORDEAUX;M;4882310;241122;940
201400043969;14;3;9;1750;1;2;1;1;3;18;ILE MARTINET / CARRIERES;M;4881810;241240;940
201400043970;14;3;11;2120;5;2;2;1;3;18;LIBERTE / PASTEUR;M;4882380;240460;940
201400043971;14;3;23;210;5;2;1;1;3;18;AV DE GRAVELLE;M;4882480;241045;940
201400043972;14;3;25;1730;1;2;2;2;1;69;DU VALAIS/KENNEDY;M;4881500;246302;940
201400043973;14;4;6;945;1;1;1;1;6;69;56, MARECHAL DE LATTRE;M;4882240;241975;940
201400043974;14;4;16;1935;1;2;2;1;3;69;AGRAVELLE / DECORSE;M;4882310;243063;940
201400043975;14;4;25;710;2;2;2;3;3;69;CARRIERES/PONT CHARENTON;M;4881780;241954;940
201400043976;14;4;25;1800;1;2;3;1;2;69;CROQUETTE/PONT CHARENTON;M;4881730;241950;940
201400043977;14;4;26;1510;1;2;1;2;6;18;R ARTHUR CROQUETTE;M;4881980;241400;940
201400043978;14;5;6;835;1;2;2;2;2;18;84, QU CARRIERES/LIBERTE;M;4882100;240151;940
201400043979;14;5;12;1320;1;2;1;2;3;69;07, SAINT MAURICE DU VAL;M;4881610;246068;940
201400043980;14;5;16;1845;1;2;2;1;6;18;14, LIBERTE / VERDUN;M;4882510;240610;940
201400043981;14;5;23;2030;1;2;1;1;6;18;28, QU DES CARRIERES;M;4881840;241139;940
201400043982;14;6;3;845;1;2;2;1;2;69;GRAVELLE / VAL D'OSNE;M;4882410;242286;940
201400043983;14;6;14;1130;1;2;2;1;2;18;CARRIERES / MANDELA;M;4882100;240129;940
201400043984;14;6;27;1200;1;2;1;1;6;18;AV DU MARECHAL DE LATTRE;M;4882050;241958;940
201400043985;14;6;30;1815;1;2;1;1;6;69;R DU MARECHAL LECLERC;M;4881810;242168;940
201400043986;14;7;11;1010;1;2;3;1;2;18;HUGO/ELUARD;M;4881940;241146;940
201400043987;14;7;12;1925;1;2;1;1;6;69;R DU MARECHAL LECLERC;M;4881800;242732;940
201400043988;14;8;10;730;2;2;1;8;6;18;R DU CADRAN;M;4882030;241307;940
201400043989;14;9;22;1720;1;2;2;1;3;69;GRAVELLE/VAL D'OSNE;M;4882410;242286;940
201400043990;14;9;26;1155;1;2;1;1;6;18;3, VLA BERGERAC;M;4882000;240756;940
201400043991;14;9;28;1520;1;2;1;1;6;69;150, MARECHAL LECLERC;M;4881800;244696;940
201400043992;14;10;3;810;1;2;2;1;6;18;PASTEUR (R);;;;940
201400043993;14;10;3;1815;1;2;2;1;3;69;SAINT MAURICE DU VALAIS;;;;940
201400043994;14;10;4;1220;1;2;1;1;1;69;110 bis, MARECHAL LECLER;;;;940
201400043995;14;10;8;1340;1;2;3;1;3;18;PARIS (R DE);;;;940
201400043996;14;10;12;1245;1;2;1;1;4;18;27, REPUBLIQUE (R DE LA);;;;940
201400043997;14;10;13;1850;1;2;1;1;5;69;166, MARECHAL LECLERC (R;;;;940
201400043998;14;10;14;1823;1;2;1;1;6;18;face 24, GRAVELLE (AV DE;;;;940
201400043999;14;10;17;830;1;2;3;8;3;18;76, CARRIERES (QU DES);;;;940
201400044000;14;10;21;850;1;2;3;1;3;18;WINSTON CHURCHILL (AV);;;;940
201400044001;14;10;27;930;1;2;1;8;2;18;62, CARRIERES (QU DES);;;;940
201400044002;14;11;3;1830;5;2;1;3;6;69;06, SAINT MAURICE DU VAL;;;;940
201400044003;14;11;4;2015;5;2;3;1;6;69;228, MARECHAL LECLERC (R;;;;940
201400044004;14;11;7;1000;1;2;3;8;2;18;84, PARIS (R DE);;;;940
201400044005;14;11;9;1703;2;2;2;8;1;18;GRAVELLE (AV DE);;;;940
201400044006;14;11;11;1610;1;2;1;1;7;69;19, SAINT MAURICE DU VAL;;;;940
201400044007;14;11;13;930;1;2;1;1;3;69;65, MARECHAL LECLERC (R;;;;940
201400044008;14;11;13;2325;5;2;3;1;3;69;MAURICE GREDAT (R);;;;940
201400044009;14;11;16;930;1;2;2;2;3;18;CARRIERES (QU DES);;;;940
201400044010;14;11;17;1615;2;2;2;2;6;18;42, GRAVELLE (AV DE);;;;940
201400044011;14;11;17;1845;5;2;2;2;3;18;118, PARIS (R DE);;;;940
201400044012;14;11;18;755;2;2;1;2;6;69;MARECHAL LECLERC (R DU);;;;940
201400044013;14;12;17;2130;5;2;1;2;3;18;07, CARRIERES (QU DES);;;;940
201400044014;14;12;18;1745;5;2;1;1;6;18;PARIS (R DE);;;;940
201400044015;14;12;23;1330;1;2;1;2;1;18;PARIS (R DE);;;;940
201400044016;14;12;29;2350;5;2;6;1;3;18;CARRIERES (QU DES);;;;940
201400044017;14;1;1;107;5;2;2;2;3;19;LIBERATION / MOLIERE;M;4880270;253855;940
201400044018;14;1;2;2215;5;2;2;1;3;79;FRIEDBERG / DOBOEUF;M;4883280;254420;940
201400044019;14;1;3;1450;1;2;6;1;6;55;PINCE VENT/CAR PINCE VEN;M;4879200;255507;940
201400044020;14;1;10;2130;5;2;1;1;3;60;AV DU  MARECHAL MORTIER;M;4879020;257585;940
201400044021;14;1;17;1020;1;2;2;1;6;59;BERTEAUX/PIERRE;M;4880510;257228;940
201400044022;14;1;23;1748;5;2;3;3;3;19;AV DU MARECHAL LECLERC;M;4879630;253349;940
201400044023;14;1;25;1750;5;2;1;1;6;17;AV BOILEAU;M;4880570;255407;940
201400044024;14;1;30;1625;1;2;1;1;6;79;AV MONTRICHARD;M;4883100;254794;940
201400044025;14;1;30;1835;5;2;3;1;6;55;49, AV WLADIMIR D ORMESS;M;4878730;254399;940
201400044026;14;1;31;940;2;2;1;5;2;19;RTE DE LA LIBERATION;M;4880290;253803;940
201400044027;14;1;31;1605;1;2;2;1;3;79;LECOMTE/AV DE L'ISLE;M;4882920;254691;940
201400044028;14;2;2;1000;1;2;6;1;3;59;BERTEAUX / DELUBAC;M;4881610;256187;940
201400044029;14;2;8;2005;5;2;3;2;3;55;D'ORMESSON / DRIANT;M;4878130;252979;940
201400044030;14;2;9;2155;5;2;3;1;3;60;SEGONZAC/MAI 1945;M;4878860;257524;940
201400044031;14;2;10;1930;5;2;3;1;2;79;JEAN MONNET/ NAIADES;M;4883320;253542;940
201400044032;14;2;16;845;1;2;4;1;1;19;LIBERATION /GEORGES;M;4880170;254012;940
201400044033;14;3;6;1910;5;2;1;1;2;55;85, RTE DE PROVINS;M;4879350;255466;940
201400044034;14;3;9;1215;1;2;1;1;2;59;7, AV SAINT-PIERRE;M;4880660;257467;940
201400044035;14;3;9;1645;1;2;3;1;3;55;AV O D'ORMESSON/COTEAUX;M;4878080;252588;940
201400044036;14;3;10;905;1;2;2;1;6;79;48, DE GAULLE / DEBAIZE;M;4882740;254230;940
201400044037;14;3;13;1200;1;2;2;7;6;79;LECOMTE/11 NOVEMBRE 1918;M;4883000;254485;940
201400044038;14;3;14;1855;5;2;6;1;6;19;AV DU MOULIN A VENT;M;4878680;253059;940
201400044039;14;3;15;1205;1;2;1;1;3;59;65, AV DE COMBAULT;M;4880440;258926;940
201400044040;14;3;23;2215;5;2;2;1;3;60;DE GAULLE / NOISEAU;M;4878190;257019;940
201400044041;14;3;27;2135;5;2;3;1;3;55;CENTRE / D'AMBOILE;M;4878650;253077;940
201400044042;14;3;28;1955;5;2;2;1;3;79;CHAMPIGNY / PROFESSEUR R;M;4882550;253523;940
201400044043;14;4;4;650;3;2;6;1;3;79;ROUY / PERROQUETS;M;4882350;254491;940
201400044044;14;4;4;1705;1;2;1;8;6;60;31, GENERAL DE GAULLE;M;4878020;257685;940
201400044045;14;4;14;1710;1;2;6;1;3;19;L'HIPPODROME / PINCE VEN;M;4879370;255914;940
201400044046;14;4;19;1945;1;2;3;1;3;79;PARIS / PLATANES;M;4882900;255517;940
201400044047;14;4;22;1710;1;2;1;3;3;55;99, GENERAL DE GAULLE;M;4879050;253425;940
201400044048;14;5;9;1510;1;1;1;1;5;53;RTE DE LA QUEUE-EN-BRIE;M;4878120;256346;940
201400044049;14;4;26;2035;5;2;3;2;4;60;DE GAULLE / LA POMPE;M;4877970;258045;940
201400044050;14;5;10;250;5;2;2;1;3;19;LIBERATION / COEUILLY;M;4880270;253855;940
201400044051;14;5;16;2035;2;2;4;1;1;19;40, SUCY / CASENAVE;M;4878760;252065;940
201400044052;14;5;22;1813;1;2;3;1;4;19;2, AV CHAMPLAIN;M;4879890;255895;940
201400044053;14;5;26;1505;1;2;2;2;3;79;LAFON / NOISY;M;4883230;254490;940
201400044054;14;5;26;1630;1;1;1;2;2;60;RTE DE NOISEAU;M;4878160;256768;940
201400044055;14;5;26;1730;1;2;1;1;4;55;81, RTE DE PROVINS;M;4879290;255391;940
201400044056;14;5;31;1620;1;2;3;1;6;19;BORDES / ADER;M;4879830;255373;940
201400044057;14;6;6;1815;1;2;2;1;3;79;CLAUDEL / 8 MAI 1945;M;4882930;255088;940
201400044058;14;6;11;1915;1;2;3;1;3;59;MARECHALE / LAMARTINE;M;4881350;257206;940
201400044059;14;6;12;1210;1;2;2;1;6;19;BRIAND / VIEJO;M;4880520;253205;940
201400044060;14;6;13;1910;1;2;1;1;3;79;AV ANDRE ROUY;M;4882280;255007;940
201400044061;14;6;13;1930;1;2;2;1;3;79;MOUSQUETAIRES / COMBAULT;M;4882280;255958;940
201400044062;14;6;14;1200;1;2;3;1;2;79;GALLIENI / CLOSEAU;M;4882500;254068;940
201400044063;14;6;21;1030;1;2;1;1;1;79;R DU DOCTEUR FILLIOUX;M;4882350;255322;940
201400044064;14;6;21;1130;1;2;2;1;3;55;CANTOUX / CASANOVA;M;4879070;254916;940
201400044065;14;6;22;1945;1;2;2;1;3;79;MONNET / FRIEDBERG;M;4883500;254715;940
201400044066;14;6;25;1700;1;2;6;1;3;19;8 MAI 1945 / LIBERATION;M;4880520;253205;940
201400044067;14;6;29;100;5;2;1;2;1;60;R DU GENERAL DE GAULLE;M;4878040;257572;940
201400044068;14;7;3;2045;2;2;1;1;6;19;RTE DE LA LIBERATION;M;4880510;253439;940
201400044069;14;7;4;1747;1;2;3;1;3;55;D'ORMESSON / CENTRE;M;4878090;252418;940
201400044070;14;7;6;1140;1;1;1;3;6;60;R DU GENERAL DE GAULLE;M;4877890;258494;940
201400044071;14;7;19;1205;1;2;3;1;3;55;CENTRE / DRIANT;M;4878470;252785;940
201400044072;14;7;25;1915;1;2;1;1;4;19;R DU PONT;M;4879540;252898;940
201400044073;14;7;28;1725;1;2;3;1;3;19;BRIAND/PLAINE;M;4879700;253357;940
201400044074;14;8;7;1910;2;2;3;1;2;53;MENDES / CARNOT;M;4877680;255106;940
201400044075;14;8;8;2000;1;2;3;2;6;79;FRIEDBERG / JARDINS;M;4883100;254052;940
201400044076;14;8;11;1505;1;2;2;1;3;59;BLANCHE / VILLIERS;M;4881810;255838;940
201400044077;14;8;13;155;5;2;1;1;6;55;220, AV O D'ORMESSON;M;4878480;253808;940
201400044078;14;8;27;920;1;2;5;1;3;59;SAINT PIERRE / DE GAULLE;M;4880840;257754;940
201400044079;14;8;28;1900;1;1;1;1;5;53;24, QUEUE-EN-BRIE;M;4877920;255699;940
201400044080;14;8;29;2200;5;2;2;1;2;79;FRIEDBERG / LAFON;M;4883280;254420;940
201400044081;14;8;30;1800;1;2;1;1;6;79;AV ANDRE ROUY;M;4882300;254917;940
201400044082;14;9;4;840;1;2;3;1;3;55;D ORMESSON / 2 COMMUNES;M;4878090;251956;940
201400044083;14;9;10;2110;5;2;2;1;3;60;DE  GAULE / JAURES;M;4878000;257810;940
201400044084;14;9;12;1820;1;2;6;1;3;19;CHATEAUBRIAN / DESCARTES;M;4879910;254084;940
201400044085;14;9;19;735;1;2;2;1;3;55;CANTOUX / PERDRIX;M;4879060;255007;940
201400044086;14;9;26;1650;1;2;1;1;3;60;GEORGES POMPIDOU;M;4879360;256661;940
201400044087;14;10;2;1150;1;2;1;1;3;79;26, GENERAL DE GAULLE (R;;;;940
201400044088;14;10;2;1400;1;2;4;1;3;59;GONZALVE (AV);;;;940
201400044089;14;10;3;1225;1;2;1;1;6;79;55, ANDRE ROUY (R);;;;940
201400044090;14;10;13;1600;1;2;1;1;3;19;FUSILLES DE CHATEAUBRIAN;;;;940
201400044091;14;10;14;1800;1;2;2;1;6;79;12, MAURICE BERTEAUX (R);;;;940
201400044092;14;10;16;1330;1;2;1;8;6;53;9, LEON BLUM (R);;;;940
201400044093;14;10;18;1924;5;2;1;1;6;19;23, REPUBLIQUE (R DE LA);;;;940
201400044094;14;10;21;655;2;2;2;1;1;55;13, PROVINS (RTE DE);;;;940
201400044095;14;11;1;615;1;2;2;1;3;60;GENERAL DE GAULLE (R DU);;;;940
201400044096;14;11;4;900;1;2;2;8;6;19;DOCTEUR BRING (R DU);;;;940
201400044097;14;11;4;1550;1;2;1;1;2;60;DUNOYER DE SEGONZAC (R);;;;940
201400044098;14;11;15;2335;5;2;1;1;7;60;5-7-9, PIERRE DE COUBERT;;;;940
201400044099;14;11;16;1150;1;2;1;2;6;59;73, MAURICE BERTEAUX (AV;;;;940
201400044100;14;11;12;1115;1;2;1;1;2;53;46, GRANDE RUE PIERRE ME;;;;940
201400044101;14;11;13;1800;2;2;5;1;3;19;LIBERATION (RTE DE LA);;;;940
201400044102;14;11;13;2115;5;2;5;1;3;60;POMPIDOU/PEGUY;;;;940
201400044103;14;11;16;1730;2;2;1;9;6;19;L'HIPPODROME (AV DE);;;;940
201400044104;14;11;20;800;1;2;1;1;6;79;GALLET (R);;;;940
201400044105;14;11;26;1700;2;2;1;1;6;19;RABELAIS (R);;;;940
201400044106;14;11;26;1905;2;2;6;2;6;79;BRY (RTE DE);;;;940
201400044107;14;11;28;1000;1;2;1;1;6;19;JULES VIEJO (R);;;;940
201400044108;14;11;30;1330;1;2;1;1;6;19;CLEMENT ADER (R);;;;940
201400044109;14;11;23;1000;1;2;1;1;1;55;122, OLIVIER D ORMESSON;;;;940
201400044110;14;11;5;815;1;2;2;1;6;19;GENERAL DE GAULLE (R DU);;;;940
201400044111;14;12;5;1400;1;2;1;1;6;79;29, FRIEDBERG (BD DE);;;;940
201400044112;14;12;5;1410;1;2;1;1;6;19;BORDES (R DES);;;;940
201400044113;14;12;10;1750;2;2;1;2;6;79;51, ANDRE ROUY (R);;;;940
201400044114;14;12;11;630;5;2;2;8;3;79;CHENNEVIERES (R DE);;;;940
201400044115;14;12;12;1800;5;2;3;2;6;55;BIRAGUE (R DE);;;;940
201400044116;14;12;13;1200;1;2;1;2;6;79;GENERAL DE GAULLE (R DU);;;;940
201400044117;14;12;16;1210;1;2;1;8;6;79;MOUSQUETAIRES (AV DES);;;;940
201400044118;14;12;18;1115;1;2;1;2;6;79;JEAN MONNET (BD);;;;940
201400044119;14;12;20;1710;2;2;1;2;5;55;WLADIMIR D ORMESSON (AV);;;;940
201400044120;14;12;26;2010;5;2;1;2;2;55;WLADIMIR D ORMESSON (AV);;;;940
201400044121;14;12;24;1810;5;2;5;2;6;60;DUNOYER DE SEGONZAC (R);;;;940
201400044122;14;4;18;2310;5;2;2;1;5;54;VICTOIRE / BARBUSSE;M;4874510;238857;940
201400044123;14;4;19;700;1;2;1;1;6;22;VILLENEUVE SAINT-GEORGES;M;4875890;242334;940
201400044124;14;12;30;1120;1;2;1;1;2;22;31, ALLIES (BD DES);;;;940
201400044125;14;4;20;1850;1;2;6;1;3;22;MARECHAL / LECLERC;M;4876130;240324;940
201400044126;14;2;11;1632;1;2;3;2;3;54;NUNGESSER/ BARBUSSE;M;4874020;238877;940
201400044127;14;1;6;1150;1;2;1;1;6;22;103, R MIRABEAU;M;4876380;242154;940
201400044128;14;4;24;315;5;2;2;1;6;22;HUGO / D'ALSACE LORRAINE;M;4876870;242064;940
201400044129;14;4;25;1255;1;2;3;2;6;22;ANATOLE / ALPHONSE BRAUL;M;4876150;241123;940
201400044130;14;4;26;1310;1;1;3;2;3;54;BAS MARIN / MAILLARD;M;4874760;238928;940
201400044131;14;8;16;1330;1;2;3;1;6;73;STALINGRAD/A86;M;4877280;240001;940
201400044132;14;12;10;750;2;2;2;2;6;54;75, MARTYRS DE CHATEAUBR;;;;940
201400044133;14;12;10;1810;3;2;1;2;2;54;face 31, ONZE NOVEMBRE 1;;;;940
201400044134;14;1;13;1900;5;2;1;2;4;73;10,BD DE STALINGRAD;M;4876740;240349;940
201400044135;14;12;11;1630;2;2;9;2;6;22;4, JEAN JAURES (R);;;;940
201400044136;14;1;17;735;2;2;2;1;3;22;AV DE NEWBURN/AV RONDU;M;4875760;240998;940
201400044137;14;5;22;1500;1;2;2;1;3;22;HUGO / LORRAINE;M;4876870;242064;940
201400044138;14;5;4;1330;1;2;1;1;6;22;6/8, AV VICTOR HUGO;M;4876690;241545;940
201400044139;14;4;13;100;5;2;1;1;2;22;15, AV D'ALFORTVILLE;M;4876840;241382;940
201400044140;14;8;26;1540;1;2;1;1;6;54;8, FER A CHEVAL;M;4874460;240815;940
201400044141;14;12;17;1915;5;2;1;2;3;22;02, STALINGRAD (BD DE);;;;940
201400044142;14;6;20;1952;1;2;5;1;6;54;CHATEAUBRIANT / CHEVAL;M;4874490;240764;940
201400044143;14;5;6;1705;1;2;6;1;6;54;RAYNAL / CHEVAL;M;4874470;240753;940
201400044144;14;5;7;1635;1;2;2;2;3;54;BAS MARIN / OLIVIERS;M;4874950;238923;940
201400044145;14;1;22;1230;1;2;2;1;6;22;VICTOR HUGO/L'EPARGNE;M;4876930;242225;940
201400044146;14;12;20;655;5;2;2;1;3;22;REPUBLIQUE (AV DE LA);;;;940
201400044147;14;1;22;1745;5;2;1;2;6;22;CHE DES VACHES;M;4876520;243297;940
201400044148;14;1;23;900;1;2;3;1;6;22;R JEAN JAURES;M;4876350;240313;940
201400044149;14;12;22;730;2;2;3;1;3;22;VINGT CINQ AOUT 1944 (AV;;;;940
201400044150;14;8;1;1857;1;2;3;1;3;22;RONDU / BLUM;M;4875810;241168;940
201400044151;14;8;6;2215;5;2;3;9;6;22;GUYNEMER / GONDOLES;M;4876110;241697;940
201400044152;14;12;25;645;5;2;1;1;3;22;PABLO PICASSO (AV);;;;940
201400044153;14;5;6;1925;1;2;2;1;6;22;NEWBURN / FOUR;M;4875490;241155;940
201400044154;14;9;4;855;1;2;1;1;6;22;18, GAMBETTA;M;4876340;240186;940
201400044155;14;12;28;930;1;2;1;1;7;54;KEFIR (R DU);;;;940
201400044156;14;9;15;1145;1;2;1;1;6;22;AV VICTOR HUGO;M;4877050;242666;940
201400044157;14;12;28;1710;5;2;2;1;3;22;STALINGRAD (BD DE);;;;940
201400044158;14;9;5;1130;1;2;3;1;6;22;ROSES / L'EPINETTE;M;4877210;240666;940
201400044159;14;9;5;1925;1;2;3;1;3;22;LECLERC / TASSIGNY;M;4876130;240324;940
201400044160;14;12;29;2000;5;2;3;2;1;54;54, ADRIEN RAYNAL (AV);;;;940
201400044161;14;9;26;945;1;2;2;1;3;22;LUGO / ROUX;M;4877150;240905;940
201400044162;14;9;27;1220;1;1;2;1;2;73;BD DE STALINGRAD/A86;M;4877270;240008;940
201400044163;14;5;16;1530;1;2;1;1;3;54;26, R JEAN JAURES;M;4874970;240395;940
201400044164;14;5;17;1525;1;2;1;1;6;54;25, R JEAN MERMOZ;M;4875050;241376;940
201400044165;14;10;23;1200;1;2;2;8;3;54;ADRIEN RAYNAL (AV);;;;940
201400044166;14;5;20;1525;1;2;6;2;6;54;5, CHATEAUBRIANT / RAYNA;M;4874490;240764;940
201400044167;14;12;1;545;5;2;1;2;6;22;100, ALFORTVILLE (AV D);;;;940
201400044168;14;2;7;1210;1;2;3;1;6;22;31, BD DES ALLIES;M;4876640;240407;940
201400044169;14;5;27;1728;1;2;1;1;6;22;AV VICTOR HUGO;M;4876780;241667;940
201400044170;14;9;19;1845;1;2;1;1;3;22;5, ALLIES;M;4876470;240515;940
201400044171;14;2;16;1250;1;2;1;1;3;22;126, BD DE STALINGRAD;M;4877420;239903;940
201400044172;14;9;25;1215;1;2;1;1;6;22;20, VICTOR HUGO;M;4876740;241643;940
201400044173;14;2;20;2110;5;2;2;1;3;73;BD DE STALINGRAD;M;4877280;240001;940
201400044174;14;10;1;1630;1;2;1;1;4;22;50, VICTOR HUGO (AV);;;;940
201400044175;14;10;1;1705;1;2;3;1;3;22;21, ALFORTVILLE (AV D);;;;940
201400044176;14;2;24;850;1;2;3;1;2;54;BAS MARIN/ CHARLES TILLO;M;4874620;238251;940
201400044177;14;6;10;1910;1;2;2;1;6;22;GAMBETTA / ALLIES;M;4876440;240536;940
201400044178;14;10;3;1300;1;2;1;1;6;22;96, VILLENEUVE ST GEORGE;;;;940
201400044179;14;10;4;1600;1;2;1;1;5;22;06, ALFORTVILLE (AV D);;;;940
201400044180;14;2;27;1535;1;1;2;3;2;22;A86/LUGO;M;4877340;240927;940
201400044181;14;2;28;1025;1;2;3;8;2;73;STALINGRAD/STALINGRAD;M;4877280;240001;940
201400044182;14;10;8;2200;5;2;3;3;3;54;170 TER, MARTYRS DE CHAT;;;;940
201400044183;14;2;11;1536;1;2;2;1;6;22;02, AV GAMBETTA;M;4876440;240536;940
201400044184;14;6;17;1400;1;2;3;1;3;22;GOURDAULT / LECLERC;M;4876240;240668;940
201400044185;14;10;10;1320;1;2;3;1;1;54;2, SAULES (VOI DES);;;;940
201400044186;14;10;11;1230;1;2;1;8;6;54;FER A CHEVAL (R DU);;;;940
201400044187;14;3;5;1615;1;2;2;1;3;78;CARNOT / JANIN;M;4873300;245064;940
201400044188;14;3;7;1145;1;2;3;1;3;54;SAULES / ADER;M;4874620;241311;940
201400044189;14;10;14;1748;1;2;1;1;7;22;2, GAMBETTA (AV);;;;940
201400044190;14;6;21;1625;1;2;3;1;6;22;ANATOLE / 8 MAI 1945;M;4876440;240996;940
201400044191;14;6;22;2100;1;2;1;1;3;54;VOI DES SAULES;M;4874570;241048;940
201400044192;14;10;16;905;1;2;2;1;3;22;90, ANATOLE FRANCE (AV);;;;940
201400044193;14;3;8;2050;5;2;6;1;3;54;CALMETTE / RAYNAL;M;4874490;240787;940
201400044194;14;6;23;1800;1;2;3;1;3;54;CHATEAUBRIANT / VICTOIRE;M;4874680;240713;940
201400044195;14;3;11;1645;1;2;2;1;6;22;ANATOLE FRANCE / POSTE;M;4876460;240984;940
201400044196;14;10;20;2033;3;1;1;8;3;22;9, LEON GOURDAULT (AV);;;;940
201400044197;14;3;16;1354;1;2;2;1;3;22;ALFORTVILLE / MARRONNIER;M;4877420;241535;940
201400044198;14;7;2;1720;1;2;2;1;6;54;SAULES / MERMOZ;M;4874760;241784;940
201400044199;14;3;19;830;1;2;3;1;6;22;ANATOLE FRANCE / JAURES;M;4876550;240925;940
201400044200;14;7;3;2055;1;2;1;1;3;73;39, TASSIGNY;M;4875880;240394;940