num_acc;an;mois;jour;hrmn;lum;agg;int;atm;col;com;adr;gps;lat;long;dep
201400044751;14;9;24;1130;1;2;2;1;6;38;HOCHART / LALLIER;M;4877460;235474;940
201400044752;14;9;29;1030;1;2;1;1;2;21;JEAN MERMOZ;M;4876980;233756;940
201400044753;14;10;3;1845;1;2;1;1;7;73;., boulevard de l'europe;;;;940
201400044754;14;10;14;1530;1;2;1;1;2;65;BOULEVARD CIRCULAIRE ( M;;;;940
201400044755;14;10;18;910;1;2;3;1;3;65;SOLETS (R DES);;;;940
201400044756;14;10;18;1700;5;2;9;1;3;73;STALINGRAD - CAR DES TRO;;;;940
201400044757;14;10;20;1010;1;2;2;1;3;65;QUAI DE LORIENT;;;;940
201400044758;14;10;24;1320;1;2;1;1;6;21;29, HENRI CRETTE (R);;;;940
201400044759;14;10;24;1800;2;2;1;2;6;73;., ALOUETTES (R DES);;;;940
201400044760;14;10;28;405;2;1;1;9;3;21;., D'AGEN (RUE);;;;940
201400044761;14;10;30;1830;5;2;9;1;2;38;113, BICETRE (R DE);;;;940
201400044762;14;11;3;910;1;2;1;1;3;38;22, ARISTIDE BRIAND (AV);;;;940
201400044763;14;11;4;1730;5;2;1;1;3;73;., RENE PANHARD (AV);;;;940
201400044764;14;11;6;945;1;2;1;1;6;21;POITOU (R DU);;;;940
201400044765;14;11;9;1200;1;1;1;2;7;73;RN 186;M;4875360;237619;940
201400044766;14;11;15;1015;1;1;1;8;3;65;., PONT DES HALLES (R DU;;;;940
201400044767;14;11;17;1013;1;2;1;1;6;38;57, COSARDE (R DE LA);;;;940
201400044768;14;11;18;1345;1;2;1;2;6;34;31, HENRI BARBUSSE (R);;;;940
201400044769;14;11;18;1530;1;1;1;8;3;21;., BOULEVARD CIRCULAIRE;;;;940
201400044770;14;11;21;1725;2;2;9;1;7;65;., SOLETS (R DES);;;;940
201400044771;14;11;22;1745;2;2;9;1;6;73;., GEORGES HALGOULT (R);;;;940
201400044772;14;11;22;2213;5;2;9;1;3;65;., FONTAINEBLEAU (AV DE);;;;940
201400044773;14;11;23;1240;1;2;1;1;6;38;., HENRI THIRARD (R);;;;940
201400044774;14;11;23;1918;5;2;1;1;5;21;45, FRANKLIN ROOSEVELT (;;;;940
201400044775;14;11;24;1830;5;2;3;1;6;65;07, ABREUVOIR (R DE L);;;;940
201400044776;14;11;26;1830;5;2;1;1;3;21;., porte de Thiais;;;;940
201400044777;14;11;26;1940;5;2;1;1;6;38;PAUL HOCHART (R);;;;940
201400044778;14;11;28;1310;1;2;1;1;6;73;150, VERSAILLES (AV DE);;;;940
201400044779;14;11;30;1630;2;1;1;1;6;73;RN 186;M;4875380;237299;940
201400044780;14;12;3;1100;1;1;9;2;2;73;., BAS MARIN (R DU);;;;940
201400044781;14;12;5;2107;5;2;2;1;3;38;., PAUL VAILLANT COUTURI;;;;940
201400044782;14;12;6;1730;5;2;1;1;1;38;137, AV FLOUQUET;M;4876910;232121;940
201400044783;14;12;7;1500;1;1;9;2;6;73;RN186B,  RPT D'ESPAGNE;M;4875370;237616;940
201400044784;14;12;9;715;2;2;1;1;6;34;20, ALBERT ROPER (R);;;;940
201400044785;14;12;9;725;1;2;1;1;6;65;., VANNE (R DE LA);;;;940
201400044786;14;12;11;1920;2;2;1;1;3;65;., CHARLES LINDBERGH (AV;;;;940
201400044787;14;12;12;2025;5;2;1;3;2;73;Rue d'Italie;;;;940
201400044788;14;12;16;1000;1;2;1;2;2;65;SOLETS (R DES);;;;940
201400044789;14;12;16;2345;5;2;2;1;1;38;52, PAUL VAILLANT COUTUR;;;;940
201400044790;14;12;17;930;1;2;1;2;6;38;15, PAUL VAILLANT COUTUR;;;;940
201400044791;14;12;17;1905;5;1;9;1;2;65;., FONTAINEBLEAU (AV DE);;;;940
201400044792;14;12;18;900;1;1;6;9;3;38;90, GABRIEL PERI (R);;;;940
201400044793;14;12;22;1455;1;2;3;1;3;65;., TROIS MARCHES (AV) /;;;;940
201400044794;14;12;28;1705;2;2;1;1;3;38;9, DISPAN (R);;;;940
201400044795;14;12;28;2325;5;2;1;1;4;21;., STALINGRAD (AV DE);;;;940
201400044796;14;12;29;1655;2;1;9;1;3;73;., bld de l'europe;;;;940
201400044797;14;12;30;2240;5;2;2;1;3;38;., DAHLIAS (AV DES);;;;940
201400044798;14;12;31;1500;1;2;2;1;6;38;., PAUL VAILLANT COUTURI;;;;940
201400044799;14;1;10;805;2;2;2;1;3;41;2, AV HENRI BARBUSSE/AV;M;4881060;237997;940
201400044800;14;1;10;1445;1;2;4;1;3;41;4, MARCEL LAMANT/FRERES;M;4880750;238375;940
201400044801;14;1;7;25;5;2;1;2;7;41;19, R ROBERT WITCHITZ;M;4880990;239947;940
201400044802;14;1;9;630;3;2;2;8;7;41;39,R LEDRU ROLLIN/R PAUL;M;4881680;238569;940
201400044803;14;1;21;1720;5;2;1;1;6;41;76, AV DE VERDUN;M;4880840;237370;940
201400044804;14;1;10;1015;1;2;1;1;7;41;3, R BAUDIN;M;4881760;237352;940
201400044805;14;1;29;925;1;2;3;2;2;41;AUGUSTE DESHAIES/GALILEE;M;4881750;240446;940
201400044806;14;8;11;2351;5;2;3;1;3;41;BOYER / HUGO;M;4882240;239257;940
201400044807;14;2;1;2150;5;2;2;1;3;41;108, DANIELLE CASANOVA/R;M;4881580;238303;940
201400044808;14;2;3;2250;5;2;3;1;3;41;113,GEORGES GOSNAT/MARAT;M;4881130;238396;940
201400044809;14;2;5;720;5;2;1;8;6;41;30, AV JEAN JAURES;M;4881240;240279;940
201400044810;14;2;5;1410;1;2;2;1;3;41;190 STALINGRAD/ MARTIN;M;4880680;237496;940
201400044811;14;2;11;1725;2;2;3;2;6;41;R MARAT/SAINT-JUST;M;4880930;238645;940
201400044812;14;2;12;940;1;2;2;1;3;41;MANDELA / COMPAGNON;M;4881980;239822;940
201400044813;14;2;14;830;1;2;1;2;6;41;152, AV DANIELLE CASANOV;M;4881270;238596;940
201400044814;14;2;14;1515;1;2;3;1;2;41;CASANOVA / MARRONNIERS;M;4881350;238517;940
201400044815;14;2;25;138;3;2;1;1;3;41;HIPPOLYTE MARQUES;M;4881840;237063;940
201400044816;14;1;23;1130;1;2;1;8;2;41;5, R ROBESPIERRE;M;4880910;238565;940
201400044817;14;8;24;1310;1;2;2;1;3;41;COMPAGNON / WESTERMEYER;M;4881950;239793;940
201400044818;14;3;2;1340;1;2;3;1;3;76;GROSMENIL / CARNOT;M;4879910;235514;940
201400044819;14;3;7;1;5;2;3;1;2;41;BOYER / BRUNESEAU;M;4882510;238877;940
201400044820;14;3;8;30;5;1;1;1;2;41;211, AV MAURICE THOREZ;M;4881130;238300;940
201400044821;14;8;28;1800;1;2;1;1;3;41;63, LOUIS BERTRAND;M;4881770;237561;940
201400044822;14;3;13;740;1;2;3;1;6;41;70, GOSNAT / DESCARTES;M;4881360;238909;940
201400044823;14;10;28;930;1;2;1;2;3;41;70, AUGUSTE DESHAIES (QU;;;;940
201400044824;14;3;19;2010;5;2;1;1;6;41;51, QU AUGUSTE DESHAIES;M;4881790;240244;940
201400044825;14;11;3;1910;5;2;1;3;2;41;21, MARAT (R);;;;940
201400044826;14;11;9;1835;5;2;1;1;1;41;7, REPUBLIQUE (AV DE LA);;;;940
201400044827;14;1;31;1445;1;2;2;1;3;41;49, P VAILLANT C/R LENIN;M;4881810;239797;940
201400044828;14;3;21;1010;1;2;2;2;2;41;AV DE VERDUN;M;4881290;237038;940
201400044829;14;11;29;2315;5;2;1;1;3;41;GAGNEE (R);;;;940
201400044830;14;3;25;1700;1;2;2;2;6;41;MARTIN / BARBUSSE;M;4880500;237036;940
201400044831;14;9;4;940;1;2;3;1;3;41;GOSNAT / DESCARTES;M;4881360;238909;940
201400044832;14;3;28;1750;1;1;1;9;3;41;WESTERMEYER, PARK CARREF;M;4881900;239473;940
201400044833;14;2;4;2000;5;2;2;1;3;41;21, R DENIS PAPIN;M;4881310;239362;940
201400044834;14;3;28;1715;1;2;1;1;6;41;AV DANIELLE CASANOVA;M;4881330;238539;940
201400044835;14;3;31;2305;5;2;1;1;3;41;BD DU COLONEL FABIEN;M;4881460;240801;940
201400044836;14;9;7;1;5;2;2;1;3;41;ROUSSEAU / VANZUPPE;M;4881930;239261;940
201400044837;14;2;7;920;1;2;3;1;6;41;MARIE CURIE/PERRIN;M;4881480;237465;940
201400044838;14;4;5;1350;1;2;1;1;6;41;03, AMEDEE HUON;M;4880380;238400;940
201400044839;14;9;9;830;1;2;1;1;3;41;LEDRU ROLLIN;M;4881690;238597;940
201400044840;14;4;9;2320;5;2;1;1;6;41;AV GEORGES GOSNAT;M;4881420;238990;940
201400044841;14;4;8;810;1;2;1;1;7;41;21, R ERNEST RENAN;M;4881070;239835;940
201400044842;14;2;11;1855;5;2;3;2;6;41;32, FABIEN / MAZET;M;4881460;240712;940
201400044843;14;4;26;1820;1;2;1;2;2;41;15, LENINE;M;4881740;239661;940
201400044844;14;9;15;1345;1;2;2;1;3;41;COUTURIER / L'AVENIR;M;4881760;239862;940
201400044845;14;9;17;1400;1;2;2;1;2;41;VERDUN / LEROY;M;4881730;236691;940
201400044846;14;5;8;2010;2;2;2;2;3;41;02, LENINE / COMPAGNON;M;4881880;239914;940
201400044847;14;5;7;1510;1;2;3;3;6;41;17, SAINT-JUST/DESCARTES;M;4881180;239078;940
201400044848;14;5;12;2200;5;1;3;1;7;41;10,POURCHASSE / MAZET;M;4881340;240900;940
201400044849;14;9;19;1745;1;2;1;1;3;41;119, PAUL VAILLANT COUTU;M;4881490;240171;940
201400044850;14;5;18;810;1;2;2;1;3;41;21, PAPIN / MOLIERE;M;4881380;239543;940
201400044851;14;5;16;1020;1;2;3;1;3;41;BOYER / HUGO;M;4882240;239257;940
201400044852;14;9;20;1915;2;2;3;2;6;41;R MARAT;M;4880720;239106;940
201400044853;14;5;19;1810;1;2;1;1;3;41;83, GEORGES GOSNAT;M;4881210;238564;940
201400044854;14;9;21;405;5;2;3;2;3;41;LENINE / COUTURIER;M;4881810;239797;940
201400044855;14;9;24;1750;1;2;1;1;6;41;90, AV DE VERDUN;M;4880720;237464;940
201400044856;14;2;26;800;1;2;3;8;6;41;59, MARAT/R CLAUDE GUY;M;4880860;238745;940
201400044857;14;2;26;1340;1;2;3;1;1;41;GEORGES GOSNA / SPINOZA;M;4881330;238834;940
201400044858;14;2;28;1740;1;2;1;2;2;41;AV GEORGES GOSNAT;M;4881330;238834;940
201400044859;14;9;27;1925;1;2;5;1;3;41;CASANOVA / HUGO;M;4881760;238157;940
201400044860;14;6;12;2045;2;2;6;7;1;41;HARTMANN / ROBESPIERRE;M;4880530;238881;940
201400044861;14;3;2;1004;1;2;1;1;6;41;07, R BAUDIN;M;4881750;237421;940
201400044862;14;10;2;1805;1;2;7;1;6;41;1, LEON GAMBETTA (PL);;;;940
201400044863;14;7;16;1025;1;2;2;1;6;41;5, R P M CURIE/LE GALLEU;M;4881520;237563;940
201400044864;14;7;18;1620;1;2;1;7;6;41;79-81, DANIELLE CASANOVA;M;4881350;238517;940
201400044865;14;7;18;2045;1;2;2;1;6;41;MAZET / GUNSBOURG;M;4881400;240747;940
201400044866;14;7;19;1120;1;2;3;1;3;41;COUTURIER / L'AVENIR;M;4881760;239862;940
201400044867;14;7;30;1505;1;2;3;1;3;41;SELVA / MOULIN A VENT;M;4880830;238308;940
201400044868;14;10;14;820;1;2;1;1;1;41;100, HOCHE (R);;;;940
201400044869;14;8;1;1745;1;2;2;1;2;41;MARQUES / VERDUN;M;4881730;236691;940
201400044870;14;10;16;1330;1;2;1;1;3;41;10, JULES VANZUPPE (R);;;;940
201400044871;14;8;14;925;1;2;1;1;6;41;37, JEAN LE GALLEU;M;4881310;237765;940
201400044872;14;10;19;130;5;2;9;1;6;41;85, PAUL VAILLANT COUTUR;;;;940
201400044873;14;10;27;1800;5;2;1;1;7;41;76, DANIELLE CASANOVA (A;;;;940
201400044874;14;10;27;1750;5;2;1;1;6;41;144, STALINGRAD (BD DE);;;;940
201400044875;14;9;18;2310;5;2;2;1;6;41;POULMARCH / GALLEU;M;4881580;237275;940
201400044876;14;10;31;1730;2;2;1;1;2;41;162, STALINGRAD (BD DE);;;;940
201400044877;14;10;15;1320;1;2;1;2;6;41;99, GEORGES GOSNAT (AV);;;;940
201400044878;14;11;8;1800;5;2;1;1;3;41;MARCEL BOYER (QU);;;;940
201400044879;14;4;12;2010;2;2;2;1;3;41;ANDRIEUX  / VERDUN;M;4881290;237038;940
201400044880;14;11;10;1935;5;2;1;1;3;41;16, LENINE (R);;;;940
201400044881;14;4;14;1528;1;2;1;1;1;41;60, AV JEAN JAURES;M;4881010;240358;940
201400044882;14;11;6;1900;5;2;1;1;2;41;5, PIERRE ET MARIE CURIE;;;;940
201400044883;14;11;19;2135;5;2;2;1;1;41;SAINT JUST (R);;;;940
201400044884;14;10;10;910;1;2;1;1;6;41;71, LOUIS BERTRAND (R);;;;940
201400044885;14;12;3;1815;5;2;3;1;1;41;EDOUARD VASSEUR (R);;;;940
201400044886;14;4;28;1735;1;2;1;1;6;41;25, MICHELET;M;4880720;237601;940
201400044887;14;12;8;1835;5;1;2;2;6;41;HIPPOLYTE MARQUES (BD);;;;940
201400044888;14;12;2;1720;5;2;1;2;6;41;65-67, PAUL VAILLANT COU;;;;940
201400044889;14;12;12;2250;5;2;6;2;7;41;LEON GAMBETTA (PL);;;;940
201400044890;14;5;3;1430;1;2;1;1;6;41;1, AV SPINOZA;M;4881290;238876;940
201400044891;14;12;19;1755;5;2;1;2;2;41;70, GEORGES GOSNAT (AV);;;;940
201400044892;14;12;20;1710;5;2;3;2;1;41;24, LOUIS FABLET (R);;;;940
201400044893;14;12;5;820;1;2;8;1;6;41;HIPPOLYTE MARQUES (BD);;;;940
201400044894;14;12;28;635;5;2;1;1;5;41;128, PAUL VAILLANT COUTU;;;;940
201400044895;14;12;15;630;5;2;2;1;3;41;38, J JAURES/GUNSBOURGT;;;;940
201400044896;14;5;22;1840;1;2;1;8;6;41;77, AV DE VERDUN;M;4881380;236958;940
201400044897;14;5;22;1805;1;2;1;1;6;41;31, R BARBES;M;4881720;237205;940
201400044898;14;5;23;1225;1;2;1;2;6;41;70, ESP GEORGES MARRANE;M;4881210;238737;940
201400044899;14;5;23;2100;1;2;1;1;6;41;66, R MOLIERE;M;4881630;239259;940
201400044900;14;12;22;1820;5;2;1;1;5;41;100, PAUL VAILLANT COUTU;;;;940
201400044901;14;12;27;1020;1;2;1;1;2;41;71, MAURICE THOREZ (AV);;;;940
201400044902;14;12;28;2230;5;2;1;1;2;41;03, MARCEL BOYER (QU);;;;940
201400044903;14;6;6;1800;1;2;3;1;3;41;BERTRAND / MARCEAU;M;4881740;238089;940
201400044904;14;6;9;420;3;2;1;1;2;41;QU JEAN COMPAGNON;M;4882010;239659;940
201400044905;14;6;16;1230;1;2;1;1;3;41;110, VAILLANT COUTURIER;M;4881550;240099;940
201400044906;14;6;20;2015;1;2;3;1;3;41;LAMANT / COUTANT;M;4880560;238441;940
201400044907;14;6;28;2015;1;2;6;3;3;41;P V COUTURIER/FABIEN;M;4881460;240209;940
201400044908;14;7;2;1700;1;2;1;1;3;41;42, PL DE LA REPUBLIQUE;M;4881110;238338;940
201400044909;14;7;9;1820;1;2;1;2;3;41;AV DE LA REPUBLIQUE;M;4880500;239426;940
201400044910;14;7;9;2320;5;2;2;2;3;41;81,LE GALLEU/;M;4881060;237997;940
201400044911;14;7;12;1200;1;2;2;1;2;41;MONMOUSSEAU/;M;4880340;238290;940
201400044912;14;7;24;1737;1;2;1;1;2;41;87, AV GEORGES GOSNAT;M;4881230;238612;940
201400044913;14;7;24;2100;1;2;3;1;2;41;8, R RASPAIL/J B CLEMENT;M;4881160;238713;940
201400044914;14;7;25;1325;1;2;2;1;3;41;CURIE / BAUDIN;M;4881520;237563;940
201400044915;14;7;27;1930;1;2;1;1;6;41;68, GEORGES GOSNAT;M;4881400;238959;940
201400044916;14;3;24;1200;1;2;1;1;3;46;15 AV GENERAL DE GAULLE;M;4881130;242284;940
201400044917;14;12;5;1240;1;2;1;1;6;46;103, JEAN JAURES (R);;;;940
201400044918;14;11;5;1815;5;2;2;1;3;46;., REPUBLIQUE (AV DE LA);;;;940
201400044919;14;2;11;1830;5;2;3;3;3;46;REPUBLIQUE / PARMENTIER;M;4880180;243239;940
201400044920;14;1;22;1830;2;2;2;2;3;46;REPUBLIQUE/R DE MARSEIL;M;4880860;245077;940
201400044921;14;8;21;1030;1;2;2;1;3;46;GAMBETTA / CLEMENCEAU;M;4880990;244349;940
201400044922;14;6;19;1620;1;2;3;1;6;46;DE GAULLE/COUTURIER;M;4880270;242871;940
201400044923;14;6;20;1920;1;2;2;1;3;46;GAMBETTA / RENARD;M;4880990;244589;940
201400044924;14;6;28;1045;1;2;1;1;6;46;AV DU GENERAL LECLERC;M;4880720;243823;940
201400044925;14;10;14;1530;1;2;1;1;3;46;., EDOUARD HERIOT (R);;;;940
201400044926;14;1;16;725;2;2;1;2;6;46;1, AV DE LA REPUBLIQUE;M;4880020;242860;940
201400044927;14;11;29;1700;2;2;2;1;3;46;JEAN JAURES (R);;;;940
201400044928;14;1;27;1745;1;2;2;2;2;46;GENERAL DE GAULLE/PROFES;M;4880710;242547;940
201400044929;14;10;1;1100;1;2;2;1;3;46;CHEVREUL (R);;;;940
201400044930;14;10;15;1715;1;2;1;2;2;46;., JEAN MOULIN (PL);;;;940
201400044931;14;12;7;1855;5;2;3;2;3;46;133, JEAN JAURES (R);;;;940
201400044932;14;4;5;1730;1;2;3;1;3;46;LECLERC / RENAN;M;4881280;242766;940
201400044933;14;4;4;1615;1;2;2;1;6;46;NORMANDIE / MOQUET;M;4881140;244011;940
201400044934;14;4;9;1730;1;2;3;1;3;46;DE GAULLE / GIRARD;M;4881370;242138;940
201400044935;14;2;26;1730;1;2;2;1;3;46;GABRIEL PERI / GAMBETTA;M;4881010;243742;940
201400044936;14;4;30;1635;1;2;1;1;6;46;R JEAN JAURES;M;4879160;243484;940
201400044937;14;12;9;1825;5;2;2;1;6;46;GEORGES CLEMENCEAU (AV);;;;940
201400044938;14;5;16;1730;1;2;4;1;2;46;BLUM / JAURES;M;4879850;243354;940
201400044939;14;6;6;1035;1;2;1;1;6;46;AV DU GENERAL LECLERC;M;4880990;243307;940
201400044940;14;9;1;1510;1;2;2;1;3;46;FEDERATION / CONVENTION;M;4881330;244977;940
201400044941;14;7;7;2050;1;2;3;2;2;46;41, AV DE LA LIBERTE;M;4879360;243245;940
201400044942;14;4;7;1800;1;2;1;1;3;46;119, GEORGES CLEMENCEAU;M;4881350;244366;940
201400044943;14;4;7;2340;3;2;2;1;3;46;REPUBLIQUE / MICHELET;M;4881000;245556;940
201400044944;14;7;19;1730;1;2;2;1;6;46;CASANOVA / SANGNIER;M;4880590;245522;940
201400044945;14;2;24;1210;1;1;1;1;6;46;28,  MARECHAL JUIN;M;4881540;243110;940
201400044946;14;7;11;850;1;2;1;1;2;46;17, GENERAL LECLERC;M;4881490;242216;940
201400044947;14;8;5;2320;5;2;2;1;6;46;CORBILLY / REPUBLIQUE;M;4880660;244335;940
201400044948;14;1;16;1025;1;2;3;2;3;46;62, GAMBETTA / GEORGENTH;M;4881000;244282;940
201400044949;14;10;27;1855;5;2;1;1;3;46;26, PROFESSEUR CADIOT (A;;;;940
201400044950;14;4;9;1245;1;2;3;1;6;46;JEAN JAURES / VALENTON;M;4879330;243441;940
201400044951;14;5;23;1050;1;2;3;1;6;46;02, CURIE / LECLERC;M;4881240;242824;940
201400044952;14;7;21;2130;2;2;2;1;3;46;FRANCOIS / BELLE IMAGE;M;4881090;243473;940
201400044953;14;2;17;850;1;2;2;1;3;46;GABRIEL PERI / GAMBETTA;M;4881010;243742;940
201400044954;14;10;1;1910;1;2;3;1;3;46;JEAN JAURES (R);;;;940
201400044955;14;9;28;1020;1;2;2;1;6;46;LECLERC / GAMBETTA;M;4880830;243614;940
201400044956;14;10;7;935;1;2;1;2;3;46;., PROFESSEUR CADIOT (AV;;;;940
201400044957;14;1;20;1840;5;2;1;2;6;46;34, AV DU GENERAL DE GAU;M;4881430;242098;940
201400044958;14;11;18;1345;1;2;1;1;6;46;GENERAL LECLERC (AV DU);;;;940
201400044959;14;4;12;1940;2;2;3;1;3;46;LECLERC / GUE AUX AUROCH;M;4881430;242366;940
201400044960;14;7;16;1055;1;2;1;1;1;46;AV DU PROFESSEUR CADIOT;M;4880340;243351;940
201400044961;14;11;24;1630;1;2;1;1;2;46;147, GENERAL LECLERC (AV;;;;940
201400044962;14;4;15;1930;2;2;2;1;3;46;CLEMENCEAU / REPUBLIQUE;M;4880660;244335;940
201400044963;14;12;5;855;1;2;1;1;4;46;GENERAL DE GAULLE (AV DU;;;;940
201400044964;14;7;4;1330;1;2;1;2;7;46;R JEAN JAURES;M;4879270;243455;940
201400044965;14;1;18;1805;2;2;3;1;6;46;133,J JAURES/CLOS NOYERS;M;4879430;243415;940
201400044966;14;6;4;2120;2;2;5;1;3;46;REPUBLIQUE/CHAMPS CORBIL;M;4880660;244335;940
201400044967;14;12;18;1805;5;2;1;2;6;46;., JEAN JAURES (R);;;;940
201400044968;14;12;15;925;1;2;1;1;6;46;16, PROFESSEUR CADIOT (A;;;;940
201400044969;14;12;22;1840;5;2;1;1;3;46;298, JEAN JAURES (R);;;;940
201400044970;14;12;23;1710;5;2;1;1;6;46;30, PROFESSEUR CADIOT (A;;;;940
201400044971;14;3;6;1310;1;1;2;1;3;46;CADIOT /11 NOVEMBRE 1918;M;4880450;243247;940
201400044972;14;6;13;10;3;2;2;1;3;46;CONVENTION / JEMMAPES;M;4881340;244671;940
201400044973;14;3;26;1230;1;2;1;1;3;46;AV DU GENERAL DE GAULLE;M;4880980;242380;940
201400044974;14;9;27;1740;1;2;2;1;3;46;GEORGES CLEMENCEAU;M;4880740;244340;940
201400044975;14;12;30;1100;1;2;3;1;6;46;., ERNEST RENAN (R);;;;940
201400044976;14;1;26;1035;1;2;3;1;6;46;93, JAURES / LOUVAIN;M;4879950;243261;940
201400044977;14;6;6;1035;1;2;1;1;6;46;135, GENERAL LECLERC;M;4880990;243307;940
201400044978;14;6;9;1550;1;2;2;2;3;46;LECLERC / REPUBLIQUE;M;4880580;244087;940
201400044979;14;6;10;1550;1;2;3;1;6;46;CURIE / MAUNOURY;M;4881090;242637;940
201400044980;14;9;16;1005;1;2;3;1;3;46;DE GAULLE;M;4881280;242195;940
201400044981;14;4;21;1515;1;2;1;1;2;46;25, GENERAL DE GAULLE;M;4880740;242529;940
201400044982;14;3;12;1450;1;2;2;1;3;46;CHEVREUL / PERI;M;4880930;243682;940
201400044983;14;9;27;2115;5;2;1;1;2;46;03, RASPAIL;M;4880830;243647;940
201400044984;14;8;7;1900;1;2;1;1;6;46;86, AV GAMBETTA;M;4880990;244484;940
201400044985;14;5;2;1315;1;2;1;1;6;46;04, R DE MESLY;M;4879740;243980;940
201400044986;14;10;2;1630;1;2;1;1;2;46;., MESLY (R DE);;;;940
201400044987;14;9;11;1020;1;2;3;1;6;46;102, GENERAL DE GAULLE;M;4880280;242852;940
201400044988;14;10;6;1510;1;2;1;1;2;46;26, PROFESSEUR CADIOT (A;;;;940
201400044989;14;6;24;1950;1;2;3;1;3;46;MEDERIC / LEON BLUM;M;4880230;243484;940
201400044990;14;6;20;1905;1;2;1;1;3;46;AV DU GENERAL LECLERC;M;4881640;241960;940
201400044991;14;11;10;1140;1;2;1;1;6;46;27, GENERAL LECLERC (AV;;;;940
201400044992;14;11;11;2000;5;2;1;1;6;46;237, REPUBLIQUE (AV DE L;;;;940
201400044993;14;11;17;810;1;2;1;1;6;46;04, BUSTEAU (AV);;;;940
201400044994;14;11;26;2125;5;2;2;1;3;46;., GAMBETTA (AV);;;;940
201400044995;14;11;27;2240;5;2;1;1;6;46;57, GEORGES MEDERIC (R);;;;940
201400044996;14;6;11;1150;1;2;1;1;3;42;AV DU GENERAL GALLIENI;M;4882010;247534;940
201400044997;14;6;11;2110;1;2;1;1;2;42;18 BD DE L'EUROPE;M;4881350;246556;940
201400044998;14;1;3;1310;1;2;2;1;3;52;KABLE/ALBERT 1ER;M;4883560;249382;940
201400044999;14;6;12;1940;1;2;2;1;6;52;ST SEBASTIEN / NOGENTAIS;M;4883820;248499;940
201400045000;14;6;13;5;5;2;1;1;3;52;BD DE STRASBOURG;M;4883640;247554;940
201400045001;14;11;27;1925;3;2;1;1;3;52;ANQUETIL (R);;;;940
201400045002;14;2;8;1525;1;2;1;1;2;58;8  BD RAYMOND POINCARE;M;4885070;249366;940
201400045003;14;11;28;1010;1;2;1;1;2;58;32, LEDRU ROLLIN (AV);;;;940
201400045004;14;1;11;100;5;2;2;2;6;42;R JEAN MERMOZ;M;4882020;246704;940
201400045005;14;12;5;1505;1;2;1;8;6;58;23, GAITE (R DE LA);;;;940
201400045006;14;12;7;1820;5;2;1;2;6;42;65, GENERAL GALLIENI (AV;;;;940
201400045007;14;12;8;2020;5;2;9;2;3;58;CHAMPAGNE (R DE);;;;940
201400045008;14;12;9;800;2;2;4;1;7;52;JOINVILLE (AV DE);;;;940
201400045009;14;5;22;2240;5;2;2;1;3;42;DU VALAIS / L'EUROPE;M;4881500;246302;940
201400045010;14;1;15;1450;1;2;1;2;6;58;LEDRU ROLLIN;M;4883990;249677;940
201400045011;14;12;9;1910;5;2;1;1;6;58;BRY (AV DE);;;;940
201400045012;14;6;24;1745;1;2;2;1;6;58;ROLLIN / DE GAULLE;M;4884320;250342;940
201400045013;14;6;25;1325;1;2;2;1;2;52;HEROS / PLAISANCE;M;4883920;248942;940
201400045014;14;6;27;640;1;2;2;1;6;15;SILHOUETTE / GALLIENI;M;4884440;252589;940
201400045015;14;1;18;1100;1;2;2;1;3;52;GR DE GAULLE/GALLIENI;M;4883770;248763;940
201400045016;14;12;13;730;5;2;1;3;6;52;43, CHARLES DE GAULLE (G;;;;940
201400045017;14;6;27;1915;1;2;1;1;3;42;AV DU GENERAL GALLIENI;M;4882010;247732;940
201400045018;14;6;28;1650;1;2;1;2;2;52;BD DE STRASBOURG;M;4883790;247774;940
201400045019;14;12;14;1810;5;2;1;5;6;58;24, FRATELLINI (R DES);;;;940
201400045020;14;12;15;835;2;2;5;2;6;42;21, JEAN MERMOZ (R);;;;940
201400045021;14;6;29;1710;1;2;3;1;1;42;GALLIENI / NOVEMBRE 1918;M;4882010;247841;940
201400045022;14;12;17;1530;1;2;1;3;3;58;148, ALSACE LORRAINE (BD;;;;940
201400045023;14;1;22;2010;5;2;4;2;4;58;LEDRU ROLLIN/D'ESTIENNE;M;4884110;249848;940
201400045024;14;12;19;845;1;2;1;1;3;52;06, MADELEINE SMITH CHAM;;;;940
201400045025;14;7;3;325;5;2;5;1;2;42;VALAIS / KENNEDY;M;4881500;246302;940
201400045026;14;7;3;1222;1;2;3;1;3;58;BROSSOLETTE / SOUPAULT;M;4883480;250678;940
201400045027;14;9;1;1350;1;2;2;1;3;58;D AMOUR / FOCH;M;4883260;250601;940
201400045028;14;12;20;1905;5;2;3;1;6;58;46 bis, GABRIEL PERI (AV;;;;940
201400045029;14;7;4;1930;1;1;1;1;6;58;AV GEORGES CLEMENCEAU;M;4884070;250512;940
201400045030;14;1;27;1520;1;2;3;1;1;15;GENERAL LECLERC/MARAIS;M;4882940;251760;940
201400045031;14;1;29;740;2;2;3;2;1;15;AV DE RIGNY/R PAUL BARIL;M;4883740;251847;940