num_acc;an;mois;jour;hrmn;lum;agg;int;atm;col;com;adr;gps;lat;long;dep
201400045032;14;7;8;1655;1;2;1;1;6;58;AV DU GENERAL DE GAULLE;M;4884380;250271;940
201400045033;14;1;30;825;1;2;3;1;6;58;ALSACE LORRAINE/AVRON;M;4885010;250043;940
201400045034;14;10;23;1835;2;2;2;1;3;42;GENERAL GALLIENI (AV DU);;;;940
201400045035;14;7;14;2110;1;2;2;1;6;58;DE GAULLE / ROLLIN;M;4884320;250342;940
201400045036;14;7;15;935;1;2;2;1;2;42;R CHAPSAL / MERMOZ;M;4882020;246704;940
201400045037;14;2;4;1735;1;2;3;1;6;15;RIGNY / BELLAN;M;4883840;251868;940
201400045038;14;2;4;2010;5;2;2;1;6;58;CROIX D EAU/POINCARE;M;4885010;249456;940
201400045039;14;2;4;1915;5;2;5;1;2;42;MERMOZ / QU DE MARNE;M;4882020;246727;940
201400045040;14;7;18;1545;1;2;1;1;3;58;124, BD D'ALSACE LORRAIN;M;4885140;250652;940
201400045041;14;2;12;1220;1;2;1;1;3;58;3, R ALBERT LECOCQ;M;4883460;250406;940
201400045042;14;2;15;1720;1;2;1;8;2;52;49, AV DE JOINVILLE;M;4882890;246649;940
201400045043;14;2;16;1345;1;2;2;1;6;52;ALBERT 1ER/;M;4883830;249350;940
201400045044;14;2;22;11;5;2;3;1;3;52;STRASBOURG / GABRIEL PER;M;4883710;247655;940
201400045045;14;2;23;1430;1;2;2;1;3;52;HOCHE / PORT;M;4883340;248929;940
201400045046;14;2;24;1215;1;2;2;1;6;52;ALBERT 1ER/KABLE;M;4883560;249382;940
201400045047;14;8;14;1600;1;2;2;1;3;58;PERI / JOFFRE;M;4883720;251366;940
201400045048;14;3;4;1315;1;2;1;1;6;42;23, R DE PARIS;M;4881790;246652;940
201400045049;14;3;5;1125;1;2;3;1;6;52;104, DE GAULLE / BERT;M;4883710;248458;940
201400045050;14;8;20;1620;1;2;1;8;3;58;BD D'ALSACE LORRAINE;M;4885170;250792;940
201400045051;14;8;24;1440;1;2;3;1;2;42;BROSSOLETTE / KENNEDY;M;4881770;246766;940
201400045052;14;3;10;1705;1;2;2;1;6;52;44, KABLE / ALBERT 1ER;M;4883560;249370;940
201400045053;14;3;10;2150;5;2;2;1;3;58;72, 11 NOVEMBRE / PAIX;M;4884680;249687;940
201400045054;14;8;27;1100;1;2;2;1;1;15;CLEMENCEAU / CAHN;M;4883950;252342;940
201400045055;14;9;1;910;1;2;3;1;3;52;DE GAULLE / PONTIER;M;4883650;248214;940
201400045056;14;3;17;850;1;2;1;1;6;52;6, SMITH CHAMPION;M;4883310;248464;940
201400045057;14;3;18;1300;1;2;1;1;2;52;PONT DE NOGENT;M;4883130;249299;940
201400045058;14;9;3;1750;1;2;3;1;3;42;GALLIENI / ALLAIRE;M;4882010;247721;940
201400045059;14;3;19;1245;1;2;2;1;2;42;MERMOZ / BROSSOLETTE;M;4882020;246704;940
201400045060;14;3;20;1850;2;2;3;1;6;58;ROLLIN / GAITE;M;4884340;250368;940
201400045061;14;9;8;1305;1;2;3;1;4;42;L'EUROPE / REPUBLIQUE;M;4881350;246541;940
201400045062;14;3;25;1300;1;2;1;2;1;15;BD PASTEUR;M;4883280;252850;940
201400045063;14;9;10;700;2;2;1;1;6;52;R CHARLES VII;M;4883650;248614;940
201400045064;14;3;25;1855;2;2;2;9;3;58;DE GAULLE / GABRIEL PERI;M;4883720;251099;940
201400045065;14;3;26;1640;1;2;1;1;6;42;AV JEAN JAURES;M;4882230;246486;940
201400045066;14;9;12;1225;1;2;3;1;3;58;LORRAINE / ROOSEVELT;M;4885240;251143;940
201400045067;14;3;28;1500;1;2;2;1;3;42;AV JEAN JAURES;M;4881980;246439;940
201400045068;14;3;28;1700;1;2;1;1;6;42;R HENRI BARBUSSE;M;4881280;246665;940
201400045069;14;3;29;2100;5;2;2;1;3;52;STRASBOURG / GEORGES V;M;4884130;248278;940
201400045070;14;9;16;1740;1;2;1;1;3;52;160 CHARLES DE GAULLE;M;4883830;248972;940
201400045071;14;9;18;1330;1;2;2;1;5;15;GEORGES / PASTEUR;M;4883250;253156;940
201400045072;14;4;3;825;1;2;3;1;3;52;STRASBOURG / ODILE LAURE;M;4884190;248377;940
201400045073;14;4;4;1155;1;2;1;1;3;52;1, LATTRE DE TASSIGNY;M;4883630;248267;940
201400045074;14;4;4;1605;1;2;2;1;3;58;BROSSOLETTE / FLORIAN;M;4883510;250128;940
201400045075;14;9;21;1440;1;2;3;8;2;52;CHARLES / VITRY;M;4883600;248814;940
201400045076;14;9;22;745;1;2;3;1;3;42;POLANGIS / MADRID;M;4882410;246895;940
201400045077;14;4;5;1550;1;2;2;1;3;52;DE GAULLE / COULMIERS;M;4883830;249251;940
201400045078;14;9;23;815;1;2;1;1;3;58;89, AV DU 11 NOVEMBRE;M;4884770;249658;940
201400045079;14;4;8;800;1;2;2;1;6;15;LEON MENU / FRERES LUMIE;M;4883890;253766;940
201400045080;14;4;8;1810;1;2;1;1;6;58;108, BD D'ALSACE LORRAIN;M;4885110;250501;940
201400045081;14;9;26;1145;1;2;2;1;6;58;LEDRU ROLLIN / DE GAULLE;M;4884320;250342;940
201400045082;14;9;27;1210;1;2;3;1;6;52;BD ALBERT 1ER/R HOCHE;M;4883410;249282;940
201400045083;14;4;10;1505;1;2;3;1;3;58;MAI 1945 / L'EPARGNE;M;4885130;251081;940
201400045084;14;9;28;1140;1;2;1;1;2;42;23, R DE PARIS;M;4881770;246676;940
201400045085;14;4;14;1720;1;2;2;1;3;33;GALLIENI / NEUILLY;M;4884740;247877;940
201400045086;14;4;18;2130;5;2;2;1;1;42;GALLIENI / ALLAIRE;M;4882010;247721;940
201400045087;14;4;19;2305;5;2;2;1;3;15;PRAIRIE /  MAURICE NORDM;M;4884520;251317;940
201400045088;14;4;20;1715;1;2;2;1;3;52;CLEMENCEAU / MARRONNIERS;M;4883600;247144;940
201400045089;14;10;8;920;1;2;1;3;6;42;35, GENERAL GALLIENI (AV;;;;940
201400045090;14;10;8;1230;1;2;9;1;6;42;26, PARIS (R DE);;;;940
201400045091;14;10;9;915;1;2;1;1;3;42;21, GENERAL GALLIENI (AV;;;;940
201400045092;14;10;10;1325;1;2;1;1;3;42;VERDUN (PL DE);;;;940
201400045093;14;10;14;50;5;2;1;1;3;42;21, GENERAL GALLIENI (AV;;;;940
201400045094;14;10;14;1745;1;2;3;1;6;58;42, LIBERTE (BD DE LA);;;;940
201400045095;14;5;16;1148;1;2;1;1;3;15;226, BD PASTEUR;M;4883280;252902;940
201400045096;14;4;30;1325;1;2;1;1;3;52;BD DE STRASBOURG;M;4884590;249026;940
201400045097;14;5;1;2015;5;2;5;2;2;42;4, GENERAL GALLIENI;M;4882010;247438;940
201400045098;14;10;17;2310;5;2;1;1;3;52;62, BD DE STRASBOURG;;;;940
201400045099;14;10;19;1720;1;2;6;1;3;42;VERDUN (PL DE);;;;940
201400045100;14;10;20;940;1;2;1;1;6;58;ALSACE LORRAINE (BD D);;;;940
201400045101;14;10;21;710;5;2;2;8;6;15;ORMES (R DES);;;;940
201400045102;14;10;21;820;2;2;3;8;3;52;STRASBOURG (BD DE);;;;940
201400045103;14;5;6;320;5;2;2;1;3;52;ALBERT 1ER/KABLE;M;4883560;249382;940
201400045104;14;5;6;820;1;2;1;2;6;58;128, PIERRE BROSSOLETTE;M;4883490;250471;940
201400045105;14;5;12;1145;1;2;2;1;3;58;BROSSOLETTE / LIBERTE;M;4883530;249785;940
201400045106;14;10;30;1600;1;2;3;1;2;15;DAGUERRE (PL);;;;940
201400045107;14;10;31;1400;1;2;1;1;6;15;26, LOUIS FERBER (QU);;;;940
201400045108;14;10;31;1938;5;2;1;1;4;15;R DU PONT;;;;940
201400045109;14;5;16;1750;1;2;2;1;3;58;ROLLIN / CORLUIS;M;4884610;250723;940
201400045110;14;11;3;745;1;2;2;1;3;58;01, FONTENAY (BD DE);;;;940
201400045111;14;11;4;850;1;2;3;1;6;52;CHARLES DE GAULLE (GRAND;;;;940
201400045112;14;11;4;1216;1;1;1;1;6;52;164, STRASBOURG (BD DE);;;;940
201400045113;14;5;22;906;1;2;1;1;3;58;85, AV LEDRU ROLLIN;M;4884390;250422;940
201400045114;14;11;5;1250;1;2;1;1;3;52;STRASBOURG (BD DE);;;;940
201400045115;14;5;22;1800;1;2;1;1;3;52;BD DE STRASBOURG;M;4883610;247494;940
201400045116;14;11;6;920;1;2;2;1;2;52;KABLE/ALBERT 1ER;M;4883550;249405;940
201400045117;14;5;23;2230;5;2;6;2;4;58;POINCARE / LORRAINE;M;4884930;249598;940
201400045118;14;5;26;845;1;2;1;2;2;52;171, CHARLES DE GAULLE;M;4883830;249046;940
201400045119;14;5;30;935;1;2;7;1;3;58;22, LORRAINE / DE GAULLE;M;4884920;249601;940
201400045120;14;5;30;1805;1;2;1;1;3;52;13, AV DE JOINVILLE;M;4883380;247199;940
201400045121;14;6;1;1830;1;2;3;1;6;58;CHAMPAGNE / ROSES;M;4884100;251193;940
201400045122;14;6;4;945;1;2;2;3;3;42;OUDINOT / MOQUET;M;4882170;247289;940
201400045123;14;6;5;1630;1;2;1;1;6;58;AV DU GENERAL DE GAULLE;M;4883800;251000;940
201400045124;14;6;7;655;1;2;3;1;4;42;JEAN JAURES / BRIAND;M;4882080;246426;940
201400045125;14;1;8;800;1;2;2;1;6;68;CHAMPIGNY / LA FAYETTE;M;4880710;250902;940
201400045126;14;1;11;605;5;2;2;8;3;68;MESNIL/  SAINT-LEONARD;M;4879830;251686;940
201400045127;14;1;14;1820;5;2;1;1;2;68;48, BD DE CRETEIL;M;4879820;247825;940
201400045128;14;1;16;1730;5;2;1;2;3;68;107, BD DE CHAMPIGNY;M;4880610;250888;940
201400045129;14;1;17;740;5;2;2;1;3;68;R CHEVALIER/AV DENFERT R;M;4878790;250264;940
201400045130;14;1;20;1250;1;1;2;1;3;68;R DELERUE/ HENRI MARTIN;M;4879570;248825;940
201400045131;14;1;21;1010;1;2;1;1;3;68;30, BD DE CHAMPIGNY;M;4880020;250490;940
201400045132;14;1;22;1330;1;2;2;1;5;68;BD DE CRETEIL/BARBES;M;4879800;249172;940
201400045133;14;1;23;1050;1;2;1;1;6;68;104, AV GAMBETTA;M;4879430;249563;940
201400045134;14;1;23;1940;5;2;1;2;6;68;81, R DU PONT DE CRETEIL;M;4880100;247209;940
201400045135;14;2;10;1400;1;2;2;1;3;68;LOUIS BLANC/R BERANGER;M;4879210;249709;940
201400045136;14;2;12;1855;5;2;1;2;6;68;65, AV FOCH;M;4880140;249420;940
201400045137;14;2;17;955;1;2;2;1;3;68;ILES /POLITZER;M;4880850;246420;940
201400045138;14;3;1;2320;5;2;5;2;3;68;PL JEAN MOULIN;M;4879790;250284;940
201400045139;14;3;4;1645;1;2;3;1;6;68;PONT CRETEIL/CHEMIN VERT;M;4880110;247218;940
201400045140;14;3;6;1228;1;2;5;1;3;68;BAC / BONNEUIL;M;4879640;250671;940
201400045141;14;3;8;915;1;2;3;1;3;68;CHAMPIGNY / CONVENTION;M;4880440;250859;940
201400045142;14;3;11;955;1;2;1;1;2;68;7, BD DE CRETEIL;M;4879890;247380;940
201400045143;14;3;11;1845;5;2;1;1;3;68;48, BD RABELAIS;M;4880530;248330;940
201400045144;14;3;11;1925;5;2;2;1;3;68;AV FOCH / LOUVIERE;M;4880440;248612;940
201400045145;14;3;12;1640;1;2;3;1;2;68;GIRAUD / LALANDE;M;4878770;249142;940
201400045146;14;3;14;1845;1;2;4;1;3;68;DOLET / DEROULEDE;M;4878980;248443;940
201400045147;14;3;19;1850;5;2;3;1;3;68;FOCH / 2 BOULEVARDS;M;4879910;249964;940
201400045148;14;3;21;835;1;2;3;1;3;68;R DU PONT DE CRETEIL;M;4880410;247175;940
201400045149;14;4;2;1355;1;2;3;1;3;68;BAC / ETIENNE MARCEL;M;4879670;250588;940
201400045150;14;4;5;1438;1;2;1;1;3;68;49,QU DU PORT DE CRETEIL;M;4880110;247009;940
201400045151;14;4;8;1640;1;2;3;1;6;68;AV MAHIEU / CONDE;M;4881250;247316;940
201400045152;14;4;11;1800;1;2;2;1;3;68;ROUX / ALBERT DE MUN;M;4878720;248853;940
201400045153;14;4;12;1954;5;2;1;1;6;68;30, QU DU PARC;M;4881010;249588;940
201400045154;14;4;12;1715;1;2;1;1;6;68;AV DU BAC;M;4879220;251777;940
201400045155;14;4;22;1215;1;2;2;1;3;68;MARRONNIERS / BEL AIR;M;4880570;249662;940
201400045156;14;4;26;1235;1;2;1;2;3;68;119, AV DU BAC;M;4879160;251914;940
201400045157;14;5;4;1825;1;2;1;1;6;68;R ROCHAMBEAU;M;4880510;251402;940
201400045158;14;4;26;2205;5;2;2;2;3;68;DIDIER / BUFFON;M;4879850;251062;940
201400045159;14;5;15;1345;1;2;2;1;2;68;AV LOUIS BLANC;M;4878910;249526;940
201400045160;14;5;17;1730;1;2;1;1;3;68;187, BD DE CRETEIL;M;4879780;250110;940
201400045161;14;5;18;1855;1;2;3;1;3;68;BEAUJEU / FRATERNITE;M;4879630;247501;940
201400045162;14;5;22;2044;2;2;2;1;3;68;CAR DU 8 MAI 1945;M;4880220;249207;940
201400045163;14;5;24;1840;1;2;1;1;3;68;134, AV FOCH;M;4879840;250155;940
201400045164;14;6;2;1845;1;2;3;1;2;68;FOCH / GABRIELLE;M;4880420;248690;940
201400045165;14;6;12;1650;1;2;6;1;6;68;8 MAI 1945 / FOCH;M;4880210;249255;940
201400045166;14;6;13;1415;1;2;1;1;3;68;BD DES CORNEILLES;M;4878610;249217;940
201400045167;14;6;17;1555;1;2;3;1;6;68;HUGO / DE GAULLE;M;4880320;248540;940
201400045168;14;6;18;1740;1;2;1;1;6;68;PONT DE CHAMPIGNY;M;4880830;250926;940
201400045169;14;6;19;1615;1;2;4;1;2;68;CRETEIL / GENERAL GIRAUD;M;4879900;247347;940
201400045170;14;6;27;1330;1;2;3;1;3;68;LOUIS BLANC / EUGENE SUE;M;4879070;249622;940
201400045171;14;6;27;2245;5;2;2;1;3;68;GARNIER / PILIERS;M;4879360;250889;940
201400045172;14;7;4;1350;1;2;2;2;3;68;PILIERS / HAVRE;M;4879430;250640;940
201400045173;14;7;4;1455;1;2;1;1;3;68;137, BD DE CHAMPIGNY;M;4880860;250938;940
201400045174;14;7;10;925;1;2;2;3;2;68;BEAUBOURG / CONDE;M;4881330;247878;940
201400045175;14;7;12;1625;1;2;2;1;3;68;DAVID / JEAN JAURES;M;4879410;247711;940
201400045176;14;7;18;1310;1;2;1;1;3;68;80, BD DE CHAMPIGNY;M;4880470;250869;940
201400045177;14;7;22;1710;1;2;2;1;3;68;ROUX / ADAM;M;4879240;249157;940
201400045178;14;7;24;1200;1;2;2;1;3;68;CHENNEVIERES / LAMY;M;4878920;251750;940
201400045179;14;8;1;1720;1;2;2;1;3;68;PILIERS / GARNIER;M;4879360;250889;940
201400045180;14;8;15;1448;1;2;1;1;6;68;AV BEAUREPAIRE;M;4878750;248074;940
201400045181;14;8;17;45;5;2;2;1;3;68;CHAMPIGNY / JOFFRE;M;4880390;250823;940
201400045182;14;8;23;1825;1;2;2;2;3;68;BERTEAUX / POLITZER;M;4881100;246932;940
201400045183;14;8;28;1242;1;2;1;1;6;68;VICTOR HUGO;M;4880330;248519;940
201400045184;14;8;31;945;1;2;2;1;3;68;CHENNEVIERES / LAMY;M;4878920;251750;940
201400045185;14;9;1;1500;1;2;3;1;3;68;NEUVILLE / LE DUC;M;4880380;250936;940
201400045186;14;9;1;1915;1;2;1;1;3;68;3, MAURICE BERTEAUX;M;4881160;246897;940
201400045187;14;9;5;1325;1;2;2;1;3;68;FOCH / CALMETTE;M;4880220;249207;940
201400045188;14;9;12;1625;1;2;2;1;3;68;REMISES / LORRAINE;M;4880590;247293;940
201400045189;14;9;12;1905;1;2;2;1;3;68;ZOLA / DIDEROT;M;4880260;248458;940
201400045190;14;9;14;1700;1;2;2;1;6;68;15, AV DU BAC;M;4879710;250493;940
201400045191;14;9;16;1100;1;2;2;1;3;68;BLANC / BERANGER;M;4879210;249709;940
201400045192;14;9;18;1000;1;2;2;1;3;68;MOINES / ROCHEREAU;M;4878710;250547;940
201400045193;14;9;19;1950;5;2;1;1;5;68;21, VARENNE;M;4880890;247240;940
201400045194;14;9;21;1240;1;2;4;2;3;68;LAFAYETTE / MARIGNAN;M;4880600;251194;940
201400045195;14;9;22;1130;1;2;2;1;3;68;MARCEL / REGNAULT;M;4879890;250714;940
201400045196;14;9;22;1120;1;2;1;1;6;68;ALSACE LORRAINE;M;4880510;247744;940
201400045197;14;9;26;1810;1;2;5;1;3;68;BLANC / DANTON;M;4879270;249745;940
201400045198;14;9;27;30;5;2;1;1;6;68;63, BD DE CHAMPIGNY;M;4880300;250736;940
201400045199;14;10;3;900;1;2;1;1;6;68;39, JOFFRE (AV);;;;940
201400045200;14;10;10;750;1;2;9;1;3;68;72, BAC (AV DU);;;;940
201400045201;14;10;10;1540;1;2;2;1;3;68;CRETEIL (BD DE);;;;940
201400045202;14;10;10;1910;5;2;2;1;3;68;CHATEAU (AV DU);;;;940
201400045203;14;10;13;1750;1;2;2;1;3;68;VERGNIAUD (AV);;;;940
201400045204;14;10;17;1215;1;2;2;2;3;68;GUYNEMER (AV);;;;940
201400045205;14;10;21;1020;1;2;3;1;3;68;MAURICE BERTEAUX (BD);;;;940
201400045206;14;10;22;955;1;2;2;1;3;68;CRETEIL (BD DE);;;;940
201400045207;14;10;23;1825;5;2;2;1;3;68;CRETEIL (BD DE);;;;940
201400045208;14;10;28;1225;1;2;1;1;6;68;26, BAC (AV DU);;;;940
201400045209;14;10;29;1235;1;2;2;1;3;68;FOCH (AV);;;;940
201400045210;14;11;3;910;1;2;1;1;4;68;PONT DE CRETEIL (R DU);;;;940
201400045211;14;11;12;1900;5;2;1;1;6;68;18, EMILE ZOLA (AV);;;;940
201400045212;14;11;13;730;2;2;2;1;3;68;ALBERT DE MUN (R);;;;940
201400045213;14;11;14;2205;5;2;2;1;3;68;ELIAS HOWES (R);;;;940
201400045214;14;11;17;1750;5;2;9;2;6;68;1, CHEMIN VERT (R DU);;;;940
201400045215;14;11;19;1410;1;2;1;1;6;68;11, REMISES (R DES);;;;940
201400045216;14;11;21;1150;1;2;1;1;3;68;MAURICE BERTEAUX (BD);;;;940
201400045217;14;11;21;1720;5;2;2;1;3;68;DOCTEUR TOURASSE (AV DU);;;;940
201400045218;14;11;22;1630;1;2;1;1;3;68;17, MAURICE BERTEAUX (BD;;;;940
201400045219;14;11;24;900;1;2;2;1;3;68;SAINT HILAIRE (R);;;;940
201400045220;14;11;25;1920;5;2;1;1;4;68;MESNIL (AV DU);;;;940
201400045221;14;11;27;1220;1;2;1;8;3;68;07, COMMANDANT RIVIERE (;;;;940
201400045222;14;12;1;1925;5;2;9;2;3;68;4, CHAMPIGNY (BD DE);;;;940
201400045223;14;12;3;1800;5;2;2;1;6;68;EMILE ZOLA (AV);;;;940
201400045224;14;12;4;2045;5;2;2;1;3;68;HENRI MARTIN (AV);;;;940
201400045225;14;12;8;1855;5;2;2;1;6;68;GODEFROY CAVAIGNAC (AV);;;;940
201400045226;14;12;13;1740;5;2;1;2;6;68;35, FOCH (AV);;;;940
201400045227;14;12;13;1840;5;2;2;2;3;68;BOURBAKI (AV);;;;940
201400045228;14;12;17;925;1;2;1;2;6;68;LOUVIERE (PL DE LA);;;;940
201400045229;14;12;17;1520;1;2;4;2;3;68;PONT DE CRETEIL (R DU);;;;940
201400045230;14;12;17;1840;5;2;1;2;6;68;114, CRETEIL (BD DE);;;;940
201400045231;14;12;19;1130;1;2;1;2;5;68;SAINT HILAIRE (R);;;;940
201400045232;14;12;23;1800;5;2;1;1;3;68;196, CRETEIL (BD DE);;;;940
201400045233;14;12;29;1100;1;2;2;1;3;68;RABELAIS (BD);;;;940
201400045234;14;1;16;1640;1;2;3;1;3;68;CRETEIL / L'ECLUSE;M;4880400;247162;940
201400045235;14;1;20;1645;2;2;2;1;3;68;AV FRANCIS GARNIER/AV DE;M;4879360;250889;940
201400045236;14;1;22;2000;5;2;4;2;5;68;PONT DE CRETEIL/REMISES;M;4880440;247175;940
201400045237;14;1;26;225;5;2;2;1;3;68;AV LOUIS BLANC/LA MARNE;M;4879330;249783;940
201400045238;14;3;15;100;5;2;3;1;3;68;MESNIL / COLETTE;M;4879890;251734;940
201400045239;14;3;22;15;5;2;4;1;3;68;PONT DE CRETEIL/MARIN;M;4880840;247122;940
201400045240;14;5;8;1;5;2;2;1;3;68;ALMA / RASPAIL;M;4878600;249524;940
201400045241;14;5;9;1745;1;2;1;1;2;68;10, AV DE L'ALMA;M;4878820;249525;940
201400045242;14;6;6;2330;5;2;4;1;3;68;BD DE CRETEIL;M;4879900;247347;940
201400045243;14;7;7;1650;1;2;1;1;3;68;40, R DELERUE;M;4879570;249104;940
201400045244;14;7;12;1120;1;2;1;1;6;68;R SAINT-FIACRE;M;4880810;251179;940
201400045245;14;7;16;1800;1;2;1;1;3;68;R DE LA VARENNE;M;4880710;247545;940
201400045246;14;7;25;1820;1;2;1;1;1;68;76, AV DU BAC;M;4879390;251320;940
201400045247;14;8;3;1700;1;2;1;9;6;68;32, AV GUYNEMER;M;4878710;248415;940
201400045248;14;8;20;935;1;2;2;1;4;68;GARIBALDI / CHOLET;M;4879450;248569;940
201400045249;14;8;23;1605;1;2;6;1;3;68;FOCH / 8 MAI 1945;M;4880210;249255;940
201400045250;14;9;20;2335;5;2;1;1;6;68;8, CHANZY;M;4879160;251392;940
201400045251;14;9;24;135;5;2;6;1;6;68;GAMBETTA / RIMINI;M;4879420;249579;940
201400045252;14;10;5;740;1;2;1;1;6;68;54, BAC (AV DU);;;;940
201400045253;14;10;20;1900;5;2;1;2;6;68;PONT DE CRETEIL (R DU);;;;940
201400045254;14;10;30;1310;1;2;3;1;2;68;169, CRETEIL (BD DE);;;;940
201400045255;14;11;17;730;1;2;1;1;6;68;PONT DE CRETEIL (R DU);;;;940
201400045256;14;11;18;1015;1;2;1;1;6;68;ARMES (PL D);;;;940
201400045257;14;11;18;2105;3;2;1;2;6;68;37, PONT DE CRETEIL (R D;;;;940
201400045258;14;11;28;1;5;2;2;1;3;68;27, PONT DE CRETEIL (R D;;;;940
201400045259;14;12;7;515;5;1;4;1;6;68;MARIGNAN (R);;;;940
201400045260;14;12;12;1910;5;2;1;3;6;68;33, PORT DE CRETEIL (QU;;;;940
201400045261;14;1;2;1950;5;2;4;1;3;78;8 MAI 1945/SEMARD;M;4872970;244687;940
201400045262;14;12;23;130;5;2;2;1;3;77;GARE (R DE LA);;;;940
201400045263;14;12;23;1850;5;2;2;2;3;78;CARNOT (AV);;;;940
201400045264;14;12;24;1135;1;2;4;8;7;78;GERVAIS/MENDES-FRANCE;M;4872560;244481;940
201400045265;14;4;7;900;1;2;1;8;7;78;AV DU 8 MAI 1945;M;4872770;244570;940
201400045266;14;1;10;1808;5;2;1;1;3;74;R LE BOIS CERDON;M;4872780;247430;940
201400045267;14;4;25;1900;1;2;3;1;6;78;PRESIDENT / ACACIAS;M;4873340;246183;940
201400045268;14;8;3;700;5;2;1;1;2;78;330 R DE PARIS;M;4874980;244557;940
201400045269;14;5;23;730;1;2;1;1;6;74;AV SALVADOR ALLENDE;M;4875030;246288;940
201400045270;14;1;15;1630;5;2;2;2;3;77;141, AV LE FOLL;M;4873070;242584;940
201400045271;14;1;15;2100;5;2;1;2;6;78;22, PL PIERRE SEMARD;M;4873020;244687;940
201400045272;14;1;16;1805;3;2;1;2;6;74;AV DU RU DE GIRONDE;M;4874240;246594;940
201400045273;14;6;29;600;1;2;5;2;4;78;286, PARIS/BERLIOZ;M;4874590;244647;940
201400045274;14;1;19;14;5;2;1;2;6;78;262, R DE PARIS;M;4874420;244670;940
201400045275;14;7;13;1245;1;2;2;2;2;78;154, R DE PARIS/CHOISY;M;4873560;244665;940
201400045276;14;1;21;850;1;2;3;2;3;77;73, PAUL BERT/R DE LA PL;M;4873540;244146;940
201400045277;14;1;25;935;1;2;3;2;5;74;72, BARBUSSE/JAURES;M;4876620;244147;940
201400045278;14;6;19;922;1;2;3;1;3;77;MAUNOURY/ VOLTAIRE;M;4872930;241032;940
201400045279;14;11;1;630;5;2;1;1;2;78;R DE PARIS;M;4874240;244661;940
201400045280;14;1;31;1640;1;2;3;1;7;78;R ROLAND GARROS;M;4875200;245107;940
201400045281;14;2;2;550;5;2;1;1;6;74;86, AV HENRI BARBUSSE;M;4876820;244096;940
201400045282;14;12;15;1850;5;2;3;2;6;74;30, GASTON MONMOUSSEAU (;;;;940
201400045283;14;1;28;940;1;2;3;1;3;78;R MICHELET/R EMILE ZOLA;M;4873550;244867;940
201400045284;14;1;28;1220;1;2;2;1;3;77;GENERAL DE GAULLE/COMMUN;M;4873520;242301;940
201400045285;14;2;3;1635;1;1;1;1;1;78;62, FONTAINE SAINTMARTIN;M;4872810;247275;940
201400045286;14;2;6;720;4;2;1;1;5;74;08, AV JULIEN DURANTON;M;4875890;245136;940
201400045287;14;2;7;930;1;2;3;1;6;78;CHOISY/HOCHE;M;4874800;243578;940
201400045288;14;6;28;40;5;2;3;1;5;78;ANATOLE FRANCE /  MARTIN;M;4873860;245274;940
201400045289;14;2;18;1405;1;2;1;1;6;77;116, AV PAUL DOUMER;M;4873720;242390;940
201400045290;14;2;21;1840;2;2;1;1;6;78;107, AV ANATOLE FRANCE;M;4874650;245269;940
201400045291;14;2;22;820;1;2;1;2;6;78;9, AV DE LA REPUBLIQUE;M;4872880;244851;940
201400045292;14;3;4;1340;1;2;3;1;3;78;18 JUIN 1940/ARMAND;M;4876050;244291;940
201400045293;14;3;6;955;1;2;6;1;2;78;CAR JEAN MOULIN /REPUBLI;M;4872710;245032;940
201400045294;14;3;14;30;5;2;1;1;6;78;R DE PARIS;M;4873040;244686;940
201400045295;14;3;14;1650;1;2;1;1;6;78;07, AV DE CHOISY;M;4873830;244474;940
201400045296;14;3;15;1850;2;2;3;1;1;78;20, FERRY / SAND;M;4873850;246040;940
201400045297;14;3;18;700;1;2;1;1;6;74;44, R DU COLONEL FABIEN;M;4874490;246979;940
201400045298;14;3;19;1730;1;2;1;1;6;78;R THIMONNIER;M;4875110;244622;940
201400045299;14;3;20;840;1;2;2;1;3;78;JUSTICE / KENNEDY;M;4873140;245860;940
201400045300;14;3;22;2115;5;2;1;1;7;78;AV DU 8 MAI 1945;M;4872610;244454;940
201400045301;14;3;22;2055;5;2;3;1;4;78;15, AV MELUN/BELLE PLACE;M;4872410;244478;940
201400045302;14;3;24;1010;1;2;1;1;2;78;AV DE LA FONTAINE SAINT-;M;4873510;247205;940
201400045303;14;3;25;1608;1;2;1;2;2;74;AV DU RU DE GIRONDE;M;4874430;246490;940
201400045304;14;3;28;1300;1;2;1;1;6;78;22, PL PIERRE SEMARD;M;4873040;244686;940
201400045305;14;4;1;1105;1;2;3;1;4;1;QU MAGNE / LONGJUMEAU;M;4872070;241752;940
201400045306;14;4;10;1050;1;2;2;1;6;78;CARNOT/JANIN;M;4873300;245064;940
201400045307;14;4;10;1340;1;2;1;1;6;78;1, PL MOULIERAT;M;4874880;243404;940
201400045308;14;4;11;1150;1;2;1;1;2;78;11, BOIELDIEU;M;4873360;244892;940
201400045309;14;4;11;1645;1;2;3;1;2;77;FOLL / WEDDINGEN;M;4872860;243063;940
201400045310;14;4;14;1135;1;2;2;1;2;78;160, R PARIS/AV CHOISY;M;4873560;244665;940