num_acc;an;mois;jour;hrmn;lum;agg;int;atm;col;com;adr;gps;lat;long;dep
201400045311;14;4;17;1839;1;2;2;1;3;77;HENRI LAIRE / REPUBLIQUE;M;4873170;241310;940
201400045312;14;4;20;1750;1;2;1;1;6;1;QU DE LA BARONNIE;M;4872210;242094;940
201400045313;14;4;24;50;5;2;1;1;6;1;9, R DU MONT CASSIN;M;4872370;241407;940
201400045314;14;4;26;1300;1;2;3;2;3;78;TILLEULS / KENNEDY;M;4873550;246538;940
201400045315;14;4;26;1635;1;2;3;2;2;78;284, R PARIS/H BERLIOZ;M;4874590;244662;940
201400045316;14;4;27;510;5;2;1;1;1;78;R DE PARIS;M;4873450;244685;940
201400045317;14;4;29;650;1;2;2;1;2;77;REPUBLIQUE / MOQUET;M;4873110;242235;940
201400045318;14;5;1;1800;1;2;2;2;3;77;ROUSSEAU / DE GAULLE;M;4873530;242518;940
201400045319;14;3;5;1050;1;2;3;1;7;74;52, GIRONDE / GROUETTES;M;4874270;246582;940
201400045320;14;5;5;2040;2;2;3;1;3;78;R DE PARIS/DUNANT;M;4873220;244684;940
201400045321;14;5;6;635;2;2;1;2;6;78;PL PIERRE SEMARD;M;4873080;244684;940
201400045322;14;5;10;2135;5;2;2;1;2;74;SAINT-JULIEN / KASTLER;M;4874900;245546;940
201400045323;14;5;12;1911;1;2;6;1;5;77;CARNOT / BRIAND;M;4873670;241259;940
201400045324;14;5;13;1015;1;2;3;8;2;78;18 JUIN 1940/ARMAND;M;4876040;244276;940
201400045325;14;5;13;2005;1;2;1;1;6;78;AV DU 8 MAI 1945;M;4872860;244624;940
201400045326;14;5;14;1145;1;2;3;1;6;78;R DE LA MARNE / PARIS;M;4873110;244682;940
201400045327;14;5;15;1420;1;2;2;1;2;78;152, R DE PARIS/ZOLA;M;4873560;244680;940
201400045328;14;5;16;821;1;2;2;1;2;78;55, VANZETTI / GIRONDE;M;4874200;246597;940
201400045329;14;5;19;1315;1;2;2;1;2;77;TILLON/NUNGESSER;M;4873290;240359;940
201400045330;14;5;24;1550;1;2;1;2;6;78;45, AV DE CHOISY;M;4874870;243522;940
201400045331;14;5;26;700;1;2;1;8;6;74;98, RU DE GIRONDE;M;4874020;246781;940
201400045332;14;5;29;1930;1;2;1;1;2;74;14, AV HENRI BARBUSSE;M;4876270;244237;940
201400045333;14;6;10;235;4;2;3;2;3;78;APPEL 18 JUIN/ARMAND;M;4875940;244307;940
201400045334;14;6;5;1915;1;2;2;1;5;78;CARNOT / VALENTON;M;4873310;245131;940
201400045335;14;6;14;1420;1;2;1;1;6;78;R HENRI JANIN;M;4872920;244766;940
201400045336;14;6;14;2050;1;2;3;1;2;78;108, R DE PARIS/DUNANT;M;4873220;244684;940
201400045337;14;6;15;1500;1;2;1;1;6;74;R SACCO ET VANZETTI;M;4874230;246718;940
201400045338;14;6;19;1740;1;2;3;1;2;78;MICHELET / JULES GUESDE;M;4873410;244872;940
201400045339;14;6;21;1640;1;2;1;1;7;74;NOVEMBRE 1918/CHE VALENT;M;4875100;246776;940
201400045340;14;6;24;1730;1;2;3;1;2;78;ANATOLE FRANCE / SEGUIN;M;4874680;245273;940
201400045341;14;6;30;1245;1;2;1;1;2;78;R PIERRE MENDES-FRANCE;M;4872730;244524;940
201400045342;14;7;1;1645;1;2;1;1;6;78;R HENRI LEDUC;M;4873110;244754;940
201400045343;14;7;1;1850;1;2;4;1;1;78;LA SOURCE / BOSQUETS;M;4872350;244978;940
201400045344;14;7;3;940;1;2;4;9;3;78;AV DU 8 MAI 1945/SEMARD;M;4872970;244687;940
201400045345;14;7;5;545;2;2;4;2;2;78;R DE PARIS/AV W CHURCHIL;M;4875520;244426;940
201400045346;14;7;9;1750;1;2;3;3;6;78;-EXUPERY / GARROS;M;4875260;244806;940
201400045347;14;7;9;1650;1;2;1;3;7;78;AV DE CHOISY;M;4874680;243682;940
201400045348;14;7;19;1120;1;2;4;1;2;77;VERDUN / NORMANDE;M;4873400;240557;940
201400045349;14;7;28;1715;1;2;1;1;5;78;184, R DE PARIS;M;4873830;244682;940
201400045350;14;7;30;1540;1;2;1;1;2;74;AV DU RU DE GIRONDE;M;4874090;246732;940
201400045351;14;7;31;945;1;2;3;1;2;78;118, R DE PARIS/CARNOT;M;4873300;244681;940
201400045352;14;7;31;1825;1;2;1;1;3;77;AV LE FOLL;M;4872910;242933;940
201400045353;14;7;31;2015;1;2;1;1;2;78;22, R DE PARIS;M;4873020;244687;940
201400045354;14;8;1;2300;5;2;3;1;2;78;CARNOT / BOIELDIEU;M;4873300;244893;940
201400045355;14;8;6;1245;1;2;5;2;5;78;PARIS/HECTOR BERLIOZ;M;4874640;244640;940
201400045356;14;8;9;15;5;2;6;2;3;77;REPUBLIQUE / LYAUTEY;M;4873100;241842;940
201400045357;14;8;13;1525;1;2;2;1;3;77;AV DE LA REPUBLIQUE;M;4873110;241990;940
201400045358;14;8;30;2215;5;2;4;1;4;78;PARIS/CHURCHILL;M;4875520;244426;940
201400045359;14;9;1;1620;1;2;3;1;3;78;14, PL PIERRE SEMARD;M;4872970;244687;940
201400045360;14;9;2;1450;1;1;3;1;2;78;18 JUIN 1940/ARMAND;M;4875940;244324;940
201400045361;14;9;3;822;1;2;2;1;6;77;FERRY / RAYMOND ML;M;4873450;241169;940
201400045362;14;9;4;855;1;2;3;1;3;78;14, PL PIERRE SEMARD;M;4872970;244687;940
201400045363;14;9;7;1105;1;2;1;1;2;78;AV DE L'APPEL DU 18 JUIN;M;4875890;244334;940
201400045364;14;9;10;1415;1;2;3;1;6;77;22, R HONORE OURSEL;M;4872990;244022;940
201400045365;14;9;22;1645;1;2;3;1;3;78;PARIS/CARNOT;M;4873300;244681;940
201400045366;14;9;23;2300;5;2;6;1;2;78;1, ANATOLE FRANCE PROLON;M;4874910;245326;940
201400045367;14;9;24;1050;1;2;2;1;3;77;VOYER / HUGO;M;4873240;241667;940
201400045368;14;10;1;1800;1;2;1;1;6;74;8, COLONEL FABIEN (R);;;;940
201400045369;14;10;4;2000;5;2;1;1;6;74;RU DE GIRONDE (AV DU);;;;940
201400045370;14;10;6;605;2;2;1;1;6;78;PL PIERRE SEMARD;M;4873020;244687;940
201400045371;14;10;6;1555;1;2;2;1;2;74;RU DE GIRONDE (AV DU);;;;940
201400045372;14;10;6;1800;2;2;1;3;6;74;JULIEN DURANTON (avenue);;;;940
201400045373;14;10;6;1858;5;2;1;3;1;78;CHOISY (AV DE);;;;940
201400045374;14;10;8;915;1;2;3;3;3;74;BARBUSSE/PASTEUR;M;4876690;244128;940
201400045375;14;10;11;720;5;2;2;3;3;78;AV LE FOLL/VAL D'ABLON;;;;940
201400045376;14;10;12;355;5;2;4;1;2;78;PARIS/CHURCHILL;M;4875520;244426;940
201400045377;14;10;13;850;1;2;1;1;7;78;38, PRESIDENT JOHN FITZG;;;;940
201400045378;14;10;14;800;1;2;3;1;4;78;PARIS/CARNOT;M;4873300;244681;940
201400045379;14;10;15;1650;1;2;3;2;5;78;8 MAI 1945/GERVAIS;M;4872570;244468;940
201400045380;14;10;18;626;5;2;1;1;6;78;PRESIDENT JOHN FITZGERAL;;;;940
201400045381;14;10;26;2200;5;2;4;1;3;78;PL PIERRE SEMARD;M;4872970;244687;940
201400045382;14;10;28;1440;1;2;2;5;3;77;1, POINCARE (AV);;;;940
201400045383;14;11;11;555;5;2;1;9;6;78;AV DU 8 MAI 1945;M;4872680;244502;940
201400045384;14;11;12;745;1;2;1;1;6;74;70 BIS AV HENRI BARBUSSE;M;4876600;244151;940
201400045385;14;11;12;740;1;2;2;1;3;74;JOURDAIN THEODULE (rue);;;;940
201400045386;14;11;12;803;1;2;2;1;6;1;2, LIBERATION (place de;;;;940
201400045387;14;11;12;1040;1;2;1;1;3;78;WINSTON CHURCHILL (AV);;;;940
201400045388;14;11;16;2015;5;2;1;2;2;1;8, RUE DU BAC;;;;940
201400045389;14;11;18;2310;5;2;9;1;6;77;VERDUN (COUR DE);;;;940
201400045390;14;11;20;2200;5;2;2;2;3;74;SACCO VANZETTI/GIRONDE;;;;940
201400045391;14;11;26;1025;1;2;3;1;2;78;188 PARIS/ORME STE MARIE;M;4873900;244684;940
201400045392;14;11;22;1728;5;2;3;1;3;74;17-19, COLONEL FABIEN (R;;;;940
201400045393;14;11;30;2110;5;2;1;2;6;78;REPUBLIQUE (AV DE LA);;;;940
201400045394;14;12;2;1840;5;2;3;2;6;78;MARCEL SEMBAT (R);;;;940
201400045395;14;12;5;1125;1;2;5;1;6;78;36, CARNOT (AV);;;;940
201400045396;14;12;4;1650;1;2;4;1;6;78;8 MAI 1945/PL P SEMARD;M;4872920;244665;940
201400045397;14;12;16;900;1;2;3;2;2;78;PARIS/ORME SAINTE-MARIE;M;4873900;244684;940
201400045398;14;12;17;5;5;2;1;1;5;78;104, R DE PARIS;M;4873170;244683;940
201400045399;14;12;17;844;2;2;1;3;6;77;CHARLEMAGNE (PL);;;;940
201400045400;14;12;17;1130;1;2;3;2;1;74;JOURDAIN THEODULE (rue);;;;940
201400045401;14;1;6;703;5;2;3;2;3;67;3, JOFFRE / VALLEES;M;4884720;241761;940
201400045402;14;1;12;815;5;2;2;8;2;80;30, AV DE PARIS/R DE MON;M;4884500;243459;940
201400045403;14;1;13;2000;5;2;2;2;3;80;FONTENAY/R MARCEAU;M;4884880;242848;940
201400045404;14;1;16;955;1;2;2;2;6;80;83, FONTENAY/CHATEAU;M;4884830;243706;940
201400045405;14;1;16;1315;1;2;1;8;2;67;05, AV DU GENERAL DE GAU;M;4884570;241756;940
201400045406;14;1;21;850;1;2;1;2;3;80;171, R DE FONTENAY;M;4884870;243008;940
201400045407;14;1;22;725;5;2;3;1;3;80;R CHARLES PATHE/R DAUMES;M;4885040;243813;940
201400045408;14;1;23;1745;5;2;1;2;6;67;4, AV DE LIEGE;M;4884350;241941;940
201400045409;14;1;25;1900;5;2;1;1;3;80;92, R DE MONTREUIL;M;4885060;243457;940
201400045410;14;2;12;1925;5;2;2;2;6;67;95, DE GAULLE / ROBERT-A;M;4883590;241902;940
201400045411;14;2;19;145;5;2;2;1;3;67;AV DE PARIS / JOFFRE;M;4884650;241843;940
201400045412;14;3;5;735;1;2;1;1;6;80;12, AV DE PARIS;M;4884470;243702;940
201400045413;14;3;5;1610;1;2;1;1;6;80;04, R DU MIDI;M;4884720;243811;940
201400045414;14;3;6;920;1;2;1;1;2;67;07, FOCH;M;4884550;241958;940
201400045415;14;3;14;1830;1;2;1;1;2;80;4, AV DE PARIS;M;4884460;243827;940
201400045416;14;3;24;1400;1;2;1;1;6;80;AV DE PARIS;M;4884530;243100;940
201400045417;14;4;2;840;1;2;2;1;3;80;PARIS / GENERAL DE GAULL;M;4884500;243459;940
201400045418;14;4;6;1055;1;2;5;1;6;80;1, DEFRANCE / LIBERATION;M;4884790;244590;940
201400045419;14;4;8;920;1;2;2;1;3;67;SACROT / DE GAULLE;M;4884010;241753;940
201400045420;14;4;12;1600;1;2;3;1;3;67;JOFFRE / VITEAU;M;4884760;241763;940
201400045421;14;4;14;1725;1;2;1;1;6;80;20, R MASSUE;M;4884780;242530;940
201400045422;14;4;14;1830;1;2;2;1;2;67;GAULLE / HUGO;M;4884360;241761;940
201400045423;14;4;15;2000;2;2;1;1;3;80;16, AV DU GENERAL DE GAU;M;4884400;243430;940
201400045424;14;4;22;150;5;2;1;1;6;80;AV DE PARIS;M;4884580;242553;940
201400045425;14;5;6;1750;1;2;2;1;4;80;PARIS / MARECHEAUX;M;4884460;243875;940
201400045426;14;5;9;1840;1;2;4;1;6;80;93, REPUBLIQUE / DAUMESN;M;4885040;243546;940
201400045427;14;5;12;250;5;2;2;1;2;80;1, AV DE PARIS;M;4884500;243459;940
201400045428;14;5;15;2110;1;2;3;1;3;80;PARIS / MARIGNY;M;4884460;243875;940
201400045429;14;5;16;1910;1;2;1;1;6;80;141, R DEFRANCE;M;4884910;245540;940
201400045430;14;5;20;2005;1;2;2;8;2;80;PARIS / MARIGNY;M;4884460;243875;940
201400045431;14;6;5;1520;1;2;2;1;3;80;BERAULT / REPUBLIQUE;M;4884630;242880;940
201400045432;14;6;12;1145;1;2;2;1;3;67;DE GAULLE / LIEGE / HUGO;M;4884360;241890;940
201400045433;14;6;12;1820;1;2;3;1;1;80;AUBERT / L'EGALITE;M;4884750;242900;940
201400045434;14;6;14;1805;1;2;1;1;6;80;AV CARNOT;M;4884240;243327;940
201400045435;14;6;15;1745;1;2;3;1;6;67;DE GAULLE / BIR-HAKEIM;M;4884230;241762;940
201400045436;14;6;16;1905;1;2;3;1;3;67;JOFFRE / VITEAU;M;4884760;241763;940
201400045437;14;6;20;1820;1;2;1;1;3;80;AV DU CHATEAU;M;4884870;243715;940
201400045438;14;6;25;1305;1;2;1;1;6;80;AV DU GENERAL DE GAULLE;M;4884490;243457;940
201400045439;14;6;29;15;5;2;1;2;3;67;AV DES MINIMES;M;4884160;242753;940
201400045440;14;7;2;1010;1;2;2;1;6;67;MOUCHOTTE / ALPHAND;M;4883700;241553;940
201400045441;14;7;6;2250;5;2;1;1;6;67;133,  GALLIENI;M;4884620;241676;940
201400045442;14;7;10;1630;1;2;1;8;3;67;188, AV GALLIENI;M;4884690;241644;940
201400045443;14;7;11;1810;1;2;3;1;3;67;PARIS / PASTEUR;M;4884600;242363;940
201400045444;14;7;12;1520;1;2;1;1;3;67;6, R CART;M;4884470;241867;940
201400045445;14;7;27;2005;2;2;3;1;3;80;MINIMES / DE GAULLE;M;4884100;243288;940
201400045446;14;7;29;1945;1;2;3;8;3;80;DEROULEDE / MASSENET;M;4884900;245301;940
201400045447;14;6;15;1130;1;2;3;1;3;80;FONTENAY / BELFORT;M;4884870;243080;940
201400045448;14;6;19;2015;1;2;3;1;6;80;MINIMES/PETIT PARC;M;4884150;242822;940
201400045449;14;8;7;1815;1;2;1;1;1;80;74, AV DE PARIS;M;4884540;242986;940
201400045450;14;8;21;55;5;2;5;1;3;67;FOCH / LECLERC;M;4884650;241756;940
201400045451;14;8;24;2345;5;2;1;1;3;80;5, COUR MARIGNY;M;4884480;243879;940
201400045452;14;8;29;1308;1;2;1;1;3;80;AV DE NOGENT;M;4884450;243913;940
201400045453;14;8;31;1325;1;2;1;1;6;80;127, REPUBLIQUE;M;4885150;243710;940
201400045454;14;9;2;1705;1;2;1;1;2;80;62, AUBERT;M;4884740;242828;940
201400045455;14;9;14;2315;5;2;1;1;1;80;62, AV DE LA REPUBLIQUE;M;4884950;243398;940
201400045456;14;9;17;1750;1;2;3;1;3;67;DE GAULLE / COURBET;M;4884550;241757;940
201400045457;14;9;17;1840;1;2;3;1;6;67;JOFFRE / VALLEES;M;4884720;241761;940
201400045458;14;9;18;1755;1;2;5;1;2;67;PARIS / DE GAULLE;M;4884640;241916;940
201400045459;14;9;19;1750;1;2;3;1;6;67;2, GAMBETTA / CART;M;4884390;241878;940
201400045460;14;9;20;630;5;2;3;1;6;80;PARIS / CHATEAU;M;4884480;243641;940
201400045461;14;9;23;1705;1;2;1;1;5;67;41, AV JOFFRE;M;4884920;241765;940
201400045462;14;9;25;1620;1;2;3;1;6;80;PARC / LUMIERE;M;4884340;242851;940
201400045463;14;9;28;350;5;2;1;1;1;80;24, CHATEAU;M;4884720;243691;940
201400045464;14;9;29;1845;1;2;3;1;3;80;LAGNY / PREVOYANCE;M;4884930;242083;940
201400045465;14;10;9;1955;5;2;1;1;3;80;176, DIDEROT (R);;;;940
201400045466;14;10;17;920;1;2;1;1;7;80;24, REPUBLIQUE (AV DE LA;;;;940
201400045467;14;10;23;1925;5;2;9;1;6;80;23, DOCTEUR LEBEL (R DU);;;;940
201400045468;14;10;23;1130;1;2;3;1;3;67;108, BRIERE DE BOISMONT;;;;940
201400045469;14;11;4;2245;5;2;1;1;3;67;., GENERAL DE GAULLE (AV;;;;940
201400045470;14;11;7;1520;1;2;1;1;6;67;2, AV GENERAL DE GAULLE;M;4884600;241756;940
201400045471;14;11;14;1930;5;2;1;1;1;80;97, REPUBLIQUE (AV DE LA;;;;940
201400045472;14;11;18;1750;5;2;1;3;3;80;92, AUBERT (AV);;;;940
201400045473;14;12;2;1350;1;2;9;8;3;80;20, PARIS (AV DE);;;;940
201400045474;14;12;4;1000;1;2;1;8;6;80;30, LAITIERES (R DES);;;;940
201400045475;14;12;5;400;5;2;1;1;6;80;57, PARIS (AV DE);;;;940
201400045476;14;12;6;1945;5;2;1;1;7;67;., GENERAL LECLERC (CENT;;;;940
201400045477;14;12;8;1450;1;2;1;1;2;80;8-10, FRANCE (R DE);;;;940
201400045478;14;12;9;1400;1;2;1;1;6;80;83, FONTENAY (R DE);;;;940
201400045479;14;12;9;1740;5;2;1;1;7;80;134, FRANCE (R DE);;;;940
201400045480;14;12;9;2255;5;2;1;1;2;80;117, PARIS (av. de);;;;940
201400045481;14;12;10;1915;5;2;3;2;7;80;MINIMES (AV DES);;;;940
201400045482;14;12;12;1345;1;2;3;2;3;80;163, FONTENAY (R DE);;;;940
201400045483;14;12;16;2010;5;2;2;1;6;67;1, CHARLES DIGEON (PL);;;;940
201400045484;14;1;6;1810;4;2;1;2;6;81;R DE LA CONCORDE;M;4879870;238219;940
201400045485;14;1;7;1415;1;1;2;1;3;81;QU JULES GUESDE/R EUGENE;M;4879480;241825;940
201400045486;14;1;8;610;5;2;3;1;6;81;EUGENE DERRIEN/ARMANGO;M;4877490;237378;940
201400045487;14;1;9;1200;1;2;2;8;3;81;R EDITH CAVELL/R BERTHIE;M;4879910;241143;940
201400045488;14;1;10;1825;5;2;2;1;5;81;BD DE STALINGRAD;M;4879850;238165;940
201400045489;14;1;14;1120;1;2;1;2;3;81;QU JULES GUESDE;M;4877450;241088;940
201400045490;14;1;16;635;4;2;2;2;6;81;GABRIEL PERI/ PAUL VAILL;M;4879780;239947;940
201400045491;14;1;20;1030;1;2;1;1;3;81;18, AV DU PRESIDENT SALV;M;4879590;241153;940
201400045492;14;1;20;1300;1;2;1;1;3;81;47, R CHARLES HELLER;M;4879250;241041;940
201400045493;14;1;21;1550;1;2;4;1;2;81;GUESDE / BLANQUI;M;4880570;240804;940
201400045494;14;1;24;2230;5;2;1;1;5;81;105 BD DE STALINGRAD;M;4879960;238072;940
201400045495;14;1;27;1850;5;2;2;1;2;81;EDITH CAVELL/SALVADOR;M;4879600;241273;940
201400045496;14;1;17;1540;1;2;2;1;6;81;131, PAUL VAILLANT COUTU;M;4879170;239478;940
201400045497;14;2;11;1215;1;2;1;1;6;81;06, AV ALBERT THOMAS;M;4878340;239451;940
201400045498;14;2;12;325;5;2;2;2;3;81;STALINGRAD/BEETHOVEN;M;4879850;238165;940
201400045499;14;2;13;745;3;2;1;3;6;81;113, R CAMILLE GROULT;M;4878650;239345;940
201400045500;14;2;17;1215;1;2;6;1;3;81;GEFFROY / BEL AIR;M;4878180;240754;940
201400045501;14;2;28;2100;5;2;2;1;3;81;GABRIEL PERI / BERT;M;4878690;240480;940
201400045502;14;3;5;2000;5;2;2;1;3;81;BARBUSSE / DEFRESNE;M;4879280;239127;940
201400045503;14;3;6;1510;1;2;3;1;3;81;ALBRECHT / CAVELL;M;4879910;241143;940
201400045504;14;3;9;1220;1;2;1;7;6;81;AV AMBROISE CROIZAT;M;4879130;239225;940
201400045505;14;3;8;1715;1;2;3;1;3;81;GUESDE / HENAFF;M;4879470;241797;940
201400045506;14;3;12;2355;5;2;4;1;3;81;ALLENDE / SEINE;M;4879550;240691;940
201400045507;14;3;14;500;5;2;1;1;6;81;15TER, PRESIDENT SALVADO;M;4879580;241026;940
201400045508;14;3;19;1640;1;2;2;1;3;81;ALLENDE / CAVELL;M;4879600;241273;940
201400045509;14;3;20;1205;1;2;1;1;6;81;19, R GERARD PHILIPE;M;4877450;237709;940
201400045510;14;3;20;1720;1;2;2;1;3;81;COUTURIER / POINCARE;M;4879600;239808;940
201400045511;14;3;21;835;1;2;1;2;6;81;AV ROUGET DE LISLE;M;4878250;239449;940
201400045512;14;3;28;2240;5;2;1;1;6;81;R CONSTANT COQUELIN;M;4878030;239617;940
201400045513;14;3;31;1505;1;2;1;8;6;81;R JULIAN GRIMAU;M;4878020;237371;940
201400045514;14;4;1;1145;1;2;2;1;6;81;8 MAI 1945 / CAMILLE BLA;M;4878400;239617;940
201400045515;14;4;4;2350;5;2;1;1;6;81;159, PAUL VAILLANT COUTU;M;4879180;239486;940
201400045516;14;4;8;855;1;2;3;1;3;81;JULES GUESDE / HENAFF;M;4879470;241797;940
201400045517;14;4;9;805;1;2;1;1;6;81;117, QU JULES GUESDE;M;4880420;240884;940
201400045518;14;3;22;1955;3;2;1;1;6;81;15, R LEON GEFFROY;M;4877540;240925;940
201400045519;14;3;21;2140;5;2;6;1;6;81;SAQUET /PELLETAN;M;4879230;238625;940
201400045520;14;4;10;1715;1;2;3;1;1;81;COLONEL FABIEN / LEBRUN;M;4878250;238088;940
201400045521;14;4;11;830;1;2;1;1;6;81;34, AV YOURI GAGARINE;M;4878600;239159;940
201400045522;14;4;14;920;1;2;2;1;6;81;COUTURIER / L'INSURRECTI;M;4879880;240038;940
201400045523;14;4;16;1935;1;2;2;1;3;81;BARBUSSE / VILMORIN;M;4879260;238877;940
201400045524;14;4;18;1430;1;2;2;1;6;81;CASANOVA / MOQUET;M;4879110;239670;940
201400045525;14;4;20;555;5;2;1;1;2;81;23, AV DU GROUPE MANOUCH;M;4879040;240476;940
201400045526;14;4;24;1615;1;2;2;1;3;81;NORIETS / PLANQUETTE;M;4879440;237924;940
201400045527;14;4;29;740;1;2;3;1;3;81;GUESDE / CONSTANTIN;M;4880750;240773;940
201400045528;14;4;29;810;1;2;1;1;6;81;PAUL VAILLANT COUTURIER;M;4879220;239507;940
201400045529;14;4;29;1720;1;2;1;2;6;81;230, R GABRIEL PERI;M;4879790;239945;940
201400045530;14;4;30;1540;1;2;2;1;3;81;STALINGRAD / BEETHOVEN;M;4879850;238165;940
201400045531;14;5;2;930;1;2;1;1;3;81;20, EUGENE PELLETAN;M;4879360;238565;940
201400045532;14;5;3;1440;1;2;1;1;5;81;PORT A L'ANGLAIS;M;4879690;241807;940
201400045533;14;5;3;1610;1;2;1;1;6;81;15, AV DU 8 MAI 1945;M;4878450;239865;940
201400045534;14;5;4;1718;1;2;3;1;2;81;90, LAGAISSE / PERGOLESE;M;4879800;237899;940
201400045535;14;5;7;1120;1;2;6;1;5;81;GUESDE / ALLENDE;M;4878340;241778;940
201400045536;14;5;12;1810;1;2;3;1;2;81;PERI / MARAIS;M;4879920;239913;940
201400045537;14;5;13;1650;1;2;3;1;1;81;FABIEN / VERTE;M;4878260;238076;940
201400045538;14;5;14;1440;1;2;1;1;4;81;QU JULES GUESDE;M;4879730;241593;940
201400045539;14;5;17;1900;1;2;1;1;3;81;272, R GABRIEL PERI;M;4880120;239866;940
201400045540;14;5;18;1950;1;2;2;1;3;81;RONDENAY / MALLERET JOIN;M;4878110;240304;940
201400045541;14;5;20;805;1;2;1;1;6;41;174, LOUISE AGLAE CRETTE;M;4880220;239694;940
201400045542;14;5;22;2025;1;2;2;1;3;81;REPUBLIQUE / EINSTEIN;M;4880170;239832;940
201400045543;14;5;27;1100;1;2;1;1;3;81;20, VAILLANT COUTURIER;M;4879920;240072;940
201400045544;14;6;5;1810;1;2;2;1;6;81;GAGARINE / ROGER DERRY;M;4878940;238917;940
201400045545;14;6;10;1623;1;1;1;1;4;22;A86;M;4877340;240299;940
201400045546;14;6;11;1030;1;1;1;1;4;22;A86, BRETELLE A86;M;4877340;240318;940
201400045547;14;6;12;1450;1;2;1;1;3;81;AV ROUGET DE LISLE;M;4877490;239861;940
201400045548;14;6;13;1600;1;2;2;1;3;81;CONTESENNE / PERI;M;4879170;240181;940
201400045549;14;6;18;1050;1;2;3;1;3;81;STALINGRAD / BEETHOVEN;M;4879850;238165;940
201400045550;14;6;19;1750;1;2;1;1;6;81;R EUGENE HENAFF;M;4879470;241797;940
201400045551;14;6;21;1200;1;2;3;1;3;81;HAVET / PASCAL;M;4878330;240200;940
201400045552;14;6;21;1830;1;2;3;1;6;81;GAGNEE/SOLIDARITE;M;4880380;238400;940
201400045553;14;6;23;840;1;2;1;1;3;81;R JULES LAGAISSE;M;4879830;237871;940
201400045554;14;6;25;1800;1;1;1;1;2;81;1, PONT DU PORT A L'ANGL;M;4879650;241744;940
201400045555;14;6;26;1400;1;2;1;1;3;81;IMP MARIE SORIN DEFRESNE;M;4879910;238232;940
201400045556;14;7;1;715;1;2;1;8;6;81;05, MAXIMILIEN ROBESPIER;M;4879170;238701;940
201400045557;14;7;2;1035;1;2;2;1;6;81;R AMPERE / 8 MAI 1945;M;4878440;239809;940
201400045558;14;7;3;1745;1;1;3;1;3;81;ROBESPIER / TONNEAU;M;4879090;238796;940
201400045559;14;7;6;2100;1;2;1;1;5;81;66, AV JEAN JAURES;M;4879400;240015;940
201400045560;14;7;9;1040;1;1;1;1;4;81;BRETELLE A86;M;4877340;240314;940
201400045561;14;7;12;1600;1;2;2;8;1;81;PARIS/11 NOVEMBRE 1918;M;4878280;239415;940
201400045562;14;7;15;130;5;2;1;1;7;81;20, R CLEMENT PERROT;M;4878750;239258;940
201400045563;14;7;21;1820;1;2;1;1;6;81;AV LUCIEN FRANCAIS;M;4878720;238643;940
201400045564;14;7;23;1700;1;2;1;1;3;81;34, BD DE STALINGRAD;M;4879680;238306;940
201400045565;14;8;2;1800;1;2;1;2;2;81;AV YOURI GAGARINE;M;4878830;239009;940
201400045566;14;8;5;1835;1;2;1;1;3;81;88, BD DE STALINGRAD;M;4879880;238136;940
201400045567;14;8;6;1920;1;1;1;2;4;81;A86;M;4877360;240437;940
201400045568;14;8;7;1040;1;2;6;1;3;81;PELLETAN/BARBUSSE;M;4879260;238665;940
201400045569;14;8;14;130;4;2;1;1;6;81;AV DU MOULIN DE SAQUET;M;4879180;238404;940
201400045570;14;8;17;955;1;2;2;1;3;81;MAGINOT / MARGUERITES;M;4879280;239765;940
201400045571;14;8;22;1630;1;2;2;1;3;81;STALINGRAD / BEETHOVEN;M;4879850;238165;940
201400045572;14;9;1;1435;1;2;7;1;3;81;LECLERC / DERRY;M;4878970;238984;940
201400045573;14;9;11;930;1;2;2;1;3;81;SALVADOR / CAVELL;M;4879600;241273;940
201400045574;14;9;11;1145;1;1;1;1;6;81;101, JEAN JAURES;M;4879320;239631;940
201400045575;14;9;11;1400;1;2;2;1;3;81;BLANC / THOMAS;M;4878400;239617;940
201400045576;14;9;12;1750;1;2;2;1;5;81;AV JEAN JAURES;M;4879410;240055;940
201400045577;14;7;10;1820;1;2;1;8;1;81;18, R DES JARDINS;M;4877260;237127;940
201400045578;14;9;26;1815;1;2;1;1;6;81;50, PAUL VAILLANT COUTUR;M;4879710;239892;940
201400045579;14;9;26;1820;1;2;2;1;6;81;YOURI GAGARINE;M;4878600;239159;940
201400045580;14;9;30;1340;1;2;2;1;3;81;GAGARINE / DERRY;M;4878940;238917;940
201400045581;14;10;1;1240;1;2;1;1;6;81;FREDERIC JOLIOT CURIE (R;;;;940
201400045582;14;10;1;1945;5;2;2;1;3;81;80, STALINGRAD (BD DE);;;;940