num_acc;an;mois;jour;hrmn;lum;agg;int;atm;col;com;adr;gps;lat;long;dep
201400045583;14;9;7;1640;1;2;3;1;3;81;MANOUCHIAN / BERTHELOT;M;4879070;240452;940
201400045584;14;9;8;1415;1;2;3;1;3;81;ALBRECHT / CAVELL;M;4879910;241143;940
201400045585;14;10;5;215;5;2;1;2;7;81;109, MOULIN DE SAQUET (A;;;;940
201400045586;14;10;8;2235;5;2;2;2;3;81;39, REPUBLIQUE (AV DE LA;;;;940
201400045587;14;10;13;1125;1;2;1;1;3;81;face 12, HENRI BARBUSSE;;;;940
201400045588;14;10;13;2020;5;2;2;1;3;81;1, ROUGET DE L ISLE (AV);;;;940
201400045589;14;10;14;747;1;2;3;1;4;81;198, GABRIEL PERI (R);;;;940
201400045590;14;10;14;1650;1;2;2;1;3;81;164, ROUGET DE L ISLE (A;;;;940
201400045591;14;10;14;1830;1;2;1;1;3;81;99, STALINGRAD (BD DE);;;;940
201400045592;14;10;14;2345;5;2;6;1;7;81;EUGENE PELLETAN - CAR DE;;;;940
201400045593;14;10;16;2120;5;2;1;3;3;81;ROUGET DE L ISLE (AV);;;;940
201400045594;14;10;20;605;5;2;1;1;6;81;77, JULES GUESDE (QU);;;;940
201400045595;14;10;21;1750;1;2;3;1;3;81;1, JULES GUESDE (QU);;;;940
201400045596;14;10;25;1445;1;2;1;2;7;81;, HENRI BARBUSSE (AV);;;;940
201400045597;14;10;25;1510;1;1;1;8;4;81;BRETELLE A86;M;4877340;240321;940
201400045598;14;10;29;1940;5;2;9;1;3;81;YOURI GAGARINE (AV);;;;940
201400045599;14;11;1;340;5;2;6;1;6;81;PELLETAN/BARBUSSE;M;4879230;238726;940
201400045600;14;11;3;1236;1;2;1;8;6;81;PRESIDENT SALVADOR ALLEN;;;;940
201400045601;14;11;8;1045;1;2;1;1;6;81;10, LOUISE AGLAE CRETTE;;;;940
201400045602;14;11;11;1340;1;1;1;1;6;81;98, ANATOLE FRANCE (AV);;;;940
201400045603;14;11;16;1000;1;2;1;8;6;81;75, JEAN JAURES (AV);;;;940
201400045604;14;11;18;1700;5;2;1;2;4;81;153, JULIAN GRIMAU (R);;;;940
201400045605;14;11;23;1005;1;2;1;1;6;81;04, BIZET (R);;;;940
201400045606;14;11;27;1020;1;2;1;8;6;81;04, PRESIDENT SALVADOR A;;;;940
201400045607;14;11;28;1830;5;2;2;8;6;81;Angle, EUGENE HENAFF (R);;;;940
201400045608;14;11;29;1955;5;2;1;1;7;81;PAUL VAILLANT COUTURIER;;;;940
201400045609;14;12;1;1705;5;2;1;2;6;81;195, JULIAN GRIMAU (R);;;;940
201400045610;14;12;1;1915;5;2;2;2;6;81;COLONEL FABIEN (AV DU);;;;940
201400045611;14;12;4;1430;1;2;1;8;6;81;ROUGET DE L ISLE (AV);;;;940
201400045612;14;12;6;250;5;2;2;1;3;81;GABRIEL PERI (R);;;;940
201400045613;14;12;7;930;1;1;1;1;6;81;40, SAINT MARTIN (CHE);;;;940
201400045614;14;12;7;1540;1;1;1;2;2;81;BRETELLE A86;M;4877340;240289;940
201400045615;14;12;10;1920;5;2;2;2;6;81;STALINGRAD (BD DE);;;;940
201400045616;14;12;18;950;1;2;1;1;2;81;01, PAUL VAILLANT COUTUR;;;;940
201400045617;14;12;18;1809;5;2;2;1;6;81;NEUVE/P VAILLANT COUTURI;M;4879600;239808;940
201400045618;14;12;19;1625;1;2;9;3;3;81;EUGENE HENAFF (R);;;;940
201400045619;14;12;26;35;3;2;1;1;2;81;angle, ABBE ROGER DERRY;;;;940
201400045620;14;12;30;2009;5;2;2;1;3;81;zngle, YOURI GAGARINE (A;;;;940
201400045621;14;7;19;1825;1;2;2;1;3;81;TIMBAUD / PAUL BERT;M;4878690;240480;940
201400045622;14;1;14;2315;5;2;1;2;1;18;AV STALINGRAD;M;4898590;241060;950
201400045623;14;1;18;2300;5;2;2;1;2;176;BD CLEMENCEAU;M;4897340;218920;950
201400045624;14;1;23;940;1;2;3;1;3;582;AV DE LA SABERNAUDE;M;4897740;224260;950
201400045625;14;1;22;1425;1;2;1;2;2;18;RTE D'ENGHIEN;M;4895620;228010;950
201400045626;14;1;24;940;1;2;1;1;3;18;R HENRI BARBUSSE;M;4893670;223940;950
201400045627;14;1;26;1840;5;2;1;1;6;18;R DE LA GRANDE CEINTURE;M;4894970;226130;950
201400045628;14;1;29;1745;2;2;3;2;3;582;R DE LA REPUBLIQUE;M;4897230;226270;950
201400045629;14;1;31;2245;5;2;1;2;6;18;R HENRI BARBUSSE;M;4893210;223090;950
201400045630;14;2;4;1655;1;2;1;1;6;18;R DES MESSIERS;M;4894250;223550;950
201400045631;14;2;5;1410;1;2;3;1;3;18;BD MARTYRS DE CHATEAUBR;M;4895080;220890;950
201400045632;14;2;8;1545;1;2;1;2;6;18;AV DE VERDUN;M;4895370;224290;950
201400045633;14;2;11;1310;1;2;1;1;3;18;R LHERAULT CLOUQUEUR;M;4894320;223980;950
201400045634;14;2;11;1955;5;2;1;2;7;18;AV JEAN JAURES;M;4894050;222250;950
201400045635;14;2;14;815;1;2;1;2;2;18;QU DE BEZONS;M;4893420;224160;950
201400045636;14;2;21;2335;5;2;3;1;3;18;R JEAN LURCAT;M;4895140;222920;950
201400045637;14;2;23;1500;1;2;1;1;7;582;R DE L'ERMITAGE;M;4897260;223640;950
201400045638;14;2;22;1940;2;2;1;1;1;18;RTE DE CORMEILLES;M;4895870;222810;950
201400045639;14;2;25;855;1;2;1;2;3;18;RD 311;M;4894510;226250;950
201400045640;14;3;1;2100;5;2;3;1;3;18;RTE DE PONTOISE;M;4894290;220660;950
201400045641;14;3;3;830;1;2;2;2;3;18;R ALFRED LABRIERE;M;4894460;225480;950
201400045642;14;2;24;1810;1;2;1;1;6;18;BD GENERAL DELAMBRE;M;4893730;222320;950
201400045643;14;3;6;825;1;2;4;1;6;18;AV MARECHAL FOCH;M;4894660;225680;950
201400045644;14;3;5;1618;1;2;2;1;3;582;BD GABRIEL PERI;M;4896970;226320;950
201400045645;14;3;18;1140;1;2;1;1;3;18;RTE D'ENGHIEN;M;4895660;228290;950
201400045646;14;3;11;750;1;2;1;1;3;582;BD GAMBETTA;M;4897660;224480;950
201400045647;14;3;10;505;4;2;1;2;6;176;BD JOFFRE;M;4896030;220310;950
201400045648;14;3;16;2220;3;2;4;1;6;18;R DU NORD;M;4895999;225520;950
201400045649;14;3;21;30;5;2;3;1;7;18;AV DE STALINGRAD;M;4895290;226920;950
201400045650;14;3;23;715;1;2;1;1;6;176;BD JOFFRE;M;4896630;219860;950
201400045651;14;3;23;305;5;2;1;1;7;18;R ANTONIN BELIN;M;4894890;223630;950
201400045652;14;3;24;855;1;2;1;1;6;18;R DE  BARENTIN;M;4893540;222120;950
201400045653;14;3;26;1055;1;2;5;1;3;176;BD JOFFRE;M;4896480;219990;950
201400045654;14;3;25;910;1;2;3;1;2;582;BD GABRIEL PERI;M;4896430;226090;950
201400045655;14;3;28;1330;1;2;1;1;4;18;BD MARCEAU GUILLOT;M;4895540;224390;950
201400045656;14;3;29;1710;2;2;2;1;2;18;AV DU GENERAL DE GAULLE;M;4893990;224510;950
201400045657;14;4;4;1930;1;2;1;1;6;18;AV JEAN JAURES;M;4894030;222560;950
201400045658;14;4;4;2135;5;2;1;1;7;18;ALL ALFRED SISLEY;M;4895480;223030;950
201400045659;14;4;9;1930;5;2;2;1;3;18;BD MARTYRS CHATEAUBRIANT;M;4895050;220780;950
201400045660;14;4;5;920;1;2;1;1;2;582;BD GAMBETTA;M;4897710;224360;950
201400045661;14;4;5;1957;1;2;1;1;3;582;BD GAMBETTA;M;4897540;224820;950
201400045662;14;4;12;55;5;2;2;1;3;18;BD JEAN ALLEMANE;M;4895860;225730;950
201400045663;14;4;8;2035;5;2;3;1;3;18;QU DE BEZONS;M;4894260;225680;950
201400045664;14;4;10;1955;1;2;1;1;3;176;BD CLEMENCEAU;M;4896990;219420;950
201400045665;14;4;14;1946;1;1;1;1;3;18;QU DE BEZONS;M;4894850;227280;950
201400045666;14;4;22;1645;1;2;2;1;4;18;BD DU GENERAL LECLERC;M;4894560;223360;950
201400045667;14;4;16;1600;1;2;3;1;6;18;BD JEAN ALLEMANE;M;4895410;225450;950
201400045668;14;4;21;1355;1;2;3;1;3;176;RD 121;M;4895890;220090;950
201400045669;14;4;26;1240;1;2;1;1;6;18;R JOLIOT CURIE;M;4895750;228550;950
201400045670;14;4;24;2011;1;1;1;8;1;582;R DE L'HERMITAGE;M;4897330;223650;950
201400045671;14;4;28;2250;5;2;2;1;1;18;BD  LEON FEIX;M;4894820;225190;950
201400045672;14;4;28;1620;1;2;2;1;2;18;R DU LCL PRUDHON;M;4894310;224260;950
201400045673;14;4;29;1700;1;2;1;1;6;18;ALL PIERRE DE RONSARD;M;4895390;222330;950
201400045674;14;4;30;800;1;2;1;1;6;18;R D' EAUBONNE;M;4895980;225690;950
201400045675;14;5;2;30;3;1;1;3;6;18;QU DE BEZONS;M;4893880;224970;950
201400045676;14;5;4;1655;1;2;4;1;6;18;R DE LA GRANDE VOIE;M;4896090;223650;950
201400045677;14;4;30;1800;1;2;2;1;2;18;BD DU GENERAL LECLERC;M;4894670;223810;950
201400045678;14;5;6;1635;1;2;1;1;1;18;R DES PROVENCAUX;M;4895270;228420;950
201400045679;14;5;9;1850;1;1;1;1;4;18;QU DE BEZONS;M;4894290;225720;950
201400045680;14;5;11;1200;1;2;1;1;2;176;RTE D'ARGENTEUIL;M;4896960;220130;950
201400045681;14;5;16;1236;1;2;4;1;3;18;R D'EPINAY;M;4895370;228020;950
201400045682;14;5;20;1557;1;2;7;2;2;176;AV DE LA LIBERATION;M;4897170;219710;950
201400045683;14;5;21;545;2;2;1;1;6;18;BD  VERCINGETORIX;M;4895240;225380;950
201400045684;14;5;23;1732;1;2;1;2;6;18;R DE NOYON;M;4895480;222140;950
201400045685;14;5;24;1820;1;2;1;1;6;18;BD JEAN ALLEMANE;M;4895890;225750;950
201400045686;14;5;24;1310;1;2;2;2;7;176;VIEUX CHEMIN DE LA BATAI;M;4896910;220230;950
201400045687;14;5;26;1454;1;2;1;1;6;18;BD GALLIENI;M;4894190;224190;950
201400045688;14;5;28;1406;1;2;4;1;2;18;R DE LA GRANDE CEINTURE;M;4894980;226140;950
201400045689;14;5;30;1345;1;2;1;1;6;18;RTE DE PONTOISE;M;4894710;220620;950
201400045690;14;5;29;2130;2;2;1;1;6;18;R DE LA VOIE DES BANS;M;4894710;226650;950
201400045691;14;5;31;1525;1;2;2;1;7;582;BD  J.F KENNEDY;M;4896650;226930;950
201400045692;14;6;2;1720;1;2;1;1;6;176;R LOUIS GONSE;M;4897810;220530;950
201400045693;14;6;5;1810;1;2;1;1;4;18;QUAI DE BEZONS;M;4894290;225730;950
201400045694;14;6;6;2140;2;2;1;1;6;18;AV JEAN JAURES;M;4894090;221650;950
201400045695;14;6;4;1020;1;2;2;2;3;176;BD GEORGES CLEMENCEAU;M;4896960;219460;950
201400045696;14;6;6;2250;5;2;3;1;3;18;R DE LA GRANDE VOIE;M;4896060;223310;950
201400045697;14;6;4;839;1;2;1;1;5;18;AV JEAN JAURES;M;4894070;222050;950
201400045698;14;6;9;1900;1;2;1;1;6;18;R DE SALONIQUE;M;4895010;220780;950
201400045699;14;6;12;900;1;2;3;1;3;18;BD MARCEAU GUILLOT;M;4895510;225270;950
201400045700;14;6;12;1825;1;2;3;1;3;18;BD MARCEAU GUILLOT;M;4895580;225060;950
201400045701;14;6;13;1105;1;2;3;1;3;18;BD JEAN ALLEMANE;M;4895410;225440;950
201400045702;14;6;13;1550;1;2;5;1;6;18;R ALFRED LABRIERE;M;4894860;225350;950
201400045703;14;6;14;1115;1;2;1;1;6;18;BD GAGARINE;M;4896070;225150;950
201400045704;14;6;15;1605;1;2;4;1;2;176;BD JOFFRE;M;4896150;220230;950
201400045705;14;6;18;1750;1;2;1;1;6;18;R BARATIER;M;4893450;223450;950
201400045706;14;6;18;2000;1;2;1;1;6;18;R JEAN LURCAT;M;4895170;222880;950
201400045707;14;6;19;1815;1;1;1;1;6;18;RTE DE CORMEILLES;M;4894930;223750;950
201400045708;14;6;28;1750;1;2;1;2;7;18;R DU PERREUX;M;4894540;222490;950
201400045709;14;6;29;1750;1;2;2;1;6;18;AV GABRIEL  PERI;M;4894420;225090;950
201400045710;14;7;2;2110;1;2;3;1;3;18;R DE LA BERIONNE;M;4895130;222170;950
201400045711;14;7;6;130;5;2;2;1;2;18;R DU LT COLONEL PRUDHON;M;4894270;224310;950
201400045712;14;7;6;1320;1;2;2;3;6;18;R JEAN MOULIN;M;4893970;224020;950
201400045713;14;7;6;1600;1;2;1;2;3;18;RD 311;M;4895010;227630;950
201400045714;14;7;8;945;1;1;1;1;6;18;R DE GODE;M;4895860;225960;950
201400045715;14;7;9;1410;1;2;2;2;3;18;R DU NORD;M;4896090;225550;950
201400045716;14;7;11;825;1;2;2;2;6;18;R P.VAILLANT COUTURIER;M;4894630;225420;950
201400045717;14;7;12;1030;1;2;2;1;6;582;AV  DAMIETTE;M;4897210;225610;950
201400045718;14;7;18;105;5;2;1;1;6;18;BD JEAN  ALLEMANE;M;4894970;225360;950
201400045719;14;7;22;1820;1;2;2;1;3;18;AV DE L'ESPACE;M;4896090;225550;950
201400045720;14;7;23;2020;1;2;1;2;7;18;R ALFRED LABRIERE;M;4894750;225380;950
201400045721;14;7;24;1615;1;2;1;1;2;18;BD DE LA RESISTANCE;M;4895120;223320;950
201400045722;14;7;26;2000;1;2;1;1;3;582;BD GABRIEL PERI;M;4896870;226280;950
201400045723;14;7;28;1805;1;2;1;1;6;18;AV MAURICE UTRILLO;M;4894110;223450;950
201400045724;14;8;1;605;2;2;1;1;2;18;RTE DE PONTOISE;M;4895040;220580;950
201400045725;14;8;1;700;1;2;1;1;5;18;AV JEAN  JAURES;M;4893970;223160;950
201400045726;14;8;1;1300;1;2;1;1;2;18;R LUCIEN SAMPAIX;M;4894050;220690;950
201400045727;14;8;14;1800;1;2;1;2;6;18;R DE  PASSEMAY;M;4896310;222530;950
201400045728;14;8;21;2015;1;2;1;1;3;18;PONT D'ARGENTEUIL;M;4894110;225410;950
201400045729;14;8;18;1505;1;2;2;1;3;18;R ANTONIN GEORGES BELIN;M;4894840;223770;950
201400045730;14;8;29;1900;1;2;1;1;6;18;R P.VAILLANT COUTURIER;M;4894620;225410;950
201400045731;14;9;1;1840;1;2;2;1;6;18;AV JEAN JAURES;M;4894020;222580;950
201400045732;14;9;6;2000;2;2;1;1;3;18;RTE DE PONTOISE;M;4894830;220610;950
201400045733;14;9;5;745;1;2;2;1;3;18;R DES ALLOBROGES;M;4895520;221810;950
201400045734;14;9;6;1250;1;2;5;1;6;18;AV D'ARGENTEUIL;M;4894090;220810;950
201400045735;14;9;8;1220;1;2;1;1;3;176;BD JOFFRE;M;4896680;219840;950
201400045736;14;9;12;930;1;2;3;1;6;18;BD HELOISE;M;4893910;224780;950
201400045737;14;9;13;1950;1;2;1;1;6;18;AV GABRIEL PERI;M;4894620;224890;950
201400045738;14;9;14;1640;1;2;3;1;6;582;BD GAMBETTA;M;4897730;224290;950
201400045739;14;9;17;40;5;2;1;1;6;18;AV DU MARECHAL JOFFRE;M;4896270;223650;950
201400045740;14;9;22;2105;5;2;3;1;6;18;AV JEAN JAURES;M;4893990;222740;950
201400045741;14;9;30;1720;1;2;1;1;3;582;BD CHARLES DE GAULLE;M;4897260;225520;950
201400045742;14;10;3;950;1;2;2;1;1;18;R DU NORD;M;4896090;225550;950
201400045743;14;10;3;926;1;2;2;1;3;18;AV GABRIEL PERI;M;4894550;224970;950
201400045744;14;10;10;2020;5;2;2;1;3;582;R SAINT DENIS;M;4896750;225610;950
201400045745;14;10;15;1455;1;2;1;1;6;18;R DE LA GRANDE CEINTURE;M;4894960;226120;950
201400045746;14;10;18;130;5;2;6;1;2;582;BD MAURICE BERTEAUX;M;4896720;227320;950
201400045747;14;10;18;1815;1;2;1;1;3;18;R DU TROUPEAU;M;4894540;222370;950
201400045748;14;10;20;140;5;2;1;1;7;18;R PAUL VAILLANT COUTURIE;M;4894270;224790;950
201400045749;14;10;17;820;1;2;2;1;4;18;BD LEON FEIX;M;4894610;224790;950
201400045750;14;10;16;2100;5;2;2;2;1;176;R DE  SAINT-GERMAIN;M;4896680;219370;950
201400045751;14;10;21;1820;2;2;2;2;2;18;AV JEAN JAURES;M;4893980;222830;950
201400045752;14;10;22;1155;1;2;3;1;3;18;R JEAN LURCAT;M;4895140;222920;950
201400045753;14;10;26;1655;1;2;1;1;6;18;AV DE L'ABATTOIR;M;4893190;223210;950
201400045754;14;10;28;645;1;2;2;2;1;18;AV DU MARAIS;M;4893240;223360;950
201400045755;14;10;31;835;1;2;1;1;6;18;AV DE  STALINGRAD;M;4894970;225810;950
201400045756;14;10;30;1530;1;2;1;1;1;18;AV GEORGES CLEMENCEAU;M;4895750;223730;950
201400045757;14;10;30;1340;1;2;3;1;3;18;RTE D'ENGHIEN;M;4895670;228360;950
201400045758;14;10;31;1325;1;2;4;1;1;18;R DES ALLOBROGES;M;4895520;221880;950
201400045759;14;11;7;1111;1;2;1;2;6;18;R PIERRE GUIENNE;M;4894360;225620;950
201400045760;14;11;7;1330;1;2;1;2;2;18;BD DU GENERAL LECLERC;M;4893960;222830;950
201400045761;14;11;6;1700;1;2;2;1;6;176;BD GEORGES CLEMENCEAU;M;4897260;219040;950
201400045762;14;11;7;754;1;2;1;1;6;18;R MICHEL CARRE;M;4893240;223360;950
201400045763;14;11;8;1340;1;2;1;1;3;18;AV GABRIEL  PERI;M;4894350;225170;950
201400045764;14;11;6;1410;1;2;1;1;2;176;R DU CHEMIN VERT;M;4896010;220640;950
201400045765;14;11;13;845;4;2;1;1;2;18;R D' EPINAY;M;4895160;227790;950
201400045766;14;11;14;1405;1;2;3;2;6;18;R BARATIER;M;4893960;223070;950
201400045767;14;11;16;921;1;2;2;2;3;18;R AMBROISE THOMAS;M;4893980;223450;950
201400045768;14;11;19;1750;5;1;1;2;3;18;QUAI DE BEZONS;M;4893560;224360;950
201400045769;14;11;21;1640;1;2;2;1;6;18;R P VAILLANT COUTURIER;M;4894430;225110;950
201400045770;14;11;19;1535;1;2;1;1;6;18;R PIERRE JOLY;M;4894580;225060;950
201400045771;14;11;23;1035;1;2;2;1;3;18;R LT COLONEL PRUDHON;M;4894270;224310;950
201400045772;14;11;24;1125;1;2;3;2;7;18;R HENRI BARBUSSE;M;4893970;224460;950
201400045773;14;11;24;1220;1;2;2;1;6;18;R DU NORD;M;4896080;225550;950
201400045774;14;11;24;820;1;1;1;2;2;18;QUAI DE BEZONS;M;4893250;223870;950
201400045775;14;11;25;750;2;2;2;2;6;18;R HENRI BARBUSSE;M;4894170;224690;950
201400045776;14;11;26;1534;1;2;1;1;6;18;AV MAURICE UTRILLO;M;4894450;223410;950
201400045777;14;11;27;1345;1;2;2;1;6;18;R P.VAILLANT COUTURIER;M;4894420;225090;950
201400045778;14;12;1;1930;5;2;3;2;3;582;BD MAURICE BERTEAUX;M;4896790;226980;950
201400045779;14;12;4;755;2;2;3;1;3;582;BD MAURICE BERTEAUX;M;4896790;226950;950
201400045780;14;12;13;1215;1;2;2;1;6;18;AV DU MARECHAL JOFFRE;M;4895790;223960;950
201400045781;14;12;16;1730;3;2;2;1;6;18;R DE NANCY;M;4895670;225460;950
201400045782;14;12;17;1739;5;2;3;1;6;18;AV DE STALINGRAD;M;4895190;226690;950
201400045783;14;12;18;845;1;2;2;8;3;18;R AMBROISE THOMAS;M;4893710;223720;950
201400045784;14;12;21;1700;5;2;3;1;2;176;BD GEORGES CLEMENCEAU;M;4897390;218860;950
201400045785;14;12;21;1910;5;2;1;1;5;18;PONT DE COLOMBES;M;4893310;224130;950
201400045786;14;12;18;950;1;1;6;1;4;582;R DE L'ERMITAGE;M;4897510;223730;950
201400045787;14;12;24;1430;1;2;1;1;3;18;BD JEANNE D'ARC;M;4894510;224640;950
201400045788;14;12;26;2010;5;2;3;2;2;18;BD JEAN ALLEMANE;M;4895410;225450;950
201400045789;14;12;27;610;5;2;3;2;3;18;QUAI DE BEZONS;M;4893090;223530;950
201400045790;14;12;31;2000;5;2;1;1;2;18;PONTOISE;M;4895690;220520;950
201400045791;14;3;2;700;2;2;1;1;2;63;AV GABRIEL PERI;M;4893150;221160;950
201400045792;14;2;7;2015;5;2;2;1;3;63;AV GABRIEL PERI;M;4893420;220910;950
201400045793;14;3;26;1504;1;2;1;1;6;63;R ALBERT 1ER;M;4893310;220660;950
201400045794;14;3;28;1150;1;2;1;1;6;63;R  EMILE ZOLA;M;4892360;220840;950
201400045795;14;4;7;1930;1;2;1;1;3;63;R DES FRERES BONNEFF;M;4892970;221090;950
201400045796;14;4;10;1540;1;2;1;1;3;63;R EMILE ZOLA;M;4892150;221890;950
201400045797;14;3;20;1640;1;2;1;1;6;63;R EDOUARD VAILLANT;M;4892390;220840;950
201400045798;14;5;19;2010;1;2;4;1;3;63;R EMILE ZOLA;M;4892410;220450;950
201400045799;14;6;2;1820;1;2;1;1;2;63;R  LUCIEN SAMPAIX;M;4893870;220690;950
201400045800;14;5;30;1720;1;2;1;1;3;63;R ANDRE LEMONIER;M;4892790;220680;950
201400045801;14;7;20;1630;1;2;4;1;3;63;AV GABRIEL PERI;M;4893240;221080;950
201400045802;14;8;6;1215;1;2;1;2;1;63;QUAI VOLTAIRE;M;4892160;221990;950
201400045803;14;8;18;2140;5;2;1;1;3;63;AV GABRIEL PERI;M;4893110;221210;950
201400045804;14;7;15;2050;1;2;4;1;3;63;R JEAN JAURES;M;4892810;222360;950
201400045805;14;9;30;1540;1;2;4;1;3;63;QUAI VOLTAIRE;M;4892210;221870;950
201400045806;14;9;10;1325;1;2;1;1;1;63;R ALBERT 1ER;M;4893180;220330;950
201400045807;14;7;19;840;1;2;1;1;1;63;R ALPHONSE CORNAILLE;M;4893810;220540;950
201400045808;14;10;21;625;2;2;1;1;3;63;AV GABRIEL PERI;M;4893230;221090;950
201400045809;14;11;8;605;5;2;1;8;6;63;R  EMILE ZOLA;M;4892350;220910;950
201400045810;14;11;21;55;5;2;1;1;2;63;R DE PONTOISE;M;4892660;221640;950
201400045811;14;11;6;800;1;2;1;1;3;63;AV GABRIEL PERI;M;4892930;221370;950
201400045812;14;1;1;40;5;2;2;2;3;127;R DU CHEMIN DE FER;M;4904830;203680;950
201400045813;14;1;1;607;5;2;1;1;6;488;R DU  GENERAL DE GAULLE;M;4901830;215690;950
201400045814;14;1;13;1656;1;2;1;1;6;572;QUAI DE L' ECLUSE;M;4904760;210270;950
201400045815;14;1;19;2200;5;2;1;8;6;127;BD DU PORT;M;4903150;206219;950
201400045816;14;1;21;2100;5;1;2;1;3;476;RTE D'ENNERY;M;4907160;208389;950
201400045817;14;1;15;1850;5;2;1;2;6;323;R DE MAURECOURT;M;4900960;205460;950
201400045818;14;1;23;2205;3;1;1;2;6;127;RN 14;;;;950
201400045819;14;1;27;1034;1;2;1;2;6;500;R DES ROSEAUX;M;4904930;207989;950
201400045820;14;1;28;810;1;2;1;1;6;218;R SALVADOR ALLENDE;M;4902020;210350;950
201400045821;14;2;2;135;3;1;1;1;4;127;RN 14;M;4904840;207060;950
201400045822;14;2;16;2315;5;2;1;1;6;572;R GUSTAVE LECLERC;M;4903290;211380;950
201400045823;14;2;15;2240;3;1;1;8;6;127;RD 14;M;4905980;199710;950
201400045824;14;2;18;748;2;2;1;1;6;500;QU DU POTHUIS;M;4904910;210240;950
201400045825;14;3;3;2000;3;1;1;1;6;183;CHE DE SAILLANCOURT;M;4903790;198080;950
201400045826;14;3;2;1240;1;2;6;1;3;127;BD DE L'OISE;M;4903880;207690;950
201400045827;14;3;16;840;1;2;1;1;6;127;BD DE L'OISE;M;4903910;207680;950
201400045828;14;3;10;2055;5;2;6;1;6;476;R DE CERGY;M;4906190;205070;950
201400045829;14;3;16;1343;1;2;3;1;1;488;RTE DE CONFLANS;M;4901590;213750;950
201400045830;14;3;18;1650;1;2;6;1;3;218;CHE VERT;M;4901110;209870;950
201400045831;14;3;26;2145;5;1;1;1;6;500;QU  EUGENE TURPIN;M;4905390;211130;950
201400045832;14;4;7;15;5;2;6;1;6;488;CHE DU PARC;M;4900850;216780;950
201400045833;14;4;8;1850;1;2;6;1;3;127;AV DES GENOTTES;M;4904850;203540;950
201400045834;14;4;5;1815;1;2;1;1;1;572;R DE LIESSE;M;4904150;211970;950
201400045835;14;4;17;1355;1;2;1;1;2;500;QU DU POTHUIS;M;4904970;210340;950
201400045836;14;4;11;1845;1;2;1;1;1;323;R DES VALANCHARDS;M;4901980;202590;950
201400045837;14;4;24;955;1;2;1;1;3;500;RTE D' AUVERS;M;4905660;211510;950
201400045838;14;5;4;250;5;2;6;1;6;218;BD COMMUNE DE PARIS;M;4901710;210630;950
201400045839;14;5;13;2030;1;2;1;1;2;500;R DE L'HERMITAGE;M;4905490;210480;950
201400045840;14;5;14;1850;1;2;1;1;2;218;BD JACQUES DUCLOS;M;4901910;209720;950
201400045841;14;5;29;1455;1;2;2;8;3;500;AV D'ALSACE;M;4906010;209290;950
201400045842;14;5;31;1900;1;2;1;1;6;572;AV GENERAL DE GAULLE;M;4904310;210840;950
201400045843;14;5;31;1900;1;2;1;1;3;127;RN 14;;;;950
201400045844;14;5;27;945;1;2;1;1;6;500;AV KENNEDY;M;4906290;209140;950
201400045845;14;6;5;1250;1;2;1;1;6;500;AV MARECHAL DE LATTRE;M;4904850;208090;950
201400045846;14;6;6;1943;1;2;1;1;5;218;BD CHARLES DE GAULLE;M;4902440;210420;950
201400045847;14;6;7;1545;1;1;1;1;3;572;AV FOND DE VAUX;M;4905140;214660;950
201400045848;14;7;3;1520;1;1;1;1;3;488;CHEMIN DES BOEUFS;M;4902940;214970;950
201400045849;14;7;28;1820;1;1;1;1;3;572;AV DE PARIS;M;4903360;212590;950
201400045850;14;7;30;1521;1;1;1;1;3;476;RTE PARIS-DIEPPE;M;4907680;207490;950
201400045851;14;8;6;1045;1;2;2;3;3;218;R DE L'AMBASSADEUR;M;4901330;208970;950
201400045852;14;8;14;2250;3;1;1;1;2;127;RN 14;;;;950
201400045853;14;8;16;230;5;2;1;1;6;572;AV DU CHATEAU;M;4905440;212780;950
201400045854;14;8;22;1215;1;1;1;1;4;127;RN 14;M;4905510;205290;950
201400045855;14;8;31;1900;1;2;1;1;6;572;R DU PARC;M;4903830;210850;950
201400045856;14;9;16;625;5;2;1;1;1;323;BD D'ECANCOURT;M;4901170;205220;950
201400045857;14;9;19;1200;1;2;1;1;2;488;AV DU GENERAL LECLERC;M;4902040;214690;950
201400045858;14;9;22;2320;5;2;1;1;2;572;R DE PARIS;M;4903410;212520;950
201400045859;14;9;26;1200;1;1;2;1;3;127;BD DE LA VIOSNE;M;4904470;207660;950
201400045860;14;10;1;1200;1;2;1;1;6;323;BD D'ECANCOURT;M;4900970;203750;950
201400045861;14;9;27;1510;1;2;1;1;6;183;BD DES CHASSEURS;M;4904490;200270;950
201400045862;14;10;13;1240;1;2;1;1;6;572;R GUISEPPE VERDI;M;4903890;211970;950