num_acc;an;mois;jour;hrmn;lum;agg;int;atm;col;com;adr;gps;lat;long;dep
201400045863;14;10;16;930;1;2;3;1;1;500;R DE L'HERMITAGE;M;4905410;210510;950
201400045864;14;11;5;636;3;1;1;8;6;476;CHEMIN DES HAYETTES;M;4906790;208829;950
201400045865;14;11;19;1910;5;2;2;1;6;127;AV DES GENOTTES;M;4904840;203680;950
201400045866;14;11;29;2146;5;2;1;1;6;572;R DE L'EQUERRE;M;4904460;213380;950
201400045867;14;12;4;1415;1;2;2;1;3;127;BD DE L'HAUTIL;M;4903170;207430;950
201400045868;14;12;5;2145;4;1;2;1;6;218;BD JACQUES DUCLOS;M;4901570;209180;950
201400045869;14;12;9;1815;5;2;1;1;6;218;AV ROGER GUICHARD;M;4902420;209690;950
201400045870;14;12;18;1727;5;2;1;1;6;127;BD DE L'OISE;M;4904750;205180;950
201400045871;14;4;4;2240;5;2;1;1;3;500;PL DE LA LIBERATION;M;4904480;209059;950
201400045872;14;5;11;930;1;2;1;8;2;127;BD DE LA VIOSNE;M;4904480;207670;950
201400045873;14;11;30;1520;1;2;1;1;1;197;BD DE MONTMORENCY;M;4897890;231660;950
201400045874;14;11;28;815;1;2;1;1;3;288;R DU LAC MARCHAIS;M;4897830;223410;950
201400045875;14;1;3;1335;1;2;1;1;4;427;AV MAURICE BERTEAUX;M;4897610;234780;950
201400045876;14;1;14;835;1;2;1;2;2;197;RTE DE SAINT DENIS;M;4896660;231790;950
201400045877;14;12;9;750;3;2;1;1;6;197;R DE VERDUN;M;4897830;232840;950
201400045878;14;12;14;1135;1;2;1;1;6;197;AV DU MARECHAL FOCH;M;4896420;231760;950
201400045879;14;1;2;950;1;2;2;1;3;427;R D'EPINAY;M;4896270;233380;950
201400045880;14;1;6;1450;1;2;1;1;6;197;R BOURGEOIS;M;4897930;232760;950
201400045881;14;2;19;1120;1;2;1;2;1;197;AV DIVISION LECLERC;M;4896760;231640;950
201400045882;14;3;3;1950;5;2;1;1;6;288;RTE DE CALAIS;M;4898510;236150;950
201400045883;14;3;11;1830;1;2;1;1;6;427;R' DEPINAY;M;;;950
201400045884;14;3;19;1430;1;2;3;1;3;197;R MORISSET;M;4897540;233370;950
201400045885;14;3;20;1515;1;2;1;1;3;427;AV GENERAL DE GAULLE;M;4897410;234770;950
201400045886;14;3;24;1520;1;2;1;1;6;288;RTE DE CALAIS;M;4898480;236170;950
201400045887;14;4;2;1000;1;2;1;1;3;197;R DU LAC MARCHAIS;M;4898110;234330;950
201400045888;14;4;25;1915;2;2;1;1;1;288;R DES CARRIERES;M;4899070;234980;950
201400045889;14;5;13;950;1;2;3;1;2;197;R GERARD TOUTAIN;M;4896260;231740;950
201400045890;14;5;19;1200;1;2;1;1;2;197;R DU CHATEAU;M;4896760;231850;950
201400045891;14;5;9;1150;1;2;1;1;6;288;BD  CHARLES DE GAULLE;M;4900910;239820;950
201400045892;14;5;26;820;1;2;1;1;3;197;RTE DE SAINT DENIS;M;4896610;231860;950
201400045893;14;5;21;1420;1;2;1;1;6;197;RTE DE SAINT DENIS;M;4896290;232310;950
201400045894;14;5;26;1655;1;2;1;1;6;197;BD DE MONTMORENCY;M;4896740;231730;950
201400045895;14;6;12;755;1;2;1;1;6;197;AV CHARLES DE GAULLE;M;4898290;232470;950
201400045896;14;7;1;810;1;2;1;2;2;288;R DE MONTMAGNY;M;4898290;235420;950
201400045897;14;6;6;845;1;2;1;1;6;427;RTE DE SAINT LEU;M;4895940;232850;950
201400045898;14;7;9;1710;1;2;1;2;4;197;R D'EPINAY;M;4895950;232810;950
201400045899;14;7;25;1600;1;2;1;1;2;427;R DE VILLETANEUSE;M;4897030;234690;950
201400045900;14;8;13;1620;1;2;1;2;6;427;RTE DE SAINT LEU;M;4895870;232920;950
201400045901;14;7;11;1550;1;2;1;2;3;197;AV CHARLES DE GAULLE;M;4898060;231880;950
201400045902;14;7;29;1130;1;2;1;1;6;427;R DE VILLETANEUSE;M;4897090;234730;950
201400045903;14;9;9;910;1;2;1;1;6;197;R CHARLES DE GAULLE;M;4897520;232440;950
201400045904;14;8;7;1750;1;2;1;1;6;427;RTE DE SAINT LEU;M;4895810;232980;950
201400045905;14;9;26;820;1;2;3;1;3;197;R DU CHATEAU;M;4896930;232020;950
201400045906;14;9;24;1520;1;2;1;1;2;427;R JULES FERRY;M;4896320;233910;950
201400045907;14;9;29;1710;1;2;6;1;3;288;R FERDINAND BERTHOUD;M;4893320;234270;950
201400045908;14;10;4;1509;1;2;1;1;6;197;R BEAU SITE;M;4898050;231970;950
201400045909;14;10;9;1700;1;2;1;1;6;197;R DE LA GARE;M;4897530;233460;950
201400045910;14;10;28;1835;2;2;2;1;3;197;R CHARLES DE GAULLE;M;4897570;232730;950
201400045911;14;10;24;1930;5;2;1;9;3;288;RTE DE CALAIS;M;4898490;236150;950
201400045912;14;11;18;1120;1;2;1;1;2;197;R DU PROGRES;M;4896290;231690;950
201400045913;14;10;4;1250;1;2;1;1;3;197;RTE DE SAINT DENIS;M;4896380;232160;950
201400045914;14;10;10;1558;1;2;1;1;6;427;AV GENERAL DE GAULLE;M;4897430;234680;950
201400045915;14;11;5;730;1;2;3;1;2;197;RTE DE SAINT DENIS;M;4896430;232130;950
201400045916;14;12;1;1600;1;2;1;1;6;197;BD DE MONTMORENCY;M;4897040;231650;950
201400045917;14;12;5;2035;5;2;1;1;2;197;R EUGENE LAMARRE;M;4897210;232150;950
201400045918;14;11;30;1900;5;2;1;2;6;197;AV MATHIEU CHAZOTTE;M;4897150;232090;950
201400045919;14;12;1;850;1;2;3;1;3;197;AV DIVISION LECLERC;M;4896590;231880;950
201400045920;14;11;13;1745;3;1;1;1;2;288;RTE DE CALAIS;M;4898280;236240;950
201400045921;14;11;13;1430;1;2;1;1;1;427;RUELLE MARIANNE;M;4897740;235090;950
201400045922;14;2;19;2220;5;2;7;1;3;210;PL DU MARECHAL FOCH;M;4897180;230880;950
201400045923;14;3;5;1330;1;2;1;1;6;598;R JARDIN RENARD;M;4899180;229850;950
201400045924;14;1;15;815;2;2;1;2;6;555;R BERTHIE ALBRECHT;M;4896820;228510;950
201400045925;14;3;18;140;5;2;1;1;7;428;AV CHARLES DE GAULLE;M;4898190;232190;950
201400045926;14;4;29;1950;1;2;1;2;2;598;AV  KELLERMANN;M;4898190;229280;950
201400045927;14;5;18;1100;1;2;3;1;6;598;R DU MONT D'EAUBONNE;M;4899050;228970;950
201400045928;14;5;30;1345;1;2;1;1;6;428;AV DES ACACIAS;M;4897550;230990;950
201400045929;14;4;5;1350;1;2;1;1;3;428;RTE DE  SAINT BRICE;M;4899330;233360;950
201400045930;14;7;18;1400;1;2;3;9;1;598;R DE LA CAILLE;M;4898120;231010;950
201400045931;14;5;30;1800;1;2;2;1;3;555;AV GABRIEL PERI;M;4897050;228470;950
201400045932;14;7;27;1230;1;2;2;1;3;555;R D' ERMONT;M;4897110;228080;950
201400045933;14;7;24;1605;1;2;1;1;3;555;R D'ARGENTEUIL;M;4896320;228120;950
201400045934;14;7;27;1620;1;2;1;1;6;555;BD DU MARECHAL FOCH;M;4896370;228960;950
201400045935;14;7;24;1947;1;2;1;1;1;555;R DU GENERAL LECLERC;M;4896610;229230;950
201400045936;14;9;7;1957;1;2;1;1;6;598;R DES FANAUDES;M;4898330;230230;950
201400045937;14;9;26;1930;3;2;1;1;2;598;R DU DOCTEUR SCHWEITZER;M;4899490;230340;950
201400045938;14;7;28;2052;1;2;1;1;6;555;BD GEORGETTE AGUTTE;M;4896220;228470;950
201400045939;14;11;24;930;1;2;6;2;2;598;AV DE PARIS;M;4898590;229720;950
201400045940;14;10;1;1317;1;2;1;1;2;555;AV DANIELE CASANOVA;M;4897310;228970;950
201400045941;14;10;8;755;1;2;5;2;6;428;AV REY DE FORESTA;M;4899040;232120;950
201400045942;14;11;24;1325;1;2;1;1;6;210;R DE  MALLEVILLE;M;4896760;230550;950
201400045943;14;12;5;1920;5;2;1;2;6;598;AV KELLERMANN;M;4898110;229250;950
201400045944;14;12;28;1805;5;2;6;1;6;598;AV KELLERMANN;M;4897830;229190;950
201400045945;14;4;8;2210;5;2;1;1;3;555;BD PASTEUR;M;4896640;227720;950
201400045946;14;12;10;100;5;2;2;1;3;210;R DU GENERAL DE GAULLE;M;4897160;230830;950
201400045947;14;1;5;915;1;2;3;1;3;252;BD DU BEL-AIR;M;4898450;224060;950
201400045948;14;1;8;730;5;2;1;1;6;203;AV DE PARIS;M;4899320;228190;950
201400045949;14;1;8;1540;1;2;1;1;2;252;R DU GENERAL LECLERC;M;4898710;221510;950
201400045950;14;1;16;1120;1;2;3;2;3;252;BD DU  BEL-AIR;M;4898450;224060;950
201400045951;14;1;22;2005;5;2;1;2;6;219;R DE LA PETITE BAPAUME;M;4899350;225220;950
201400045952;14;1;25;1800;5;2;2;1;3;252;BD RHIN ET DANUBE;M;4898850;223030;950
201400045953;14;1;30;1415;1;2;1;1;6;252;R ANDRE CITROEN;M;4899030;220910;950
201400045954;14;2;3;835;1;2;1;1;6;219;R DE LA PETITE BAPAUME;M;4899250;225570;950
201400045955;14;2;3;1225;1;2;1;1;6;219;R DE STALINGRAD;M;4898620;225690;950
201400045956;14;2;5;2000;5;2;1;1;6;203;RTE DE MONTLIGNON;M;4899810;227710;950
201400045957;14;2;11;1700;1;2;4;2;6;203;RTE DE SAINT LEU;M;4900060;226430;950
201400045958;14;2;15;900;1;2;1;1;3;252;R FRANCOIS PLASSON;M;4899340;223940;950
201400045959;14;2;16;325;5;2;1;1;6;219;R RAOUL DAUTRY;M;4898270;226310;950
201400045960;14;3;1;125;3;1;1;2;3;252;SENT BOIS DES MONTFRAIS;M;4897440;223470;950
201400045961;14;3;9;1010;1;2;3;1;3;252;R DU CHEMIN NEUF;M;4897910;223270;950
201400045962;14;3;14;1655;1;2;1;1;3;252;R DE L'ORME ST EDME;M;4899120;223860;950
201400045963;14;3;25;905;1;2;1;2;3;203;R BLANCHE ROSE;M;4897860;227710;950
201400045964;14;3;26;1550;1;2;1;1;6;491;R GABRIEL PERI;M;4899840;224610;950
201400045965;14;3;27;1100;1;2;1;1;6;219;ALL DE LA RESIDENC FOCH;M;4899120;225880;950
201400045966;14;3;28;1530;1;2;1;1;6;219;R DE STALINGRAD;M;4898750;225750;950
201400045967;14;4;1;945;1;2;1;1;6;219;BD DE CERNAY;M;4898110;224830;950
201400045968;14;4;1;1645;1;2;1;1;4;252;BD DU BEL-AIR;M;4898710;223410;950
201400045969;14;4;1;1745;1;2;1;1;6;219;R DE L'ARRIVEE;M;4898010;227040;950
201400045970;14;4;7;1725;1;2;1;1;3;582;AV DE LA SABERNAUDE;M;4897860;224390;950
201400045971;14;4;12;1450;1;2;1;1;1;219;R DU 18 JUIN;M;4899290;224760;950
201400045972;14;4;12;1945;1;2;1;1;6;219;R LOUIS SAVOIE;M;4899250;225780;950
201400045973;14;4;15;1940;1;2;2;1;3;252;CHAUSSEE JULES CESAR;M;4899830;223020;950
201400045974;14;4;26;1300;1;2;1;2;6;219;R DE STALINGRAD;M;4898750;225750;950
201400045975;14;4;27;935;1;2;6;2;3;203;RTE DE SAINT LEU;M;4899490;227540;950
201400045976;14;5;1;1325;1;2;3;2;6;219;R DU GENERAL LECLERC;M;4898110;227050;950
201400045977;14;5;2;1200;1;2;3;1;2;252;CHAUSSEE JULES CESAR;M;4899990;222580;950
201400045978;14;5;8;1225;1;2;6;1;4;219;BD DE CERNAY;M;4898020;225320;950
201400045979;14;5;9;815;1;2;2;1;7;252;BD MAURICE BERTEAUX;M;4898850;223030;950
201400045980;14;5;11;1035;1;2;1;1;6;203;BD DE LA  REPUBLIQUE;M;4898190;228510;950
201400045981;14;5;11;1350;1;2;1;1;6;252;CHE DU PUITS DE LA BARRE;M;4898330;222490;950
201400045982;14;5;13;1950;1;2;1;1;2;252;BD DU BEL-AIR;M;4898440;224060;950
201400045983;14;5;18;120;5;2;1;1;6;219;R DE STALINGRAD;M;4898760;225770;950
201400045984;14;5;24;1850;1;2;6;1;2;252;CHE VERT GRATTES-BOEUFS;M;4898910;221220;950
201400045985;14;5;29;1815;1;2;1;1;3;219;AV GEORGES POMPIDOU;M;4898770;224830;950
201400045986;14;6;7;600;1;2;1;1;6;574;R LOUIS ET GERALD DONZEL;M;4901090;226070;950
201400045987;14;6;7;1510;1;2;1;1;3;252;BD DU BEL-AIR;M;4898560;223810;950
201400045988;14;6;7;1745;1;2;1;1;6;252;R D'ERMONT;M;4898320;223050;950
201400045989;14;6;11;1920;1;2;1;1;6;252;R  HAMELIN;M;4898610;222520;950
201400045990;14;6;14;1655;1;2;1;1;6;426;R DES ROSIERS;M;4900770;228150;950
201400045991;14;6;16;1730;1;2;1;1;3;203;R D'ANDILLY;M;4899520;228430;950
201400045992;14;6;20;1645;1;2;1;1;6;219;AV PRES GEORGES POMPIDOU;M;4898420;224640;950
201400045993;14;6;25;1905;1;2;6;1;3;203;AV VOLTAIRE;M;4899490;227570;950
201400045994;14;7;1;1910;1;2;1;1;6;252;CHAUSSEE JULES CESAR;M;4899910;222790;950
201400045995;14;7;4;1632;1;2;1;1;2;219;R DU STAND;M;4899650;225180;950
201400045996;14;7;6;1920;1;2;1;1;6;574;R  AUGUSTE REY;M;4901610;226520;950
201400045997;14;7;11;1105;1;2;3;2;3;219;R PIERRE LOTI;M;4897920;225020;950
201400045998;14;7;14;2230;5;2;1;1;3;252;TROISIEME AVENUE;M;4898540;223640;950
201400045999;14;7;28;1720;1;1;1;1;1;574;R  MAIGNAN LARIVIERE;M;4901730;226310;950
201400046000;14;7;29;1225;1;2;1;1;1;252;R DU GENERAL LECLERC;M;4898340;222910;950
201400046001;14;7;30;1135;1;1;3;1;3;219;R DU STAND;M;4899790;224740;950
201400046002;14;7;30;1950;1;2;3;1;6;219;R RAOUL DAUTRY;M;4898050;227010;950
201400046003;14;8;2;1530;1;2;6;1;1;203;RTE DE SAINT LEU;M;4899530;227470;950
201400046004;14;8;4;850;1;2;1;1;6;203;RTE DE SAINT LEU;M;4899620;227240;950
201400046005;14;8;5;1810;1;2;1;1;3;203;RTE DE SAINT LEU;M;4899530;227460;950
201400046006;14;8;8;1513;1;2;1;2;3;252;R DU GENERAL LECLERC;M;4898610;222280;950
201400046007;14;8;18;2035;1;2;1;1;6;252;R DU GENERAL LECLERC;M;4898610;222260;950
201400046008;14;8;19;945;1;2;4;1;1;491;R PASTEUR;M;4899590;223840;950
201400046009;14;8;21;1415;1;2;3;1;6;574;AV GENERAL LECLERC;M;4900180;226310;950
201400046010;14;8;31;1410;1;2;6;1;3;203;PL ARISTIDE  BRIAND;M;4894850;225830;950
201400046011;14;9;1;730;1;2;1;1;6;252;R DES MARAICHERS;M;4899510;221850;950
201400046012;14;9;2;1430;1;2;1;1;6;219;R JEAN JAURES;M;4898510;225660;950
201400046013;14;9;4;1425;1;2;6;1;3;219;BD DE CERNAY;M;4898190;224590;950
201400046014;14;9;7;1540;1;2;1;1;6;203;AV JEAN JACQUES ROUSSEAU;M;4899480;228010;950
201400046015;14;9;6;1950;1;2;1;1;1;252;R DE LA BONNE RENCONTRE;M;4899650;222460;950
201400046016;14;9;11;845;1;2;4;1;3;203;R DU GENERAL LECLERC;M;4898890;227420;950
201400046017;14;9;11;1910;1;2;1;1;6;574;R D'ERMONT;M;4900110;225940;950
201400046018;14;9;12;1730;1;2;1;1;2;219;R DU SYNDICAT;M;4899670;225270;950
201400046019;14;9;18;950;1;2;2;1;1;252;BD RHIN ET DANUBE;M;4899030;222810;950
201400046020;14;9;15;2000;4;2;1;1;6;203;R LAFAYETTE;M;4899670;228370;950
201400046021;14;9;26;2320;5;2;1;1;7;252;R DE PARIS;M;4898250;223130;950
201400046022;14;10;2;1525;1;2;1;1;3;252;BD DU BEL-AIR;M;4898770;223250;950
201400046023;14;10;4;1330;1;2;2;1;3;574;RTE DE MONTMORENCY;M;4901010;226330;950
201400046024;14;10;6;1650;1;2;1;2;6;219;R DE SANNOIS;M;4898490;225640;950
201400046025;14;10;10;930;1;2;2;1;6;252;BD TOUSSAINT LUCAS;M;4898770;222970;950
201400046026;14;10;13;2055;5;2;1;1;1;491;R LOUIS ARMAND;M;4900040;224870;950
201400046027;14;10;25;2330;5;2;4;1;2;252;BD DU BEL AIR;M;4898740;223350;950
201400046028;14;10;30;1807;5;2;1;1;1;252;R DU GENERAL LECLERC;M;4898630;222180;950
201400046029;14;11;3;1015;1;2;3;1;6;252;R DES ONZE ARPENTS;M;4898760;221870;950
201400046030;14;11;3;1800;5;2;1;3;6;252;CHAUSSEE JULES CESAR;M;4899440;224290;950
201400046031;14;11;6;700;2;2;6;1;3;203;CARR CHARLES DE GAULLE;M;4899490;227570;950
201400046032;14;11;6;810;1;2;1;1;3;252;AV DES MARAIS;M;4899460;222120;950
201400046033;14;11;6;1400;1;2;1;1;6;252;R DE LA STATION;M;4898510;222990;950
201400046034;14;11;6;1910;5;2;1;1;6;219;AVENUE DU MARECHAL JUIN;M;4899870;225530;950
201400046035;14;11;9;205;5;2;1;1;6;203;AV VOLTAIRE;M;4899360;228110;950
201400046036;14;11;10;1420;1;2;1;1;7;203;BD DE LA REPUBLIQUE;M;4899050;227580;950
201400046037;14;11;14;1305;1;2;4;2;5;252;R DE L'ERMITAGE;M;4897830;223690;950
201400046038;14;11;17;1840;5;2;2;2;6;203;AV VOLTAIRE;M;4899460;227790;950
201400046039;14;11;18;1815;5;2;2;1;3;203;BD DE LA MAIRIE;M;4899610;227860;950
201400046040;14;11;21;810;1;2;1;2;1;574;R COLONEL FABIEN;M;4900290;225360;950
201400046041;14;11;28;800;1;2;1;1;3;203;R DU GENERAL LECLERC;M;4898350;227190;950
201400046042;14;11;29;1240;1;2;1;1;3;203;R DE SAINT PRIX;M;4900250;227050;950
201400046043;14;12;5;800;5;2;4;1;6;219;R ALFRED DE MUSSET;M;4898270;226880;950
201400046044;14;12;8;1945;5;2;1;2;6;426;R DE PARIS;M;4902030;229190;950
201400046045;14;12;10;1600;1;2;1;2;3;574;AV GENERAL LECLERC;M;4900010;226340;950
201400046046;14;12;16;1725;5;2;6;1;3;252;AV DES MARAIS;M;4899230;222260;950
201400046047;14;12;17;820;1;2;1;2;6;491;R GABRIEL PERI;M;4900160;223870;950
201400046048;14;12;17;1150;1;2;1;2;2;203;R DE SAINT PRIX;M;4900220;227020;950
201400046049;14;12;17;1850;5;2;1;2;6;203;BD DE LA REPUBLIQUE;M;4898560;228050;950
201400046050;14;12;31;1745;2;2;1;1;6;252;BD DU BEL-AIR;M;4898570;223760;950
201400046051;14;3;6;938;1;2;4;1;3;219;R DEUX PONTS;M;4897690;226230;950
201400046052;14;6;14;2220;5;2;1;1;3;252;BD DU BEL-AIR;M;4898350;224230;950
201400046053;14;7;19;1845;1;2;3;2;2;219;R DU 18 JUIN;M;4899390;224420;950
201400046054;14;7;14;1120;1;2;6;1;3;203;AV VOLTAIRE;M;4899490;227570;950
201400046055;14;11;25;1620;1;2;1;1;6;203;R DU GENERAL LECLERC;M;4898650;227320;950
201400046056;14;4;2;1735;1;2;1;1;3;268;R DES PRIEUSES;M;4896510;239540;950
201400046057;14;4;5;1600;1;2;1;1;6;268;AV DU PLEIN MIDI;M;4897250;239360;950
201400046058;14;7;21;1605;1;2;6;1;2;268;AV DE STALINGRAD;M;4896080;240120;950
201400046059;14;7;25;1505;1;2;3;7;3;268;AV DE COMMUNE DE PARIS;M;4897040;239920;950
201400046060;14;11;29;1800;5;2;1;1;1;268;AV DE DIVISION LECLERC;M;4896960;239730;950
201400046061;14;12;3;1420;1;2;1;1;2;268;AV DE STALINGRAD;M;4896960;241290;950
201400046062;14;1;3;1200;1;2;1;1;2;19;AV HENRI BARBUSSE;M;4898890;241570;950
201400046063;14;6;10;1108;1;2;1;2;6;19;R DU CHEMIN DES DAMES;M;4898370;240590;950
201400046064;14;1;7;1040;1;2;1;1;6;19;PL GENERAL LECLERC;M;4899420;241610;950
201400046065;14;9;13;1015;1;2;1;1;6;280;AV ALBERT SARRAUT;M;4902650;246240;950
201400046066;14;1;8;2153;5;2;1;2;6;19;AV CHARLES VAILLANT;M;4898590;241060;950
201400046067;14;1;9;1330;1;2;3;2;3;280;AV ALBERT SARRAUT;M;4902850;246120;950
201400046068;14;10;16;1950;5;2;1;8;3;19;AV CHARLES VAILLANT;M;4898610;241210;950
201400046069;14;4;27;1500;1;2;1;1;3;277;AV GABRIEL PERI;M;4899270;242720;950
201400046070;14;5;4;1658;1;2;1;1;3;277;R NUNGESSER ET COLI;M;4897740;245370;950
201400046071;14;6;5;1035;1;2;1;1;3;19;R JEAN JAURES;M;4899510;241940;950
201400046072;14;6;12;1750;1;2;1;1;1;277;R DE  PARIS;M;4898440;244150;950
201400046073;14;3;5;1650;1;2;2;1;6;280;AV ALBERT SARRAUT;M;4902490;246390;950
201400046074;14;3;15;1525;1;2;3;1;6;19;R ROBERT SCHUMAN;M;4898990;241980;950
201400046075;14;7;22;1200;1;1;1;1;2;277;RTE PARIS SENLIS;M;4898950;247490;950
201400046076;14;7;28;723;1;1;2;8;3;277;R NUNGESSER ET COLI;M;4897370;246080;950
201400046077;14;8;7;1839;1;2;2;1;3;277;R DE PARIS;M;4898630;244880;950
201400046078;14;9;29;1400;1;1;1;1;1;277;RTE DE BONNEUIL;M;4897990;243770;950
201400046079;14;10;10;1100;1;2;3;1;3;280;PL DANIELLE CASANOVA;M;4903720;245830;950
201400046080;14;1;29;845;1;2;2;8;3;280;R DES ALPES;M;4903570;247040;950
201400046081;14;1;29;1030;1;2;1;1;6;280;BD  FRERES MONTGOLFIER;M;4903890;245810;950
201400046082;14;5;9;2130;5;2;1;1;6;277;R FELIX FAGLIN;M;4899970;242390;950
201400046083;14;2;5;1420;1;2;6;1;2;19;AV DE LA CONCORDE;M;4899620;242050;950
201400046084;14;2;6;1615;1;2;1;8;2;280;AV DE LA GARE;M;4901550;246990;950
201400046085;14;2;8;730;5;2;1;2;5;277;AV GABRIEL PERI;M;4899410;242390;950
201400046086;14;2;8;2036;5;2;1;1;6;19;R JEAN JAURES;M;4899510;241930;950
201400046087;14;2;10;538;3;2;1;1;3;277;R NUNGESSER ET COLI;M;4897870;245250;950
201400046088;14;2;15;2015;5;2;1;2;1;280;BD GENERAL DE GAULLE;M;4902340;247220;950
201400046089;14;2;20;1630;1;2;6;3;7;280;AV DE LA GARE;M;4901260;247140;950
201400046090;14;2;27;935;1;1;1;3;3;277;R LEON BLUM;M;4900290;240950;950
201400046091;14;3;1;1940;5;2;1;1;4;280;AV ALBERT SARRAUT;M;4903180;245910;950
201400046092;14;3;7;1330;1;2;1;1;6;280;R GEORGES PITARD;M;4903410;245350;950
201400046093;14;9;25;1720;1;2;2;1;6;280;AV DU 6 JUIN 1944;M;4902490;246410;950
201400046094;14;4;5;1515;1;2;2;1;3;280;BD COGNACQ JAY;M;4903670;246810;950
201400046095;14;4;13;1050;1;2;6;1;3;19;AV CHARLES VAILLANT;M;4898610;241270;950
201400046096;14;4;15;645;2;2;1;1;3;280;R DE LA MADELEINE;M;4902430;246740;950
201400046097;14;12;5;1345;1;2;2;1;6;280;AV ALBERT SARRAUT;M;4902490;246390;950
201400046098;14;12;7;1830;5;2;2;2;6;277;R D'AULNAY;M;4898440;244330;950
201400046099;14;4;19;2037;5;1;1;1;3;277;RD 370;M;4896850;246510;950
201400046100;14;12;16;1650;2;2;1;1;6;280;BD P VAILLANT COUTURIER;M;4903590;247770;950
201400046101;14;4;21;1245;1;2;1;1;6;280;R MARTIN LUTHER KING;M;4903850;245990;950
201400046102;14;5;16;1100;1;2;1;1;3;19;R JEAN  JAURES;M;4899450;241870;950
201400046103;14;5;19;1110;1;2;6;1;3;277;AV FRANCOIS MITTERAND;M;4898560;243220;950
201400046104;14;5;22;830;1;2;1;1;6;19;R JEAN JAURES;M;4898420;241910;950
201400046105;14;5;22;1910;1;2;2;1;3;277;R BERTHELOT;M;4898170;245620;950
201400046106;14;5;23;1925;1;2;1;1;6;280;R LOUISE MICHEL;M;4903130;247320;950
201400046107;14;5;26;1700;1;2;1;1;6;277;R JEAN CAMUS;M;4898410;245070;950
201400046108;14;6;16;1835;1;2;3;1;3;280;BD ROGER SALENGRO;M;4903960;246590;950
201400046109;14;6;18;1610;1;2;1;1;3;19;AV PIERRE CURIE;M;4898530;242580;950
201400046110;14;6;26;845;1;2;1;1;6;19;R ROBERT SCHUMAN;M;4899160;241750;950
201400046111;14;6;26;1840;1;1;6;1;3;277;CARREFOUR DES TULIPES;M;4896880;246450;950
201400046112;14;7;12;1550;1;2;2;1;3;19;AV CHARLES VAILLANT;M;4898620;241540;950
201400046113;14;7;13;2053;1;2;1;1;6;277;AV ALEXANDRE GASSIEN;M;4899670;242790;950
201400046114;14;7;23;2025;1;2;6;2;2;277;CARREFOUR DE LEONESSA;M;4899320;244260;950
201400046115;14;7;25;1535;1;2;1;1;6;277;AV GEORGES  POMPIDOU;M;4899050;243030;950
201400046116;14;8;25;205;5;2;6;1;2;277;CARREFOUR DES TULIPES;M;4896890;246450;950
201400046117;14;8;26;1930;2;2;1;1;6;277;ALL WATTEAU;M;4898690;243140;950
201400046118;14;9;6;235;5;2;3;1;7;19;AV CHARLES VAILLANT;M;4898580;240990;950
201400046119;14;10;18;706;5;2;1;1;6;280;AV ALBERT  SARRAUT;M;4903310;245830;950
201400046120;14;11;5;1428;1;2;1;1;6;277;R ALBERT DROUHOT;M;4898950;244640;950
201400046121;14;11;11;625;2;2;2;1;3;277;AV RAYMOND RAMBERT;M;4898420;244030;950
201400046122;14;11;21;1350;1;2;1;1;2;277;R BERTHELOT;M;4898060;245460;950
201400046123;14;11;25;1556;1;2;3;1;3;277;AV DES JASMINS;M;4899710;242230;950
201400046124;14;11;29;1137;1;2;1;1;6;280;BD ROGER SALENGRO;M;4903870;246720;950
201400046125;14;12;4;1950;5;2;1;1;1;280;BD GENERAL DE GAULLE;M;4902110;247080;950
201400046126;14;12;4;2046;5;1;1;2;6;277;R NUNGESSER ET COLI;M;4897750;245320;950
201400046127;14;12;12;1450;1;2;1;2;1;277;AV ALEXANDRE GASSIEN;M;4899770;242760;950
201400046128;14;1;8;1415;1;2;1;1;6;306;R CHATEAUBRIAND;M;4899580;214850;950
201400046129;14;1;17;2015;5;2;1;1;6;306;R JEAN LECLAIRE;M;4899270;216230;950
201400046130;14;1;23;1140;1;2;1;1;6;424;R JACQUES VERNIOL;M;4899080;219610;950
201400046131;14;1;27;1545;1;2;1;1;2;424;BD VICTOR BORDIER;M;4899520;219250;950
201400046132;14;2;22;2345;3;2;1;1;6;257;R GAMBETTA;M;4898080;217380;950