num_acc;an;mois;jour;hrmn;lum;agg;int;atm;col;com;adr;gps;lat;long;dep
201400046133;14;3;12;1540;1;2;1;1;6;306;R GENERAL DE GAULLE;M;4899060;216670;950
201400046134;14;4;23;1115;1;2;1;1;2;424;BD  VICTOR BORDIER;M;4899520;219260;950
201400046135;14;4;23;1815;1;1;1;1;3;424;BD DE PONTOISE;M;4899290;218180;950
201400046136;14;4;25;925;1;2;4;1;3;306;R  MOLIERE;M;4899110;217310;950
201400046137;14;4;25;2130;2;2;1;2;2;424;BD  VICTOR BORDIER;M;4899710;218890;950
201400046138;14;4;29;1630;1;2;1;1;6;424;AV  ARISTIDE MAILLOL;M;4899520;220020;950
201400046139;14;5;3;1145;1;2;1;1;6;306;R HENRI DUNANT;M;4898950;217110;950
201400046140;14;5;6;1810;1;2;1;1;6;424;BD DE PONTOISE;M;4898330;218180;950
201400046141;14;5;22;1715;1;2;1;1;6;306;PL DE LA LIBERATION;M;4899090;216750;950
201400046142;14;6;7;1445;1;2;1;1;6;257;R DE LA GARE;M;4898050;218210;950
201400046143;14;7;27;1550;1;2;2;1;3;306;BD DU HAVRE;M;4900070;218210;950
201400046144;14;8;14;1445;1;2;1;1;3;306;BD DU  8 MAI 1945;M;4899870;218210;950
201400046145;14;8;16;2005;1;2;1;1;3;306;BD DU HAVRE;M;4900060;218240;950
201400046146;14;9;10;1705;1;2;1;1;6;424;AV DE LA LIBERATION;M;4900660;219520;950
201400046147;14;9;29;2010;3;2;1;3;1;306;R DE CONFLANS;M;4899620;215380;950
201400046148;14;10;19;1031;1;2;3;1;1;424;AV DES FRANCES;M;4899830;220450;950
201400046149;14;10;31;1820;5;2;1;1;6;424;AV ARISTIDE MAILLOL;M;4899480;220130;950
201400046150;14;11;29;1615;1;2;1;1;6;424;R DE LA REPUBLIQUE;M;4900240;220190;950
201400046151;14;12;12;645;2;2;1;1;1;306;R DE  CONFLANS;M;4899610;215390;950
201400046152;14;12;24;1629;2;1;1;1;1;424;R DE CORMEILLES;M;4898330;218910;950
201400046153;14;12;29;1455;1;1;3;1;5;424;CHE DE LA MARE EPINEUSE;M;4899130;220640;950
201400046154;14;7;14;1915;1;1;1;1;1;424;R DE VERDUN;M;4898570;219370;950
201400046155;14;6;27;1700;1;1;2;1;3;73;PARKING C-D LOUEURS  ALL;;;;930
201400046156;14;8;16;2350;5;1;1;1;6;527;AEROVILLE;M;4899210;251950;950
201400046157;14;5;21;1540;1;1;1;8;2;73;CROIX AU PLATRE (ROUTE D;;;;930
201400046158;14;1;13;1335;1;1;1;1;6;527;RTE DU NOYER DU CHAT;M;4900460;254810;950
201400046159;14;12;1;655;5;1;1;2;6;527;Circuit 2.0;M;4900570;253690;950
201400046160;14;1;14;630;5;1;1;2;2;527;Circuit 1.0;M;4900560;253590;950
201400046161;14;12;17;1645;1;1;1;2;6;73;NEANT, PAVE (RUE DU);;;;930
201400046162;14;6;26;715;1;1;1;1;1;291;PARKING PW;;;;770
201400046163;14;10;12;1923;5;1;1;2;6;73;VOIE RAPIDE T2-T3 VERS P;;;;930
201400046164;14;8;4;1915;5;1;1;1;6;282;Parking CDG1;M;4902149;234509;770
201400046165;14;12;5;1600;1;1;1;1;7;527;R DES MARGUILLIERS;M;4899590;252040;950
201400046166;14;5;11;1059;1;1;1;1;4;527;Circuit 1.0;M;4900570;253810;950
201400046167;14;3;22;810;1;1;1;1;6;291;LINEAIRE 2E;;;;770
201400046168;14;8;25;1817;1;1;1;3;2;527;RTE DE L'ARPENTEUR;M;4901220;251980;950
201400046169;14;1;7;1850;5;1;3;1;3;73;VOYELLES (RUE DES);;;;930
201400046170;14;10;17;510;3;1;1;8;7;285;1, FOSSETTE (RUE DE LA);;;;770
201400046171;14;12;28;1520;1;1;1;1;6;73;VOIE RAPIDE T2-T3 VERS P;;;;930
201400046172;14;1;16;1312;1;1;1;1;6;73;Circuit 2.0;;;;930
201400046173;14;11;18;553;5;1;1;1;6;73;LINEAIRE 2A;;;;930
201400046174;14;7;9;1505;1;1;1;3;7;282;NATIONALE 1104 (ANCIENNE;;;;770
201400046175;14;1;15;2240;5;1;1;2;3;73;1, VOIE RAPIDE T2-T3 VER;;;;930
201400046176;14;10;17;30;5;2;2;3;6;73;NEW-YORK (RUE DE);;;;930
201400046177;14;12;30;1300;1;1;1;8;3;73;neant, PERIPHERIQUE SUD/;;;;930
201400046178;14;1;16;1340;1;1;1;2;2;73;PARKING SOUTERRAIN AEROV;;;;930
201400046179;14;7;10;1426;1;2;1;1;3;73;Circuit 2.0;;;;930
201400046180;14;2;19;1300;1;1;1;1;6;527;Circuit 2.0;M;4900560;253670;950
201400046181;14;7;3;1530;1;2;4;1;2;527;R DES BADAUDS;M;4900790;253240;950
201400046182;14;10;6;1415;1;1;1;1;7;294;neant, LINEAIRE 2F;;;;770
201400046183;14;8;27;2140;3;1;4;1;1;294;0, PERIHERIQUE SUD (ROUT;;;;770
201400046184;14;11;10;1146;1;2;3;1;3;527;R DES ANNIVERSAIRES;M;4901270;253360;950
201400046185;14;2;12;1740;2;2;1;2;3;527;RTE DE L'ARPENTEUR;M;4901120;252640;950
201400046186;14;3;12;730;2;2;1;1;4;527;RTE DE LA COMMUNE;M;4900640;254310;950
201400046187;14;1;19;2012;5;1;1;1;6;73;BUISSONS (RUE DES);;;;930
201400046188;14;10;29;1840;3;1;1;8;7;73;CHAPELIER (RUE DU);;;;930
201400046189;14;4;7;1840;1;1;1;1;3;527;RTE DE L'ARPENTEUR;M;4901210;251880;950
201400046190;14;6;28;1412;1;2;1;3;2;527;RTE DU NOYER AU CHAT;M;4900460;254850;950
201400046191;14;6;30;1010;1;1;1;1;6;73;R DES BUISSONS;M;4899530;252360;930
201400046192;14;7;18;1600;1;1;1;1;2;73;NEANT, PERIPHERIQUE SUD/;;;;930
201400046193;14;10;12;1430;1;1;1;2;6;285;PARKING PW;;;;770
201400046194;14;11;16;1955;5;1;1;2;6;73;VOIE RAPIDE T2-T3 VERS P;;;;930
201400046195;14;12;2;1150;1;2;1;8;6;282;neant, POUBELLE (RUE EUG;;;;770
201400046196;14;11;30;1705;1;1;1;1;3;73;PARKING SOUTERRAIN AEROV;;;;930
201400046197;14;4;13;2327;5;1;1;1;2;527;R DE L'OR;M;4900960;253710;950
201400046198;14;1;17;2230;5;2;1;9;2;73;VOIE RAPIDE T2-T3 VERS P;;;;930
201400046199;14;4;27;620;2;1;6;8;7;73;FOSSETTE (RUE DE LA);;;;930
201400046200;14;2;17;735;2;1;1;1;2;527;VOIE RAPIDE T2-T3;M;4900610;254650;950
201400046201;14;7;24;55;5;1;1;1;6;527;RTE DES PEUPLIERS;M;4900940;255090;950
201400046202;14;8;5;905;1;1;1;1;2;73;LINEAIRE 2A;;;;930
201400046203;14;10;1;1840;1;1;6;1;3;527;RTE DE L'ARPENTEUR;M;4900620;250620;950
201400046204;14;10;30;1400;1;2;1;1;3;527;RTE DE L'ARPENTEUR;M;4901210;251930;950
201400046205;14;11;16;1850;4;1;1;2;6;285;Voie centrale Parking T3;;;;770
201400046206;14;11;26;1720;5;1;4;1;3;527;R DES CINQ CONTINENTS;M;4899460;251950;950
201400046207;14;9;1;920;1;2;1;1;5;73;0, LINEAIRE 2B;;;;930
201400046208;14;2;14;1635;1;1;1;1;6;73;VOIE RAPIDE T2-T3 VERS P;;;;930
201400046209;14;10;30;1225;1;1;1;1;6;73;LINEAIRE 2A;;;;930
201400046210;14;6;9;300;5;1;1;1;6;527;VOIE RAPIDE T2-T3;M;4900590;254670;950
201400046211;14;1;16;550;5;2;1;2;6;527;Circuit 2.0;M;4900950;253910;950
201400046212;14;11;25;830;1;1;1;2;2;282;POUBELLE (RUE EUGENE);;;;770
201400046213;14;12;2;1600;1;2;2;1;2;585;AV PAUL VALERY;M;4897980;237630;950
201400046214;14;2;1;1805;2;1;3;8;3;539;R DU LUAT;M;4901360;235160;950
201400046215;14;2;28;1910;4;2;1;1;1;680;AV DU HUIT MAI 1945;M;4901090;240310;950
201400046216;14;3;16;1550;1;2;1;7;2;539;RD 301;M;4899020;236010;950
201400046217;14;3;24;1405;1;2;1;1;1;539;BD DE LA  GARE;M;4899480;236720;950
201400046218;14;4;9;2015;1;2;1;1;3;680;R MICHELET;M;4900370;242040;950
201400046219;14;4;11;2300;3;1;1;1;6;585;R DES CULTIVATEURS;M;4899630;238730;950
201400046220;14;4;17;1350;1;2;1;1;3;680;AV PIERRE SEMARD;M;4900130;240730;950
201400046221;14;5;7;830;1;2;2;8;3;585;R EMILE ZOLA;M;4898780;238990;950
201400046222;14;6;3;809;1;2;1;1;6;585;ALLEE PAUL  ELUARD;M;4897610;237530;950
201400046223;14;6;4;1623;1;2;1;3;6;680;BD CARNOT;M;4900250;238560;950
201400046224;14;6;6;1710;1;1;1;1;3;585;R DE L' ESCOUVRIER;M;4899540;238950;950
201400046225;14;6;20;1210;1;2;1;1;6;539;R DE MONTMORENCY;M;4899710;235220;950
201400046226;14;7;11;1200;1;2;1;2;3;585;ALL 19 MARS 1962;M;4898740;236950;950
201400046227;14;7;16;1545;1;2;1;1;6;585;AV PAUL VALERY;M;4897940;237920;950
201400046228;14;7;16;2130;1;2;1;1;3;585;AV PAUL VALERY;M;4897950;237840;950
201400046229;14;9;26;1630;1;2;2;7;3;680;BD CARNOT;M;4900520;238710;950
201400046230;14;10;4;2050;3;2;1;2;5;585;RTE DE CALAIS;M;4897790;236440;950
201400046231;14;10;7;720;2;2;1;3;3;539;R DE PARIS;M;4899840;235620;950
201400046232;14;10;17;1400;1;2;1;1;6;680;R SCRIBE;M;4900230;241610;950
201400046233;14;10;23;150;5;2;2;1;3;539;R  CHARLES PERRAULT;M;4899890;236840;950
201400046234;14;10;31;1755;5;2;1;1;6;585;AV AUGUSTE PERRET;M;4897550;238480;950
201400046235;14;11;4;1140;1;2;1;1;3;680;AV PIERRE SEMARD;M;4900130;240730;950
201400046236;14;11;5;1630;1;2;2;1;3;680;AV DES ERABLES;M;4900070;239220;950
201400046237;14;11;3;1825;5;2;1;3;6;585;R PIERRE BROSSELETTE;M;4899330;237710;950
201400046238;14;11;6;1300;1;2;1;1;6;539;R DES DEUX PILIERS;M;4900040;236550;950
201400046239;14;12;6;1400;1;2;1;1;6;680;ALL DE CREIL;M;4900170;238450;950
201400046240;14;12;6;1750;2;2;1;1;6;585;R DU PERE HEUDE;M;4898580;238850;950
201400046241;14;12;14;1735;3;1;1;2;6;539;AV DIVISION LECLERC;M;4899610;235010;950
201400046242;14;7;23;2100;1;2;1;2;6;585;R THEODORE BULLIER;M;4899170;236850;950
201400046243;14;1;14;1610;1;2;2;1;6;563;R DU CHATEAU;M;4901890;224760;950
201400046244;14;1;14;1540;1;2;1;1;4;563;R GENERAL DE GAULLE;M;4901550;224470;950
201400046245;14;1;24;1700;1;2;1;1;3;51;CHAUSSEE JULES CESAR;M;4901450;218150;950
201400046246;14;1;27;1600;1;2;1;8;3;607;R GAMBETTA;M;4902610;221950;950
201400046247;14;3;6;1625;1;2;3;1;3;607;RUE DU MARECHAL FOCH;M;4902540;222320;950
201400046248;14;3;27;1130;1;2;3;1;3;51;CH JULES CESAR;M;4900740;220290;950
201400046249;14;4;25;1020;1;2;1;1;5;51;AV GENERAL LECLERC;M;4900920;219920;950
201400046250;14;5;29;1845;1;1;6;1;3;607;AV DIVISION-LECLERC;M;4901410;221680;950
201400046251;14;6;1;1135;1;2;6;1;1;607;BD DU  HUIT MAI 1945;M;4901040;221340;950
201400046252;14;6;8;1730;1;2;4;1;3;60;AV DE LA REPUBLIQUE;M;4903790;221170;950
201400046253;14;6;18;855;1;1;6;1;3;607;AV DIVISION-LECLERC;M;4901550;221810;950
201400046254;14;6;24;920;1;2;2;1;3;607;BD TEMPS DES CERISES;M;4902410;221560;950
201400046255;14;6;28;2140;5;2;2;2;3;60;GRANDE RUE;M;4903710;221210;950
201400046256;14;7;9;1320;1;2;2;2;3;607;R D'HERBLAY;M;4901280;220510;950
201400046257;14;9;13;1255;1;2;1;1;2;60;AV DE LA  REPUBLIQUE;M;4903750;221170;950
201400046258;14;10;1;100;5;1;1;1;3;607;RTE DE BETHEMONT;M;4903690;222590;950
201400046259;14;10;17;1110;1;2;2;1;1;60;AV DE  PARIS;M;4903710;221210;950
201400046260;14;10;23;620;5;2;6;2;7;607;R THEODORE MONOD;M;4902870;220940;950
201400046261;14;10;23;1655;1;2;1;1;6;563;AV JEAN ROSTAND;M;4900780;224280;950
201400046262;14;10;31;1235;1;2;1;1;5;607;BD DU TEMPS DES CERISES;M;4902490;221440;950
201400046263;14;11;17;1915;5;2;1;2;6;51;CHAUSSEE JULES CESAR;M;4900780;220190;950
201400046264;14;12;7;1750;3;2;1;2;6;607;R THEROIGNE MERICOURT;M;4901460;222150;950
201400046265;14;12;12;825;4;2;2;2;3;563;R MICHELET;M;4901370;224090;950
201400046266;14;3;10;2150;5;2;3;1;3;60;AV DE LA REPUBLIQUE;M;4903850;221090;950
201400046267;14;3;13;1720;1;2;1;1;3;607;R DE PARIS;M;4902660;222430;950
201400046268;14;4;2;1805;1;2;2;1;3;607;BD TEMPS DES CERISES;M;4902410;221560;950
201400046269;14;6;10;1720;1;2;1;1;4;563;BD ANDRE BREMONT;M;4900920;223660;950
201400046270;14;6;1;730;1;2;1;1;6;60;GRANDE RUE;M;4903790;221520;950
201400046271;14;6;5;1720;1;2;1;1;3;607;R D'HERBLAY;M;4901580;220880;950
201400046272;14;7;10;1035;1;2;2;2;3;60;AV DE LA REPUBLIQUE;M;4903710;221210;950
201400046273;14;12;17;1520;1;2;3;1;6;607;R D'HERBLAY;M;4901820;221160;950
201400046274;14;1;9;1220;1;2;1;1;6;4;face bar l'arinella;M;4193552;873619;201
201400046275;14;1;22;700;2;2;1;1;6;4;75, NAPOLEON COURS AVANT;M;4192741;873853;201
201400046276;14;1;24;730;2;2;1;2;7;4;lieu dit les baraques;M;4194608;871574;201
201400046277;14;1;25;1535;1;2;1;1;4;4;angle rue des cactus;M;4191207;872258;201
201400046278;14;1;25;2018;5;2;1;1;6;4;res des pins res montana;M;4193700;875993;201
201400046279;14;1;31;2030;5;2;1;1;2;4;69, NAPOLEON COURS APRES;M;4192674;873837;201
201400046280;14;2;7;1310;1;2;1;1;6;4;65, NAPOLEON COURS AVANT;M;4192602;873820;201
201400046281;14;2;14;2222;3;1;1;1;6;4;station epu. carriere se;M;4193991;880517;201
201400046282;14;2;14;2330;5;2;3;1;6;4;NAPOLEON COURS AVANT BEV;M;4192640;873828;201
201400046283;14;2;15;1840;5;2;1;1;3;4;N 194 pole Suartello;M;4194753;876325;201
201400046284;14;2;19;745;1;2;1;1;6;4;., MARECHAL LYAUTEY AVEN;M;4194081;874612;201
201400046285;14;3;11;900;1;2;1;1;3;4;sans, ROSSINI PASCAL BD;M;4191555;873058;201
201400046286;14;3;15;735;1;2;1;1;6;4;RECCO ABBE BOULEVARD;M;4193736;873784;201
201400046287;14;3;21;2300;5;2;1;1;6;4;4, BEVERINI VICO PAIR AV;M;4192649;873754;201
201400046288;14;3;28;1210;1;2;1;1;6;4;71, NAPOLEON COURS APRES;M;4192697;873838;201
201400046289;14;3;28;1535;1;2;1;1;1;4;apres Rdpt alzo di leva;M;4193860;874157;201
201400046290;14;4;13;200;5;1;1;1;7;4;SARTENE ANCIENNE ROUTE;M;4193005;878325;201
201400046291;14;4;14;45;5;2;1;1;3;4;sans, ALATA ROUTE;M;4193658;873591;201
201400046292;14;4;11;1225;1;2;1;1;6;4;MADAME MERE BD;M;4191506;872442;201
201400046293;14;4;17;1450;1;2;1;1;1;4;MEZZAVIA ROUTE DE;M;4194943;876823;201
201400046294;14;4;30;2115;5;2;1;1;3;4;ILES SANGUINAIRES ROUTE;M;4190813;868507;201
201400046295;14;5;1;1300;1;2;3;1;3;4;MARECHAL JUIN AVENUE;M;4193448;875079;201
201400046296;14;5;6;1600;1;2;1;1;3;4;CAMPI LOUIS BD;M;4194403;875519;201
201400046297;14;5;8;825;1;1;9;1;2;4;NATIONALE 193;M;4193713;880358;201
201400046298;14;5;11;645;1;2;3;1;3;4;PRINCE IMPERIAL COURS;M;4193418;874543;201
201400046299;14;5;27;1354;1;2;1;1;6;4;R.D 31;M;4194923;877533;201
201400046300;14;6;4;30;5;2;1;1;6;4;MIOT PLACE;M;4191365;872876;201
201400046301;14;6;14;2050;1;2;1;1;6;4;1, PIETRI FRANCOIS RUE;M;4193524;874588;201
201400046302;14;6;20;455;2;2;1;1;6;4;ILES SANGUINAIRES ROUTE;M;4190869;870882;201
201400046303;14;6;20;1430;1;2;1;1;5;4;STEPHANOPOLI NICEPHORE;M;4190880;871341;201
201400046304;14;6;18;1200;1;2;1;1;7;4;EUGENIE IMPERATRICE  AVE;M;4191957;873341;201
201400046305;14;6;19;1820;1;2;1;2;6;4;PAOLI DOMINIQUE  BD;M;4192891;873745;201
201400046306;14;6;29;2150;5;2;1;1;3;4;ALBERT 1ER BD;M;4191294;872623;201
201400046307;14;7;15;1817;1;2;3;1;3;4;PRINCE IMPERIAL COURS;M;4193418;874754;201
201400046308;14;7;26;140;5;2;1;1;6;4;SANS, ROSSINI PASCAL BD;M;4191717;873403;201
201400046309;14;7;26;2345;5;2;1;1;6;4;SANS, CAMPI LOUIS BD;M;4194484;875718;201
201400046310;14;8;3;300;5;1;1;1;1;4;ILES SANGUINAIRES ROUTE;M;4190918;869834;201
201400046311;14;8;3;1150;1;2;1;1;6;4;NICOLI JEAN COURS;M;4193338;874322;201
201400046312;14;8;3;2305;5;2;3;1;6;4;MARCAGGI SYLVESTRE BD;M;4191665;873142;201
201400046313;14;8;6;2145;5;2;1;1;3;4;BONAPARTE CHARLES  BD;M;4193172;874053;201
201400046314;14;8;11;27;5;2;1;1;6;4;., BONARDI PIERRE RUE;M;4193286;874177;201
201400046315;14;8;19;2350;3;1;1;1;6;4;CAPO DI FENO RTE;M;4192523;864482;201
201400046316;14;8;18;1944;1;2;1;1;5;4;ROSSI TINO BD;M;4190919;869436;201
201400046317;14;8;30;1210;1;2;1;1;6;4;MEZZAVIA ROUTE DE;M;0;0;201
201400046318;14;8;30;1;5;2;2;1;3;4;sans, ILES SANGUINAIRES;M;4191061;872166;201
201400046319;14;9;3;2000;2;1;1;1;1;4;ALATA ROUTE;M;4194486;873586;201
201400046320;14;9;5;1510;1;2;1;1;3;4;SAMPIERO BD;M;4192390;873914;201
201400046321;14;9;9;1820;1;2;1;1;6;4;., VERDUN AVENUE DE;M;0;0;201
201400046322;14;9;11;730;1;2;1;2;3;4;., SEBASTIANU COSTA BD;M;4194397;875512;201
201400046323;14;9;14;30;5;2;1;1;6;4;., BIANCAMARIA COLONEL E;M;4193397;873678;201
201400046324;14;9;14;300;5;2;1;1;6;4;52, NAPOLEON COURS AVANT;M;4192338;873769;201
201400046325;14;9;16;2040;5;2;1;1;1;4;CAMPI LOUIS BD;M;4194315;875309;201
201400046326;14;9;18;2105;5;2;1;1;7;4;MEZZAVIA ROUTE DE;M;4195088;877271;201
201400046327;14;9;21;140;5;2;1;1;6;4;., LANTIVY BD;M;4191672;873742;201
201400046328;14;9;21;720;1;2;1;1;3;4;PAOLI DOMINIQUE  BD;M;4192949;873740;201
201400046329;14;9;22;1722;1;2;3;1;1;4;SCAMARONI FRED BD;M;4191522;872728;201
201400046330;14;9;28;2300;5;2;6;1;3;4;NAPOLEON COURS AVANT BEV;M;4191866;873695;201
201400046331;14;9;29;930;1;2;1;1;6;4;STEPHANOPOLI NICEPHORE;M;4190918;869404;201
201400046332;14;10;3;2310;5;2;1;1;6;4;CONFINA 1 rue gravona;M;4194445;879790;201
201400046333;14;10;10;820;1;2;1;1;1;4;PERALDI NICOLAS AVENUE;M;4193655;873978;201
201400046334;14;10;15;2215;5;2;1;1;6;4;ALBERT 1ER BD;M;0;0;201
201400046335;14;10;23;2235;5;2;1;1;2;4;PIETRI FRANCOIS RUE;M;4193515;875315;201
201400046336;14;10;30;215;5;2;1;1;6;4;17, MADAME MERE BD;M;4191536;872424;201
201400046337;14;11;7;2130;3;1;1;1;2;4;NATIONALE 193;M;0;0;201
201400046338;14;11;22;839;1;2;3;1;3;4;PRINCE IMPERIAL COURS;M;0;0;201
201400046339;14;11;24;1910;5;2;1;1;6;4;., FRANCHINI NOEL AV DOC;M;4193602;875347;201
201400046340;14;12;5;1410;1;2;1;8;6;4;27, PAOLI DOMINIQUE  BD;M;4193009;873736;201
201400046341;14;12;7;1450;1;1;1;1;7;4;ALATA ROUTE;M;0;0;201
201400046342;14;12;13;2310;5;2;2;1;6;4;., NAPOLEON COURS AVANT;M;0;0;201
201400046343;14;12;17;1305;1;2;3;1;6;4;PERALDI NICOLAS AVENUE;M;4193647;874146;201
201400046344;14;1;7;1425;1;2;1;1;2;381;QUAI JEAN MOULIN;;;;690
201400046345;14;2;15;1720;2;2;1;3;6;382;JEAN MOULIN;;;;690
201400046346;14;1;9;1250;1;2;2;8;3;381;RUE ROYALE;;;;690
201400046347;14;1;10;1900;5;2;1;1;6;381;FOREZ (DU);;;;690
201400046348;14;2;27;1550;1;2;1;2;6;381;15, LOUIS PRADEL;;;;690
201400046349;14;3;18;2050;5;2;2;1;5;381;2, ALGERIE (D');;;;690
201400046350;14;6;4;950;1;2;1;2;6;381;7, RUE PIZAY;;;;690
201400046351;14;7;20;358;5;2;1;1;6;381;CROIX ROUSSE (TU;;;;690
201400046352;14;6;14;1750;1;2;1;1;3;381;12, QUAI SAINT VINCENT;;;;690
201400046353;14;6;19;1250;1;2;1;1;3;381;SANS, DE LATTRE DE TASSI;;;;690
201400046354;14;6;28;1710;1;2;1;1;6;381;7, RUE PRESIDENT EDOUARD;;;;690
201400046355;14;6;17;2115;3;2;2;2;1;381;15, REPUBLIQUE (DE LA);;;;690
201400046356;14;7;31;1915;1;2;1;1;6;381;12, QUAI ANDRE LASSAGNE;;;;690
201400046357;14;8;12;1350;1;2;1;1;3;381;12, RUE BURDEAU;;;;690
201400046358;14;8;28;300;5;2;1;1;6;381;16, RUE DE L ANNONCIADE;;;;690
201400046359;14;8;28;1725;1;2;3;1;3;381;82, BOULEVARD DE LA CROI;;;;690
201400046360;14;9;4;1955;5;2;2;1;3;381;PLATIERE (DE LA);;;;690
201400046361;14;9;9;2350;5;2;1;1;3;384;1, CROIX ROUSSE (DE LA);;;;690
201400046362;14;10;2;715;1;2;1;1;3;381;MONTEE SAINT SEBASTIEN;;;;690
201400046363;14;7;28;2215;5;2;1;1;6;381;1, GARET (DU);;;;690
201400046364;14;10;1;1600;1;2;1;1;6;381;16, RUE IMBERT COLOMES;;;;690
201400046365;14;10;19;445;5;2;1;1;6;381;13, JEAN MOULIN;;;;690
201400046366;14;10;23;320;5;2;1;1;6;381;15, COURS GENERAL GIRAUD;;;;690
201400046367;14;10;25;120;5;2;1;1;1;381;8, QUAI SAINT VINCENT;;;;690
201400046368;14;11;6;1730;5;2;2;1;3;381;PLACE TOBIE ROBATEL;;;;690
201400046369;14;11;20;345;4;2;1;1;5;382;11, JEAN MOULIN;;;;690
201400046370;14;12;5;2215;4;2;1;1;6;381;BAT D'ARGENT (DU);;;;690
201400046371;14;1;2;1800;5;1;1;1;5;18;A4;M;4882560;239234;940
201400046372;14;1;3;1800;5;1;1;1;2;46;A4;M;4881720;242504;940
201400046373;14;1;4;1930;3;1;1;1;4;33;A86.INT;M;4884800;249104;940
201400046374;14;1;4;1920;3;1;1;1;7;121;A104;;;;770
201400046375;14;1;6;857;1;1;1;1;5;18;A4;M;4881870;240833;940
201400046376;14;1;7;1600;1;1;1;2;3;373;RN104;;;;770
201400046377;14;1;7;1915;3;1;1;2;5;58;A4;M;4849518;241399;770
201400046378;14;1;11;1040;1;1;1;2;6;44;RN406.W;M;4875800;247079;940
201400046379;14;1;11;1220;1;1;9;1;3;175;RN104;;;;770
201400046380;14;1;11;1830;3;1;1;1;5;53;RN104;;;;770
201400046381;14;1;12;1900;3;1;1;1;2;33;A86.INT;M;4885090;248998;940
201400046382;14;1;13;600;3;1;1;1;2;121;A104;;;;770
201400046383;14;1;13;858;1;1;1;1;4;249;RN104;;;;770
201400046384;14;1;13;1030;1;1;1;1;4;42;A4;M;4882830;247449;940
201400046385;14;1;14;825;1;1;1;2;4;294;A104;;;;770
201400046386;14;1;15;920;1;1;1;2;6;73;A86 EXT;M;4875460;238171;940
201400046387;14;1;15;1115;1;1;1;2;6;73;A86 INT;M;4876730;237855;940
201400046388;14;1;15;1125;1;1;1;2;2;81;A86 INT;M;4877450;240442;940
201400046389;14;1;15;1200;1;1;1;2;6;438;A104;;;;770
201400046390;14;1;15;1505;1;1;1;2;6;44;RN406.W;M;4875760;247198;940
201400046391;14;1;15;1625;1;1;1;2;3;58;A86.EXT;M;4884500;249287;940
201400046392;14;1;16;730;5;1;1;1;3;51;A4;;;;930
201400046393;14;1;16;900;1;1;1;2;3;249;RN104;;;;770
201400046394;14;1;16;950;1;1;1;2;3;65;A86 INT;M;4875370;236569;940
201400046395;14;1;16;2030;3;1;1;2;7;175;RN104;;;;770
201400046396;14;1;18;1930;4;1;1;1;5;17;A4;M;4882790;250451;940
201400046397;14;1;19;1815;4;1;1;1;7;51;A4;;;;930
201400046398;14;1;20;10;5;1;1;1;3;46;A86 INT;M;4880720;244874;940
201400046399;14;1;20;705;3;1;1;1;6;296;RN104;;;;770
201400046400;14;1;20;830;1;1;1;1;2;294;A104;;;;770
201400046401;14;1;20;1015;2;1;1;1;5;294;A104;;;;770
201400046402;14;1;21;845;2;1;1;1;4;83;A4.W;;;;770
201400046403;14;1;21;1800;3;1;1;1;3;373;RN104;;;;770
201400046404;14;1;23;635;3;1;1;2;2;181;A4;;;;770
201400046405;14;1;23;755;2;1;1;1;5;112;A4;;;;750
201400046406;14;1;23;1605;1;1;1;2;7;53;RN104;;;;770
201400046407;14;1;23;2205;5;1;1;2;6;42;A4;M;4882770;247021;940
201400046408;14;1;25;1010;1;1;1;2;3;44;RN406.W;M;4875880;247013;940
201400046409;14;1;25;1255;1;1;1;1;4;81;A86 EXT;M;4877340;240296;940
201400046410;14;1;28;736;3;1;1;1;2;69;A4;M;4881760;242084;940
201400046411;14;1;28;1420;1;1;1;1;2;17;A4;M;4882970;249791;940
201400046412;14;1;29;2010;5;1;1;1;4;17;A4;M;4882980;249753;940
201400046413;14;1;30;130;3;1;1;2;6;121;A104;;;;770
201400046414;14;1;30;1915;3;1;1;1;2;294;A104;;;;770
201400046415;14;1;31;820;1;1;1;1;3;363;A104;;;;770
201400046416;14;2;1;1330;1;1;1;1;5;51;A4;M;4883490;257708;930
201400046417;14;2;2;505;4;1;1;1;2;65;A86 INT;M;4875490;234712;940
201400046418;14;2;3;743;1;1;1;1;2;468;A104;;;;770
201400046419;14;2;5;819;1;1;1;1;2;514;A104;;;;770
201400046420;14;2;5;830;1;1;1;1;3;33;A86.EXT;M;4885180;249044;940
201400046421;14;2;5;2300;3;1;1;1;5;69;A4;M;4881660;245027;940
201400046422;14;2;7;900;1;1;1;1;4;46;A86 INT;M;4879800;244442;940
201400046423;14;2;7;1802;1;1;1;1;2;15;A4;M;4883060;252982;940
201400046424;14;2;8;915;2;1;1;2;3;28;A86 EXT;M;4878790;244032;940
201400046425;14;2;10;810;1;1;1;1;2;15;A4;M;4883070;252991;940
201400046426;14;2;10;1515;1;1;1;1;6;18;A4;M;4882350;239514;940