num_acc;an;mois;jour;hrmn;lum;agg;int;atm;col;com;adr;gps;lat;long;dep
201400046427;14;2;11;640;3;1;1;1;7;373;RN104;;;;770
201400046428;14;2;11;910;1;1;1;1;3;18;A4;M;4882490;239322;940
201400046429;14;2;12;900;1;1;1;1;2;51;A4;M;4883470;258182;930
201400046430;14;2;12;950;1;1;1;1;4;294;A104;;;;770
201400046431;14;2;13;840;2;1;1;3;3;18;A4;M;4882130;239954;940
201400046432;14;2;15;1715;1;1;1;1;3;65;A86 EXT;M;4875350;236041;940
201400046433;14;2;16;2020;3;1;1;2;2;46;A86 INT;M;4880810;244878;940
201400046434;14;2;17;800;1;1;1;1;5;517;A104.INT;;;;770
201400046435;14;2;17;800;1;1;1;1;2;175;RN104;;;;770
201400046436;14;2;18;1250;1;1;1;1;2;51;A4;;;;930
201400046437;14;2;19;1735;1;1;1;1;7;2;A86 INT;M;4877670;241733;940
201400046438;14;2;21;200;3;1;1;1;6;121;A104;;;;770
201400046439;14;2;21;1800;1;1;1;1;3;372;A104;;;;770
201400046440;14;2;22;1130;1;1;1;2;6;44;RN406.W;M;4875800;247080;940
201400046441;14;2;24;100;3;1;1;1;6;372;A104;;;;770
201400046442;14;2;25;1200;1;1;1;1;2;294;A104;;;;770
201400046443;14;2;25;1930;3;1;1;2;5;373;RN104;;;;770
201400046444;14;2;26;1930;3;1;1;1;7;18;A4;M;4881750;241528;940
201400046445;14;2;28;1945;3;1;1;3;6;438;A104;;;;770
201400046446;14;3;1;1440;1;1;1;1;7;337;RN104;M;4849357;237005;770
201400046447;14;3;11;1730;1;1;1;1;6;296;RN104;;;;770
201400046448;14;3;2;820;1;1;1;1;6;258;VPO.EXT;;;;770
201400046449;14;3;2;2045;3;1;1;1;7;112;A4;;;;750
201400046450;14;3;2;2330;5;1;1;2;3;112;A4;;;;750
201400046451;14;3;10;820;1;1;1;1;6;294;A104;;;;770
201400046452;14;3;3;840;1;1;1;8;3;18;A4;M;4881770;241560;940
201400046453;14;3;4;845;1;1;1;1;3;73;A86 INT;M;4876080;238255;940
201400046454;14;3;4;1115;1;1;1;1;2;33;A86.EXT;M;4885550;248927;940
201400046455;14;3;5;1540;1;1;1;1;3;121;A104;;;;770
201400046456;14;3;5;1915;3;1;1;1;2;22;A86 EXT;M;4877340;240104;940
201400046457;14;3;6;855;1;1;1;1;3;65;A86 INT;M;4875420;235100;940
201400046458;14;3;8;1101;1;1;1;1;5;17;A4;M;4882970;249791;940
201400046459;14;3;8;1445;1;1;1;1;4;17;A4;M;4882860;247721;940
201400046460;14;3;8;1630;1;1;1;1;2;169;A4.Y;;;;770
201400046461;14;3;9;550;3;1;1;1;4;258;A4.Y;M;4849512;238085;770
201400046462;14;3;9;654;4;1;1;1;6;251;RN104;;;;770
201400046463;14;3;10;1145;1;1;1;1;4;52;A86 INT;M;4884270;249262;940
201400046464;14;3;11;1010;1;1;1;1;4;294;A104;;;;770
201400046465;14;3;12;1320;1;1;1;1;6;373;RN104;;;;770
201400046466;14;3;12;1740;1;1;1;1;4;22;A86 EXT;M;4877640;242160;940
201400046467;14;3;13;920;1;1;1;1;4;28;A86 EXT;M;4879310;244162;940
201400046468;14;3;14;1600;1;1;1;1;5;22;A86 INT;M;4877560;241291;940
201400046469;14;3;14;1635;1;1;1;1;2;69;A4;M;4881760;243909;940
201400046470;14;3;15;945;1;1;1;1;3;112;A4;;;;750
201400046471;14;3;17;815;2;1;1;1;2;514;A104;;;;770
201400046472;14;3;20;1640;1;1;1;1;6;51;A4;M;4883550;256576;930
201400046473;14;3;21;700;5;1;1;1;6;52;A86 INT;M;4883670;249401;940
201400046474;14;3;24;800;1;1;1;1;4;373;RN104;;;;770
201400046475;14;3;24;830;1;1;1;1;2;73;A86 INT;M;4876900;237920;940
201400046476;14;3;24;845;1;1;1;1;2;69;A4;M;4881740;242930;940
201400046477;14;3;25;850;1;1;1;1;3;373;RN104;;;;770
201400046478;14;3;25;1940;5;1;1;1;4;18;A4;M;4882480;239301;940
201400046479;14;3;26;620;1;1;1;1;4;15;A4;M;4883060;252981;940
201400046480;14;3;28;430;5;1;1;1;2;28;A86 EXT;M;4877610;243095;940
201400046481;14;3;28;915;1;1;1;1;2;69;A4;M;4881740;242930;940
201400046482;14;3;28;1815;1;1;1;1;3;73;A86 EXT;M;4875850;238393;940
201400046483;14;3;28;1950;4;1;1;1;3;17;A4;M;4883030;248823;940
201400046484;14;3;29;1500;1;1;1;1;2;73;A86 INT;M;4877130;239086;940
201400046485;14;3;30;1240;1;1;1;1;2;33;A86.INT;M;4884850;249089;940
201400046486;14;3;31;655;1;1;1;1;2;18;A4;M;4882130;239955;940
201400046487;14;3;31;930;1;1;1;1;6;294;A104;;;;770
201400046488;14;4;1;200;5;1;1;1;2;28;A86 INT;M;4878020;244118;940
201400046489;14;4;5;1830;1;1;1;1;2;81;A86 EXT;M;4877330;240208;940
201400046490;14;4;7;1125;1;1;1;1;6;22;A86 INT;M;4877590;241379;940
201400046491;14;4;7;1700;1;1;1;1;7;438;A104;;;;770
201400046492;14;4;8;910;1;1;1;1;3;112;A86 EXT;;;;750
201400046493;14;4;9;850;1;1;1;1;4;46;A86 INT;M;4880450;244834;940
201400046494;14;4;9;930;1;1;1;1;3;46;A86 EXT;M;4880420;244866;940
201400046495;14;4;9;1600;1;1;1;1;5;112;A4;;;;750
201400046496;14;4;9;1700;1;1;1;1;6;294;A104;;;;770
201400046497;14;4;10;800;1;1;1;1;3;251;RN104;;;;770
201400046498;14;4;10;810;1;1;1;1;2;17;A4;M;4882700;252396;940
201400046499;14;4;11;1540;1;1;1;1;3;81;A86 EXT;M;4877360;240171;940
201400046500;14;4;12;830;1;1;1;1;7;53;RN104;;;;770
201400046501;14;4;12;1600;1;1;1;1;6;69;A4;M;4881720;244334;940
201400046502;14;4;12;1940;1;1;1;1;2;15;A4;M;4883300;253367;940
201400046503;14;4;13;1930;1;1;1;1;6;52;A86.EXT;M;4883200;249203;940
201400046504;14;4;14;745;1;1;1;1;3;17;A4;M;4882660;251692;940
201400046505;14;4;14;850;1;1;1;1;4;65;A86 INT;M;4875370;236302;940
201400046506;14;4;14;1550;1;1;1;1;3;28;A86 EXT;M;4877760;244010;940
201400046507;14;4;14;1940;1;1;1;1;4;52;A86 INT;M;4883520;249349;940
201400046508;14;4;15;1215;1;1;1;1;5;17;A4;M;4882880;247730;940
201400046509;14;4;17;822;1;1;1;1;3;51;A4;;;;930
201400046510;14;4;18;1230;1;1;1;1;5;33;A86.EXT;M;4884900;249146;940
201400046511;14;4;18;1745;1;1;1;1;2;15;A4;M;4883340;253488;940
201400046512;14;4;19;340;3;1;1;1;2;22;A86 INT;M;4877630;242425;940
201400046513;14;4;20;2035;1;1;1;1;7;33;A86.INT;M;4885150;248978;940
201400046514;14;4;20;2010;1;1;1;1;4;33;A86.EXT;M;4885170;249044;940
201400046515;14;4;22;115;3;1;1;1;6;169;RN104;;;;770
201400046516;14;4;22;1900;1;1;1;1;2;65;A86 EXT;M;4875350;236174;940
201400046517;14;4;22;1920;1;1;1;1;7;146;A4.Y;;;;770
201400046518;14;4;26;1520;1;1;1;2;4;373;RN104;;;;770
201400046519;14;4;27;730;1;1;1;8;7;294;A104;;;;770
201400046520;14;4;27;1310;1;1;1;1;7;294;A104;;;;770
201400046521;14;4;28;1235;1;1;1;2;5;17;A4;M;4882700;252384;940
201400046522;14;4;28;1545;1;1;1;1;7;52;A86 INT;M;4884020;249302;940
201400046523;14;4;29;600;3;1;1;1;6;69;A4;M;4881740;243207;940
201400046524;14;4;29;1325;1;1;1;1;4;17;A4;M;4882970;249790;940
201400046525;14;4;29;2020;2;1;1;2;5;58;A86.EXT;M;4884440;249303;940
201400046526;14;4;30;535;3;1;1;1;7;17;A4;M;4882970;249790;940
201400046527;14;5;4;700;2;1;1;1;2;372;A104;;;;770
201400046528;14;5;4;825;1;1;1;1;6;121;A4;;;;770
201400046529;14;5;5;1330;1;1;1;1;7;372;A104;;;;770
201400046530;14;5;5;1020;1;1;1;1;5;294;A104;;;;770
201400046531;14;5;5;1315;1;1;1;1;6;258;A4.W;;;;770
201400046532;14;5;5;1735;1;1;1;1;4;372;A104;;;;770
201400046533;14;5;6;1840;2;1;1;1;2;112;A4;;;;750
201400046534;14;5;7;815;1;1;1;2;2;17;A4;M;4882970;249790;940
201400046535;14;5;7;1515;1;1;1;8;5;42;A4;M;4882640;246623;940
201400046536;14;5;7;1915;1;1;1;1;2;44;RN406.Y;M;4875830;248109;940
201400046537;14;5;8;2030;2;1;1;2;5;181;A4;;;;770
201400046538;14;5;9;705;1;1;1;2;6;122;RN104;;;;770
201400046539;14;5;9;1830;1;1;1;1;5;69;A4;M;4881750;242088;940
201400046540;14;5;10;1700;1;1;1;1;2;52;A86 INT;M;4883800;249377;940
201400046541;14;5;12;915;1;1;1;1;4;514;A104;;;;770
201400046542;14;5;12;1800;1;1;1;1;6;372;A104;;;;770
201400046543;14;5;14;800;1;1;1;1;7;69;A86 EXT;M;4881690;245441;940
201400046544;14;5;14;1435;1;1;1;1;6;28;RN406.W;M;4878060;244146;940
201400046545;14;5;15;840;1;1;1;1;4;181;A4;;;;770
201400046546;14;5;15;1640;1;1;1;1;3;51;A4;M;4883540;256709;930
201400046547;14;5;15;1845;1;1;1;1;2;17;A4;M;4882690;251275;940
201400046548;14;5;16;30;3;1;1;1;6;121;A104;;;;770
201400046549;14;5;16;500;3;1;1;1;6;517;A104.INT;;;;770
201400046550;14;5;16;840;1;1;1;1;5;51;A4;;;;930
201400046551;14;5;16;900;1;1;1;1;5;18;A4;M;4882560;239233;940
201400046552;14;5;16;1830;1;1;1;1;5;28;A86 EXT;M;4878180;244103;940
201400046553;14;5;17;1350;1;1;1;1;2;42;A4;M;4882830;247449;940
201400046554;14;5;17;1445;1;1;1;1;2;28;A86 INT;M;4878790;244013;940
201400046555;14;5;18;1915;1;1;1;1;4;51;A4;;;;930
201400046556;14;5;18;2000;1;1;1;1;2;181;A4;;;;770
201400046557;14;5;18;2030;1;1;1;1;5;33;A86.EXT;M;4885320;248993;940
201400046558;14;5;19;835;1;1;1;1;3;46;A86 INT;M;4880540;244854;940
201400046559;14;5;19;900;1;1;1;1;5;15;A4;M;4883060;252982;940
201400046560;14;5;20;1646;1;1;1;3;2;18;A4;M;4882060;240139;940
201400046561;14;5;21;750;2;1;1;2;2;17;A4;M;4882860;250178;940
201400046562;14;5;21;920;1;1;1;1;6;258;A4.W;;;;770
201400046563;14;5;21;1028;1;1;1;2;7;121;A104;;;;770
201400046564;14;5;21;2250;5;1;1;3;6;73;A86 EXT;M;4876770;237872;940
201400046565;14;5;22;900;1;1;1;1;5;294;A104;;;;770
201400046566;14;5;22;1210;1;1;1;2;3;337;RN104;;;;770
201400046567;14;5;22;1330;1;1;1;1;2;73;A86 INT;M;4875360;237900;940
201400046568;14;5;24;135;3;1;1;8;3;22;A86 EXT;M;4877620;242426;940
201400046569;14;5;24;2030;1;1;1;1;6;17;A4;M;4882700;252367;940
201400046570;14;5;25;10;5;1;1;1;2;17;A4;M;4882780;250589;940
201400046571;14;5;25;1010;1;1;1;1;6;81;A86 INT;M;4877430;240931;940
201400046572;14;5;26;600;2;1;1;2;3;73;A86 INT;M;4876810;237869;940
201400046573;14;5;27;915;1;1;1;1;2;46;A86 EXT;M;4880810;244896;940
201400046574;14;5;28;845;1;1;1;3;3;514;A104;;;;770
201400046575;14;5;28;1330;1;1;1;1;3;373;RN104;;;;770
201400046576;14;5;29;1541;1;1;1;1;4;33;A86.INT;M;4885150;248979;940
201400046577;14;5;31;1815;1;1;1;1;4;52;A86 INT;M;4884180;249269;940
201400046578;14;6;3;1000;1;1;1;1;2;18;A4;M;4882490;239322;940
201400046579;14;6;3;1050;1;1;1;1;6;514;A104;;;;770
201400046580;14;6;4;830;1;1;1;3;6;81;A86 EXT;M;4877360;240186;940
201400046581;14;6;4;1430;1;1;1;3;2;51;A4;;;;930
201400046582;14;6;5;720;1;1;1;1;3;15;A4;M;4883130;253079;940
201400046583;14;6;5;1630;1;1;1;1;2;181;A4;;;;770
201400046584;14;6;5;1825;1;1;1;1;2;46;A86 INT;M;4879840;244470;940
201400046585;14;6;5;2050;2;1;1;1;6;73;A86 EXT;M;4875350;237876;940
201400046586;14;6;6;840;1;1;1;1;6;495;A5b;;;;770
201400046587;14;6;6;1620;1;1;1;1;3;53;RN104;;;;770
201400046588;14;6;6;1820;1;1;1;1;2;296;RN104;;;;770
201400046589;14;6;7;310;3;1;1;1;7;372;A104;;;;770
201400046590;14;6;8;1602;1;1;1;1;2;33;A86.EXT;M;4884920;249137;940
201400046591;14;6;8;2006;1;1;1;1;7;384;A5b;;;;770
201400046592;14;6;27;135;5;1;1;2;6;28;A86 EXT;M;4880120;244738;940
201400046593;14;6;11;815;1;1;1;1;5;22;A86 EXT;M;4877650;241892;940
201400046594;14;6;12;800;1;1;1;1;5;73;A86 EXT;M;4877110;238958;940
201400046595;14;6;12;1410;1;1;1;1;2;69;A4;M;4881730;244043;940
201400046596;14;6;12;1745;1;1;1;1;7;17;A4;M;4882640;251810;940
201400046597;14;6;13;500;2;1;1;1;6;181;A4;;;;770
201400046598;14;6;13;715;1;1;1;1;5;22;A86 EXT;M;4877660;241748;940
201400046599;14;6;13;1715;1;1;1;1;2;468;A104;;;;770
201400046600;14;6;13;1930;1;1;1;1;2;258;A4.Y;;;;770
201400046601;14;6;13;2250;3;1;1;1;2;28;A86 EXT;M;4879140;244102;940
201400046602;14;6;14;1520;1;1;1;1;3;373;RN104;;;;770
201400046603;14;6;15;1815;1;1;1;1;3;81;A86 INT;M;4877430;240287;940
201400046604;14;6;16;800;1;1;1;1;7;112;A86 EXT;;;;750
201400046605;14;6;16;800;1;1;1;1;2;438;A104;;;;770
201400046606;14;6;16;910;1;1;1;1;6;18;A4;M;4881770;241524;940
201400046607;14;6;16;940;1;1;1;1;3;18;A4;M;4881790;241252;940
201400046608;14;6;16;1610;1;1;1;1;2;22;A86 INT;M;4877640;242290;940
201400046609;14;6;17;1500;1;1;1;1;2;17;A4;M;4882970;249790;940
201400046610;14;6;18;1645;1;1;1;1;5;42;A4;M;4882850;247619;940
201400046611;14;6;19;1940;1;1;1;1;6;121;A104;;;;770
201400046612;14;6;20;230;5;1;1;1;6;69;A86 INT;M;4881690;245291;940
201400046613;14;6;20;1420;1;1;1;1;2;17;A4;M;4883050;249110;940
201400046614;14;6;21;725;1;1;1;1;6;249;RN104;;;;770
201400046615;14;6;22;1515;1;1;1;1;6;372;A104;;;;770
201400046616;14;6;23;1225;1;1;1;1;2;514;A104;;;;770
201400046617;14;6;23;1900;1;1;1;1;2;81;A86 EXT;M;4877370;240241;940
201400046618;14;6;24;835;1;1;1;1;5;51;A4;;;;930
201400046619;14;6;25;830;1;1;1;1;2;42;A4;M;4882740;246888;940
201400046620;14;6;25;1100;1;1;1;1;3;46;A86 EXT;M;4879840;244505;940
201400046621;14;6;25;1230;1;1;1;1;3;46;A86 EXT;M;4879910;244567;940
201400046622;14;6;26;900;1;1;1;1;4;22;A86 INT;M;4877660;241889;940
201400046623;14;6;29;130;4;1;1;2;6;372;A104;;;;770
201400046624;14;6;30;1000;1;1;1;1;2;373;RN104;;;;770
201400046625;14;7;1;445;3;1;1;1;7;372;A104;;;;770
201400046626;14;7;1;1030;1;1;1;1;7;237;A4;;;;770
201400046627;14;7;1;1655;1;1;1;1;4;73;A86 EXT;M;4876570;237935;940
201400046628;14;7;2;655;1;1;1;1;5;33;A86.EXT;M;4885870;248734;940
201400046629;14;7;2;1100;1;1;1;1;4;517;A104;;;;770
201400046630;14;7;2;1600;1;1;1;1;5;112;A4;;;;750
201400046631;14;7;3;2010;1;1;1;1;5;337;A4;;;;770
201400046632;14;7;3;940;1;1;1;1;4;69;A4;M;4881750;243350;940
201400046633;14;7;3;1030;1;1;1;1;3;17;A4;M;4882690;251275;940
201400046634;14;7;3;1131;1;1;1;1;4;517;A104.EXT;;;;770
201400046635;14;7;3;1345;1;1;1;1;4;237;A4;;;;770
201400046636;14;7;6;1820;1;1;1;1;7;121;A104;;;;770
201400046637;14;7;7;1550;1;1;1;1;7;112;A4;;;;750
201400046638;14;7;7;1800;1;1;1;2;2;28;A86 EXT;M;4878180;244103;940
201400046639;14;7;7;2145;5;1;1;2;6;73;A86 INT;M;4876820;237873;940
201400046640;14;7;8;825;1;1;1;1;5;175;RN104;;;;770
201400046641;14;7;8;1340;1;1;1;2;3;73;A86 EXT;M;4876870;237913;940
201400046642;14;7;9;1000;1;1;1;1;3;55;A104;;;;770
201400046643;14;7;10;2020;2;1;1;2;6;74;RN406.W;M;4876510;246074;940
201400046644;14;7;10;15;3;1;1;2;6;121;A104;M;4850043;236555;770
201400046645;14;7;10;820;1;1;1;2;7;373;RN104;;;;770
201400046646;14;7;10;945;1;1;1;2;7;69;A4;M;4881750;242225;940
201400046647;14;7;11;905;1;1;1;2;5;18;A4;M;4881770;241524;940
201400046648;14;7;11;1400;1;1;1;2;3;17;A4;M;4882790;250423;940
201400046649;14;7;11;1620;1;1;1;2;3;17;A4;M;4882680;251414;940
201400046650;14;7;11;1600;1;1;1;1;4;17;A4;M;4882640;251810;940
201400046651;14;7;12;350;5;1;1;1;6;28;A86 EXT;M;4877600;243822;940
201400046652;14;7;12;1500;1;1;1;1;5;28;A86 INT;M;4878880;244021;940
201400046653;14;7;13;1645;1;1;1;2;2;294;A104;;;;770
201400046654;14;7;13;1920;1;1;1;1;5;294;A104;;;;770
201400046655;14;7;15;1715;1;1;1;1;2;363;A104;;;;770
201400046656;14;7;15;1815;1;1;1;1;3;46;A86 EXT;M;4881400;244913;940
201400046657;14;7;17;30;4;1;1;1;6;121;A104;;;;770
201400046658;14;7;18;1600;1;1;1;1;7;18;A4;;;;770
201400046659;14;7;18;1600;1;1;1;1;7;18;A4;M;4881780;241227;940
201400046660;14;7;18;1845;1;1;1;1;6;514;A104;;;;770
201400046661;14;7;19;520;3;1;1;1;4;51;A4;M;4883480;257909;930
201400046662;14;7;19;1500;1;1;1;1;4;52;A86 INT;M;4884550;249194;940
201400046663;14;7;21;940;1;1;1;1;2;28;A86 EXT;M;4879570;244294;940
201400046664;14;7;22;600;2;1;1;1;6;11;RN406.W;M;4876200;249358;940
201400046665;14;7;23;1000;1;1;1;1;3;112;A4;;;;750
201400046666;14;7;23;1715;1;1;1;1;5;373;RN104;;;;770
201400046667;14;7;24;2335;3;1;1;1;6;51;A4;;;;930
201400046668;14;7;26;1000;1;1;1;1;3;73;A86 INT;M;4875430;238085;940
201400046669;14;7;26;1650;1;1;1;1;3;33;A86.INT;M;4885000;249029;940
201400046670;14;7;29;1124;1;1;1;1;3;22;A86 INT;M;4877640;242290;940
201400046671;14;7;30;1030;2;1;1;1;5;258;A4.W;;;;770
201400046672;14;7;30;1315;1;1;1;1;6;69;A4;M;4881730;244503;940
201400046673;14;8;1;1005;1;1;1;1;3;15;A4;M;4883060;252982;940
201400046674;14;8;1;1130;1;1;1;1;3;73;A86 INT;M;4877100;238823;940
201400046675;14;8;1;1400;1;1;1;1;7;146;RN104.EXT;;;;770
201400046676;14;8;2;621;5;1;1;1;2;17;A4;M;4882690;251104;940
201400046677;14;8;6;340;3;1;1;1;6;237;A4;;;;770
201400046678;14;8;6;1750;1;1;1;2;5;18;A4;M;4881750;241808;940
201400046679;14;8;6;1915;1;1;1;1;2;17;A4;M;4882720;252455;940
201400046680;14;8;9;1918;1;1;1;2;4;73;A86 EXT;M;4875330;237658;940
201400046681;14;8;7;1830;1;1;1;1;4;73;A86 EXT;M;4877040;238431;940
201400046682;14;8;8;1320;1;1;1;2;4;69;A4;M;4881710;244323;940
201400046683;14;8;9;800;1;1;1;1;6;33;A86.EXT;M;4885950;248801;940
201400046684;14;8;10;200;5;1;1;3;2;18;A4;M;4881870;240833;940
201400046685;14;8;10;715;2;1;1;2;2;22;A86 INT;M;4877560;241303;940
201400046686;14;8;13;1200;1;1;1;1;3;294;A104;;;;770
201400046687;14;8;15;1815;1;1;1;1;2;237;A4;;;;770
201400046688;14;8;17;1925;1;1;1;1;3;28;A86 EXT BRE STATIONTOTAL;M;4877790;244067;940
201400046689;14;8;19;1805;1;1;1;1;6;175;A5b;;;;770
201400046690;14;8;20;920;1;1;1;1;3;42;A4;M;4882860;247655;940
201400046691;14;8;20;2055;2;1;1;1;7;52;A86 INT;M;4884620;249168;940
201400046692;14;8;21;906;1;1;1;1;5;46;A86 EXT;M;4879850;244509;940
201400046693;14;8;23;1420;1;1;1;1;7;294;A104;;;;770
201400046694;14;8;25;100;5;1;1;1;3;65;A86 INT;M;4875470;234842;940
201400046695;14;8;25;1614;1;1;1;2;7;175;RN104;;;;770
201400046696;14;8;25;2140;5;1;1;1;5;52;A86.INT;M;4884360;249257;940
201400046697;14;8;26;1345;1;1;1;2;6;17;A4;M;4882700;251136;940
201400046698;14;8;27;830;1;1;1;1;3;15;A4;M;4883060;252982;940
201400046699;14;8;29;1640;1;1;1;1;2;55;A104;;;;770
201400046700;14;8;30;250;5;1;1;1;6;28;A86 INT;M;4879770;244417;940
201400046701;14;8;30;1600;1;1;1;1;5;258;A4.Y;;;;770
201400046702;14;8;30;1620;1;1;1;1;4;373;RN104;;;;770
201400046703;14;8;31;1335;1;1;1;1;3;28;A86 EXT;M;4880070;244698;940
201400046704;14;9;1;515;5;1;1;1;7;52;A86.EXT;M;4883240;249230;940
201400046705;14;9;1;1505;1;1;1;1;4;363;A104;;;;770
201400046706;14;9;2;1015;1;1;1;1;3;46;A86 INT;M;4880450;244834;940
201400046707;14;9;2;1123;1;1;1;1;2;28;A86 EXT;M;4877970;244121;940
201400046708;14;9;3;1045;1;1;1;1;2;181;A4;;;;770
201400046709;14;9;4;1505;1;1;1;1;1;175;RN104;;;;770
201400046710;14;9;5;855;1;1;1;2;4;517;A104.INT;;;;770
201400046711;14;9;6;510;3;1;1;1;6;18;A4;M;4881910;240702;940
201400046712;14;9;6;1805;1;1;1;1;5;52;A86.INT;M;4884180;249269;940
201400046713;14;9;7;220;5;1;1;1;3;18;A4;M;4881900;240722;940
201400046714;14;9;7;700;2;1;1;1;2;18;A4;;;;770
201400046715;14;9;8;905;1;1;1;2;3;363;A104;;;;770
201400046716;14;9;9;1230;1;1;1;1;6;52;A86 INT;M;4883830;249369;940
201400046717;14;9;9;2015;2;1;1;1;7;42;A4;M;4882850;247652;940
201400046718;14;9;10;2135;3;1;1;1;7;22;A86 EXT;M;4877660;241749;940
201400046719;14;9;11;900;1;1;1;1;2;42;A4;M;4882720;246809;940
201400046720;14;9;11;1000;1;1;1;1;2;18;A4;M;4881890;240856;940
201400046721;14;9;11;1200;1;1;1;1;6;15;A4;M;4883050;253004;940
201400046722;14;9;12;845;1;1;1;1;2;294;A104;;;;770
201400046723;14;9;12;1520;1;1;1;1;3;73;A86 EXT;M;4877140;239221;940
201400046724;14;9;12;1845;1;1;1;1;3;69;A4;M;4881670;244738;940
201400046725;14;9;13;1000;1;1;1;1;2;46;A86 EXT;M;4880400;244861;940
201400046726;14;9;14;1430;1;1;1;1;5;46;A86 EXT;M;4879820;244484;940
201400046727;14;9;15;220;4;1;1;1;6;28;RN406.Y;M;4877820;244112;940
201400046728;14;9;15;850;1;1;1;1;5;28;A86 EXT;M;4878440;244056;940
201400046729;14;9;15;905;1;1;1;1;3;249;RN104;;;;770
201400046730;14;9;15;1115;1;1;1;1;5;42;A4;M;4882760;247043;940
201400046731;14;9;15;1300;1;1;1;1;4;52;A86 INT;M;4883700;249398;940
201400046732;14;9;15;2255;3;1;1;1;2;294;A104;;;;770
201400046733;14;9;16;905;1;1;1;1;5;46;A86 INT;M;4880540;244854;940
201400046734;14;9;16;845;1;1;1;1;3;58;A86.EXT;M;4884500;249287;940
201400046735;14;9;16;945;1;1;1;1;3;17;A4;M;4882970;249790;940
201400046736;14;9;16;1050;1;1;1;1;4;363;A104;;;;770
201400046737;14;9;17;830;1;1;1;1;4;337;RN104;;;;770
201400046738;14;9;18;1715;1;1;1;1;6;17;A4;M;4882790;250423;940
201400046739;14;9;18;2015;3;1;1;1;3;33;A86.INT;M;4885940;248602;940
201400046740;14;9;20;150;4;1;1;1;5;17;A86.INT;M;4883070;248950;940
201400046741;14;9;21;1800;1;1;1;1;3;33;A86.EXT;M;4885170;249044;940
201400046742;14;9;22;840;1;1;1;1;4;121;A4;;;;770
201400046743;14;9;22;930;1;1;1;1;2;181;A4;;;;770
201400046744;14;9;22;1800;1;1;1;1;2;44;RN406.Y;M;4875770;247069;940
201400046745;14;9;23;1740;1;1;1;1;4;52;A86 INT;M;4884180;249269;940
201400046746;14;9;23;1840;1;1;1;1;2;52;A86.EXT;M;4883230;249222;940
201400046747;14;9;24;1430;1;1;1;1;2;122;RN104;;;;770
201400046748;14;9;25;830;1;1;1;1;3;363;A104;;;;770
201400046749;14;9;26;930;1;1;1;1;2;17;A4;M;4883050;249249;940
201400046750;14;9;26;1020;1;1;1;1;4;51;A4;M;4883500;257773;930
201400046751;14;9;28;1355;1;1;1;1;7;337;RN104;;;;770
201400046752;14;9;28;1815;1;1;1;1;3;33;A86.INT;M;4885290;248930;940
201400046753;14;9;29;1300;1;1;1;1;7;15;A4;M;4882950;252830;940
201400046754;14;9;29;1520;1;1;1;9;7;17;A4;M;4882680;251242;940
201400046755;14;10;2;650;3;1;1;1;2;146;A4.Y;;;;770
201400046756;14;10;2;730;2;1;1;1;3;258;A4.W;;;;770
201400046757;14;10;3;1020;1;1;1;1;2;46;A86 EXT;M;4879850;244512;940
201400046758;14;10;3;2000;5;1;1;1;2;65;A86 INT;M;4875370;236436;940
201400046759;14;10;4;1215;1;1;1;1;7;373;RN104;;;;770
201400046760;14;10;7;930;1;1;1;2;7;42;A4;M;4882850;247622;940
201400046761;14;10;7;1040;1;1;1;1;2;73;A86 EXT;M;4877060;238563;940
201400046762;14;10;8;830;1;1;1;2;4;294;A104;;;;770
201400046763;14;10;8;1415;1;1;1;2;5;258;A4.Y;;;;770
201400046764;14;10;8;1950;5;1;1;3;6;65;A86 INT;M;4875360;236167;940
201400046765;14;10;9;50;3;1;1;2;6;73;A86 EXT;M;4876810;237885;940
201400046766;14;10;8;1715;1;1;1;1;3;33;A86.INT;M;4886070;248458;940
201400046767;14;10;10;1630;1;1;1;1;7;17;A4;M;4882650;251833;940
201400046768;14;10;12;305;3;1;1;1;2;53;RN104;;;;770
201400046769;14;10;12;620;3;1;1;1;6;337;RN104;;;;770
201400046770;14;10;12;2100;3;1;1;1;5;294;A104;;;;770
201400046771;14;10;12;2225;5;1;1;2;2;112;A4;;;;750
201400046772;14;10;13;750;1;1;1;2;2;373;RN104;;;;770
201400046773;14;10;14;715;5;1;1;1;5;17;A4;M;4882670;252349;940
201400046774;14;10;14;950;1;1;1;1;4;258;A4.W;;;;770
201400046775;14;10;14;1900;3;1;1;1;4;83;A4.W;;;;770
201400046776;14;10;15;1900;2;1;1;2;6;44;RN406.Y;M;4875880;247013;940
201400046777;14;10;16;900;1;1;1;1;4;517;A104.EXT;;;;770
201400046778;14;10;16;1014;1;1;1;2;6;44;RN406.W;M;4875820;247060;940