num_acc;an;mois;jour;hrmn;lum;agg;int;atm;col;com;adr;gps;lat;long;dep
201400046779;14;10;16;1920;3;1;1;2;3;22;A86 EXT;M;4877660;241749;940
201400046780;14;10;17;930;1;1;1;2;2;53;RN104;;;;770
201400046781;14;10;18;1230;1;1;1;1;5;33;A86.INT;M;4885150;248978;940
201400046782;14;10;20;930;1;1;1;1;2;18;A4;M;4881820;241118;940
201400046783;14;10;21;930;1;1;1;1;3;17;A4;M;4882650;251833;940
201400046784;14;10;21;1915;5;1;1;2;2;69;A4;M;4881740;243207;940
201400046785;14;10;22;2330;5;1;1;1;2;42;A4;M;4882860;247639;940
201400046786;14;10;23;2130;4;1;1;1;2;169;RN104;;;;770
201400046787;14;10;25;25;5;1;1;1;6;46;A86 EXT;M;4881250;244900;940
201400046788;14;10;28;1500;1;1;1;1;2;52;A86 INT;M;4884320;249261;940
201400046789;14;10;28;1700;2;1;1;1;6;112;A4;;;;750
201400046790;14;10;28;1815;4;1;1;1;3;28;A86 EXT;M;4877700;243910;940
201400046791;14;10;28;2310;4;1;1;1;3;169;RN104;;;;770
201400046792;14;10;30;1930;3;1;1;1;7;53;RN104;;;;770
201400046793;14;10;31;1630;1;1;1;1;2;258;A4.W;;;;770
201400046794;14;10;31;1658;1;1;1;1;6;294;A104;;;;770
201400046795;14;10;31;1815;2;1;1;1;3;121;A4;;;;770
201400046796;14;11;1;45;5;1;1;1;7;52;A86.EXT;M;4883210;249209;940
201400046797;14;11;2;300;3;1;1;1;6;121;A104;;;;770
201400046798;14;11;3;20;3;1;1;2;2;74;RN406.Y;M;4876770;245235;940
201400046799;14;11;4;630;3;1;1;2;2;146;A4.Y;;;;770
201400046800;14;11;4;805;1;1;1;2;2;28;A86 INT;M;4877630;243091;940
201400046801;14;11;5;1000;1;1;1;1;5;112;A4;;;;750
201400046802;14;11;6;1145;1;1;1;1;3;17;A4;M;4882760;250724;940
201400046803;14;11;7;5;3;1;1;1;5;373;RN104;;;;770
201400046804;14;11;7;1845;3;1;1;1;4;146;A4.Y;;;;770
201400046805;14;11;8;700;4;1;1;1;6;28;A86 INT;M;4879060;244045;940
201400046806;14;11;8;1045;1;1;1;1;5;18;A4;M;4882640;239165;940
201400046807;14;11;8;1245;1;1;1;1;6;28;RN406.Y;M;4877480;244391;940
201400046808;14;11;10;1020;1;1;1;1;4;33;A86.INT;M;4885620;248807;940
201400046809;14;11;12;935;1;1;1;1;2;51;A4;;;;930
201400046810;14;11;12;1630;1;1;1;1;5;81;A86 INT;M;4877430;240910;940
201400046811;14;11;13;618;3;1;1;1;4;169;A4.Y;M;4849509;236234;770
201400046812;14;11;13;915;1;1;1;1;4;58;A4;;;;770
201400046813;14;11;14;1730;3;1;1;2;3;294;A104;;;;770
201400046814;14;11;15;350;3;1;1;3;2;17;A4;M;4882680;252360;940
201400046815;14;11;16;2240;5;1;1;1;6;73;A86 INT;M;4876810;237869;940
201400046816;14;11;17;840;1;1;1;1;4;372;A104;;;;770
201400046817;14;11;18;1255;1;1;1;1;3;28;A86 EXT;M;4879990;244631;940
201400046818;14;11;18;1552;1;1;1;1;5;22;A86 INT;M;4877650;241549;940
201400046819;14;11;19;1035;1;1;1;5;2;514;A104;;;;770
201400046820;14;11;20;700;3;1;1;1;5;17;A4;M;4883050;249390;940
201400046821;14;11;20;825;1;1;1;1;3;55;A104;;;;770
201400046822;14;11;20;920;1;1;1;1;2;28;A86 INT;M;4877610;242845;940
201400046823;14;11;21;1815;3;1;1;1;7;15;A4;M;4883130;253079;940
201400046824;14;11;21;1900;4;1;1;1;3;73;A86 EXT;M;4875360;237921;940
201400046825;14;11;23;450;5;1;1;1;6;42;A4;M;4882850;247661;940
201400046826;14;11;24;915;1;1;1;1;5;33;A86.INT;M;4884900;249070;940
201400046827;14;11;25;400;3;1;1;1;6;122;RN104;;;;770
201400046828;14;11;25;830;1;1;1;1;7;46;A86 EXT;M;4880630;244887;940
201400046829;14;11;26;900;1;1;1;1;5;372;A104;;;;770
201400046830;14;11;26;915;1;1;1;1;3;514;A104;;;;770
201400046831;14;11;26;1940;5;1;1;1;2;69;A4;M;4881740;243905;940
201400046832;14;11;27;915;1;1;1;1;4;81;A86 EXT;M;4877360;240192;940
201400046833;14;11;27;1550;1;1;1;1;4;69;A4;M;4881760;243490;940
201400046834;14;11;27;1830;3;1;1;1;5;22;A86 EXT;M;4877330;240088;940
201400046835;14;11;27;2000;3;1;1;1;2;181;A4;;;;770
201400046836;14;11;28;600;3;1;1;1;2;337;A4;;;;770
201400046837;14;11;28;1735;3;1;1;1;2;17;A4;M;4882650;251832;940
201400046838;14;11;28;1838;3;1;1;1;5;294;A104;;;;770
201400046839;14;12;3;1900;3;1;1;1;4;258;A4.W;;;;770
201400046840;14;12;5;850;1;1;1;1;7;69;A4;M;4881660;245027;940
201400046841;14;12;5;2125;3;1;1;1;2;73;A86 INT;M;4875350;237796;940
201400046842;14;12;7;2320;3;1;1;3;6;46;A86 INT;M;4881210;244884;940
201400046843;14;12;8;900;1;1;1;1;3;17;A4;M;4882900;250051;940
201400046844;14;12;8;1250;1;1;1;2;2;438;A104;;;;770
201400046845;14;12;9;1715;3;1;1;1;4;28;A86 EXT;M;4880000;244641;940
201400046846;14;12;10;730;5;1;1;2;7;112;A4;;;;750
201400046847;14;12;10;1845;3;1;1;2;7;294;A104;;;;770
201400046848;14;12;11;745;2;1;1;1;2;69;A4;M;4881750;241947;940
201400046849;14;12;11;930;1;1;1;2;3;514;A104;;;;770
201400046850;14;12;12;540;3;1;1;2;5;15;A4;M;4883050;253003;940
201400046851;14;12;12;1740;3;1;1;2;2;18;A4;M;4881910;240703;940
201400046852;14;12;12;1800;3;1;1;1;7;79;A4;M;4882890;252794;940
201400046853;14;12;12;1850;3;1;1;2;2;237;A4;;;;770
201400046854;14;12;13;410;5;1;1;1;3;42;A4;M;4882860;247617;940
201400046855;14;12;13;1150;1;1;1;2;5;73;A86 INT;M;4876760;237853;940
201400046856;14;12;13;1645;3;1;1;2;2;514;A104;;;;770
201400046857;14;12;13;1645;1;1;1;2;7;69;A4;M;4881730;242642;940
201400046858;14;12;15;910;1;1;1;2;2;58;A4;;;;770
201400046859;14;12;15;1420;1;1;1;1;2;52;A86 INT;M;4884180;249269;940
201400046860;14;12;15;2220;5;1;1;1;6;112;A4;;;;750
201400046861;14;12;16;750;1;1;1;2;5;69;A4;M;4881720;244334;940
201400046862;14;12;16;802;2;1;1;2;7;73;A86 INT;M;4876860;237887;940
201400046863;14;12;16;900;1;1;1;2;3;79;A4;M;4883600;254012;940
201400046864;14;12;17;1310;1;1;1;2;5;46;A86 INT;M;4880990;244885;940
201400046865;14;12;17;1700;3;1;1;2;2;73;A86 INT;M;4877020;238206;940
201400046866;14;12;18;545;3;1;1;2;5;69;A4;M;4881740;242782;940
201400046867;14;12;18;1310;1;1;1;1;4;17;A4;M;4882700;251136;940
201400046868;14;12;12;500;5;1;1;1;2;69;A4;M;4881730;242929;940
201400046869;14;12;19;829;2;1;1;1;7;294;A104;;;;770
201400046870;14;12;19;1830;3;1;1;1;3;81;A86 EXT;M;4877400;240505;940
201400046871;14;12;20;110;3;1;1;1;5;81;A86 EXT;M;4877340;240301;940
201400046872;14;12;21;1730;3;1;9;1;7;258;A4.Y;;;;770
201400046873;14;12;22;1800;5;1;1;2;4;258;A4.W;;;;770
201400046874;14;12;25;630;3;1;1;1;6;237;A4;;;;770
201400046875;14;12;27;515;3;1;1;1;6;73;A86 INT;M;4876860;237893;940
201400046876;14;12;27;1150;1;1;1;2;6;337;A4;;;;770
201400046877;14;12;28;845;2;1;1;1;7;468;A104;;;;770
201400046878;14;12;29;1820;3;1;1;1;7;69;A4;M;4881650;245289;940
201400046879;14;1;29;620;3;1;1;2;2;7;AUTOROUTE A1;M;4894360;243541;930
201400046880;14;1;1;1;3;1;1;1;5;53;AUTOROUTE A3;M;4888200;245521;930
201400046881;14;1;1;23;3;1;1;2;7;5;AUTOROUTE A104;M;4897310;248519;930
201400046882;14;1;1;240;4;1;1;1;2;36;AUTOROUTE A15;;;;920
201400046883;14;1;1;240;4;1;1;2;2;66;AUTOROUTE A1;M;4892380;235723;930
201400046884;14;1;1;600;4;1;1;1;7;10;AUTOROUTE A3;M;4888950;247391;930
201400046885;14;1;2;840;1;1;1;1;6;27;AUTOROUTE A86;M;4892210;237848;930
201400046886;14;1;2;1100;1;1;1;1;2;18;A15;;;;950
201400046887;14;1;2;930;1;1;1;1;6;394;A115;;;;950
201400046888;14;1;2;1000;1;1;1;2;6;582;RD 170;M;4896350;226670;950
201400046889;14;1;3;745;3;1;1;1;2;678;ROUTE NATIONALE 184;;;;950
201400046890;14;1;3;900;1;1;1;1;3;5;AUTOROUTE A1;M;4895880;246498;930
201400046891;14;1;3;1730;2;1;1;2;6;394;A115;;;;950
201400046892;14;1;4;2015;2;1;1;1;3;64;AUTOROUTE A86;;;;930
201400046893;14;1;5;755;1;1;1;2;6;572;ROUTE NATIONALE 184;;;;950
201400046894;14;1;6;930;1;1;1;1;3;154;AUTOROUTE A1;;;;950
201400046895;14;1;6;2045;4;1;1;1;6;641;A1;;;;950
201400046896;14;1;7;1230;1;1;1;1;4;5;AUTOROUTE A3;M;4894670;247628;930
201400046897;14;1;8;700;3;1;1;1;6;53;AUTOROUTE A86;M;4888930;247362;930
201400046898;14;1;8;2150;4;1;1;1;6;64;AUTOROUTE A86;M;4886810;248216;930
201400046899;14;1;9;700;3;1;1;1;7;63;AUTOROUTE A3;M;4887630;244214;930
201400046900;14;1;10;955;1;1;1;1;6;394;ROUTE NATIONALE 184;;;;950
201400046901;14;1;10;2350;3;1;1;1;3;48;AUTOROUTE A86;M;4886810;248216;930
201400046902;14;1;11;805;1;1;1;2;3;5;AUTOROUTE A104;M;4897280;248498;930
201400046903;14;1;11;940;1;1;1;2;6;78;AUTOROUTE A104;M;4896510;251829;930
201400046904;14;1;11;1157;1;1;1;2;3;5;AUTOROUTE A104;M;4897280;248498;930
201400046905;14;1;11;1730;3;1;1;1;5;252;AUTOROUTE A15;;;;950
201400046906;14;1;12;405;4;1;1;5;6;28;RN 104;;;;950
201400046907;14;1;13;939;1;1;1;1;2;66;AUTOROUTE A1;M;4892200;235734;930
201400046908;14;1;13;1530;1;1;1;1;6;394;A115;;;;950
201400046909;14;1;14;1000;1;1;1;8;6;527;A3;;;;950
201400046910;14;1;14;1057;1;1;1;2;6;27;AUTOROUTE A1;M;4893450;239758;930
201400046911;14;1;14;1200;1;1;1;1;6;491;A115;;;;950
201400046912;14;1;14;1315;1;1;1;1;6;527;A3;;;;950
201400046913;14;1;15;1720;2;1;1;2;4;252;A15;;;;950
201400046914;14;1;15;1825;3;1;1;1;2;36;AUTOROUTE A86;;;;920
201400046915;14;1;15;2000;3;1;1;2;3;572;ROUTE NATIONALE 184;;;;950
201400046916;14;1;16;815;1;1;1;2;4;5;AUTOROUTE A3;M;4894590;247660;930
201400046917;14;1;16;1300;1;1;1;1;6;27;AUTOROUTE A1;M;4893580;240348;930
201400046918;14;1;16;1410;1;1;1;1;7;53;AUTOROUTE A103;M;4890970;235828;930
201400046919;14;1;16;1735;5;1;1;1;2;66;AUTOROUTE A1;M;4891030;235806;930
201400046920;14;1;16;2040;3;1;1;1;2;277;A1;;;;950
201400046921;14;1;17;130;4;1;1;1;2;580;A1;;;;950
201400046922;14;1;18;1845;4;1;1;1;4;78;AUTOROUTE A104;M;4896820;250886;930
201400046923;14;1;18;1945;3;1;1;1;4;252;A15;;;;950
201400046924;14;1;19;1745;3;1;1;1;3;252;A15;;;;950
201400046925;14;1;20;1830;3;1;1;1;3;28;RN 104;;;;950
201400046926;14;1;21;930;1;1;1;2;7;582;A115;;;;950
201400046927;14;1;21;1745;3;1;1;1;3;78;AUTOROUTE A86;;;;920
201400046928;14;1;23;915;1;1;1;2;7;36;AUTOROUTE A15;;;;920
201400046929;14;1;23;930;1;1;1;1;6;36;AUTOROUTE A15;;;;920
201400046930;14;1;23;1010;1;1;1;1;6;6;AUTOROUTE A3;M;4886800;242761;930
201400046931;14;1;23;1600;2;1;1;2;5;5;AUTOROUTE A3;M;4896000;247345;930
201400046932;14;1;24;501;3;1;1;1;6;53;AUTOROUTE A3;M;4888350;245873;930
201400046933;14;1;24;1330;1;1;1;1;6;488;A15;;;;950
201400046934;14;1;25;135;4;1;1;1;2;6;AUTOROUTE A3;M;4886630;241456;930
201400046935;14;1;27;1950;3;1;1;1;6;10;AUTOROUTE A3;;;;930
201400046936;14;1;29;1400;1;1;1;2;6;500;A15;;;;950
201400046937;14;1;29;1755;2;1;1;1;2;48;AUTOROUTE A86;M;4886820;248200;930
201400046938;14;1;29;1800;3;1;1;2;6;28;RN 104;;;;950
201400046939;14;1;30;400;4;1;1;1;7;53;AUTOROUTE A103;M;4890610;235855;930
201400046940;14;1;30;1030;1;1;1;3;6;28;RN 104;;;;950
201400046941;14;1;30;1535;1;1;1;1;3;66;AUTOROUTE A1;M;4891900;235742;930
201400046942;14;1;30;1915;5;1;1;1;6;572;ROUTE NATIONALE 184;;;;950
201400046943;14;1;31;650;3;1;1;1;2;8;AUTOROUTE A86;M;4891670;242953;930
201400046944;14;1;31;1245;1;1;1;1;2;66;AUTOROUTE A1;M;4892020;235750;930
201400046945;14;1;31;1735;3;1;1;1;4;36;AUTOROUTE A86;;;;920
201400046946;14;3;5;850;1;1;1;1;2;27;AUTOROUTE A1;M;4893720;240984;930
201400046947;14;2;1;300;5;1;1;3;2;612;;;;;600
201400046948;14;2;1;850;1;1;1;2;6;277;AUTOROUTE A104;;;;950
201400046949;14;2;1;920;1;1;1;3;6;500;A15;;;;950
201400046950;14;2;1;1030;1;1;1;2;6;27;AUTOROUTE A86;M;4892340;238362;930
201400046951;14;2;1;1110;1;1;1;1;2;53;AUTOROUTE A3;M;4888370;246726;930
201400046952;14;2;1;1135;1;1;1;1;5;5;AUTOROUTE A3;M;4896470;247429;930
201400046953;14;2;1;1720;1;1;1;1;4;53;AUTOROUTE A3;M;4888350;245834;930
201400046954;14;2;2;145;3;1;1;1;2;18;A15;;;;950
201400046955;14;2;2;1315;1;1;1;1;1;78;AUTOROUTE A104;M;4896020;254012;930
201400046956;14;2;2;2245;4;1;1;1;6;5;AUTOROUTE A3;M;4896390;247479;930
201400046957;14;2;4;1500;1;1;1;1;3;48;AUTOROUTE A3;M;4887310;243592;930
201400046958;14;2;5;205;5;1;1;1;6;66;AUTOROUTE A1;M;4891570;235765;930
201400046959;14;2;5;325;3;1;1;3;2;580;A1;;;;950
201400046960;14;2;5;808;2;1;1;1;2;48;AUTOROUTE A3;M;4887310;243592;930
201400046961;14;2;6;5;3;1;1;1;6;572;AUTOROUTE A15;;;;950
201400046962;14;2;8;1330;1;1;1;2;6;394;AUTOROUTE A115;;;;950
201400046963;14;2;9;1325;1;1;1;1;4;66;AUTOROUTE A1;M;4891030;235824;930
201400046964;14;2;9;1425;1;1;1;1;6;351;RN 104;;;;950
201400046965;14;2;9;1940;3;1;1;1;4;36;AUTOROUTE A15;;;;920
201400046966;14;2;9;2140;4;1;1;1;2;78;AUTOROUTE A104;M;4895800;253089;930
201400046967;14;2;7;1030;1;1;1;1;3;53;AUTOROUTE A3;M;4888350;245834;930
201400046968;14;2;7;1200;1;1;1;1;2;64;AUTOROUTE A86;M;4887890;247622;930
201400046969;14;2;7;1650;1;1;1;1;4;30;AUTOROUTE A1;M;4893910;241827;930
201400046970;14;2;10;1340;1;1;1;1;7;73;AUTOROUTE A104;M;4896770;256311;930
201400046971;14;2;10;1730;1;1;1;1;6;61;RN 104;;;;950
201400046972;14;2;10;1910;3;1;1;1;6;394;ROUTE NATIONALE 184;;;;950
201400046973;14;2;11;800;1;1;1;1;7;36;AUTOROUTE A15;;;;920
201400046974;14;2;11;1000;1;1;1;1;7;53;AUTOROUTE A103;M;4890880;235836;930
201400046975;14;2;11;1750;4;1;1;2;7;64;AUTOROUTE A86;M;4887090;248220;930
201400046976;14;2;11;2220;5;1;1;2;6;572;AUTOROUTE A15;;;;950
201400046977;14;2;11;2340;3;1;1;1;6;491;AUTOROUTE A115;;;;950
201400046978;14;2;12;605;3;1;1;1;3;27;AUTOROUTE A86;M;4892780;241018;930
201400046979;14;2;12;1000;1;1;1;1;2;241;RN 104;;;;950
201400046980;14;2;13;1030;1;1;1;1;4;18;AUTOROUTE A15;;;;950
201400046981;14;2;13;1430;1;1;1;2;4;306;AUTOROUTE A15;;;;950
201400046982;14;2;13;1730;1;1;1;1;2;394;ROUTE NATIONALE 184;;;;950
201400046983;14;2;14;650;3;1;1;2;6;488;AUTOROUTE A15;;;;950
201400046984;14;2;14;1015;1;1;1;2;6;424;AUTOROUTE A15;;;;950
201400046985;14;2;14;1456;1;1;1;1;7;8;AUTOROUTE A86;M;4890110;246932;930
201400046986;14;2;14;1640;1;1;1;1;6;572;ROUTE NATIONALE 184;;;;950
201400046987;14;2;14;1930;3;1;1;1;1;5;AUTOROUTE A3;M;4894670;247628;930
201400046988;14;2;14;2025;3;1;1;1;6;563;AUTOROUTE A115;;;;950
201400046989;14;2;15;1330;1;1;1;1;6;66;AUTOROUTE A1;M;4893390;238340;930
201400046990;14;2;15;1425;1;1;1;1;6;176;AUTOROUTE A15;;;;950
201400046991;14;2;17;1645;1;1;1;1;2;6;AUTOROUTE A3;M;4886630;241456;930
201400046992;14;2;18;2250;3;1;1;1;5;63;AUTOROUTE A3;M;4887470;243926;930
201400046993;14;2;19;1100;1;1;1;2;3;60;AUTOROUTE A115;;;;950
201400046994;14;2;19;1615;1;1;1;1;4;6;AUTOROUTE A3;M;4887010;243030;930
201400046995;14;2;19;2140;3;1;1;1;4;64;AUTOROUTE A86;M;4888390;246943;930
201400046996;14;2;20;925;1;1;1;2;6;27;AUTOROUTE A86;M;4892340;238362;930
201400046997;14;2;20;1150;1;1;1;2;4;5;AUTOROUTE A104;M;4897310;248519;930
201400046998;14;2;20;1730;1;1;1;3;5;678;ROUTE NATIONALE 184;;;;950
201400046999;14;2;21;610;3;1;1;1;6;36;AUTOROUTE A86;;;;920
201400047000;14;2;21;1040;1;1;1;1;3;64;AUTOROUTE A86;M;4888440;246948;930
201400047001;14;2;21;2106;3;1;1;1;2;66;AUTOROUTE A1;M;4891930;235757;930
201400047002;14;2;22;1244;1;1;1;1;3;277;AUTOROUTE A104;M;4897350;248590;950
201400047003;14;2;23;1202;1;1;1;1;6;64;AUTOROUTE A103;;;;930
201400047004;14;2;23;1738;1;1;1;1;2;527;AUTOROUTE A1;;;;950
201400047005;14;2;24;1920;3;1;1;1;6;10;AUTOROUTE A3;M;4888930;247381;930
201400047006;14;2;24;2000;3;1;1;1;5;36;AUTOROUTE A15;;;;920
201400047007;14;2;25;1200;1;1;1;1;2;78;AUTOROUTE A104;M;4895820;253141;930
201400047008;14;2;27;1650;1;1;1;1;6;10;AUTOROUTE A3;M;4888950;247391;930
201400047009;14;2;26;2020;3;1;1;1;2;66;AUTOROUTE A1;M;4892110;235742;930
201400047010;14;2;27;1210;1;1;1;2;3;10;AUTOROUTE A3;M;4888970;247384;930
201400047011;14;2;27;1530;1;1;1;1;4;5;AUTOROUTE A3;M;4894980;247461;930
201400047012;14;2;27;1630;1;1;1;1;2;10;AUTOROUTE A3;M;4888930;247381;930
201400047013;14;2;27;1730;1;1;1;1;2;10;AUTOROUTE A3;M;4888840;247404;930
201400047014;14;2;28;800;1;1;1;2;7;678;ROUTE NATIONALE 184;;;;950
201400047015;14;2;28;940;1;1;1;2;6;66;AUTOROUTE A1;M;4892650;235699;930
201400047016;14;2;28;940;1;1;1;2;3;582;AUTOROUTE A115;;;;950
201400047017;14;2;28;1534;1;1;1;1;7;151;RN 104;;;;950
201400047018;14;3;2;1650;1;1;1;1;6;66;AUTOROUTE A86;M;4892170;236558;930
201400047019;14;3;2;1930;3;1;1;1;2;66;AUTOROUTE A1;M;4893320;237646;930
201400047020;14;3;3;300;3;1;1;2;7;78;AUTOROUTE A86;;;;920
201400047021;14;3;3;815;1;1;1;1;2;27;AUTOROUTE A1;M;4893660;240734;930
201400047022;14;3;3;915;1;1;1;1;3;582;AUTOROUTE A15;;;;950
201400047023;14;3;3;1840;3;1;1;1;3;66;AUTOROUTE A86;M;4892190;236552;930
201400047024;14;3;3;2200;3;1;1;8;2;18;AUTOROUTE A15;;;;950
201400047025;14;3;3;2310;4;1;1;1;6;18;AUTOROUTE A15;;;;950
201400047026;14;3;4;300;4;1;1;1;6;582;AUTOROUTE A115;;;;950
201400047027;14;3;4;640;2;1;1;1;6;218;AUTOROUTE A15;;;;950
201400047028;14;3;4;1930;3;1;1;1;4;678;ROUTE NATIONALE 184;;;;950
201400047029;14;3;4;2030;3;1;1;1;3;53;AUTOROUTE A3;M;4888350;245873;930
201400047030;14;3;5;850;1;1;1;1;2;27;AUTOROUTE A1;M;4893720;240984;930
201400047031;14;3;5;1040;1;1;1;1;6;306;AUTOROUTE A15;;;;950
201400047032;14;3;5;1800;1;1;1;1;3;277;AUTOROUTE A3;;;;950
201400047033;14;3;7;1815;1;1;1;1;2;6;AUTOROUTE A3;M;4886570;241854;930
201400047034;14;3;8;435;3;1;1;5;3;28;RN 104;;;;950
201400047035;14;3;8;650;2;1;1;1;6;13;AUTOROUTE A1;M;4893870;241625;930
201400047036;14;3;8;1154;1;1;1;1;4;53;AUTOROUTE A3;M;4888380;246682;930
201400047037;14;3;9;525;5;1;1;1;6;66;AUTOROUTE A1;M;4891030;235824;930
201400047038;14;3;9;1840;3;1;1;1;2;48;AUTOROUTE A3;M;4887110;243227;930
201400047039;14;3;10;820;1;1;1;1;6;27;AUTOROUTE A86;M;4892570;239669;930
201400047040;14;3;10;900;1;1;1;1;3;66;AUTOROUTE A86;M;4892170;236558;930
201400047041;14;3;10;930;1;1;1;1;4;351;RN 104;;;;950
201400047042;14;3;11;830;1;1;1;1;2;252;AUTOROUTE A115;;;;950
201400047043;14;3;11;2020;3;1;1;1;2;491;AUTOROUTE A115;;;;950
201400047044;14;3;12;1000;1;1;1;1;7;36;AUTOROUTE A15;;;;920
201400047045;14;3;12;830;1;1;1;1;6;60;A115;;;;950
201400047046;14;3;13;1000;1;1;1;1;3;66;AUTOROUTE A1;M;4892800;235755;930
201400047047;14;3;13;1535;1;1;1;1;6;641;AUTOROUTE A1;;;;950
201400047048;14;3;13;1910;1;1;1;1;6;6;AUTOROUTE A3;M;4886800;242761;930
201400047049;14;3;13;2015;3;1;1;1;6;64;AUTOROUTE A86;M;4888360;247155;930
201400047050;14;3;15;510;4;1;1;1;6;494;;;;;600
201400047051;14;3;15;1530;1;1;1;1;2;10;AUTOROUTE A3;M;4888970;247384;930
201400047052;14;3;15;1635;1;1;1;1;6;252;AUTOROUTE A15;;;;950
201400047053;14;3;16;630;2;1;1;1;6;203;BD INTERCOMMUNAL PARISIS;M;4897780;228960;950
201400047054;14;3;16;1605;1;1;1;1;2;53;AUTOROUTE A3;M;4888390;246640;930
201400047055;14;3;16;2000;4;1;1;1;2;5;AUTOROUTE A3;M;4895640;247328;930
201400047056;14;3;17;900;1;1;1;1;7;53;AUTOROUTE A103;M;4891000;235825;930
201400047057;14;3;18;640;2;1;1;1;4;582;AUTOROUTE A15;;;;950
201400047058;14;3;18;850;1;1;1;1;7;5;AUTOROUTE A3;M;4895010;247470;930
201400047059;14;3;18;1810;1;1;1;1;2;277;AUTOROUTE A104;M;4897350;248590;950
201400047060;14;3;18;1646;1;1;1;1;3;78;AUTOROUTE A104;M;4896410;252043;930
201400047061;14;3;19;855;1;1;1;1;2;277;AUTOROUTE A1;;;;950
201400047062;14;3;19;1400;1;1;1;1;6;66;AUTOROUTE A1;M;4890610;235855;930
201400047063;14;3;20;730;1;1;1;1;2;10;AUTOROUTE A3;M;4888950;247375;930
201400047064;14;3;20;900;1;1;1;1;7;306;AUTOROUTE A15;;;;950
201400047065;14;3;20;1630;1;1;1;1;6;36;AUTOROUTE A15;;;;920
201400047066;14;3;20;1730;1;1;1;1;4;66;AUTOROUTE A1;M;4891930;235757;930
201400047067;14;3;21;630;3;1;1;1;2;351;RN 104;;;;950
201400047068;14;3;21;1440;1;1;1;1;2;5;AUTOROUTE A3;M;4894840;247543;930
201400047069;14;3;22;1200;1;1;1;1;6;27;AUTOROUTE A1;M;4893400;238936;930
201400047070;14;3;23;1130;1;1;1;1;2;641;AUTOROUTE A1;;;;950
201400047071;14;3;24;820;1;1;1;1;7;66;AUTOROUTE A1;M;4892340;235708;930
201400047072;14;3;24;1540;1;1;1;1;2;10;AUTOROUTE A3;M;4888650;247370;930
201400047073;14;3;25;915;1;1;1;2;4;53;AUTOROUTE A3;M;4888350;245834;930
201400047074;14;3;25;945;1;1;1;2;3;5;AUTOROUTE A3;M;4895160;247401;930
201400047075;14;3;29;1000;1;1;1;1;5;27;AUTOROUTE A86;M;4892790;240993;930
201400047076;14;3;26;1230;1;1;1;1;3;6;AUTOROUTE A3;M;4886680;242545;930
201400047077;14;3;27;900;1;1;1;1;4;365;RN 104;;;;950
201400047078;14;3;27;1227;1;1;1;1;6;10;AUTOROUTE A86;M;4889310;247228;930
201400047079;14;3;27;1335;1;1;1;1;2;527;AUTOROUTE A3;;;;950
201400047080;14;3;28;10;5;1;1;1;6;66;AUTOROUTE A1;M;4890610;235855;930
201400047081;14;3;28;700;1;1;1;1;6;5;AUTOROUTE A3;M;4894920;247504;930
201400047082;14;3;28;1000;1;1;1;1;4;66;AUTOROUTE A86;M;4892190;236552;930
201400047083;14;3;29;40;3;1;1;1;6;527;AUTOROUTE A3;;;;950
201400047084;14;3;29;2120;4;1;1;1;3;488;AUTOROUTE A15;;;;950
201400047085;14;3;30;540;5;1;1;1;6;8;AUTOROUTE A86;M;4889860;246958;930
201400047086;14;3;30;718;2;1;1;1;4;256;ROUTE NATIONALE 184;;;;950
201400047087;14;3;30;1748;1;1;1;1;6;6;AUTOROUTE A3;M;4886940;242943;930
201400047088;14;3;30;2130;3;1;1;1;5;5;AUTOROUTE A3;M;4895100;247438;930
201400047089;14;3;30;2045;4;1;1;1;2;78;AUTOROUTE A104;M;4896210;254609;930
201400047090;14;3;31;2030;3;1;1;1;6;48;AUTOROUTE A3;M;4887370;243705;930
201400047091;14;3;31;2200;5;1;1;1;7;66;AUTOROUTE A1;M;4890700;235849;930
201400047092;14;7;20;1330;1;1;1;1;2;7;AUTOROUTE A3;M;4893220;248099;930
201400047093;14;4;1;925;1;1;1;1;2;218;AUTOROUTE A15;;;;950
201400047094;14;4;1;1440;1;1;1;1;6;500;AUTOROUTE A15;;;;950
201400047095;14;4;1;1745;1;1;1;1;6;36;AUTOROUTE A15;;;;920
201400047096;14;4;2;1400;1;1;1;1;4;282;AUTOROUTE A1;;;;770
201400047097;14;4;2;1830;2;1;1;1;5;18;AUTOROUTE A15;;;;950
201400047098;14;4;3;1230;1;1;1;1;6;36;AUTOROUTE A15;;;;920
201400047099;14;4;4;1850;1;1;1;1;6;682;RN 104;;;;950
201400047100;14;4;4;740;1;1;1;1;3;6;AUTOROUTE A3;M;4886590;242125;930
201400047101;14;4;4;910;1;1;1;1;4;488;AUTOROUTE A15;;;;950
201400047102;14;4;4;1830;1;1;1;1;3;66;AUTOROUTE A1;M;4892930;236153;930
201400047103;14;4;5;810;1;1;1;1;6;527;AUTOROUTE A3;;;;950
201400047104;14;4;5;1230;1;1;1;1;4;30;AUTOROUTE A1;M;4893970;242092;930
201400047105;14;4;7;1830;1;1;1;1;3;252;AUTOROUTE A15;;;;950
201400047106;14;4;7;1700;1;1;1;1;3;500;AUTOROUTE A15;;;;950
201400047107;14;4;8;850;1;1;1;1;2;48;AUTOROUTE A3;M;4887310;243592;930