num_acc;an;mois;jour;hrmn;lum;agg;int;atm;col;com;adr;gps;lat;long;dep
201400047108;14;4;8;2315;3;1;1;1;3;582;BD INTERCOMMUNAL PARISIS;M;4896250;226330;950
201400047109;14;4;9;105;4;1;1;1;7;36;AUTOROUTE A86;;;;920
201400047110;14;4;9;740;1;1;1;1;7;66;AUTOROUTE A1;M;4891900;235742;930
201400047111;14;4;9;840;1;1;1;1;6;78;AUTOROUTE A104;M;4895840;252849;930
201400047112;14;4;9;1100;1;1;1;1;6;53;AUTOROUTE A3;M;4888250;245596;930
201400047113;14;4;9;1325;1;1;1;1;6;64;AUTOROUTE A86;M;4888360;247155;930
201400047114;14;4;10;1914;1;1;1;1;2;36;AUTOROUTE A86;;;;920
201400047115;14;4;11;540;3;1;1;1;6;500;AUTOROUTE A15;;;;950
201400047116;14;4;11;735;1;1;1;1;2;582;AUTOROUTE A115;;;;950
201400047117;14;4;11;1400;1;1;1;1;2;63;AUTOROUTE A3;M;4887850;244717;930
201400047118;14;4;11;1510;1;1;1;1;5;66;AUTOROUTE A1;M;4891660;235776;930
201400047119;14;4;11;1630;1;1;1;1;2;36;AUTOROUTE A86;;;;920
201400047120;14;4;11;2000;1;1;1;1;5;63;AUTOROUTE A3;M;4887390;243760;930
201400047121;14;4;12;535;3;1;1;1;6;7;AUTOROUTE A1;M;4895490;245754;930
201400047122;14;4;12;600;5;1;1;1;6;66;AUTOROUTE A86;M;4892170;236558;930
201400047123;14;4;12;1650;1;1;1;1;6;36;AUTOROUTE A15;;;;920
201400047124;14;4;13;900;1;1;1;1;6;5;AUTOROUTE A1;M;4896310;247184;930
201400047125;14;4;13;1615;1;1;1;1;6;277;RD 170;M;4897790;245790;950
201400047126;14;4;15;730;1;1;1;1;2;36;AUTOROUTE A15;;;;920
201400047127;14;4;15;910;1;1;1;1;2;582;BD INTERCOMMUNAL PARISIS;M;4896910;227510;950
201400047128;14;4;15;1145;1;1;1;1;2;678;ROUTE NATIONALE 184;;;;950
201400047129;14;4;16;1915;1;1;1;1;5;66;AUTOROUTE A1;M;4891980;235753;930
201400047130;14;4;15;1930;1;1;1;1;2;351;RN 104;;;;950
201400047131;14;4;16;900;1;1;1;1;6;36;AUTOROUTE A15;;;;920
201400047132;14;4;16;1330;1;1;1;1;6;277;AUTOROUTE A104;M;4897360;248620;950
201400047133;14;4;16;1550;1;1;1;1;5;18;AUTOROUTE A15;;;;950
201400047134;14;4;17;2000;1;1;1;1;2;66;AUTOROUTE A1;M;4892810;235794;930
201400047135;14;4;17;700;1;1;1;1;3;527;AUTOROUTE A3;;;;950
201400047136;14;4;18;620;5;1;1;1;5;66;AUTOROUTE A1;M;4893390;238340;930
201400047137;14;4;18;1200;1;1;1;1;2;277;BD INTERCOMMUNAL PARISIS;M;4897770;245970;950
201400047138;14;4;18;1250;1;1;1;1;2;241;RN 104;;;;950
201400047139;14;4;19;905;1;1;1;1;3;66;AUTOROUTE A1;M;4892810;235794;930
201400047140;14;4;19;1245;1;1;1;1;2;494;;;;;600
201400047141;14;4;20;2040;2;1;1;1;6;48;AUTOROUTE A3;M;4887310;243592;930
201400047142;14;4;21;350;3;1;1;1;1;394;ROUTE NATIONALE 184;;;;950
201400047143;14;4;21;2300;4;1;1;1;6;5;AUTOROUTE A3;M;4894590;247660;930
201400047144;14;4;22;810;1;1;1;2;2;582;AUTOROUTE A15;;;;950
201400047145;14;4;22;1330;1;1;1;1;6;607;AUTOROUTE A115;;;;950
201400047146;14;4;23;345;4;1;1;1;6;678;ROUTE NATIONALE 184;;;;950
201400047147;14;4;23;750;2;1;1;1;2;78;AUTOROUTE A86;;;;920
201400047148;14;4;23;1425;1;1;1;1;1;582;AUTOROUTE A15;;;;950
201400047149;14;4;23;1515;1;1;1;1;4;8;AUTOROUTE A86;M;4890790;245266;930
201400047150;14;4;24;1900;1;1;1;1;4;572;ROUTE NATIONALE 184;;;;950
201400047151;14;4;25;5;3;1;1;1;7;66;AUTOROUTE A1;M;4892020;235750;930
201400047152;14;4;25;1000;1;1;1;2;6;527;AUTOROUTE A3;;;;950
201400047153;14;4;25;1600;1;1;1;8;6;64;AUTOROUTE A103;;;;930
201400047154;14;4;25;1900;1;1;1;1;3;64;AUTOROUTE A86;M;4888390;246943;930
201400047155;14;4;26;1305;1;1;1;2;6;27;AUTOROUTE A86;M;4892780;241018;930
201400047156;14;4;26;1415;1;1;1;3;6;572;AUTOROUTE A15;;;;950
201400047157;14;4;26;1600;1;1;1;1;2;64;AUTOROUTE A86;;;;930
201400047158;14;4;26;1800;1;1;1;1;4;36;AUTOROUTE A86;;;;920
201400047159;14;4;26;2335;4;1;1;2;7;8;AUTOROUTE A86;M;4890570;246307;930
201400047160;14;7;6;1745;1;1;1;2;7;494;AUTOROUTE A1;;;;600
201400047161;14;7;9;1110;1;1;1;1;5;10;AUTOROUTE A3;M;4888950;247391;930
201400047162;14;7;11;820;1;1;1;2;6;394;A115;;;;950
201400047163;14;7;25;1530;1;1;1;1;4;5;AUTOROUTE A3;M;4894920;247504;930
201400047164;14;8;1;700;2;1;1;2;7;212;RN 104;;;;950
201400047165;14;7;28;830;1;1;1;2;7;277;AUTOROUTE A3;;;;950
201400047166;14;7;29;1840;1;1;1;2;7;27;AUTOROUTE A86;M;4892790;240993;930
201400047167;14;8;5;1745;1;1;1;1;2;18;AUTOROUTE A15;;;;950
201400047168;14;5;1;1600;1;1;1;8;2;53;AUTOROUTE A3;M;4888350;245834;930
201400047169;14;5;1;2220;4;1;1;3;7;6;AUTOROUTE A3;M;4886450;241293;930
201400047170;14;5;2;335;3;1;1;1;7;66;AUTOROUTE A1;M;4893000;236410;930
201400047171;14;5;2;530;2;1;1;1;2;154;AUTOROUTE A1;;;;950
201400047172;14;5;4;1455;1;1;1;1;4;5;AUTOROUTE A3;M;4894670;247628;930
201400047173;14;5;5;815;1;1;1;1;6;53;AUTOROUTE A86;M;4888760;247385;930
201400047174;14;5;5;1355;1;1;1;1;6;607;AUTOROUTE A115;;;;950
201400047175;14;5;5;1518;1;1;1;1;2;10;AUTOROUTE A3;M;4888950;247391;930
201400047176;14;5;6;1445;1;1;1;1;6;66;AUTOROUTE A1;M;4891570;235765;930
201400047177;14;5;6;1755;1;1;1;1;6;277;AUTOROUTE A104;M;4897280;248720;950
201400047178;14;5;6;1820;1;1;1;1;2;572;ROUTE NATIONALE 184;;;;950
201400047179;14;5;6;1840;1;1;1;8;2;678;ROUTE NATIONALE 184;;;;950
201400047180;14;5;7;2000;1;1;1;1;3;10;AUTOROUTE A86;M;4889130;247295;930
201400047181;14;5;8;1856;1;1;1;2;4;1;AUTOROUTE A86;M;4892080;237196;930
201400047182;14;5;8;2215;3;1;1;9;7;66;AUTOROUTE A1;M;4892380;235723;930
201400047183;14;5;8;2245;3;1;1;1;6;66;AUTOROUTE A1;M;4892900;236024;930
201400047184;14;5;9;1510;1;1;1;1;7;678;ROUTE NATIONALE 184;;;;950
201400047185;14;5;9;1630;1;1;1;1;5;10;AUTOROUTE A3;M;4888950;247391;930
201400047186;14;5;9;2015;1;1;1;1;6;572;AUTOROUTE A15;;;;950
201400047187;14;5;10;1430;1;1;1;2;4;64;AUTOROUTE A86;M;4888600;247273;930
201400047188;14;5;10;1530;1;1;1;2;6;27;AUTOROUTE A86;M;4892190;237785;930
201400047189;14;5;10;1630;1;1;1;3;6;53;AUTOROUTE A3;M;4888380;246546;930
201400047190;14;5;10;1700;1;1;1;1;6;394;AUTOROUTE A115;;;;950
201400047191;14;5;10;2215;3;1;1;1;6;10;AUTOROUTE A3;M;4888930;247381;930
201400047192;14;5;11;1315;1;1;1;1;6;582;BD INTERCOMMUNAL PARISIS;M;4896230;226370;950
201400047193;14;5;11;1830;1;1;1;2;2;6;AUTOROUTE A3;M;4886590;242125;930
201400047194;14;5;12;1445;1;1;1;3;7;48;AUTOROUTE A3;M;4887310;243544;930
201400047195;14;5;14;615;1;1;1;1;3;53;AUTOROUTE A86;M;4888920;247413;930
201400047196;14;5;14;1015;1;1;1;1;7;505;AUTOROUTE A1;;;;600
201400047197;14;5;15;740;1;1;1;1;3;5;AUTOROUTE A1;M;4896200;246984;930
201400047198;14;5;15;950;1;1;1;1;3;582;AUTOROUTE A15;;;;950
201400047199;14;5;15;1715;1;1;1;1;6;29;AUTOROUTE A86;M;4892610;242240;930
201400047200;14;5;15;1745;1;1;1;1;2;5;AUTOROUTE A104;M;4897310;248807;930
201400047201;14;5;15;2045;1;1;1;1;2;5;AUTOROUTE A3;M;4895820;247323;930
201400047202;14;5;16;900;1;1;1;1;2;64;AUTOROUTE A86;M;4888390;246943;930
201400047203;14;5;16;1800;1;1;1;1;2;631;;;;;600
201400047204;14;5;16;1930;1;1;1;1;4;5;AUTOROUTE A3;M;4894630;247621;930
201400047205;14;5;16;2030;1;1;1;1;7;6;AUTOROUTE A3;M;4886990;243032;930
201400047206;14;5;17;1525;1;1;1;1;2;607;AUTOROUTE A115;;;;950
201400047207;14;5;18;1810;1;1;1;1;2;527;AUTOROUTE A1;;;;950
201400047208;14;5;18;2020;1;1;1;1;2;53;AUTOROUTE A3;M;4888350;245873;930
201400047209;14;5;20;1630;1;1;1;2;3;63;AUTOROUTE A3;M;4887740;244477;930
201400047210;14;5;20;1730;1;1;1;1;2;8;AUTOROUTE A86;M;4889860;246958;930
201400047211;14;5;20;1735;1;1;1;2;3;63;AUTOROUTE A3;M;4887580;244149;930
201400047212;14;5;20;1915;1;1;1;2;2;8;AUTOROUTE A86;M;4889690;247011;930
201400047213;14;5;20;2040;1;1;1;2;6;252;AUTOROUTE A15;;;;950
201400047214;14;5;20;2035;1;1;1;1;6;256;AUTOROUTE A115;;;;950
201400047215;14;5;21;730;1;1;1;2;2;27;AUTOROUTE A86;M;4892360;238346;930
201400047216;14;5;21;1245;1;1;1;2;6;5;AUTOROUTE A3;M;4896000;247345;930
201400047217;14;5;21;1930;1;1;1;3;4;27;AUTOROUTE A86;M;4892340;238362;930
201400047218;14;5;21;1930;1;1;1;2;2;27;AUTOROUTE A86;M;4892340;238362;930
201400047219;14;5;22;2245;4;1;1;3;6;64;AUTOROUTE A86;M;4886820;248200;930
201400047220;14;5;22;630;1;1;1;1;6;306;AUTOROUTE A15;;;;950
201400047221;14;5;22;820;1;1;1;1;4;63;AUTOROUTE A3;M;4887790;244592;930
201400047222;14;5;22;830;1;1;1;1;6;48;AUTOROUTE A3;M;4887310;243592;930
201400047223;14;5;22;925;1;1;1;1;2;78;AUTOROUTE A104;M;4895900;253602;930
201400047224;14;5;22;950;1;1;1;1;6;64;AUTOROUTE A86;M;4888360;247155;930
201400047225;14;5;22;1300;1;1;1;9;7;27;AUTOROUTE A86;M;4892200;237773;930
201400047226;14;5;23;540;2;1;1;1;3;78;AUTOROUTE A104;M;4896300;252244;930
201400047227;14;5;23;705;1;1;1;1;2;527;AUTOROUTE A1;;;;950
201400047228;14;5;23;910;1;1;1;1;3;18;AUTOROUTE A15;;;;950
201400047229;14;5;23;1730;1;1;1;1;5;64;AUTOROUTE A86;M;4888220;247339;930
201400047230;14;5;23;1720;1;1;1;2;4;66;AUTOROUTE A1;M;4893390;238390;930
201400047231;14;5;23;1835;1;1;1;2;7;6;AUTOROUTE A3;M;4886920;242947;930
201400047232;14;5;25;640;1;1;1;1;6;219;AUTOROUTE A115;;;;950
201400047233;14;5;25;1730;1;1;1;1;2;66;AUTOROUTE A1;M;4893170;237003;930
201400047234;14;5;25;2200;3;1;1;1;2;572;AUTOROUTE A15;;;;950
201400047235;14;5;26;2300;3;1;9;1;2;6;AUTOROUTE A3;M;4887010;243053;930
201400047236;14;5;27;1855;1;1;1;2;3;572;AUTOROUTE A15;;;;950
201400047237;14;5;28;830;1;1;1;2;6;48;AUTOROUTE A3;M;4887310;243544;930
201400047238;14;5;28;945;1;1;1;3;6;252;AUTOROUTE A15;;;;950
201400047239;14;5;28;2315;3;1;1;2;6;555;BD INTERCOMMUNAL PARISIS;M;4897670;228170;950
201400047240;14;5;29;350;3;1;1;1;2;63;AUTOROUTE A3;M;4887740;244477;930
201400047241;14;5;29;815;1;1;1;1;6;36;AUTOROUTE A86;;;;920
201400047242;14;5;30;1700;1;1;1;1;3;488;AUTOROUTE A15;;;;950
201400047243;14;5;30;1915;1;1;1;1;6;5;AUTOROUTE A104;M;4897310;248519;930
201400047244;14;5;30;2000;1;1;1;1;2;64;AUTOROUTE A86;M;4886820;248200;930
201400047245;14;5;31;2140;1;1;1;1;2;424;AUTOROUTE A15;;;;950
201400047246;14;5;31;825;1;1;1;1;2;641;AUTOROUTE A1;;;;950
201400047247;14;9;16;1000;1;1;1;1;6;555;BD INTERCOMMUNAL DU PARI;M;4897060;227530;950
201400047248;14;9;21;930;1;1;1;1;3;63;AUTOROUTE A3;M;4887690;244323;930
201400047249;14;6;1;105;3;1;1;1;2;10;AUTOROUTE A3;M;4888950;247391;930
201400047250;14;6;1;210;3;1;1;1;6;36;AUTOROUTE A86;;;;920
201400047251;14;6;1;2140;3;1;1;1;7;27;AUTOROUTE A86;M;4892340;238362;930
201400047252;14;6;2;320;5;1;1;1;7;138;;;;;600
201400047253;14;6;2;620;1;1;1;1;2;5;AUTOROUTE A3;M;4895070;247432;930
201400047254;14;6;2;1845;1;1;1;1;4;572;ROUTE NATIONALE 184;;;;950
201400047255;14;6;23;1050;1;1;1;1;2;8;AUTOROUTE A86;M;4889410;247214;930
201400047256;14;6;3;1445;1;1;1;1;2;64;AUTOROUTE A86;M;4886820;248200;930
201400047257;14;6;3;1715;1;1;1;1;2;252;AUTOROUTE A15;;;;950
201400047258;14;6;3;2050;2;1;1;1;3;64;AUTOROUTE A86;M;4888440;247150;930
201400047259;14;6;4;815;1;1;1;1;2;27;AUTOROUTE A86;M;4892650;240362;930
201400047260;14;6;4;945;1;1;1;3;6;36;AUTOROUTE A15;;;;920
201400047261;14;6;4;1030;1;1;1;1;3;582;BD INTERCOMMUNAL PARISIS;M;4896710;227350;950
201400047262;14;6;4;1200;1;1;1;1;6;53;AUTOROUTE A103;M;4890610;235855;930
201400047263;14;6;4;1220;1;1;1;1;6;36;ROUTE NATIONALE 315;;;;920
201400047264;14;6;4;1515;1;1;1;3;3;18;AUTOROUTE A15;;;;950
201400047265;14;6;4;1745;1;1;1;1;6;582;AUTOROUTE A15;;;;950
201400047266;14;6;4;1830;1;1;1;1;7;127;AUTOROUTE A15;;;;950
201400047267;14;6;4;2050;1;1;1;1;3;10;AUTOROUTE A3;M;4888930;247381;930
201400047268;14;6;5;920;1;1;1;1;6;10;AUTOROUTE A3;M;4888950;247391;930
201400047269;14;6;6;1815;1;1;1;1;3;27;AUTOROUTE A1;M;4893450;239758;930
201400047270;14;6;6;925;1;1;1;1;6;78;AUTOROUTE A104;M;4897130;249859;930
201400047271;14;6;6;1400;1;1;1;1;2;78;AUTOROUTE A86;;;;920
201400047272;14;6;6;1500;1;1;1;1;6;13;AUTOROUTE A1;M;4894360;243541;930
201400047273;14;6;6;1900;1;1;1;1;3;64;AUTOROUTE A86;M;4888390;246943;930
201400047274;14;6;6;2125;1;1;1;1;2;6;AUTOROUTE A3;M;4887010;243030;930
201400047275;14;6;8;330;5;1;1;1;5;66;AUTOROUTE A1;M;4892200;235734;930
201400047276;14;6;8;440;3;1;1;3;5;66;AUTOROUTE A1;M;4891750;235768;930
201400047277;14;6;8;600;2;1;1;2;7;8;AUTOROUTE A86;M;4890860;245013;930
201400047278;14;6;8;1625;1;1;1;1;6;6;AUTOROUTE A3;M;4887010;243030;930
201400047279;14;6;9;950;1;1;1;1;3;277;AUTOROUTE A104;;;;950
201400047280;14;6;9;1020;1;1;1;2;3;36;AUTOROUTE A86;;;;920
201400047281;14;6;9;1330;1;1;1;1;2;27;AUTOROUTE A86;M;4892690;240467;930
201400047282;14;6;9;1740;1;1;1;1;2;36;AUTOROUTE A15;;;;920
201400047283;14;6;9;1820;1;1;1;1;4;63;AUTOROUTE A3;M;4887310;243544;930
201400047284;14;6;9;1030;1;1;1;1;6;572;AUTOROUTE A15;;;;950
201400047285;14;6;10;645;1;1;1;1;6;256;AUTOROUTE A115;;;;950
201400047286;14;6;10;840;1;1;1;8;6;48;AUTOROUTE A86;M;4886650;248142;930
201400047287;14;6;10;1230;1;1;1;2;2;10;AUTOROUTE A86;M;4890050;246998;930
201400047288;14;6;10;1300;1;1;1;3;4;66;AUTOROUTE A1;M;4891930;235757;930
201400047289;14;6;10;1500;1;1;1;2;2;73;AUTOROUTE A104;;;;930
201400047290;14;6;10;1530;1;1;1;3;6;527;AUTOROUTE A3;;;;950
201400047291;14;6;10;1700;1;1;1;3;6;39;AUTOROUTE A86;M;4892650;233658;930
201400047292;14;6;10;1800;1;1;1;1;2;27;AUTOROUTE A1;M;4893630;240606;930
201400047293;14;6;10;1930;1;1;1;2;6;53;AUTOROUTE A3;M;4888140;245383;930
201400047294;14;6;11;900;1;1;1;1;6;64;AUTOROUTE A86;M;4886820;248200;930
201400047295;14;6;11;1435;1;1;1;1;2;306;AUTOROUTE A15;;;;950
201400047296;14;6;11;1830;1;1;1;1;3;5;AUTOROUTE A3;M;4894590;247642;930
201400047297;14;6;12;835;1;1;1;1;3;582;BD INTERCOMMUNAL PARISIS;M;4896410;226840;950
201400047298;14;6;12;930;1;1;1;1;7;277;AUTOROUTE A104;M;4897290;248510;950
201400047299;14;6;12;845;1;1;1;1;2;48;AUTOROUTE A3;M;4887310;243592;930
201400047300;14;6;12;2030;1;1;1;1;6;256;ROUTE NATIONALE 184;;;;950
201400047301;14;6;13;630;1;1;1;1;2;8;AUTOROUTE A86;M;4890710;245593;930
201400047302;14;6;13;740;1;1;1;1;3;582;AUTOROUTE A15;;;;950
201400047303;14;6;13;830;1;1;1;1;6;7;AUTOROUTE A1;M;4894360;243541;930
201400047304;14;6;13;915;1;1;1;1;3;66;AUTOROUTE A1;M;4892340;235708;930
201400047305;14;6;13;900;1;1;1;1;3;18;AUTOROUTE A15;;;;950
201400047306;14;6;13;1240;1;1;1;1;4;78;AUTOROUTE A86;;;;920
201400047307;14;6;13;1400;1;1;1;1;2;53;AUTOROUTE A3;M;4888390;245954;930
201400047308;14;6;13;1800;1;1;1;1;5;27;AUTOROUTE A86;M;4892790;240993;930
201400047309;14;6;14;550;1;1;1;1;6;572;AUTOROUTE A15;;;;950
201400047310;14;6;14;840;1;1;1;1;6;18;AUTOROUTE A15;;;;950
201400047311;14;6;14;1610;1;1;1;1;2;494;AUTOROUTE A1;;;;600
201400047312;14;6;14;1745;1;1;1;1;2;6;AUTOROUTE A3;M;4886690;242545;930
201400047313;14;6;15;105;4;1;1;1;3;488;AUTOROUTE A15;;;;950
201400047314;14;6;16;945;1;1;1;1;4;78;AUTOROUTE A86;;;;920
201400047315;14;6;16;1040;1;1;1;1;4;36;AUTOROUTE A86;;;;920
201400047316;14;6;16;1715;1;1;1;1;4;572;ROUTE NATIONALE 184;;;;950
201400047317;14;6;16;1840;1;1;1;1;3;64;AUTOROUTE A103;;;;930
201400047318;14;6;17;1330;1;1;1;1;4;66;AUTOROUTE A1;M;4890970;235828;930
201400047319;14;6;17;1800;1;1;1;1;5;27;AUTOROUTE A86;M;4892860;241528;930
201400047320;14;6;17;1830;1;1;1;1;4;241;RN 104;;;;950
201400047321;14;6;18;2230;4;1;1;1;6;18;AUTOROUTE A15;;;;950
201400047322;14;6;19;910;1;1;1;1;3;10;AUTOROUTE A3;M;4888950;247391;930
201400047323;14;6;19;1315;1;1;1;1;7;5;AUTOROUTE A1;M;4895770;246287;930
201400047324;14;6;19;1400;1;1;1;1;2;582;AUTOROUTE A15;;;;950
201400047325;14;6;19;1430;1;1;1;1;6;53;AUTOROUTE A3;M;4888350;245873;930
201400047326;14;6;19;1600;1;1;1;1;2;13;AUTOROUTE A1;M;4893880;241706;930
201400047327;14;6;19;1700;1;1;1;1;4;7;AUTOROUTE A1;M;4895150;245100;930
201400047328;14;6;19;1725;1;1;1;1;3;10;AUTOROUTE A3;M;4888930;247381;930
201400047329;14;6;19;1955;1;1;1;1;4;78;AUTOROUTE A86;;;;920
201400047330;14;6;20;715;1;1;1;1;6;10;AUTOROUTE A3;M;4888620;247306;930
201400047331;14;6;20;730;1;1;1;1;6;27;AUTOROUTE A86;M;4892360;238346;930
201400047332;14;6;20;900;1;1;1;1;2;582;AUTOROUTE A15;;;;950
201400047333;14;6;20;1000;1;1;1;1;5;53;AUTOROUTE A3;M;4888380;246682;930
201400047334;14;6;20;1330;1;1;1;1;6;7;AUTOROUTE A3;M;4893190;248086;930
201400047335;14;6;20;1930;1;1;1;1;2;8;AUTOROUTE A86;M;4891230;243767;930
201400047336;14;6;21;2205;3;1;1;1;7;10;AUTOROUTE A3;M;4888950;247391;930
201400047337;14;6;21;1255;1;1;1;1;3;78;AUTOROUTE A86;;;;920
201400047338;14;6;21;1330;1;1;1;1;2;66;AUTOROUTE A1;M;4891930;235757;930
201400047339;14;6;21;1430;1;1;1;1;2;66;AUTOROUTE A1;M;4892110;235742;930
201400047340;14;6;21;1600;1;1;1;1;2;582;AUTOROUTE A15;;;;950
201400047341;14;6;22;430;4;1;1;1;7;6;AUTOROUTE A3;M;4886610;242272;930
201400047342;14;6;22;2022;1;1;1;1;2;488;AUTOROUTE A15;;;;950
201400047343;14;6;23;850;1;1;1;1;3;53;AUTOROUTE A3;M;4888410;246089;930
201400047344;14;6;23;930;1;1;1;1;5;66;AUTOROUTE A86;M;4892230;235605;930
201400047345;14;6;23;1210;1;1;1;1;2;491;AUTOROUTE A115;;;;950
201400047346;14;6;23;1515;1;1;1;1;4;6;AUTOROUTE A3;M;4886620;242256;930
201400047347;14;6;23;1615;1;1;1;1;3;7;AUTOROUTE A3;M;4893310;248087;930
201400047348;14;6;24;1720;1;1;1;1;6;63;AUTOROUTE A3;M;4887690;244323;930
201400047349;14;6;25;106;3;1;1;1;7;27;AUTOROUTE A1;M;4893450;239758;930
201400047350;14;6;25;1015;1;1;1;1;2;8;AUTOROUTE A86;M;4891230;243767;930
201400047351;14;6;25;1400;1;1;1;1;6;500;AUTOROUTE A15;;;;950
201400047352;14;6;25;1720;1;1;1;1;3;256;ROUTE NATIONALE 184;;;;950
201400047353;14;6;25;1830;1;1;1;1;3;27;AUTOROUTE A86;M;4892520;239423;930
201400047354;14;6;25;1855;1;1;1;1;7;394;ROUTE NATIONALE 184;;;;950
201400047355;14;6;26;855;1;1;1;1;7;36;AUTOROUTE A15;;;;920
201400047356;14;6;26;1540;1;1;1;1;2;64;AUTOROUTE A86;M;4886910;248240;930
201400047357;14;6;27;730;1;1;1;1;2;7;AUTOROUTE A1;M;4894360;243541;930
201400047358;14;6;27;1418;1;1;1;1;2;29;AUTOROUTE A86;M;4891880;242869;930
201400047359;14;6;27;1600;1;1;1;1;2;252;AUTOROUTE A15;;;;950
201400047360;14;6;27;1740;1;1;1;1;2;641;AUTOROUTE A1;;;;950
201400047361;14;6;27;1815;1;1;1;1;2;27;AUTOROUTE A86;M;4892390;238627;930
201400047362;14;6;27;1950;1;1;1;1;2;678;ROUTE NATIONALE 184;;;;950
201400047363;14;6;27;2015;1;1;1;1;7;73;AUTOROUTE A104;M;4896920;256777;930
201400047364;14;6;28;1045;1;1;1;1;2;66;AUTOROUTE A1;M;4891030;235824;930
201400047365;14;6;28;1230;1;1;1;1;6;66;AUTOROUTE A1;M;4892170;235719;930
201400047366;14;6;28;1630;1;1;1;2;4;29;AUTOROUTE A86;M;4892590;242274;930
201400047367;14;6;28;1850;1;1;1;2;6;5;AUTOROUTE A1;M;4896180;246994;930
201400047368;14;6;28;2030;3;1;1;2;2;8;AUTOROUTE A86;M;4889860;246958;930
201400047369;14;6;29;815;1;1;1;2;2;306;AUTOROUTE A15;;;;950
201400047370;14;6;29;1009;1;1;1;2;6;53;AUTOROUTE A3;M;4888350;245834;930
201400047371;14;6;29;1311;1;1;1;2;6;582;BD INTERCOMMUNAL PARISIS;;;;950
201400047372;14;6;29;1315;1;1;1;2;6;78;AUTOROUTE A86;;;;920
201400047373;14;6;29;1700;1;1;1;2;6;18;AUTOROUTE A15;;;;950
201400047374;14;10;2;920;1;1;1;1;2;582;AUTOROUTE A15;;;;950
201400047375;14;10;2;1640;1;1;1;1;4;582;AUTOROUTE A15;;;;950
201400047376;14;10;6;1120;1;1;1;1;7;27;AUTOROUTE A86;M;4892730;241922;930
201400047377;14;10;6;1710;1;1;1;3;5;6;AUTOROUTE A3;M;4886690;242545;930
201400047378;14;10;7;1340;1;1;1;1;7;36;AUTOROUTE A15;;;;920
201400047379;14;10;12;1605;1;1;1;2;6;27;AUTOROUTE A86;M;4892780;241018;930
201400047380;14;10;12;1730;1;1;1;2;5;13;AUTOROUTE A1;M;4893870;241625;930
201400047381;14;10;14;1707;1;1;1;1;2;500;AUTOROUTE A15;;;;950
201400047382;14;10;18;1541;1;1;1;1;6;394;AUTOROUTE A115;;;;950
201400047383;14;7;1;2110;1;1;1;1;7;1;AUTOROUTE A86;M;4892190;237785;930
201400047384;14;7;2;1155;1;1;1;1;3;572;AUTOROUTE A15;;;;950
201400047385;14;7;2;1350;1;1;1;1;3;53;AUTOROUTE A86;M;4888920;247413;930
201400047386;14;7;2;1915;1;1;1;1;3;66;AUTOROUTE A1;M;4892740;235726;930
201400047387;14;7;2;1940;1;1;1;1;4;36;AUTOROUTE A15;;;;920
201400047388;14;7;3;1020;1;1;1;1;4;53;AUTOROUTE A3;M;4888390;245954;930
201400047389;14;7;3;1120;1;1;1;1;7;27;AUTOROUTE A1;M;4893450;239693;930
201400047390;14;7;3;1720;1;1;1;1;4;394;ROUTE NATIONALE 184;;;;950
201400047391;14;7;3;2140;3;1;1;1;3;78;AUTOROUTE A104;M;4896480;255435;930
201400047392;14;7;4;655;2;1;1;1;6;6;AUTOROUTE A3;M;4886450;241293;930
201400047393;14;7;4;830;1;1;1;1;3;582;AUTOROUTE A15;;;;950
201400047394;14;7;4;1840;1;1;1;1;5;66;AUTOROUTE A1;M;4893100;236727;930
201400047395;14;7;4;1845;1;1;1;1;3;488;AUTOROUTE A15;;;;950
201400047396;14;7;5;1030;1;1;1;1;7;78;AUTOROUTE A104;M;4896640;251483;930
201400047397;14;7;5;1300;1;1;1;1;3;572;ROUTE NATIONALE 184;;;;950
201400047398;14;7;5;1710;1;1;1;1;6;424;AUTOROUTE A15;;;;950
201400047399;14;7;6;1215;1;1;1;1;2;36;AUTOROUTE A15;;;;920
201400047400;14;7;6;1345;1;1;1;3;3;277;AUTOROUTE A104;M;4897350;248590;950
201400047401;14;7;6;1430;1;1;1;3;6;53;AUTOROUTE A103;M;4890970;235828;930
201400047402;14;7;6;1600;1;1;1;2;7;73;AUTOROUTE A104;M;4896880;256661;930
201400047403;14;7;6;1800;1;1;1;1;7;582;RD 170;M;4896410;226840;950
201400047404;14;7;6;1530;1;1;1;2;6;78;AUTOROUTE A86;;;;920
201400047405;14;7;7;130;3;1;1;1;7;5;AUTOROUTE A3;M;4894560;247655;930
201400047406;14;7;7;1315;1;1;1;1;6;78;AUTOROUTE A104;M;4896700;251215;930
201400047407;14;7;7;1345;1;1;1;1;4;351;RN 104;;;;950
201400047408;14;7;7;1445;1;1;1;1;4;5;AUTOROUTE A3;M;4894590;247660;930
201400047409;14;7;7;1850;1;1;1;1;3;66;AUTOROUTE A86;M;4892300;234515;930
201400047410;14;7;8;110;3;1;1;2;6;582;AUTOROUTE A15;;;;950
201400047411;14;7;8;520;4;1;1;2;5;580;AUTOROUTE A1;;;;950
201400047412;14;7;8;830;1;1;1;2;6;5;AUTOROUTE A104;M;4897300;248758;930
201400047413;14;7;8;1400;1;1;1;1;3;488;AUTOROUTE A15;;;;950
201400047414;14;7;8;2100;1;1;1;2;2;78;AUTOROUTE A104;M;4896420;255299;930
201400047415;14;7;8;1615;1;1;1;2;7;151;RN 104;;;;950
201400047416;14;7;9;800;1;1;1;1;2;66;AUTOROUTE A1;M;4893130;236853;930