num_acc;an;mois;jour;hrmn;lum;agg;int;atm;col;com;adr;gps;lat;long;dep
201400047417;14;7;9;1100;1;1;1;1;6;252;AUTOROUTE A15;;;;950
201400047418;14;7;9;1230;1;1;1;1;3;18;AUTOROUTE A15;;;;950
201400047419;14;7;9;2001;1;1;1;2;2;500;AUTOROUTE A15;;;;950
201400047420;14;7;8;2015;3;1;1;3;7;27;AUTOROUTE A86;M;4892780;241018;930
201400047421;14;7;10;120;4;1;1;3;6;394;AUTOROUTE A115;;;;950
201400047422;14;7;10;900;1;1;1;2;4;78;AUTOROUTE A104;M;4895870;253397;930
201400047423;14;7;11;820;1;1;1;2;6;394;AUTOROUTE A115;;;;950
201400047424;14;7;11;1250;1;1;1;1;4;36;AUTOROUTE A15;;;;920
201400047425;14;7;11;1400;1;1;1;2;2;66;AUTOROUTE A86;M;4892260;234923;930
201400047426;14;7;11;1410;1;1;1;2;6;27;AUTOROUTE A86;M;4892790;240993;930
201400047427;14;7;11;2338;3;1;1;1;7;78;AUTOROUTE A104;M;4896550;251698;930
201400047428;14;7;12;1500;1;1;1;1;6;48;AUTOROUTE A3;M;4887180;243325;930
201400047429;14;7;13;1026;1;1;1;3;2;36;AUTOROUTE A15;;;;920
201400047430;14;7;13;1250;1;1;1;2;6;572;AUTOROUTE A15;;;;950
201400047431;14;7;13;1245;1;1;1;3;6;394;AUTOROUTE A115;;;;950
201400047432;14;7;13;1730;1;1;1;1;6;572;AUTOROUTE A15;;;;950
201400047433;14;7;14;720;1;1;1;1;6;36;AUTOROUTE A15;;;;920
201400047434;14;7;14;1410;1;1;1;1;7;63;AUTOROUTE A3;M;4887690;244366;930
201400047435;14;7;15;745;1;1;1;1;1;13;AUTOROUTE A1;M;4893860;241640;930
201400047436;14;7;15;930;1;1;1;1;7;39;AUTOROUTE A86;M;4892670;233596;930
201400047437;14;7;15;1000;1;1;1;1;4;527;AUTOROUTE A1;;;;950
201400047438;14;7;15;2340;3;1;1;1;3;64;AUTOROUTE A86;M;4888530;247174;930
201400047439;14;7;16;1650;1;1;1;1;3;78;AUTOROUTE A86;;;;920
201400047440;14;7;17;900;1;1;1;1;3;18;AUTOROUTE A15;;;;950
201400047441;14;7;17;1900;1;1;1;1;3;500;AUTOROUTE A15;;;;950
201400047442;14;7;17;1900;1;1;1;1;3;10;AUTOROUTE A3;M;4888950;247391;930
201400047443;14;7;17;920;1;1;1;1;6;29;AUTOROUTE A86;M;4892610;242240;930
201400047444;14;7;18;1550;1;1;1;1;4;36;AUTOROUTE A86;;;;920
201400047445;14;7;20;320;4;1;1;1;7;36;AUTOROUTE A15;;;;920
201400047446;14;7;20;1330;1;1;1;1;7;612;AUTOROUTE A1;;;;600
201400047447;14;7;20;2200;3;1;1;8;3;527;RN 104;;;;950
201400047448;14;7;22;2000;1;1;1;1;2;64;AUTOROUTE A86;M;4887070;248247;930
201400047449;14;7;21;1025;1;1;1;1;2;66;AUTOROUTE A1;M;4891660;235776;930
201400047450;14;7;21;2030;1;1;1;1;6;78;AUTOROUTE A104;;;;930
201400047451;14;7;22;1335;1;1;1;1;6;582;AUTOROUTE A115;;;;950
201400047452;14;7;22;1700;1;1;1;1;7;13;AUTOROUTE A1;M;4893870;241625;930
201400047453;14;7;23;1700;1;1;1;1;2;10;AUTOROUTE A3;M;4888930;247381;930
201400047454;14;7;23;1900;1;1;1;1;5;66;AUTOROUTE A86;M;4892230;235873;930
201400047455;14;7;24;35;4;1;1;1;6;60;AUTOROUTE A115;;;;950
201400047456;14;7;24;800;1;1;1;1;3;582;AUTOROUTE A15;;;;950
201400047457;14;7;24;830;1;1;1;1;2;582;AUTOROUTE A15;;;;950
201400047458;14;7;24;1530;1;1;1;1;3;53;AUTOROUTE A3;M;4888350;245834;930
201400047459;14;7;24;1935;1;1;1;1;4;78;AUTOROUTE A104;M;4896940;250424;930
201400047460;14;7;25;815;1;1;1;1;4;6;AUTOROUTE A3;M;4886640;242400;930
201400047461;14;7;25;800;1;1;1;1;2;580;AUTOROUTE A1;;;;950
201400047462;14;7;25;1345;1;1;1;1;3;63;AUTOROUTE A3;M;4888100;245292;930
201400047463;14;7;25;1859;1;1;1;1;3;36;AUTOROUTE A15;;;;920
201400047464;14;7;28;900;1;1;1;1;2;5;AUTOROUTE A1;M;4896060;246797;930
201400047465;14;7;28;1225;1;1;1;1;2;154;AUTOROUTE A1;;;;950
201400047466;14;7;28;1345;1;1;1;1;5;53;AUTOROUTE A3;M;4888390;246640;930
201400047467;14;7;28;1835;1;1;1;1;6;394;ROUTE NATIONALE 184;;;;950
201400047468;14;7;28;2215;2;1;1;1;6;572;AUTOROUTE A15;;;;950
201400047469;14;7;30;1430;1;1;1;1;2;5;AUTOROUTE A3;M;4895160;247401;930
201400047470;14;7;31;1115;1;1;1;1;2;500;AUTOROUTE A15;;;;950
201400047471;14;7;30;540;3;1;1;1;6;5;AUTOROUTE A3;M;4895010;247470;930
201400047472;14;7;31;830;1;1;1;1;2;212;RN 104;;;;950
201400047473;14;7;31;1440;1;1;1;1;5;36;AUTOROUTE A15;;;;920
201400047474;14;11;21;2135;4;1;1;1;2;10;AUTOROUTE A3;M;4888950;247391;930
201400047475;14;11;26;1610;1;1;1;1;2;678;ROUTE NATIONALE 184;;;;950
201400047476;14;11;29;620;5;1;1;1;3;1;AUTOROUTE A86;M;4892100;237188;930
201400047477;14;8;1;440;3;1;1;1;4;394;AUTOROUTE A115;;;;950
201400047478;14;8;1;550;2;1;1;1;3;48;AUTOROUTE A3;M;4887070;243122;930
201400047479;14;8;1;1600;1;1;1;1;4;48;AUTOROUTE A3;M;4887370;243705;930
201400047480;14;8;2;1145;1;1;1;1;2;66;AUTOROUTE A1;M;4893320;237699;930
201400047481;14;8;4;1820;1;1;1;1;2;78;AUTOROUTE A86;;;;920
201400047482;14;8;6;1047;1;1;1;3;6;394;AUTOROUTE A115;;;;950
201400047483;14;8;6;1405;1;1;1;2;2;277;AUTOROUTE A3;;;;950
201400047484;14;8;6;1540;1;1;1;2;6;5;AUTOROUTE A3;M;4894630;247621;930
201400047485;14;8;6;1615;1;1;1;2;3;252;AUTOROUTE A15;;;;950
201400047486;14;8;6;1640;1;1;1;1;6;27;AUTOROUTE A86;M;4892220;237834;930
201400047487;14;8;6;1845;1;1;1;2;7;36;AUTOROUTE A15;;;;920
201400047488;14;8;7;835;1;1;1;2;3;18;AUTOROUTE A15;;;;950
201400047489;14;8;7;935;1;1;1;2;6;365;RN 104;;;;950
201400047490;14;8;7;945;1;1;1;2;2;36;AUTOROUTE A15;;;;920
201400047491;14;8;10;1135;1;1;1;2;2;678;ROUTE NATIONALE 184;;;;950
201400047492;14;8;8;1230;1;1;1;2;3;252;AUTOROUTE A15;;;;950
201400047493;14;8;8;1900;1;1;1;2;6;277;AUTOROUTE A3;;;;950
201400047494;14;8;8;2200;3;1;1;1;3;582;AUTOROUTE A15;;;;950
201400047495;14;8;10;545;4;1;1;1;6;64;AUTOROUTE A86;M;4887070;248247;930
201400047496;14;8;10;1340;1;1;1;8;6;218;AUTOROUTE A15;;;;950
201400047497;14;8;10;1600;1;1;1;2;6;256;ROUTE NATIONALE 184;;;;950
201400047498;14;8;10;1715;1;1;1;2;6;1;AUTOROUTE A86;M;4892080;237196;930
201400047499;14;8;11;810;1;1;1;1;3;252;AUTOROUTE A15;;;;950
201400047500;14;8;11;900;1;1;1;1;6;572;ROUTE NATIONALE 184;;;;950
201400047501;14;8;11;915;1;1;1;1;3;18;AUTOROUTE A15;;;;950
201400047502;14;12;7;2100;3;1;1;2;6;394;AUTOROUTE A115;;;;950
201400047503;14;8;12;1820;1;1;1;1;1;66;AUTOROUTE A86;M;4892230;235873;930
201400047504;14;8;13;5;4;1;1;3;6;582;AUTOROUTE A115;;;;950
201400047505;14;8;13;1000;1;1;1;1;7;78;AUTOROUTE A86;;;;920
201400047506;14;8;13;1535;1;1;1;1;7;1;AUTOROUTE A86;M;4892130;236824;930
201400047507;14;8;13;1935;1;1;1;1;6;582;AUTOROUTE A15;;;;950
201400047508;14;8;14;1500;1;1;1;1;3;36;AUTOROUTE A15;;;;920
201400047509;14;8;14;1909;1;1;1;1;6;277;AUTOROUTE A104;M;4897350;248590;950
201400047510;14;8;14;2030;1;1;1;3;5;277;AUTOROUTE A104;M;4897350;248590;950
201400047511;14;8;16;10;4;1;1;1;6;394;AUTOROUTE A115;;;;950
201400047512;14;8;17;2300;3;1;1;1;2;6;AUTOROUTE A3;M;4886800;242761;930
201400047513;14;8;19;815;1;1;1;1;4;424;AUTOROUTE A15;;;;950
201400047514;14;8;19;1115;1;1;1;1;2;36;AUTOROUTE A15;;;;920
201400047515;14;8;21;910;1;1;1;1;2;5;AUTOROUTE A3;M;4895790;247299;930
201400047516;14;8;22;210;3;1;1;1;6;277;AUTOROUTE A104;;;;950
201400047517;14;8;22;1315;1;1;1;1;5;73;AUTOROUTE A104;M;4896810;256428;930
201400047518;14;8;22;1515;1;1;1;1;6;212;AUTOROUTE A1;;;;950
201400047519;14;8;22;1915;1;1;1;3;6;277;AUTOROUTE A104;;;;950
201400047520;14;8;23;500;3;1;1;1;7;36;AUTOROUTE A15;;;;920
201400047521;14;8;23;715;1;1;1;1;6;66;AUTOROUTE A1;M;4893170;237055;930
201400047522;14;8;24;915;1;1;1;1;7;78;AUTOROUTE A104;M;4896480;255435;930
201400047523;14;8;24;1435;1;1;1;1;3;5;AUTOROUTE A3;M;4895280;247384;930
201400047524;14;8;24;1630;1;1;1;1;2;60;AUTOROUTE A115;;;;950
201400047525;14;8;25;930;1;1;1;2;6;277;AUTOROUTE A104;;;;950
201400047526;14;8;25;1235;1;1;1;3;6;582;AUTOROUTE A15;;;;950
201400047527;14;8;25;1610;1;1;1;2;6;78;AUTOROUTE A86;;;;920
201400047528;14;8;25;2020;1;1;1;2;4;582;AUTOROUTE A15;;;;950
201400047529;14;8;25;2340;3;1;1;2;7;27;AUTOROUTE A86;M;4892780;241018;930
201400047530;14;8;26;725;1;1;1;2;6;27;AUTOROUTE A86;M;4892570;239669;930
201400047531;14;8;26;925;1;1;1;1;4;66;AUTOROUTE A1;M;4891570;235783;930
201400047532;14;8;26;1255;1;1;1;3;4;424;AUTOROUTE A15;;;;950
201400047533;14;8;26;1800;1;1;1;1;2;63;AUTOROUTE A3;M;4887850;244717;930
201400047534;14;8;26;2050;3;1;1;2;6;27;AUTOROUTE A86;M;4892600;239883;930
201400047535;14;8;26;2050;3;1;1;9;6;27;AUTOROUTE A86;M;4892210;237848;930
201400047536;14;8;27;550;3;1;1;1;4;277;AUTOROUTE A1;;;;950
201400047537;14;8;27;545;1;1;1;1;6;678;ROUTE NATIONALE 184;;;;950
201400047538;14;8;27;815;1;1;1;2;7;582;BD INTERCOMMUNAL PARISIS;M;4896910;227480;950
201400047539;14;8;27;910;1;1;1;1;6;78;AUTOROUTE A86;;;;920
201400047540;14;8;27;950;1;1;1;1;3;66;AUTOROUTE A1;M;4891900;235742;930
201400047541;14;8;27;1000;1;1;1;1;5;27;AUTOROUTE A86;M;4892790;240993;930
201400047542;14;8;27;1602;1;1;1;1;5;53;AUTOROUTE A3;M;4888350;245834;930
201400047543;14;8;27;1900;1;1;1;1;2;5;AUTOROUTE A1;M;4895770;246287;930
201400047544;14;8;28;1100;1;1;1;1;3;8;AUTOROUTE A86;M;4889470;247114;930
201400047545;14;8;28;1545;1;1;1;1;6;66;AUTOROUTE A1;M;4891930;235757;930
201400047546;14;8;30;720;1;1;1;1;3;604;AUTOROUTE A1;;;;950
201400047547;14;8;31;1000;1;1;1;1;3;641;AUTOROUTE A1;;;;950
201400047548;14;8;31;1415;1;1;1;1;6;27;AUTOROUTE A86;M;4892210;237848;930
201400047549;14;8;31;1910;1;1;1;1;7;494;AUTOROUTE A1;;;;600
201400047550;14;8;31;1930;1;1;1;1;6;631;AUTOROUTE A1;;;;600
201400047551;14;12;18;1640;1;1;1;1;6;306;AUTOROUTE A15;;;;950
201400047552;14;9;1;715;1;1;1;1;1;36;AUTOROUTE A15;;;;920
201400047553;14;9;1;900;1;1;1;1;2;582;AUTOROUTE A15;;;;950
201400047554;14;9;1;1250;1;1;1;1;6;10;AUTOROUTE A3;M;4888930;247381;930
201400047555;14;9;1;1750;1;1;1;1;5;78;AUTOROUTE A104;M;4896000;253974;930
201400047556;14;9;1;1835;1;1;1;1;3;5;AUTOROUTE A3;M;4894920;247504;930
201400047557;14;9;2;605;2;1;1;1;2;64;AUTOROUTE A86;M;4886810;248216;930
201400047558;14;9;2;1400;1;1;1;1;5;154;AUTOROUTE A1;;;;950
201400047559;14;9;3;900;1;1;1;1;2;582;BD INTERCOMMUNAL PARISIS;M;4896260;226330;950
201400047560;14;9;3;1500;1;1;1;1;4;10;AUTOROUTE A3;M;4888950;247391;930
201400047561;14;8;5;2030;1;1;1;1;2;78;AUTOROUTE A86;;;;920
201400047562;14;9;3;1845;1;1;1;1;5;63;AUTOROUTE A3;M;4888050;245176;930
201400047563;14;9;5;750;1;1;1;1;6;572;AUTOROUTE A15;;;;950
201400047564;14;9;5;850;1;1;1;1;4;10;AUTOROUTE A3;M;4888970;247384;930
201400047565;14;9;5;1645;1;1;1;1;2;36;AUTOROUTE A15;;;;920
201400047566;14;9;5;2320;3;1;1;1;6;18;AUTOROUTE A15;;;;950
201400047567;14;9;6;1835;1;1;1;1;6;500;AUTOROUTE A15;;;;950
201400047568;14;9;8;515;3;1;1;1;2;53;AUTOROUTE A3;M;4888300;245754;930
201400047569;14;9;8;515;3;1;1;1;7;53;AUTOROUTE A3;M;4888250;245638;930
201400047570;14;9;9;850;1;1;1;1;7;306;AUTOROUTE A15;;;;950
201400047571;14;9;9;910;1;1;1;1;4;6;AUTOROUTE A3;M;4886630;241456;930
201400047572;14;9;10;845;1;1;1;1;7;63;AUTOROUTE A3;M;4887900;244832;930
201400047573;14;9;10;1700;1;1;1;1;6;5;AUTOROUTE A3;M;4894620;247649;930
201400047574;14;9;10;1710;1;1;1;1;2;63;AUTOROUTE A3;M;4888090;245252;930
201400047575;14;9;10;2000;1;1;1;1;6;1;AUTOROUTE A86;M;4892190;237785;930
201400047576;14;9;11;820;1;1;1;1;6;29;AUTOROUTE A86;M;4892630;242150;930
201400047577;14;9;11;840;2;1;1;1;6;151;RN 104;;;;950
201400047578;14;9;12;940;1;1;1;1;6;582;AUTOROUTE A15;;;;950
201400047579;14;9;11;910;1;1;1;1;3;27;AUTOROUTE A86;M;4892570;239669;930
201400047580;14;9;11;1900;1;1;1;1;3;66;AUTOROUTE A86;M;4892170;236558;930
201400047581;14;9;12;1700;1;1;1;1;4;66;AUTOROUTE A1;M;4892110;235742;930
201400047582;14;9;12;2200;3;1;1;1;2;580;AUTOROUTE A1;;;;950
201400047583;14;9;14;2330;3;1;1;1;7;306;AUTOROUTE A15;;;;950
201400047584;14;9;15;1000;1;1;1;1;7;6;AUTOROUTE A3;M;4886430;241359;930
201400047585;14;9;15;1700;1;1;1;1;7;36;AUTOROUTE A15;;;;920
201400047586;14;9;16;740;1;1;1;1;2;252;AUTOROUTE A15;;;;950
201400047587;14;9;16;830;1;1;1;1;3;36;AUTOROUTE A15;;;;920
201400047588;14;9;16;1230;1;1;1;1;7;53;AUTOROUTE A103;M;4890250;235886;930
201400047589;14;9;16;2115;4;1;1;1;7;27;AUTOROUTE A86;M;4892840;241419;930
201400047590;14;9;16;2230;3;1;1;1;6;18;AUTOROUTE A15;;;;950
201400047591;14;9;16;2303;5;1;1;1;6;8;AUTOROUTE A86;M;4891420;243237;930
201400047592;14;9;18;650;2;1;1;1;2;18;AUTOROUTE A15;;;;950
201400047593;14;9;18;2215;3;1;1;1;2;7;AUTOROUTE A3;M;4892930;248138;930
201400047594;14;9;19;855;1;1;1;1;2;36;AUTOROUTE A86;;;;920
201400047595;14;9;20;1645;1;1;1;2;4;277;AUTOROUTE A3;;;;950
201400047596;14;9;20;2135;3;1;1;1;2;10;AUTOROUTE A3;M;4888930;247381;930
201400047597;14;9;21;1830;1;1;1;1;2;488;AUTOROUTE A15;;;;950
201400047598;14;9;22;1840;1;1;1;1;2;572;AUTOROUTE A15;;;;950
201400047599;14;9;23;630;2;1;1;1;2;582;AUTOROUTE A15;;;;950
201400047600;14;9;23;800;1;1;1;1;6;78;AUTOROUTE A86;;;;920
201400047601;14;9;23;915;1;1;1;1;2;66;AUTOROUTE A1;M;4892800;235755;930
201400047602;14;9;24;2005;3;1;1;2;6;277;AUTOROUTE A104;;;;950
201400047603;14;9;24;2120;3;1;1;1;6;394;AUTOROUTE A115;;;;950
201400047604;14;9;24;2155;3;1;1;1;7;36;AUTOROUTE A86;;;;920
201400047605;14;9;25;930;1;1;1;1;3;64;AUTOROUTE A86;M;4888670;247349;930
201400047606;14;9;25;1540;1;1;1;1;6;572;AUTOROUTE A15;;;;950
201400047607;14;9;26;1900;1;1;1;1;6;641;AUTOROUTE A1;;;;950
201400047608;14;9;27;1020;1;1;1;1;4;5;AUTOROUTE A3;M;4895190;247409;930
201400047609;14;9;28;1830;1;1;1;1;2;424;AUTOROUTE A15;;;;950
201400047610;14;9;29;1110;1;1;1;2;6;394;AUTOROUTE A115;;;;950
201400047611;14;9;29;1215;1;1;1;1;6;252;AUTOROUTE A15;;;;950
201400047612;14;9;30;615;3;1;1;2;2;36;AUTOROUTE A15;;;;920
201400047613;14;9;30;730;1;1;1;1;6;36;AUTOROUTE A15;;;;920
201400047614;14;9;30;810;1;1;1;1;2;582;AUTOROUTE A15;;;;950
201400047615;14;9;30;1730;1;1;1;1;2;78;AUTOROUTE A86;;;;920
201400047616;14;10;30;901;1;1;1;1;3;18;AUTOROUTE A15;;;;950
201400047617;14;10;1;805;2;1;1;1;3;48;AUTOROUTE A3;M;4887310;243544;930
201400047618;14;10;1;900;1;1;1;1;5;18;AUTOROUTE A15;;;;950
201400047619;14;10;1;1530;1;1;1;1;3;78;AUTOROUTE A86;;;;920
201400047620;14;10;1;1840;1;1;1;1;4;10;AUTOROUTE A3;M;4888930;247381;930
201400047621;14;10;2;1428;5;1;1;1;6;66;AUTOROUTE A1;M;4890880;235818;930
201400047622;14;10;2;1430;5;1;1;1;6;66;AUTOROUTE A1;M;4890700;235849;930
201400047623;14;10;2;1630;1;1;1;1;7;10;AUTOROUTE A3;M;4888950;247391;930
201400047624;14;10;3;740;1;1;1;1;3;48;AUTOROUTE A3;M;4887250;243430;930
201400047625;14;10;3;1830;1;1;1;1;5;13;AUTOROUTE A1;M;4893880;241706;930
201400047626;14;10;3;2120;3;1;1;1;2;53;AUTOROUTE A86;M;4888850;247388;930
201400047627;14;10;4;1725;1;1;1;1;2;488;AUTOROUTE A15;;;;950
201400047628;14;10;4;2335;3;1;1;1;7;36;AUTOROUTE A86;;;;920
201400047629;14;10;5;515;3;1;1;9;7;27;AUTOROUTE A86;M;4892570;239669;930
201400047630;14;10;8;1900;3;1;1;3;6;66;AUTOROUTE A1;;;;930
201400047631;14;10;6;1830;1;1;1;2;6;18;AUTOROUTE A15;;;;950
201400047632;14;10;6;1940;3;1;1;2;6;582;AUTOROUTE A15;;;;950
201400047633;14;10;6;2025;3;1;1;2;2;78;AUTOROUTE A86;;;;920
201400047634;14;10;6;2140;3;1;1;2;2;27;AUTOROUTE A86;M;4892860;241528;930
201400047635;14;10;8;1010;1;1;1;3;5;18;AUTOROUTE A15;;;;950
201400047636;14;10;7;1030;1;1;1;2;2;582;AUTOROUTE A15;;;;950
201400047637;14;10;7;1030;1;1;1;1;6;53;AUTOROUTE A103;M;4890430;235870;930
201400047638;14;10;7;1110;1;1;1;2;6;394;ROUTE NATIONALE 184;;;;950
201400047639;14;10;8;730;1;1;1;3;2;48;AUTOROUTE A3;M;4887050;243128;930
201400047640;14;10;7;1430;1;1;1;1;3;66;AUTOROUTE A1;M;4891900;235742;930
201400047641;14;10;7;1920;2;1;1;1;6;6;AUTOROUTE A3;M;4886840;242864;930
201400047642;14;10;8;930;1;1;1;3;4;582;AUTOROUTE A15;;;;950
201400047643;14;10;8;1030;1;1;1;2;4;572;AUTOROUTE A15;;;;950
201400047644;14;10;8;2145;3;1;1;3;2;582;AUTOROUTE A15;;;;950
201400047645;14;10;8;1130;1;1;1;2;6;394;AUTOROUTE A115;;;;950
201400047646;14;10;8;1240;1;1;1;2;6;394;AUTOROUTE A115;;;;950
201400047647;14;10;8;1934;4;1;1;3;5;10;AUTOROUTE A3;M;4888950;247391;930
201400047648;14;10;8;2210;4;1;1;2;6;66;AUTOROUTE A1;M;4892380;235723;930
201400047649;14;10;9;34;4;1;1;2;3;10;AUTOROUTE A3;M;4888930;247381;930
201400047650;14;10;9;640;2;1;1;1;4;7;AUTOROUTE A3;M;4892930;248138;930
201400047651;14;10;9;1045;1;1;1;1;3;5;AUTOROUTE A3;M;4896750;247881;930
201400047652;14;10;9;1900;2;1;1;1;5;500;AUTOROUTE A15;;;;950
201400047653;14;10;10;1500;1;1;1;1;6;631;AUTOROUTE A1;;;;600
201400047654;14;10;13;1314;1;1;1;1;6;5;AUTOROUTE A104;M;4897310;248519;930
201400047655;14;10;11;1145;1;1;1;1;7;36;AUTOROUTE A15;;;;920
201400047656;14;10;11;1150;1;1;1;2;3;64;AUTOROUTE A103;M;4888680;247723;930
201400047657;14;10;12;715;3;1;1;1;6;36;AUTOROUTE A86;;;;920
201400047658;14;10;12;1315;1;1;1;1;7;10;AUTOROUTE A86;M;4889110;247348;930
201400047659;14;10;15;1800;1;1;1;1;6;277;A104;M;4897350;248590;950
201400047660;14;10;12;1800;3;1;1;2;7;572;AUTOROUTE A15;;;;950
201400047661;14;10;12;1815;2;1;1;2;4;277;AUTOROUTE A3;;;;950
201400047662;14;10;12;1950;3;1;1;2;7;277;AUTOROUTE A3;;;;950
201400047663;14;10;12;2024;3;1;1;2;4;252;AUTOROUTE A15;;;;950
201400047664;14;10;12;2140;5;1;1;2;6;18;AUTOROUTE A15;;;;950
201400047665;14;10;13;945;1;1;1;1;2;7;AUTOROUTE A3;M;4893220;248099;930
201400047666;14;10;13;1640;1;1;1;1;2;66;AUTOROUTE A1;M;4891930;235757;930
201400047667;14;10;13;1730;1;1;1;1;7;491;AUTOROUTE A115;;;;950
201400047668;14;10;13;1815;1;1;1;1;2;29;AUTOROUTE A86;M;4891880;242869;930
201400047669;14;10;14;940;1;1;1;1;4;18;AUTOROUTE A15;;;;950
201400047670;14;10;15;610;3;1;1;1;2;7;AUTOROUTE A1;M;4894400;243659;930
201400047671;14;10;15;858;1;1;1;1;2;252;AUTOROUTE A15;;;;950
201400047672;14;10;15;1115;1;1;1;1;7;6;AUTOROUTE A3;M;4886450;241293;930
201400047673;14;10;15;1530;1;1;1;2;6;582;BD INTERCOMMUNAL PARISIS;M;4896250;226330;950
201400047674;14;10;16;610;3;1;1;1;3;64;AUTOROUTE A86;M;4886810;248216;930
201400047675;14;10;16;950;1;1;1;1;6;5;AUTOROUTE A3;M;4894590;247660;930
201400047676;14;10;16;1101;1;1;1;1;6;394;AUTOROUTE A115;;;;950
201400047677;14;10;17;1710;1;1;1;1;3;27;AUTOROUTE A86;M;4892080;237196;930
201400047678;14;10;17;2150;4;1;1;1;4;53;AUTOROUTE A3;M;4888350;245873;930
201400047679;14;10;17;530;3;1;1;1;6;36;AUTOROUTE A86;;;;920
201400047680;14;10;17;740;2;1;1;1;6;53;AUTOROUTE A103;M;4890430;235870;930
201400047681;14;10;18;1540;1;1;1;1;7;394;AUTOROUTE A115;;;;950
201400047682;14;10;18;2150;3;1;1;1;1;5;AUTOROUTE A3;M;4894670;247628;930
201400047683;14;10;18;1945;4;1;1;1;4;36;AUTOROUTE A15;;;;920
201400047684;14;10;18;2150;3;1;1;1;6;5;AUTOROUTE A3;M;4894670;247628;930
201400047685;14;10;19;1530;1;1;1;1;6;60;AUTOROUTE A115;;;;950
201400047686;14;10;19;2040;3;1;1;1;3;13;AUTOROUTE A1;M;4893870;241625;930
201400047687;14;10;20;1050;1;1;1;1;4;29;AUTOROUTE A86;M;4892610;242240;930
201400047688;14;10;20;1130;1;1;1;1;6;351;RN 104;;;;950
201400047689;14;10;21;2025;5;1;1;1;3;8;AUTOROUTE A86;M;4889470;247114;930
201400047690;14;10;21;2226;4;1;1;1;6;5;AUTOROUTE A3;M;4894600;247660;930
201400047691;14;10;22;1045;1;1;1;1;4;36;AUTOROUTE A86;;;;920
201400047692;14;10;22;1100;1;1;1;1;4;500;AUTOROUTE A15;;;;950
201400047693;14;10;22;1215;1;1;1;1;6;678;RN 104;;;;950
201400047694;14;10;23;1700;1;1;1;1;4;8;AUTOROUTE A86;M;4890860;245013;930
201400047695;14;10;23;1415;1;1;1;1;4;30;AUTOROUTE A1;M;4893960;242010;930
201400047696;14;10;23;1430;1;1;1;1;3;10;AUTOROUTE A3;M;4888950;247375;930
201400047697;14;10;23;1550;1;1;1;1;4;64;AUTOROUTE A86;M;4888110;247457;930
201400047698;14;10;26;630;3;1;1;1;6;678;ROUTE NATIONALE 184;;;;950
201400047699;14;10;26;750;1;1;1;1;3;8;AUTOROUTE A86;M;4889890;246927;930
201400047700;14;10;26;2345;3;1;1;1;6;18;AUTOROUTE A15;;;;950
201400047701;14;10;28;900;1;1;1;1;3;6;AUTOROUTE A3;M;4886570;241854;930
201400047702;14;10;28;1800;3;1;1;1;4;36;AUTOROUTE A86;;;;920
201400047703;14;10;28;1810;3;1;1;1;4;612;AUTOROUTE A1;;;;600
201400047704;14;10;29;910;1;1;1;1;2;612;AUTOROUTE A1;;;;600
201400047705;14;10;29;700;1;1;1;1;3;5;0, AUTOROUTE A3;;;;930
201400047706;14;10;29;915;1;1;1;1;6;66;AUTOROUTE A1;M;4892990;236350;930
201400047707;14;10;29;2125;4;1;1;1;7;64;AUTOROUTE A86;M;4887810;247678;930
201400047708;14;10;30;645;3;1;1;1;6;53;AUTOROUTE A3;M;4888400;246365;930
201400047709;14;10;30;900;1;1;1;1;6;18;AUTOROUTE A15;;;;950
201400047710;14;10;30;1925;3;1;1;1;5;48;AUTOROUTE A3;M;4887310;243544;930
201400047711;14;10;31;1530;1;1;1;1;6;13;AUTOROUTE A1;M;4893870;241625;930
201400047712;14;10;31;1805;3;1;1;1;4;64;AUTOROUTE A3;M;4888380;246701;930
201400047713;14;10;31;1840;3;1;1;1;4;154;AUTOROUTE A1;;;;950
201400047714;14;10;31;1915;3;1;1;1;4;36;AUTOROUTE A15;;;;920
201400047715;14;10;31;2120;3;1;1;1;1;10;AUTOROUTE A3;M;4888950;247391;930
201400047716;14;11;1;1940;3;1;1;1;5;582;AUTOROUTE A15;;;;950
201400047717;14;11;1;2140;3;1;1;1;5;500;AUTOROUTE A15;;;;950
201400047718;14;11;2;240;3;1;1;1;7;28;RN 104;;;;950
201400047719;14;11;2;1530;1;1;1;1;6;277;AUTOROUTE A3;;;;950
201400047720;14;11;2;1800;2;1;1;1;6;18;AUTOROUTE A15;;;;950
201400047721;14;11;2;2000;3;1;1;1;3;36;AUTOROUTE A15;;;;920
201400047722;14;11;2;2000;4;1;1;2;2;365;RN 104;;;;950
201400047723;14;11;3;250;3;1;1;2;6;53;AUTOROUTE A103;;;;930
201400047724;14;11;3;1220;1;1;1;1;7;18;AUTOROUTE A15;;;;950
201400047725;14;11;3;2120;3;1;1;2;5;53;AUTOROUTE A3;M;4888350;245834;930
201400047726;14;11;4;900;1;1;1;1;6;392;ROUTE NATIONALE 184;;;;950
201400047727;14;11;4;1100;1;1;1;1;6;151;RN 104;;;;950
201400047728;14;11;4;1920;3;1;1;1;2;10;AUTOROUTE A3;M;4888970;247384;930
201400047729;14;11;5;400;3;1;1;1;6;73;AUTOROUTE A104;M;4896920;256777;930
201400047730;14;11;5;800;1;1;1;1;3;5;AUTOROUTE A3;M;4894720;247579;930
201400047731;14;11;4;2000;1;1;1;1;4;572;ROUTE NATIONALE 184;;;;950
201400047732;14;11;5;1750;4;1;1;1;5;78;AUTOROUTE A104;M;4896110;254339;930
201400047733;14;11;5;1440;1;1;1;1;2;6;AUTOROUTE A3;M;4886590;242125;930