num_acc;an;mois;jour;hrmn;lum;agg;int;atm;col;com;adr;gps;lat;long;dep
201400047734;14;11;6;730;1;1;1;1;3;66;AUTOROUTE A86;M;4892190;236552;930
201400047735;14;11;6;815;1;1;1;1;6;219;AUTOROUTE A115;;;;950
201400047736;14;11;6;1245;1;1;1;1;3;527;AUTOROUTE A1;;;;950
201400047737;14;11;6;1750;3;1;1;1;3;10;AUTOROUTE A86;M;4889280;247286;930
201400047738;14;11;7;1015;1;1;1;2;6;572;AUTOROUTE A15;;;;950
201400047739;14;11;7;1700;1;1;1;1;2;63;AUTOROUTE A3;M;4887470;243926;930
201400047740;14;11;8;1100;1;1;1;1;7;631;AUTOROUTE A1;;;;600
201400047741;14;11;9;545;3;1;1;1;4;488;AUTOROUTE A15;;;;950
201400047742;14;11;9;2040;4;1;1;1;6;8;AUTOROUTE A86;M;4889890;246927;930
201400047743;14;11;8;1250;1;1;1;1;4;6;AUTOROUTE A3;M;4886840;242864;930
201400047744;14;11;10;630;4;1;1;1;2;64;AUTOROUTE A86;M;4887070;248247;930
201400047745;14;11;12;100;4;1;1;2;2;488;AUTOROUTE A15;;;;950
201400047746;14;11;12;1500;1;1;1;1;4;527;AUTOROUTE A1;;;;950
201400047747;14;11;12;1540;1;1;1;1;3;48;AUTOROUTE A3;M;4887310;243592;930
201400047748;14;11;12;1815;3;1;1;1;2;8;AUTOROUTE A86;M;4889890;246927;930
201400047749;14;11;12;1830;3;1;1;1;5;1;AUTOROUTE A86;M;4892180;237710;930
201400047750;14;11;12;2030;3;1;1;1;7;6;AUTOROUTE A3;M;4886450;241293;930
201400047751;14;11;13;730;2;1;1;1;7;18;AUTOROUTE A15;;;;950
201400047752;14;11;13;922;1;1;1;1;3;28;RN 104;;;;950
201400047753;14;11;14;250;3;1;1;1;2;203;RD 170;M;4897750;228830;950
201400047754;14;11;14;725;3;1;1;1;2;18;AUTOROUTE A15;;;;950
201400047755;14;11;14;1500;1;1;1;1;3;27;AUTOROUTE A86;M;4892860;241460;930
201400047756;14;11;15;1610;1;1;1;1;2;66;AUTOROUTE A1;M;4892250;235711;930
201400047757;14;11;14;1900;3;1;1;2;6;277;AUTOROUTE A3;;;;950
201400047758;14;11;14;1940;3;1;1;1;3;631;AUTOROUTE A1;;;;600
201400047759;14;11;14;2000;4;1;1;2;3;78;AUTOROUTE A104;M;4896250;254728;930
201400047760;14;11;15;1035;1;1;1;2;2;277;AUTOROUTE A3;;;;950
201400047761;14;11;15;1115;1;1;1;2;2;277;AUTOROUTE A3;;;;950
201400047762;14;11;15;1225;1;1;1;2;6;277;AUTOROUTE A104;;;;950
201400047763;14;11;16;654;4;1;1;1;6;78;AUTOROUTE A104;M;4896340;252130;930
201400047764;14;11;16;930;1;1;1;2;7;36;AUTOROUTE A15;;;;920
201400047765;14;11;16;1620;3;1;1;2;6;66;AUTOROUTE A1;M;4893060;236663;930
201400047766;14;11;16;2030;3;1;1;2;3;582;AUTOROUTE A15;;;;950
201400047767;14;11;17;730;1;1;1;2;4;572;AUTOROUTE A15;;;;950
201400047768;14;11;17;830;1;1;1;2;7;78;AUTOROUTE A104;M;4895900;253602;930
201400047769;14;11;17;900;1;1;1;2;7;10;AUTOROUTE A3;M;4888950;247375;930
201400047770;14;11;17;1730;3;1;1;2;3;27;AUTOROUTE A86;M;4892860;241528;930
201400047771;14;11;17;1945;3;1;1;2;4;78;AUTOROUTE A104;M;4896340;252130;930
201400047772;14;11;18;810;2;1;1;1;2;151;RN 104;;;;950
201400047773;14;11;18;830;1;1;1;1;7;36;AUTOROUTE A86;;;;920
201400047774;14;11;18;840;1;1;1;1;2;42;RN 104;;;;950
201400047775;14;11;18;925;1;1;1;1;6;18;AUTOROUTE A15;;;;950
201400047776;14;11;18;905;1;1;1;2;6;18;AUTOROUTE A15;;;;950
201400047777;14;11;18;1820;2;1;1;2;6;10;AUTOROUTE A3;M;4888930;247381;930
201400047778;14;11;19;830;1;1;1;5;2;42;RN 104;;;;950
201400047779;14;11;19;1940;3;1;1;1;3;64;AUTOROUTE A3;M;4888380;246701;930
201400047780;14;11;19;1810;3;1;1;1;2;18;AUTOROUTE A15;;;;950
201400047781;14;11;19;1840;3;1;1;1;4;78;AUTOROUTE A104;M;4896150;254460;930
201400047782;14;11;20;2046;3;1;1;1;6;582;AUTOROUTE A15;;;;950
201400047783;14;11;20;2045;5;1;1;2;6;582;AUTOROUTE A15;;;;950
201400047784;14;11;21;1245;1;1;1;1;5;27;AUTOROUTE A86;;;;930
201400047785;14;11;21;840;1;1;1;1;2;582;AUTOROUTE A15;;;;950
201400047786;14;11;21;1100;1;1;1;1;6;424;AUTOROUTE A15;;;;950
201400047787;14;11;24;800;1;1;1;1;5;64;AUTOROUTE A86;M;4888350;246961;930
201400047788;14;11;22;1315;1;1;1;1;5;10;AUTOROUTE A3;M;4888740;247411;930
201400047789;14;11;22;1640;2;1;1;1;6;8;AUTOROUTE A86;M;4890570;246307;930
201400047790;14;11;22;2030;3;1;1;1;2;36;AUTOROUTE A86;;;;920
201400047791;14;11;22;2055;4;1;1;1;2;8;AUTOROUTE A86;M;4889470;247114;930
201400047792;14;11;23;1130;1;1;1;1;7;66;AUTOROUTE A86;M;4892200;236281;930
201400047793;14;11;23;1845;3;1;1;1;4;500;AUTOROUTE A15;;;;950
201400047794;14;11;24;905;1;1;1;2;2;78;AUTOROUTE A104;M;4897150;249691;930
201400047795;14;11;24;1025;1;1;1;1;5;66;AUTOROUTE A1;M;4890210;235866;930
201400047796;14;11;25;10;3;1;1;2;2;365;RN 104;;;;950
201400047797;14;11;26;600;3;1;1;2;2;8;AUTOROUTE A86;M;4889860;246958;930
201400047798;14;11;26;745;3;1;1;2;2;582;AUTOROUTE A15;;;;950
201400047799;14;11;27;1110;1;1;1;2;6;18;AUTOROUTE A15;;;;950
201400047800;14;11;27;1130;1;1;1;1;2;7;AUTOROUTE A1;M;4895490;245734;930
201400047801;14;11;27;1830;3;1;1;1;3;241;RN 104;;;;950
201400047802;14;11;27;2000;3;1;1;1;5;10;AUTOROUTE A3;M;4888930;247381;930
201400047803;14;11;27;1320;1;1;1;1;7;241;RN 104;;;;950
201400047804;14;11;27;1915;3;1;1;1;3;582;AUTOROUTE A15;;;;950
201400047805;14;11;27;1945;5;1;1;1;4;78;, AUTOROUTE A86;;;;920
201400047806;14;11;28;800;1;1;1;1;4;5;AUTOROUTE A3;M;4895640;247328;930
201400047807;14;11;28;840;1;1;1;1;6;66;AUTOROUTE A86;M;4892210;235877;930
201400047808;14;11;28;900;1;1;1;1;2;64;AUTOROUTE A86;M;4886810;248216;930
201400047809;14;11;28;1220;1;1;1;1;6;64;PK 28.800, AUTOROUTE A86;;;;930
201400047810;14;11;28;1815;3;1;1;1;5;488;AUTOROUTE A15;;;;950
201400047811;14;11;28;1930;3;1;1;1;6;66;AUTOROUTE A1;M;4893230;237311;930
201400047812;14;12;1;750;2;1;1;1;6;582;AUTOROUTE A15;;;;950
201400047813;14;12;1;835;1;1;1;1;2;78;AUTOROUTE A86;;;;920
201400047814;14;12;1;1744;3;1;1;1;4;27;AUTOROUTE A1;;;;930
201400047815;14;12;1;1900;3;1;1;2;2;6;AUTOROUTE A3;;;;930
201400047816;14;12;1;1900;4;1;1;8;3;36;AUTOROUTE A15;;;;920
201400047817;14;12;2;810;1;1;1;1;3;66;AUTOROUTE A1;;;;930
201400047818;14;12;2;935;1;1;1;1;5;66;AUTOROUTE A1;;;;930
201400047819;14;12;3;345;4;1;1;1;7;66;AUTOROUTE A1;;;;930
201400047820;14;12;3;640;3;1;1;1;4;277;AUTOROUTE A3;;;;950
201400047821;14;12;3;850;1;1;1;8;4;18;AUTOROUTE A15;;;;950
201400047822;14;12;3;1745;3;1;1;1;2;527;AUTOROUTE A3;;;;950
201400047823;14;12;4;2120;4;1;1;2;4;582;AUTOROUTE A15;;;;950
201400047824;14;12;5;300;3;1;1;1;6;78;AUTOROUTE A104;;;;930
201400047825;14;12;5;1940;3;1;1;1;6;64;AUTOROUTE A86;;;;930
201400047826;14;12;6;630;3;1;1;1;6;5;AUTOROUTE A3;;;;930
201400047827;14;12;6;1210;1;1;1;1;3;64;AUTOROUTE A86;;;;930
201400047828;14;12;7;530;4;1;1;1;6;36;AUTOROUTE A86;;;;920
201400047829;14;12;7;815;2;1;1;9;6;365;RN 104;;;;950
201400047830;14;12;7;815;2;1;1;1;6;365;RN 104;;;;950
201400047831;14;12;7;1600;1;1;1;2;2;27;AUTOROUTE A86;;;;930
201400047832;14;12;7;1500;1;1;1;1;3;6;AUTOROUTE A3;;;;930
201400047833;14;12;7;2120;3;1;1;2;6;582;BD INTERCOMMUNAL PARISIS;M;4896840;227470;950
201400047834;14;12;7;2212;4;1;1;1;7;53;AUTOROUTE A103;;;;930
201400047835;14;12;7;2315;3;1;1;2;7;527;AUTOROUTE A1;;;;950
201400047836;14;12;8;1000;1;1;1;1;2;63;AUTOROUTE A3;;;;930
201400047837;14;12;8;1315;1;1;1;2;6;7;AUTOROUTE A1;;;;930
201400047838;14;12;8;1815;5;1;1;1;3;29;AUTOROUTE A86;;;;930
201400047839;14;12;9;1420;1;1;1;1;6;582;AUTOROUTE A115;;;;950
201400047840;14;12;10;1530;1;1;1;3;3;252;AUTOROUTE A115;;;;950
201400047841;14;12;9;1700;1;1;1;1;2;241;RN 104;;;;950
201400047842;14;12;10;620;2;1;1;2;4;64;AUTOROUTE A86;;;;930
201400047843;14;12;10;930;1;1;1;2;2;27;AUTOROUTE A1;;;;930
201400047844;14;12;10;2015;3;1;1;8;2;66;AUTOROUTE A1;;;;930
201400047845;14;12;10;1545;1;1;1;2;6;18;AUTOROUTE A15;;;;950
201400047846;14;12;11;2315;4;1;1;1;3;36;AUTOROUTE A86;;;;920
201400047847;14;12;12;110;3;1;1;1;6;212;RN 104;;;;950
201400047848;14;12;12;1120;1;1;1;2;3;8;AUTOROUTE A86;;;;930
201400047849;14;12;12;2300;3;1;1;2;6;527;AUTOROUTE A1;;;;950
201400047850;14;12;13;140;3;1;1;3;6;10;AUTOROUTE A3;;;;930
201400047851;14;12;13;200;3;1;1;2;6;1;AUTOROUTE A86;;;;930
201400047852;14;12;13;320;3;1;1;2;6;8;AUTOROUTE A86;;;;930
201400047853;14;12;13;1535;1;1;1;3;6;277;AUTOROUTE A104;M;4897330;248550;950
201400047854;14;12;14;825;3;1;1;5;6;28;RN 104;;;;950
201400047855;14;12;14;1320;1;1;1;1;6;277;AUTOROUTE A3;;;;950
201400047856;14;12;14;1540;1;1;1;5;6;78;AUTOROUTE A104;;;;930
201400047857;14;12;14;1750;2;1;1;1;4;154;AUTOROUTE A1;;;;950
201400047858;14;12;14;1845;3;1;1;2;5;78;AUTOROUTE A104;;;;930
201400047859;14;12;15;1200;1;1;1;1;7;27;AUTOROUTE A86;;;;930
201400047860;14;12;15;1900;3;1;1;1;3;36;AUTOROUTE A86;;;;920
201400047861;14;12;15;2215;3;1;1;2;6;66;AUTOROUTE A1;;;;930
201400047862;14;12;15;2330;3;1;1;2;6;582;AUTOROUTE A15;;;;950
201400047863;14;12;16;920;1;1;1;2;6;78;AUTOROUTE A104;;;;930
201400047864;14;12;16;930;1;1;1;1;2;42;RN 104;;;;950
201400047865;14;12;16;1000;1;1;1;2;2;36;AUTOROUTE A15;;;;920
201400047866;14;12;16;1140;1;1;1;1;6;63;AUTOROUTE A3;;;;930
201400047867;14;12;16;1250;1;1;1;2;2;66;AUTOROUTE A1;;;;930
201400047868;14;12;17;730;1;1;1;2;2;252;AUTOROUTE A115;;;;950
201400047869;14;12;17;900;1;1;1;2;2;612;AUTOROUTE A1;;;;600
201400047870;14;12;17;2140;4;1;1;3;6;394;AUTOROUTE A115;;;;950
201400047871;14;12;18;120;5;1;1;2;2;78;AUTOROUTE A86;;;;920
201400047872;14;12;18;700;3;1;1;2;6;27;AUTOROUTE A86;;;;930
201400047873;14;12;19;1230;1;1;1;2;6;527;AUTOROUTE A3;;;;950
201400047874;14;12;19;1330;1;1;1;2;2;18;AUTOROUTE A15;;;;950
201400047875;14;12;20;1600;1;1;1;1;2;66;AUTOROUTE A1;;;;930
201400047876;14;12;20;2225;3;1;1;1;6;36;AUTOROUTE A15;;;;920
201400047877;14;12;21;50;3;1;1;1;6;6;AUTOROUTE A3;;;;930
201400047878;14;12;21;454;3;1;1;1;2;7;AUTOROUTE A1;;;;930
201400047879;14;12;22;230;4;1;1;1;6;394;ROUTE NATIONALE 184;;;;950
201400047880;14;12;22;1615;1;1;1;1;3;63;AUTOROUTE A3;;;;930
201400047881;14;12;22;1900;5;1;1;1;2;78;AUTOROUTE A86;;;;920
201400047882;14;12;23;1700;1;1;1;1;2;500;AUTOROUTE A15;;;;950
201400047883;14;12;24;155;3;1;1;1;3;64;AUTOROUTE A3;;;;930
201400047884;14;12;24;1640;1;1;1;2;7;252;AUTOROUTE A115;;;;950
201400047885;14;12;24;2055;3;1;1;2;6;394;AUTOROUTE A115;;;;950
201400047886;14;12;25;930;1;1;1;1;4;5;AUTOROUTE A3;;;;930
201400047887;14;12;26;1630;1;1;1;1;2;306;AUTOROUTE A15;;;;950
201400047888;14;12;27;140;4;1;1;3;7;78;AUTOROUTE A86;;;;920
201400047889;14;12;27;840;1;1;1;2;6;527;AUTOROUTE A1;;;;950
201400047890;14;12;27;1115;1;1;1;1;6;277;RD 170;M;4897350;248520;950
201400047891;14;12;27;1150;1;1;1;2;6;78;AUTOROUTE A86;;;;920
201400047892;14;12;27;2120;4;1;1;1;6;277;AUTOROUTE A3;;;;950
201400047893;14;12;27;2200;4;1;1;2;7;256;ROUTE NATIONALE 184;;;;950
201400047894;14;12;27;2330;3;1;1;8;2;5;AUTOROUTE A3;;;;930
201400047895;14;12;28;20;3;1;1;1;2;27;AUTOROUTE A1;;;;930
201400047896;14;12;28;400;3;1;1;1;6;8;AUTOROUTE A86;;;;930
201400047897;14;12;28;1949;3;1;1;1;6;60;AUTOROUTE A115;;;;950
201400047898;14;12;28;1600;1;1;1;1;6;365;RN 104;;;;950
201400047899;14;12;30;1145;1;1;1;1;2;66;AUTOROUTE A1;;;;930
201400047900;14;12;30;2135;3;1;1;1;2;64;AUTOROUTE A86;;;;930
201400047901;14;12;31;1645;1;1;1;1;3;6;AUTOROUTE A3;;;;930
201400047902;14;12;31;1800;3;1;1;1;6;28;RN 104;;;;950
201400047903;14;12;31;2200;3;1;1;1;2;277;RD 170;M;4897590;248240;950
201400047904;14;7;21;15;3;1;1;1;4;10;AUTOROUTE A3;M;4888950;247391;930
201400047905;14;8;15;130;3;1;1;1;6;582;AUTOROUTE A15;;;;950
201400047906;14;9;21;1;3;1;1;1;6;256;AUTOROUTE A115;;;;950
201400047907;14;10;7;435;3;1;1;2;7;27;AUTOROUTE A86;M;4892860;241528;930
201400047908;14;10;19;2200;3;1;1;1;2;27;AUTOROUTE A1;M;4893580;240348;930
201400047909;14;12;1;10;3;1;1;1;6;10;AUTOROUTE A3;;;;930
201400047910;14;12;11;2150;3;1;1;1;5;66;AUTOROUTE A1;;;;930
201400047911;14;12;21;2230;3;1;1;1;6;678;ROUTE NATIONALE 184;;;;950
201400047912;14;1;2;750;3;1;1;1;6;63;A86;;;;920
201400047913;14;1;2;1138;1;1;1;1;4;64;A13;;;;920
201400047914;14;1;5;1530;1;1;1;1;2;118;A13;;;;780
201400047915;14;1;6;845;1;1;1;1;5;12;A13;;;;920
201400047916;14;1;6;1130;1;1;1;1;2;640;A86 INT;;;;780
201400047917;14;1;7;915;1;1;1;1;7;64;A13;;;;920
201400047918;14;1;7;1640;1;1;1;1;4;646;RN12;;;;780
201400047919;14;1;8;1915;3;1;1;2;4;640;N118;;;;780
201400047920;14;1;9;809;3;1;1;8;3;36;A86;;;;920
201400047921;14;1;9;905;1;1;1;1;4;7;A13 Y;;;;780
201400047922;14;1;10;810;2;1;1;1;4;25;A86;;;;920
201400047923;14;1;12;548;3;1;1;5;2;25;A86;;;;920
201400047924;14;1;14;900;5;1;1;1;2;63;A86;;;;920
201400047925;14;1;14;830;1;1;1;1;2;362;A13;;;;780
201400047926;14;1;14;947;1;1;1;2;5;64;A13;;;;920
201400047927;14;1;14;1057;1;1;1;8;7;47;A13;;;;920
201400047928;14;1;14;2055;3;1;1;1;2;466;A13;;;;780
201400047929;14;1;15;850;1;1;1;1;5;466;A13;;;;780
201400047930;14;1;16;755;3;1;1;3;2;43;A12 W;;;;780
201400047931;14;1;17;1425;1;1;1;1;5;118;A13;;;;780
201400047932;14;1;17;1850;4;1;1;1;2;423;RN12;;;;780
201400047933;14;1;20;758;1;1;1;1;5;490;RN12 EXT;;;;780
201400047934;14;1;20;1745;3;1;1;1;7;25;A86;;;;920
201400047935;14;1;20;1845;3;1;1;1;2;640;N118;;;;780
201400047936;14;1;20;2030;3;1;1;1;6;47;A13;;;;920
201400047937;14;1;21;755;2;1;1;5;3;36;A86;;;;920
201400047938;14;1;22;1330;1;1;1;2;3;551;A14;;;;780
201400047939;14;1;24;930;1;1;1;2;7;466;A13;;;;780
201400047940;14;1;24;1650;1;1;1;1;3;51;RN13;;;;920
201400047941;14;1;24;2305;3;1;1;1;2;206;A13;;;;780
201400047942;14;1;26;2220;4;1;1;8;7;36;A86;;;;920
201400047943;14;1;28;1330;1;1;1;8;2;50;A86;;;;920
201400047944;14;1;30;21;3;1;1;1;2;43;A12 Y;;;;780
201400047945;14;1;31;1838;3;1;1;8;2;73;A12 Y;;;;780
201400047946;14;2;1;1230;1;1;1;1;7;206;A13;;;;780
201400047947;14;2;1;1600;1;1;1;1;2;402;A13;;;;780
201400047948;14;2;1;1735;1;1;1;1;4;25;A86;;;;920
201400047949;14;2;4;845;1;1;1;1;3;25;A86;;;;920
201400047950;14;2;4;846;1;1;1;1;5;571;A13;;;;780
201400047951;14;2;5;1500;1;1;1;1;7;7;A13W;;;;780
201400047952;14;2;5;1518;1;1;1;1;2;133;A13;;;;780
201400047953;14;2;6;920;1;1;1;1;2;640;N118;;;;780
201400047954;14;2;8;1630;1;1;1;6;7;466;A13;;;;780
201400047955;14;2;9;550;2;1;1;1;5;217;A13;;;;780
201400047956;14;2;9;1200;1;1;1;1;5;140;A13;;;;780
201400047957;14;2;12;645;3;1;4;1;7;43;A12 Y;;;;780
201400047958;14;2;12;905;1;1;1;1;5;158;A13;;;;780
201400047959;14;2;13;1150;1;1;1;8;6;72;N118;;;;920
201400047960;14;2;13;1830;3;1;1;2;6;490;RN12 EXT;;;;780
201400047961;14;2;14;1845;1;1;1;1;7;29;A13W;;;;780
201400047962;14;2;14;2000;3;1;1;1;3;36;A86;;;;920
201400047963;14;2;16;705;3;1;1;1;5;571;A13;;;;780
201400047964;14;2;17;2110;5;1;1;1;7;29;A13W;;;;780
201400047965;14;2;18;720;1;1;1;1;2;72;N118;;;;920
201400047966;14;2;18;2105;5;1;1;1;6;133;A14;;;;780
201400047967;14;2;20;850;1;1;1;2;2;73;RN12 INT;;;;780
201400047968;14;2;20;1850;3;1;1;2;4;640;A86 EXT;;;;780
201400047969;14;2;20;2348;3;1;1;2;6;72;N118;;;;920
201400047970;14;2;21;705;3;1;1;2;6;48;N118;;;;920
201400047971;14;2;21;1545;1;1;1;1;3;64;A13;;;;920
201400047972;14;2;21;1950;4;1;1;1;3;48;N118;;;;920
201400047973;14;2;24;2320;5;1;1;1;6;646;NON UTILISEE;;;;780
201400047974;14;2;25;750;1;1;1;2;7;25;A86;;;;920
201400047975;14;2;25;1220;1;1;1;1;5;51;RN13;;;;920
201400047976;14;2;26;1701;1;1;1;1;4;116;A13Y;;;;750
201400047977;14;2;26;1720;1;1;1;1;4;62;A14;;;;920
201400047978;14;2;26;2105;3;1;1;2;3;36;A86;;;;920
201400047979;14;2;27;810;1;1;1;3;4;672;A13;;;;780
201400047980;14;2;27;830;1;1;1;2;2;47;A13;;;;920
201400047981;14;2;27;1610;1;1;1;1;7;646;RN12;;;;780
201400047982;14;2;28;955;1;1;1;2;7;50;A86;;;;920
201400047983;14;2;28;1610;1;1;1;1;2;116;A13Y;;;;750
201400047984;14;3;2;1935;4;1;1;1;2;116;A13W;;;;750
201400047985;14;3;4;657;2;1;1;1;3;242;A12 W;;;;780
201400047986;14;3;5;930;1;1;1;1;5;48;N118;;;;920
201400047987;14;3;5;900;1;1;1;1;5;242;A12 W;;;;780
201400047988;14;3;5;1530;1;1;1;7;7;640;N118;;;;780
201400047989;14;3;7;2020;3;1;1;1;2;90;A13;;;;780
201400047990;14;3;8;1715;1;1;1;1;5;64;A13;;;;920
201400047991;14;3;10;745;1;1;1;1;2;47;A13;;;;920
201400047992;14;3;10;815;1;1;1;1;2;423;RN12 EXT;;;;780
201400047993;14;3;11;920;1;1;1;1;4;418;A14;;;;780
201400047994;14;3;11;1640;5;1;1;1;7;50;A14;;;;920
201400047995;14;3;11;2342;3;1;1;1;7;545;A12 Y;;;;780
201400047996;14;3;12;915;1;1;1;1;2;50;RD914 W;;;;920
201400047997;14;3;12;1520;1;1;1;1;7;51;N13;;;;920
201400047998;14;3;13;930;1;1;1;1;5;64;A13;;;;920
201400047999;14;3;13;1230;1;1;1;1;2;73;RN12 INT;;;;780
201400048000;14;3;14;1830;1;1;1;1;3;640;N118;;;;780
201400048001;14;3;14;2300;5;1;1;1;4;64;A13;;;;920
201400048002;14;3;16;1200;1;1;1;1;6;43;A13W;;;;780
201400048003;14;3;16;1640;1;1;1;1;3;64;A13;;;;920
201400048004;14;3;17;850;1;1;1;1;7;64;A13;;;;920
201400048005;14;3;17;2100;3;1;1;1;2;48;N118;;;;920
201400048006;14;3;19;829;1;1;1;1;1;291;A13;;;;780
201400048007;14;3;19;1305;1;1;1;1;2;640;N118;;;;780
201400048008;14;3;19;1835;1;1;1;1;3;25;A86;;;;920
201400048009;14;3;20;720;1;1;1;7;7;402;A13;;;;780
201400048010;14;3;20;825;1;1;1;1;3;50;A14;;;;920
201400048011;14;3;20;1745;1;1;1;1;2;50;A14;;;;920
201400048012;14;3;21;2310;3;1;1;1;7;571;A13;;;;780
201400048013;14;3;21;2315;5;1;1;1;7;50;A86;;;;920
201400048014;14;3;22;2340;3;1;1;1;2;29;A13Y;;;;780
201400048015;14;3;23;32;4;1;1;1;6;646;RN12;;;;780
201400048016;14;3;23;1635;1;1;1;1;6;50;A86;;;;920
201400048017;14;3;24;2120;3;1;1;1;6;217;A13;;;;780
201400048018;14;3;24;2120;3;1;1;1;2;217;A13;;;;780
201400048019;14;3;25;900;1;1;1;2;2;524;A13;;;;780
201400048020;14;3;25;1128;1;1;1;2;5;48;N118;;;;920
201400048021;14;3;25;1450;1;1;1;2;7;242;A12 W;;;;780
201400048022;14;3;26;1615;1;1;1;8;3;490;RN12 INT;;;;780
201400048023;14;3;26;1828;1;1;1;1;2;233;A13;;;;780
201400048024;14;3;27;1854;1;1;1;1;2;217;A13;;;;780
201400048025;14;3;28;805;1;1;1;1;3;524;A13;;;;780
201400048026;14;3;28;900;1;1;1;1;2;12;A13;;;;920
201400048027;14;3;28;928;1;1;1;1;4;64;A13;;;;920
201400048028;14;3;28;1805;1;1;1;1;4;140;A13;;;;780
201400048029;14;3;28;1830;1;1;1;1;3;646;RN12;;;;780
201400048030;14;3;31;150;3;1;1;1;5;466;A13;;;;780
201400048031;14;3;31;1520;1;1;1;1;2;4;RN315 Y;;;;920
201400048032;14;4;1;740;1;1;1;1;2;47;A13;;;;920
201400048033;14;4;1;1912;1;1;1;1;5;43;A12 W;;;;780
201400048034;14;4;2;1944;1;1;1;1;5;4;RN315 Y;;;;920
201400048035;14;4;2;750;1;1;9;1;2;50;A86;;;;920
201400048036;14;4;2;804;1;1;1;1;5;51;RN13;;;;920
201400048037;14;4;2;1750;1;1;1;1;7;72;N118;;;;920
201400048038;14;4;4;925;1;1;1;1;2;47;A13;;;;920
201400048039;14;4;5;1405;1;1;1;1;5;47;A13;;;;920
201400048040;14;4;7;715;2;1;1;5;2;133;A13;;;;780
201400048041;14;4;7;725;1;1;1;1;2;36;A86;;;;920
201400048042;14;4;7;740;1;1;1;1;2;36;A86;;;;920
201400048043;14;4;7;810;1;1;1;1;2;431;A13;;;;780
201400048044;14;4;7;900;1;1;1;1;6;72;N118;;;;920
201400048045;14;4;8;1202;1;1;1;1;5;25;A86;;;;920
201400048046;14;4;9;820;1;1;1;1;3;62;RN1014 W;;;;920
201400048047;14;4;9;2120;4;1;1;1;6;43;A13Y;;;;780
201400048048;14;4;10;935;1;1;1;1;3;36;A86;;;;920
201400048049;14;4;11;1430;1;1;1;1;3;217;A13;;;;780
201400048050;14;4;11;1620;1;1;1;1;1;72;N118;;;;920
201400048051;14;4;11;1815;1;1;1;1;2;64;A13;;;;920
201400048052;14;4;11;1815;1;1;1;1;5;64;A13;;;;920
201400048053;14;4;12;1330;1;1;1;1;6;545;A12 W;;;;780
201400048054;14;4;12;1452;1;1;1;1;5;455;A13;;;;780
201400048055;14;4;12;1800;1;1;1;1;7;133;A13;;;;780
201400048056;14;4;12;2212;3;1;1;1;2;646;RN12;;;;780
201400048057;14;4;13;1856;1;1;1;1;6;126;A13;;;;780
201400048058;14;4;13;2110;3;1;1;1;6;60;RN385;;;;920
201400048059;14;4;14;1930;1;1;1;1;2;62;RN1014 W;;;;920
201400048060;14;4;15;805;1;1;1;1;4;208;RN12 EXT;;;;780
201400048061;14;4;15;1627;1;1;1;7;5;73;RN12 INT;;;;780
201400048062;14;4;15;2022;1;1;1;1;5;36;RN315 W;;;;920
201400048063;14;4;16;2225;4;1;1;1;2;233;A13;;;;780
201400048064;14;4;16;954;1;1;1;1;6;490;RN12 INT;;;;780
201400048065;14;4;16;1730;1;1;1;1;5;36;RN315 Y;;;;920
201400048066;14;4;18;1220;1;1;1;1;6;402;A13;;;;780
201400048067;14;4;19;2040;1;1;1;1;6;466;A13;;;;780
201400048068;14;4;21;2314;3;1;1;1;2;640;A86 EXT;;;;780
201400048069;14;4;22;1315;1;1;1;1;7;640;N118;;;;780
201400048070;14;4;24;1900;1;1;1;1;2;297;RN12;;;;780
201400048071;14;4;25;1715;5;1;1;1;2;50;A14;;;;920
201400048072;14;4;25;1755;1;1;1;1;4;73;A12 Y;;;;780
201400048073;14;4;26;1110;1;1;1;2;7;498;A13;;;;780
201400048074;14;4;26;1225;1;1;1;2;6;423;A12 W;;;;780
201400048075;14;4;26;1443;1;1;1;2;6;126;A13;;;;780
201400048076;14;4;27;610;5;1;1;2;2;50;A14;;;;920
201400048077;14;4;27;702;1;1;1;1;6;25;A86;;;;920
201400048078;14;4;27;725;2;1;1;2;6;423;RN12;;;;780
201400048079;14;4;27;1600;1;1;1;1;6;640;A86 EXT;;;;780
201400048080;14;4;29;545;2;1;1;1;2;50;A86;;;;920
201400048081;14;4;29;1904;1;1;1;2;2;646;RN12;;;;780
201400048082;14;4;29;2000;2;1;1;2;4;36;A86;;;;920
201400048083;14;4;30;1418;1;1;1;1;5;423;RN12;;;;780
201400048084;14;4;30;1751;1;1;1;1;4;36;RN315 W;;;;920
201400048085;14;4;30;2030;2;1;1;1;2;51;RN13;;;;920
201400048086;14;5;1;100;1;1;1;1;6;466;A13;;;;780
201400048087;14;5;1;1215;5;1;1;2;7;64;A13;;;;920
201400048088;14;5;1;1307;1;1;1;2;6;362;A13;;;;780
201400048089;14;5;2;2019;3;1;1;2;6;50;A86;;;;920
201400048090;14;5;2;810;1;1;1;1;7;545;A12 Y;;;;780
201400048091;14;5;3;1500;1;1;1;1;2;25;A86;;;;920
201400048092;14;5;3;2028;1;1;1;1;6;431;A13;;;;780
201400048093;14;5;3;2040;1;1;1;1;6;297;RN12;;;;780
201400048094;14;5;4;2000;1;1;1;1;7;124;SE A14;;;;780
201400048095;14;5;5;435;3;1;1;1;2;90;A13;;;;780
201400048096;14;5;5;757;1;1;1;1;5;43;A12 W;;;;780
201400048097;14;5;5;1636;1;1;1;1;2;25;A86;;;;920
201400048098;14;5;6;738;1;1;1;1;3;524;A13;;;;780
201400048099;14;5;6;950;1;1;1;1;2;423;RN12 EXT;;;;780
201400048100;14;5;7;800;1;1;1;8;7;238;A13;;;;780
201400048101;14;5;7;1505;1;1;1;2;4;362;A13;;;;780
201400048102;14;5;7;1726;1;1;1;1;3;640;A86 INT;;;;780
201400048103;14;5;9;850;1;1;1;1;7;423;RN12;;;;780