num_acc;an;mois;jour;hrmn;lum;agg;int;atm;col;com;adr;gps;lat;long;dep
201400048104;14;5;9;1025;1;1;1;1;4;466;A13;;;;780
201400048105;14;5;9;1225;1;1;1;1;6;62;RN1013;;;;920
201400048106;14;5;9;1405;1;1;1;1;7;50;A86;;;;920
201400048107;14;5;12;1915;1;1;1;1;4;640;N118;;;;780
201400048108;14;5;12;820;1;1;1;1;2;62;A14;;;;920
201400048109;14;5;12;1645;1;1;1;2;5;25;A86;;;;920
201400048110;14;5;13;750;1;1;9;1;4;208;RN12 EXT;;;;780
201400048111;14;5;14;1920;1;1;1;1;5;50;A86;;;;920
201400048112;14;5;14;1900;1;1;1;1;2;646;RN12;;;;780
201400048113;14;5;15;1620;1;1;1;1;2;64;A13;;;;920
201400048114;14;5;15;1658;1;1;1;1;2;25;A86;;;;920
201400048115;14;5;15;1906;1;1;1;1;5;133;A13;;;;780
201400048116;14;5;15;2000;1;1;1;1;5;133;A13;;;;780
201400048117;14;5;16;552;2;1;1;1;2;206;A13;;;;780
201400048118;14;5;16;2100;1;1;1;1;6;466;A13;;;;780
201400048119;14;5;18;905;1;1;1;1;6;646;RN12;;;;780
201400048120;14;5;19;915;1;1;1;1;2;640;A86 EXT;;;;780
201400048121;14;5;19;950;1;1;1;1;3;242;A12 W;;;;780
201400048122;14;5;19;1805;1;1;1;1;7;25;A86;;;;920
201400048123;14;5;20;910;1;1;1;1;2;36;A86;;;;920
201400048124;14;5;21;1420;1;1;1;2;4;297;RN12;;;;780
201400048125;14;5;21;1830;1;1;9;2;5;140;A13;;;;780
201400048126;14;5;21;2020;1;1;1;3;2;64;A13;;;;920
201400048127;14;5;23;402;3;1;1;1;2;48;N118;;;;920
201400048128;14;5;15;100;1;1;1;1;6;12;A13;;;;920
201400048129;14;5;23;757;1;1;1;1;2;490;RN12 INT;;;;780
201400048130;14;5;24;1530;1;1;1;2;2;140;A13;;;;780
201400048131;14;5;25;1640;1;1;1;1;2;36;A86;;;;920
201400048132;14;5;26;1410;1;1;1;1;2;50;A86;;;;920
201400048133;14;5;27;735;1;1;1;1;3;490;RN12 INT;;;;780
201400048134;14;5;28;913;1;1;1;1;4;50;A86;;;;920
201400048135;14;5;28;1900;1;1;1;2;7;466;A13;;;;780
201400048136;14;5;29;1930;1;1;1;2;5;206;A13;;;;780
201400048137;14;5;28;2030;1;1;1;3;5;233;A13;;;;780
201400048138;14;5;30;1630;1;1;1;1;2;36;A86;;;;920
201400048139;14;6;2;455;3;1;1;8;6;140;A13;;;;780
201400048140;14;6;2;730;1;1;1;1;3;48;N118;;;;920
201400048141;14;6;2;846;1;1;1;1;7;43;A13W;;;;780
201400048142;14;6;2;1825;1;1;1;1;6;50;A86;;;;920
201400048143;14;6;3;815;1;1;1;1;6;466;A13;;;;780
201400048144;14;6;3;1645;1;1;1;1;6;72;N118;;;;920
201400048145;14;6;6;900;1;1;1;1;2;423;RN12 EXT;;;;780
201400048146;14;6;6;941;1;1;1;1;5;64;A13;;;;920
201400048147;14;6;7;715;1;1;1;1;2;50;A86;;;;920
201400048148;14;6;10;2130;1;1;1;1;2;116;A13W;;;;750
201400048149;14;6;12;640;1;1;1;1;6;47;A13;;;;920
201400048150;14;6;12;900;1;1;1;1;2;36;RN315 W;;;;920
201400048151;14;6;13;645;1;1;1;1;2;73;A12 Y;;;;780
201400048152;14;6;14;1726;1;1;1;1;6;117;RN12;;;;780
201400048153;14;6;15;1825;1;1;1;1;2;50;A86;;;;920
201400048154;14;6;16;1801;1;1;1;1;4;455;A13;;;;780
201400048155;14;6;17;600;1;1;9;1;3;29;A13W;;;;780
201400048156;14;6;17;815;1;1;1;8;2;140;A13;;;;780
201400048157;14;6;17;1708;1;1;1;1;3;117;RN12;;;;780
201400048158;14;6;17;2355;5;1;1;1;2;4;RN315 Y;;;;920
201400048159;14;6;18;1234;1;1;1;1;7;498;A13;;;;780
201400048160;14;6;19;1850;1;1;1;1;7;25;A86;;;;920
201400048161;14;6;19;1955;1;1;1;1;2;36;A86;;;;920
201400048162;14;6;20;1853;1;1;1;1;5;466;A13;;;;780
201400048163;14;6;20;2040;2;1;1;7;2;90;A13;;;;780
201400048164;14;6;21;2030;1;1;9;1;7;90;A13;;;;780
201400048165;14;6;23;715;1;1;1;1;2;466;A13;;;;780
201400048166;14;6;23;750;1;1;1;1;3;50;A86;;;;920
201400048167;14;6;23;805;1;1;1;1;2;672;A13;;;;780
201400048168;14;6;24;940;1;1;1;1;4;64;A13;;;;920
201400048169;14;6;24;1500;1;1;1;1;2;50;A86;;;;920
201400048170;14;6;24;1925;1;1;1;1;5;322;RN12;;;;780
201400048171;14;6;24;1030;1;1;1;1;6;48;N118;;;;920
201400048172;14;6;25;1944;1;1;1;1;3;47;A13;;;;920
201400048173;14;6;26;750;1;1;1;1;3;76;A13;;;;920
201400048174;14;6;26;1030;1;1;1;1;2;402;A13;;;;780
201400048175;14;6;26;2145;5;1;1;9;6;62;RN1013;;;;920
201400048176;14;6;22;1906;1;1;1;1;7;322;A86 EXT;;;;780
201400048177;14;6;27;1830;1;1;1;1;7;133;A13;;;;780
201400048178;14;6;28;535;2;1;1;1;2;90;A13;;;;780
201400048179;14;6;28;1550;1;1;1;2;3;206;A13;;;;780
201400048180;14;6;28;1840;1;1;1;2;6;402;A13;;;;780
201400048181;14;6;29;510;4;1;1;3;7;50;A86;;;;920
201400048182;14;6;29;815;2;1;1;8;6;50;A86;;;;920
201400048183;14;6;29;1240;1;1;1;2;7;116;A13Y;;;;750
201400048184;14;7;1;110;3;1;1;1;3;640;RN12 INT;;;;780
201400048185;14;7;2;1850;1;1;1;1;3;640;A86 EXT;;;;780
201400048186;14;7;3;800;1;1;1;1;3;50;A86;;;;920
201400048187;14;7;3;1054;1;1;1;1;4;62;RN1014 W;;;;920
201400048188;14;7;4;512;2;1;1;1;6;140;A13;;;;780
201400048189;14;7;4;910;1;1;1;1;3;36;A86;;;;920
201400048190;14;7;6;815;1;1;1;1;6;362;A13;;;;780
201400048191;14;7;6;1229;1;1;1;2;6;48;N118;;;;920
201400048192;14;7;6;1315;1;1;1;3;7;50;A86;;;;920
201400048193;14;7;6;1720;1;1;1;8;2;640;N118;;;;780
201400048194;14;7;8;2045;1;1;1;2;6;29;A13Y;;;;780
201400048195;14;7;9;1156;1;1;1;1;4;25;A86;;;;920
201400048196;14;7;9;1720;1;1;1;2;7;297;RN12;;;;780
201400048197;14;7;10;1;5;1;1;9;6;26;RN1014 Y;;;;920
201400048198;14;7;11;1820;1;1;1;1;3;133;A13;;;;780
201400048199;14;7;13;1535;1;1;1;2;5;640;A86 INT;;;;780
201400048200;14;7;13;1658;1;1;1;3;6;50;A14;;;;920
201400048201;14;7;13;1855;1;1;1;3;6;640;A86 INT;;;;780
201400048202;14;7;14;2140;1;1;1;2;6;63;A86;;;;920
201400048203;14;7;16;2207;5;1;1;1;7;133;A14;;;;780
201400048204;14;7;16;305;3;1;1;1;6;646;RN12;;;;780
201400048205;14;7;11;1410;1;1;9;1;3;50;A86;;;;920
201400048206;14;7;16;901;1;1;1;1;4;242;A12 Y;;;;780
201400048207;14;7;16;1005;1;1;1;1;4;50;A86;;;;920
201400048208;14;7;17;1353;1;1;1;1;2;43;A13Y;;;;780
201400048209;14;7;17;1819;1;1;1;1;2;117;RN12;;;;780
201400048210;14;7;18;915;1;1;1;1;4;545;A12 W;;;;780
201400048211;14;7;18;1145;1;1;1;1;5;362;A13;;;;780
201400048212;14;7;20;520;3;1;1;3;3;29;A13Y;;;;780
201400048213;14;7;22;1255;1;1;1;1;7;117;RN12;;;;780
201400048214;14;7;23;810;1;1;1;1;5;25;A86;;;;920
201400048215;14;7;27;1900;1;1;1;8;7;63;A86 DUPLEX;;;;920
201400048216;14;7;28;1645;1;1;1;1;3;466;A13;;;;780
201400048217;14;7;29;930;1;1;1;8;5;158;A13;;;;780
201400048218;14;7;30;1630;1;1;1;1;4;47;A13;;;;920
201400048219;14;7;30;2000;1;1;1;1;5;64;A13;;;;920
201400048220;14;7;31;1822;1;1;1;1;3;43;A12 W;;;;780
201400048221;14;7;31;2000;1;1;1;1;2;217;A13;;;;780
201400048222;14;8;1;1706;1;1;1;1;7;50;A86;;;;920
201400048223;14;8;3;952;1;1;1;1;2;571;A13;;;;780
201400048224;14;8;3;1000;1;1;1;1;2;571;A13;;;;780
201400048225;14;8;5;1822;1;1;9;1;7;36;A86;;;;920
201400048226;14;8;6;735;1;1;1;2;6;26;RN192;;;;920
201400048227;14;8;6;1140;1;1;1;3;7;140;A13;;;;780
201400048228;14;8;6;1535;1;1;1;2;6;423;RN12;;;;780
201400048229;14;8;7;1140;1;1;1;1;5;362;A13;;;;780
201400048230;14;8;7;2330;3;1;1;1;7;490;RN12 EXT;;;;780
201400048231;14;8;11;2040;1;1;1;1;6;423;A12 Y;;;;780
201400048232;14;8;12;1915;1;1;1;2;3;43;A12 Y;;;;780
201400048233;14;8;13;1710;1;1;1;1;7;466;A14;;;;780
201400048234;14;8;14;740;1;1;1;1;7;51;RN13;;;;920
201400048235;14;8;14;1335;1;1;1;1;6;423;RN12 EXT;;;;780
201400048236;14;8;14;1745;1;1;1;8;7;140;A13;;;;780
201400048237;14;8;16;950;1;1;1;1;7;524;A13;;;;780
201400048238;14;8;17;2125;3;1;1;1;6;51;RN13;;;;920
201400048239;14;8;18;1115;1;1;1;1;6;206;A13;;;;780
201400048240;14;8;20;1700;1;1;1;1;7;545;A12 Y;;;;780
201400048241;14;8;22;234;3;1;1;1;6;640;A86 INT;;;;780
201400048242;14;8;23;950;1;1;1;1;6;50;A86;;;;920
201400048243;14;8;25;1650;1;1;1;2;7;36;A86;;;;920
201400048244;14;8;28;1940;1;1;1;1;2;50;A86;;;;920
201400048245;14;9;1;935;1;1;1;1;6;116;A13Y;;;;750
201400048246;14;9;1;1820;1;1;1;1;5;455;A13;;;;780
201400048247;14;9;2;900;1;1;1;1;4;64;A13;;;;920
201400048248;14;9;3;1730;1;1;1;1;6;50;A14;;;;920
201400048249;14;9;6;1050;1;1;1;1;2;423;N12W;;;;780
201400048250;14;9;6;1200;1;1;1;1;2;64;A13;;;;920
201400048251;14;9;8;154;4;1;1;1;6;545;A12 Y;;;;780
201400048252;14;9;8;1310;1;1;1;1;6;50;A86;;;;920
201400048253;14;9;9;830;1;1;1;1;5;36;A86;;;;920
201400048254;14;9;9;925;1;1;1;1;7;43;A12 W;;;;780
201400048255;14;9;9;1550;1;1;1;1;3;25;A86;;;;920
201400048256;14;9;9;1637;1;1;1;1;7;50;A86;;;;920
201400048257;14;9;9;1755;1;1;1;1;7;140;A13;;;;780
201400048258;14;9;9;1742;1;1;1;1;5;60;RN385;;;;920
201400048259;14;9;9;1854;1;1;1;1;2;25;A86;;;;920
201400048260;14;9;10;825;1;1;1;1;3;48;N118;;;;920
201400048261;14;9;10;1320;1;1;1;1;2;72;N118;;;;920
201400048262;14;9;11;1755;1;1;1;1;5;50;A86;;;;920
201400048263;14;9;11;1820;1;1;1;1;2;431;A13;;;;780
201400048264;14;9;11;1935;1;1;1;1;2;25;A86;;;;920
201400048265;14;9;12;800;1;1;1;1;2;62;RN1014 W;;;;920
201400048266;14;9;12;1859;1;1;1;1;2;36;A86;;;;920
201400048267;14;9;13;1100;1;1;1;1;3;165;RN12 EXT;;;;780
201400048268;14;9;13;1430;1;1;1;1;2;25;A86;;;;920
201400048269;14;9;13;1610;1;1;1;1;2;431;A13;;;;780
201400048270;14;9;13;2130;3;1;1;1;6;402;A13;;;;780
201400048271;14;9;14;410;3;1;1;1;6;498;A13;;;;780
201400048272;14;9;16;955;1;1;1;1;3;640;A86 INT;;;;780
201400048273;14;9;16;2120;3;1;1;1;5;217;A13;;;;780
201400048274;14;9;17;1445;1;1;1;1;6;63;A86;;;;920
201400048275;14;9;18;210;5;1;1;1;2;431;A13;;;;780
201400048276;14;9;18;1850;1;1;1;1;5;64;A13;;;;920
201400048277;14;9;21;617;3;1;1;2;6;25;A86;;;;920
201400048278;14;9;21;950;1;1;1;3;6;490;RN12 INT;;;;780
201400048279;14;9;21;1240;1;1;1;8;4;640;A86 EXT;;;;780
201400048280;14;9;21;1425;1;1;1;8;6;64;A13;;;;920
201400048281;14;9;21;1820;1;1;1;1;2;291;A13;;;;780
201400048282;14;9;21;1934;2;1;1;1;2;640;A86 INT;;;;780
201400048283;14;9;22;845;1;1;1;1;6;402;A13;;;;780
201400048284;14;9;22;845;1;1;1;1;4;63;A86;;;;920
201400048285;14;9;22;840;1;1;1;1;3;36;A86;;;;920
201400048286;14;9;22;845;1;1;1;1;1;117;RN12;;;;780
201400048287;14;9;22;1052;1;1;1;1;4;50;A14;;;;920
201400048288;14;9;22;1710;1;1;1;1;2;47;A13;;;;920
201400048289;14;9;23;830;1;1;1;1;6;43;A13Y;;;;780
201400048290;14;9;23;1023;1;1;1;1;2;126;A13;;;;780
201400048291;14;9;24;652;1;1;1;1;3;524;A13;;;;780
201400048292;14;9;24;1100;1;1;1;1;3;545;NON UTILISEE;;;;780
201400048293;14;9;24;1750;1;1;1;1;4;73;A12 Y;;;;780
201400048294;14;9;24;1755;1;1;1;2;5;73;A12 Y;;;;780
201400048295;14;9;24;2215;5;1;1;2;6;50;A86;;;;920
201400048296;14;9;26;955;1;1;1;1;3;646;RN12;;;;780
201400048297;14;9;26;1717;1;1;1;1;7;646;RN12;;;;780
201400048298;14;9;26;1945;5;1;1;1;2;26;RN1014 Y;;;;920
201400048299;14;9;27;1011;1;1;1;1;4;43;A13Y;;;;780
201400048300;14;9;27;1551;1;1;1;1;5;36;A86;;;;920
201400048301;14;9;27;1823;1;1;1;1;6;646;A86 DUPLEX;;;;780
201400048302;14;9;28;1713;1;1;1;1;2;43;A12 W;;;;780
201400048303;14;9;28;1930;5;1;1;1;6;50;A86;;;;920
201400048304;14;9;29;830;1;1;1;3;2;423;A12 W;;;;780
201400048305;14;9;29;840;1;1;1;3;6;43;A12 W;;;;780
201400048306;14;9;30;708;1;1;1;1;2;73;A12 W;;;;780
201400048307;14;9;30;800;1;1;1;1;3;50;A86;;;;920
201400048308;14;9;30;1535;1;1;9;1;3;640;N118;;;;780
201400048309;14;9;30;1700;1;1;1;1;7;50;A86;;;;920
201400048310;14;10;2;930;1;1;1;1;2;50;A86;;;;920
201400048311;14;10;2;920;1;1;1;1;3;12;A13;;;;920
201400048312;14;10;2;1024;1;1;1;1;5;47;A13;;;;920
201400048313;14;10;3;1800;1;1;1;1;4;50;A86;;;;920
201400048314;14;10;5;1811;1;1;1;1;2;36;A86;;;;920
201400048315;14;10;7;850;1;1;1;8;7;640;N118;;;;780
201400048316;14;10;7;950;1;1;1;8;2;640;N118;;;;780
201400048317;14;10;7;920;1;1;1;1;7;36;A86;;;;920
201400048318;14;10;7;2030;5;1;1;1;7;133;A14;;;;780
201400048319;14;10;9;755;2;1;1;8;3;490;RN12 EXT;;;;780
201400048320;14;10;9;2150;5;1;9;1;7;64;A13;;;;920
201400048321;14;10;10;1850;3;1;1;1;3;63;A86;;;;920
201400048322;14;10;11;745;2;1;1;3;7;48;N118;;;;920
201400048323;14;10;11;1610;1;1;1;1;7;140;A13;;;;780
201400048324;14;10;11;1746;1;1;1;1;7;43;A13Y;;;;780
201400048325;14;10;11;2249;3;1;1;1;7;322;RN12 EXT;;;;780
201400048326;14;10;12;2343;3;1;1;8;7;165;RN12 INT;;;;780
201400048327;14;10;13;841;1;1;1;1;3;36;A86;;;;920
201400048328;14;10;13;858;5;1;1;1;2;62;RN1014 W;;;;920
201400048329;14;10;14;1230;1;1;1;2;7;50;A14;;;;920
201400048330;14;10;14;1340;1;1;1;1;2;73;N12Y;;;;780
201400048331;14;10;15;1350;1;1;1;2;6;64;A13;;;;920
201400048332;14;10;15;1330;1;1;1;1;2;64;A13;;;;920
201400048333;14;10;15;1900;1;1;1;1;2;640;A86 EXT;;;;780
201400048334;14;10;16;725;2;1;1;1;4;291;A13;;;;780
201400048335;14;10;16;1804;1;1;1;1;3;26;RN1014 Y;;;;920
201400048336;14;10;17;850;1;1;1;1;3;524;A13;;;;780
201400048337;14;10;18;1;3;1;1;1;3;206;A13;;;;780
201400048338;14;10;18;157;3;1;1;1;4;36;A86;;;;920
201400048339;14;10;18;1315;1;1;1;1;3;640;N118;;;;780
201400048340;14;10;20;918;1;1;1;1;2;50;A14;;;;920
201400048341;14;10;21;854;1;1;1;1;3;25;A86;;;;920
201400048342;14;10;22;935;1;1;1;1;2;423;RN12;;;;780
201400048343;14;10;22;1710;1;1;1;1;6;50;A86;;;;920
201400048344;14;10;22;1950;4;1;1;1;7;646;RN12;;;;780
201400048345;14;10;23;830;2;1;1;1;6;50;A86;;;;920
201400048346;14;10;23;850;2;1;1;1;2;640;A86 EXT;;;;780
201400048347;14;10;23;1530;1;1;1;1;7;646;RN12;;;;780
201400048348;14;10;23;2035;5;1;1;1;5;25;A86;;;;920
201400048349;14;10;24;1550;1;1;1;1;2;640;N118;;;;780
201400048350;14;10;25;845;1;1;1;1;7;50;A86;;;;920
201400048351;14;10;25;1055;1;1;1;2;7;640;N118;;;;780
201400048352;14;10;25;1120;1;1;1;2;2;640;A86 EXT;;;;780
201400048353;14;10;26;30;4;1;1;1;6;140;A13;;;;780
201400048354;14;10;26;1530;1;1;1;1;2;64;A13;;;;920
201400048355;14;10;26;2150;3;1;1;1;6;402;A13;;;;780
201400048356;14;10;27;1948;3;1;1;1;4;640;N118;;;;780
201400048357;14;10;27;2040;3;1;1;1;2;23;RN385;;;;920
201400048358;14;10;21;1235;1;1;1;1;7;51;RN13;;;;920
201400048359;14;10;29;843;1;1;1;1;7;291;A13;;;;780
201400048360;14;10;29;850;1;1;1;1;4;545;A12 Y;;;;780
201400048361;14;10;29;900;1;1;1;8;3;423;N12W;;;;780
201400048362;14;10;29;940;1;1;1;1;5;43;A12 Y;;;;780
201400048363;14;10;30;735;1;1;1;1;5;466;A13;;;;780
201400048364;14;10;31;1410;1;1;1;1;3;431;A13;;;;780
201400048365;14;11;1;250;3;1;1;1;5;133;A13;;;;780
201400048366;14;11;1;835;1;1;1;1;6;640;A86 EXT;;;;780
201400048367;14;11;1;1040;1;1;1;1;5;118;A13;;;;780
201400048368;14;11;1;2100;3;1;1;1;3;206;A13;;;;780
201400048369;14;11;2;1135;1;1;1;1;4;423;RN12;;;;780
201400048370;14;11;3;335;5;1;1;1;1;64;A13;;;;920
201400048371;14;11;3;515;3;1;1;8;1;47;A13;;;;920
201400048372;14;11;3;604;3;1;1;8;7;43;A12 W;;;;780
201400048373;14;11;4;740;1;1;1;1;6;116;A13Y;;;;750
201400048374;14;11;4;1755;2;1;1;1;2;50;A86;;;;920
201400048375;14;11;5;800;2;1;1;1;5;297;RN12;;;;780
201400048376;14;11;5;840;1;1;1;1;7;73;A12 Y;;;;780
201400048377;14;11;5;2345;5;1;1;1;3;50;A14;;;;920
201400048378;14;11;7;2205;5;1;1;1;2;64;A13;;;;920
201400048379;14;11;8;1605;1;1;1;1;7;72;N118;;;;920
201400048380;14;11;10;902;1;1;1;1;2;62;A14;;;;920
201400048381;14;11;12;640;3;1;1;1;3;51;RN13;;;;920
201400048382;14;11;14;2345;3;1;1;1;3;51;RN13;;;;920
201400048383;14;11;14;710;3;1;1;1;3;25;A86;;;;920
201400048384;14;11;14;1140;1;1;1;2;6;51;RN13;;;;920
201400048385;14;11;14;1502;1;1;1;2;6;72;N118;;;;920
201400048386;14;11;15;827;1;1;1;8;6;29;A13Y;;;;780
201400048387;14;11;15;1519;1;1;1;1;6;431;A13;;;;780
201400048388;14;11;16;1745;3;1;1;2;5;640;A86 EXT;;;;780
201400048389;14;11;16;1800;3;1;1;2;7;51;RN13;;;;920
201400048390;14;11;16;2100;5;1;1;2;6;63;A86;;;;920
201400048391;14;11;17;145;4;1;1;2;6;297;NON UTILISEE;;;;780
201400048392;14;11;17;1810;5;1;1;2;7;50;A86;;;;920
201400048393;14;11;18;807;1;1;1;2;7;48;N118;;;;920
201400048394;14;11;18;825;3;1;1;1;3;545;A12 W;;;;780
201400048395;14;11;18;950;1;1;1;2;3;545;A12 W;;;;780
201400048396;14;11;18;1300;1;1;1;8;7;640;A86 INT;;;;780
201400048397;14;11;18;1540;1;1;1;8;4;646;RN12;;;;780
201400048398;14;11;18;1610;1;1;1;8;4;25;A86;;;;920
201400048399;14;11;18;2045;4;1;1;2;7;47;A13;;;;920
201400048400;14;11;19;800;1;1;1;1;3;50;A86;;;;920
201400048401;14;11;19;815;1;1;1;5;6;423;RN12;;;;780
201400048402;14;11;19;1725;3;1;1;1;6;423;RN12;;;;780
201400048403;14;11;20;615;5;1;1;1;3;50;A86;;;;920
201400048404;14;11;20;650;5;1;1;8;4;50;A14;;;;920
201400048405;14;11;20;720;2;1;1;8;2;50;A86;;;;920
201400048406;14;11;20;1652;2;1;1;8;7;60;RN385;;;;920
201400048407;14;11;20;1707;3;1;1;2;2;242;A12 W;;;;780
201400048408;14;11;21;125;4;1;1;1;7;423;NON UTILISEE;;;;780
201400048409;14;11;21;1740;3;1;1;1;3;646;RN12;;;;780
201400048410;14;11;22;1436;1;1;1;1;2;26;RN192;;;;920
201400048411;14;11;23;1800;3;1;1;1;2;291;A13;;;;780
201400048412;14;11;24;808;1;1;1;2;5;133;A13;;;;780
201400048413;14;11;24;940;1;1;1;8;2;233;A13;;;;780
201400048414;14;11;25;840;1;1;1;1;7;50;A14;;;;920
201400048415;14;11;25;935;1;1;1;8;6;50;A14;;;;920
201400048416;14;11;26;1740;3;1;1;2;6;25;A86;;;;920
201400048417;14;11;27;1836;3;1;1;1;7;297;RN12;;;;780
201400048418;14;11;27;2011;3;1;1;1;2;158;A13;;;;780
201400048419;14;11;28;939;1;1;1;1;7;640;A86 EXT;;;;780
201400048420;14;11;28;1710;2;1;1;1;3;25;A86;;;;920
201400048421;14;11;28;1748;3;1;1;2;6;63;A86;;;;920
201400048422;14;11;28;1740;3;1;1;2;7;43;A13Y;;;;780
201400048423;14;11;28;1935;3;1;1;1;3;25;A86;;;;920
201400048424;14;11;30;645;2;1;1;1;2;62;A14;;;;920
201400048425;14;11;30;1300;1;1;1;5;6;217;A13;;;;780
201400048426;14;12;2;820;1;1;1;8;2;25;A86;;;;920
201400048427;14;12;3;10;3;1;1;2;6;36;A86;;;;920
201400048428;14;12;3;845;1;1;1;5;3;640;A86 EXT;;;;780
201400048429;14;12;3;935;1;1;1;4;5;47;A13;;;;920
201400048430;14;12;4;950;1;1;1;1;3;117;RN12;;;;780
201400048431;14;12;4;2123;3;1;1;1;6;455;A13;;;;780
201400048432;14;12;5;2009;3;1;1;2;4;64;A13;;;;920
201400048433;14;12;6;345;5;1;1;1;6;63;A86;;;;920
201400048434;14;12;7;1510;1;1;1;2;2;90;A13;;;;780
201400048435;14;12;8;1018;1;1;1;2;2;36;A86;;;;920
201400048436;14;12;8;1730;5;1;1;2;5;48;N118;;;;920
201400048437;14;12;8;1942;5;1;1;1;5;60;RN385;;;;920
201400048438;14;12;9;2345;3;1;1;8;6;466;A13;;;;780
201400048439;14;12;9;830;1;1;1;1;2;50;A86;;;;920
201400048440;14;12;10;900;1;1;1;2;3;322;RN12 EXT;;;;780
201400048441;14;12;10;950;1;1;1;2;7;48;N118;;;;920
201400048442;14;12;11;1440;1;1;1;1;2;50;A86;;;;920
201400048443;14;12;12;1415;1;1;1;2;2;36;A86;;;;920
201400048444;14;12;12;1738;3;1;1;3;4;431;A13;;;;780
201400048445;14;12;13;635;3;1;1;3;6;217;A13;;;;780
201400048446;14;12;13;930;1;1;1;3;6;498;A13;;;;780
201400048447;14;12;13;1319;1;1;1;2;2;36;A86;;;;920
201400048448;14;12;14;2340;3;1;1;1;6;291;A13;;;;780
201400048449;14;12;14;10;3;1;1;8;7;640;A86 EXT;;;;780
201400048450;14;12;14;828;1;1;1;5;6;25;A86;;;;920
201400048451;14;12;14;1519;1;1;1;8;6;63;A86;;;;920
201400048452;14;12;14;2044;5;1;1;1;2;62;RN1014 W;;;;920
201400048453;14;12;15;740;5;1;1;2;5;291;A13;;;;780
201400048454;14;12;15;931;1;1;1;2;3;64;A13;;;;920
201400048455;14;12;16;1655;1;1;1;1;6;206;A13;;;;780
201400048456;14;12;17;845;1;1;1;3;7;43;A13W;;;;780
201400048457;14;12;17;900;1;1;1;2;7;640;N118;;;;780
201400048458;14;12;17;1810;3;1;1;2;2;291;A13;;;;780
201400048459;14;12;17;2050;5;1;1;2;7;64;A13;;;;920
201400048460;14;12;18;20;4;1;1;2;6;431;A13;;;;780
201400048461;14;12;19;1000;1;1;1;2;4;72;N118;;;;920
201400048462;14;12;19;2020;3;1;1;1;6;402;A13;;;;780
201400048463;14;12;20;1415;1;1;1;1;7;571;A13;;;;780
201400048464;14;12;21;1454;1;1;1;1;2;64;A13;;;;920
201400048465;14;12;21;1905;3;1;1;1;3;238;A13;;;;780
201400048466;14;12;22;1800;5;1;1;1;3;12;A13;;;;920
201400048467;14;12;23;1831;3;1;1;2;4;402;A13;;;;780
201400048468;14;12;23;1906;5;1;1;2;5;48;N118;;;;920
201400048469;14;12;23;1945;3;1;1;1;2;133;A13;;;;780
201400048470;14;12;24;1813;4;1;1;2;5;7;A13 Y;;;;780
201400048471;14;12;24;1955;3;1;1;1;6;133;A14;;;;780
201400048472;14;12;26;510;3;1;1;8;2;571;A13;;;;780
201400048473;14;12;26;1217;1;1;1;1;2;62;RN1014 W;;;;920
201400048474;14;12;27;629;3;1;1;6;6;73;RN12 INT;;;;780
201400048475;14;12;27;1337;1;1;1;2;2;640;A86 INT;;;;780
201400048476;14;12;28;1220;1;1;1;1;6;217;A13;;;;780
201400048477;14;12;30;705;5;1;1;1;6;396;A14;;;;780
201400048478;14;1;2;835;1;1;1;2;3;216;AUTOROUTE A6;;;;910
201400048479;14;1;2;910;1;1;1;1;6;659;AUTOROUTE A6;;;;910
201400048480;14;1;2;1115;1;1;1;1;7;136;AUTOROUTE A10;;;;910
201400048481;14;1;2;1220;1;1;1;1;6;64;RN 118;;;;910
201400048482;14;1;4;1229;1;1;1;1;6;617;RN 104 INT / A5A PROVINC;;;;910
201400048483;14;1;6;535;3;1;1;1;6;65;AUTOROUTE A86;M;4875500;234447;940
201400048484;14;1;6;655;2;1;1;1;3;235;RN 104;;;;910
201400048485;14;1;7;753;2;1;1;1;5;161;AUTOROUTE A6;;;;910
201400048486;14;1;7;936;1;1;1;1;3;521;AUTOROUTE A6;;;;910
201400048487;14;1;7;1008;1;1;1;1;4;521;AUTOROUTE A6;;;;910
201400048488;14;1;9;735;3;1;1;1;5;251;AUTOROUTE A5A;;;;770
201400048489;14;1;9;930;1;1;1;1;2;689;AUTOROUTE A6;;;;910
201400048490;14;1;10;746;3;1;1;1;3;64;RN 118;;;;910
201400048491;14;1;11;35;3;1;1;2;3;617;AUTOROUTE A5A;;;;910
201400048492;14;1;12;145;5;1;1;1;6;3;AUTOROUTE A6B;M;4880270;234355;940
201400048493;14;1;11;1042;1;1;1;1;4;345;AUTOROUTE A6;;;;910
201400048494;14;1;11;1235;1;1;1;1;3;38;AUTOROUTE A6B;M;4877220;234526;940
201400048495;14;1;11;1402;1;1;1;1;4;64;RN 118;;;;910
201400048496;14;1;11;1800;3;1;1;1;7;521;AUTOROUTE A6;;;;910
201400048497;14;1;13;1320;1;1;1;1;4;38;AUTOROUTE A6B;M;4878820;234543;940
201400048498;14;1;13;1820;3;1;1;1;4;136;AUTOROUTE A10;;;;910
201400048499;14;1;13;1800;3;1;9;2;5;228;RN 104;;;;910
201400048500;14;1;13;1945;3;1;1;1;2;477;AUTOROUTE A126;;;;910
201400048501;14;1;14;2015;3;1;1;1;2;687;AUTOROUTE A6;;;;910
201400048502;14;1;15;910;1;1;1;1;3;161;AUTOROUTE A6;;;;910
201400048503;14;1;15;1743;5;1;1;2;2;689;AUTOROUTE A6B;;;;910
201400048504;14;1;15;2040;4;1;1;1;2;34;AUTOROUTE A86;M;4876160;231576;940
201400048505;14;1;19;1050;1;1;1;1;7;21;AUTOROUTE A6B;M;4877250;234532;940
201400048506;14;1;19;1125;1;1;1;1;7;19;RN 385;;;;920
201400048507;14;1;20;1125;1;1;1;8;6;34;AUTOROUTE A86;M;4876020;232050;940