num_acc;an;mois;jour;hrmn;lum;agg;int;atm;col;com;adr;gps;lat;long;dep
201400048508;14;1;21;1815;3;1;1;1;3;228;RN 104;;;;910
201400048509;14;1;22;1840;3;1;1;3;7;2;RN 385 INT;;;;920
201400048510;14;1;23;850;1;1;1;8;3;363;RN 104;;;;910
201400048511;14;1;23;1843;3;1;1;3;3;38;AUTOROUTE A6A;M;4878740;234522;940
201400048512;14;1;24;1041;1;1;1;8;5;286;AUTOROUTE A6;;;;910
201400048513;14;1;24;1103;1;1;1;1;3;174;RN 104;;;;910
201400048514;14;1;24;1120;1;1;1;1;7;339;RN 104;;;;910
201400048515;14;1;25;650;3;1;1;2;2;251;AUTOROUTE A5A;;;;770
201400048516;14;1;25;844;2;1;1;1;7;286;AUTOROUTE A6;;;;910
201400048517;14;1;25;1248;1;1;1;1;7;347;RN 104;;;;910
201400048518;14;1;26;1449;1;1;1;1;7;659;AUTOROUTE A6;;;;910
201400048519;14;1;26;1850;3;1;1;1;2;34;AUTOROUTE A86;M;4876190;231453;940
201400048520;14;1;26;2107;3;1;1;1;7;477;AUTOROUTE A10;;;;910
201400048521;14;1;28;1753;2;1;1;1;3;64;RN 118;;;;910
201400048522;14;1;30;836;3;1;1;1;2;38;AUTOROUTE A6A;M;4878720;234515;940
201400048523;14;1;30;1400;1;1;1;1;7;34;AUTOROUTE A86;M;4875620;234072;940
201400048524;14;1;30;2100;5;1;1;8;5;38;AUTOROUTE A6B;M;4878760;234470;940
201400048525;14;1;31;540;3;1;1;5;4;345;AUTOROUTE A6;;;;910
201400048526;14;1;31;912;1;1;1;5;3;179;AUTOROUTE A6;;;;910
201400048527;14;2;1;1459;1;1;1;1;3;340;AUTOROUTE A6;;;;910
201400048528;14;2;2;1417;1;1;1;1;4;86;RN 104;;;;910
201400048529;14;2;3;809;2;1;1;1;3;21;AUTOROUTE A6B;M;4876430;234312;940
201400048530;14;2;5;1345;1;1;1;1;5;2;AUTOROUTE A10;;;;920
201400048531;14;2;6;1910;3;1;1;1;3;64;RN 118;;;;910
201400048532;14;2;7;530;1;1;1;1;6;38;AUTOROUTE A6B;M;4878740;234482;940
201400048533;14;2;8;730;3;1;1;1;7;534;RN 118;;;;910
201400048534;14;2;8;1521;1;1;1;1;1;136;AUTOROUTE A126;;;;910
201400048535;14;2;8;2305;3;1;1;2;7;521;RN 104;;;;910
201400048536;14;2;9;840;1;1;1;1;7;161;AUTOROUTE A6;;;;910
201400048537;14;2;9;1844;3;1;1;1;5;161;AUTOROUTE A6;;;;910
201400048538;14;2;10;1240;1;1;1;1;1;471;RN 188 CHEVREUSE;;;;910
201400048539;14;2;10;1732;1;1;1;1;6;161;AUTOROUTE A6;;;;910
201400048540;14;2;10;1825;3;1;1;1;2;182;RN 104;;;;910
201400048541;14;2;11;737;2;1;1;1;7;86;RN 104;;;;910
201400048542;14;2;11;2020;5;1;1;1;6;21;AUTOROUTE A106;M;4876110;234513;940
201400048543;14;2;12;812;3;1;1;1;7;286;AUTOROUTE A6;;;;910
201400048544;14;2;13;1624;1;1;1;2;2;161;AUTOROUTE A6;;;;910
201400048545;14;2;13;1851;3;1;1;1;2;161;AUTOROUTE A6;;;;910
201400048546;14;2;14;950;1;1;1;2;5;34;AUTOROUTE A86;M;4875910;232411;940
201400048547;14;2;14;1709;1;1;1;1;3;65;AUTOROUTE A86;M;4875560;234337;940
201400048548;14;2;15;1745;1;1;1;1;3;570;N 104;;;;910
201400048549;14;2;15;1900;3;1;1;1;6;659;AUTOROUTE A6;;;;910
201400048550;14;2;15;1938;5;1;1;1;5;43;AUTOROUTE A6B;M;4881500;235589;940
201400048551;14;2;16;707;3;1;1;1;6;347;N 104;;;;910
201400048552;14;2;19;1110;1;1;1;1;5;689;AUTOROUTE A6B;;;;910
201400048553;14;2;21;1849;2;1;1;1;4;659;AUTOROUTE A6;;;;910
201400048554;14;2;22;855;1;1;1;2;6;659;AUTOROUTE A6;;;;910
201400048555;14;2;23;1645;1;1;1;1;6;687;AUTOROUTE A6;;;;910
201400048556;14;2;23;2134;3;1;1;1;4;136;AUTOROUTE A126;;;;910
201400048557;14;2;25;2002;3;1;1;1;4;161;AUTOROUTE A6;;;;910
201400048558;14;2;26;930;1;1;1;1;7;43;AUTOROUTE A6B;M;4881510;235595;940
201400048559;14;2;26;1215;1;1;1;1;4;216;AUTOROUTE A6;;;;910
201400048560;14;2;27;1120;1;1;1;3;3;659;AUTOROUTE A6;;;;910
201400048561;14;2;27;1642;1;1;1;1;4;377;AUTOROUTE A10;;;;910
201400048562;14;2;28;1245;1;1;1;2;3;521;RN 104;;;;910
201400048563;14;2;28;1649;1;1;1;2;4;235;RN 104;;;;910
201400048564;14;3;1;433;3;1;1;1;6;161;AUTOROUTE A126;;;;910
201400048565;14;3;1;712;2;1;1;1;6;161;AUTOROUTE A6;;;;910
201400048566;14;3;1;1740;1;1;1;1;7;471;RN 118;;;;910
201400048567;14;3;2;1207;1;1;1;1;4;589;AUTOROUTE A6;;;;910
201400048568;14;3;2;1550;1;1;1;1;7;570;RN 104;;;;910
201400048569;14;3;2;2310;5;1;1;2;6;38;AUTOROUTE A6A;M;4878720;234515;940
201400048570;14;3;3;1451;1;1;1;1;7;43;AUTOROUTE A6B;M;4881510;235582;940
201400048571;14;3;4;655;2;1;1;1;7;38;AUTOROUTE A6A;M;4878740;234524;940
201400048572;14;3;4;2155;4;1;1;1;7;136;AUTOROUTE A10;;;;910
201400048573;14;3;5;345;3;1;1;1;6;136;RN20;;;;910
201400048574;14;3;5;751;2;1;1;1;6;179;AUTOROUTE A6;;;;910
201400048575;14;3;5;849;1;1;1;1;4;235;RN 104;;;;910
201400048576;14;3;5;1011;1;1;1;1;5;521;AUTOROUTE A6;;;;910
201400048577;14;3;5;1451;1;1;1;1;6;64;RN 118;;;;910
201400048578;14;3;6;127;5;1;1;1;5;34;AUTOROUTE A6A;M;4875140;232979;940
201400048579;14;3;6;950;1;1;1;1;3;553;RN 104;;;;910
201400048580;14;3;6;1815;1;1;1;1;7;471;RN 118;;;;910
201400048581;14;3;6;1809;1;1;1;1;4;2;AUTOROUTE A10;;;;920
201400048582;14;3;7;1710;1;1;1;1;5;34;AUTOROUTE A6A;M;4875590;233392;940
201400048583;14;3;7;1740;1;1;1;1;3;3;AUTOROUTE A6B;M;4880060;234375;940
201400048584;14;3;7;1800;1;1;2;1;2;161;CARREFOUR RN20 / CD120;;;;910
201400048585;14;3;8;555;3;1;1;1;2;363;RN 118;;;;910
201400048586;14;3;8;1450;1;1;1;1;5;589;AUTOROUTE A6;;;;910
201400048587;14;3;9;403;5;1;1;1;4;161;AUTOROUTE A6;;;;910
201400048588;14;3;9;820;1;1;1;1;6;161;AUTOROUTE A6;;;;910
201400048589;14;3;9;2032;3;1;1;1;3;65;AUTOROUTE A106;M;4874920;235708;940
201400048590;14;3;11;951;1;1;1;1;3;34;AUTOROUTE A6A;M;4875470;233301;940
201400048591;14;3;11;1513;1;1;1;1;5;296;AUTOROUTE A5A;;;;770
201400048592;14;3;11;1930;1;1;1;1;2;312;RD 444;;;;910
201400048593;14;3;11;907;1;1;1;1;7;589;AUTOROUTE A6;;;;910
201400048594;14;3;12;1658;1;1;1;1;3;182;RN 104;;;;910
201400048595;14;3;12;1655;1;1;1;1;3;235;RN 104;;;;910
201400048596;14;3;13;635;3;1;1;1;3;553;RN 104;;;;910
201400048597;14;3;13;740;1;1;1;1;7;76;AUTOROUTE A6B;M;4879250;234480;940
201400048598;14;3;13;720;1;1;1;1;5;471;RN 188 CHEVREUSE;;;;910
201400048599;14;3;13;1730;5;1;1;1;7;43;AUTOROUTE A6B;M;4881510;235582;940
201400048600;14;3;13;1950;3;1;1;1;7;521;RN 104;;;;910
201400048601;14;3;14;549;2;1;1;1;7;161;AUTOROUTE A6;;;;910
201400048602;14;3;14;1005;1;1;1;1;5;377;AUTOROUTE A10;;;;910
201400048603;14;3;16;615;5;1;1;1;2;38;AUTOROUTE A6A;M;4878720;234515;940
201400048604;14;3;16;2141;3;1;1;1;7;661;RN 188 CHEVREUSE;;;;910
201400048605;14;3;17;1654;1;1;1;1;2;182;AUTOROUTE A6;;;;910
201400048606;14;3;18;955;1;1;1;1;3;3;AUTOROUTE A6A;M;4880110;234196;940
201400048607;14;3;19;712;2;1;1;1;2;689;AUTOROUTE A6A;;;;910
201400048608;14;3;19;1755;1;1;1;1;3;216;AUTOROUTE A6;;;;910
201400048609;14;3;20;1800;1;1;1;1;2;182;RN 104;;;;910
201400048610;14;3;21;300;3;1;1;1;5;312;RN 444;;;;910
201400048611;14;3;21;1250;1;1;1;1;6;589;AUTOROUTE A6;;;;910
201400048612;14;3;24;750;2;1;1;1;4;471;RN 118;;;;910
201400048613;14;3;24;957;1;1;1;1;4;434;AUTOROUTE A6;;;;910
201400048614;14;3;24;2031;3;1;1;1;6;312;RD 444;;;;910
201400048615;14;3;25;737;2;1;1;2;3;521;RN 441;;;;910
201400048616;14;3;25;820;1;1;1;2;5;692;RN 118;;;;910
201400048617;14;3;25;1054;1;1;1;2;3;377;AUTOROUTE A10;;;;910
201400048618;14;3;25;1430;1;1;1;2;6;521;RN 449;;;;910
201400048619;14;3;25;1750;1;1;1;1;2;549;RN 104;;;;910
201400048620;14;3;26;1800;2;1;1;1;4;182;AUTOROUTE A6;;;;910
201400048621;14;3;27;1626;1;1;1;1;2;34;AUTOROUTE A6B;M;4875130;232941;940
201400048622;14;3;27;1930;2;1;1;1;2;34;AUTOROUTE A6B;M;4875770;233603;940
201400048623;14;3;28;217;3;1;1;1;6;661;AUTOROUTE A10;;;;910
201400048624;14;3;29;1507;1;1;1;1;3;661;AUTOROUTE A10;;;;910
201400048625;14;3;31;729;2;1;1;1;2;689;AUTOROUTE A6B;;;;910
201400048626;14;3;31;1445;1;1;1;1;2;477;AUTOROUTE A10;;;;910
201400048627;14;4;1;748;1;1;1;1;5;2;AUTOROUTE A86;;;;920
201400048628;14;4;1;1104;1;1;1;1;4;689;AUTOROUTE A6B;;;;910
201400048629;14;4;2;1030;1;1;1;1;3;521;AUTOROUTE A6;;;;910
201400048630;14;4;3;507;3;1;1;1;6;689;AUTOROUTE A6B;;;;910
201400048631;14;4;3;830;1;1;1;1;3;689;AUTOROUTE A10;;;;910
201400048632;14;4;3;1615;1;1;1;1;7;235;RN 104;;;;910
201400048633;14;4;4;1848;1;1;1;1;7;179;AUTOROUTE A6;;;;910
201400048634;14;4;6;737;2;1;1;1;7;21;AUTOROUTE A106;M;4876500;234348;940
201400048635;14;4;6;710;2;1;1;1;6;286;AUTOROUTE A6;;;;910
201400048636;14;4;7;1055;1;1;1;1;4;3;AUTOROUTE A6A;M;4880890;233976;940
201400048637;14;4;19;1213;1;1;1;1;2;3;AUTOROUTE A6A;M;4880550;234182;940
201400048638;14;4;8;915;1;1;1;1;5;589;AUTOROUTE A6;;;;910
201400048639;14;4;9;910;1;1;1;1;7;37;AUTOROUTE A6A;M;4881640;233674;940
201400048640;14;4;9;1040;1;1;1;1;7;363;RN 104;;;;910
201400048641;14;4;9;1124;1;1;1;1;2;521;AUTOROUTE A6;;;;910
201400048642;14;4;9;1341;1;1;1;1;4;589;AUTOROUTE A6;;;;910
201400048643;14;4;9;1810;1;1;1;1;2;432;AUTOROUTE A6;;;;910
201400048644;14;4;10;1300;1;1;1;1;6;38;AUTOROUTE A6B;M;4878820;234540;940
201400048645;14;4;12;1430;1;1;1;1;6;38;AUTOROUTE A6A;M;4878720;234533;940
201400048646;14;4;13;745;2;1;1;1;7;477;AUTOROUTE A10;;;;910
201400048647;14;4;15;905;1;1;1;1;3;434;AUTOROUTE A6;;;;910
201400048648;14;4;16;856;1;1;1;1;2;86;RN 104;;;;910
201400048649;14;4;16;900;1;1;1;1;6;19;57.600, RN 385 Ext?rieur;;;;920
201400048650;14;4;17;1850;1;1;1;1;4;377;AUTOROUTE A10;;;;910
201400048651;14;4;17;1959;1;1;1;1;7;339;RN 104;;;;910
201400048652;14;4;17;1;3;1;1;1;2;377;RN20;;;;910
201400048653;14;4;17;2115;1;1;1;1;3;377;AUTOROUTE A10;;;;910
201400048654;14;4;18;1415;1;1;1;1;4;34;AUTOROUTE A86;M;4875910;232411;940
201400048655;14;4;19;1720;1;1;1;8;7;38;AUTOROUTE A6A;M;4878810;234491;940
201400048656;14;4;20;655;2;1;1;1;4;689;AUTOROUTE A6B;;;;910
201400048657;14;4;22;1836;1;1;1;1;6;228;AUTOROUTE A6;;;;910
201400048658;14;4;24;48;3;1;1;2;3;534;RN 118;;;;910
201400048659;14;4;24;1530;1;1;1;1;3;161;AUTOROUTE A6;;;;910
201400048660;14;4;25;657;2;1;1;1;2;34;AUTOROUTE A86;M;4875910;232388;940
201400048661;14;4;25;800;1;1;1;1;7;136;RN 188 PARIS / A 10 PARI;;;;910
201400048662;14;4;25;830;1;1;1;1;7;477;AUTOROUTE A10;;;;910
201400048663;14;4;26;321;3;1;1;8;6;161;AUTOROUTE A6;;;;910
201400048664;14;4;27;5;3;1;1;8;6;136;RN 188 PARIS / A 10 PARI;;;;910
201400048665;14;4;27;510;3;1;1;1;6;38;AUTOROUTE A6B;M;4878790;234454;940
201400048666;14;4;27;1145;1;1;1;1;7;521;RN 449;;;;910
201400048667;14;4;27;1335;1;1;1;1;4;43;AUTOROUTE A6B;M;4881280;235369;940
201400048668;14;4;27;1625;1;1;1;1;2;534;RN 118;;;;910
201400048669;14;4;27;2000;1;1;1;1;6;534;RN 118;;;;910
201400048670;14;4;27;2201;3;1;1;1;7;64;RD 444;;;;910
201400048671;14;4;28;1056;1;1;1;1;7;477;AUTOROUTE A10;;;;910
201400048672;14;4;29;1915;1;1;1;1;6;43;AUTOROUTE A6B;M;4881420;235511;940
201400048673;14;4;29;1956;1;1;1;1;7;659;AUTOROUTE A6;;;;910
201400048674;14;4;30;554;5;1;1;8;7;570;RN 104;;;;910
201400048675;14;4;30;1915;1;1;1;1;7;251;AUTOROUTE A5A;;;;770
201400048676;14;5;1;147;3;1;1;1;5;570;RN 104;;;;910
201400048677;14;5;1;2235;3;1;1;2;5;43;AUTOROUTE A6B;M;4881320;235399;940
201400048678;14;5;2;2247;5;1;1;1;1;161;AUTOROUTE A6;;;;910
201400048679;14;5;3;1;5;1;1;1;5;38;AUTOROUTE A6A;M;4877770;234623;940
201400048680;14;5;2;2343;5;1;1;1;6;43;AUTOROUTE A6B;M;4881340;235435;940
201400048681;14;5;3;103;5;1;1;1;5;687;AUTOROUTE A6;;;;910
201400048682;14;5;5;1824;1;1;1;1;3;553;RN 104;;;;910
201400048683;14;5;6;750;1;1;1;2;4;521;AUTOROUTE A6;;;;910
201400048684;14;5;7;1900;1;1;1;1;2;549;RN 104;;;;910
201400048685;14;5;8;1454;1;1;1;2;4;34;AUTOROUTE A6B;M;4875690;233511;940
201400048686;14;5;8;1800;1;1;1;2;7;477;AUTOROUTE A10;;;;910
201400048687;14;5;9;1417;1;1;1;2;2;377;RN20;;;;910
201400048688;14;5;10;1645;1;1;1;2;3;521;RN 449;;;;910
201400048689;14;5;12;851;1;1;1;1;3;37;AUTOROUTE A6A;M;4881470;233635;940
201400048690;14;5;12;855;1;1;1;2;3;377;AUTOROUTE A10;;;;910
201400048691;14;5;12;1400;1;1;1;2;2;689;AUTOROUTE A6A;;;;910
201400048692;14;5;13;426;3;1;1;1;2;661;AUTOROUTE A10;;;;910
201400048693;14;5;13;1300;1;1;1;2;2;182;RN 104;;;;910
201400048694;14;5;14;1400;1;1;1;1;2;3;AUTOROUTE A6A;M;4881210;233695;940
201400048695;14;5;15;820;1;1;1;1;3;286;AUTOROUTE A6;;;;910
201400048696;14;5;15;945;1;1;1;1;5;589;AUTOROUTE A6;;;;910
201400048697;14;5;15;1424;1;1;1;1;7;521;RN 104;;;;910
201400048698;14;5;16;815;1;1;1;1;3;377;AUTOROUTE A10;;;;910
201400048699;14;5;16;1616;1;1;1;1;5;363;RN 104;;;;910
201400048700;14;5;16;1858;1;1;1;1;3;136;AUTOROUTE A10;;;;910
201400048701;14;5;16;1915;1;1;1;1;6;64;RN 118;;;;910
201400048702;14;5;16;2004;1;1;1;1;4;553;RN 104;;;;910
201400048703;14;5;18;707;1;1;1;1;2;689;AUTOROUTE A6;;;;910
201400048704;14;5;18;1745;1;1;1;1;7;339;RN 104;;;;910
201400048705;14;5;18;1900;1;1;1;1;4;38;AUTOROUTE A6A;M;4878720;234536;940
201400048706;14;5;19;1430;1;1;1;1;2;43;AUTOROUTE A6B;M;4881590;235647;940
201400048707;14;5;19;1830;1;1;1;1;2;37;AUTOROUTE A6A;M;4881380;233623;940
201400048708;14;5;20;1542;1;1;1;2;2;432;AUTOROUTE A6;;;;910
201400048709;14;5;20;2035;1;1;1;2;4;43;AUTOROUTE A6B;M;4881490;235583;940
201400048710;14;5;20;2135;5;1;1;2;4;3;AUTOROUTE A6B;M;4880340;234394;940
201400048711;14;5;21;815;1;1;1;1;2;534;RN 118;;;;910
201400048712;14;5;22;750;1;1;1;2;3;2;AUTOROUTE A86;;;;920
201400048713;14;5;23;355;3;1;1;1;6;64;RN 118;;;;910
201400048714;14;5;23;1520;1;1;1;1;5;86;RN 104;;;;910
201400048715;14;5;23;1643;1;1;1;1;3;2;AUTOROUTE A86;;;;920
201400048716;14;5;24;731;1;1;1;1;7;617;RN 104;;;;910
201400048717;14;5;26;1620;1;1;1;2;7;689;AUTOROUTE A6A;;;;910
201400048718;14;5;30;645;1;1;1;1;7;21;AUTOROUTE A6A;M;4876270;234114;940
201400048719;14;5;27;1815;1;1;1;1;4;19;RN 385 Ext?rieure;;;;920
201400048720;14;5;27;2027;1;1;1;1;6;3;AUTOROUTE A6A;M;4879930;234235;940
201400048721;14;5;28;1230;1;1;1;1;4;161;AUTOROUTE A126;;;;910
201400048722;14;5;31;1505;1;1;1;1;2;43;AUTOROUTE A6B;M;4881290;235351;940
201400048723;14;5;31;2208;3;1;1;1;7;86;RN 104;;;;910
201400048724;14;6;1;1350;1;1;1;1;2;689;AUTOROUTE A6B;;;;910
201400048725;14;6;2;945;1;1;1;1;2;661;AUTOROUTE A10;;;;910
201400048726;14;6;2;935;1;1;1;1;2;2;AUTOROUTE A86;;;;920
201400048727;14;6;3;915;1;1;1;1;7;689;AUTOROUTE A6A;;;;910
201400048728;14;6;3;915;1;1;1;1;2;161;AUTOROUTE A6;;;;910
201400048729;14;6;4;810;1;1;1;1;7;136;RN20;;;;910
201400048730;14;6;4;1115;1;1;1;1;5;21;AUTOROUTE A6A;M;4876410;234226;940
201400048731;14;6;4;1410;1;1;1;1;3;659;AUTOROUTE A6;;;;910
201400048732;14;6;5;800;1;1;1;1;4;589;AUTOROUTE A6;;;;910
201400048733;14;6;5;1630;1;1;1;1;2;2;AUTOROUTE A10;;;;920
201400048734;14;6;5;2005;1;1;1;1;4;86;RN 104;;;;910
201400048735;14;6;6;800;1;1;1;1;3;471;RN 118;;;;910
201400048736;14;6;6;1800;1;1;1;1;5;103;RN 104;;;;910
201400048737;14;6;8;930;1;1;1;1;6;521;RN 449;;;;910
201400048738;14;6;9;250;3;1;1;1;6;38;AUTOROUTE A6B;M;4878740;234482;940
201400048739;14;6;9;1100;1;1;1;2;6;21;AUTOROUTE A106;M;4876360;234372;940
201400048740;14;6;9;1800;1;1;1;1;3;136;AUTOROUTE A10;;;;910
201400048741;14;6;10;707;1;1;1;8;6;64;RN 118;;;;910
201400048742;14;6;10;1640;1;1;1;1;4;216;AUTOROUTE A6;;;;910
201400048743;14;6;10;1800;1;1;1;1;5;589;AUTOROUTE A6;;;;910
201400048744;14;6;10;1745;1;1;1;1;6;617;RN 104;;;;910
201400048745;14;6;11;135;5;1;1;1;6;689;AUTOROUTE A6A;;;;910
201400048746;14;6;10;840;1;1;1;8;3;471;RN 118;;;;910
201400048747;14;6;11;902;1;1;1;1;5;312;RD 444;;;;910
201400048748;14;6;12;512;5;1;1;1;4;286;AUTOROUTE A6;;;;910
201400048749;14;6;12;1005;1;1;1;1;3;182;RN 104;;;;910
201400048750;14;6;12;1620;1;1;1;1;2;689;AUTOROUTE A6;;;;910
201400048751;14;6;12;1730;1;1;1;1;3;534;RN 118;;;;910
201400048752;14;6;13;1810;1;1;1;1;3;76;AUTOROUTE A6B;M;4879150;234460;940
201400048753;14;6;14;125;3;1;1;1;6;64;RN 118;;;;910
201400048754;14;6;14;620;1;1;1;1;2;76;AUTOROUTE A6B;M;4879150;234460;940
201400048755;14;6;14;2340;3;1;1;1;2;617;RN 104;;;;910
201400048756;14;6;15;2240;3;1;1;1;2;347;RN 104;;;;910
201400048757;14;6;17;854;1;1;1;1;7;43;AUTOROUTE A6B;M;4880560;234531;940
201400048758;14;6;17;1232;1;1;1;1;2;161;AUTOROUTE A6;;;;910
201400048759;14;6;17;2120;2;1;1;1;6;64;RN 118;;;;910
201400048760;14;6;18;912;1;1;1;1;3;340;AUTOROUTE A6;;;;910
201400048761;14;6;18;1840;1;1;1;1;3;76;AUTOROUTE A6B;M;4879150;234405;940
201400048762;14;6;19;750;1;1;1;1;5;534;RN 118;;;;910
201400048763;14;6;19;820;1;1;1;1;2;19;57.500, RN 385 INT;;;;920
201400048764;14;6;19;1447;1;1;1;1;2;689;AUTOROUTE A6;;;;910
201400048765;14;6;20;1923;1;1;1;1;3;76;AUTOROUTE A6B;M;4879420;234459;940
201400048766;14;6;20;1922;1;1;1;1;3;86;RN 104;;;;910
201400048767;14;6;23;930;1;1;1;1;2;570;RN 104;;;;910
201400048768;14;6;23;1450;1;1;1;1;4;3;AUTOROUTE A6A;M;4880970;233905;940
201400048769;14;6;24;444;3;1;1;1;2;534;RN 118;;;;910
201400048770;14;6;24;1750;1;1;1;1;3;645;RN 385 Extérieure;;;;910
201400048771;14;6;24;1820;1;1;1;1;3;251;AUTOROUTE A5A;;;;770
201400048772;14;6;24;1850;1;1;1;1;3;340;RN 104;;;;910
201400048773;14;6;24;1955;1;1;1;1;2;64;RD 444;;;;910
201400048774;14;6;25;830;1;1;1;1;3;434;AUTOROUTE A6;;;;910
201400048775;14;6;26;730;1;1;1;1;5;377;AUTOROUTE A10;;;;910
201400048776;14;6;26;1000;1;1;1;1;5;645;RN 385 INT;;;;910
201400048777;14;6;26;1703;1;1;1;1;3;471;RN 118;;;;910
201400048778;14;6;26;1730;1;1;1;1;4;86;RN 104;;;;910
201400048779;14;6;27;1025;1;1;1;1;3;38;AUTOROUTE A6A;M;4878720;234533;940
201400048780;14;6;27;1816;1;1;1;1;3;521;AUTOROUTE A6;;;;910
201400048781;14;6;27;1900;1;1;1;1;4;34;AUTOROUTE A86;M;4875830;232649;940
201400048782;14;6;27;2000;1;1;1;1;5;103;RN 104;;;;910
201400048783;14;6;27;2114;1;1;1;1;6;174;RN 104;;;;910
201400048784;14;6;28;933;1;1;1;2;2;553;RN 104;;;;910
201400048785;14;6;28;1558;1;1;1;2;3;689;AUTOROUTE A6B;;;;910
201400048786;14;6;28;1705;1;1;1;2;7;617;RN 104 INT / A5A PROVINC;;;;910
201400048787;14;6;28;1857;1;1;1;2;3;471;RN 118;;;;910
201400048788;14;6;28;2040;1;1;1;3;7;521;RN 104;;;;910
201400048789;14;6;28;2135;2;1;1;3;7;19;RN 385 Ext?rieure;;;;920
201400048790;14;6;29;130;4;1;1;2;6;43;AUTOROUTE A6B;M;4881330;235421;940
201400048791;14;6;29;954;1;1;1;2;7;161;AUTOROUTE A126;;;;910
201400048792;14;6;29;1340;1;1;1;2;2;34;AUTOROUTE A86;M;4875620;234072;940
201400048793;14;6;29;1400;1;1;1;2;2;689;AUTOROUTE A6;;;;910
201400048794;14;6;29;1405;1;1;1;2;2;34;AUTOROUTE A86;M;4875830;232649;940
201400048795;14;6;29;1740;1;1;1;2;4;434;AUTOROUTE A6;;;;910
201400048796;14;6;29;1920;1;1;1;2;7;21;AUTOROUTE A6A;M;4876430;234220;940
201400048797;14;7;1;1642;1;1;1;1;4;377;AUTOROUTE A10;;;;910
201400048798;14;7;2;1710;1;1;1;1;3;312;RN 444;;;;910
201400048799;14;7;3;1145;1;1;1;1;2;38;AUTOROUTE A6B;M;4878800;234554;940
201400048800;14;7;3;1614;1;1;1;1;6;553;RN 104;;;;910
201400048801;14;7;3;1651;1;1;1;1;3;471;RN 118;;;;910
201400048802;14;7;4;1351;1;1;1;2;4;34;AUTOROUTE A86;M;4875610;234111;940
201400048803;14;7;5;524;3;1;1;2;5;21;AUTOROUTE A6B;M;4876070;233942;940
201400048804;14;7;5;630;2;1;1;3;6;3;AUTOROUTE A6A;M;4880020;234196;940
201400048805;14;7;5;1012;1;1;1;2;2;377;AUTOROUTE A10;;;;910
201400048806;14;7;5;1045;1;1;1;2;6;34;AUTOROUTE A86;M;4875620;234072;940
201400048807;14;7;6;440;3;1;1;1;7;21;AUTOROUTE A6B;M;4876660;234261;940
201400048808;14;7;6;1128;1;1;1;2;6;521;RN 449;;;;910
201400048809;14;7;6;1210;1;1;1;2;7;161;AUTOROUTE A126;;;;910
201400048810;14;7;6;1210;1;1;1;2;2;34;AUTOROUTE A86;M;4875930;232288;940
201400048811;14;7;6;1425;1;1;1;2;7;34;AUTOROUTE A86;M;4876210;231445;940
201400048812;14;7;6;1800;1;1;1;2;6;43;AUTOROUTE A6B;M;4881430;235520;940
201400048813;14;7;6;1955;1;1;1;2;4;38;AUTOROUTE A6A;M;4878720;234533;940
201400048814;14;7;6;2320;4;1;1;1;6;34;AUTOROUTE A6B;M;4875450;233290;940
201400048815;14;7;7;2115;1;1;1;2;4;43;AUTOROUTE A6B;M;4880700;234672;940
201400048816;14;7;9;1700;1;1;1;2;7;689;AUTOROUTE A6;;;;910
201400048817;14;7;11;253;3;1;1;3;2;345;AUTOROUTE A6;;;;910
201400048818;14;7;10;730;1;1;1;2;7;34;AUTOROUTE A6A;M;4875670;233490;940
201400048819;14;7;10;920;1;1;1;2;6;65;AUTOROUTE A86;M;4875540;234453;940
201400048820;14;7;10;1130;1;1;1;2;6;377;BRETELLE A10 / RN20;;;;910
201400048821;14;7;10;1600;1;1;1;2;4;103;RN 104;;;;910
201400048822;14;7;10;1812;1;1;1;1;3;19;RN 385;;;;920
201400048823;14;7;11;250;3;1;1;1;2;345;AUTOROUTE A6;;;;910
201400048824;14;7;11;940;1;1;1;2;7;21;AUTOROUTE A6A;M;4876850;234475;940
201400048825;14;7;14;325;3;1;1;8;6;340;RN 104;;;;910
201400048826;14;7;14;545;3;1;1;1;2;689;AUTOROUTE A6A;;;;910
201400048827;14;7;15;749;2;1;1;1;7;589;AUTOROUTE A6;;;;910
201400048828;14;7;16;1345;1;1;1;1;7;19;RN 385 INT;;;;920
201400048829;14;7;16;1620;1;1;1;1;3;34;AUTOROUTE A6B;M;4875170;232978;940
201400048830;14;7;17;831;1;1;1;1;5;3;AUTOROUTE A6A;M;4880110;234196;940
201400048831;14;7;17;930;1;1;1;1;2;471;RN 188 CHEVREUSE;;;;910
201400048832;14;7;17;1043;1;1;1;1;3;38;AUTOROUTE A6B;M;4878840;234529;940
201400048833;14;7;17;1207;1;1;1;1;6;251;AUTOROUTE A5A;;;;770
201400048834;14;7;17;1740;1;1;1;1;3;38;AUTOROUTE A6B;M;4879020;234456;940
201400048835;14;7;17;2000;1;1;1;1;5;64;RN 118;;;;910
201400048836;14;7;18;1028;1;1;1;1;3;216;AUTOROUTE A6;;;;910
201400048837;14;7;18;1755;1;1;1;1;3;340;AUTOROUTE A6;;;;910
201400048838;14;7;19;1620;1;1;1;1;7;659;AUTOROUTE A6;;;;910
201400048839;14;7;19;1802;1;1;1;1;3;687;AUTOROUTE A6;;;;910
201400048840;14;7;20;30;3;1;1;1;5;161;AUTOROUTE A126;;;;910
201400048841;14;7;20;545;2;1;1;1;3;161;AUTOROUTE A6;;;;910
201400048842;14;7;22;955;1;1;1;1;2;689;AUTOROUTE A6;;;;910
201400048843;14;7;22;1212;1;1;1;8;4;34;AUTOROUTE A6B;M;4875770;233595;940
201400048844;14;7;22;1731;1;1;1;1;7;38;AUTOROUTE A6A;M;4878740;234524;940
201400048845;14;7;23;746;1;1;1;1;3;521;AUTOROUTE A6;;;;910
201400048846;14;7;23;1029;1;1;1;1;7;136;RD188 PROVINCE / A10 PRO;;;;910
201400048847;14;7;23;1211;1;1;1;1;3;161;AUTOROUTE A6;;;;910
201400048848;14;7;23;1232;1;1;1;1;3;339;RN 104;;;;910
201400048849;14;7;23;1335;1;1;1;1;7;34;AUTOROUTE A86;M;4875630;233939;940