num_acc;an;mois;jour;hrmn;lum;agg;int;atm;col;com;adr;gps;lat;long;dep
201400048850;14;7;23;1800;1;1;1;1;2;377;AUTOROUTE A10;;;;910
201400048851;14;7;24;2250;3;1;1;1;2;661;AUTOROUTE A10;;;;910
201400048852;14;7;25;910;1;1;1;1;7;3;AUTOROUTE A6B;M;4880060;234375;940
201400048853;14;7;25;1100;1;1;1;1;3;3;AUTOROUTE A6A;M;4880900;233943;940
201400048854;14;7;25;1630;1;1;1;1;7;136;AUTOROUTE A10;;;;910
201400048855;14;7;26;330;3;1;1;1;6;182;AUTOROUTE A6;;;;910
201400048856;14;7;26;1528;1;1;1;1;4;689;AUTOROUTE A6B;;;;910
201400048857;14;7;28;700;1;1;1;1;7;64;RN 118;;;;910
201400048858;14;7;28;1550;1;1;1;1;6;65;AUTOROUTE A86;M;4875510;234576;940
201400048859;14;7;30;55;4;1;1;1;3;43;AUTOROUTE A6B;M;4881310;235420;940
201400048860;14;7;30;55;3;1;1;1;6;377;RD 444;;;;910
201400048861;14;7;31;850;1;1;1;1;4;161;AUTOROUTE A6;;;;910
201400048862;14;7;31;845;1;1;1;1;2;2;AUTOROUTE A86;;;;920
201400048863;14;7;31;1500;1;1;1;1;2;251;AUTOROUTE A5A;;;;770
201400048864;14;7;31;1645;1;1;1;1;2;3;AUTOROUTE A6B;M;4879960;234369;940
201400048865;14;7;31;1950;1;1;1;1;2;377;RN20;;;;910
201400048866;14;8;1;2313;5;1;1;1;6;86;RN 104;;;;910
201400048867;14;8;3;1050;1;1;1;1;6;363;RN 104;;;;910
201400048868;14;8;3;1326;1;1;1;1;3;689;AUTOROUTE A6A;;;;910
201400048869;14;8;6;1045;1;1;1;2;6;521;RN 449;;;;910
201400048870;14;8;6;1305;1;1;1;2;2;216;AUTOROUTE A6;;;;910
201400048871;14;8;6;1530;1;1;1;2;4;340;RN 104;;;;910
201400048872;14;8;6;1945;1;1;1;2;5;21;AUTOROUTE A6A;M;4875970;233811;940
201400048873;14;8;7;1045;1;1;1;1;4;113;AUTOROUTE A6B;;;;750
201400048874;14;8;7;2230;3;1;1;8;5;521;RN 449;;;;910
201400048875;14;8;8;555;3;1;1;2;2;174;RN 104;;;;910
201400048876;14;8;8;2040;2;1;1;8;2;377;RN20;;;;910
201400048877;14;8;11;149;3;1;1;1;6;521;RN 104;;;;910
201400048878;14;8;11;2000;1;1;1;2;2;471;RN 118;;;;910
201400048879;14;8;13;1840;1;1;1;1;2;689;AUTOROUTE A6;;;;910
201400048880;14;8;14;1816;1;1;1;2;4;38;AUTOROUTE A6B;M;4878740;234482;940
201400048881;14;8;14;2002;1;1;1;2;7;136;AUTOROUTE A10;;;;910
201400048882;14;8;14;2055;1;1;1;2;7;174;RN 104;;;;910
201400048883;14;8;15;1040;1;1;1;1;7;521;RN 449;;;;910
201400048884;14;8;18;920;1;1;1;2;2;251;AUTOROUTE A5A;;;;770
201400048885;14;8;18;1333;1;1;1;1;4;3;AUTOROUTE A6B;M;4880080;234372;940
201400048886;14;8;18;1615;1;1;1;1;4;38;AUTOROUTE A6A;M;4878730;234529;940
201400048887;14;8;21;1505;1;1;1;1;5;286;AUTOROUTE A6;;;;910
201400048888;14;8;22;1440;1;1;1;1;4;64;RN 118;;;;910
201400048889;14;8;25;1000;1;1;1;2;7;286;RD 310;;;;910
201400048890;14;8;25;1510;1;1;1;3;2;86;RN 104;;;;910
201400048891;14;8;25;1508;1;1;1;1;4;34;AUTOROUTE A6B;M;4875690;233511;940
201400048892;14;8;25;1842;1;1;1;3;6;617;RN 104;;;;910
201400048893;14;8;26;1450;1;1;1;2;2;589;AUTOROUTE A6;;;;910
201400048894;14;8;26;1613;1;1;1;1;2;65;AUTOROUTE A86;M;4875550;234368;940
201400048895;14;8;27;330;3;1;1;1;6;43;AUTOROUTE A6B;M;4881290;235351;940
201400048896;14;8;27;829;1;1;1;2;7;21;AUTOROUTE A6B;M;4875980;233844;940
201400048897;14;8;27;1954;1;1;1;1;3;687;AUTOROUTE A6;;;;910
201400048898;14;8;28;928;1;1;1;1;2;38;AUTOROUTE A6B;M;4878820;234543;940
201400048899;14;8;29;1650;1;1;1;1;5;34;AUTOROUTE A6B;M;4875710;233487;940
201400048900;14;8;29;1800;1;1;1;1;3;340;RN 104;;;;910
201400048901;14;8;29;2030;1;1;1;1;2;86;RN 104;;;;910
201400048902;14;8;31;1500;1;1;1;1;4;589;AUTOROUTE A6;;;;910
201400048903;14;9;1;1856;1;1;1;1;2;64;RN 118;;;;910
201400048904;14;9;2;1523;1;1;1;1;7;43;AUTOROUTE A6B;M;4881400;235493;940
201400048905;14;9;2;1555;1;1;1;1;3;136;AUTOROUTE A126;;;;910
201400048906;14;9;2;1730;1;1;1;1;2;34;AUTOROUTE A86;M;4875610;234111;940
201400048907;14;9;3;800;1;1;1;1;3;174;RN 104;;;;910
201400048908;14;9;3;934;1;1;1;1;2;345;AUTOROUTE A6;;;;910
201400048909;14;9;4;1835;1;1;1;1;2;689;AUTOROUTE A10;;;;910
201400048910;14;9;6;1720;1;1;1;1;2;2;AUTOROUTE A10;;;;920
201400048911;14;9;7;1615;1;1;1;1;2;345;AUTOROUTE A6;;;;910
201400048912;14;9;7;1951;1;1;1;1;2;363;RN 104;;;;910
201400048913;14;9;9;849;1;1;1;1;4;182;AUTOROUTE A6;;;;910
201400048914;14;9;9;1500;1;1;1;1;4;136;RN 188 PARIS / A 10 PROV;;;;910
201400048915;14;9;10;1830;1;1;1;1;2;161;AUTOROUTE A6;;;;910
201400048916;14;9;10;754;1;1;1;1;3;21;AUTOROUTE A6B;M;4875980;233844;940
201400048917;14;9;10;2100;5;1;1;1;2;38;AUTOROUTE A6B;M;4878790;234454;940
201400048918;14;9;12;2006;1;1;1;1;5;34;AUTOROUTE A6B;M;4875290;233091;940
201400048919;14;9;13;1000;1;1;1;1;2;553;RN 104;;;;910
201400048920;14;9;14;1712;1;1;1;1;2;2;AUTOROUTE A10;;;;920
201400048921;14;9;14;1800;1;1;1;1;5;363;AUTOROUTE A10;;;;910
201400048922;14;9;14;2035;1;1;1;1;3;689;AUTOROUTE A6;;;;910
201400048923;14;9;15;822;1;1;1;1;4;434;AUTOROUTE A6;;;;910
201400048924;14;9;15;1630;1;1;1;1;2;340;RN 104;;;;910
201400048925;14;9;15;1520;1;1;1;1;6;363;RN 104;;;;910
201400048926;14;9;16;835;1;1;1;1;2;434;AUTOROUTE A6;;;;910
201400048927;14;9;18;940;1;1;1;1;2;377;RN 444;;;;910
201400048928;14;9;12;1800;1;1;1;1;2;286;AUTOROUTE A6;;;;910
201400048929;14;9;18;1740;1;1;1;1;4;34;AUTOROUTE A86;M;4876100;231807;940
201400048930;14;9;18;1935;1;1;1;1;3;38;AUTOROUTE A6B;M;4879060;234451;940
201400048931;14;9;19;1000;1;1;1;1;3;589;AUTOROUTE A6;;;;910
201400048932;14;9;20;2025;1;1;1;1;3;38;AUTOROUTE A6B;M;4878740;234482;940
201400048933;14;9;20;1445;1;1;1;1;4;161;AUTOROUTE A6;;;;910
201400048934;14;9;21;352;3;1;1;1;6;235;RN 104;;;;910
201400048935;14;9;21;830;1;1;1;1;6;521;RN 441;;;;910
201400048936;14;9;21;1123;1;1;1;1;6;64;RN 118;;;;910
201400048937;14;9;21;1210;1;1;1;1;6;477;AUTOROUTE A10;;;;910
201400048938;14;9;21;1157;1;1;1;1;6;122;RD 188 CHEVREUSE;;;;910
201400048939;14;9;21;1415;1;1;1;1;7;645;RN 385 Ext?rieure;;;;920
201400048940;14;9;21;1430;1;1;1;1;6;65;AUTOROUTE A106;M;4875950;234646;940
201400048941;14;9;21;1530;1;1;1;1;6;521;RN 104;;;;910
201400048942;14;9;21;1800;1;1;1;1;4;534;RN 118;;;;910
201400048943;14;9;22;851;1;1;1;1;2;64;RN 118;;;;910
201400048944;14;9;22;1100;1;1;1;1;2;434;AUTOROUTE A6;;;;910
201400048945;14;9;24;845;1;1;1;1;2;432;AUTOROUTE A6;;;;910
201400048946;14;9;26;1950;1;1;1;1;4;182;RN 104;;;;910
201400048947;14;9;26;1508;1;1;1;1;7;2;AUTOROUTE A86;;;;920
201400048948;14;9;28;2152;1;1;1;2;6;617;RN 104;;;;910
201400048949;14;9;29;845;1;1;1;2;7;34;AUTOROUTE A86;M;4876200;231447;940
201400048950;14;9;29;945;1;1;1;2;2;477;AUTOROUTE A10;;;;910
201400048951;14;9;29;915;1;1;1;2;2;21;AUTOROUTE A6A;M;4877030;234528;940
201400048952;14;10;3;705;2;1;1;1;3;689;AUTOROUTE A6A;;;;910
201400048953;14;10;3;1345;1;1;1;1;2;38;AUTOROUTE A6A;M;4879040;234422;940
201400048954;14;10;6;630;5;1;1;2;2;38;AUTOROUTE A6A;M;4878710;234519;940
201400048955;14;10;6;900;1;1;1;1;2;468;AUTOROUTE A6;;;;910
201400048956;14;10;7;900;1;1;1;1;7;235;RN 104;;;;910
201400048957;14;10;7;1650;1;1;1;1;6;340;AUTOROUTE A6;;;;910
201400048958;14;10;7;2014;1;1;1;2;6;689;AUTOROUTE A6A;;;;910
201400048959;14;10;8;800;1;1;1;8;4;34;AUTOROUTE A86;M;4876100;231807;940
201400048960;14;10;8;905;1;1;1;3;7;21;AUTOROUTE A106;M;4876460;234416;940
201400048961;14;10;8;1150;1;1;1;2;2;216;AUTOROUTE A6;;;;910
201400048962;14;10;8;1100;1;1;1;3;7;38;AUTOROUTE A6A;M;4879040;234405;940
201400048963;14;10;8;1155;1;1;1;2;2;216;AUTOROUTE A6;;;;910
201400048964;14;10;8;1730;1;1;1;8;7;377;BRETELLE A10 / RN20;;;;910
201400048965;14;10;9;35;5;1;1;1;7;43;AUTOROUTE A6B;M;4881350;235465;940
201400048966;14;10;9;1745;1;1;1;1;2;2;AUTOROUTE A10;;;;920
201400048967;14;10;11;1030;1;1;1;1;7;687;AUTOROUTE A6;;;;910
201400048968;14;10;12;1850;2;1;1;2;2;43;AUTOROUTE A6B;M;4881350;235448;940
201400048969;14;10;12;2110;2;1;1;1;2;21;AUTOROUTE A6B;M;4876100;233965;940
201400048970;14;10;13;900;1;1;1;1;2;687;AUTOROUTE A6;;;;910
201400048971;14;10;13;1656;1;1;1;1;2;161;AUTOROUTE A6;;;;910
201400048972;14;10;13;1730;1;1;1;1;3;570;RN 104;;;;910
201400048973;14;10;14;740;2;1;1;1;3;182;RN 441;;;;910
201400048974;14;10;14;1730;1;1;1;1;5;553;RN 104;;;;910
201400048975;14;10;16;932;1;1;1;1;2;589;AUTOROUTE A6;;;;910
201400048976;14;10;17;825;2;1;1;2;7;521;AUTOROUTE A6;;;;910
201400048977;14;10;17;1707;1;1;1;1;3;161;AUTOROUTE A126;;;;910
201400048978;14;10;17;1818;2;1;1;1;5;161;AUTOROUTE A6;;;;910
201400048979;14;10;17;2115;3;1;1;1;4;34;AUTOROUTE A86;M;4876180;231487;940
201400048980;14;10;18;2000;3;1;1;1;2;64;RN 118;;;;910
201400048981;14;10;18;2115;3;1;2;1;1;161;CARREFOUR RN20 / RD120;;;;910
201400048982;14;10;19;1828;1;1;1;1;5;689;AUTOROUTE A6;;;;910
201400048983;14;10;20;1602;1;1;1;8;6;521;RN 104;;;;910
201400048984;14;10;21;753;2;1;1;1;3;34;AUTOROUTE A6A;M;4875670;233490;940
201400048985;14;10;21;800;2;1;1;1;2;589;AUTOROUTE A6;;;;910
201400048986;14;10;21;906;1;1;1;1;5;689;AUTOROUTE A6B;;;;910
201400048987;14;10;21;2246;3;1;1;1;7;251;AUTOROUTE A5A;;;;770
201400048988;14;10;22;1515;1;1;1;1;7;377;AUTOROUTE A10;;;;910
201400048989;14;10;23;750;2;1;1;1;2;2;AUTOROUTE A86;;;;920
201400048990;14;10;24;1820;2;1;1;2;6;65;AUTOROUTE A86;M;4875550;234413;940
201400048991;14;10;24;1930;2;1;1;1;3;34;AUTOROUTE A6B;M;4875690;233511;940
201400048992;14;10;24;2043;3;1;1;1;5;689;AUTOROUTE A10;;;;910
201400048993;14;10;25;1825;2;1;1;1;6;363;RN 104;;;;910
201400048994;14;10;27;1700;1;1;1;1;4;377;AUTOROUTE A10;;;;910
201400048995;14;10;27;1800;3;1;1;1;4;174;RN 104;;;;910
201400048996;14;10;28;1900;5;1;1;1;3;43;AUTOROUTE A6B;M;4881580;235653;940
201400048997;14;10;29;1438;1;1;1;1;5;19;RN 385 INT;;;;920
201400048998;14;10;29;1630;1;1;1;1;7;37;AUTOROUTE A6A;M;4881560;233658;940
201400048999;14;10;29;1850;3;1;1;1;3;19;RN 385 Ext?rieure;;;;920
201400049000;14;10;31;1350;1;1;1;1;2;3;AUTOROUTE A6A;M;4879930;234235;940
201400049001;14;10;31;2045;3;1;1;1;3;377;RN20;;;;910
201400049002;14;10;31;2145;3;1;1;1;4;689;AUTOROUTE A6;;;;910
201400049003;14;11;1;910;1;1;1;1;6;377;RD 188;;;;910
201400049004;14;11;3;804;2;1;1;1;4;477;AUTOROUTE A126;;;;910
201400049005;14;11;3;1420;1;1;1;1;6;495;A5A PROVINCE / RN 105;;;;770
201400049006;14;11;3;1900;3;1;1;2;2;553;RN 104;;;;910
201400049007;14;11;4;920;1;1;1;8;2;553;RN 104;;;;910
201400049008;14;11;4;930;1;1;1;1;5;19;RN 385 INT;;;;920
201400049009;14;11;4;750;1;1;1;2;4;235;RN 104;;;;910
201400049010;14;11;4;1355;1;1;1;1;5;174;RN 104;;;;910
201400049011;14;11;5;510;3;1;1;1;5;434;AUTOROUTE A6;;;;910
201400049012;14;11;5;940;1;1;1;1;2;617;RN 104;;;;910
201400049013;14;11;6;650;3;1;1;1;5;3;AUTOROUTE A6A;M;4880810;234045;940
201400049014;14;11;7;1030;1;1;1;2;3;21;AUTOROUTE A6A;M;4876430;234239;940
201400049015;14;11;7;830;2;1;1;1;3;21;AUTOROUTE A6A;M;4876270;234114;940
201400049016;14;11;8;650;3;1;1;1;6;286;AUTOROUTE A6;;;;910
201400049017;14;11;8;650;3;1;1;1;6;286;AUTOROUTE A6;;;;910
201400049018;14;11;8;1000;1;1;1;1;5;689;AUTOROUTE A6B;;;;910
201400049019;14;11;8;1445;1;1;1;1;2;589;AUTOROUTE A6;;;;910
201400049020;14;11;9;157;5;1;1;1;2;38;A6A;M;4878100;234652;940
201400049021;14;11;9;300;3;1;1;1;6;174;RN 104;;;;910
201400049022;14;11;9;328;4;1;1;1;7;2;AUTOROUTE A86;;;;920
201400049023;14;11;10;1940;3;1;1;1;3;553;RN 104;;;;910
201400049024;14;11;11;537;5;1;1;1;2;37;A6B;M;4881230;235272;940
201400049025;14;11;11;1825;3;1;1;1;4;434;AUTOROUTE A6;;;;910
201400049026;14;11;11;1830;2;1;1;1;6;179;RN 337;;;;910
201400049027;14;11;12;915;1;1;1;1;2;363;RN 104;;;;910
201400049028;14;11;12;1315;1;1;1;1;4;689;AUTOROUTE A6B;;;;910
201400049029;14;11;12;1632;1;1;1;1;2;235;RN 104;;;;910
201400049030;14;11;12;1835;4;1;1;1;6;182;RN 104;;;;910
201400049031;14;11;13;1715;2;1;1;1;6;692;RN 118;;;;910
201400049032;14;11;13;1637;1;1;1;1;2;340;RN 104;;;;910
201400049033;14;11;13;1850;3;1;1;8;2;432;AUTOROUTE A6;;;;910
201400049034;14;11;14;1600;1;1;1;2;6;34;A6A;M;4875450;233265;940
201400049035;14;11;14;1810;3;1;1;1;3;363;RN 118;;;;910
201400049036;14;11;15;400;3;1;1;2;7;689;AUTOROUTE A6;;;;910
201400049037;14;11;15;1835;5;1;1;1;1;21;A6B;M;4876360;233966;940
201400049038;14;11;16;240;3;1;1;2;6;689;AUTOROUTE A6;;;;910
201400049039;14;11;16;1300;1;1;1;2;2;64;RN 118;;;;910
201400049040;14;11;16;1420;1;1;1;2;6;136;A10 PROVINCE / RD188 PRO;;;;910
201400049041;14;11;16;1645;2;1;1;2;6;43;AUTOROUTE A6B;M;4881430;235520;940
201400049042;14;11;16;1710;2;1;1;2;7;377;RD 188;;;;910
201400049043;14;11;18;1;5;1;1;2;6;43;AUTOROUTE A6B;M;4881350;235448;940
201400049044;14;11;18;830;1;1;1;1;2;521;AUTOROUTE A6;;;;910
201400049045;14;11;18;1741;3;1;1;1;6;38;AUTOROUTE A6A;M;4879040;234422;940
201400049046;14;11;19;1742;2;1;1;1;2;434;AUTOROUTE A6;;;;910
201400049047;14;11;19;1728;2;1;1;1;2;64;RN 118;;;;910
201400049048;14;11;19;1705;3;1;1;2;2;34;AUTOROUTE A6A;M;4875070;232908;940
201400049049;14;11;20;740;2;1;1;8;3;21;AUTOROUTE A6A;M;4876940;234501;940
201400049050;14;11;20;2225;3;1;1;2;7;34;AUTOROUTE A6A;M;4875790;233610;940
201400049051;14;11;21;120;3;1;1;1;7;64;RN 118;;;;910
201400049052;14;11;21;743;2;1;1;2;2;617;RN 104 INT / A5A PROVINC;;;;910
201400049053;14;11;21;907;1;1;1;1;3;521;RN 440;;;;910
201400049054;14;11;21;1900;3;1;1;1;3;377;AUTOROUTE A10;;;;910
201400049055;14;11;21;2100;3;1;1;1;4;38;AUTOROUTE A6B;M;4879090;234393;940
201400049056;14;11;21;2055;3;1;1;1;4;136;AUTOROUTE A10;;;;910
201400049057;14;11;22;1240;1;1;1;1;6;136;AUTOROUTE A10;;;;910
201400049058;14;11;23;1856;5;1;1;1;4;65;A86 INT;M;4875540;234414;940
201400049059;14;11;24;815;1;1;1;2;2;64;RN 118;;;;910
201400049060;14;11;24;1415;1;1;1;1;2;2;AUTOROUTE A86;;;;920
201400049061;14;11;26;755;2;1;1;2;5;65;AUTOROUTE A86;M;4875500;234447;940
201400049062;14;11;26;1258;1;1;1;1;7;19;RN 385 INT;;;;920
201400049063;14;11;28;500;3;1;1;1;2;38;AUTOROUTE A6B;M;4879070;234390;940
201400049064;14;11;28;1620;1;1;1;1;3;37;A6A;M;4881470;233635;940
201400049065;14;11;28;2010;3;1;1;1;3;2;AUTOROUTE A86;;;;920
201400049066;14;11;29;300;3;1;1;1;7;521;RN 104;;;;910
201400049067;14;11;29;945;1;1;1;8;2;521;RN 104;;;;910
201400049068;14;11;29;1340;1;1;1;1;2;76;AUTOROUTE A6B;M;4879150;234460;940
201400049069;14;11;29;1530;1;1;1;1;2;345;AUTOROUTE A6;;;;910
201400049070;14;12;1;840;1;1;1;8;2;521;AUTOROUTE A6;;;;910
201400049071;14;12;1;1350;1;1;1;8;6;666;AUTOROUTE A10;;;;910
201400049072;14;12;1;1835;5;1;1;1;4;377;RD 188;;;;910
201400049073;14;12;2;810;2;1;1;8;4;345;AUTOROUTE A6;;;;910
201400049074;14;12;2;829;2;1;1;1;2;179;AUTOROUTE A6;;;;910
201400049075;14;12;2;1745;3;1;1;2;2;340;AUTOROUTE A6;;;;910
201400049076;14;12;3;837;2;1;1;8;2;37;AUTOROUTE A6B;M;4881230;235243;940
201400049077;14;12;3;900;1;1;1;8;2;377;RN20;;;;910
201400049078;14;12;4;1800;2;1;1;1;2;19;RN 385 Ext?rieure;;;;920
201400049079;14;12;6;2242;3;1;1;8;2;661;AUTOROUTE A10;;;;910
201400049080;14;12;7;1627;1;1;1;2;7;377;RD 188;;;;910
201400049081;14;12;8;2345;5;1;1;1;6;340;RN 104;;;;910
201400049082;14;12;9;425;3;1;1;1;6;553;RN 104;;;;910
201400049083;14;12;9;1223;1;1;1;1;2;161;AUTOROUTE A6;;;;910
201400049084;14;12;10;1800;3;1;1;1;2;19;RN 385 Ext?rieure;;;;920
201400049085;14;12;11;700;3;1;1;1;4;689;AUTOROUTE A6;;;;910
201400049086;14;12;11;1937;3;1;1;8;2;34;AUTOROUTE A6A;M;4875680;233490;940
201400049087;14;12;12;1650;1;1;1;1;5;34;AUTOROUTE A86;M;4876200;231437;940
201400049088;14;12;12;1800;3;1;1;2;3;2;AUTOROUTE A10;;;;920
201400049089;14;12;12;1920;3;1;1;3;2;182;RN 104;;;;910
201400049090;14;12;13;1414;1;1;1;2;7;216;AUTOROUTE A6;;;;910
201400049091;14;12;15;430;3;1;1;1;7;689;AUTOROUTE A6;;;;910
201400049092;14;12;16;740;2;1;1;8;3;65;AUTOROUTE A106;M;4875660;234962;940
201400049093;14;12;16;805;2;1;1;8;7;617;RN 104;;;;910
201400049094;14;12;16;1800;3;1;1;1;2;477;AUTOROUTE A126;;;;910
201400049095;14;12;16;1945;3;1;1;1;7;377;AUTOROUTE A10;;;;910
201400049096;14;12;17;1235;1;1;1;2;2;689;AUTOROUTE A6;;;;910
201400049097;14;12;18;910;1;1;1;9;2;38;AUTOROUTE A6A;M;4878710;234519;940
201400049098;14;12;18;830;1;1;1;2;3;38;AUTOROUTE A6A;M;4878890;234449;940
201400049099;14;12;19;830;2;1;1;1;2;687;AUTOROUTE A6;;;;910
201400049100;14;12;20;1615;1;1;1;1;5;34;AUTOROUTE A86;M;4875580;234215;940
201400049101;14;12;21;540;3;1;1;1;6;174;RN 104;;;;910
201400049102;14;12;21;600;3;1;1;1;7;251;AUTOROUTE A5A;;;;770
201400049103;14;12;22;1445;1;1;1;1;7;136;AUTOROUTE A10;;;;910
201400049104;14;12;22;1800;3;1;1;1;3;34;AUTOROUTE A6B;M;4875400;233204;940
201400049105;14;12;23;1800;3;1;1;1;3;38;AUTOROUTE A6B;M;4878740;234482;940
201400049106;14;12;24;1915;3;1;1;2;7;534;RN 118;;;;910
201400049107;14;12;24;1921;3;1;1;8;4;34;AUTOROUTE A86;M;4876060;231928;940
201400049108;14;12;26;2310;3;1;1;2;6;19;RN 385 Ext?rieure;;;;920
201400049109;14;12;27;645;3;1;1;2;7;471;RN 118;;;;910
201400049110;14;12;27;802;2;1;1;1;6;43;AUTOROUTE A6B;M;4881430;235519;940
201400049111;14;12;30;1355;1;1;1;1;3;38;AUTOROUTE A6B;M;4878810;234546;940
201400049112;14;1;2;1839;5;1;1;1;6;37;sans, TOUTES RUES;M;0;0;202
201400049113;14;1;10;1200;1;2;1;1;5;33;sans, TUNNEL;M;0;0;202
201400049114;14;1;13;1140;1;2;1;1;3;120;sans, TOUTES RUES;M;0;0;202
201400049115;14;1;14;1320;1;2;1;1;3;33;sans, FRONT DE MER - ROU;M;0;0;202
201400049116;14;1;16;1805;5;2;1;1;6;33;sans, TOUTES RUES;M;0;0;202
201400049117;14;1;17;1727;5;2;1;2;1;33;SANS, ST FLORENT-ANCIENN;M;0;0;202
201400049118;14;1;19;1625;2;2;6;1;2;33;SANS, TOUTES RUES;M;0;0;202
201400049119;14;1;20;2310;5;2;1;2;6;33;1556, TOUTES RUES;M;0;0;202
201400049120;14;1;21;759;1;1;1;2;4;37;SANS, TOUTES RUES;M;0;0;202
201400049121;14;1;24;745;1;2;1;2;6;33;sans, CHANOINE LESCHI -;M;0;0;202
201400049122;14;1;25;1815;3;2;1;1;1;33;sans, AGLIANI - CHEMIN D;M;0;0;202
201400049123;14;1;31;745;1;2;1;1;3;37;SANS, TOUTES RUES;M;0;0;202
201400049124;14;2;2;1915;5;2;1;1;4;33;sans, TOUTES RUES;M;0;0;202
201400049125;14;2;10;1641;1;2;1;2;4;33;SANS, FRONT DE MER - ROU;M;0;0;202
201400049126;14;2;12;1415;1;2;6;1;3;33;sans, 193 - RN;M;0;0;202
201400049127;14;2;12;1814;5;2;1;1;2;37;sans, TOUTES RUES;M;0;0;202
201400049128;14;2;13;1835;2;2;3;1;3;33;sans, FRONT DE MER - ROU;M;0;0;202
201400049129;14;2;14;1340;1;2;1;1;6;33;1, PAOLI DU NR 1 A 20 -;M;0;0;202
201400049130;14;2;19;1918;5;2;1;2;2;33;sans, TOUTES RUES;M;0;0;202
201400049131;14;2;21;1855;5;1;1;2;1;37;TOUTES RUES;M;0;0;202
201400049132;14;3;2;152;3;1;1;1;6;120;sans, TOUTES RUES;M;0;0;202
201400049133;14;3;2;1945;5;2;1;1;2;33;sans, 193 - RN;M;0;0;202
201400049134;14;3;7;1323;1;2;1;1;2;33;sans, ROUTE ROYALE;M;0;0;202
201400049135;14;3;8;140;5;2;1;1;6;33;SANS, 193 - RN;M;0;0;202
201400049136;14;3;17;1655;1;2;1;1;2;120;sans, TOUTES RUES;M;0;0;202
201400049137;14;3;19;1434;1;2;1;1;2;33;sans, TUNNEL;M;0;0;202
201400049138;14;3;21;847;1;2;1;1;1;33;sans, FRONT DE MER - ROU;M;0;0;202
201400049139;14;3;21;1618;1;2;1;1;6;353;sans, TOUTES RUES;M;0;0;202
201400049140;14;3;24;1556;1;2;1;1;6;33;sans, 193 - RN;M;0;0;202
201400049141;14;3;25;1905;5;2;6;2;3;33;sans, AV DE LA LIBERATIO;M;0;0;202
201400049142;14;3;26;1235;1;2;1;2;7;37;sans, TOUTES RUES;M;0;0;202
201400049143;14;3;28;930;1;2;1;1;2;120;SANS, TOUTES RUES;M;0;0;202
201400049144;14;3;29;1900;5;2;1;1;3;120;sans, TOUTES RUES;M;0;0;202
201400049145;14;3;31;1228;1;2;1;1;4;33;SANS, FRONT DE MER - ROU;M;0;0;202
201400049146;14;4;1;1015;1;2;1;1;6;33;sans, TOUTES RUES;M;0;0;202
201400049147;14;4;2;1134;1;2;1;1;6;33;sans, SEBASTIANI  - AVEN;M;0;0;202
201400049148;14;4;3;2035;5;2;3;1;3;33;38, PAOLI DU NR 21 AU 45;M;0;0;202
201400049149;14;4;4;608;5;1;1;3;6;120;sans, TOUTES RUES;M;0;0;202
201400049150;14;4;4;1405;1;2;1;1;3;33;SANS, VEZZANI - RUE CESA;M;0;0;202
201400049151;14;4;4;1720;1;2;1;1;2;120;sans, TOUTES RUES;M;0;0;202
201400049152;14;4;5;17;3;1;1;1;6;37;sans, TOUTES RUES;M;0;0;202
201400049153;14;4;9;1622;1;1;1;1;1;37;sans, TOUTES RUES;M;0;0;202
201400049154;14;4;11;1937;1;2;1;1;2;33;sans, AV DE LA LIBERATIO;M;0;0;202
201400049155;14;4;12;720;1;2;1;2;6;33;sans, TOUTES RUES;M;0;0;202
201400049156;14;4;12;1803;1;2;1;1;6;33;sans, TOUTES RUES;M;0;0;202
201400049157;14;4;19;155;5;2;1;1;6;33;6SANS, FRONT DE MER - RO;M;0;0;202
201400049158;14;4;20;1902;2;2;1;1;5;33;SANS, FRONT DE MER - ROU;M;0;0;202
201400049159;14;4;23;315;5;2;1;1;6;3;6SANS, TOUTES RUES;M;0;0;202
201400049160;14;4;24;1900;1;2;1;2;3;3;SANS, TOUTES RUES;M;0;0;202
201400049161;14;4;30;106;5;2;1;1;7;33;SANS, TOUTES RUES;M;0;0;202
201400049162;14;5;1;2103;3;1;1;1;7;120;SANS, TOUTES RUES;M;0;0;202
201400049163;14;5;2;330;5;2;1;2;2;33;SANS, AV DE LA LIBERATIO;M;0;0;202
201400049164;14;5;1;1805;1;2;1;1;1;33;SANS, AV DE LA LIBERATIO;M;0;0;202
201400049165;14;5;2;1100;1;2;1;1;7;33;SANS, TOUTES RUES;M;0;0;202
201400049166;14;5;6;1640;1;2;1;1;4;33;sans, FRONT DE MER - ROU;M;0;0;202
201400049167;14;5;10;130;5;2;1;1;6;33;sans, AV DE LA LIBERATIO;M;0;0;202
201400049168;14;5;11;223;5;2;2;1;6;33;sans, TOUTES RUES;M;0;0;202
201400049169;14;5;12;955;1;2;1;1;6;33;sans, AGLIANI - CHEMIN D;M;0;0;202
201400049170;14;5;12;1849;1;2;1;1;6;33;sans, SEBASTIANI  - AVEN;M;0;0;202
201400049171;14;5;14;1606;1;2;3;1;3;33;sans, FURIANI - CHEMIN D;M;0;0;202
201400049172;14;5;16;842;1;2;1;1;6;33;IMPERIALE - ROUTE;M;0;0;202
201400049173;14;5;16;1255;1;1;1;1;2;120;TOUTES RUES;M;0;0;202
201400049174;14;5;19;1816;1;1;1;2;2;353;14, TOUTES RUES;M;0;0;202
201400049175;14;5;21;905;1;1;1;1;6;37;TOUTES RUES;M;0;0;202
201400049176;14;5;22;1850;1;2;2;1;3;33;LE MARONI - RES;M;0;0;202
201400049177;14;5;23;1600;1;2;1;1;1;33;TOUTES RUES;M;0;0;202
201400049178;14;5;23;1708;1;1;1;1;7;353;TOUTES RUES;M;0;0;202
201400049179;14;5;26;1727;1;2;1;1;6;33;TUNNEL;M;0;0;202
201400049180;14;5;27;2050;2;2;3;1;1;37;11, TOUTES RUES;M;0;0;202