num_acc;an;mois;jour;hrmn;lum;agg;int;atm;col;com;adr;gps;lat;long;dep
201400049181;14;5;28;832;1;2;3;1;5;120;TOUTES RUES;M;0;0;202
201400049182;14;5;28;1740;1;2;1;1;6;120;TOUTES RUES;M;0;0;202
201400049183;14;5;29;2100;5;2;6;1;3;33;CAPITAINE THEN;M;0;0;202
201400049184;14;5;30;955;1;2;1;1;7;33;VOIE RAPIDE;M;0;0;202
201400049185;14;6;3;1348;1;2;1;1;4;33;193 - RN;M;0;0;202
201400049186;14;6;4;1603;1;2;2;1;3;33;TOUTES RUES;M;0;0;202
201400049187;14;6;6;730;1;1;1;1;4;37;TOUTES RUES;M;0;0;202
201400049188;14;6;6;1650;1;2;1;1;6;33;VINCETTI - PLACE;M;0;0;202
201400049189;14;6;9;2013;1;2;3;1;3;33;TOUTES RUES;M;0;0;202
201400049190;14;6;11;1155;1;2;3;1;3;33;AV DE LA LIBERATIO;M;0;0;202
201400049191;14;6;11;1823;1;2;1;1;1;37;1636, TOUTES RUES;M;0;0;202
201400049192;14;6;12;1540;1;2;1;1;1;33;9, TOUTES RUES;M;0;0;202
201400049193;14;6;15;1041;1;1;1;2;2;37;TOUTES RUES;M;0;0;202
201400049194;14;6;15;2105;5;1;1;2;6;37;TOUTES RUES;M;0;0;202
201400049195;14;6;16;1151;1;2;1;1;4;353;23, TOUTES RUES;M;0;0;202
201400049196;14;6;17;2004;1;2;1;1;3;33;sans, CAPITAINE THEN;M;0;0;202
201400049197;14;6;20;1715;1;1;1;1;3;37;SANS, TOUTES RUES;M;0;0;202
201400049198;14;6;21;1710;1;1;1;1;6;37;SANS, TOUTES RUES;M;0;0;202
201400049199;14;6;23;927;1;1;1;1;2;120;sans, TOUTES RUES;M;0;0;202
201400049200;14;6;26;1223;1;2;1;3;2;33;SANS, VEZZANI - RUE CESA;M;0;0;202
201400049201;14;6;30;2125;5;1;1;1;6;33;571, TOUTES RUES;M;0;0;202
201400049202;14;7;8;1515;1;2;3;1;3;120;SANS, TOUTES RUES;M;0;0;202
201400049203;14;7;11;900;1;2;1;1;3;120;sans, TOUTES RUES;M;0;0;202
201400049204;14;7;11;1505;1;2;1;1;6;33;sans, FRONT DE MER - ROU;M;0;0;202
201400049205;14;7;15;1705;1;2;1;1;6;33;12, GAUDIN - BLD AUGUSTE;M;0;0;202
201400049206;14;7;16;830;1;2;1;1;6;33;sans, FAVALE - COURS;M;0;0;202
201400049207;14;7;16;1712;1;2;1;1;1;33;sans, TOUTES RUES;M;0;0;202
201400049208;14;7;18;1938;1;2;1;1;6;120;sans, TOUTES RUES;M;0;0;202
201400049209;14;7;19;2210;5;2;1;1;6;33;12, PAOLI DU NR 1 A 20 -;M;0;0;202
201400049210;14;7;21;1218;1;2;1;1;6;120;sans, TOUTES RUES;M;0;0;202
201400049211;14;7;24;1120;1;2;1;1;3;33;sans, TOUTES RUES;M;0;0;202
201400049212;14;7;26;1608;1;1;1;1;3;120;sans, TOUTES RUES;M;0;0;202
201400049213;14;7;28;1100;1;1;3;1;3;33;sans, TOUTES RUES;M;0;0;202
201400049214;14;7;29;1040;1;2;1;1;3;120;sans, TOUTES RUES;M;0;0;202
201400049215;14;7;30;900;1;2;1;3;6;33;sans, VEZZANI - RUE CESA;M;0;0;202
201400049216;14;7;31;2020;1;2;2;1;3;37;sans, TOUTES RUES;M;0;0;202
201400049217;14;8;2;344;5;2;1;1;7;33;193, 193 - RN;M;0;0;202
201400049218;14;8;3;1215;1;2;1;1;2;33;SANS, TOUTES RUES;M;0;0;202
201400049219;14;8;5;1625;1;2;1;1;3;120;SANS, TOUTES RUES;M;0;0;202
201400049220;14;8;7;1205;1;2;1;1;6;37;SANS, TOUTES RUES;M;0;0;202
201400049221;14;8;8;843;1;2;3;1;5;37;SANS, TOUTES RUES;M;0;0;202
201400049222;14;8;9;1102;1;2;1;1;4;37;SANS, TOUTES RUES;M;0;0;202
201400049223;14;8;11;1639;1;2;1;1;1;33;SANS, CAPITAINE THEN;M;0;0;202
201400049224;14;8;12;1248;1;1;1;1;3;37;SANS, TOUTES RUES;M;0;0;202
201400049225;14;8;13;1325;1;2;1;1;3;33;SANS, IMPERIALE - ROUTE;M;0;0;202
201400049226;14;8;18;1108;1;2;1;1;6;33;SANS, ROUTE ROYALE;M;0;0;202
201400049227;14;8;20;130;5;2;1;1;1;33;SANS, TOUTES RUES;M;0;0;202
201400049228;14;8;19;1230;1;2;1;1;2;37;SANS, TOUTES RUES;M;0;0;202
201400049229;14;8;27;740;1;2;1;1;6;33;SANS, ANNONCIADE - CHEMI;M;0;0;202
201400049230;14;8;27;1415;1;2;1;1;2;120;SANS, TOUTES RUES;M;0;0;202
201400049231;14;8;28;1330;1;2;1;1;1;37;SANS, TOUTES RUES;M;0;0;202
201400049232;14;8;29;1000;1;2;1;1;1;33;sans, FRANCOIS VITTORI;M;0;0;202
201400049233;14;8;29;1210;1;2;1;1;1;33;GIRAUD - BD GENERAL;M;0;0;202
201400049234;14;8;29;920;1;2;1;1;2;37;SANS, TOUTES RUES;M;0;0;202
201400049235;14;8;29;1830;1;2;3;1;3;37;sans, TOUTES RUES;M;0;0;202
201400049236;14;8;31;1805;1;1;1;1;2;37;SANS, TOUTES RUES;M;0;0;202
201400049237;14;9;4;1704;1;2;1;1;2;37;SANS, TOUTES RUES;M;0;0;202
201400049238;14;9;7;545;5;2;1;1;6;33;193 - RN;M;0;0;202
201400049239;14;9;8;1210;1;2;1;1;4;120;SANS, TOUTES RUES;M;0;0;202
201400049240;14;9;11;905;1;2;1;2;6;33;SANS, TOUTES RUES;M;0;0;202
201400049241;14;9;12;1325;1;2;1;1;6;33;2, GAUDIN - BLD AUGUSTE;M;0;0;202
201400049242;14;9;12;1600;1;2;1;1;6;33;sans, AGLIANI - CHEMIN D;M;0;0;202
201400049243;14;9;17;1350;1;1;1;2;6;37;sans, TOUTES RUES;M;0;0;202
201400049244;14;9;17;1629;1;1;1;1;2;120;sans, TOUTES RUES;M;0;0;202
201400049245;14;9;17;1855;1;1;1;1;6;120;sans, TOUTES RUES;M;0;0;202
201400049246;14;9;22;817;1;2;1;1;6;33;sans, AV DE LA LIBERATIO;M;0;0;202
201400049247;14;9;23;742;1;2;1;1;2;37;SANS, TOUTES RUES;M;0;0;202
201400049248;14;9;25;1525;1;1;1;2;6;37;sans, TOUTES RUES;M;0;0;202
201400049249;14;9;28;1300;1;2;1;1;2;353;TOUTES RUES;M;0;0;202
201400049250;14;9;29;1911;5;2;1;1;2;33;SANS, VEZZANI - RUE CESA;M;0;0;202
201400049251;14;9;30;900;1;2;1;1;6;33;SANS, TOUTES RUES;M;0;0;202
201400049252;14;10;1;1845;5;2;1;1;3;33;SANS, AV DE LA LIBERATIO;M;0;0;202
201400049253;14;10;2;1745;1;2;3;1;3;33;SANS, ROUTE ROYALE;M;0;0;202
201400049254;14;10;3;1350;1;2;1;1;4;33;SANS, TOUTES RUES;M;0;0;202
201400049255;14;10;6;1653;1;2;1;1;6;33;1, TOUTES RUES;M;0;0;202
201400049256;14;10;8;415;5;2;1;1;6;33;SANS, MONTE PIANO -CHEMI;M;0;0;202
201400049257;14;10;8;2116;5;2;1;1;7;33;TOUTES RUES;M;0;0;202
201400049258;14;10;8;1753;1;1;1;1;3;37;SANS, TOUTES RUES;M;0;0;202
201400049259;14;10;8;1815;1;2;1;1;6;33;2, MIOT - RUE;M;0;0;202
201400049260;14;10;8;1620;1;1;1;1;2;120;sans, TOUTES RUES;M;0;0;202
201400049261;14;10;9;841;1;2;1;1;6;33;sans, ROUTE ROYALE;M;0;0;202
201400049262;14;10;10;1434;1;1;1;1;1;37;sans, TOUTES RUES;M;0;0;202
201400049263;14;10;11;1935;5;2;3;1;3;33;sans, AV DE LA LIBERATIO;M;0;0;202
201400049264;14;10;13;1630;1;2;1;1;4;33;sans, 193 - RN;M;0;0;202
201400049265;14;10;16;1628;1;1;1;1;2;120;SANS, TOUTES RUES;M;0;0;202
201400049266;14;10;17;706;2;2;1;1;3;33;sans, AV DE LA LIBERATIO;M;0;0;202
201400049267;14;10;17;1732;1;2;6;1;3;33;SANS, 193 - RN;M;0;0;202
201400049268;14;10;18;1241;1;2;1;1;4;33;sans, VEZZANI - RUE CESA;M;0;0;202
201400049269;14;10;19;905;1;2;1;1;6;33;16, PAOLI DU NR 1 A 20 -;M;0;0;202
201400049270;14;10;21;1558;1;2;6;1;3;37;sans, TOUTES RUES;M;0;0;202
201400049271;14;10;22;645;2;2;6;1;3;33;sans, 193 - RN;M;0;0;202
201400049272;14;10;23;1341;1;2;1;1;6;33;sans, NOGUES;M;0;0;202
201400049273;14;10;26;1935;5;2;1;1;5;33;SANS, FRANCOIS VITTORI;M;0;0;202
201400049274;14;10;26;2200;5;2;1;1;5;37;SANS, TOUTES RUES;M;0;0;202
201400049275;14;10;31;1210;1;2;2;1;1;33;SANS, CAPITAINE THEN;M;0;0;202
201400049276;14;11;1;1236;1;2;1;1;6;33;sans, PAOLI DU NR 1 A 20;M;0;0;202
201400049277;14;11;1;1517;1;2;6;1;3;120;SANS, TOUTES RUES;M;0;0;202
201400049278;14;11;2;1736;1;2;1;1;2;33;sans, 193 - RN;M;0;0;202
201400049279;14;11;4;2105;5;2;1;1;1;33;sans, TUNNEL;M;0;0;202
201400049280;14;11;5;1715;1;2;1;3;1;33;SANS, ROUTE ROYALE;M;0;0;202
201400049281;14;11;6;1511;1;2;1;3;6;120;SANS, TOUTES RUES;M;0;0;202
201400049282;14;11;10;1440;1;1;1;2;6;33;SANS, COL DE TEGHIME;M;0;0;202
201400049283;14;11;10;2143;5;2;1;3;6;33;sans, TOUTES RUES;M;0;0;202
201400049284;14;11;11;112;5;2;1;1;6;37;TOUTES RUES;M;0;0;202
201400049285;14;11;11;425;5;2;2;1;3;33;sans, FRANCOIS VITTORI;M;0;0;202
201400049286;14;11;12;1043;1;2;1;1;6;33;1, MIOT - RUE;M;0;0;202
201400049287;14;11;17;1050;1;2;1;1;3;33;sans, TOUTES RUES;M;0;0;202
201400049288;14;11;17;1710;5;2;1;2;6;33;SANS, TOUTES RUES;M;0;0;202
201400049289;14;11;20;1340;1;2;1;1;6;33;SANS, AV DE LA LIBERATIO;M;0;0;202
201400049290;14;11;24;1340;1;2;1;1;6;33;sans, ROUTE ROYALE;M;0;0;202
201400049291;14;11;27;1400;1;2;1;1;6;33;2, TOUTES RUES;M;0;0;202
201400049292;14;11;30;505;5;2;1;3;1;33;SANS, FRONT DE MER - ROU;M;0;0;202
201400049293;14;12;1;1513;1;1;1;1;6;37;SANS, TOUTES RUES;M;0;0;202
201400049294;14;12;1;1705;5;2;1;2;2;33;SANS, TOUTES RUES;M;0;0;202
201400049295;14;12;3;1805;5;2;1;1;4;37;TOUTES RUES;M;0;0;202
201400049296;14;12;3;2120;3;2;1;1;6;120;SANS, TOUTES RUES;M;0;0;202
201400049297;14;12;5;2020;5;1;1;1;2;37;SANS, TOUTES RUES;M;0;0;202
201400049298;14;12;5;1350;1;2;1;2;6;33;8, VINCETTI - PLACE;M;0;0;202
201400049299;14;12;6;1230;1;2;1;1;2;120;sans, TOUTES RUES;M;0;0;202
201400049300;14;12;7;615;5;2;1;1;1;33;SANS, ROUTE ROYALE;M;0;0;202
201400049301;14;12;4;1005;1;2;1;1;4;33;SANS, ROUTE ROYALE;M;0;0;202
201400049302;14;12;8;1620;1;2;1;1;4;33;SANS, ROUTE ROYALE;M;0;0;202
201400049303;14;12;9;1320;1;2;1;1;2;33;SANS, FRONT DE MER - ROU;M;0;0;202
201400049304;14;12;10;1730;1;2;1;1;6;33;2, ANNONCIADE - CHEMIN D;M;0;0;202
201400049305;14;12;11;1240;1;2;1;1;6;33;SANS, PAOLI DU NR 1 A 20;M;0;0;202
201400049306;14;12;11;1230;1;2;1;1;4;120;sans, TOUTES RUES;M;0;0;202
201400049307;14;12;14;1920;5;2;1;1;3;33;SANS, AV DE LA LIBERATIO;M;0;0;202
201400049308;14;12;13;1859;5;2;1;1;2;33;SANS, AV DE LA LIBERATIO;M;0;0;202
201400049309;14;12;15;1240;1;2;1;1;6;37;sans, TOUTES RUES;M;0;0;202
201400049310;14;12;15;1245;1;2;1;1;5;33;sans, FRONT DE MER - ROU;M;0;0;202
201400049311;14;12;16;838;1;2;3;3;3;120;SANS, TOUTES RUES;M;0;0;202
201400049312;14;12;19;1712;1;2;1;1;5;120;SANS, TOUTES RUES;M;0;0;202
201400049313;14;12;19;1757;5;2;1;2;3;37;sans, TOUTES RUES;M;0;0;202
201400049314;14;12;19;2023;5;2;1;1;1;33;sans, ROUTE ROYALE;M;0;0;202
201400049315;14;12;21;1440;1;2;1;1;1;33;sans, CAPITAINE THEN;M;0;0;202
201400049316;14;12;22;1755;5;2;1;1;6;33;SANS, TOUTES RUES;M;0;0;202
201400049317;14;12;23;920;1;2;1;1;6;33;sans, MISERICORDE - RUE;M;0;0;202
201400049318;14;12;24;1805;5;2;1;1;6;33;31, GRAZIANI - BLD;M;0;0;202
201400049319;14;12;27;1748;5;2;1;3;6;33;SANS, ROUTE ROYALE;M;0;0;202
201400049320;14;1;7;900;1;2;1;1;3;382;SQUARE JULIEN GRAS;;;;690
201400049321;14;1;8;1350;1;2;1;1;6;382;11, PRESIDENT CARNOT (DU;;;;690
201400049322;14;1;10;1310;1;2;1;1;6;382;5, RUE NEUVE;;;;690
201400049323;14;1;11;2020;5;2;1;1;2;382;QUAI JEAN MOULIN;;;;690
201400049324;14;1;11;1935;5;2;2;1;3;382;27, JULES COURMONT;;;;690
201400049325;14;1;20;945;1;2;9;1;3;382;RUE GRENETTE;;;;690
201400049326;14;1;27;1259;1;2;9;1;6;382;PLACE ANTONIN PONCET;;;;690
201400049327;14;7;10;1710;1;2;1;2;6;282;0, RUE JEAN JAURES;;;;690
201400049328;14;1;31;1232;1;2;1;2;6;382;PONT BONAPARTE;;;;690
201400049329;14;7;24;1100;1;2;2;1;6;282;., RUE DE LA REPUBLIQUE;;;;690
201400049330;14;2;1;1720;4;2;3;3;5;382;QUAI PERRACHE;;;;690
201400049331;14;2;4;1020;1;2;1;1;6;382;55, AUGUSTE COMTE;;;;690
201400049332;14;2;5;1210;1;2;1;2;7;382;QUAI JULES COURMONT;;;;690
201400049333;14;2;8;2011;5;2;2;1;3;382;14, FERRANDIERE (DE LA);;;;690
201400049334;14;2;12;1410;1;2;1;1;3;382;32, QUAI PERRACHE;;;;690
201400049335;14;2;14;1850;5;2;1;1;2;382;5, BELLECOUR;;;;690
201400049336;14;2;21;1855;5;2;1;1;6;382;44, CHARLEMAGNE;;;;690
201400049337;14;3;14;1325;1;2;1;1;6;382;26, BELLECOUR;;;;690
201400049338;14;3;7;25;5;2;1;1;6;382;40, JULES COURMONT;;;;690
201400049339;14;3;15;1800;1;2;1;1;6;382;3, MARECHAL JOFFRE (DU);;;;690
201400049340;14;3;18;900;1;2;1;1;4;382;4, COURS DE VERDUN RAMBA;;;;690
201400049341;14;3;23;35;5;2;1;1;3;382;1, BELLECOUR;;;;690
201400049342;14;3;23;550;5;2;1;1;6;382;12, RUE DU PLAT;;;;690
201400049343;14;3;27;1835;1;2;1;1;3;382;2, CORDELIERS (DES);;;;690
201400049344;14;4;2;1700;1;2;1;1;2;382;20, QUAI DOCTEUR GAILLET;;;;690
201400049345;14;4;10;1110;1;2;1;1;6;382;26, BELLECOUR;;;;690
201400049346;14;4;16;1755;1;2;1;1;6;382;112, PAUL MONTROCHET;;;;690
201400049347;14;4;6;545;5;2;1;1;6;382;26, BELLECOUR;;;;690
201400049348;14;4;17;850;1;2;3;1;3;382;DOCTEUR GAILLETON (DU);;;;690
201400049349;14;4;23;1215;1;2;1;1;7;382;50, CHARLEMAGNE;;;;690
201400049350;14;5;5;950;1;2;1;1;6;382;BARRE (DE LA);;;;690
201400049351;14;5;11;2330;5;2;1;1;6;382;10, CELESTINS (DES);;;;690
201400049352;14;5;13;1520;1;2;1;2;6;382;57, PRESIDENT EDOUARD HE;;;;690
201400049353;14;5;17;400;5;2;1;1;2;382;PONT DE LA GUILLOTIERE;;;;690
201400049354;14;5;25;1145;2;2;1;1;4;382;40, DOCTEUR GAILLETON (D;;;;690
201400049355;14;6;3;1050;1;2;1;1;6;382;AUGUSTE COMTE;;;;690
201400049356;14;6;3;1900;1;2;1;1;6;382;56, RUE PRESIDENT EDOUAR;;;;690
201400049357;14;6;4;1535;1;2;1;2;2;382;8, BELLECOUR;;;;690
201400049358;14;6;14;115;5;2;3;1;3;382;RUE TUPIN;;;;690
201400049359;14;6;17;1640;1;2;1;1;6;382;95, RUE PRESIDENT EDOUAR;;;;690
201400049360;14;6;14;425;5;2;1;1;6;382;80, PRESIDENT EDOUARD HE;;;;690
201400049361;14;6;20;1005;1;2;1;1;3;382;SANS, TREMIE 7 DU CENTRE;;;;690
201400049362;14;6;21;2245;5;2;2;1;6;382;55, CHARITE (DE LA);;;;690
201400049363;14;6;25;1720;1;2;1;1;2;382;BORNE 7 4, PERRACHE;;;;690
201400049364;14;6;27;1930;1;2;2;1;3;382;26, DELANDINE;;;;690
201400049365;14;7;1;2105;5;2;1;1;2;382;13, JEAN MOULIN;;;;690
201400049366;14;7;5;1610;1;2;1;1;4;382;SANS, PONT DE LA GUILLOT;;;;690
201400049367;14;7;17;1015;1;2;1;1;6;382;1, PLACE DE L'HOPITAL;;;;690
201400049368;14;7;18;1050;1;2;1;1;3;382;112, CHARLEMAGNE;;;;690
201400049369;14;7;21;1730;1;2;1;2;2;382;12, PERRACHE;;;;690
201400049370;14;7;29;205;5;2;3;2;3;382;4, CARNOT;;;;690
201400049371;14;8;2;1850;1;2;1;1;6;382;3, BARRE (DE LA);;;;690
201400049372;14;8;6;1710;1;2;2;1;3;382;RUE DENUZIERE;;;;690
201400049373;14;7;26;119;5;2;1;3;7;382;38, RAMBAUD;;;;690
201400049374;14;8;27;1408;1;2;1;1;4;382;PERRACHE;;;;690
201400049375;14;8;31;145;5;2;3;1;3;382;PERRACHE;;;;690
201400049376;14;8;26;1550;1;2;1;1;2;382;85, CHARLEMAGNE;;;;690
201400049377;14;9;7;410;5;2;1;1;6;382;13, JEAN MOULIN;;;;690
201400049378;14;9;11;1250;1;2;1;1;3;382;1, JULIEN GRAS;;;;690
201400049379;14;9;16;1450;1;2;1;1;3;382;53, PLACE DE LA REPUBLIQ;;;;690
201400049380;14;9;19;1518;1;2;1;1;6;382;11, PLACE BELLECOUR;;;;690
201400049381;14;9;19;2015;5;2;1;1;6;382;29, QUAI DOCTEUR GAILLET;;;;690
201400049382;14;9;20;1800;1;2;1;1;6;382;72, CHARLEMAGNE;;;;690
201400049383;14;12;1;730;2;2;1;2;6;382;RUE CASIMIR PERIER;;;;690
201400049384;14;9;23;1215;1;2;1;1;6;382;8, QUAI DES CELESTINS;;;;690
201400049385;14;9;25;2000;5;2;3;1;3;382;QUAI PERRACHE;;;;690
201400049386;14;9;27;545;5;2;1;1;6;382;TREMIE 6 DU CENTRE D ECH;;;;690
201400049387;14;9;29;935;1;2;2;2;3;382;COURS CHARLEMAGNE;;;;690
201400049388;14;9;30;1300;1;2;1;1;5;382;37, QUAI DOCTEUR GAILLET;;;;690
201400049389;14;12;18;705;5;2;1;1;6;382;13, PLACE BELLECOUR;;;;690
201400049390;14;10;1;1530;1;2;1;1;6;382;RUE TUPIN;;;;690
201400049391;14;10;11;1015;1;2;1;1;2;382;44, COURS CHARLEMAGNE;;;;690
201400049392;14;10;12;50;5;2;2;1;3;382;RUE DES ARCHERS;;;;690
201400049393;14;10;16;1820;1;2;1;1;6;382;27, JEAN MOULIN;;;;690
201400049394;14;11;12;2105;5;2;1;2;6;382;42, CONDE (DE);;;;690
201400049395;14;11;13;854;1;2;1;8;7;382;15, PLACE CARNOT;;;;690
201400049396;14;11;21;2300;5;2;1;1;2;382;DOCTEUR GAILLETON (DU);;;;690
201400049397;14;11;26;715;2;2;1;8;3;382;26, QUAI DOCTEUR GAILLET;;;;690
201400049398;14;12;2;1220;1;2;1;1;6;382;14, RUE DU PLAT;;;;690
201400049399;14;12;9;804;1;2;1;1;6;382;19, PLACE BELLECOUR;;;;690
201400049400;14;12;10;2100;5;2;1;2;5;382;PLACE BELLECOUR;;;;690
201400049401;14;12;14;1715;5;2;1;1;6;382;7, BARRE (DE LA);;;;690
201400049402;14;12;14;1720;2;2;1;1;6;382;33, COURS DE VERDUN RECA;;;;690
201400049403;14;1;1;620;5;1;1;2;6;350;AUTOROUTE A25;;;;590
201400049404;14;1;4;2105;3;1;1;8;6;606;AUTOROUTE A23;;;;590
201400049405;14;1;5;210;5;1;1;1;7;771;AUTOROUTE  A21;;;;620
201400049406;14;1;5;1125;1;1;1;8;7;498;AUTOROUTE A211;;;;620
201400049407;14;1;5;1655;1;1;1;1;2;343;AUTOROUTE A1;;;;590
201400049408;14;1;8;235;5;1;1;6;2;205;AUTOROUTE A 21;;;;590
201400049409;14;1;14;1145;1;1;1;2;7;771;AUTOROUTE A21;;;;620
201400049410;14;1;14;1220;2;1;1;2;3;646;ROUTE DEPARTEMENTALE 656;;;;590
201400049411;14;1;15;1125;1;1;1;1;7;646;ROUTE DEPARTEMENTALE 656;;;;590
201400049412;14;1;23;1415;1;1;1;2;7;360;AUTOROUTE A25;;;;590
201400049413;14;1;28;830;2;1;1;3;2;637;AUTOROUTE A1;;;;620
201400049414;14;1;29;2355;3;1;1;1;7;195;ROUTE DEPARTEMENTALE 652;;;;590
201400049415;14;1;31;355;3;1;1;1;7;548;AUTOROUTE A16;M;5093607;196720;620
201400049416;14;1;31;740;2;1;1;1;4;350;AUTOROUTE A25;;;;590
201400049417;14;2;2;1430;1;1;1;7;7;350;AUTOROUTE A1;;;;590
201400049418;14;2;8;1730;2;1;1;2;6;274;AUTOROUTE A1;;;;620
201400049419;14;2;12;1850;3;1;1;3;1;343;AUTOROUTE A23;;;;590
201400049420;14;2;17;2000;3;1;1;1;7;330;AUTOROUTE A23;;;;590
201400049421;14;2;19;1650;1;1;1;1;2;646;ROUTE DEPARTEMENTALE 656;;;;590
201400049422;14;2;19;2150;5;1;1;1;2;271;AUTOROUTE A16;;;;590
201400049423;14;2;21;835;1;1;1;8;5;491;AUTOROUTE A23;;;;590
201400049424;14;2;26;2335;5;1;1;1;6;410;ROUTE NATIONALE 356;;;;590
201400049425;14;2;27;1000;1;1;1;2;2;350;ROUTE NATIONALE 356;;;;590
201400049426;14;3;5;845;1;1;1;1;4;586;AUTOROUTE A23;;;;590
201400049427;14;3;6;1340;1;1;1;1;2;90;AUTOROUTE A22;;;;590
201400049428;14;3;6;1455;1;1;1;1;2;586;AUTOROUTE A23;;;;590
201400049429;14;3;7;645;2;1;1;1;2;606;AUTOROUTE A23;;;;590
201400049430;14;3;9;1215;1;1;1;1;2;178;AUTOROUTE A21;;;;590
201400049431;14;3;9;1225;1;1;1;1;3;178;AUTOROUTE A21;;;;590
201400049432;14;3;9;1830;3;1;1;1;7;351;AUTOROUTE A21;;;;620
201400049433;14;3;11;20;4;1;1;1;2;426;AUTOROUTE A22;;;;590
201400049434;14;3;13;815;2;1;1;5;2;510;AUTOROUTE A21;;;;620
201400049435;14;3;14;1315;1;1;1;1;2;271;AUTOROUTE A16;;;;590
201400049436;14;3;14;1700;1;1;1;1;4;350;AUTOROUTE A1;;;;590
201400049437;14;3;18;805;1;1;1;1;3;560;AUTOROUTE A1;;;;590
201400049438;14;3;18;2000;3;1;1;1;2;350;ROUTE DEPARTEMENTALE 652;;;;590
201400049439;14;3;19;640;2;1;1;1;2;249;AUTOROUTE A21;;;;620
201400049440;14;3;19;2335;5;1;1;1;7;498;AUTOROUTE A211;;;;620
201400049441;14;3;22;1255;1;1;1;1;4;498;AUTOROUTE A21;;;;620
201400049442;14;3;23;2015;3;1;1;1;7;43;AUTOROUTE A25;;;;590
201400049443;14;3;31;630;3;1;1;1;4;431;AUTOROUTE A25;;;;590
201400049444;14;4;9;825;1;1;1;1;2;586;AUTOROUTE A23;;;;590
201400049445;14;4;15;535;2;1;1;1;7;532;AUTOROUTE A16;;;;590
201400049446;14;4;17;230;5;1;1;1;7;351;AUTOROUTE A21;;;;620
201400049447;14;4;19;1630;1;1;1;1;7;456;AUTOROUTE A 21;;;;590
201400049448;14;4;24;1200;1;1;1;1;4;274;AUTOROUTE A1;;;;620
201400049449;14;4;28;618;1;1;1;1;2;305;AUTOROUTE A25;;;;590
201400049450;14;4;28;1825;1;1;1;1;6;498;AUTOROUTE A21;;;;620
201400049451;14;4;29;2340;5;1;1;1;7;350;ROUTE NATIONALE 356;;;;590
201400049452;14;5;1;915;1;1;1;1;2;566;AUTOROUTE A25;;;;590
201400049453;14;5;1;1550;1;1;1;2;7;462;AUTOROUTE A1;;;;590
201400049454;14;5;3;1150;1;1;1;1;7;346;AUTOROUTE A27;;;;590
201400049455;14;5;5;1820;1;1;1;1;6;447;AUTOROUTE A2;;;;590
201400049456;14;5;8;2100;1;1;1;2;2;624;AUTOROUTE A1;;;;620
201400049457;14;5;12;1120;1;1;1;1;3;350;ROUTE NATIONALE 356;;;;590
201400049458;14;5;13;920;1;1;1;2;7;9;ROUTE NATIONALE 227;;;;590
201400049459;14;5;14;1345;1;1;1;1;4;557;AUTOROUTE A2;;;;590
201400049460;14;5;15;820;1;1;1;1;6;351;AUTOROUTE A21;M;5043242;291284;620
201400049461;14;5;16;1835;1;1;1;1;5;431;AUTOROUTE A25;;;;590
201400049462;14;5;16;2305;3;1;1;1;2;234;AUTOROUTE A21;;;;590
201400049463;14;5;17;750;1;1;1;1;6;907;AUTOROUTE A1;;;;620
201400049464;14;5;18;30;3;1;1;1;6;427;Autoroute A1;;;;620
201400049465;14;5;19;815;1;1;1;1;5;462;AUTOROUTE A1;;;;590
201400049466;14;5;20;1400;1;1;1;1;7;131;ROUTE NATIONALE 225;;;;590
201400049467;14;5;22;900;1;1;1;1;6;462;AUTOROUTE A1;;;;590
201400049468;14;5;22;920;1;1;1;1;4;350;AUTOROUTE A25;;;;590
201400049469;14;5;23;5;3;1;1;2;6;566;AUTOROUTE A25;;;;590
201400049470;14;5;24;455;3;1;1;2;2;662;AUTOROUTE A25;;;;590
201400049471;14;5;24;650;1;1;1;1;2;435;AUTOROUTE A23;;;;590
201400049472;14;5;27;1615;1;1;1;2;7;215;AUTOROUTE  A1;;;;620
201400049473;14;6;1;1630;1;1;1;1;7;348;AUTOROUTE A2;;;;590
201400049474;14;6;2;720;1;1;1;5;4;581;AUTOROUTE A25;;;;590
201400049475;14;6;2;745;1;1;1;1;7;378;AUTOROUTE A22;;;;590
201400049476;14;6;6;1815;1;1;1;1;5;360;AUTOROUTE A25;;;;590
201400049477;14;6;7;1800;1;1;1;1;6;351;AUTOROUTE A21;;;;620
201400049478;14;6;8;340;3;1;1;1;6;274;AUTOROUTE A1;;;;620
201400049479;14;6;10;600;1;1;1;2;6;178;AUTOROUTE A21;;;;590
201400049480;14;6;10;2050;1;1;1;1;6;183;ROUTE NATIONALE 225;;;;590
201400049481;14;6;12;1550;1;1;1;1;3;288;AUTOROUTE A2;;;;590
201400049482;14;6;15;600;1;1;1;1;7;350;AUTOROUTE A1;;;;590
201400049483;14;6;16;1125;1;1;1;1;6;609;AUTOROUTE A1;;;;590
201400049484;14;6;17;1440;1;1;1;1;2;350;ROUTE NATIONALE 356;;;;590
201400049485;14;6;19;1825;1;1;1;1;6;609;AUTOROUTE A1;;;;590
201400049486;14;6;20;1740;1;1;1;1;7;360;AUTOROUTE A25;;;;590
201400049487;14;6;20;1935;1;1;1;1;6;462;AUTOROUTE A1;;;;590
201400049488;14;6;23;820;1;1;1;1;7;498;AUTOROUTE A21;;;;620
201400049489;14;6;25;600;1;1;1;1;7;183;ROUTE NATIONALE 225;;;;590
201400049490;14;6;26;300;3;1;1;1;7;43;AUTOROUTE A25;;;;590
201400049491;14;6;26;500;2;1;1;1;7;360;AUTOROUTE A25;;;;590
201400049492;14;7;3;1930;1;1;1;1;4;143;AUTOROUTE A25;;;;590
201400049493;14;7;5;1920;1;1;1;2;7;9;AUTOROUTE A22;;;;590
201400049494;14;7;5;1945;1;1;1;2;4;447;AUTOROUTE A2;;;;590
201400049495;14;7;5;2045;1;1;1;1;2;9;AUTOROUTE A22;;;;590
201400049496;14;7;5;2330;3;1;1;1;7;606;AUTOROUTE A23;;;;590
201400049497;14;7;8;2005;1;1;1;1;7;351;AUTOROUTE A21;M;5043181;289556;620
201400049498;14;7;12;830;1;1;1;1;3;907;AUTOROUTE A1;;;;620
201400049499;14;7;17;1155;1;1;1;1;4;566;AUTOROUTE A25;;;;590
201400049500;14;7;18;1815;1;1;1;1;4;288;AUTOROUTE A2;;;;590
201400049501;14;7;23;400;5;1;1;1;7;350;AUTOROUTE A25;;;;590
201400049502;14;7;24;430;3;1;1;1;7;560;AUTOROUTE A1;;;;590
201400049503;14;7;27;450;3;1;1;1;7;636;ROUTE DEPARTEMENTALE 652;;;;590