num_acc;an;mois;jour;hrmn;lum;agg;int;atm;col;com;adr;gps;lat;long;dep
201400049504;14;7;30;835;1;1;1;1;7;378;ROUTE DEPARTEMENTALE 652;;;;590
201400049505;14;8;6;1120;1;1;1;1;2;350;ROUTE NATIONALE 356;;;;590
201400049506;14;8;7;1505;1;1;1;1;4;350;AUTOROUTE A25;;;;590
201400049507;14;8;8;1950;1;1;1;8;7;350;ROUTE NATIONALE 356;;;;590
201400049508;14;8;11;1600;1;1;1;1;4;13;AUTOROUTE A27;;;;590
201400049509;14;8;12;1700;1;1;1;1;7;179;AUTOROUTE A 21;;;;590
201400049510;14;8;12;1700;1;1;1;1;7;178;AUTOROUTE A21;;;;590
201400049511;14;8;13;1630;1;1;1;3;6;383;AUTOROUTE A2;;;;590
201400049512;14;8;18;1200;1;1;1;1;4;560;AUTOROUTE A1;;;;590
201400049513;14;8;22;1715;1;1;1;3;7;195;ROUTE DEPARTEMENTALE 652;;;;590
201400049514;14;9;4;745;2;1;1;1;2;560;AUTOROUTE A1;;;;590
201400049515;14;9;4;1640;1;1;1;1;2;637;AUTOROUTE A1;;;;620
201400049516;14;9;4;1945;1;1;1;1;7;510;AUTOROUTE A21;;;;620
201400049517;14;9;5;650;3;1;1;1;7;588;AUTOROUTE A16;;;;590
201400049518;14;9;5;1655;1;1;1;1;4;507;AUTOROUTE A1;;;;590
201400049519;14;9;16;1330;1;1;1;1;7;907;AUTOROUTE A1;;;;620
201400049520;14;9;16;1410;1;1;1;1;5;189;AUTOROUTE A25;;;;590
201400049521;14;9;20;605;3;1;1;1;4;383;AUTOROUTE A2;;;;590
201400049522;14;9;21;310;3;1;1;1;7;258;AUTOROUTE A23;;;;590
201400049523;14;9;23;1205;1;1;1;1;5;350;AUTOROUTE A25;;;;590
201400049524;14;9;27;730;2;1;1;1;2;9;ROUTE NATIONALE 227;;;;590
201400049525;14;9;27;1845;1;1;1;1;7;386;ROUTE DEPARTEMENTALE 652;;;;590
201400049526;14;9;28;1215;1;1;1;1;2;491;AUTOROUTE A23;;;;590
201400049527;14;10;4;140;3;1;1;1;2;580;AUTOROUTE A25;;;;590
201400049528;14;10;8;1240;1;1;1;2;7;646;ROUTE DEPARTEMENTALE 656;;;;590
201400049529;14;10;9;1145;1;1;1;1;2;215;AUTOROUTE A1;;;;620
201400049530;14;10;11;1340;1;1;1;2;3;544;AUTOROUTE A2;;;;590
201400049531;14;10;13;1615;1;1;1;1;2;606;AUTOROUTE A23;;;;590
201400049532;14;10;14;1300;1;1;1;1;6;507;AUTOROUTE A1;;;;590
201400049533;14;10;15;440;5;1;1;1;5;260;AUTOROUTE A16;;;;590
201400049534;14;10;17;710;3;1;1;1;6;431;AUTOROUTE A25;;;;590
201400049535;14;10;19;600;5;1;1;1;7;426;AUTOROUTE A22;;;;590
201400049536;14;10;21;350;3;1;1;8;7;548;AUTOROUTE A16;;;;620
201400049537;14;10;23;800;3;1;1;1;7;560;AUTOROUTE A1;;;;590
201400049538;14;10;25;130;5;1;1;1;7;195;ROUTE DEPARTEMENTALE 652;;;;590
201400049539;14;10;26;1120;1;1;1;1;7;449;AUTOROUTE A23;;;;590
201400049540;14;10;29;1700;1;1;1;1;7;195;AUTOROUTE A25;;;;590
201400049541;14;11;1;1045;1;1;1;7;2;124;AUTOROUTE A27;;;;590
201400049542;14;11;1;1340;1;1;1;1;2;560;AUTOROUTE A1;;;;590
201400049543;14;11;4;745;1;1;1;2;6;646;ROUTE DEPARTEMENTALE 656;;;;590
201400049544;14;11;5;2020;3;1;1;3;6;193;AUTOROUTE A16;;;;620
201400049545;14;11;7;645;3;1;1;1;6;378;ROUTE NATIONALE 356;;;;590
201400049546;14;11;7;945;1;1;1;2;7;346;AUTOROUTE A22;;;;590
201400049547;14;11;8;600;3;1;1;1;6;195;AUTOROUTE A25;;;;590
201400049548;14;11;15;220;4;1;1;1;7;350;ROUTE NATIONALE 356;;;;590
201400049549;14;11;11;1230;1;1;1;1;7;143;AUTOROUTE A25;;;;590
201400049550;14;11;22;700;2;1;1;1;6;155;AUTOROUTE A16;;;;590
201400049551;14;11;24;440;3;1;1;1;7;143;AUTOROUTE A25;;;;590
201400049552;14;11;24;1345;1;1;1;1;4;215;AUTOROUTE A1;;;;620
201400049553;14;11;29;350;3;1;1;1;7;564;AUTOROUTE A23;;;;590
201400049554;14;11;29;1555;1;1;1;8;7;606;AUTOROUTE A23;;;;590
201400049555;14;11;29;2115;3;1;1;1;6;603;AUTOROUTE A23;;;;590
201400049556;14;12;4;2245;5;1;1;1;6;378;AUTOROUTE A22;;;;590
201400049557;14;12;7;115;3;1;1;1;1;239;AUTOROUTE A16;;;;620
201400049558;14;12;14;845;1;1;1;5;7;435;AUTOROUTE A23;;;;590
201400049559;14;12;14;2230;3;1;1;1;7;80;AUTOROUTE A23;;;;590
201400049560;14;12;18;545;5;1;1;8;6;343;AUTOROUTE A1;;;;590
201400049561;14;12;19;1745;5;1;1;8;6;350;ROUTE NATIONALE 356;;;;590
201400049562;14;12;21;2345;3;1;1;8;7;195;ROUTE DEPARTEMENTALE 652;;;;590
201400049563;14;12;25;1200;1;1;1;1;4;43;AUTOROUTE A25;;;;590
201400049564;14;12;30;2020;3;1;1;8;7;234;AUTOROUTE A21;;;;590
201400049565;14;1;1;350;5;2;3;1;3;386;0, QUAI DE SERBIE;;;;690
201400049566;14;1;4;2200;5;2;2;3;6;383;0, AVENUE GEORGES POMPID;;;;690
201400049567;14;1;4;2325;5;2;2;2;1;383;AVENUE LACASSAGNE;;;;690
201400049568;14;1;6;1340;1;2;1;1;3;383;9, RUE DES CUIRASSIERS;;;;690
201400049569;14;1;6;1755;5;2;1;1;7;383;76, COURS GAMBETTA;;;;690
201400049570;14;1;10;1430;1;2;1;1;2;383;38, RUE FERDINAND BUISSO;;;;690
201400049571;14;1;10;2120;5;2;1;1;6;383;26, RUE JEANNE HACHETTE;;;;690
201400049572;14;1;7;1330;1;2;1;1;4;386;20, QUAI CHARLES DE GAUL;;;;690
201400049573;14;1;13;1410;1;2;1;2;3;383;RUE DE LA BALME;;;;690
201400049574;14;1;16;830;1;2;3;1;3;383;0, AVENUE FELIX FAURE;;;;690
201400049575;14;1;16;1900;5;2;3;2;7;383;0, RUE SAINTE ANNE DE BA;;;;690
201400049576;14;1;16;1940;5;2;1;2;7;386;140, RUE VAUBAN;;;;690
201400049577;14;1;17;1355;1;2;1;1;6;383;17, COURS DE LA LIBERTE;;;;690
201400049578;14;1;17;1625;1;2;2;1;3;383;RUE VIALA;;;;690
201400049579;14;1;17;1915;5;2;2;1;3;383;0, RUE DANTON;;;;690
201400049580;14;1;17;1945;5;2;1;1;3;383;0, RUE DE BONNEL;;;;690
201400049581;14;1;20;1030;1;2;1;1;2;383;53, BOULEVARD MARIUS VIV;;;;690
201400049582;14;1;23;715;1;2;1;1;6;386;170, RUE MICHEL RAMBAUD;;;;690
201400049583;14;1;29;1500;1;2;2;1;3;383;RUE D AUBIGNY;;;;690
201400049584;14;1;31;830;1;2;1;5;6;386;01, QUAI CHARLES DE GAUL;;;;690
201400049585;14;1;31;1225;1;2;2;8;6;383;0, COURS LAFAYETTE;;;;690
201400049586;14;2;4;1600;1;2;1;1;6;386;16, RUE COMMANDANT FAURA;;;;690
201400049587;14;2;9;555;5;2;1;1;3;386;30, QUAI CHARLES DE GAUL;;;;690
201400049588;14;2;6;1105;1;2;1;1;6;387;116, COURS GAMBETTA;;;;690
201400049589;14;2;7;40;5;2;2;1;3;386;0, RUE PROFESSEUR WEILL;;;;690
201400049590;14;2;10;1935;5;2;1;2;3;386;88, BOULEVARD DES BELGES;;;;690
201400049591;14;2;12;2200;5;2;1;1;6;383;138, AVENUE FELIX FAURE;;;;690
201400049592;14;2;12;800;1;2;1;9;2;386;RUE GARIBALDI;;;;690
201400049593;14;2;13;2000;5;2;6;1;6;383;0, PLACE D ARSONVAL;;;;690
201400049594;14;2;17;1925;5;2;1;1;6;383;BOULEVARD PINEL;;;;690
201400049595;14;2;15;2045;5;2;2;2;1;386;0, RUE GARIBALDI;;;;690
201400049596;14;2;19;815;1;2;2;8;3;383;QUAI VICTOR AUGAGNEUR;;;;690
201400049597;14;2;17;1130;1;2;1;1;1;387;70, COURS GAMBETTA;;;;690
201400049598;14;2;22;330;5;2;1;1;1;386;92, RUE JULIETTE RECAMIE;;;;690
201400049599;14;2;23;1455;1;2;2;1;3;386;0, RUE DUGUESCLIN;;;;690
201400049600;14;2;27;1130;1;2;3;1;6;386;07, QUAI GENERAL SARRAIL;;;;690
201400049601;14;2;28;1815;5;2;2;1;3;383;0, RUE BONNAND;;;;690
201400049602;14;3;2;600;5;2;1;1;6;386;38, AVENUE MARECHAL DE S;;;;690
201400049603;14;3;3;855;1;2;9;8;2;383;AVENUE FELIX FAURE;;;;690
201400049604;14;3;3;1635;1;2;1;1;6;383;199, RUE DE BONNEL;;;;690
201400049605;14;3;7;2150;5;2;1;1;2;386;126, RUE DE SEZE;;;;690
201400049606;14;3;8;1835;2;2;1;1;3;383;113, BOULEVARD MARIUS VI;;;;690
201400049607;14;3;11;2030;5;2;3;1;3;383;5, PLACE D ARSONVAL;;;;690
201400049608;14;4;11;2030;5;2;3;1;3;383;5, PLACE D ARSONVAL;;;;690
201400049609;14;3;11;2044;5;2;1;1;3;383;0, RUE BARABAN;;;;690
201400049610;14;3;12;1955;5;2;2;1;3;386;0, RUE GERMAIN;;;;690
201400049611;14;3;12;2040;5;2;2;1;6;383;COURS DE LA LIBERTE;;;;690
201400049612;14;3;13;1800;1;2;2;1;3;386;0, RUE DUGUESCLIN;;;;690
201400049613;14;3;16;1400;1;2;2;1;3;383;0, RUE BONNAND;;;;690
201400049614;14;3;17;1540;1;2;1;1;3;383;32, AVENUE GEORGES POMPI;;;;690
201400049615;14;3;18;1040;1;2;1;1;2;386;185, COURS LAFAYETTE;;;;690
201400049616;14;3;22;1310;1;2;2;2;3;383;RUE PAUL BERT;;;;690
201400049617;14;3;27;2245;5;2;2;1;3;383;RUE DE BONNEL;;;;690
201400049618;14;3;28;1225;1;2;1;1;2;386;80, QUAI CHARLES DE GAUL;;;;690
201400049619;14;4;1;805;1;2;2;1;1;383;0, COURS LAFAYETTE;;;;690
201400049620;14;4;1;835;1;2;2;1;3;383;RUE CLOS SUIPHON;;;;690
201400049621;14;4;3;1700;1;2;1;1;6;383;9, RUE JEAN PIERRE LEVY;;;;690
201400049622;14;4;1;1620;1;2;6;1;6;383;PLACE D ARSONVAL;;;;690
201400049623;14;4;7;1;5;2;2;1;6;383;111, AVENUE MARECHAL DE;;;;690
201400049624;14;4;16;1930;1;2;3;1;3;383;RUE GUILLOUD;;;;690
201400049625;14;4;8;1105;1;2;2;1;6;383;0, RUE GENERAL MOUTON DU;;;;690
201400049626;14;4;19;1625;1;2;2;1;3;383;RUE CLOS SUIPHON;;;;690
201400049627;14;4;15;1345;1;2;2;1;3;383;0, RUE SERVIENT;;;;690
201400049628;14;4;16;1315;1;2;3;1;6;383;RUE GABILLOT;;;;690
201400049629;14;4;17;1405;1;2;2;1;6;386;0, AVENUE MARECHAL DE SA;;;;690
201400049630;14;4;18;730;1;2;2;1;6;383;40, RUE ANTOINE CHARIAL;;;;690
201400049631;14;4;18;1400;1;2;3;1;6;383;RUE FERDINAND BUISSON;;;;690
201400049632;14;4;18;1350;1;2;3;1;3;386;97, BOULEVARD DES BELGES;;;;690
201400049633;14;4;19;1000;1;2;2;7;6;383;1, RUE ANTOINE CHARIAL;;;;690
201400049634;14;4;18;1635;1;2;1;1;6;386;5, RUE VIRICEL;;;;690
201400049635;14;4;23;915;1;2;1;1;6;383;0, PLACE D ARSONVAL;;;;690
201400049636;14;4;24;1020;1;2;1;1;3;383;126, COURS GAMBETTA;;;;690
201400049637;14;4;23;1230;1;2;1;1;2;383;21, AVENUE FELIX FAURE;;;;690
201400049638;14;4;30;940;1;2;1;2;6;386;277, COURS LAFAYETTE;;;;690
201400049639;14;4;30;1355;1;2;3;1;3;383;RUE GENERAL MOUTON DUVER;;;;690
201400049640;14;5;5;1920;1;2;1;1;6;383;RUE VILLEROY;;;;690
201400049641;14;5;9;1500;1;2;1;1;2;383;132, AVENUE MARECHAL DE;;;;690
201400049642;14;5;9;845;1;2;1;1;3;386;BOULEVARD JULES FAVRE;;;;690
201400049643;14;5;15;1245;1;2;1;1;6;383;0, PLACE CHARLES BERAUDI;;;;690
201400049644;14;5;15;1350;1;2;2;1;3;383;RUE DUGUESCLIN;;;;690
201400049645;14;5;15;1530;1;2;2;1;3;383;0, RUE PAUL BERT;;;;690
201400049646;14;4;19;1900;1;2;2;1;3;386;COURS VITTON;;;;690
201400049647;14;5;19;1000;1;2;2;1;3;383;0, AVENUE DU CHATEAU;;;;690
201400049648;14;5;16;1600;1;2;1;1;3;383;COURS GAMBETTA;;;;690
201400049649;14;5;12;1300;1;2;2;1;6;383;RUE PAUL BERT;;;;690
201400049650;14;5;17;1920;1;2;1;1;3;383;270, RUE DUGUESCLIN;;;;690
201400049651;14;5;17;2135;5;2;2;1;6;386;AVENUE MARECHAL DE SAXE;;;;690
201400049652;14;5;19;1240;1;2;2;1;3;383;COURS EUGENIE;;;;690
201400049653;14;5;19;1537;1;2;2;1;2;386;0, COURS FRANKLIN ROOSEV;;;;690
201400049654;14;5;20;1040;1;2;1;1;6;386;52, RUE ROBERT;;;;690
201400049655;14;5;18;315;5;2;2;1;3;383;RUE DE CREQUI;;;;690
201400049656;14;5;20;915;1;2;2;1;3;383;0, RUE DE CREQUI;;;;690
201400049657;14;5;21;1400;1;2;2;1;6;266;PLACE DE LA RECONNAISSAN;;;;690
201400049658;14;5;23;2000;1;2;1;1;5;386;QUAI CHARLES DE GAULLE;;;;690
201400049659;14;5;23;1025;1;2;2;1;6;383;0, RUE GABILLOT;;;;690
201400049660;14;5;27;1650;1;2;1;1;2;383;159, COURS DOCTEUR LONG;;;;690
201400049661;14;5;28;1650;1;2;1;1;6;383;QUAI VICTOR AUGAGNEUR;;;;690
201400049662;14;5;30;455;5;2;1;1;6;383;21, QUAI VICTOR AUGAGNEU;;;;690
201400049663;14;5;17;2330;5;2;1;1;3;386;110, QUAI CHARLES DE GAU;;;;690
201400049664;14;5;30;1705;1;2;2;1;5;383;RUE SAINT ANTOINE;;;;690
201400049665;14;6;2;1820;1;2;2;1;3;386;RUE BARREME;;;;690
201400049666;14;6;11;800;1;2;1;1;3;383;AVENUE GEORGES POMPIDOU;;;;690
201400049667;14;6;4;1630;1;2;1;1;2;386;COURS VITTON;;;;690
201400049668;14;6;4;1505;1;2;3;2;3;386;0, BOULEVARD DES BELGES;;;;690
201400049669;14;6;6;845;1;2;3;1;3;386;COURS LAFAYETTE;;;;690
201400049670;14;6;10;1000;1;2;1;1;3;383;27, BOULEVARD EUGENE DER;;;;690
201400049671;14;6;11;945;1;2;1;1;6;386;RUE SULLY;;;;690
201400049672;14;6;15;700;1;2;2;1;5;386;RUE DU LIEUTENANT COLONE;;;;690
201400049673;14;6;16;1455;1;2;2;1;6;383;RUE LE ROYER;;;;690
201400049674;14;6;17;1105;1;2;1;1;7;386;16, RUE DUQUESNE;;;;690
201400049675;14;6;16;2020;1;2;1;1;3;383;COURS GAMBETTA;;;;690
201400049676;14;6;17;1350;1;2;2;1;6;386;RUE VAUBAN;;;;690
201400049677;14;6;12;1450;1;2;1;1;7;386;0, QUAI CHARLES DE GAULL;;;;690
201400049678;14;6;18;1220;1;2;1;1;3;383;45, BOULEVARD MARIUS VIV;;;;690
201400049679;14;6;12;1930;1;2;1;1;6;383;27, RUE MAURICE FLANDIN;;;;690
201400049680;14;6;18;2035;5;2;3;1;2;386;0, BOULEVARD JULES FAVRE;;;;690
201400049681;14;6;23;1200;1;2;1;1;7;383;AVENUE MARECHAL DE SAXE;;;;690
201400049682;14;6;26;2100;1;2;2;1;3;383;RUE DE LA PART DIEU;;;;690
201400049683;14;6;1;1425;1;2;2;1;3;386;0, AVENUE MARECHAL FOCH;;;;690
201400049684;14;6;29;1320;1;2;1;1;2;383;AVENUE FELIX FAURE;;;;690
201400049685;14;6;30;925;1;2;1;1;6;383;276, RUE GARIBALDI;;;;690
201400049686;14;6;30;1250;1;2;2;1;3;386;AVENUE MARECHAL DE SAXE;;;;690
201400049687;14;6;22;405;5;2;1;1;6;383;0, AVENUE FELIX FAURE;;;;690
201400049688;14;6;30;1855;1;2;1;1;6;383;COURS LAFAYETTE;;;;690
201400049689;14;7;3;2015;1;2;2;1;4;383;0, BOULEVARD MARIUS VIVI;;;;690
201400049690;14;7;7;1620;1;2;2;1;3;386;RUE NOTRE DAME;;;;690
201400049691;14;7;3;1400;1;2;1;1;5;383;208, ROUTE DE GENAS;;;;690
201400049692;14;7;7;1800;1;2;1;3;4;386;18, BOULEVARD DES BELGES;;;;690
201400049693;14;7;3;2040;1;2;2;1;6;386;RUE MOLIERE;;;;690
201400049694;14;7;8;1455;1;2;2;1;3;383;PLACE PIERRE RENAUDEL;;;;690
201400049695;14;7;9;1925;1;2;1;2;3;386;COURS RICHARD VITTON;;;;690
201400049696;14;7;13;950;1;2;1;1;2;383;35, COURS GAMBETTA;;;;690
201400049697;14;7;16;920;1;2;2;1;3;383;AVENUE FELIX FAURE;;;;690
201400049698;14;7;17;1750;1;2;1;1;6;383;BOULEVARD MARIUS VIVIER;;;;690
201400049699;14;7;21;1900;1;2;1;2;3;383;138, AVENUE FELIX FAURE;;;;690
201400049700;14;7;17;2245;5;2;1;1;6;388;22, COURS ALBERT THOMAS;;;;690
201400049701;14;7;25;1255;1;2;1;1;3;386;114, RUE BOSSUET;;;;690
201400049702;14;7;26;1130;1;2;3;1;3;383;0, QUAI VICTOR AUGAGNEUR;;;;690
201400049703;14;7;26;1950;1;2;1;1;2;383;138, COURS LAFAYETTE;;;;690
201400049704;14;7;29;920;1;2;1;2;3;383;31, RUE DES RANCY;;;;690
201400049705;14;7;29;1500;1;2;1;8;1;383;263 COURS LAFAYETTE;;;;690
201400049706;14;7;29;1015;1;2;2;3;6;383;AVENUE MARECHAL DE SAXE;;;;690
201400049707;14;7;19;1825;1;2;2;1;3;383;0, RUE GARIBALDI;;;;690
201400049708;14;8;4;1240;1;2;2;1;6;383;RUE TURBIL;;;;690
201400049709;14;8;7;845;1;2;3;1;2;383;0, RUE GENERAL MOUTON DU;;;;690
201400049710;14;8;8;450;5;2;2;1;3;386;RUE DES EMERAUDES;;;;690
201400049711;14;8;8;1125;1;2;1;1;2;383;12 RUE DOCTEUR REBATEL;;;;690
201400049712;14;8;18;1830;1;2;1;1;7;386;14, AVENUE VERGUIN;;;;690
201400049713;14;8;20;1000;1;2;2;1;3;383;AVENUE LACASSAGNE;;;;690
201400049714;14;8;26;1945;1;2;3;1;3;386;0, BOULEVARD DES BROTTEA;;;;690
201400049715;14;8;27;825;1;2;2;1;3;386;COURS LAFAYETTE;;;;690
201400049716;14;8;27;950;1;2;1;1;3;383;86, R FERDINAND BUISSON;;;;690
201400049717;14;8;27;1335;1;2;2;1;3;386;0, RUE LOUIS BLANC;;;;690
201400049718;14;8;28;1000;1;2;2;1;3;383;0, AVENUE DU CHATEAU;;;;690
201400049719;14;8;28;1805;1;2;2;1;3;383;0, RUE TETE D OR;;;;690
201400049720;14;8;29;1715;1;2;1;1;3;383;131, AVENUE FELIX FAURE;;;;690
201400049721;14;9;1;1730;1;2;2;1;3;383;100, RUE SERVIENT;;;;690
201400049722;14;9;2;1815;1;2;1;1;3;386;AVENUE MARECHAL FOCH;;;;690
201400049723;14;9;4;810;1;2;1;1;6;383;52, RUE PAUL BERT;;;;690
201400049724;14;9;6;2310;5;2;1;1;3;383;146 AVENUE FELIX FAURE;;;;690
201400049725;14;9;6;2000;2;2;1;1;6;383;9, COURS GAMBETTA;;;;690
201400049726;14;9;8;745;1;2;1;1;3;383;0, AVENUE FELIX FAURE;;;;690
201400049727;14;9;8;1715;1;2;1;1;6;383;RUE FEUILLAT;;;;690
201400049728;14;9;9;2205;5;2;1;1;3;386;BOULEVARD DES BELGES;;;;690
201400049729;14;9;10;1325;1;2;3;1;6;383;0, RUE GABILLOT;;;;690
201400049730;14;9;15;1245;1;2;3;1;3;386;RUE JACQUES MOYRON;;;;690
201400049731;14;9;12;1545;1;1;1;1;6;383;72 COURS EUGENIE;;;;690
201400049732;14;9;15;1345;1;2;2;1;6;386;0, RUE PIERRE CORNEILLE;;;;690
201400049733;14;9;16;805;1;2;1;1;3;383;AVENUE ROCKEFELLER;;;;690
201400049734;14;9;16;1725;1;2;1;1;5;383;35, RUE VIALA;;;;690
201400049735;14;9;17;1515;1;2;5;1;3;386;0, RUE MASSENA;;;;690
201400049736;14;9;17;1350;1;2;1;1;3;386;122, RUE DE SEZE;;;;690
201400049737;14;9;18;1010;1;2;2;1;3;386;RUE GARIBALDI;;;;690
201400049738;14;9;21;435;5;2;1;1;2;386;20, QUAI CHARLES DE GAUL;;;;690
201400049739;14;9;13;2115;2;2;1;1;6;29;95, BOULEVARD PINEL;;;;690
201400049740;14;9;18;820;1;2;1;1;3;383;RUE SERVIENT;;;;690
201400049741;14;9;23;2155;5;2;2;1;1;383;0, RUE PAUL BERT;;;;690
201400049742;14;9;24;825;1;2;1;1;3;387;154, COURS GAMBETTA;;;;690
201400049743;14;9;24;1750;1;2;1;2;1;383;RUE VENDOME;;;;690
201400049744;14;9;26;900;1;2;9;1;6;383;0, AVENUE GEORGES POMPID;;;;690
201400049745;14;9;28;1430;1;2;1;1;2;383;COURS GAMBETTA;;;;690
201400049746;14;9;29;1940;2;2;1;1;6;383;6, RUE BONNAND;;;;690
201400049747;14;10;2;1900;1;2;1;1;3;383;36, RUE MAURICE FLANDIN;;;;690
201400049748;14;10;3;2045;5;2;2;1;3;386;COURS LAFAYETTE;;;;690
201400049749;14;10;7;1830;1;2;2;1;3;383;AVENUE LACASSAGNE;;;;690
201400049750;14;10;10;2150;5;2;1;3;1;383;2 RUE DU DAUPHINE;;;;690
201400049751;14;10;9;1750;1;2;1;3;6;383;93 RUE BELLECOMBE;;;;690
201400049752;14;10;14;1810;1;2;3;1;3;383;0, RUE GENERAL MOUTON DU;;;;690
201400049753;14;10;13;1040;1;2;1;2;6;386;235 COURS LAFAYETTE;;;;690
201400049754;14;10;20;1040;1;2;1;1;3;386;91, COURS LAFAYETTE;;;;690
201400049755;14;10;25;1825;1;2;2;1;3;383;0, BOULEVARD MARIUS VIVI;;;;690
201400049756;14;10;30;1115;1;2;3;1;6;386;COURS LAFAYETTE;;;;690
201400049757;14;10;30;2250;5;2;1;1;2;383;AVENUE LACASSAGNE;;;;690
201400049758;14;10;31;645;1;2;1;1;6;383;0, RUE GARIBALDI;;;;690
201400049759;14;10;31;1845;5;2;1;1;6;383;RUE DE BONNEL;;;;690
201400049760;14;10;19;614;5;2;2;1;3;388;1, PLACE D ARSONVAL;;;;690
201400049761;14;11;1;1630;1;2;1;1;2;383;3, COURS GAMBETTA;;;;690
201400049762;14;11;6;1750;5;2;3;1;3;383;RUE DU DAUPHINE;;;;690
201400049763;14;11;5;1655;1;2;2;2;3;386;RUE MALESHERBES;;;;690
201400049764;14;11;7;1700;1;2;1;1;3;383;2, COURS ALBERT THOMAS;;;;690
201400049765;14;11;7;1200;1;2;1;1;6;386;123, BOULEVARD STALINGRA;;;;690
201400049766;14;11;8;1800;5;2;2;1;3;386;PONT LAFAYETTE;;;;690
201400049767;14;11;12;1740;5;2;2;1;3;386;0, BOULEVARD JULES FAVRE;;;;690
201400049768;14;11;7;625;2;2;2;1;3;386;RUE D INKERMANN;;;;690
201400049769;14;11;6;1650;2;2;1;1;6;383;11 RUE PAUL BERT;;;;690
201400049770;14;11;17;1115;1;2;2;1;3;383;0, RUE BARABAN;;;;690
201400049771;14;11;17;730;1;2;2;2;3;383;RUE SAINT ANTOINE;;;;690
201400049772;14;11;17;1300;1;2;2;1;3;383;1, RUE FEUILLAT;;;;690
201400049773;14;11;20;1945;5;2;3;1;5;386;0, RUE BELLECOMBE;;;;690
201400049774;14;11;21;1720;5;2;2;1;6;386;COURS FRANKLIN ROOSEVELT;;;;690
201400049775;14;11;12;1445;1;2;1;2;2;386;51, BOULEVARD DES BELGES;;;;690
201400049776;14;11;24;1930;5;2;2;1;3;383;0, RUE SERVIENT;;;;690
201400049777;14;11;7;445;5;2;2;5;6;386;1, AVENUE DE GRANDE BRET;;;;690
201400049778;14;11;24;1945;5;2;1;1;6;383;196, AVENUE FELIX FAURE;;;;690
201400049779;14;11;27;745;1;2;1;8;7;383;42, AVENUE GEORGES POMPI;;;;690
201400049780;14;11;27;945;1;2;1;1;4;383;270, COURS LAFAYETTE;;;;690
201400049781;14;11;27;2030;5;2;1;1;6;383;AVENUE ROCKEFELLER;;;;690
201400049782;14;11;21;1145;1;2;1;1;6;386;59, RUE GARIBALDI;;;;690
201400049783;14;11;27;1815;5;2;2;1;1;383;0, AVENUE FELIX FAURE;;;;690
201400049784;14;11;28;1220;1;2;1;1;6;383;111, RUE PAUL BERT;;;;690
201400049785;14;12;1;820;1;2;0;2;7;383;47, AVENUE FELIX FAURE;;;;690
201400049786;14;12;3;850;1;2;1;1;6;383;0, RUE GABILLOT;;;;690
201400049787;14;12;5;1900;5;2;1;1;3;383;75, RUE DE LA VILLETTE;;;;690
201400049788;14;12;6;1930;5;2;2;2;3;383;106, AVENUE MARECHAL DE;;;;690
201400049789;14;12;8;735;2;2;2;2;6;386;0, RUE GARIBALDI;;;;690
201400049790;14;12;8;1705;5;2;2;1;3;383;RUE PAUL BERT;;;;690
201400049791;14;12;8;1740;2;2;1;1;5;383;2, RUE FREDERIC MISTRAL;;;;690
201400049792;14;12;3;1605;1;2;2;1;3;386;RUE CURTELIN;;;;690
201400049793;14;12;9;845;1;2;2;1;3;386;BOULEVARD DES BELGES;;;;690
201400049794;14;12;10;1545;1;2;1;2;2;387;128, COURS GAMBETTA;;;;690
201400049795;14;12;11;1800;5;2;1;2;6;383;115, AVENUE LACASSAGNE;;;;690
201400049796;14;12;13;1630;1;2;2;8;6;386;RUE GARIBALDI;;;;690
201400049797;14;12;13;1750;5;2;1;1;2;383;316, COURS LAFAYETTE;;;;690
201400049798;14;12;16;1210;1;2;1;1;3;383;223, AVENUE FELIX FAURE;;;;690
201400049799;14;12;16;1940;3;2;1;1;6;386;RUE NEY;;;;690
201400049800;14;12;16;2350;5;2;1;1;6;383;AVENUE FELIX FAURE;;;;690
201400049801;14;12;17;1745;3;2;1;3;6;266;0, RUE FREDERIC MISTRAL;;;;690
201400049802;14;12;10;1900;4;2;1;2;1;386;PONT DE LATTRE DE TASSIG;;;;690
201400049803;14;12;17;1915;5;2;1;1;6;383;87, COURS LAFAYETTE;;;;690
201400049804;14;12;17;2000;5;2;2;2;4;386;0, AVENUE VERGUIN;;;;690
201400049805;14;12;22;1500;1;2;1;1;2;383;290, COURS LAFAYETTE;;;;690
201400049806;14;12;5;730;1;2;1;1;6;383;47, AVENUE LACASSAGNE;;;;690
201400049807;14;12;23;1230;1;2;1;1;6;383;396, RUE PAUL BERT;;;;690
201400049808;14;12;23;1300;1;2;3;1;3;383;RUE DOCTEUR REBATEL;;;;690
201400049809;14;12;30;1743;5;2;1;1;4;383;69, COURS RICHARD VITTON;;;;690
201400049810;14;2;15;1820;5;2;1;3;6;384;AVENUE DE BIRMINGHAM;;;;690
201400049811;14;2;17;1400;1;2;1;1;3;384;PLACE DE SERIN;;;;690
201400049812;14;2;21;738;1;2;1;2;6;384;40, RUE HENON;;;;690
201400049813;14;2;24;1130;1;2;1;1;6;384;2, CHEMIN DE SERIN A LA;;;;690
201400049814;14;3;1;855;1;2;1;2;6;384;49, RUE HENON;;;;690
201400049815;14;3;2;2140;5;2;1;1;6;384;37, COURS D HERBOUVILLE;;;;690
201400049816;14;3;12;1345;1;2;1;1;6;384;SANS, TUNNEL ROUTIER DE;;;;690
201400049817;14;3;14;1605;1;2;1;1;6;384;75, BOULEVARD DES CANUTS;;;;690
201400049818;14;3;17;1655;1;2;1;1;3;384;14, COURS D HERBOUVILLE;;;;690
201400049819;14;3;20;2120;5;2;1;1;3;384;117, BOULEVARD DE LA CRO;;;;690
201400049820;14;3;31;848;1;2;1;1;6;384;PLACE PICARD;;;;690
201400049821;14;4;1;1350;1;2;1;1;1;384;TUNNEL ROUTIER DE LA CRO;;;;690
201400049822;14;4;4;1655;1;2;1;1;2;384;1, COURS D HERBOUVILLE;;;;690