num_acc;an;mois;jour;hrmn;lum;agg;int;atm;col;com;adr;gps;lat;long;dep
201400049823;14;4;18;130;5;2;1;1;7;384;167, BOULEVARD DE LA CRO;;;;690
201400049824;14;4;29;900;1;2;1;1;6;384;16, COURS D HERBOUVILLE;;;;690
201400049825;14;5;19;1350;1;2;2;1;3;384;17, RUE DU MAIL;;;;690
201400049826;14;5;23;1930;1;2;2;1;1;384;126, BOULEVARD DE LA CRO;;;;690
201400049827;14;5;30;1805;1;2;1;1;6;384;36, RUE PHILIPPE DE LASS;;;;690
201400049828;14;5;31;1607;1;2;2;1;6;384;2, RUE HENON;;;;690
201400049829;14;5;14;740;1;2;1;1;7;384;AVENUE DE BIRMINGHAM;;;;690
201400049830;14;6;9;1900;1;2;1;1;3;384;67, QUAI JOSEPH GILLET;;;;690
201400049831;14;6;14;1430;1;2;1;1;2;384;AVENUE DE BIRMINGHAM;;;;690
201400049832;14;6;15;1145;1;2;1;7;6;34;SANS, RUE HENRI LACHIEZE;;;;690
201400049833;14;6;19;2230;5;2;1;1;2;34;SANS, MONTEE DE LA BOUCL;;;;690
201400049834;14;6;20;1220;1;2;1;1;6;384;62, GRANDE RUE DE LA CRO;;;;690
201400049835;14;6;27;1604;1;2;1;1;7;384;SANS, CHEMIN DE SERIN A;;;;690
201400049836;14;11;9;2330;5;2;1;2;1;384;22B, MONTEE BONAFOUS;;;;690
201400049837;14;7;6;1830;1;2;3;3;2;384;0, RUE PHILIPPE DE LASSA;;;;690
201400049838;14;7;10;2126;5;2;1;1;2;384;51BIS, QUAI JOSEPH GILLE;;;;690
201400049839;14;7;18;1300;1;2;1;1;3;384;9, COURS D HERBOUVILLE;;;;690
201400049840;14;8;6;1915;1;2;1;1;6;384;41, RUE EUGENE PONS;;;;690
201400049841;14;8;21;1720;1;2;1;1;3;384;120, RUE HENON;;;;690
201400049842;14;8;27;1845;1;2;1;1;3;384;97, BOULEVARD DE LA CROI;;;;690
201400049843;14;9;4;1100;1;2;1;1;3;384;CHEMIN DE SERIN A LA CRO;;;;690
201400049844;14;9;4;1706;1;2;1;1;6;384;47, RUE HENON;;;;690
201400049845;14;9;22;845;1;2;1;1;2;384;CHEMIN DE SERIN A LA CRO;;;;690
201400049846;14;10;7;825;1;2;1;1;7;384;67, QUAI JOSEPH GILLET;;;;690
201400049847;14;10;8;1500;1;2;1;1;3;384;RUE PHILIPPE DE LASSALLE;;;;690
201400049848;14;10;13;1258;1;2;3;1;1;384;RUE HENON;;;;690
201400049849;14;10;22;2050;5;2;1;1;3;384;56, QUAI JOSEPH GILLET;;;;690
201400049850;14;12;22;1450;1;2;1;7;6;384;118, RUE PHILIPPE DE LAS;;;;690
201400049851;14;11;19;720;1;2;1;9;3;384;001, QUAI JOSEPH GILLET;;;;690
201400049852;14;12;11;1705;4;2;3;2;3;384;RUE HENON;;;;690
201400049853;14;1;2;920;1;1;1;2;6;249;ROCADE A 630;;;;330
201400049854;14;1;2;955;1;1;1;1;6;162;ROCADE A 630;;;;330
201400049855;14;1;4;2210;3;1;1;2;6;550;ROCADE A 630;;;;330
201400049856;14;1;9;720;5;1;1;1;6;119;ROUTE NATIONALE 230;;;;330
201400049857;14;1;10;720;5;1;1;5;4;397;AUTOROUTE A 10;;;;330
201400049858;14;1;13;900;1;1;1;1;2;249;ROCADE A 630;;;;330
201400049859;14;1;14;2035;3;1;1;1;4;122;AUTOROUTE A 63;;;;330
201400049860;14;1;15;815;2;1;1;2;3;23;AUTOROUTE A 62;;;;330
201400049861;14;1;15;915;1;1;1;2;2;162;ROCADE A 630;;;;330
201400049862;14;1;16;1720;1;1;1;1;2;143;AUTOROUTE A 10;;;;330
201400049863;14;1;19;630;3;1;1;2;6;63;ROCADE A 630;;;;330
201400049864;14;1;20;1100;1;1;1;2;6;281;ROCADE A 630;;;;330
201400049865;14;1;25;810;2;1;1;3;3;122;AUTOROUTE A 63;;;;330
201400049866;14;1;25;820;2;1;1;2;6;39;ROUTE NATIONALE 230;;;;330
201400049867;14;1;25;910;1;1;1;2;6;249;ROCADE A 630;;;;330
201400049868;14;1;25;2320;5;1;1;9;6;249;ROUTE NATIONALE 230;;;;330
201400049869;14;1;27;710;3;1;1;3;2;80;AUTOROUTE A 62;;;;330
201400049870;14;1;27;820;4;1;1;2;3;550;ROCADE A 630;;;;330
201400049871;14;1;27;1000;1;1;1;2;6;80;AUTOROUTE A 62;;;;330
201400049872;14;1;28;1140;1;1;1;3;6;119;ROUTE NATIONALE 230;;;;330
201400049873;14;1;29;900;1;1;1;2;6;65;ROUTE NATIONALE 230;;;;330
201400049874;14;1;29;1730;1;1;1;2;6;249;ROCADE A 630;;;;330
201400049875;14;2;1;1750;5;1;1;2;6;249;ROCADE A 630;;;;330
201400049876;14;2;1;1955;3;1;1;1;5;143;AUTOROUTE A 10;;;;330
201400049877;14;2;3;1735;1;1;1;3;3;143;AUTOROUTE A 10;;;;330
201400049878;14;2;2;1940;5;1;1;1;6;249;ROCADE A 630;;;;330
201400049879;14;2;4;940;1;1;1;1;2;448;AUTOROUTE A 62;;;;330
201400049880;14;2;7;925;1;1;1;1;2;318;ROCADE A 630;;;;330
201400049881;14;2;8;1440;1;1;1;2;6;249;ROCADE A 630;;;;330
201400049882;14;2;10;840;1;1;1;2;4;75;ROCADE A 630;;;;330
201400049883;14;2;15;2240;5;1;1;1;6;249;ROCADE A 630;;;;330
201400049884;14;2;21;1740;1;1;1;2;6;122;AUTOROUTE A 63;;;;330
201400049885;14;2;26;1440;1;1;1;2;6;39;ROCADE A 631;;;;330
201400049886;14;2;26;2045;5;1;1;2;3;192;ROCADE A 630;;;;330
201400049887;14;2;28;640;1;1;1;1;6;39;ROCADE A 630;;;;330
201400049888;14;2;28;640;3;1;1;3;6;550;AUTOROUTE A 62;;;;330
201400049889;14;2;28;1245;1;1;1;8;4;80;AUTOROUTE A 62;;;;330
201400049890;14;2;28;1420;1;1;1;8;6;318;ROCADE A 630;;;;330
201400049891;14;2;28;2025;5;1;1;2;6;397;AUTOROUTE A 10;;;;330
201400049892;14;3;3;1550;1;1;1;2;6;249;ROCADE A 630;;;;330
201400049893;14;3;5;1735;1;1;1;1;6;75;ROCADE A 630;;;;330
201400049894;14;3;5;945;1;1;1;1;6;281;ROCADE A 630;;;;330
201400049895;14;3;6;1830;1;1;1;1;6;318;ROCADE A 630;;;;330
201400049896;14;3;10;1920;4;1;1;1;6;75;ROCADE A 630;;;;330
201400049897;14;3;8;1855;1;1;1;1;6;318;ROCADE A 630;;;;330
201400049898;14;3;10;805;1;1;1;1;6;162;ROCADE A 630;;;;330
201400049899;14;3;10;755;1;1;1;1;2;80;AUTOROUTE A 62;;;;330
201400049900;14;3;12;1815;1;1;1;1;3;75;ROCADE A 630;;;;330
201400049901;14;3;13;1855;1;1;1;1;6;143;AUTOROUTE A 10;;;;330
201400049902;14;3;14;955;1;1;1;1;6;318;ROCADE A 630;;;;330
201400049903;14;3;15;815;1;1;1;1;6;167;ROUTE NATIONALE 230;;;;330
201400049904;14;3;17;2225;3;1;1;1;6;90;AUTOROUTE A 63;;;;330
201400049905;14;3;19;1250;1;1;1;1;6;318;ROCADE A 630;;;;330
201400049906;14;3;20;849;1;1;1;1;2;192;ROCADE A 630;;;;330
201400049907;14;3;27;855;1;1;1;1;2;281;ROCADE A 630;;;;330
201400049908;14;3;28;2155;5;1;1;1;4;63;ROCADE A 630;;;;330
201400049909;14;4;1;1855;1;1;1;1;3;366;AUTOROUTE A 10;;;;330
201400049910;14;4;3;1510;1;1;1;2;6;249;ROCADE A 630;;;;330
201400049911;14;4;3;1705;1;1;1;2;6;249;ROCADE A 630;;;;330
201400049912;14;4;3;1800;1;1;1;3;6;162;ROCADE A 630;;;;330
201400049913;14;4;10;850;1;1;1;1;2;65;ROUTE NATIONALE 230;;;;330
201400049914;14;4;11;820;1;1;1;1;6;318;ROCADE A 630;;;;330
201400049915;14;4;11;2030;2;1;1;1;3;63;ROCADE A 630;;;;330
201400049916;14;4;14;900;1;1;1;1;4;550;AUTOROUTE A 62;;;;330
201400049917;14;4;14;1010;1;1;1;1;4;448;AUTOROUTE A 62;;;;330
201400049918;14;4;14;1135;1;1;1;1;2;192;ROCADE A 630;;;;330
201400049919;14;4;16;1700;1;1;1;1;3;39;ROCADE A 630;;;;330
201400049920;14;4;19;1720;1;1;1;1;6;249;AUTOROUTE A 10;;;;330
201400049921;14;4;24;820;1;1;1;1;3;167;ROUTE NATIONALE 230;;;;330
201400049922;14;4;25;1720;1;1;1;1;4;63;ROCADE A 630;;;;330
201400049923;14;4;25;2000;1;1;1;1;5;249;ROCADE A 630;;;;330
201400049924;14;4;29;735;2;1;1;3;6;550;AUTOROUTE A 62;;;;330
201400049925;14;4;29;1925;1;1;1;2;6;553;AUTOROUTE A 10;;;;330
201400049926;14;5;2;725;1;1;1;2;2;249;ROCADE A 630;;;;330
201400049927;14;5;2;1915;1;1;1;1;6;80;AUTOROUTE A 62;M;4475226;-54277;330
201400049928;14;5;4;2125;3;1;1;1;6;448;AUTOROUTE A 62;;;;330
201400049929;14;5;5;1235;1;1;1;1;3;192;ROCADE A 630;;;;330
201400049930;14;5;15;1640;1;1;1;1;6;281;ROCADE A 630;;;;330
201400049931;14;5;16;945;1;1;1;1;3;167;ROUTE NATIONALE 230;;;;330
201400049932;14;5;16;1810;1;1;1;1;2;318;ROCADE A 630;;;;330
201400049933;14;5;17;1225;1;1;1;1;6;550;AUTOROUTE A 62;;;;330
201400049934;14;5;17;1735;1;1;1;1;6;119;ROUTE NATIONALE 230;;;;330
201400049935;14;5;20;1350;1;1;1;2;6;249;ROCADE A 630;;;;330
201400049936;14;5;20;1730;1;1;1;1;2;192;ROCADE A 630;;;;330
201400049937;14;5;26;1915;1;1;1;1;6;281;ROCADE A 630;;;;330
201400049938;14;5;28;1830;1;1;1;2;6;39;ROCADE A 631;;;;330
201400049939;14;5;28;1850;1;1;1;1;6;80;AUTOROUTE A 62;;;;330
201400049940;14;5;30;720;1;1;1;1;6;249;ROCADE A 630;;;;330
201400049941;14;5;30;1015;1;1;1;1;4;318;ROCADE A 630;;;;330
201400049942;14;6;3;1455;1;1;1;1;2;249;ROCADE A 630;;;;330
201400049943;14;6;5;2235;2;1;1;1;6;167;ROUTE NATIONALE 230;;;;330
201400049944;14;6;6;1200;1;1;1;1;6;39;ROUTE NATIONALE 230;;;;330
201400049945;14;6;6;1500;1;1;1;1;2;318;ROCADE A 630;;;;330
201400049946;14;6;6;1900;1;1;1;1;6;162;ROCADE A 630;;;;330
201400049947;14;6;8;715;1;1;1;1;6;318;ROCADE A 630;;;;330
201400049948;14;6;8;1450;1;1;1;1;6;550;ROCADE A 630;;;;330
201400049949;14;6;17;1745;1;1;1;1;2;75;ROCADE A 630;;;;330
201400049950;14;6;20;1730;1;1;1;1;5;550;AUTOROUTE A 62;;;;330
201400049951;14;6;24;1730;1;1;1;1;6;281;ROCADE A 630;;;;330
201400049952;14;6;28;245;4;1;1;3;6;167;ROUTE NATIONALE 230;;;;330
201400049953;14;7;1;1905;1;1;1;1;6;281;ROCADE A 630;;;;330
201400049954;14;7;3;905;1;1;1;1;6;143;AUTOROUTE A 10;;;;330
201400049955;14;7;3;1435;1;1;1;1;6;90;AUTOROUTE A 63;;;;330
201400049956;14;7;3;1615;1;1;1;1;6;63;ROCADE A 630;;;;330
201400049957;14;7;5;1527;1;1;1;1;6;65;ROUTE NATIONALE 230;;;;330
201400049958;14;7;6;1620;1;1;1;2;6;39;ROCADE A 630;;;;330
201400049959;14;7;7;1540;1;1;1;2;6;119;ROUTE NATIONALE 230;;;;330
201400049960;14;7;8;915;1;1;1;3;6;281;ROCADE A 630;;;;330
201400049961;14;7;9;1945;1;1;1;1;2;192;ROCADE A 630;;;;330
201400049962;14;7;12;1122;1;1;1;1;4;249;ROUTE NATIONALE 230;;;;330
201400049963;14;7;12;2320;3;1;1;1;2;80;AUTOROUTE A 62;;;;330
201400049964;14;7;13;1915;1;1;1;2;6;63;ROCADE A 630;;;;330
201400049965;14;7;15;2050;1;1;1;1;2;80;AUTOROUTE A 62;;;;330
201400049966;14;7;17;1325;1;1;1;1;3;39;ROCADE A 631;;;;330
201400049967;14;7;19;1450;1;1;1;1;4;249;ROUTE NATIONALE 230;;;;330
201400049968;14;7;20;45;5;1;1;3;2;249;ROCADE A 630;;;;330
201400049969;14;7;22;1745;1;1;1;1;4;119;ROUTE NATIONALE 230;;;;330
201400049970;14;7;24;1830;1;1;1;1;6;39;ROCADE A 630;;;;330
201400049971;14;7;25;1105;1;1;1;1;6;318;ROCADE A 630;;;;330
201400049972;14;7;25;1320;1;1;1;1;6;63;ROCADE A 630;;;;330
201400049973;14;7;27;950;1;1;1;1;6;90;AUTOROUTE A 63;;;;330
201400049974;14;7;28;730;1;1;1;2;6;80;AUTOROUTE A 62;;;;330
201400049975;14;7;28;730;1;1;1;2;4;80;AUTOROUTE A 62;;;;330
201400049976;14;7;31;1715;1;1;1;1;4;550;AUTOROUTE A 62;;;;330
201400049977;14;8;1;805;1;1;1;1;2;192;ROCADE A 630;;;;330
201400049978;14;8;4;1220;1;1;1;1;6;550;ROCADE A 630;;;;330
201400049979;14;8;9;1450;1;1;1;2;6;63;ROCADE A 630;;;;330
201400049980;14;8;9;1615;1;1;1;2;6;249;ROCADE A 630;;;;330
201400049981;14;8;9;1630;1;1;1;3;6;63;ROCADE A 630;;;;330
201400049982;14;8;9;1710;1;1;1;2;6;39;ROCADE A 630;;;;330
201400049983;14;8;9;1825;1;1;1;8;6;39;ROUTE NATIONALE 230;;;;330
201400049984;14;8;11;840;1;1;1;1;6;192;ROCADE A 630;;;;330
201400049985;14;8;17;1915;1;1;1;1;6;318;ROCADE A 630;;;;330
201400049986;14;8;18;820;1;1;1;1;6;192;ROCADE A 630;;;;330
201400049987;14;8;18;1610;1;1;1;1;2;63;ROCADE A 630;;;;330
201400049988;14;8;22;1220;1;1;1;1;3;550;ROCADE A 630;;;;330
201400049989;14;8;24;1130;1;1;1;1;6;65;ROUTE NATIONALE 230;;;;330
201400049990;14;8;26;1540;1;1;1;2;6;249;ROCADE A 630;;;;330
201400049991;14;8;26;1920;1;1;1;3;6;122;AUTOROUTE A 63;;;;330
201400049992;14;8;26;2030;4;1;1;2;6;281;ROCADE A 630;;;;330
201400049993;14;8;27;115;3;1;1;2;6;122;AUTOROUTE A 63;;;;330
201400049994;14;8;27;1645;1;1;1;1;6;162;ROCADE A 630;;;;330
201400049995;14;8;29;640;2;1;1;1;6;122;AUTOROUTE A 63;;;;330
201400049996;14;8;30;230;5;1;1;1;6;550;ROCADE A 630;;;;330
201400049997;14;9;2;1745;1;1;1;1;6;281;ROCADE A 630;;;;330
201400049998;14;9;3;1820;1;1;1;1;6;249;ROUTE NATIONALE 230;;;;330
201400049999;14;9;4;820;1;1;1;7;6;162;ROCADE A 630;;;;330
201400050000;14;9;5;1720;1;1;1;1;2;249;AUTOROUTE A 10;;;;330
201400050001;14;9;9;1120;1;1;1;1;6;487;AUTOROUTE A 10;;;;330
201400050002;14;9;9;1700;1;1;1;1;6;162;ROCADE A 630;;;;330
201400050003;14;9;15;705;2;1;1;1;6;122;AUTOROUTE A 63;;;;330
201400050004;14;9;15;1710;1;1;1;1;6;65;ROUTE NATIONALE 230;;;;330
201400050005;14;9;17;700;2;1;1;1;6;75;ROCADE A 630;;;;330
201400050006;14;9;17;1845;1;1;1;3;6;249;ROCADE A 630;;;;330
201400050007;14;9;19;1235;1;1;1;1;6;281;ROCADE A 630;;;;330
201400050008;14;9;19;1910;1;1;1;1;6;281;ROCADE A 630;;;;330
201400050009;14;9;20;1955;2;1;1;1;6;318;ROCADE A 630;;;;330
201400050010;14;9;22;1045;1;1;1;1;6;192;ROCADE A 630;;;;330
201400050011;14;9;22;1630;1;1;1;1;6;162;ROCADE A 630;;;;330
201400050012;14;9;23;1820;1;1;1;1;6;39;ROCADE A 630;;;;330
201400050013;14;9;24;845;1;1;1;1;4;249;ROUTE NATIONALE 230;;;;330
201400050014;14;9;26;2200;5;1;1;1;2;96;AUTOROUTE A 10;;;;330
201400050015;14;9;28;2045;3;1;1;1;6;318;ROCADE A 630;;;;330
201400050016;14;9;29;750;1;1;1;1;6;249;AUTOROUTE A 10;;;;330
201400050017;14;9;29;730;5;1;1;1;4;397;AUTOROUTE A 10;;;;330
201400050018;14;9;29;840;1;1;1;1;6;75;ROCADE A 630;;;;330
201400050019;14;10;3;755;2;1;1;1;6;65;ROUTE NATIONALE 230;;;;330
201400050020;14;10;3;1752;1;1;1;1;2;39;ROUTE NATIONALE 230;;;;330
201400050021;14;10;7;705;3;1;1;8;6;318;ROCADE A 630;;;;330
201400050022;14;10;8;645;3;1;1;2;6;318;ROCADE A 630;;;;330
201400050023;14;10;10;1345;1;1;1;1;6;65;ROUTE NATIONALE 230;;;;330
201400050024;14;10;13;715;4;1;1;1;6;487;AUTOROUTE A 10;;;;330
201400050025;14;10;14;600;3;1;1;1;6;80;AUTOROUTE A 62;;;;330
201400050026;14;10;16;655;2;1;1;1;6;39;ROCADE A 630;;;;330
201400050027;14;10;16;715;2;1;1;2;2;162;ROCADE A 630;;;;330
201400050028;14;10;16;1945;4;1;1;1;2;487;AUTOROUTE A 10;;;;330
201400050029;14;10;19;730;2;1;1;1;3;487;AUTOROUTE A 10;;;;330
201400050030;14;10;19;1020;1;1;1;1;1;550;AUTOROUTE A 62;;;;330
201400050031;14;10;22;720;2;1;1;1;2;550;ROCADE A 630;;;;330
201400050032;14;10;23;1810;1;1;1;1;4;162;ROCADE A 630;;;;330
201400050033;14;10;27;1655;1;1;1;1;6;281;ROCADE A 630;;;;330
201400050034;14;10;27;1830;2;1;1;1;5;318;ROCADE A 630;;;;330
201400050035;14;10;28;2150;5;1;1;1;3;39;ROCADE A 630;;;;330
201400050036;14;10;29;1540;1;1;1;1;6;281;ROCADE A 630;;;;330
201400050037;14;11;2;1312;1;1;1;1;6;119;ROUTE NATIONALE 230;;;;330
201400050038;14;11;2;2135;4;1;1;1;6;119;ROUTE NATIONALE 230;;;;330
201400050039;14;11;3;755;1;1;1;2;2;122;AUTOROUTE A 63;;;;330
201400050040;14;11;3;835;1;1;1;1;6;65;ROUTE NATIONALE 230;;;;330
201400050041;14;11;4;1925;5;1;1;1;6;63;ROCADE A 630;;;;330
201400050042;14;11;6;1620;1;1;1;1;6;249;ROUTE NATIONALE 230;;;;330
201400050043;14;11;6;1850;3;1;1;1;4;318;ROCADE A 630;;;;330
201400050044;14;11;7;835;1;1;1;2;6;281;ROCADE A 630;;;;330
201400050045;14;11;7;1930;3;1;1;1;6;80;AUTOROUTE A 62;;;;330
201400050046;14;11;7;2020;3;1;1;1;5;550;ROCADE A 630;;;;330
201400050047;14;11;9;1200;1;1;1;1;7;249;ROCADE A 630;;;;330
201400050048;14;11;10;550;5;1;1;1;6;167;ROUTE NATIONALE 230;;;;330
201400050049;14;11;12;1230;1;1;1;2;6;281;ROCADE A 630;;;;330
201400050050;14;11;12;1235;1;1;1;2;6;318;ROCADE A 630;;;;330
201400050051;14;11;12;2210;5;1;1;1;6;535;ROUTE NATIONALE 230;;;;330
201400050052;14;11;15;1450;1;1;1;2;6;249;ROCADE A 630;;;;330
201400050053;14;11;15;1640;1;1;1;3;6;63;ROCADE A 630;;;;330
201400050054;14;11;16;1345;1;1;1;2;6;249;ROCADE A 630;;;;330
201400050055;14;11;17;905;1;1;1;1;6;249;ROCADE A 630;;;;330
201400050056;14;11;17;915;1;1;1;2;6;550;AUTOROUTE A 62;;;;330
201400050057;14;11;18;1125;1;1;1;2;6;249;ROCADE A 630;;;;330
201400050058;14;11;18;1525;1;1;1;1;6;63;ROCADE A 630;;;;330
201400050059;14;11;20;835;1;1;1;1;6;80;AUTOROUTE A 62;;;;330
201400050060;14;11;20;1840;2;1;1;1;6;39;ROCADE A 631;;;;330
201400050061;14;11;21;1350;1;1;1;1;6;318;ROCADE A 630;;;;330
201400050062;14;11;29;220;5;1;1;1;1;550;ROCADE A 630;;;;330
201400050063;14;11;29;1340;1;1;1;2;6;63;ROCADE A 630;;;;330
201400050064;14;11;30;1635;1;1;1;1;6;318;AUTOROUTE A 63;;;;330
201400050065;14;11;28;1830;5;1;1;1;6;3;AUTOROUTE A 10;;;;330
201400050066;14;12;4;1420;1;1;1;1;6;397;AUTOROUTE A 10;;;;330
201400050067;14;12;4;1715;2;1;1;2;6;75;ROCADE A 630;;;;330
201400050068;14;12;4;1900;5;1;1;1;6;119;ROUTE NATIONALE 230;;;;330
201400050069;14;12;4;2035;4;1;1;1;6;75;ROCADE A 630;;;;330
201400050070;14;12;4;2115;3;1;1;1;6;75;ROCADE A 630;;;;330
201400050071;14;12;6;655;5;1;1;1;6;550;ROCADE A 630;;;;330
201400050072;14;12;7;755;2;1;1;1;6;249;ROCADE A 630;;;;330
201400050073;14;12;9;750;1;1;1;1;6;3;AUTOROUTE A 10;;;;330
201400050074;14;12;10;2328;3;1;1;2;6;550;ROCADE A 630;;;;330
201400050075;14;12;12;1700;2;1;1;1;4;550;ROCADE A 630;;;;330
201400050076;14;12;13;1050;1;1;1;1;6;281;ROCADE A 630;;;;330
201400050077;14;12;14;705;3;1;1;1;6;281;ROCADE A 630;;;;330
201400050078;14;12;18;815;2;1;1;2;6;192;AUTOROUTE A 63;;;;330
201400050079;14;12;19;1345;1;1;1;1;6;23;AUTOROUTE A 62;;;;330
201400050080;14;12;19;1920;5;1;1;1;6;318;ROCADE A 630;;;;330
201400050081;14;12;23;1550;1;1;1;1;2;96;AUTOROUTE A 10;;;;330
201400050082;14;12;24;710;3;1;1;2;6;80;AUTOROUTE A 62;;;;330
201400050083;14;12;25;1915;5;1;1;1;6;550;ROCADE A 630;;;;330
201400050084;14;12;26;2155;3;1;1;1;6;122;AUTOROUTE A 63;;;;330
201400050085;14;12;28;632;2;1;1;1;6;366;AUTOROUTE A 10;;;;330
201400050086;14;12;28;2225;5;1;1;1;6;249;ROCADE A 630;;;;330
201400050087;14;12;31;1750;2;1;1;1;6;65;ROUTE NATIONALE 230;;;;330
201400050088;14;3;8;1315;1;2;2;1;1;385;1, PLACE SAINT ALEXANDRE;;;;690
201400050089;14;1;15;5;5;2;1;8;6;385;59, QUAI PIERRE SCIZE;;;;690
201400050090;14;1;15;730;5;2;3;1;1;385;RUE COMMANDANT CHARCOT;;;;690
201400050091;14;1;16;1045;1;2;1;2;6;385;111, RUE JOLIOT CURIE;;;;690
201400050092;14;1;23;835;1;2;2;1;6;385;89, RUE DOCTEUR EDMOND L;;;;690
201400050093;14;2;2;1152;1;2;1;1;6;385;AVENUE GENERAL EISENHOWE;;;;690
201400050094;14;2;6;715;1;2;1;1;6;385;199, RUE JOLIOT CURIE;;;;690
201400050095;14;2;12;1620;1;2;9;1;3;385;27, QUAI ROMAIN ROLLAND;;;;690
201400050096;14;2;27;1950;5;2;1;2;6;385;7, AVENUE ADOLPHE MAX;;;;690
201400050097;14;3;25;840;1;2;1;8;6;385;13, RUE FRANCOIS GENIN;;;;690
201400050098;14;3;27;1405;1;2;1;1;3;385;110, RUE DOCTEUR EDMOND;;;;690
201400050099;14;4;1;1700;1;2;1;1;6;385;23, AVENUE DU POINT DU J;;;;690
201400050100;14;4;2;1700;1;2;1;1;7;385;34, CHEMIN DE CHOULANS;;;;690
201400050101;14;4;6;1725;1;2;1;1;6;385;1, RUE DE L ANTIQUAILLE;;;;690
201400050102;14;4;11;1320;1;2;1;1;3;385;101, RUE JOLIOT CURIE;;;;690
201400050103;14;4;18;1225;1;2;1;1;6;385;70, RUE COMMANDANT CHARC;;;;690
201400050104;14;5;4;1600;1;2;1;1;6;385;8, AVENUE DEBROUSSE;;;;690
201400050105;14;5;5;1540;1;2;1;1;6;385;70, RUE DE CHAMPVERT;;;;690
201400050106;14;5;20;745;1;2;1;1;7;385;31, AVENUE DE MENIVAL;;;;690
201400050107;14;5;21;1700;1;2;1;1;6;385;60 CHEMIN DE CHOULANS;;;;690
201400050108;14;5;22;1355;1;2;1;2;7;385;6, RUE DE L ANTIQUAILLE;;;;690
201400050109;14;5;30;1220;1;2;1;1;6;385;8, RUE DES MACCHABEES;;;;690
201400050110;14;5;31;10;5;2;1;1;7;385;44, RUE COMMANDANT CHARC;;;;690
201400050111;14;5;31;1240;1;2;1;1;3;385;98, RUE DOCTEUR EDMOND L;;;;690
201400050112;14;6;4;1205;1;2;6;3;3;385;25, RUE DES FARGES;;;;690
201400050113;14;6;5;1920;1;2;1;1;2;385;35, RUE DE LA FAVORITE;;;;690
201400050114;14;6;20;1950;1;2;1;1;7;385;30, CHEMIN DE CHOULANS;;;;690
201400050115;14;6;26;20;5;2;1;1;7;385;SANS, MONTEE DU CHEMIN N;;;;690
201400050116;14;7;5;1530;1;2;1;1;6;385;50, RUE JOLIOT CURIE;;;;690
201400050117;14;7;9;1920;1;2;1;3;3;385;62, AVENUE DU POINT DU J;;;;690
201400050118;14;7;11;1850;1;2;1;1;6;385;10, AVENUE DE MENIVAL;;;;690
201400050119;14;12;6;1230;1;2;1;1;2;385;214, RUE JEAN CARRIES;;;;690
201400050120;14;8;6;1303;1;2;1;1;7;385;9, RUE MERE ELISABETH RI;;;;690
201400050121;14;8;11;1940;1;2;1;1;2;385;14, RUE DES FARGES;;;;690
201400050122;14;9;26;1845;1;2;1;1;6;385;54 RUE DE LA FAVORITE;;;;690
201400050123;14;9;7;1635;1;2;1;1;1;385;CHEMIN DE CHOULANS;;;;690
201400050124;14;9;12;1745;1;2;1;1;6;385;00, PLACE DOCTEUR SCHWEI;;;;690
201400050125;14;9;12;1855;1;2;1;1;6;385;PONT BONAPARTE;;;;690
201400050126;14;9;28;1400;1;2;1;1;3;385;26, QUAI DE BONDY;;;;690
201400050127;14;10;6;1240;1;2;1;1;6;385;101, CHEMIN DE CHOULANS;;;;690
201400050128;14;10;10;1950;5;2;1;2;3;385;58, AVENUE BARTHELEMY BU;;;;690
201400050129;14;10;14;2240;5;2;1;1;6;385;101, AVENUE BARTHELEMY B;;;;690
201400050130;14;10;15;1825;1;2;1;1;6;385;RUE OCTAVIO MEY;;;;690
201400050131;14;10;20;720;5;2;2;1;6;385;RUE DOCTEUR ALBERIC PONT;;;;690
201400050132;14;10;27;1720;2;2;1;1;6;385;1, PLACE DE L ANTIQUAILL;;;;690
201400050133;14;11;4;1120;1;2;1;3;6;385;15, RUE DES CHEVAUCHEURS;;;;690
201400050134;14;11;4;1815;5;2;1;3;6;385;56, RUE DE LA FAVORITE;;;;690
201400050135;14;11;8;2000;4;2;1;1;1;385;51, RUE DE TRION;;;;690
201400050136;14;11;19;1220;1;2;4;1;3;385;00001, RUE COMMANDANT CH;;;;690
201400050137;14;11;28;1900;5;2;1;1;6;385;10, QUAI DE BONDY;;;;690
201400050138;14;11;29;2005;5;2;1;1;3;385;177/183, RUE JOLIOT CURI;;;;690
201400050139;14;12;2;505;5;2;1;1;6;385;QUAI ROMAIN ROLLAND;;;;690
201400050140;14;12;15;755;1;2;1;1;6;385;QUAI FULCHIRON;;;;690
201400050141;14;12;18;745;2;2;1;2;6;385;31, AVENUE DE MENIVAL;;;;690
201400050142;14;1;24;1830;4;1;1;1;4;482;Autoroute A.35;;;;670
201400050143;14;3;12;1815;2;1;1;1;2;482;Autoroute A.35;;;;670
201400050144;14;5;5;725;1;1;1;1;3;482;Autoroute A.35;;;;670
201400050145;14;5;14;1225;1;1;1;1;5;482;Autoroute A.35;;;;670
201400050146;14;5;26;1710;1;1;1;1;7;137;Route D?partementale 108;;;;670
201400050147;14;5;27;1310;1;1;1;1;5;365;Autoroute A.35;;;;670
201400050148;14;6;12;1200;1;1;1;1;3;447;Autoroute A.4;;;;670
201400050149;14;6;17;2030;1;1;1;1;6;482;N.4 CONTOURNEMENT-SUD;;;;670
201400050150;14;6;30;830;1;1;1;2;3;482;Autoroute A.35;;;;670
201400050151;14;7;7;530;2;1;1;8;6;482;Autoroute A.35;;;;670
201400050152;14;7;15;2205;3;1;1;1;6;482;PV, sens Saverne-Strasbg;;;;670
201400050153;14;7;16;1815;1;1;1;1;4;482;Autoroute A.35;;;;670
201400050154;14;8;29;1120;1;1;1;1;3;482;Autoroute A.35;;;;670
201400050155;14;9;5;1230;1;1;1;1;3;447;Autoroute A.4;;;;670
201400050156;14;9;8;1700;1;1;1;1;4;447;Autoroute A.4;;;;670