num_acc;an;mois;jour;hrmn;lum;agg;int;atm;col;com;adr;gps;lat;long;dep
201400050157;14;9;10;1055;1;1;1;1;5;482;Autoroute A.35;;;;670
201400050158;14;10;21;930;1;1;1;1;6;49;Autoroute A.35;;;;670
201400050159;14;10;24;1140;1;1;1;1;5;482;Autoroute A.35;;;;670
201400050160;14;12;14;400;3;1;1;2;7;482;N.4 Contournement Sud;;;;670
201400050161;14;12;21;1925;3;1;1;1;4;482;Autoroute A.35;;;;670
201400050162;14;1;27;833;1;1;1;2;2;578;Autoroute A 33;M;4866568;612381;540
201400050163;14;2;17;850;1;1;1;5;4;328;Autoroute A 33;M;4863152;617748;540
201400050164;14;2;8;2225;3;1;1;1;5;312;Autoroute A 31;M;4893122;611129;540
201400050165;14;2;28;1315;1;1;1;2;7;547;Autoroute A 33;M;4864806;613641;540
201400050166;14;3;6;1520;1;1;1;1;2;232;Autoroute A 31;M;4868858;599514;540
201400050167;14;2;5;740;2;1;1;2;7;462;Autoroute A 33;M;4861700;631886;540
201400050168;14;4;16;907;1;1;1;1;2;232;Autoroute A 31;M;4868833;600602;540
201400050169;14;5;5;710;1;1;1;1;6;483;Autoroute A 33;M;4861715;628610;540
201400050170;14;7;13;518;2;1;1;1;5;150;Autoroute A 31;M;4879132;612286;540
201400050171;14;7;3;1030;1;1;1;1;3;304;Autoroute A 31;M;4869451;610732;540
201400050172;14;7;30;930;1;1;1;2;6;90;Autoroute A 31;M;4874807;615578;540
201400050173;14;8;23;1235;1;1;1;1;4;528;Autoroute A 31;M;4865512;588891;540
201400050174;14;9;21;2030;3;1;1;8;4;528;Autoroute A 31;M;4865330;588367;540
201400050175;14;10;6;1112;1;1;1;2;7;483;Autoroute A 33;M;4861681;628398;540
201400050176;14;10;21;2030;3;1;1;2;3;357;Autoroute A 31;M;4871364;615110;540
201400050177;14;10;30;1400;1;1;1;1;2;571;Autoroute A 33;M;4861861;626751;540
201400050178;14;11;26;1755;3;1;1;1;2;328;Autoroute A 330;M;4861229;617725;540
201400050179;14;11;28;1745;3;1;1;8;4;90;Autoroute A 31;M;4875726;615246;540
201400050180;14;11;28;1841;3;1;1;1;2;357;Autoroute A 31;M;4870849;614264;540
201400050181;14;12;15;1620;2;1;1;8;3;578;Autoroute A 33;M;4865929;612442;540
201400050182;14;1;1;240;3;1;1;2;6;212;Autoroute A31;;;;570
201400050183;14;1;13;1100;1;1;1;1;6;452;Autoroute A31;;;;570
201400050184;14;1;17;620;3;1;1;2;3;582;Autoroute A31;;;;570
201400050185;14;2;9;930;1;1;4;8;6;582;Autoroute A30;M;0;0;570
201400050186;14;2;20;1005;1;1;1;1;1;447;RN 431;;;;570
201400050187;14;3;4;830;1;1;1;1;6;447;RN 431;;;;570
201400050188;14;3;25;2048;3;1;1;1;4;463;Autoroute A31;;;;570
201400050189;14;4;16;300;3;1;1;1;2;666;Autoroute A31;;;;570
201400050190;14;4;28;105;3;1;1;1;2;663;Autoroute A31;;;;570
201400050191;14;5;24;720;1;1;1;2;6;672;Autoroute A31;;;;570
201400050192;14;6;5;1030;1;1;1;1;6;666;Autoroute A31;;;;570
201400050193;14;6;16;815;1;1;1;1;3;194;Autoroute A31;;;;570
201400050194;14;6;19;1540;1;1;1;1;7;303;Autoroute A31;;;;570
201400050195;14;6;26;150;3;1;1;1;2;343;Autoroute A31;;;;570
201400050196;14;7;21;1110;1;1;1;3;2;303;Autoroute A31;;;;570
201400050197;14;7;24;1950;1;1;1;2;2;672;Autoroute A31;;;;570
201400050198;14;8;10;2355;3;1;1;2;2;534;RN 431;;;;570
201400050199;14;8;22;445;4;1;1;1;7;663;Autoroute A31;;;;570
201400050200;14;8;23;1545;1;1;1;1;7;306;Autoroute  A30;;;;570
201400050201;14;9;4;630;2;1;1;1;5;672;Autoroute A31;;;;570
201400050202;14;9;9;1805;1;1;1;1;2;672;Autoroute A31;;;;570
201400050203;14;9;12;1818;1;1;1;1;2;463;Autoroute A31;;;;570
201400050204;14;10;9;1110;1;1;1;3;3;663;Autoroute A31;;;;570
201400050205;14;10;29;300;3;1;1;1;6;663;Autoroute  A31;;;;570
201400050206;14;11;1;1425;1;1;1;1;2;487;Autoroute A31;;;;570
201400050207;14;11;25;1835;4;1;1;1;4;463;Autoroute A31;;;;570
201400050208;14;12;5;322;4;1;1;1;6;463;Autoroute  A31;;;;570
201400050209;14;12;6;1305;1;1;1;1;5;663;Autoroute A31;;;;570
201400050210;14;12;9;750;2;1;1;2;4;463;RN 431;;;;570
201400050211;14;12;21;620;3;1;1;1;6;534;RN 431;;;;570
201400050212;14;12;3;1830;3;1;1;1;2;412;Autoroute A31;;;;570
201400050213;14;1;6;1500;1;2;2;1;6;387;78, AVENUE JEAN JAURES;;;;690
201400050214;14;1;6;2034;5;2;2;6;3;387;77, AVENUE BERTHELOT;;;;690
201400050215;14;1;7;1250;1;2;1;1;6;387;RUE DE MARSEILLE;;;;690
201400050216;14;1;9;1750;5;2;2;1;1;387;0, AVENUE JEAN JAURES;;;;690
201400050217;14;1;10;2130;5;2;2;1;3;387;RUE CREPET;;;;690
201400050218;14;1;15;1610;1;2;1;1;3;387;19, AVENUE BERTHELOT;;;;690
201400050219;14;1;26;440;5;2;2;1;3;387;0, AVENUE JEAN JAURES;;;;690
201400050220;14;1;19;2000;5;2;2;9;6;387;AVENUE JEAN JAURES;;;;690
201400050221;14;1;22;2050;5;2;2;1;3;387;0, RUE DE GERLAND;;;;690
201400050222;14;1;24;715;5;2;2;1;3;387;RUE RAOUL SERVANT;;;;690
201400050223;14;2;3;1100;1;2;1;1;6;387;187, GRANDE RUE DE LA GU;;;;690
201400050224;14;2;5;1825;5;2;2;1;6;387;0, RUE GARIBALDI;;;;690
201400050225;14;2;10;850;1;2;1;2;3;387;PONT DE LA GUILLOTIERE;;;;690
201400050226;14;2;12;1145;1;2;1;1;3;387;367, RUE GARIBALDI;;;;690
201400050227;14;2;15;1930;5;2;1;2;6;387;BOULEVARD YVES FARGE;;;;690
201400050228;14;2;14;725;1;2;1;1;6;387;182, AVENUE BERTHELOT;;;;690
201400050229;14;2;16;1600;1;2;1;1;2;387;71, AVENUE TONY GARNIER;;;;690
201400050230;14;2;16;1940;5;2;2;1;3;387;0, AVENUE TONY GARNIER;;;;690
201400050231;14;2;19;1930;3;2;1;9;7;387;22.23, RUE CHEVREUL;;;;690
201400050232;14;2;27;1105;1;2;1;2;3;387;QUAI CLAUDE BERNARD;;;;690
201400050233;14;3;2;150;5;2;1;1;4;387;20, AVENUE DEBOURG;;;;690
201400050234;14;3;4;745;1;2;2;1;3;387;0, RUE DE LA THIBAUDIERE;;;;690
201400050235;14;3;7;1615;1;2;2;1;3;387;0, COURS GAMBETTA;;;;690
201400050236;14;3;9;1250;1;2;1;1;6;387;07, RUE BENJAMIN DELESSE;;;;690
201400050237;14;3;10;1310;1;2;2;1;6;387;1, RUE MARC BLOCH;;;;690
201400050238;14;3;16;1310;1;2;1;1;6;387;16, PLACE JEAN MACE;;;;690
201400050239;14;3;17;1220;1;2;2;1;6;387;RUE CREPET;;;;690
201400050240;14;3;17;1150;1;2;1;1;3;387;129, AVENUE JEAN JAURES;;;;690
201400050241;14;3;19;2330;5;2;1;1;2;387;12, COURS GAMBETTA;;;;690
201400050242;14;3;20;1600;1;2;1;1;6;387;96, AVENUE DEBOURG;;;;690
201400050243;14;3;22;2135;5;2;3;1;3;387;AVENUE BERTHELOT;;;;690
201400050244;14;3;25;1040;1;2;3;1;2;387;0, RUE JACQUES MONOD;;;;690
201400050245;14;3;15;1900;5;2;2;1;3;387;0, RUE CREPET;;;;690
201400050246;14;3;24;1830;4;2;7;1;3;387;AVENUE LECLERC;;;;690
201400050247;14;3;26;1830;2;2;1;1;6;387;64, AVENUE JEAN JAURES;;;;690
201400050248;14;3;28;825;1;2;1;1;2;387;BOULEVARD CHAMBAUD DE LA;;;;690
201400050249;14;3;28;920;1;2;1;1;6;387;92bis, AVENUE DEBOURG;;;;690
201400050250;14;4;4;1645;1;2;1;1;6;387;79, BOULEVARD YVES FARGE;;;;690
201400050251;14;4;1;1405;1;2;2;1;1;387;0, AVENUE DEBOURG;;;;690
201400050252;14;4;1;1830;1;2;1;1;6;387;PONT DE L UNIVERSITE;;;;690
201400050253;14;4;9;1900;1;2;1;1;2;387;PONT DE LA GUILLOTIERE;;;;690
201400050254;14;4;7;2030;5;2;1;1;2;387;0, PLACE DOCTEUR CHARLES;;;;690
201400050255;14;4;6;410;5;2;1;1;2;387;0, RUE ANTONIN PERRIN;;;;690
201400050256;14;4;6;1920;2;2;1;1;3;387;QUAI CLAUDE BERNARD;;;;690
201400050257;14;4;8;1030;1;2;1;1;2;387;18, AVENUE JEAN JAURES;;;;690
201400050258;14;4;11;1355;1;2;1;1;6;387;GRANDE RUE DE LA GUILLOT;;;;690
201400050259;14;4;15;1350;1;2;3;1;3;387;0, AVENUE TONY GARNIER;;;;690
201400050260;14;4;17;1432;1;2;2;1;3;387;1, AVENUE TONY GARNIER;;;;690
201400050261;14;4;9;840;1;2;1;1;1;387;82, AVENUE DEBOURG;;;;690
201400050262;14;4;13;1600;1;2;1;1;2;387;21, ALLEE PIERRE DE COUB;;;;690
201400050263;14;4;17;1835;1;2;2;7;1;387;0, AVENUE TONY GARNIER;;;;690
201400050264;14;4;16;930;1;2;2;1;3;387;RUE PROFESSEUR GRIGNARD;;;;690
201400050265;14;4;16;1115;1;2;2;1;3;387;AVENUE BERTHELOT;;;;690
201400050266;14;4;22;2050;5;2;2;2;3;387;0, RUE SIMON FRYD;;;;690
201400050267;14;4;19;1130;1;2;2;1;3;387;COURS GAMBETTA;;;;690
201400050268;14;4;23;1950;1;2;2;1;1;387;AVENUE DEBOURG;;;;690
201400050269;14;4;22;910;1;2;2;1;7;387;0, AVENUE TONY GARNIER;;;;690
201400050270;14;4;22;1625;1;2;2;1;2;387;1, RUE GARIBALDI;;;;690
201400050271;14;4;25;1850;1;2;1;1;3;387;BOULEVARD YVES FARGE;;;;690
201400050272;14;4;30;1300;1;2;1;1;3;387;COURS GAMBETTA;;;;690
201400050273;14;5;4;1705;1;2;1;1;2;387;12, PLACE RASPAIL;;;;690
201400050274;14;5;10;1910;1;2;1;1;6;387;178, BOULEVARD YVES FARG;;;;690
201400050275;14;5;12;45;5;2;1;1;3;388;210 AVENUE BERTHELOT;;;;690
201400050276;14;4;22;1624;1;2;1;1;2;387;0, RUE MARC BLOCH;;;;690
201400050277;14;5;13;1750;1;2;1;1;3;387;11, AVENUE LECLERC;;;;690
201400050278;14;5;15;805;1;2;2;1;3;387;RUE PROFESSEUR GRIGNARD;;;;690
201400050279;14;5;18;120;5;2;1;1;3;387;AVENUE TONY GARNIER;;;;690
201400050280;14;5;28;1840;1;2;1;1;3;387;QUAI CLAUDE BERNARD;;;;690
201400050281;14;5;20;1920;1;2;1;1;3;387;PONT PASTEUR;;;;690
201400050282;14;5;23;2000;1;2;1;8;7;387;0, BOULEVARD CHAMBAUD DE;;;;690
201400050283;14;5;21;1030;1;2;2;1;6;387;RUE BECHEVELIN;;;;690
201400050284;14;5;29;1810;1;2;2;1;3;387;0, AVENUE DEBOURG;;;;690
201400050285;14;5;26;1845;1;2;2;3;3;387;AVENUE DEBOURG;;;;690
201400050286;14;5;28;1150;1;2;1;1;6;387;RUE DOMER;;;;690
201400050287;14;5;30;1130;1;2;1;1;3;387;4 bis, RUE DE L UNIVERSI;;;;690
201400050288;14;5;12;1110;1;2;1;1;3;387;0, BOULEVARD CHAMBAUD DE;;;;690
201400050289;14;5;22;1425;1;2;2;3;6;387;0, RUE DE L UNIVERSITE;;;;690
201400050290;14;5;29;2210;5;2;1;1;6;387;RUE CHEVREUL;;;;690
201400050291;14;6;5;2315;5;1;1;1;5;387;84 RUE D ANVERS;;;;690
201400050292;14;6;3;1750;1;2;1;1;6;387;195, RUE DE GERLAND;;;;690
201400050293;14;6;11;1200;1;2;1;1;6;387;RUE CHEVREUL;;;;690
201400050294;14;6;12;1115;1;2;1;1;6;387;26 COURS GAMBETTA;;;;690
201400050295;14;6;11;1020;1;2;2;1;6;387;0, GRANDE RUE DE LA GUIL;;;;690
201400050296;14;6;17;1118;1;2;1;1;4;387;166, AVENUE BERTHELOT;;;;690
201400050297;14;6;25;1750;1;2;1;1;1;387;AVENUE DEBOURG;;;;690
201400050298;14;6;21;1930;1;2;1;1;3;387;0, PONT GALLIENI;;;;690
201400050299;14;6;5;1255;1;2;1;1;6;387;RUE GARIBALDI;;;;690
201400050300;14;6;17;938;1;2;1;1;3;387;RUE DE GERLAND;;;;690
201400050301;14;6;25;1100;1;2;1;1;6;387;0, AVENUE TONY GARNIER;;;;690
201400050302;14;6;18;2120;2;2;1;2;7;387;QUAI CLAUDE BERNARD;;;;690
201400050303;14;7;1;1350;1;2;2;1;3;387;BOULEVARD YVES FARGE;;;;690
201400050304;14;7;16;1800;1;2;2;1;3;387;26, RUE PERE CHEVRIER;;;;690
201400050305;14;7;23;1717;1;2;1;1;2;387;AVENUE BERTHELOT;;;;690
201400050306;14;7;9;2025;1;2;1;2;6;387;1, BOULEVARD CHAMBAUD DE;;;;690
201400050307;14;8;2;2130;2;2;2;1;3;387;AVENUE BERTHELOT;;;;690
201400050308;14;8;11;1220;1;2;1;2;5;387;0, BOULEVARD CHAMBAUD DE;;;;690
201400050309;14;8;15;250;5;2;2;2;2;387;0, BOULEVARD CHAMBAUD DE;;;;690
201400050310;14;8;28;1915;1;2;2;1;6;387;RUE DE MARSEILLE;;;;690
201400050311;14;8;20;1155;1;2;1;1;2;387;0, AVENUE BERTHELOT;;;;690
201400050312;14;9;9;1930;1;2;2;1;3;387;0, AVENUE LECLERC;;;;690
201400050313;14;9;5;1925;1;2;1;1;6;387;20 BD YVES FARGE;;;;690
201400050314;14;9;3;200;5;2;1;1;5;387;20, AVENUE DEBOURG;;;;690
201400050315;14;9;12;1825;1;2;1;1;6;387;20, RUE CLEMENT MAROT;;;;690
201400050316;14;9;4;1735;1;2;2;1;3;387;RUE DE GERLAND;;;;690
201400050317;14;9;14;1830;1;2;1;1;6;387;AVENUE TONY GARNIER;;;;690
201400050318;14;9;10;1600;1;2;1;1;4;387;65, BOULEVARD YVES FARGE;;;;690
201400050319;14;9;12;1740;1;2;3;2;3;387;0, RUE JEAN VALLIER;;;;690
201400050320;14;9;6;515;5;2;1;1;6;387;60, AVENUE BERTHELOT;;;;690
201400050321;14;9;20;330;5;2;2;1;3;387;0, AVENUE JEAN JAURES;;;;690
201400050322;14;9;2;1815;1;2;1;1;6;387;23, RUE CHALLEMEL LACOUR;;;;690
201400050323;14;9;19;1445;1;2;1;1;2;387;RUE CHALLEMEL LACOUR;;;;690
201400050324;14;9;12;1730;1;2;2;1;2;387;0, AVENUE TONY GARNIER;;;;690
201400050325;14;9;17;1900;1;2;1;1;5;387;PONT PASTEUR;;;;690
201400050326;14;9;17;1756;1;2;1;1;6;387;94, AVENUE DEBOURG;;;;690
201400050327;14;9;27;2210;5;2;1;1;6;387;38 RUE DE MARSEILLE;;;;690
201400050328;14;10;2;1810;1;2;2;1;3;387;0, RUE MARCEL MERIEUX;;;;690
201400050329;14;10;2;700;1;2;1;1;7;387;344, RUE GARIBALDI;;;;690
201400050330;14;10;11;1955;5;2;2;1;3;387;AVENUE BERTHELOT;;;;690
201400050331;14;10;9;1040;1;2;2;1;3;387;0, RUE FELIX BRUN;;;;690
201400050332;14;10;10;340;4;2;2;3;6;387;AVENUE DEBOURG;;;;690
201400050333;14;10;11;1735;1;2;2;1;1;387;RUE MARCEL MERIEUX;;;;690
201400050334;14;10;11;215;5;2;2;3;5;387;0, RUE GARIBALDI;;;;690
201400050335;14;10;18;1234;1;2;1;1;3;387;PONT DE L UNIVERSITE;;;;690
201400050336;14;10;8;1220;1;2;2;1;6;387;RUE SEBASTIEN GRYPHE;;;;690
201400050337;14;10;21;1438;1;2;1;1;6;387;15, QUAI CLAUDE BERNARD;;;;690
201400050338;14;10;23;1700;1;2;1;1;3;387;2, COURS GAMBETTA;;;;690
201400050339;14;10;26;1735;5;2;1;1;2;387;AVENUE TONY GARNIER;;;;690
201400050340;14;10;25;1740;1;2;2;1;3;387;1, RUE ANDRE BOLLIER;;;;690
201400050341;14;10;29;1550;1;2;1;1;3;387;62, AVENUE JEAN JAURES;;;;690
201400050342;14;10;30;1920;5;2;1;1;7;387;AVENUE LECLERC;;;;690
201400050343;14;10;31;1105;1;2;1;1;3;387;0, AVENUE DEBOURG;;;;690
201400050344;14;11;4;835;1;2;1;2;3;387;229, RUE MARCEL MERIEUX;;;;690
201400050345;14;11;7;1410;1;2;2;2;6;387;AVENUE JEAN JAURES;;;;690
201400050346;14;11;7;1630;1;2;2;1;7;387;0, RUE SALOMON REINACH;;;;690
201400050347;14;11;9;1645;2;2;1;3;6;387;AVENUE TONY GARNIER;;;;690
201400050348;14;11;10;1530;1;2;1;1;6;387;54-56 RUE DU REPOS;;;;690
201400050349;14;11;9;1615;1;2;2;3;1;387;0, AVENUE JEAN JAURES;;;;690
201400050350;14;11;13;1935;5;2;1;1;3;387;AVENUE JEAN JAURES;;;;690
201400050351;14;11;14;1750;5;2;1;2;5;387;BOULEVARD CHAMBAUD DE LA;;;;690
201400050352;14;11;16;600;5;2;1;1;3;387;103, AVENUE BERTHELOT;;;;690
201400050353;14;11;17;1710;5;2;1;9;1;387;RUE DE L EPARGNE;;;;690
201400050354;14;11;18;1750;5;2;1;2;6;387;RUE JABOULAY;;;;690
201400050355;14;11;26;2000;5;2;3;2;6;387;0, AVENUE TONY GARNIER;;;;690
201400050356;14;11;27;1140;1;2;1;1;6;387;12, RUE D ANVERS;;;;690
201400050357;14;11;29;130;5;2;2;1;6;387;RUE SEBASTIEN GRYPHE;;;;690
201400050358;14;12;1;2000;5;2;1;2;7;387;259, GRANDE RUE DE LA GU;;;;690
201400050359;14;12;6;130;5;2;1;1;6;387;RUE JABOULAY;;;;690
201400050360;14;12;14;900;1;2;1;1;3;387;0, AVENUE TONY GARNIER;;;;690
201400050361;14;12;18;1710;5;2;2;1;3;387;42, RUE DE L UNIVERSITE;;;;690
201400050362;14;12;14;1226;1;1;1;1;2;387;BOULEVARD CHAMBAUD DE LA;;;;690
201400050363;14;12;14;2320;5;2;1;1;6;387;0, BOULEVARD CHAMBAUD DE;;;;690
201400050364;14;12;16;1555;1;2;1;1;6;387;1, RUE GEORGES GOUY;;;;690
201400050365;14;1;9;745;2;2;2;1;3;388;BOULEVARD DES ETATS UNIS;;;;690
201400050366;14;1;13;1845;5;2;1;2;6;259;74, AVENUE DE PRESSENSE;;;;690
201400050367;14;1;15;1510;1;2;3;1;3;388;AVENUE BERTHELOT;;;;690
201400050368;14;1;21;1040;1;2;1;1;6;388;13, PLACE ANDRE LATARGET;;;;690
201400050369;14;1;21;1215;1;2;1;1;3;388;106, RUE PROFESSEUR BEAU;;;;690
201400050370;14;1;21;1845;5;2;1;1;6;388;210, AVENUE PAUL SANTY;;;;690
201400050371;14;1;24;1345;1;2;1;2;3;388;98, AVENUE DES FRERES LU;;;;690
201400050372;14;1;27;1505;1;2;1;1;6;388;0, RUE HENRI BARBUSSE;;;;690
201400050373;14;1;27;738;2;2;1;1;6;388;44, RUE HENRI BARBUSSE;;;;690
201400050374;14;1;29;2015;5;2;1;1;6;388;105, AVENUE JEAN MERMOZ;;;;690
201400050375;14;1;30;1825;5;2;1;2;2;388;0, AVENUE DES FRERES LUM;;;;690
201400050376;14;2;2;2020;5;2;1;1;6;388;12, AVENUE ROCKEFELLER;;;;690
201400050377;14;2;3;1325;1;2;1;1;6;388;44, RUE HENRI BARBUSSE;;;;690
201400050378;14;2;9;1230;1;2;1;1;2;388;RUE DE L EPARGNE;;;;690
201400050379;14;2;9;1255;1;2;1;1;2;388;57, RUE MARYSE BASTIE;;;;690
201400050380;14;2;12;1230;1;2;1;1;6;388;8, RUE GUILLAUME PARADIN;;;;690
201400050381;14;2;18;925;1;2;1;1;6;383;105, COURS ALBERT THOMAS;;;;690
201400050382;14;2;23;1455;1;2;1;1;6;388;12, AVENUE JEAN MERMOZ;;;;690
201400050383;14;2;11;833;1;2;3;1;6;388;0, RUE CHALLEMEL LACOUR;;;;690
201400050384;14;2;14;1250;1;2;1;1;6;388;209, AVENUE PAUL SANTY;;;;690
201400050385;14;2;25;1825;5;2;2;6;5;388;0, RUE PAUL CAZENEUVE;;;;690
201400050386;14;2;26;1855;5;2;2;2;6;388;0, RUE SAINT MATHIEU;;;;690
201400050387;14;2;27;1345;1;2;1;1;6;388;48, RUE HENRI BARBUSSE;;;;690
201400050388;14;2;27;1730;1;2;3;1;6;388;0, BOULEVARD DES ETATS U;;;;690
201400050389;14;3;1;1530;1;2;1;1;3;388;96, AVENUE DES FRERES LU;;;;690
201400050390;14;3;2;635;5;2;2;1;6;388;1, RUE VILLON;;;;690
201400050391;14;3;2;1245;1;2;1;1;6;388;286, AVENUE BERTHELOT;;;;690
201400050392;14;3;2;1625;1;2;1;1;6;388;47, RUE SAINT GERVAIS;;;;690
201400050393;14;3;17;1400;1;2;1;1;6;388;68, RUE PAUL CAZENEUVE;;;;690
201400050394;14;3;19;900;1;2;1;1;6;388;111, BOULEVARD DES ETATS;;;;690
201400050395;14;3;23;1420;1;2;3;1;6;388;RUE VILLON;;;;690
201400050396;14;3;6;1145;1;2;1;1;6;388;82, BOULEVARD DES ETATS;;;;690
201400050397;14;3;24;2200;5;2;2;1;3;388;COURS ALBERT THOMAS;;;;690
201400050398;14;3;23;1920;5;2;1;1;3;383;114, COURS ALBERT THOMAS;;;;690
201400050399;14;3;27;735;2;2;1;1;6;388;38, COURS ALBERT THOMAS;;;;690
201400050400;14;3;30;1940;1;2;1;1;3;388;38, AVENUE JEAN MERMOZ;;;;690
201400050401;14;4;1;1150;1;2;3;1;3;388;0, AVENUE ROCKEFELLER;;;;690
201400050402;14;4;2;1545;1;2;1;1;2;388;96, AVENUE JEAN MERMOZ;;;;690
201400050403;14;4;4;2155;5;2;1;1;2;388;ROUTE DE VIENNE;;;;690
201400050404;14;4;7;755;1;2;1;1;6;388;RUE VILLON;;;;690
201400050405;14;4;7;1250;1;2;2;1;3;388;0, RUE SAINT NESTOR;;;;690
201400050406;14;4;12;1945;1;2;1;1;6;388;39, BOULEVARD DES ETATS;;;;690
201400050407;14;4;13;1830;1;2;2;1;3;388;AVENUE JEAN MERMOZ;;;;690
201400050408;14;4;15;1425;1;2;1;1;6;388;168, RUE CHALLEMEL LACOU;;;;690
201400050409;14;4;16;1337;1;2;2;1;6;388;RUE PROFESSEUR BEAUVISAG;;;;690
201400050410;14;4;19;840;1;2;1;1;6;388;46, RUE HENRI BARBUSSE;;;;690
201400050411;14;4;20;2120;5;2;1;2;7;388;30, RUE DES TUILIERS;;;;690
201400050412;14;4;23;1220;1;2;2;1;3;388;AVENUE BERTHELOT;;;;690
201400050413;14;4;19;1755;1;2;1;1;2;259;10, AVENUE VIVIANI;;;;690
201400050414;14;4;30;1820;1;2;1;1;3;388;RUE JOSEPH CHALIER;;;;690
201400050415;14;5;4;1920;1;2;1;1;3;388;160, RUE CHALLEMEL LACOU;;;;690
201400050416;14;5;5;935;1;2;3;1;3;388;0, RUE PROFESSEUR BEAUVI;;;;690
201400050417;14;5;15;1430;1;2;2;1;3;388;RUE JOSEPH CHAPELLE;;;;690
201400050418;14;5;13;1440;1;2;3;2;1;388;0, RUE PAUL CAZENEUVE;;;;690
201400050419;14;5;15;1820;1;2;1;6;6;388;170, AVENUE PAUL SANTY;;;;690
201400050420;14;5;18;915;1;2;1;1;6;388;AVENUE DES FRERES LUMIER;;;;690
201400050421;14;5;16;1720;1;2;3;1;3;388;AVENUE VIVIANI;;;;690
201400050422;14;5;27;1725;1;2;2;1;3;388;0, RUE SAINT NESTOR;;;;690
201400050423;14;6;2;1615;1;2;1;1;6;388;0, AVENUE BERTHELOT;;;;690
201400050424;14;6;10;1440;1;2;1;1;1;388;66 BD DES ETATS UNIS;;;;690
201400050425;14;6;12;1310;1;2;2;1;6;388;RUE SAINT MAURICE;;;;690
201400050426;14;5;22;1635;1;2;2;6;3;388;0, RUE SAINT MAURICE;;;;690
201400050427;14;6;20;850;1;2;1;1;6;388;40 RUE HENRI BARBUSSE;;;;690
201400050428;14;6;21;1925;1;2;2;1;3;388;0, RUE SAINT GERVAIS;;;;690
201400050429;14;7;7;1600;1;2;2;2;3;388;RUE PIERRE DELORE;;;;690
201400050430;14;6;20;1733;1;2;2;1;3;388;1, AVENUE JEAN MERMOZ;;;;690
201400050431;14;7;18;1930;1;2;2;1;3;388;1, BOULEVARD PINEL;;;;690
201400050432;14;7;22;1000;1;2;2;2;1;388;28, RUE SAINT GERVAIS;;;;690
201400050433;14;7;21;1025;1;2;2;3;3;388;1, RUE BERCHET;;;;690
201400050434;14;7;30;1205;1;2;2;2;3;388;11, RUE AUDIBERT ET LAVI;;;;690
201400050435;14;8;4;900;1;2;3;1;3;388;0, AVENUE ROCKEFELLER;;;;690
201400050436;14;8;2;800;1;2;1;1;6;259;20, AVENUE VIVIANI;;;;690
201400050437;14;8;3;1615;1;2;2;1;6;388;RUE DES SERPOLLIERES;;;;690
201400050438;14;8;5;1825;1;2;1;1;6;388;38, RUE PROFESSEUR TAVER;;;;690
201400050439;14;8;13;2150;5;2;2;1;3;388;AVENUE DES FRERES LUMIER;;;;690
201400050440;14;8;29;815;1;2;1;1;3;388;AVENUE PAUL SANTY;;;;690
201400050441;14;8;28;1920;1;2;2;1;3;388;0, RUE CROIX BARRET;;;;690
201400050442;14;9;5;830;1;2;1;1;2;388;63, BOULEVARD DES ETATS;;;;690
201400050443;14;9;8;840;1;2;1;1;3;388;AVENUE BERTHELOT;;;;690
201400050444;14;9;9;700;2;2;1;8;3;388;55, RUE MARYSE BASTIE;;;;690
201400050445;14;9;8;1745;1;2;2;1;3;388;RUE ROCHAMBEAU;;;;690
201400050446;14;9;8;2200;5;2;1;1;1;388;161 AVENUE PAUL SANTY;;;;690
201400050447;14;9;11;2300;5;2;3;1;3;388;0, AVENUE DES FRERES LUM;;;;690
201400050448;14;9;16;1150;1;2;1;1;6;388;BOULEVARD DES ETATS UNIS;;;;690
201400050449;14;9;17;1620;1;2;1;1;6;388;48 AV DES FRERES LUMIER;;;;690
201400050450;14;9;18;2110;5;2;2;1;3;388;0, RUE LOUIS JOUVET;;;;690
201400050451;14;9;16;1930;1;2;3;1;2;388;2, AVENUE DES FRERES LUM;;;;690
201400050452;14;9;19;800;1;2;1;2;1;388;RUE MARIUS BERLIET;;;;690
201400050453;14;9;17;1830;1;2;1;1;6;388;9, AVENUE JEAN MERMOZ;;;;690
201400050454;14;9;18;1250;1;2;1;1;6;388;AVENUE DES FRERES LUMIER;;;;690
201400050455;14;10;1;2120;5;2;1;1;6;388;AVENUE DES FRERES LUMIER;;;;690
201400050456;14;10;2;1140;1;2;3;1;6;388;0, RUE PROFESSEUR TAVERN;;;;690
201400050457;14;10;2;1640;1;2;1;1;3;388;159, ROUTE DE VIENNE;;;;690
201400050458;14;10;2;1740;1;2;1;1;2;388;AVENUE DE PRESSENSE;;;;690
201400050459;14;10;7;1740;1;2;2;2;3;388;0, AVENUE JEAN MERMOZ;;;;690
201400050460;14;10;13;2100;4;2;3;2;3;388;COURS ALBERT THOMAS;;;;690
201400050461;14;10;16;950;1;2;1;3;5;388;142 AV DES FRERES LUMIER;;;;690
201400050462;14;10;9;2250;5;2;1;2;4;388;160, RUE CHALLEMEL LACOU;;;;690
201400050463;14;10;19;610;5;2;6;1;3;388;AVENUE DES FRERES LUMIER;;;;690
201400050464;14;10;14;758;1;2;1;1;6;388;ROUTE DE VIENNE;;;;690
201400050465;14;10;17;645;2;2;2;8;1;388;0, ROUTE DE VIENNE;;;;690
201400050466;14;10;18;1730;1;2;1;1;6;388;8, AVENUE JEAN MERMOZ;;;;690
201400050467;14;10;21;1455;1;2;1;1;3;388;PLACE D ARSONVAL;;;;690
201400050468;14;10;27;755;1;2;1;1;6;388;0, RUE CHALLEMEL LACOUR;;;;690
201400050469;14;10;27;1455;1;2;1;1;3;388;288, BOULEVARD PINEL;;;;690