num_acc;an;mois;jour;hrmn;lum;agg;int;atm;col;com;adr;gps;lat;long;dep
201400050470;14;10;24;1730;1;2;1;1;3;388;AVENUE JEAN MERMOZ;;;;690
201400050471;14;10;25;1645;1;2;1;1;2;388;19, RUE SAINT ROMAIN;;;;690
201400050472;14;10;31;1040;1;2;1;1;2;388;RUE PROFESSEUR MARCEL DA;;;;690
201400050473;14;10;31;2018;5;2;2;1;6;388;0, AVENUE DE PRESSENSE;;;;690
201400050474;14;11;4;1820;5;2;1;3;6;388;42, RUE HENRI BARBUSSE;;;;690
201400050475;14;11;5;1828;2;2;2;9;6;388;21, RUE WAKATSUKI;;;;690
201400050476;14;11;3;1700;2;2;2;3;3;388;AVENUE PAUL SANTY;;;;690
201400050477;14;11;10;2140;5;2;1;1;3;388;8, AVENUE JEAN MERMOZ;;;;690
201400050478;14;11;12;1030;1;2;2;2;6;388;61, AVENUE DES FRERES LU;;;;690
201400050479;14;11;6;1615;1;2;1;1;6;388;99, AVENUE DES FRERES LU;;;;690
201400050480;14;11;10;1135;1;2;1;1;2;388;304, R PROFESSEUR MARCEL;;;;690
201400050481;14;11;17;2031;5;2;1;1;2;388;19, RUE SAINT ROMAIN;;;;690
201400050482;14;11;17;1550;1;2;1;1;4;388;103, BOULEVARD DES ETATS;;;;690
201400050483;14;11;23;1420;1;2;1;1;6;388;140, RUE PROFESSEUR BEAU;;;;690
201400050484;14;11;24;1215;1;2;1;1;2;388;195, ROUTE DE VIENNE;;;;690
201400050485;14;11;24;1441;1;2;1;1;6;388;BOULEVARD DES ETATS UNIS;;;;690
201400050486;14;11;7;1700;1;2;1;1;1;388;2, COURS ALBERT THOMAS;;;;690
201400050487;14;11;21;1520;1;2;1;1;3;388;AVENUE JEAN MERMOZ;;;;690
201400050488;14;11;28;1635;1;2;1;1;6;388;7, PLACE DU 11 NOVEMBRE;;;;690
201400050489;14;11;30;1300;1;2;3;1;1;388;0, BOULEVARD DES ETATS U;;;;690
201400050490;14;11;30;2200;5;2;3;1;3;388;AVENUE BERTHELOT;;;;690
201400050491;14;11;27;900;1;2;1;1;6;388;RUE VILLON;;;;690
201400050492;14;12;1;1350;1;2;1;1;2;388;14, BOULEVARD AMBROISE P;;;;690
201400050493;14;11;21;1730;4;2;1;1;4;388;60, AVENUE GENERAL FRERE;;;;690
201400050494;14;12;6;1950;5;2;2;1;3;388;RUE THOMAS BLANCHET;;;;690
201400050495;14;12;6;1000;1;2;3;1;6;388;0, RUE PROFESSEUR TAVERN;;;;690
201400050496;14;12;18;850;1;2;1;2;3;388;92, BOULEVARD AMBROISE P;;;;690
201400050497;14;12;18;1558;1;2;2;1;3;388;0, BOULEVARD PINEL;;;;690
201400050498;14;12;26;1515;1;2;1;1;2;388;AVENUE PAUL SANTY;;;;690
201400050499;14;12;28;350;5;2;2;2;3;388;0, RUE ANTOINE LUMIERE;;;;690
201400050500;14;12;31;1925;5;2;1;5;6;388;90, RUE DE MONTAGNY;;;;690
201400050501;14;1;15;800;1;1;1;5;4;44;RN88;M;4539313;432374;420
201400050502;14;1;17;1920;3;1;1;1;3;237;RN88;M;4544859;447119;420
201400050503;14;1;28;1420;1;1;1;1;3;218;RN488;M;4544134;443619;420
201400050504;14;2;2;1935;3;1;1;1;3;236;A47;;;;690
201400050505;14;2;25;1745;1;1;1;1;3;44;RN88;M;4539707;435329;420
201400050506;14;2;27;1330;1;1;1;1;6;110;RD288;M;4548681;453833;420
201400050507;14;2;28;2140;3;1;1;1;3;44;RN88;M;4539253;432171;420
201400050508;14;3;28;1615;1;1;1;1;3;91;A47;M;4558260;474218;690
201400050509;14;3;23;1110;1;1;1;1;3;207;A47;M;4547728;449828;420
201400050510;14;4;9;1525;1;1;1;1;2;228;A47;M;4554099;464691;690
201400050511;14;4;22;1920;1;1;1;1;7;218;A72;M;4546440;438053;420
201400050512;14;4;26;45;3;1;1;1;6;44;RN88;M;4539341;432454;420
201400050513;14;4;28;405;3;1;1;3;6;237;RN88;M;4544215;446308;420
201400050514;14;5;2;1935;1;1;1;2;5;237;RN88;M;4544401;446506;420
201400050515;14;5;9;2340;3;1;1;1;6;44;RN88;M;4538979;431165;420
201400050516;14;5;22;815;1;1;1;1;4;44;RN88;M;4539456;433067;420
201400050517;14;5;31;1530;1;1;1;1;4;218;RN88;M;4541692;440648;420
201400050518;14;5;31;2235;3;1;1;1;6;207;A47;M;4549272;452389;420
201400050519;14;6;1;210;3;1;1;1;2;97;A72;M;4549432;431779;420
201400050520;14;6;10;1920;1;1;1;3;6;207;RN88 CROISSANT;M;4546230;449117;420
201400050521;14;6;27;1630;1;1;1;1;6;218;RN88;M;4540706;438297;420
201400050522;14;7;1;845;1;1;1;1;2;218;RN488;M;4544232;443379;420
201400050523;14;7;7;1240;1;1;1;2;6;207;A47;M;4548738;450524;420
201400050524;14;7;7;2048;1;1;1;2;7;110;A47;M;4549382;454819;420
201400050525;14;7;13;1940;1;1;9;8;2;218;RN88;M;4541197;440061;420
201400050526;14;7;15;925;1;1;1;1;4;218;A72;M;4546593;439111;420
201400050527;14;7;18;1810;1;1;1;1;3;330;A72;M;4547514;436013;420
201400050528;14;7;27;5;3;1;1;1;2;218;RN88;M;4540696;438159;420
201400050529;14;8;13;845;1;1;1;8;2;110;A47;M;4549490;455449;420
201400050530;14;8;19;2025;1;1;1;1;6;218;A72;M;4546394;438344;420
201400050531;14;8;17;100;3;1;1;1;1;218;A72;M;4545283;441590;420
201400050532;14;9;13;625;3;1;1;1;6;186;A47;M;4553715;463490;420
201400050533;14;9;14;1445;1;1;1;1;7;218;A72;M;4545241;441707;420
201400050534;14;9;17;1415;1;1;1;1;2;218;RN88;M;4542909;441643;420
201400050535;14;10;2;1930;1;1;1;1;6;218;A72;M;4545584;441103;420
201400050536;14;10;9;1330;1;1;1;1;6;123;A47;M;4551445;457297;420
201400050537;14;10;15;1330;1;1;1;1;4;183;RN88;M;4540575;437959;420
201400050538;14;10;18;1235;1;1;1;1;6;207;RN88 DECROISSANT;M;4545750;448417;420
201400050539;14;10;12;1545;1;1;1;3;2;237;RN88;M;4544630;446743;420
201400050540;14;10;25;2130;5;1;1;2;6;218;A72;M;4546407;438193;420
201400050541;14;10;31;1934;3;1;1;1;6;252;A47;;;;690
201400050542;14;9;15;850;1;1;1;1;6;275;A72;M;4546809;437625;420
201400050543;14;11;6;1745;3;1;1;1;2;218;RN88;M;4540639;438074;420
201400050544;14;11;6;1815;3;1;1;1;2;44;RN88;M;4539524;433879;420
201400050545;14;11;8;1315;1;1;1;1;7;218;RN88;M;4540705;438160;420
201400050546;14;11;18;1645;1;1;1;1;6;44;RN88;M;4539594;434422;420
201400050547;14;9;29;1200;1;1;1;2;2;237;RN88;M;4544562;446639;420
201400050548;14;11;30;10;3;1;1;5;6;237;RN88;M;4544890;447167;420
201400050549;14;12;1;1810;3;1;1;1;2;110;A47;M;4549408;455146;420
201400050550;14;12;7;1520;1;1;1;8;6;218;A72;M;4543590;443340;420
201400050551;14;12;9;1205;1;1;1;1;6;97;A72;M;4549753;431358;420
201400050552;14;12;4;915;1;1;1;5;4;218;A72;M;4546521;438798;420
201400050553;14;12;25;1615;1;1;1;1;3;237;RN88;M;4544238;446339;420
201400050554;14;12;30;615;3;1;1;1;3;218;RN88;M;4543407;442091;420
201400050555;14;1;2;950;1;1;1;2;7;33;A46N   17.210 A 18.490;;;;690
201400050556;14;1;2;1130;1;1;1;1;7;290;A46S   40.883 A 43.680;;;;690
201400050557;14;1;2;1400;1;1;1;8;7;29;RD383   7.640 A 11.044;;;;690
201400050558;14;1;3;1330;1;1;1;2;6;199;RD383   14.250 A 18.000;;;;690
201400050559;14;1;3;2300;5;1;1;2;6;382;A7   0.000 A 2.278;;;;690
201400050560;14;1;4;1125;1;1;1;2;7;256;A42     0.560 A 4.020;;;;690
201400050561;14;1;4;1610;1;1;1;3;2;336;A7   32.870 A 35.680;;;;380
201400050562;14;1;4;1855;3;1;1;8;7;336;A7   32.870 A 35.680;;;;380
201400050563;14;1;6;730;5;1;1;1;7;544;A7   25.770 A 27.460;;;;380
201400050564;14;1;6;830;1;1;1;1;2;266;RD383   3.750 A 7.640;;;;690
201400050565;14;1;18;1345;1;1;1;1;7;87;A7  PR 22+100;M;4557285;481037;380
201400050566;14;1;3;1650;1;1;1;8;7;29;RD383   7.640 A 11.044;;;;690
201400050567;14;1;8;1515;1;1;1;1;3;34;RD383   0.000 A 1.165;;;;690
201400050568;14;1;10;805;1;1;1;1;6;29;RD383   7.640 A 11.044;;;;690
201400050569;14;1;11;1420;1;1;1;1;5;116;A6   447.390 A 447.520;;;;690
201400050570;14;1;12;445;5;1;1;1;6;199;A7   7.000 A 8.630;;;;690
201400050571;14;1;14;550;5;1;1;1;6;29;RD383   7.640 A 11.044;;;;690
201400050572;14;1;14;655;5;1;1;1;7;142;A7   2.278 A 3.690;;;;690
201400050573;14;1;14;935;1;1;1;1;6;290;A43   3.865 A 9.894;;;;690
201400050574;14;1;16;1825;4;1;1;2;5;81;A6   449.510 A 451.640;;;;690
201400050575;14;1;17;704;2;1;1;1;6;266;RD383   3.750 A 7.640;;;;690
201400050576;14;1;17;1830;3;1;1;1;2;29;A43   0.550 A 3.353;;;;690
201400050577;14;1;17;1850;5;1;1;1;4;266;RD383   3.750 A 7.640;;;;690
201400050578;14;1;17;2330;3;1;1;1;6;279;RD302   5.000 A 6.350;;;;690
201400050579;14;1;18;630;5;1;9;1;7;385;A6   453.400 A 455.000;;;;690
201400050580;14;1;19;1135;1;1;1;2;2;256;A42     0.560 A 4.020;;;;690
201400050581;14;1;20;1600;1;1;1;1;7;266;RD383   3.750 A 7.640;;;;690
201400050582;14;1;22;50;5;1;1;1;7;266;RD383   3.750 A 7.640;;;;690
201400050583;14;1;22;1610;1;1;1;1;3;273;BUS (RD301)   4.470 A 7.;;;;690
201400050584;14;1;22;2330;3;1;1;2;6;336;A7   32.870 A 35.680;;;;380
201400050585;14;1;23;415;5;1;1;1;2;389;A6   451.790 A 453.400;;;;690
201400050586;14;1;23;1625;1;1;1;1;3;297;A47;;;;690
201400050587;14;1;24;1545;1;1;1;1;7;282;RD302   0.000 A 4.000;;;;690
201400050588;14;1;26;1625;1;1;1;1;5;266;RD383   3.750 A 7.640;;;;690
201400050589;14;1;27;445;5;1;9;2;6;382;A7   0.000 A 2.278;;;;690
201400050590;14;1;29;915;1;1;1;1;2;382;A7   0.000 A 2.278;;;;690
201400050591;14;2;1;1640;1;1;1;2;7;382;A7   0.000 A 2.278;;;;690
201400050592;14;2;3;630;5;1;1;1;7;276;BUS (RD301)   0.000 A 2.;;;;690
201400050593;14;2;3;820;1;1;1;1;3;288;A43   13.029 A 15.971;;;;690
201400050594;14;2;4;610;5;1;1;2;3;34;BPNL   37.781 A 41.124;;;;690
201400050595;14;2;4;835;2;1;1;2;6;29;RD383   7.640 A 11.044;;;;690
201400050596;14;2;4;740;2;1;1;2;4;199;RD383   14.250 A 18.000;;;;690
201400050597;14;2;5;1700;1;1;1;2;3;29;A43   0.550 A 3.353;;;;690
201400050598;14;2;6;945;1;1;1;1;6;297;A7   15.770 A 20.110;;;;690
201400050599;14;2;6;1117;1;1;1;1;1;266;RD383   3.750 A 7.640;;;;690
201400050600;14;2;8;105;5;1;1;8;2;81;A6   449.510 A 451.640;;;;690
201400050601;14;2;8;343;3;1;0;1;3;283;;;;;690
201400050602;14;2;8;910;1;1;1;1;2;389;BPNL   34.614 A 36.285;;;;690
201400050603;14;2;10;1630;1;1;1;8;6;29;RD383   7.640 A 11.044;;;;690
201400050604;14;2;11;835;1;1;1;1;6;290;A43   3.865 A 9.894;;;;690
201400050605;14;2;12;825;1;1;1;1;3;297;A47   0.000  A 1.657;;;;690
201400050606;14;2;14;1735;1;1;1;1;2;29;A43   0.550 A 3.353;;;;690
201400050607;14;2;16;140;5;1;3;3;6;544;N7 / F. Bonnier;M;4553206;487402;380
201400050608;14;2;16;530;5;1;1;1;6;29;RD383   7.640 A 11.044;;;;690
201400050609;14;2;17;1715;1;1;1;1;4;285;RD302   4.620 A 5.000;;;;690
201400050610;14;2;19;715;2;1;1;1;2;199;A7   7.000 A 8.630;;;;690
201400050611;14;2;19;1412;1;1;1;1;3;290;RN346   38.960 A 40.883;;;;690
201400050612;14;2;20;1300;1;1;1;1;2;279;RD302   5.000 A 6.350;;;;690
201400050613;14;2;21;800;1;1;1;2;5;100;A450   1.090 A 1.740;;;;690
201400050614;14;2;21;2120;3;1;1;1;4;29;RD383   7.640 A 11.044;;;;690
201400050615;14;2;22;1640;1;1;1;1;7;295;A46S   53.980 A 57.400;;;;690
201400050616;14;2;23;115;3;1;1;1;2;297;A7   15.770 A 20.110;;;;690
201400050617;14;2;26;540;4;1;1;3;7;275;RN346   29.300 A 34.350;;;;690
201400050618;14;2;26;950;1;1;1;2;7;29;RD383   7.640 A 11.044;;;;690
201400050619;14;2;26;1310;1;1;1;1;2;275;A42  4.020 A 4.353   GEN;;;;10
201400050620;14;2;26;1250;1;1;1;2;4;29;RD383   7.640 A 11.044;;;;690
201400050621;14;2;28;1000;1;1;1;2;2;29;RD383   7.640 A 11.044;;;;690
201400050622;14;2;28;1740;1;1;1;1;2;29;A43   0.550 A 3.353;;;;690
201400050623;14;3;2;1505;1;1;1;1;7;296;A7   10.992 A 13.970;;;;690
201400050624;14;3;2;1610;1;1;1;1;7;275;RN346   29.300 A 34.350;;;;690
201400050625;14;3;4;125;4;1;1;2;1;152;A7   4.270 A 7.000;;;;690
201400050626;14;3;4;645;2;1;1;2;7;256;A42     0.560 A 4.020;;;;690
201400050627;14;3;5;1350;1;1;1;1;3;199;A7   7.000 A 8.630;;;;690
201400050628;14;3;5;1825;1;1;1;1;5;282;RN346   34.350 A 34.850;;;;690
201400050629;14;3;6;800;1;1;1;1;5;199;RD383   14.250 A 18.000;;;;690
201400050630;14;3;6;915;1;1;1;1;4;273;BUS (RD301)   4.470 A 7.;;;;690
201400050631;14;3;6;1015;1;1;1;1;4;273;BUS (RD301)   4.470 A 7.;;;;690
201400050632;14;3;6;1945;3;1;1;1;2;72;A6   445.323 A 447.390;;;;690
201400050633;14;3;7;129;3;1;1;1;7;72;A6   445.323 A 447.390;;;;690
201400050634;14;3;8;1805;3;1;1;1;7;117;A6   439.400 A 442.500;;;;690
201400050635;14;3;10;820;1;1;1;1;4;283;A46S   43.680 A 47.880;;;;690
201400050636;14;3;13;1250;1;1;1;1;3;336;A7   32.870 A 35.680;;;;380
201400050637;14;3;15;940;1;1;1;1;3;449;zone de péage;M;4564939;511720;380
201400050638;14;3;16;2200;4;1;3;1;4;544;31 j jaures/pl st mauric;M;4552474;487118;380
201400050639;14;3;17;800;1;1;1;1;2;204;A450   1.740 A 5.100;;;;690
201400050640;14;3;18;730;1;1;1;1;6;199;RD383   14.250 A 18.000;;;;690
201400050641;14;3;20;715;1;1;1;1;4;34;BPNL   37.781 A 41.124;;;;690
201400050642;14;3;21;900;1;1;3;1;3;544;RN7   5.180 A 10.000;M;4552700;487299;380
201400050643;14;3;22;700;1;1;1;3;2;125;A6   437.840 A 439.400;;;;690
201400050644;14;3;22;1200;1;1;1;2;6;256;A42     0.560 A 4.020;;;;690
201400050645;14;3;22;1220;1;1;1;2;6;256;A42     0.560 A 4.020;;;;690
201400050646;14;3;22;2330;5;1;1;1;7;152;A7   4.270 A 7.000;;;;690
201400050647;14;3;23;2020;3;1;1;2;7;256;RN346  S/N   25.686 A 29;;;;690
201400050648;14;3;24;230;3;1;1;1;6;288;A432;;;;690
201400050649;14;3;24;1611;1;1;1;1;3;29;RD383   7.640 A 11.044;;;;690
201400050650;14;3;15;1150;1;1;1;1;4;290;RN346   38.960 A 40.883;;;;690
201400050651;14;3;26;900;1;1;1;1;4;256;RN346  N/S  25.736 A 29.;;;;690
201400050652;14;3;27;900;1;1;1;1;4;29;A43   0.550 A 3.353;;;;690
201400050653;14;3;27;1025;1;1;1;1;6;27;A450   5.100 A 7.285;;;;690
201400050654;14;3;30;1940;1;1;1;1;2;199;RD383   14.250 A 18.000;;;;690
201400050655;14;4;3;800;1;1;1;1;3;259;RD383   11.750 A 14.250;;;;690
201400050656;14;3;3;1800;1;1;1;1;3;27;A450   5.100 A 7.285;;;;690
201400050657;14;3;4;1735;2;1;1;1;4;266;RD383   3.750 A 7.640;;;;690
201400050658;14;3;21;1845;1;1;1;1;2;40;A6   447.520 A 448.490;;;;690
201400050659;14;3;22;1722;1;1;1;1;7;152;A450   0.000 A 1.090;;;;690
201400050660;14;3;31;2330;3;1;1;1;3;271;RN346   34.850 A 36.215;;;;690
201400050661;14;4;6;2310;3;1;1;1;7;294;A7   13.970 A 15.270;;;;690
201400050662;14;4;7;910;1;1;1;1;2;256;A42     0.560 A 4.020;;;;690
201400050663;14;4;4;2130;3;1;1;1;6;487;A7 PK 23+100;M;4556551;481757;380
201400050664;14;4;8;900;1;1;1;2;6;199;RD383   14.250 A 18.000;;;;690
201400050665;14;4;10;750;1;1;1;1;2;266;RD383 2.321 A 3.750;;;;690
201400050666;14;4;14;420;5;1;1;1;2;272;A46S   57.400 A 61.010;;;;690
201400050667;14;4;14;1430;1;1;1;1;3;199;RD383   14.250 A 18.000;;;;690
201400050668;14;4;15;50;3;1;1;1;7;142;A7   2.278 A 3.690;;;;690
201400050669;14;4;16;845;1;1;1;1;3;184;A43   15.971 A 18.875;;;;380
201400050670;14;4;16;800;1;1;1;1;2;276;A7   8.630 A 10.992;;;;690
201400050671;14;4;7;1710;1;1;1;1;4;382;A7   0.000 A 2.278;;;;690
201400050672;14;4;15;920;1;1;1;1;3;256;A42     0.560 A 4.020;;;;690
201400050673;14;4;22;855;1;1;1;1;1;288;A43   13.029 A 15.971;;;;690
201400050674;14;4;22;850;1;1;1;1;5;288;;;;;690
201400050675;14;4;23;530;5;1;1;2;6;544;A7   25.770 A 27.460;;;;380
201400050676;14;4;25;2204;3;1;1;1;2;152;A7   4.270 A 7.000;;;;690
201400050677;14;4;25;10;3;1;1;1;7;271;RN346   38.000 A 38.960;;;;690
201400050678;14;4;25;815;1;1;1;8;6;382;A7   0.000 A 2.278;;;;690
201400050679;14;4;27;735;2;1;1;1;6;271;RD302   0.000 A 0.400;;;;690
201400050680;14;4;1;1700;1;1;1;1;2;81;Bretelle sortie Ecully;;;;690
201400050681;14;4;24;745;1;1;1;1;4;286;A46N   19.955 A 25.180;;;;690
201400050682;14;4;26;820;1;1;1;1;3;29;RD383   7.640 A 11.044;;;;690
201400050683;14;4;30;1845;1;1;1;1;4;388;RD383   11.460 A 11.750;;;;690
201400050684;14;5;2;2330;4;1;1;2;5;266;RD383   3.750 A 7.640;;;;690
201400050685;14;4;8;1910;1;1;1;1;2;290;A43   3.865 A 9.894;;;;690
201400050686;14;5;8;745;1;1;1;1;6;276;BUS (RD301)   0.000 A 2.;;;;690
201400050687;14;5;8;1215;1;1;1;1;4;72;A6   445.323 A 447.390;;;;690
201400050688;14;3;19;1935;5;1;1;1;4;266;RD383   3.750 A 7.640;;;;690
201400050689;14;5;9;1135;1;1;1;1;4;389;BPNL   36.318 A 37.781;;;;690
201400050690;14;5;10;840;1;1;1;1;7;266;RD383   3.750 A 7.640;;;;690
201400050691;14;4;12;2130;3;1;1;1;2;376;A 42;M;4581670;497752;10
201400050692;14;5;13;1210;1;1;9;1;3;115;A6   427.300 A 428.640;;;;690
201400050693;14;5;14;625;1;1;1;1;7;288;A43   13.029 A 15.971;;;;690
201400050694;14;5;14;745;1;1;1;1;4;281;A46S   49.160 A 53.980;;;;690
201400050695;14;4;29;1555;1;1;1;1;4;286;A46N   19.955 A 25.180;;;;690
201400050696;14;5;16;1713;1;1;1;1;2;277;RN346   36.215 A 38.000;;;;690
201400050697;14;5;14;1745;1;1;1;1;2;266;RD383   3.750 A 7.640;;;;690
201400050698;14;5;21;1020;1;1;1;8;3;142;A7   2.278 A 3.690;;;;690
201400050699;14;5;21;1400;1;1;1;1;2;389;A6   451.790 A 453.400;;;;690
201400050700;14;5;22;710;1;1;1;1;4;29;A43   0.550 A 3.353;;;;690
201400050701;14;5;23;800;1;1;1;1;2;259;BUS (RD301)  2.800 A 4.4;;;;690
201400050702;14;5;24;820;1;1;1;1;7;34;RD383   0.000 A 1.165;;;;690
201400050703;14;5;27;1900;1;1;1;1;2;256;RD383   1.893 A 2.321;;;;690
201400050704;14;4;22;1830;1;1;1;1;7;266;RD383   3.750 A 7.640;;;;690
201400050705;14;6;8;1130;1;1;1;1;2;72;A6   445.323 A 447.390;;;;690
201400050706;14;6;3;810;1;1;1;1;3;259;RD383   11.750 A 14.250;;;;690
201400050707;14;5;31;1550;1;1;4;1;2;544;D1407 PR2 / q rey;M;4553621;486974;380
201400050708;14;6;3;800;1;1;1;1;3;34;RD383   0.000 A 1.165;;;;690
201400050709;14;6;4;840;1;1;1;1;5;266;RD383   3.750 A 7.640;;;;690
201400050710;14;6;5;40;3;1;1;1;2;296;A7   10.992 A 13.970;;;;690
201400050711;14;5;11;1305;1;1;1;1;7;487;A7   22.950 A 25.770;;;;380
201400050712;14;6;8;1300;1;1;1;1;4;266;RD383   3.750 A 7.640;;;;690
201400050713;14;6;8;40;3;1;1;1;1;259;RD383   11.750 A 14.250;;;;690
201400050714;14;6;8;1955;1;1;1;1;7;256;A42     0.560 A 4.020;;;;690
201400050715;14;6;11;1715;1;1;1;1;2;259;RD383   11.750 A 14.250;;;;690
201400050716;14;6;13;745;1;1;1;1;2;29;A43   3.353 A 3.865;;;;690
201400050717;14;6;14;1755;1;1;1;1;7;266;RD383   3.750 A 7.640;;;;690
201400050718;14;6;13;1915;1;1;1;1;2;40;A6   447.520 A 448.490;;;;690
201400050719;14;6;10;1810;1;1;1;1;7;290;A43   3.865 A 9.894;;;;690
201400050720;14;6;14;405;3;1;1;1;4;287;A43   9.894 A 13.029;;;;690
201400050721;14;6;16;1220;1;1;1;1;2;259;RD383   11.0044 A 11.460;;;;690
201400050722;14;6;18;740;1;1;1;1;2;275;A46N 25.180 A 25.680;;;;10
201400050723;14;6;17;855;1;1;1;1;4;81;A6   448.490 A 449.450;;;;690
201400050724;14;8;8;1830;1;1;1;1;6;273;BUS (RD301)   4.470 A 7.;;;;690
201400050725;14;6;21;1420;1;1;6;1;3;544;inter crs Brillier;M;4552226;486897;380
201400050726;14;5;30;1500;1;1;1;1;3;34;BPNL   37.781 A 41.124;;;;690
201400050727;14;6;24;945;1;1;1;8;2;275;RN346   29.300 A 34.350;;;;690
201400050728;14;6;23;1850;1;1;1;1;2;149;A7   3.690 A 4.270;;;;690
201400050729;14;6;24;1410;1;1;1;1;2;199;RD383   14.250 A 18.000;;;;690
201400050730;14;6;25;1050;1;1;1;1;3;544;A7   25.770 A 27.460;;;;380
201400050731;14;6;27;1535;1;1;1;1;4;266;RD383   3.750 A 7.640;;;;690
201400050732;14;6;29;715;1;1;1;1;6;382;A7   0.000 A 2.278;;;;690
201400050733;14;6;29;700;1;1;1;2;6;29;A43   0.550 A 3.353;;;;690
201400050734;14;6;29;1000;1;1;1;2;7;288;A43   13.029 A 15.971;;;;690
201400050735;14;6;30;1520;1;1;1;1;2;29;RD383   7.640 A 11.044;;;;690
201400050736;14;6;19;1710;1;1;1;1;2;259;RD383   11.750 A 14.250;;;;690
201400050737;14;6;30;2225;3;1;1;1;7;91;A47   1.657 A 1.809;;;;690
201400050738;14;7;2;1120;1;1;1;2;3;275;A46N  N/S   25.700 A 25.;;;;10
201400050739;14;7;4;2310;3;1;1;2;5;27;A450   5.100 A 7.285;;;;690
201400050740;14;7;5;410;3;1;1;1;6;297;A47;;;;690
201400050741;14;7;2;1155;1;1;1;2;6;383;A43   0.000 A 0.550;;;;690
201400050742;14;7;7;1845;1;1;1;3;4;544;D1407  1+500;M;4553807;486556;380
201400050743;14;7;7;1025;1;1;2;2;4;544;quai Pajot/J. Jaures;M;4552805;487386;380
201400050744;14;7;11;655;1;1;1;1;2;544;A7   25.770 A 27.460;;;;380
201400050745;14;5;22;2100;2;1;1;1;7;199;A7   7.000 A 8.630;;;;690
201400050746;14;6;22;410;4;1;1;1;2;389;A6   451.790 A 453.400;;;;690
201400050747;14;7;12;430;3;1;4;1;2;288;A43   13.029 A 15.971;;;;690
201400050748;14;7;7;1220;1;1;1;2;2;382;A7   0.000 A 2.278;;;;690
201400050749;14;7;14;645;2;1;1;3;7;256;A42     0.560 A 4.020;;;;690
201400050750;14;7;7;645;2;1;1;2;7;385;A6   453.400 A 455.000;;;;690
201400050751;14;7;13;1900;1;1;1;8;3;29;RD383   7.640 A 11.044;;;;690
201400050752;14;7;13;840;1;1;1;2;7;266;A42   0.000 A 0.560;;;;690
201400050753;14;7;15;915;1;1;1;1;2;276;BUS (RD301)   0.000 A 2.;;;;690
201400050754;14;7;16;755;1;1;1;1;3;295;A46S   53.980 A 57.400;;;;690
201400050755;14;7;16;2020;1;1;1;1;4;152;A7   4.270 A 7.000;;;;690
201400050756;14;7;15;2300;3;1;1;1;3;288;A43   13.029 A 15.971;;;;690
201400050757;14;7;11;1900;1;1;1;1;7;7;A7   31.960 A 32.870;;;;690
201400050758;14;6;4;1320;1;1;1;2;6;276;BUS (RD301)   0.000 A 2.;;;;690
201400050759;14;7;19;1210;1;1;1;1;1;152;A7   4.270 A 7.000;;;;690
201400050760;14;7;20;2125;3;1;1;2;7;288;A43   13.029 A 15.971;;;;690
201400050761;14;6;3;410;3;1;1;1;7;273;BUS (RD301)   7.000 A 7.;;;;690
201400050762;14;7;21;500;3;1;1;2;7;29;A43   0.550 A 3.353;;;;690
201400050763;14;7;21;510;3;1;1;2;3;29;A43   0.550 A 3.353;;;;690
201400050764;14;7;21;1505;1;1;1;3;6;100;A450   1.090 A 1.740;;;;690
201400050765;14;7;21;1130;1;1;1;2;3;266;RD383   3.750 A 7.640;;;;690
201400050766;14;7;21;1215;1;1;1;2;7;266;RD383   3.750 A 7.640;;;;690
201400050767;14;7;21;715;1;1;1;2;2;29;RD383   7.640 A 11.044;;;;690
201400050768;14;7;21;1110;1;1;1;3;3;256;RN346  S/N   25.686 A 29;;;;690
201400050769;14;7;22;2035;1;1;1;1;6;389;A6   451.790 A 453.400;;;;690
201400050770;14;6;28;150;3;1;1;1;3;487;A7   22.950 A 25.770;;;;380
201400050771;14;7;21;1235;1;1;1;2;6;256;RN346  N/S  25.736 A 29.;;;;690
201400050772;14;7;20;1900;1;1;1;1;7;389;A6   451.790 A 453.400;;;;690
201400050773;14;7;21;2355;3;1;1;1;2;117;A6   439.400 A 442.500;;;;690
201400050774;14;7;24;957;1;1;1;1;4;275;RN346   29.300 A 34.350;;;;690
201400050775;14;7;26;1940;1;1;1;2;3;487;A7   22.950 A 25.770;;;;380
201400050776;14;7;6;1730;1;1;1;1;3;290;A43   3.865 A 9.894;;;;690
201400050777;14;7;18;1745;1;1;1;1;3;256;A42     0.560 A 4.020;;;;690
201400050778;14;7;23;1330;1;1;1;1;7;266;RD383   1.165 A 1.893;;;;690
201400050779;14;7;30;800;1;1;9;3;6;256;A42     0.560 A 4.020;;;;690
201400050780;14;7;22;735;1;1;1;1;4;199;A7   7.000 A 8.630;;;;690