num_acc;an;mois;jour;hrmn;lum;agg;int;atm;col;com;adr;gps;lat;long;dep
201400050781;14;7;22;825;1;1;1;1;3;199;RD383   14.250 A 18.000;;;;690
201400050782;14;7;28;1610;1;1;1;1;5;87;A7   20.110 A 22.950;;;;380
201400050783;14;7;30;2114;2;1;1;1;5;297;A7   15.770 A 20.110;;;;690
201400050784;14;8;3;25;3;1;1;8;7;271;RN346   38.000 A 38.960;;;;690
201400050785;14;6;18;1655;1;1;1;1;6;290;A46S   40.883 A 43.680;;;;690
201400050786;14;7;20;1950;1;1;1;3;2;72;A6   445.323 A 447.390;;;;690
201400050787;14;7;29;1315;1;1;1;2;7;29;A43   0.550 A 3.353;;;;690
201400050788;14;8;4;730;1;1;1;1;6;55;A6   435.100 A 437.840;;;;690
201400050789;14;8;5;409;3;1;1;1;6;279;RD302   5.000 A 6.350;;;;690
201400050790;14;8;7;1745;1;1;1;1;3;275;RN346   29.300 A 34.350;;;;690
201400050791;14;8;7;2150;5;1;1;1;7;152;A7   4.270 A 7.000;;;;690
201400050792;14;8;4;1720;1;1;1;2;6;266;RD383   3.750 A 7.640;;;;690
201400050793;14;7;11;1915;1;1;1;1;4;290;RN346   38.960 A 40.883;;;;690
201400050794;14;8;14;1315;1;1;1;1;2;290;A46S   40.883 A 43.680;;;;690
201400050795;14;8;13;1650;1;1;1;1;5;189;A7   28.860 A 29.920;;;;690
201400050796;14;7;29;1900;1;1;1;1;4;382;A6   455.000 A 455.875;;;;690
201400050797;14;8;15;2120;3;1;1;1;6;287;A43   9.894 A 13.029;;;;690
201400050798;14;7;7;1915;1;1;1;1;5;193;A7   29.920 A 31.960;;;;690
201400050799;14;8;15;410;5;1;1;2;6;199;A7   7.000 A 8.630;;;;690
201400050800;14;8;22;1350;1;1;1;1;2;259;RD383   11.0044 A 11.460;;;;690
201400050801;14;7;29;1330;1;1;3;1;2;336;RN7 / D1007;M;4549713;484063;380
201400050802;14;8;24;520;3;1;1;1;6;87;A7   20.110 A 22.950;;;;380
201400050803;14;8;21;1840;1;1;1;1;4;385;A6   453.400 A 455.000;;;;690
201400050804;14;5;17;1730;1;1;1;1;5;27;A450   5.100 A 7.285;;;;690
201400050805;14;8;26;1650;1;1;1;1;2;152;A7   4.270 A 7.000;;;;690
201400050806;14;8;26;1130;1;1;1;2;6;248;A46N   14.305 A 17.210;M;4588640;489401;10
201400050807;14;8;27;1300;1;1;1;1;1;449;A43   18.875 A 21.100;;;;380
201400050808;14;8;22;1600;1;1;1;1;7;249;A42   6.290 A 8.310;M;4581400;495166;10
201400050809;14;8;29;2005;1;1;1;2;4;266;RD383 2.321 A 3.750;;;;690
201400050810;14;8;5;1710;1;1;1;1;3;297;A47   0.000  A 1.657;;;;690
201400050811;14;8;29;1745;1;1;1;2;4;544;A7N PK 26+400;M;4554342;484433;380
201400050812;14;9;4;425;3;1;1;1;6;55;A6   435.100 A 437.840;;;;690
201400050813;14;8;22;815;1;1;1;1;6;382;A7   0.000 A 2.278;;;;690
201400050814;14;9;6;35;3;1;1;1;7;87;A7   20.110 A 22.950;M;4558365;480040;380
201400050815;14;9;12;615;3;1;1;1;2;249;A42   6.290 A 8.310;M;4581450;495550;10
201400050816;14;9;12;1740;1;1;1;1;3;199;RD383   14.250 A 18.000;;;;690
201400050817;14;9;12;2115;5;1;1;1;3;266;RD383   3.750 A 7.640;;;;690
201400050818;14;9;4;1000;1;1;1;1;3;199;RD383   14.250 A 18.000;;;;690
201400050819;14;9;7;730;2;1;1;1;7;276;A7   8.630 A 10.992;;;;690
201400050820;14;9;14;1925;1;1;1;1;3;544;RN7   PK6+000;M;4552736;487331;380
201400050821;14;9;9;1820;1;1;1;1;4;382;A7   0.000 A 2.278;;;;690
201400050822;14;9;8;900;1;1;1;1;4;81;A6   448.490 A 449.450;;;;690
201400050823;14;9;14;1200;1;1;1;1;3;256;A42     0.560 A 4.020;;;;690
201400050824;14;9;15;750;1;1;1;1;4;199;RD383   14.250 A 18.000;;;;690
201400050825;14;9;17;540;3;1;1;1;3;259;BUS (RD301)  2.800 A 4.4;;;;690
201400050826;14;9;17;2030;5;1;1;1;3;382;A7   0.000 A 2.278;;;;690
201400050827;14;9;18;740;1;1;1;1;7;382;A7   0.000 A 2.278;;;;690
201400050828;14;9;7;430;3;1;1;1;6;297;A7   15.770 A 20.110;;;;690
201400050829;14;9;19;1718;1;1;1;1;5;297;A47   0.000  A 1.657;;;;690
201400050830;14;9;19;1715;1;1;1;1;5;297;;;;;690
201400050831;14;9;21;1540;1;1;1;1;7;266;RD383   1.165 A 1.893;;;;690
201400050832;14;9;21;1325;1;1;1;2;6;152;A450   0.000 A 1.090;;;;690
201400050833;14;9;22;1024;1;1;1;1;6;275;RN346   29.300 A 34.350;;;;690
201400050834;14;9;23;1320;1;1;1;1;3;55;A6   435.100 A 437.840;;;;690
201400050835;14;9;23;1820;1;1;1;1;2;266;RD383   3.750 A 7.640;;;;690
201400050836;14;9;19;1420;1;1;1;1;6;91;A47;;;;690
201400050837;14;9;19;1500;1;1;1;1;5;297;A7   15.770 A 20.110;;;;690
201400050838;14;9;18;840;1;1;1;1;2;199;A7   7.000 A 8.630;;;;690
201400050839;14;9;15;1000;1;1;1;1;5;87;A7N  PK  20+335;M;4558486;480005;380
201400050840;14;9;26;1710;1;1;1;1;1;266;RD383   3.750 A 7.640;;;;690
201400050841;14;9;26;1815;1;1;1;1;2;544;31, RN7   5.180 A 10.000;;;;380
201400050842;14;9;26;2000;3;1;1;1;2;297;A7   15.770 A 20.110;;;;690
201400050843;14;9;29;1230;1;1;1;2;7;256;A42     0.560 A 4.020;;;;690
201400050844;14;9;24;925;1;1;1;1;4;270;A46S   47.880 A 49.160;;;;690
201400050845;14;9;30;1624;1;1;1;1;4;256;RD383   1.893 A 2.321;;;;690
201400050846;14;9;16;1200;1;1;1;1;3;199;RD383   14.250 A 18.000;;;;690
201400050847;14;9;28;1945;2;1;1;1;4;29;A43   0.550 A 3.353;;;;690
201400050848;14;10;3;1730;1;1;1;1;5;382;A7   0.000 A 2.278;;;;690
201400050849;14;9;30;1835;1;1;1;1;4;389;BPNL   36.318 A 37.781;;;;690
201400050850;14;9;20;1210;1;1;1;1;4;72;A6   445.323 A 447.390;;;;690
201400050851;14;10;4;1445;1;1;1;1;4;256;RN346  S/N   25.686 A 29;;;;690
201400050852;14;5;16;1655;1;1;1;1;7;266;RD383   3.750 A 7.640;;;;690
201400050853;14;9;30;2000;5;1;1;1;4;266;RD383   1.165 A 1.893;;;;690
201400050854;14;10;4;750;1;1;7;1;5;544;D1407  PK 0+100;M;4554232;484949;380
201400050855;14;10;5;2100;5;1;1;1;7;29;RD383   7.640 A 11.044;;;;690
201400050856;14;10;7;2245;5;1;1;2;6;29;RD383   7.640 A 11.044;;;;690
201400050857;14;10;7;730;2;1;1;1;5;199;RD383   14.250 A 18.000;;;;690
201400050858;14;10;7;1830;1;1;1;2;2;259;BUS (RD301)  2.800 A 4.4;;;;690
201400050859;14;10;4;1525;1;1;1;1;2;336;A7N PK 34+000;M;4723300;44200;380
201400050860;14;10;9;1755;1;1;1;3;5;272;A46S   57.400 A 61.010;;;;690
201400050861;14;10;9;2200;4;1;1;2;2;266;RD383   3.750 A 7.640;;;;690
201400050862;14;10;9;1215;1;1;1;1;2;199;RD383   14.250 A 18.000;;;;690
201400050863;14;10;7;2210;3;1;1;3;6;29;RD383   7.640 A 11.044;;;;690
201400050864;14;10;12;1330;1;1;1;2;1;266;RD383   3.750 A 7.640;;;;690
201400050865;14;10;12;1715;1;1;1;3;7;544;A7   25.770 A 27.460;;;;380
201400050866;14;10;12;1800;1;1;1;1;6;256;A42     0.560 A 4.020;;;;690
201400050867;14;10;12;1800;1;1;1;2;6;389;BPNL   34.614 A 36.285;;;;690
201400050868;14;10;15;725;1;1;1;1;4;275;A42   4.353 A 5.760   GE;;;;10
201400050869;14;10;15;2325;3;1;1;1;6;55;A6   435.100 A 437.840;;;;690
201400050870;14;10;16;1600;1;1;1;1;2;290;A46S   40.883 A 43.680;;;;690
201400050871;14;10;17;120;3;1;1;1;6;281;A46S   49.160 A 53.980;;;;690
201400050872;14;10;17;755;2;1;1;1;5;204;A450   1.740 A 5.100;;;;690
201400050873;14;10;18;20;3;1;1;1;7;288;A43   13.029 A 15.971;;;;690
201400050874;14;10;17;1750;1;1;1;1;4;290;A43   3.865 A 9.894;;;;690
201400050875;14;10;17;845;1;1;1;1;7;266;RD383 2.321 A 3.750;;;;690
201400050876;14;10;20;1220;1;1;1;1;6;376;A42   8.310 A 9.500;M;4581670;497750;10
201400050877;14;10;20;915;1;1;1;1;2;283;A46S   43.680 A 47.880;;;;690
201400050878;14;10;13;710;3;1;1;2;2;544;D1407  PK 0+150;M;4554221;485000;380
201400050879;14;10;24;1230;1;1;1;1;4;72;A6   445.323 A 447.390;;;;690
201400050880;14;10;24;1200;1;1;1;1;4;385;A6   453.400 A 455.000;;;;690
201400050881;14;10;10;1620;1;1;1;3;5;152;A7   4.270 A 7.000;;;;690
201400050882;14;10;26;600;5;1;1;1;2;259;RD383   11.750 A 14.250;;;;690
201400050883;14;10;26;1140;1;1;1;1;4;72;A6   445.323 A 447.390;;;;690
201400050884;14;10;22;1850;5;1;1;8;4;266;RD383 2.321 A 3.750;;;;690
201400050885;14;10;24;1945;3;1;1;1;4;290;A43   3.865 A 9.894;;;;690
201400050886;14;10;27;1900;5;1;1;1;2;266;RD383 2.321 A 3.750;;;;690
201400050887;14;10;29;400;3;1;1;1;6;29;A43   0.550 A 3.353;;;;690
201400050888;14;10;31;1500;1;1;1;1;3;290;A46S   40.883 A 43.680;;;;690
201400050889;14;10;28;1910;5;1;1;1;5;276;BUS (RD301)   0.000 A 2.;;;;690
201400050890;14;10;22;1920;5;1;1;1;3;297;A47   0.000  A 1.657;;;;690
201400050891;14;11;3;915;1;1;1;1;2;270;A46S   47.880 A 49.160;;;;690
201400050892;14;11;5;705;3;1;1;2;6;544;A7   25.770 A 27.460;;;;380
201400050893;14;11;5;755;1;1;1;2;6;29;RD383   7.640 A 11.044;;;;690
201400050894;14;11;5;755;1;1;9;2;3;29;A43   0.550 A 3.353;;;;690
201400050895;14;11;1;1830;3;1;1;1;1;193;A7   29.920 A 31.960;;;;690
201400050896;14;10;24;130;3;1;1;1;6;296;A7   10.992 A 13.970;;;;690
201400050897;14;11;6;2115;1;1;1;1;7;266;RD383   3.750 A 7.640;;;;690
201400050898;14;11;2;1830;2;1;1;1;4;266;RD383 2.321 A 3.750;;;;690
201400050899;14;11;3;940;1;1;1;1;3;29;RD383   7.640 A 11.044;;;;690
201400050900;14;11;7;1530;1;1;1;2;6;275;A42   4.353 A 5.760   GE;;;;10
201400050901;14;11;10;800;1;1;1;8;7;29;A43   0.550 A 3.353;;;;690
201400050902;14;11;10;1210;1;1;1;1;7;389;BPNL   34.614 A 36.285;;;;690
201400050903;14;11;6;1755;3;1;1;1;3;276;A7   8.630 A 10.992;;;;690
201400050904;14;11;7;1850;2;1;1;2;2;152;A7   4.270 A 7.000;;;;690
201400050905;14;11;12;1235;1;1;1;2;4;544;A7   25.770 A 27.460;;;;380
201400050906;14;11;8;150;3;1;1;5;2;297;A7   15.770 A 20.110;;;;690
201400050907;14;10;28;1850;5;1;1;1;5;259;RD383   11.0044 A 11.460;;;;690
201400050908;14;11;9;1320;1;1;1;3;6;275;A42   4.353 A 5.760   GE;;;;10
201400050909;14;11;9;1410;1;1;1;3;6;142;A7   2.278 A 3.690;;;;690
201400050910;14;11;12;1900;5;1;1;1;2;29;RD383   7.640 A 11.044;;;;690
201400050911;14;11;7;2120;4;1;1;1;2;288;A43   13.029 A 15.971;;;;690
201400050912;14;11;6;1215;1;1;1;1;2;275;RN346   29.300 A 34.350;;;;690
201400050913;14;11;14;200;4;1;1;1;7;389;BPNL   34.614 A 36.285;;;;690
201400050914;14;11;10;1130;1;1;1;8;3;29;A43   0.550 A 3.353;;;;690
201400050915;14;11;5;1930;5;1;1;2;6;199;RD383   14.250 A 18.000;;;;690
201400050916;14;11;17;1145;1;1;1;1;2;272;A46S   57.400 A 61.010;;;;690
201400050917;14;11;15;1010;1;1;1;3;6;29;A43   0.550 A 3.353;;;;690
201400050918;14;11;19;1830;5;1;1;1;4;266;RD383   1.165 A 1.893;;;;690
201400050919;14;11;19;1840;3;1;1;1;2;282;RD302   0.400 A 4.620;;;;690
201400050920;14;11;22;2030;3;1;1;1;4;72;A6   445.323 A 447.390;;;;690
201400050921;14;11;21;1200;1;1;1;1;7;199;RD383   14.250 A 18.000;;;;690
201400050922;14;11;20;1915;5;1;1;1;2;290;A43   3.865 A 9.894;;;;690
201400050923;14;10;28;1410;1;1;1;1;5;297;A47   0.000  A 1.657;;;;690
201400050924;14;11;24;1805;2;1;1;1;4;199;A7   7.000 A 8.630;;;;690
201400050925;14;11;25;1855;1;1;1;1;2;290;A43   3.865 A 9.894;;;;690
201400050926;14;11;21;1339;1;1;1;1;2;277;RN346   36.215 A 38.000;;;;690
201400050927;14;11;26;210;4;1;1;1;7;276;A7   8.630 A 10.992;;;;690
201400050928;14;11;27;2250;5;1;1;1;5;266;RD383   3.750 A 7.640;;;;690
201400050929;14;11;27;1000;1;1;1;1;7;29;RD383   7.640 A 11.044;;;;690
201400050930;14;11;21;805;1;1;1;1;2;297;A47   0.000  A 1.657;;;;690
201400050931;14;11;18;1540;1;1;1;1;5;290;A43   3.865 A 9.894;;;;690
201400050932;14;11;27;720;1;1;1;2;2;249;A42   6.290 A 8.310;;;;10
201400050933;14;12;1;300;5;1;1;1;7;152;A7   4.270 A 7.000;;;;690
201400050934;14;10;27;1535;1;1;1;1;4;199;RD383   14.250 A 18.000;;;;690
201400050935;14;12;4;745;1;1;1;2;2;152;A7   4.270 A 7.000;;;;690
201400050936;14;12;5;240;5;1;1;1;6;34;BPNL   37.781 A 41.124;;;;690
201400050937;14;12;4;940;1;1;1;1;4;266;RD383   3.750 A 7.640;;;;690
201400050938;14;12;5;700;4;1;1;1;6;275;RN346   29.300 A 34.350;;;;690
201400050939;14;12;6;1620;2;1;1;1;3;81;BPNL   34.000 A 34.614;;;;690
201400050940;14;12;2;1940;3;1;1;1;6;279;RD302   5.000 A 6.350;;;;690
201400050941;14;12;7;1630;1;1;1;1;7;199;RD383   14.250 A 18.000;;;;690
201400050942;14;12;8;740;3;1;1;2;2;286;A46N   19.955 A 25.180;;;;690
201400050943;14;12;8;1300;1;1;1;1;3;297;A47   0.000  A 1.657;;;;690
201400050944;14;10;27;1650;1;1;1;1;4;199;RD383   14.250 A 18.000;;;;690
201400050945;14;12;9;2100;3;1;1;1;2;184;A43   15.971 A 18.875;;;;380
201400050946;14;12;10;2040;5;1;1;2;7;266;RD383   3.750 A 7.640;;;;690
201400050947;14;12;10;2020;3;1;1;2;7;275;A42  4.020 A 4.353   GEN;;;;10
201400050948;14;12;11;850;1;1;1;1;4;81;BPNL   34.000 A 34.614;;;;690
201400050949;14;12;11;1440;1;1;1;2;4;275;RN346   29.300 A 34.350;;;;690
201400050950;14;12;12;1820;3;1;1;1;2;266;RD383   3.750 A 7.640;;;;690
201400050951;14;12;12;2040;5;1;1;1;5;266;RD383   3.750 A 7.640;;;;690
201400050952;14;12;13;1720;3;1;1;1;5;72;A6   445.323 A 447.390;;;;690
201400050953;14;12;9;1730;4;1;1;1;2;297;A7   15.770 A 20.110;;;;690
201400050954;14;10;28;1845;1;1;1;1;2;199;A7   7.000 A 8.630;;;;690
201400050955;14;12;9;1910;5;1;1;1;2;389;A6   451.790 A 453.400;;;;690
201400050956;14;12;11;1905;3;1;1;1;2;184;A43   15.971 A 18.875;;;;380
201400050957;14;12;16;245;5;1;4;1;6;290;RN346   38.960 A 40.883;M;0;0;690
201400050958;14;12;17;1900;3;1;1;3;2;389;A6   451.790 A 453.400;;;;690
201400050959;14;12;18;1400;1;1;1;2;6;29;RD383   7.640 A 11.044;;;;690
201400050960;14;12;20;1400;1;1;1;2;3;29;RD383   7.640 A 11.044;;;;690
201400050961;14;12;21;1232;1;1;1;1;6;163;A46N   2.930 A 7.065;;;;690
201400050962;14;12;22;740;2;1;1;1;2;199;RD383   14.250 A 18.000;;;;690
201400050963;14;12;22;1155;1;1;9;5;3;449;A43  20+800 peage;M;4564907;511847;380
201400050964;14;12;23;605;3;1;1;5;5;43;A42 9.900 A 11.118;M;4582500;500878;10
201400050965;14;12;22;1620;1;1;1;1;6;122;A6   433.690 A 435.100;;;;690
201400050966;14;12;19;825;1;1;1;5;7;297;A7   15.770 A 20.110;;;;690
201400050967;14;12;19;1900;5;1;1;5;4;29;A43   0.550 A 3.353;;;;690
201400050968;14;12;3;1900;3;1;1;1;1;272;A46S   57.400 A 61.010;;;;690
201400050969;14;12;23;420;3;1;1;5;4;43;A42 9.900 A 11.118;M;4582360;500264;10
201400050970;14;12;26;1740;5;1;1;1;4;29;RD383   7.640 A 11.044;;;;690
201400050971;14;12;27;1320;1;1;1;1;2;199;RD383   14.250 A 18.000;;;;690
201400050972;14;12;22;750;1;1;1;5;7;256;A42     0.560 A 4.020;;;;690
201400050973;14;12;28;1220;1;1;1;8;3;29;RD383   7.640 A 11.044;;;;690
201400050974;14;12;29;1114;1;1;1;1;6;288;A43   13.029 A 15.971;;;;690
201400050975;14;12;30;1720;3;1;1;1;3;184;A43   15.971 A 18.875;;;;380
201400050976;14;12;18;2030;3;1;1;1;2;117;A6   439.400 A 442.500;;;;690
201400050977;14;11;8;1850;2;1;1;1;4;29;A43   0.550 A 3.353;;;;690
201400050978;14;12;15;1820;3;1;1;1;2;256;A42     0.560 A 4.020;;;;690
201400050979;14;12;27;1940;3;1;1;1;6;29;RD383   7.640 A 11.044;;;;690
201400050980;14;12;23;1045;1;1;1;1;6;336;A7   32.870 A 35.680;;;;380
201400050981;14;12;19;1300;1;1;1;1;7;259;RD383   11.750 A 14.250;;;;690
201400050982;14;1;2;1810;5;2;1;1;4;389;QUAI PAUL SEDALLIAN;;;;690
201400050983;14;1;15;1210;1;2;1;1;6;389;16, RUE SERGENT MICHEL B;;;;690
201400050984;14;1;17;1320;1;2;1;1;6;81;4, AVENUE EDOUARD AYNARD;;;;690
201400050985;14;1;20;1810;5;2;1;1;3;389;5, QUAI JAYR;;;;690
201400050986;14;2;6;900;1;2;3;1;3;389;15, QUAI PAUL SEDALLIAN;;;;690
201400050987;14;1;29;2047;5;2;1;8;6;81;22, CHEMIN JEAN MARIE VI;;;;690
201400050988;14;1;31;815;1;2;1;1;6;389;14, RUE GORGE DE LOUP;;;;690
201400050989;14;1;31;1910;5;2;2;1;1;389;RUE MARIETTON;;;;690
201400050990;14;3;5;955;1;2;1;1;3;389;110, RUE DE SAINT CYR;;;;690
201400050991;14;2;10;750;1;2;1;8;5;389;34, QUAI JAYR;;;;690
201400050992;14;2;13;810;2;2;1;2;6;389;AVENUE SIDOINE APOLLINAI;;;;690
201400050993;14;2;13;1240;1;2;1;2;2;81;BOULEVARD DU VALVERT;;;;690
201400050994;14;2;14;5;5;2;1;8;6;389;93, RUE MARIETTON;;;;690
201400050995;14;2;27;725;1;2;2;1;3;81;65, AVENUE FRANKLIN ROOS;;;;690
201400050996;14;2;27;925;1;2;2;1;3;389;AVENUE DE CHAMPAGNE;;;;690
201400050997;14;2;28;840;1;2;1;2;6;389;52, QUAI PAUL SEDALLIAN;;;;690
201400050998;14;3;2;1510;1;2;1;1;6;389;24, QUAI PAUL SEDALLIAN;;;;690
201400050999;14;3;2;1445;1;2;1;1;2;389;19, RUE MARIETTON;;;;690
201400051000;14;3;13;815;1;2;1;1;1;389;14, RUE JOANNES CARRET;;;;690
201400051001;14;3;19;735;1;2;2;7;5;81;13, CHEMIN DU PLAT;;;;690
201400051002;14;3;26;1605;1;2;1;1;6;389;226, AVENUE DU PLATEAU;;;;690
201400051003;14;3;28;1455;1;2;1;1;6;389;27, QUAI JAYR;;;;690
201400051004;14;3;29;236;5;2;1;1;6;389;35, QUAI PIERRE SCIZE;;;;690
201400051005;14;3;29;1350;1;2;2;1;3;389;36B, RUE SERGENT MICHEL;;;;690
201400051006;14;3;29;1615;1;2;1;1;6;81;114, RUE MARIETTON;;;;690
201400051007;14;4;1;1320;1;2;3;1;3;389;90, RUE MARIETTON;;;;690
201400051008;14;4;1;1540;1;2;1;1;4;389;15, QUAI PAUL SEDALLIAN;;;;690
201400051009;14;4;4;1350;1;2;2;1;3;389;QUAI RAOUL CARRIE;;;;690
201400051010;14;4;5;628;2;2;2;1;3;389;125, AVENUE SIDOINE APOL;;;;690
201400051011;14;4;9;1300;1;2;1;1;3;389;28, RUE LOUIS LOUCHEUR;;;;690
201400051012;14;4;10;1830;1;2;1;1;6;389;51, RUE DE SAINT CYR;;;;690
201400051013;14;4;15;805;1;2;1;1;2;389;RUE PROFESSEUR GUERIN;;;;690
201400051014;14;4;17;1225;1;2;1;1;6;389;47, RUE DE BOURGOGNE;;;;690
201400051015;14;4;17;1810;1;2;1;1;6;389;23, RUE HECTOR BERLIOZ;;;;690
201400051016;14;4;21;650;2;2;1;2;6;389;SANS, RUE DES DOCTEURS C;;;;690
201400051017;14;4;12;1140;1;2;1;1;6;389;1, RUE DU MARCHE;;;;690
201400051018;14;4;23;1545;1;2;1;1;7;389;101, RUE DU BOURBONNAIS;;;;690
201400051019;14;5;4;1550;1;2;1;1;2;389;24, RUE MOUILLARD;;;;690
201400051020;14;5;22;2125;2;2;1;1;2;389;1, RUE MARIETTON;;;;690
201400051021;14;5;29;1715;1;2;2;1;3;389;12, RUE DE LA CLAIRE;;;;690
201400051022;14;6;10;915;1;2;1;1;2;389;4, QUAI DU COMMERCE;;;;690
201400051023;14;6;10;1520;1;2;1;1;2;389;23, AVENUE SIDOINE APOLL;;;;690
201400051024;14;6;11;1715;1;2;1;1;6;389;242, AVENUE DU PLATEAU;;;;690
201400051025;14;6;12;940;1;2;1;1;6;389;18, QUAI ARLOING;;;;690
201400051026;14;6;12;1115;1;2;1;1;3;389;4, RUE SAINT SIMON;;;;690
201400051027;14;6;13;235;5;2;1;1;6;81;122, RUE MARIETTON;;;;690
201400051028;14;6;15;2310;5;2;1;1;3;389;15, RUE DE SAINT CYR;;;;690
201400051029;14;6;17;2332;5;2;1;2;6;389;21, RUE LOUIS LOUCHEUR;;;;690
201400051030;14;6;22;1220;1;2;1;1;6;389;46, RUE LAURE DIEBOLD;;;;690
201400051031;14;6;24;1917;1;2;1;1;3;81;12, ROUTE DE CHAMPAGNE;;;;690
201400051032;14;6;25;350;5;2;1;1;6;389;52, BOULEVARD ANTOINE DE;;;;690
201400051033;14;6;26;825;1;2;1;1;6;81;53, CHEMIN DE LA SAUVEGA;;;;690
201400051034;14;6;26;2140;2;2;3;1;6;389;38, RUE SERGENT MICHEL B;;;;690
201400051035;14;6;30;1700;1;2;1;1;3;389;27, AVENUE JOANNES MASSE;;;;690
201400051036;14;7;3;1115;1;2;1;1;6;389;2, AVENUE DE VERDUN;;;;690
201400051037;14;7;3;1050;1;2;1;1;2;389;44B, QUAI JAYR;;;;690
201400051038;14;7;5;1310;1;2;1;1;3;389;BRETELLE TASSIN VOIE NOR;;;;690
201400051039;14;7;6;1930;1;2;1;2;2;389;2, QUAI DU COMMERCE;;;;690
201400051040;14;7;9;1015;1;2;1;2;7;389;QUAI PAUL SEDALLIAN;;;;690
201400051041;14;7;19;120;5;2;1;1;7;81;126, RUE MARIETTON;;;;690
201400051042;14;7;21;955;1;2;2;2;3;389;AVENUE SIDOINE APOLLINAI;;;;690
201400051043;14;7;22;850;1;2;9;8;3;389;40, QUAI JAYR;;;;690
201400051044;14;7;27;435;5;2;1;1;2;389;40, QUAI ARLOING;;;;690
201400051045;14;8;10;1630;1;2;1;1;7;389;192, RUE DE SAINT CYR;;;;690
201400051046;14;8;11;2210;5;2;1;1;4;389;FACE 52, R JOANES CARRET;;;;690
201400051047;14;9;19;1730;1;2;1;1;6;389;RUE DE SAINT CYR;;;;690
201400051048;14;10;10;1625;1;2;1;3;1;81;AVENUE DU BON PASTEUR;;;;690
201400051049;14;9;22;2310;5;2;1;1;6;389;10, RUE SERGENT MICHEL B;;;;690
201400051050;14;9;3;1245;1;2;1;1;6;389;7. 7 BIS, RUE MARIETTON;;;;690
201400051051;14;9;4;1340;1;2;1;1;3;389;00, RUE PROFESSEUR GUERI;;;;690
201400051052;14;9;5;1100;1;2;1;1;6;389;53, RUE DE SAINT CYR;;;;690
201400051053;14;9;8;1650;1;2;1;1;7;389;90, AVENUE BARTHELEMY BU;;;;690
201400051054;14;10;2;1700;1;2;1;1;2;81;19, AVENUE GUY DE COLLON;;;;690
201400051055;14;9;8;1630;1;2;1;1;6;389;5, AVENUE ROSA PARKS;;;;690
201400051056;14;9;11;1935;2;2;2;1;3;389;18, RUE DE LA CLAIRE;;;;690
201400051057;14;9;11;1745;1;2;2;1;3;81;AVENUE EDOUARD PAYEN;;;;690
201400051058;14;9;12;925;1;2;1;1;4;389;55, RUE SERGENT MICHEL B;;;;690
201400051059;14;9;12;1535;1;2;1;1;4;81;AVENUE FRANKLIN ROOSEVEL;;;;690
201400051060;14;9;16;1210;1;2;2;1;6;389;RUE CHINARD;;;;690
201400051061;14;9;23;940;1;2;1;1;6;81;00, AVENUE DU BON PASTEU;;;;690
201400051062;14;9;27;1220;1;2;1;1;3;389;480, AVENUE BEN GOURION;;;;690
201400051063;14;9;28;1715;1;2;1;1;7;389;QUAI PAUL SEDALLIAN;;;;690
201400051064;14;9;29;1534;1;2;1;2;6;389;29, AVENUE JOANNES MASSE;;;;690
201400051065;14;9;29;1805;1;2;1;1;7;81;29, CHEMIN DE PONTET ET;;;;690
201400051066;14;10;4;2040;5;2;1;1;6;389;11, BOULEVARD DE LA DUCH;;;;690
201400051067;14;10;17;1640;1;2;1;1;6;389;47, RUE DES DOCKS;;;;690
201400051068;14;10;24;1400;1;2;1;1;2;389;39, RUE SERGENT MICHEL B;;;;690
201400051069;14;10;31;2115;5;2;1;1;1;389;20, PLACE VALMY;;;;690
201400051070;14;11;1;1600;1;2;1;1;3;389;25, RUE TISSOT;;;;690
201400051071;14;11;3;1740;5;2;1;3;6;389;22, AVENUE JOANNES MASSE;;;;690
201400051072;14;11;4;750;2;2;1;3;6;389;49, RUE MARIETTON;;;;690
201400051073;14;11;7;1328;1;2;1;2;6;389;0.0001, BOULEVARD ANTOIN;;;;690
201400051074;14;11;12;740;1;2;1;2;6;389;469, AVENUE BEN GOURI;;;;690
201400051075;14;10;24;430;5;2;1;1;6;389;47, QUAI PIERRE SCIZE;;;;690
201400051076;14;11;20;1800;5;2;1;1;3;389;16, QUAI PIERRE SCIZE;;;;690
201400051077;14;11;21;1200;1;2;1;1;3;389;AVENUE BEN GOURION;;;;690
201400051078;14;11;21;1835;5;2;1;1;3;389;100, AVENUE BARTHELEMY B;;;;690
201400051079;14;11;24;1100;1;1;3;2;7;389;RUE ROGER SALENGRO;;;;690
201400051080;14;12;5;1530;1;2;9;1;5;389;153, AVENUE BARTHELEMY B;;;;690
201400051081;14;12;8;845;1;2;1;2;6;389;2, QUAI DU COMMERCE;;;;690
201400051082;14;12;9;1630;2;2;1;1;6;389;17, BOULEVARD DE LA DUCH;;;;690
201400051083;14;12;14;1839;5;2;1;1;1;389;QUAI RAOUL CARRIE;;;;690
201400051084;14;12;16;750;2;2;1;1;3;389;41 AV SIDOINE APOLLINAI;;;;690
201400051085;14;12;16;1225;1;2;1;1;3;389;5, QUAI JAYR;;;;690