num_acc;an;mois;jour;hrmn;lum;agg;int;atm;col;com;adr;gps;lat;long;dep
201400051709;14;3;10;1420;1;2;3;1;2;101;194 bis, RUE DE RIVOLI;;;;750
201400051710;14;3;13;1645;1;2;2;1;6;101;39, RUE DU LOUVRE;;;;750
201400051711;14;3;13;2125;5;2;7;1;3;101;2, PLACE ANDRE MALRAUX;;;;750
201400051712;14;3;14;1410;1;2;3;1;6;101;01, RUE DE TURBIGO;;;;750
201400051713;14;3;16;410;5;2;1;1;2;101;99, RUE DE RIVOLI;;;;750
201400051714;14;3;19;745;1;2;2;1;6;101;9, RUE DES HALLES;;;;750
201400051715;14;3;25;1530;1;2;2;2;6;101;41, RUE DE RIVOLI;;;;750
201400051716;14;3;29;355;5;2;2;1;3;101;1, PLACE DES PYRAMIDES;;;;750
201400051717;14;3;31;1850;1;2;1;1;6;101;29, AVENUE DE L OPERA;;;;750
201400051718;14;4;2;405;5;2;2;1;3;101;QUAI FRANCOIS MITTERRAND;;;;750
201400051719;14;4;2;1030;1;2;1;1;7;101;1, QUAI DES TUILERIES;;;;750
201400051720;14;4;3;1400;1;2;2;1;4;101;27, BOULEVARD DE SEBASTO;;;;750
201400051721;14;4;4;2322;5;2;3;1;6;101;63, RUE DE RIVOLI;;;;750
201400051722;14;4;6;820;1;2;2;8;3;101;RUE SAINT FLORENTIN;;;;750
201400051723;14;4;8;745;1;2;7;1;3;101;33, RUE DU PONT NEUF;;;;750
201400051724;14;4;11;1145;1;2;7;1;6;101;6, PLACE DU CARROUSEL;;;;750
201400051725;14;4;13;348;5;2;5;1;3;101;36, RUE ETIENNE MARCEL;;;;750
201400051726;14;4;17;1655;1;2;2;1;2;101;41, RUE DE RIVOLI;;;;750
201400051727;14;4;23;1930;1;2;2;1;3;101;02, RUE DE L AMIRAL DE C;;;;750
201400051728;14;4;30;930;1;2;2;1;6;101;RUE DES PROUVAIRES;;;;750
201400051729;14;4;30;1115;1;2;3;1;3;101;12, QUAI DU LOUVRE;;;;750
201400051730;14;5;3;1830;1;2;3;1;6;104;1, RUE DE LA CITE;;;;750
201400051731;14;5;3;2115;5;2;1;1;6;101;20, RUE DU LOUVRE;;;;750
201400051732;14;5;3;215;5;2;1;1;2;101;162, RUE DE RIVOLI;;;;750
201400051733;14;5;4;1515;1;2;2;1;2;101;QUAI DU LOUVRE;;;;750
201400051734;14;5;5;1610;1;2;3;1;7;109;80, RUE DE CLICHY;;;;750
201400051735;14;5;8;1620;1;2;1;2;2;101;QUAI DES TUILERIES;;;;750
201400051736;14;5;13;1130;1;2;3;1;6;101;194bis, RUE DE RIVOLI;;;;750
201400051737;14;5;15;1815;1;2;1;1;6;101;QUAI DES TUILERIES;;;;750
201400051738;14;5;17;1740;1;2;5;7;6;101;9, BOULEVARD DE SEBASTOP;;;;750
201400051739;14;5;18;20;5;2;1;1;6;101;45, RUE SAINT HONORE;;;;750
201400051740;14;5;19;1145;1;2;3;1;3;101;218, RUE DE RIVOLI;;;;750
201400051741;14;5;19;1335;1;2;1;1;6;101;AVENUE GENERAL LEMONNIER;;;;750
201400051742;14;5;21;1905;1;2;7;3;7;101;2, PLACE VENDOME;;;;750
201400051743;14;5;23;1115;1;2;1;2;3;104;6, BOULEVARD DU PALAIS;;;;750
201400051744;14;5;24;1405;1;2;2;2;7;101;189, RUE SAINT HONORE;;;;750
201400051745;14;5;25;1245;1;2;7;1;6;101;2, QUAI FRANCOIS MITTERR;;;;750
201400051746;14;5;28;1510;1;2;1;1;2;101;48, RUE DU LOUVRE;;;;750
201400051747;14;5;28;1800;1;2;1;2;7;101;2 bis, QUAI DE LA MEGISS;;;;750
201400051748;14;5;30;930;1;2;1;1;6;102;19, RUE VIVIENNE;;;;750
201400051749;14;6;4;1100;1;2;3;2;3;101;162, RUE DE RIVOLI;;;;750
201400051750;14;6;7;600;1;2;1;1;6;101;0, QUAI FRANCOIS MITTERR;;;;750
201400051751;14;6;10;1815;1;2;2;2;6;101;114, RUE SAINT HONORE;;;;750
201400051752;14;6;12;1330;1;2;2;1;6;101;53, RUE DE RIVOLI;;;;750
201400051753;14;6;13;939;1;2;1;1;6;108;15, RUE BOISSY D ANGLAS;;;;750
201400051754;14;6;14;2050;1;2;1;1;6;101;31, RUE DU PONT NEUF;;;;750
201400051755;14;6;15;1755;1;2;2;1;3;101;1, QUAI DE L HORLOGE;;;;750
201400051756;14;6;20;20;5;2;1;1;1;101;1, RUE SAINT DENIS;;;;750
201400051757;14;6;21;30;5;2;2;1;2;101;7, RUE COQ HERON;;;;750
201400051758;14;6;21;200;5;2;1;1;7;101;2, QUAI DES TUILERIES;;;;750
201400051759;14;6;26;2200;5;2;2;1;7;101;27, RUE ETIENNE MARCEL;;;;750
201400051760;14;6;27;40;5;2;4;1;6;101;QUAI DES TUILERIES;;;;750
201400051761;14;6;27;935;1;2;1;7;6;101;32, VOIE GEORGES POMPIDO;;;;750
201400051762;14;6;29;1530;1;2;3;2;4;101;2 ter, QUAI DE LA MEGISS;;;;750
201400051763;14;6;30;1820;1;2;7;1;1;101;1, PLACE DU LOUVRE;;;;750
201400051764;14;7;1;905;1;2;1;2;6;101;44, RUE DU LOUVRE;;;;750
201400051765;14;7;2;1145;1;2;3;1;6;101;162, RUE DE RIVOLI;;;;750
201400051766;14;7;5;2045;1;2;3;1;3;101;30, RUE DU MONT THABOR;;;;750
201400051767;14;7;8;2125;5;2;2;2;2;101;21, BOULEVARD DE SEBASTO;;;;750
201400051768;14;7;12;611;2;2;3;1;6;101;232, RUE DE RIVOLI;;;;750
201400051769;14;7;18;2015;1;2;2;1;3;101;1, RUE VIVIENNE;;;;750
201400051770;14;7;19;1650;1;2;3;1;2;101;QUAI DES TUILERIES;;;;750
201400051771;14;7;20;845;1;2;7;1;3;101;QUAI FRANCOIS MITTERRAND;;;;750
201400051772;14;7;22;1138;1;2;5;1;6;101;33, RUE DE L ARBRE SEC;;;;750
201400051773;14;7;23;920;1;2;5;1;3;101;144, RUE DE RIVOLI;;;;750
201400051774;14;7;24;1300;1;2;5;1;3;101;22, QUAI DE LA MEGISSERI;;;;750
201400051775;14;7;24;1700;1;2;5;1;6;101;41, RUE DE RIVOLI;;;;750
201400051776;14;7;31;1135;1;2;1;1;2;101;44, RUE DU LOUVRE;;;;750
201400051777;14;7;31;1745;1;2;2;1;3;101;25, BOULEVARD DE SEBASTO;;;;750
201400051778;14;7;31;2000;1;2;3;1;3;101;106, RUE DE RIVOLI;;;;750
201400051779;14;8;1;1820;1;2;3;1;3;101;208, RUE DE RIVOLI;;;;750
201400051780;14;8;8;1100;1;2;2;2;3;101;22, RUE DU PONT NEUF;;;;750
201400051781;14;8;9;1205;1;2;7;1;3;101;113, RUE DE RIVOLI;;;;750
201400051782;14;8;13;1220;1;2;3;1;2;101;208, RUE DE RIVOLI;;;;750
201400051783;14;8;13;1815;1;2;1;1;6;102;105, BOULEVARD DE SEBAST;;;;750
201400051784;14;8;18;1805;1;2;3;1;2;101;194, RUE DE RIVOLI;;;;750
201400051785;14;8;20;2200;5;2;1;1;6;101;85, RUE DE RIVOLI;;;;750
201400051786;14;8;23;2155;5;2;1;1;6;101;121, RUE SAINT DENIS;;;;750
201400051787;14;8;24;2100;5;2;4;1;6;101;1, QUAI DES TUILERIES;;;;750
201400051788;14;8;28;1210;1;2;2;1;6;101;10, RUE SAINT DENIS;;;;750
201400051789;14;8;28;1440;1;2;2;1;6;101;2, PLACE DU CARROUSEL;;;;750
201400051790;14;8;28;1650;1;2;2;1;3;101;28, RUE MOLIERE;;;;750
201400051791;14;8;29;1725;1;2;3;1;4;101;118, RUE DE RIVOLI;;;;750
201400051792;14;8;29;2330;5;2;1;1;6;101;1, QUAI DES TUILERIES;;;;750
201400051793;14;8;30;1600;1;2;2;1;3;101;269, RUE SAINT HONORE;;;;750
201400051794;14;9;5;1900;1;2;2;1;6;101;0, RUE DE L AMIRAL DE CO;;;;750
201400051795;14;9;10;940;1;2;2;1;4;101;99, RUE DE RIVOLI;;;;750
201400051796;14;9;12;2020;5;2;1;1;3;101;SOUTERRAIN TUILERIES;;;;750
201400051797;14;9;13;255;5;2;2;1;3;101;1, PONT AU CHANGE;;;;750
201400051798;14;9;14;2130;5;2;3;1;6;101;15, RUE DU LOUVRE;;;;750
201400051799;14;9;17;1600;1;2;3;1;6;101;14, QUAI DE LA MEGISSERI;;;;750
201400051800;14;9;18;1530;1;2;2;8;4;101;02, QUAI DU LOUVRE;;;;750
201400051801;14;9;23;1610;1;2;2;1;3;101;3, RUE DU LOUVRE;;;;750
201400051802;14;9;24;545;5;2;1;1;7;101;45, RUE DE RIVOLI;;;;750
201400051803;14;9;25;915;1;2;5;1;1;101;15, RUE CROIX DES PETITS;;;;750
201400051804;14;9;29;1925;5;2;1;1;2;101;245, RUE SAINT HONORE;;;;750
201400051805;14;10;3;10;5;2;2;1;6;101;136, RUE DE RIVOLI;;;;750
201400051806;14;10;8;930;1;2;4;3;6;101;29, AVENUE DE L OPERA;;;;750
201400051807;14;10;9;1215;1;2;3;1;7;101;194, RUE SAINT HONORE;;;;750
201400051808;14;10;10;2030;5;2;7;1;2;101;1, PLACE COLETTE;;;;750
201400051809;14;10;13;1335;1;2;2;1;6;101;156, RUE DE RIVOLI;;;;750
201400051810;14;10;16;1930;5;2;4;2;2;101;15, QUAI DES TUILERIES;;;;750
201400051811;14;10;19;300;5;2;1;1;3;101;14, QUAI DU LOUVRE;;;;750
201400051812;14;10;23;2000;5;2;1;2;6;101;VOIE GEORGES POMPIDOU;;;;750
201400051813;14;10;24;1030;1;2;1;1;3;101;47, RUE DE RIVOLI;;;;750
201400051814;14;10;25;640;3;2;2;1;1;101;35, RUE ETIENNE MARCEL;;;;750
201400051815;14;10;25;1310;1;2;2;2;6;101;2, RUE DES HALLES;;;;750
201400051816;14;10;27;810;1;2;3;1;3;101;35, RUE ETIENNE MARCEL;;;;750
201400051817;14;10;29;700;3;2;7;1;6;101;2, PLACE DES PYRAMIDES;;;;750
201400051818;14;11;1;2330;5;2;5;1;3;101;07, BOULEVARD DE SEBASTO;;;;750
201400051819;14;11;2;2300;5;2;3;3;6;101;162, RUE DE RIVOLI;;;;750
201400051820;14;11;4;1840;5;2;1;1;6;101;11, BOULEVARD DE SEBASTO;;;;750
201400051821;14;11;6;100;5;2;4;1;6;101;1, QUAI DES TUILERIES;;;;750
201400051822;14;11;6;950;1;2;3;1;6;101;150, RUE DE RIVOLI;;;;750
201400051823;14;11;6;1400;1;2;1;1;2;101;21, BOULEVARD DE LA MADE;;;;750
201400051824;14;11;11;640;5;2;1;1;6;101;11, BOULEVARD DE LA MADE;;;;750
201400051825;14;11;11;1620;1;2;2;1;6;101;1, QUAI FRANCOIS MITTERR;;;;750
201400051826;14;11;12;815;1;2;1;1;7;101;QUAI FRANCOIS MITTERRAND;;;;750
201400051827;14;11;13;900;1;2;2;1;1;101;10, RUE DU LOUVRE;;;;750
201400051828;14;11;13;1730;5;2;4;1;7;101;QUAI DES TUILERIES;;;;750
201400051829;14;11;14;1610;1;2;3;1;7;101;41, BOULEVARD DE SEBASTO;;;;750
201400051830;14;11;15;240;5;2;2;3;1;101;10, AVENUE DE L OPERA;;;;750
201400051831;14;11;18;1430;1;2;2;1;6;101;31, BOULEVARD DE SEBASTO;;;;750
201400051832;14;11;20;1645;2;2;1;2;6;101;5, RUE DU LOUVRE;;;;750
201400051833;14;11;24;545;5;2;1;1;6;101;13, RUE DES PYRAMIDES;;;;750
201400051834;14;11;25;1645;1;2;1;1;6;101;BOULEVARD DE SEBASTOPOL;;;;750
201400051835;14;11;27;1900;5;2;3;1;6;101;19, BOULEVARD DE SEBASTO;;;;750
201400051836;14;11;28;945;1;2;1;1;6;101;8, RUE SAINT FLORENTIN;;;;750
201400051837;14;11;28;2100;5;2;4;1;6;101;01, QUAI DES TUILERIES;;;;750
201400051838;14;11;29;40;5;2;1;1;7;101;SOUTERRAIN TUILERIES;;;;750
201400051839;14;11;30;1700;5;2;1;1;2;101;99, RUE DE RIVOLI;;;;750
201400051840;14;12;2;1810;5;2;3;2;3;101;RUE DE RIVOLI;;;;750
201400051841;14;12;3;1645;1;2;1;1;7;101;16, RUE DE RICHELIEU;;;;750
201400051842;14;12;7;1230;1;2;2;1;3;102;27, RUE DU QUATRE SEPTEM;;;;750
201400051843;14;12;10;1040;1;2;7;2;7;101;QUAI FRANCOIS MITTERRAND;;;;750
201400051844;14;12;10;1915;5;2;7;8;2;101;03, PLACE VENDOME;;;;750
201400051845;14;12;12;810;1;2;2;2;6;101;23, BOULEVARD DE LA MADE;;;;750
201400051846;14;12;12;845;1;2;7;2;3;101;12, QUAI FRANCOIS MITTER;;;;750
201400051847;14;12;12;1905;5;2;4;3;6;101;01, QUAI DES TUILERIES;;;;750
201400051848;14;12;13;630;5;2;2;2;6;101;25, BOULEVARD DE SEBASTO;;;;750
201400051849;14;12;15;2000;5;2;2;2;3;101;199, RUE SAINT HONORE;;;;750
201400051850;14;12;15;1830;5;2;2;2;6;102;94, RUE DE RICHELIEU;;;;750
201400051851;14;12;23;110;5;2;2;1;6;101;13, BOULEVARD DE SEBASTO;;;;750
201400051852;14;12;27;2010;5;2;1;2;2;101;PONT AU CHANGE;;;;750
201400051853;14;12;31;1930;5;2;2;1;2;101;BOULEVARD DE SEBASTOPOL;;;;750
201400051854;14;1;22;930;1;2;7;8;3;101;RUE DE ROHAN;;;;750
201400051855;14;1;9;1530;1;2;2;2;3;102;0, RUE SAINT AUGUSTIN;;;;750
201400051856;14;1;10;2130;5;2;2;1;6;102;RUE DU LOUVRE;;;;750
201400051857;14;1;11;1700;2;2;2;8;6;102;91, BOULEVARD DE SEBASTO;;;;750
201400051858;14;1;13;1242;1;2;3;1;6;109;10, RUE BALLU;;;;750
201400051859;14;1;14;1525;1;2;3;1;6;102;8, RUE DU QUATRE SEPTEMB;;;;750
201400051860;14;1;15;1515;1;2;2;2;6;102;1, BOULEVARD MONTMARTRE;;;;750
201400051861;14;1;17;1200;1;2;7;1;3;102;4, PLACE DE L OPERA;;;;750
201400051862;14;1;23;1500;1;2;2;2;6;102;18, RUE DE LA PAIX;;;;750
201400051863;14;1;23;1500;1;2;1;2;7;102;107, RUE REAUMUR;;;;750
201400051864;14;1;27;1005;1;2;3;1;3;102;2, RUE NOTRE DAME DES VI;;;;750
201400051865;14;2;6;1630;1;2;1;1;3;102;26, RUE ETIENNE MARCEL;;;;750
201400051866;14;2;8;2245;5;2;1;1;6;102;21, BOULEVARD POISSONNIE;;;;750
201400051867;14;2;10;1130;1;2;2;1;3;102;36, RUE DE LA LUNE;;;;750
201400051868;14;2;15;2045;3;2;3;1;3;101;01, PLACE DU LOUVRE;;;;750
201400051869;14;2;22;2230;5;2;2;1;3;102;BOULEVARD DES ITALIENS;;;;750
201400051870;14;2;24;1720;1;2;1;1;6;101;251, RUE SAINT HONORE;;;;750
201400051871;14;2;25;950;1;2;3;2;6;101;61, RUE DE RIVOLI;;;;750
201400051872;14;2;28;2040;5;2;2;1;3;102;76, RUE REAUMUR;;;;750
201400051873;14;3;4;1700;1;2;2;1;3;102;115, RUE D ABOUKIR;;;;750
201400051874;14;3;4;1720;1;2;2;1;3;102;70, BOULEVARD DE SEBASTO;;;;750
201400051875;14;3;10;1115;1;2;3;1;3;101;216, RUE DE RIVOLI;;;;750
201400051876;14;3;10;1650;1;2;1;1;6;102;107, RUE REAUMUR;;;;750
201400051877;14;3;12;2310;5;2;2;1;3;102;RUE DE RICHELIEU;;;;750
201400051878;14;3;15;2145;5;2;1;1;3;102;16, RUE ETIENNE MARCEL;;;;750
201400051879;14;4;1;1840;1;2;1;1;3;102;BOULEVARD POISSONNIERE;;;;750
201400051880;14;4;2;1520;1;2;7;1;3;102;PLACE DE L OPERA;;;;750
201400051881;14;4;7;935;1;2;1;1;6;103;17, BOULEVARD SAINT MART;;;;750
201400051882;14;4;8;1250;1;2;2;1;2;102;96, RUE REAUMUR;;;;750
201400051883;14;4;8;1650;1;2;7;1;6;102;24, RUE DE LA PAIX;;;;750
201400051884;14;4;9;2025;2;2;2;1;3;102;RUE SAINT AUGUSTIN;;;;750
201400051885;14;4;9;1400;1;2;3;1;3;102;113, BOULEVARD DE SEBAST;;;;750
201400051886;14;4;10;1630;1;2;2;1;3;102;27, RUE DU QUATRE SEPTEM;;;;750
201400051887;14;4;10;2110;5;2;2;1;6;102;21, RUE DE TURBIGO;;;;750
201400051888;14;4;11;1749;1;2;2;1;6;102;21, RUE DE TURBIGO;;;;750
201400051889;14;4;10;1130;1;2;2;1;3;102;77, RUE DE RICHELIEU;;;;750
201400051890;14;4;18;1655;1;2;7;1;3;102;4, PLACE DE L OPERA;;;;750
201400051891;14;4;19;1355;1;2;1;1;6;102;81, BOULEVARD DE SEBASTO;;;;750
201400051892;14;4;24;1540;1;2;3;1;3;102;23, BOULEVARD DE BONNE N;;;;750
201400051893;14;4;27;1;5;2;2;1;2;102;RUE REAUMUR;;;;750
201400051894;14;4;29;1930;5;2;2;3;1;102;RUE DU LOUVRE;;;;750
201400051895;14;5;9;825;1;2;1;2;6;109;32, BOULEVARD POISSONNIE;;;;750
201400051896;14;5;12;1020;1;2;1;1;6;102;37, RUE DU LOUVRE;;;;750
201400051897;14;5;20;1430;1;2;1;1;6;102;27, BOULEVARD POISSONNIE;;;;750
201400051898;14;5;28;2030;2;2;2;2;2;102;14, RUE DANIELLE CASANOV;;;;750
201400051899;14;5;30;955;1;2;7;1;3;102;3, PLACE DE L OPERA;;;;750
201400051900;14;6;4;1000;2;2;1;2;3;103;5, RUE DU GRENIER SAINT;;;;750
201400051901;14;6;5;1450;1;2;2;1;6;102;67, BOULEVARD DE SEBASTO;;;;750
201400051902;14;6;6;1910;1;2;3;1;6;102;29, BOULEVARD DE BONNE N;;;;750
201400051903;14;6;10;1552;1;2;1;3;2;102;27, BOULEVARD DES ITALIE;;;;750
201400051904;14;6;11;1510;1;2;3;1;3;109;15, RUE BLEUE;;;;750
201400051905;14;6;12;1400;1;2;2;1;2;101;43, RUE DU LOUVRE;;;;750
201400051906;14;6;17;1600;1;2;2;1;3;102;105, BOULEVARD DE SEBAST;;;;750
201400051907;14;6;18;1030;1;2;2;1;3;102;RUE DE PALESTRO;;;;750
201400051908;14;6;17;1850;1;2;3;1;3;102;87, RUE DE RICHELIEU;;;;750
201400051909;14;6;18;1720;1;2;2;1;2;102;43, AVENUE DE L OPERA;;;;750
201400051910;14;6;20;1010;1;2;2;1;6;102;16, RUE DE LA MICHODIERE;;;;750
201400051911;14;6;20;2050;1;2;2;1;3;102;135, BOULEVARD DE SEBAST;;;;750
201400051912;14;6;24;2140;1;2;2;1;3;102;BOULEVARD SAINT DENIS;;;;750
201400051913;14;6;27;1950;1;2;3;1;3;102;2, PLACE DE L OPERA;;;;750
201400051914;14;6;28;424;5;2;2;1;6;110;2, BOULEVARD DE BONNE NO;;;;750
201400051915;14;7;2;1805;1;2;7;1;3;102;PLACE DE L OPERA;;;;750
201400051916;14;7;5;1310;1;2;1;8;2;102;1, BOULEVARD DES CAPUCIN;;;;750
201400051917;14;7;5;1855;1;2;5;1;6;102;AVENUE DE L OPERA;;;;750
201400051918;14;7;8;1605;1;2;5;1;3;102;AVENUE DE L OPERA;;;;750
201400051919;14;7;9;700;1;2;2;1;3;102;BOULEVARD POISSONNIERE;;;;750
201400051920;14;7;11;915;1;2;1;2;7;101;148, RUE DE RIVOLI;;;;750
201400051921;14;7;11;1430;1;2;2;2;3;102;27, RUE DU QUATRE SEPTEM;;;;750
201400051922;14;7;14;2015;1;2;1;1;2;109;6, BOULEVARD POISSONNIER;;;;750
201400051923;14;7;15;1551;1;2;1;1;6;102;RUE DE CLERY;;;;750
201400051924;14;7;15;2350;4;2;2;1;6;102;99, RUE REAUMUR;;;;750
201400051925;14;7;18;1440;1;2;5;1;6;102;114, RUE REAUMUR;;;;750
201400051926;14;7;18;1155;1;2;1;1;3;102;5, BOULEVARD MONTMARTRE;;;;750
201400051927;14;7;20;320;4;2;2;1;2;102;76, RUE REAUMUR;;;;750
201400051928;14;7;30;1135;1;2;1;1;3;103;69, RUE CHARLOT;;;;750
201400051929;14;8;2;1905;1;2;7;2;7;102;1, PLACE DE LA BOURSE;;;;750
201400051930;14;8;11;1400;1;2;2;1;3;102;111, BOULEVARD DE SEBAST;;;;750
201400051931;14;8;12;2315;5;2;2;1;3;109;07, BOULEVARD POISSONNIE;;;;750
201400051932;14;8;13;1500;1;2;7;1;3;102;3, PLACE DE L OPERA;;;;750
201400051933;14;8;16;1512;1;2;2;1;2;102;21, BOULEVARD MONTMARTRE;;;;750
201400051934;14;8;16;1905;2;2;3;1;6;102;7, RUE DE HANOVRE;;;;750
201400051935;14;8;26;1110;1;2;2;2;6;101;52, RUE DU LOUVRE;;;;750
201400051936;14;8;26;1835;1;2;1;1;3;102;BOULEVARD DE BONNE NOUVE;;;;750
201400051937;14;8;27;1025;1;2;2;1;3;109;BOULEVARD POISSONNIERE;;;;750
201400051938;14;8;28;1930;1;2;1;1;2;102;95, RUE REAUMUR;;;;750
201400051939;14;8;29;1130;1;2;7;1;6;102;03, PLACE DE L OPERA;;;;750
201400051940;14;8;30;1740;1;2;7;1;2;102;1, PLACE DE LA BOURSE;;;;750
201400051941;14;9;7;50;5;2;1;1;6;101;QUAI DES TUILERIES;;;;750
201400051942;14;9;11;1030;1;2;5;1;3;102;1, BOULEVARD DES CAPUCIN;;;;750
201400051943;14;9;12;5;5;2;2;1;3;102;5, RUE DE PORT MAHON;;;;750
201400051944;14;9;12;1530;1;2;5;1;6;102;6, RUE DE CHOISEUL;;;;750
201400051945;14;9;18;1200;1;2;2;1;6;102;77, RUE DE RICHELIEU;;;;750
201400051946;14;9;19;2130;5;2;2;1;2;104;46, QUAI DES CELESTINS;;;;750
201400051947;14;9;22;1030;1;2;3;1;3;102;29, RUE DU LOUVRE;;;;750
201400051948;14;9;29;2230;5;2;1;1;6;101;130, RUE DE RIVOLI;;;;750
201400051949;14;10;1;2140;5;2;1;1;6;102;21, BOULEVARD POISSONNIE;;;;750
201400051950;14;10;3;1045;1;2;1;1;3;102;1, BOULEVARD DES CAPUCIN;;;;750
201400051951;14;10;4;1400;1;2;1;1;6;102;25, RUE LOUIS LE GRAND;;;;750
201400051952;14;10;10;910;1;2;2;3;2;102;59, RUE REAUMUR;;;;750
201400051953;14;10;11;650;5;2;2;3;6;101;QUAI FRANCOIS MITTERRAND;;;;750
201400051954;14;10;15;35;5;2;1;1;7;102;35, RUE DU LOUVRE;;;;750
201400051955;14;10;16;1840;5;2;3;1;3;102;29, BOULEVARD DES CAPUCI;;;;750
201400051956;14;10;17;1830;3;2;2;1;3;102;27, RUE DU QUATRE SEPTEM;;;;750
201400051957;14;10;18;2050;5;2;2;1;3;102;RUE SAINT DENIS;;;;750
201400051958;14;10;21;1350;1;2;5;3;3;102;33, RUE DU MAIL;;;;750
201400051959;14;10;28;1900;5;2;2;1;6;102;37, RUE DU LOUVRE;;;;750
201400051960;14;10;28;1930;5;2;1;1;6;102;27, BOULEVARD DES CAPUCI;;;;750
201400051961;14;11;9;205;5;2;2;1;3;102;27, RUE DU QUATRE SEPTEM;;;;750
201400051962;14;11;14;210;5;2;3;1;6;102;RUE REAUMUR;;;;750
201400051963;14;11;16;610;5;2;1;1;6;102;RUE LOUIS LE GRAND;;;;750
201400051964;14;11;18;1330;1;2;2;1;3;102;132, RUE REAUMUR;;;;750
201400051965;14;11;23;1330;1;2;3;1;3;102;61, RUE DE CLERY;;;;750
201400051966;14;11;25;1255;1;2;2;8;6;102;32, RUE NOTRE DAME DES V;;;;750
201400051967;14;11;27;1730;5;2;2;1;3;102;1, BOULEVARD POISSONNIER;;;;750
201400051968;14;11;28;1910;5;2;5;1;6;102;28, RUE DU QUATRE SEPTEM;;;;750
201400051969;14;12;2;1935;5;2;1;1;3;102;21, BOULEVARD POISSONNIE;;;;750
201400051970;14;12;4;1920;5;2;2;1;7;102;04, RUE ETIENNE MARCEL;;;;750
201400051971;14;12;8;25;5;2;2;1;7;102;3, BOULEVARD MONTMARTRE;;;;750
201400051972;14;12;10;1750;5;2;2;2;6;102;5, BOULEVARD POISSONNIER;;;;750
201400051973;14;12;15;1140;1;2;3;2;6;102;RUE REAUMUR;;;;750
201400051974;14;12;15;1730;2;2;7;2;3;102;3, PLACE DE L OPERA;;;;750
201400051975;14;12;18;1400;1;2;7;1;3;102;3, PLACE DE L OPERA;;;;750
201400051976;14;12;20;10;5;2;3;1;6;102;9 bis, BOULEVARD POISSON;;;;750
201400051977;14;1;9;1500;1;2;3;2;6;102;24, RUE DE TURBIGO;;;;750
201400051978;14;1;9;1920;5;2;2;1;6;103;11, RUE DE POITOU;;;;750
201400051979;14;1;15;2035;5;2;2;2;6;103;67, RUE DU TEMPLE;;;;750
201400051980;14;1;23;2305;5;2;1;1;7;103;257, RUE SAINT MARTIN;;;;750
201400051981;14;1;24;1155;1;2;1;1;6;103;6, RUE DE LA CORDERIE;;;;750
201400051982;14;1;25;1050;1;2;2;8;7;103;24, RUE BEAUBOURG;;;;750
201400051983;14;1;25;1515;1;2;5;1;3;103;, RUE REAUMUR;;;;750
201400051984;14;1;31;750;1;2;2;1;6;103;24, RUE DE TURENNE;;;;750
201400051985;14;1;31;1105;1;2;1;1;6;103;25, RUE MICHEL LE COMTE;;;;750
201400051986;14;2;11;920;1;2;2;7;6;103;44, RUE DES FRANCS BOURG;;;;750
201400051987;14;2;14;1845;5;2;1;9;4;101;228, RUE DE RIVOLI;;;;750
201400051988;14;2;15;1950;5;2;2;8;7;103;256, RUE SAINT MARTIN;;;;750
201400051989;14;2;18;1855;2;2;1;2;3;103;23, RUE BEAUBOURG;;;;750
201400051990;14;2;27;1140;1;2;2;3;6;103;61, BOULEVARD BEAUMARCHA;;;;750
201400051991;14;2;28;1930;3;2;2;2;3;103;312, RUE SAINT MARTIN;;;;750
201400051992;14;3;1;1350;1;2;1;1;3;103;205, RUE DU TEMPLE;;;;750
201400051993;14;3;4;910;1;2;3;1;6;103;155, RUE DU TEMPLE;;;;750
201400051994;14;3;8;1550;1;2;1;1;3;103;9, RUE REAUMUR;;;;750
201400051995;14;3;10;1630;1;2;2;1;6;103;78, RUE DES ARCHIVES;;;;750
201400051996;14;3;24;1655;1;2;1;1;2;103;57, RUE DE TURBIGO;;;;750
201400051997;14;4;8;1730;1;2;1;1;6;103;51, BOULEVARD BEAUMARCHA;;;;750
201400051998;14;4;18;945;1;2;1;1;2;103;93, BOULEVARD BEAUMARCHA;;;;750
201400051999;14;4;23;1810;1;2;3;1;3;103;30, RUE DE TURENNE;;;;750
201400052000;14;4;25;855;1;2;2;2;4;103;88, BOULEVARD DE SEBASTO;;;;750
201400052001;14;4;25;2330;3;2;2;1;6;103;73, RUE BEAUBOURG;;;;750
201400052002;14;4;26;1405;1;2;2;2;2;103;90, BOULEVARD DE SEBASTO;;;;750
201400052003;14;4;27;2255;5;2;2;1;7;101;65, BOULEVARD DE SEBASTO;;;;750
201400052004;14;4;27;350;3;2;7;1;2;103;9, PLACE DE LA REPUBLIQU;;;;750
201400052005;14;5;2;810;1;2;2;1;6;103;67, BOULEVARD BEAUMARCHA;;;;750
201400052006;14;5;9;930;1;2;1;1;3;103;29, RUE BEAUBOURG;;;;750
201400052007;14;5;9;1200;1;2;1;1;6;103;39, BOULEVARD DU TEMPLE;;;;750
201400052008;14;5;12;1800;1;2;1;8;6;103;17, BOULEVARD SAINT MART;;;;750
201400052009;14;5;15;1540;1;2;3;1;2;103;26, RUE REAUMUR;;;;750
201400052010;14;5;28;1755;1;2;7;1;6;110;12, PLACE DE LA REPUBLIQ;;;;750
201400052011;14;5;30;1450;1;2;2;1;3;102;74, RUE REAUMUR;;;;750
201400052012;14;6;4;1130;1;2;1;2;6;103;12, RUE VOLTA;;;;750
201400052013;14;6;4;1810;1;2;2;1;7;103;67, BOULEVARD BEAUMARCHA;;;;750
201400052014;14;6;10;2330;5;2;2;1;3;104;21, RUE SAINT ANTOINE;;;;750
201400052015;14;6;11;1355;1;2;2;1;3;103;02, RUE SAINT GILLES;;;;750
201400052016;14;6;12;2050;1;2;5;1;6;103;48, RUE DE TURBIGO;;;;750
201400052017;14;6;14;1820;1;2;1;1;2;103;17, BOULEVARD SAINT MART;;;;750
201400052018;14;6;20;2005;1;2;7;1;3;103;23, PLACE DE LA REPUBLIQ;;;;750