num_acc;an;mois;jour;hrmn;lum;agg;int;atm;col;com;adr;gps;lat;long;dep
201400052019;14;6;21;2210;5;2;1;1;3;103;29, RUE BEAUBOURG;;;;750
201400052020;14;6;22;350;5;2;2;1;2;103;48, RUE BEAUBOURG;;;;750
201400052021;14;6;25;40;5;2;1;1;7;111;42, BD RICHARD LENOIR;;;;750
201400052022;14;6;25;933;1;2;2;1;7;103;47, RUE DE TURBIGO;;;;750
201400052023;14;6;28;550;1;2;2;1;3;103;0, RUE DES FRANCS BOURGE;;;;750
201400052024;14;7;5;25;5;2;3;1;3;103;64, RUE REAUMUR;;;;750
201400052025;14;7;7;1200;1;2;2;1;2;103;14, RUE DE BRETAGNE;;;;750
201400052026;14;7;8;2200;3;2;2;1;3;103;60, BOULEVARD DE SEBASTO;;;;750
201400052027;14;7;11;1620;1;2;3;1;3;103;RUE SAINT MARTIN;;;;750
201400052028;14;7;12;1605;1;2;1;1;6;103;65, RUE DE BRETAGNE;;;;750
201400052029;14;7;13;2140;2;2;2;1;6;103;63, RUE DE TURBIGO;;;;750
201400052030;14;7;15;1030;1;2;1;1;3;103;43, BOULEVARD SAINT MART;;;;750
201400052031;14;7;19;1210;1;2;2;1;4;103;90, BOULEVARD DE SEBASTO;;;;750
201400052032;14;7;19;1550;1;2;5;1;6;102;RUE DE TURBIGO;;;;750
201400052033;14;7;23;1450;1;2;7;1;2;103;15, PLACE DE LA REPUBLIQ;;;;750
201400052034;14;7;24;1815;1;2;2;1;6;103;21, RUE REAUMUR;;;;750
201400052035;14;7;24;1800;1;2;1;1;3;103;6, RUE DE THORIGNY;;;;750
201400052036;14;7;30;1005;1;2;2;1;2;103;60, BOULEVARD DE SEBASTO;;;;750
201400052037;14;8;6;1540;1;2;2;2;6;103;74bis, RUE DES TOURNELLE;;;;750
201400052038;14;8;7;1435;1;2;1;2;5;103;51, BOULEVARD SAINT MART;;;;750
201400052039;14;8;8;1620;1;2;7;2;3;104;7, PLACE DE LA BASTILLE;;;;750
201400052040;14;8;9;215;5;2;3;2;3;104;1, QUAI DE L HOTEL DE VI;;;;750
201400052041;14;8;13;1845;1;2;3;1;2;103;60, BOULEVARD DE SEBASTO;;;;750
201400052042;14;8;19;1830;1;2;2;1;3;109;29, RUE DE CHATEAUDUN;;;;750
201400052043;14;8;22;100;5;2;2;1;2;103;88, BOULEVARD DE SEBASTO;;;;750
201400052044;14;8;21;1310;1;2;1;1;2;103;8, RUE DES QUATRE FILS;;;;750
201400052045;14;8;26;1530;1;2;2;1;6;103;60, RUE REAUMUR;;;;750
201400052046;14;8;29;1330;1;2;3;1;7;103;42, RUE BEAUBOURG;;;;750
201400052047;14;8;30;1615;1;2;7;1;2;103;15, PLACE DE LA REPUBLIQ;;;;750
201400052048;14;9;1;1820;1;2;2;1;6;103;103, RUE BEAUBOURG;;;;750
201400052049;14;9;9;950;1;2;1;1;3;103;3, BOULEVARD SAINT MARTI;;;;750
201400052050;14;9;11;800;1;2;2;1;3;104;02, BOULEVARD DE SEBASTO;;;;750
201400052051;14;9;21;1150;1;2;2;2;6;103;43, RUE DE TURBIGO;;;;750
201400052052;14;9;30;1;5;2;2;1;3;101;10, QUAI FRANCOIS MITTER;;;;750
201400052053;14;9;30;1740;1;2;2;1;6;103;51, RUE DE TURENNE;;;;750
201400052054;14;10;1;905;1;2;3;1;3;103;295, RUE SAINT MARTIN;;;;750
201400052055;14;10;2;1835;1;2;7;1;2;103;15, PLACE DE LA REPUBLIQ;;;;750
201400052056;14;10;3;155;5;2;2;1;6;103;110, BOULEVARD DE SEBAST;;;;750
201400052057;14;10;3;1710;1;2;2;1;3;103;10, RUE DUPETIT THOUARS;;;;750
201400052058;14;10;6;2010;5;2;2;2;6;103;43, RUE REAUMUR;;;;750
201400052059;14;10;8;1655;1;2;7;1;6;111;03, PLACE DE LA REPUBLIQ;M;0;0;750
201400052060;14;10;9;27;5;2;7;2;3;103;13, PLACE DE LA REPUBLIQ;;;;750
201400052061;14;10;10;2330;5;2;7;1;1;103;13, PLACE DE LA REPUBLIQ;;;;750
201400052062;14;10;20;10;5;2;1;1;2;103;37, BOULEVARD BEAUMARCHA;M;0;0;750
201400052063;14;10;27;1040;1;2;3;1;6;103;51, RUE DE BRETAGNE;;;;750
201400052064;14;10;28;2330;5;2;2;1;6;103;29, RUE BEAUBOURG;;;;750
201400052065;14;11;2;135;5;2;1;1;6;103;173, RUE DU TEMPLE;;;;750
201400052066;14;11;2;950;1;2;7;1;3;101;0, PLACE DU PONT NEUF;;;;750
201400052067;14;11;5;1135;1;2;2;1;3;103;23, RUE BEAUBOURG;;;;750
201400052068;14;11;10;2100;5;2;5;1;2;101;15, RUE CROIX DES PETITS;;;;750
201400052069;14;11;12;2000;5;2;3;1;6;103;112, BOULEVARD DE SEBAST;;;;750
201400052070;14;11;17;2130;5;2;7;2;2;101;93, RUE DE RIVOLI;;;;750
201400052071;14;11;18;1030;1;2;4;1;3;103;57, RUE DE TURBIGO;;;;750
201400052072;14;11;22;1645;1;2;7;1;6;103;207, RUE DU TEMPLE;;;;750
201400052073;14;11;25;1905;5;2;1;2;6;103;9, PLACE DE LA REPUBLIQU;;;;750
201400052074;14;12;3;930;1;2;2;1;6;103;74, RUE DE TURBIGO;;;;750
201400052075;14;12;4;1740;5;2;2;1;6;103;1, BOULEVARD DU TEMPLE;;;;750
201400052076;14;12;9;1005;1;2;4;1;3;103;174, RUE DU TEMPLE;;;;750
201400052077;14;12;10;1650;1;2;2;1;6;109;2, RUE DU FAUBOURG MONTM;;;;750
201400052078;14;12;15;910;1;2;2;1;7;102;111, BOULEVARD DE SEBAST;;;;750
201400052079;14;12;17;855;1;2;2;3;2;102;77, BOULEVARD DE SEBASTO;;;;750
201400052080;14;12;18;2240;3;2;1;8;6;103;14, RUE FROISSART;;;;750
201400052081;14;12;20;950;1;2;1;1;3;103;9, PLACE DE LA REPUBLIQU;;;;750
201400052082;14;12;21;220;5;2;7;1;3;104;3, PLACE DE LA BASTILLE;;;;750
201400052083;14;12;27;2020;5;2;2;3;3;103;64, RUE REAUMUR;;;;750
201400052084;14;6;8;1230;1;2;1;1;6;109;58, RUE DE DUNKERQUE;;;;750
201400052085;14;1;1;410;5;2;2;1;6;104;62, RUE DU ROI DE SICILE;;;;750
201400052086;14;1;4;2225;5;2;2;1;3;104;34, RUE SAINT ANTOINE;;;;750
201400052087;14;1;13;1650;2;2;2;1;3;104;RUE BEAUTREILLIS;;;;750
201400052088;14;1;14;845;1;2;1;1;2;104;1, BOULEVARD DU PALAIS;;;;750
201400052089;14;1;16;1830;5;2;7;1;7;104;49, BOULEVARD HENRI IV;;;;750
201400052090;14;1;20;1235;1;2;3;2;6;104;28, RUE SAINT ANTOINE;;;;750
201400052091;14;1;21;1530;1;2;1;1;2;104;VOIE GEORGES POMPIDOU;;;;750
201400052092;14;1;23;420;5;2;4;2;6;104;0, QUAI DES CELESTINS;;;;750
201400052093;14;2;3;1318;1;2;5;1;6;104;86, RUE DE RIVOLI;;;;750
201400052094;14;2;5;1545;1;2;2;1;3;104;11, BOULEVARD DU PALAIS;;;;750
201400052095;14;2;9;1420;1;2;1;1;7;104;23, BOULEVARD BEAUMARCHA;;;;750
201400052096;14;2;7;2048;5;2;1;1;2;104;26, RUE DU RENARD;;;;750
201400052097;14;2;10;1245;1;2;1;1;2;104;VOIE GEORGES POMPIDOU;;;;750
201400052098;14;2;13;850;1;2;2;2;6;104;16, RUE SAINT MERRI;;;;750
201400052099;14;2;17;1050;1;2;2;8;3;104;1, BOULEVARD BOURDON;;;;750
201400052100;14;2;18;1050;1;2;2;1;6;104;43, BOULEVARD HENRI IV;;;;750
201400052101;14;3;4;835;1;2;2;1;6;104;11, AVENUE VICTORIA;;;;750
201400052102;14;3;5;1200;1;2;1;1;6;104;2, RUE DE LA COUTELLERIE;;;;750
201400052103;14;3;5;1655;1;2;3;1;6;104;QUAI DE L HOTEL DE VILLE;;;;750
201400052104;14;3;6;1005;1;2;1;1;2;104;QUAI DE L HOTEL DE VILLE;;;;750
201400052105;14;3;10;235;5;2;3;1;6;104;BOULEVARD BOURDON;;;;750
201400052106;14;3;12;915;1;2;2;1;3;104;8, QUAI DU MARCHE NEUF;;;;750
201400052107;14;3;18;1707;1;2;1;1;6;104;23, BOULEVARD BEAUMARCHA;;;;750
201400052108;14;3;21;1150;1;2;2;1;2;104;PONT SAINT MICHEL;;;;750
201400052109;14;3;24;925;1;2;1;1;3;112;PONT MORLAND;;;;750
201400052110;14;3;26;1517;1;2;1;1;3;104;1, PONT MORLAND;;;;750
201400052111;14;3;27;200;4;2;2;1;7;104;1, BOULEVARD BOURDON;;;;750
201400052112;14;3;31;1530;1;2;1;1;2;104;PONT NOTRE DAME;;;;750
201400052113;14;3;31;1830;1;2;2;1;3;104;1, QUAI DES CELESTINS;;;;750
201400052114;14;4;2;1020;1;2;2;1;3;104;52, RUE DE RIVOLI;;;;750
201400052115;14;4;2;1645;1;2;1;1;3;103;42, RUE BEAUBOURG;;;;750
201400052116;14;4;4;1215;1;2;1;1;6;104;39, BOULEVARD BOURDON;;;;750
201400052117;14;4;6;200;5;2;2;1;6;104;3, RUE DE LA VERRERIE;;;;750
201400052118;14;4;11;1745;1;2;2;1;3;104;02, RUE JACQUES COEUR;;;;750
201400052119;14;4;12;2110;5;2;7;1;2;104;44, RUE DE RIVOLI;;;;750
201400052120;14;4;16;2135;5;2;2;1;2;104;34, BOULEVARD HENRI IV;;;;750
201400052121;14;4;20;1540;1;2;2;6;6;104;RUE SAINTE CROIX DE LA B;;;;750
201400052122;14;4;20;1810;1;2;2;1;3;104;QUAI DE GESVRES;;;;750
201400052123;14;4;22;1940;2;2;5;2;7;104;2, RUE DE LA COUTELLERIE;;;;750
201400052124;14;4;25;325;5;2;1;2;6;101;41, RUE DE RIVOLI;;;;750
201400052125;14;4;28;2250;5;2;2;1;6;104;01, RUE DES TOURNELLES;;;;750
201400052126;14;5;7;2030;5;2;1;1;3;109;10, RUE CHORON;;;;750
201400052127;14;5;9;2300;5;2;2;1;6;104;QUAI DU MARCHE NEUF;;;;750
201400052128;14;5;10;1610;1;2;2;2;6;104;15, BOULEVARD DU PALAIS;;;;750
201400052129;14;5;14;818;1;2;2;1;2;104;QUAI DE LA CORSE;;;;750
201400052130;14;5;16;930;1;2;3;1;2;104;62, RUE SAINT ANTOINE;;;;750
201400052131;14;5;16;855;1;2;2;1;3;104;QUAI DE GESVRES;;;;750
201400052132;14;5;21;2300;5;2;2;2;2;104;24, BOULEVARD DE SEBASTO;;;;750
201400052133;14;5;22;1045;1;2;7;2;6;104;44, RUE DE RIVOLI;;;;750
201400052134;14;5;27;1215;1;2;1;1;6;104;44, RUE DE RIVOLI;;;;750
201400052135;14;5;30;1555;1;2;2;1;6;104;13, RUE SAINT ANTOINE;;;;750
201400052136;14;5;30;1930;1;2;2;1;6;104;RUE SAINT ANTOINE;;;;750
201400052137;14;6;11;1630;1;2;2;1;3;104;35, RUE SAINT ANTOINE;;;;750
201400052138;14;6;13;1045;1;2;3;1;3;104;48, QUAI DE L HOTEL DE V;;;;750
201400052139;14;6;13;1830;1;2;7;1;3;104;3, RUE DE LOBAU;;;;750
201400052140;14;6;15;1120;1;2;2;1;7;104;1, BOULEVARD MORLAND;;;;750
201400052141;14;6;20;1630;1;2;2;1;6;104;01, RUE DES NONNAINS D H;;;;750
201400052142;14;6;21;1720;1;2;2;1;3;104;32, RUE DE RIVOLI;;;;750
201400052143;14;6;24;1920;1;2;1;1;5;104;74, RUE FRANCOIS MIRON;;;;750
201400052144;14;6;24;1920;1;2;1;1;4;104;23, BOULEVARD HENRI IV;;;;750
201400052145;14;6;26;1940;1;2;1;1;6;104;32, RUE DE RIVOLI;;;;750
201400052146;14;6;27;2143;5;2;4;1;2;104;101, RUE SAINT ANTOINE;;;;750
201400052147;14;6;28;145;5;2;2;1;6;104;7, BOULEVARD DE SEBASTOP;;;;750
201400052148;14;6;28;1050;1;2;2;2;6;104;80, RUE SAINT ANTOINE;;;;750
201400052149;14;6;27;2015;2;2;3;1;6;104;11, AVENUE VICTORIA;;;;750
201400052150;14;7;1;1430;1;2;5;1;4;104;92, QUAI DE L HOTEL DE V;;;;750
201400052151;14;7;3;949;1;2;1;1;2;104;21, BOULEVARD BOURDON;;;;750
201400052152;14;7;5;1230;1;2;1;1;6;104;18, RUE DE L HOTEL DE VI;;;;750
201400052153;14;7;5;1710;1;2;3;1;3;104;QUAI DE L HOTEL DE VILLE;;;;750
201400052154;14;7;7;2033;2;2;2;2;3;104;27, BOULEVARD BEAUMARCHA;;;;750
201400052155;14;7;8;140;5;2;2;2;6;104;QUAI DE LA CORSE;;;;750
201400052156;14;7;8;1300;1;2;2;1;6;104;20, RUE DU RENARD;;;;750
201400052157;14;7;8;1630;1;2;1;1;3;103;19, BOULEVARD SAINT MART;;;;750
201400052158;14;7;9;10;5;2;2;1;2;104;12, QUAI DE GESVRES;;;;750
201400052159;14;7;9;1300;1;2;1;1;3;104;4, RUE DE LOBAU;;;;750
201400052160;14;7;10;600;2;2;7;2;3;104;2, PLACE DU CHATELET;;;;750
201400052161;14;7;11;1405;1;2;2;2;3;104;50, RUE DES ARCHIVES;;;;750
201400052162;14;7;13;2312;5;2;2;2;3;104;1, QUAI DES CELESTINS;;;;750
201400052163;14;7;18;1635;1;2;2;1;2;104;34, BOULEVARD HENRI IV;;;;750
201400052164;14;7;20;357;4;2;2;2;6;104;43, BOULEVARD HENRI IV;;;;750
201400052165;14;7;21;1555;1;2;3;1;6;104;19, RUE DU RENARD;;;;750
201400052166;14;7;22;1045;1;2;4;1;6;104;02, RUE CASTEX;;;;750
201400052167;14;7;24;1140;1;2;7;1;3;104;3, PLACE DE LA BASTILLE;;;;750
201400052168;14;7;26;2345;5;2;2;1;2;104;16, RUE VIEILLE DU TEMPL;;;;750
201400052169;14;7;30;220;5;2;1;1;6;104;16, QUAI DE GESVRES;;;;750
201400052170;14;7;30;1905;1;2;2;1;6;104;42, RUE SAINT ANTOINE;;;;750
201400052171;14;7;31;1000;1;2;2;1;3;104;76, QUAI DE L HOTEL DE V;;;;750
201400052172;14;7;31;857;1;2;3;1;6;104;1, RUE DE FOURCY;;;;750
201400052173;14;8;1;2030;1;2;1;1;6;104;QUAI DE L HOTEL DE VILLE;;;;750
201400052174;14;8;7;1653;1;2;2;1;7;103;22, RUE BEAUBOURG;;;;750
201400052175;14;8;8;1020;1;2;5;2;3;104;66, QUAI DE L HOTEL DE V;;;;750
201400052176;14;8;8;1055;1;2;2;2;6;104;04, RUE DES ECOUFFES;;;;750
201400052177;14;8;11;1910;2;2;2;3;5;104;22, RUE DE TURENNE;;;;750
201400052178;14;8;22;1520;1;2;2;1;2;104;12, QUAI DE GESVRES;;;;750
201400052179;14;8;28;1500;1;2;1;8;2;104;03, PLACE DE LA BASTILLE;;;;750
201400052180;14;8;28;2220;4;2;7;1;6;111;PLACE DE LA BASTILLE;;;;750
201400052181;14;8;31;1835;1;2;2;1;6;104;22, RUE DE TURENNE;;;;750
201400052182;14;9;10;1410;1;2;2;1;3;104;48, RUE DE RIVOLI;;;;750
201400052183;14;9;17;330;5;2;1;1;2;104;QUAI DES CELESTINS;;;;750
201400052184;14;9;18;1530;1;2;3;1;6;104;29, RUE DE RIVOLI;;;;750
201400052185;14;9;23;1900;1;2;2;1;6;104;02, RUE DES ARCHIVES;;;;750
201400052186;14;9;24;1215;1;2;1;1;7;104;52, RUE DE RIVOLI;;;;750
201400052187;14;9;25;45;5;2;7;1;6;104;3, PLACE DE LA BASTILLE;;;;750
201400052188;14;9;25;1215;1;2;4;1;6;104;3, BOULEVARD BEAUMARCHAI;;;;750
201400052189;14;9;26;810;1;2;2;1;7;104;70, RUE DE RIVOLI;;;;750
201400052190;14;9;27;1540;1;2;3;1;6;104;33, RUE VIEILLE DU TEMPL;;;;750
201400052191;14;9;29;925;1;2;2;2;7;104;31, RUE DE RIVOLI;;;;750
201400052192;14;9;29;2140;5;2;2;2;7;108;02, QUAI DES TUILERIES;;;;750
201400052193;14;10;3;2010;2;2;7;1;3;104;01, PONT AU CHANGE;;;;750
201400052194;14;10;6;1725;1;2;1;2;7;104;21 bis, BOULEVARD BOURDO;;;;750
201400052195;14;10;8;500;5;2;2;2;2;104;1, BOULEVARD MORLAND;;;;750
201400052196;14;10;19;1840;1;2;1;1;7;104;28, BOULEVARD HENRI IV;;;;750
201400052197;14;10;21;1945;4;2;2;2;7;104;81, RUE SAINT ANTOINE;;;;750
201400052198;14;10;28;1530;1;2;3;1;3;104;58, RUE DE LA VERRERIE;;;;750
201400052199;14;11;1;2245;5;2;3;1;6;104;3, RUE DE RIVOLI;;;;750
201400052200;14;11;1;339;5;2;2;1;6;104;4, RUE SAINT MARTIN;;;;750
201400052201;14;11;5;835;1;2;1;1;4;104;14, RUE DE RIVOLI;;;;750
201400052202;14;11;7;955;1;2;3;2;2;104;6, RUE DE RIVOLI;;;;750
201400052203;14;11;7;1955;5;2;1;1;6;104;4, RUE DE LOBAU;;;;750
201400052204;14;11;9;215;5;2;1;1;6;101;QUAI DES TUILERIES;;;;750
201400052205;14;11;11;945;1;2;1;1;6;104;18, BOULEVARD HENRI IV;;;;750
201400052206;14;11;13;720;1;2;7;1;2;104;7, PLACE DE LA BASTILLE;;;;750
201400052207;14;11;13;655;5;2;1;1;6;104;QUAI DES CELESTINS;;;;750
201400052208;14;11;15;1845;5;2;7;8;2;104;01, PLACE DE L HOTEL DE;;;;750
201400052209;14;11;18;1147;1;2;3;8;7;104;24, QUAI DES CELESTINS;;;;750
201400052210;14;11;25;1320;1;2;1;1;6;104;76, RUE DE RIVOLI;;;;750
201400052211;14;11;27;2235;5;2;1;1;2;104;12, RUE DU ROI DE SICILE;;;;750
201400052212;14;12;3;749;2;2;2;2;6;104;QUAI HENRI IV;;;;750
201400052213;14;12;4;1039;1;2;5;1;3;104;74, RUE DE RIVOLI;;;;750
201400052214;14;12;6;1505;1;2;2;7;6;104;12, RUE DES DEUX PONTS;;;;750
201400052215;14;12;9;1410;1;2;1;1;2;104;VOIE GEORGES POMPIDOU;;;;750
201400052216;14;12;9;1520;1;2;2;1;3;104;05, BOULEVARD HENRI IV;;;;750
201400052217;14;12;10;955;1;2;1;2;7;104;27, RUE DE RIVOLI;;;;750
201400052218;14;12;13;230;5;2;3;3;7;104;24, QUAI DES CELESTINS;;;;750
201400052219;14;12;13;1815;5;2;3;2;2;104;30, QUAI DES CELESTINS;;;;750
201400052220;14;12;15;925;1;2;1;2;7;104;21, RUE SAINT ANTOINE;;;;750
201400052221;14;12;21;1530;1;2;3;8;3;104;74, RUE DE RIVOLI;;;;750
201400052222;14;12;21;2030;5;2;7;8;3;104;3, PLACE DE LA BASTILLE;;;;750
201400052223;14;1;2;2000;5;2;1;1;3;105;15, RUE DE LA CLEF;;;;750
201400052224;14;1;3;1505;1;2;7;1;3;105;48, RUE SAINT JACQUES;;;;750
201400052225;14;1;13;1629;1;2;2;1;3;105;58, BOULEVARD SAINT MARC;;;;750
201400052226;14;1;15;1955;5;2;7;2;6;113;184, BOULEVARD VINCENT A;;;;750
201400052227;14;1;16;1938;5;2;5;1;3;105;143, BOULEVARD SAINT MIC;;;;750
201400052228;14;1;17;725;5;2;2;1;6;105;3, QUAI SAINT MICHEL;;;;750
201400052229;14;1;18;1450;1;2;3;1;3;105;37, QUAI DE LA TOURNELLE;;;;750
201400052230;14;1;19;315;5;2;4;3;6;105;02, BOULEVARD DE L HOPIT;;;;750
201400052231;14;1;22;2010;5;2;3;2;3;105;11, QUAI DE MONTEBELLO;;;;750
201400052232;14;1;24;800;2;2;1;1;6;105;20, AVENUE DES GOBELINS;;;;750
201400052233;14;1;24;1745;5;2;2;1;6;105;133, RUE SAINT JACQUES;;;;750
201400052234;14;1;25;1430;1;2;2;2;6;105;17, RUE DU SOMMERARD;;;;750
201400052235;14;1;26;246;5;2;2;1;2;105;BOULEVARD SAINT GERMAIN;;;;750
201400052236;14;1;26;520;5;2;2;1;2;105;125, RUE SAINT JACQUES;;;;750
201400052237;14;2;1;1710;1;2;1;1;6;113;76, BOULEVARD VINCENT AU;;;;750
201400052238;14;2;2;2135;5;2;1;1;3;105;13, PLACE VALHUBERT;;;;750
201400052239;14;2;8;820;2;2;2;2;6;105;100, BOULEVARD DE PORT R;;;;750
201400052240;14;2;12;20;5;2;7;8;6;105;17, PLACE DU PANTHEON;;;;750
201400052241;14;2;12;1245;1;2;2;1;6;105;RUE DU VAL DE GRACE;;;;750
201400052242;14;2;15;2313;5;2;3;1;6;106;6, RUE DANTON;;;;750
201400052243;14;2;18;1000;1;2;1;1;6;105;15, RUE LACEPEDE;;;;750
201400052244;14;2;18;1420;1;2;1;1;6;105;21, RUE SOUFFLOT;;;;750
201400052245;14;2;28;1055;1;2;7;2;2;105;01, PLACE ALPHONSE LAVER;;;;750
201400052246;14;3;1;440;5;2;5;2;6;105;18, RUE MONGE;;;;750
201400052247;14;3;1;1812;2;2;2;1;6;105;PONT PETIT PONT;;;;750
201400052248;14;3;3;1110;1;2;2;1;6;105;15, RUE DE LA MONTAGNE S;;;;750
201400052249;14;3;6;1045;1;2;2;1;3;105;96, BOULEVARD SAINT GERM;;;;750
201400052250;14;3;10;1150;1;2;2;1;6;105;BOULEVARD SAINT MICHEL;;;;750
201400052251;14;3;18;808;1;2;2;1;6;105;2, RUE DU PETIT PONT;;;;750
201400052252;14;3;20;1850;5;2;3;1;3;113;12, RUE NEUVE TOLBIAC;;;;750
201400052253;14;3;23;2355;5;2;2;1;2;105;307, RUE SAINT JACQUES;;;;750
201400052254;14;3;25;900;1;2;1;2;2;105;86, RUE CLAUDE BERNARD;;;;750
201400052255;14;3;25;1140;1;2;2;2;6;105;3, AVENUE DES GOBELINS;;;;750
201400052256;14;3;30;1520;1;2;2;1;6;105;01, RUE DU PETIT PONT;;;;750
201400052257;14;3;30;1755;1;2;5;1;2;105;33, RUE SAINT JACQUES;;;;750
201400052258;14;3;31;2255;5;2;7;1;7;105;55, RUE LACEPEDE;;;;750
201400052259;14;4;1;810;1;2;2;1;3;105;100, BOULEVARD SAINT GER;;;;750
201400052260;14;4;1;905;1;2;1;1;6;105;7, QUAI SAINT BERNARD;;;;750
201400052261;14;4;2;1525;1;2;1;1;6;105;09, RUE CLAUDE BERNARD;;;;750
201400052262;14;4;5;1625;1;2;3;1;2;113;55, BOULEVARD SAINT MARC;;;;750
201400052263;14;4;6;134;5;2;2;1;2;105;55, QUAI DE LA TOURNELLE;;;;750
201400052264;14;4;8;917;1;2;1;1;6;105;88 ter, BOULEVARD DE POR;;;;750
201400052265;14;4;9;25;5;2;2;1;6;105;PONT DE SULLY;;;;750
201400052266;14;4;11;2127;5;2;3;1;6;105;30, RUE BERTHOLLET;;;;750
201400052267;14;4;16;2330;5;2;2;1;2;106;91, BOULEVARD DU MONTPAR;;;;750
201400052268;14;4;17;2035;2;2;2;1;2;105;34, RUE SAINT JACQUES;;;;750
201400052269;14;4;19;1850;1;2;3;1;2;105;70, BOULEVARD SAINT MARC;;;;750
201400052270;14;4;20;2;5;2;2;1;3;105;180, RUE SAINT JACQUES;;;;750
201400052271;14;4;22;1415;1;2;2;1;1;105;44, RUE DES FOSSES SAINT;;;;750
201400052272;14;4;22;1500;1;2;3;1;2;105;90, BOULEVARD DE PORT RO;;;;750
201400052273;14;4;25;1345;1;2;2;1;6;105;86, BOULEVARD DE PORT RO;;;;750
201400052274;14;4;29;1308;1;2;3;1;6;105;71, BOULEVARD SAINT MICH;;;;750
201400052275;14;5;6;1420;1;2;2;1;7;105;65, BOULEVARD SAINT MICH;;;;750
201400052276;14;5;6;1515;1;2;1;1;4;105;29, QUAI SAINT MICHEL;;;;750
201400052277;14;5;6;1910;1;2;2;1;3;105;46 TER, RUE GEOFFROY SAI;;;;750
201400052278;14;5;10;715;1;2;7;1;6;105;PLACE VALHUBERT;;;;750
201400052279;14;5;13;1635;1;2;2;1;2;105;8, BOULEVARD DE L HOPITA;;;;750
201400052280;14;5;16;815;1;2;1;1;6;105;92, BOULEVARD DE PORT RO;;;;750
201400052281;14;5;17;1205;1;2;3;1;6;105;127, BOULEVARD SAINT MIC;;;;750
201400052282;14;5;17;1840;1;2;3;1;3;105;39, RUE GAY LUSSAC;;;;750
201400052283;14;5;19;1415;1;2;1;1;6;105;13, BOULEVARD SAINT MICH;;;;750
201400052284;14;5;20;339;5;2;2;1;3;105;14, BOULEVARD SAINT GERM;;;;750
201400052285;14;5;21;1425;1;2;3;2;3;105;5, BOULEVARD SAINT MICHE;;;;750
201400052286;14;5;22;1245;1;2;3;2;5;105;QUAI SAINT BERNARD;;;;750
201400052287;14;5;23;1035;1;2;2;1;3;105;65, QUAI DE LA TOURNELLE;;;;750
201400052288;14;5;26;1720;1;2;3;1;3;105;7, AVENUE DES GOBELINS;;;;750
201400052289;14;5;27;1535;1;2;1;1;3;105;12, BOULEVARD SAINT MARC;;;;750
201400052290;14;5;29;915;1;2;1;1;7;105;23, BOULEVARD SAINT MICH;;;;750
201400052291;14;6;2;2030;1;2;1;1;3;105;08, RUE LINNE;;;;750
201400052292;14;6;4;425;5;2;5;2;6;106;RUE DE SEVRES;;;;750
201400052293;14;6;5;255;5;2;2;1;3;105;RUE SOUFFLOT;;;;750
201400052294;14;6;6;2040;1;2;3;1;6;105;4, RUE DES FOSSES SAINT;;;;750
201400052295;14;6;11;1050;1;2;5;1;6;105;46, RUE DU CARDINAL LEMO;;;;750
201400052296;14;6;11;2140;5;2;5;1;1;105;23, QUAI SAINT BERNARD;;;;750
201400052297;14;6;12;1830;1;2;2;1;7;105;PONT PETIT PONT;;;;750
201400052298;14;6;13;257;5;2;5;1;3;105;QUAI SAINT BERNARD;;;;750
201400052299;14;6;13;1955;1;2;7;1;6;105;49, BOULEVARD SAINT GERM;;;;750
201400052300;14;6;14;1705;1;2;1;1;6;105;06 bis, RUE HENRI BARBUS;;;;750
201400052301;14;6;15;1240;1;2;2;1;3;105;RUE VICTOR COUSIN;;;;750
201400052302;14;6;16;2140;2;2;5;1;3;105;1, QUAI DE LA TOURNELLE;;;;750
201400052303;14;6;17;2050;1;2;2;1;3;105;19, RUE CLAUDE BERNARD;;;;750
201400052304;14;6;23;2200;2;2;2;1;2;105;1, QUAI SAINT MICHEL;;;;750
201400052305;14;6;24;1000;1;2;7;1;6;105;7, PLACE MONGE;;;;750
201400052306;14;6;24;1325;1;2;2;1;2;105;69, RUE MONGE;;;;750
201400052307;14;6;25;1814;1;2;1;1;6;105;119 bis, RUE MONGE;;;;750
201400052308;14;6;28;1420;1;2;5;2;2;105;37, RUE SAINT JACQUES;;;;750
201400052309;14;7;2;1825;1;2;7;1;3;105;47 TER, BOULEVARD SAINT;;;;750
201400052310;14;7;14;2115;1;2;2;1;3;105;RUE SAINT JACQUES;;;;750
201400052311;14;7;17;1220;1;2;1;1;3;105;23, QUAI SAINT BERNARD;;;;750
201400052312;14;8;1;1915;1;2;1;1;6;113;3, AVENUE D ITALIE;;;;750
201400052313;14;8;2;1945;1;2;5;1;3;105;46, RUE DU CARDINAL LEMO;;;;750
201400052314;14;8;5;1050;1;2;2;1;6;105;1, RUE DES ECOLES;;;;750
201400052315;14;8;12;1010;1;2;7;1;6;105;1, PLACE SAINT MICHEL;;;;750
201400052316;14;8;23;455;5;2;7;2;3;106;PLACE SAINT MICHEL;;;;750
201400052317;14;8;24;1615;1;2;1;1;4;105;18, RUE DES FOSSES SAINT;;;;750
201400052318;14;8;25;2019;5;2;7;2;7;106;PLACE LEON PAUL FARGUE;;;;750
201400052319;14;8;28;1538;1;2;3;1;6;105;92, BOULEVARD SAINT GERM;;;;750
201400052320;14;9;2;1145;1;2;5;1;3;105;33, RUE SAINT JACQUES;;;;750
201400052321;14;9;4;1545;1;2;1;1;2;105;22, BOULEVARD SAINT MICH;;;;750
201400052322;14;9;6;45;5;2;1;1;2;105;PONT SAINT MICHEL;;;;750
201400052323;14;9;8;915;1;2;5;1;3;105;QUAI SAINT BERNARD;;;;750
201400052324;14;9;9;838;1;2;4;1;6;105;1, RUE BROCA;;;;750
201400052325;14;9;10;940;1;2;4;1;6;105;6, RUE GAY LUSSAC;;;;750
201400052326;14;9;13;59;5;2;5;1;3;105;82, BOULEVARD SAINT GERM;;;;750
201400052327;14;9;13;1545;1;2;2;1;2;105;26, BOULEVARD SAINT GERM;;;;750