num_acc;an;mois;jour;hrmn;lum;agg;int;atm;col;com;adr;gps;lat;long;dep
201400052638;14;6;30;805;1;2;1;1;2;107;28, AVENUE DE LA MOTTE P;;;;750
201400052639;14;6;30;1009;1;2;1;1;6;107;88, BOULEVARD DE LA TOUR;;;;750
201400052640;14;7;1;2330;5;2;2;2;3;107;00, PONT DU CARROUSEL;;;;750
201400052641;14;7;1;640;2;2;1;1;7;107;67, QUAI BRANLY;;;;750
201400052642;14;7;1;750;1;2;1;1;3;107;9-11, QUAI VOLTAIRE;;;;750
201400052643;14;7;2;140;5;2;2;1;7;107;33, QUAI D ORSAY;;;;750
201400052644;14;7;3;1335;1;2;1;1;3;107;226, BOULEVARD SAINT GER;;;;750
201400052645;14;7;3;1855;1;2;2;1;6;107;18, AVENUE DE LA BOURDON;;;;750
201400052646;14;7;10;2300;5;2;7;1;7;107;PLACE VAUBAN;;;;750
201400052647;14;7;19;935;1;2;5;1;3;107;9, BOULEVARD RASPAIL;;;;750
201400052648;14;7;21;1925;1;2;2;1;3;107;266, BOULEVARD SAINT GER;;;;750
201400052649;14;7;22;1215;1;2;7;1;3;107;4, AVENUE DE LOWENDAL;;;;750
201400052650;14;7;30;1030;1;2;5;1;2;107;96, BOULEVARD DE LA TOUR;;;;750
201400052651;14;7;31;1335;1;2;5;1;3;107;QUAI BRANLY;;;;750
201400052652;14;8;3;2305;5;2;5;1;3;107;AVENUE DU MARECHAL GALLI;;;;750
201400052653;14;8;4;1915;1;2;4;1;3;107;QUAI D ORSAY;;;;750
201400052654;14;8;5;915;1;2;7;1;6;107;262, BOULEVARD SAINT GER;;;;750
201400052655;14;8;5;1840;1;2;1;1;7;107;15, PLACE JOFFRE;;;;750
201400052656;14;8;6;1010;1;2;7;3;7;107;QUAI D ORSAY;;;;750
201400052657;14;8;7;1205;1;2;7;2;3;107;QUAI D ORSAY;;;;750
201400052658;14;8;11;1700;1;2;2;1;3;107;1, PONT ROYAL;;;;750
201400052659;14;8;16;1455;1;2;2;1;3;107;2, AVENUE DE LA MOTTE PI;;;;750
201400052660;14;8;18;1522;1;2;2;1;6;107;142 BIS, RUE DE GRENELLE;;;;750
201400052661;14;8;26;245;5;2;5;2;3;107;BOULEVARD SAINT GERMAIN;;;;750
201400052662;14;8;26;1505;1;2;3;1;2;107;215 bis, BOULEVARD SAINT;;;;750
201400052663;14;8;28;1705;1;2;7;1;7;107;RUE DE GRENELLE;;;;750
201400052664;14;8;28;2000;1;2;5;1;3;107;43, AVENUE DE LA MOTTE P;;;;750
201400052665;14;9;5;940;1;2;2;1;3;107;RUE DU GENERAL BERTRAND;;;;750
201400052666;14;9;8;1640;1;2;2;1;3;107;239, BOULEVARD SAINT GER;;;;750
201400052667;14;9;9;1800;1;2;7;1;3;107;PLACE LEON PAUL FARGUE;;;;750
201400052668;14;9;10;651;1;2;2;1;3;107;54, RUE DU BAC;;;;750
201400052669;14;9;10;1630;1;2;7;1;3;107;BOULEVARD RASPAIL;;;;750
201400052670;14;9;12;1800;1;2;7;1;3;107;1, PLACE LEON PAUL FARGU;;;;750
201400052671;14;9;12;1910;1;2;2;1;3;107;205, BOULEVARD SAINT GER;;;;750
201400052672;14;9;13;1640;1;2;1;1;2;107;BOULEVARD DES INVALIDES;;;;750
201400052673;14;9;13;1735;1;2;2;1;3;107;AVENUE DE LOWENDAL;;;;750
201400052674;14;9;14;1145;1;2;3;1;2;107;205, BOULEVARD SAINT GER;;;;750
201400052675;14;9;18;2310;5;2;2;1;6;107;QUAI D ORSAY;;;;750
201400052676;14;9;22;330;5;2;7;1;7;107;1, PLACE DE L ECOLE MILI;;;;750
201400052677;14;9;22;1950;5;2;3;1;2;107;QUAI BRANLY;;;;750
201400052678;14;9;24;2315;5;2;3;1;2;107;3, QUAI VOLTAIRE;;;;750
201400052679;14;9;25;940;1;2;1;1;6;107;109, RUE SAINT DOMINIQUE;;;;750
201400052680;14;9;25;1245;1;2;1;1;1;107;41 BIS, AVENUE BOSQUET;;;;750
201400052681;14;9;25;1745;1;2;5;1;3;107;AVENUE DE LA BOURDONNAIS;;;;750
201400052682;14;9;26;1130;1;2;2;1;6;107;0, RUE FABERT;;;;750
201400052683;14;9;26;1415;1;2;2;1;3;107;2, RUE ARISTIDE BRIAND;;;;750
201400052684;14;10;2;1200;1;2;5;1;5;107;QUAI D ORSAY;;;;750
201400052685;14;10;2;1950;5;2;3;1;6;107;56, BOULEVARD DES INVALI;;;;750
201400052686;14;10;4;1115;1;2;2;1;6;107;38, AVENUE BOSQUET;;;;750
201400052687;14;10;4;1530;1;2;5;1;3;107;33, QUAI D ORSAY;;;;750
201400052688;14;10;8;930;1;2;3;2;3;107;88, RUE DE GRENELLE;;;;750
201400052689;14;10;10;1130;1;2;2;1;3;107;36, RUE DE BELLECHASSE;;;;750
201400052690;14;10;11;2320;5;2;1;1;3;107;23, QUAI ANATOLE FRANCE;;;;750
201400052691;14;10;12;1825;5;2;3;2;3;107;03, QUAI VOLTAIRE;;;;750
201400052692;14;10;13;1320;1;2;1;1;3;107;PONT DES INVALIDES;;;;750
201400052693;14;10;13;1515;1;2;3;1;7;107;71, AVENUE BOSQUET;;;;750
201400052694;14;10;15;1100;1;2;1;2;6;107;31, RUE DE GRENELLE;;;;750
201400052695;14;10;17;835;1;2;7;2;3;107;1, PLACE VAUBAN;;;;750
201400052696;14;10;17;1420;1;2;3;8;3;107;4, RUE DES SAINTS PERES;;;;750
201400052697;14;10;22;1110;1;2;3;1;7;107;57, BOULEVARD DES INVALI;;;;750
201400052698;14;10;23;1350;1;2;3;8;2;107;5, QUAI VOLTAIRE;;;;750
201400052699;14;10;24;1245;1;2;3;1;4;107;35, QUAI D ORSAY;;;;750
201400052700;14;10;24;1545;1;2;1;1;6;107;17, AVENUE DE VILLARS;;;;750
201400052701;14;10;24;1622;1;2;2;8;6;107;10, RUE DUROC;;;;750
201400052702;14;10;27;1130;1;2;2;1;2;107;23, AVENUE DUQUESNE;;;;750
201400052703;14;10;28;2215;5;2;1;1;6;107;PLACE JOFFRE;;;;750
201400052704;14;11;3;658;2;2;2;8;3;107;AVENUE DU MARECHAL GALLI;;;;750
201400052705;14;11;3;1444;1;2;1;2;4;108;PONT ALEXANDRE III;;;;750
201400052706;14;11;4;1500;1;2;2;1;3;107;91, QUAI D ORSAY;;;;750
201400052707;14;11;4;2025;5;2;1;1;3;107;33, AVENUE DE LA MOTTE P;;;;750
201400052708;14;11;12;2015;5;2;5;1;3;107;12, BOULEVARD RASPAIL;;;;750
201400052709;14;11;13;2010;5;2;7;1;2;107;1, PLACE DES INVALIDES;;;;750
201400052710;14;11;16;940;1;2;1;2;6;107;38, RUE DES SAINTS PERES;;;;750
201400052711;14;11;17;930;1;2;2;1;3;107;AVENUE DUQUESNE;;;;750
201400052712;14;11;18;1605;1;2;4;2;6;107;05, QUAI ANATOLE FRANCE;;;;750
201400052713;14;11;18;555;5;2;7;8;7;107;39, BOULEVARD DES INVALI;;;;750
201400052714;14;11;19;1830;5;2;2;1;3;107;AVENUE ROBERT SCHUMAN;;;;750
201400052715;14;11;22;245;5;2;5;1;2;115;QUAI BRANLY;;;;750
201400052716;14;11;23;1635;2;2;5;1;2;107;35, QUAI VOLTAIRE;;;;750
201400052717;14;11;24;1915;5;2;1;1;3;107;QUAI ANATOLE FRANCE;;;;750
201400052718;14;11;26;30;5;2;2;2;6;107;AVENUE DU MARECHAL GALLI;;;;750
201400052719;14;11;26;1710;5;2;3;1;6;107;213, BOULEVARD SAINT GER;;;;750
201400052720;14;11;30;1930;5;2;3;2;2;107;39, QUAI D ORSAY;;;;750
201400052721;14;12;1;2035;5;2;5;2;3;107;QUAI D ORSAY;;;;750
201400052722;14;12;2;640;5;2;2;2;6;107;BOULEVARD DE LA TOUR MAU;;;;750
201400052723;14;12;5;930;1;2;7;8;3;107;PLACE VAUBAN;;;;750
201400052724;14;12;8;1620;2;2;7;2;7;107;1, PLACE DE L ECOLE MILI;;;;750
201400052725;14;12;8;1730;3;2;5;1;3;107;680, BOULEVARD SAINT GER;;;;750
201400052726;14;12;10;2200;5;2;7;8;3;107;PLACE JOFFRE;;;;750
201400052727;14;12;11;1030;1;2;2;1;3;107;258, BOULEVARD SAINT GER;;;;750
201400052728;14;12;12;2240;5;2;1;3;7;107;23, QUAI ANATOLE FRANCE;;;;750
201400052729;14;12;12;2235;3;2;5;3;7;107;BOULEVARD DES INVALIDES;;;;750
201400052730;14;12;13;855;5;2;2;2;3;107;8, AVENUE DE LA MOTTE PI;;;;750
201400052731;14;12;14;1500;1;2;1;1;3;107;45, AVENUE BOSQUET;;;;750
201400052732;14;12;15;845;2;2;4;2;3;107;31, RUE DE CONSTANTINE;;;;750
201400052733;14;12;15;948;1;2;2;1;6;107;256, BOULEVARD SAINT GER;;;;750
201400052734;14;12;15;1915;5;2;3;2;3;107;56, BOULEVARD DES INVALI;;;;750
201400052735;14;12;17;1740;3;2;3;2;2;107;91, AVENUE DE LA BOURDON;;;;750
201400052736;14;12;18;2230;5;2;1;1;4;107;31, QUAI ANATOLE FRANCE;;;;750
201400052737;14;12;22;715;5;2;4;1;6;107;AVENUE DUQUESNE;;;;750
201400052738;14;12;22;1950;5;2;3;1;3;107;31, RUE DE CONSTANTINE;;;;750
201400052739;14;1;2;1030;1;2;2;8;7;108;10, RUE ROYALE;;;;750
201400052740;14;1;2;1410;1;2;7;1;3;108;0, ROND POINT CHAMPS ELY;;;;750
201400052741;14;1;2;1600;1;2;1;1;3;108;90, BOULEVARD MALESHERBE;;;;750
201400052742;14;1;3;1115;1;2;1;1;6;108;11, RUE LA BOETIE;;;;750
201400052743;14;1;5;719;5;2;7;1;6;108;AVENUE DES CHAMPS ELYSEE;;;;750
201400052744;14;1;5;2140;5;2;7;2;3;108;COURS LA REINE;;;;750
201400052745;14;1;5;2255;5;2;7;2;3;108;VIII-6932, AVENUE DE WAG;;;;750
201400052746;14;1;6;1000;1;2;5;1;7;108;COURS LA REINE;;;;750
201400052747;14;1;8;900;1;2;1;1;7;108;29, RUE TRONCHET;;;;750
201400052748;14;1;9;1525;1;2;2;8;7;108;93, BOULEVARD MALESHERBE;;;;750
201400052749;14;1;11;2340;5;2;2;1;6;108;48, RUE DE ROME;;;;750
201400052750;14;1;14;930;1;2;1;1;2;108;12, AVENUE MARCEAU;;;;750
201400052751;14;1;15;1320;1;2;1;2;6;108;15, AVENUE DE FRIEDLAND;;;;750
201400052752;14;1;15;1740;5;2;1;2;7;108;1, PLACE GEORGES GUILLAU;;;;750
201400052753;14;1;16;1850;5;2;1;2;3;108;PLACE SAINT AUGUSTIN;;;;750
201400052754;14;1;17;1115;1;2;2;1;7;108;55, AVENUE DES CHAMPS EL;;;;750
201400052755;14;1;17;1945;5;2;2;1;6;108;COURS LA REINE;;;;750
201400052756;14;1;19;1940;5;2;7;1;3;108;6, PLACE DE LA CONCORDE;;;;750
201400052757;14;1;20;1430;1;2;1;8;2;108;51, RUE FRANCOIS 1ER;;;;750
201400052758;14;1;20;1350;1;2;2;2;6;108;46, AVENUE DES CHAMPS EL;;;;750
201400052759;14;1;21;1;3;2;1;1;2;108;38, RUE DE COURCELLES;;;;750
201400052760;14;1;21;1420;1;2;2;1;3;108;RUE DU HAVRE;;;;750
201400052761;14;1;22;900;1;2;4;1;2;108;35, AVENUE DE FRIEDLAND;;;;750
201400052762;14;1;22;2110;5;2;5;2;3;108;BOULEVARD DES BATIGNOLLE;;;;750
201400052763;14;1;22;2215;5;2;7;2;3;108;2, PLACE DES TERNES;;;;750
201400052764;14;1;23;1550;1;2;2;2;2;108;43, AVENUE DE FRIEDLAND;;;;750
201400052765;14;1;25;615;5;2;1;2;3;108;12, RUE ROYALE;;;;750
201400052766;14;1;25;1750;5;2;7;1;2;108;AVENUE DES CHAMPS ELYSEE;;;;750
201400052767;14;1;27;1150;1;2;7;2;3;108;02, RUE ROYALE;;;;750
201400052768;14;1;28;1015;1;2;2;1;6;108;35, AVENUE DES CHAMPS EL;;;;750
201400052769;14;1;28;1535;1;2;7;1;3;108;PLACE CHARLES DE GAULLE;;;;750
201400052770;14;1;28;1800;5;2;1;2;7;108;AVENUE DES CHAMPS ELYSEE;;;;750
201400052771;14;1;28;2210;5;2;1;2;6;108;5, RUE JOSEPH SANSBOEUF;;;;750
201400052772;14;1;29;1720;2;2;7;8;3;108;94, RUE DU FAUBOURG SAIN;;;;750
201400052773;14;1;30;847;1;2;2;1;3;108;5, RUE DE BASSANO;;;;750
201400052774;14;2;1;300;5;2;7;3;6;108;AVENUE MONTAIGNE;;;;750
201400052775;14;2;1;340;5;2;7;2;3;108;4, AVENUE DE WAGRAM;;;;750
201400052776;14;2;4;2010;5;2;2;1;6;108;170, BOULEVARD HAUSSMANN;;;;750
201400052777;14;2;5;745;2;2;2;1;7;108;15, BOULEVARD MALESHERBE;;;;750
201400052778;14;2;5;1015;1;2;2;1;3;108;7, AVENUE MATIGNON;;;;750
201400052779;14;2;5;1120;1;2;7;1;3;108;4, PLACE DE LA CONCORDE;;;;750
201400052780;14;2;6;1115;1;2;7;2;6;108;PLACE DE LA CONCORDE;;;;750
201400052781;14;2;6;1315;1;2;1;2;4;108;07, AVENUE DE FRIEDLAND;;;;750
201400052782;14;2;7;1845;5;2;7;1;3;108;PLACE DE LA CONCORDE;;;;750
201400052783;14;2;8;1710;1;2;1;8;2;108;52, RUE DE ROME;;;;750
201400052784;14;2;8;1720;2;2;2;2;2;108;35, AVENUE DES CHAMPS EL;;;;750
201400052785;14;2;10;1345;1;2;7;1;6;108;PLACE DE L ALMA;;;;750
201400052786;14;2;11;1530;1;2;2;2;2;108;91, BOULEVARD MALESHERBE;;;;750
201400052787;14;2;11;1930;2;2;7;1;6;108;AVENUE DES CHAMPS ELYSEE;;;;750
201400052788;14;4;17;1900;1;2;1;1;6;108;3, RUE LA BOETIE;;;;750
201400052789;14;2;12;720;1;2;2;1;1;108;BOULEVARD DE COURCELLES;;;;750
201400052790;14;2;12;1915;5;2;1;1;7;108;VOIE GEORGES POMPIDOU;;;;750
201400052791;14;2;12;2000;5;2;2;2;6;108;67, RUE PIERRE CHARRON;;;;750
201400052792;14;2;13;510;5;2;7;2;6;108;10, AVENUE DES CHAMPS EL;;;;750
201400052793;14;2;15;1950;5;2;1;1;3;108;AVENUE DES CHAMPS ELYSEE;;;;750
201400052794;14;2;16;1045;1;2;1;1;2;108;152, AVENUE DES CHAMPS E;;;;750
201400052795;14;2;16;1320;1;2;3;1;3;108;07, AVENUE DES CHAMPS EL;;;;750
201400052796;14;2;16;1500;1;2;2;1;3;108;39, RUE DE BASSANO;;;;750
201400052797;14;2;19;1030;1;2;1;2;6;108;15, RUE DE ROME;;;;750
201400052798;14;2;20;945;1;2;1;2;6;108;15, RUE D AMSTERDAM;;;;750
201400052799;14;2;21;1100;1;2;5;1;3;108;COURS LA REINE;;;;750
201400052800;14;2;22;2320;5;2;4;1;6;108;6, AVENUE DE FRIEDLAND;;;;750
201400052801;14;2;23;310;5;2;7;1;6;108;AVENUE DES CHAMPS ELYSEE;;;;750
201400052802;14;2;25;1400;1;2;1;1;6;108;38, AVENUE HOCHE;;;;750
201400052803;14;2;26;1245;1;2;2;1;2;108;43, BOULEVARD MALESHERBE;;;;750
201400052804;14;2;25;2130;5;2;3;1;6;108;58, RUE DE COURCELLES;;;;750
201400052805;14;2;27;1005;1;2;1;2;7;108;184, BOULEVARD HAUSSMANN;;;;750
201400052806;14;2;27;1645;1;2;2;1;6;108;71/73, AVENUE DES CHAMPS;;;;750
201400052807;14;2;27;1930;5;2;1;2;4;108;27, RUE DE ROME;;;;750
201400052808;14;2;27;2320;5;2;4;1;3;108;14, AVENUE GEORGE V;;;;750
201400052809;14;2;28;1430;1;2;1;1;6;108;37, AVENUE HOCHE;;;;750
201400052810;14;2;28;1630;1;2;3;1;2;108;79, RUE LA BOETIE;;;;750
201400052811;14;3;1;915;1;2;3;1;3;116;9, RUE ALFRED BRUNEAU;;;;750
201400052812;14;3;5;935;1;2;5;1;3;108;COURS LA REINE;;;;750
201400052813;14;3;5;1650;1;2;7;1;3;108;PLACE SAINT AUGUSTIN;;;;750
201400052814;14;3;5;2110;5;2;7;1;3;108;64, AVENUE HOCHE;;;;750
201400052815;14;3;6;1655;1;2;3;1;3;108;15, BOULEVARD DES BATIGN;;;;750
201400052816;14;3;6;1830;1;2;4;1;2;108;12, AVENUE GEORGE V;;;;750
201400052817;14;3;7;1130;1;2;1;1;3;108;54, RUE LA BOETIE;;;;750
201400052818;14;3;7;1500;1;2;1;1;6;108;23, RUE ROYALE;;;;750
201400052819;14;3;7;1405;1;2;3;1;3;108;32, RUE DE COURCELLES;;;;750
201400052820;14;3;10;1130;1;2;3;1;3;108;86, BOULEVARD MALESHERBE;;;;750
201400052821;14;3;10;1335;1;2;2;1;6;108;6, RUE DE CONSTANTINOPLE;;;;750
201400052822;14;3;13;1530;1;2;1;1;2;108;3, AVENUE MYRON HERRICK;;;;750
201400052823;14;3;14;1515;1;2;5;1;3;108;39, AVENUE GEORGE V;;;;750
201400052824;14;3;15;1740;1;2;2;1;2;116;35, BOULEVARD SUCHET;;;;750
201400052825;14;3;16;1420;1;2;7;1;3;108;PLACE DE LA CONCORDE;;;;750
201400052826;14;3;17;1450;1;2;3;1;3;108;01, AVENUE DE FRIEDLAND1;;;;750
201400052827;14;3;18;1830;2;2;1;1;2;108;PONT DES INVALIDES;;;;750
201400052828;14;3;20;840;1;2;7;1;3;108;PLACE DE LA CONCORDE;;;;750
201400052829;14;3;20;1120;1;2;3;1;6;108;41, BOULEVARD DES BATIGN;;;;750
201400052830;14;3;21;1405;1;2;5;1;3;108;63, BOULEVARD DE COURCEL;;;;750
201400052831;14;3;22;334;5;2;2;1;4;108;COURS LA REINE;;;;750
201400052832;14;3;23;230;5;2;1;1;6;108;109, AVENUE DES CHAMPS E;;;;750
201400052833;14;3;24;2010;5;2;5;1;2;108;ROND POINT CHAMPS ELYSEE;;;;750
201400052834;14;3;24;1400;1;2;1;1;6;108;34, AVENUE MARCEAU;;;;750
201400052835;14;3;29;1130;1;2;7;1;2;108;4, PLACE DE LA CONCORDE;;;;750
201400052836;14;3;29;1525;1;2;2;1;3;108;COURS LA REINE;;;;750
201400052837;14;3;29;2020;5;2;2;1;2;108;AVENUE WINSTON CHURCHILL;;;;750
201400052838;14;3;30;1700;1;2;7;1;6;108;PLACE DE LA MADELEINE;;;;750
201400052839;14;4;2;1640;1;2;1;1;6;108;123, RUE SAINT LAZARE;;;;750
201400052840;14;4;4;1710;1;2;7;8;6;108;PLACE DE L ALMA;;;;750
201400052841;14;4;5;245;5;2;5;1;3;108;AVENUE DES CHAMPS ELYSEE;;;;750
201400052842;14;4;5;1740;1;2;3;1;6;108;32, RUE DE LISBONNE;;;;750
201400052843;14;4;5;2355;5;2;1;1;2;108;AVENUE DES CHAMPS ELYSEE;;;;750
201400052844;14;4;7;1135;1;2;1;1;3;108;COURS ALBERT 1ER;;;;750
201400052845;14;4;8;135;5;2;7;1;3;108;4, PLACE DE LA CONCORDE;;;;750
201400052846;14;4;9;900;1;2;3;1;6;108;01, RUE DE L ISLY;;;;750
201400052847;14;4;9;1430;1;2;2;1;3;108;83, RUE DE MONCEAU;;;;750
201400052848;14;4;10;1730;1;2;1;1;3;117;14, BOULEVARD DE COURCEL;;;;750
201400052849;14;4;10;1945;1;2;1;1;4;108;26, AVENUE DE WAGRAM;;;;750
201400052850;14;4;11;800;1;2;2;1;1;108;32, AVENUE DE FRIEDLAND;;;;750
201400052851;14;4;11;840;1;2;7;1;3;108;PLACE CHARLES DE GAULLE;;;;750
201400052852;14;4;12;600;5;2;5;1;5;108;ROND POINT CHAMPS ELYSEE;;;;750
201400052853;14;4;13;1045;1;2;1;1;7;108;PLACE DE LA CONCORDE;;;;750
201400052854;14;4;13;1530;1;2;1;1;3;108;VOIE GEORGES POMPIDOU;;;;750
201400052855;14;4;15;1100;1;2;1;1;2;108;63, AVENUE HOCHE;;;;750
201400052856;14;4;15;1635;1;2;5;1;2;108;18, RUE CHAUVEAU LAGARDE;;;;750
201400052857;14;4;16;1140;1;2;7;1;3;108;PLACE DE LA CONCORDE;;;;750
201400052858;14;4;17;1620;1;2;2;1;2;108;COURS LA REINE;;;;750
201400052859;14;4;17;1910;1;2;7;1;3;108;PLACE DE LA CONCORDE;;;;750
201400052860;14;4;18;1000;1;2;1;1;3;108;PLACE DE LA CONCORDE;;;;750
201400052861;14;4;19;750;1;2;1;1;6;108;118, AVENUE DES CHAMPS E;;;;750
201400052862;14;4;21;1430;1;2;7;1;3;108;1, PLACE DE LA CONCORDE;;;;750
201400052863;14;4;22;1750;1;2;1;8;4;108;AVENUE DES CHAMPS ELYSEE;;;;750
201400052864;14;4;23;1400;1;2;2;1;7;108;44, AVENUE MONTAIGNE;;;;750
201400052865;14;4;23;1620;1;2;1;1;4;108;81, BOULEVARD HAUSSMANN;;;;750
201400052866;14;4;24;1400;1;2;2;1;3;108;119, BOULEVARD MALESHERB;;;;750
201400052867;14;4;24;1740;1;2;1;1;6;108;9, RUE DE BERRI;;;;750
201400052868;14;4;24;2350;5;2;1;1;2;108;ROND POINT CHAMPS ELYSEE;;;;750
201400052869;14;4;25;800;1;2;7;3;3;108;PLACE DE LA CONCORDE;;;;750
201400052870;14;4;25;1540;1;2;2;2;7;108;91, AVENUE DES CHAMPS EL;;;;750
201400052871;14;4;25;1820;1;2;2;8;2;108;136, AVENUE DES CHAMPS E;;;;750
201400052872;14;4;26;35;5;2;1;1;3;108;106, RUE LA BOETIE;;;;750
201400052873;14;4;26;230;5;2;1;1;2;108;50, AVENUE MONTAIGNE;;;;750
201400052874;14;4;27;25;5;2;2;1;6;108;99, AVENUE DES CHAMPS EL;;;;750
201400052875;14;4;28;1000;1;2;2;2;2;108;37, RUE DE L ARCADE;;;;750
201400052876;14;4;28;1415;1;2;2;8;3;108;22, RUE DE NAPLES;;;;750
201400052877;14;4;29;1940;2;2;2;2;7;108;18, RUE ROYALE;;;;750
201400052878;14;4;30;835;1;2;3;1;2;108;67, RUE DE MONCEAU;;;;750
201400052879;14;5;1;1200;1;2;7;2;7;108;PLACE DE LA CONCORDE;;;;750
201400052880;14;5;4;1730;1;2;1;1;3;108;27, BOULEVARD DE COURCEL;;;;750
201400052881;14;5;5;1800;1;2;7;1;2;108;PLACE DE LA CONCORDE;;;;750
201400052882;14;5;7;920;1;2;7;1;4;108;AVENUE DES CHAMPS ELYSEE;;;;750
201400052883;14;5;9;745;1;2;2;2;2;108;91, AVENUE DES CHAMPS EL;;;;750
201400052884;14;5;12;1700;1;2;7;2;7;108;40, AVENUE GEORGE V;;;;750
201400052885;14;5;12;1730;1;2;1;1;3;108;89, RUE DU FAUBOURG SAIN;;;;750
201400052886;14;5;12;1813;1;2;1;1;6;108;7, AVENUE DE MESSINE;;;;750
201400052887;14;5;13;1530;1;2;1;2;2;108;49, RUE DE LONDRES;;;;750
201400052888;14;5;14;1630;1;2;1;1;2;108;AVENUE DES CHAMPS ELYSEE;;;;750
201400052889;14;5;14;1920;1;2;3;1;6;108;41, RUE DE LABORDE;;;;750
201400052890;14;5;15;1515;1;2;1;1;6;108;AVENUE DE MARIGNY;;;;750
201400052891;14;5;19;1345;1;2;5;1;6;108;42, RUE VIGNON;;;;750
201400052892;14;5;20;55;5;2;2;1;3;108;16, RUE DE LISBONNE;;;;750
201400052893;14;5;20;2345;5;2;3;1;6;108;AVENUE DE FRIEDLAND;;;;750
201400052894;14;5;21;1145;1;2;7;3;6;108;RUE DE VIENNE;;;;750
201400052895;14;5;22;1130;1;2;1;2;3;108;08, RUE DE TEHERAN;;;;750
201400052896;14;5;22;1800;1;2;7;1;3;108;AVENUE DES CHAMPS ELYSEE;;;;750
201400052897;14;5;23;740;1;2;2;1;6;108;45, BOULEVARD DES BATIGN;;;;750
201400052898;14;5;23;1400;1;2;2;1;3;108;41, AVENUE DE FRIEDLAND;;;;750
201400052899;14;5;24;1500;1;2;2;1;3;108;2, RUE DE VEZELAY;;;;750
201400052900;14;5;24;1605;1;2;1;2;3;108;27, BOULEVARD DE COURCEL;;;;750
201400052901;14;5;25;1745;1;2;2;1;3;108;11, BOULEVARD MALESHERBE;;;;750
201400052902;14;5;27;205;5;2;3;1;2;117;22, AVENUE DE WAGRAM;;;;750
201400052903;14;5;29;120;5;2;7;1;3;108;PLACE DE LA CONCORDE;;;;750
201400052904;14;5;30;1515;1;2;5;1;3;108;5, RUE DU HAVRE;;;;750
201400052905;14;5;30;1850;1;2;7;1;3;108;AVENUE DES CHAMPS ELYSEE;;;;750
201400052906;14;5;30;1750;1;2;1;1;6;108;99, RUE D AMSTERDAM;;;;750
201400052907;14;6;2;900;1;2;1;1;3;108;82, BOULEVARD HAUSSMANN;;;;750
201400052908;14;6;2;1130;1;2;5;1;6;108;BOULEVARD HAUSSMANN;;;;750
201400052909;14;6;2;1745;1;2;2;1;3;108;46, AVENUE GEORGE V;;;;750
201400052910;14;6;3;1715;1;2;7;1;3;108;14, RUE DE SAINT PETERSB;;;;750
201400052911;14;6;3;1314;1;2;1;1;2;108;RUE DE MIROMESNIL;;;;750
201400052912;14;6;5;1400;1;2;7;1;6;108;AVENUE DES CHAMPS ELYSEE;;;;750
201400052913;14;6;5;1445;1;2;3;1;3;108;41 bis, BOULEVARD DES BA;;;;750
201400052914;14;6;5;1525;1;2;7;1;6;108;10, PLACE DE LA CONCORDE;;;;750
201400052915;14;6;5;2120;1;2;2;1;3;108;99, AVENUE DES CHAMPS EL;;;;750
201400052916;14;6;6;245;5;2;7;1;7;108;PLACE DE L ALMA;;;;750
201400052917;14;6;10;920;1;2;1;1;7;108;109, AVENUE DES CHAMPS E;;;;750
201400052918;14;6;10;1820;1;2;1;8;6;108;40, AVENUE DE FRIEDLAND;;;;750
201400052919;14;6;11;1405;1;2;3;1;6;108;18, RUE TRONCHET;;;;750
201400052920;14;6;11;1550;2;2;3;1;3;108;8, BOULEVARD MALESHERBES;;;;750
201400052921;14;6;12;950;1;2;2;1;2;108;BOULEVARD MALESHERBES;;;;750
201400052922;14;6;12;1730;1;2;2;1;6;108;72, GALERIE ELYSEES LA B;;;;750
201400052923;14;6;12;1815;1;2;7;1;3;108;4, PLACE DE LA CONCORDE;;;;750
201400052924;14;6;13;1210;1;2;2;1;7;108;69, BOULEVARD HAUSSMANN;;;;750
201400052925;14;6;13;1505;1;2;3;1;3;108;RUE DE LA VILLE L EVEQUE;;;;750
201400052926;14;6;13;1720;1;2;5;1;4;108;BOULEVARD DES BATIGNOLLE;;;;750
201400052927;14;6;14;1530;1;2;7;1;1;108;14, RUE DE SAINT PETERSB;;;;750
201400052928;14;6;17;1620;1;2;1;1;2;108;45, BOULEVARD DES BATIGN;;;;750
201400052929;14;6;18;1715;1;2;2;1;6;108;79, AVENUE DES CHAMPS EL;;;;750
201400052930;14;6;19;1610;1;2;3;1;6;108;14, BOULEVARD DE LA MADE;;;;750
201400052931;14;6;19;2010;1;2;2;1;6;108;55, AVENUE DES CHAMPS EL;;;;750
201400052932;14;6;20;5;5;2;2;1;3;108;45, BOULEVARD DES BATIGN;;;;750
201400052933;14;6;20;1600;1;2;7;1;6;108;PLACE DE LA CONCORDE;;;;750
201400052934;14;6;22;520;2;2;7;1;6;108;4, PLACE DE LA CONCORDE;;;;750
201400052935;14;6;22;1900;1;2;3;1;7;108;AVENUE PERCIER;;;;750
201400052936;14;6;22;1905;1;2;3;1;7;108;12, AVENUE PERCIER;;;;750
201400052937;14;6;23;1350;1;2;3;1;2;108;121, BOULEVARD HAUSSMANN;;;;750
201400052938;14;6;22;2115;1;2;1;1;6;108;38, RUE DU FAUBOURG SAIN;;;;750
201400052939;14;6;23;1620;1;2;5;1;2;108;2, PLACE SAINT AUGUSTIN;;;;750
201400052940;14;6;26;1815;1;2;7;1;3;108;PLACE DE LA CONCORDE;;;;750
201400052941;14;6;28;700;1;2;2;1;6;108;65 bis, RUE DE MIROMESNI;;;;750
201400052942;14;6;28;1530;1;2;1;3;7;109;70, RUE D AMSTERDAM;;;;750
201400052943;14;6;28;2205;5;2;7;2;3;108;ROND POINT CHAMPS ELYSEE;;;;750
201400052944;14;6;29;2330;5;2;2;1;2;108;159, BOULEVARD HAUSSMANN;;;;750
201400052945;14;6;30;2320;5;2;2;1;6;108;AVENUE HOCHE;;;;750
201400052946;14;7;2;730;1;2;5;1;3;108;COURS LA REINE;;;;750