num_acc;an;mois;jour;hrmn;lum;agg;int;atm;col;com;adr;gps;lat;long;dep
201400052947;14;7;3;1750;1;2;1;1;2;108;AVENUE DES CHAMPS ELYSEE;;;;750
201400052948;14;7;4;1520;1;2;7;1;3;108;1, PLACE DE LA CONCORDE;;;;750
201400052949;14;7;4;1515;1;2;2;1;2;108;93, AVENUE DES CHAMPS EL;;;;750
201400052950;14;7;4;2030;1;2;7;1;2;108;1, PLACE DE LA CONCORDE;;;;750
201400052951;14;7;5;1440;1;2;1;1;6;108;AVENUE DE MARIGNY;;;;750
201400052952;14;7;6;1405;1;2;2;3;6;108;RUE BALZAC;;;;750
201400052953;14;7;7;2050;1;2;7;2;7;108;15, AVENUE DE FRIEDLAND;;;;750
201400052954;14;7;8;1900;1;2;1;2;3;108;PLACE DE LA CONCORDE;;;;750
201400052955;14;7;9;1750;1;2;2;2;3;108;51, AVENUE GEORGE V;;;;750
201400052956;14;7;10;55;5;2;3;3;2;108;9, RUE DE ROME;;;;750
201400052957;14;7;10;1020;1;2;5;2;7;108;135, AVENUE DES CHAMPS E;;;;750
201400052958;14;7;9;2125;2;2;2;3;1;108;55, AVENUE DES CHAMPS EL;;;;750
201400052959;14;7;10;2235;5;2;4;2;3;108;111, BOULEVARD HAUSSMANN;;;;750
201400052960;14;7;16;800;1;2;7;1;3;108;PLACE CLEMENCEAU;;;;750
201400052961;14;7;16;1515;1;2;1;1;7;108;156, AVENUE DES CHAMPS E;;;;750
201400052962;14;7;17;120;5;2;7;1;3;108;AVENUE DES CHAMPS ELYSEE;;;;750
201400052963;14;7;19;1040;1;2;7;1;3;108;ROND POINT CHAMPS ELYSEE;;;;750
201400052964;14;7;19;1940;1;2;3;8;3;117;74, AVENUE DE CLICHY;;;;750
201400052965;14;7;22;1350;1;2;2;1;3;108;01, AVENUE MYRON HERRICK;;;;750
201400052966;14;7;22;1530;1;2;7;8;3;108;1, BOULEVARD MALESHERBES;;;;750
201400052967;14;7;24;640;1;2;7;1;6;108;6, PLACE SAINT AUGUSTIN;;;;750
201400052968;14;7;25;1510;1;2;1;1;3;108;11BIS, RUE DU CIRQUE;;;;750
201400052969;14;7;27;815;1;2;2;1;3;117;AVENUE DE LA PORTE DES T;;;;750
201400052970;14;7;30;1310;1;2;7;1;3;108;PLACE DE LA CONCORDE;;;;750
201400052971;14;7;31;445;3;2;5;1;6;108;38, AVENUE GEORGE V;;;;750
201400052972;14;7;31;1350;1;2;2;1;6;108;45, AVENUE HOCHE;;;;750
201400052973;14;7;31;1650;1;2;1;1;6;108;AVENUE GEORGE V;;;;750
201400052974;14;7;31;1830;1;2;7;1;6;108;RUE SAINT LAZARE;;;;750
201400052975;14;8;2;1520;1;2;1;1;6;108;AVENUE WINSTON CHURCHILL;;;;750
201400052976;14;8;2;1800;1;2;2;3;3;108;RUE DE LISBONNE;;;;750
201400052977;14;8;6;1410;1;2;4;2;3;108;14, AVENUE GEORGE V;;;;750
201400052978;14;8;6;1400;1;2;7;2;3;108;PLACE DE LA CONCORDE;;;;750
201400052979;14;8;7;1430;1;2;1;2;7;108;119, AVENUE DES CHAMPS E;;;;750
201400052980;14;8;13;1800;1;2;3;2;2;108;96 bis, BOULEVARD HAUSSM;;;;750
201400052981;14;8;13;2015;1;2;5;8;2;108;RUE DU FAUBOURG SAINT HO;;;;750
201400052982;14;8;15;2040;2;2;7;2;3;108;PLACE DE LA CONCORDE;;;;750
201400052983;14;8;17;1900;1;2;2;1;3;108;RUE TRONCHET;;;;750
201400052984;14;8;20;1530;1;2;1;1;6;108;25, RUE MARBEUF;;;;750
201400052985;14;8;21;920;1;2;1;1;3;108;13, RUE D AMSTERDAM;;;;750
201400052986;14;8;22;1010;1;2;3;1;6;108;7, BOULEVARD MALESHERBES;;;;750
201400052987;14;8;22;1430;1;2;7;1;3;108;1, PLACE DE LA CONCORDE;;;;750
201400052988;14;8;22;1800;1;2;2;1;3;108;RUE DE TEHERAN;;;;750
201400052989;14;8;24;10;5;2;2;1;6;108;49, RUE FRANCOIS 1ER;;;;750
201400052990;14;8;25;1405;1;2;1;2;7;108;COURS ALBERT 1ER;;;;750
201400052991;14;8;26;1230;1;2;1;2;3;117;6, AVENUE CARNOT;;;;750
201400052992;14;8;27;1250;1;2;3;8;6;108;30, RUE DU FAUBOURG SAIN;;;;750
201400052993;14;8;28;1620;1;2;2;1;3;108;RUE DE MIROMESNIL;;;;750
201400052994;14;8;28;1730;1;2;1;1;6;108;156, AVENUE DES CHAMPS E;;;;750
201400052995;14;8;30;1815;1;2;7;1;6;108;PLACE DE LA CONCORDE;;;;750
201400052996;14;9;1;1530;1;2;2;1;6;108;3, RUE DE LA TREMOILLE;;;;750
201400052997;14;9;3;1130;1;2;2;1;6;108;8, BOULEVARD MALESHERBES;;;;750
201400052998;14;9;6;1220;1;2;4;1;2;117;AVENUE DE LA PORTE DE CL;;;;750
201400052999;14;9;8;1640;1;2;7;1;6;108;PLACE DE LA CONCORDE;;;;750
201400053000;14;9;8;1800;2;2;5;1;7;108;COURS LA REINE;;;;750
201400053001;14;9;9;810;1;2;1;1;6;108;1, AVENUE BEAUCOUR;;;;750
201400053002;14;9;11;1005;1;2;7;1;3;108;PLACE DE LA CONCORDE;;;;750
201400053003;14;9;11;1610;1;2;1;1;2;108;AVENUE DES CHAMPS ELYSEE;;;;750
201400053004;14;9;11;2040;5;2;1;1;2;116;AVENUE FOCH;;;;750
201400053005;14;9;13;1415;1;2;2;1;6;108;19, RUE VERNET;;;;750
201400053006;14;9;13;1700;1;2;7;1;6;108;5, PLACE DE DUBLIN;;;;750
201400053007;14;9;15;2045;3;2;1;1;6;108;15, RUE DE ROME;;;;750
201400053008;14;9;16;730;1;2;7;1;3;108;1, ROND POINT CHAMPS ELY;;;;750
201400053009;14;9;16;1040;1;2;7;1;2;108;ROND POINT CHAMPS ELYSEE;;;;750
201400053010;14;9;16;2015;1;2;1;1;6;108;25, RUE DE PONTHIEU;;;;750
201400053011;14;9;17;830;1;2;7;1;3;108;PLACE DE LA CONCORDE;;;;750
201400053012;14;9;17;1120;1;2;1;1;4;108;156, AVENUE DES CHAMPS E;;;;750
201400053013;14;9;19;1040;1;2;1;1;6;108;22, AVENUE DE WAGRAM;;;;750
201400053014;14;9;20;1915;2;2;4;2;7;108;VOIE GEORGES POMPIDOU;;;;750
201400053015;14;9;22;2050;5;2;2;1;6;108;PONT DES INVALIDES;;;;750
201400053016;14;9;23;800;1;2;1;1;4;108;AVENUE DES CHAMPS ELYSEE;;;;750
201400053017;14;9;24;1145;1;2;5;1;3;108;39, AVENUE GEORGE V;;;;750
201400053018;14;9;25;1615;1;2;1;1;7;108;5, RUE ROYALE;;;;750
201400053019;14;9;27;315;5;2;1;1;6;108;1, SOUTERRAIN ALMA;;;;750
201400053020;14;9;27;920;1;2;7;1;6;108;PLACE DE L ALMA;;;;750
201400053021;14;9;27;1430;1;2;2;1;3;108;34, RUE PASQUIER;;;;750
201400053022;14;9;28;254;5;2;7;1;3;108;2, ROND POINT CHAMPS ELY;;;;750
201400053023;14;9;29;745;2;2;1;1;7;108;23, RUE DE SAINT PETERSB;;;;750
201400053024;14;9;29;940;1;2;1;2;6;108;44, AVENUE GEORGE V;;;;750
201400053025;14;9;30;1030;1;2;2;1;3;108;PLACE CLEMENCEAU;;;;750
201400053026;14;9;30;1240;1;2;1;1;3;108;07, AVENUE DE FRIEDLAND;;;;750
201400053027;14;9;30;1300;1;2;1;1;2;108;35, RUE DU FAUBOURG SAIN;;;;750
201400053028;14;10;1;1505;1;2;1;1;6;108;25, AVENUE DES CHAMPS EL;;;;750
201400053029;14;10;1;1845;1;2;1;7;2;108;6, PLACE DE LA CONCORDE;;;;750
201400053030;14;10;2;1310;1;2;7;1;3;108;8, PLACE DE LA CONCORDE;;;;750
201400053031;14;10;3;1220;1;2;3;1;7;108;51, RUE FRANCOIS 1ER;;;;750
201400053032;14;10;3;2118;5;2;7;1;7;108;4, PLACE DE LA CONCORDE;;;;750
201400053033;14;10;5;1405;1;2;2;1;3;108;17, RUE CLEMENT MAROT;;;;750
201400053034;14;10;6;140;5;2;2;1;2;108;126, AVENUE DES CHAMPS E;;;;750
201400053035;14;10;6;1615;1;2;7;2;2;108;AVENUE DES CHAMPS ELYSEE;;;;750
201400053036;14;10;6;1915;5;2;2;3;6;108;46, AVENUE GEORGE V;;;;750
201400053037;14;10;6;1630;1;2;5;2;7;108;16, AVENUE HOCHE;;;;750
201400053038;14;10;7;1000;1;2;2;1;2;108;26, AVENUE DES CHAMPS EL;;;;750
201400053039;14;10;6;2130;5;2;4;2;3;108;06, AVENUE DE FRIEDLAND;;;;750
201400053040;14;10;7;1900;5;2;1;1;2;108;7, RUE DU FAUBOURG SAINT;;;;750
201400053041;14;10;8;1430;1;2;1;1;3;108;18, RUE DE MARIGNAN;;;;750
201400053042;14;10;9;1420;1;2;7;1;6;108;3, PLACE DE LA MADELEINE;;;;750
201400053043;14;10;12;200;5;2;7;1;7;108;PLACE DE LA CONCORDE;;;;750
201400053044;14;10;13;800;1;2;4;1;3;108;25, AVENUE DE FRIEDLAND;;;;750
201400053045;14;10;13;831;1;2;3;1;6;108;AVENUE GABRIEL;;;;750
201400053046;14;10;14;1355;1;2;2;1;6;108;2, COURS LA REINE;;;;750
201400053047;14;10;15;1100;1;2;5;1;2;108;1, ROND POINT CHAMPS ELY;;;;750
201400053048;14;10;15;1245;1;2;7;2;3;108;1, PLACE DE LA CONCORDE;;;;750
201400053049;14;10;15;1430;1;2;3;1;1;108;233 bis, RUE DU FAUBOURG;;;;750
201400053050;14;10;15;1630;1;2;3;2;3;108;1, AVENUE CESAR CAIRE;;;;750
201400053051;14;10;15;2340;5;2;1;2;2;108;AVENUE DES CHAMPS ELYSEE;;;;750
201400053052;14;10;16;1115;1;2;2;1;2;108;48, BOULEVARD MALESHERBE;;;;750
201400053053;14;10;17;1935;2;2;1;1;2;108;50, RUE DE MIROMESNIL;;;;750
201400053054;14;10;18;105;5;2;5;1;6;108;61, RUE DE ROME;;;;750
201400053055;14;10;18;2230;5;2;4;1;3;108;11, AVENUE GEORGE V;;;;750
201400053056;14;10;19;1945;5;2;7;1;3;108;4, PLACE DE LA CONCORDE;;;;750
201400053057;14;10;20;1745;1;2;2;1;3;108;20, RUE DU BOCCADOR;;;;750
201400053058;14;10;21;1430;1;2;1;2;4;108;AVENUE WINSTON CHURCHILL;;;;750
201400053059;14;10;21;1745;1;2;7;2;6;108;COURS ALBERT 1ER;;;;750
201400053060;14;10;21;2000;5;2;2;2;3;108;49, AVENUE GEORGE V;;;;750
201400053061;14;10;21;2045;5;2;2;2;2;108;91, AVENUE DES CHAMPS EL;;;;750
201400053062;14;10;22;2350;5;2;7;1;6;108;02, PLACE DE LA CONCORDE;;;;750
201400053063;14;10;24;1115;1;2;3;1;3;108;01, AVENUE DE MARIGNY;;;;750
201400053064;14;10;24;1330;1;2;1;1;4;108;69, RUE DE COURCELLES;;;;750
201400053065;14;10;29;1505;1;2;1;1;3;108;52, RUE DE LA BIENFAISAN;;;;750
201400053066;14;10;30;1020;1;2;7;1;3;108;PLACE DE LA CONCORDE;;;;750
201400053067;14;10;30;1730;2;2;3;1;6;108;12, RUE DE ROME;;;;750
201400053068;14;10;31;950;1;2;1;1;7;108;20, AVENUE DE WAGRAM;;;;750
201400053069;14;10;31;1230;1;2;3;1;6;108;27, RUE ROYALE;;;;750
201400053070;14;10;31;2215;5;2;1;1;2;108;24, AVENUE DES CHAMPS EL;;;;750
201400053071;14;11;1;2310;5;2;7;1;4;108;135, AVENUE DES CHAMPS E;;;;750
201400053072;14;11;3;1245;1;2;1;1;3;108;39bis, RUE DU COLISEE;;;;750
201400053073;14;11;5;1845;5;2;3;1;3;108;34, RUE FRANCOIS 1ER;;;;750
201400053074;14;11;7;1230;1;2;7;1;7;108;53, BOULEVARD DE COURCEL;;;;750
201400053075;14;11;7;1540;1;2;1;1;7;108;16, AVENUE GABRIEL;;;;750
201400053076;14;11;8;2100;5;2;3;1;7;108;PLACE DE L ALMA;;;;750
201400053077;14;11;10;1615;1;2;1;1;6;108;2, AVENUE WINSTON CHURCH;;;;750
201400053078;14;11;10;1940;5;2;7;1;3;108;AVENUE GENERAL EISENHOWE;;;;750
201400053079;14;11;12;1515;1;2;3;1;6;108;19, AVENUE DE FRIEDLAND;;;;750
201400053080;14;11;13;1115;1;2;1;1;3;108;21, BOULEVARD DE COURCEL;;;;750
201400053081;14;11;14;850;1;2;1;1;3;108;17BIS, RUE D AMSTERDAM;;;;750
201400053082;14;11;14;1130;1;2;1;2;1;108;8, AVENUE MARCEAU;;;;750
201400053083;14;11;15;255;5;2;2;2;6;108;AVENUE DES CHAMPS ELYSEE;;;;750
201400053084;14;11;16;630;5;2;7;1;3;108;1, PLACE SAINT AUGUSTIN;;;;750
201400053085;14;11;15;2115;5;2;1;1;6;108;45, RUE DE SAINT PETERSB;;;;750
201400053086;14;11;17;1030;1;2;2;1;3;108;46, AVENUE MARCEAU;;;;750
201400053087;14;11;17;1748;5;2;1;3;6;108;RUE DE COURCELLES;;;;750
201400053088;14;11;19;10;5;2;2;1;3;108;RUE DE BERRI;;;;750
201400053089;14;11;20;930;1;2;2;1;3;108;51, AVENUE GEORGE V;;;;750
201400053090;14;11;23;555;5;2;3;1;3;108;4, AVENUE DE FRIEDLAND;;;;750
201400053091;14;11;23;1635;1;2;3;1;3;108;AVENUE DES CHAMPS ELYSEE;;;;750
201400053092;14;11;24;1830;2;2;3;1;2;108;AVENUE DE MESSINE;;;;750
201400053093;14;11;24;1850;5;2;4;1;6;108;33, RUE DE SAINT PETERSB;;;;750
201400053094;14;11;25;1200;1;2;1;1;2;108;26, AVENUE DES CHAMPS EL;;;;750
201400053095;14;11;25;1200;1;2;7;1;6;108;PLACE DE LA CONCORDE;;;;750
201400053096;14;11;25;1520;1;2;3;8;1;108;27, AVENUE DE FRIEDLAND;;;;750
201400053097;14;11;26;1030;1;2;2;1;3;107;PONT ALEXANDRE III;;;;750
201400053098;14;11;27;605;5;2;1;1;3;108;AVENUE DES CHAMPS ELYSEE;;;;750
201400053099;14;11;29;2115;5;2;7;1;1;108;11, PLACE SAINT AUGUSTIN;;;;750
201400053100;14;12;1;1840;5;2;2;1;3;108;RUE DE LA TREMOILLE;;;;750
201400053101;14;12;2;10;5;2;3;2;6;108;124, RUE LA BOETIE;;;;750
201400053102;14;12;2;945;1;2;2;9;7;116;1, AVENUE D IENA;;;;750
201400053103;14;12;2;1110;1;2;1;1;6;108;152, AVENUE DES CHAMPS E;;;;750
201400053104;14;12;3;1145;1;2;7;1;6;108;3, PLACE DE LA MADELEINE;;;;750
201400053105;14;12;3;1915;5;2;2;1;3;108;44, RUE DE ROME;;;;750
201400053106;14;12;3;2240;5;2;1;1;2;108;AVENUE DES CHAMPS ELYSEE;;;;750
201400053107;14;12;3;2100;5;2;1;8;6;108;AVENUE DES CHAMPS ELYSEE;;;;750
201400053108;14;12;4;1420;1;2;7;1;3;108;7, PLACE DE L ALMA;;;;750
201400053109;14;12;4;1820;5;2;5;2;6;108;254, RUE DU FAUBOURG SAI;;;;750
201400053110;14;12;5;1730;5;2;1;1;5;108;PONT DE L ALMA;;;;750
201400053111;14;12;5;1735;5;2;3;1;7;108;29, AVENUE MONTAIGNE;;;;750
201400053112;14;12;6;1900;5;2;7;1;3;108;20, PLACE DE LA MADELEIN;;;;750
201400053113;14;12;8;240;5;2;7;1;7;108;AVENUE DES CHAMPS ELYSEE;;;;750
201400053114;14;12;8;1310;1;2;2;2;7;108;32, AVENUE DE FRIEDLAND;;;;750
201400053115;14;12;8;1600;1;2;1;2;3;108;COURS LA REINE;;;;750
201400053116;14;12;8;2015;5;2;7;1;3;108;4, PLACE DE LA CONCORDE;;;;750
201400053117;14;12;9;1550;1;2;7;1;6;108;116, BOULEVARD HAUSSMANN;;;;750
201400053118;14;12;10;1045;1;2;3;2;2;108;38, AVENUE DE FRIEDLAND;;;;750
201400053119;14;12;10;1210;1;2;1;1;6;108;63, AVENUE DES CHAMPS EL;;;;750
201400053120;14;12;10;1130;1;2;7;8;7;108;PLACE DE LA CONCORDE;;;;750
201400053121;14;12;10;1355;1;2;3;2;6;108;4, RUE LARRIBE;;;;750
201400053122;14;12;11;1330;1;2;1;2;6;108;3, RUE D EDIMBOURG;;;;750
201400053123;14;12;12;800;1;2;1;2;3;108;51, RUE DE COURCELLES;;;;750
201400053124;14;12;12;1315;1;2;3;2;4;108;62, RUE DE ROME;;;;750
201400053125;14;12;12;1345;1;2;3;8;2;108;86, BOULEVARD MALESHERBE;;;;750
201400053126;14;12;13;1;5;2;7;3;3;108;5, PLACE DE L ALMA;;;;750
201400053127;14;12;16;40;5;2;2;1;3;108;COURS LA REINE;;;;750
201400053128;14;12;16;1500;1;2;7;1;2;108;PLACE SAINT AUGUSTIN;;;;750
201400053129;14;12;16;1715;5;2;2;1;3;108;51, AVENUE GEORGE V;;;;750
201400053130;14;12;17;845;1;2;3;3;5;108;PLACE DE LA CONCORDE;;;;750
201400053131;14;12;17;1400;1;2;7;2;2;108;27, PLACE DE LA MADELEIN;;;;750
201400053132;14;12;17;1830;5;2;7;2;3;108;PLACE DE LA CONCORDE;;;;750
201400053133;14;12;19;1055;1;2;7;2;2;108;PLACE CHARLES DE GAULLE;;;;750
201400053134;14;12;20;1200;1;2;7;1;6;108;2, COUR DE ROME;;;;750
201400053135;14;12;20;1810;5;2;1;2;6;108;20, AVENUE HOCHE;;;;750
201400053136;14;12;20;2005;5;2;1;2;2;108;12, AVENUE MARCEAU;;;;750
201400053137;14;12;22;1740;5;2;1;8;6;108;PLACE DE LA CONCORDE;;;;750
201400053138;14;12;23;915;1;2;5;1;2;108;35, BOULEVARD DE COURCEL;;;;750
201400053139;14;12;23;2015;5;2;2;1;3;108;83, BOULEVARD MALESHERBE;;;;750
201400053140;14;12;25;1930;5;2;2;1;3;108;RUE DU FAUBOURG SAINT HO;;;;750
201400053141;14;12;26;1410;1;2;2;1;6;108;AVENUE DE MARIGNY;;;;750
201400053142;14;12;28;145;5;2;7;8;6;108;RUE D AMSTERDAM;;;;750
201400053143;14;12;29;10;5;2;7;1;3;108;PLACE CHARLES DE GAULLE;;;;750
201400053144;14;12;29;1425;1;2;1;1;6;108;AVENUE MONTAIGNE;;;;750
201400053145;14;12;31;1315;1;2;3;1;6;108;9-11, RUE DU HAVRE;;;;750
201400053146;14;3;6;1900;2;2;1;1;3;108;PLACE DE LA CONCORDE;;;;750
201400053147;14;1;3;2125;4;2;1;1;7;109;20, BOULEVARD MONTMARTRE;;;;750
201400053148;14;1;8;1530;1;2;7;1;3;109;02, RUE HALEVY;;;;750
201400053149;14;1;15;1430;1;2;2;2;3;109;57, RUE DE LA VICTOIRE;;;;750
201400053150;14;1;17;230;5;2;3;1;3;109;16, RUE DU FAUBOURG MONT;;;;750
201400053151;14;1;17;1400;1;2;1;1;3;109;7, RUE DU FAUBOURG POISS;;;;750
201400053152;14;1;22;1250;1;2;1;1;6;109;25, RUE BLEUE;;;;750
201400053153;14;1;23;1530;1;2;1;2;7;109;6, BOULEVARD MONTMARTRE;;;;750
201400053154;14;1;23;1510;1;2;1;1;6;109;64, RUE D AMSTERDAM;;;;750
201400053155;14;1;23;1855;5;2;2;2;3;109;22, RUE DE MOGADOR;;;;750
201400053156;14;1;24;910;2;2;1;1;6;109;24, BOULEVARD POISSONNIE;;;;750
201400053157;14;1;25;25;5;2;5;1;6;109;70, BOULEVARD HAUSSMANN;;;;750
201400053158;14;1;25;320;5;2;1;2;7;109;8, BOULEVARD POISSONNIER;;;;750
201400053159;14;1;25;705;5;2;5;2;7;109;06, RUE DE DOUAI;;;;750
201400053160;14;1;26;1105;1;2;2;1;2;103;339, RUE SAINT MARTIN;;;;750
201400053161;14;2;1;15;5;2;2;2;3;109;22, RUE DE MOGADOR;;;;750
201400053162;14;2;1;2345;5;2;3;1;6;109;51 bis, RUE CONDORCET;;;;750
201400053163;14;2;5;1525;1;2;2;1;6;109;41, RUE DE CLICHY;;;;750
201400053164;14;2;6;825;1;2;1;1;6;109;106, RUE D AMSTERDAM;;;;750
201400053165;14;2;6;1310;1;2;2;3;6;109;2, RUE LAMARTINE;;;;750
201400053166;14;2;8;2000;5;2;2;1;6;109;06, RUE DROUOT;;;;750
201400053167;14;2;11;1930;5;2;1;2;2;109;35, RUE DE MAUBEUGE;;;;750
201400053168;14;2;12;925;1;2;5;1;3;109;5, RUE HALEVY;;;;750
201400053169;14;2;14;1050;1;2;5;2;6;109;4, RUE DE PROVENCE;;;;750
201400053170;14;2;16;1600;1;2;3;1;3;109;22, BOULEVARD POISSONNIE;;;;750
201400053171;14;2;17;1240;1;2;7;1;6;109;2 bis, PLACE D ESTIENNE;;;;750
201400053172;14;2;19;1135;1;2;3;2;7;102;8, RUE DU SENTIER;;;;750
201400053173;14;2;19;1424;1;2;3;1;6;109;41, BOULEVARD HAUSSMANN;;;;750
201400053174;14;2;20;925;1;2;3;2;6;109;15 BIS, RUE DE CLICHY;;;;750
201400053175;14;2;20;2215;5;2;2;2;3;109;85, RUE DE DUNKERQUE;;;;750
201400053176;14;2;25;2150;5;2;2;1;2;109;50, RUE LA FAYETTE;;;;750
201400053177;14;2;27;1230;1;2;1;2;6;109;89, RUE DE ROCHECHOUART;;;;750
201400053178;14;2;28;650;5;2;7;2;3;109;14, PLACE KOSSUTH;;;;750
201400053179;14;2;28;1245;1;2;7;1;6;109;12, BOULEVARD DES CAPUCI;;;;750
201400053180;14;2;28;2210;5;2;2;1;3;109;4bis, RUE DE CHATEAUDUN;;;;750
201400053181;14;3;6;1345;1;2;5;1;6;109;23, RUE AUBER;;;;750
201400053182;14;3;6;1430;1;2;3;1;2;109;29, BOULEVARD DE CLICHY;;;;750
201400053183;14;3;13;1250;1;2;7;1;3;109;PLACE DIAGHILEV;;;;750
201400053184;14;3;19;515;5;2;5;1;6;109;17, BOULEVARD DE ROCHECH;;;;750
201400053185;14;3;20;1710;1;2;7;1;6;109;32, RUE NOTRE DAME DE LO;;;;750
201400053186;14;3;21;900;1;2;1;2;3;109;53, RUE DE CHATEAUDUN;;;;750
201400053187;14;3;22;215;5;2;7;1;6;109;28, PLACE SAINT GEORGES;;;;750
201400053188;14;3;23;155;5;2;5;1;6;109;39, RUE VICTOR MASSE;;;;750
201400053189;14;3;28;1330;1;2;2;1;3;109;51, BOULEVARD HAUSSMANN;;;;750
201400053190;14;3;28;2010;5;2;1;1;2;109;RUE PIERRE FONTAINE;;;;750
201400053191;14;4;3;1520;1;2;1;1;3;109;2, RUE DE MOGADOR;;;;750
201400053192;14;4;4;920;1;2;1;1;6;109;155, BOULEVARD DE MAGENT;;;;750
201400053193;14;4;4;1325;1;2;1;1;6;109;66, BOULEVARD HAUSSMANN;;;;750
201400053194;14;4;6;1615;1;2;3;1;2;109;61, RUE SAINT LAZARE;;;;750
201400053195;14;4;8;1300;1;2;2;1;6;109;0, RUE DE MAUBEUGE;;;;750
201400053196;14;4;8;2102;5;2;1;1;6;109;107, RUE DE PROVENCE;;;;750
201400053197;14;4;11;905;1;2;2;1;3;109;49, RUE DE LA ROCHEFOUCA;;;;750
201400053198;14;4;15;935;1;2;1;1;2;109;102, RUE SAINT LAZARE;;;;750
201400053199;14;4;18;2210;5;2;2;1;3;109;87, RUE DE DUNKERQUE;;;;750
201400053200;14;4;20;250;5;2;3;1;6;109;RUE ROUGEMONT;;;;750
201400053201;14;4;21;1940;1;2;2;2;3;109;2, BOULEVARD MONTMARTRE;;;;750
201400053202;14;4;24;1920;1;2;2;1;3;109;19, RUE DE VINTIMILLE;;;;750
201400053203;14;4;27;220;5;2;1;1;6;109;20, BOULEVARD MONTMARTRE;;;;750
201400053204;14;4;28;1022;1;2;1;2;2;109;55, RUE DE CHATEAUDUN;;;;750
201400053205;14;4;28;1500;1;2;2;2;6;109;73, RUE BLANCHE;;;;750
201400053206;14;5;2;1245;1;2;2;1;3;109;42, RUE SAINT GEORGES;;;;750
201400053207;14;5;5;1300;1;2;2;1;7;109;01, RUE DE MOGADOR;;;;750
201400053208;14;5;7;1715;1;2;4;1;3;109;65bis, RUE DES MARTYRS;;;;750
201400053209;14;5;7;1820;1;2;1;1;3;109;9, BOULEVARD DE ROCHECHO;;;;750
201400053210;14;5;8;25;5;2;7;1;6;109;59, BOULEVARD DE CLICHY;;;;750
201400053211;14;5;11;1950;1;2;5;1;3;109;34, RUE TRONCHET;;;;750
201400053212;14;5;13;750;1;2;3;1;3;109;80, RUE SAINT LAZARE;;;;750
201400053213;14;5;13;840;1;2;5;1;3;109;21, RUE AUBER;;;;750
201400053214;14;5;14;123;5;2;1;1;6;109;18, RUE SAINT LAZARE;;;;750
201400053215;14;5;13;1330;1;2;1;1;6;109;32, BOULEVARD POISSONNIE;;;;750
201400053216;14;5;16;1420;1;2;1;1;6;109;35, RUE DE CAUMARTIN;;;;750
201400053217;14;5;23;343;5;2;2;1;2;109;66, BOULEVARD HAUSSMANN;;;;750
201400053218;14;5;24;1145;1;2;5;8;2;109;38, BOULEVARD HAUSSMANN;;;;750
201400053219;14;5;24;1400;1;2;5;2;2;109;39, BOULEVARD DE ROCHECH;;;;750
201400053220;14;5;25;210;4;2;5;1;6;109;26, RUE DE MONTHOLON;;;;750
201400053221;14;5;31;430;5;2;2;1;2;109;1, BOULEVARD DE ROCHECHO;;;;750
201400053222;14;6;5;1252;1;2;3;1;6;109;101, RUE SAINT LAZARE;;;;750
201400053223;14;6;12;1750;1;2;2;1;2;109;14, RUE DE CAUMARTIN;;;;750
201400053224;14;6;16;1600;1;2;5;1;6;109;15, RUE DE CHATEAUDUN;;;;750
201400053225;14;6;16;1820;1;2;3;1;6;109;26, RUE D AMSTERDAM;;;;750
201400053226;14;6;18;1235;1;2;3;1;7;109;2, RUE SAINT LAZARE;;;;750
201400053227;14;6;21;400;5;2;1;1;6;109;77, BOULEVARD DE CLICHY;;;;750
201400053228;14;6;21;1215;1;2;1;1;6;109;81, RUE LA FAYETTE;;;;750
201400053229;14;6;23;1900;1;2;1;1;6;109;59, RUE DE MAUBEUGE;;;;750
201400053230;14;6;25;1513;1;2;2;7;6;109;68, RUE LA FAYETTE;;;;750
201400053231;14;7;2;300;5;2;1;1;6;109;84, RUE DE CLICHY;;;;750
201400053232;14;7;2;1504;1;2;5;1;6;109;76, RUE DE ROCHECHOUART;;;;750
201400053233;14;7;8;1810;1;2;1;1;3;109;51, BOULEVARD DE CLICHY;;;;750
201400053234;14;7;8;2045;1;2;2;2;3;109;41, RUE DE CHATEAUDUN;;;;750
201400053235;14;7;9;1605;1;2;5;2;4;109;47, BOULEVARD DE ROCHECH;;;;750
201400053236;14;7;11;1630;1;2;2;8;7;109;51, BOULEVARD HAUSSMANN;;;;750
201400053237;14;7;14;1654;1;2;1;1;6;109;71, RUE DE PROVENCE;;;;750
201400053238;14;7;14;2030;1;2;5;1;6;109;49, RUE DU FAUBOURG MONT;;;;750
201400053239;14;7;29;1210;1;2;3;1;3;109;02, BOULEVARD HAUSSMANN;;;;750
201400053240;14;7;30;1900;1;2;5;1;7;109;03, RUE DE DOUAI;;;;750
201400053241;14;8;5;1745;1;2;3;1;2;109;1, RUE CLAUZEL;;;;750
201400053242;14;8;10;352;5;2;1;2;6;109;52, BOULEVARD HAUSSMANN;;;;750
201400053243;14;8;12;1405;1;2;2;1;6;109;43, RUE DE LA CHAUSSEE D;;;;750
201400053244;14;8;16;1500;1;2;2;1;3;109;2, BOULEVARD POISSONNIER;;;;750
201400053245;14;8;22;1820;1;2;5;8;7;109;2, RUE PIERRE FONTAINE;;;;750
201400053246;14;8;25;915;1;2;2;2;1;109;73, RUE SAINT LAZARE;;;;750
201400053247;14;8;26;1040;1;2;7;8;6;109;13, RUE DE CHATEAUDUN;;;;750
201400053248;14;8;30;1630;1;2;7;1;3;109;PLACE BLANCHE;;;;750
201400053249;14;9;7;2235;5;2;2;1;1;109;PLACE DE L OPERA;;;;750
201400053250;14;9;8;1350;1;2;2;1;6;109;48, RUE DE PROVENCE;;;;750
201400053251;14;9;12;543;5;2;3;1;6;109;2, RUE JULES LEFEBVRE;;;;750
201400053252;14;9;16;1350;1;2;1;1;6;109;44, RUE DE PROVENCE;;;;750
201400053253;14;9;20;1200;1;2;1;1;2;109;23, BOULEVARD DE CLICHY;;;;750
201400053254;14;9;21;1350;1;2;5;2;6;109;1, BOULEVARD HAUSSMANN;;;;750