num_acc;an;mois;jour;hrmn;lum;agg;int;atm;col;com;adr;gps;lat;long;dep
201400053255;14;9;23;1215;1;2;2;1;6;109;31, RUE DE CHATEAUDUN;;;;750
201400053256;14;9;23;2250;5;2;1;1;2;109;3, BOULEVARD DE CLICHY;;;;750
201400053257;14;9;29;1245;1;2;5;1;6;109;30, BOULEVARD DES CAPUCI;;;;750
201400053258;14;9;29;1730;1;2;7;8;6;109;06, RUE BLANCHE;;;;750
201400053259;14;9;29;1915;1;2;1;1;6;109;56 bis, RUE DE CHATEAUDU;;;;750
201400053260;14;9;30;1000;1;2;2;1;2;109;46, BOULEVARD HAUSSMANN;;;;750
201400053261;14;9;29;2100;5;2;5;2;3;109;13 bis, RUE DES MATHURIN;;;;750
201400053262;14;10;1;1145;1;2;3;1;3;109;51, RUE BLANCHE;;;;750
201400053263;14;10;1;1735;1;2;1;1;3;109;RUE DE PROVENCE;;;;750
201400053264;14;10;3;935;1;2;1;1;6;109;8, RUE AUBER;;;;750
201400053265;14;10;3;2015;5;2;2;1;3;109;02, BOULEVARD MONTMARTRE;;;;750
201400053266;14;10;7;1155;1;2;1;8;2;109;26, RUE SAINT GEORGES;;;;750
201400053267;14;10;7;1240;1;2;7;1;2;109;PLACE DE CLICHY;;;;750
201400053268;14;10;7;1600;1;2;2;8;6;109;20, RUE DE MOGADOR;;;;750
201400053269;14;10;8;2000;3;2;3;3;6;109;16, RUE D AUMALE;;;;750
201400053270;14;10;13;1535;1;2;3;1;3;109;78, RUE DE CLICHY;;;;750
201400053271;14;10;19;1145;1;2;7;1;6;109;3, PLACE PIGALLE;;;;750
201400053272;14;10;20;900;1;2;2;1;6;109;66, RUE LA FAYETTE;;;;750
201400053273;14;10;24;1437;1;2;3;1;3;109;26, BOULEVARD HAUSSMANN;;;;750
201400053274;14;10;26;113;5;2;2;1;6;109;28, BOULEVARD HAUSSMANN;;;;750
201400053275;14;10;23;520;5;2;2;1;3;109;43, RUE SAINT LAZARE;;;;750
201400053276;14;10;27;955;1;2;2;1;3;109;2, BOULEVARD MONTMARTRE;;;;750
201400053277;14;10;30;1000;1;2;3;1;7;109;50, BOULEVARD HAUSSMANN;;;;750
201400053278;14;10;30;2040;5;2;1;1;3;109;40, RUE DE LA TOUR D AUV;;;;750
201400053279;14;10;31;1505;1;2;2;1;3;109;62, RUE DE LA CHAUSSEE D;;;;750
201400053280;14;11;3;1530;1;2;1;2;3;109;85, RUE SAINT LAZARE;;;;750
201400053281;14;11;6;830;1;2;1;1;3;109;18, RUE DE LA CHAUSSEE D;;;;750
201400053282;14;11;6;1000;1;2;1;1;6;109;4-6, RUE D AMSTERDAM;;;;750
201400053283;14;11;11;645;5;2;5;1;7;103;60, RUE REAUMUR;;;;750
201400053284;14;11;13;1735;5;2;7;1;1;109;0, PLACE DE L OPERA;;;;750
201400053285;14;11;2;45;5;2;7;1;2;109;BOULEVARD DE CLICHY;;;;750
201400053286;14;11;15;2305;3;2;7;1;6;109;14, RUE BLANCHE;;;;750
201400053287;14;11;21;705;5;2;2;1;3;109;RUE LA BRUYERE;;;;750
201400053288;14;11;22;1155;1;2;2;1;3;109;3, BOULEVARD HAUSSMANN;;;;750
201400053289;14;11;23;1950;5;2;2;1;3;109;8, BOULEVARD HAUSSMANN;;;;750
201400053290;14;11;24;1520;1;2;7;1;6;109;RUE AUBER;;;;750
201400053291;14;11;25;1645;2;2;1;1;6;109;26, RUE DU FAUBOURG MONT;;;;750
201400053292;14;11;25;2315;5;2;3;2;6;109;92, RUE SAINT LAZARE;;;;750
201400053293;14;11;26;355;5;2;2;2;7;109;48, BOULEVARD HAUSSMANN;;;;750
201400053294;14;11;28;2140;5;2;2;1;2;109;37, AVENUE TRUDAINE;;;;750
201400053295;14;11;29;1445;1;2;3;1;6;109;RUE DES MARTYRS;;;;750
201400053296;14;12;2;1205;1;2;2;8;7;109;54, RUE LA FAYETTE;;;;750
201400053297;14;12;3;2010;5;2;3;1;6;109;75, BOULEVARD DE CLICHY;;;;750
201400053298;14;12;5;2145;5;2;3;1;2;109;84, RUE LA FAYETTE;;;;750
201400053299;14;12;7;2010;5;2;7;2;6;109;15, BOULEVARD DE CLICHY;;;;750
201400053300;14;12;16;1215;1;2;2;1;6;109;28, BOULEVARD HAUSSMANN;;;;750
201400053301;14;12;15;910;1;2;1;2;6;109;9, RUE PILLET WILL;;;;750
201400053302;14;12;18;2020;5;2;3;1;3;109;21, RUE AUBER;;;;750
201400053303;14;12;20;1630;1;2;5;1;2;109;38, BOULEVARD DES ITALIE;;;;750
201400053304;14;12;20;2030;5;2;5;2;6;109;01, RUE DE LA TRINITE;;;;750
201400053305;14;12;21;630;5;2;2;1;7;109;1, BOULEVARD DE CLICHY;;;;750
201400053306;14;12;22;1255;1;2;1;1;6;109;54, RUE DE CHATEAUDUN;;;;750
201400053307;14;12;24;2130;5;2;2;1;4;109;14, BOULEVARD HAUSSMANN;;;;750
201400053308;14;12;28;805;5;2;1;1;2;109;52, BOULEVARD HAUSSMANN;;;;750
201400053309;14;12;29;2330;5;2;7;1;6;109;PLACE DE L OPERA;;;;750
201400053310;14;1;5;1420;1;2;1;1;3;110;99, BOULEVARD DE MAGENTA;;;;750
201400053311;14;1;7;830;1;2;1;1;1;110;16, AVENUE CLAUDE VELLEF;;;;750
201400053312;14;1;7;2050;5;2;2;1;6;110;120, BOULEVARD DE MAGENT;;;;750
201400053313;14;1;9;1740;2;2;2;2;3;110;25, AVENUE CLAUDE VELLEF;;;;750
201400053314;14;1;11;2330;5;2;1;1;6;110;23, BOULEVARD DE LA VILL;;;;750
201400053315;14;1;14;340;5;2;2;3;2;110;1, BOULEVARD DE STRASBOU;;;;750
201400053316;14;1;15;1345;1;2;5;2;6;110;83, RUE DE MAUBEUGE;;;;750
201400053317;14;1;15;1900;5;2;2;2;2;110;62, BOULEVARD DE MAGENTA;;;;750
201400053318;14;1;15;2000;5;2;1;3;7;110;8, BOULEVARD DE MAGENTA;;;;750
201400053319;14;1;16;15;5;1;5;2;3;110;67, BOULEVARD DE MAGENTA;;;;750
201400053320;14;1;16;848;1;2;2;3;3;110;65, RUE DU FAUBOURG SAIN;;;;750
201400053321;14;1;17;1140;1;2;2;1;6;110;156, RUE LA FAYETTE;;;;750
201400053322;14;1;17;1210;1;2;2;2;6;110;147, AVENUE PARMENTIER;;;;750
201400053323;14;1;20;1315;1;2;5;2;6;110;33, BOULEVARD DE LA CHAP;;;;750
201400053324;14;1;23;1946;5;2;1;2;2;110;129, QUAI DE VALMY;;;;750
201400053325;14;1;26;153;5;2;5;1;6;110;138, RUE LA FAYETTE;;;;750
201400053326;14;1;26;2000;5;2;1;2;6;110;191, RUE LA FAYETTE;;;;750
201400053327;14;1;28;1500;1;2;2;1;2;110;153, RUE LA FAYETTE;;;;750
201400053328;14;1;31;1330;1;2;1;1;2;110;RUE DU FAUBOURG SAINT MA;;;;750
201400053329;14;2;1;45;5;2;1;2;6;110;119, BOULEVARD DE MAGENT;;;;750
201400053330;14;2;1;1715;1;2;2;1;6;110;16, RUE LOUIS BLANC;;;;750
201400053331;14;2;4;745;1;2;5;1;3;110;102, RUE DE MAUBEUGE;;;;750
201400053332;14;2;6;2220;5;2;2;6;3;110;BOULEVARD SAINT DENIS;;;;750
201400053333;14;2;8;1950;5;2;1;2;7;110;220, RUE DU FAUBOURG SAI;;;;750
201400053334;14;2;10;1815;2;2;5;1;6;110;69, BOULEVARD DE MAGENTA;;;;750
201400053335;14;2;13;1950;5;2;2;8;6;110;169, RUE DU FAUBOURG SAI;;;;750
201400053336;14;2;14;1055;1;2;1;1;2;110;24, RUE LOUIS BLANC;;;;750
201400053337;14;2;14;2045;5;2;4;1;6;110;4, RUE DU CHATEAU LANDON;;;;750
201400053338;14;2;14;2340;5;2;7;1;2;110;19, BOULEVARD DE MAGENTA;;;;750
201400053339;14;2;15;1550;1;2;1;1;3;110;53, BOULEVARD DE STRASBO;;;;750
201400053340;14;2;16;1015;1;2;5;7;6;110;147, BOULEVARD DE LA VIL;;;;750
201400053341;14;2;17;115;5;2;1;1;6;110;58, BOULEVARD DE MAGENTA;;;;750
201400053342;14;2;18;1530;1;2;7;1;6;110;2, PLACE JACQUES BONSERG;;;;750
201400053343;14;2;20;1010;1;2;3;2;6;110;272, RUE DU FAUBOURG SAI;;;;750
201400053344;14;2;22;1415;1;2;5;1;2;110;132, BOULEVARD DE MAGENT;;;;750
201400053345;14;2;26;900;1;2;2;8;3;110;177, QUAI DE VALMY;;;;750
201400053346;14;2;26;905;1;2;4;1;6;110;108, QUAI DE JEMMAPES;;;;750
201400053347;14;2;27;1615;5;2;1;8;3;110;54, RUE DU FAUBOURG POIS;;;;750
201400053348;14;3;3;1715;1;2;7;2;6;110;127, BOULEVARD DE MAGENT;;;;750
201400053349;14;3;4;2030;5;2;4;1;6;110;9, BOULEVARD DE LA VILLE;;;;750
201400053350;14;3;7;920;1;2;5;1;3;110;79, BOULEVARD DE STRASBO;;;;750
201400053351;14;3;7;1310;1;2;1;1;6;110;5, BOULEVARD DE MAGENTA;;;;750
201400053352;14;3;11;910;1;2;2;1;2;110;RUE LOUIS BLANC;;;;750
201400053353;14;3;12;1810;1;2;5;1;6;110;123, RUE DU FAUBOURG SAI;;;;750
201400053354;14;3;13;1915;5;2;1;1;6;110;119, BOULEVARD DE MAGENT;;;;750
201400053355;14;3;15;2120;4;2;1;1;3;110;1330, RUE DU FAUBOURG DU;;;;750
201400053356;14;3;17;1850;5;2;1;1;3;110;230, RUE LA FAYETTE;;;;750
201400053357;14;3;19;1230;1;2;1;1;6;110;22, RUE RENE BOULANGER;;;;750
201400053358;14;3;20;1920;5;2;5;1;6;110;03, BOULEVARD DE LA VILL;;;;750
201400053359;14;3;21;1045;1;2;1;2;2;110;32, RUE DE LA GRANGE AUX;;;;750
201400053360;14;3;24;1230;1;2;1;1;6;110;15, RUE DU FAUBOURG DU T;;;;750
201400053361;14;3;24;2055;5;2;2;1;3;110;14, RUE D HAUTEVILLE;;;;750
201400053362;14;3;25;1325;1;2;2;2;7;110;62, BOULEVARD DE MAGENTA;;;;750
201400053363;14;3;26;1130;1;2;1;1;2;110;15, RUE DES PETITS HOTEL;;;;750
201400053364;14;3;29;230;5;2;1;1;6;110;32, BOULEVARD DE MAGENTA;;;;750
201400053365;14;3;31;950;1;2;2;1;7;110;65, RUE DU FAUBOURG SAIN;;;;750
201400053366;14;4;3;825;1;2;2;1;6;110;BOULEVARD DE MAGENTA;;;;750
201400053367;14;4;6;430;5;2;3;1;6;110;81, BOULEVARD DE MAGENTA;;;;750
201400053368;14;4;6;800;1;2;1;1;6;110;13, BOULEVARD DE MAGENTA;;;;750
201400053369;14;4;6;2325;5;2;2;1;3;110;156, RUE LA FAYETTE;;;;750
201400053370;14;4;6;2130;5;2;1;1;6;110;60, QUAI DE JEMMAPES;;;;750
201400053371;14;4;8;900;1;2;1;1;6;110;16, BOULEVARD DE MAGENTA;;;;750
201400053372;14;4;8;2115;5;2;1;1;2;110;70, QUAI DE JEMMAPES;;;;750
201400053373;14;4;11;920;1;2;1;1;7;110;66, RUE DU CHATEAU D EAU;;;;750
201400053374;14;4;14;1530;1;2;4;1;1;110;34, BOULEVARD DE MAGENTA;;;;750
201400053375;14;4;14;1645;1;2;4;1;6;110;77, BOULEVARD DE MAGENTA;;;;750
201400053376;14;4;15;1000;2;2;1;1;2;110;2, BOULEVARD DE STRASBOU;;;;750
201400053377;14;4;22;830;1;2;6;1;3;110;188, RUE DU FAUBOURG SAI;;;;750
201400053378;14;4;22;1715;1;2;3;2;2;110;12, BOULEVARD DE BONNE N;;;;750
201400053379;14;4;22;2010;1;2;1;1;7;110;67, RUE DE LANCRY;;;;750
201400053380;14;4;29;1000;1;2;2;1;2;110;0, RUE LA FAYETTE;;;;750
201400053381;14;4;29;1645;1;2;1;2;6;110;RUE DE METZ;;;;750
201400053382;14;4;29;1830;1;2;3;2;6;110;14, RUE EUGENE VARLIN;;;;750
201400053383;14;4;30;2230;5;2;2;2;6;110;121, RUE DU FAUBOURG SAI;;;;750
201400053384;14;5;2;1410;1;2;5;2;1;110;12, RUE BEAUREPAIRE;;;;750
201400053385;14;5;2;1640;1;2;1;1;6;110;69, RUE DU FAUBOURG SAIN;;;;750
201400053386;14;5;7;1910;1;2;2;1;3;110;21, RUE LOUIS BLANC;;;;750
201400053387;14;5;8;1300;1;2;2;1;5;110;1, BOULEVARD DE STRASBOU;;;;750
201400053388;14;5;8;1750;1;2;7;2;6;110;2, BOULEVARD SAINT MARTI;;;;750
201400053389;14;5;9;1005;1;2;3;1;6;110;67, BOULEVARD DE STRASBO;;;;750
201400053390;14;5;11;1425;1;2;5;2;3;110;274, RUE DU FAUBOURG SAI;;;;750
201400053391;14;5;15;2245;5;2;2;1;3;110;1, BOULEVARD DE STRASBOU;;;;750
201400053392;14;5;16;1430;1;2;3;1;6;110;180, RUE DU FAUBOURG SAI;;;;750
201400053393;14;5;18;215;5;2;2;1;3;110;16, BOULEVARD SAINT DENI;;;;750
201400053394;14;5;20;930;1;2;5;1;6;110;54, BOULEVARD DE MAGENTA;;;;750
201400053395;14;5;20;1840;1;2;1;2;6;110;41, BOULEVARD DE LA VILL;;;;750
201400053396;14;5;21;740;1;2;2;2;3;110;RUE DU FAUBOURG POISSONN;;;;750
201400053397;14;5;21;1830;1;2;3;3;6;110;30, RUE DU BUISSON SAINT;;;;750
201400053398;14;5;26;1735;1;2;2;2;6;110;51, BOULEVARD DE STRASBO;;;;750
201400053399;14;5;27;1310;1;2;2;1;1;110;223, RUE LA FAYETTE;;;;750
201400053400;14;5;28;2230;5;2;3;2;6;110;200, RUE DU FAUBOURG SAI;;;;750
201400053401;14;5;28;2244;5;2;5;1;1;110;1, AVENUE CLAUDE VELLEFA;;;;750
201400053402;14;5;29;1130;1;2;1;1;6;110;169, BOULEVARD DE LA VIL;;;;750
201400053403;14;5;29;1740;1;2;3;1;6;110;21, RUE DE LA GRANGE AUX;;;;750
201400053404;14;5;31;1700;1;2;5;1;6;110;06, RUE SIBOUR;;;;750
201400053405;14;6;4;1750;1;2;3;1;3;110;7, RUE DU HUIT MAI 1945;;;;750
201400053406;14;6;6;1920;1;2;1;1;3;110;228, RUE DU FAUBOURG SAI;;;;750
201400053407;14;6;8;425;5;2;4;2;6;110;1, RUE DE L AQUEDUC;;;;750
201400053408;14;6;8;450;5;2;2;2;3;110;34, RUE D ENGHIEN;;;;750
201400053409;14;6;9;1650;1;2;2;8;3;110;12, RUE PHILIPPE DE GIRA;;;;750
201400053410;14;6;10;1750;1;2;1;8;3;110;66, BOULEVARD DE STRASBO;;;;750
201400053411;14;6;12;1540;1;2;2;1;6;110;02, BOULEVARD DE BONNE N;;;;750
201400053412;14;6;13;1250;1;2;2;1;2;110;2, BOULEVARD DE DENAIN;;;;750
201400053413;14;6;13;2315;5;2;1;1;6;110;82, RUE DU FAUBOURG SAIN;;;;750
201400053414;14;6;14;10;5;2;1;1;6;110;20, BOULEVARD DE STRASBO;;;;750
201400053415;14;6;14;615;1;2;2;2;2;110;200, RUE LA FAYETTE;;;;750
201400053416;14;6;15;1700;1;2;1;1;2;110;207, RUE DU FAUBOURG SAI;;;;750
201400053417;14;6;15;1830;1;2;1;1;2;110;228, RUE DU FAUBOURG SAI;;;;750
201400053418;14;6;16;1735;1;2;1;1;6;111;72, RUE DU FAUBOURG DU T;;;;750
201400053419;14;6;17;930;1;2;1;1;3;110;19, AVENUE CLAUDE VELLEF;;;;750
201400053420;14;6;21;2335;5;2;2;1;3;110;1, BOULEVARD DE STRASBOU;;;;750
201400053421;14;6;24;1615;1;2;1;1;6;110;116, QUAI DE JEMMAPES;;;;750
201400053422;14;6;25;820;1;2;1;1;6;110;42, RUE DES PETITES ECUR;;;;750
201400053423;14;6;26;1550;1;2;1;7;1;110;21, RUE DE DUNKERQUE;;;;750
201400053424;14;6;27;30;5;2;3;1;2;110;20, RUE LOUIS BLANC;;;;750
201400053425;14;6;28;2230;5;2;1;2;6;110;131, BOULEVARD DE MAGENT;;;;750
201400053426;14;6;29;220;5;2;1;2;6;110;138, BOULEVARD DE MAGENT;;;;750
201400053427;14;6;29;530;2;2;1;2;1;110;173, RUE LA FAYETTE;;;;750
201400053428;14;7;4;1700;1;2;3;1;6;110;20, RUE DU FAUBOURG POIS;;;;750
201400053429;14;7;8;1345;1;2;2;1;2;110;116, RUE DU FAUBOURG SAI;;;;750
201400053430;14;7;9;2330;5;2;4;2;3;110;37, AVENUE CLAUDE VELLEF;;;;750
201400053431;14;7;12;915;1;2;2;8;3;110;62, BOULEVARD DE MAGENTA;;;;750
201400053432;14;7;12;930;1;2;3;1;3;110;13, BOULEVARD DE STRASBO;;;;750
201400053433;14;7;13;1130;1;2;7;2;6;110;1, AVENUE CLAUDE VELLEFA;;;;750
201400053434;14;7;15;1030;1;2;1;1;3;110;03, RUE PHILIPPE DE GIRA;;;;750
201400053435;14;7;16;1500;1;2;1;1;3;110;34, BOULEVARD DE BONNE N;;;;750
201400053436;14;7;16;1810;1;2;2;1;7;110;160, RUE DU FAUBOURG SAI;;;;750
201400053437;14;7;17;850;1;2;2;1;3;110;18, RUE DU FAUBOURG POIS;;;;750
201400053438;14;7;18;920;1;2;2;1;3;110;133, RUE DU FAUBOURG SAI;;;;750
201400053439;14;7;19;1755;1;2;2;1;3;110;42, RUE DU FAUBOURG POIS;;;;750
201400053440;14;7;21;700;1;2;1;8;6;110;8, RUE DE DUNKERQUE;;;;750
201400053441;14;7;22;1000;1;2;3;1;1;110;52, RUE LOUIS BLANC;;;;750
201400053442;14;7;22;1610;1;2;2;1;6;110;27, RUE DU FAUBOURG DU T;;;;750
201400053443;14;7;23;1710;1;2;1;1;6;110;16, RUE DU FAUBOURG SAIN;;;;750
201400053444;14;7;24;2230;5;2;5;1;3;110;89 TER, BOULEVARD DE LA;;;;750
201400053445;14;7;25;925;1;2;5;1;6;110;70, BOULEVARD DE MAGENTA;;;;750
201400053446;14;7;27;236;5;2;2;1;6;110;36, QUAI DE JEMMAPES;;;;750
201400053447;14;7;28;215;5;2;1;3;6;110;119, BOULEVARD DE MAGENT;;;;750
201400053448;14;7;28;2105;1;2;2;1;3;110;85, BOULEVARD DE MAGENTA;;;;750
201400053449;14;7;29;1015;1;2;2;1;3;110;211, RUE LA FAYETTE;;;;750
201400053450;14;7;30;2255;5;2;2;1;6;110;148, QUAI DE JEMMAPES;;;;750
201400053451;14;8;1;900;1;2;1;1;4;110;39, QUAI DE VALMY;;;;750
201400053452;14;8;2;1540;1;2;1;1;6;110;86, BOULEVARD DE MAGENTA;;;;750
201400053453;14;8;6;108;1;2;1;1;6;110;103, BOULEVARD DE MAGENT;;;;750
201400053454;14;8;8;2330;5;2;1;2;6;110;78, QUAI DE JEMMAPES;;;;750
201400053455;14;8;13;110;5;2;2;1;3;110;55, BOULEVARD DE STRASBO;;;;750
201400053456;14;8;15;1330;1;2;1;1;6;110;133, BOULEVARD DE MAGENT;;;;750
201400053457;14;8;19;1720;1;2;2;1;3;110;44, AVENUE CLAUDE VELLEF;;;;750
201400053458;14;8;19;1800;1;2;2;8;3;110;222, RUE DU FAUBOURG SAI;;;;750
201400053459;14;8;24;135;5;2;1;1;6;110;3, BOULEVARD DE LA CHAPE;;;;750
201400053460;14;8;26;845;1;2;2;8;3;110;0, RUE DU FAUBOURG SAINT;;;;750
201400053461;14;8;30;615;5;2;2;1;6;110;30, RUE DE DUNKERQUE;;;;750
201400053462;14;8;31;758;1;2;2;1;3;110;215, RUE LA FAYETTE;;;;750
201400053463;14;9;1;1335;1;2;1;1;2;110;96, RUE D HAUTEVILLE;;;;750
201400053464;14;9;1;1945;1;2;3;1;6;110;209, RUE DU FAUBOURG SAI;;;;750
201400053465;14;9;3;2040;5;2;2;1;6;110;129, RUE DU FAUBOURG SAI;;;;750
201400053466;14;9;6;625;2;2;1;1;6;110;64, BOULEVARD DE MAGENTA;;;;750
201400053467;14;9;6;2320;5;2;7;1;3;110;9, PLACE DE LA BATAILLE;;;;750
201400053468;14;9;11;1100;1;2;2;1;6;110;151, BOULEVARD DE LA VIL;;;;750
201400053469;14;9;11;1630;1;2;1;1;7;110;87, QUAI DE VALMY;;;;750
201400053470;14;9;12;1510;1;2;2;1;6;110;2, BOULEVARD DE STRASBOU;;;;750
201400053471;14;9;13;1430;1;2;3;1;4;110;43, RUE DU FAUBOURG SAIN;;;;750
201400053472;14;9;13;2040;2;2;1;1;2;110;QUAI DE VALMY;;;;750
201400053473;14;9;15;1510;1;2;1;1;6;110;52, RUE DE CHABROL;;;;750
201400053474;14;9;15;1710;1;2;1;1;6;110;145, BOULEVARD DE MAGENT;;;;750
201400053475;14;9;16;900;1;2;2;1;3;110;147, RUE DU FAUBOURG SAI;;;;750
201400053476;14;9;16;1200;1;2;1;1;6;110;157, BOULEVARD DE MAGENT;;;;750
201400053477;14;9;19;905;1;2;1;1;7;110;86, QUAI DE JEMMAPES;;;;750
201400053478;14;9;19;1210;1;2;3;1;3;110;22, RUE DU FAUBOURG POIS;;;;750
201400053479;14;9;20;1435;1;2;2;1;6;110;230 bis, RUE DU FAUBOURG;;;;750
201400053480;14;9;20;2210;5;2;2;1;6;110;48, RUE D HAUTEVILLE;;;;750
201400053481;14;9;22;925;1;2;2;1;3;110;0, RUE DU FAUBOURG SAINT;;;;750
201400053482;14;9;25;905;1;2;2;1;1;110;2, RUE EUGENE VARLIN;;;;750
201400053483;14;9;25;1715;1;2;2;1;6;110;36, BOULEVARD DE STRASBO;;;;750
201400053484;14;9;26;1;5;2;1;1;6;110;59, QUAI DE VALMY;;;;750
201400053485;14;9;26;1915;2;2;2;1;6;110;38, RUE LOUIS BLANC;;;;750
201400053486;14;10;4;125;5;2;1;1;6;110;53, BOULEVARD DE MAGENTA;;;;750
201400053487;14;10;6;1205;1;2;2;1;6;110;202, RUE LA FAYETTE;;;;750
201400053488;14;10;6;1850;5;2;1;3;6;110;162, RUE DU FAUBOURG SAI;;;;750
201400053489;14;10;6;2130;5;2;2;2;6;110;162, RUE LA FAYETTE;;;;750
201400053490;14;10;7;1900;2;2;3;1;6;110;281, BOULEVARD DE MAGENT;;;;750
201400053491;14;10;9;1055;1;2;2;1;1;110;206, RUE LA FAYETTE;;;;750
201400053492;14;10;9;1835;2;2;2;1;6;110;4, BOULEVARD SAINT DENIS;;;;750
201400053493;14;10;9;1900;5;2;1;2;2;110;66, AVENUE CLAUDE VELLEF;;;;750
201400053494;14;10;12;15;5;2;1;1;2;110;196, RUE LA FAYETTE;;;;750
201400053495;14;10;12;1545;1;2;3;2;2;110;225, RUE DU FAUBOURG SAI;;;;750
201400053496;14;10;14;550;5;2;2;1;3;110;229, RUE DU FAUBOURG SAI;;;;750
201400053497;14;10;14;855;1;2;4;1;2;110;243, RUE LA FAYETTE;;;;750
201400053498;14;10;15;753;2;2;1;1;6;110;126, BOULEVARD DE MAGENT;;;;750
201400053499;14;10;15;1100;1;2;5;2;6;110;138, RUE LA FAYETTE;;;;750
201400053500;14;10;15;2015;3;2;1;1;3;110;228, RUE LA FAYETTE;;;;750
201400053501;14;10;16;1910;5;2;1;2;5;110;114, BOULEVARD DE MAGENT;;;;750
201400053502;14;10;17;1000;1;2;2;1;3;110;179, QUAI DE VALMY;;;;750
201400053503;14;10;20;1800;2;2;1;2;7;110;71, BOULEVARD DE STRASBO;;;;750
201400053504;14;10;24;1205;1;2;2;1;3;110;39, RUE DE DUNKERQUE;;;;750
201400053505;14;10;24;2010;5;2;3;8;6;110;165, QUAI DE VALMY;;;;750
201400053506;14;10;26;2000;5;2;2;1;2;110;60, RUE LOUIS BLANC;;;;750
201400053507;14;10;29;1700;2;2;2;1;3;110;143, RUE LA FAYETTE;;;;750
201400053508;14;10;30;825;1;2;2;1;3;110;72, RUE DU FAUBOURG SAIN;;;;750
201400053509;14;10;30;1515;1;2;7;1;6;110;7, PLACE FRANZ LISZT;;;;750
201400053510;14;10;30;1610;1;2;1;1;6;110;35, QUAI DE VALMY;;;;750
201400053511;14;10;31;1600;1;2;2;1;6;110;97, RUE DE MAUBEUGE;;;;750
201400053512;14;11;1;1350;1;2;1;1;2;110;0, RUE LA FAYETTE;;;;750
201400053513;14;11;1;1745;5;2;1;1;6;110;205, RUE DU FAUBOURG SAI;;;;750
201400053514;14;11;1;1840;5;2;7;1;6;110;1, RUE DU HUIT MAI 1945;;;;750
201400053515;14;11;3;510;5;2;1;1;2;110;12, BOULEVARD DE BONNE N;;;;750
201400053516;14;11;3;1445;1;2;1;2;2;110;31, BOULEVARD DE MAGENTA;;;;750
201400053517;14;11;3;1945;5;2;1;2;3;110;4, BOULEVARD SAINT MARTI;;;;750
201400053518;14;11;5;1825;5;2;1;1;3;110;52, RUE DES PETITES ECUR;;;;750
201400053519;14;11;5;2030;5;2;1;1;6;110;8, BOULEVARD DE DENAIN;;;;750
201400053520;14;11;6;1230;1;2;4;1;3;110;168, RUE LA FAYETTE;;;;750
201400053521;14;11;6;1205;1;2;1;1;6;110;13, BOULEVARD DE MAGENTA;;;;750
201400053522;14;11;10;1540;1;2;1;1;6;110;142, BOULEVARD DE MAGENT;;;;750
201400053523;14;11;11;1630;1;2;1;1;6;110;147, RUE LA FAYETTE;;;;750
201400053524;14;11;12;1305;1;2;5;1;6;110;BOULEVARD DE LA CHAPELLE;;;;750
201400053525;14;11;14;2350;5;2;2;1;3;110;14, BOULEVARD SAINT DENI;;;;750
201400053526;14;11;16;2000;5;2;1;2;6;110;33, BOULEVARD DE LA CHAP;;;;750
201400053527;14;11;16;2300;5;2;3;8;6;110;19, RUE BICHAT;;;;750
201400053528;14;11;19;845;1;2;3;1;6;110;196, BOULEVARD SAINT MAR;;;;750
201400053529;14;11;19;1600;1;2;1;1;6;110;210, RUE SAINT MAUR;;;;750
201400053530;14;11;19;2350;5;2;2;1;2;110;92, BOULEVARD DE MAGENTA;;;;750
201400053531;14;11;20;850;1;2;3;1;2;110;1, BOULEVARD DE STRASBOU;;;;750
201400053532;14;11;20;2015;5;2;2;1;3;110;17, RUE CHAUDRON;;;;750
201400053533;14;11;24;1030;1;2;2;2;2;110;158, RUE LA FAYETTE;;;;750
201400053534;14;11;24;1915;5;2;1;1;6;110;68, RUE DU CHATEAU D EAU;;;;750
201400053535;14;11;26;1050;1;2;3;1;6;110;204, RUE SAINT MAUR;;;;750
201400053536;14;11;26;1710;5;2;5;2;7;110;86, RUE DE MAUBEUGE;;;;750
201400053537;14;11;28;1515;1;2;1;1;6;110;50, RUE DU CHATEAU D EAU;;;;750
201400053538;14;11;28;1805;5;2;1;1;7;110;33, QUAI DE VALMY;;;;750
201400053539;14;11;29;530;5;2;1;1;6;110;123, BOULEVARD DE MAGENT;;;;750
201400053540;14;11;30;1540;1;2;3;1;6;110;222, RUE DU FAUBOURG SAI;;;;750
201400053541;14;12;1;1000;1;2;1;1;2;110;155, BOULEVARD DE LA VIL;;;;750
201400053542;14;12;2;1720;2;2;5;2;6;110;132, RUE LA FAYETTE;;;;750
201400053543;14;12;3;1930;5;2;2;1;7;110;150, RUE DU FAUBOURG SAI;;;;750
201400053544;14;12;4;2030;5;2;1;1;2;110;166, BOULEVARD DE MAGENT;;;;750
201400053545;14;12;5;1330;1;2;3;1;3;110;88, RUE DU FAUBOURG SAIN;;;;750
201400053546;14;12;4;2140;5;2;2;1;6;110;147, RUE LA FAYETTE;;;;750
201400053547;14;12;7;930;1;2;2;1;3;110;156, RUE LA FAYETTE;;;;750
201400053548;14;12;7;1715;5;2;3;2;6;110;11, RUE DU HUIT MAI 1945;;;;750
201400053549;14;12;7;1905;1;2;4;1;6;110;154, BOULEVARD DE MAGENT;;;;750
201400053550;14;12;12;740;5;2;2;2;6;110;83, QUAI DE VALMY;;;;750
201400053551;14;12;13;105;5;2;5;3;6;110;99, BOULEVARD DE MAGENTA;;;;750
201400053552;14;12;13;233;5;2;4;2;6;110;72, BOULEVARD DE MAGENTA;;;;750
201400053553;14;12;15;1420;1;2;1;1;2;110;40, BOULEVARD DE BONNE N;;;;750
201400053554;14;12;16;30;5;2;1;1;2;110;52, AVENUE CLAUDE VELLEF;;;;750
201400053555;14;12;16;920;1;2;1;2;6;110;100, RUE DU FAUBOURG SAI;;;;750
201400053556;14;12;24;2245;5;2;2;1;6;110;162, RUE LA FAYETTE;;;;750
201400053557;14;12;27;1400;1;2;1;1;2;110;164, BOULEVARD DE MAGENT;;;;750