num_acc;an;mois;jour;hrmn;lum;agg;int;atm;col;com;adr;gps;lat;long;dep
201400053860;14;10;18;250;5;2;1;1;3;111;66, AVENUE DE LA REPUBLI;;;;750
201400053861;14;10;18;2340;5;2;7;1;6;111;296, BOULEVARD VOLTAIRE;;;;750
201400053862;14;10;21;1945;5;2;5;2;3;111;183, RUE DU FAUBOURG SAI;;;;750
201400053863;14;10;22;1450;1;2;2;1;6;111;130, AVENUE LEDRU ROLLIN;;;;750
201400053864;14;10;22;1615;1;2;1;1;3;111;96, AVENUE PARMENTIER;;;;750
201400053865;14;10;23;1100;1;2;3;1;6;111;01, CITE D ANGOULEME;;;;750
201400053866;14;10;24;1220;1;2;1;1;6;111;58 bis, BOULEVARD RICHAR;;;;750
201400053867;14;10;25;1500;1;2;3;1;6;111;137, RUE DU CHEMIN VERT;;;;750
201400053868;14;10;27;900;1;2;7;1;2;111;2, AVENUE PHILIPPE AUGUS;;;;750
201400053869;14;10;28;1400;1;2;1;1;2;111;198, BOULEVARD VOLTAIRE;;;;750
201400053870;14;10;28;1800;5;2;3;1;6;111;150, RUE OBERKAMPF;;;;750
201400053871;14;10;30;1200;1;2;4;1;3;111;16, BOULEVARD RICHARD LE;;;;750
201400053872;14;10;31;1005;1;2;1;1;2;111;95, BOULEVARD VOLTAIRE;;;;750
201400053873;14;10;31;1300;1;2;7;7;3;111;3, AVENUE DU TRONE;;;;750
201400053874;14;11;1;325;5;2;2;1;3;111;160, RUE DE CHARONNE;;;;750
201400053875;14;11;2;250;5;2;2;1;3;111;23, BOULEVARD VOLTAIRE;;;;750
201400053876;14;11;3;2045;5;2;2;2;3;111;165, RUE DE CHARONNE;;;;750
201400053877;14;11;3;2115;5;2;3;2;3;111;74-76, BOULEVARD VOLTAIR;;;;750
201400053878;14;11;4;1820;5;2;1;1;6;111;3, PLACE LEON BLUM;;;;750
201400053879;14;11;4;1736;1;2;7;1;3;112;280, RUE DU FAUBOURG SAI;;;;750
201400053880;14;11;5;2050;5;2;5;1;6;111;129, AVENUE PHILIPPE AUG;;;;750
201400053881;14;11;6;730;1;2;2;1;3;111;110, RUE DU CHEMIN VERT;;;;750
201400053882;14;11;8;1715;2;2;2;1;1;111;131, BOULEVARD RICHARD L;;;;750
201400053883;14;11;11;150;5;2;3;1;6;111;21, RUE DU CHEMIN VERT;;;;750
201400053884;14;11;11;1610;1;2;3;8;7;111;22, RUE DE LA FOLIE MERI;;;;750
201400053885;14;11;11;2045;5;2;5;1;3;111;48, BOULEVARD VOLTAIRE;;;;750
201400053886;14;11;16;1705;5;2;4;3;5;111;112, AVENUE DE LA REPUBL;;;;750
201400053887;14;11;18;210;5;2;7;1;6;111;AVENUE DE TAILLEBOURG;;;;750
201400053888;14;11;18;1600;1;2;7;2;3;111;17, PLACE DE LA NATION;;;;750
201400053889;14;11;18;1745;5;2;3;2;6;111;103, AVENUE DE LA REPUBL;;;;750
201400053890;14;11;20;1810;5;2;7;2;6;111;3, PLACE LEON BLUM;;;;750
201400053891;14;11;21;2225;5;2;1;1;3;111;38, BOULEVARD RICHARD LE;;;;750
201400053892;14;11;24;1830;5;2;1;1;2;111;95, BOULEVARD RICHARD LE;;;;750
201400053893;14;11;24;1910;5;2;1;1;2;111;143, BOULEVARD VOLTAIRE;;;;750
201400053894;14;11;25;1520;1;2;1;1;7;111;127, BOULEVARD DE MENILM;;;;750
201400053895;14;11;25;1935;5;2;1;1;2;111;26, RUE DU CHEMIN VERT;;;;750
201400053896;14;11;26;842;1;2;2;1;3;111;10, RUE RAMPON;;;;750
201400053897;14;11;26;939;1;2;1;1;2;111;9, AVENUE PARMENTIER;;;;750
201400053898;14;11;26;2125;5;2;3;2;2;111;3, AVENUE DE LA REPUBLIQ;;;;750
201400053899;14;11;27;1755;5;2;1;1;7;111;107, BOULEVARD VOLTAIRE;;;;750
201400053900;14;11;28;1450;1;2;3;1;3;111;165, RUE DU FAUBOURG SAI;;;;750
201400053901;14;11;29;5;5;2;1;1;6;111;138, BOULEVARD VOLTAIRE;;;;750
201400053902;14;11;30;625;5;2;1;1;7;111;177, RUE DE CHARONNE;;;;750
201400053903;14;12;1;2030;5;2;3;2;3;111;102, BOULEVARD BEAUMARCH;;;;750
201400053904;14;12;2;1830;5;2;1;2;3;111;20, BOULEVARD RICHARD LE;;;;750
201400053905;14;12;3;1140;1;2;1;1;5;111;101, BOULEVARD VOLTAIRE;;;;750
201400053906;14;12;4;1005;1;2;3;1;2;111;71, BOULEVARD VOLTAIRE;;;;750
201400053907;14;12;5;840;1;2;3;1;6;111;74, AVENUE PARMENTIER;;;;750
201400053908;14;12;5;840;1;2;1;8;5;111;79, AVENUE PHILIPPE AUGU;;;;750
201400053909;14;12;6;1110;1;2;2;1;6;111;135, BOULEVARD VOLTAIRE;;;;750
201400053910;14;12;7;1925;5;2;5;2;3;111;101, BOULEVARD RICHARD L;;;;750
201400053911;14;12;7;2325;5;2;7;2;3;111;14, PLACE DE LA BASTILLE;;;;750
201400053912;14;12;8;1705;5;2;1;2;3;111;103, AVENUE PHILIPPE AUG;;;;750
201400053913;14;12;9;1725;5;2;2;1;3;111;35, BOULEVARD VOLTAIRE;;;;750
201400053914;14;12;10;1110;1;2;2;2;7;111;150, AVENUE PARMENTIER;;;;750
201400053915;14;12;10;1315;1;2;1;2;6;111;250, BOULEVARD VOLTAIRE;;;;750
201400053916;14;12;10;1505;1;2;1;8;3;111;67, AVENUE DE LA REPUBLI;;;;750
201400053917;14;12;10;2255;5;2;2;8;3;111;23, BOULEVARD DE MENILMO;;;;750
201400053918;14;12;11;1810;5;2;1;1;3;111;8, BOULEVARD JULES FERRY;;;;750
201400053919;14;12;12;1245;1;2;1;2;6;111;20, BOULEVARD BEAUMARCHA;;;;750
201400053920;14;12;12;1710;5;2;1;1;6;111;15, BOULEVARD DE CHARONN;;;;750
201400053921;14;12;13;22;3;2;2;2;3;111;BOULEVARD VOLTAIRE;;;;750
201400053922;14;12;14;2150;3;2;2;1;3;111;158, RUE SAINT MAUR;;;;750
201400053923;14;12;15;1835;5;2;3;2;6;111;50, BOULEVARD BEAUMARCHA;;;;750
201400053924;14;12;16;720;5;2;3;2;3;111;131, AVENUE LEDRU ROLLIN;;;;750
201400053925;14;12;16;1400;1;2;3;1;3;111;14, RUE FROMENT;;;;750
201400053926;14;12;17;1045;1;2;2;2;2;111;35, BOULEVARD VOLTAIRE;;;;750
201400053927;14;12;17;2250;3;2;4;2;2;111;13, AVENUE DE LA REPUBLI;;;;750
201400053928;14;12;18;935;1;2;1;8;2;111;49, RUE AMELOT;;;;750
201400053929;14;12;18;1025;1;2;7;1;6;111;1, PLACE LEON BLUM;;;;750
201400053930;14;12;19;1700;3;2;5;3;6;111;111, BOULEVARD RICHARD L;;;;750
201400053931;14;12;20;1210;1;2;1;1;6;111;232, BOULEVARD VOLTAIRE;;;;750
201400053932;14;12;20;2040;5;2;2;2;6;111;133, RUE DE LA ROQUETTE;;;;750
201400053933;14;12;22;515;5;2;3;1;6;111;132, AVENUE PARMENTIER;;;;750
201400053934;14;12;23;1150;1;2;1;1;2;111;25, AVENUE PHILIPPE AUGU;;;;750
201400053935;14;12;23;1435;1;2;1;1;6;111;8, RUE SAINT AMBROISE;;;;750
201400053936;14;12;23;1920;5;2;7;1;6;111;10, PLACE LEON BLUM;;;;750
201400053937;14;12;24;1835;5;2;1;1;3;111;77, BOULEVARD DE BELLEVI;;;;750
201400053938;14;12;30;1635;1;2;7;1;3;111;4, PLACE LEON BLUM;;;;750
201400053939;14;12;30;2325;5;2;3;1;3;111;86, BOULEVARD BEAUMARCHA;;;;750
201400053940;14;12;31;2240;5;2;5;1;3;112;114, AVENUE DU GENERAL M;;;;750
201400053941;14;12;31;2350;5;2;3;1;6;112;RUE DE REUILLY;;;;750
201400053942;14;1;1;620;5;2;4;1;6;112;QUAI DE LA RAPEE;;;;750
201400053943;14;1;1;1810;5;2;1;2;4;112;102, AVENUE DE SAINT MAN;;;;750
201400053944;14;1;2;1725;5;2;7;1;3;112;ESPLANADE SAINT LOUIS;;;;750
201400053945;14;12;30;1300;1;2;3;1;3;112;AVENUE DES CANADIENS;;;;750
201400053946;14;1;4;1120;1;2;1;9;7;112;51, AVENUE DAUMESNIL;;;;750
201400053947;14;1;4;1515;1;2;3;8;3;112;AVENUE DE SAINT MAURICE;;;;750
201400053948;14;1;8;130;5;2;1;1;6;112;53, AVENUE DE SAINT MAUR;;;;750
201400053949;14;1;9;820;2;2;3;1;6;112;41, AVENUE DU DOCTEUR AR;;;;750
201400053950;14;1;9;1710;5;2;1;1;6;112;78, AVENUE DE SAINT MAND;;;;750
201400053951;14;1;10;900;1;2;1;1;3;112;AVENUE DAUMESNIL;;;;750
201400053952;14;1;13;1420;1;2;5;2;3;112;COURS DE VINCENNES;;;;750
201400053953;14;1;15;1830;5;2;7;2;3;112;0, BOULEVARD PONIATOWSKI;;;;750
201400053954;14;1;16;1630;1;2;1;2;6;112;16, RUE DU FAUBOURG SAIN;;;;750
201400053955;14;1;16;1820;5;2;3;2;6;112;315, RUE DE CHARENTON;;;;750
201400053956;14;1;17;150;5;2;2;1;6;112;246 bis, RUE DU FAUBOURG;;;;750
201400053957;14;1;17;1130;1;2;5;1;3;112;30 TER, AVENUE DAUMESNIL;;;;750
201400053958;14;1;20;1255;1;2;5;2;3;112;BOULEVARD DE BERCY;;;;750
201400053959;14;1;21;1225;1;2;1;2;2;112;VOIE GEORGES POMPIDOU;;;;750
201400053960;14;1;22;1000;1;2;1;1;6;112;39, RUE VAN GOGH;;;;750
201400053961;14;1;22;1130;1;2;4;1;6;112;43, RUE DE LYON;;;;750
201400053962;14;1;22;1730;5;2;1;2;3;112;ROUTE DE LA PYRAMIDE;;;;750
201400053963;14;1;23;1755;5;2;1;2;3;112;310, RUE DE CHARENTON;;;;750
201400053964;14;1;23;1950;5;2;1;1;7;112;86, AVENUE LEDRU ROLLIN;;;;750
201400053965;14;1;23;1400;1;2;2;2;3;112;0000, PLACE DE LA NATION;;;;750
201400053966;14;1;24;1910;5;2;1;1;2;112;189, RUE DE BERCY;;;;750
201400053967;14;1;27;902;1;2;3;1;2;112;XII-3439, ECHANGEUR PORT;;;;750
201400053968;14;1;27;950;1;2;1;1;2;112;13, AVENUE DE SAINT MAND;;;;750
201400053969;14;1;28;915;1;2;7;8;7;112;ROUTE DE LA PYRAMIDE;;;;750
201400053970;14;1;28;1450;1;2;5;1;7;112;BOULEVARD DE BERCY;;;;750
201400053971;14;1;28;2020;5;2;3;2;7;112;242, RUE DU FAUBOURG SAI;;;;750
201400053972;14;1;29;845;1;2;5;2;7;112;QUAI DE LA RAPEE;;;;750
201400053973;14;1;30;1940;3;2;3;1;6;112;71, BOULEVARD DIDEROT;;;;750
201400053974;14;2;1;930;1;2;1;2;6;112;AVENUE DE NOGENT;;;;750
201400053975;14;2;1;1150;1;2;5;1;3;112;BOULEVARD PONIATOWSKI;;;;750
201400053976;14;2;1;1230;1;2;1;1;3;112;1, AVENUE DU BEL AIR;;;;750
201400053977;14;2;1;2000;3;2;7;1;6;112;RUE PROUDHON;;;;750
201400053978;14;2;2;430;5;2;1;1;6;112;AVENUE DES MINIMES;;;;750
201400053979;14;2;2;1030;1;2;3;1;6;112;AVENUE DU POLYGONE;;;;750
201400053980;14;2;2;1110;1;2;5;1;6;112;61, RUE DE FECAMP;;;;750
201400053981;14;2;2;1310;1;2;1;1;3;112;AVENUE DE NOGENT;;;;750
201400053982;14;2;2;1500;1;2;1;1;6;112;124, AVENUE DE GRAVELLE;;;;750
201400053983;14;2;2;2245;5;2;5;1;2;112;QUAI DE BERCY;;;;750
201400053984;14;2;5;1405;1;2;1;2;3;112;19, AVENUE DE SAINT MAND;;;;750
201400053985;14;2;5;1740;5;2;2;2;3;112;13, AVENUE DAUMESNIL;;;;750
201400053986;14;2;5;1930;3;2;7;2;3;112;PLACE DE LA NATION;;;;750
201400053987;14;2;9;1940;5;2;2;1;3;112;RUE DE PICPUS;;;;750
201400053988;14;2;11;1610;1;2;7;2;6;112;03, PLACE FELIX EBOUE;;;;750
201400053989;14;2;11;1900;5;2;1;2;1;112;15, RUE TAINE;;;;750
201400053990;14;2;12;825;1;2;1;1;3;112;188, AVENUE DAUMESNIL;;;;750
201400053991;14;2;12;1320;1;2;2;1;6;112;45, AVENUE LEDRU ROLLIN;;;;750
201400053992;14;2;14;910;1;2;3;2;6;112;1, PLACE MAZAS;;;;750
201400053993;14;2;16;600;5;2;1;1;3;112;RUE DE LYON;;;;750
201400053994;14;2;17;1910;5;2;2;1;6;112;237, RUE DE CHARENTON;;;;750
201400053995;14;2;18;900;1;2;2;1;2;112;RUE CROZATIER;;;;750
201400053996;14;2;18;1900;5;2;4;1;3;112;QUAI DE BERCY;;;;750
201400053997;14;2;19;1715;1;2;1;8;2;112;22, RUE DU FAUBOURG SAIN;;;;750
201400053998;14;2;19;1845;5;2;1;1;6;112;AVENUE DU TREMBLAY;;;;750
201400053999;14;2;20;310;5;2;1;1;6;112;COURS DE VINCENNES;;;;750
201400054000;14;2;20;915;1;2;2;2;6;112;276, AVENUE DAUMESNIL;;;;750
201400054001;14;2;24;940;1;2;5;1;3;112;88, RUE DE CHARENTON;;;;750
201400054002;14;2;24;1645;1;2;5;1;5;112;ROUTE DE BOURDON;;;;750
201400054003;14;2;25;1745;1;2;2;8;7;112;RUE DU FAUBOURG SAINT AN;;;;750
201400054004;14;2;25;1930;5;2;2;2;3;112;AVENUE LEDRU ROLLIN;;;;750
201400054005;14;2;26;1925;5;2;4;1;6;112;220, RUE DE CHARENTON;;;;750
201400054006;14;2;26;2025;5;2;4;1;4;112;20 bis, BOULEVARD DE LA;;;;750
201400054007;14;2;28;826;1;2;2;2;6;112;QUAI DE LA RAPEE;;;;750
201400054008;14;2;28;1050;1;2;3;1;2;112;141, AVENUE DE LA PORTE;;;;750
201400054009;14;2;28;1227;1;2;7;1;2;112;5, PLACE LACHAMBEAUDIE;;;;750
201400054010;14;2;28;2009;5;2;6;2;7;112;BOULEVARD SOULT;;;;750
201400054011;14;3;1;1230;1;2;1;8;2;112;30, QUAI DE LA RAPEE;;;;750
201400054012;14;3;1;1350;1;2;7;1;3;112;7, PLACE FELIX EBOUE;;;;750
201400054013;14;3;2;1010;1;2;7;1;6;112;14, RUE DE RAMBOUILLET;;;;750
201400054014;14;3;2;1550;1;2;2;1;6;112;AVENUE DU TREMBLAY;;;;750
201400054015;14;3;3;815;1;2;2;1;6;112;., QUAI DE LA RAPEE;;;;750
201400054016;14;3;5;1140;1;2;7;1;3;112;07, PLACE FELIX EBOUE;;;;750
201400054017;14;3;5;1700;1;2;5;1;6;111;AVENUE LEDRU ROLLIN;;;;750
201400054018;14;3;6;1240;1;2;4;1;3;112;51, BOULEVARD DE REUILLY;;;;750
201400054019;14;3;7;1750;1;2;1;1;4;112;42, BOULEVARD DE LA BAST;;;;750
201400054020;14;3;8;1720;1;2;3;1;3;112;51, AVENUE DE SAINT MAUR;;;;750
201400054021;14;3;8;1935;5;2;2;1;6;112;88, BOULEVARD DIDEROT;;;;750
201400054022;14;3;10;225;5;2;3;1;6;112;84, AVENUE DE SAINT MAND;;;;750
201400054023;14;3;12;1520;1;2;3;1;1;112;ROUTE DE LA FERME;;;;750
201400054024;14;3;12;1830;5;2;5;1;2;112;ECHANGEUR BERCY;;;;750
201400054025;14;3;12;1820;2;2;2;1;3;112;BOULEVARD PONIATOWSKI;;;;750
201400054026;14;3;13;1820;2;2;1;1;3;112;146, BOULEVARD DIDEROT;;;;750
201400054027;14;3;14;1030;1;2;2;1;7;112;1, RUE PROUDHON;;;;750
201400054028;14;3;14;1620;1;2;2;1;6;112;41, BOULEVARD DIDEROT;;;;750
201400054029;14;3;15;1750;1;2;3;1;6;112;100, QUAI DE LA RAPEE;;;;750
201400054030;14;3;16;55;5;2;5;1;6;112;100, RUE DU FAUBOURG SAI;;;;750
201400054031;14;3;16;630;2;2;2;1;6;112;BOULEVARD DE BERCY;;;;750
201400054032;14;3;19;930;1;2;1;1;6;112;AVENUE DU TREMBLAY;;;;750
201400054033;14;3;19;1750;1;2;1;1;2;112;QUAI DE BERCY;;;;750
201400054034;14;3;20;855;1;2;1;1;3;112;17, RUE DE LYON;;;;750
201400054035;14;3;21;1525;1;2;7;1;3;112;PLACE FELIX EBOUE;;;;750
201400054036;14;3;21;2220;5;2;1;1;6;112;5 bis, RUE DU COLONEL OU;;;;750
201400054037;14;3;22;1115;1;2;7;2;3;104;PLACE DE LA BASTILLE;;;;750
201400054038;14;3;24;1355;1;2;1;8;3;112;ROUTE DE LA PYRAMIDE;;;;750
201400054039;14;3;25;1130;1;2;3;2;6;112;37, RUE DE REUILLY;;;;750
201400054040;14;3;25;1300;1;2;7;2;3;112;ESPLANADE SAINT LOUIS;;;;750
201400054041;14;3;26;940;1;2;1;1;2;112;16, AVENUE DU BEL AIR;;;;750
201400054042;14;3;26;1400;1;2;1;1;6;112;139, AVENUE DAUMESNIL;;;;750
201400054043;14;3;26;2205;5;2;2;1;6;112;AVENUE DAUMESNIL;;;;750
201400054044;14;3;27;848;1;2;2;1;4;112;36, BOULEVARD DIDEROT;;;;750
201400054045;14;3;30;1830;1;2;1;1;7;112;AVENUE DU TREMBLAY;;;;750
201400054046;14;3;31;45;5;2;2;1;2;112;AVENUE DE NOGENT;;;;750
201400054047;14;3;31;920;1;2;3;1;2;112;109, AVENUE DAUMESNIL;;;;750
201400054048;14;3;31;905;1;2;2;1;2;112;33, RUE DE REUILLY;;;;750
201400054049;14;3;31;608;5;2;1;1;1;112;244, RUE DE CHARENTON;;;;750
201400054050;14;4;1;1540;1;2;1;1;6;112;304, RUE DE CHARENTON;;;;750
201400054051;14;4;2;1140;1;2;2;1;6;112;127, RUE DE CHARENTON;;;;750
201400054052;14;4;3;833;1;2;3;1;3;112;11, RUE DE CHALON;;;;750
201400054053;14;4;1;1815;1;2;4;1;3;112;54, BOULEVARD DIDEROT;;;;750
201400054054;14;4;4;2000;2;2;2;1;2;112;128, AVENUE DAUMESNIL;;;;750
201400054055;14;4;5;1535;1;2;1;1;6;112;120, BOULEVARD DIDEROT;;;;750
201400054056;14;4;5;1910;1;2;1;1;3;112;205, RUE DE BERCY;;;;750
201400054057;14;4;5;1825;1;2;1;1;4;112;QUAI DE LA RAPEE;;;;750
201400054058;14;4;4;2030;5;2;7;1;3;112;PLACE DE LA NATION;;;;750
201400054059;14;4;7;910;1;2;2;1;3;112;117, BOULEVARD PONIATOWS;;;;750
201400054060;14;4;7;1120;1;2;3;1;6;112;2, RUE DE LA LANCETTE;;;;750
201400054061;14;4;7;1748;1;2;1;1;6;112;212, AVENUE DAUMESNIL;;;;750
201400054062;14;4;9;1640;1;2;3;1;2;112;1, ROUTE DAUPHINE;;;;750
201400054063;14;4;10;1620;1;2;3;1;3;112;BOULEVARD PONIATOWSKI;;;;750
201400054064;14;4;10;1630;1;2;7;1;3;112;PLACE DE LA BASTILLE;;;;750
201400054065;14;4;12;1900;1;2;3;1;6;112;BOULEVARD PONIATOWSKI;;;;750
201400054066;14;4;12;1950;1;2;9;1;3;112;QUAI DE BERCY;;;;750
201400054067;14;4;10;930;1;2;1;1;3;112;AVENUE DAUMESNIL;;;;750
201400054068;14;4;15;640;2;2;2;1;2;112;AVENUE DAUMESNIL;;;;750
201400054069;14;4;15;1720;1;2;5;1;3;112;CARREFOUR DE CONSERVATIO;;;;750
201400054070;14;4;16;25;5;2;5;1;3;112;BOULEVARD PONIATOWSKI;;;;750
201400054071;14;4;16;700;1;2;3;1;3;112;35, AVENUE COURTELINE;;;;750
201400054072;14;4;16;1800;1;2;7;1;1;112;PLACE DE LA NATION;;;;750
201400054073;14;4;15;1340;1;2;5;1;3;112;52, AVENUE DE SAINT MAUR;;;;750
201400054074;14;4;16;1330;1;2;1;1;3;112;70, BOULEVARD DE REUILLY;;;;750
201400054075;14;4;18;1430;1;2;2;1;2;112;2, RUE DE RAMBOUILLET;;;;750
201400054076;14;4;19;1410;1;2;5;1;6;112;253, AVENUE DAUMESNIL;;;;750
201400054077;14;4;19;1325;1;2;1;1;3;112;218, AVENUE DAUMESNIL;;;;750
201400054078;14;4;21;620;2;2;4;1;3;112;QUAI DE BERCY;;;;750
201400054079;14;4;21;1500;1;2;5;1;7;112;21b, BOULEVARD DIDEROT;;;;750
201400054080;14;4;23;1400;1;2;1;1;6;112;ROUTE DE CEINTURE DU LAC;;;;750
201400054081;14;4;24;953;1;2;5;1;3;112;BOULEVARD SOULT;;;;750
201400054082;14;4;24;1340;1;2;4;1;3;112;AVENUE DAUMESNIL;;;;750
201400054083;14;4;24;1545;1;2;7;1;3;112;CARREFOUR DE BEAUTE;;;;750
201400054084;14;4;24;1430;1;2;7;1;6;112;ROUTE DE LA PYRAMIDE;;;;750
201400054085;14;4;24;1550;1;2;7;1;2;112;ROUTE DE LA PYRAMIDE;;;;750
201400054086;14;4;25;850;1;2;1;2;7;112;38, COURS DE VINCENNES;;;;750
201400054087;14;4;25;915;1;2;2;8;6;112;26, RUE CHALIGNY;;;;750
201400054088;14;4;26;950;1;2;2;2;6;112;AVENUE DES TERROIRS DE F;;;;750
201400054089;14;4;26;1100;1;2;2;2;2;112;RUE ROBERT ETLIN;;;;750
201400054090;14;4;26;1540;1;2;2;1;4;112;AVENUE DU TREMBLAY;;;;750
201400054091;14;4;24;2130;5;2;3;2;3;111;210, BOULEVARD VOLTAIRE;;;;750
201400054092;14;4;27;1430;1;2;4;1;3;112;AVENUE DE SAINT MAURICE;;;;750
201400054093;14;4;27;2050;5;2;3;1;6;112;76-78, RUE DE REUILLY;;;;750
201400054094;14;4;28;1220;1;2;1;1;1;112;314, RUE DE CHARENTON;;;;750
201400054095;14;4;29;1225;1;2;2;1;6;112;RUE DU SERGENT BAUCHAT;;;;750
201400054096;14;5;1;2220;5;2;1;2;6;112;QUAI DE BERCY;;;;750
201400054097;14;5;3;2255;5;2;7;1;6;112;26, PLACE DE LA NATION;;;;750
201400054098;14;5;3;2255;5;2;1;1;6;112;AVENUE DE SAINT MAURICE;;;;750
201400054099;14;5;4;920;1;2;2;1;6;112;271, AVENUE DAUMESNIL;;;;750
201400054100;14;5;5;1255;1;2;3;1;6;112;5, AVENUE DAUMESNIL;;;;750
201400054101;14;5;5;1545;1;2;3;7;3;112;126, QUAI DE BERCY;;;;750
201400054102;14;5;5;1905;1;2;1;1;6;112;26, RUE MARSOULAN;;;;750
201400054103;14;5;5;1935;1;2;3;1;3;112;AVENUE DE NOGENT;;;;750
201400054104;14;5;6;1335;1;2;1;1;6;112;259, RUE DE CHARENTON;;;;750
201400054105;14;5;7;1710;1;2;2;1;3;112;18, RUE LOUIS BRAILLE;;;;750
201400054106;14;5;8;355;5;2;2;1;3;112;BOULEVARD DIDEROT;;;;750
201400054107;14;5;8;1930;1;2;4;2;7;112;26, BOULEVARD DE REUILLY;;;;750
201400054108;14;5;9;2249;5;2;2;1;3;112;AVENUE DE LA PORTE DE CH;;;;750
201400054109;14;5;11;1800;1;2;1;2;6;112;11, ROUTE DES FORTIFICAT;;;;750
201400054110;14;5;12;1210;1;2;2;1;6;112;266, RUE DE CHARENTON;;;;750
201400054111;14;5;12;1940;1;2;1;1;3;112;65, AVENUE DE SAINT MAND;;;;750
201400054112;14;5;12;2055;1;2;1;1;2;112;61, BOULEVARD PONIATOWSK;;;;750
201400054113;14;5;14;955;1;2;2;1;6;112;100, RUE DU FAUBOURG SAI;;;;750
201400054114;14;5;14;1010;1;2;3;1;6;112;97, AVENUE DAUMESNIL;;;;750
201400054115;14;5;14;1250;1;2;1;1;2;112;234, RUE DU FAUBOURG SAI;;;;750
201400054116;14;5;14;1750;1;2;1;1;2;112;184, AVENUE DAUMESNIL;;;;750
201400054117;14;5;15;1500;2;2;7;1;3;112;0, PLACE DE LA NATION;;;;750
201400054118;14;5;16;1350;1;2;3;1;1;112;70, AVENUE DAUMESNIL;;;;750
201400054119;14;5;19;1800;1;2;2;1;6;112;48, BOULEVARD DIDEROT;;;;750
201400054120;14;5;22;830;1;2;3;1;6;112;79, RUE DE PICPUS;;;;750
201400054121;14;5;22;1646;1;2;1;1;3;112;85, BOULEVARD DIDEROT;;;;750
201400054122;14;5;22;2130;5;2;2;2;3;112;RUE DE CHARENTON;;;;750
201400054123;14;5;22;1320;1;2;2;1;6;112;92, AVENUE DU DOCTEUR AR;;;;750
201400054124;14;5;23;1600;1;2;5;8;7;112;119, BOULEVARD PONIATOWS;;;;750
201400054125;14;5;24;1700;1;2;3;3;3;112;ROUTE DU PESAGE;;;;750
201400054126;14;5;24;1715;1;2;2;2;6;112;ROUTE DE LA PYRAMIDE;;;;750
201400054127;14;5;25;1700;1;2;7;1;3;112;CARREFOUR DE CONSERVATIO;;;;750
201400054128;14;5;25;1700;1;2;1;1;3;112;32, AVENUE DU GENERAL MI;;;;750
201400054129;14;5;25;1700;1;2;1;1;6;112;30, RUE CLAUDE DECAEN;;;;750
201400054130;14;5;25;2100;1;2;1;1;6;112;1, AVENUE DES CANADIENS;;;;750
201400054131;14;5;27;1645;1;2;1;1;1;112;246, RUE DU FAUBOURG SAI;;;;750
201400054132;14;5;27;1755;1;2;1;1;6;112;21, BOULEVARD PONIATOWSK;;;;750
201400054133;14;5;28;1030;1;2;2;1;6;112;59, AVENUE LEDRU ROLLIN;;;;750
201400054134;14;5;28;1740;1;2;1;1;3;112;QUAI DE BERCY;;;;750
201400054135;14;5;29;1655;1;2;1;1;6;112;ROUTE DE CEINTURE DU LAC;;;;750
201400054136;14;5;31;1100;1;2;7;1;2;112;PLACE FELIX EBOUE;;;;750
201400054137;14;5;31;2250;5;2;2;1;6;112;AVENUE DAUMESNIL;;;;750
201400054138;14;6;3;1650;1;2;1;1;6;112;AVENUE DE LA PORTE DE CH;;;;750
201400054139;14;6;4;900;1;2;3;2;3;112;37, AVENUE DU DOCTEUR AR;;;;750
201400054140;14;6;4;945;1;2;1;2;3;112;46, BOULEVARD DE LA BAST;;;;750
201400054141;14;6;5;755;1;2;1;1;6;112;64, AVENUE DAUMESNIL;;;;750
201400054142;14;6;6;835;1;2;1;1;3;112;47, BOULEVARD DE PICPUS;;;;750
201400054143;14;6;6;1940;1;2;5;1;6;112;94, RUE DU FAUBOURG SAIN;;;;750
201400054144;14;6;6;1945;1;2;1;1;2;112;ROUTE DE LA PYRAMIDE;;;;750
201400054145;14;6;7;1150;1;2;7;1;3;112;ROUTE DE LA PYRAMIDE;;;;750
201400054146;14;6;9;2035;5;2;1;1;6;112;51, AVENUE DE SAINT MAUR;;;;750
201400054147;14;6;9;1550;1;2;2;2;6;112;AVENUE DU GENERAL MICHEL;;;;750
201400054148;14;6;11;750;1;2;4;1;3;112;BOULEVARD PERIPHERIQUE I;;;;750
201400054149;14;6;11;2000;1;2;1;1;6;112;00, ROUTE ROYALE DE BEAU;;;;750
201400054150;14;6;12;1940;1;2;2;7;3;112;15, RUE DE WATTIGNIES;;;;750
201400054151;14;6;13;1715;1;2;1;1;6;112;QUAI DE BERCY;;;;750
201400054152;14;6;13;2010;1;2;7;1;3;112;PLACE DE LA NATION;;;;750
201400054153;14;6;13;2223;5;2;7;1;3;112;BOULEVARD SOULT;;;;750
201400054154;14;6;14;620;2;2;2;1;6;112;1, AVENUE LEDRU ROLLIN;;;;750
201400054155;14;6;14;1625;1;2;1;1;3;112;46, AVENUE DES TERROIRS;;;;750
201400054156;14;6;16;850;1;2;2;1;6;112;RUE LOUIS BRAILLE;;;;750
201400054157;14;6;16;1140;1;2;2;1;1;112;QUAI DE BERCY;;;;750
201400054158;14;6;17;1700;1;2;5;1;6;112;RUE DE FECAMP;;;;750
201400054159;14;6;17;1800;1;2;1;1;6;112;10, AVENUE DE LA PORTE D;;;;750
201400054160;14;6;18;905;1;2;5;1;2;112;82, AVENUE DE SAINT MAND;;;;750
201400054161;14;6;18;1520;1;2;1;1;6;112;RUE DU SAHEL;;;;750
201400054162;14;6;18;1820;1;2;2;1;3;112;320, RUE DE CHARENTON;;;;750
201400054163;14;6;18;2300;5;2;1;2;3;112;0, BOULEVARD PERIPHERIQU;;;;750
201400054164;14;6;19;1430;1;2;1;1;6;112;205, RUE DE BERCY;;;;750
201400054165;14;6;19;1610;1;2;2;1;1;112;01, QUAI DE BERCY;;;;750
201400054166;14;6;19;2140;5;2;2;1;2;112;13, AVENUE DAUMESNIL;;;;750
201400054167;14;6;20;1645;1;2;4;1;3;112;12, RUE VAN GOGH;;;;750