num_acc;an;mois;jour;hrmn;lum;agg;int;atm;col;com;adr;gps;lat;long;dep
201400054168;14;6;21;300;5;2;1;1;7;112;AVENUE DE NOGENT;;;;750
201400054169;14;6;23;130;5;2;1;1;6;112;QUAI DE LA RAPEE;;;;750
201400054170;14;6;23;1345;1;2;1;1;2;112;75, BOULEVARD PONIATOWSK;;;;750
201400054171;14;6;25;1255;1;2;1;1;7;112;QUAI DE BERCY;;;;750
201400054172;14;6;25;1350;1;2;2;1;6;112;237, RUE DE CHARENTON;;;;750
201400054173;14;6;25;1400;1;2;2;1;6;112;210, RUE DE BERCY;;;;750
201400054174;14;6;26;205;5;2;7;1;3;112;PLACE DE LA BASTILLE;;;;750
201400054175;14;6;26;1030;1;2;1;1;6;112;AVENUE DU TREMBLAY;;;;750
201400054176;14;6;26;1620;1;2;1;1;2;112;72, AVENUE DE SAINT MAND;;;;750
201400054177;14;6;26;1650;1;2;2;1;6;112;/, AVENUE DAUMESNIL;;;;750
201400054178;14;6;26;2010;1;2;1;1;2;112;QUAI DE BERCY;;;;750
201400054179;14;6;30;750;1;2;1;1;2;112;56, QUAI DE LA RAPEE;;;;750
201400054180;14;7;1;645;1;2;3;1;3;112;126, QUAI DE BERCY;;;;750
201400054181;14;7;2;1220;1;2;1;1;6;112;47, BOULEVARD DIDEROT;;;;750
201400054182;14;7;3;940;1;2;1;1;4;112;/, ROUTE ROYALE DE BEAUT;;;;750
201400054183;14;7;5;5;5;2;1;1;6;112;ROUTE DE LA FERME;;;;750
201400054184;14;7;5;2015;1;2;5;1;2;112;98, QUAI DE LA RAPEE;;;;750
201400054185;14;7;3;1340;1;2;1;1;6;112;94, QUAI DE LA RAPEE;;;;750
201400054186;14;7;7;1815;1;2;1;2;3;113;PONT DE BERCY;;;;750
201400054187;14;7;7;2025;1;2;2;3;3;112;, AVENUE COURTELINE;;;;750
201400054188;14;7;8;1620;1;2;2;1;3;112;AVENUE DU TREMBLAY;;;;750
201400054189;14;7;12;2005;2;2;1;1;6;112;141, AVENUE DAUMESNIL;;;;750
201400054190;14;7;12;2245;3;2;2;1;3;112;AVENUE DE NOGENT;;;;750
201400054191;14;7;17;2100;2;2;1;1;6;112;AVENUE DAUMESNIL;;;;750
201400054192;14;7;18;45;5;2;7;1;6;112;PLACE DE LA NATION;;;;750
201400054193;14;7;18;1555;1;2;2;1;6;112;0, AVENUE DE NOGENT;;;;750
201400054194;14;7;19;1635;1;2;1;1;3;112;25, AVENUE DE SAINT MAND;;;;750
201400054195;14;7;21;1815;1;2;7;1;6;112;2, RUE CROZATIER;;;;750
201400054196;14;7;23;2305;5;2;7;1;3;112;ROUTE DE LA PYRAMIDE;;;;750
201400054197;14;7;23;1400;1;2;3;1;6;112;78, RUE DE REUILLY;;;;750
201400054198;14;7;23;1815;1;2;1;1;6;112;36, RUE DE REUILLY;;;;750
201400054199;14;7;23;2026;1;2;3;1;3;112;2, BOULEVARD DIDEROT;;;;750
201400054200;14;7;24;1640;1;2;1;1;4;112;QUAI DE LA RAPEE;;;;750
201400054201;14;7;24;1929;1;2;3;1;6;112;100, RUE CLAUDE DECAEN;;;;750
201400054202;14;7;25;905;1;2;2;1;6;112;271, AVENUE DAUMESNIL;;;;750
201400054203;14;7;26;1250;1;2;5;1;6;112;AVENUE DAUMESNIL;;;;750
201400054204;14;7;27;1915;1;2;1;1;3;112;ROUTE DE BOURDON;;;;750
201400054205;14;7;29;2315;5;2;7;1;6;112;AVENUE DAUMESNIL;;;;750
201400054206;14;7;30;1950;1;2;1;1;3;112;., ROUTE DAUPHINE;;;;750
201400054207;14;8;1;1710;1;2;7;1;3;112;BOULEVARD PONIATOWSKI;;;;750
201400054208;14;8;1;2040;1;2;7;1;3;112;26, PLACE DE LA NATION;;;;750
201400054209;14;8;7;2050;2;2;4;2;3;112;47, RUE DE LYON;;;;750
201400054210;14;8;7;2055;5;2;4;2;6;112;QUAI DE BERCY;;;;750
201400054211;14;8;8;125;5;2;2;1;6;112;AVENUE DU DOCTEUR ARNOLD;;;;750
201400054212;14;8;10;1130;1;2;2;2;6;112;39, RUE PROUDHON;;;;750
201400054213;14;8;11;900;1;2;2;1;3;112;256, AVENUE DAUMESNIL;;;;750
201400054214;14;8;11;1900;1;2;4;3;6;112;QUAI DE BERCY;;;;750
201400054215;14;8;12;1140;1;2;1;1;6;112;81, AVENUE DE SAINT MAND;;;;750
201400054216;14;8;12;1815;1;2;1;1;3;112;AVENUE DE NOGENT;;;;750
201400054217;14;8;14;1345;1;2;1;1;6;112;BOULEVARD DIDEROT;;;;750
201400054218;14;8;14;1835;1;2;5;1;3;112;BOULEVARD SOULT;;;;750
201400054219;14;8;16;220;5;2;2;1;6;120;COURS DE VINCENNES;;;;750
201400054220;14;8;16;1553;1;2;2;1;3;112;RUE DE CHARENTON;;;;750
201400054221;14;8;16;1700;1;2;2;1;2;112;120, COURS DE VINCENNES;;;;750
201400054222;14;8;16;1945;1;2;2;1;6;112;RUE DE CHARENTON;;;;750
201400054223;14;8;18;1830;1;2;5;1;1;112;AVENUE DE SAINT MANDE;;;;750
201400054224;14;8;19;845;1;2;1;1;6;112;139, RUE DE BERCY;;;;750
201400054225;14;8;19;1715;1;2;1;1;6;112;AVENUE DU POLYGONE;;;;750
201400054226;14;8;21;130;5;2;1;1;6;112;38, COURS DE VINCENNES;;;;750
201400054227;14;8;21;915;1;2;1;1;6;112;32, RUE BARON LE ROY;;;;750
201400054228;14;8;22;1720;1;2;3;8;1;112;32, AVENUE DAUMESNIL;;;;750
201400054229;14;8;24;1340;1;2;1;1;2;112;263, AVENUE DAUMESNIL;;;;750
201400054230;14;8;26;820;1;2;2;2;3;112;39, RUE PROUDHON;;;;750
201400054231;14;8;26;1455;1;2;1;1;6;112;30, RUE DE LYON;;;;750
201400054232;14;8;27;1245;1;2;3;1;6;112;42, RUE DU FAUBOURG SAIN;;;;750
201400054233;14;8;30;1200;1;2;1;1;2;112;30, RUE DE REUILLY;;;;750
201400054234;14;8;30;2310;5;2;1;2;7;120;PORTE DE VINCENNES;;;;750
201400054235;14;8;31;1250;1;2;1;1;7;112;ROUTE DE LA PYRAMIDE;;;;750
201400054236;14;8;31;1610;1;2;3;1;2;111;72, RUE DU FAUBOURG SAIN;;;;750
201400054237;14;9;1;1800;1;2;4;1;3;112;293, AVENUE DAUMESNIL;;;;750
201400054238;14;9;3;1500;1;2;2;1;7;112;656Bis, AVENUE DAUMESNIL;;;;750
201400054239;14;9;3;2100;4;2;7;1;3;112;ROUTE DE LA PYRAMIDE;;;;750
201400054240;14;9;4;800;1;2;1;1;2;112;34, QUAI DE LA RAPEE;;;;750
201400054241;14;9;4;1130;1;2;3;1;3;111;46, AVENUE PHILIPPE AUGU;;;;750
201400054242;14;9;4;1543;1;2;7;1;2;112;199, AVENUE DAUMESNIL;;;;750
201400054243;14;9;5;1420;1;2;5;1;6;112;98, RUE DU FAUBOURG SAIN;;;;750
201400054244;14;9;9;1140;1;2;1;1;2;112;1, QUAI DE BERCY;;;;750
201400054245;14;9;9;1920;1;2;1;1;6;112;BOULEVARD PERIPHERIQUE I;;;;750
201400054246;14;9;10;825;1;2;2;1;3;112;01, AVENUE DU GENERAL DO;;;;750
201400054247;14;9;10;1630;1;2;4;1;4;112;QUAI DE LA RAPEE;;;;750
201400054248;14;9;10;2000;2;2;1;1;6;112;ROUTE DE CEINTURE DU LAC;;;;750
201400054249;14;9;11;1335;1;2;2;1;3;112;97, BOULEVARD DIDEROT;;;;750
201400054250;14;9;13;1;5;2;1;1;3;112;31, RUE DE REUILLY;;;;750
201400054251;14;9;14;410;5;2;1;1;6;112;69, QUAI DE LA RAPEE;;;;750
201400054252;14;9;14;1900;1;2;1;1;3;112;146, BOULEVARD DIDEROT;;;;750
201400054253;14;9;14;2100;3;2;1;1;3;112;BOULEVARD PERIPHERIQUE;;;;750
201400054254;14;9;15;1530;1;2;1;1;6;112;AVENUE DE NOGENT;;;;750
201400054255;14;9;15;1630;1;2;2;1;3;112;BOULEVARD DE BERCY;;;;750
201400054256;14;9;16;420;5;2;5;1;3;112;COURS DE VINCENNES;;;;750
201400054257;14;9;17;215;5;2;1;1;6;112;BOULEVARD DE BERCY;;;;750
201400054258;14;9;18;1530;1;2;4;1;7;112;QUAI DE LA RAPEE;;;;750
201400054259;14;9;18;1650;1;2;3;1;6;112;52, BOULEVARD DIDEROT;;;;750
201400054260;14;9;18;1945;1;2;2;1;2;112;AVENUE DAUMESNIL;;;;750
201400054261;14;9;18;2250;5;2;2;1;1;112;78, COURS DE VINCENNES;;;;750
201400054262;14;9;19;1030;1;2;4;1;2;112;222, RUE DE CHARENTON;;;;750
201400054263;14;9;19;2110;5;2;2;1;6;112;131, BOULEVARD DIDEROT;;;;750
201400054264;14;9;21;1625;1;2;1;1;6;112;117, RUE DE REUILLY;;;;750
201400054265;14;9;21;1805;1;2;2;1;6;112;9, RUE DE WATTIGNIES;;;;750
201400054266;14;9;22;1515;1;2;1;1;6;112;120, RUE DE LYON;;;;750
201400054267;14;9;23;945;1;2;1;1;2;112;20, COURS DE VINCENNES;;;;750
201400054268;14;9;23;1545;1;2;5;1;2;112;BOULEVARD DE LA GUYANE;;;;750
201400054269;14;9;24;1900;2;2;1;2;3;112;ROUTE DE LA PYRAMIDE;;;;750
201400054270;14;9;24;2334;5;2;7;1;7;112;ESPLANADE SAINT LOUIS;;;;750
201400054271;14;9;24;2110;5;2;3;1;2;112;6, AVENUE DU DOCTEUR ARN;;;;750
201400054272;14;9;25;2000;5;2;2;1;3;112;88, BOULEVARD DIDEROT;;;;750
201400054273;14;9;26;915;1;2;7;1;3;112;ROUTE DE LA PYRAMIDE;;;;750
201400054274;14;9;27;1700;1;2;4;1;1;112;0, AVENUE DES CANADIENS;;;;750
201400054275;14;9;28;400;3;2;4;1;6;112;QUAI DE BERCY;;;;750
201400054276;14;9;28;550;3;2;1;1;6;112;BOULEVARD DE BERCY;;;;750
201400054277;14;9;29;855;1;2;4;2;7;112;50, BOULEVARD DE LA BAST;;;;750
201400054278;14;9;29;1620;1;2;7;1;1;112;PLACE DE LA NATION;;;;750
201400054279;14;9;30;1835;1;2;1;1;6;112;248, RUE DE CHARENTON;;;;750
201400054280;14;10;1;200;5;2;1;1;2;112;189, RUE DE BERCY;;;;750
201400054281;14;10;1;815;1;2;5;1;6;112;117, AVENUE DU GENERAL M;;;;750
201400054282;14;10;3;840;1;2;2;1;3;112;BOULEVARD SOULT;;;;750
201400054283;14;10;3;1615;1;2;2;1;2;112;157, RUE DE BERCY;;;;750
201400054284;14;10;3;1805;1;2;1;2;6;112;QUAI DE LA RAPEE;;;;750
201400054285;14;10;5;2100;5;2;3;1;3;112;190, AVENUE DAUMESNIL;;;;750
201400054286;14;10;6;1950;5;2;1;2;6;112;51, AVENUE DAUMESNIL;;;;750
201400054287;14;10;6;2000;5;2;3;2;6;112;102, AVENUE DE SAINT MAN;;;;750
201400054288;14;10;7;830;1;2;3;1;7;112;54, BOULEVARD DE PICPUS;;;;750
201400054289;14;10;7;1800;2;2;2;2;3;111;AVENUE PHILIPPE AUGUSTE;;;;750
201400054290;14;10;8;750;2;2;2;3;2;112;13, AVENUE DAUMESNIL;;;;750
201400054291;14;10;7;1515;1;2;2;8;6;112;AVENUE DU TREMBLAY;;;;750
201400054292;14;10;8;1630;1;2;5;1;6;112;1, RUE ABEL;;;;750
201400054293;14;10;8;2030;5;2;2;6;6;112;8, COURS DE VINCENNES;;;;750
201400054294;14;10;9;15;5;2;1;2;2;112;31, AVENUE DAUMESNIL;;;;750
201400054295;14;10;9;1130;1;2;1;1;2;112;14, AVENUE DE LA PORTE D;;;;750
201400054296;14;10;10;650;5;2;2;1;6;112;129, AVENUE DAUMESNIL;;;;750
201400054297;14;10;10;1000;1;2;1;1;2;112;8, RUE CHALIGNY;;;;750
201400054298;14;10;10;1650;1;2;1;1;6;112;107, RUE DE REUILLY;;;;750
201400054299;14;10;11;320;5;2;1;1;3;112;115, BOULEVARD PONIATOWS;;;;750
201400054300;14;10;11;1100;1;2;2;1;7;112;ROUTE ROYALE DE BEAUTE;;;;750
201400054301;14;10;11;1835;1;2;1;1;6;112;RUE ERNEST LAVISSE;;;;750
201400054302;14;10;12;530;5;2;1;1;6;112;AVENUE DE NOGENT;;;;750
201400054303;14;10;12;615;5;2;1;1;6;112;QUAI DE BERCY;;;;750
201400054304;14;10;13;2015;5;2;1;1;6;112;102, BOULEVARD DE LA GUY;;;;750
201400054305;14;10;15;1830;2;2;2;1;2;112;02, RUE DES COLONNES DU;;;;750
201400054306;14;10;16;835;1;2;1;2;7;112;102, RUE DE REUILLY;;;;750
201400054307;14;10;16;745;2;2;2;1;1;112;AVENUE DE NOGENT;;;;750
201400054308;14;10;16;1440;1;2;3;1;6;112;127, RUE DU FAUBOURG SAI;;;;750
201400054309;14;10;17;1900;5;2;1;1;2;112;QUAI DE BERCY;;;;750
201400054310;14;10;17;2235;5;2;1;1;2;112;71, RUE DE LYON;;;;750
201400054311;14;10;18;240;5;2;1;1;6;112;/, PONT D AUSTERLITZ;;;;750
201400054312;14;10;18;1445;1;2;4;1;3;112;AVENUE DE LA PORTE DE VI;;;;750
201400054313;14;10;18;1900;5;2;1;1;6;112;40, COURS DE VINCENNES;;;;750
201400054314;14;10;21;2100;5;2;1;1;6;112;40, BOULEVARD DE BERCY;;;;750
201400054315;14;10;23;1525;1;2;7;1;3;112;PLACE DE LA BASTILLE;;;;750
201400054316;14;10;23;1900;5;2;1;1;3;112;BOULEVARD PONIATOWSKI;;;;750
201400054317;14;10;24;805;1;2;2;1;6;112;67, AVENUE DAUMESNIL;;;;750
201400054318;14;10;24;900;1;2;1;1;3;112;45, BOULEVARD DE PICPUS;;;;750
201400054319;14;10;24;1740;1;2;1;2;3;112;QUAI DE LA RAPEE;;;;750
201400054320;14;10;24;2145;5;2;2;1;5;112;RUE MONTGALLET;;;;750
201400054321;14;10;25;1945;5;2;1;1;6;112;ROUTE DE LA PYRAMIDE;;;;750
201400054322;14;10;26;2005;5;2;2;1;7;112;16, AVENUE DAUMESNIL;;;;750
201400054323;14;10;27;915;1;2;2;1;3;112;131, BOULEVARD DIDEROT;;;;750
201400054324;14;10;27;1830;5;2;2;1;3;112;237, RUE DE CHARENTON;;;;750
201400054325;14;10;28;1635;1;2;3;1;6;112;23, AVENUE DU GENERAL MI;;;;750
201400054326;14;10;28;1620;1;2;1;1;4;112;QUAI DE LA RAPEE;;;;750
201400054327;14;10;28;1815;5;2;3;1;6;112;58, AVENUE DAUMESNIL;;;;750
201400054328;14;10;29;1235;1;2;2;1;2;112;170, BOULEVARD DIDEROT;;;;750
201400054329;14;10;29;2020;5;2;1;1;6;112;145, RUE DE BERCY;;;;750
201400054330;14;10;31;1100;1;2;1;1;3;112;54, QUAI DE LA RAPEE;;;;750
201400054331;14;10;31;1210;1;2;1;1;6;112;2, PLACE EDOUARD RENARD;;;;750
201400054332;14;10;31;1635;1;2;2;1;6;112;21, RUE MONTERA;;;;750
201400054333;14;10;31;2030;5;2;2;1;2;112;296, RUE DE CHARENTON;;;;750
201400054334;14;11;2;1245;1;2;1;1;6;112;AVENUE DE NOGENT;;;;750
201400054335;14;11;2;2233;5;2;5;2;6;112;BOULEVARD PONIATOWSKI;;;;750
201400054336;14;11;3;1845;5;2;1;3;6;112;21, BOULEVARD DIDEROT;;;;750
201400054337;14;11;3;2030;5;2;2;2;6;112;131, BOULEVARD DIDEROT;;;;750
201400054338;14;11;4;1420;1;2;1;1;6;112;103, BOULEVARD SOULT;;;;750
201400054339;14;11;6;1440;1;2;3;1;3;112;257, AVENUE DAUMESNIL;;;;750
201400054340;14;11;7;640;5;2;3;2;6;112;31, RUE BARON LE ROY;;;;750
201400054341;14;11;7;700;5;2;2;3;6;112;130, AVENUE DAUMESNIL;;;;750
201400054342;14;11;8;1715;5;2;1;1;5;112;6, RUE ABEL;;;;750
201400054343;14;11;8;2115;3;2;2;1;2;112;30, AVENUE DAUMESNIL;;;;750
201400054344;14;10;30;425;5;2;7;1;7;112;ESPLANADE SAINT LOUIS;;;;750
201400054345;14;11;13;920;1;2;6;1;3;112;COURS DE VINCENNES;;;;750
201400054346;14;11;14;850;1;2;1;1;6;112;9, PLACE FELIX EBOUE;;;;750
201400054347;14;11;14;1410;1;2;5;2;2;112;AVENUE DU TREMBLAY;;;;750
201400054348;14;11;15;920;1;2;2;2;3;112;12 bis, RUE DE PICPUS;;;;750
201400054349;14;11;15;1416;1;2;2;1;6;112;17, RUE DE COTTE;;;;750
201400054350;14;11;15;1800;5;2;1;1;6;112;AVENUE DU TREMBLAY;;;;750
201400054351;14;11;16;1200;1;2;1;8;1;112;76, AVENUE DE SAINT MAUR;;;;750
201400054352;14;11;17;1820;5;2;2;3;6;112;60, BOULEVARD DE BERCY;;;;750
201400054353;14;11;17;1900;4;2;7;2;3;112;RUE DU FAUBOURG SAINT AN;;;;750
201400054354;14;11;18;1705;5;2;3;2;6;112;94, RUE DU FAUBOURG SAIN;;;;750
201400054355;14;11;18;1805;5;2;2;2;3;112;273, AVENUE DAUMESNIL;;;;750
201400054356;14;11;20;45;4;2;1;1;6;112;30, RUE DU FAUBOURG SAIN;;;;750
201400054357;14;11;20;1000;1;2;4;1;4;112;AVENUE DE SAINT MAURICE;;;;750
201400054358;14;11;22;1730;5;2;2;1;3;112;0, AVENUE DE NOGENT   VI;;;;750
201400054359;14;11;23;2210;5;2;2;2;1;112;10, BOULEVARD DIDEROT;;;;750
201400054360;14;11;25;805;1;2;1;1;2;112;20, RUE DE REUILLY;;;;750
201400054361;14;11;25;2125;5;2;2;1;2;112;2, AVENUE DE CORBERA;;;;750
201400054362;14;11;26;820;1;2;1;2;7;112;QUAI DE BERCY;;;;750
201400054363;14;11;27;720;2;2;2;2;3;112;52, AVENUE LEDRU ROLLIN;;;;750
201400054364;14;11;27;930;1;2;1;2;3;112;32, BOULEVARD DIDEROT;;;;750
201400054365;14;11;27;1715;5;2;7;1;3;112;ESPLANADE SAINT LOUIS;;;;750
201400054366;14;11;27;1855;5;2;1;1;6;112;RUE DE REUILLY;;;;750
201400054367;14;11;30;700;2;2;3;1;6;112;78, RUE DE REUILLY;;;;750
201400054368;14;12;1;1640;5;2;4;1;6;112;94, AVENUE DU GENERAL MI;;;;750
201400054369;14;12;1;1835;5;2;2;2;3;112;246, RUE DU FAUBOURG SAI;;;;750
201400054370;14;12;1;1910;5;2;1;2;2;112;QUAI DE BERCY;;;;750
201400054371;14;12;1;1905;5;2;1;1;6;111;88, AVENUE LEDRU ROLLIN;;;;750
201400054372;14;12;2;915;1;2;3;8;6;112;128, QUAI DE BERCY;;;;750
201400054373;14;12;3;710;5;2;7;2;6;112;197, AVENUE DAUMESNIL;;;;750
201400054374;14;12;3;1050;1;2;2;1;6;112;30, BOULEVARD DIDEROT;;;;750
201400054375;14;12;5;1000;1;2;1;1;3;112;AVENUE DE NOGENT;;;;750
201400054376;14;12;5;1730;5;2;5;1;6;112;246, AVENUE DAUMESNIL;;;;750
201400054377;14;12;5;2100;5;2;3;2;3;112;ROUTE DE LA TOURELLE;;;;750
201400054378;14;12;6;1200;1;2;1;1;6;112;17, BOULEVARD DIDEROT;;;;750
201400054379;14;12;5;2105;2;2;1;1;2;112;65, RUE DE LYON;;;;750
201400054380;14;12;6;1840;5;2;2;1;5;112;AVENUE DE LA PORTE DE CH;;;;750
201400054381;14;12;6;1617;1;2;5;1;6;112;210, RUE DE BERCY;;;;750
201400054382;14;12;7;1445;1;2;2;2;6;112;60, BOULEVARD DE BERCY;;;;750
201400054383;14;12;8;930;1;2;7;8;3;111;PLACE DE LA BASTILLE;;;;750
201400054384;14;12;7;2140;5;2;5;2;3;112;RUE DE CHARENTON;;;;750
201400054385;14;12;9;815;1;2;3;1;3;112;42, ALLEE VIVALDI;;;;750
201400054386;14;12;9;1115;1;2;2;8;2;112;13, AVENUE DAUMESNIL;;;;750
201400054387;14;12;12;850;1;2;4;2;6;112;73, RUE DE LYON;;;;750
201400054388;14;12;12;1105;1;2;3;1;3;112;104, RUE DU FAUBOURG SAI;;;;750
201400054389;14;12;12;1840;5;2;3;2;6;112;72, RUE DE REUILLY;;;;750
201400054390;14;12;12;2005;5;2;1;3;7;112;57, BOULEVARD DIDEROT;;;;750
201400054391;14;12;12;2335;5;2;5;3;6;112;20, BOULEVARD PONIATOWSK;;;;750
201400054392;14;12;15;620;5;2;4;2;6;112;130, RUE DE LYON;;;;750
201400054393;14;12;15;1930;5;2;5;2;3;112;2, RUE DU RENDEZ VOUS;;;;750
201400054394;14;12;16;1705;5;2;4;1;6;112;47, AVENUE DU GENERAL MI;;;;750
201400054395;14;12;17;710;5;2;2;2;6;112;PLACE DE L ILE DE LA REU;;;;750
201400054396;14;12;17;1605;2;2;1;2;6;112;2180, RUE DU FAUBOURG SA;;;;750
201400054397;14;12;19;840;2;2;1;8;6;112;AVENUE DAUMESNIL;;;;750
201400054398;14;12;20;940;1;2;1;1;2;112;AVENUE DE NOGENT;;;;750
201400054399;14;12;21;1;5;2;1;1;2;112;ROUTE DE LA PYRAMIDE;;;;750
201400054400;14;12;21;1415;1;2;3;8;3;112;45, RUE DE LYON;;;;750
201400054401;14;12;24;1640;5;2;5;2;3;112;QUAI DE LA RAPEE;;;;750
201400054402;14;12;28;225;5;2;1;2;6;112;QUAI DE LA RAPEE;;;;750
201400054403;14;12;28;2015;5;2;2;1;3;112;RUE JOSEPH KESSEL;;;;750
201400054404;14;12;31;1240;1;2;6;1;3;112;PLACE FELIX EBOUE;;;;750
201400054405;14;12;31;1330;1;2;1;1;7;112;13, AVENUE DU DOCTEUR AR;;;;750
201400054406;14;1;2;1950;5;2;3;1;6;113;1, RUE EUGENE OUDINE;;;;750
201400054407;14;1;2;555;5;2;4;1;6;113;AVENUE DE LA PORTE D IVR;;;;750
201400054408;14;1;3;1315;1;2;4;1;6;113;16, RUE BRILLAT SAVARIN;;;;750
201400054409;14;1;3;1535;1;2;1;1;7;113;12, AVENUE D IVRY;;;;750
201400054410;14;1;7;1805;5;2;1;8;6;113;120, RUE DE TOLBIAC;;;;750
201400054411;14;1;7;1820;5;2;4;1;3;113;132, RUE DE TOLBIAC;;;;750
201400054412;14;1;9;150;5;2;1;1;6;113;AVENUE DE LA PORTE DE CH;;;;750
201400054413;14;1;11;1050;1;2;5;1;3;113;112, AVENUE D IVRY;;;;750
201400054414;14;1;11;1600;1;2;1;1;2;113;213, BOULEVARD VINCENT A;;;;750
201400054415;14;1;12;1800;5;2;1;1;6;113;81, BOULEVARD MASSENA;;;;750
201400054416;14;1;13;1145;1;2;2;1;6;113;7, BOULEVARD DU GENERAL;;;;750
201400054417;14;1;13;1755;5;2;2;1;6;113;24, AVENUE DES GOBELINS;;;;750
201400054418;14;1;14;1905;5;2;2;1;6;113;96, BOULEVARD DE L HOPIT;;;;750
201400054419;14;1;15;1320;1;2;5;2;6;113;QUAI D AUSTERLITZ;;;;750
201400054420;14;1;15;1910;5;2;2;3;3;113;48, BOULEVARD ARAGO;;;;750
201400054421;14;1;15;1944;5;2;3;2;3;113;167, RUE DE TOLBIAC;;;;750
201400054422;14;1;16;1515;1;2;2;2;3;113;RUE NEUVE TOLBIAC;;;;750
201400054423;14;1;19;1450;1;2;2;1;3;113;48, BOULEVARD ARAGO;;;;750
201400054424;14;1;19;2050;5;2;3;1;6;113;66, AVENUE DES GOBELINS;;;;750
201400054425;14;1;20;2300;5;2;1;1;6;113;133, RUE DE LA SANTE;;;;750
201400054426;14;1;22;1345;1;2;5;1;6;113;43, BOULEVARD SAINT MARC;;;;750
201400054427;14;1;22;1455;1;2;3;2;3;113;RUE DU DOCTEUR BOURNEVIL;;;;750
201400054428;14;1;23;955;2;2;2;1;7;113;123, BOULEVARD MASSENA;;;;750
201400054429;14;1;24;1345;1;2;1;1;3;113;26, RUE PINEL;;;;750
201400054430;14;1;24;2050;5;2;4;1;3;113;83, BOULEVARD DE L HOPIT;;;;750
201400054431;14;1;25;433;5;2;2;3;6;113;55, AVENUE D ITALIE;;;;750
201400054432;14;1;25;1325;1;2;1;8;6;113;129bis, AVENUE DE CHOISY;;;;750
201400054433;14;1;26;1540;1;2;2;3;6;113;49, AVENUE DES GOBELINS;;;;750
201400054434;14;1;27;845;1;2;7;1;6;113;BOULEVARD PERIPHERIQUE;;;;750
201400054435;14;1;28;655;5;2;1;1;3;113;23, AVENUE DE LA PORTE D;;;;750
201400054436;14;1;31;1820;5;2;2;1;6;113;213, RUE DE TOLBIAC;;;;750
201400054437;14;2;1;1655;1;2;3;1;7;113;53, AVENUE DES GOBELINS;;;;750
201400054438;14;2;2;220;5;2;1;1;6;113;29, AVENUE D ITALIE;;;;750
201400054439;14;2;3;850;1;2;2;1;3;113;72, BOULEVARD AUGUSTE BL;;;;750
201400054440;14;2;4;705;5;2;3;1;6;113;110, AVENUE D ITALIE;;;;750
201400054441;14;2;4;1900;5;2;3;1;6;113;18, RUE DE LA GLACIERE;;;;750
201400054442;14;2;5;1630;1;2;2;1;2;113;AVENUE D ITALIE;;;;750
201400054443;14;2;8;1230;1;2;3;1;6;113;5, BOULEVARD DE L HOPITA;;;;750
201400054444;14;2;8;1525;1;2;3;1;3;113;12, RUE NEUVE TOLBIAC;;;;750
201400054445;14;2;11;2230;5;2;2;9;1;113;QUAI D AUSTERLITZ;;;;750
201400054446;14;2;13;900;1;2;1;8;4;113;91, BOULEVARD DE L HOPIT;;;;750
201400054447;14;2;14;1015;1;2;1;2;3;113;72, BOULEVARD VINCENT AU;;;;750
201400054448;14;2;14;1905;5;2;3;8;3;113;2, RUE JEAN ANTOINE DE B;;;;750
201400054449;14;2;16;5;5;2;2;1;3;113;4, AVENUE DE LA PORTE DE;;;;750
201400054450;14;2;18;825;1;2;1;1;6;113;16, RUE DE LA GLACIERE;;;;750
201400054451;14;2;20;2110;5;2;1;1;6;113;17, BOULEVARD VINCENT AU;;;;750
201400054452;14;2;22;2030;5;2;4;1;3;113;117, BOULEVARD DE L HOPI;;;;750
201400054453;14;2;23;1550;1;2;4;1;7;113;18, RUE BRILLAT SAVARIN;;;;750
201400054454;14;2;23;1625;1;2;4;1;6;113;104, AVENUE D ITALIE;;;;750
201400054455;14;2;25;900;1;2;1;2;5;113;55, QUAI D AUSTERLITZ;;;;750
201400054456;14;2;26;1330;1;2;1;1;6;113;105, RUE DE TOLBIAC;;;;750
201400054457;14;2;26;2020;5;2;5;1;6;113;43-45, RUE ESQUIROL;;;;750
201400054458;14;2;27;10;3;2;1;1;6;113;5, AVENUE D ITALIE;;;;750
201400054459;14;2;27;2155;5;2;1;2;5;113;20, AVENUE D ITALIE;;;;750
201400054460;14;2;28;1445;1;2;1;1;6;113;5, BOULEVARD DE L HOPITA;;;;750
201400054461;14;3;3;820;1;2;1;1;2;113;83, BOULEVARD DE L HOPIT;;;;750
201400054462;14;3;3;1640;1;2;1;8;3;113;22, AVENUE PIERRE MENDES;;;;750
201400054463;14;3;5;2025;5;2;1;1;3;113;26, AVENUE D ITALIE;;;;750
201400054464;14;3;6;1440;1;2;1;1;3;113;45, RUE BOUSSINGAULT;;;;750
201400054465;14;3;8;1755;1;2;5;1;3;113;2, AVENUE DE LA PORTE D;;;;750
201400054466;14;3;8;1950;5;2;3;1;6;113;BOULEVARD AUGUSTE BLANQU;;;;750
201400054467;14;3;11;950;1;2;3;1;3;113;56, AVENUE D ITALIE;;;;750
201400054468;14;3;11;2035;5;2;3;1;1;113;87, RUE DE TOLBIAC;;;;750
201400054469;14;3;14;1220;1;2;3;1;3;113;56, AVENUE D ITALIE;;;;750
201400054470;14;3;16;840;1;2;1;1;6;113;197, RUE DE TOLBIAC;;;;750
201400054471;14;3;17;1830;1;2;4;1;2;113;RUE JACQUES DESTREE;;;;750
201400054472;14;3;18;1010;1;2;3;1;6;113;96, BOULEVARD KELLERMANN;;;;750
201400054473;14;3;18;1805;1;2;1;1;6;113;106, RUE DE PATAY;;;;750
201400054474;14;3;18;2100;5;2;1;1;6;113;180, BOULEVARD VINCENT A;;;;750
201400054475;14;3;20;1725;1;2;3;1;3;113;10, RUE NEUVE TOLBIAC;;;;750
201400054476;14;3;20;510;5;2;1;1;6;113;AVENUE DE CHOISY;;;;750
201400054477;14;3;21;1855;2;2;3;1;3;113;89, RUE DE LA SANTE;;;;750