num_acc;an;mois;jour;hrmn;lum;agg;int;atm;col;com;adr;gps;lat;long;dep
201400054478;14;3;24;1155;1;2;1;1;2;113;19, RUE DES CINQ DIAMANT;;;;750
201400054479;14;3;24;1815;1;2;3;1;2;113;46, BOULEVARD MASSENA;;;;750
201400054480;14;3;28;1645;1;2;5;1;6;113;24, RUE REGNAULT;;;;750
201400054481;14;3;28;1715;1;2;2;1;1;113;53, BOULEVARD ARAGO;;;;750
201400054482;14;3;31;1600;1;2;2;1;3;113;13, AVENUE DE LA PORTE D;;;;750
201400054483;14;4;2;1830;1;2;1;1;6;113;27, AVENUE D ITALIE;;;;750
201400054484;14;4;3;1300;1;2;2;1;7;113;86, AVENUE D ITALIE;;;;750
201400054485;14;4;5;445;5;2;2;1;6;113;AVENUE DE LA PORTE D ITA;;;;750
201400054486;14;4;6;1715;1;2;5;1;6;113;7, RUE DE L ESPERANCE;;;;750
201400054487;14;4;7;1030;1;2;2;1;1;113;80, AVENUE D ITALIE;;;;750
201400054488;14;4;9;1445;1;2;1;1;2;113;105, RUE DE TOLBIAC;;;;750
201400054489;14;4;10;910;1;2;1;1;3;113;90, RUE DE LA GLACIERE;;;;750
201400054490;14;4;12;1925;1;2;1;1;6;113;44, RUE DU DESSOUS DES B;;;;750
201400054491;14;4;14;835;1;2;1;1;2;113;116, AVENUE D ITALIE;;;;750
201400054492;14;4;14;1100;1;2;1;1;2;113;120, AVENUE DE CHOISY;;;;750
201400054493;14;4;16;2105;5;2;4;1;6;113;AVENUE DE LA PORTE D ITA;;;;750
201400054494;14;4;17;1215;1;2;1;1;6;113;107, AVENUE D ITALIE;;;;750
201400054495;14;4;17;2214;5;2;2;1;6;113;AVENUE D ITALIE;;;;750
201400054496;14;4;19;1735;1;2;2;8;7;113;55/57, AVENUE D ITALIE;;;;750
201400054497;14;4;20;1850;1;2;2;1;6;113;55, AVENUE D ITALIE;;;;750
201400054498;14;4;20;2315;5;2;4;1;2;113;AVENUE DE LA PORTE D ITA;;;;750
201400054499;14;4;24;1820;1;2;3;1;4;113;23, BOULEVARD MASSENA;;;;750
201400054500;14;4;25;1215;1;2;3;2;1;113;111, AVENUE D IVRY;;;;750
201400054501;14;4;29;110;5;2;1;1;6;113;56, BOULEVARD AUGUSTE BL;;;;750
201400054502;14;4;29;1500;1;2;1;1;6;113;140, RUE DE TOLBIAC;;;;750
201400054503;14;4;29;1550;1;2;1;2;6;113;52, BOULEVARD DE L HOPIT;;;;750
201400054504;14;5;1;2300;5;2;4;2;3;113;25, AVENUE DE LA PORTE D;;;;750
201400054505;14;5;2;1900;1;2;1;1;6;113;82, BOULEVARD VINCENT AU;;;;750
201400054506;14;5;4;2035;1;2;1;1;6;113;656, BOULEVARD MASSENA;;;;750
201400054507;14;5;6;1335;1;2;5;1;6;113;163, AVENUE D ITALIE;;;;750
201400054508;14;5;7;1030;1;2;3;1;2;113;18, QUAI D AUSTERLITZ;;;;750
201400054509;14;5;7;1340;1;2;1;2;3;113;94, RUE DE LA GLACIERE;;;;750
201400054510;14;5;7;1825;1;2;3;1;6;113;3, BOULEVARD DE L HOPITA;;;;750
201400054511;14;5;11;120;5;2;2;1;6;113;PONT DE BERCY;;;;750
201400054512;14;5;11;1615;1;2;1;8;2;113;13, RUE JEAN BAPTISTE BE;;;;750
201400054513;14;5;12;1300;1;2;3;2;6;113;RUE DE DOMREMY;;;;750
201400054514;14;5;12;1920;1;2;2;1;6;113;5, BOULEVARD DE L HOPITA;;;;750
201400054515;14;5;13;1435;1;2;3;2;3;113;64, BOULEVARD AUGUSTE BL;;;;750
201400054516;14;5;13;1605;1;2;1;1;7;113;3, AVENUE D ITALIE;;;;750
201400054517;14;5;14;1230;1;2;3;1;2;113;27, PORTE D ITALIE;;;;750
201400054518;14;5;14;1620;1;2;2;1;3;113;8, AVENUE CAFFIERI;;;;750
201400054519;14;5;15;2055;2;2;1;1;6;113;147, BOULEVARD AUGUSTE B;;;;750
201400054520;14;5;17;1000;1;2;4;1;3;113;PORTE D ITALIE;;;;750
201400054521;14;5;17;1310;1;2;4;1;3;113;46, RUE ALBERT;;;;750
201400054522;14;5;17;1850;1;2;1;1;3;113;45, BOULEVARD SAINT MARC;;;;750
201400054523;14;5;21;650;1;2;2;8;6;113;2, BOULEVARD PERIPHERIQU;;;;750
201400054524;14;5;21;2030;2;2;3;3;6;113;140, AVENUE D ITALIE;;;;750
201400054525;14;5;21;2230;3;2;1;3;2;113;40, AVENUE D ITALIE;;;;750
201400054526;14;5;22;1715;1;2;1;1;6;113;143, RUE NATIONALE;;;;750
201400054527;14;5;23;1700;2;2;3;2;6;113;33, BOULEVARD KELLERMANN;;;;750
201400054528;14;5;23;2320;5;2;5;3;3;113;186, RUE DE TOLBIAC;;;;750
201400054529;14;5;24;250;5;2;1;3;6;113;31, AVENUE DES GOBELINS;;;;750
201400054530;14;5;24;1700;1;2;1;3;2;113;01, AVENUE D ITALIE;;;;750
201400054531;14;5;24;2255;5;2;1;1;1;105;93, BOULEVARD DE PORT RO;;;;750
201400054532;14;5;26;1015;1;2;5;2;6;113;BOULEVARD DU GENERAL JEA;;;;750
201400054533;14;5;27;845;1;2;1;1;6;113;105, RUE DE TOLBIAC;;;;750
201400054534;14;5;27;1130;1;2;3;1;2;113;27, AVENUE DE LA PORTE D;;;;750
201400054535;14;5;28;1300;1;2;2;1;1;113;33, AVENUE DES GOBELINS;;;;750
201400054536;14;5;28;1720;1;2;1;1;6;113;16, AVENUE D IVRY;;;;750
201400054537;14;5;29;1605;1;2;2;1;3;113;39, BOULEVARD DE PORT RO;;;;750
201400054538;14;5;30;400;5;2;5;1;6;113;QUAI D AUSTERLITZ;;;;750
201400054539;14;5;30;1751;1;2;2;1;6;113;115, BOULEVARD MASSENA;;;;750
201400054540;14;5;30;2155;5;2;2;1;6;113;BOULEVARD VINCENT AURIOL;;;;750
201400054541;14;6;2;1355;1;2;1;1;6;113;73, BOULEVARD VINCENT AU;;;;750
201400054542;14;6;2;1635;1;2;7;1;3;113;213, BOULEVARD VINCENT A;;;;750
201400054543;14;6;3;1030;1;2;2;1;3;113;3, QUAI FRANCOIS MAURIAC;;;;750
201400054544;14;6;4;1505;1;2;3;2;2;113;156, RUE DE TOLBIAC;;;;750
201400054545;14;6;6;1635;1;2;1;1;3;113;13, QUAI PANHARD ET LEVA;;;;750
201400054546;14;6;7;1345;1;2;4;1;2;113;PORTE D ITALIE;;;;750
201400054547;14;6;7;1500;1;2;5;1;3;113;169, BOULEVARD VINCENT A;;;;750
201400054548;14;6;7;2030;1;2;2;1;6;113;RUE DE TOLBIAC;;;;750
201400054549;14;6;9;855;1;2;1;1;6;113;129 bis, RUE DE TOLBIAC;;;;750
201400054550;14;6;10;350;5;2;4;2;3;113;1, PORTE D ITALIE;;;;750
201400054551;14;6;12;2250;5;2;1;1;2;113;205, BOULEVARD VINCENT A;;;;750
201400054552;14;6;13;2005;1;2;5;1;6;113;60, RUE DE TOLBIAC;;;;750
201400054553;14;6;15;2315;5;2;2;1;6;113;144, BOULEVARD DE L HOPI;;;;750
201400054554;14;6;16;850;1;2;1;1;2;113;44, RUE DU DESSOUS DES B;;;;750
201400054555;14;6;17;1810;1;2;1;1;6;113;8, RUE DU DOCTEUR LAUREN;;;;750
201400054556;14;6;18;1035;1;2;2;1;2;113;18, BOULEVARD AUGUSTE BL;;;;750
201400054557;14;6;18;1455;1;2;2;1;1;113;RUE NEUVE TOLBIAC;;;;750
201400054558;14;6;19;1810;1;2;2;1;6;113;36, RUE DES PEUPLIERS;;;;750
201400054559;14;6;19;1830;1;2;1;1;2;113;4, RUE DE RUNGIS;;;;750
201400054560;14;6;21;50;5;2;5;1;6;113;109, BOULEVARD DE L HOPI;;;;750
201400054561;14;6;23;200;5;2;2;1;1;113;21, RUE NEUVE TOLBIAC;;;;750
201400054562;14;6;23;935;1;2;1;1;3;113;164, RUE JEANNE D ARC;;;;750
201400054563;14;6;23;1335;1;2;1;1;2;113;37, AVENUE D ITALIE;;;;750
201400054564;14;6;23;1335;1;2;1;1;3;114;11, RUE DE L AMIRAL MOUC;;;;750
201400054565;14;6;24;1940;1;2;2;1;3;113;PORTE D ITALIE;;;;750
201400054566;14;6;26;1225;1;2;1;1;3;113;55, BOULEVARD DE PORT RO;;;;750
201400054567;14;6;26;550;2;2;7;1;7;113;4, PLACE D ITALIE;;;;750
201400054568;14;6;27;2220;5;2;3;1;6;113;73, BOULEVARD MASSENA;;;;750
201400054569;14;6;30;1755;2;2;2;1;3;113;AVENUE DE LA PORTE D IVR;;;;750
201400054570;14;7;1;755;1;2;1;1;6;113;43, QUAI PANHARD ET LEVA;;;;750
201400054571;14;7;1;900;1;2;3;1;3;113;177, RUE DE TOLBIAC;;;;750
201400054572;14;7;1;2005;1;2;2;1;3;113;142, BOULEVARD DE L HOPI;;;;750
201400054573;14;7;2;1120;1;2;1;1;4;113;34, RUE DE TOLBIAC;;;;750
201400054574;14;7;2;1840;1;2;4;1;2;113;23, AVENUE DE LA PORTE D;;;;750
201400054575;14;7;3;850;1;2;1;1;3;113;80, BOULEVARD AUGUSTE BL;;;;750
201400054576;14;7;3;1250;1;2;1;1;3;113;188, RUE DE TOLBIAC;;;;750
201400054577;14;7;3;1905;1;2;3;1;3;113;AVENUE PIERRE MENDES FRA;;;;750
201400054578;14;7;3;2100;1;2;1;1;6;113;AVENUE DE LA PORTE D IVR;;;;750
201400054579;14;7;8;1225;1;2;5;1;3;113;111, RUE DE TOLBIAC;;;;750
201400054580;14;7;8;1950;1;2;5;3;3;113;BOULEVARD MASSENA;;;;750
201400054581;14;7;9;1550;1;2;1;2;6;113;36, QUAI D AUSTERLITZ;;;;750
201400054582;14;7;10;1455;1;2;1;1;6;113;184, AVENUE DE CHOISY;;;;750
201400054583;14;7;11;2035;1;2;3;1;3;113;72, RUE DE TOLBIAC;;;;750
201400054584;14;7;11;2215;5;2;2;1;3;113;RUE DE TOLBIAC;;;;750
201400054585;14;7;12;30;5;2;1;1;6;113;137, BOULEVARD DE L HOPI;;;;750
201400054586;14;7;15;940;1;2;1;1;6;113;23, RUE WATT;;;;750
201400054587;14;7;16;1005;1;2;3;1;7;113;138, AVENUE D ITALIE;;;;750
201400054588;14;7;17;915;1;2;3;1;3;113;AVENUE DE FRANCE;;;;750
201400054589;14;7;19;1450;1;2;1;1;1;113;21, AVENUE D ITALIE;;;;750
201400054590;14;7;23;830;1;2;5;1;3;113;122, RUE DE TOLBIAC;;;;750
201400054591;14;7;23;1700;1;2;5;1;3;113;82, BOULEVARD MASSENA;;;;750
201400054592;14;7;24;1930;1;2;3;1;4;113;3, RUE NEUVE TOLBIAC;;;;750
201400054593;14;7;25;103;5;2;1;1;3;113;162, AVENUE D ITALIE;;;;750
201400054594;14;7;26;550;2;2;7;1;7;113;9, PLACE D ITALIE;;;;750
201400054595;14;7;27;1720;1;2;5;1;3;113;37, QUAI D IVRY;;;;750
201400054596;14;7;28;1510;1;2;1;1;6;113;9, BOULEVARD DE L HOPITA;;;;750
201400054597;14;7;28;1658;1;2;1;1;6;113;181, BOULEVARD VINCENT A;;;;750
201400054598;14;8;1;1325;1;2;5;1;6;113;193, RUE DE TOLBIAC;;;;750
201400054599;14;8;1;1325;1;2;5;1;3;113;2, BOULEVARD MASSENA;;;;750
201400054600;14;8;1;1725;1;2;1;1;6;113;2, RUE RENE GOSCINNY;;;;750
201400054601;14;8;1;1920;1;2;2;1;4;113;207, RUE DE TOLBIAC;;;;750
201400054602;14;8;4;1950;1;2;2;1;6;113;1, RUE PAUL BOURGET;;;;750
201400054603;14;8;6;1045;1;2;7;2;2;113;169, BOULEVARD DE L HOPI;;;;750
201400054604;14;8;7;230;5;2;5;8;3;113;188, RUE DE TOLBIAC;;;;750
201400054605;14;8;8;345;5;2;7;1;1;105;47 ter, BOULEVARD SAINT;;;;750
201400054606;14;8;11;1720;1;2;3;1;6;113;159, AVENUE DE CHOISY;;;;750
201400054607;14;8;12;945;1;2;3;7;3;113;RUE DE LA POTERNE DES PE;;;;750
201400054608;14;8;12;1020;1;2;3;1;6;113;5, BOULEVARD DE L HOPITA;;;;750
201400054609;14;8;12;1330;1;2;3;2;3;113;1, RUE JACQUES DESTREE;;;;750
201400054610;14;8;15;15;5;2;3;2;7;113;5 BIS, BOULEVARD DE L HO;;;;750
201400054611;14;8;15;1535;1;2;2;1;2;113;AVENUE DE LA PORTE D ITA;;;;750
201400054612;14;8;17;1610;1;2;7;1;6;113;PLACE D ITALIE;;;;750
201400054613;14;8;18;840;1;2;1;1;3;113;21, AVENUE PIERRE DE COU;;;;750
201400054614;14;8;19;2115;5;2;1;1;6;113;72, BOULEVARD MASSENA;;;;750
201400054615;14;8;19;2200;5;2;3;1;2;113;105, AVENUE D ITALIE;;;;750
201400054616;14;8;22;2040;5;2;1;2;2;113;23, QUAI PANHARD ET LEVA;;;;750
201400054617;14;8;28;1256;1;2;2;2;3;113;51, BOULEVARD MASSENA;;;;750
201400054618;14;8;28;1525;1;2;1;1;6;113;23, RUE DE LA FONTAINE A;;;;750
201400054619;14;8;29;1250;1;2;7;1;6;113;30, PLACE D ITALIE;;;;750
201400054620;14;8;31;640;5;2;1;1;6;113;133, RUE DE LA SANTE;;;;750
201400054621;14;9;4;1150;2;2;2;1;3;113;111, BOULEVARD MASSENA;;;;750
201400054622;14;9;5;2125;5;2;3;1;6;113;34, BOULEVARD KELLERMANN;;;;750
201400054623;14;9;6;1912;1;2;2;1;6;113;20bis, BOULEVARD ARAGO;;;;750
201400054624;14;9;8;1320;1;2;1;1;6;113;22, RUE BOURGON;;;;750
201400054625;14;9;8;1435;1;2;3;1;3;113;16, BOULEVARD ARAGO;;;;750
201400054626;14;9;10;910;1;2;1;1;6;113;95, RUE DE L AMIRAL MOUC;;;;750
201400054627;14;9;11;2110;5;2;3;1;6;113;88, AVENUE D ITALIE;;;;750
201400054628;14;9;11;2300;5;2;5;1;2;113;131, BOULEVARD VINCENT A;;;;750
201400054629;14;9;12;855;1;2;1;1;6;113;72, BOULEVARD MASSENA;;;;750
201400054630;14;9;12;1145;1;2;3;1;2;113;70, RUE JEANNE D ARC;;;;750
201400054631;14;9;12;2130;5;2;3;1;3;113;18, RUE DE TOLBIAC;;;;750
201400054632;14;9;14;2000;5;2;1;1;2;113;ECHANGEUR IVRY;;;;750
201400054633;14;9;15;1745;1;2;1;1;6;113;RUE CHARLES LEROY;;;;750
201400054634;14;9;16;1005;1;2;1;1;6;113;13, AVENUE DE LA PORTE D;;;;750
201400054635;14;9;17;1855;1;2;1;1;6;105;QUAI SAINT BERNARD;;;;750
201400054636;14;9;19;1200;1;2;7;1;3;113;12, PLACE D ITALIE;;;;750
201400054637;14;9;19;1445;1;2;3;1;6;113;61, AVENUE DE CHOISY;;;;750
201400054638;14;9;19;1400;1;2;4;1;3;113;63, QUAI D AUSTERLITZ;;;;750
201400054639;14;9;19;2120;5;2;2;1;6;113;232, RUE DE TOLBIAC;;;;750
201400054640;14;9;20;1445;1;2;2;1;2;113;RUE DU CHATEAU DES RENTI;;;;750
201400054641;14;9;20;2050;5;2;3;8;2;113;16, BOULEVARD ARAGO;;;;750
201400054642;14;9;21;540;5;2;3;3;6;113;140, AVENUE D ITALIE;;;;750
201400054643;14;9;21;1220;1;2;1;1;6;113;110, RUE JEANNE D ARC;;;;750
201400054644;14;9;23;150;5;2;1;1;6;113;106, AVENUE D ITALIE;;;;750
201400054645;14;9;24;910;1;2;5;1;2;113;98, RUE DE TOLBIAC;;;;750
201400054646;14;9;24;1255;1;2;1;1;2;113;QUAI D IVRY;;;;750
201400054647;14;9;24;2020;5;2;5;1;2;113;RUE DE LA VISTULE;;;;750
201400054648;14;9;25;1800;1;2;2;1;3;113;150, BOULEVARD MASSENA;;;;750
201400054649;14;9;17;1230;1;2;3;1;6;113;83, AVENUE D ITALIE;;;;750
201400054650;14;9;26;2245;5;2;3;1;2;113;18, QUAI D AUSTERLITZ;;;;750
201400054651;14;9;27;1520;1;2;3;1;2;113;69, AVENUE D ITALIE;;;;750
201400054652;14;9;27;1425;1;2;2;1;2;113;BOULEVARD VINCENT AURIOL;;;;750
201400054653;14;9;27;2225;5;2;2;1;2;113;PORTE D IVRY;;;;750
201400054654;14;9;28;2250;4;2;1;1;2;113;24, QUAI D AUSTERLITZ;;;;750
201400054655;14;9;29;1555;1;2;1;1;6;113;8, RUE DES DEUX AVENUES;;;;750
201400054656;14;9;30;1230;1;2;2;1;6;113;16, RUE DUNOIS;;;;750
201400054657;14;9;30;1535;1;2;2;1;1;113;229, RUE DE TOLBIAC;;;;750
201400054658;14;9;30;1815;1;2;3;1;3;113;27, AVENUE DE LA PORTE D;;;;750
201400054659;14;10;1;1640;1;2;2;1;3;113;48, BOULEVARD ARAGO;;;;750
201400054660;14;10;2;800;1;2;3;1;3;113;45, BOULEVARD VINCENT AU;;;;750
201400054661;14;10;3;2345;5;2;1;1;3;113;39, BOULEVARD VINCENT AU;;;;750
201400054662;14;10;2;2345;5;2;7;1;2;113;01, PLACE D ITALIE;;;;750
201400054663;14;10;3;1500;1;2;2;1;3;113;48, BOULEVARD MASSENA;;;;750
201400054664;14;10;5;20;5;2;1;2;2;113;60, AVENUE PIERRE MENDES;;;;750
201400054665;14;10;6;1830;5;2;4;2;6;113;5 BIS, BOULEVARD DE L HO;;;;750
201400054666;14;10;7;2255;5;2;1;2;6;113;15, BOULEVARD DE PORT RO;;;;750
201400054667;14;10;7;945;1;2;2;1;7;113;2, RUE DU CHATEAU DES RE;;;;750
201400054668;14;10;7;2045;3;2;2;8;6;113;111, AVENUE D ITALIE;;;;750
201400054669;14;10;8;805;2;2;2;2;6;113;58, BOULEVARD VINCENT AU;;;;750
201400054670;14;10;8;2045;5;2;1;2;6;113;15, BOULEVARD DE PORT RO;;;;750
201400054671;14;10;9;745;2;2;3;1;6;113;23, AVENUE D ITALIE;;;;750
201400054672;14;10;11;45;5;2;3;1;1;113;85, QUAI PANHARD ET LEVA;;;;750
201400054673;14;10;11;2110;3;2;3;1;2;113;83, AVENUE D ITALIE;;;;750
201400054674;14;10;13;820;1;2;2;1;3;113;36, RUE ALICE DOMON ET L;;;;750
201400054675;14;10;13;1910;2;2;7;1;2;113;41, RUE ESQUIROL;;;;750
201400054676;14;10;14;1150;1;2;2;1;6;114;RUE DE LA SANTE;;;;750
201400054677;14;10;14;1555;1;2;1;1;6;113;68, RUE NATIONALE;;;;750
201400054678;14;10;15;1450;1;2;3;2;2;113;51, AVENUE DES GOBELINS;;;;750
201400054679;14;10;15;1515;1;2;3;2;6;113;69, BOULEVARD AUGUSTE BL;;;;750
201400054680;14;10;15;1545;1;2;1;2;3;113;RUE DE TOLBIAC;;;;750
201400054681;14;10;17;1700;1;2;3;1;6;113;22, BOULEVARD VINCENT AU;;;;750
201400054682;14;10;17;1800;2;2;4;1;3;113;BOULEVARD DE L HOPITAL;;;;750
201400054683;14;10;18;500;5;2;5;1;6;106;81, BOULEVARD RASPAIL;;;;750
201400054684;14;10;20;1130;1;2;2;1;3;113;2, AVENUE PIERRE MENDES;;;;750
201400054685;14;10;22;130;5;2;1;1;6;113;28, AVENUE D ITALIE;;;;750
201400054686;14;10;22;1425;1;2;5;1;3;113;127, BOULEVARD AUGUSTE B;;;;750
201400054687;14;10;22;1825;1;2;7;1;6;113;9, AVENUE DE LA PORTE D;;;;750
201400054688;14;10;23;2020;5;2;2;1;3;113;39, BOULEVARD SAINT MARC;;;;750
201400054689;14;10;24;500;2;2;2;1;6;113;26, AVENUE DES GOBELINS;;;;750
201400054690;14;10;29;1815;5;2;5;1;3;113;BOULEVARD VINCENT AURIOL;;;;750
201400054691;14;10;30;1430;1;2;2;1;3;113;121, AVENUE D ITALIE;;;;750
201400054692;14;10;30;1630;1;2;2;1;6;113;RUE DE LA POTERNE DES PE;;;;750
201400054693;14;10;31;1230;1;2;3;1;6;113;183, AVENUE DE CHOISY;;;;750
201400054694;14;10;31;1320;1;2;1;1;3;113;QUAI D AUSTERLITZ;;;;750
201400054695;14;10;31;1315;1;2;3;1;6;105;93, BOULEVARD DE PORT RO;;;;750
201400054696;14;11;1;1045;1;2;1;1;3;113;102, AVENUE D IVRY;;;;750
201400054697;14;11;2;2230;5;2;2;2;3;113;163, AVENUE D ITALIE;;;;750
201400054698;14;11;3;1800;5;2;1;2;6;113;BOULEVARD PERIPHERIQUE;;;;750
201400054699;14;11;3;1820;5;2;3;3;6;113;AVENUE DE LA PORTE D IVR;;;;750
201400054700;14;11;4;1230;1;2;1;1;6;113;114, AVENUE D ITALIE;;;;750
201400054701;14;11;4;1620;1;2;2;1;2;113;150, AVENUE D ITALIE;;;;750
201400054702;14;11;5;1445;1;2;3;1;3;113;17, BOULEVARD KELLERMANN;;;;750
201400054703;14;11;5;1410;1;2;3;1;6;113;20, AVENUE DE LA PORTE D;;;;750
201400054704;14;11;6;1200;1;2;1;1;4;113;BOULEVARD PERIPHERIQUE I;;;;750
201400054705;14;11;7;1600;1;2;3;1;3;113;20, AVENUE DE LA PORTE D;;;;750
201400054706;14;11;12;2035;5;2;1;1;6;113;29, RUE NEUVE TOLBIAC;;;;750
201400054707;14;11;13;950;1;2;7;1;2;113;1, PLACE VALHUBERT;;;;750
201400054708;14;11;14;845;1;2;1;8;3;113;PONT DE TOLBIAC;;;;750
201400054709;14;11;15;1130;1;2;1;8;2;113;83, BOULEVARD DE L HOPIT;;;;750
201400054710;14;11;15;1715;2;2;3;1;6;113;129, AVENUE DE FRANCE;;;;750
201400054711;14;11;16;320;5;2;2;1;6;113;111, AVENUE D ITALIE;;;;750
201400054712;14;11;16;1612;1;2;1;3;6;113;156, AVENUE DE FRANCE;;;;750
201400054713;14;11;17;955;1;2;2;1;2;113;91, QUAI PANHARD ET LEVA;;;;750
201400054714;14;11;18;1945;5;2;2;2;7;113;76, AVENUE D ITALIE;;;;750
201400054715;14;11;22;1515;1;2;5;1;3;113;98, RUE DE TOLBIAC;;;;750
201400054716;14;11;24;855;1;2;3;2;2;113;18, BOULEVARD ARAGO;;;;750
201400054717;14;11;25;1935;5;2;3;1;2;113;182, AVENUE DE FRANCE;;;;750
201400054718;14;11;26;1640;5;2;2;2;2;113;202, RUE DE TOLBIAC;;;;750
201400054719;14;11;26;2030;5;2;5;1;6;113;193, RUE DE TOLBIAC;;;;750
201400054720;14;11;27;1300;1;2;3;1;5;113;106, BOULEVARD DE L HOPI;;;;750
201400054721;14;11;29;1900;5;2;2;1;6;113;48, BOULEVARD ARAGO;;;;750
201400054722;14;12;1;2315;5;2;3;2;6;113;46, AVENUE D ITALIE;;;;750
201400054723;14;12;2;710;5;2;1;1;6;113;134, AVENUE D ITALIE;;;;750
201400054724;14;12;2;2150;5;2;1;1;6;113;12, RUE DE TOLBIAC;;;;750
201400054725;14;12;3;315;5;2;1;2;7;113;28, AVENUE DES GOBELINS;;;;750
201400054726;14;12;3;2320;5;2;1;1;6;113;77, AVENUE D ITALIE;;;;750
201400054727;14;12;5;2130;5;2;3;2;6;113;20, AVENUE D IVRY;;;;750
201400054728;14;12;7;410;5;2;7;1;6;113;29, QUAI D AUSTERLITZ;;;;750
201400054729;14;12;8;1530;1;2;2;2;6;113;20, RUE DE TOLBIAC;;;;750
201400054730;14;12;10;1910;5;2;3;1;6;106;93, RUE DE SEINE;;;;750
201400054731;14;12;13;535;5;2;5;2;3;113;0, BOULEVARD MASSENA;;;;750
201400054732;14;12;13;1900;5;2;1;1;6;113;8, RUE NATIONALE;;;;750
201400054733;14;12;15;1825;5;2;3;2;3;113;65, QUAI DE LA GARE;;;;750
201400054734;14;12;18;905;1;2;2;1;2;113;86, BOULEVARD AUGUSTE BL;;;;750
201400054735;14;12;19;350;5;2;5;1;6;113;63, QUAI D AUSTERLITZ;;;;750
201400054736;14;12;19;2025;5;2;3;1;6;113;42, RUE PASCAL;;;;750
201400054737;14;12;20;205;3;2;1;1;6;113;BOULEVARD PERIPHERIQUE;;;;750
201400054738;14;12;20;2215;5;2;2;1;6;113;117 BD VINCENT AURIOL;;;;750
201400054739;14;12;21;1335;1;2;2;1;3;113;RUE DE TOLBIAC;;;;750
201400054740;14;12;27;1245;1;2;5;2;6;113;RUE DE TOLBIAC;;;;750
201400054741;14;12;27;2155;5;2;5;1;6;113;5, PLACE PORT AU PRINCE;;;;750
201400054742;14;12;28;350;5;2;3;1;6;113;29, QUAI D AUSTERLITZ;;;;750
201400054743;14;1;1;2057;5;2;2;1;6;114;176, AVENUE DU MAINE;;;;750
201400054744;14;1;4;1655;5;2;3;2;6;114;41, AVENUE JEAN MOULIN;;;;750
201400054745;14;1;9;2010;5;2;3;1;3;114;172, AVENUE DU MAINE;;;;750
201400054746;14;1;9;2315;5;2;7;1;6;114;68, BOULEVARD DU MONTPAR;;;;750
201400054747;14;1;11;1430;1;2;5;1;7;114;AVENUE PAUL APPELL;;;;750
201400054748;14;1;13;1010;1;2;5;1;6;114;57, AVENUE RENE COTY;;;;750
201400054749;14;1;13;1100;1;2;5;1;6;114;4, RUE DU DEPART;;;;750
201400054750;14;1;14;1730;2;2;1;1;6;114;04, AVENUE JEAN MOULIN;;;;750
201400054751;14;1;18;645;5;2;2;1;3;114;BOULEVARD ROMAIN ROLLAND;;;;750
201400054752;14;1;20;1550;1;2;1;1;7;114;6, RUE NANSOUTY;;;;750
201400054753;14;1;20;1735;5;2;1;1;2;114;149, AVENUE DU MAINE;;;;750
201400054754;14;1;21;1800;5;2;3;1;6;114;RUE DE COULMIERS;;;;750
201400054755;14;1;22;1940;5;2;5;2;6;114;52, RUE DE LA TOMBE ISSO;;;;750
201400054756;14;1;22;2000;5;2;7;2;6;114;23, PLACE DE CATALOGNE;;;;750
201400054757;14;1;24;550;5;2;2;1;6;114;50, BOULEVARD JOURDAN;;;;750
201400054758;14;1;24;1630;1;2;1;1;6;114;7, RUE DU DEPART;;;;750
201400054759;14;1;24;2030;5;2;1;1;6;114;42, AVENUE DU GENERAL LE;;;;750
201400054760;14;1;28;2330;5;2;5;2;6;114;202, BOULEVARD RASPAIL;;;;750
201400054761;14;1;29;550;5;2;1;2;6;114;29, AVENUE DU GENERAL LE;;;;750
201400054762;14;1;30;1100;1;2;1;1;1;114;68, RUE D ALESIA;;;;750
201400054763;14;1;31;1350;1;2;2;1;6;114;14, RUE DES PLANTES;;;;750
201400054764;14;2;1;1930;5;2;1;1;6;114;110, AVENUE DU GENERAL L;;;;750
201400054765;14;2;1;2054;5;2;7;1;2;114;2, BOULEVARD BRUNE;;;;750
201400054766;14;2;2;1755;5;2;3;1;7;114;101, BOULEVARD JOURDAN;;;;750
201400054767;14;2;3;840;1;2;1;1;6;114;15, AVENUE DAVID WEILL;;;;750
201400054768;14;2;3;1405;1;2;2;1;6;114;vv125, RUE D ALESIA;;;;750
201400054769;14;2;3;1920;5;2;1;1;3;114;128, RUE DU CHATEAU;;;;750
201400054770;14;2;4;1245;1;2;4;1;6;114;116, AVENUE DU MAINE;;;;750
201400054771;14;2;5;1525;1;2;2;1;3;114;RUE DES PLANTES;;;;750
201400054772;14;2;5;2300;5;2;2;1;2;114;, RUE RAYMOND LOSSERAND;;;;750
201400054773;14;2;6;1600;1;2;1;1;7;114;BOULEVARD PERIPHERIQUE;;;;750
201400054774;14;2;10;1015;1;2;2;1;6;114;106, BOULEVARD BRUNE;;;;750
201400054775;14;2;13;930;1;2;1;2;7;114;11, AVENUE DU GENERAL LE;;;;750
201400054776;14;2;13;820;1;2;3;2;6;114;74, RUE DE LA TOMBE ISSO;;;;750
201400054777;14;2;13;1420;1;2;7;2;2;114;83, BOULEVARD SAINT JACQ;;;;750
201400054778;14;2;13;1630;1;2;2;1;6;114;41, RUE FROIDEVAUX;;;;750
201400054779;14;2;13;2145;5;2;1;1;6;114;39, AVENUE DAVID WEILL;;;;750
201400054780;14;2;15;1450;1;2;2;1;3;114;BOULEVARD JOURDAN;;;;750
201400054781;14;2;20;710;5;2;5;2;3;114;203, BOULEVARD BRUNE;;;;750
201400054782;14;2;24;1000;1;2;2;1;3;114;135, RUE RAYMOND LOSSERA;;;;750
201400054783;14;2;24;2130;5;2;2;1;7;114;174, AVENUE DU MAINE;;;;750
201400054784;14;2;25;850;1;2;2;2;3;114;29, RUE DE L OUEST;;;;750
201400054785;14;2;25;925;1;2;2;1;3;114;BOULEVARD ROMAIN ROLLAND;;;;750