num_acc;an;mois;jour;hrmn;lum;agg;int;atm;col;com;adr;gps;lat;long;dep
201400054786;14;2;25;855;1;2;2;2;7;114;69, BOULEVARD ROMAIN ROL;;;;750
201400054787;14;2;26;1340;1;2;2;1;6;114;16, RUE BOULARD;;;;750
201400054788;14;2;28;1100;1;2;1;2;7;114;BOULEVARD PERIPHERIQUE;;;;750
201400054789;14;2;28;1210;1;2;3;2;7;114;114, BOULEVARD ARAGO;;;;750
201400054790;14;3;3;1900;5;2;3;8;6;114;120, RUE D ALESIA;;;;750
201400054791;14;3;3;2020;5;2;1;2;2;114;119, AVENUE DU GENERAL L;;;;750
201400054792;14;3;5;1155;1;2;4;1;6;114;141, AVENUE DU MAINE;;;;750
201400054793;14;3;7;1800;1;2;3;1;3;114;63, AVENUE DENFERT ROCHE;;;;750
201400054794;14;3;8;635;2;2;5;1;3;114;AVENUE DU GENERAL LECLER;;;;750
201400054795;14;3;8;1910;5;2;5;1;5;114;37, RUE D ALESIA;;;;750
201400054796;14;3;11;845;1;2;1;1;6;114;123, BOULEVARD DE PORT R;;;;750
201400054797;14;3;14;855;1;2;2;1;6;114;53, RUE DIDOT;;;;750
201400054798;14;3;17;840;1;2;3;8;3;114;63, AVENUE DENFERT ROCHE;;;;750
201400054799;14;3;18;1000;1;2;2;8;6;114;39, RUE D ALESIA;;;;750
201400054800;14;3;18;1640;1;2;2;1;3;114;BOULEVARD BRUNE;;;;750
201400054801;14;3;18;1540;1;2;3;1;7;114;BOULEVARD ADOLPHE PINARD;;;;750
201400054802;14;3;21;1140;1;2;7;1;6;114;PLACE DE LA PORTE DE CHA;;;;750
201400054803;14;3;21;1845;2;2;2;1;6;114;44, RUE DIDOT;;;;750
201400054804;14;3;22;910;1;2;3;2;6;114;1, RUE DU LUNAIN;;;;750
201400054805;14;3;25;2000;5;2;1;2;6;114;AVENUE DE LA PORTE DE CH;;;;750
201400054806;14;3;26;1250;1;2;2;1;6;114;135, BOULEVARD BRUNE;;;;750
201400054807;14;3;27;1015;1;2;3;1;3;114;250, BOULEVARD RASPAIL;;;;750
201400054808;14;3;27;1230;1;2;1;1;2;114;RUE JULIA BARTET;;;;750
201400054809;14;3;30;1815;1;2;1;1;2;114;44, RUE DE GERGOVIE;;;;750
201400054810;14;3;31;515;5;2;1;1;6;114;15, RUE GAZAN;;;;750
201400054811;14;4;1;1730;1;2;7;1;6;114;PLACE DENFERT ROCHEREAU;;;;750
201400054812;14;4;7;810;1;2;1;1;7;114;23, RUE DU PERE CORENTIN;;;;750
201400054813;14;4;7;1730;1;2;3;1;6;114;20, PLACE DE CATALOGNE;;;;750
201400054814;14;4;7;1900;1;2;1;2;7;114;103, AVENUE DU GENERAL L;;;;750
201400054815;14;4;8;1300;1;2;5;1;6;114;112, BOULEVARD DU MONTPA;;;;750
201400054816;14;4;8;2115;5;2;2;1;3;114;RUE D ALESIA;;;;750
201400054817;14;4;9;1430;1;2;3;1;3;114;70, BOULEVARD DU MONTPAR;;;;750
201400054818;14;4;10;25;5;2;5;1;3;114;1, BOULEVARD ADOLPHE PIN;;;;750
201400054819;14;4;11;1655;1;2;1;1;3;114;24, RUE MOUTON DUVERNET;;;;750
201400054820;14;4;14;300;5;2;1;1;7;114;66, AVENUE DU MAINE;;;;750
201400054821;14;4;16;830;1;2;1;1;3;114;3, RUE DE COULMIERS;;;;750
201400054822;14;4;19;440;5;2;2;1;6;114;194, RUE D ALESIA;;;;750
201400054823;14;4;23;1015;1;2;4;1;3;114;165, AVENUE DU MAINE;;;;750
201400054824;14;4;23;850;1;2;1;1;6;114;46, RUE DE L AMIRAL MOUC;;;;750
201400054825;14;4;23;1930;1;2;5;1;6;114;77, RUE DU FAUBOURG SAIN;;;;750
201400054826;14;4;24;300;5;2;5;1;3;114;BOULEVARD BRUNE;;;;750
201400054827;14;4;25;555;2;2;4;1;7;114;15, AVENUE DU MAINE;;;;750
201400054828;14;4;26;700;1;2;2;1;2;114;RUE DU COMMANDANT RENE M;;;;750
201400054829;14;4;26;1820;1;2;2;2;6;107;PONT DE LA CONCORDE;;;;750
201400054830;14;4;28;1550;1;2;1;1;6;114;87, AVENUE DU MAINE;;;;750
201400054831;14;4;28;1855;1;2;3;1;6;114;8, AVENUE DE LA SIBELLE;;;;750
201400054832;14;4;29;1800;1;2;1;2;6;114;110, RUE D ALESIA;;;;750
201400054833;14;5;4;1748;1;2;7;1;3;114;1, PLACE DU VINGT CINQ A;;;;750
201400054834;14;5;7;1505;1;2;2;2;6;114;108, RUE D ALESIA;;;;750
201400054835;14;5;8;2330;5;2;2;1;6;114;42, RUE DIDOT;;;;750
201400054836;14;5;9;1322;1;2;3;1;3;114;51, RUE FROIDEVAUX;;;;750
201400054837;14;5;10;1220;1;2;1;3;7;114;15, BOULEVARD JOURDAN;;;;750
201400054838;14;5;11;1855;1;2;1;2;3;114;87, BOULEVARD ARAGO;;;;750
201400054839;14;5;15;1435;1;2;1;1;6;114;12, RUE DIDOT;;;;750
201400054840;14;5;16;1250;1;2;1;1;6;114;BOULEVARD BRUNE;;;;750
201400054841;14;5;17;1450;1;2;2;1;3;114;33, AVENUE ERNEST REYER;;;;750
201400054842;14;5;17;1330;1;2;7;1;3;114;1, PLACE DENFERT ROCHERE;;;;750
201400054843;14;5;19;1835;1;2;1;1;2;114;97, RUE DE L AMIRAL MOUC;;;;750
201400054844;14;5;19;2010;1;2;2;1;2;114;43, AVENUE DU GENERAL LE;;;;750
201400054845;14;5;19;2030;1;2;1;1;7;114;5, RUE D ALESIA;;;;750
201400054846;14;5;20;910;1;2;5;1;3;114;30, RUE D ALESIA;;;;750
201400054847;14;5;20;1910;1;2;1;8;6;114;04, AVENUE JEAN MOULIN;;;;750
201400054848;14;5;20;2015;1;2;2;2;3;114;12, PLACE DE LA PORTE DE;;;;750
201400054849;14;5;21;1255;1;2;1;2;7;114;17, AVENUE DU GENERAL LE;;;;750
201400054850;14;5;21;1640;1;2;5;8;6;114;15-17, BOULEVARD ROMAIN;;;;750
201400054851;14;5;21;2250;5;2;1;3;6;114;79, AVENUE DENFERT ROCHE;;;;750
201400054852;14;5;24;1150;1;2;1;2;2;114;150, RUE RAYMOND LOSSERA;;;;750
201400054853;14;5;24;1805;1;2;2;8;7;114;2, RUE RAYMOND LOSSERAND;;;;750
201400054854;14;5;26;1600;1;2;1;8;6;114;149, AVENUE DU MAINE;;;;750
201400054855;14;5;29;1930;1;2;1;1;6;114;AVENUE ERNEST REYER;;;;750
201400054856;14;6;4;630;1;2;7;3;3;114;00, PLACE DENFERT ROCHER;;;;750
201400054857;14;6;4;930;1;2;3;2;3;114;5, AVENUE DU GENERAL LEC;;;;750
201400054858;14;6;4;1820;1;2;1;1;3;114;7, RUE DE CHATILLON;;;;750
201400054859;14;6;5;2015;2;2;1;1;2;114;BOULEVARD PERIPHERIQUE;;;;750
201400054860;14;6;6;1830;1;2;2;1;6;114;90, RUE DIDOT;;;;750
201400054861;14;6;9;1740;1;2;2;1;4;114;76, RUE DES PLANTES;;;;750
201400054862;14;6;10;950;1;2;3;1;6;114;AVENUE MAURICE D OCAGNE;;;;750
201400054863;14;6;10;2140;3;2;7;1;3;114;12, PLACE DE LA PORTE DE;;;;750
201400054864;14;6;11;1414;1;2;2;1;3;114;53, AVENUE DE L OBSERVAT;;;;750
201400054865;14;6;11;1415;1;2;2;1;6;114;RUE BENARD;;;;750
201400054866;14;6;11;1750;1;2;1;1;2;114;22, RUE BROUSSAIS;;;;750
201400054867;14;6;13;1130;1;2;2;1;6;107;27, BOULEVARD RASPAIL;;;;750
201400054868;14;6;13;1640;1;2;1;1;6;114;46, AVENUE REILLE;;;;750
201400054869;14;6;14;1455;1;2;1;1;3;114;3, RUE D ALESIA;;;;750
201400054870;14;6;14;1520;1;2;5;1;7;114;56, BOULEVARD EDGAR QUIN;;;;750
201400054871;14;6;15;1350;1;2;2;1;7;114;1, AVENUE MAURICE D OCAG;;;;750
201400054872;14;6;16;930;1;2;1;1;6;114;89, BOULEVARD ARAGO;;;;750
201400054873;14;6;16;1055;1;2;3;1;6;114;147, RUE D ALESIA;;;;750
201400054874;14;6;17;145;5;2;2;1;6;114;RUE PERNETY;;;;750
201400054875;14;6;19;1835;1;2;7;1;6;114;PLACE DU VINGT CINQ AOUT;;;;750
201400054876;14;6;20;2235;5;2;1;1;7;114;2, PLACE FERDINAND BRUNO;;;;750
201400054877;14;6;24;1540;1;2;1;1;6;114;01, AVENUE PIERRE MASSE;;;;750
201400054878;14;6;25;1710;1;2;2;1;3;107;AVENUE DE SEGUR;;;;750
201400054879;14;6;25;1750;1;2;2;1;6;114;62, AVENUE DU GENERAL LE;;;;750
201400054880;14;6;26;1740;1;2;3;1;6;114;16, RUE D ODESSA;;;;750
201400054881;14;6;26;2005;2;2;3;2;2;114;172, RUE D ALESIA;;;;750
201400054882;14;6;27;1300;1;2;1;1;6;114;72, RUE DAGUERRE;;;;750
201400054883;14;6;27;1545;1;2;1;1;6;114;116, AVENUE DU GENERAL L;;;;750
201400054884;14;6;27;1810;1;2;1;1;2;114;11, AVENUE RENE COTY;;;;750
201400054885;14;6;30;1625;1;2;1;1;2;114;12, RUE JULIA BARTET;;;;750
201400054886;14;6;30;1740;1;2;3;1;3;114;89, AVENUE DU GENERAL LE;;;;750
201400054887;14;6;30;1730;1;2;3;1;1;114;66, AVENUE DU GENERAL LE;;;;750
201400054888;14;7;1;755;1;2;5;1;6;114;25, AVENUE REILLE;;;;750
201400054889;14;7;3;830;1;2;1;1;6;114;7, RUE MAURICE ROUVIER;;;;750
201400054890;14;7;3;1020;1;2;2;1;6;114;102, BOULEVARD BRUNE;;;;750
201400054891;14;7;3;1435;1;2;1;1;7;114;66, AVENUE JEAN MOULIN;;;;750
201400054892;14;7;4;1010;1;2;1;1;7;114;15, BOULEVARD JOURDAN;;;;750
201400054893;14;7;5;1800;1;2;1;1;3;114;100, AVENUE DU GENERAL L;;;;750
201400054894;14;7;6;315;5;2;3;1;7;114;71, RUE D ALESIA;;;;750
201400054895;14;7;7;800;1;2;3;1;2;114;RUE DE LA LEGION ETRANGE;;;;750
201400054896;14;7;8;925;1;2;7;2;3;114;1, AVENUE DU GENERAL LEC;;;;750
201400054897;14;7;10;1550;1;2;2;8;6;114;52, AVENUE DU GENERAL LE;;;;750
201400054898;14;7;12;1535;1;2;3;1;6;114;147, RUE D ALESIA;;;;750
201400054899;14;7;17;925;1;2;5;1;3;114;AVENUE REILLE;;;;750
201400054900;14;7;18;1425;1;2;7;1;7;114;95, AVENUE DENFERT ROCHE;;;;750
201400054901;14;7;22;1615;1;2;7;1;6;107;BOULEVARD DES INVALIDES;;;;750
201400054902;14;7;23;1950;1;2;2;1;3;114;7, BOULEVARD JOURDAN;;;;750
201400054903;14;7;25;210;5;2;1;1;7;114;117-119, BOULEVARD BRUNE;;;;750
201400054904;14;7;29;1015;1;2;1;1;2;114;46, RUE D ALESIA;;;;750
201400054905;14;7;29;1810;1;2;1;2;7;114;286, BOULEVARD RASPAIL;;;;750
201400054906;14;8;1;1420;1;2;5;1;3;114;RUE D ALESIA;;;;750
201400054907;14;8;1;1510;1;2;5;1;3;114;122, AVENUE DU GENERAL L;;;;750
201400054908;14;8;2;720;1;2;4;1;6;114;232, BOULEVARD RASPAIL;;;;750
201400054909;14;8;6;1600;1;2;7;2;6;114;PLACE DENFERT ROCHEREAU;;;;750
201400054910;14;8;7;250;5;2;3;1;6;114;20, RUE DE LA TOMBE ISSO;;;;750
201400054911;14;8;7;540;5;2;1;2;6;114;70, BOULEVARD DU MONTPAR;;;;750
201400054912;14;8;7;1115;1;2;2;1;6;114;125, RUE D ALESIA;;;;750
201400054913;14;8;14;1340;1;2;2;1;3;114;177, BOULEVARD BRUNE;;;;750
201400054914;14;8;16;1155;1;2;3;1;2;114;168, AVENUE DU MAINE;;;;750
201400054915;14;8;21;1005;1;2;3;1;1;114;223, RUE D ALESIA;;;;750
201400054916;14;8;22;1025;1;2;2;1;6;114;BOULEVARD PERIPHERIQUE;;;;750
201400054917;14;8;23;2135;2;2;1;1;6;114;RUE DE LA GAITE;;;;750
201400054918;14;8;25;1520;1;2;1;2;6;114;134, AVENUE DU GENERAL L;;;;750
201400054919;14;8;28;1455;1;2;3;8;6;114;21, RUE DE CHATILLON;;;;750
201400054920;14;8;29;1015;1;2;5;1;3;114;89, AVENUE DU MAINE;;;;750
201400054921;14;8;29;1910;1;2;2;1;6;114;2, RUE D ARCUEIL;;;;750
201400054922;14;8;30;2030;5;2;1;1;6;114;10, BOULEVARD BRUNE;;;;750
201400054923;14;8;31;2030;5;2;1;1;1;114;11, RUE D ALESIA;;;;750
201400054924;14;9;2;1805;1;2;5;1;3;114;27, RUE DU DEPART;;;;750
201400054925;14;9;3;1530;1;2;3;1;6;114;VV181, RUE D ALESIA;;;;750
201400054926;14;9;3;2000;2;2;1;1;3;114;BOULEVARD PERIPHERIQUE;;;;750
201400054927;14;9;4;1040;1;2;3;8;6;114;223, RUE D ALESIA;;;;750
201400054928;14;9;5;2040;5;2;2;1;6;114;AVENUE JEAN MOULIN;;;;750
201400054929;14;9;6;15;5;2;5;1;3;114;232, BOULEVARD RASPAIL;;;;750
201400054930;14;9;7;600;5;2;3;1;5;114;74, BOULEVARD EDGAR QUIN;;;;750
201400054931;14;9;8;2100;5;2;1;1;3;114;BOULEVARD PERIPHERIQUE;;;;750
201400054932;14;9;9;1815;1;2;2;1;2;114;43, AVENUE DU GENERAL LE;;;;750
201400054933;14;9;12;1030;1;2;2;1;3;114;117, BOULEVARD JOURDAN;;;;750
201400054934;14;9;9;800;1;2;1;1;2;114;119, AVENUE DU GENERAL L;;;;750
201400054935;14;9;13;1525;1;2;4;1;6;114;AVENUE DE LA PORTE DE CH;;;;750
201400054936;14;9;14;332;5;2;1;1;6;114;14, RUE D ODESSA;;;;750
201400054937;14;9;14;1730;1;2;1;1;7;114;42, BOULEVARD JOURDAN;;;;750
201400054938;14;9;16;1845;1;2;1;1;6;114;2, PLACE FERDINAND BRUNO;;;;750
201400054939;14;9;18;730;1;2;2;1;6;114;15, BOULEVARD ROMAIN ROL;;;;750
201400054940;14;9;23;1050;1;2;2;1;6;114;84, BOULEVARD DU MONTPAR;;;;750
201400054941;14;9;24;1015;1;2;2;1;2;114;81, BOULEVARD BRUNE;;;;750
201400054942;14;9;24;1058;1;2;1;1;6;114;185, AVENUE DU MAINE;;;;750
201400054943;14;9;24;1735;1;2;1;1;2;114;71bis, RUE DE LA TOMBE I;;;;750
201400054944;14;9;25;1730;1;2;1;1;6;107;5, AVENUE DE VILLARS;;;;750
201400054945;14;9;25;1840;1;2;5;1;2;114;1, BOULEVARD BRUNE;;;;750
201400054946;14;9;26;1050;1;2;2;1;6;114;141, BOULEVARD BRUNE;;;;750
201400054947;14;10;2;1550;1;2;7;1;3;114;PLACE VICTOR ET HELENE B;;;;750
201400054948;14;10;3;800;1;2;7;1;3;114;PLACE DENFERT ROCHEREAU;;;;750
201400054949;14;10;6;1920;5;2;4;3;7;114;232, BOULEVARD RASPAIL;;;;750
201400054950;14;10;7;1900;5;2;2;2;6;114;170, RUE D ALESIA;;;;750
201400054951;14;10;7;2230;5;2;2;1;2;114;26, AVENUE JEAN MOULIN;;;;750
201400054952;14;10;8;1125;1;2;1;3;6;114;52, RUE D ALESIA;;;;750
201400054953;14;10;10;2045;5;2;2;1;2;114;28, BOULEVARD JOURDAN;;;;750
201400054954;14;10;12;630;5;2;2;1;7;114;105, RUE VERCINGETORIX;;;;750
201400054955;14;10;12;1150;1;2;1;1;2;114;125, BOULEVARD BRUNE;;;;750
201400054956;14;10;15;1600;1;2;1;2;2;114;63, AVENUE DU GENERAL LE;;;;750
201400054957;14;10;16;100;5;2;1;2;3;114;AVENUE DU DOCTEUR LANNEL;;;;750
201400054958;14;10;17;430;5;2;1;2;6;114;1, AVENUE PIERRE MASSE;;;;750
201400054959;14;10;19;620;5;2;1;1;1;114;176, RUE D ALESIA;;;;750
201400054960;14;10;19;1940;3;2;3;1;3;114;20, AVENUE DU GENERAL LE;;;;750
201400054961;14;10;21;235;5;2;1;1;7;114;AVENUE DAVID WEILL;;;;750
201400054962;14;10;22;2000;5;2;3;1;6;114;58, RUE DES PLANTES;;;;750
201400054963;14;10;23;900;1;2;2;1;5;114;1, BOULEVARD DU MONTPARN;;;;750
201400054964;14;10;24;145;5;2;2;1;2;115;1, PLACE DU MOULIN DE JA;;;;750
201400054965;14;10;27;1525;1;2;2;1;6;114;170, RUE D ALESIA;;;;750
201400054966;14;10;28;1715;2;2;4;1;2;114;BOULEVARD PERIPHERIQUE I;;;;750
201400054967;14;10;29;2330;5;2;3;1;6;114;AVENUE DU GENERAL LECLER;;;;750
201400054968;14;10;30;635;5;2;4;1;6;114;35, BOULEVARD ROMAIN ROL;;;;750
201400054969;14;11;1;230;5;2;2;1;6;114;151, AVENUE PAUL VAILLAN;;;;750
201400054970;14;11;3;1335;1;2;5;2;3;114;RUE D ALESIA;;;;750
201400054971;14;11;4;845;1;2;7;8;3;114;RUE DU CHATEAU;;;;750
201400054972;14;11;4;1645;1;2;1;1;2;114;119, AVENUE DU GENERAL L;;;;750
201400054973;14;11;5;835;1;2;1;1;1;114;68, AVENUE DENFERT ROCHE;;;;750
201400054974;14;11;5;1715;2;2;3;1;3;114;162, RUE D ALESIA;;;;750
201400054975;14;11;8;100;5;2;3;1;3;115;35, QUAI ANDRE CITROEN;;;;750
201400054976;14;11;10;1430;1;2;3;1;4;114;179, RUE VERCINGETORIX;;;;750
201400054977;14;11;11;2015;5;2;3;1;3;114;45, AVENUE JEAN MOULIN;;;;750
201400054978;14;11;15;1630;1;2;1;2;7;114;AVENUE LUCIEN DESCAVES;;;;750
201400054979;14;11;16;1910;5;2;3;2;6;114;18, RUE DE LA TOMBE ISSO;;;;750
201400054980;14;11;17;825;1;2;5;1;2;114;PLACE PABLO PICASSO;;;;750
201400054981;14;11;17;815;1;2;1;1;3;114;BOULEVARD PERIPHERIQUE;;;;750
201400054982;14;11;18;900;1;2;1;2;7;114;85, RUE D ALESIA;;;;750
201400054983;14;11;19;1650;2;2;2;1;1;114;50, BOULEVARD JOURDAN;;;;750
201400054984;14;11;20;1340;1;2;5;1;3;114;PLACE DE LA PORTE DE VAN;;;;750
201400054985;14;11;21;550;5;2;1;1;6;114;5 bis, RUE D ALESIA;;;;750
201400054986;14;11;24;910;1;2;3;2;6;114;RUE RAYMOND LOSSERAND;;;;750
201400054987;14;11;24;850;1;2;1;2;1;114;11 TER, RUE D ALESIA;;;;750
201400054988;14;11;24;2030;5;2;2;1;2;114;34, AVENUE DU GENERAL LE;;;;750
201400054989;14;11;25;1720;2;2;1;1;6;114;42, AVENUE REILLE;;;;750
201400054990;14;11;26;2100;5;2;1;1;7;114;105, BOULEVARD JOURDAN;;;;750
201400054991;14;11;29;2320;5;2;3;1;6;114;232, RUE VERCINGETORIX;;;;750
201400054992;14;11;30;1410;1;2;2;1;2;114;RUE VERCINGETORIX;;;;750
201400054993;14;11;30;1748;5;2;2;1;6;114;RUE D ALESIA;;;;750
201400054994;14;12;2;1535;1;2;4;2;7;114;250, BOULEVARD RASPAIL;;;;750
201400054995;14;12;2;1640;5;2;3;1;6;114;11, RUE DE LA CITE UNIVE;;;;750
201400054996;14;12;2;1955;5;2;3;2;6;114;BOULEVARD ROMAIN ROLLAND;;;;750
201400054997;14;12;4;1951;4;2;1;1;3;113;PORTE DE GENTILLY;;;;750
201400054998;14;12;7;730;2;2;7;1;7;114;PLACE VICTOR BASCH;;;;750
201400054999;14;12;8;1110;1;2;1;1;6;114;5, VILLA COEUR DE VEY;;;;750
201400055000;14;12;8;1840;5;2;5;9;2;114;10, AVENUE RENE COTY;;;;750
201400055001;14;12;9;945;1;2;3;1;3;114;1, BOULEVARD ADOLPHE PIN;;;;750
201400055002;14;12;9;1240;1;2;3;1;6;114;8, RUE MAURICE BOUCHOR;;;;750
201400055003;14;12;9;1325;1;2;1;1;3;114;7, BOULEVARD JOURDAN;;;;750
201400055004;14;12;9;1710;5;2;1;1;3;114;216, AVENUE DU MAINE;;;;750
201400055005;14;12;9;1800;5;2;4;1;7;114;19, AVENUE RENE COTY;;;;750
201400055006;14;12;10;840;1;2;5;2;3;114;54, BOULEVARD EDGAR QUIN;;;;750
201400055007;14;12;10;1703;2;2;3;2;6;114;RUE DE LA TOMBE ISSOIRE;;;;750
201400055008;14;12;11;2315;5;2;2;1;6;114;95, BOULEVARD DE PORT RO;;;;750
201400055009;14;12;12;1245;1;2;1;3;6;114;122, AVENUE DU GENERAL L;;;;750
201400055010;14;12;12;2240;5;2;2;2;3;114;89, BOULEVARD BRUNE;;;;750
201400055011;14;12;14;2020;5;2;1;1;3;115;78 BIS, RUE DE LA CONVEN;;;;750
201400055012;14;12;15;820;1;2;2;2;6;114;170, RUE D ALESIA;;;;750
201400055013;14;12;15;1725;5;2;4;2;6;114;52, RUE DE LA TOMBE ISSO;;;;750
201400055014;14;12;17;1030;1;2;2;2;1;114;174, BOULEVARD DU MONTPA;;;;750
201400055015;14;12;17;2220;5;2;3;3;6;114;59, BOULEVARD SAINT JACQ;;;;750
201400055016;14;12;18;2000;5;2;7;1;2;114;1, AVENUE DU COLONEL HEN;;;;750
201400055017;14;12;18;1955;5;2;1;1;4;114;18, RUE DES PLANTES;;;;750
201400055018;14;12;19;1835;5;2;5;2;6;114;1, RUE PATURLE;;;;750
201400055019;14;12;20;1150;1;2;3;1;6;114;56, RUE HALLE;;;;750
201400055020;14;12;21;1905;5;2;7;1;7;114;PLACE DENFERT ROCHEREAU;;;;750
201400055021;14;12;21;1935;5;2;1;1;2;114;3, BOULEVARD EDGAR QUINE;;;;750
201400055022;14;1;4;650;5;2;5;1;6;115;RUE LINOIS;;;;750
201400055023;14;1;4;945;1;2;2;1;6;115;346, RUE LECOURBE;;;;750
201400055024;14;1;4;2345;5;2;2;1;3;115;RUE CAMBRONNE;;;;750
201400055025;14;1;6;1020;1;2;2;1;3;115;1, QUAI BRANLY;;;;750
201400055026;14;1;6;2005;5;2;1;2;3;115;6, RUE DE LA PORTE D ISS;;;;750
201400055027;14;1;7;1005;1;2;1;8;3;115;22, RUE DE VOUILLE;;;;750
201400055028;14;1;9;1815;5;2;2;1;3;115;146, RUE SAINT CHARLES;;;;750
201400055029;14;1;10;1408;1;2;3;1;3;115;161 bis, AVENUE DE SUFFR;;;;750
201400055030;14;1;11;1055;1;2;2;1;3;115;154, RUE LECOURBE;;;;750
201400055031;14;1;11;1450;1;2;2;8;3;115;163, RUE DE LA CROIX NIV;;;;750
201400055032;14;1;13;1605;1;2;3;7;6;115;73, QUAI BRANLY;;;;750
201400055033;14;1;15;945;1;2;3;2;6;115;RUE DESNOUETTES;;;;750
201400055034;14;1;15;1400;1;2;1;2;3;115;20, RUE LEBLANC;;;;750
201400055035;14;1;15;1920;5;2;3;2;7;115;48, RUE DE DANTZIG;;;;750
201400055036;14;1;15;2025;3;2;1;2;6;115;PORT DE GRENELLE;;;;750
201400055037;14;1;16;1540;1;2;7;1;3;115;PLACE DES INSURGES DE VA;;;;750
201400055038;14;1;17;1050;1;2;3;1;6;115;222, RUE DE LA CONVENTIO;;;;750
201400055039;14;1;18;708;5;2;1;1;1;115;20, RUE DE LA CROIX NIVE;;;;750
201400055040;14;1;22;1545;1;2;3;2;3;115;10, AVENUE DU MAINE;;;;750
201400055041;14;1;24;1450;1;2;1;1;3;115;18, BOULEVARD DE GRENELL;;;;750
201400055042;14;1;27;830;1;2;7;1;6;115;2, RUE LOUIS ARMAND;;;;750
201400055043;14;1;27;855;1;2;2;1;6;115;125, RUE CAMBRONNE;;;;750
201400055044;14;1;27;1230;1;2;1;2;7;115;8, RUE JACQUES BAUDRY;;;;750
201400055045;14;1;27;1910;5;2;2;1;2;115;274, RUE LECOURBE;;;;750
201400055046;14;1;27;2300;5;2;2;1;7;115;BOULEVARD GENERAL MARTIA;;;;750
201400055047;14;1;28;1750;5;2;2;2;6;115;44, RUE DE LA CONVENTION;;;;750
201400055048;14;1;29;1830;5;2;3;1;6;115;74, RUE SAINT CHARLES;;;;750
201400055049;14;1;31;735;2;2;5;5;3;115;BOULEVARD LEFEBVRE;;;;750
201400055050;14;2;1;815;5;2;5;2;6;115;224, RUE DE LA CROIX NIV;;;;750
201400055051;14;2;1;1420;1;2;3;1;6;115;6, RUE ANTOINE BOURDELLE;;;;750
201400055052;14;2;1;1630;1;2;2;1;6;115;375 BIS, RUE DE VAUGIRAR;;;;750
201400055053;14;2;2;107;5;2;7;1;2;115;90, QUAI ANDRE CITROEN;;;;750
201400055054;14;2;2;1740;1;2;2;1;7;107;AVENUE DE SUFFREN;;;;750
201400055055;14;2;5;2045;5;2;2;1;6;115;QUAI ANDRE CITROEN;;;;750
201400055056;14;2;7;1600;1;2;3;1;2;115;19, RUE DU DOCTEUR FINLA;;;;750
201400055057;14;2;7;1530;1;2;2;1;6;115;23, RUE DU COMMERCE;;;;750
201400055058;14;2;8;1755;5;2;3;2;6;115;11, RUE LINOIS;;;;750
201400055059;14;2;9;630;5;2;2;1;6;115;110, RUE CAMBRONNE;;;;750
201400055060;14;2;9;630;5;2;1;1;6;115;18, RUE DE L ARRIVEE;;;;750
201400055061;14;2;11;940;1;2;1;1;3;115;100, RUE DE SEVRES;;;;750
201400055062;14;2;11;2100;5;2;1;2;2;115;214, RUE DE LA CONVENTIO;;;;750
201400055063;14;2;13;725;5;2;5;3;2;107;15, BOULEVARD RASPAIL;;;;750
201400055064;14;2;14;505;5;2;2;1;6;115;RUE CAMBRONNE;;;;750
201400055065;14;2;15;1600;1;2;2;1;6;115;227, RUE DE LA CONVENTIO;;;;750
201400055066;14;2;15;2020;5;2;2;2;6;115;103, RUE CAMBRONNE;;;;750
201400055067;14;2;15;2015;5;2;2;1;6;115;196, RUE DE LA CONVENTIO;;;;750
201400055068;14;2;16;1455;1;2;2;1;6;115;18, BOULEVARD DE GRENELL;;;;750
201400055069;14;2;17;2025;5;2;2;1;1;115;0, RUE DES ENTREPRENEURS;;;;750
201400055070;14;2;18;1025;1;2;3;1;6;115;61, BOULEVARD PASTEUR;;;;750
201400055071;14;2;20;855;1;2;2;2;7;115;52, RUE DE LA CONVENTION;;;;750
201400055072;14;2;23;1645;1;2;2;1;6;115;53, QUAI DE GRENELLE;;;;750
201400055073;14;2;25;1550;1;2;4;1;6;115;88, RUE DE LA FEDERATION;;;;750
201400055074;14;2;26;535;5;2;3;1;7;115;19, QUAI DE GRENELLE;;;;750
201400055075;14;2;26;1945;5;2;2;1;6;115;1, QUAI ANDRE CITROEN;;;;750
201400055076;14;2;27;955;1;2;2;3;6;115;189, RUE DE LA CONVENTIO;;;;750
201400055077;14;2;27;948;1;2;1;3;3;115;6, RUE LOUIS ARMAND;;;;750
201400055078;14;2;27;1550;1;2;1;2;6;115;189, RUE DE LA CONVENTIO;;;;750
201400055079;14;2;27;1915;5;2;2;2;6;115;RUE DE LA CONVENTION;;;;750
201400055080;14;2;28;315;5;2;2;1;3;115;RUE DU COMMERCE;;;;750
201400055081;14;2;28;930;1;2;2;2;6;115;BOULEVARD GARIBALDI;;;;750
201400055082;14;3;1;620;5;2;5;2;4;115;1, RUE DE L ARRIVEE;;;;750
201400055083;14;3;1;1320;1;2;7;1;3;115;1, RUE CAMBRONNE;;;;750
201400055084;14;3;2;1030;1;2;2;2;3;115;105, RUE DE LOURMEL;;;;750
201400055085;14;3;4;1502;1;2;2;1;3;115;56-62, RUE DE VOUILLE;;;;750
201400055086;14;3;6;945;1;2;2;1;6;115;27, BOULEVARD DE GRENELL;;;;750
201400055087;14;3;8;248;5;2;7;1;6;114;143, RUE DU CHATEAU;;;;750
201400055088;14;3;10;1850;1;2;2;1;3;115;25, RUE DE LA CONVENTION;;;;750
201400055089;14;3;11;705;2;2;1;1;6;115;4, RUE DU DEPART;;;;750
201400055090;14;3;11;1250;1;2;2;1;6;115;2, RUE DU COMMERCE;;;;750
201400055091;14;3;11;1420;1;2;1;1;3;115;PONT DE GRENELLE;;;;750
201400055092;14;3;11;2215;5;2;1;1;6;115;19, RUE THIBOUMERY;;;;750
201400055093;14;3;11;2235;5;2;7;1;7;115;1, PLACE CAMBRONNE;;;;750
201400055094;14;3;12;625;5;2;2;1;6;115;148, RUE DE LA CROIX NIV;;;;750