num_acc;an;mois;jour;hrmn;lum;agg;int;atm;col;com;adr;gps;lat;long;dep
201400055095;14;3;13;1120;1;2;7;1;6;115;362, RUE LECOURBE;;;;750
201400055096;14;3;13;1215;1;2;1;1;6;115;34, BOULEVARD DE VAUGIRA;;;;750
201400055097;14;3;13;1450;1;2;1;1;3;115;61, RUE HENRY FARMAN;;;;750
201400055098;14;3;13;1635;1;2;3;1;6;115;25, RUE DE LA CROIX NIVE;;;;750
201400055099;14;3;15;1820;1;2;2;1;6;115;34, BOULEVARD DE GRENELL;;;;750
201400055100;14;3;16;1750;1;2;2;1;6;115;32, BOULEVARD DU MONTPAR;;;;750
201400055101;14;3;19;1550;1;2;2;1;7;115;59, BOULEVARD LEFEBVRE;;;;750
201400055102;14;3;20;1315;1;2;4;1;6;115;196, RUE DE LA CROIX NIV;;;;750
201400055103;14;3;20;1535;1;2;5;1;3;115;68, BOULEVARD PASTEUR;;;;750
201400055104;14;3;20;1550;1;2;5;1;6;115;68, BOULEVARD PASTEUR;;;;750
201400055105;14;3;23;2340;5;2;3;1;2;115;63, RUE DE LA CROIX NIVE;;;;750
201400055106;14;3;24;925;1;2;5;1;6;115;190, RUE CORBON;;;;750
201400055107;14;3;25;1410;1;2;2;2;3;115;PONT MIRABEAU;;;;750
201400055108;14;3;25;1545;1;2;2;8;6;115;34, RUE LINOIS;;;;750
201400055109;14;3;26;830;1;2;5;1;3;115;62, BOULEVARD DU MONTPAR;;;;750
201400055110;14;3;26;850;1;2;1;1;2;115;33, BOULEVARD GENERAL MA;;;;750
201400055111;14;3;26;1100;1;2;2;1;3;115;12, RUE MARMONTEL;;;;750
201400055112;14;3;26;1330;1;2;2;1;3;115;2, AVENUE DE LA PORTE DE;;;;750
201400055113;14;4;1;1155;1;2;3;1;6;115;24, RUE LECOURBE;;;;750
201400055114;14;4;2;1548;1;2;1;1;6;115;163 bis, RUE DE VAUGIRAR;;;;750
201400055115;14;4;2;1630;1;2;3;1;3;115;85, AVENUE DE SEGUR;;;;750
201400055116;14;4;3;1415;1;2;5;1;6;115;84, RUE CAMBRONNE;;;;750
201400055117;14;4;7;130;5;2;2;1;3;115;230, RUE DE VAUGIRARD;;;;750
201400055118;14;4;7;1300;1;2;5;1;7;115;AVENUE DE LA PORTE BRANC;;;;750
201400055119;14;4;7;1705;1;2;3;1;6;115;14, AVENUE EMILE ZOLA;;;;750
201400055120;14;4;8;1720;1;2;3;1;6;115;325, RUE LECOURBE;;;;750
201400055121;14;4;8;1915;1;2;1;1;6;115;52, BOULEVARD DE VAUGIRA;;;;750
201400055122;14;4;9;915;1;2;7;1;7;115;ROND POINT DU PONT MIRAB;;;;750
201400055123;14;4;9;1935;1;2;2;1;6;115;5, BOULEVARD LEFEBVRE;;;;750
201400055124;14;4;9;2015;5;2;2;1;3;115;RUE DE LOURMEL;;;;750
201400055125;14;4;10;1945;1;2;4;1;7;115;., RUE PEGOUD;;;;750
201400055126;14;4;11;350;5;2;7;1;3;115;QUAI ANDRE CITROEN;;;;750
201400055127;14;4;13;1225;1;2;2;8;6;115;44, RUE DE LA CONVENTION;;;;750
201400055128;14;4;14;1545;1;2;5;1;3;115;PORTE BRANCION;;;;750
201400055129;14;4;16;155;5;2;1;1;6;115;59, RUE BRANCION;;;;750
201400055130;14;4;17;835;1;2;1;1;6;115;36, BOULEVARD GARIBALDI;;;;750
201400055131;14;4;19;2140;5;2;1;1;2;115;24, RUE DU COLONEL PIERR;;;;750
201400055132;14;4;22;1655;1;2;2;3;2;115;42, RUE PAUL BARRUEL;;;;750
201400055133;14;4;25;1215;1;2;3;2;2;115;250, RUE DE VAUGIRARD;;;;750
201400055134;14;4;26;640;2;2;1;1;7;107;59, QUAI BRANLY;;;;750
201400055135;14;4;26;1610;1;2;4;8;7;115;23, AVENUE EMILE ZOL;;;;750
201400055136;14;4;27;1920;1;2;2;8;7;115;341, RUE LECOURBE;;;;750
201400055137;14;4;27;2210;5;2;2;1;2;115;135, RUE DE LA CONVENTIO;;;;750
201400055138;14;4;28;1800;1;2;1;1;6;115;123, RUE CAMBRONNE;;;;750
201400055139;14;4;29;1405;1;2;3;1;2;115;RUE LOUIS ARMAND;;;;750
201400055140;14;4;29;1640;1;2;4;2;2;115;1, PLACE DU MOULIN DE JA;;;;750
201400055141;14;4;29;1810;1;2;3;2;6;115;213, RUE DE VAUGIRARD;;;;750
201400055142;14;4;29;2015;2;2;1;2;7;115;121, RUE DE LA CROIX NIV;;;;750
201400055143;14;4;30;1100;1;2;2;1;2;115;AVENUE DE LOWENDAL;;;;750
201400055144;14;5;1;650;1;2;2;1;3;115;24, RUE DE VOUILLE;;;;750
201400055145;14;5;1;1950;2;2;1;2;3;115;121, BOULEVARD DE GRENEL;;;;750
201400055146;14;5;5;2010;1;2;3;1;6;115;348, RUE DE VAUGIRARD;;;;750
201400055147;14;5;5;2225;5;2;2;1;7;115;5, BOULEVARD LEFEBVRE;;;;750
201400055148;14;5;7;1515;1;2;7;8;6;115;68, BOULEVARD DU MONTPAR;;;;750
201400055149;14;5;7;1945;2;2;1;1;6;115;19, RUE LINOIS;;;;750
201400055150;14;5;10;630;1;2;3;1;6;115;RUE D ALENCON;;;;750
201400055151;14;5;10;1200;1;2;1;2;3;115;58, BOULEVARD PASTEUR;;;;750
201400055152;14;5;10;1500;1;2;1;2;6;115;165, RUE DE LA CONVENTIO;;;;750
201400055153;14;5;11;1040;1;2;5;1;6;115;109, RUE LECOURBE;;;;750
201400055154;14;5;12;930;1;2;2;1;3;115;165, RUE DE SEVRES;;;;750
201400055155;14;5;13;2056;1;2;2;1;3;115;RUE DE LA CONVENTION;;;;750
201400055156;14;5;13;2030;2;2;1;1;3;115;55, AVENUE EMILE ZOLA;;;;750
201400055157;14;5;15;1200;1;2;1;1;2;115;QUAI ANDRE CITROEN;;;;750
201400055158;14;5;16;1444;1;2;1;1;6;115;85, BOULEVARD PASTEUR;;;;750
201400055159;14;5;16;2015;2;2;1;1;1;115;228, RUE SAINT CHARLES;;;;750
201400055160;14;5;17;1740;1;2;1;1;6;115;62B, RUE DES ENTREPRENEU;;;;750
201400055161;14;5;20;2000;2;2;1;2;6;115;32, RUE DE L AMIRAL ROUS;;;;750
201400055162;14;5;21;1415;1;2;3;2;4;115;27, QUAI DE GRENELLE;;;;750
201400055163;14;5;22;1000;1;2;2;2;6;115;224, RUE DE LA CROIX NIV;;;;750
201400055164;14;5;23;1750;1;2;1;1;2;115;61, RUE DU COMMERCE;;;;750
201400055165;14;5;24;1935;1;2;3;1;2;115;43, RUE DE DANTZIG;;;;750
201400055166;14;5;28;2055;2;2;3;2;6;115;24, BOULEVARD DE VAUGIRA;;;;750
201400055167;14;6;1;1315;1;2;1;1;1;115;50, RUE HENRY FARMAN;;;;750
201400055168;14;6;2;2030;1;2;3;1;6;115;61, RUE BLOMET;;;;750
201400055169;14;6;4;940;1;2;1;2;6;115;39/43, QUAI ANDRE CITROE;;;;750
201400055170;14;6;4;1115;1;2;4;2;3;115;9, RUE BELLART;;;;750
201400055171;14;6;6;1130;1;2;1;1;6;115;20, RUE DE VOUILLE;;;;750
201400055172;14;6;6;2320;5;2;4;1;6;115;PORTE DE SEVRES;;;;750
201400055173;14;6;7;1050;1;2;1;8;3;115;60, AVENUE DE LA MOTTE P;;;;750
201400055174;14;6;10;940;1;2;1;1;3;115;55, RUE DES MORILLONS;;;;750
201400055175;14;6;10;1210;1;2;7;2;6;115;PLACE CAMBRONNE;;;;750
201400055176;14;6;10;2120;2;2;3;1;3;115;RUE PEGOUD;;;;750
201400055177;14;6;10;2230;5;2;2;1;3;115;198, RUE DE VAUGIRARD;;;;750
201400055178;14;6;11;1300;1;2;2;1;3;115;2, RUE LINOIS;;;;750
201400055179;14;6;11;1630;1;2;1;1;6;115;48, AVENUE EMILE ZOLA;;;;750
201400055180;14;6;12;945;1;2;2;1;5;115;135, RUE DE LA CONVENTIO;;;;750
201400055181;14;6;16;1725;1;2;1;1;3;115;1, RUE DU LAOS;;;;750
201400055182;14;6;17;1940;1;2;3;1;2;115;31, RUE JACQUES BAUDRY;;;;750
201400055183;14;6;18;1055;1;2;5;1;6;115;63, BOULEVARD DE GRENELL;;;;750
201400055184;14;6;18;1305;1;2;2;1;6;115;347, RUE DE VAUGIRARD;;;;750
201400055185;14;6;18;1355;1;2;1;1;6;115;7, RUE FENOUX;;;;750
201400055186;14;6;18;1630;1;2;3;1;6;115;311, RUE DE VAUGIRARD;;;;750
201400055187;14;6;19;1955;1;2;2;1;6;115;34, RUE DE DANTZIG;;;;750
201400055188;14;6;19;2210;5;2;7;1;6;115;2, PLACE CAMBRONNE;;;;750
201400055189;14;6;20;1320;1;2;1;1;3;115;32, RUE DE LOURMEL;;;;750
201400055190;14;6;20;1720;1;2;2;1;3;115;1, RUE GASTON DE CAILLAV;;;;750
201400055191;14;6;20;2040;1;2;5;1;2;115;85, RUE DE LA CROIX NIVE;;;;750
201400055192;14;6;21;1550;1;2;1;1;3;115;47, RUE DE VOUILLE;;;;750
201400055193;14;6;23;1145;1;2;3;1;6;115;23, RUE SANTOS DUMONT;;;;750
201400055194;14;6;23;1710;1;2;2;1;7;115;ROND POINT DU PONT MIRAB;;;;750
201400055195;14;6;24;1015;1;2;1;1;2;115;55, RUE DE DANTZIG;;;;750
201400055196;14;6;25;2030;2;2;2;1;6;115;41, QUAI ANDRE CITROEN;;;;750
201400055197;14;6;27;1450;1;2;1;1;6;115;165, RUE DE JAVEL;;;;750
201400055198;14;6;27;1505;1;2;1;1;7;115;9, RUE CAMBRONNE;;;;750
201400055199;14;6;28;2315;5;2;2;3;7;115;113, BOULEVARD DE GRENEL;;;;750
201400055200;14;6;29;1;5;2;2;2;1;115;227, RUE LECOURBE;;;;750
201400055201;14;7;1;1730;1;2;1;1;6;115;18, BOULEVARD DE VAUGIRA;;;;750
201400055202;14;7;2;945;1;2;2;1;3;115;114, RUE DE LA CROIX NIV;;;;750
201400055203;14;7;2;1130;1;2;1;1;6;115;6, RUE DU COLONEL PIERRE;;;;750
201400055204;14;7;4;230;5;2;1;1;6;115;QUAI ANDRE CITROEN;;;;750
201400055205;14;7;5;1730;1;2;2;1;6;107;20, AVENUE DUQUESNE;;;;750
201400055206;14;7;7;1330;1;2;1;1;2;115;32, RUE LECOURBE;;;;750
201400055207;14;7;8;1545;1;2;1;3;6;115;69, RUE DES ENTREPRENEUR;;;;750
201400055208;14;7;9;812;1;2;2;1;2;115;114, RUE DE LA CONVENTIO;;;;750
201400055209;14;7;9;845;1;2;2;1;6;115;45, RUE DE VOUILLE;;;;750
201400055210;14;7;13;215;5;2;1;8;6;115;22, RUE SAINT AMAND;;;;750
201400055211;14;7;15;2100;2;2;2;1;3;115;RUE DE LA CROIX NIVERT;;;;750
201400055212;14;7;15;1050;1;2;2;1;6;115;RUE DE LA PORTE D ISSY;;;;750
201400055213;14;7;20;1755;1;2;5;1;2;115;2, AVENUE DU MAINE;;;;750
201400055214;14;7;21;900;1;2;4;8;3;115;10, RUE DE L ARMORIQUE;;;;750
201400055215;14;7;22;1845;1;2;1;1;6;115;6, RUE DE LA CROIX NIVER;;;;750
201400055216;14;7;22;2125;2;2;1;1;6;115;11, RUE DE L ARRIVEE;;;;750
201400055217;14;7;25;2205;2;2;3;1;2;115;40, QUAI D ISSY LES MOUL;;;;750
201400055218;14;7;28;1535;1;2;2;1;6;115;RUE DES QUATRE FRERES PE;;;;750
201400055219;14;8;3;2140;5;2;1;1;3;115;50, AVENUE DU MAINE;;;;750
201400055220;14;8;5;1755;1;2;1;1;7;115;45, BOULEVARD LEFEBVRE;;;;750
201400055221;14;8;7;1915;1;2;7;1;3;115;PLACE D ALLERAY;;;;750
201400055222;14;8;8;1230;1;2;1;2;2;107;32, BOULEVARD RASPAIL;;;;750
201400055223;14;8;9;1530;1;2;1;1;3;115;10, RUE PAUL BARRUEL;;;;750
201400055224;14;8;11;1535;1;2;3;1;6;115;37, RUE D ALLERAY;;;;750
201400055225;14;8;11;1610;1;2;1;1;3;115;70, BOULEVARD GARIBALDI;;;;750
201400055226;14;8;14;845;1;2;7;1;3;115;RUE PAUL BARRUEL;;;;750
201400055227;14;8;14;1700;1;2;4;1;6;115;88, RUE DE LA FEDERATION;;;;750
201400055228;14;8;19;1500;1;2;2;1;3;115;BOULEVARD VICTOR;;;;750
201400055229;14;8;22;1405;1;2;1;1;2;115;21, RUE DESAIX;;;;750
201400055230;14;8;22;1730;1;2;1;1;2;115;BOULEVARD PERIPHERIQUE;;;;750
201400055231;14;8;23;1225;1;2;1;1;2;115;29, RUE DE LOURMEL;;;;750
201400055232;14;8;23;1455;1;2;2;1;3;115;21, RUE DE L ABBE GROULT;;;;750
201400055233;14;8;24;235;5;2;2;1;6;115;25, AVENUE EMILE ZOLA;;;;750
201400055234;14;8;24;2245;5;2;2;1;3;115;1, RUE DE L AMIRAL ROUSS;;;;750
201400055235;14;8;25;1915;1;2;2;2;2;115;53, QUAI DE GRENELLE;;;;750
201400055236;14;8;26;1320;1;2;1;2;2;115;54, RUE DE LA CONVENTION;;;;750
201400055237;14;8;28;1420;1;2;1;1;6;115;204 BIS, RUE DE LA CONVE;;;;750
201400055238;14;9;3;1345;1;2;7;1;6;115;42, RUE DU THEATRE;;;;750
201400055239;14;9;5;815;1;2;2;1;6;115;64, RUE DUTOT;;;;750
201400055240;14;9;6;320;5;2;2;1;6;115;30, RUE BRANCION;;;;750
201400055241;14;9;6;1230;1;2;1;1;6;115;32, RUE GEORGES PITARD;;;;750
201400055242;14;9;7;2325;5;2;5;1;6;115;254, RUE DE LA CONVENTIO;;;;750
201400055243;14;9;8;700;1;2;1;1;3;115;39, QUAI DE GRENELLE;;;;750
201400055244;14;9;8;1510;1;2;3;1;6;115;24, BOULEVARD DE VAUGIRA;;;;750
201400055245;14;9;8;1925;1;2;2;1;7;115;23, BOULEVARD VICTOR;;;;750
201400055246;14;9;9;730;1;2;7;1;3;115;PLACE DES INSURGES DE VA;;;;750
201400055247;14;9;9;1620;1;2;1;1;6;115;2, RUE LECOURBE;;;;750
201400055248;14;9;9;2135;5;2;3;1;6;115;13, RUE BARGUE;;;;750
201400055249;14;9;12;1315;1;2;3;1;6;115;60, RUE DE LA CROIX NIVE;;;;750
201400055250;14;9;12;1415;1;2;2;1;6;115;75, RUE DE LOURMEL;;;;750
201400055251;14;9;14;2030;5;2;2;1;7;115;1, ROND POINT DU PONT MI;;;;750
201400055252;14;9;17;1820;1;2;3;1;6;115;1, PLACE RAOUL DAUTRY;;;;750
201400055253;14;9;17;2000;5;2;1;1;3;115;QUAI ANDRE CITROEN;;;;750
201400055254;14;9;18;1;5;2;4;1;6;114;BOULEVARD PERIPHERIQUE;;;;750
201400055255;14;9;18;500;5;2;1;1;6;115;49, RUE DE DANTZIG;;;;750
201400055256;14;9;18;1645;1;2;3;2;1;115;07, RUE LINOIS;;;;750
201400055257;14;9;20;1135;1;2;1;1;2;115;02, AVENUE DU MAINE;;;;750
201400055258;14;9;21;1445;1;2;2;1;3;115;RUE DE LA CONVENTION;;;;750
201400055259;14;9;21;2045;5;2;2;2;3;115;108, RUE DE LA CONVENTIO;;;;750
201400055260;14;9;22;1615;1;2;2;1;6;115;214, RUE DE LA CONVENTIO;;;;750
201400055261;14;9;22;1940;2;2;2;1;3;115;50, BOULEVARD PASTEUR;;;;750
201400055262;14;9;24;204;5;2;2;1;3;115;RUE DE VAUGIRARD;;;;750
201400055263;14;9;24;1035;1;2;2;1;6;115;346, RUE LECOURBE;;;;750
201400055264;14;9;24;1825;1;2;1;1;6;115;79, RUE DU COMMERCE;;;;750
201400055265;14;9;24;1800;1;2;1;1;2;115;16, RUE JEAN REY;;;;750
201400055266;14;9;24;2025;5;2;1;1;7;115;44, AVENUE DE SUFFREN;;;;750
201400055267;14;9;25;1700;1;2;1;1;2;115;NON DENOMMEE AD/15;;;;750
201400055268;14;9;28;2230;5;2;2;1;1;115;193, RUE DE VAUGIRARD;;;;750
201400055269;14;9;29;935;1;2;3;2;2;115;116, RUE DE LA CONVENTIO;;;;750
201400055270;14;9;29;1810;1;2;2;1;6;115;196, RUE DE LA CONVENTIO;;;;750
201400055271;14;9;29;1755;1;2;1;1;3;115;225, RUE DE VAUGIRARD;;;;750
201400055272;14;9;30;1915;1;2;1;1;2;115;100, RUE DE LA CONVENTIO;;;;750
201400055273;14;9;30;2030;5;2;2;1;1;115;16, RUE LINOIS;;;;750
201400055274;14;10;1;1340;1;2;3;1;6;115;142, RUE SAINT CHARLES;;;;750
201400055275;14;10;1;1350;1;2;1;1;4;115;BOULEVARD PERIPHERIQUE;;;;750
201400055276;14;10;1;1530;1;2;1;1;6;115;104, RUE LECOURBE;;;;750
201400055277;14;10;1;2150;3;2;1;1;3;115;44, RUE LINOIS;;;;750
201400055278;14;10;2;1010;1;2;1;1;2;115;285, RUE DE VAUGIRARD;;;;750
201400055279;14;10;2;1300;1;2;1;1;3;115;PONT DE GRENELLE;;;;750
201400055280;14;10;2;1525;1;2;1;1;6;115;114, RUE DE LA CROIX NIV;;;;750
201400055281;14;10;3;1600;1;2;7;1;3;115;PLACE DES INSURGES DE VA;;;;750
201400055282;14;10;5;1355;1;2;3;1;3;115;245, RUE LECOURBE;;;;750
201400055283;14;10;7;1515;1;2;1;1;6;115;38, RUE FALGUIERE;;;;750
201400055284;14;10;8;730;1;2;2;2;6;115;20, BOULEVARD PASTEUR;;;;750
201400055285;14;10;8;835;1;2;2;3;7;115;65, AVENUE DE LA MOTTE P;;;;750
201400055286;14;10;9;2220;5;2;3;2;5;115;27, QUAI DE GRENELLE;;;;750
201400055287;14;10;11;840;1;2;1;2;7;115;361, RUE LECOURBE;;;;750
201400055288;14;10;11;1745;1;2;4;1;7;115;53, BOULEVARD DE GRENELL;;;;750
201400055289;14;10;9;1530;1;2;3;1;3;115;90, RUE DE LA CROIX NIVE;;;;750
201400055290;14;10;13;1723;1;2;2;1;6;115;112, RUE SAINT CHARLES;;;;750
201400055291;14;10;15;1205;1;2;7;2;6;115;1, PLACE DE LA PORTE DE;;;;750
201400055292;14;10;15;1700;1;2;2;8;6;115;RUE DES ENTREPRENEURS;;;;750
201400055293;14;10;16;2000;5;2;3;2;6;115;393, RUE DE VAUGIRARD;;;;750
201400055294;14;10;16;1950;5;2;1;2;6;115;44, BOULEVARD VICTOR;;;;750
201400055295;14;10;18;1100;1;2;4;1;3;115;AVENUE DE LA PORTE DE LA;;;;750
201400055296;14;10;18;1200;1;2;3;1;6;115;29, RUE CAMBRONNE;;;;750
201400055297;14;10;20;1230;1;2;4;1;6;115;86, RUE DE LA FEDERATION;;;;750
201400055298;14;10;22;1130;1;2;1;1;3;115;54, RUE DE LA CONVENTION;;;;750
201400055299;14;10;22;1455;1;2;3;1;2;115;1, AVENUE ERNEST RENAN;;;;750
201400055300;14;10;23;2015;5;2;7;1;4;115;4, RUE LOUIS ARMAND;;;;750
201400055301;14;10;25;1510;1;2;1;2;6;107;QUAI BRANLY;;;;750
201400055302;14;10;26;630;5;2;5;8;3;115;152, RUE DE LA CONVENTIO;;;;750
201400055303;14;10;27;1030;1;2;3;1;6;115;88, RUE DE LA FEDERATION;;;;750
201400055304;14;10;27;1450;1;2;5;1;3;115;84, RUE CAMBRONNE;;;;750
201400055305;14;10;27;1527;1;2;2;1;6;115;RUE DE LA CONVENTION;;;;750
201400055306;14;10;27;1750;2;2;7;1;2;115;AVENUE EMILE ZOLA;;;;750
201400055307;14;10;28;1745;3;2;3;1;3;115;114, BOULEVARD DE GRENEL;;;;750
201400055308;14;10;29;1430;1;2;7;1;6;115;PLACE D ALLERAY;;;;750
201400055309;14;10;29;1835;5;2;1;1;3;115;98, RUE DE LA CONVENTION;;;;750
201400055310;14;10;30;2325;5;2;2;1;3;115;274, RUE LECOURBE;;;;750
201400055311;14;10;31;1800;2;2;1;1;3;115;RUE EMERIAU;;;;750
201400055312;14;11;2;2205;5;2;2;2;2;115;230-232, RUE DE VAUGIRAR;;;;750
201400055313;14;11;3;1150;1;2;5;1;6;115;35, AVENUE DE LA PORTE B;;;;750
201400055314;14;11;3;1830;5;2;3;3;3;115;23, RUE LECOURBE;;;;750
201400055315;14;11;3;1830;5;2;5;3;6;115;33, BOULEVARD PASTEUR;;;;750
201400055316;14;11;3;2045;5;2;2;2;3;115;112, RUE BRANCION;;;;750
201400055317;14;11;5;1035;1;2;7;1;3;107;39, QUAI D ORSAY;;;;750
201400055318;14;11;7;730;1;2;3;2;6;115;54, RUE FELIX FAURE;;;;750
201400055319;14;11;8;210;5;2;2;1;6;115;0, BOULEVARD GENERAL MAR;;;;750
201400055320;14;11;9;1755;5;2;1;1;3;115;184, RUE DE LA CROIX NIV;;;;750
201400055321;14;11;9;1920;5;2;1;1;6;115;PORTE DE SEVRES;;;;750
201400055322;14;11;12;2115;3;2;1;1;6;107;48, RUE DE SEVRES;;;;750
201400055323;14;11;14;1430;1;2;1;2;7;115;85, BOULEVARD PASTEUR;;;;750
201400055324;14;11;15;1120;1;2;1;1;6;115;9, RUE BALARD;;;;750
201400055325;14;11;16;2030;5;2;2;2;6;115;319, RUE DE VAUGIRARD;;;;750
201400055326;14;11;17;1358;1;2;5;2;3;115;110, QUAI BRANLY;;;;750
201400055327;14;11;17;1800;3;2;1;2;6;115;45, RUE LECOURBE;;;;750
201400055328;14;11;18;915;1;2;4;2;3;115;QUAI D ISSY LES MOULINEA;;;;750
201400055329;14;11;18;1800;5;2;1;2;3;115;71, RUE DE LA CROIX NIVE;;;;750
201400055330;14;11;18;2015;5;2;1;2;2;115;62 bis, RUE DES ENTREPRE;;;;750
201400055331;14;11;20;340;5;2;1;1;7;115;1, BOULEVARD GENERAL MAR;;;;750
201400055332;14;11;20;850;1;2;1;1;7;115;19, RUE SAINT SAENS;;;;750
201400055333;14;11;20;1250;1;2;2;1;3;115;RUE AUGUSTE CHABRIERES;;;;750
201400055334;14;11;20;2100;5;2;1;1;3;115;BOULEVARD PERIPHERIQUE;;;;750
201400055335;14;11;24;1615;1;2;1;1;7;115;85, RUE DE LA CONVENTION;;;;750
201400055336;14;11;26;2000;5;2;1;2;7;115;274, RUE LECOURBE;;;;750
201400055337;14;11;26;1900;5;2;1;2;2;115;26, RUE LOUIS ARMAND;;;;750
201400055338;14;11;29;1350;1;2;2;1;6;115;70, RUE DES ENTREPRENEUR;;;;750
201400055339;14;11;30;1930;5;2;2;2;3;115;50, BOULEVARD VICTOR;;;;750
201400055340;14;11;30;1940;5;2;2;2;6;115;PONT DU GARIGLIANO;;;;750
201400055341;14;11;30;2210;5;2;2;2;6;115;20, RUE FIZEAU;;;;750
201400055342;14;12;2;620;5;2;5;1;3;115;219, RUE DE LA CROIX NIV;;;;750
201400055343;14;12;6;1035;1;2;4;1;6;115;88, RUE DE LA FEDERATION;;;;750
201400055344;14;12;6;1830;5;2;5;1;6;115;92, BOULEVARD DE GRENELL;;;;750
201400055345;14;12;6;1815;5;2;5;1;3;115;1, RUE LINOIS;;;;750
201400055346;14;12;8;910;1;2;5;8;6;115;131, RUE DE VAUGIRARD;;;;750
201400055347;14;12;8;904;1;2;5;1;6;115;70, AVENUE EMILE ZOLA;;;;750
201400055348;14;12;8;1425;1;2;2;2;3;115;112, RUE SAINT CHARLES;;;;750
201400055349;14;12;10;1145;1;2;7;8;1;115;4, PLACE DE BRETEUIL;;;;750
201400055350;14;12;10;1345;1;2;1;2;6;115;52, RUE DE LA CROIX NIVE;;;;750
201400055351;14;12;10;1805;5;2;7;2;6;115;2, RUE LOUIS ARMAND;;;;750
201400055352;14;12;10;1935;5;2;1;1;3;115;PONT MIRABEAU;;;;750
201400055353;14;12;11;30;5;2;2;1;3;115;32, BOULEVARD DU MONTPAR;;;;750
201400055354;14;12;11;2130;5;2;2;1;3;115;198, RUE DE LA CONVENTIO;;;;750
201400055355;14;12;12;2330;5;2;1;3;6;114;92, AVENUE DENFERT ROCHE;;;;750
201400055356;14;12;14;8;5;2;2;1;6;115;198, RUE DE LA CONVENTIO;;;;750
201400055357;14;12;14;1255;1;2;1;1;1;115;QUAI D ISSY LES MOULINEA;;;;750
201400055358;14;12;16;840;2;2;2;2;6;115;39, RUE DE LA PROCESSION;;;;750
201400055359;14;12;17;730;3;2;3;2;1;115;RUE DE VOUILLE;;;;750
201400055360;14;12;17;815;2;2;2;2;3;115;RUE DURANTON;;;;750
201400055361;14;12;17;1230;1;2;1;2;3;115;18, BOULEVARD DE GRENELL;;;;750
201400055362;14;12;17;1615;1;2;1;2;2;115;35, BOULEVARD DE VAUGIRA;;;;750
201400055363;14;12;19;820;2;2;5;1;6;115;128, AVENUE EMILE ZOLA;;;;750
201400055364;14;12;19;1620;1;2;3;3;6;115;313, RUE DE VAUGIRARD;;;;750
201400055365;14;12;22;1130;1;2;3;1;3;115;222, RUE DE LA CONVENTIO;;;;750
201400055366;14;12;23;825;2;2;2;8;1;115;RUE LINOIS;;;;750
201400055367;14;12;23;1930;5;2;2;1;6;115;64, RUE DUTOT;;;;750
201400055368;14;12;24;958;1;2;1;1;6;115;66, AVENUE EMILE ZOLA;;;;750
201400055369;14;12;26;1945;5;2;1;2;6;115;105, AVENUE FELIX FAURE;;;;750
201400055370;14;12;30;35;5;2;3;1;6;115;2, RUE DE LA PORTE D ISS;;;;750
201400055371;14;12;30;1015;1;2;5;1;3;115;1, BOULEVARD GENERAL MAR;;;;750
201400055372;14;12;31;1845;5;2;3;1;6;115;8, BOULEVARD GARIBALDI;;;;750
201400055373;14;1;1;300;5;2;5;1;6;116;AVENUE DU PRESIDENT WILS;;;;750
201400055374;14;1;2;930;1;2;4;1;7;116;16, AVENUE RAPHAEL;;;;750
201400055375;14;1;2;1420;1;2;1;1;2;116;39bis, AVENUE PAUL DOUME;;;;750
201400055376;14;1;3;1930;5;2;2;1;3;116;ALLEE DE LA REINE MARGUE;;;;750
201400055377;14;12;31;1815;5;2;1;1;6;116;57, BOULEVARD LANNES;;;;750
201400055378;14;1;5;2315;5;2;1;2;6;116;AVENUE DE NEW YORK;;;;750
201400055379;14;1;6;730;5;2;2;8;6;116;ALLEE DE LA REINE MARGUE;;;;750
201400055380;14;1;6;1140;1;2;1;1;3;116;AVENUE RAPHAEL;;;;750
201400055381;14;1;7;1205;1;2;1;1;6;116;BOULEVARD DE L AMIRAL BR;;;;750
201400055382;14;1;7;1520;2;2;1;2;6;116;88, AVENUE RAYMOND POINC;;;;750
201400055383;14;1;7;1820;5;2;1;1;2;116;1-3, AVENUE MARCEAU;;;;750
201400055384;14;1;7;1805;2;2;1;1;3;116;ROUTE DE LA PTE DES SABL;;;;750
201400055385;14;1;7;1910;5;2;7;1;7;116;PLACE DE VARSOVIE;;;;750
201400055386;14;1;7;2045;3;2;1;1;2;116;BOULEVARD PERIPHERIQUE E;;;;750
201400055387;14;1;8;1700;2;2;1;1;6;116;25 BIS, RUE JASMIN;;;;750
201400055388;14;1;9;1405;1;2;3;2;6;116;11bis, AVENUE VICTOR HUG;;;;750
201400055389;14;1;10;1420;1;2;1;1;6;116;42, RUE RAYNOUARD;;;;750
201400055390;14;1;10;2010;5;2;3;1;2;116;18, RUE GROS;;;;750
201400055391;14;1;11;155;5;2;5;2;3;116;25, RUE PERGOLESE;;;;750
201400055392;14;1;11;735;5;2;2;2;7;116;RUE CLAUDE TERRASSE;;;;750
201400055393;14;1;12;1747;5;2;1;1;3;116;ALLEE DE LONGCHAMP;;;;750
201400055394;14;1;13;745;2;2;4;1;6;116;AVENUE DE LA PORTE DE SA;;;;750
201400055395;14;1;13;1515;1;2;7;1;3;116;1, PLACE D IENA;;;;750
201400055396;14;1;14;1445;1;2;1;2;3;116;21, AVENUE D IENA;;;;750
201400055397;14;1;18;50;5;2;1;1;6;116;60, AVENUE HENRI MARTIN;;;;750
201400055398;14;1;19;1640;1;2;4;1;3;116;92, AVENUE D IENA;;;;750
201400055399;14;1;20;625;2;2;3;1;1;116;59, BOULEVARD MURAT;;;;750
201400055400;14;1;20;1140;1;2;1;1;3;116;45, AVENUE KLEBER;;;;750
201400055401;14;1;21;1835;5;2;7;1;3;116;06, PLACE DE LA PORTE DE;;;;750
201400055402;14;1;22;800;1;2;1;1;3;116;ALLEE DE LONGCHAMP;;;;750
201400055403;14;1;22;1708;2;2;1;2;6;116;88, AVENUE VICTOR HUGO;;;;750