num_acc;an;mois;jour;hrmn;lum;agg;int;atm;col;com;adr;gps;lat;long;dep
201400055404;14;1;22;1929;5;2;3;2;6;116;RUE LARGILLIERE;;;;750
201400055405;14;1;22;2030;5;2;2;2;3;116;ALLEE DE LONGCHAMP;;;;750
201400055406;14;1;22;2020;5;2;3;2;3;116;150, AVENUE DE MALAKOFF;;;;750
201400055407;14;1;22;2340;5;2;1;2;6;116;107, RUE DE LA POMPE;;;;750
201400055408;14;1;21;1315;1;2;2;1;2;116;RUE WILHEM;;;;750
201400055409;14;1;23;1800;5;2;1;2;2;116;ALLEE DES FORTIFICATIONS;;;;750
201400055410;14;1;23;2040;5;2;3;2;3;116;BOULEVARD DELESSERT;;;;750
201400055411;14;1;25;1305;1;2;3;1;7;116;RUE DU DOCTEUR BLANCHE;;;;750
201400055412;14;1;25;1915;5;2;3;1;3;116;AVENUE DE LA PORTE D AUT;;;;750
201400055413;14;1;30;1800;5;2;2;1;2;116;55, BOULEVARD SUCHET;;;;750
201400055414;14;1;30;1940;5;2;1;1;3;116;129, AVENUE DE MALAKOFF;;;;750
201400055415;14;1;31;1915;5;2;2;1;7;116;ROUTE DE LA PTE DES SABL;;;;750
201400055416;14;2;3;1010;1;2;1;1;5;116;129, AVENUE DE MALAKOFF;;;;750
201400055417;14;2;3;1715;5;2;1;1;6;116;ROUTE DE SEVRES A NEUILL;;;;750
201400055418;14;2;5;1510;1;2;2;2;3;116;AVENUE DE NEW YORK;;;;750
201400055419;14;2;6;1150;1;2;1;3;6;116;29, RUE AMIRAL HAMELIN;;;;750
201400055420;14;2;6;1610;1;2;7;1;3;116;AVENUE FOCH;;;;750
201400055421;14;2;8;1425;1;2;2;2;1;116;51, RUE MIRABEAU;;;;750
201400055422;14;2;8;555;5;2;2;2;3;116;RUE LAURISTON;;;;750
201400055423;14;2;10;1415;1;2;1;1;3;116;16, AVENUE THEOPHILE GAU;;;;750
201400055424;14;2;11;945;1;2;2;1;6;116;62, AVENUE THEOPHILE GAU;;;;750
201400055425;14;2;11;1850;3;2;3;2;2;116;ALLEE DE LA REINE MARGUE;;;;750
201400055426;14;2;13;1730;2;2;3;1;6;116;53, RUE DE LA TOUR;;;;750
201400055427;14;2;15;1245;1;2;4;1;3;116;1, RUE DURET;;;;750
201400055428;14;2;16;1140;1;2;1;1;6;116;ALLEE DE LONGCHAMP;;;;750
201400055429;14;2;17;1250;1;2;7;1;6;116;83, AVENUE FOCH;;;;750
201400055430;14;2;17;1400;1;2;4;1;2;116;1, RUE DE BOULAINVILLIER;;;;750
201400055431;14;2;17;1830;2;2;2;1;6;116;20, CHAUSSEE LA MUETTE;;;;750
201400055432;14;2;19;1030;1;2;1;2;6;116;15, AVENUE DE LA GRANDE;;;;750
201400055433;14;2;20;1550;1;2;4;2;2;116;AVENUE GEORGES LAFONT;;;;750
201400055434;14;2;21;1430;1;2;3;1;6;116;4, RUE COROT;;;;750
201400055435;14;2;21;1830;2;2;1;8;6;116;VOIE GEORGES POMPIDOU;;;;750
201400055436;14;2;23;1510;1;2;4;1;3;116;BOULEVARD MURAT;;;;750
201400055437;14;2;24;1300;1;2;4;1;6;116;0, ROUTE DES TRIBUNES;;;;750
201400055438;14;2;24;1815;5;2;1;1;4;116;AVENUE DE L HIPPODROME;;;;750
201400055439;14;2;26;1745;1;2;2;1;3;116;3, AVENUE VICTOR HUGO;;;;750
201400055440;14;2;26;1730;1;2;1;1;6;116;11, AVENUE D EYLAU;;;;750
201400055441;14;2;27;930;1;2;1;3;6;116;160, AVENUE DE VERSAILLE;;;;750
201400055442;14;2;27;1500;1;2;1;2;2;116;132, AVENUE DE MALAKOFF;;;;750
201400055443;14;3;1;915;1;2;5;8;3;116;PLACE CLEMENT ADER;;;;750
201400055444;14;3;3;830;1;2;3;1;7;116;ALLEE DU BORD DE L EAU;;;;750
201400055445;14;3;5;1200;1;2;2;1;3;116;64, AVENUE DE NEW YORK;;;;750
201400055446;14;3;5;1135;1;2;7;1;3;116;PLACE CHARLES DE GAULLE;;;;750
201400055447;14;3;5;1510;1;2;2;1;3;116;22, AVENUE PIERRE 1ER DE;;;;750
201400055448;14;3;5;1700;1;2;7;1;3;116;PLACE DU MARECHAL DE LAT;;;;750
201400055449;14;3;6;1300;1;2;4;7;6;116;01, RUE DE SIAM;;;;750
201400055450;14;3;6;1900;5;2;1;1;3;116;30, AVENUE D IENA;;;;750
201400055451;14;3;7;255;5;2;1;1;6;116;66, AVENUE DE VERSAILLES;;;;750
201400055452;14;3;8;1615;1;2;2;1;2;116;ROUTE DE SEVRES A NEUILL;;;;750
201400055453;14;3;9;1830;1;2;1;1;6;116;65 bis, RUE NICOLO;;;;750
201400055454;14;3;10;1005;1;2;7;1;5;116;RUE BENJAMIN FRANKLIN;;;;750
201400055455;14;3;10;1840;1;2;7;1;3;116;170, AVENUE DE VERSAILLE;;;;750
201400055456;14;3;10;2040;5;2;7;1;6;116;PLACE CLEMENT ADER;;;;750
201400055457;14;3;11;1840;2;2;1;1;3;116;123, AVENUE DE VERSAILLE;;;;750
201400055458;14;3;12;905;1;2;1;1;6;116;42, AVENUE DE VERSAILLES;;;;750
201400055459;14;3;13;1240;1;2;1;1;4;116;16, AVENUE DE VERSAILLES;;;;750
201400055460;14;3;13;1845;2;2;2;1;6;116;51, AVENUE VICTOR HUGO;;;;750
201400055461;14;3;13;2220;3;2;3;1;2;116;11, BOULEVARD LANNES;;;;750
201400055462;14;3;14;700;2;2;7;1;2;116;91, RUE DE LONGCHAMP;;;;750
201400055463;14;3;14;1110;1;2;2;1;2;116;1, AVENUE PAUL DOUMER;;;;750
201400055464;14;3;14;1315;1;2;1;1;3;116;97, RUE DU RANELAGH;;;;750
201400055465;14;3;15;110;5;2;3;1;7;116;22, AVENUE MOZART;;;;750
201400055466;14;3;15;15;5;2;4;1;3;116;ROUTE DES TRIBUNES;;;;750
201400055467;14;3;15;1510;1;2;1;1;2;116;11, AVENUE DU PRESIDENT;;;;750
201400055468;14;3;16;250;5;1;1;1;6;116;AVENUE DE L HIPPODROME;;;;750
201400055469;14;3;16;630;2;2;2;1;3;116;AVENUE DE NEW YORK;;;;750
201400055470;14;3;16;1220;1;2;7;1;2;116;PLACE DE LA PORTE MAILLO;;;;750
201400055471;14;3;16;1915;5;2;7;1;6;117;PLACE DE LA PORTE MAILLO;;;;750
201400055472;14;3;18;1230;1;2;7;1;2;116;AVENUE D EYLAU;;;;750
201400055473;14;3;18;1915;2;2;1;1;3;116;27, BOULEVARD SUCHET;;;;750
201400055474;14;3;20;930;1;2;4;1;2;116;AVENUE GEORGES LAFONT;;;;750
201400055475;14;3;21;1040;1;2;2;1;3;116;10, AVENUE DU PRESIDENT;;;;750
201400055476;14;3;22;620;2;2;2;1;7;116;AVENUE ALBERT DE MUN;;;;750
201400055477;14;3;23;1515;1;2;5;2;7;116;34, BOULEVARD DE L AMIRA;;;;750
201400055478;14;3;25;840;1;2;1;2;2;116;26, AVENUE DE NEW YORK;;;;750
201400055479;14;3;25;1145;1;2;5;2;6;116;AVENUE VICTOR HUGO;;;;750
201400055480;14;3;26;915;1;2;7;1;2;116;104, AVENUE GEORGES LAFO;;;;750
201400055481;14;3;26;1145;1;2;7;1;3;116;PLACE CHARLES DE GAULLE;;;;750
201400055482;14;3;26;1515;1;2;3;1;2;116;50, AVENUE FOCH;;;;750
201400055483;14;3;27;805;1;2;1;1;7;116;18, BOULEVARD EXELMANS;;;;750
201400055484;14;3;27;1540;1;2;1;1;3;116;116, AVENUE DU PRESIDENT;;;;750
201400055485;14;3;27;1910;5;2;7;1;3;116;1, PORTE DAUPHINE;;;;750
201400055486;14;3;28;1625;1;2;2;1;6;116;AVENUE BUGEAUD;;;;750
201400055487;14;3;28;1855;2;2;1;1;2;116;69, RUE D AUTEUIL;;;;750
201400055488;14;3;29;225;5;2;7;1;6;116;AVENUE GEORGES LAFONT;;;;750
201400055489;14;4;2;1950;1;2;1;1;2;116;VOIE GEORGES POMPIDOU;;;;750
201400055490;14;4;3;20;5;2;7;1;2;116;PLACE CHARLES DE GAULLE;;;;750
201400055491;14;4;3;1015;1;2;1;1;4;116;11, AVENUE DE LA GRANDE;;;;750
201400055492;14;4;4;940;1;2;2;1;6;116;ROUTE DE SEVRES A NEUILL;;;;750
201400055493;14;4;5;1520;1;2;2;1;6;116;122, RUE DE LONGCHAMP;;;;750
201400055494;14;4;6;930;1;2;7;1;3;116;5, PLACE DE LA PORTE DE;;;;750
201400055495;14;4;6;1130;1;2;1;1;3;116;ROUTE DES TRIBUNES;;;;750
201400055496;14;4;6;1715;1;2;1;1;1;116;190, AVENUE VICTOR HUGO;;;;750
201400055497;14;4;7;1605;1;2;5;1;3;116;81, AVENUE FOCH;;;;750
201400055498;14;4;7;2225;5;2;3;1;1;116;CHAUSSEE LA MUETTE;;;;750
201400055499;14;4;8;810;1;2;2;1;6;116;12, RUE FRANCOIS MILLET;;;;750
201400055500;14;4;8;1225;1;2;1;1;2;116;13, AVENUE D EYLAU;;;;750
201400055501;14;4;8;1325;1;2;7;1;6;108;PLACE DE L ALMA;;;;750
201400055502;14;4;8;1915;1;2;2;1;2;116;43, AVENUE GEORGES MANDE;;;;750
201400055503;14;4;9;105;5;2;5;1;6;116;ROUTE DE SURESNES;;;;750
201400055504;14;4;8;2340;5;2;3;1;7;116;11, BOULEVARD LANNES;;;;750
201400055505;14;4;9;1820;1;2;7;1;2;116;PLACE VICTOR HUGO;;;;750
201400055506;14;4;9;2350;5;2;7;1;3;116;RUE JOSEPH ET MARIE HACK;;;;750
201400055507;14;4;9;1345;1;2;5;1;2;116;AVENUE DU PRESIDENT KENN;;;;750
201400055508;14;4;9;1115;1;2;5;1;6;116;AVENUE DE VERSAILLES;;;;750
201400055509;14;4;10;1430;1;2;7;1;3;116;AVENUE VICTOR HUGO;;;;750
201400055510;14;4;11;200;5;2;1;1;6;116;ALLEE DE LA REINE MARGUE;;;;750
201400055511;14;4;11;800;1;2;1;1;2;116;VOIE GEORGES POMPIDOU;;;;750
201400055512;14;4;12;15;5;2;1;1;3;116;85, AVENUE DE LA GRANDE;;;;750
201400055513;14;4;12;800;1;2;3;1;1;116;AVENUE DE LA PORTE D AUT;;;;750
201400055514;14;4;13;845;1;2;2;1;5;116;ALLEE DE LONGCHAMP;;;;750
201400055515;14;4;14;1845;1;2;1;1;6;116;5, RUE BOILEAU;;;;750
201400055516;14;4;15;1010;1;2;1;1;2;116;PORTE DAUPHINE;;;;750
201400055517;14;4;16;1000;1;2;1;7;2;116;9 bis, RUE DE BOULAINVIL;;;;750
201400055518;14;4;15;1345;1;2;5;1;5;116;PLACE CLEMENT ADER;;;;750
201400055519;14;4;16;2000;2;2;4;1;4;116;11, AVENUE MARCEAU;;;;750
201400055520;14;4;16;2015;5;2;7;1;2;116;AVENUE DU PRESIDENT KENN;;;;750
201400055521;14;4;17;1105;1;2;1;7;6;116;18, AVENUE DU PRESIDENT;;;;750
201400055522;14;4;17;1105;1;2;1;1;1;116;22, AVENUE VICTOR HUGO;;;;750
201400055523;14;4;17;1615;1;2;3;1;4;116;ALLEE DU BORD DE L EAU;;;;750
201400055524;14;4;17;1150;1;2;1;1;2;116;ALLEE DU BORD DE L EAU;;;;750
201400055525;14;4;23;905;1;2;7;1;6;116;2, AVENUE RAYMOND POINCA;;;;750
201400055526;14;4;23;1300;1;2;1;1;6;116;44, AVENUE DU PRESIDENT;;;;750
201400055527;14;4;24;1008;1;2;7;1;3;116;5, PLACE DE LA PORTE DE;;;;750
201400055528;14;4;24;1515;1;2;3;1;2;116;2, AVENUE DE NEW YORK;;;;750
201400055529;14;4;25;2206;5;2;3;1;6;116;02, RUE LAURISTON;;;;750
201400055530;14;4;26;1720;1;2;3;1;3;116;88, RUE CHARDON LAGACHE;;;;750
201400055531;14;4;27;1235;1;2;1;1;4;116;ROUTE DES TRIBUNES;;;;750
201400055532;14;4;28;915;1;2;2;2;7;116;7, AVENUE DE LAMBALLE;;;;750
201400055533;14;4;28;1435;1;2;7;1;4;116;89, AVENUE DE LA GRANDE;;;;750
201400055534;14;4;28;1615;1;2;2;1;7;116;15, AVENUE PIERRE 1ER DE;;;;750
201400055535;14;4;28;1815;1;2;5;1;3;116;AVENUE DU PRESIDENT KENN;;;;750
201400055536;14;4;28;2140;5;2;1;1;2;116;AVENUE EDOUARD VAILLANT;;;;750
201400055537;14;4;29;1815;1;2;6;2;6;116;14, AVENUE FOCH;;;;750
201400055538;14;5;1;1340;1;2;7;3;3;116;PLACE DU MARECHAL DE LAT;;;;750
201400055539;14;5;3;230;5;2;1;1;6;116;14, SQUARE ALBONI;;;;750
201400055540;14;5;3;1020;1;2;1;1;7;116;ROUTE DES TRIBUNES;;;;750
201400055541;14;5;3;1245;1;2;1;1;2;116;RUE DE BOULAINVILLIERS;;;;750
201400055542;14;5;4;1140;1;2;1;1;6;116;ROUTE DES TRIBUNES;;;;750
201400055543;14;5;5;1020;1;2;7;1;3;116;PLACE DE LA PORTE MAILLO;;;;750
201400055544;14;5;5;1845;1;2;1;1;6;116;32, AVENUE KLEBER;;;;750
201400055545;14;5;5;1340;1;2;5;1;3;116;AVENUE FOCH;;;;750
201400055546;14;5;6;1215;1;2;1;1;6;116;98, AVENUE RAYMOND POINC;;;;750
201400055547;14;5;8;2240;5;2;7;1;3;116;PLACE DE LA PORTE D AUTE;;;;750
201400055548;14;5;9;1500;1;2;5;1;6;116;48 BIS, RUE D AUTEUIL;;;;750
201400055549;14;5;9;2100;1;2;5;1;3;116;AVENUE DU PRESIDENT KENN;;;;750
201400055550;14;5;10;625;2;2;1;1;6;116;72, AVENUE D IENA;;;;750
201400055551;14;5;10;945;1;2;7;2;7;116;128, BOULEVARD MURAT;;;;750
201400055552;14;5;10;1040;1;2;1;3;7;116;38, AVENUE DE NEW YORK;;;;750
201400055553;14;5;11;1115;1;2;1;2;6;116;ROUTE DES TRIBUNES;;;;750
201400055554;14;5;13;1655;1;2;3;2;3;116;3, AVENUE GORDON BENNETT;;;;750
201400055555;14;5;14;1200;1;2;1;1;2;116;45, AVENUE DE LA GRANDE;;;;750
201400055556;14;5;14;1600;1;2;3;1;2;116;13, RUE RAYNOUARD;;;;750
201400055557;14;5;14;1740;1;2;7;1;1;116;1, RUE JEAN DE LA FONTAI;;;;750
201400055558;14;5;14;1915;1;2;3;1;2;116;4, BOULEVARD ANDRE MAURO;;;;750
201400055559;14;5;16;1330;1;2;2;1;6;116;RUE DE LONGCHAMP;;;;750
201400055560;14;5;16;1540;1;2;3;1;3;117;75, AVENUE DE LA GRANDE;;;;750
201400055561;14;5;17;1700;1;2;5;1;2;116;33, AVENUE DU PRESIDENT;;;;750
201400055562;14;5;19;1010;1;2;3;1;6;116;66, AVENUE KLEBER;;;;750
201400055563;14;5;20;920;1;2;7;1;3;116;1, BOULEVARD MURAT;;;;750
201400055564;14;5;21;1915;1;2;1;3;3;116;130, AVENUE DE VERSAILLE;;;;750
201400055565;14;5;22;1615;1;2;1;1;6;116;10, RUE RAYNOUARD;;;;750
201400055566;14;5;22;1915;1;2;2;1;6;116;30, AVENUE THEOPHILE GAU;;;;750
201400055567;14;5;23;720;1;2;1;1;5;117;10BIS, AVENUE DE LA GRAN;;;;750
201400055568;14;5;23;1530;1;2;1;1;3;116;38, QUAI LOUIS BLERIOT;;;;750
201400055569;14;5;23;1735;1;2;2;1;3;116;BOULEVARD SUCHET;;;;750
201400055570;14;5;24;100;5;2;3;2;6;116;69, AVENUE MARCEAU;;;;750
201400055571;14;5;24;1900;1;2;2;1;2;116;83, AVENUE PAUL DOUMER;;;;750
201400055572;14;5;25;515;2;2;5;1;2;116;ALLEE DE LONGCHAMP;;;;750
201400055573;14;5;26;1200;1;2;1;1;6;116;2, ALLEE DU BORD DE L EA;;;;750
201400055574;14;5;27;1600;1;2;7;1;2;116;AVENUE DU PRESIDENT WILS;;;;750
201400055575;14;5;28;1040;1;2;5;2;6;116;43, AVENUE KLEBER;;;;750
201400055576;14;5;28;2025;2;2;5;2;6;116;128, AVENUE DU PRESIDENT;;;;750
201400055577;14;5;30;215;5;2;7;1;7;116;2, RUE DE LUBECK;;;;750
201400055578;14;5;30;1740;1;2;5;1;7;116;AVENUE DU MAHATMA GANDHI;;;;750
201400055579;14;6;1;145;5;2;1;1;6;116;ALLEE DE LA REINE MARGUE;;;;750
201400055580;14;6;2;2010;1;2;7;1;3;116;PLACE CHARLES DE GAULLE;;;;750
201400055581;14;6;4;1510;1;2;3;2;6;116;RUE LE NOTRE;;;;750
201400055582;14;6;5;1450;1;2;1;1;6;116;60, AVENUE FOCH;;;;750
201400055583;14;6;5;1805;1;2;1;1;2;116;6, AVENUE D IENA;;;;750
201400055584;14;6;5;1914;1;2;3;1;3;116;ROUTE DES TRIBUNES;;;;750
201400055585;14;6;6;1005;1;2;5;1;6;116;62, AVENUE DE NEW YORK;;;;750
201400055586;14;6;6;1850;1;2;1;1;6;116;53, AVENUE KLEBER;;;;750
201400055587;14;6;8;600;2;2;4;1;2;116;BOULEVARD PERIPHERIQUE I;;;;750
201400055588;14;6;8;1320;1;2;1;7;6;116;16, RUE DE CIVRY;;;;750
201400055589;14;6;9;745;2;2;2;3;6;116;RUE CHARDON LAGACHE;;;;750
201400055590;14;6;11;1100;1;2;2;1;6;116;RUE DE LA POMPE;;;;750
201400055591;14;6;11;1215;1;2;2;6;6;116;VENUE PAUL DOUMER;;;;750
201400055592;14;6;11;1700;1;2;1;1;2;116;ROUTE DE SEVRES A NEUILL;;;;750
201400055593;14;6;11;1925;1;2;1;1;2;116;43, BOULEVARD SUCHET;;;;750
201400055594;14;6;12;5;5;2;1;1;2;116;ALLEE DE LONGCHAMP;;;;750
201400055595;14;6;12;750;1;2;3;1;6;116;06, ALLEE DU BORD DE L E;;;;750
201400055596;14;6;12;1045;1;2;2;1;6;116;ROUTE DE LA MUETTE A NEU;;;;750
201400055597;14;6;11;1825;1;2;1;1;7;116;00, ROUTE DE LA GRANDE C;;;;750
201400055598;14;6;12;1850;1;2;3;1;6;116;37, BOULEVARD MURAT;;;;750
201400055599;14;6;13;2020;1;2;1;1;6;116;ROUTE DES TRIBUNES;;;;750
201400055600;14;6;14;715;1;2;2;1;7;116;2, AVENUE BOUDON;;;;750
201400055601;14;6;14;1400;1;2;3;1;6;116;1, RUE JEAN BOLOGNE;;;;750
201400055602;14;6;11;1620;1;2;2;1;2;116;AVENUE DU PRESIDENT WILS;;;;750
201400055603;14;6;15;1805;1;2;2;1;3;116;ALLEE DE LONGCHAMP;;;;750
201400055604;14;6;16;1100;1;2;4;1;2;116;VOIE GEORGES POMPIDOU;;;;750
201400055605;14;6;16;1820;1;2;3;1;2;116;4, RUE GUSTAVE NADAUD;;;;750
201400055606;14;6;18;1300;1;2;1;1;6;116;102-104, RUE DE LONGCHAM;;;;750
201400055607;14;6;19;1820;1;2;3;1;2;116;AVENUE DE VERSAILLES;;;;750
201400055608;14;6;19;1900;1;2;3;1;6;116;AVENUE INGRES;;;;750
201400055609;14;6;20;910;1;2;1;1;6;116;23, AVENUE DE NEUILLY;;;;750
201400055610;14;6;16;1350;1;2;3;1;2;116;123, BOULEVARD MURAT;;;;750
201400055611;14;6;21;50;5;2;2;1;2;116;152, AVENUE DE VERSAILLE;;;;750
201400055612;14;6;19;1910;1;2;4;1;2;116;55, BOULEVARD MURAT;;;;750
201400055613;14;6;22;1200;1;2;1;1;6;116;ROUTE DE LA VIERGE AUX B;;;;750
201400055614;14;6;22;1825;1;2;7;1;3;116;PLACE DE VARSOVIE;;;;750
201400055615;14;6;25;140;5;2;1;1;7;116;RUE DU COMMANDANT GUILBA;;;;750
201400055616;14;6;25;1130;1;2;1;1;6;116;62, RUE RAYNOUARD;;;;750
201400055617;14;6;25;1715;1;2;3;1;6;116;4, AVENUE DE NEW YORK;;;;750
201400055618;14;6;26;1840;1;2;4;1;6;116;23, RUE GUDIN;;;;750
201400055619;14;6;26;2020;1;2;5;2;3;116;AVENUE FOCH;;;;750
201400055620;14;6;27;1030;1;2;3;1;6;116;70, AVENUE FOCH;;;;750
201400055621;14;6;27;1510;1;2;1;1;3;116;AVENUE DE NEW YORK;;;;750
201400055622;14;6;28;1105;1;2;3;2;2;116;14, RUE BENJAMIN FRANKLI;;;;750
201400055623;14;6;26;1000;1;2;1;1;6;116;106, RUE DE LA POMPE;;;;750
201400055624;14;6;29;1500;1;2;4;2;2;108;35, AVENUE DE FRIEDLAND;;;;750
201400055625;14;6;30;920;1;2;1;1;6;116;59, AVENUE D IENA;;;;750
201400055626;14;6;30;2150;5;2;2;1;6;116;RUE JEAN DE LA FONTAINE;;;;750
201400055627;14;7;1;1005;1;2;2;1;3;116;AVENUE DE L HIPPODROME;;;;750
201400055628;14;7;2;120;5;2;1;1;6;116;49, BOULEVARD LANNES;;;;750
201400055629;14;7;2;1805;1;2;7;1;3;116;CARREFOUR DES ANCIENS CO;;;;750
201400055630;14;7;2;2130;2;2;2;1;3;116;RUE JEAN DE LA FONTAINE;;;;750
201400055631;14;7;3;959;1;2;1;1;4;116;BOULEVARD PERIPHERIQUE I;;;;750
201400055632;14;7;3;1225;1;2;1;1;2;116;3, AVENUE PAUL DOUMER;;;;750
201400055633;14;7;3;1450;1;2;1;1;3;116;117, AVENUE DE MALAKOFF;;;;750
201400055634;14;7;3;2200;2;2;1;1;2;116;ROUTE DES TRIBUNES;;;;750
201400055635;14;7;4;5;5;2;2;1;7;116;AVENUE DE LA PORTE D AUT;;;;750
201400055636;14;7;4;1235;1;2;1;2;6;116;ALLEE DE LA REINE MARGUE;;;;750
201400055637;14;7;4;1320;1;2;1;1;6;116;199, AVENUE DE VERSAILLE;;;;750
201400055638;14;7;5;1030;1;2;7;1;2;116;ALLEE DU BORD DE L EAU;;;;750
201400055639;14;7;6;1930;1;2;1;1;6;116;QUAI SAINT EXUPERY;;;;750
201400055640;14;7;9;1810;1;2;1;3;2;116;AVENUE DE NEW YORK;;;;750
201400055641;14;7;10;145;5;2;1;2;6;116;ALLEE DE LONGCHAMP;;;;750
201400055642;14;7;12;1710;1;2;3;1;3;116;6, AVENUE DE NEW YORK;;;;750
201400055643;14;7;13;200;5;2;7;1;3;116;AVENUE DU PRESIDENT WILS;;;;750
201400055644;14;7;13;2210;5;2;2;1;3;116;BOULEVARD MURAT;;;;750
201400055645;14;7;15;1215;1;2;1;1;6;116;75, RUE DES VIGNES;;;;750
201400055646;14;7;15;1730;1;2;5;1;5;116;46, AVENUE RAYMOND POINC;;;;750
201400055647;14;7;16;1500;1;2;2;1;3;116;ROUTE DE LA MUETTE A NEU;;;;750
201400055648;14;7;16;1800;1;2;2;1;3;116;RUE NICOLO;;;;750
201400055649;14;7;17;1840;1;2;5;1;3;116;AVENUE KLEBER;;;;750
201400055650;14;7;18;1400;1;2;1;2;3;116;ALLEE DE LONGCHAMP;;;;750
201400055651;14;7;18;900;1;2;3;1;6;116;16, AVENUE PAUL DOUMER;;;;750
201400055652;14;7;19;720;1;2;1;1;6;116;2 bis, AVENUE DU PRESIDE;;;;750
201400055653;14;7;19;550;5;2;1;1;1;116;ROUTE DE SURESNES;;;;750
201400055654;14;7;20;1110;1;2;1;1;6;116;0, ROUTE DES TRIBUNES;;;;750
201400055655;14;7;25;1000;1;2;7;1;6;116;63, AVENUE DE LA GRANDE;;;;750
201400055656;14;7;27;110;5;2;2;1;3;116;ROUTE DE LA MUETTE A NEU;;;;750
201400055657;14;7;28;1012;1;2;7;1;3;116;6, PLACE D IENA;;;;750
201400055658;14;7;30;1850;1;2;1;1;2;116;ALLEE DE LONGCHAMP;;;;750
201400055659;14;7;31;1515;1;2;3;1;3;116;BOULEVARD LANNES;;;;750
201400055660;14;8;1;345;5;2;1;1;6;116;ROUTE DE SEVRES A NEUILL;;;;750
201400055661;14;7;31;1930;1;2;4;1;6;116;230, AVENUE DE VERSAILLE;;;;750
201400055662;14;8;1;1508;1;2;3;1;3;116;AVENUE DE NEW YORK;;;;750
201400055663;14;8;1;1940;1;2;4;1;3;116;PLACE DE LA PORTE MAILLO;;;;750
201400055664;14;8;2;750;1;2;7;1;3;116;PLACE DE LA PORTE MAILLO;;;;750
201400055665;14;8;7;1400;1;2;1;2;3;116;ROUTE DE SEVRES A NEUILL;;;;750
201400055666;14;8;8;1900;1;2;1;2;6;116;97, AVENUE VICTOR HUGO;;;;750
201400055667;14;8;10;1250;1;2;1;8;6;116;107, BOULEVARD MURAT;;;;750
201400055668;14;8;12;840;1;2;1;7;7;116;AVENUE EDOUARD VAILLANT;;;;750
201400055669;14;8;16;145;5;2;1;1;3;116;ALLEE DE LONGCHAMP;;;;750
201400055670;14;8;22;1230;1;2;6;1;3;116;PLACE CHARLES DE GAULLE;;;;750
201400055671;14;8;22;1730;1;2;1;1;3;116;74, AVENUE VICTOR HUGO;;;;750
201400055672;14;8;25;2030;5;2;1;2;3;116;44, RUE POUSSIN;;;;750
201400055673;14;8;27;730;1;2;1;3;2;116;ALLEE DU BORD DE L EAU;;;;750
201400055674;14;8;28;1800;1;2;1;1;4;116;0, BOULEVARD PERIPHERIQU;;;;750
201400055675;14;8;28;1930;1;2;3;1;6;116;AVENUE DE SAINT CLOUD;;;;750
201400055676;14;8;31;500;5;2;1;1;6;116;54, BOULEVARD SUCHET;;;;750
201400055677;14;8;31;1300;1;2;1;1;6;116;ROUTE DE SEVRES A NEUILL;;;;750
201400055678;14;9;1;845;1;2;1;1;3;116;ALLEE DES FORTIFICATIONS;;;;750
201400055679;14;9;1;1155;1;2;7;1;3;116;PLACE TATTEGRAIN;;;;750
201400055680;14;9;1;1525;1;2;7;1;3;116;1, PLACE D IENA;;;;750
201400055681;14;9;2;105;5;2;1;1;6;116;107, BOULEVARD MURAT;;;;750
201400055682;14;9;3;725;1;2;1;1;2;116;PORTE MAILLOT;;;;750
201400055683;14;9;3;920;1;2;5;1;3;116;24, BOULEVARD EXELMANS;;;;750
201400055684;14;9;3;1620;1;2;1;1;6;116;3, AVENUE MOZART;;;;750
201400055685;14;9;5;900;1;2;3;1;3;116;133bis, AVENUE DE VERSAI;;;;750
201400055686;14;9;5;1755;1;2;5;1;6;116;ROUTE DE SURESNES;;;;750
201400055687;14;9;5;2320;5;2;2;1;3;116;QUAI LOUIS BLERIOT;;;;750
201400055688;14;9;6;2030;5;2;1;1;6;116;47, AVENUE KLEBER;;;;750
201400055689;14;9;7;1410;1;2;5;1;4;116;AVENUE DE NEW YORK;;;;750
201400055690;14;9;9;810;1;2;7;1;3;116;PLACE DE LA PORTE MAILLO;;;;750
201400055691;14;9;9;820;1;2;5;1;3;116;167, AVENUE DE VERSAILLE;;;;750
201400055692;14;9;10;1845;2;2;1;1;2;116;15, BOULEVARD LANNES;;;;750
201400055693;14;9;11;1250;1;2;2;1;6;116;ALLEE DE LONGCHAMP;;;;750
201400055694;14;9;12;535;5;2;1;1;6;116;106, QUAI LOUIS BLERIOT;;;;750
201400055695;14;9;13;10;5;2;2;1;6;116;66, AVENUE MOZART;;;;750
201400055696;14;9;14;1110;1;2;1;1;2;116;130, QUAI LOUIS BLERIOT;;;;750
201400055697;14;9;14;520;5;2;1;1;2;116;ALLEE DE LONGCHAMP;;;;750
201400055698;14;9;14;2200;5;2;2;1;1;116;ALLEE DE LONGCHAMP;;;;750
201400055699;14;9;11;1950;5;2;2;1;3;116;ROUTE DE SURESNES;;;;750
201400055700;14;9;14;1330;1;2;1;1;2;116;26, BOULEVARD SUCHET;;;;750
201400055701;14;9;15;1225;1;2;1;1;3;116;130, BOULEVARD EXELMANS;;;;750
201400055702;14;9;15;1755;1;2;7;1;2;116;46, AVENUE DU PRESIDENT;;;;750
201400055703;14;9;16;1930;5;2;7;1;3;116;AVENUE DU PRESIDENT KENN;;;;750
201400055704;14;9;17;1420;1;2;3;1;6;116;AVENUE GEORGES MANDEL;;;;750
201400055705;14;9;17;1640;1;2;2;1;2;116;ROUTE DE SURESNES;;;;750
201400055706;14;9;18;1250;1;2;3;1;6;116;05, RUE AGAR;;;;750
201400055707;14;9;18;1840;1;2;1;1;6;116;AVENUE INGRES;;;;750
201400055708;14;9;18;1910;2;2;1;1;2;116;ALLEE DU BORD DE L EAU;;;;750
201400055709;14;9;19;210;5;2;1;1;6;116;26, AVENUE DE NEW YORK;;;;750
201400055710;14;9;19;1635;1;2;1;1;6;116;BOULEVARD PERIPHERIQUE;;;;750
201400055711;14;9;19;1800;1;2;1;1;7;116;AVENUE ALBERT DE MUN;;;;750
201400055712;14;9;20;1000;1;2;1;1;7;116;71, AVENUE PAUL DOUMER;;;;750
201400055713;14;9;21;2315;5;2;2;1;3;116;13, RUE COPERNIC;;;;750
201400055714;14;9;22;800;1;2;1;1;6;116;8, RUE MESNIL;;;;750