num_acc;an;mois;jour;hrmn;lum;agg;int;atm;col;com;adr;gps;lat;long;dep
201400055715;14;9;22;1930;2;2;3;1;2;116;AVENUE DU MAHATMA GANDHI;;;;750
201400055716;14;9;24;840;1;2;1;1;6;116;61, AVENUE DE LA PORTE D;;;;750
201400055717;14;9;24;1845;5;2;1;2;2;116;AVENUE PRUDHON;;;;750
201400055718;14;9;24;2240;5;2;7;1;7;116;PLACE CLEMENT ADER;;;;750
201400055719;14;9;25;225;5;2;3;1;6;116;98, AVENUE HENRI MARTIN;;;;750
201400055720;14;9;25;840;1;2;2;1;6;116;18, AVENUE BUGEAUD;;;;750
201400055721;14;9;27;900;1;2;5;1;6;117;1, BOULEVARD PERSHING;;;;750
201400055722;14;9;27;1340;1;2;7;1;2;116;PLACE CHARLES DE GAULLE;;;;750
201400055723;14;9;29;1040;1;2;4;2;7;116;52, AVENUE DE NEW YORK;;;;750
201400055724;14;9;29;1415;1;2;1;1;6;116;15, AVENUE VICTOR HUGO;;;;750
201400055725;14;9;27;1645;1;2;1;1;4;116;PORTE DE PASSY;;;;750
201400055726;14;9;30;1205;1;2;5;1;6;116;43, AVENUE RAYMOND POINC;;;;750
201400055727;14;9;30;1840;1;2;1;1;2;116;ALLEE DE LONGCHAMP;;;;750
201400055728;14;9;30;1900;1;2;1;1;5;116;2, ROUTE DES TRIBUNES;;;;750
201400055729;14;10;1;1850;1;2;4;1;2;116;AVENUE DE LA PORTE D AUT;;;;750
201400055730;14;10;1;2015;5;2;1;1;5;116;114, AVENUE DE VERSAILLE;;;;750
201400055731;14;10;2;1310;1;2;4;1;4;116;ROUTE DE SEVRES A NEUILL;;;;750
201400055732;14;10;3;1525;1;2;7;1;3;116;PLACE DE LA PORTE DE SAI;;;;750
201400055733;14;10;4;1650;1;2;1;1;3;116;PONT DE SURESNES;;;;750
201400055734;14;10;5;128;3;2;5;2;6;116;AVENUE KLEBER;;;;750
201400055735;14;10;5;1450;1;2;5;1;3;116;AVENUE FOCH;;;;750
201400055736;14;10;5;1900;5;2;1;1;3;116;26, AVENUE DODE DE LA BR;;;;750
201400055737;14;10;6;1830;5;2;1;3;3;116;BOULEVARD PERIPHERIQUE E;;;;750
201400055738;14;10;7;900;1;2;3;1;6;116;ROUTE DES TRIBUNES;;;;750
201400055739;14;10;8;1100;1;2;1;2;2;116;AVENUE DE L HIPPODROME;;;;750
201400055740;14;10;8;1030;1;2;1;3;6;116;ALLEE DE LA REINE MARGUE;;;;750
201400055741;14;10;8;1745;2;2;1;2;2;116;ROUTE DE SEVRES A NEUILL;;;;750
201400055742;14;10;9;2250;5;2;7;1;3;116;PLACE DE LA PORTE MAILLO;;;;750
201400055743;14;10;10;1130;1;2;3;1;2;116;57, RUE D AUTEUIL;;;;750
201400055744;14;10;11;800;2;2;7;3;3;116;PLACE CHARLES DE GAULLE;;;;750
201400055745;14;10;11;1435;1;2;1;1;6;116;37, AVENUE VICTOR HUGO;;;;750
201400055746;14;10;11;2030;5;2;3;1;3;116;98, AVENUE HENRI MARTIN;;;;750
201400055747;14;10;2;1340;1;2;1;1;6;116;6, PLACE DU DOCTEUR PAUL;;;;750
201400055748;14;10;13;625;2;2;7;1;3;116;1, PLACE CHARLES DE GAUL;;;;750
201400055749;14;10;13;840;1;2;3;8;6;116;27, RUE DE LONGCHAMP;;;;750
201400055750;14;10;13;1745;1;2;3;1;5;116;ALLEE DE LA REINE MARGUE;;;;750
201400055751;14;10;14;1415;1;2;7;1;3;116;PLACE DU MARECHAL DE LAT;;;;750
201400055752;14;10;14;1600;1;2;1;1;3;116;202, AVENUE DE VERSAILLE;;;;750
201400055753;14;10;14;1645;1;2;1;1;5;116;40, AVENUE DE NEW YORK;;;;750
201400055754;14;10;14;1850;1;2;1;1;2;116;BOULEVARD PERIPHERIQUE;;;;750
201400055755;14;10;14;1900;5;2;1;1;2;116;25, AVENUE PAUL DOUMER;;;;750
201400055756;14;10;15;1040;1;2;1;2;7;116;ROUTE DE LA PTE DES SABL;;;;750
201400055757;14;10;15;1720;1;2;5;2;1;116;ROUTE DE SURESNES;;;;750
201400055758;14;10;16;845;1;2;1;1;3;116;9, RUE DE BOULAINVILLIER;;;;750
201400055759;14;10;16;1725;1;2;2;1;6;116;RUE DE LONGCHAMP;;;;750
201400055760;14;10;16;1915;5;2;4;2;2;116;VOIE GEORGES POMPIDOU;;;;750
201400055761;14;10;16;2055;5;2;7;2;3;116;1, PLACE DE L ALMA;;;;750
201400055762;14;10;17;1645;1;2;7;1;6;116;CARREFOUR DE LONGCHAMP;;;;750
201400055763;14;10;18;1420;1;2;1;7;6;116;ALLEE DE LA REINE MARGUE;;;;750
201400055764;14;10;19;1250;1;2;1;1;2;116;ROUTE DES TRIBUNES;;;;750
201400055765;14;10;20;900;1;2;1;1;3;116;ROUTE DES MOULINS;;;;750
201400055766;14;10;20;1030;1;2;1;1;3;116;146, AVENUE DE MALAKOFF;;;;750
201400055767;14;10;19;2015;5;2;1;1;4;116;ALLEE DE LONGCHAMP;;;;750
201400055768;14;10;19;1950;1;2;1;1;6;116;QUAI SAINT EXUPERY;;;;750
201400055769;14;10;21;1815;1;2;1;2;3;116;35-37, AVENUE PAUL DOUME;;;;750
201400055770;14;10;22;150;5;2;2;1;6;116;RUE CHARDON LAGACHE;;;;750
201400055771;14;10;21;1330;1;2;2;2;3;116;47, AVENUE THEOPHILE GAU;;;;750
201400055772;14;10;22;1910;5;2;1;1;6;116;20, AVENUE DE VERSAILLES;;;;750
201400055773;14;10;23;1650;1;2;1;1;6;116;ALLEE DE LA REINE MARGUE;;;;750
201400055774;14;10;23;1745;1;2;3;1;2;116;64, BOULEVARD SUCHET;;;;750
201400055775;14;10;23;1735;5;2;1;1;2;116;15, AVENUE DU PRESIDENT;;;;750
201400055776;14;10;23;1750;1;2;3;1;2;116;36, AVENUE D EYLAU;;;;750
201400055777;14;10;23;1935;5;2;7;1;3;116;PLACE DE LA PORTE DE PAS;;;;750
201400055778;14;10;25;1245;1;2;3;1;3;116;23, AVENUE VICTOR HUGO;;;;750
201400055779;14;10;26;1145;1;2;1;1;3;116;ROUTE DE SURESNES;;;;750
201400055780;14;10;26;1855;5;2;4;1;6;116;VOIE GEORGES POMPIDOU;;;;750
201400055781;14;10;27;840;1;2;5;1;6;116;RUE DE PASSY;;;;750
201400055782;14;10;27;1415;1;2;7;1;3;116;PLACE DE LA PORTE DE SAI;;;;750
201400055783;14;10;28;850;1;2;7;1;3;116;01, PLACE VICTOR HUGO;;;;750
201400055784;14;10;28;2000;5;2;3;1;7;116;RUE GUSTAVE ZEDE;;;;750
201400055785;14;10;28;1350;1;2;5;8;3;116;34, AVENUE DU PRESIDENT;;;;750
201400055786;14;10;30;1435;1;2;2;1;6;116;RUE D AUTEUIL;;;;750
201400055787;14;10;31;910;1;2;7;1;6;116;5, RUE DES BELLES FEUILL;;;;750
201400055788;14;10;31;1530;1;2;7;1;2;116;PLACE DE BARCELONE;;;;750
201400055789;14;10;5;2055;2;2;1;2;6;116;5, PLACE DE LA PORTE DE;;;;750
201400055790;14;11;3;1900;5;2;2;3;6;116;BOULEVARD EXELMANS;;;;750
201400055791;14;11;3;1900;5;2;7;3;6;116;PLACE VICTOR HUGO;;;;750
201400055792;14;11;5;1345;1;2;4;1;3;116;AVENUE DE LA PORTE D AUT;;;;750
201400055793;14;11;6;2020;5;2;2;1;3;116;AVENUE PIERRE 1ER DE SER;;;;750
201400055794;14;11;7;910;1;2;1;2;6;116;110, AVENUE RAYMOND POIN;;;;750
201400055795;14;11;7;1025;1;2;7;1;6;116;2, AVENUE PAUL DOUMER;;;;750
201400055796;14;11;7;1750;2;2;4;1;6;116;70, AVENUE FOCH;;;;750
201400055797;14;11;9;959;1;2;2;1;4;116;ALLEE DE LONGCHAMP;;;;750
201400055798;14;11;9;1035;1;2;1;1;2;116;49, AVENUE MARCEAU;;;;750
201400055799;14;11;12;1232;1;2;2;1;6;116;27, AVENUE PAUL DOUMER;;;;750
201400055800;14;11;12;1226;1;2;1;1;6;116;7, RUE DE BOULAINVILLIER;;;;750
201400055801;14;11;12;1335;1;2;1;1;4;116;132, AVENUE DE VERSAILLE;;;;750
201400055802;14;11;13;900;1;2;5;1;3;116;AVENUE EDOUARD VAILLANT;;;;750
201400055803;14;11;14;630;5;2;1;1;6;116;ALLEE DE LONGCHAMP;;;;750
201400055804;14;11;14;1020;1;2;1;2;7;116;43, RUE DE LONGCHAMP;;;;750
201400055805;14;11;14;1425;1;2;3;2;6;116;130, RUE DE LA POMPE;;;;750
201400055806;14;11;15;225;5;2;7;3;3;116;PORTE D AUTEUIL;;;;750
201400055807;14;11;17;1000;1;2;1;8;6;116;12, AVENUE DU GENERAL MA;;;;750
201400055808;14;11;18;1455;1;2;1;2;6;116;57, AVENUE BUGEAUD;;;;750
201400055809;14;11;18;1700;2;2;4;2;3;116;PLACE DE LA PORTE MAILLO;;;;750
201400055810;14;11;18;1745;5;2;1;2;6;116;58, AVENUE D IENA;;;;750
201400055811;14;11;19;615;5;2;1;1;2;116;ROUTE DES MOULINS;;;;750
201400055812;14;11;13;1915;5;2;1;1;6;116;05, RUE LARGILLIERE;;;;750
201400055813;14;11;20;850;1;2;1;1;7;116;119, AVENUE DE VERSAILLE;;;;750
201400055814;14;11;20;1830;2;2;2;1;6;116;RUE D AUTEUIL;;;;750
201400055815;14;11;22;1610;1;2;5;1;6;116;BH1733, AVENUE DE MALAKO;;;;750
201400055816;14;11;23;320;5;2;2;1;6;116;05, AVENUE ALBERT DE MUN;;;;750
201400055817;14;11;23;1048;1;2;1;1;6;116;AVENUE DU PRESIDENT KENN;;;;750
201400055818;14;11;23;1600;1;2;1;1;6;116;113, RUE DE LA TOUR;;;;750
201400055819;14;11;24;855;1;2;2;3;7;116;1, AVENUE PAUL DOUMER;;;;750
201400055820;14;11;24;939;1;2;1;2;2;116;44, BOULEVARD SUCHET;;;;750
201400055821;14;11;24;1505;1;2;2;1;6;116;01, AVENUE DE LA GRANDE;;;;750
201400055822;14;11;25;920;1;2;7;2;2;116;PLACE DE VARSOVIE;;;;750
201400055823;14;11;25;1015;1;2;1;2;3;116;VOIE GEORGES POMPIDOU;;;;750
201400055824;14;11;25;2010;5;2;7;1;6;116;AVENUE GEORGES LAFONT;;;;750
201400055825;14;11;26;1010;1;2;1;8;7;116;4, RUE DE L ASSOMPTION;;;;750
201400055826;14;11;26;2020;5;2;1;2;2;116;106, AVENUE KLEBER;;;;750
201400055827;14;11;27;830;1;2;7;2;2;116;., PLACE DU MARECHAL DE;;;;750
201400055828;14;11;28;330;5;2;2;1;2;116;1, AVENUE FOCH;;;;750
201400055829;14;11;28;1015;1;2;2;1;3;116;120, RUE JEAN DE LA FONT;;;;750
201400055830;14;11;30;215;5;2;4;1;2;116;27, RUE DE REMUSAT;;;;750
201400055831;14;11;29;1500;1;2;3;1;6;116;33, RUE GROS;;;;750
201400055832;14;11;30;1810;5;2;3;1;3;116;ALLEE DE LA REINE MARGUE;;;;750
201400055833;14;12;2;910;1;2;5;1;2;116;RUE COPERNIC;;;;750
201400055834;14;12;2;1600;1;2;7;1;2;116;ROUTE DE SURESNES;;;;750
201400055835;14;12;2;1730;5;2;1;1;2;116;ALLEE DU BORD DE L EAU;;;;750
201400055836;14;12;2;2145;5;2;7;8;2;117;03, AVENUE DE LA GRANDE;;;;750
201400055837;14;12;3;1925;5;2;4;1;6;116;61, AVENUE GEORGES MANDE;;;;750
201400055838;14;12;3;1820;5;2;7;8;3;116;PLACE DE COLOMBIE;;;;750
201400055839;14;12;4;1515;1;2;1;1;6;116;58, RUE DE PASSY;;;;750
201400055840;14;12;5;1750;5;2;7;1;6;116;RUE ALFRED BRUNEAU;;;;750
201400055841;14;12;6;1200;1;2;7;1;7;116;PLACE DE COLOMBIE;;;;750
201400055842;14;12;6;1105;1;2;1;1;4;116;BOULEVARD PERIPHERIQUE;;;;750
201400055843;14;12;7;1350;1;2;3;2;2;116;62, RUE RAYNOUARD;;;;750
201400055844;14;12;8;805;2;2;5;8;3;116;69, AVENUE PAUL DOUMER;;;;750
201400055845;14;12;8;1030;1;2;7;2;3;116;PORTE D AUTEUIL;;;;750
201400055846;14;12;9;930;1;2;7;1;3;116;AVENUE DE MALAKOFF;;;;750
201400055847;14;12;10;1630;5;2;1;1;6;116;19, BOULEVARD DE MONTMOR;;;;750
201400055848;14;12;10;2123;5;2;2;1;6;116;AVENUE GEORGES LAFONT;;;;750
201400055849;14;12;12;815;1;2;1;8;6;116;75, RUE D AUTEUIL;;;;750
201400055850;14;12;12;1550;1;2;2;2;3;116;54, BOULEVARD EMILE AUGI;;;;750
201400055851;14;12;12;1645;5;2;1;2;6;116;88, RUE DE LA POMPE;;;;750
201400055852;14;12;12;1325;1;2;1;1;3;116;24, RUE DECAMPS;;;;750
201400055853;14;12;15;1000;1;2;7;8;6;116;AVENUE DE NEW YORK;;;;750
201400055854;14;12;15;1720;5;2;3;2;6;116;RUE FELICIEN DAVID;;;;750
201400055855;14;12;15;1805;5;2;7;2;3;116;01, PLACE DU TROCADERO E;;;;750
201400055856;14;12;15;1910;5;2;5;2;6;116;40, RUE DE LUBECK;;;;750
201400055857;14;12;15;1920;5;2;1;2;6;116;BOULEVARD PERIPHERIQUE I;;;;750
201400055858;14;12;16;1100;1;2;1;1;2;116;ALLEE DE LA REINE MARGUE;;;;750
201400055859;14;12;16;1620;1;2;1;1;6;116;AVENUE DU PRESIDENT WILS;;;;750
201400055860;14;12;16;1800;5;2;1;1;6;116;48, AVENUE GEORGES MANDE;;;;750
201400055861;14;12;16;2005;5;2;2;1;2;116;AVENUE DE LA PORTE DE SA;;;;750
201400055862;14;12;17;930;1;2;5;2;3;116;BOULEVARD DE L AMIRAL BR;;;;750
201400055863;14;12;17;930;1;2;3;2;2;116;ALLEE DU BORD DE L EAU;;;;750
201400055864;14;12;17;1200;1;2;1;2;6;116;71, AVENUE DE VERSAILLES;;;;750
201400055865;14;12;18;850;1;2;1;1;2;116;BOULEVARD PERIPHERIQUE E;;;;750
201400055866;14;12;18;1500;1;2;1;1;2;116;1040, AVENUE DE VERSAILL;;;;750
201400055867;14;12;14;1230;1;2;7;1;3;116;PLACE DU MARECHAL DE LAT;;;;750
201400055868;14;12;19;1620;5;2;7;2;3;116;PLACE DE LA PORTE DE PAS;;;;750
201400055869;14;12;26;1705;5;2;1;1;2;116;98, BOULEVARD MURAT;;;;750
201400055870;14;12;26;1730;5;2;2;1;1;116;AVENUE DE VERSAILLES;;;;750
201400055871;14;12;28;1700;2;2;2;1;6;116;AVENUE DU RECTEUR POINCA;;;;750
201400055872;14;12;29;915;1;2;7;1;1;116;BOULEVARD LANNES;;;;750
201400055873;14;12;29;2330;5;2;1;1;6;116;19, RUE DU DOCTEUR BLANC;;;;750
201400055874;14;12;30;1815;5;2;1;1;6;116;7, AVENUE DE LA GRANDE A;;;;750
201400055875;14;1;15;1330;1;2;1;2;3;116;65, AVENUE KLEBER;;;;750
201400055876;14;1;16;1300;1;2;5;2;3;116;ROUTE DE LA PTE DAUPHINE;;;;750
201400055877;14;12;31;2345;5;2;1;1;6;117;5, RUE GUY MOQUET;;;;750
201400055878;14;1;1;550;5;2;5;1;2;117;147, RUE CARDINET;;;;750
201400055879;14;1;2;1600;1;2;3;1;6;117;163, AVENUE DE CLICHY;;;;750
201400055880;14;1;4;1000;1;2;2;1;6;117;99, RUE LEMERCIER;;;;750
201400055881;14;1;4;1630;1;2;1;2;6;117;31, RUE GUY MOQUET;;;;750
201400055882;14;1;4;2150;5;2;5;1;6;117;27, AVENUE NIEL;;;;750
201400055883;14;1;5;1120;1;2;7;1;7;117;1, PLACE DU MARECHAL JUI;;;;750
201400055884;14;1;6;243;5;2;7;9;6;117;2, PLACE DE LA PORTE MAI;;;;750
201400055885;14;1;7;1700;2;2;2;2;3;117;98, AVENUE DE CLICHY;;;;750
201400055886;14;1;9;1600;1;2;1;2;3;117;5, AVENUE DE LA PORTE DE;;;;750
201400055887;14;1;9;2200;5;2;7;1;3;117;PLACE DE VERDUN;;;;750
201400055888;14;1;11;1650;1;2;5;1;3;117;31, AVENUE NIEL;;;;750
201400055889;14;1;13;100;5;2;7;1;3;117;AVENUE DE LA GRANDE ARME;;;;750
201400055890;14;1;13;830;2;2;4;1;3;117;BOULEVARD BERTHIER;;;;750
201400055891;14;1;13;1140;1;2;7;1;7;116;PLACE DE LA PORTE MAILLO;;;;750
201400055892;14;1;13;1400;1;2;7;1;6;117;PLACE DU GENERAL KOENIG;;;;750
201400055893;14;1;14;805;2;2;4;2;6;117;BOULEVARD DE DIXMUDE;;;;750
201400055894;14;1;16;755;2;2;5;2;6;117;RUE ALPHONSE DE NEUVILLE;;;;750
201400055895;14;1;16;840;1;2;4;3;7;117;14, AVENUE DE LA GRANDE;;;;750
201400055896;14;1;16;2330;5;2;4;1;7;117;110, AVENUE DE VILLIERS;;;;750
201400055897;14;1;17;1700;1;2;1;1;6;117;35, AVENUE DE SAINT OUEN;;;;750
201400055898;14;1;18;345;5;2;3;1;6;117;180, AVENUE DE CLICHY;;;;750
201400055899;14;1;18;2210;5;2;2;1;6;117;PORTE DE CHAMPERRET;;;;750
201400055900;14;1;21;1520;1;2;1;1;6;117;176, AVENUE DE CLICHY;;;;750
201400055901;14;1;22;2305;5;2;5;2;3;117;BOULEVARD DE REIMS;;;;750
201400055902;14;1;25;1000;1;2;2;1;7;117;28bis, RUE GUERSANT;;;;750
201400055903;14;1;25;1300;1;2;1;1;6;117;29, RUE JEAN LECLAIRE;;;;750
201400055904;14;1;26;1450;1;2;5;2;6;117;165, RUE DE ROME;;;;750
201400055905;14;1;27;910;1;2;2;1;7;117;9, RUE DES MOINES;;;;750
201400055906;14;1;27;1310;1;2;1;1;2;117;73, BOULEVARD BESSIERES;;;;750
201400055907;14;1;29;1350;1;2;7;2;7;117;face au 02, PLACE DE LA;;;;750
201400055908;14;1;29;2010;5;2;5;8;6;117;80, AVENUE DE WAGRAM;;;;750
201400055909;14;1;29;2245;5;2;4;2;3;117;43, RUE DE TOCQUEVILLE;;;;750
201400055910;14;2;2;5;5;2;2;1;3;117;RUE DE LA JONQUIERE;;;;750
201400055911;14;2;3;1820;5;2;1;1;6;117;8, RUE SAUFFROY;;;;750
201400055912;14;2;4;725;2;2;5;1;3;117;33, AVENUE DE VILLIERS;;;;750
201400055913;14;2;5;1915;5;2;1;2;4;117;118, RUE DE COURCELLES;;;;750
201400055914;14;2;6;1812;5;2;4;2;3;117;2, BOULEVARD PERSHING;;;;750
201400055915;14;2;11;1300;1;2;4;1;3;117;7, AVENUE DE VILLIERS;;;;750
201400055916;14;2;10;2050;3;2;1;1;4;117;PORTE D ASNIERES;;;;750
201400055917;14;2;11;1840;5;2;1;2;2;117;8, AVENUE DES TERNES;;;;750
201400055918;14;2;12;1235;1;2;7;1;2;117;5, PLACE DE CLICHY;;;;750
201400055919;14;2;12;1300;1;2;1;1;3;117;19, AVENUE DE LA GRANDE;;;;750
201400055920;14;2;12;1630;1;2;1;2;6;117;6, RUE MEISSONIER;;;;750
201400055921;14;2;12;1750;5;2;2;2;3;117;126, AVENUE DE CLICHY;;;;750
201400055922;14;2;13;930;1;2;7;2;7;117;1, PLACE DE WAGRAM;;;;750
201400055923;14;2;13;740;2;2;1;2;6;117;05, PLACE DE LA PORTE DE;;;;750
201400055924;14;2;13;1800;5;2;1;8;3;117;BOULEVARD GOUVION SAINT;;;;750
201400055925;14;2;14;1140;1;2;1;2;2;117;111, RUE DE COURCELLES;;;;750
201400055926;14;2;16;2120;5;2;1;1;6;117;44, AVENUE DE LA GRANDE;;;;750
201400055927;14;2;19;2120;5;2;2;1;6;117;RUE DES BATIGNOLLES;;;;750
201400055928;14;2;20;405;5;2;5;1;3;117;BOULEVARD BESSIERES;;;;750
201400055929;14;2;20;1020;1;2;2;2;6;117;75, RUE POUCHET;;;;750
201400055930;14;2;20;1505;1;2;5;3;6;117;209, BOULEVARD PEREIRE;;;;750
201400055931;14;2;21;1215;1;2;7;1;3;117;01, PLACE DE LA PORTE MA;;;;750
201400055932;14;2;23;10;5;2;2;1;6;117;135, RUE DE ROME;;;;750
201400055933;14;2;23;2020;5;2;5;1;6;117;24, BOULEVARD BESSIERES;;;;750
201400055934;14;2;24;940;1;2;1;1;6;117;15, RUE POUCHET;;;;750
201400055935;14;2;24;1700;1;2;4;1;3;117;02, PLACE DE LA PORTE MA;;;;750
201400055936;14;2;25;1000;1;2;1;1;7;117;25, RUE GUY MOQUET;;;;750
201400055937;14;2;25;1400;1;2;1;1;6;117;66bis, AVENUE DE VILLIER;;;;750
201400055938;14;2;26;50;5;2;4;1;3;117;AVENUE DE LA PORTE D ASN;;;;750
201400055939;14;2;26;1710;1;2;3;1;3;117;142, AVENUE DE LA PORTE;;;;750
201400055940;14;2;27;1510;1;2;2;2;2;117;72, AVENUE DE WAGRAM;;;;750
201400055941;14;2;27;1555;1;2;1;2;2;117;AVENUE DE CLICHY;;;;750
201400055942;14;2;27;1655;1;2;2;1;6;117;02, AVENUE DE VILLIERS;;;;750
201400055943;14;2;28;122;5;2;1;1;6;117;2, PLACE DE LA PORTE MAI;;;;750
201400055944;14;2;28;920;1;2;1;2;7;117;BOULEVARD PERIPHERIQUE;;;;750
201400055945;14;2;28;1400;1;2;7;2;3;117;2, PLACE DE LA PORTE MAI;;;;750
201400055946;14;3;2;1115;1;2;5;1;6;117;133, AVENUE DE VILLIERS;;;;750
201400055947;14;3;2;2100;5;2;1;1;6;117;7, BOULEVARD BERTHIER;;;;750
201400055948;14;3;3;740;1;2;3;1;7;117;41, AVENUE DE VILLIERS;;;;750
201400055949;14;3;3;1530;1;2;7;3;6;117;1, AVENUE DE WAGRAM;;;;750
201400055950;14;3;6;1640;1;2;2;1;6;117;24, RUE BROCHANT;;;;750
201400055951;14;3;7;830;1;2;7;1;6;117;3, PLACE GENERAL CATROUX;;;;750
201400055952;14;3;7;1145;1;2;1;1;6;117;22, RUE BRUNEL;;;;750
201400055953;14;3;7;1405;1;2;2;1;3;117;78, RUE JOUFFROY D ABBAN;;;;750
201400055954;14;3;8;1040;1;2;2;1;3;117;17, RUE BROCHANT;;;;750
201400055955;14;3;9;2050;5;2;4;1;3;117;1, BOULEVARD DE DOUAUMON;;;;750
201400055956;14;3;10;940;1;2;4;1;3;117;14, AVENUE DE VILLIERS;;;;750
201400055957;14;3;12;500;5;2;7;1;6;117;6, PLACE DES TERNES;;;;750
201400055958;14;3;12;1600;1;2;5;1;7;117;34, AVENUE DE VILLIERS;;;;750
201400055959;14;3;12;1940;5;2;5;1;6;117;02, BOULEVARD DE REIMS;;;;750
201400055960;14;3;12;2310;5;2;7;1;2;117;5, PLACE DU BRESIL;;;;750
201400055961;14;3;13;819;1;2;5;1;3;117;AVENUE DE LA PORTE D ASN;;;;750
201400055962;14;3;13;1630;1;2;5;1;6;117;01, AVENUE DE LA PORTE D;;;;750
201400055963;14;3;14;1900;3;2;1;1;7;117;BOULEVARD PERIPHERIQUE I;;;;750
201400055964;14;3;17;2125;5;2;3;1;6;117;19, RUE RENNEQUIN;;;;750
201400055965;14;3;19;1525;1;2;1;1;6;117;2, RUE DE SENLIS;;;;750
201400055966;14;3;20;1630;1;2;1;1;6;117;141, AVENUE DE CLICHY;;;;750
201400055967;14;3;23;420;5;2;7;1;6;116;PLACE CHARLES DE GAULLE;;;;750
201400055968;14;3;23;1810;1;2;2;8;6;116;120, RUE JEAN DE LA FONT;;;;750
201400055969;14;3;24;1745;1;2;2;1;7;117;133, RUE DE ROME;;;;750
201400055970;14;3;25;815;1;2;3;2;6;117;67, RUE DE TOCQUEVILLE;;;;750
201400055971;14;3;25;930;1;2;2;2;1;117;AVENUE DES TERNES;;;;750
201400055972;14;3;25;1200;1;2;2;2;6;117;RUE POUCHET;;;;750
201400055973;14;3;25;1450;1;2;7;2;7;117;3, PLACE DU MARECHAL JUI;;;;750
201400055974;14;3;25;1445;1;2;1;2;3;117;52, BOULEVARD DE DOUAUMO;;;;750
201400055975;14;3;25;1520;1;2;1;2;1;117;119, AVENUE DE SAINT OUE;;;;750
201400055976;14;3;26;1310;1;2;1;1;6;117;2, RUE JOUFFROY D ABBANS;;;;750
201400055977;14;3;27;815;1;2;1;1;6;117;BOULEVARD PERIPHERIQUE;;;;750
201400055978;14;3;27;2000;4;2;1;1;6;117;AVENUE DE WAGRAM;;;;750
201400055979;14;3;28;1320;1;2;1;1;2;117;BOULEVARD DE COURCELLES;;;;750
201400055980;14;3;30;1910;1;2;1;1;3;117;65, AVENUE DE CLICHY;;;;750
201400055981;14;3;31;1430;1;2;2;1;1;117;103, AVENUE DES TERNES;;;;750
201400055982;14;4;1;1520;1;2;4;1;3;117;23, AVENUE CARNOT;;;;750
201400055983;14;4;2;1810;1;2;2;9;2;117;23, AVENUE DES TERNES;;;;750
201400055984;14;4;2;35;5;2;2;1;3;117;153, RUE CARDINET;;;;750
201400055985;14;4;4;1050;1;2;7;1;6;117;02, BOULEVARD PERSHING;;;;750
201400055986;14;4;8;930;1;2;1;1;6;117;137, AVENUE DE VILLIERS;;;;750
201400055987;14;4;8;1235;1;2;5;1;3;117;23, BOULEVARD DE LA SOMM;;;;750
201400055988;14;4;9;900;1;2;1;1;3;117;9, BOULEVARD DU BOIS LE;;;;750
201400055989;14;4;9;2240;5;2;2;1;3;117;132, AVENUE DE CLICHY;;;;750
201400055990;14;4;12;1930;1;2;2;1;1;117;200, RUE DE COURCELLES;;;;750
201400055991;14;4;14;940;1;2;2;1;3;117;17, RUE GUY MOQUET;;;;750
201400055992;14;4;14;1250;1;2;2;1;6;117;132, AVENUE DE CLICHY;;;;750
201400055993;14;4;15;1320;1;2;7;1;6;117;01, PLACE CHARLES DE GAU;;;;750
201400055994;14;4;16;1100;1;2;2;7;6;117;12, RUE JOUFFROY D ABBAN;;;;750
201400055995;14;4;19;1710;1;2;2;1;7;117;46, BOULEVARD BESSIERES;;;;750
201400055996;14;4;19;1815;1;2;1;1;4;117;107, AVENUE DE CLICHY;;;;750
201400055997;14;4;22;1010;1;2;1;1;2;117;14, BOULEVARD DU FORT DE;;;;750
201400055998;14;4;22;1740;1;2;1;2;2;117;51, AVENUE DE VILLIERS;;;;750
201400055999;14;4;25;1010;1;2;1;2;7;117;40, BOULEVARD DE COURCEL;;;;750
201400056000;14;4;25;1350;1;2;2;8;6;117;143, BOULEVARD PEREIRE;;;;750
201400056001;14;4;26;1900;1;2;3;3;2;117;RUE FLOREAL;;;;750
201400056002;14;4;27;1230;1;2;2;1;3;117;45, AVENUE DE SAINT OUEN;;;;750
201400056003;14;4;28;850;1;2;2;1;6;117;AVENUE DE SAINT OUEN;;;;750
201400056004;14;4;28;2000;2;2;1;1;6;117;AVENUE DE LA PORTE D ASN;;;;750
201400056005;14;4;28;2200;5;2;2;1;2;117;70, AVENUE DE VILLIERS;;;;750
201400056006;14;4;29;950;1;2;5;1;6;117;34, BOULEVARD DES BATIGN;;;;750
201400056007;14;5;1;2050;5;2;7;2;6;117;97, AVENUE NIEL;;;;750
201400056008;14;5;2;920;1;2;3;1;6;117;105, RUE DE LA JONQUIERE;;;;750
201400056009;14;5;2;1115;1;2;2;1;3;117;130, RUE CARDINET;;;;750
201400056010;14;5;2;2010;2;2;1;1;3;117;30, RUE GUY MOQUET;;;;750
201400056011;14;5;3;1405;1;2;1;1;6;117;2, PORTE MAILLOT;;;;750
201400056012;14;5;3;1540;1;2;2;1;3;117;10, RUE JOUFFROY D ABBAN;;;;750
201400056013;14;5;6;1900;1;2;2;1;6;117;27, AVENUE DE CLICHY;;;;750
201400056014;14;5;7;945;1;2;1;1;4;117;40, BOULEVARD DE COURCEL;;;;750
201400056015;14;5;7;1505;1;2;2;1;2;117;86, BOULEVARD DE COURCEL;;;;750
201400056016;14;5;7;1500;1;2;1;1;6;117;37, AVENUE BRUNETIERE;;;;750
201400056017;14;5;8;1510;1;2;5;2;6;117;8, AVENUE DE VILLIERS;;;;750
201400056018;14;5;12;1035;1;2;2;2;3;117;38, RUE LEMERCIER;;;;750
201400056019;14;5;13;940;1;2;5;1;5;117;01bis, BOULEVARD GOUVION;;;;750
201400056020;14;5;13;1630;1;2;1;2;4;117;134, AVENUE DE VILLIERS;;;;750