num_acc;an;mois;jour;hrmn;lum;agg;int;atm;col;com;adr;gps;lat;long;dep
201400056326;14;2;27;1300;1;2;3;2;6;118;BOULEVARD BARBES;;;;750
201400056327;14;3;2;630;2;2;4;1;2;118;67, BOULEVARD NEY;;;;750
201400056328;14;3;3;1850;5;2;1;2;6;118;94, RUE ORDENER;;;;750
201400056329;14;3;4;825;1;2;4;8;6;118;BOULEVARD DE LA CHAPELLE;;;;750
201400056330;14;3;5;840;1;2;1;1;3;118;107, RUE ORDENER;;;;750
201400056331;14;3;5;1205;1;2;2;1;3;118;1, AVENUE DE LA PORTE DE;;;;750
201400056332;14;3;13;1330;1;2;1;1;6;118;27, RUE CUSTINE;;;;750
201400056333;14;3;14;1050;1;2;1;1;6;118;13, RUE CAVALLOTTI;;;;750
201400056334;14;3;14;2145;5;2;3;1;4;118;34, RUE RAMEY;;;;750
201400056335;14;3;15;245;5;2;5;1;6;118;30, AVENUE DE LA PORTE D;;;;750
201400056336;14;3;15;2015;5;2;1;1;3;118;BOULEVARD PERIPHERIQUE;;;;750
201400056337;14;3;18;1405;1;2;1;1;2;118;90, RUE DOUDEAUVILLE;;;;750
201400056338;14;3;18;1700;1;2;2;3;6;118;2, AVENUE DE LA PORTE DE;;;;750
201400056339;14;3;20;1330;1;2;3;1;3;118;110, RUE DES POISSONNIER;;;;750
201400056340;14;3;20;1425;1;2;2;1;3;118;36, BOULEVARD BARBES;;;;750
201400056341;14;3;20;1530;1;2;2;1;5;118;17, RUE CAULAINCOURT;;;;750
201400056342;14;3;21;1300;1;2;1;8;6;118;98, RUE DU POTEAU;;;;750
201400056343;14;3;22;830;1;2;1;2;6;118;89, RUE MYRHA;;;;750
201400056344;14;3;25;1145;1;2;5;2;2;118;252, RUE CHAMPIONNET;;;;750
201400056345;14;3;25;1325;1;2;1;8;7;118;5, RUE CHRISTIANI;;;;750
201400056346;14;3;25;1455;1;2;2;2;3;118;0, RUE DE LA CHAPELLE;;;;750
201400056347;14;3;26;1830;2;2;5;1;6;118;50, RUE CUSTINE;;;;750
201400056348;14;3;26;2036;5;2;1;1;6;118;30, AVENUE DE LA PORTE D;;;;750
201400056349;14;3;27;815;1;2;1;1;7;118;15, RUE CAULAINCOURT;;;;750
201400056350;14;3;27;1230;1;2;4;1;3;117;ECHANGEUR SAINT OUEN;;;;750
201400056351;14;3;27;1105;1;2;1;1;3;118;165, RUE BELLIARD;;;;750
201400056352;14;3;28;1615;1;2;1;1;6;118;29, RUE DU DEPARTEMENT;;;;750
201400056353;14;3;29;1310;1;2;2;1;3;118;1, RUE ORDENER;;;;750
201400056354;14;3;30;1820;1;2;1;1;6;118;BOULEVARD NEY;;;;750
201400056355;14;3;31;1500;1;2;3;1;2;118;91, RUE DAMREMONT;;;;750
201400056356;14;4;2;930;1;2;1;1;4;118;0, BOULEVARD PERIPHERIQU;;;;750
201400056357;14;4;3;840;1;2;2;1;6;118;2, BOULEVARD DE CLICHY;;;;750
201400056358;14;4;3;1830;1;2;1;1;6;118;63, RUE LETORT;;;;750
201400056359;14;4;4;105;5;2;2;2;3;118;RUE ORDENER;;;;750
201400056360;14;4;5;340;5;2;2;1;2;118;120, RUE CHAMPIONNET;;;;750
201400056361;14;4;6;310;5;2;7;1;3;118;80, BOULEVARD DE CLICHY;;;;750
201400056362;14;4;6;645;2;2;1;1;6;118;AVENUE DE LA PORTE DE CL;;;;750
201400056363;14;4;7;1230;1;2;2;1;4;118;PORTE DE SAINT OUEN;;;;750
201400056364;14;4;8;940;1;2;2;8;6;118;RUE LEPIC;;;;750
201400056365;14;4;8;1030;1;2;2;1;6;118;VAV 100, BOULEVARD NEY;;;;750
201400056366;14;4;8;1800;1;2;1;1;7;118;19, BOULEVARD NEY;;;;750
201400056367;14;4;9;30;5;2;1;1;6;118;153, RUE CHAMPIONNET;;;;750
201400056368;14;4;10;1905;1;2;2;1;6;118;38, AVENUE DE CLICHY;;;;750
201400056369;14;4;11;1000;1;2;1;1;3;118;BOULEVARD PERIPHERIQUE;;;;750
201400056370;14;4;11;1315;1;2;5;1;3;118;25, RUE CUSTINE;;;;750
201400056371;14;4;11;1515;1;2;2;1;3;118;37, BOULEVARD BARBES;;;;750
201400056372;14;4;12;1448;1;2;1;1;6;118;7, AVENUE DE LA PORTE D;;;;750
201400056373;14;4;12;1830;1;2;2;1;2;118;32, BOULEVARD ORNANO;;;;750
201400056374;14;4;13;1610;1;2;1;1;6;118;8, RUE NORVINS;;;;750
201400056375;14;4;16;10;5;2;1;1;3;118;10, AVENUE DE CLICHY;;;;750
201400056376;14;4;18;1957;2;2;5;1;3;118;RUE CAULAINCOURT;;;;750
201400056377;14;4;19;1320;1;2;1;8;2;118;36, BOULEVARD DE ROCHECH;;;;750
201400056378;14;4;21;130;5;2;1;1;6;118;12, RUE LETORT;;;;750
201400056379;14;4;22;1525;1;2;1;1;6;118;89, RUE DE LA CHAPELLE;;;;750
201400056380;14;4;23;1350;1;2;5;8;6;118;71, RUE ORDENER;;;;750
201400056381;14;4;26;325;5;2;1;1;6;118;9, RUE LEPIC;;;;750
201400056382;14;4;27;1735;1;2;1;1;6;118;RUE DU PROFESSEUR GOSSET;;;;750
201400056383;14;4;29;1130;1;2;2;1;3;118;18, RUE MARCADET;;;;750
201400056384;14;4;29;2125;5;2;1;3;7;118;07, BOULEVARD ORNANO;;;;750
201400056385;14;4;30;100;5;2;5;2;6;118;85, RUE DAMREMONT;;;;750
201400056386;14;5;1;1215;1;2;2;2;3;118;face au 32, PORTE DE CLI;;;;750
201400056387;14;5;1;1120;1;2;2;8;6;118;79, RUE DE LA CHAPELLE;;;;750
201400056388;14;5;2;15;5;2;5;3;3;118;150, BOULEVARD NEY;;;;750
201400056389;14;5;2;1655;1;2;2;1;3;118;BOULEVARD DE LA CHAPELLE;;;;750
201400056390;14;5;3;1820;1;2;1;1;6;118;80, RUE DOUDEAUVILLE;;;;750
201400056391;14;5;5;1330;1;2;1;1;6;118;35, BOULEVARD NEY;;;;750
201400056392;14;5;6;820;1;2;4;2;2;118;AVENUE DE LA PORTE D AUB;;;;750
201400056393;14;5;9;2115;2;2;2;1;6;118;26, RUE LEON;;;;750
201400056394;14;5;10;1200;1;2;5;2;6;118;5, BOULEVARD BARBES;;;;750
201400056395;14;5;10;1900;1;2;2;2;3;118;1, RUE CARPEAUX;;;;750
201400056396;14;5;11;30;5;2;3;1;6;118;96, RUE DU POTEAU;;;;750
201400056397;14;5;12;1235;1;2;5;2;6;118;RUE BELLIARD;;;;750
201400056398;14;5;12;1855;1;2;7;1;6;118;7, RUE DU MONT CENIS;;;;750
201400056399;14;5;15;820;1;2;1;1;3;118;156, RUE MARCADET;;;;750
201400056400;14;5;16;1040;1;2;3;1;2;118;158, BOULEVARD NEY;;;;750
201400056401;14;5;17;2120;5;2;1;1;2;118;BOULEVARD BARBES;;;;750
201400056402;14;5;19;1945;1;2;5;1;2;118;10, RUE JOSEPH DE MAISTR;;;;750
201400056403;14;5;19;2145;4;2;3;1;7;118;130, AVENUE DE SAINT OUE;;;;750
201400056404;14;5;20;40;5;2;5;1;6;118;90, BOULEVARD NEY;;;;750
201400056405;14;5;20;1640;1;2;3;2;6;118;31, RUE BOINOD;;;;750
201400056406;14;5;20;2010;2;2;2;2;3;118;AVENUE DE LA PORTE DE CL;;;;750
201400056407;14;5;21;845;1;2;3;2;7;118;BOULEVARD NEY;;;;750
201400056408;14;5;21;940;1;2;3;2;3;118;15, RUE CAULAINCOURT;;;;750
201400056409;14;5;23;5;5;2;7;1;6;118;PLACE ALBERT KAHN;;;;750
201400056410;14;5;23;1330;1;2;1;1;7;118;120, BOULEVARD DE CLICHY;;;;750
201400056411;14;5;24;1450;1;2;1;8;7;118;30, BOULEVARD DE CLICHY;;;;750
201400056412;14;5;25;2120;2;2;2;1;6;118;70, BOULEVARD DE ROCHECH;;;;750
201400056413;14;5;26;1845;1;2;3;1;6;118;30, RUE HENRI HUCHARD;;;;750
201400056414;14;5;26;2324;5;2;5;1;3;118;78, RUE DAMREMONT;;;;750
201400056415;14;5;30;1310;1;2;1;1;6;118;152, RUE ORDENER;;;;750
201400056416;14;5;31;1820;1;2;3;1;2;118;133, BOULEVARD NEY;;;;750
201400056417;14;6;1;2200;5;2;1;1;6;118;5, RUE EUGENE SUE;;;;750
201400056418;14;6;2;815;1;2;4;1;6;118;RUE ORDENER;;;;750
201400056419;14;6;2;1930;1;2;3;1;6;118;68, BOULEVARD DE LA CHAP;;;;750
201400056420;14;6;3;1920;1;2;1;1;6;118;58, PORTE DE LA CHAPELLE;;;;750
201400056421;14;6;4;1200;1;2;2;2;2;118;RUE MARCADET;;;;750
201400056422;14;6;5;945;1;2;4;1;6;118;RUE DU DOCTEUR BABINSKI;;;;750
201400056423;14;6;7;113;5;2;1;1;3;118;120, BOULEVARD DE CLICHY;;;;750
201400056424;14;6;7;305;5;2;1;1;7;118;102, RUE ORDENER;;;;750
201400056425;14;6;8;330;5;2;1;1;2;118;62, RUE DE LA CHAPELLE;;;;750
201400056426;14;6;10;830;1;2;1;1;6;118;94, BOULEVARD NEY;;;;750
201400056427;14;6;10;1735;1;2;5;2;3;118;224, RUE CHAMPIONNET;;;;750
201400056428;14;6;10;1940;1;2;5;1;6;118;RUE BELLIARD;;;;750
201400056429;14;6;10;2310;5;2;4;1;3;118;AVENUE DE LA PORTE DE CL;;;;750
201400056430;14;6;11;740;1;2;1;1;2;118;92, BOULEVARD NEY;;;;750
201400056431;14;6;11;1820;1;2;1;1;6;118;24, RUE RAYMOND QUENEAU;;;;750
201400056432;14;6;12;2150;5;2;1;1;6;118;41, BOULEVARD BARBES;;;;750
201400056433;14;6;13;10;5;2;2;1;3;118;BOULEVARD DE LA CHAPELLE;;;;750
201400056434;14;6;13;1830;1;2;1;1;6;118;20, RUE STEPHENSON;;;;750
201400056435;14;6;13;1930;2;2;3;1;6;118;33, RUE DE LA CHAPELLE;;;;750
201400056436;14;6;14;246;5;2;7;1;6;118;82, BOULEVARD DE CLICHY;;;;750
201400056437;14;6;16;1250;1;2;2;1;6;118;28, AVENUE DE LA PORTE D;;;;750
201400056438;14;6;16;1640;1;2;1;1;3;118;125, RUE CAULAINCOURT;;;;750
201400056439;14;6;16;2100;2;2;1;1;3;118;40, AVENUE DE LA PORTE D;;;;750
201400056440;14;6;17;1020;1;2;2;1;3;118;86, BOULEVARD BARBES;;;;750
201400056441;14;6;18;720;1;2;2;8;4;118;28, AVENUE DE LA PORTE D;;;;750
201400056442;14;6;18;1245;1;2;3;1;2;118;41, RUE DE LA CHAPELLE;;;;750
201400056443;14;6;20;2315;5;2;1;1;3;118;68, BOULEVARD ORNANO;;;;750
201400056444;14;6;21;1650;1;2;5;1;6;118;207, RUE ORDENER;;;;750
201400056445;14;6;22;2015;1;2;1;1;3;118;RUE CAULAINCOURT;;;;750
201400056446;14;6;24;1540;1;2;3;1;6;118;11, RUE CHAMPIONNET;;;;750
201400056447;14;6;25;1820;1;2;2;1;6;118;84, RUE DU MONT CENIS;;;;750
201400056448;14;6;26;810;1;2;2;1;6;118;40, RUE DE CLIGNANCOURT;;;;750
201400056449;14;6;27;1445;1;2;1;1;6;118;68, BOULEVARD BARBES;;;;750
201400056450;14;6;28;1114;1;2;2;2;6;118;110, RUE ORDENER;;;;750
201400056451;14;6;30;847;1;2;3;1;6;118;12, AVENUE DE CLICHY;;;;750
201400056452;14;6;30;1850;1;2;5;1;3;118;128 bis, BOULEVARD DE CL;;;;750
201400056453;14;7;1;1115;1;2;3;1;6;118;47, RUE DU SIMPLON;;;;750
201400056454;14;7;1;1900;1;2;1;1;3;118;129, RUE DES POISSONNIER;;;;750
201400056455;14;7;1;2000;1;2;5;1;2;118;6, AVENUE DE LA PORTE DE;;;;750
201400056456;14;7;1;2030;1;2;5;1;2;118;101, RUE CAULAINCOURT;;;;750
201400056457;14;7;2;1815;1;2;5;1;3;118;AVENUE DE LA PORTE DE SA;;;;750
201400056458;14;7;3;1030;1;2;1;1;4;118;61, RUE DE CLIGNANCOURT;;;;750
201400056459;14;7;5;1418;1;2;5;8;3;118;33, BOULEVARD BARBES;;;;750
201400056460;14;7;5;1940;1;2;3;1;3;118;RUE ORDENER;;;;750
201400056461;14;7;6;1905;1;2;1;1;6;118;20, RUE DES CLOYS;;;;750
201400056462;14;7;6;2100;1;2;4;1;3;118;72, BOULEVARD NEY;;;;750
201400056463;14;7;7;1145;1;2;7;1;3;118;16, AVENUE DE CLICHY;;;;750
201400056464;14;7;7;1930;1;2;3;8;6;118;32, AVENUE DE LA PORTE D;;;;750
201400056465;14;7;8;1500;1;2;3;2;6;118;33BIS, RUE DOUDEAUVILLE;;;;750
201400056466;14;7;8;1845;1;2;1;8;6;118;37, BOULEVARD BARBES;;;;750
201400056467;14;7;10;1225;1;2;5;1;7;118;66, BOULEVARD DE ROCHECH;;;;750
201400056468;14;7;10;1505;1;2;1;8;6;118;129, RUE ORDENER;;;;750
201400056469;14;7;11;2145;5;2;3;1;6;118;27, RUE DU DEPARTEMENT;;;;750
201400056470;14;7;12;1035;1;2;3;1;6;118;2, RUE ANDRE DEL SARTE;;;;750
201400056471;14;7;15;1320;1;2;1;1;2;118;78, BOULEVARD ORNANO;;;;750
201400056472;14;7;16;913;1;2;2;1;4;118;23, RUE CAULAINCOURT;;;;750
201400056473;14;7;16;1020;1;2;3;1;3;118;41, RUE DE LA CHAPELLE;;;;750
201400056474;14;7;18;1240;1;2;1;1;6;118;50, RUE DE LA GOUTTE D O;;;;750
201400056475;14;7;18;1240;1;2;1;1;6;118;42, BOULEVARD DE ROCHECH;;;;750
201400056476;14;7;19;1250;1;2;5;1;6;118;44, RUE ORDENER;;;;750
201400056477;14;7;19;1440;1;2;5;1;2;118;RUE ORDENER;;;;750
201400056478;14;7;20;1555;1;2;3;1;3;118;112, BOULEVARD DE LA CHA;;;;750
201400056479;14;7;20;1915;1;2;3;8;6;118;13, BOULEVARD BARBES;;;;750
201400056480;14;7;23;1250;1;2;2;1;6;118;29, RUE DU NORD;;;;750
201400056481;14;7;24;1200;1;2;1;1;2;118;21, RUE EUGENE SUE;;;;750
201400056482;14;7;27;2120;5;2;2;1;3;118;BOULEVARD NEY;;;;750
201400056483;14;7;28;2350;5;2;1;1;6;118;BOULEVARD DE LA CHAPELLE;;;;750
201400056484;14;7;30;50;5;2;3;1;3;110;209, RUE DU FAUBOURG SAI;;;;750
201400056485;14;7;30;830;1;2;5;1;3;118;83, BOULEVARD ORNANO;;;;750
201400056486;14;7;31;1935;1;2;1;1;3;118;3, RUE ANDRE DEL SARTE;;;;750
201400056487;14;8;3;1915;1;2;5;1;6;118;29, RUE RAMEY;;;;750
201400056488;14;8;4;1635;1;2;2;1;6;118;0, RUE JOSEPH DIJON;;;;750
201400056489;14;8;4;1810;1;2;4;1;3;118;32, AVENUE DE LA PORTE D;;;;750
201400056490;14;8;5;1905;1;2;5;1;6;118;77, RUE ORDENER;;;;750
201400056491;14;8;6;2020;1;2;4;1;2;118;24, BOULEVARD DE ROCHECH;;;;750
201400056492;14;8;8;1250;1;2;1;2;1;118;67, RUE BELLIARD;;;;750
201400056493;14;8;8;2215;5;2;5;2;3;118;RUE DAMREMONT;;;;750
201400056494;14;8;11;1425;1;2;4;1;6;118;48, AVENUE DE CLICHY;;;;750
201400056495;14;8;14;1925;1;2;2;8;3;118;RUE HERMEL;;;;750
201400056496;14;8;16;1400;1;2;5;1;6;118;RUE JEAN HENRI FABRE;;;;750
201400056497;14;8;19;255;5;2;7;1;6;118;18, BOULEVARD DE CLICHY;;;;750
201400056498;14;8;19;2110;2;2;5;1;1;118;71, RUE ORDENER;;;;750
201400056499;14;8;23;250;5;2;2;1;1;118;88, BOULEVARD BARBES;;;;750
201400056500;14;8;23;500;5;2;1;2;2;118;32, AVENUE DE LA PORTE D;;;;750
201400056501;14;8;24;900;1;2;2;1;6;118;RUE D ORAN;;;;750
201400056502;14;8;31;2050;5;2;2;1;3;118;55, RUE HERMEL;;;;750
201400056503;14;9;1;1407;1;2;5;1;3;118;RUE BECQUEREL;;;;750
201400056504;14;9;1;1825;1;2;2;1;3;118;AVENUE DE LA PORTE DE CL;;;;750
201400056505;14;9;1;2240;5;2;5;1;6;118;AVENUE DE LA PORTE DE CL;;;;750
201400056506;14;9;3;1845;1;2;2;1;2;118;16, RUE EUGENE SUE;;;;750
201400056507;14;9;4;1820;1;2;5;1;3;118;43, RUE MARCADET;;;;750
201400056508;14;9;5;2300;5;2;4;1;6;118;5, RUE EUGENE CARRIERE;;;;750
201400056509;14;9;5;1330;1;2;4;8;3;118;150, BOULEVARD NEY;;;;750
201400056510;14;9;10;1235;1;2;1;1;6;118;69, RUE ORDENER;;;;750
201400056511;14;9;10;1815;1;2;4;1;6;118;100, RUE DU POTEAU;;;;750
201400056512;14;9;12;755;1;2;1;1;3;118;120, RUE CAULAINCOURT;;;;750
201400056513;14;9;16;935;1;2;1;1;6;118;92, BOULEVARD NEY;;;;750
201400056514;14;9;19;1240;1;2;1;1;6;118;2, RUE ROBERT PLANQUETTE;;;;750
201400056515;14;9;20;1700;1;2;4;1;2;118;10, RUE RONSARD;;;;750
201400056516;14;9;22;1355;1;2;2;1;2;118;101, BOULEVARD NEY;;;;750
201400056517;14;9;23;1000;1;2;1;1;2;118;31, RUE ORDENER;;;;750
201400056518;14;9;23;1630;1;2;1;1;7;118;25, RUE RICHOMME;;;;750
201400056519;14;9;23;1330;1;2;7;1;6;118;0, PLACE BLANCHE;;;;750
201400056520;14;9;24;1940;5;2;3;2;3;118;BOULEVARD DE ROCHECHOUAR;;;;750
201400056521;14;9;25;1330;1;2;3;1;2;118;32, BOULEVARD ORNANO;;;;750
201400056522;14;9;26;1825;1;2;2;1;3;118;155, RUE ORDENER;;;;750
201400056523;14;9;28;2240;5;2;1;1;6;118;100, RUE DE LA CHAPELLE;;;;750
201400056524;14;9;28;2340;5;2;1;1;6;118;30, AVENUE DE LA PORTE D;;;;750
201400056525;14;9;29;1610;1;2;1;1;2;118;92, BOULEVARD NEY;;;;750
201400056526;14;9;29;2115;5;2;2;8;7;118;123, RUE ORDENER;;;;750
201400056527;14;10;1;1900;2;2;1;1;6;118;10, RUE DAMREMONT;;;;750
201400056528;14;10;2;110;5;2;1;1;6;118;28, BOULEVARD BARBES;;;;750
201400056529;14;10;2;1515;1;2;5;1;3;118;160, RUE DES POISSONNIER;;;;750
201400056530;14;10;2;1740;1;2;5;1;2;118;83, RUE DAMREMONT;;;;750
201400056531;14;10;3;855;1;2;2;1;3;118;15, BOULEVARD ORNANO;;;;750
201400056532;14;10;3;1410;1;2;2;1;6;118;90, RUE DE LA CHAPELLE;;;;750
201400056533;14;10;3;1850;1;2;1;1;6;118;44, BOULEVARD DE ROCHECH;;;;750
201400056534;14;10;5;2250;5;2;3;1;6;118;0, PASSAGE RAMEY;;;;750
201400056535;14;10;6;1900;5;2;7;2;6;118;02, RUE CAULAINCOURT;;;;750
201400056536;14;10;6;2020;5;2;1;2;3;118;129, BOULEVARD NEY;;;;750
201400056537;14;10;6;2100;5;2;5;3;6;118;RUE DE LA CHAPELLE;;;;750
201400056538;14;10;8;1230;1;2;1;2;7;118;11, RUE CARPEAUX;;;;750
201400056539;14;10;9;1340;1;2;3;1;2;118;190, RUE MARCADET;;;;750
201400056540;14;10;9;1525;1;2;2;1;6;118;123, RUE ORDENER;;;;750
201400056541;14;10;11;243;5;2;1;1;6;118;4, BOULEVARD BARBES;;;;750
201400056542;14;10;11;2000;5;2;2;1;6;118;67, BOULEVARD BARBES;;;;750
201400056543;14;10;11;2015;5;2;2;1;1;118;44, BOULEVARD ORNANO;;;;750
201400056544;14;10;12;1025;1;2;3;1;6;118;39, RUE DE LA CHARBONNIE;;;;750
201400056545;14;10;12;1745;2;2;2;2;3;118;158, RUE DAMREMONT;;;;750
201400056546;14;10;12;1800;5;2;1;2;2;118;12, RUE DE LA BARRIERE B;;;;750
201400056547;14;10;13;810;1;2;3;1;6;118;96, RUE DU POTEAU;;;;750
201400056548;14;10;13;915;1;2;3;1;6;118;142, RUE LAMARCK;;;;750
201400056549;14;10;14;1210;1;2;5;1;3;118;34, RUE RAMEY;;;;750
201400056550;14;10;16;135;5;2;4;1;2;118;80 bis, BOULEVARD ORNANO;;;;750
201400056551;14;10;16;1630;1;2;5;1;6;118;RUE BELLIARD;;;;750
201400056552;14;10;17;200;5;2;1;3;6;110;119, BOULEVARD DE MAGENT;;;;750
201400056553;14;10;17;1725;1;2;5;1;6;118;46, RUE ORDENER;;;;750
201400056554;14;10;19;350;5;2;1;1;6;118;164, BOULEVARD NEY;;;;750
201400056555;14;10;19;1715;1;2;1;1;2;118;65, BOULEVARD ORNANO;;;;750
201400056556;14;10;19;1830;1;2;1;1;6;118;232, RUE CHAMPIONNET;;;;750
201400056557;14;10;19;1845;2;2;1;1;1;118;80 bis, BOULEVARD ORNANO;;;;750
201400056558;14;10;20;2330;5;2;1;1;6;118;23, BOULEVARD NEY;;;;750
201400056559;14;10;21;1615;1;2;7;1;4;118;62, RUE DE LA CHAPELLE;;;;750
201400056560;14;10;22;930;1;2;1;1;3;118;50, RUE MARX DORMOY;;;;750
201400056561;14;10;22;1815;1;2;2;1;6;118;36, RUE LEPIC;;;;750
201400056562;14;10;23;840;1;2;3;1;3;118;115 BIS, RUE ORDENER;;;;750
201400056563;14;10;23;1740;1;2;3;1;7;118;12, RUE RENE BINET;;;;750
201400056564;14;10;24;1200;1;2;1;1;3;118;154, RUE DAMREMONT;;;;750
201400056565;14;10;25;1850;5;2;1;8;6;118;81, RUE ORDENER;;;;750
201400056566;14;10;26;450;5;2;3;1;2;118;24, RUE DE LA CHAPELLE;;;;750
201400056567;14;10;26;1535;1;2;2;1;6;118;17, RUE DE JESSAINT;;;;750
201400056568;14;10;28;1830;5;2;1;1;3;118;14, RUE MARX DORMOY;;;;750
201400056569;14;10;29;25;5;2;3;1;3;118;10, AVENUE DE SAINT OUEN;;;;750
201400056570;14;10;30;140;5;2;7;1;3;118;BOULEVARD DE LA CHAPELLE;;;;750
201400056571;14;10;31;740;1;2;2;1;3;119;54, RUE D AUBERVILLIERS;;;;750
201400056572;14;10;30;2130;5;2;4;1;2;118;38, AVENUE DE LA PORTE D;;;;750
201400056573;14;10;31;1900;5;2;4;1;6;118;4, BOULEVARD BARBES;;;;750
201400056574;14;11;1;710;5;2;4;1;6;110;153, BOULEVARD DE MAGENT;;;;750
201400056575;14;11;1;1930;5;2;1;1;4;118;BOULEVARD PERIPHERIQUE;;;;750
201400056576;14;11;1;1850;5;2;1;1;7;118;BOULEVARD PERIPHERIQUE;;;;750
201400056577;14;11;2;2050;5;2;5;2;6;118;60, RUE PHILIPPE DE GIRA;;;;750
201400056578;14;11;3;2200;5;2;1;2;6;118;75, BOULEVARD BARBES;;;;750
201400056579;14;11;4;1115;1;2;1;8;3;118;54, RUE DE L EVANGILE;;;;750
201400056580;14;11;4;1705;2;2;7;1;3;118;14, PLACE DE CLICHY;;;;750
201400056581;14;11;5;1645;1;2;1;1;6;109;26, BOULEVARD DE ROCHECH;;;;750
201400056582;14;11;6;630;5;2;7;1;6;118;47, BOULEVARD ORNANO;;;;750
201400056583;14;11;7;1645;1;2;1;1;6;118;76, RUE MARX DORMOY;;;;750
201400056584;14;11;9;1910;5;2;1;1;6;118;60, RUE ORDENER;;;;750
201400056585;14;11;13;250;5;2;3;1;7;118;63, RUE MARX DORMOY;;;;750
201400056586;14;11;14;1145;1;2;1;3;2;118;92, BOULEVARD NEY;;;;750
201400056587;14;11;14;1955;5;2;3;1;6;118;36, AVENUE DE LA PORTE D;;;;750
201400056588;14;11;18;1809;5;2;3;1;6;118;118, BOULEVARD NEY;;;;750
201400056589;14;11;19;920;1;2;1;1;7;118;63, RUE MARX DORMOY;;;;750
201400056590;14;11;19;1430;1;2;3;1;3;118;41, RUE ORDENER;;;;750
201400056591;14;11;19;2130;5;2;2;1;6;118;47, RUE LEPIC;;;;750
201400056592;14;11;19;2215;5;2;1;1;3;118;90, BOULEVARD NEY;;;;750
201400056593;14;11;20;2015;5;2;1;2;6;118;51, BOULEVARD BARBES;;;;750
201400056594;14;11;21;740;2;2;1;8;3;118;80, RUE DE LA CHAPELLE;;;;750
201400056595;14;11;22;530;5;2;2;1;6;118;2, BOULEVARD BARBES;;;;750
201400056596;14;11;23;425;5;2;1;8;1;118;RUE DU PROFESSEUR GOSSET;;;;750
201400056597;14;11;24;2315;5;2;1;2;6;118;RUE DE CLIGNANCOURT;;;;750
201400056598;14;11;25;2137;5;2;1;2;7;118;94, BOULEVARD BARBES;;;;750
201400056599;14;11;26;1925;5;2;2;8;6;118;114, BOULEVARD NEY;;;;750
201400056600;14;11;27;951;1;2;5;1;6;118;80, BOULEVARD DE CLICHY;;;;750
201400056601;14;11;27;1837;5;2;1;1;2;117;BOULEVARD PERIPHERIQUE E;;;;750
201400056602;14;11;27;2145;5;2;1;1;6;118;32, AVENUE DE CLICHY;;;;750
201400056603;14;11;28;740;2;2;3;1;1;118;20, RUE DE L EVANGILE;;;;750
201400056604;14;11;28;1245;1;2;1;1;2;118;125, RUE CAULAINCOURT;;;;750
201400056605;14;11;28;1945;5;2;5;1;6;118;0, RUE DES POISSONNIERS;;;;750
201400056606;14;11;29;145;5;2;1;1;7;118;AVENUE DE LA PORTE DE CL;;;;750
201400056607;14;12;2;1910;5;2;1;2;6;118;2, RUE JEAN FRANCOIS LEP;;;;750
201400056608;14;12;3;2030;5;2;4;1;6;118;56, BOULEVARD NEY;;;;750
201400056609;14;12;4;1520;1;2;1;8;6;118;06, RUE CAULAINCOURT;;;;750
201400056610;14;12;5;1825;5;2;1;1;3;118;90, BOULEVARD NEY;;;;750
201400056611;14;12;5;1945;5;2;2;1;3;118;1, RUE ETEX;;;;750
201400056612;14;12;10;1100;1;2;2;2;6;118;67, BOULEVARD BARBES;;;;750
201400056613;14;12;10;515;5;2;1;2;6;118;142, RUE DES POISSONNIER;;;;750
201400056614;14;12;12;1130;1;2;3;2;6;118;49 bis, RUE CUSTINE;;;;750
201400056615;14;12;12;2210;5;2;1;3;6;118;12, AVENUE DE CLICHY;;;;750
201400056616;14;12;14;1450;1;2;2;8;2;118;140, BOULEVARD NEY;;;;750
201400056617;14;12;14;2000;5;2;2;1;6;118;RUE DOUDEAUVILLE;;;;750
201400056618;14;12;15;1700;5;2;2;2;6;118;144, BOULEVARD NEY;;;;750
201400056619;14;12;18;240;5;2;1;2;6;118;73, BOULEVARD BARBES;;;;750
201400056620;14;12;17;2105;5;2;1;2;6;118;BOULEVARD NEY;;;;750
201400056621;14;12;19;1730;2;2;1;2;2;118;140, BOULEVARD DE CLICHY;;;;750
201400056622;14;12;19;2300;5;2;4;1;6;118;36, BOULEVARD ORNANO;;;;750
201400056623;14;12;21;1600;1;2;1;1;3;118;127, RUE CAULAINCOURT;;;;750
201400056624;14;12;21;1810;5;2;5;1;6;118;11, RUE FERDINAND FLOCON;;;;750
201400056625;14;12;22;1025;1;2;1;1;7;118;18, RUE CORTOT;;;;750
201400056626;14;12;22;1025;1;2;1;1;7;118;18, RUE CORTOT;;;;750
201400056627;14;12;22;1250;1;2;3;1;2;118;15, AVENUE DE LA PORTE D;;;;750
201400056628;14;12;23;1300;1;2;2;2;7;118;64, RUE LAMARCK;;;;750
201400056629;14;12;23;1810;5;2;5;1;3;118;102, RUE DE CLIGNANCOURT;;;;750
201400056630;14;12;26;1230;1;2;1;1;6;118;101, BOULEVARD NEY;;;;750
201400056631;14;12;27;310;5;2;2;3;3;118;0, RUE DOUDEAUVILLE;;;;750
201400056632;14;12;27;1515;1;2;5;1;7;118;78, BOULEVARD BARBES;;;;750
201400056633;14;12;27;1935;5;2;1;3;6;118;BOULEVARD PERIPHERIQUE I;;;;750
201400056634;14;12;29;1630;1;2;1;1;3;118;BOULEVARD PERIPHERIQUE;;;;750
201400056635;14;12;30;1640;2;2;5;1;3;118;BOULEVARD ORNANO;;;;750
201400056636;14;1;22;705;5;2;5;1;2;118;AVENUE DE LA PORTE DE LA;;;;750
201400056637;14;1;1;525;5;2;5;1;6;119;35, AVENUE CORENTIN CARI;;;;750
201400056638;14;1;2;717;5;2;5;9;6;119;98, AVENUE DE FLANDRE;;;;750