num_acc;an;mois;jour;hrmn;lum;agg;int;atm;col;com;adr;gps;lat;long;dep
201400056639;14;1;3;1045;1;2;2;1;6;119;28, AVENUE MATHURIN MORE;;;;750
201400056640;14;1;3;2335;5;2;1;1;3;119;195, RUE DE BELLEVILLE;;;;750
201400056641;14;1;5;1315;1;2;1;8;2;119;PLACE DU COLONEL FABIEN;;;;750
201400056642;14;1;7;1155;1;2;2;1;6;119;247, RUE DE BELLEVILLE;;;;750
201400056643;14;1;9;825;1;2;2;1;3;119;RUE DE CRIMEE;;;;750
201400056644;14;1;9;1450;1;2;1;2;6;119;RUE SIGMUND FREUD;;;;750
201400056645;14;1;9;1645;2;2;7;1;3;119;PORTE D AUBERVILLIERS;;;;750
201400056646;14;1;10;1225;1;2;4;1;6;119;PLACE AUGUSTE BARON;;;;750
201400056647;14;1;11;213;5;2;3;2;6;119;94, BOULEVARD DE LA VILL;;;;750
201400056648;14;1;11;1510;1;2;1;1;4;119;0, BOULEVARD PERIPHERIQU;;;;750
201400056649;14;1;11;1755;5;2;1;1;3;119;BOULEVARD PERIPHERIQUE;;;;750
201400056650;14;1;11;2230;5;2;1;1;6;119;104, AVENUE DE FLANDRE;;;;750
201400056651;14;1;14;836;1;2;5;2;6;119;RUE MANIN;;;;750
201400056652;14;1;14;1315;1;2;7;8;2;119;PLACE DE LA PORTE DE PAN;;;;750
201400056653;14;1;15;1800;5;2;2;2;7;119;118, AVENUE DE FLANDRE;;;;750
201400056654;14;1;16;1950;5;2;1;1;6;119;225, RUE DE CRIMEE;;;;750
201400056655;14;1;17;935;1;2;1;1;2;119;18, AVENUE CORENTIN CARI;;;;750
201400056656;14;1;17;1020;1;2;7;1;3;119;PLACE DE LA PORTE DE PAN;;;;750
201400056657;14;1;17;1405;1;2;1;1;6;119;18, RUE DE CRIMEE;;;;750
201400056658;14;1;18;1355;1;2;1;1;2;119;22, RUE DES LILAS;;;;750
201400056659;14;1;19;335;5;2;2;2;6;119;RUE ANDRE DANJON;;;;750
201400056660;14;1;21;850;1;2;1;1;7;119;163, RUE DE BELLEVILLE;;;;750
201400056661;14;1;21;1745;5;2;1;1;2;119;117, RUE MANIN;;;;750
201400056662;14;1;25;1435;1;2;1;1;3;119;11, AVENUE SIMON BOLIVAR;;;;750
201400056663;14;1;26;150;3;2;1;1;2;119;30, AVENUE DE FLANDRE;;;;750
201400056664;14;1;28;1400;1;2;1;1;6;119;25, AVENUE SIMON BOLIVAR;;;;750
201400056665;14;1;28;1835;3;2;3;1;6;119;1, RUE ALPHONSE AULARD;;;;750
201400056666;14;1;28;2015;5;2;5;2;6;119;37, RUE D HAUTPOUL;;;;750
201400056667;14;1;29;720;1;2;7;2;2;119;PLACE AUGUSTE BARON;;;;750
201400056668;14;1;29;1940;5;2;1;2;6;119;51, RUE DE L OURCQ;;;;750
201400056669;14;1;29;2000;5;2;2;2;3;119;26 bis, RUE DE L OURCQ;;;;750
201400056670;14;1;29;2105;5;2;3;8;6;119;114, RUE PETIT;;;;750
201400056671;14;1;30;920;1;2;3;1;2;119;57, AVENUE JEAN JAURES;;;;750
201400056672;14;1;30;1600;1;2;1;8;7;119;59, RUE DE BELLEVILLE;;;;750
201400056673;14;1;31;1250;1;2;1;1;2;119;7, AVENUE DE LA PORTE DE;;;;750
201400056674;14;2;2;110;5;2;2;1;6;119;RUE DE CRIMEE;;;;750
201400056675;14;2;2;310;5;2;1;1;6;119;BOULEVARD D INDOCHINE;;;;750
201400056676;14;2;5;1250;1;2;2;1;6;119;17, RUE BARBANEGRE;;;;750
201400056677;14;2;6;1950;5;2;2;1;3;119;RUE BOTZARIS;;;;750
201400056678;14;2;7;650;5;2;7;6;2;119;PLACE DE LA PORTE DE PAN;;;;750
201400056679;14;2;12;940;1;2;2;1;2;119;22, RUE DES BOIS;;;;750
201400056680;14;2;13;900;1;2;1;2;3;119;148, BOULEVARD DE LA VIL;;;;750
201400056681;14;2;13;2140;5;2;1;1;7;119;83, RUE DE L OURCQ;;;;750
201400056682;14;2;15;1143;1;2;3;1;6;120;8, RUE DE BELLEVILLE;;;;750
201400056683;14;2;15;1750;5;2;1;1;6;119;44 bis, AVENUE JEAN JAUR;;;;750
201400056684;14;2;16;1220;1;2;3;1;6;119;33, RUE DES LILAS;;;;750
201400056685;14;2;16;2110;5;2;2;1;7;119;RUE FESSART;;;;750
201400056686;14;2;17;1905;5;2;1;1;2;119;115, AVENUE JEAN JAURES;;;;750
201400056687;14;2;18;1400;1;2;1;1;6;119;183, AVENUE JEAN JAURES;;;;750
201400056688;14;2;19;120;5;2;1;1;6;119;143, BOULEVARD SERURIER;;;;750
201400056689;14;2;19;1230;1;2;1;8;4;119;22 BIS, RUE MANIN;;;;750
201400056690;14;2;20;1000;1;2;4;2;2;119;70, AVENUE JEAN JAURES;;;;750
201400056691;14;2;20;1245;1;2;1;1;6;119;20, AVENUE DE LA PORTE D;;;;750
201400056692;14;2;22;1530;1;2;1;1;6;119;AVENUE RENE FONCK;;;;750
201400056693;14;2;24;5;5;2;4;1;6;119;PLACE AUGUSTE BARON;;;;750
201400056694;14;2;24;820;1;2;4;1;6;119;196, BOULEVARD DE LA VIL;;;;750
201400056695;14;2;25;1355;1;2;1;1;2;119;75, AVENUE DE FLANDRE;;;;750
201400056696;14;2;26;1600;1;2;1;1;4;119;14, AVENUE DE FLANDRE;;;;750
201400056697;14;2;27;1050;1;2;1;3;3;119;99, AVENUE DE FLANDRE;;;;750
201400056698;14;2;27;1550;1;2;1;1;6;119;RUE DE L OURCQ;;;;750
201400056699;14;2;27;2345;5;2;3;2;5;110;192, BOULEVARD DE LA VIL;;;;750
201400056700;14;3;1;1000;1;2;3;2;6;119;94, AVENUE JEAN JAURES;;;;750
201400056701;14;3;3;850;1;2;1;1;6;119;53, RUE COMPANS;;;;750
201400056702;14;3;3;1550;1;2;1;2;3;119;108, AVENUE SIMON BOLIVA;;;;750
201400056703;14;3;4;800;1;2;3;1;6;119;176, RUE DE CRIMEE;;;;750
201400056704;14;3;6;1030;1;2;4;1;2;119;BOULEVARD PERIPHERIQUE E;;;;750
201400056705;14;3;6;1530;1;2;3;1;2;119;54, AVENUE DE FLANDRE;;;;750
201400056706;14;3;7;715;2;2;3;1;3;119;AVENUE JEAN JAURES;;;;750
201400056707;14;3;8;1010;1;2;2;1;4;119;27, AVENUE DE FLANDRE;;;;750
201400056708;14;3;9;1610;5;2;1;1;7;119;BOULEVARD D INDOCHINE;;;;750
201400056709;14;3;9;2130;5;2;1;1;6;119;2, AVENUE DE FLANDRE;;;;750
201400056710;14;3;10;1045;1;2;1;1;3;119;144, AVENUE DE FLANDRE;;;;750
201400056711;14;3;13;1820;1;2;7;1;3;119;PLACE DU COLONEL FABIEN;;;;750
201400056712;14;3;22;1030;1;2;4;2;7;119;AVENUE RENE FONCK;;;;750
201400056713;14;3;22;1245;1;2;1;1;3;119;28bis, AVENUE CORENTIN C;;;;750
201400056714;14;3;23;1910;5;2;7;1;4;119;1, PLACE AUGUSTE BARON;;;;750
201400056715;14;3;25;950;1;2;1;2;7;119;7, AVENUE DE LA PORTE DE;;;;750
201400056716;14;3;28;2330;5;2;1;1;2;119;AVENUE CORENTIN CARIOU;;;;750
201400056717;14;3;30;1250;1;2;7;1;7;119;AVENUE DE LA PORTE DES L;;;;750
201400056718;14;4;1;5;4;2;2;1;6;119;RUE DES CHAUFOURNIERS;;;;750
201400056719;14;4;3;850;1;2;1;1;3;119;32, RUE ARMAND CARREL;;;;750
201400056720;14;4;2;2145;5;2;3;1;6;119;27, RUE RIQUET;;;;750
201400056721;14;4;3;2130;5;2;2;1;2;119;118, AVENUE JEAN JAURES;;;;750
201400056722;14;4;7;1810;1;2;1;1;6;119;7, RUE DE BELLEVILLE;;;;750
201400056723;14;4;7;1830;1;2;2;1;6;119;36TER, RUE DE CRIMEE;;;;750
201400056724;14;4;8;1530;1;2;3;1;6;119;5, RUE CAVENDISH;;;;750
201400056725;14;4;9;800;1;2;3;1;6;119;66, QUAI DE LA LOIRE;;;;750
201400056726;14;4;9;850;1;2;5;1;7;119;90, RUE DE CRIMEE;;;;750
201400056727;14;4;9;915;1;2;7;1;3;119;1, PLACE DE LA PORTE DE;;;;750
201400056728;14;4;9;1800;1;2;1;1;2;119;3, BOULEVARD DE LA COMMA;;;;750
201400056729;14;4;9;1822;1;2;3;1;6;119;RUE DE CRIMEE;;;;750
201400056730;14;4;10;20;5;2;1;1;6;119;211, RUE DE BELLEVILLE;;;;750
201400056731;14;4;10;730;1;2;1;1;6;119;98, AVENUE DE FLANDRE;;;;750
201400056732;14;4;11;1240;1;2;3;1;6;119;140, AVENUE JEAN JAURES;;;;750
201400056733;14;4;13;15;5;2;2;1;6;119;AVENUE MATHURIN MOREAU;;;;750
201400056734;14;4;14;1755;1;2;5;1;6;119;70, RUE CURIAL;;;;750
201400056735;14;4;14;1650;1;2;2;1;1;119;RUE ALEXANDER FLEMING;;;;750
201400056736;14;4;14;1920;1;2;1;1;3;119;85, RUE DE MEAUX;;;;750
201400056737;14;4;17;915;1;2;3;1;6;119;AVENUE DE FLANDRE;;;;750
201400056738;14;4;17;1505;1;2;2;1;3;119;12, RUE ARMAND CARREL;;;;750
201400056739;14;4;17;1515;1;2;2;1;2;119;91, RUE DE L OURCQ;;;;750
201400056740;14;4;18;1830;1;2;1;1;2;119;QUAI DE LA GIRONDE;;;;750
201400056741;14;4;19;1040;1;2;2;1;3;119;299, RUE DE BELLEVILLE;;;;750
201400056742;14;4;22;1820;1;2;1;8;4;119;159, RUE DE BELLEVILLE;;;;750
201400056743;14;4;24;955;1;2;4;1;6;119;126, AVENUE SIMON BOLIVA;;;;750
201400056744;14;4;24;1450;1;2;1;1;6;119;28, RUE MANIN;;;;750
201400056745;14;4;24;2050;3;2;1;1;6;119;74, RUE ARMAND CARREL;;;;750
201400056746;14;4;25;1355;1;2;1;2;7;119;8, AVENUE JEAN JAURES;;;;750
201400056747;14;4;25;2215;5;2;3;1;6;119;1, RUE SIGMUND FREUD;;;;750
201400056748;14;4;27;1930;1;2;7;1;6;119;132, BOULEVARD DE LA VIL;;;;750
201400056749;14;4;28;930;1;2;3;1;3;119;AVENUE DU BELVEDERE;;;;750
201400056750;14;4;30;745;2;2;2;1;3;119;2, BOULEVARD DE LA VILLE;;;;750
201400056751;14;5;2;1845;1;2;7;1;6;119;9, PLACE DES FETES;;;;750
201400056752;14;5;3;525;2;2;1;1;7;119;12, RUE MANIN;;;;750
201400056753;14;5;3;1300;1;2;4;1;6;119;46, RUE MANIN;;;;750
201400056754;14;5;4;1140;1;2;1;1;7;119;221, AVENUE JEAN JAURES;;;;750
201400056755;14;5;6;2345;5;2;3;2;6;119;201, BOULEVARD MACDONALD;;;;750
201400056756;14;5;7;855;1;2;1;1;6;119;62, RUE DE L OURCQ;;;;750
201400056757;14;5;7;2030;1;2;1;1;3;119;81, RUE DE L OURCQ;;;;750
201400056758;14;5;8;1000;1;2;4;1;2;119;47, RUE MANIN;;;;750
201400056759;14;5;8;1215;1;2;2;1;3;119;31, AVENUE SECRETAN;;;;750
201400056760;14;5;9;700;1;2;1;2;6;119;29, RUE DE LA SOLIDARITE;;;;750
201400056761;14;5;11;1320;1;2;3;1;6;119;104, AVENUE DE FLANDRE;;;;750
201400056762;14;5;11;1700;1;2;1;1;3;119;15, AVENUE JEAN JAURES;;;;750
201400056763;14;5;12;2040;1;2;5;1;3;119;1, AVENUE DE CRIMEE;;;;750
201400056764;14;5;13;750;1;2;1;1;6;119;83, RUE DE CRIMEE;;;;750
201400056765;14;5;14;940;1;2;3;1;6;119;212, AVENUE JEAN JAURES;;;;750
201400056766;14;5;15;1505;1;2;2;1;3;119;5, RUE LALLY TOLLENDAL;;;;750
201400056767;14;5;15;1520;1;2;2;1;6;119;86, METRO BOTZARIS;;;;750
201400056768;14;5;17;2000;2;2;1;1;4;119;118-130, AVENUE JEAN JAU;;;;750
201400056769;14;5;18;1650;1;2;1;1;6;119;88, BOULEVARD DE LA VILL;;;;750
201400056770;14;5;22;830;1;2;1;1;2;119;100, AVENUE SIMON BOLIVA;;;;750
201400056771;14;5;22;2220;5;2;1;1;2;119;39, RUE RIQUET;;;;750
201400056772;14;5;28;1650;1;2;1;2;7;119;17, AVENUE JEAN JAURES;;;;750
201400056773;14;5;28;2220;5;2;1;8;1;119;3, AVENUE SECRETAN;;;;750
201400056774;14;5;30;1000;1;2;7;1;6;119;7, PLACE ARMAND CARREL;;;;750
201400056775;14;5;31;610;1;2;3;1;2;119;186, AVENUE JEAN JAURES;;;;750
201400056776;14;5;31;2335;5;2;1;1;6;119;BOULEVARD D ALGERIE;;;;750
201400056777;14;6;3;1920;2;2;2;1;6;119;120, AVENUE DE FLANDRE;;;;750
201400056778;14;6;6;1045;1;2;1;2;6;119;13, AVENUE DE FLANDRE;;;;750
201400056779;14;6;6;1620;1;2;5;1;6;119;31, RUE MANIN;;;;750
201400056780;14;6;8;1555;1;2;5;7;6;119;QUAI DE METZ;;;;750
201400056781;14;6;10;1300;1;2;7;2;7;119;1, PLACE DU COLONEL FABI;;;;750
201400056782;14;6;11;1215;1;2;2;1;6;118;59, RUE STEPHENSON;;;;750
201400056783;14;6;11;2035;2;2;3;1;6;119;RUE RIQUET;;;;750
201400056784;14;6;12;1930;1;2;1;1;6;119;7, AVENUE MATHURIN MOREA;;;;750
201400056785;14;6;12;2030;1;2;3;1;6;119;16, RUE CAVENDISH;;;;750
201400056786;14;6;13;1950;1;2;1;1;6;119;28, AVENUE DE FLANDRE;;;;750
201400056787;14;6;14;1845;1;2;2;1;6;119;RUE MANIN;;;;750
201400056788;14;6;14;1950;1;2;3;1;3;119;142, AVENUE JEAN JAURES;;;;750
201400056789;14;6;15;1645;1;2;1;1;3;119;112, RUE DE CRIMEE;;;;750
201400056790;14;6;17;800;1;2;1;8;3;119;59, AVENUE DE FLANDRE;;;;750
201400056791;14;6;17;1430;1;2;1;1;6;119;AVENUE DE FLANDRE;;;;750
201400056792;14;6;17;1750;1;2;3;1;2;119;RUE D AUBERVILLIERS;;;;750
201400056793;14;6;19;100;5;2;1;1;6;119;222, BOULEVARD MACDONALD;;;;750
201400056794;14;6;19;1410;1;2;1;1;6;119;3, RUE CURIAL;;;;750
201400056795;14;6;20;110;5;2;1;1;6;119;80, RUE DE CRIMEE;;;;750
201400056796;14;6;20;1750;1;2;1;1;6;119;BOULEVARD D ALGERIE;;;;750
201400056797;14;6;21;1400;1;2;2;1;2;119;5, AVENUE CORENTIN CARIO;;;;750
201400056798;14;6;21;1705;1;2;1;1;3;119;315, RUE DE BELLEVILLE;;;;750
201400056799;14;6;22;1430;1;2;1;1;4;119;47, BOULEVARD SERURIER;;;;750
201400056800;14;6;22;1850;1;2;2;1;6;119;25, AVENUE DE FLANDRE;;;;750
201400056801;14;6;23;945;1;2;1;1;6;119;220, BOULEVARD MACDONALD;;;;750
201400056802;14;6;23;1700;1;2;5;1;3;119;AVENUE DE LA PORTE CHAUM;;;;750
201400056803;14;6;23;1825;1;2;2;1;2;119;AVENUE DE LA PORTE D AUB;;;;750
201400056804;14;6;25;1820;1;2;1;1;2;119;64, AVENUE JEAN JAURES;;;;750
201400056805;14;6;25;2015;1;2;1;1;7;119;115, RUE DE L OURCQ;;;;750
201400056806;14;6;26;1515;1;2;2;1;1;120;RUE DE BELLEVILLE;;;;750
201400056807;14;6;26;2050;1;2;3;2;3;119;32, RUE DES ALOUETTES;;;;750
201400056808;14;6;27;220;3;2;1;1;6;119;98, AVENUE DE FLANDRE;;;;750
201400056809;14;6;29;1620;1;2;1;2;2;119;115, AVENUE JEAN JAURES;;;;750
201400056810;14;6;29;2220;5;2;5;1;3;119;RUE DE CRIMEE;;;;750
201400056811;14;7;2;750;1;2;1;1;6;110;138, RUE DU FAUBOURG SAI;;;;750
201400056812;14;7;2;1320;1;2;1;1;6;119;5, RUE EDOUARD PAILLERON;;;;750
201400056813;14;7;2;1800;1;2;2;1;3;119;RUE BARBANEGRE;;;;750
201400056814;14;7;3;1930;1;2;1;7;6;119;58, AVENUE DE FLANDRE;;;;750
201400056815;14;7;3;1953;1;2;1;1;2;119;150, BOULEVARD DE LA VIL;;;;750
201400056816;14;7;5;1940;1;2;3;1;6;119;50, AVENUE DE FLANDRE;;;;750
201400056817;14;7;6;1100;1;2;7;2;6;119;1, PLACE AUGUSTE BARON;;;;750
201400056818;14;7;6;1800;1;2;3;2;7;119;AVENUE JEAN JAURES;;;;750
201400056819;14;7;7;730;1;2;1;1;2;119;1, PLACE SKANDERBEG;;;;750
201400056820;14;7;8;1754;1;2;5;8;6;119;AVENUE DE FLANDRE;;;;750
201400056821;14;7;10;140;5;2;3;2;2;119;RUE DE BELLEVILLE;;;;750
201400056822;14;7;10;1550;1;2;2;8;6;119;RUE ALEXANDER FLEMING;;;;750
201400056823;14;7;11;810;1;2;4;8;6;119;13, BOULEVARD DE LA COMM;;;;750
201400056824;14;7;11;1007;1;2;5;3;3;119;192, BOULEVARD DE LA VIL;;;;750
201400056825;14;7;15;1720;1;2;2;1;7;119;131, AVENUE JEAN JAURES;;;;750
201400056826;14;7;16;1130;1;2;1;1;6;119;21, AVENUE DE LAUMIERE;;;;750
201400056827;14;7;16;1430;1;2;1;1;3;119;221, AVENUE JEAN JAURES;;;;750
201400056828;14;7;16;1645;1;2;5;1;6;119;RUE DE CRIMEE;;;;750
201400056829;14;7;16;1850;1;2;4;1;6;119;23, RUE DES FETES;;;;750
201400056830;14;7;17;1956;1;2;1;1;3;119;148, BOULEVARD DE LA VIL;;;;750
201400056831;14;7;18;900;1;2;3;1;3;119;32, RUE DU DOCTEUR POTAI;;;;750
201400056832;14;7;21;950;1;2;3;1;6;119;81, AVENUE JEAN JAURES;;;;750
201400056833;14;7;22;1430;1;2;1;1;6;119;307, RUE DE BELLEVILLE;;;;750
201400056834;14;7;22;1700;1;2;1;1;7;119;120, RUE D AUBERVILLIERS;;;;750
201400056835;14;7;22;2005;1;2;1;1;6;119;RUE DE BELLEVILLE;;;;750
201400056836;14;7;23;1;5;2;2;1;6;119;34, RUE MATHIS;;;;750
201400056837;14;7;24;720;1;2;1;1;6;119;45, AVENUE DE FLANDRE;;;;750
201400056838;14;7;25;1550;1;2;7;1;6;119;1, PLACE AUGUSTE BARON;;;;750
201400056839;14;7;26;1930;1;2;1;1;3;119;112, BOULEVARD MACDONALD;;;;750
201400056840;14;7;27;1740;1;2;4;1;7;119;PLACE AUGUSTE BARON;;;;750
201400056841;14;7;28;2105;2;2;1;1;7;119;RUE D AUBERVILLIERS;;;;750
201400056842;14;7;29;1620;1;2;4;8;3;119;AVENUE DE LA PORTE DU PR;;;;750
201400056843;14;7;30;1810;1;2;1;1;6;119;23bis, QUAI DE L OISE;;;;750
201400056844;14;8;4;55;5;2;1;2;7;119;6, RUE ARMAND CARREL;;;;750
201400056845;14;8;6;40;3;2;7;1;3;119;PLACE AUGUSTE BARON;;;;750
201400056846;14;8;8;1230;1;2;4;2;6;119;PLACE AUGUSTE BARON;;;;750
201400056847;14;8;11;1620;1;2;2;8;3;119;216, BOULEVARD DE LA VIL;;;;750
201400056848;14;8;12;830;1;2;2;1;6;119;5, AVENUE DE LA PORTE BR;;;;750
201400056849;14;8;12;1920;1;2;1;2;3;119;72, AVENUE SIMON BOLIVAR;;;;750
201400056850;14;8;13;1610;1;2;1;1;3;119;87, AVENUE DE FLANDRE;;;;750
201400056851;14;8;13;1810;1;2;1;1;6;119;27, AVENUE SIMON BOLIVAR;;;;750
201400056852;14;8;15;15;5;2;1;2;6;119;35, AVENUE DE FLANDRE;;;;750
201400056853;14;8;16;1400;1;2;2;1;3;119;176, AVENUE JEAN JAURES;;;;750
201400056854;14;8;17;58;5;2;1;1;7;119;1, BOULEVARD MACDONALD;;;;750
201400056855;14;8;18;1910;1;2;4;1;6;119;126, BOULEVARD SERURIER;;;;750
201400056856;14;8;20;1800;1;2;5;1;6;119;face 43, AVENUE SIMON BO;;;;750
201400056857;14;8;22;2220;5;2;1;1;6;119;20, AVENUE DE FLANDRE;;;;750
201400056858;14;8;27;850;1;2;2;2;6;119;68, RUE PETIT;;;;750
201400056859;14;8;27;1200;1;2;1;2;6;119;167, AVENUE DE FLANDRE;;;;750
201400056860;14;8;27;1730;1;2;4;1;6;119;220, RUE DE CRIMEE;;;;750
201400056861;14;8;28;2100;5;2;1;1;2;119;195, RUE DE BELLEVILLE;;;;750
201400056862;14;8;31;2005;1;2;1;1;6;119;198, BOULEVARD DE LA VIL;;;;750
201400056863;14;9;1;1140;1;2;3;1;6;119;RUE DE COLMAR;;;;750
201400056864;14;9;7;350;5;2;1;1;6;119;BOULEVARD D INDOCHINE;;;;750
201400056865;14;9;8;1630;1;2;3;1;6;119;98, BOULEVARD SERURIER;;;;750
201400056866;14;9;8;1940;2;2;2;1;6;119;51, AVENUE SIMON BOLIVAR;;;;750
201400056867;14;9;11;10;5;2;1;1;3;119;18, AVENUE CORENTIN CARI;;;;750
201400056868;14;9;15;1555;1;2;3;1;3;119;106, RUE PETIT;;;;750
201400056869;14;9;16;1530;1;2;1;1;3;119;AVENUE JEAN JAURES;;;;750
201400056870;14;9;18;845;1;2;1;1;6;119;200, AVENUE JEAN JAURES;;;;750
201400056871;14;9;17;2130;5;2;2;1;1;119;220, BOULEVARD MACDONALD;;;;750
201400056872;14;9;19;930;1;2;1;1;6;119;RUE D AUBERVILLIERS;;;;750
201400056873;14;9;19;1710;1;2;1;1;3;119;58, AVENUE DE FLANDRE;;;;750
201400056874;14;9;20;950;1;2;2;1;3;119;BOULEVARD SERURIER;;;;750
201400056875;14;9;20;1515;1;2;5;1;3;119;92, AVENUE DE FLANDRE;;;;750
201400056876;14;9;21;1800;1;2;4;1;7;119;RUE GEORGES LARDENNOIS;;;;750
201400056877;14;9;23;1110;1;2;2;1;2;119;39, RUE DE BELLEVILLE;;;;750
201400056878;14;9;24;215;5;2;3;1;7;119;353, RUE DE BELLEVILLE;;;;750
201400056879;14;9;24;1515;1;2;1;8;1;119;25, BOULEVARD D ALGERIE;;;;750
201400056880;14;9;25;2115;5;2;1;1;6;110;3, BOULEVARD DE LA VILLE;;;;750
201400056881;14;9;26;1340;1;2;1;1;2;119;RUE DU CHEMIN DE FER;;;;750
201400056882;14;9;27;300;5;2;7;1;6;119;PLACE AUGUSTE BARON;;;;750
201400056883;14;9;30;915;1;2;3;1;3;119;BOULEVARD MACDONALD;;;;750
201400056884;14;9;30;1325;1;2;1;1;3;119;150, BOULEVARD MACDONALD;;;;750
201400056885;14;9;30;1500;1;2;1;1;6;119;5 bis, RUE DE CAMBRAI;;;;750
201400056886;14;9;30;1900;1;2;1;1;6;119;22, RUE DU DOCTEUR POTAI;;;;750
201400056887;14;10;2;910;1;2;1;1;6;119;353, RUE DE BELLEVILLE;;;;750
201400056888;14;10;3;1;5;2;5;1;3;119;BOULEVARD DE LA VILLETTE;;;;750
201400056889;14;10;3;1945;5;2;3;1;6;119;8, RUE ARCHEREAU;;;;750
201400056890;14;10;4;2225;5;2;1;1;1;119;5, RUE DE L OURCQ;;;;750
201400056891;14;10;7;855;1;2;2;1;2;119;26, AVENUE RENE FONCK;;;;750
201400056892;14;10;7;938;1;2;1;2;7;119;180, AVENUE JEAN JAURES;;;;750
201400056893;14;10;9;1900;5;2;2;1;6;119;58, RUE ARMAND CARREL;;;;750
201400056894;14;10;10;1645;1;2;1;1;6;119;5, RUE REBEVAL;;;;750
201400056895;14;10;11;955;1;2;3;1;7;119;66, BOULEVARD DE LA VILL;;;;750
201400056896;14;10;11;1340;1;2;2;1;3;119;RUE DE CRIMEE;;;;750
201400056897;14;10;11;1905;5;2;4;1;6;119;48, AVENUE DE LA PORTE D;;;;750
201400056898;14;10;11;1930;5;2;1;1;2;119;BOULEVARD PERIPHERIQUE;;;;750
201400056899;14;10;12;630;5;2;4;1;6;119;PLACE DE LA PORTE DE PAN;;;;750
201400056900;14;10;12;840;1;2;2;1;6;119;125, AVENUE SIMON BOLIVA;;;;750
201400056901;14;10;14;1815;1;2;1;1;6;119;19, RUE REBEVAL;;;;750
201400056902;14;10;16;1905;5;2;2;2;6;119;29, AVENUE DE FLANDRE;;;;750
201400056903;14;10;18;2005;5;2;5;1;6;119;RUE MANIN;;;;750
201400056904;14;10;19;2030;5;2;3;1;6;119;86, AVENUE DE FLANDRE;;;;750
201400056905;14;10;20;2040;5;2;1;2;6;119;AVENUE DE FLANDRE;;;;750
201400056906;14;10;22;1115;1;2;1;1;6;119;27, RUE MANIN;;;;750
201400056907;14;10;22;1415;1;2;2;1;3;119;29, AVENUE DE FLANDRE;;;;750
201400056908;14;10;22;1750;1;2;3;1;3;119;130, RUE DE FLANDRE;;;;750
201400056909;14;10;26;1445;1;2;2;1;7;119;103, AVENUE SIMON BOLIVA;;;;750
201400056910;14;10;27;1245;1;2;1;1;6;119;87, RUE REBEVAL;;;;750
201400056911;14;10;28;910;1;2;1;1;2;119;BOULEVARD PERIPHERIQUE;;;;750
201400056912;14;10;28;2130;5;2;1;1;3;119;6, AVENUE SECRETAN;;;;750
201400056913;14;10;29;130;5;2;7;1;6;119;PLACE AUGUSTE BARON;;;;750
201400056914;14;10;29;1000;1;2;2;1;7;119;121, AVENUE JEAN JAURES;;;;750
201400056915;14;10;31;1315;1;2;2;1;6;119;108, AVENUE DE FLANDRE;;;;750
201400056916;14;11;1;1135;1;2;5;1;7;119;1, RUE DE MOUZAIA;;;;750
201400056917;14;11;4;1000;1;2;1;1;6;119;AVENUE DE LA PORTE CHAUM;;;;750
201400056918;14;11;6;1820;5;2;7;1;3;119;9, PLACE DES FETES;;;;750
201400056919;14;11;6;1845;5;2;3;1;6;119;18, RUE LEON GIRAUD;;;;750
201400056920;14;11;6;1815;3;2;1;1;6;119;201, AVENUE JEAN JAURES;;;;750
201400056921;14;11;8;2000;5;2;5;1;6;119;234, RUE DE CRIMEE;;;;750
201400056922;14;11;10;1640;1;2;5;1;6;119;121, AVENUE JEAN JAURES;;;;750
201400056923;14;11;10;1840;5;2;1;1;6;119;10, RUE RIQUET;;;;750
201400056924;14;11;11;1830;5;2;1;1;7;119;29, RUE DAVID D ANGERS;;;;750
201400056925;14;11;12;1040;1;2;2;1;6;119;107, RUE DE CRIMEE;;;;750
201400056926;14;11;12;1355;1;2;2;1;6;119;198, AVENUE JEAN JAURES;;;;750
201400056927;14;11;14;1935;5;2;1;1;6;119;138, BOULEVARD MACDONALD;;;;750
201400056928;14;11;14;1945;5;2;1;2;7;119;118, BOULEVARD DE LA VIL;;;;750
201400056929;14;11;15;1705;2;2;4;2;6;119;15, BOULEVARD DE LA COMM;;;;750
201400056930;14;11;17;1320;1;2;1;2;3;119;221, AVENUE JEAN JAURES;;;;750
201400056931;14;11;17;1350;1;2;7;2;7;119;PLACE DE LA PORTE DE PAN;;;;750
201400056932;14;11;17;1350;1;2;7;2;7;119;1, PLACE AUGUSTE BARON;;;;750
201400056933;14;11;19;1255;1;2;2;8;6;119;03, RUE DE KABYLIE;;;;750
201400056934;14;11;20;1110;1;2;2;1;3;119;38, RUE DES BOIS;;;;750
201400056935;14;11;20;1620;2;2;3;8;7;119;57/63, AVENUE JEAN JAURE;;;;750
201400056936;14;11;25;715;2;2;3;2;2;120;292, RUE DE BELLEVILLE;;;;750
201400056937;14;11;28;1630;1;2;1;1;3;119;BOULEVARD PERIPHERIQUE;;;;750
201400056938;14;12;2;1835;5;2;2;2;7;119;17, AVENUE CORENTIN CARI;;;;750
201400056939;14;12;3;1930;5;2;2;1;3;119;78, RUE ARCHEREAU;;;;750
201400056940;14;12;4;1715;5;2;3;1;3;119;154, BOULEVARD MACDONALD;;;;750
201400056941;14;12;5;1215;1;2;1;8;5;119;41, BOULEVARD D INDOCHIN;;;;750
201400056942;14;12;5;1155;1;2;7;1;7;119;1, PLACE AUGUSTE BARON;;;;750
201400056943;14;12;6;2250;5;2;5;1;6;119;2, RUE MATHIS;;;;750
201400056944;14;12;7;1815;5;2;1;2;2;119;AVENUE DE LA PORTE DU PR;;;;750
201400056945;14;12;9;1120;1;2;3;1;6;119;31, AVENUE SIMON BOLIVAR;;;;750
201400056946;14;12;11;245;5;2;2;1;3;119;RUE PETIT;;;;750
201400056947;14;12;11;1025;1;2;1;8;6;119;17, AVENUE MATHURIN MORE;;;;750
201400056948;14;12;12;1455;1;2;5;2;6;119;66, RUE CURIAL;;;;750