num_acc;an;mois;jour;hrmn;lum;agg;int;atm;col;com;adr;gps;lat;long;dep
201400056949;14;12;12;1820;5;2;3;3;6;119;10, RUE DE COLMAR;;;;750
201400056950;14;12;12;1855;5;2;2;2;6;119;47, RUE DE NANTES;;;;750
201400056951;14;12;13;925;1;2;2;2;6;119;103, AVENUE SIMON BOLIVA;;;;750
201400056952;14;12;14;425;5;2;4;1;6;119;175, BOULEVARD SERURIER;;;;750
201400056953;14;12;15;1540;1;2;1;2;2;119;162, BOULEVARD MACDONALD;;;;750
201400056954;14;12;16;745;2;2;1;2;6;119;49bis, RUE DU GENERAL BR;;;;750
201400056955;14;12;16;800;2;2;1;8;2;119;68, AVENUE SECRETAN;;;;750
201400056956;14;12;16;1540;1;2;1;1;4;119;143, RUE MANIN;;;;750
201400056957;14;12;16;1845;3;2;1;1;2;119;BOULEVARD PERIPHERIQUE I;;;;750
201400056958;14;12;17;1840;5;2;1;2;6;119;117, BOULEVARD SERURIER;;;;750
201400056959;14;12;17;1900;5;2;3;2;7;119;AVENUE DE LA PORTE DU PR;;;;750
201400056960;14;12;18;1830;5;2;1;8;6;119;1, RUE DE BELLEVILLE;;;;750
201400056961;14;12;19;1945;5;2;3;8;3;119;161, AVENUE JEAN JAURES;;;;750
201400056962;14;12;19;2110;5;2;2;1;3;119;104, AVENUE SIMON BOLIVA;;;;750
201400056963;14;12;20;2145;5;2;3;2;3;119;AVENUE JEAN JAURES;;;;750
201400056964;14;12;23;950;1;2;5;8;6;119;1BIS, RUE CURIAL;;;;750
201400056965;14;12;27;2150;5;2;1;2;6;119;18, RUE DE CRIMEE;;;;750
201400056966;14;12;30;915;1;2;3;1;7;119;9, BOULEVARD D ALGERIE;;;;750
201400056967;14;12;30;1730;5;2;1;1;6;119;72, RUE CURIAL;;;;750
201400056968;14;12;30;1740;5;2;3;1;1;119;42, RUE MANIN;;;;750
201400056969;14;12;31;2343;5;2;7;1;2;120;0, PLACE DE LA PORTE DE;;;;750
201400056970;14;1;1;700;5;2;2;1;3;120;69, BOULEVARD DAVOUT;;;;750
201400056971;14;1;3;905;1;2;2;1;6;120;28, RUE D AVRON;;;;750
201400056972;14;1;3;1450;1;2;7;8;3;120;0, AVENUE DE LA PORTE DE;;;;750
201400056973;14;1;3;1910;3;2;1;2;2;120;BOULEVARD PERIPHERIQUE;;;;750
201400056974;14;1;4;1855;5;2;2;2;7;120;0, RUE LOUIS LUMIERE;;;;750
201400056975;14;1;8;1210;1;2;2;1;3;120;114, RUE DES PYRENEES;;;;750
201400056976;14;1;8;1945;5;2;1;2;2;120;50, RUE BELGRAND;;;;750
201400056977;14;1;9;1840;5;2;4;1;3;120;AVENUE DE LA PORTE DE MO;;;;750
201400056978;14;1;10;900;1;2;4;1;3;120;0, RUE DE BAGNOLET;;;;750
201400056979;14;1;14;820;1;2;2;2;2;120;2, AVENUE DU PROFESSEUR;;;;750
201400056980;14;1;14;1205;1;2;1;2;2;120;132, RUE DE BAGNOLET;;;;750
201400056981;14;1;14;2040;5;2;1;1;6;120;134, RUE DE BELLEVILLE;;;;750
201400056982;14;1;15;810;5;2;3;2;6;120;0, RUE PELLEPORT;;;;750
201400056983;14;1;15;1650;1;2;2;2;3;120;126, RUE DE MENILMONTANT;;;;750
201400056984;14;1;17;545;5;2;2;1;6;120;56, BOULEVARD MORTIER;;;;750
201400056985;14;1;20;825;1;2;3;1;3;120;28, BOULEVARD DE MENILMO;;;;750
201400056986;14;1;21;845;1;2;2;1;2;120;0, AVENUE IBSEN;;;;750
201400056987;14;1;24;1405;1;2;5;1;6;120;69, RUE DE MENILMONTANT;;;;750
201400056988;14;1;26;1315;1;2;2;1;7;120;2, RUE ORFILA;;;;750
201400056989;14;1;25;1740;2;2;2;2;3;119;134, RUE DE BELLEVILLE;;;;750
201400056990;14;1;26;1910;5;2;1;2;6;120;2, AVENUE DE LA PORTE DE;;;;750
201400056991;14;1;26;230;5;2;1;2;6;120;PLACE DE LA PORTE DE BAG;;;;750
201400056992;14;1;28;850;2;2;1;2;6;120;89, RUE DES PYRENEES;;;;750
201400056993;14;1;28;1910;5;2;3;2;6;120;, RUE DES PYRENEES;;;;750
201400056994;14;1;29;1145;1;2;1;2;6;120;28, RUE BELGRAND;;;;750
201400056995;14;1;30;930;1;2;1;1;2;120;0, BOULEVARD PERIPHERIQU;;;;750
201400056996;14;1;31;1225;1;2;1;1;6;120;112, RUE DE BELLEVILLE;;;;750
201400056997;14;1;31;1745;5;2;1;1;6;120;125, AVENUE GAMBETTA;;;;750
201400056998;14;2;1;2135;5;2;3;1;3;120;21, AVENUE GAMBETTA;;;;750
201400056999;14;2;2;1600;1;2;1;1;2;120;5, RUE PAGANINI;;;;750
201400057000;14;2;4;1510;1;2;5;1;5;120;115, RUE DES PYRENEES;;;;750
201400057001;14;2;5;2145;5;2;2;2;6;120;121, BOULEVARD MORTIER;;;;750
201400057002;14;2;11;740;1;2;3;8;2;120;188, RUE DE BELLEVILLE;;;;750
201400057003;14;2;11;845;1;2;2;1;1;120;69, BOULEVARD DAVOUT;;;;750
201400057004;14;2;11;1930;5;2;2;2;6;120;236, RUE DE BELLEVILLE;;;;750
201400057005;14;2;13;850;1;2;3;2;6;120;33, BOULEVARD MORTIER;;;;750
201400057006;14;2;13;1440;1;2;7;3;7;120;44, BOULEVARD DE MENILMO;;;;750
201400057007;14;2;14;1400;1;2;3;2;3;120;22, AVENUE DU PROFESSEUR;;;;750
201400057008;14;2;14;1635;1;2;1;1;4;120;17, AVENUE GAMBETTA;;;;750
201400057009;14;2;15;1205;1;2;1;1;3;120;289, RUE DES PYRENEES;;;;750
201400057010;14;2;16;1905;5;2;7;1;7;120;XX5586, PLACE DE LA PORT;;;;750
201400057011;14;2;16;2115;5;2;2;2;3;120;angle, AVENUE DU PROFESS;;;;750
201400057012;14;2;17;1230;1;2;1;1;6;120;141, RUE D AVRON;;;;750
201400057013;14;2;19;1045;1;2;1;8;6;120;4, RUE JULIEN LACROIX;;;;750
201400057014;14;2;19;1835;5;2;7;1;3;120;PLACE DE LA PORTE DE MON;;;;750
201400057015;14;2;21;2320;5;2;5;1;3;120;0, BOULEVARD DAVOUT;;;;750
201400057016;14;2;23;240;5;2;2;1;3;120;RUE D AVRON;;;;750
201400057017;14;2;24;1600;1;2;2;1;3;120;30, BOULEVARD DE MENILMO;;;;750
201400057018;14;2;24;1800;5;2;4;1;6;120;1, AVENUE CARTELLIER;;;;750
201400057019;14;2;27;930;1;2;1;3;6;120;231, RUE DES PYRENEES;;;;750
201400057020;14;2;27;1615;1;2;1;2;6;120;140, RUE DE MENILMONTANT;;;;750
201400057021;14;2;27;1825;3;2;4;2;3;120;0, AVENUE IBSEN;;;;750
201400057022;14;3;1;1920;5;2;5;1;3;120;ANGLE, BOULEVARD DE MENI;;;;750
201400057023;14;3;3;1920;5;2;3;1;3;120;0, AVENUE BENOIT FRACHON;;;;750
201400057024;14;3;5;1140;1;2;1;1;6;120;129, BOULEVARD DAVOUT;;;;750
201400057025;14;3;7;1350;1;2;5;1;3;120;105, BOULEVARD DAVOUT;;;;750
201400057026;14;3;7;1550;1;2;1;1;2;120;288, RUE DES PYRENEES;;;;750
201400057027;14;3;13;800;1;2;1;1;6;120;7, RUE DE BAGNOLET;;;;750
201400057028;14;3;13;950;1;2;5;1;3;120;0, RUE DE BELLEVILLE;;;;750
201400057029;14;3;13;1910;5;2;3;1;6;120;104, RUE LOUIS LUMIERE;;;;750
201400057030;14;3;14;1715;1;2;2;1;6;120;10, AVENUE DE LA PORTE D;;;;750
201400057031;14;3;15;410;5;2;3;1;3;120;22, BOULEVARD DE BELLEVI;;;;750
201400057032;14;3;15;1735;1;2;3;1;2;120;132, RUE D AVRON;;;;750
201400057033;14;3;16;230;5;2;2;1;6;120;72, BOULEVARD DAVOUT;;;;750
201400057034;14;3;20;1000;1;2;1;1;6;120;36, RUE ORFILA;;;;750
201400057035;14;3;20;1820;1;2;3;1;6;120;139, RUE DE BAGNOLET;;;;750
201400057036;14;3;21;1005;1;2;1;2;6;120;74, AVENUE GAMBETTA;;;;750
201400057037;14;3;22;635;2;2;2;1;1;120;240, RUE DE BELLEVILLE;;;;750
201400057038;14;3;25;1250;1;2;1;2;7;119;81, RUE DE BELLEVILLE;;;;750
201400057039;14;3;26;1440;1;2;5;1;6;120;69, RUE PELLEPORT;;;;750
201400057040;14;3;26;1615;1;2;1;1;6;120;13, RUE OLIVIER METRA;;;;750
201400057041;14;3;27;1045;1;2;3;1;6;120;121, AVENUE GAMBETTA;;;;750
201400057042;14;3;29;915;1;2;2;1;2;120;14, BOULEVARD DE CHARONN;;;;750
201400057043;14;3;31;1030;1;2;2;1;1;120;235, RUE DES PYRENEES;;;;750
201400057044;14;4;1;1635;1;2;1;1;6;120;4, RUE VIDAL DE LA BLACH;;;;750
201400057045;14;4;3;930;1;2;2;1;6;120;67, RUE DES VIGNOLES;;;;750
201400057046;14;4;3;1530;1;2;3;1;6;120;XX-8027, SQUARE DE LA SA;;;;750
201400057047;14;4;5;1655;1;2;4;1;6;120;317, RUE DES PYRENEES;;;;750
201400057048;14;4;5;1945;2;2;2;1;3;120;72, BOULEVARD DAVOUT;;;;750
201400057049;14;4;6;1520;1;2;1;1;2;120;0, BOULEVARD PERIPHERIQU;;;;750
201400057050;14;4;6;1530;1;2;1;1;6;120;259, AVENUE GAMBETTA;;;;750
201400057051;14;4;5;2355;5;2;1;1;2;120;0, PLACE DU MAQUIS DU VE;;;;750
201400057052;14;4;8;825;1;2;2;1;6;120;43, RUE DES ORTEAUX;;;;750
201400057053;14;4;9;1810;1;2;1;1;6;120;112, RUE DE MENILMONTANT;;;;750
201400057054;14;4;10;50;5;2;1;1;3;120;234, RUE DES PYRENEES;;;;750
201400057055;14;4;10;1555;1;2;2;1;7;120;RUE DES PYRENEES;;;;750
201400057056;14;4;10;1735;1;2;2;1;6;120;104, RUE ORFILA;;;;750
201400057057;14;4;12;1450;1;2;2;1;6;120;0, RUE VITRUVE;;;;750
201400057058;14;4;12;1815;1;2;2;1;4;120;RUE DE LAGNY;;;;750
201400057059;14;4;10;1110;1;2;4;1;2;120;0, AVENUE CARTELLIER;;;;750
201400057060;14;4;10;1230;1;2;2;1;6;120;0, RUE PELLEPORT;;;;750
201400057061;14;4;15;1833;1;2;3;1;1;112;0, ROUTE DE LA GERBE;;;;750
201400057062;14;4;16;1435;1;2;3;1;3;120;9, AVENUE GAMBETTA;;;;750
201400057063;14;4;16;1815;1;2;3;1;6;120;38, RUE DE MENILMONTANT;;;;750
201400057064;14;4;16;2110;5;2;1;1;6;120;168, RUE DES PYRENEES;;;;750
201400057065;14;4;17;945;1;2;2;1;6;120;05, RUE STENDHAL;;;;750
201400057066;14;4;22;1840;1;2;1;8;2;120;154, BOULEVARD MORTIER;;;;750
201400057067;14;4;23;1500;1;2;2;1;6;120;97, RUE D AVRON;;;;750
201400057068;14;4;25;1015;1;2;1;2;7;120;128, RUE DE BAGNOLET;;;;750
201400057069;14;4;28;1205;1;2;1;2;6;120;284, RUE DE BELLEVILLE;;;;750
201400057070;14;4;29;1216;1;2;5;1;6;120;328, RUE DE BELLEVILLE;;;;750
201400057071;14;4;30;1810;1;2;5;2;6;120;0, RUE BELGRAND;;;;750
201400057072;14;5;2;1345;1;2;1;2;3;120;24, RUE DE BELLEVILLE;;;;750
201400057073;14;5;5;1750;1;2;2;1;6;120;26, RUE DES ORTEAUX;;;;750
201400057074;14;5;6;845;1;2;2;2;6;120;RUE PELLEPORT;;;;750
201400057075;14;5;7;1810;1;2;1;1;6;120;0, RUE DES GLAIEULS;;;;750
201400057076;14;5;7;1945;1;2;3;1;6;120;79, RUE DE MENILMONTANT;;;;750
201400057077;14;5;7;2325;5;2;2;1;3;120;1, COURS DE VINCENNES;;;;750
201400057078;14;5;12;1620;1;2;2;1;6;120;6, BOULEVARD DE BELLEVIL;;;;750
201400057079;14;5;13;935;1;2;1;1;6;120;AVENUE LEON GAUMONT;;;;750
201400057080;14;5;14;1110;1;2;3;1;3;120;0, RUE DE BAGNOLET;;;;750
201400057081;14;5;14;1800;1;2;2;1;3;120;0, PORTE DE VINCENNES;;;;750
201400057082;14;5;14;2110;1;2;3;1;3;120;angle, RUE D AVRON;;;;750
201400057083;14;5;15;1325;1;2;3;1;3;120;25, RUE DES PYRENEES;;;;750
201400057084;14;5;15;2030;2;2;1;1;4;111;66, BOULEVARD VOLTAIRE;;;;750
201400057085;14;5;16;2030;2;2;2;1;6;120;128, RUE PELLEPORT;;;;750
201400057086;14;5;17;1605;1;2;1;1;3;120;75, RUE DES PYRENEES;;;;750
201400057087;14;5;17;1915;1;2;1;1;6;120;9, RUE DE BAGNOLET;;;;750
201400057088;14;5;19;1900;1;2;1;1;6;120;66, RUE DES COURONNES;;;;750
201400057089;14;5;23;1010;1;2;2;1;3;120;87, RUE DE LAGNY;;;;750
201400057090;14;5;23;1520;1;2;2;1;6;120;162, RUE DE MENILMONTANT;;;;750
201400057091;14;5;23;2310;5;2;2;2;3;120;118, RUE DES PYRENEES;;;;750
201400057092;14;5;27;2000;1;2;1;8;3;120;141, AVENUE GAMBETTA;;;;750
201400057093;14;5;28;1858;1;2;1;1;7;120;0, BOULEVARD PERIPHERIQU;;;;750
201400057094;14;5;28;2230;5;2;1;2;6;120;57, AVENUE GAMBETTA;;;;750
201400057095;14;5;31;1640;1;2;2;1;6;120;0, RUE D AVRON;;;;750
201400057096;14;6;3;1840;1;2;1;1;3;120;45-47, RUE D AVRON;;;;750
201400057097;14;6;6;645;1;2;5;1;7;120;152, BOULEVARD DE CHARON;;;;750
201400057098;14;6;6;1750;1;2;2;1;3;120;42bis, RUE BELGRAND;;;;750
201400057099;14;6;7;440;5;2;1;1;6;120;35, RUE DES TOURELLES;;;;750
201400057100;14;6;8;300;5;2;1;2;6;120;AVENUE LEON GAUMONT;;;;750
201400057101;14;6;9;1055;1;2;2;1;3;120;254, RUE DES PYRENEES;;;;750
201400057102;14;6;11;1315;2;2;1;1;6;120;110, RUE DE BELLEVILLE;;;;750
201400057103;14;5;31;455;2;2;2;1;2;120;RUE DES PYRENEES;;;;750
201400057104;14;6;12;1945;1;2;2;1;1;120;2, RUE DE BUZENVAL;;;;750
201400057105;14;6;13;2000;1;2;1;1;6;120;10, RUE DE BELLEVILLE;;;;750
201400057106;14;6;14;2015;1;2;1;1;2;120;0, NON DENOMMEE EY/20;;;;750
201400057107;14;6;15;1020;1;2;5;1;3;119;0, BOULEVARD SERURIER;;;;750
201400057108;14;6;16;840;1;2;5;1;1;120;54, AVENUE GAMBETTA;;;;750
201400057109;14;6;16;830;1;2;3;1;6;119;12, RUE DE BELLEVILLE;;;;750
201400057110;14;6;19;1125;1;2;1;1;6;120;74, BOULEVARD DE BELLEVI;;;;750
201400057111;14;6;19;1725;1;2;1;1;6;120;3, RUE JEAN VEBER;;;;750
201400057112;14;6;21;415;5;2;4;1;7;120;192, BOULEVARD DE CHARON;;;;750
201400057113;14;6;23;845;1;2;1;1;3;120;340, RUE DES PYRENEES;;;;750
201400057114;14;6;25;2210;5;2;1;1;6;120;38, RUE D AVRON;;;;750
201400057115;14;6;26;1540;1;2;1;1;3;120;72, BOULEVARD DAVOUT;;;;750
201400057116;14;6;27;1625;1;2;5;1;3;120;RUE SAINT FARGEAU;;;;750
201400057117;14;6;27;1811;1;2;1;1;3;120;20, AVENUE BENOIT FRACHO;;;;750
201400057118;14;7;1;1810;1;2;5;1;6;120;396, RUE DES PYRENEES;;;;750
201400057119;14;7;1;1800;1;2;1;1;3;120;0, AVENUE LEON GAUMONT;;;;750
201400057120;14;7;3;5;5;2;2;1;6;120;90, BOULEVARD DE BELLEVI;;;;750
201400057121;14;7;3;1745;1;2;7;1;3;120;0, PORTE DES LILAS;;;;750
201400057122;14;7;7;1415;1;2;1;1;6;120;67, BOULEVARD DAVOUT;;;;750
201400057123;14;7;7;1935;1;2;2;3;6;120;60, RUE BELGRAND;;;;750
201400057124;14;7;8;2145;5;2;4;1;4;120;0, BOULEVARD PERIPHERIQU;;;;750
201400057125;14;7;9;1230;1;2;3;2;6;120;139, RUE DE BAGNOLET;;;;750
201400057126;14;7;9;1445;1;2;1;3;6;120;24, AVENUE DU PROFESSEUR;;;;750
201400057127;14;7;9;1735;1;2;2;2;7;120;229, RUE DES PYRENEES;;;;750
201400057128;14;7;10;845;1;2;4;2;2;120;BOULEVARD PERIPHERIQUE I;;;;750
201400057129;14;7;14;135;5;2;3;1;6;120;112, RUE DE BELLEVILLE;;;;750
201400057130;14;7;16;230;5;2;1;1;6;120;0, BOULEVARD PERIPHERIQU;;;;750
201400057131;14;7;17;900;1;2;3;1;3;120;68, RUE DE MENILMONTANT;;;;750
201400057132;14;7;17;1210;1;2;5;1;3;120;83, RUE DE BUZENVAL;;;;750
201400057133;14;7;19;1015;1;2;7;1;7;120;1, PLACE AUGUSTE METIVIE;;;;750
201400057134;14;7;19;1135;1;2;3;1;2;120;16, AVENUE DE LA PORTE D;;;;750
201400057135;14;7;20;2310;5;2;3;1;6;111;23, RUE DE LAPPE;;;;750
201400057136;14;7;21;1405;1;2;1;1;6;120;58, RUE DE BUZENVAL;;;;750
201400057137;14;7;24;755;1;2;2;1;7;120;BOULEVARD DAVOUT;;;;750
201400057138;14;7;24;2000;1;2;1;1;7;120;BOULEVARD PERIPHERIQUE;;;;750
201400057139;14;7;25;920;1;2;1;1;6;120;2/4, RUE DE BELLEVILLE;;;;750
201400057140;14;7;28;830;1;2;1;1;3;120;148, RUE DE BELLEVILLE;;;;750
201400057141;14;7;28;1815;1;2;1;1;6;120;237, RUE DES PYRENEES;;;;750
201400057142;14;7;28;2326;5;2;1;1;1;120;RUE HENRI CHEVREAU;;;;750
201400057143;14;7;30;59;5;2;4;1;6;120;0, PLACE DE LA PORTE DE;;;;750
201400057144;14;7;31;200;5;2;5;1;6;120;88, BOULEVARD DE BELLEVI;;;;750
201400057145;14;8;1;1605;1;2;1;1;6;120;128, RUE DES PYRENEES;;;;750
201400057146;14;8;2;1525;1;2;4;1;2;120;4, RUE PLANCHAT;;;;750
201400057147;14;8;3;136;5;2;2;1;3;120;RUE ORFILA;;;;750
201400057148;14;8;3;2000;1;2;1;2;6;120;80, RUE BELGRAND;;;;750
201400057149;14;8;4;210;5;2;4;2;6;120;PORTE DE BAGNOLET;;;;750
201400057150;14;8;5;300;5;2;4;1;7;120;AVENUE DE LA PORTE DE BA;;;;750
201400057151;14;8;7;1540;1;2;2;2;3;120;0, BOULEVARD DAVOUT;;;;750
201400057152;14;8;7;1900;1;2;1;8;3;120;950, RUE DES ORTEAUX;;;;750
201400057153;14;8;8;345;5;2;1;1;6;120;4, RUE PHILIDOR;;;;750
201400057154;14;8;8;1210;1;2;3;2;3;120;113, RUE D AVRON;;;;750
201400057155;14;8;9;1338;1;2;3;1;6;120;148, RUE DE BAGNOLET;;;;750
201400057156;14;8;10;320;5;2;3;2;6;120;80bis, BOULEVARD DE BELL;;;;750
201400057157;14;8;19;1425;1;2;1;1;7;120;AVENUE DE LA PORTE DE BA;;;;750
201400057158;14;8;21;1310;1;2;1;1;6;120;32, RUE PIAT;;;;750
201400057159;14;8;22;855;1;2;7;1;2;120;0, PORTE DE MONTREUIL;;;;750
201400057160;14;8;24;1945;1;2;3;1;6;120;85bis, AVENUE GAMBETTA;;;;750
201400057161;14;8;25;915;1;2;1;2;7;120;0, AVENUE IBSEN;;;;750
201400057162;14;8;26;1840;1;2;1;1;6;120;40, RUE DES AMANDIERS;;;;750
201400057163;14;9;1;1130;1;2;1;1;6;120;87, RUE DES CASCADES;;;;750
201400057164;14;9;2;2234;5;2;1;1;3;120;199, RUE DES PYRENEES;;;;750
201400057165;14;9;3;1930;1;2;1;1;6;120;6, RUE DE BAGNOLET;;;;750
201400057166;14;9;4;1050;1;2;3;1;3;120;77, RUE DES PYRENEES;;;;750
201400057167;14;9;5;1015;1;2;1;1;3;120;31.9, BOULEVARD PERIPHER;;;;750
201400057168;14;9;6;1423;1;2;2;1;7;120;0, AVENUE IBSEN;;;;750
201400057169;14;9;6;1525;1;2;2;1;6;120;13, RUE BELGRAND;;;;750
201400057170;14;9;6;1605;1;2;1;1;6;120;44, AVENUE GAMBETTA;;;;750
201400057171;14;9;7;330;5;2;1;1;7;120;S-52131, COURS DE VINCEN;;;;750
201400057172;14;9;8;1324;1;2;3;1;6;120;18, RUE JULES DUMIEN;;;;750
201400057173;14;9;8;2100;5;2;1;1;6;120;12, AVENUE DU PROFESSEUR;;;;750
201400057174;14;9;10;945;1;2;1;1;4;120;0, AVENUE DE LA PORTE DE;;;;750
201400057175;14;9;10;1420;1;2;2;1;3;120;ANGLE, RUE RAMUS;;;;750
201400057176;14;9;11;100;5;2;2;1;6;120;RUE JULIEN LACROIX;;;;750
201400057177;14;9;15;1505;1;2;7;1;3;120;0, PLACE GAMBETTA;;;;750
201400057178;14;9;18;1135;1;2;2;1;1;120;6, RUE BELGRAND;;;;750
201400057179;14;9;18;1740;1;2;1;1;2;120;77, RUE HAXO;;;;750
201400057180;14;9;21;635;5;2;1;2;6;111;65, BOULEVARD DE MENILMO;;;;750
201400057181;14;9;22;900;1;2;1;1;7;120;360, RUE DES PYRENEES;;;;750
201400057182;14;9;17;1335;1;2;2;1;2;120;137, RUE DE BAGNOLET;;;;750
201400057183;14;9;24;25;5;2;1;1;2;120;9, RUE DES COURONNES;;;;750
201400057184;14;9;24;1735;1;2;2;1;2;120;02, BOULEVARD DE BELLEVI;;;;750
201400057185;14;9;25;35;5;2;7;1;3;120;49, RUE BELGRAND;;;;750
201400057186;14;9;25;1235;1;2;1;1;2;120;, AVENUE GAMBETTA;;;;750
201400057187;14;9;25;1915;1;2;3;1;6;120;101, RUE DE MENILMONTANT;;;;750
201400057188;14;9;26;1800;1;2;2;7;6;120;95, RUE D AVRON;;;;750
201400057189;14;9;26;2105;5;2;1;1;2;120;30, BOULEVARD DE MENILMO;;;;750
201400057190;14;9;28;1410;1;2;2;1;3;120;72, BOULEVARD DAVOUT;;;;750
201400057191;14;9;28;1710;1;2;1;1;6;120;RUE DES PAVILLONS;;;;750
201400057192;14;9;30;755;1;2;2;1;1;120;0, RUE DES PYRENEES;;;;750
201400057193;14;9;28;505;5;2;1;1;5;120;78, RUE DE BAGNOLET;;;;750
201400057194;14;10;2;1630;1;2;1;1;6;120;90, RUE DES AMANDIERS;;;;750
201400057195;14;10;2;1715;1;2;1;1;6;120;84, RUE DE BELLEVILLE;;;;750
201400057196;14;10;2;2015;5;2;1;1;6;120;96, RUE DE BELLEVILLE;;;;750
201400057197;14;10;3;1620;1;2;1;1;6;120;169, RUE DES PYRENEES;;;;750
201400057198;14;10;4;1540;1;2;2;1;3;120;72, BOULEVARD DAVOUT;;;;750
201400057199;14;10;5;1840;5;2;3;1;6;120;22, BOULEVARD DE BELLEVI;;;;750
201400057200;14;10;5;2330;5;2;5;1;6;120;108, BOULEVARD DE BELLEV;;;;750
201400057201;14;10;6;1930;5;2;5;2;6;120;271, RUE DES PYRENEES;;;;750
201400057202;14;10;7;850;1;2;1;2;3;120;162, RUE DE BAGNOLET;;;;750
201400057203;14;10;9;1640;1;2;1;1;5;120;43, AVENUE GAMBETTA;;;;750
201400057204;14;10;10;1220;1;2;1;1;6;120;258, RUE DES PYRENEES;;;;750
201400057205;14;10;10;1316;1;2;5;8;3;120;02, RUE DES PYRENEES;;;;750
201400057206;14;10;10;1820;1;2;7;8;2;120;4, PLACE GAMBETTA;;;;750
201400057207;14;10;10;2000;5;2;1;1;6;119;5, RUE DE BELLEVILLE;;;;750
201400057208;14;10;12;330;5;2;2;1;6;111;170, BOULEVARD VOLTAIRE;;;;750
201400057209;14;10;13;840;1;2;2;1;2;120;XX9887, RUE DU SURMELIN;;;;750
201400057210;14;10;14;2030;5;2;3;1;6;120;85, RUE DES PYRENEES;;;;750
201400057211;14;10;15;800;1;2;1;1;2;120;0, BOULEVARD PERIPHERIQU;;;;750
201400057212;14;10;17;855;1;2;4;1;2;120;RUE PIERRE SOULIE;;;;750
201400057213;14;10;21;1520;1;2;2;2;6;120;0, RUE PELLEPORT;;;;750
201400057214;14;10;22;55;5;2;7;1;6;120;XX-14233, PLACE DE LA PO;;;;750
201400057215;14;10;22;1635;1;2;2;1;5;120;245, RUE DES PYRENEES;;;;750
201400057216;14;10;22;2015;3;2;7;1;2;120;32, BOULEVARD DE MENILMO;;;;750
201400057217;14;10;25;2030;5;2;1;1;6;120;128, RUE PELLEPORT;;;;750
201400057218;14;10;27;1445;1;2;2;1;6;120;26, RUE DE LA CHINE;;;;750
201400057219;14;10;28;2134;5;2;2;1;3;120;268, RUE DES PYRENEES;;;;750
201400057220;14;10;29;1210;1;2;1;1;7;120;61, RUE SAINT FARGEAU;;;;750
201400057221;14;10;29;1240;1;2;2;1;6;120;129, RUE DES PYRENEES;;;;750
201400057222;14;10;29;1750;5;2;2;1;3;120;346 bis, RUE DES PYRENEE;;;;750
201400057223;14;10;29;2000;5;2;7;1;6;120;PLACE DE LA PORTE DE MON;;;;750
201400057224;14;10;31;1920;5;2;3;1;6;120;158, BOULEVARD DAVOUT;;;;750
201400057225;14;11;4;1540;1;2;5;1;6;120;0, BOULEVARD DAVOUT;;;;750
201400057226;14;11;4;2030;5;2;1;1;3;120;BOULEVARD PERIPHERIQUE I;;;;750
201400057227;14;11;5;2010;5;2;1;1;6;120;140, BOULEVARD DE MENILM;;;;750
201400057228;14;11;6;930;1;2;3;1;7;120;118, RUE DE BAGNOLET;;;;750
201400057229;14;11;7;1240;1;2;1;2;6;120;66, AVENUE GAMBETTA;;;;750
201400057230;14;11;7;1515;1;2;2;1;6;120;S3761, RUE DE MENILMONTA;;;;750
201400057231;14;11;9;2105;5;2;2;1;1;120;XX-13812, BOULEVARD DAVO;;;;750
201400057232;14;11;10;1600;1;2;1;1;7;120;224, RUE DE BELLEVILLE;;;;750
201400057233;14;11;10;1745;5;2;1;1;3;120;340, RUE DES PYRENEES;;;;750
201400057234;14;11;11;1858;5;2;1;1;3;120;316, RUE DES PYRENEES;;;;750
201400057235;14;11;12;1650;1;2;4;1;3;120;0, AVENUE IBSEN;;;;750
201400057236;14;11;13;1630;1;2;2;1;6;120;53, AVENUE GAMBETTA;;;;750
201400057237;14;11;13;1910;5;2;1;1;6;120;95, RUE D AVRON;;;;750
201400057238;14;11;14;1410;1;2;1;2;2;120;0, PORTE DE MONTREUIL;;;;750
201400057239;14;11;14;1430;1;2;1;2;6;120;25, RUE LE VAU;;;;750
201400057240;14;11;15;130;5;2;5;3;6;120;115, RUE DES PYRENEES;;;;750
201400057241;14;11;15;305;5;2;5;3;2;120;1, PLACE AUGUSTE METIVIE;;;;750
201400057242;14;11;14;1905;5;2;1;2;2;120;156, RUE DES PYRENEES;;;;750
201400057243;14;11;17;1640;2;2;1;2;6;120;48, BOULEVARD DE MENILMO;;;;750
201400057244;14;11;17;2025;5;2;1;2;2;120;11, AVENUE GAMBETTA;;;;750
201400057245;14;11;20;1225;1;2;5;1;6;120;0, RUE SAINT FARGEAU;;;;750
201400057246;14;11;21;130;5;2;3;1;6;120;20, BOULEVARD DE BELLEVI;;;;750
201400057247;14;11;21;1450;1;2;2;1;3;120;angle, RUE DE BAGNOLET;;;;750
201400057248;14;11;23;810;1;2;1;1;6;120;11, RUE FREDERICK LEMAIT;;;;750
201400057249;14;11;24;1325;1;2;1;1;6;120;177, AVENUE GAMBETTA;;;;750
201400057250;14;11;24;1600;1;2;1;1;6;120;12, RUE HENRI POINCARE;;;;750
201400057251;14;11;25;830;1;2;1;2;2;120;293, RUE DES PYRENEES;;;;750
201400057252;14;11;26;1440;1;2;1;2;1;120;27, RUE DE LA COUR DES N;;;;750
201400057253;14;11;27;1535;1;2;1;1;2;120;75, BOULEVARD MORTIER;;;;750
201400057254;14;11;27;1700;1;2;1;1;3;120;137, AVENUE GAMBETTA;;;;750
201400057255;14;11;29;1025;1;2;7;1;7;120;9, PLACE GAMBETTA;;;;750
201400057256;14;12;1;755;1;2;2;8;3;120;68, RUE DE LAGNY;;;;750
201400057257;14;12;1;1715;5;2;1;2;6;120;38, RUE PLANCHAT;;;;750