num_acc;an;mois;jour;hrmn;lum;agg;int;atm;col;com;adr;gps;lat;long;dep
201400057258;14;12;2;845;2;2;3;8;6;120;81, RUE DE BAGNOLET;;;;750
201400057259;14;12;2;1605;2;2;1;2;6;120;326, RUE DE BELLEVILLE;;;;750
201400057260;14;12;2;1710;1;2;3;2;3;120;21, RUE SAINT FARGEAU;;;;750
201400057261;14;12;3;1745;3;2;1;1;6;120;7102, RUE LOUIS LUMIERE;;;;750
201400057262;14;12;4;1015;1;2;1;8;3;120;138, RUE PELLEPORT;;;;750
201400057263;14;12;4;2230;5;2;5;1;6;120;02, BOULEVARD DE BELLEVI;;;;750
201400057264;14;12;7;2225;5;2;2;2;3;120;60, RUE DES PYRENEES;;;;750
201400057265;14;12;8;730;2;2;5;1;6;119;170, RUE DE BELLEVILLE;;;;750
201400057266;14;12;8;2030;3;2;1;6;3;120;, BOULEVARD PERIPHERIQUE;;;;750
201400057267;14;12;9;745;2;2;1;1;3;120;11, RUE DE NOISY LE SEC;;;;750
201400057268;14;12;9;1055;1;2;2;1;6;120;ANGLE, RUE DES PYRENEES;;;;750
201400057269;14;12;9;2020;5;2;1;1;3;120;0, BOULEVARD PERIPHERIQU;;;;750
201400057270;14;12;10;1410;1;2;2;2;3;120;224, RUE DES PYRENEES;;;;750
201400057271;14;12;11;2255;5;2;1;1;3;120;S23905, AVENUE BENOIT FR;;;;750
201400057272;14;12;12;1810;5;2;2;3;6;120;60, RUE DE BAGNOLET;;;;750
201400057273;14;12;12;1815;5;2;3;2;6;120;51, RUE DES ORTEAUX;;;;750
201400057274;14;12;13;430;5;2;3;3;2;120;74, BOULEVARD DAVOUT;;;;750
201400057275;14;12;14;1030;1;2;1;5;6;120;48, RUE DE BELLEVILLE;;;;750
201400057276;14;12;14;545;5;2;1;8;1;120;14, RUE DE MENILMONTANT;;;;750
201400057277;14;12;15;845;1;2;1;6;7;120;0, BOULEVARD PERIPHERIQU;;;;750
201400057278;14;12;20;2345;5;2;3;9;1;120;19, RUE SAINT FARGEAU;;;;750
201400057279;14;12;22;945;1;2;1;1;6;120;7, AVENUE GAMBETTA;;;;750
201400057280;14;12;22;1208;1;2;1;1;6;120;74, RUE DE BAGNOLET;;;;750
201400057281;14;12;24;905;1;2;2;1;3;120;0, RUE PELLEPORT;;;;750
201400057282;14;12;26;2200;5;2;4;3;6;120;2, AVENUE CARTELLIER;;;;750
201400057283;14;1;1;1900;5;2;1;2;4;118;BOULEVARD PERIPHERIQUE E;;;;750
201400057284;14;1;5;1145;1;2;5;1;6;106;36, RUE DU FOUR;;;;750
201400057285;14;1;5;1737;5;2;1;2;6;116;ALLEE DES FORTIFICATIONS;;;;750
201400057286;14;1;7;850;1;2;5;1;6;116;PORTE DAUPHINE;;;;750
201400057287;14;1;7;1410;1;2;4;2;2;114;BOULEVARD PERIPHERIQUE;;;;750
201400057288;14;1;8;857;1;2;3;3;2;103;0, RUE DU TEMPLE;;;;750
201400057289;14;1;10;1003;1;2;2;1;6;102;23, BOULEVARD DES CAPUCI;;;;750
201400057290;14;1;11;1450;1;2;1;1;2;120;BOULEVARD PERIPHERIQUE I;;;;750
201400057291;14;1;12;1410;1;2;5;1;6;113;0, AVENUE DE LA PORTE D;;;;750
201400057292;14;1;12;1340;1;2;2;1;6;115;AVENUE ALBERT BARTHOLOME;;;;750
201400057293;14;1;12;1650;2;2;5;1;6;106;56, RUE DE RENNES;;;;750
201400057294;14;1;13;710;5;2;7;1;5;108;PLACE CLEMENCEAU;;;;750
201400057295;14;1;13;1120;1;2;2;1;3;116;/, AVENUE MARCEAU;;;;750
201400057296;14;1;14;952;1;2;1;2;6;110;218, RUE SAINT MAUR;;;;750
201400057297;14;1;14;2105;5;2;3;1;6;118;RUE LEPIC;;;;750
201400057298;14;1;16;255;5;2;4;2;6;120;AVENUE IBSEN;;;;750
201400057299;14;1;16;2345;5;2;2;1;1;120;227, RUE DES PYRENEES;;;;750
201400057300;14;1;18;2006;5;2;2;1;3;104;66, QUAI DE L HOTEL DE V;;;;750
201400057301;14;1;19;130;5;2;7;2;3;115;PLACE FERNAND FOREST;;;;750
201400057302;14;1;20;1810;5;2;1;1;6;118;18, RUE DE CLIGNANCOURT;;;;750
201400057303;14;1;21;1635;1;2;1;2;6;120;88, BOULEVARD DAVOUT;;;;750
201400057304;14;1;22;1650;2;2;1;2;6;113;91, BOULEVARD MASSENA;;;;750
201400057305;14;1;23;740;2;2;2;8;1;113;BOULEVARD MASSENA;;;;750
201400057306;14;1;23;1005;1;2;7;1;3;108;PLACE CHARLES DE GAULLE;;;;750
201400057307;14;1;23;1630;5;2;1;2;3;115;73, QUAI BRANLY;;;;750
201400057308;14;1;23;1655;5;2;1;2;7;115;PLACE DE LA PORTE DE VER;;;;750
201400057309;14;1;24;15;5;2;3;1;6;119;103-105, RUE DE MEAUX;;;;750
201400057310;14;1;24;1600;1;2;1;1;6;106;22, BOULEVARD SAINT MICH;;;;750
201400057311;14;1;25;550;5;2;1;2;6;110;18, RUE DU HUIT MAI 1945;;;;750
201400057312;14;1;25;1645;1;2;1;1;6;116;110 bis, AVENUE KLEBER;;;;750
201400057313;14;1;26;635;5;2;2;1;6;120;COURS DE VINCENNES;;;;750
201400057314;14;1;27;1830;5;2;1;1;6;119;AVENUE DE LA PORTE DU PR;;;;750
201400057315;14;1;28;1945;5;2;1;3;6;107;250, BOULEVARD SAINT GER;;;;750
201400057316;14;1;29;40;5;2;4;2;3;117;ECHANGEUR MAILLOT;;;;750
201400057317;14;1;30;1100;1;2;3;1;6;113;RUE CACHEUX;;;;750
201400057318;14;1;31;702;2;2;5;5;2;112;AVENUE DAUMESNIL;;;;750
201400057319;14;1;31;1250;1;2;7;1;2;116;PLACE DU TROCADERO;;;;750
201400057320;14;1;31;1452;1;2;3;1;3;105;31, RUE GEOFFROY SAINT H;;;;750
201400057321;14;1;31;1830;5;2;1;1;1;116;ROUTE DES TRIBUNES;;;;750
201400057322;14;2;3;1420;1;2;2;1;6;113;86, RUE BOBILLOT;;;;750
201400057323;14;2;4;1345;1;2;2;1;3;115;0, AVENUE FELIX FAURE;;;;750
201400057324;14;2;6;1605;1;2;1;1;6;109;05, RUE SAINT GEORGES;;;;750
201400057325;14;2;6;1645;1;2;1;1;4;116;AVENUE DE NEW YORK;;;;750
201400057326;14;2;7;200;5;2;3;1;1;109;PLACE D ESTIENNE D ORVES;;;;750
201400057327;14;2;8;755;1;2;2;2;3;101;QUAI FRANCOIS MITTERRAND;;;;750
201400057328;14;2;9;323;5;2;4;1;6;118;ECHANGEUR CHAPELLE;;;;750
201400057329;14;2;9;2028;5;2;5;1;6;108;53, BOULEVARD DE COURCEL;;;;750
201400057330;14;2;10;1250;1;2;5;1;3;116;BOULEVARD DE L AMIRAL BR;;;;750
201400057331;14;2;13;1915;5;2;1;1;6;113;93, AVENUE D ITALIE;;;;750
201400057332;14;2;14;205;5;2;1;1;6;110;89, RUE DU FAUBOURG SAIN;;;;750
201400057333;14;2;16;1051;1;2;2;1;3;111;43, BOULEVARD VOLTAIRE;;;;750
201400057334;14;2;17;1750;1;2;3;1;6;102;20, RUE DAUNOU;;;;750
201400057335;14;2;18;1907;5;2;1;1;6;112;AVENUE DE GRAVELLE;;;;750
201400057336;14;2;20;115;5;2;2;1;6;119;/, AVENUE DE FLANDRE;;;;750
201400057337;14;2;20;1650;1;2;5;2;6;117;39 bis, RUE NAVIER;;;;750
201400057338;14;2;23;325;5;2;1;1;6;120;BOULEVARD PERIPHERIQUE;;;;750
201400057339;14;2;25;935;1;2;2;2;3;116;35, BOULEVARD LANNES;;;;750
201400057340;14;2;25;2110;5;2;3;1;1;111;163, RUE DE CHARONNE;;;;750
201400057341;14;2;25;2155;5;2;3;1;6;111;170, BOULEVARD VOLTAIRE;;;;750
201400057342;14;2;26;1620;1;2;3;1;6;110;30, BOULEVARD DE BONNE N;;;;750
201400057343;14;2;27;1115;1;2;2;3;3;114;BOULEVARD ROMAIN ROLLAND;;;;750
201400057344;14;2;28;1;5;2;2;1;1;105;RUE DES ECOLES;;;;750
201400057345;14;3;1;523;5;2;1;2;6;118;66-68, BOULEVARD BARBES;;;;750
201400057346;14;3;1;749;1;2;1;1;6;104;1bis, RUE DE BRETONVILLI;;;;750
201400057347;14;3;1;1130;1;2;1;1;6;120;BOULEVARD PERIPHERIQUE E;;;;750
201400057348;14;3;2;425;5;2;2;1;3;113;BOULEVARD AUGUSTE BLANQU;;;;750
201400057349;14;3;4;30;5;2;5;1;3;111;254, RUE DU FAUBOURG SAI;;;;750
201400057350;14;3;5;840;1;2;1;1;6;116;5, BOULEVARD DELESSERT;;;;750
201400057351;14;3;5;1030;1;2;3;1;6;116;104, AVENUE RAYMOND POIN;;;;750
201400057352;14;3;5;1623;1;2;1;1;3;113;BOULEVARD DU GENERAL JEA;;;;750
201400057353;14;3;7;440;5;2;4;1;6;116;AVENUE DE LA PORTE D AUT;;;;750
201400057354;14;3;8;805;1;2;2;1;1;111;1, RUE DU FAUBOURG SAINT;;;;750
201400057355;14;3;8;1030;1;2;5;1;6;116;101, BOULEVARD MURAT;;;;750
201400057356;14;3;9;825;1;2;2;1;6;111;31, AVENUE DE LA REPUBLI;;;;750
201400057357;14;3;9;1715;1;2;4;1;6;114;232, BOULEVARD RASPAIL;;;;750
201400057358;14;3;10;930;1;2;7;1;3;108;PLACE DE LA CONCORDE;;;;750
201400057359;14;3;12;1520;1;2;7;1;3;116;3, PLACE DU MARECHAL DE;;;;750
201400057360;14;3;12;2030;5;2;1;1;6;120;BOULEVARD PERIPHERIQUE I;;;;750
201400057361;14;3;17;1220;1;2;2;1;3;111;09, BOULEVARD VOLTAIRE;;;;750
201400057362;14;3;18;920;1;2;3;1;3;118;26, RUE ORDENER;;;;750
201400057363;14;3;20;930;1;2;2;1;3;118;25, RUE MARCADET;;;;750
201400057364;14;3;20;1855;5;2;2;1;3;120;155, RUE DES PYRENEES;;;;750
201400057365;14;3;21;35;5;2;2;1;6;113;213, RUE DE TOLBIAC;;;;750
201400057366;14;3;22;1315;1;2;1;1;2;120;BOULEVARD PERIPHERIQUE I;;;;750
201400057367;14;3;24;1201;1;2;1;1;2;116;PLACE DE LA PORTE DE SAI;;;;750
201400057368;14;3;24;1845;2;2;3;1;1;116;ALLEE DU BORD DE L EAU;;;;750
201400057369;14;3;24;2310;5;2;2;1;3;101;12, QUAI FRANCOIS MITTER;;;;750
201400057370;14;3;25;1600;1;2;1;8;6;117;99, RUE DE COURCELLES;;;;750
201400057371;14;3;26;1555;1;2;1;1;2;116;62, AVENUE MOZART;;;;750
201400057372;14;3;27;106;5;2;3;1;6;112;148, BOULEVARD DIDEROT;;;;750
201400057373;14;3;27;620;2;2;4;1;6;120;PORTE DE BAGNOLET;;;;750
201400057374;14;3;28;1318;1;2;2;1;2;106;6, BOULEVARD SAINT MICHE;;;;750
201400057375;14;3;29;1158;1;2;1;1;4;112;BOULEVARD PERIPHERIQUE E;;;;750
201400057376;14;3;29;2235;5;2;2;1;3;113;QUAI D AUSTERLITZ;;;;750
201400057377;14;3;30;840;2;2;1;1;4;112;BOULEVARD PERIPHERIQUE E;;;;750
201400057378;14;3;30;2305;5;2;3;1;1;117;200, BOULEVARD MALESHERB;;;;750
201400057379;14;3;31;1558;1;2;4;1;6;120;41, RUE DES MONTIBOEUFS;;;;750
201400057380;14;4;1;855;1;2;5;1;3;101;96, RUE DE RIVOLI;;;;750
201400057381;14;4;1;2130;5;2;1;1;6;118;51, RUE ORDENER;;;;750
201400057382;14;4;2;815;1;2;1;1;3;114;BOULEVARD PERIPHERIQUE I;;;;750
201400057383;14;4;2;1420;1;2;4;1;3;115;QUAI BRANLY;;;;750
201400057384;14;4;3;1920;5;2;1;1;6;120;162, BOULEVARD DAVOUT;;;;750
201400057385;14;4;3;1920;1;2;1;1;3;116;115, RUE DE LA POMPE;;;;750
201400057386;14;4;3;2353;5;2;1;1;6;114;BOULEVARD PERIPHERIQUE E;;;;750
201400057387;14;4;4;750;1;2;2;1;3;113;30, RUE SAINT HIPPOLYTE;;;;750
201400057388;14;4;4;838;1;2;3;1;6;105;52, BOULEVARD SAINT GERM;;;;750
201400057389;14;4;5;355;5;2;1;1;6;101;46, RUE SAINT HONORE;;;;750
201400057390;14;4;7;1740;1;2;3;1;6;115;80, RUE DES ENTREPRENEUR;;;;750
201400057391;14;4;7;2205;5;2;4;1;3;108;59, RUE DE COURCELLES;;;;750
201400057392;14;4;8;1825;1;2;1;1;6;120;108, BOULEVARD DAVOUT;;;;750
201400057393;14;4;8;2125;5;2;2;1;2;106;23, BOULEVARD DU MONTPAR;;;;750
201400057394;14;4;10;323;5;2;1;1;6;113;42, AVENUE DES GOBELINS;;;;750
201400057395;14;4;9;1240;1;2;1;1;6;104;52, RUE DE RIVOLI;;;;750
201400057396;14;4;9;1240;1;2;1;1;6;113;BOULEVARD PERIPHERIQUE I;;;;750
201400057397;14;4;10;1604;1;2;3;1;3;111;151, RUE DE LA ROQUETTE;;;;750
201400057398;14;4;13;515;5;2;1;1;6;102;101, RUE DE RICHELIEU;;;;750
201400057399;14;4;13;550;5;2;5;1;3;115;9, RUE BALARD;;;;750
201400057400;14;4;14;950;1;2;5;1;6;113;XIII-9395, AVENUE D IVRY;;;;750
201400057401;14;4;15;1530;1;2;5;1;6;120;109, RUE ORFILA;;;;750
201400057402;14;4;15;2140;5;2;7;1;3;115;4, RUE LOUIS ARMAND;;;;750
201400057403;14;4;17;1015;1;2;1;1;6;112;20, BOULEVARD DE LA GUYA;;;;750
201400057404;14;4;18;640;1;2;1;1;6;116;AVENUE DE L HIPPODROME;;;;750
201400057405;14;4;18;715;1;2;2;2;6;105;56, BOULEVARD SAINT MARC;;;;750
201400057406;14;4;18;901;1;2;3;1;6;110;120, RUE DU FAUBOURG SAI;;;;750
201400057407;14;4;20;2150;5;2;3;1;6;101;QUAI DES TUILERIES;;;;750
201400057408;14;4;21;1555;1;2;1;1;6;104;92, RUE DE RIVOLI;;;;750
201400057409;14;4;21;1750;1;2;3;1;3;104;1, QUAI DE L HOTEL DE VI;;;;750
201400057410;14;4;23;1045;1;2;2;1;6;115;2, RUE LUCIEN BOSSOUTROT;;;;750
201400057411;14;4;23;1402;1;2;1;1;6;113;100, RUE DU CHATEAU DES;;;;750
201400057412;14;4;24;1840;1;2;3;1;6;115;35, BOULEVARD GARIBALDI;;;;750
201400057413;14;4;26;305;5;2;7;1;3;117;PLACE DE VERDUN;;;;750
201400057414;14;4;27;600;2;2;1;1;2;115;85, RUE DUTOT;;;;750
201400057415;14;4;28;940;1;2;2;8;3;116;ALLEE DE LONGCHAMP;;;;750
201400057416;14;4;29;1305;1;2;1;1;2;114;5/7, AVENUE DU DOCTEUR L;;;;750
201400057417;14;4;30;1101;1;2;2;1;3;116;AVENUE FOCH;;;;750
201400057418;14;4;30;1930;1;2;1;1;2;115;41, RUE DESNOUETTES;;;;750
201400057419;14;5;2;5;5;2;1;3;7;117;19, BOULEVARD BESSIERES;;;;750
201400057420;14;5;2;1;5;2;1;2;7;120;44, RUE SAINT BLAISE;;;;750
201400057421;14;5;4;144;5;2;5;1;6;111;15, RUE DU CHEMIN VERT;;;;750
201400057422;14;5;5;530;5;2;1;1;6;104;QUAI DES CELESTINS;;;;750
201400057423;14;5;8;1;5;1;1;1;2;117;BOULEVARD PERIPHERIQUE;;;;750
201400057424;14;5;8;200;5;2;2;1;6;108;34, AVENUE MONTAIGNE;;;;750
201400057425;14;5;10;1605;1;2;7;2;3;109;04, PLACE DE CLICHY;;;;750
201400057426;14;5;11;1805;1;2;1;2;6;107;0, TOUR EIFFEL;;;;750
201400057427;14;5;13;1245;1;2;4;1;3;118;RUE CAULAINCOURT;;;;750
201400057428;14;5;13;1650;1;2;5;1;6;115;15, RUE BARGUE;;;;750
201400057429;14;5;14;820;1;2;1;1;6;113;83, BOULEVARD SAINT MARC;;;;750
201400057430;14;5;15;1249;1;2;2;1;3;111;BOULEVARD VOLTAIRE;;;;750
201400057431;14;5;15;1649;1;2;1;1;6;116;AVENUE DU MAHATMA GANDHI;;;;750
201400057432;14;5;15;2100;5;2;1;1;6;114;BOULEVARD PERIPHERIQUE;;;;750
201400057433;14;5;16;2240;5;2;2;1;3;115;RUE DU THEATRE;;;;750
201400057434;14;5;17;2115;5;2;1;1;6;110;155, BOULEVARD DE LA VIL;;;;750
201400057435;14;5;18;605;2;2;3;1;6;110;84, BOULEVARD DE MAGENTA;;;;750
201400057436;14;5;18;615;2;2;1;1;6;118;94, BOULEVARD BARBES;;;;750
201400057437;14;5;19;1230;1;2;1;1;2;112;QUAI DE BERCY;;;;750
201400057438;14;5;19;1330;1;2;2;1;1;113;64, RUE DE TOLBIAC;;;;750
201400057439;14;5;20;1730;1;2;1;3;6;113;03, RUE PAULIN MERY;;;;750
201400057440;14;5;21;1127;1;2;3;3;2;114;face au 84, BOULEVARD AR;;;;750
201400057441;14;5;21;1415;1;2;1;1;4;114;BOULEVARD PERIPHERIQUE I;;;;750
201400057442;14;5;21;2130;2;2;3;2;3;106;35, QUAI VOLTAIRE;;;;750
201400057443;14;5;22;20;5;2;3;1;3;108;4, AVENUE DE FRIEDLAND;;;;750
201400057444;14;5;22;520;5;2;1;1;6;104;40, QUAI DES CELESTINS;;;;750
201400057445;14;5;22;2238;5;2;2;1;3;108;AVENUE DE WAGRAM;;;;750
201400057446;14;5;25;702;1;2;2;1;6;107;QUAI D ORSAY;;;;750
201400057447;14;5;25;2005;1;2;5;1;3;107;BOULEVARD RASPAIL;;;;750
201400057448;14;5;26;135;5;2;1;1;2;119;67, AVENUE CORENTIN CARI;;;;750
201400057449;14;5;28;940;1;2;2;2;6;112;AVENUE DAUMESNIL;;;;750
201400057450;14;5;28;2105;2;2;4;3;2;117;29, BOULEVARD PEREIRE;;;;750
201400057451;14;5;28;2005;5;2;1;1;5;118;62, RUE CUSTINE;;;;750
201400057452;14;5;29;105;5;2;5;1;6;117;RUE BAYEN;;;;750
201400057453;14;5;29;230;5;2;1;1;6;103;5bis, RUE FROISSART;;;;750
201400057454;14;5;31;1410;1;2;3;1;6;117;146, AVENUE DE CLICHY;;;;750
201400057455;14;6;1;1640;1;2;4;1;3;117;AVENUE DE LA PORTE DE SA;;;;750
201400057456;14;6;1;2150;2;2;7;1;3;116;PLACE DE COLOMBIE;;;;750
201400057457;14;6;2;2125;5;2;2;1;3;104;BOULEVARD DU PALAIS;;;;750
201400057458;14;6;3;5;5;2;1;1;6;107;65, QUAI BRANLY;;;;750
201400057459;14;6;4;145;5;2;4;2;3;114;165, AVENUE DU MAINE;;;;750
201400057460;14;6;4;659;1;2;3;2;6;119;42, RUE D AUBERVILLIERS;;;;750
201400057461;14;6;4;945;1;2;1;2;4;108;VOIE GEORGES POMPIDOU;;;;750
201400057462;14;6;6;925;1;2;1;1;6;105;BOULEVARD SAINT MICHEL;;;;750
201400057463;14;6;6;1155;1;2;1;1;3;109;35, RUE DU FAUBOURG POIS;;;;750
201400057464;14;6;6;2355;5;2;7;1;6;108;BOULEVARD DE LA MADELEIN;;;;750
201400057465;14;6;7;400;5;2;1;1;6;114;00, PLACE DU VINGT CINQ;;;;750
201400057466;14;6;7;450;5;2;1;1;6;113;51, BOULEVARD AUGUSTE BL;;;;750
201400057467;14;6;7;1415;1;2;5;1;6;117;55, AVENUE DE SAINT OUEN;;;;750
201400057468;14;6;8;415;5;2;7;3;6;119;PLACE AUGUSTE BARON;;;;750
201400057469;14;6;7;2210;1;2;4;1;6;112;PORTE DE VINCENNES;;;;750
201400057470;14;6;9;135;5;2;1;1;2;113;12, AVENUE PIERRE MENDES;;;;750
201400057471;14;6;11;40;5;2;3;1;5;118;16-18, AVENUE DE CLICHY;;;;750
201400057472;14;6;11;1010;1;2;1;1;6;118;109, RUE ORDENER;;;;750
201400057473;14;6;11;1340;1;2;1;1;6;118;14, BOULEVARD BARBES;;;;750
201400057474;14;6;11;1525;1;2;1;1;6;117;20, RUE TOULOUSE LAUTREC;;;;750
201400057475;14;6;11;1900;1;2;1;1;6;118;84, BOULEVARD NEY;;;;750
201400057476;14;6;13;925;1;2;2;1;1;115;0, RUE DE VOUILLE;;;;750
201400057477;14;6;15;150;5;2;5;1;1;117;BOULEVARD BERTHIER;;;;750
201400057478;14;6;16;1530;1;2;5;1;1;111;AVENUE DE LA REPUBLIQUE;;;;750
201400057479;14;6;17;435;5;2;1;1;6;101;228, RUE DE RIVOLI;;;;750
201400057480;14;6;17;1210;1;2;1;1;4;117;BOULEVARD PERIPHERIQUE E;;;;750
201400057481;14;6;17;1420;1;2;1;1;6;116;PLACE DE LA PORTE MAILLO;;;;750
201400057482;14;6;17;1840;1;2;1;1;2;118;92, BOULEVARD NEY;;;;750
201400057483;14;6;18;810;1;2;3;1;6;112;RUE DE DIJON;;;;750
201400057484;14;6;18;1440;1;2;2;1;6;113;0, RUE NATIONALE;;;;750
201400057485;14;6;18;1728;1;2;1;1;7;118;BOULEVARD PERIPHERIQUE I;;;;750
201400057486;14;6;19;1800;1;2;1;1;6;120;108, COURS DE VINCENNES;;;;750
201400057487;14;6;20;2150;5;2;2;1;6;110;RUE DU FAUBOURG SAINT MA;;;;750
201400057488;14;6;22;1805;1;2;1;1;6;119;171, BOULEVARD SERURIER;;;;750
201400057489;14;6;23;345;5;2;1;1;2;112;AVENUE DE NOGENT;;;;750
201400057490;14;6;23;1225;1;2;2;1;3;120;AVENUE DE LA PORTE DE VI;;;;750
201400057491;14;6;23;1905;1;2;7;1;6;114;97, AVENUE DENFERT ROCHE;;;;750
201400057492;14;6;24;1025;1;2;3;1;2;106;15, QUAI MALAQUAIS;;;;750
201400057493;14;6;24;2350;5;2;1;1;6;113;BOULEVARD PERIPHERIQUE;;;;750
201400057494;14;6;25;130;5;2;3;1;6;114;232, BOULEVARD RASPAIL;;;;750
201400057495;14;6;25;1929;2;2;1;1;2;113;BOULEVARD PERIPHERIQUE;;;;750
201400057496;14;6;27;210;5;2;4;1;2;119;PORTE DE LA VILLETTE;;;;750
201400057497;14;6;28;2109;5;2;1;3;6;118;29, RUE BELLIARD;;;;750
201400057498;14;6;29;2330;5;2;1;1;6;119;47, RUE ARMAND CARREL;;;;750
201400057499;14;7;1;1711;1;2;5;1;6;113;127, BOULEVARD VINCENT A;;;;750
201400057500;14;7;1;2150;2;2;5;1;6;104;QUAI DE GESVRES;;;;750
201400057501;14;7;2;1;5;2;1;1;3;116;ALLEE DE LA REINE MARGUE;;;;750
201400057502;14;7;3;2240;5;2;2;1;2;112;AVENUE DAUMESNIL;;;;750
201400057503;14;7;4;45;5;2;4;1;6;112;AVENUE DU TREMBLAY;;;;750
201400057504;14;7;5;515;5;2;2;8;6;111;95, AVENUE PHILIPPE AUGU;;;;750
201400057505;14;7;9;1915;1;2;2;3;3;115;54, RUE DE VOUILLE;;;;750
201400057506;14;7;12;1715;1;2;4;1;6;117;1, AVENUE BRUNETIERE;;;;750
201400057507;14;7;19;157;5;2;2;1;3;110;S-8412, RUE LA FAYETTE;;;;750
201400057508;14;7;20;1408;1;2;7;1;3;116;PLACE DE BEYROUTH;;;;750
201400057509;14;7;20;1625;1;2;2;1;6;106;175, BOULEVARD SAINT GER;;;;750
201400057510;14;7;20;1750;1;2;1;1;6;118;BOULEVARD PERIPHERIQUE I;;;;750
201400057511;14;7;21;1650;1;2;3;1;3;117;168 bis, RUE CARDINET;;;;750
201400057512;14;7;24;1630;1;2;1;1;2;108;95, AVENUE DES CHAMPS EL;;;;750
201400057513;14;7;26;510;2;2;1;1;6;117;104, BOULEVARD MALESHERB;;;;750
201400057514;14;7;29;1210;1;2;2;1;3;104;RUE D ARCOLE;;;;750
201400057515;14;7;31;1815;1;2;1;1;6;119;BOULEVARD PERIPHERIQUE;;;;750
201400057516;14;8;1;1543;1;2;1;1;6;114;119, AVENUE DU GENERAL L;;;;750
201400057517;14;8;2;1620;1;2;2;1;3;116;63, AVENUE MOZART;;;;750
201400057518;14;8;2;1950;1;2;7;1;3;107;QUAI D ORSAY;;;;750
201400057519;14;8;3;1835;1;2;1;1;6;115;02-04, RUE LOUIS ARMAND;;;;750
201400057520;14;8;4;2235;5;2;2;1;3;116;ALLEE DE LONGCHAMP;;;;750
201400057521;14;8;5;1248;1;2;2;1;6;112;RUE PARROT;;;;750
201400057522;14;8;5;1950;1;2;1;1;6;114;13, RUE ALAIN;;;;750
201400057523;14;8;7;1745;1;2;1;1;2;112;BOULEVARD PERIPHERIQUE;;;;750
201400057524;14;8;8;20;5;2;1;1;6;120;BOULEVARD PERIPHERIQUE I;;;;750
201400057525;14;8;12;2025;2;2;1;1;6;109;2, BOULEVARD MONTMARTRE;;;;750
201400057526;14;8;13;315;5;2;2;1;6;120;AVENUE DE LA PORTE DE VI;;;;750
201400057527;14;8;13;1845;1;2;1;1;7;114;AVENUE ERNEST REYER;;;;750
201400057528;14;8;16;1620;1;2;6;1;6;118;38, BOULEVARD DE ROCHECH;;;;750
201400057529;14;8;18;1930;1;2;1;1;6;113;28, BOULEVARD VINCENT AU;;;;750
201400057530;14;8;23;630;2;2;2;1;3;113;BOULEVARD MASSENA;;;;750
201400057531;14;8;24;420;5;2;3;1;3;113;QUAI DE LA GARE;;;;750
201400057532;14;8;26;754;1;2;1;1;2;119;BOULEVARD PERIPHERIQUE I;;;;750
201400057533;14;8;26;1412;1;2;1;1;6;102;67, RUE REAUMUR;;;;750
201400057534;14;8;27;225;4;2;4;1;7;120;BOULEVARD PERIPHERIQUE I;;;;750
201400057535;14;8;27;945;1;2;2;1;6;115;/, QUAI DE GRENELLE;;;;750
201400057536;14;8;27;1600;1;2;4;1;6;116;PORTE MAILLOT;;;;750
201400057537;14;8;28;810;1;2;2;1;3;105;2, RUE LINNE;;;;750
201400057538;14;8;29;1525;1;2;2;1;2;115;37, AVENUE DE LOWENDAL;;;;750
201400057539;14;8;30;1355;1;2;2;1;6;108;24, RUE DE VIENNE;;;;750
201400057540;14;8;30;1730;1;2;1;1;6;120;15, RUE DU LIEUTENANT CH;;;;750
201400057541;14;8;31;1500;1;2;1;1;6;119;68, RUE MANIN;;;;750
201400057542;14;8;31;2122;5;2;7;1;3;119;/, PLACE SKANDERBEG;;;;750
201400057543;14;9;2;210;5;2;3;1;1;112;56, RUE DU FAUBOURG SAIN;;;;750
201400057544;14;9;3;1711;1;2;1;1;6;116;BOULEVARD PERIPHERIQUE E;;;;750
201400057545;14;9;4;545;5;2;4;1;6;112;BOULEVARD PERIPHERIQUE;;;;750
201400057546;14;9;4;1225;1;2;1;1;6;112;54, AVENUE DAUMESNIL;;;;750
201400057547;14;9;4;1500;1;2;2;1;6;115;RUE LECOURBE;;;;750
201400057548;14;9;4;1530;1;2;5;1;6;117;167, BOULEVARD PEREIRE;;;;750
201400057549;14;9;7;1830;1;2;2;1;3;107;BOULEVARD SAINT GERMAIN;;;;750
201400057550;14;9;9;25;5;2;2;1;3;105;--, QUAI DE LA TOURNELLE;;;;750
201400057551;14;9;10;1740;1;2;2;1;3;116;56, AVENUE THEOPHILE GAU;;;;750
201400057552;14;9;10;2240;5;2;1;1;6;108;VOIE GEORGES POMPIDOU;;;;750
201400057553;14;9;11;200;5;2;1;1;6;114;BOULEVARD PERIPHERIQUE I;;;;750
201400057554;14;9;12;5;5;2;4;1;6;107;02, RUE MONTALEMBERT;;;;750
201400057555;14;9;12;645;2;2;2;1;6;118;2, RUE ORDENER;;;;750
201400057556;14;9;12;1640;1;2;2;1;6;119;122, AVENUE DE FLANDRE;;;;750
201400057557;14;9;13;240;5;2;5;1;3;112;AVENUE DE NOGENT   VINCE;;;;750
201400057558;14;9;15;1729;1;2;1;1;6;119;202, AVENUE JEAN JAURES;;;;750
201400057559;14;9;15;1900;1;2;7;1;6;106;147, BOULEVARD RASPAIL;;;;750
201400057560;14;9;17;745;1;2;1;1;6;115;119, RUE DE LA CROIX NIV;;;;750
201400057561;14;9;17;1510;1;2;7;1;2;108;11, AVENUE MONTAIGNE;;;;750
201400057562;14;9;18;2340;5;2;2;1;2;117;67, RUE LA CONDAMINE;;;;750
201400057563;14;9;19;813;1;2;5;1;6;112;19, RUE JULES CESAR;;;;750
201400057564;14;9;20;545;5;2;3;1;3;114;130, AVENUE DU GENERAL L;;;;750
201400057565;14;9;21;1845;1;2;1;1;6;120;98, RUE DE MENILMONTANT;;;;750
201400057566;14;9;22;1400;1;2;1;1;6;119;108, AVENUE DE FLANDRE;;;;750
201400057567;14;9;23;105;5;2;1;1;6;110;96, BOULEVARD DE MAGENTA;;;;750