num_acc;an;mois;jour;hrmn;lum;agg;int;atm;col;com;adr;gps;lat;long;dep
201400057568;14;9;23;1555;1;2;2;1;3;119;98, AVENUE SIMON BOLIVAR;;;;750
201400057569;14;9;23;2000;5;2;1;1;6;112;PORTE DE CHARENTON;;;;750
201400057570;14;9;24;5;5;2;2;1;3;116;51, RUE MOLITOR;;;;750
201400057571;14;9;26;752;1;2;1;1;4;118;4, BOULEVARD NEY;;;;750
201400057572;14;9;26;855;1;2;7;1;3;116;1, PLACE DE LA PORTE MAI;;;;750
201400057573;14;9;27;230;5;2;2;5;3;110;31, RUE BICHAT;;;;750
201400057574;14;9;30;1510;1;2;4;1;7;116;PORTE DE SAINT CLOUD;;;;750
201400057575;14;10;1;346;5;2;1;1;7;115;02-04, RUE DU COMMERCE;;;;750
201400057576;14;10;2;300;4;2;2;1;6;119;AVENUE DE LA PORTE CHAUM;;;;750
201400057577;14;10;2;950;1;2;1;1;3;102;45, AVENUE DE L OPERA;;;;750
201400057578;14;10;3;415;5;2;2;1;6;116;ALLEE DE LONGCHAMP;;;;750
201400057579;14;10;3;726;2;2;2;1;3;116;47, BOULEVARD SUCHET;;;;750
201400057580;14;10;3;815;1;2;1;1;6;119;124, RUE COMPANS;;;;750
201400057581;14;10;5;636;2;2;5;1;6;112;BOULEVARD PONIATOWSKI;;;;750
201400057582;14;10;5;1930;5;2;1;1;6;102;95, BOULEVARD DE SEBASTO;;;;750
201400057583;14;10;6;2100;5;2;1;3;6;110;96, BOULEVARD DE MAGENTA;;;;750
201400057584;14;10;6;2100;3;2;4;2;3;118;AVENUE DE LA PORTE DE CL;;;;750
201400057585;14;10;9;150;5;2;1;1;2;113;BOULEVARD PERIPHERIQUE;;;;750
201400057586;14;10;10;430;5;2;2;1;3;116;ALLEE DE LONGCHAMP;;;;750
201400057587;14;10;11;708;5;2;3;2;6;118;38, AVENUE DE LA PORTE D;;;;750
201400057588;14;10;11;2110;5;2;2;1;3;114;RUE FROIDEVAUX;;;;750
201400057589;14;10;12;420;5;2;1;1;3;117;6, BOULEVARD DU BOIS LE;;;;750
201400057590;14;10;14;1220;1;2;1;1;3;112;PORTE DOREE;;;;750
201400057591;14;10;14;1700;1;2;3;1;6;118;33, RUE DE LA CHAPELLE;;;;750
201400057592;14;10;14;1950;5;2;2;1;5;108;92, AVENUE DES CHAMPS EL;;;;750
201400057593;14;10;18;215;5;2;1;1;3;112;AVENUE DE NOGENT;;;;750
201400057594;14;10;18;437;5;2;2;1;1;105;QUAI SAINT BERNARD;;;;750
201400057595;14;10;20;1910;5;2;2;1;6;105;63, BOULEVARD SAINT MICH;;;;750
201400057596;14;10;20;1855;5;2;1;1;6;120;108, COURS DE VINCENNES;;;;750
201400057597;14;10;22;630;1;2;5;1;3;102;RUE DU QUATRE SEPTEMBRE;;;;750
201400057598;14;10;26;42;5;2;2;1;4;110;BOULEVARD DE MAGENTA;;;;750
201400057599;14;10;27;1735;5;2;1;1;4;112;BOULEVARD PERIPHERIQUE I;;;;750
201400057600;14;10;27;2240;5;2;2;1;6;117;17, RUE GUY MOQUET;;;;750
201400057601;14;10;28;1910;5;2;3;1;6;104;08, RUE DE RIVOLI;;;;750
201400057602;14;10;31;2005;5;2;4;1;6;114;161, AVENUE DU MAINE;;;;750
201400057603;14;11;2;335;5;2;2;1;5;117;132, RUE DE COURCELLES;;;;750
201400057604;14;11;4;855;1;2;5;1;6;116;81, AVENUE KLEBER;;;;750
201400057605;14;11;5;719;5;2;4;1;3;107;21, BOULEVARD DES INVALI;;;;750
201400057606;14;11;5;1805;5;2;1;1;6;113;07, BOULEVARD DU GENERAL;;;;750
201400057607;14;11;6;358;5;2;1;1;6;117;26, AVENUE DES TERNES;;;;750
201400057608;14;11;6;530;2;2;1;1;6;116;ALLEE DE LA REINE MARGUE;;;;750
201400057609;14;11;8;915;1;2;3;1;6;114;19, AVENUE DE LA PORTE D;;;;750
201400057610;14;11;10;1730;5;2;1;1;6;115;34, RUE BALARD;;;;750
201400057611;14;11;14;2010;5;2;2;1;1;111;28, BOULEVARD VOLTAIRE;;;;750
201400057612;14;11;14;2342;5;2;1;1;2;120;BOULEVARD PERIPHERIQUE;;;;750
201400057613;14;11;15;1225;1;2;1;1;7;112;RUE PROUDHON;;;;750
201400057614;14;11;19;1013;1;2;1;1;3;117;81, AVENUE DES TERNES;;;;750
201400057615;14;11;19;1740;1;2;1;1;6;109;16, RUE AUBER;;;;750
201400057616;14;11;20;201;5;2;1;1;2;119;BOULEVARD PERIPHERIQUE I;;;;750
201400057617;14;11;20;1740;2;2;2;1;6;119;10, AVENUE JEAN JAURES;;;;750
201400057618;14;11;21;830;1;2;4;1;6;118;BOULEVARD PERIPHERIQUE I;;;;750
201400057619;14;11;23;1902;5;2;1;1;3;116;46, AVENUE DU PRESIDENT;;;;750
201400057620;14;11;24;1730;5;2;2;1;6;112;17, RUE LOUIS BRAILLE;;;;750
201400057621;14;11;25;845;1;2;2;1;3;117;98, AVENUE DE CLICHY;;;;750
201400057622;14;11;27;27;5;2;1;1;6;114;BOULEVARD PERIPHERIQUE;;;;750
201400057623;14;11;27;805;1;2;2;1;3;111;101, BOULEVARD RICHARD L;;;;750
201400057624;14;11;28;725;1;2;2;1;3;102;RUE DAUNOU;;;;750
201400057625;14;11;28;1335;1;2;2;1;6;120;2, AVENUE LEON GAUMONT;;;;750
201400057626;14;11;29;350;5;2;7;1;6;109;PLACE SAINT GEORGES;;;;750
201400057627;14;11;29;2137;5;2;7;1;3;102;/, PLACE DE L OPERA;;;;750
201400057628;14;11;30;118;5;2;2;1;3;118;/, BOULEVARD DE LA CHAPE;;;;750
201400057629;14;11;30;2100;5;2;2;1;3;115;RUE GRAMME;;;;750
201400057630;14;12;3;1505;1;2;2;1;6;118;58, BOULEVARD DE LA CHAP;;;;750
201400057631;14;12;3;2200;5;2;3;1;3;118;RUE DE L EVANGILE;;;;750
201400057632;14;12;4;855;1;2;2;1;3;116;AVENUE EDOUARD VAILLANT;;;;750
201400057633;14;12;4;1755;5;2;1;1;3;119;45, RUE DE BELLEVILLE;;;;750
201400057634;14;12;6;630;5;2;1;1;6;118;BOULEVARD PERIPHERIQUE;;;;750
201400057635;14;12;8;850;1;2;7;1;3;120;1, AVENUE DU DOCTEUR GLE;;;;750
201400057636;14;12;9;1830;5;2;1;1;6;114;BOULEVARD PERIPHERIQUE E;;;;750
201400057637;14;12;10;1330;1;2;2;2;2;116;AVENUE DU MAHATMA GANDHI;;;;750
201400057638;14;12;10;1630;5;2;1;2;6;102;19, BOULEVARD POISSONNIE;;;;750
201400057639;14;12;13;544;5;2;4;2;6;110;BOULEVARD DE MAGENTA;;;;750
201400057640;14;12;17;1750;5;2;1;1;6;116;6 TER, BOULEVARD D AUTEU;;;;750
201400057641;14;12;17;2130;5;2;2;2;1;105;50, BOULEVARD SAINT MARC;;;;750
201400057642;14;12;18;936;1;2;1;2;5;118;53, RUE MARX DORMOY;;;;750
201400057643;14;12;18;1400;1;2;1;1;3;115;50, RUE DE VOUILLE;;;;750
201400057644;14;12;18;2310;5;2;1;1;3;117;11, BOULEVARD BERTHIER;;;;750
201400057645;14;12;19;1405;1;2;2;2;6;115;163, RUE DE LA CROIX NIV;;;;750
201400057646;14;12;19;2115;5;2;1;1;6;112;ROUTE DE CEINTURE DU LAC;;;;750
201400057647;14;12;19;2200;5;2;1;1;3;119;BOULEVARD PERIPHERIQUE;;;;750
201400057648;14;12;20;1230;1;2;1;1;2;116;70, QUAI LOUIS BLERIOT;;;;750
201400057649;14;12;21;259;5;2;1;1;6;114;1, AVENUE PIERRE MASSE;;;;750
201400057650;14;12;21;1625;1;2;1;1;6;106;23, BOULEVARD DU MONTPAR;;;;750
201400057651;14;12;21;2130;5;2;7;1;1;103;13, PLACE DE LA REPUBLIQ;;;;750
201400057652;14;12;23;2140;5;2;1;1;6;120;PORTE DES LILAS;;;;750
201400057653;14;12;24;2200;5;2;2;1;6;117;/, BOULEVARD DES BATIGNO;;;;750
201400057654;14;12;26;1533;1;2;1;1;6;107;264, BOULEVARD SAINT GER;;;;750
201400057655;14;12;27;2125;5;2;3;1;2;112;171, AVENUE DAUMESNIL;;;;750
201400057656;14;12;28;52;5;2;1;1;6;120;129, BOULEVARD DAVOUT;;;;750
201400057657;14;12;28;1524;1;2;5;1;3;112;BOULEVARD PONIATOWSKI;;;;750
201400057658;14;12;29;535;5;2;2;1;3;105;1, QUAI SAINT MICHEL;;;;750
201400057659;14;1;1;150;5;2;4;1;6;119;BOULEVARD PERIPHERIQUE I;;;;750
201400057660;14;1;1;610;5;2;1;1;6;117;PORTE DE CLICHY;;;;750
201400057661;14;1;2;900;1;2;1;1;6;120;ECHANGEUR BAGNOLET;;;;750
201400057662;14;1;2;1740;5;2;1;1;4;117;PORTE DE SAINT OUEN;;;;750
201400057663;14;1;2;1520;1;2;1;1;4;116;PORTE DE SAINT CLOUD;;;;750
201400057664;14;1;4;510;5;2;1;1;6;119;PORTE DE PANTIN;;;;750
201400057665;14;1;4;1650;2;2;4;1;6;120;PORTE DE BAGNOLET;;;;750
201400057666;14;1;5;1420;1;2;1;1;4;112;ECHANGEUR BERCY;;;;750
201400057667;14;1;5;1950;5;2;4;1;7;114;PORTE DE CHATILLON;;;;750
201400057668;14;1;6;640;5;2;4;1;4;113;PORTE D IVRY;;;;750
201400057669;14;1;6;735;5;2;1;1;3;115;PORTE DE LA PLAINE;;;;750
201400057670;14;1;6;1300;1;2;1;1;6;119;PORTE DES LILAS;;;;750
201400057671;14;1;7;825;1;2;4;1;6;117;PORTE DE CHAMPERRET;;;;750
201400057672;14;1;7;1655;1;2;1;1;2;120;PORTE DE BAGNOLET;;;;750
201400057673;14;1;7;1835;5;2;1;1;2;112;ECHANGEUR BERCY;;;;750
201400057674;14;1;8;1;5;2;1;1;3;112;ECHANGEUR BERCY;;;;750
201400057675;14;1;8;1120;1;2;1;1;4;113;QUAI D IVRY;;;;750
201400057676;14;1;8;1415;1;2;1;1;4;112;PORTE DE CHARENTON;;;;750
201400057677;14;1;8;1440;1;2;1;1;3;113;QUAI D IVRY;;;;750
201400057678;14;1;10;1535;1;2;1;1;4;115;PORTE DE SEVRES;;;;750
201400057679;14;1;14;800;2;2;1;2;7;113;PORTE D ITALIE;;;;750
201400057680;14;1;14;1000;1;2;1;2;2;119;PORTE DE LA VILLETTE;;;;750
201400057681;14;1;14;905;1;2;1;1;2;119;PORTE D AUBERVILLIERS;;;;750
201400057682;14;1;15;830;1;2;1;2;7;112;PORTE DE CHARENTON;;;;750
201400057683;14;1;16;1000;1;2;1;2;3;119;PORTE DES LILAS;;;;750
201400057684;14;1;17;850;1;2;1;1;2;115;PORTE BRANCION;;;;750
201400057685;14;1;17;1155;1;2;1;1;2;120;PORTE DE BAGNOLET;;;;750
201400057686;14;1;18;1915;5;2;1;1;3;114;PORTE D ORLEANS;;;;750
201400057687;14;1;20;1240;1;2;1;2;4;114;PORTE DE CHATILLON;;;;750
201400057688;14;1;21;1725;5;2;1;1;6;118;PORTE DE SAINT OUEN;;;;750
201400057689;14;1;22;1250;5;2;1;1;6;116;PORTE D AUTEUIL;;;;750
201400057690;14;1;23;1540;1;2;1;2;6;120;PORTE DES LILAS;;;;750
201400057691;14;1;24;900;1;2;1;1;3;113;QUAI D IVRY;;;;750
201400057692;14;1;24;2310;5;2;1;1;2;120;PORTE DE BAGNOLET;;;;750
201400057693;14;1;25;1245;1;2;1;1;6;120;PORTE DE BAGNOLET;;;;750
201400057694;14;1;26;115;5;2;1;1;2;113;PORTE D ITALIE;;;;750
201400057695;14;1;26;1830;5;2;1;2;4;112;PORTE DE CHARENTON;;;;750
201400057696;14;1;28;1715;5;2;1;1;2;117;PORTE D ASNIERES;;;;750
201400057697;14;1;28;1800;5;2;1;1;3;113;PORTE D IVRY;;;;750
201400057698;14;1;28;2215;5;2;1;2;6;112;PORTE DE CHARENTON;;;;750
201400057699;14;1;29;915;1;2;4;2;2;116;PORTE DE SAINT CLOUD;;;;750
201400057700;14;1;30;1000;1;2;1;1;6;113;PORTE D ITALIE;;;;750
201400057701;14;1;30;1700;2;2;1;1;2;120;PORTE DE BAGNOLET;;;;750
201400057702;14;1;31;920;1;2;1;1;2;115;PORTE BRANCION;;;;750
201400057703;14;2;1;1315;1;2;1;1;6;120;PORTE DE BAGNOLET;;;;750
201400057704;14;2;1;2125;5;2;1;1;4;120;PORTE DE MONTREUIL;;;;750
201400057705;14;2;2;700;5;2;1;1;6;113;PORTE D IVRY;;;;750
201400057706;14;2;3;610;2;2;1;1;4;113;PORTE D IVRY;;;;750
201400057707;14;2;3;850;1;2;1;1;2;117;PORTE D ASNIERES;;;;750
201400057708;14;2;4;1040;1;2;1;1;2;119;PORTE D AUBERVILLIERS;;;;750
201400057709;14;2;4;1250;1;2;1;1;6;117;PORTE DE CHAMPERRET;;;;750
201400057710;14;2;5;730;1;2;1;1;3;120;PORTE DE MONTREUIL;;;;750
201400057711;14;2;5;745;1;2;1;1;7;113;PORTE D IVRY;;;;750
201400057712;14;2;5;1215;1;2;4;1;7;113;PORTE D IVRY;;;;750
201400057713;14;2;5;1810;5;2;1;1;4;120;PORTE DE BAGNOLET;;;;750
201400057714;14;2;5;1950;5;2;1;1;2;118;PORTE DE LA CHAPELLE;;;;750
201400057715;14;2;6;1800;2;2;1;1;6;113;PORTE D IVRY;;;;750
201400057716;14;2;6;1920;5;2;4;1;3;116;PORTE D AUTEUIL;;;;750
201400057717;14;2;8;1025;1;2;1;1;4;114;PORTE D ORLEANS;;;;750
201400057718;14;2;8;1920;5;2;1;1;2;112;PORTE DE CHARENTON;;;;750
201400057719;14;2;10;630;5;2;1;1;2;117;PORTE MAILLOT;;;;750
201400057720;14;2;11;855;1;2;1;1;2;119;PORTE DE LA VILLETTE;;;;750
201400057721;14;2;11;1450;1;2;4;1;2;120;PORTE DE VINCENNES;;;;750
201400057722;14;2;12;915;1;2;1;1;4;113;PORTE D ITALIE;;;;750
201400057723;14;2;13;31;5;2;1;1;3;117;PORTE DE SAINT OUEN;;;;750
201400057724;14;2;13;115;4;2;1;1;7;120;ECHANGEUR BAGNOLET;;;;750
201400057725;14;2;13;1325;1;2;1;1;3;113;BOULEVARD PERIPHERIQUE;;;;750
201400057726;14;2;13;1333;1;2;1;3;4;119;PORTE DE LA VILLETTE;;;;750
201400057727;14;2;14;830;1;2;1;2;2;114;PORTE D ORLEANS;;;;750
201400057728;14;2;14;1235;1;2;1;2;2;118;PORTE DE CLIGNANCOURT;;;;750
201400057729;14;2;14;1620;1;2;1;1;7;115;PORTE BRANCION;;;;750
201400057730;14;2;16;1330;1;2;1;1;2;113;PORTE D IVRY;;;;750
201400057731;14;2;18;1245;1;2;4;1;4;118;PORTE DE CLIGNANCOURT;;;;750
201400057732;14;2;19;845;1;2;1;2;6;120;ECHANGEUR BAGNOLET;;;;750
201400057733;14;2;19;2305;5;2;4;1;5;115;ECHANGEUR ISSY;;;;750
201400057734;14;2;20;1710;1;2;1;2;3;112;ECHANGEUR BERCY;;;;750
201400057735;14;2;20;2050;5;2;4;2;6;117;PORTE DE CHAMPERRET;;;;750
201400057736;14;2;21;1745;2;2;1;1;4;115;PORTE BRANCION;;;;750
201400057737;14;2;21;2330;5;2;1;1;3;112;BOULEVARD PERIPHERIQUE E;;;;750
201400057738;14;2;23;1320;1;2;1;1;2;116;ECHANGEUR MUETTE;;;;750
201400057739;14;2;24;1650;1;2;4;1;3;120;PORTE DES LILAS;;;;750
201400057740;14;2;25;925;1;2;1;1;6;120;PORTE DES LILAS;;;;750
201400057741;14;2;25;1240;1;2;1;1;4;113;PORTE D ITALIE;;;;750
201400057742;14;2;26;1000;1;2;1;1;4;113;PORTE D ITALIE;;;;750
201400057743;14;2;27;845;1;2;1;2;7;120;PORTE DE BAGNOLET;;;;750
201400057744;14;2;27;1045;1;2;1;2;2;116;ECHANGEUR MUETTE;;;;750
201400057745;14;2;27;1645;1;2;1;1;4;112;PORTE DOREE;;;;750
201400057746;14;2;28;905;1;2;1;2;7;113;PORTE D ITALIE;;;;750
201400057747;14;2;28;1710;1;2;1;2;4;116;PORTE DAUPHINE;;;;750
201400057748;14;3;1;140;3;2;1;1;6;116;ECHANGEUR MAILLOT;;;;750
201400057749;14;3;2;1330;1;2;1;1;3;114;PORTE DE CHATILLON;;;;750
201400057750;14;3;3;815;1;2;1;1;7;119;PORTE DES LILAS;;;;750
201400057751;14;3;3;2010;5;2;4;1;7;116;PORT D AUTEUIL;;;;750
201400057752;14;3;4;1340;1;2;1;1;6;113;PORTE D IVRY;;;;750
201400057753;14;3;4;1610;1;2;1;1;7;117;PORTE DE CLICHY;;;;750
201400057754;14;3;5;115;5;2;1;1;3;112;ECHANGEUR BERCY;;;;750
201400057755;14;3;6;735;1;2;1;1;4;120;PORTE DES LILAS;;;;750
201400057756;14;3;6;1200;1;2;1;1;3;113;PORTE D ITALIE;;;;750
201400057757;14;3;6;1540;1;2;1;1;7;120;PORTE DE BAGNOLET;;;;750
201400057758;14;3;7;750;1;2;1;1;7;118;BOULEVARD PERIPHERIQUE;;;;750
201400057759;14;3;7;2045;5;2;1;1;4;112;QUAI DE BERCY;;;;750
201400057760;14;3;8;1620;1;2;1;1;4;118;PORTE DE LA CHAPELLE;;;;750
201400057761;14;3;9;1240;1;2;1;1;6;113;QUAI D IVRY;;;;750
201400057762;14;3;10;855;1;2;1;1;2;114;PORTE DE GENTILLY;;;;750
201400057763;14;3;10;1220;1;2;1;1;3;114;PORTE D ORLEANS;;;;750
201400057764;14;3;11;900;1;2;1;1;2;116;PORTE D AUTEUIL;;;;750
201400057765;14;3;11;1625;1;2;1;1;3;112;ECHANGEUR BERCY;;;;750
201400057766;14;3;12;1725;1;2;1;1;2;119;PORTE DE LA VILLETTE;;;;750
201400057767;14;3;13;1430;1;2;1;7;4;115;PORTE DE VERSAILLES;;;;750
201400057768;14;3;14;1900;5;2;1;1;3;114;PORTE D ORLEANS;;;;750
201400057769;14;3;14;1845;2;2;1;1;4;117;PORTE DE CHAMPERRET;;;;750
201400057770;14;3;14;2145;5;2;1;1;6;120;PORTE DE MONTREUIL;;;;750
201400057771;14;3;15;1700;1;2;1;1;6;119;PORTE D AUBERVILLIERS;;;;750
201400057772;14;3;16;1700;1;2;1;1;2;119;PORTE DE PANTIN;;;;750
201400057773;14;3;17;910;1;2;1;1;6;115;PORTE DE SEVRES;;;;750
201400057774;14;3;20;735;1;2;1;1;3;113;PORTE D ITALIE;;;;750
201400057775;14;3;20;1700;1;2;1;1;4;112;PORTE DE SAINT MANDE;;;;750
201400057776;14;3;21;1240;1;2;1;1;3;120;PORTE DE MONTREUIL;;;;750
201400057777;14;3;22;1420;1;2;4;1;2;118;ECHANGEUR CHAPELLE;;;;750
201400057778;14;3;22;1655;1;2;1;1;7;114;PORTE D ORLEANS;;;;750
201400057779;14;3;23;355;5;2;4;1;6;114;BOULEVARD PERIPHERIQUE I;;;;750
201400057780;14;3;24;1145;1;2;4;1;2;115;PORTE BRANCION;;;;750
201400057781;14;3;24;1610;1;2;1;1;4;112;PORTE DE CHARENTON;;;;750
201400057782;14;3;24;2050;5;2;1;1;2;112;PORTE DOREE;;;;750
201400057783;14;3;24;2320;5;2;1;1;3;113;QUAI D IVRY;;;;750
201400057784;14;3;25;720;1;2;1;2;2;117;PORTE DE CHAMPERRET;;;;750
201400057785;14;3;25;1645;5;2;4;1;6;116;PORTE DE SAINT CLOUD;;;;750
201400057786;14;3;25;1930;5;2;1;1;7;117;PORTE DE CLICHY;;;;750
201400057787;14;3;26;918;1;2;1;1;7;117;PORTE DE SAINT OUEN;;;;750
201400057788;14;3;27;530;2;2;1;1;6;116;BOULEVARD PERIPHERIQUE I;;;;750
201400057789;14;3;27;715;1;2;1;1;3;113;QUAI D IVRY;;;;750
201400057790;14;3;28;1410;1;2;4;1;2;114;ECHANGEUR GENTILLY;;;;750
201400057791;14;3;29;1430;1;2;1;1;4;115;QUAI D ISSY LES MOULINEA;;;;750
201400057792;14;3;29;1900;5;2;1;1;2;117;PORTE DE CLICHY;;;;750
201400057793;14;3;30;1340;1;2;1;1;4;112;PORTE DE VINCENNES;;;;750
201400057794;14;3;31;1700;1;2;1;1;2;112;PORTE DE CHARENTON;;;;750
201400057795;14;4;3;1605;1;2;4;1;2;119;PORTE DES LILAS;;;;750
201400057796;14;4;4;1540;1;2;1;1;4;112;PORTE DE CHARENTON;;;;750
201400057797;14;4;4;1555;1;2;1;1;3;116;PORTE DE PASSY;;;;750
201400057798;14;4;5;1255;1;2;1;1;4;118;PORTE DE CLIGNANCOURT;;;;750
201400057799;14;4;5;1200;1;2;1;1;4;112;PORTE DE CHARENTON;;;;750
201400057800;14;4;6;1100;1;2;1;8;2;120;PORTE DES LILAS;;;;750
201400057801;14;4;6;1300;1;2;1;1;6;119;PORTE DES LILAS;;;;750
201400057802;14;4;7;2120;5;2;1;1;3;120;PORTE DE MONTREUIL;;;;750
201400057803;14;4;8;1620;1;2;1;1;2;120;ECHANGEUR BAGNOLET;;;;750
201400057804;14;4;9;815;1;2;1;1;3;118;PORTE DE LA CHAPELLE;;;;750
201400057805;14;4;9;1610;1;2;1;1;2;119;PORTE DE LA VILLETTE;;;;750
201400057806;14;4;9;2330;5;2;1;1;2;118;PORTE DE SAINT OUEN;;;;750
201400057807;14;4;10;810;1;2;1;1;7;115;ECHANGEUR ISSY;;;;750
201400057808;14;4;10;940;1;2;1;1;7;116;PORTE DE SAINT CLOUD;;;;750
201400057809;14;4;11;920;1;2;4;1;3;120;PORTE DE VINCENNES;;;;750
201400057810;14;4;11;1830;1;2;1;1;3;120;PORTE DE MONTREUIL;;;;750
201400057811;14;4;14;1335;1;2;1;1;3;113;PORTE D ITALIE;;;;750
201400057812;14;4;15;835;1;2;1;1;2;114;PORTE DE CHATILLON;;;;750
201400057813;14;4;15;1140;1;2;1;1;4;112;PORTE DE CHARENTON;;;;750
201400057814;14;4;16;1640;1;2;1;1;3;113;PORTE D ITALIE;;;;750
201400057815;14;4;16;2005;1;2;1;1;3;119;PORTE DE LA VILLETTE;;;;750
201400057816;14;4;17;800;1;2;1;1;2;118;PORTE DE SAINT OUEN;;;;750
201400057817;14;4;17;1210;1;2;1;1;3;113;PORTE D IVRY;;;;750
201400057818;14;4;17;1920;1;2;1;1;3;116;PORTE DAUPHINE;;;;750
201400057819;14;4;17;2120;5;2;1;1;4;118;PORTE DE CLIGNANCOURT;;;;750
201400057820;14;4;20;650;1;2;1;1;3;118;PORTE DE LA CHAPELLE;;;;750
201400057821;14;4;21;700;1;2;4;1;6;116;ECHANGEUR MUETTE;;;;750
201400057822;14;4;25;1650;1;2;1;1;6;113;PORTE D ITALIE;;;;750
201400057823;14;4;28;1015;1;2;1;1;3;113;PORTE D ITALIE;;;;750
201400057824;14;4;28;2300;5;2;1;1;4;120;PORTE DE BAGNOLET;;;;750
201400057825;14;4;29;750;1;2;4;1;5;112;ECHANGEUR BERCY;;;;750
201400057826;14;4;29;815;1;2;1;1;6;114;PORTE D ORLEANS;;;;750
201400057827;14;4;29;2055;5;2;1;2;4;112;ECHANGEUR BERCY;;;;750
201400057828;14;4;29;2325;5;2;1;3;6;112;ECHANGEUR BERCY;;;;750
201400057829;14;4;30;335;5;2;1;1;6;113;PORTE D ITALIE;;;;750
201400057830;14;4;30;900;1;2;1;1;4;117;PORTE DE SAINT OUEN;;;;750
201400057831;14;4;30;1855;2;2;1;1;2;114;PORTE DE GENTILLY;;;;750
201400057832;14;4;30;1950;2;2;1;1;3;118;PORTE DE SAINT OUEN;;;;750
201400057833;14;4;30;2050;5;2;1;1;2;117;PORTE DE SAINT OUEN;;;;750
201400057834;14;5;1;1510;1;2;1;2;6;118;ECHANGEUR CHAPELLE;;;;750
201400057835;14;5;2;1350;1;2;4;1;6;116;PORTE DE SAINT CLOUD;;;;750
201400057836;14;5;3;1315;1;2;4;1;2;120;PORTE DE MONTREUIL;;;;750
201400057837;14;5;5;835;1;2;1;1;3;112;PORTE DE CHARENTON;;;;750
201400057838;14;5;5;1900;1;2;1;1;2;118;PORTE DE SAINT OUEN;;;;750
201400057839;14;5;6;800;1;2;1;1;6;116;PORTE D AUTEUIL;;;;750
201400057840;14;5;7;2000;1;2;4;1;4;118;PORTE DE CLIGNANCOURT;;;;750
201400057841;14;5;9;600;2;2;1;1;4;119;PORTE DE PANTIN;;;;750
201400057842;14;5;9;2155;5;2;4;1;7;118;PORTE D AUBERVILLIERS;;;;750
201400057843;14;5;10;850;1;2;1;2;6;120;ECHANGEUR BAGNOLET;;;;750
201400057844;14;5;10;1030;1;2;1;2;6;118;PORTE DE SAINT OUEN;;;;750
201400057845;14;5;11;1450;1;2;1;1;2;112;PORTE DOREE;;;;750
201400057846;14;5;13;650;2;2;1;1;3;118;PORTE D AUBERVILLIERS;;;;750
201400057847;14;5;14;925;1;2;1;1;2;116;PORTE D AUTEUIL;;;;750
201400057848;14;5;15;830;1;2;4;1;3;117;PORTE DE CHAMPERRET;;;;750
201400057849;14;5;15;1220;1;2;1;1;3;112;ECHANGEUR BERCY;;;;750
201400057850;14;5;15;1720;1;2;1;1;2;116;PORTE DE PASSY;;;;750
201400057851;14;5;16;645;1;2;1;1;3;112;ECHANGEUR BERCY;;;;750
201400057852;14;5;16;905;1;2;1;1;4;112;PORTE DE CHARENTON;;;;750
201400057853;14;5;16;710;1;2;1;1;2;116;PORTE DAUPHINE;;;;750
201400057854;14;5;18;1100;1;2;1;7;6;119;PORTE DE LA VILLETTE;;;;750
201400057855;14;5;19;920;1;2;1;1;3;112;BOULEVARD PERIPHERIQUE;;;;750
201400057856;14;5;19;1220;1;2;1;1;4;117;PORTE D ASNIERES;;;;750
201400057857;14;5;19;1400;1;2;1;1;2;114;PORTE DE VANVES;;;;750
201400057858;14;5;20;735;1;2;4;1;3;112;ECHANGEUR BERCY;;;;750
201400057859;14;5;20;945;1;2;1;1;2;118;PORTE D AUBERVILLIERS;;;;750
201400057860;14;5;20;1420;1;2;4;3;6;112;PORTE DE CHARENTON;;;;750
201400057861;14;5;20;2015;1;2;1;2;4;120;ECHANGEUR LILAS;;;;750
201400057862;14;5;22;1905;1;2;1;1;2;112;PORTE DE SAINT MANDE;;;;750
201400057863;14;5;23;800;1;2;1;1;4;118;PORTE DE CLIGNANCOURT;;;;750
201400057864;14;5;23;1640;1;2;1;1;3;120;PORTE DE BAGNOLET;;;;750
201400057865;14;5;23;1810;1;2;1;1;3;112;PORTE DE VINCENNES;;;;750
201400057866;14;5;24;1710;1;2;1;3;6;120;BOULEVARD PERIPHERIQUE;;;;750
201400057867;14;5;26;820;1;2;1;2;4;116;PORTE DAUPHINE;;;;750
201400057868;14;5;26;1910;1;2;1;1;6;112;PORTE DOREE;;;;750
201400057869;14;5;27;855;1;2;1;1;2;116;PORTE MAILLOT;;;;750
201400057870;14;5;27;1735;1;2;1;1;3;114;PORTE DE GENTILLY;;;;750
201400057871;14;5;28;1800;1;2;1;1;2;117;PORTE DE SAINT OUEN;;;;750
201400057872;14;5;28;1500;1;2;1;1;5;112;PORTE DOREE;;;;750
201400057873;14;5;28;1600;1;2;1;1;3;113;PORTE D IVRY;;;;750
201400057874;14;5;31;1150;1;2;1;1;6;119;PORTE DE LA VILLETTE;;;;750
201400057875;14;5;31;1730;1;2;1;1;3;117;PORTE DE SAINT OUEN;;;;750
201400057876;14;6;1;1;2;2;1;1;2;113;QUAI D IVRY;;;;750
201400057877;14;6;1;1550;1;2;1;1;4;114;PORTE BRANCION;;;;750
201400057878;14;6;3;900;1;2;1;1;2;115;PORTE DE LA PLAINE;;;;750
201400057879;14;6;3;1525;1;2;4;1;3;113;PORTE D ITALIE;;;;750
201400057880;14;6;3;1720;1;2;1;1;3;117;PORTE DE SAINT OUEN;;;;750
201400057881;14;6;4;1000;1;2;1;2;4;114;PORTE BRANCION;;;;750
201400057882;14;6;4;1820;5;2;1;2;6;116;ECHANGEUR MAILLOT;;;;750
201400057883;14;6;6;815;1;2;1;1;3;116;ECHANGEUR MAILLOT;;;;750
201400057884;14;6;6;2025;1;2;4;1;6;112;ECHANGEUR BERCY;;;;750
201400057885;14;6;8;1320;1;2;1;1;7;118;PORTE DE LA CHAPELLE;;;;750
201400057886;14;6;10;645;1;2;1;1;2;119;ECHANGEUR AUBERVILLIERS;;;;750
201400057887;14;6;10;1605;1;2;1;2;7;119;PORTE DE PANTIN;;;;750
201400057888;14;6;11;810;1;2;1;1;2;118;PORTE DE LA CHAPELLE;;;;750
201400057889;14;6;11;1530;1;2;4;1;6;118;PORTE DE LA CHAPELLE;;;;750