num_acc;an;mois;jour;hrmn;lum;agg;int;atm;col;com;adr;gps;lat;long;dep
201400057890;14;6;12;2030;1;2;1;1;2;117;PORTE DE CHAMPERRET;;;;750
201400057891;14;6;12;2220;5;2;1;1;3;120;PORTE DE BAGNOLET;;;;750
201400057892;14;6;13;610;2;2;1;1;2;112;BOULEVARD PERIPHERIQUE E;;;;750
201400057893;14;6;13;1350;1;2;1;1;2;114;PORTE D ORLEANS;;;;750
201400057894;14;6;13;1945;1;2;1;1;2;112;PORTE DE SAINT MANDE;;;;750
201400057895;14;6;15;603;1;2;1;1;7;112;PORTE DE CHARENTON;;;;750
201400057896;14;6;16;750;1;2;1;1;3;120;PORTE DE BAGNOLET;;;;750
201400057897;14;6;16;1003;1;2;1;1;4;118;PORTE DE LA CHAPELLE;;;;750
201400057898;14;6;16;1150;1;2;1;1;2;118;PORTE DE LA CHAPELLE;;;;750
201400057899;14;6;18;1615;1;2;1;1;2;120;PORTE DE VINCENNES;;;;750
201400057900;14;6;18;1645;1;2;1;1;6;116;PORTE DE PASSY;;;;750
201400057901;14;6;19;1230;1;2;1;1;2;116;PORTE DE SAINT CLOUD;;;;750
201400057902;14;6;20;200;5;2;1;1;7;113;QUAI D IVRY;;;;750
201400057903;14;6;20;1145;1;2;1;1;3;117;PORTE D ASNIERES;;;;750
201400057904;14;6;20;1650;1;2;1;1;2;116;PORTE DE SAINT CLOUD;;;;750
201400057905;14;6;20;1950;1;2;1;1;3;116;ECHANGEUR MUETTE;;;;750
201400057906;14;6;21;1835;1;2;1;1;2;120;PORTE DE BAGNOLET;;;;750
201400057907;14;6;22;1705;1;2;1;1;2;116;ECHANGEUR MUETTE;;;;750
201400057908;14;6;23;1135;1;2;1;1;6;117;PORTE DE CLICHY;;;;750
201400057909;14;6;23;1411;1;2;1;1;4;120;PORTE DES LILAS;;;;750
201400057910;14;6;23;2200;5;2;1;1;2;116;PORTE DE SAINT CLOUD;;;;750
201400057911;14;6;24;215;5;2;1;1;3;119;PORTE DE LA VILLETTE;;;;750
201400057912;14;6;24;1435;1;2;1;1;3;112;PORTE DE CHARENTON;;;;750
201400057913;14;6;24;2243;5;2;1;1;4;112;PORTE DE CHARENTON;;;;750
201400057914;14;6;25;1300;1;2;1;1;6;120;ECHANGEUR BAGNOLET;;;;750
201400057915;14;6;26;1345;1;2;1;1;4;120;PORTE DES LILAS;;;;750
201400057916;14;6;26;1700;1;2;1;1;2;114;PORTE D ORLEANS;;;;750
201400057917;14;6;27;730;1;2;1;1;4;114;PORTE DE CHATILLON;;;;750
201400057918;14;6;27;1815;1;2;1;1;4;119;PORTE DU PRE SAINT GERVA;;;;750
201400057919;14;7;1;700;1;2;4;1;7;113;PORTE D ITALIE;;;;750
201400057920;14;7;1;1400;1;2;4;1;3;118;PORTE DE LA CHAPELLE;;;;750
201400057921;14;7;1;1930;1;2;1;1;3;117;PORTE DE CHAMPERRET;;;;750
201400057922;14;7;2;1430;1;2;1;1;6;116;PORTE D AUTEUIL;;;;750
201400057923;14;7;3;755;1;2;1;1;3;113;QUAI D IVRY;;;;750
201400057924;14;7;3;910;1;2;4;1;3;114;PORTE DE CHATILLON;;;;750
201400057925;14;7;5;50;5;2;4;1;2;113;PORTE D ITALIE;;;;750
201400057926;14;7;5;1455;1;2;4;2;4;118;ECHANGEUR CHAPELLE;;;;750
201400057927;14;7;5;1640;1;2;1;1;3;112;PORTE DOREE;;;;750
201400057928;14;7;5;2130;5;2;1;1;6;118;PORTE DE CLIGNANCOURT;;;;750
201400057929;14;7;7;1850;2;2;4;2;3;112;ECHANGEUR BERCY;;;;750
201400057930;14;7;8;930;1;2;1;2;6;118;ECHANGEUR CHAPELLE;;;;750
201400057931;14;7;9;830;1;2;1;2;2;120;ECHANGEUR BAGNOLET;;;;750
201400057932;14;7;9;1420;1;2;1;3;4;120;PORTE DES LILAS;;;;750
201400057933;14;7;9;1915;1;2;1;2;3;116;PORTE DAUPHINE;;;;750
201400057934;14;7;11;310;5;2;4;8;6;119;PORTE DE PANTIN;;;;750
201400057935;14;7;11;1350;1;2;4;2;3;113;QUAI D IVRY;;;;750
201400057936;14;7;12;1915;1;2;1;1;6;117;PORTE DE CHAMPERRET;;;;750
201400057937;14;7;15;610;1;2;1;1;6;119;PORTE DES LILAS;;;;750
201400057938;14;7;15;1525;1;2;1;1;6;113;PORTE D ITALIE;;;;750
201400057939;14;7;15;1755;1;2;1;1;3;115;PORTE BRANCION;;;;750
201400057940;14;7;15;2300;5;2;1;1;7;112;ECHANGEUR BERCY;;;;750
201400057941;14;7;16;125;4;2;1;1;3;118;PORTE D AUBERVILLIERS;;;;750
201400057942;14;7;16;925;1;2;4;1;7;114;PORTE DE CHATILLON;;;;750
201400057943;14;7;16;1640;1;2;1;1;4;118;PORTE DE CLIGNANCOURT;;;;750
201400057944;14;7;16;1430;1;2;1;1;2;113;QUAI D IVRY;;;;750
201400057945;14;7;16;1830;1;2;1;1;3;117;PORTE MAILLOT;;;;750
201400057946;14;7;16;2100;5;2;1;1;7;116;PORTE D AUTEUIL;;;;750
201400057947;14;7;17;845;1;2;1;1;2;117;PORTE DE SAINT OUEN;;;;750
201400057948;14;7;17;1200;1;2;1;1;6;112;AVENUE DE LA PORTE DE VI;;;;750
201400057949;14;7;18;1650;1;2;1;1;2;113;QUAI D IVRY;;;;750
201400057950;14;7;20;1445;1;2;1;1;6;116;ECHANGEUR MUETTE;;;;750
201400057951;14;7;21;1815;1;2;1;1;2;119;PORTE DE LA VILLETTE;;;;750
201400057952;14;7;23;645;1;2;1;1;6;115;PORTE DE LA PLAINE;;;;750
201400057953;14;7;23;1730;1;2;1;1;6;119;PORTE DE LA VILLETTE;;;;750
201400057954;14;7;24;1820;1;2;4;1;6;116;PORTE MAILLOT;;;;750
201400057955;14;7;26;1040;1;2;1;1;4;114;PORTE DE CHATILLON;;;;750
201400057956;14;7;26;1150;1;2;4;1;3;112;ECHANGEUR BERCY;;;;750
201400057957;14;7;26;1720;1;2;1;1;3;118;PORTE DE CLIGNANCOURT;;;;750
201400057958;14;7;28;1630;1;2;1;1;4;120;PORTE DES LILAS;;;;750
201400057959;14;7;28;1715;1;2;1;1;3;112;ECHANGEUR BERCY;;;;750
201400057960;14;7;28;1915;1;2;1;1;6;116;ECHANGEUR MAILLOT;;;;750
201400057961;14;7;30;715;1;2;1;1;4;113;PORTE DE GENTILLY;;;;750
201400057962;14;7;30;1530;1;2;1;1;3;120;PORTE DE MONTREUIL;;;;750
201400057963;14;7;30;1630;1;2;1;1;6;116;ECHANGEUR MUETTE;;;;750
201400057964;14;7;31;1510;1;2;1;1;2;120;PORTE DE VINCENNES;;;;750
201400057965;14;7;31;1650;1;2;1;1;6;113;PORTE D ITALIE;;;;750
201400057966;14;8;4;1245;1;2;4;1;2;120;ECHANGEUR BAGNOLET;;;;750
201400057967;14;8;5;1815;1;2;1;1;4;120;PORTE DE VINCENNES;;;;750
201400057968;14;8;6;1015;1;2;1;3;6;119;PORTE D AUBERVILLIERS;;;;750
201400057969;14;8;6;1040;1;2;1;3;7;116;ECHANGEUR MAILLOT;;;;750
201400057970;14;8;7;1845;1;2;1;2;2;112;PORTE DE CHARENTON;;;;750
201400057971;14;8;8;1830;1;2;1;2;7;113;PORTE D IVRY;;;;750
201400057972;14;8;9;1210;1;2;1;1;2;112;ECHANGEUR BERCY;;;;750
201400057973;14;8;12;2150;5;2;1;1;3;120;PORTE DE MONTREUIL;;;;750
201400057974;14;8;13;1750;1;2;1;1;4;116;PORTE DE SAINT CLOUD;;;;750
201400057975;14;8;14;1300;1;2;4;1;5;114;PORTE DE GENTILLY;;;;750
201400057976;14;8;14;1735;1;2;1;1;3;112;ECHANGEUR BERCY;;;;750
201400057977;14;8;14;1845;1;2;1;1;4;120;PORTE DE VINCENNES;;;;750
201400057978;14;8;17;1650;1;2;1;1;4;120;PORTE DE BAGNOLET;;;;750
201400057979;14;8;18;1800;1;2;1;1;3;116;PORTE MAILLOT;;;;750
201400057980;14;8;19;1015;1;2;1;1;6;116;PORTE MAILLOT;;;;750
201400057981;14;8;19;1220;1;2;1;1;3;118;PORTE D AUBERVILLIERS;;;;750
201400057982;14;8;19;1630;1;2;1;1;4;113;QUAI D IVRY;;;;750
201400057983;14;8;21;2000;5;2;1;1;2;120;PORTE DES LILAS;;;;750
201400057984;14;8;23;1730;1;2;1;1;2;118;ECHANGEUR CHAPELLE;;;;750
201400057985;14;8;24;1330;1;2;4;1;4;112;PORTE DE VINCENNES;;;;750
201400057986;14;8;24;1440;1;2;4;1;2;120;PORTE DE BAGNOLET;;;;750
201400057987;14;8;25;1755;1;2;1;2;2;112;PORTE DE CHARENTON;;;;750
201400057988;14;8;26;1930;1;2;1;2;3;117;PORTE DE CHAMPERRET;;;;750
201400057989;14;8;27;1115;1;2;1;1;4;113;PORTE D IVRY;;;;750
201400057990;14;8;28;1740;1;2;1;8;3;115;QUAI D ISSY LES MOULINEA;;;;750
201400057991;14;8;29;1010;1;2;1;8;2;117;PORTE DE CLICHY;;;;750
201400057992;14;8;31;1350;1;2;1;1;6;119;PORTE DES LILAS;;;;750
201400057993;14;8;31;1405;1;2;1;1;7;118;PORTE DE CLIGNANCOURT;;;;750
201400057994;14;9;1;745;1;2;1;1;2;119;PORTE DE PANTIN;;;;750
201400057995;14;9;2;1315;1;2;4;1;2;112;ECHANGEUR BERCY;;;;750
201400057996;14;9;2;1635;1;2;1;1;2;114;PORTE DE CHATILLON;;;;750
201400057997;14;9;3;1350;1;2;1;1;4;113;PORTE D ITALIE;;;;750
201400057998;14;9;4;1900;2;2;1;1;2;116;PORTE DAUPHINE;;;;750
201400057999;14;9;5;930;1;2;4;1;7;117;PORTE MAILLOT;;;;750
201400058000;14;9;5;900;1;2;4;1;6;117;PORTE MAILLOT;;;;750
201400058001;14;9;6;1639;1;2;4;1;3;112;ECHANGEUR BERCY;;;;750
201400058002;14;9;6;1610;1;2;1;1;2;118;PORTE DE CLIGNANCOURT;;;;750
201400058003;14;9;6;2006;5;2;1;1;3;120;PORTE DES LILAS;;;;750
201400058004;14;9;7;1715;1;2;1;1;2;114;PORTE D ORLEANS;;;;750
201400058005;14;9;7;1825;1;2;1;1;4;119;PORTE D AUBERVILLIERS;;;;750
201400058006;14;9;8;1005;1;2;1;1;2;113;PORTE D ITALIE;;;;750
201400058007;14;9;9;1345;1;2;1;1;7;114;PORTE DE CHATILLON;;;;750
201400058008;14;9;9;1430;1;2;1;1;2;117;PORTE DE CHAMPERRET;;;;750
201400058009;14;9;9;1915;2;2;1;1;6;117;PORTE DE CHAMPERRET;;;;750
201400058010;14;9;10;625;2;2;1;1;7;117;PORTE DE CLICHY;;;;750
201400058011;14;9;10;2330;5;2;4;1;3;112;ECHANGEUR BERCY;;;;750
201400058012;14;9;11;1455;1;2;1;1;3;117;PORTE DE CHAMPERRET;;;;750
201400058013;14;9;11;1715;1;2;1;1;2;113;PORTE DE GENTILLY;;;;750
201400058014;14;9;12;850;1;2;4;1;6;117;ECHANGEUR MAILLOT;;;;750
201400058015;14;9;12;850;1;2;1;1;2;119;PORTE DE PANTIN;;;;750
201400058016;14;9;13;1520;1;2;1;1;2;112;PORTE DE CHARENTON;;;;750
201400058017;14;9;13;2100;5;2;4;1;2;113;PORTE D ITALIE;;;;750
201400058018;14;9;13;2100;5;2;1;1;3;118;PORTE DE CLIGNANCOURT;;;;750
201400058019;14;9;14;340;5;2;1;1;4;117;PORTE DE CLICHY;;;;750
201400058020;14;9;14;520;2;2;4;1;6;117;PORTE DES TERNES;;;;750
201400058021;14;9;14;740;1;2;1;1;6;112;PORTE DE CHARENTON;;;;750
201400058022;14;9;14;900;1;2;1;1;2;117;PORTE DE CHAMPERRET;;;;750
201400058023;14;9;14;1920;2;2;4;1;6;117;PORTE DE CLICHY;;;;750
201400058024;14;9;14;1920;2;2;1;1;4;116;PORTE D AUTEUIL;;;;750
201400058025;14;9;15;1510;1;2;1;1;7;120;PORTE DE BAGNOLET;;;;750
201400058026;14;9;15;1620;1;2;1;1;2;114;PORTE DE CHATILLON;;;;750
201400058027;14;9;16;725;1;2;4;1;3;113;ECHANGEUR GENTILLY;;;;750
201400058028;14;9;16;845;1;2;1;1;2;114;PORTE DE VANVES;;;;750
201400058029;14;9;16;1420;1;2;4;1;7;116;ECHANGEUR AUTEUIL;;;;750
201400058030;14;9;16;1630;1;2;1;1;4;113;PORTE DE GENTILLY;;;;750
201400058031;14;9;17;850;1;2;1;1;2;116;PORTE DE SAINT CLOUD;;;;750
201400058032;14;9;17;2310;5;2;1;1;5;113;PORTE D ITALIE;;;;750
201400058033;14;9;18;750;1;2;1;1;7;115;PORTE DE SEVRES;;;;750
201400058034;14;9;18;1645;1;2;1;1;6;113;ECHANGEUR ITALIE;;;;750
201400058035;14;9;19;1425;1;2;1;1;4;117;PORTE DE CLICHY;;;;750
201400058036;14;9;19;1630;1;2;4;1;6;120;PORTE DE BAGNOLET;;;;750
201400058037;14;9;21;1830;1;2;1;1;6;113;PORTE D ITALIE;;;;750
201400058038;14;9;23;1510;1;2;1;1;3;113;QUAI D IVRY;;;;750
201400058039;14;9;23;1645;1;2;1;1;3;120;PORTE DE BAGNOLET;;;;750
201400058040;14;9;25;815;1;2;1;1;4;114;PORTE DE CHATILLON;;;;750
201400058041;14;9;25;1700;1;2;4;1;3;116;PORTE MAILLOT;;;;750
201400058042;14;9;25;2350;5;2;1;1;7;115;PORTE DE LA PLAINE;;;;750
201400058043;14;9;26;1125;1;2;1;1;2;116;PORTE DAUPHINE;;;;750
201400058044;14;9;26;1930;2;2;5;1;2;112;ECHANGEUR BERCY;;;;750
201400058045;14;9;26;2000;5;2;1;1;3;119;PORTE DE PANTIN;;;;750
201400058046;14;9;27;900;1;2;4;1;3;114;ECHANGEUR GENTILLY;;;;750
201400058047;14;9;27;1230;1;2;1;1;4;116;PORTE DE SAINT CLOUD;;;;750
201400058048;14;9;27;1530;1;2;1;1;2;113;QUAI D IVRY;;;;750
201400058049;14;9;27;1730;2;2;1;1;2;112;ECHANGEUR BERCY;;;;750
201400058050;14;9;27;1800;1;2;1;1;2;118;PORTE D AUBERVILLIERS;;;;750
201400058051;14;9;29;850;5;2;1;9;3;120;PORTE DES LILAS;;;;750
201400058052;14;9;30;1445;1;2;1;1;4;112;PORTE DE VINCENNES;;;;750
201400058053;14;9;30;1525;1;2;1;1;3;116;ECHANGEUR MUETTE;;;;750
201400058054;14;9;30;1845;1;2;1;1;2;116;PORTE MAILLOT;;;;750
201400058055;14;10;1;1515;1;2;1;1;7;112;ECHANGEUR BERCY;;;;750
201400058056;14;10;1;1530;1;2;1;1;3;116;ECHANGEUR MUETTE;;;;750
201400058057;14;10;2;850;1;2;4;1;4;118;PORTE DE CLIGNANCOURT;;;;750
201400058058;14;10;2;1130;1;2;1;1;6;117;PORTE DE CHAMPERRET;;;;750
201400058059;14;10;2;1625;1;2;1;1;6;113;PORTE DE GENTILLY;;;;750
201400058060;14;10;2;1950;5;2;1;1;3;116;PORTE MAILLOT;;;;750
201400058061;14;10;3;1645;1;2;1;1;5;114;PORTE DE CHATILLON;;;;750
201400058062;14;10;5;1445;1;2;1;1;6;120;PORTE DE MONTREUIL;;;;750
201400058063;14;10;6;210;5;2;1;1;6;113;PORTE D ITALIE;;;;750
201400058064;14;10;6;850;1;2;1;1;7;115;PORTE DE LA PLAINE;;;;750
201400058065;14;10;6;1030;1;2;1;1;4;119;PORTE DE PANTIN;;;;750
201400058066;14;10;7;900;1;2;1;2;2;120;PORTE DES LILAS;;;;750
201400058067;14;10;7;1725;1;2;1;1;4;116;PORTE MAILLOT;;;;750
201400058068;14;10;7;1835;2;2;1;1;2;116;PORTE DE PASSY;;;;750
201400058069;14;10;8;755;3;2;1;2;4;119;PORTE DE LA VILLETTE;;;;750
201400058070;14;10;8;820;1;2;1;2;3;118;PORTE DE SAINT OUEN;;;;750
201400058071;14;10;9;1445;1;2;1;1;6;118;PORTE DE CLIGNANCOURT;;;;750
201400058072;14;10;9;1530;1;2;1;1;2;116;PORTE MAILLOT;;;;750
201400058073;14;10;10;10;5;2;1;1;3;120;ECHANGEUR BAGNOLET;;;;750
201400058074;14;10;10;820;1;2;1;1;2;117;PORTE DE CHAMPERRET;;;;750
201400058075;14;10;10;1640;1;2;1;1;3;120;PORTE DE MONTREUIL;;;;750
201400058076;14;10;11;2010;1;2;1;1;7;113;PORTE D IVRY;;;;750
201400058077;14;10;12;1840;2;2;1;2;6;115;ECHANGEUR SEVRES;;;;750
201400058078;14;10;13;610;5;2;1;1;4;119;PORTE DE PANTIN;;;;750
201400058079;14;10;13;1800;1;2;1;1;3;112;PORTE DE VINCENNES;;;;750
201400058080;14;10;14;1600;1;2;1;1;3;112;ECHANGEUR BERCY;;;;750
201400058081;14;10;14;1845;2;2;1;1;4;116;PORTE DE SAINT CLOUD;;;;750
201400058082;14;10;14;1940;5;2;1;1;2;116;PORTE DAUPHINE;;;;750
201400058083;14;10;15;1420;1;2;1;2;6;120;PORTE DE BAGNOLET;;;;750
201400058084;14;10;15;1620;1;2;1;2;4;113;PORTE D ITALIE;;;;750
201400058085;14;10;15;1735;1;2;1;1;7;119;PORTE DES LILAS;;;;750
201400058086;14;10;18;1440;1;2;1;1;2;116;PORTE D AUTEUIL;;;;750
201400058087;14;10;18;1920;5;2;1;1;7;114;PORTE D ORLEANS;;;;750
201400058088;14;10;18;2040;5;2;1;1;4;114;PORTE D ORLEANS;;;;750
201400058089;14;10;19;220;5;2;4;1;6;113;PORTE D IVRY;;;;750
201400058090;14;10;19;745;1;2;1;1;6;113;QUAI D IVRY;;;;750
201400058091;14;10;19;1025;1;2;1;1;4;119;PORTE DE PANTIN;;;;750
201400058092;14;10;19;2225;5;2;4;1;6;120;ECHANGEUR BAGNOLET;;;;750
201400058093;14;10;21;740;2;2;1;1;3;112;PORTE DE CHARENTON;;;;750
201400058094;14;10;22;2315;5;2;1;1;2;120;PORTE DE VINCENNES;;;;750
201400058095;14;10;23;835;1;2;1;1;6;112;PORTE DE CHARENTON;;;;750
201400058096;14;10;23;1540;1;2;1;1;3;112;ECHANGEUR BERCY;;;;750
201400058097;14;10;23;1840;4;2;1;1;3;113;QUAI D IVRY;;;;750
201400058098;14;10;25;1815;5;2;4;1;6;118;PORTE DE LA CHAPELLE;;;;750
201400058099;14;10;26;1810;5;2;1;1;3;116;PORTE DE PASSY;;;;750
201400058100;14;10;26;1845;5;2;1;1;4;119;PORTE DE LA VILLETTE;;;;750
201400058101;14;10;28;855;1;2;1;1;6;119;PORTE DU PRE SAINT GERVA;;;;750
201400058102;14;10;28;1820;5;2;1;1;3;112;PORTE DE CHARENTON;;;;750
201400058103;14;10;29;1430;1;2;1;1;4;117;PORTE DE CHAMPERRET;;;;750
201400058104;14;10;30;1100;1;2;1;1;3;114;PORTE DE GENTILLY;;;;750
201400058105;14;10;31;1240;1;2;1;1;3;113;PORTE D IVRY;;;;750
201400058106;14;10;31;1413;1;2;1;1;2;113;PORTE D ITALIE;;;;750
201400058107;14;10;31;1745;2;2;1;1;4;119;PORTE DE PANTIN;;;;750
201400058108;14;10;31;1830;2;2;1;1;2;119;PORTE DU PRE SAINT GERVA;;;;750
201400058109;14;11;1;1135;1;2;1;1;2;113;QUAI D IVRY;;;;750
201400058110;14;11;1;1750;5;2;1;1;3;113;PORTE D IVRY;;;;750
201400058111;14;11;1;1800;5;2;1;1;6;113;QUAI D IVRY;;;;750
201400058112;14;11;2;1715;2;2;1;1;6;119;PORTE DE PANTIN;;;;750
201400058113;14;11;3;230;5;2;1;1;2;119;BOULEVARD PERIPHERIQUE I;;;;750
201400058114;14;11;3;1410;1;2;4;1;6;112;ECHANGEUR BERCY;;;;750
201400058115;14;11;4;755;1;2;1;1;7;115;ECHANGEUR ISSY;;;;750
201400058116;14;11;4;1420;1;2;1;1;2;119;PORTE D AUBERVILLIERS;;;;750
201400058117;14;11;4;1750;5;2;1;1;3;114;PORTE DE CHATILLON;;;;750
201400058118;14;11;5;900;1;2;4;1;6;112;ECHANGEUR VINCENNES;;;;750
201400058119;14;11;6;812;1;2;1;1;4;120;PORTE DES LILAS;;;;750
201400058120;14;11;7;32;5;2;1;1;6;120;PORTE DE MONTREUIL;;;;750
201400058121;14;11;7;950;1;2;1;2;3;116;ECHANGEUR MUETTE;;;;750
201400058122;14;11;7;1630;2;2;1;1;3;118;PORTE D AUBERVILLIERS;;;;750
201400058123;14;11;9;1920;5;2;1;1;6;113;PORTE D ITALIE;;;;750
201400058124;14;11;10;2325;5;2;1;1;7;120;PORTE DE BAGNOLET;;;;750
201400058125;14;11;13;1030;1;2;1;1;6;113;PORTE DE GENTILLY;;;;750
201400058126;14;11;13;2040;5;2;1;1;6;113;ECHANGEUR BERCY;;;;750
201400058127;14;11;14;900;1;2;1;9;4;116;ECHANGEUR AUTEUIL;;;;750
201400058128;14;11;14;1415;1;2;1;2;6;116;PORT D AUTEUIL;;;;750
201400058129;14;11;14;1740;5;2;1;1;4;116;ECHANGEUR MUETTE;;;;750
201400058130;14;11;14;2120;5;2;1;1;2;114;PORTE DE CHATILLON;;;;750
201400058131;14;11;15;2125;5;2;1;1;7;117;PORTE DE SAINT OUEN;;;;750
201400058132;14;11;16;1640;2;2;1;3;3;117;PORTE DE CLICHY;;;;750
201400058133;14;11;17;955;1;2;1;1;3;116;PORTE D AUTEUIL;;;;750
201400058134;14;11;17;1300;1;2;1;1;3;118;PORTE DE CLIGNANCOURT;;;;750
201400058135;14;11;17;1820;5;2;1;3;2;118;ECHANGEUR CHAPELLE;;;;750
201400058136;14;11;18;1705;1;2;1;1;3;116;PORTE DAUPHINE;;;;750
201400058137;14;11;21;1700;5;2;1;1;4;114;PORTE DE CHATILLON;;;;750
201400058138;14;11;24;1115;1;2;1;1;2;112;PORTE DE SAINT MANDE;;;;750
201400058139;14;11;25;1150;1;2;1;1;6;120;PORTE DES LILAS;;;;750
201400058140;14;11;25;1740;5;2;1;1;4;119;PORTE DE PANTIN;;;;750
201400058141;14;11;26;1;5;2;1;2;7;113;BOULEVARD PERIPHERIQUE E;;;;750
201400058142;14;11;26;845;1;2;1;8;2;114;PORTE DE CHATILLON;;;;750
201400058143;14;11;26;1835;5;2;1;1;2;114;ECHANGEUR ORLEANS;;;;750
201400058144;14;11;27;1655;5;2;1;1;2;116;ECHANGEUR MUETTE;;;;750
201400058145;14;11;28;1250;1;2;1;1;7;118;PORTE DE LA CHAPELLE;;;;750
201400058146;14;11;28;1510;1;2;1;1;2;117;PORTE DE CLICHY;;;;750
201400058147;14;11;29;1630;1;2;1;1;7;120;ECHANGEUR BAGNOLET;;;;750
201400058148;14;11;30;235;5;2;1;1;7;119;PORTE DE PANTIN;;;;750
201400058149;14;11;30;1030;1;2;4;1;2;116;PORTE DE SAINT CLOUD;;;;750
201400058150;14;11;30;2055;5;2;1;2;5;112;ECHANGEUR BERCY;;;;750
201400058151;14;11;30;2120;5;2;1;1;3;113;PORTE D IVRY;;;;750
201400058152;14;12;3;1625;1;2;1;1;2;116;ECHANGEUR MUETTE;;;;750
201400058153;14;12;4;1450;1;2;1;1;3;116;PORTE DE SAINT CLOUD;;;;750
201400058154;14;12;5;1825;5;2;1;1;3;116;SOUTERRAIN DAUPHINE;;;;750
201400058155;14;12;6;1845;5;2;1;1;3;116;PORTE D AUTEUIL;;;;750
201400058156;14;12;7;1830;5;2;1;2;4;116;PORTE MAILLOT;;;;750
201400058157;14;12;7;2100;5;2;4;2;4;120;PORTE DE BAGNOLET;;;;750
201400058158;14;12;8;1840;5;2;1;1;3;119;PORTE D AUBERVILLIERS;;;;750
201400058159;14;12;9;725;5;2;1;1;7;116;PORTE DAUPHINE;;;;750
201400058160;14;12;10;1850;2;2;1;2;2;114;PORTE D ORLEANS;;;;750
201400058161;14;12;10;2015;5;2;1;1;3;113;ECHANGEUR BERCY;;;;750
201400058162;14;12;12;1030;1;2;1;2;3;120;PORTE DE BAGNOLET;;;;750
201400058163;14;12;13;800;5;2;1;1;6;117;ECHANGEUR MAILLOT;;;;750
201400058164;14;12;13;1210;1;2;4;2;4;117;PORTE DE SAINT OUEN;;;;750
201400058165;14;12;15;650;5;2;1;1;3;114;PORTE D ORLEANS;;;;750
201400058166;14;12;15;740;5;2;1;2;4;120;PORTE DE MONTREUIL;;;;750
201400058167;14;12;15;940;1;2;1;2;7;118;PORTE DE LA CHAPELLE;;;;750
201400058168;14;12;15;1330;1;2;1;1;2;120;PORTE DE MONTREUIL;;;;750
201400058169;14;12;15;1450;1;2;1;2;7;119;PORTE DE LA VILLETTE;;;;750
201400058170;14;12;16;1715;5;2;1;1;3;117;PORTE D ASNIERES;;;;750
201400058171;14;12;17;5;5;2;1;1;6;112;ECHANGEUR BERCY;;;;750
201400058172;14;12;17;1040;1;2;1;2;3;112;ECHANGEUR BERCY;;;;750
201400058173;14;12;17;925;1;2;1;2;4;114;PORTE DE GENTILLY;;;;750
201400058174;14;12;16;1830;5;2;1;2;2;113;PORTE D IVRY;;;;750
201400058175;14;12;17;1500;1;2;1;2;3;116;PORTE DE SAINT CLOUD;;;;750
201400058176;14;12;18;620;5;2;1;1;4;115;PORTE BRANCION;;;;750
201400058177;14;12;19;10;5;2;1;1;6;116;PORTE DE SAINT CLOUD;;;;750
201400058178;14;12;19;851;1;2;1;1;3;120;PORTE DES LILAS;;;;750
201400058179;14;12;19;1630;2;2;1;8;2;119;PORTE DE LA VILLETTE;;;;750
201400058180;14;12;20;1445;1;2;1;1;4;114;PORTE BRANCION;;;;750
201400058181;14;12;20;2010;5;2;1;1;4;116;PORTE DAUPHINE;;;;750
201400058182;14;12;22;155;5;2;1;1;6;117;PORTE DE CHAMPERRET;;;;750
201400058183;14;12;22;750;1;2;4;1;3;112;ECHANGEUR BERCY;;;;750
201400058184;14;12;22;1655;5;2;1;1;2;113;QUAI D IVRY;;;;750
201400058185;14;12;27;55;5;2;1;3;6;120;ECHANGEUR BAGNOLET;;;;750
201400058186;14;12;27;1900;3;2;1;2;4;118;PORTE DE CLIGNANCOURT;;;;750
201400058187;14;12;28;1925;5;2;1;1;4;113;PORTE D IVRY;;;;750
201400058188;14;12;29;1503;1;2;1;1;6;119;PORTE DE LA VILLETTE;;;;750
201400058189;14;12;29;1425;1;2;1;1;3;112;PORTE DOREE;;;;750
201400058190;14;12;30;1050;1;2;1;1;6;116;ECHANGEUR MUETTE;;;;750
201400058191;14;12;31;1610;1;2;1;1;3;119;PORTE DE PANTIN;;;;750
201400058192;14;1;10;1600;1;2;1;1;6;29;RN2 anse collat;A;0;0;972
201400058193;14;2;8;1530;1;1;1;1;1;5;;A;0;0;972
201400058194;14;3;15;900;1;1;1;1;3;29;;A;0;0;972
201400058195;14;3;19;2130;3;2;1;1;7;29;quartier Anse Madame;A;0;0;972
201400058196;14;3;21;830;1;2;1;1;3;34;RN2 BOURG BELLEFONTAINE;A;0;0;972
201400058197;14;3;21;1015;1;2;4;1;1;29;Fond Bernier  - RN 2;A;0;0;972
201400058198;14;5;5;645;1;2;1;1;2;5;RN2 choiseul;A;0;0;972
201400058199;14;7;27;2215;5;2;1;1;6;29;RN 2 - Anse Gouraud;A;0;0;972
201400058200;14;8;20;415;5;2;1;1;7;29;bD DU 25 JUIN 1935 - d54;A;0;0;972
201400058201;14;9;6;1945;5;2;1;1;1;29;route de l'universit?;A;0;0;972
201400058202;14;10;4;100;5;2;2;1;3;5;route nationale;A;0;0;972
201400058203;14;11;3;1715;1;1;1;1;1;5;;A;0;0;972
201400058204;14;1;26;1300;1;2;1;1;1;24;chemin kevin jeanne rose;A;0;0;972
201400058205;14;2;15;1545;1;2;1;1;6;24;RN4 Face espace Cartesia;A;0;0;972
201400058206;14;3;4;745;1;2;1;1;1;24;quartier Choisy;A;0;0;972
201400058207;14;4;11;1830;5;1;1;1;1;24;;A;0;0;972
201400058208;14;11;15;1445;1;1;1;1;7;24;;A;0;0;972
201400058209;14;11;30;500;5;2;1;1;6;24;780 VOIE COMMUNALE GOURO;A;0;0;972
201400058210;14;12;19;1815;3;1;1;2;1;24;;A;0;0;972
201400058211;14;1;1;30;5;1;1;3;7;19;;A;0;0;972
201400058212;14;1;17;700;1;1;1;1;7;18;;A;0;0;972
201400058213;14;4;16;1715;1;1;1;1;6;4;;A;0;0;972
201400058214;14;5;26;2330;5;1;1;2;6;18;;A;0;0;972
201400058215;14;7;4;745;1;1;1;7;7;33;;A;0;0;972
201400058216;14;7;18;1445;1;1;1;1;6;18;;A;0;0;972
201400058217;14;12;27;1015;1;2;1;1;6;4;avenue G?n?ral de Gaulle;A;0;0;972