num_acc;an;mois;jour;hrmn;lum;agg;int;atm;col;com;adr;gps;lat;long;dep
201400058218;14;1;4;600;2;1;1;1;1;10;;A;0;0;972
201400058219;14;2;19;1645;1;2;1;1;7;10;Lotissement COTONNERIE;A;0;0;972
201400058220;14;3;25;1745;1;1;1;1;3;10;;A;0;0;972
201400058221;14;4;5;1600;1;2;1;1;1;32;quartier ravine plate;A;0;0;972
201400058222;14;5;27;1515;1;2;1;1;3;32;MORNE CARRIERE;A;0;0;972
201400058223;14;6;7;1230;1;2;1;2;6;10;RUE HOMERE CLEMENT;A;0;0;972
201400058224;14;7;15;945;1;1;1;7;1;10;;A;0;0;972
201400058225;14;7;30;1215;1;2;1;1;3;10;RN2006;A;0;0;972
201400058226;14;11;4;1400;1;1;1;1;5;10;;A;0;0;972
201400058227;14;11;14;2245;5;2;1;2;6;10;;A;0;0;972
201400058228;14;2;4;745;1;1;1;1;3;7;;A;0;0;972
201400058229;14;3;24;630;1;2;1;7;6;7;morne vert;A;0;0;972
201400058230;14;5;18;1145;1;1;1;1;3;7;;A;0;0;972
201400058231;14;12;13;2315;3;2;1;1;7;7;morne vert;A;0;0;972
201400058232;14;6;12;2130;5;1;1;1;7;20;;A;0;0;972
201400058233;14;9;19;1745;2;1;1;1;1;26;;A;0;0;972
201400058234;14;12;8;1145;1;1;1;1;1;17;;A;0;0;972
201400058235;14;9;5;900;1;2;1;1;1;21;D7a quartier m?decin;A;0;0;972
201400058236;14;1;27;745;1;1;1;1;5;30;;A;0;0;972
201400058237;14;6;10;800;1;1;1;1;1;30;;A;0;0;972
201400058238;14;7;6;1745;1;2;1;1;1;30;route de la mose;A;0;0;972
201400058239;14;9;6;545;2;1;1;2;5;30;;A;0;0;972
201400058240;14;10;22;1915;5;2;1;1;3;30;rue de Beaus?jour;A;0;0;972
201400058241;14;12;4;745;1;1;6;1;6;30;;A;0;0;972
201400058242;14;12;31;1045;1;1;1;1;1;30;;A;0;0;972
201400058243;14;1;24;2115;5;1;1;2;1;22;;A;0;0;972
201400058244;14;8;11;1330;1;1;1;2;3;12;;A;0;0;972
201400058245;14;1;1;900;1;2;1;1;5;28;quartier cit? union RN1;A;0;0;972
201400058246;14;7;7;2115;5;2;1;1;5;28;RN1;A;0;0;972
201400058247;14;11;8;1645;1;2;1;1;6;28;CD25 - BON AIR SUD;A;0;0;972
201400058248;14;12;5;2015;3;1;1;1;3;28;;A;0;0;972
201400058249;14;4;4;445;3;1;1;1;6;3;;A;0;0;972
201400058250;14;5;13;1145;1;1;1;1;6;16;;A;0;0;972
201400058251;14;6;8;2200;5;2;1;1;6;1;rue principle - RN3;A;0;0;972
201400058252;14;7;14;1715;1;1;1;1;6;15;;A;0;0;972
201400058253;14;7;16;1015;1;1;1;1;3;15;;A;0;0;972
201400058254;14;1;16;2000;5;2;1;1;1;4;ALLEE DES PERES BLANCS;A;0;0;971
201400058255;14;1;27;1915;5;1;1;2;6;24;;A;0;0;971
201400058256;14;2;24;1145;1;2;1;1;6;24;all?e des cocotiers;A;0;0;971
201400058257;14;3;30;215;3;1;1;1;6;24;;A;0;0;971
201400058258;14;10;29;100;3;1;1;1;6;24;;A;0;0;971
201400058259;14;11;8;2345;3;1;1;2;6;24;;A;0;0;971
201400058260;14;11;23;430;3;1;1;3;7;24;;A;0;0;971
201400058261;14;3;4;1900;4;2;1;1;1;34;rue Rachez Ongles RN2;A;0;0;971
201400058262;14;3;11;730;1;1;1;1;6;34;;A;0;0;971
201400058263;14;3;13;715;1;2;1;7;2;34;BOULEVARD DES HABISSOIS;A;0;0;971
201400058264;14;9;7;1130;1;1;1;1;1;34;;A;0;0;971
201400058265;14;9;15;1900;5;2;1;1;3;34;Rachez Ongle - RN2;A;0;0;971
201400058266;14;10;2;1415;1;2;1;1;1;34;RN2, rue Arnould Nicolas;A;0;0;971
201400058267;14;11;17;1815;3;1;1;2;6;34;;A;0;0;971
201400058268;14;11;11;1230;1;1;1;1;1;6;;A;0;0;971
201400058269;14;11;12;1000;1;2;1;1;2;6;Galet - Malendure;A;0;0;971
201400058270;14;12;20;1430;1;1;1;1;1;6;;A;0;0;971
201400058271;14;7;10;100;3;1;1;1;6;21;;A;0;0;971
201400058272;14;5;30;1730;1;1;1;8;3;32;;A;0;0;971
201400058273;14;9;29;1545;1;1;1;3;1;32;;A;0;0;971
201400058274;14;11;9;400;3;1;1;9;6;32;;A;0;0;971
201400058275;14;12;11;945;1;1;1;2;6;32;;A;0;0;971
201400058276;14;12;27;2145;3;2;1;1;6;32;la plaine;A;0;0;971
201400058277;14;1;10;2100;5;2;1;8;6;7;D3;A;0;0;971
201400058278;14;1;12;2000;3;1;1;1;1;7;;A;0;0;971
201400058279;14;2;12;1930;3;2;1;1;3;14;RN1;A;0;0;971
201400058280;14;3;4;1100;1;1;1;1;3;14;;A;0;0;971
201400058281;14;3;9;830;1;1;6;2;7;7;;A;0;0;971
201400058282;14;3;15;1615;1;1;1;1;3;14;;A;0;0;971
201400058283;14;3;23;2045;5;2;1;1;3;14;rue de la libert?;A;0;0;971
201400058284;14;3;29;1400;1;1;1;1;3;14;;A;0;0;971
201400058285;14;4;10;1745;1;2;1;1;6;7;Rue belle eau;A;0;0;971
201400058286;14;5;21;1100;1;1;1;1;5;7;;A;0;0;971
201400058287;14;5;24;2345;3;1;1;1;7;7;;A;0;0;971
201400058288;14;7;9;1500;1;2;1;1;1;14;RUE DE LA LIBERTE;A;0;0;971
201400058289;14;7;28;1745;1;1;1;1;5;7;;A;0;0;971
201400058290;14;9;10;1545;1;1;1;1;6;14;;A;0;0;971
201400058291;14;9;21;1800;1;1;1;2;1;7;;A;0;0;971
201400058292;14;9;22;930;1;2;1;1;3;7;BANANIER;A;0;0;971
201400058293;14;9;30;1415;1;1;1;1;1;14;;A;0;0;971
201400058294;14;10;7;1445;1;1;1;1;6;7;;A;0;0;971
201400058295;14;10;10;730;3;1;1;1;6;14;;A;0;0;971
201400058296;14;10;11;1130;3;1;1;1;6;14;;A;0;0;971
201400058297;14;11;2;430;3;2;1;1;3;7;Sainte Marie;A;0;0;971
201400058298;14;12;17;1830;3;1;1;1;1;14;;A;0;0;971
201400058299;14;12;19;1700;1;1;1;1;7;31;;A;0;0;971
201400058300;14;1;19;230;3;1;1;1;3;15;;A;0;0;971
201400058301;14;1;21;1645;1;1;1;1;5;15;;A;0;0;971
201400058302;14;3;7;1730;1;1;1;1;6;15;;A;0;0;971
201400058303;14;3;16;730;1;1;1;1;1;15;;A;0;0;971
201400058304;14;3;25;1945;5;2;1;1;6;15;Rue du lyc?e;A;0;0;971
201400058305;14;4;19;1315;1;2;1;1;3;15;La Rosi?re;A;0;0;971
201400058306;14;8;7;215;3;1;1;1;2;15;;A;0;0;971
201400058307;14;9;30;1415;1;1;1;1;3;15;;A;0;0;971
201400058308;14;10;25;1730;1;2;1;7;6;15;section boyer;A;0;0;971
201400058309;14;10;24;2215;3;1;1;1;7;15;;A;0;0;971
201400058310;14;11;14;1830;3;1;1;1;5;15;;A;0;0;971
201400058311;14;11;16;1600;1;1;1;1;1;15;;A;0;0;971
201400058312;14;1;19;1115;1;1;1;1;1;18;;A;0;0;971
201400058313;14;1;21;1900;2;1;1;1;6;18;;A;0;0;971
201400058314;14;3;15;30;3;2;1;1;1;18;D2001;A;0;0;971
201400058315;14;5;29;445;3;1;1;2;2;18;;A;0;0;971
201400058316;14;6;19;945;1;1;1;2;1;18;;A;0;0;971
201400058317;14;7;13;1245;1;2;1;1;2;18;prise d'eau;A;0;0;971
201400058318;14;11;4;2345;3;1;1;2;6;18;;A;0;0;971
201400058319;14;11;11;115;3;1;1;1;1;18;;A;0;0;971
201400058320;14;11;12;715;1;1;1;1;1;18;;A;0;0;971
201400058321;14;1;6;645;1;1;1;8;6;29;;A;0;0;971
201400058322;14;2;20;1330;1;2;1;1;6;29;rue grignan;A;0;0;971
201400058323;14;3;7;1900;5;2;1;1;6;29;RN 2 Section B?bel;A;0;0;971
201400058324;14;3;21;1745;1;1;1;7;6;29;;A;0;0;971
201400058325;14;3;28;45;3;1;1;1;1;29;;A;0;0;971
201400058326;14;5;2;2015;3;2;1;1;1;29;Conodor-RN2;A;0;0;971
201400058327;14;5;16;700;1;1;2;1;6;29;;A;0;0;971
201400058328;14;5;21;2030;5;2;1;1;6;29;;A;0;0;971
201400058329;14;5;22;2030;3;1;1;1;6;29;;A;0;0;971
201400058330;14;6;22;115;5;1;1;1;3;29;;A;0;0;971
201400058331;14;7;12;145;5;1;1;1;6;29;;A;0;0;971
201400058332;14;12;10;1130;1;1;1;1;1;29;;A;0;0;971
201400058333;14;12;17;630;1;2;1;1;1;29;la boucan - RN2;A;0;0;971
201400058334;14;1;16;730;1;1;1;1;3;28;;A;0;0;971
201400058335;14;2;7;1115;1;1;1;1;1;12;;A;0;0;971
201400058336;14;2;9;145;5;1;1;1;6;8;;A;0;0;971
201400058337;14;4;6;145;3;1;1;1;1;12;;A;0;0;971
201400058338;14;10;26;1930;3;1;1;1;6;8;;A;0;0;971
201400058339;14;12;25;530;1;1;1;2;6;26;;A;0;0;971
201400058340;14;1;11;1215;1;1;1;1;3;17;;A;0;0;971
201400058341;14;3;11;2200;3;1;1;1;7;17;;A;0;0;971
201400058342;14;4;10;1600;1;1;1;1;1;17;;A;0;0;971
201400058343;14;5;12;1500;1;2;1;1;1;17;rue du chemin de fer;A;0;0;971
201400058344;14;6;30;945;1;1;1;3;1;17;;A;0;0;971
201400058345;14;7;21;1515;1;1;1;7;3;17;;A;0;0;971
201400058346;14;7;21;1645;1;1;1;1;1;17;;A;0;0;971
201400058347;14;9;27;1530;1;1;1;1;7;17;;A;0;0;971
201400058348;14;11;6;915;1;2;1;1;3;17;Rue du chemin de fer;A;0;0;971
201400058349;14;1;25;145;3;1;1;1;1;19;;A;0;0;971
201400058350;14;2;6;745;1;1;1;1;3;19;;A;0;0;971
201400058351;14;2;16;2115;5;2;1;9;6;22;haut de la montagne;A;0;0;971
201400058352;14;2;27;1030;1;2;2;1;3;19;Les mangles;A;0;0;971
201400058353;14;3;9;1115;5;1;1;1;1;19;;A;0;0;971
201400058354;14;6;20;1130;1;1;1;1;6;22;;A;0;0;971
201400058355;14;6;29;2115;3;1;1;1;6;22;;A;0;0;971
201400058356;14;7;7;1515;1;1;1;1;6;22;;A;0;0;971
201400058357;14;7;6;1130;1;1;1;1;6;2;;A;0;0;971
201400058358;14;8;7;1945;5;2;1;1;1;2;Rue Joseph Tony;A;0;0;971
201400058359;14;8;13;100;3;1;1;1;7;2;;A;0;0;971
201400058360;14;8;30;800;1;2;1;3;6;19;G?las - Les Mangles;A;0;0;971
201400058361;14;9;4;2100;3;1;1;1;2;22;;A;0;0;971
201400058362;14;9;8;845;1;1;9;1;3;19;;A;0;0;971
201400058363;14;11;10;2345;3;1;1;1;6;19;;A;0;0;971
201400058364;14;12;12;1615;1;2;1;1;6;19;Les Mangles;A;0;0;971
201400058365;14;1;1;500;3;1;1;1;6;25;;A;0;0;971
201400058366;14;2;5;600;2;1;1;1;2;25;;A;0;0;971
201400058367;14;3;1;1030;1;1;3;1;3;25;;A;0;0;971
201400058368;14;7;5;2300;5;1;1;1;6;25;;A;0;0;971
201400058369;14;9;28;1715;3;1;1;1;3;25;;A;0;0;971
201400058370;14;11;12;1230;1;1;1;1;6;25;;A;0;0;971
201400058371;14;11;13;1730;2;1;1;1;6;25;;A;0;0;971
201400058372;14;11;26;1545;1;1;1;1;1;25;;A;0;0;971
201400058373;14;12;23;815;5;2;1;1;1;25;;A;0;0;971
201400058374;14;12;24;1745;2;1;1;2;1;25;;A;0;0;971
201400058375;14;1;21;1030;4;1;6;1;3;26;;A;0;0;971
201400058376;14;2;15;1545;1;1;1;1;1;26;;A;0;0;971
201400058377;14;3;1;1930;5;2;4;1;3;26;Galbas;A;0;0;971
201400058378;14;3;19;1230;1;1;1;1;6;28;;A;0;0;971
201400058379;14;4;12;1700;1;1;1;1;5;26;;A;0;0;971
201400058380;14;4;14;1615;1;1;1;1;3;26;;A;0;0;971
201400058381;14;4;27;830;1;1;1;1;3;28;;A;0;0;971
201400058382;14;5;24;1845;2;1;1;1;3;28;;A;0;0;971
201400058383;14;5;31;2245;3;1;1;1;6;2;;A;0;0;971
201400058384;14;6;1;2130;5;1;1;1;3;28;;A;0;0;971
201400058385;14;6;2;1245;1;2;1;1;1;26;Durivage;A;0;0;971
201400058386;14;7;18;2100;5;1;1;1;3;26;;A;0;0;971
201400058387;14;8;25;2000;5;1;1;1;3;28;;A;0;0;971
201400058388;14;9;22;1815;2;1;1;1;1;26;;A;0;0;971
201400058389;14;10;7;1200;1;2;1;1;7;26;Lotissement Marly;A;0;0;971
201400058390;14;10;24;2245;3;1;1;1;1;26;;A;0;0;971
201400058391;14;10;31;1745;5;1;1;1;6;28;;A;0;0;971
201400058392;14;11;26;2115;5;1;1;1;1;28;;A;0;0;971
201400058393;14;12;1;1045;5;2;1;1;2;26;section le helleux chemi;A;0;0;971
201400058394;14;12;4;1030;2;1;1;1;3;26;;A;0;0;971
201400058395;14;12;31;900;5;2;1;1;6;16;;A;0;0;971
201400058396;14;1;25;1545;1;1;1;1;1;16;;A;0;0;971
201400058397;14;2;1;2215;3;1;1;1;1;16;;A;0;0;971
201400058398;14;2;6;2215;5;1;1;1;2;16;;A;0;0;971
201400058399;14;3;4;45;5;1;1;1;4;16;;A;0;0;971
201400058400;14;3;14;500;5;2;1;1;7;16;RN 6 - Canal des Rotours;A;0;0;971
201400058401;14;3;30;2115;3;1;1;1;1;16;;A;0;0;971
201400058402;14;4;19;115;5;2;1;1;7;16;boulevard nelson mandela;A;0;0;971
201400058403;14;4;20;1245;1;1;1;1;3;16;;A;0;0;971
201400058404;14;5;22;530;2;1;1;1;1;16;;A;0;0;971
201400058405;14;6;7;2130;5;2;1;1;5;16;ancienne route Lasserre;A;0;0;971
201400058406;14;6;23;2300;3;1;1;1;1;16;;A;0;0;971
201400058407;14;7;17;1915;3;1;1;1;3;16;;A;0;0;971
201400058408;14;7;29;1745;1;1;1;1;1;16;;A;0;0;971
201400058409;14;9;26;1915;5;2;1;1;3;16;Cocoyer;A;0;0;971
201400058410;14;10;11;245;5;2;1;1;1;16;Route de marieulle;A;0;0;971
201400058411;14;11;24;1115;1;1;1;1;1;16;;A;0;0;971
201400058412;14;2;11;745;1;1;1;8;2;5;;G;0;0;973
201400058413;14;3;1;2200;5;1;1;1;3;5;;G;0;0;973
201400058414;14;3;23;1130;1;1;1;1;1;5;;G;0;0;973
201400058415;14;5;15;2115;3;1;1;1;3;5;;G;0;0;973
201400058416;14;6;9;1730;1;1;1;1;1;5;;G;0;0;973
201400058417;14;7;1;1715;1;1;1;1;1;5;;G;0;0;973
201400058418;14;7;26;645;2;1;1;1;1;5;;G;0;0;973
201400058419;14;7;21;1815;1;1;1;1;3;5;;G;0;0;973
201400058420;14;11;6;700;1;1;1;1;2;5;;G;0;0;973
201400058421;14;11;14;1615;1;1;1;1;2;13;;G;0;0;973
201400058422;14;11;21;1700;1;1;1;1;2;13;;G;0;0;973
201400058423;14;2;12;1545;1;2;1;1;6;4;;G;0;0;973
201400058424;14;8;14;545;2;1;1;1;1;4;;G;0;0;973
201400058425;14;8;30;900;1;2;1;1;3;4;Avenue Guidiglo;G;0;0;973
201400058426;14;9;21;1530;1;2;9;1;1;4;4 avenue  De Gaulle;G;0;0;973
201400058427;14;10;20;545;2;1;1;1;1;4;;G;0;0;973
201400058428;14;11;24;330;3;1;1;1;7;4;;G;;;973
201400058429;14;12;7;1445;1;2;1;1;7;4;Avenue de France;G;0;0;973
201400058430;14;1;9;1730;1;1;1;1;6;12;;G;0;0;973
201400058431;14;4;7;1800;1;2;1;1;3;12;rue Inkerman;G;0;0;973
201400058432;14;6;8;1730;1;1;1;1;7;12;;G;0;0;973
201400058433;14;7;18;500;3;1;1;1;7;12;;G;0;0;973
201400058434;14;12;10;1715;1;2;3;1;3;12;Rues VERDEROSA / BASTIE;G;0;0;973
201400058435;14;1;10;2245;3;1;1;2;6;3;;G;0;0;973
201400058436;14;3;28;1515;1;1;1;1;2;3;;G;0;0;973
201400058437;14;4;4;1615;3;1;1;8;1;8;;G;0;0;973
201400058438;14;12;5;2030;3;2;1;8;7;8;RN2;G;0;0;973
201400058439;14;9;28;1215;1;2;1;1;2;10;D6;G;0;0;973
201400058440;14;1;18;15;5;2;1;1;3;11;avenue Symphorien;G;0;0;973
201400058441;14;1;26;1930;5;2;1;1;6;11;rue Hector Rivierez;G;0;0;973
201400058442;14;2;12;1300;1;2;1;1;1;11;Symphorien,lavandiers;G;0;0;973
201400058443;14;3;10;2015;5;1;9;1;3;11;;G;0;0;973
201400058444;14;3;26;2230;5;2;1;1;6;11;all?e des bombarac?es;G;0;0;973
201400058445;14;4;2;1500;1;2;1;1;3;11;boulevard du Maroni;G;0;0;973
201400058446;14;4;21;1245;1;2;9;1;6;11;route de Saint Maurice;G;0;0;973
201400058447;14;4;26;1530;1;1;1;1;7;11;;G;0;0;973
201400058448;14;5;10;2045;5;2;1;1;3;11;PAUL CASTAING/GLYCERIAS;G;0;0;973
201400058449;14;5;13;2015;5;2;1;1;3;11;rue des maripas;G;0;0;973
201400058450;14;5;25;30;5;2;1;1;6;11;avenue F?lix Ebou?;G;0;0;973
201400058451;14;6;7;1545;1;2;1;1;6;11;15 bd du maroni;G;0;0;973
201400058452;14;9;2;1545;1;2;1;1;2;11;;G;0;0;973
201400058453;14;9;6;2145;5;2;1;1;3;11;avenue Symphorien;G;0;0;973
201400058454;14;9;13;2215;5;2;1;1;3;11;all?e du lac bleu;G;0;0;973
201400058455;14;9;21;615;1;1;1;1;6;11;;G;0;0;973
201400058456;14;10;27;2200;5;2;1;1;1;11;Avenue GASTON MONNERVILL;G;0;0;973
201400058457;14;12;21;230;5;2;1;1;3;11;avenue de la Marne;G;0;0;973
201400058458;14;4;21;1915;3;1;1;2;2;6;;G;0;0;973
201400058459;14;5;15;1130;1;1;1;1;7;6;;G;0;0;973
201400058460;14;8;13;1415;1;1;1;1;7;6;;G;0;0;973
201400058461;14;8;24;2000;3;1;1;1;1;6;;G;0;0;973
201400058462;14;11;16;1930;3;1;1;1;7;6;;G;0;0;973
201400058463;14;11;26;530;3;1;1;1;2;6;;G;0;0;973
201400058464;14;12;31;2145;3;1;1;1;1;8;;R;0;0;974
201400058465;14;5;4;1515;1;2;1;1;7;8;chemin boeuf mort;R;;;974
201400058466;14;5;15;730;1;2;1;1;2;8;Avenue de La Palestine;R;;;974
201400058467;14;5;29;1215;1;1;1;1;2;8;;R;0;0;974
201400058468;14;4;26;2015;4;1;1;1;6;20;;R;0;0;974
201400058469;14;6;9;1245;1;1;1;1;1;20;;R;;;974
201400058470;14;8;9;2315;5;1;1;1;1;18;;R;;;974
201400058471;14;8;20;1630;1;2;1;1;1;18;rue Antoine Roussin;R;;;974
201400058472;14;9;14;1;3;1;1;1;6;20;;R;0;0;974
201400058473;14;10;10;1800;3;2;1;1;5;20;;R;0;0;974
201400058474;14;11;20;1845;3;2;1;1;1;18;route tabur;R;;;974
201400058475;14;11;25;715;1;1;2;1;5;20;;R;0;0;974
201400058476;14;12;8;1800;1;2;1;1;3;18;62 R. DE LA GDE MONTEE;R;;;974
201400058477;14;2;4;530;2;2;6;1;6;10;RN2 ROND POINT DE BRAS C;R;;;974
201400058478;14;4;22;1445;1;2;1;1;6;10;chemin pr?voisy;R;;;974
201400058479;14;4;27;1600;1;1;1;2;3;10;;R;;;974
201400058480;14;6;5;1100;1;1;1;1;1;10;;R;0;0;974
201400058481;14;6;14;1945;5;2;1;1;6;10;rue Furcy Pitou;R;0;0;974
201400058482;14;6;17;1200;1;1;1;1;6;10;;R;0;0;974
201400058483;14;7;3;1915;3;1;1;1;6;10;;R;0;0;974
201400058484;14;7;5;1345;5;2;1;1;1;10;ROND POINT BRAS CANOT;R;0;0;974
201400058485;14;7;12;1515;1;1;1;1;6;10;;R;0;0;974
201400058486;14;8;27;1245;1;2;1;1;2;10;;R;0;0;974
201400058487;14;10;19;1000;1;1;1;3;1;10;;R;0;0;974
201400058488;14;10;10;2015;3;1;1;1;6;2;;R;0;0;974
201400058489;14;11;19;2015;5;1;1;1;3;2;;R;;;974
201400058490;14;5;8;2030;3;1;1;3;6;19;;R;;;974
201400058491;14;6;28;845;1;2;1;1;1;19;ravine glissante;R;0;0;974
201400058492;14;7;11;2000;3;1;1;1;6;19;;R;0;0;974
201400058493;14;11;24;1500;1;2;1;1;1;19;chemin du petit brul?;R;;;974
201400058494;14;2;10;1900;3;1;1;1;6;21;;R;0;0;974
201400058495;14;2;14;1600;1;1;1;2;7;21;;R;0;0;974
201400058496;14;3;3;1545;1;2;1;1;6;21;Rue GeorgesPOMPIDOU;R;;;974
201400058497;14;5;17;730;1;2;1;7;6;6;7 rue de l'?glise;R;;;974
201400058498;14;1;29;1430;3;1;1;1;6;15;;R;0;0;974
201400058499;14;2;16;1645;1;1;1;1;5;15;;R;0;0;974
201400058500;14;3;10;500;3;1;1;1;6;15;;R;0;0;974
201400058501;14;3;29;130;3;1;1;1;3;15;;R;0;0;974
201400058502;14;3;28;1730;1;2;1;1;5;15;Chauss?e royale;R;;;974
201400058503;14;5;18;1230;1;1;1;1;6;15;;R;0;0;974
201400058504;14;5;29;1915;3;1;1;1;1;15;Route de Bois de Nèfles;R;0;0;974
201400058505;14;6;27;1430;1;2;1;1;3;15;chauss?e royale;R;;;974
201400058506;14;8;16;400;3;2;1;1;7;15;Chemin pavad? -Savanna;R;0;0;974
201400058507;14;8;21;2215;3;1;1;1;1;15;;R;0;0;974
201400058508;14;9;7;1800;1;1;6;1;5;15;;R;;;974
201400058509;14;9;8;1715;1;1;2;1;1;15;;R;0;0;974
201400058510;14;9;10;1500;1;2;1;1;6;15;Chemin Pav?;R;;;974
201400058511;14;9;28;1700;1;2;1;1;3;15;;R;0;0;974
201400058512;14;11;8;1100;1;2;1;1;3;15;;R;;;974
201400058513;14;12;14;115;3;1;1;1;6;15;;R;0;0;974
201400058514;14;1;5;430;3;1;1;1;6;15;;R;0;0;974
201400058515;14;4;20;1900;3;1;1;1;3;15;;R;0;0;974
201400058516;14;4;26;30;5;2;1;1;3;15;52 rue du G. De Gaulle;R;0;0;974
201400058517;14;5;14;1330;1;1;1;1;3;15;;R;0;0;974
201400058518;14;6;5;1930;3;2;1;1;3;15;av du G?n?ral de Gaulle;R;;;974
201400058519;14;7;26;630;1;1;1;1;1;15;;R;0;0;974
201400058520;14;8;26;1845;3;1;1;3;1;15;;R;0;0;974
201400058521;14;10;6;1230;1;1;1;1;6;15;;R;;;974
201400058522;14;10;7;430;3;1;1;1;6;15;;R;0;0;974
201400058523;14;10;13;1430;1;1;1;1;5;15;;R;0;0;974
201400058524;14;12;19;2015;3;1;1;8;3;15;;R;0;0;974
201400058525;14;3;23;600;2;1;1;2;7;23;;R;;;974
201400058526;14;6;21;830;1;2;1;1;6;15;rue jean albany;R;0;0;974
201400058527;14;7;16;1600;1;1;1;1;1;15;;R;0;0;974
201400058528;14;11;19;1230;1;1;1;1;7;15;;R;;;974
201400058529;14;12;9;1445;1;2;1;1;1;22;195 rue Marius LEBLOND;R;;;974
201400058530;14;1;12;45;5;2;1;1;6;14;rue Pigas;R;0;0;974
201400058531;14;1;25;1615;1;1;1;1;6;14;;R;0;0;974
201400058532;14;10;19;1800;1;2;1;1;3;14;189 avenue principale;R;;;974
201400058533;14;10;22;645;1;2;3;1;1;14;route de cilaos, RN5;R;;;974
201400058534;14;2;27;830;1;2;1;1;3;14;rue du Ouaki;R;0;0;974
201400058535;14;4;9;1100;3;1;1;1;6;14;;R;0;0;974
201400058536;14;4;12;130;3;2;1;3;6;14;av dr Raymond Verg?s;R;0;0;974
201400058537;14;5;3;445;3;1;1;1;6;14;;R;0;0;974
201400058538;14;5;7;300;5;2;1;1;2;14;Rue Leconte Delisle;R;0;0;974
201400058539;14;5;22;1915;5;2;1;1;6;14;boulevard front de mer;R;0;0;974
201400058540;14;5;29;15;3;2;1;1;3;14;RN5;R;0;0;974
201400058541;14;6;28;1415;1;1;1;1;1;14;;R;0;0;974
201400058542;14;1;16;1900;3;1;1;1;7;22;;R;0;0;974
201400058543;14;4;13;1200;1;1;1;2;6;49;;R;0;0;974
201400058544;14;5;11;945;1;1;1;1;1;22;;R;0;0;974
201400058545;14;6;15;900;1;2;3;1;3;22;160 chemin des acacias;R;;;974
201400058546;14;8;17;1215;1;1;1;1;6;49;;R;0;0;974
201400058547;14;3;11;1045;1;1;1;1;1;12;;R;0;0;974
201400058548;14;3;25;1000;1;2;1;1;3;12;RN2 rue rapha?l BABET ST;R;0;0;974
201400058549;14;4;4;1745;1;2;1;1;6;5;Mah? de la bourdonnais;R;;;974
201400058550;14;4;23;115;1;1;1;7;6;5;;R;0;0;974
201400058551;14;5;20;2030;3;1;1;1;7;12;;R;0;0;974
201400058552;14;6;4;1715;1;1;1;1;6;12;;R;0;0;974
201400058553;14;6;12;1130;1;1;6;1;2;5;;R;0;0;974
201400058554;14;6;22;1130;1;1;1;1;6;12;;R;0;0;974
201400058555;14;12;3;1130;1;1;1;1;1;12;;R;0;0;974
201400058556;14;2;13;800;1;1;1;1;1;22;;R;;;974
201400058557;14;3;19;2145;3;1;1;1;6;22;;R;0;0;974
201400058558;14;4;19;2115;5;2;1;1;3;22;Avenue G?n?ral DE GAULLE;R;;;974
201400058559;14;6;10;1615;1;1;1;1;3;22;;R;0;0;974
201400058560;14;6;27;2200;5;2;1;1;1;22;rue de l'Europe;R;0;0;974
201400058561;14;9;26;2215;5;2;6;1;3;22;rue hubert DELISLE;R;0;0;974
201400058562;14;11;28;1845;2;2;1;1;1;22;RUE U GENERAL AILLERET;R;;;974
201400058563;14;11;28;2045;5;2;1;1;3;22;190 CHARLES BAUDELAIRE;R;;;974
201400058564;14;1;12;1545;1;1;1;8;3;11;;Y;0;0;976
201400058565;14;4;5;400;3;1;1;1;1;11;;Y;0;0;976
201400058566;14;5;3;730;1;2;1;1;6;11;rue de la MJC;Y;0;0;976
201400058567;14;5;8;1830;2;1;1;1;1;11;;Y;0;0;976
201400058568;14;12;15;1745;1;1;1;1;1;11;;Y;0;0;976
201400058569;14;12;18;1630;1;2;1;1;6;11;;Y;0;0;976
201400058570;14;4;28;1915;3;1;1;1;6;15;;Y;0;0;976
201400058571;14;9;25;800;5;1;1;1;6;11;;Y;0;0;976
201400058572;14;12;1;1315;1;2;1;1;3;15;Rue du Lyc?e;Y;0;0;976
201400058573;14;1;12;1200;1;1;1;1;5;16;;Y;0;0;976
201400058574;14;8;17;2045;5;2;1;1;6;16;Merereni;Y;0;0;976
201400058575;14;11;13;2200;3;2;1;1;1;16;ccd1-COMBANI;Y;0;0;976
201400058576;14;1;22;1415;1;1;1;1;3;3;;A;0;0;971
201400058577;14;2;16;2100;3;1;1;1;6;4;;A;0;0;971
201400058578;14;2;26;2000;3;1;1;1;6;3;;A;0;0;971
201400058579;14;3;12;1745;2;1;1;1;2;3;;A;0;0;971
201400058580;14;4;3;1945;3;1;1;1;5;3;;A;0;0;971
201400058581;14;4;17;415;5;1;1;2;4;3;;A;0;0;971
201400058582;14;5;3;1115;1;1;1;1;1;3;;A;0;0;971
201400058583;14;5;21;1930;5;1;1;1;6;3;;A;0;0;971
201400058584;14;5;28;1900;3;1;1;1;1;3;;A;0;0;971
201400058585;14;7;19;30;3;1;1;1;7;3;;A;0;0;971
201400058586;14;7;31;30;3;1;1;1;6;3;;A;0;0;971
201400058587;14;8;25;215;5;1;1;2;6;3;;A;0;0;971
201400058588;14;9;10;2100;3;1;1;1;6;3;;A;0;0;971
201400058589;14;10;23;645;1;2;6;1;5;3;rond point de houelbourg;A;0;0;971
201400058590;14;11;14;1500;1;2;1;1;1;3;rue Jean Jaur?s;A;0;0;971
201400058591;14;10;4;1730;1;2;3;1;3;60;rue mitterrand;G;0;0;973
201400058592;14;1;31;1645;1;2;1;1;6;12;Dzoumogn?;Y;0;0;976
201400058593;14;3;23;1845;5;2;1;1;3;12;RN 01 M'tsahara;Y;0;0;976
201400058594;14;3;28;1615;1;2;1;2;1;12;Route nationale 1;Y;0;0;976
201400058595;14;5;9;230;3;1;1;1;7;12;;Y;0;0;976
201400058596;14;7;27;1545;1;1;1;1;1;12;;Y;0;0;976
201400058597;14;11;29;1330;1;2;1;1;6;12;;Y;0;0;976
201400058598;14;1;10;1200;1;2;1;1;1;4;Routa nationale, lyc?e;Y;0;0;976
201400058599;14;3;2;1515;1;1;1;1;3;4;;Y;0;0;976
201400058600;14;3;24;2145;3;1;1;3;6;4;;Y;0;0;976
201400058601;14;5;1;2030;3;1;1;1;1;4;;Y;0;0;976