num_acc;an;mois;jour;hrmn;lum;agg;int;atm;col;com;adr;gps;lat;long;dep
201400058602;14;5;13;530;2;1;1;1;1;3;;Y;0;0;976
201400058603;14;5;17;800;1;2;1;1;7;4;Poltela;Y;0;0;976
201400058604;14;8;3;1815;2;1;1;1;7;4;;Y;0;0;976
201400058605;14;8;4;845;1;1;1;1;5;4;;Y;0;0;976
201400058606;14;8;15;830;1;1;9;1;5;4;;Y;0;0;976
201400058607;14;11;6;1300;1;2;1;1;6;4;route nationale 3;Y;0;0;976
201400058608;14;11;29;1145;1;1;1;1;5;4;;Y;0;0;976
201400058609;14;12;15;1500;1;2;1;1;6;4;MRAMADOUDOU;Y;0;0;976
201400058610;14;12;20;1145;1;1;1;1;2;4;;Y;0;0;976
201400058611;14;1;6;1030;1;2;1;1;4;9;route de Montjoly;G;0;0;973
201400058612;14;1;11;1100;1;2;1;1;3;9;rue Sylvestre Lixef;G;0;0;973
201400058613;14;1;28;1400;1;2;1;1;6;9;AVENUE MICHOTTE;G;0;0;973
201400058614;14;1;30;1500;1;1;1;1;1;9;;G;0;0;973
201400058615;14;2;3;1045;1;2;1;1;3;9;route de remire;G;0;0;973
201400058616;14;2;17;45;5;2;1;1;3;9;AVENUE GASTON MONNERVILL;G;0;0;973
201400058617;14;3;28;1200;1;1;1;1;3;9;;G;0;0;973
201400058618;14;3;27;1930;5;2;1;1;1;9;Route de R?mire;G;0;0;973
201400058619;14;5;8;1000;1;2;1;1;6;9;255 rue St Ange Methon;G;0;0;973
201400058620;14;6;5;2200;5;2;1;8;3;9;rue lixef;G;0;0;973
201400058621;14;7;11;1430;1;2;1;1;7;9;Route de R?mire;G;0;0;973
201400058622;14;7;6;1930;3;2;1;1;7;9;avenue Cyprien Gildon;G;0;0;973
201400058623;14;7;15;845;1;1;1;1;3;9;;G;0;0;973
201400058624;14;7;30;1645;1;2;1;1;7;9;Route de R?mire;G;0;0;973
201400058625;14;8;10;1115;1;2;1;1;3;9;route de remire;G;0;0;973
201400058626;14;8;30;2000;5;2;1;1;3;9;avenue G. Monnerville;G;0;0;973
201400058627;14;9;4;1730;1;2;1;1;1;9;Avenue Morne Coco;G;0;0;973
201400058628;14;9;24;630;1;2;1;1;3;9;Avenue Leon Gontran Dama;G;0;0;973
201400058629;14;9;24;2115;5;2;1;1;3;9;route de Montjoly;G;0;0;973
201400058630;14;10;7;1515;1;1;1;2;5;9;;G;0;0;973
201400058631;14;10;26;615;2;2;1;1;6;9;962 route des plages RD1;G;0;0;973
201400058632;14;11;14;130;5;1;1;1;1;9;;G;0;0;973
201400058633;14;11;24;2015;5;2;1;1;3;9;Route de Montjoly;G;0;0;973
201400058634;14;12;27;2130;5;2;1;1;3;9;;G;0;0;973
201400058635;14;12;21;2100;3;1;1;1;6;15;;R;;;974
201400058636;14;5;23;1745;2;1;1;2;5;13;;R;0;0;974
201400058637;14;5;31;1230;1;2;1;1;5;13;Adrien Lagourgue;R;0;0;974
201400058638;14;7;17;645;1;2;1;1;6;13;rue de la cie des indes;R;0;0;974
201400058639;14;11;18;1800;2;2;1;1;1;13;rue alexandre b?gue;R;;;974
201400058640;14;12;1;1615;1;2;6;1;1;13;Rue du general Lambert;R;;;974
201400058641;14;2;17;530;3;1;1;1;6;4;;G;0;0;973
201400058642;14;3;15;1045;1;1;1;1;2;4;;G;0;0;973
201400058643;14;4;1;1315;1;1;1;1;1;4;;G;0;0;973
201400058644;14;4;6;330;3;1;1;1;1;4;;G;0;0;973
201400058645;14;4;22;1115;1;1;1;3;3;4;;G;0;0;973
201400058646;14;5;27;1445;1;2;1;1;3;4;rue blaise cendrars;G;0;0;973
201400058647;14;6;20;445;5;1;1;2;1;4;;G;0;0;973
201400058648;14;1;2;1800;5;2;1;1;1;7;rue des Tropiques;G;0;0;973
201400058649;14;1;9;2000;5;2;1;1;5;7;RN2/RUE DES TAMARINS;G;0;0;973
201400058650;14;1;30;1545;5;2;1;2;2;7;Route nationale 2 PK 1.1;G;0;0;973
201400058651;14;2;10;130;3;1;1;2;7;7;;G;0;0;973
201400058652;14;2;21;715;1;1;1;1;1;7;;G;0;0;973
201400058653;14;3;26;730;1;2;2;1;3;7;rue champ de cannes;G;0;0;973
201400058654;14;4;5;1530;1;1;1;1;6;7;;G;0;0;973
201400058655;14;4;16;1745;5;1;1;1;1;7;;G;0;0;973
201400058656;14;5;3;1230;1;2;1;1;5;7;PK05 - RN 02;G;0;0;973
201400058657;14;5;25;2030;4;2;1;2;3;7;RN2 PK5;G;0;0;973
201400058658;14;6;23;615;2;1;1;3;6;7;;G;0;0;973
201400058659;14;6;22;2300;3;1;1;2;6;7;;G;0;0;973
201400058660;14;7;18;630;1;2;1;1;1;7;route nationale 4;G;0;0;973
201400058661;14;7;19;1930;5;2;2;1;3;7;;G;0;0;973
201400058662;14;8;28;1230;1;2;1;1;6;7;RUE DE LA CABRESE;G;0;0;973
201400058663;14;8;29;1130;1;1;1;1;3;7;;G;0;0;973
201400058664;14;8;30;2245;3;1;1;1;1;7;;G;0;0;973
201400058665;14;11;8;815;1;1;1;1;2;7;;G;0;0;973
201400058666;14;11;8;1645;1;1;1;1;1;7;;G;0;0;973
201400058667;14;11;20;1800;1;2;1;1;1;7;intersection Bagasse RN2;G;0;0;973
201400058668;14;12;1;900;1;2;1;1;3;7;Int. RN2/Rue Bagasse;G;0;0;973
201400058669;14;2;28;2015;3;2;1;1;6;15;203, rue du cendragon;R;;;974
201400058670;14;11;7;1530;1;1;1;1;2;15;;R;0;0;974
201400058671;14;11;25;1215;1;1;1;1;5;15;;R;0;0;974
201400058672;14;12;10;1700;2;1;1;2;1;15;;R;0;0;974
201400058673;14;7;30;1700;1;2;1;1;7;15;rue prisami;R;0;0;974
201400058674;14;5;25;1830;1;2;1;1;1;30;Tartane;A;0;0;972
201400058675;14;4;5;30;3;1;1;1;7;1;;R;0;0;974
201400058676;14;2;3;1145;1;1;1;1;3;13;;R;0;0;974
201400058677;14;3;17;915;1;1;1;1;3;13;;R;;;974
201400058678;14;5;24;1200;1;1;1;1;6;13;;R;0;0;974
201400058679;14;10;24;1330;1;1;1;1;3;13;;R;0;0;974
201400058680;14;2;9;745;1;1;1;1;1;32;;A;0;0;971
201400058681;14;3;15;2315;5;1;1;1;1;32;;A;0;0;971
201400058682;14;7;8;1145;1;1;1;1;3;9;;A;0;0;971
201400058683;14;9;21;1530;1;1;1;1;3;9;;A;0;0;971
201400058684;14;9;20;1730;1;2;1;7;6;14;Rue cartouche;R;;;974
201400058685;14;10;27;1430;1;2;1;1;1;14;Chemin Champignons;R;;;974
201400058686;14;11;29;945;1;1;1;1;6;14;;R;0;0;974
201400058687;14;12;5;2345;3;2;1;1;3;14;;R;;;974
201400058688;14;8;17;1015;1;1;1;1;3;14;;R;0;0;974
201400058689;14;2;23;900;1;2;1;1;5;14;72 rue du ouaki - La riv;R;;;974
201400058690;14;4;17;1445;1;1;1;1;7;14;;R;0;0;974
201400058691;14;4;21;1245;1;2;1;1;1;14;12 rue Verval - La Rivi?;R;;;974
201400058692;14;1;19;1600;1;1;1;1;1;10;;R;0;0;974
201400058693;14;2;14;2300;5;2;1;1;1;10;rn2 pk42+700;R;0;0;974
201400058694;14;8;22;1515;1;1;1;1;1;34;;A;0;0;972
201400058695;14;8;30;1845;3;1;1;1;3;34;;A;0;0;972
201400058696;14;9;27;1545;1;1;1;1;3;34;;A;0;0;972
201400058697;14;1;12;600;1;1;1;1;3;17;;A;0;0;972
201400058698;14;4;19;1330;1;1;1;1;7;27;;A;0;0;972
201400058699;14;5;8;1600;1;1;1;1;6;26;;A;0;0;972
201400058700;14;5;24;1115;1;1;1;1;6;26;;A;0;0;972
201400058701;14;7;31;2245;5;2;1;1;5;17;;A;0;0;972
201400058702;14;8;24;1500;2;1;1;1;1;26;;A;0;0;972
201400058703;14;11;19;1345;1;2;1;1;1;27;RN 5;A;0;0;972
201400058704;14;11;25;700;1;2;9;1;3;17;la agn?s;A;0;0;972
201400058705;14;12;8;1300;1;1;1;1;6;20;;A;0;0;972
201400058706;14;12;11;1615;1;1;1;1;1;27;;A;0;0;972
201400058707;14;12;29;45;3;2;1;8;1;27;rn5;A;0;0;972
201400058708;14;12;29;1845;4;1;1;1;3;26;;A;0;0;972
201400058709;14;3;4;1930;3;1;1;1;1;31;;A;0;0;972
201400058710;14;3;26;1630;1;1;1;1;1;21;;A;0;0;972
201400058711;14;4;12;1700;1;1;1;7;3;31;;A;0;0;972
201400058712;14;6;5;800;1;2;1;1;6;21;rte morne coste;A;0;0;972
201400058713;14;6;21;845;4;1;1;1;7;31;;A;0;0;972
201400058714;14;6;27;1930;3;2;1;1;6;31;quartier beaufond;A;0;0;972
201400058715;14;6;29;1815;1;2;1;1;1;21;RD7;A;0;0;972
201400058716;14;8;13;1400;1;1;1;1;1;2;;A;0;0;972
201400058717;14;11;29;415;3;2;1;1;1;21;RUE MORNE COSTET;A;0;0;972
201400058718;14;12;13;1230;1;1;1;1;4;21;;A;0;0;972
201400058719;14;3;28;1115;1;2;1;1;6;23;RD6 Route du Fran?ois;A;0;0;972
201400058720;14;4;1;1200;1;2;1;1;7;7;Route de Bac;A;0;0;972
201400058721;14;4;26;1830;5;2;1;1;1;7;RUE ZIZINE DES ETAGES;A;0;0;972
201400058722;14;7;7;1245;1;1;1;1;7;7;;A;0;0;972
201400058723;14;9;13;245;3;1;9;2;1;7;;A;0;0;972
201400058724;14;4;30;1330;1;1;1;1;6;1;;A;0;0;972
201400058725;14;5;3;1345;1;1;1;1;1;16;;A;0;0;972
201400058726;14;9;4;1900;3;1;1;1;6;14;;A;0;0;972
201400058727;14;9;16;2315;5;1;1;1;1;14;;A;0;0;972
201400058728;14;9;23;2130;3;1;1;1;1;14;;A;0;0;972
201400058729;14;4;6;15;5;1;1;8;1;22;;A;0;0;972
201400058730;14;6;8;2315;5;2;1;1;6;22;quartier mansarde;A;0;0;972
201400058731;14;8;2;1730;1;1;1;1;1;22;;A;0;0;972
201400058732;14;9;22;1145;1;1;1;1;1;12;;A;0;0;972
201400058733;14;10;25;1315;1;2;1;1;6;12;PETITE TRACEE 2;A;0;0;972
201400058734;14;12;23;1830;5;2;1;1;3;22;boulevard Edouard PIDERY;A;0;0;972
201400058735;14;5;25;230;5;2;1;1;6;1;Route Ravine Sèche;R;0;0;974
201400058736;14;4;29;545;1;2;6;1;3;22;Rue Marius et Ary Leblon;R;;;974
201400058737;14;11;22;15;3;2;1;1;1;22;AVENUE DE L EUROPE;R;;;974
201400058738;14;11;27;1145;1;2;1;1;2;22;155 rue georges pompidou;R;;;974
201400058739;14;11;22;1700;1;1;1;1;6;62;;G;0;0;973
201400058740;14;1;6;1700;1;2;1;1;4;5;FELIX EBOUE (BOULVARD G.;A;0;0;971
201400058741;14;1;15;1949;5;2;1;1;6;5;SAINT-CLAUDE (AVENUE DE);A;0;0;971
201400058742;14;1;16;2030;5;2;1;8;6;2;, HOCHIMINH  (RUE);A;0;0;971
201400058743;14;2;15;2236;5;2;1;1;6;5;CHARLES DE GAULLE (BD DU;A;0;0;971
201400058744;14;2;17;1130;1;2;1;1;3;5;PAUL LACAVE (AVENUE );A;0;0;971
201400058745;14;2;18;1430;1;2;1;3;3;5;PERE LABAT (RUE DU);A;0;0;971
201400058746;14;2;20;1805;5;2;1;1;5;5;NR, PERES DOMINICAINS(AV;A;0;0;971
201400058747;14;2;21;2245;5;2;6;1;3;5;GOUVERNEUR DU LYON (AVE);A;0;0;971
201400058748;14;2;23;2230;5;2;1;1;1;5;PINTADE;A;0;0;971
201400058749;14;3;5;1715;1;2;3;1;1;5;NR, DELRIEU (RUE);A;0;0;971
201400058750;14;4;9;1900;5;2;1;1;6;5;NR, CHARLES DE GAULLE (B;A;0;0;971
201400058751;14;4;12;2040;5;2;1;1;6;5;300, Gouverneur de Lyon;A;0;0;971
201400058752;14;5;3;615;1;2;1;1;6;5;CHARLES DE GAULLE (BOULE;A;0;0;971
201400058753;14;5;5;740;1;2;1;1;6;5;, BOLOGNE (ROUTE DE);A;0;0;971
201400058754;14;7;31;1;5;1;1;1;6;5;00, GASTON FEUILLARD(AVE;A;0;0;971
201400058755;14;8;7;2210;5;2;2;8;6;5;PAUL LACAVE (AVENUE );A;0;0;971
201400058756;14;8;16;1945;5;2;6;1;3;5;GASTON FEUILLARD(AVENUE);A;0;0;971
201400058757;14;8;24;1045;1;2;1;1;1;5;GOUVERNEUR DU LYON (AVE);A;0;0;971
201400058758;14;9;8;1125;1;2;1;1;3;5;DUGOMMIER (RUE DU);A;0;0;971
201400058759;14;9;17;400;5;2;1;1;6;5;CHARLES DE GAULLE (BOULE;A;0;0;971
201400058760;14;9;20;1700;1;1;1;1;6;5;3, F. MITTERANT (AVENUE);A;0;0;971
201400058761;14;9;20;740;1;2;1;1;1;5;CHARLES DE GAULLE (BD DU;A;0;0;971
201400058762;14;10;4;600;1;2;1;1;3;5;GOUVERNEUR DU LYON (AVE);A;0;0;971
201400058763;14;11;1;1840;5;2;1;2;6;5;SAINT-CLAUDE (AVENUE DE);A;0;0;971
201400058764;14;11;24;1355;1;1;1;1;5;5;NR, RN2;A;0;0;971
201400058765;14;12;3;710;1;2;1;1;7;5;LARDENOY (RUE DE );A;0;0;971
201400058766;14;12;3;1245;1;2;1;1;2;5;GOUVERNEUR DU LYON (AVE);A;0;0;971
201400058767;14;12;11;1510;1;1;1;1;3;5;Gouverneur de Lyon (Aven;A;0;0;971
201400058768;14;12;12;1400;1;2;1;1;2;5;LARDENOY (RUE DE );A;0;0;971
201400058769;14;1;2;1810;5;2;2;1;3;7;PAUL LACAVE ( AVENUE );A;0;0;971
201400058770;14;1;10;1300;1;2;9;1;3;7;PAUL LACAVE ( AVENUE );A;0;0;971
201400058771;14;2;6;900;1;2;3;1;3;7;DELGRES ( BOULEVARD );A;0;0;971
201400058772;14;3;22;1835;5;2;1;1;2;7;FLAMBOYANTS ( ALLEE DES;A;0;0;971
201400058773;14;3;28;1900;5;2;1;1;2;7;20, DELGRES ( BOULEVARD;A;0;0;971
201400058774;14;4;29;1055;1;2;1;1;6;7;FLAMBOYANTS ( ALLEE DES;A;0;0;971
201400058775;14;2;27;2155;3;2;1;1;6;7;HARMONIE (RUE DE L');A;0;0;971
201400058776;14;6;26;1440;1;2;3;1;3;7;FLAMBOYANTS ( ALLEE DES;A;0;0;971
201400058777;14;8;30;1600;1;2;1;1;6;7;6FRONT DE MER ( BOULEVAR;A;0;0;971
201400058778;14;4;5;945;1;2;3;1;2;7;DUMANOIR ( ALLEE );A;0;0;971
201400058779;14;7;16;1045;1;2;1;1;2;7;SAINT RUFF (AVENUE);A;0;0;971
201400058780;14;8;11;1055;1;2;1;1;1;7;3DUMANOIR ( ALLEE );A;0;0;971
201400058781;14;8;21;1610;1;2;1;9;2;7;1FRONT DE MER ( BOULEVAR;A;0;0;971
201400058782;14;8;24;1050;1;2;1;1;5;7;5DUMANOIR ( ALLEE );A;0;0;971
201400058783;14;8;30;1330;1;2;2;3;1;7;3PHILIS LEON SEYMOUR ( R;A;0;0;971
201400058784;14;8;30;310;5;2;1;;6;7;7MARQUISAT ( ROUTE DE );A;0;0;971
201400058785;14;9;17;1620;1;2;1;1;3;7;23, FLAMBOYANTS ( ALLEE;A;0;0;971
201400058786;14;10;19;1325;1;2;3;1;3;7;DUMANOIR ( ALLEE );A;0;0;971
201400058787;14;11;13;1825;2;1;1;1;3;7;DUMANOIR ( ALLEE );A;0;0;971
201400058788;14;11;13;1825;4;1;3;8;7;7;MARQUISAT ( ROUTE DE );A;0;0;971
201400058789;14;11;13;1200;1;2;8;1;6;7;23, PAUL LACAVE ( AVENUE;A;0;0;971
201400058790;14;11;18;1710;2;2;1;1;6;7;115, DUMANOIR ( ALLEE );A;0;0;971
201400058791;14;11;19;1635;1;2;9;1;3;7;41, GAMBETTA ( RUE );A;0;0;971
201400058792;14;12;15;2030;5;2;1;1;3;7;GERMAIN ST RUF (AVENUE );A;0;0;971
201400058793;14;1;11;238;5;1;1;1;6;13;RN 4, RN4-ROND POINT SAI;A;0;0;971
201400058794;14;1;18;1330;1;2;1;1;7;20;00, VATABLE;A;0;0;971
201400058795;14;1;21;930;1;1;1;1;3;13;RN 4, Morne Salines;A;0;0;971
201400058796;14;1;23;1816;1;2;3;1;3;20;00, STADE MUNICIPAL;A;0;0;971
201400058797;14;2;7;1200;1;2;1;1;3;1;RD 126, AUTO GUADELOUPE;A;0;0;971
201400058798;14;2;7;1625;1;2;1;1;3;1;RN 5, RN5-BOISRIPEAUX;A;0;0;971
201400058799;14;2;13;805;1;2;1;1;3;1;00, RUE JEAN  IGNACE;A;0;0;971
201400058800;14;6;26;1440;1;2;2;3;1;7;3FLAMBOYANTS ( ALLEE DES;A;0;0;971
201400058801;14;2;13;1430;1;1;1;1;1;1;RD 102, BEAUSOLEIL;A;0;0;971
201400058802;14;2;20;745;1;1;1;1;2;13;RN 4, RN4 - SECTION RIVI;A;0;0;971
201400058803;14;2;21;1625;1;1;1;1;2;1;RN 1, GRAND CAMP(SECTION;A;0;0;971
201400058804;14;2;23;225;3;1;1;8;1;1;RD 108, ROUTE DE CHAZEAU;A;0;0;971
201400058805;14;2;23;2020;5;2;1;1;3;20;RD 126, GERTY ARCHIMEDE;A;0;0;971
201400058806;14;2;24;1405;1;1;1;1;5;1;RD 103, BESSON;A;0;0;971
201400058807;14;2;15;2045;3;2;1;9;1;1;RD 108, CHAZEAU;A;0;0;971
201400058808;14;2;23;1057;1;2;1;1;3;20;59, COUR ZAMIA;A;0;0;971
201400058809;14;3;1;635;1;1;1;2;3;1;RN 1, RN1 ROCADE DE CHAU;A;0;0;971
201400058810;14;3;3;2250;5;2;1;1;7;1;RD 103, CHAUVEL;A;0;0;971
201400058811;14;11;13;1825;2;1;1;1;3;20;DUMANOIR ( ALLEE );A;0;0;971
201400058812;14;3;28;1935;3;1;1;1;1;1;00, BOZON;A;0;0;971
201400058813;14;11;13;1825;4;1;3;8;7;20;MARQUISAT ( ROUTE DE );A;0;0;971
201400058814;14;11;13;1200;1;2;8;1;6;20;23, PAUL LACAVE ( AVENUE;A;0;0;971
201400058815;14;3;30;1930;5;1;1;1;1;1;00, CARAQUE;A;0;0;971
201400058816;14;4;4;1915;5;2;3;1;3;1;00, POINTE D'OR;A;0;0;971
201400058817;14;11;19;1635;1;2;9;1;3;20;41, GAMBETTA ( RUE );A;0;0;971
201400058818;14;4;6;2300;4;2;1;1;6;13;RN 4, RN4 - SECTION RIVI;A;0;0;971
201400058819;14;4;11;20;5;2;3;1;3;1;00, BOISSARD;A;0;0;971
201400058820;14;4;10;2020;5;1;3;1;2;13;RN 4, RN4 - SECTION RIVI;A;0;0;971
201400058821;14;4;13;1947;5;2;1;1;1;13;RN 4, Section Port Blanc;A;0;0;971
201400058822;14;4;15;1615;1;1;1;1;6;1;RD 102, ROUTE DE BOISVIN;A;0;0;971
201400058823;14;4;20;10;5;2;1;1;6;13;RD 127, MONTAUBAN (SECTE;A;0;0;971
201400058824;14;4;28;1600;1;1;1;1;3;1;00, PETIT PEROU;A;0;0;971
201400058825;14;5;1;2134;5;2;1;1;2;13;RD 127, MONTAUBAN (SECTE;A;0;0;971
201400058826;14;5;6;900;1;2;6;1;3;1;00, LE RAIZET(SECTEUR);A;0;0;971
201400058827;14;5;7;950;1;1;1;2;1;1;RN 1, CHAUVEL;A;0;0;971
201400058828;14;5;5;2230;3;1;1;1;6;13;00, SECTION BOIS DE ROSE;A;0;0;971
201400058829;14;5;6;2020;5;2;1;1;3;13;RN 4, ROUTE DE PERINET-R;A;0;0;971
201400058830;14;5;11;310;4;1;1;2;5;1;RN 1, GRAND CAMP(SECTION;A;0;0;971
201400058831;14;4;26;400;3;1;1;1;1;13;1816, SECTION LEROUX;A;0;0;971
201400058832;14;5;16;1335;1;1;1;1;7;1;RD 102, BEAUSOLEIL;A;0;0;971
201400058833;14;5;20;1559;1;1;3;1;1;1;RD 129, DUGAZON;A;0;0;971
201400058834;14;5;27;1550;1;2;3;1;1;1;00, ROUTE DE BOISVINS;A;0;0;971
201400058835;14;5;28;2254;5;2;2;1;3;20;00, FREBAULT;A;0;0;971
201400058836;14;5;31;200;5;2;1;1;7;20;04, RASPAIL;A;0;0;971
201400058837;14;6;5;1945;5;1;1;2;4;13;RD 119, MONTAUBAN (SECTE;A;0;0;971
201400058838;14;6;7;2225;5;1;3;1;1;13;RN 4, RN4 - SECTION RIVI;A;0;0;971
201400058839;14;6;8;710;1;1;1;1;6;1;RN 4, CHAUVEL;A;0;0;971
201400058840;14;6;10;1914;5;2;6;1;3;20;RD 125, ZONE INDUSTRIELL;A;0;0;971
201400058841;14;6;18;1435;1;1;1;1;6;1;BLANCHARD;A;0;0;971
201400058842;14;6;13;1920;5;2;1;1;3;1;RD 103, BESSON;A;0;0;971
201400058843;14;6;26;1555;1;1;1;1;1;13;00, SECTION MATHURIN;A;0;0;971
201400058844;14;6;28;845;1;1;1;1;2;13;RN 4, SECTION LABROUSSE;A;0;0;971
201400058845;14;6;28;600;1;1;1;1;7;13;00, PONT DE POUCET;A;0;0;971
201400058846;14;6;27;1759;1;2;1;1;5;1;RD 106, BOISRIPEAUX;A;0;0;971
201400058847;14;7;6;2220;5;2;1;1;1;13;RD 104, SECTEUR GRAND BO;A;0;0;971
201400058848;14;7;8;1500;1;2;6;1;3;1;RD 126, PETIT PEROU;A;0;0;971
201400058849;14;7;15;1715;1;2;2;1;3;20;RD 103, CHANZY (BOULEVAR;A;0;0;971
201400058850;14;7;10;2105;5;1;1;1;2;13;RN 4, PETIT HAVRE (SECTE;A;0;0;971
201400058851;14;7;19;2115;5;2;2;1;7;20;RD 103, HOPITAL (BOULEVA;A;0;0;971
201400058852;14;7;20;1915;5;1;4;1;2;1;RD 102, ROUTE DES ABYMES;A;0;0;971
201400058853;14;7;22;915;1;1;3;1;2;1;RD 102, DUGAZON DE BOURG;A;0;0;971
201400058854;14;7;31;2320;5;2;2;1;3;1;RN5, MORNE VERGAIN;A;0;0;971
201400058855;14;8;1;240;3;2;1;1;7;1;RN 5, PROVIDENCE;A;0;0;971
201400058856;14;8;4;1140;1;2;3;2;3;1;RD 103, CHAUVEL;A;0;0;971
201400058857;14;8;8;250;5;2;1;3;1;13;RN 4, PONT DE POUCET;A;0;0;971
201400058858;14;7;19;400;5;2;2;1;3;1;RN 5, ROUTE DES ABYMES;A;0;0;971
201400058859;14;8;25;1500;1;2;1;1;4;13;RN 4, RN4 - SECTION RIVI;A;0;0;971
201400058860;14;8;26;530;2;1;1;1;2;1;RN 5, PERRIN;A;0;0;971
201400058861;14;9;2;1650;1;1;1;1;3;13;RN 4, GRAND BAIE ( RN4);A;0;0;971
201400058862;14;9;4;645;1;1;1;2;5;13;RD 103, SECTION COCOYER;A;0;0;971
201400058863;14;9;5;1540;1;1;1;3;3;1;RD 102, ROUTE DE BOISVIN;A;0;0;971
201400058864;14;9;9;1500;1;2;2;1;3;1;RN 5, ROUTE DES ABYMES;A;0;0;971
201400058865;14;9;6;2220;5;1;1;1;7;13;RN 4, RN4 - SECTION RIVI;A;0;0;971
201400058866;14;9;11;2045;4;2;9;1;7;1;00, BAIMBRIDGE;A;0;0;971
201400058867;14;9;16;2100;5;2;2;1;3;20;00, HINCELIN;A;0;0;971
201400058868;14;9;17;1355;1;2;2;1;3;1;RD 126, Fr?d?ric JALTON;A;0;0;971
201400058869;14;9;19;730;1;1;3;1;3;13;RN 4, RN4 - SECTION RIVI;A;0;0;971
201400058870;14;9;19;1715;1;1;1;1;2;1;RN 1, RN1 ROCADE DE CHAU;A;0;0;971
201400058871;14;9;20;1200;1;1;1;2;1;1;00, BEAUSOLEIL;A;0;0;971
201400058872;14;9;23;1340;1;2;1;1;5;1;RN 5, MORNE VERGAIN;A;0;0;971
201400058873;14;9;26;1725;1;2;1;2;2;1;RD 101, CHAZEAU;A;0;0;971
201400058874;14;9;28;1245;1;2;3;1;7;20;RD 103, CHANZY (BOULEVAR;A;0;0;971
201400058875;14;9;28;1715;1;2;1;1;7;1;00, PROVIDENCE;A;0;0;971
201400058876;14;10;3;1040;1;1;1;1;7;1;RD 101, CHAZEAU;A;0;0;971
201400058877;14;10;3;1120;1;2;3;1;3;1;00, CADUC;A;0;0;971
201400058878;14;10;7;700;1;2;1;1;2;1;RN 4, BLANCHARD;A;0;0;971
201400058879;14;10;7;1910;5;2;1;1;2;1;RN 5, PETIT PEROU;A;0;0;971
201400058880;14;10;20;1050;1;2;1;1;5;1;RD 101, ROUTE DE CHAZEAU;A;0;0;971
201400058881;14;9;27;2024;5;1;1;9;7;1;RD 106, PERRIN;A;0;0;971
201400058882;14;10;23;1845;5;2;1;1;7;1;105, BAZIN;A;0;0;971
201400058883;14;10;25;845;1;2;4;1;7;1;RD 125, Amiti? des peupl;A;0;0;971
201400058884;14;10;29;1800;5;2;1;2;7;1;76, VIEUX BOURG;A;0;0;971
201400058885;14;10;30;1430;1;2;1;1;6;1;7RD 126, HALL DES SPORTS;A;0;0;971
201400058886;14;11;9;2145;5;1;1;2;2;13;RN 4, BAS DU FORT;A;0;0;971
201400058887;14;11;17;1315;1;2;1;1;7;1;00, BOISRIPEAUX;A;0;0;971
201400058888;14;11;13;1755;5;1;1;1;7;13;RN 4, RN4 - SECTION RIVI;A;0;0;971
201400058889;14;11;23;345;5;1;1;1;7;20;RN 1, BLANCHARD;A;0;0;971
201400058890;14;11;25;2117;5;2;1;1;3;1;00, DUGAZON;A;0;0;971
201400058891;14;11;29;1420;1;2;1;1;6;1;00, TERRAIN SONIS;A;0;0;971
201400058892;14;12;1;1530;1;2;3;1;3;1;RN 05, RN05;A;0;0;971
201400058893;14;12;5;1620;1;2;4;1;1;1;CARAQUE;A;0;0;971
201400058894;14;12;6;1000;1;1;3;1;1;1;RD 102, DUGAZON DE BOURG;A;0;0;971
201400058895;14;12;8;1355;1;2;9;1;7;1;RD 103, CENTRE HOSPITALI;A;0;0;971
201400058896;14;12;11;1955;5;1;1;1;7;1;RN 1, RN1 ROCADE DE CHAU;A;0;0;971
201400058897;14;12;12;1745;5;2;3;1;5;1;00, DUGAZON;A;0;0;971
201400058898;14;12;17;2047;5;2;1;1;3;1;00, BOISRIPEAUX;A;0;0;971
201400058899;14;12;19;1835;3;2;1;1;7;1;RD 103, CENTRE HOSPITALI;A;0;0;971
201400058900;14;12;20;510;5;2;2;1;7;20;00, HINCELIN;A;0;0;971
201400058901;14;12;22;1440;1;2;1;1;1;1;RD 102, ROUTE DE CHAZEAU;A;0;0;971
201400058902;14;12;22;1815;2;2;3;1;3;13;RD 119, GENERAL DE GAULL;A;0;0;971
201400058903;14;12;26;135;5;1;4;2;1;1;00, CARAQUE;A;0;0;971
201400058904;14;12;26;244;5;2;1;1;3;1;RN 5, VIEUX BOURG;A;0;0;971
201400058905;14;12;17;2254;5;1;9;1;6;1;RD 102, BEAUSOLEIL;A;0;0;971
201400058906;14;1;1;555;2;2;1;1;6;9;7Rocade, RD 41;A;0;0;972
201400058907;14;1;4;1525;1;2;1;1;1;9;2Comm, GENERAL GALLIENI;A;0;0;972
201400058908;14;1;7;847;1;2;2;1;6;9;6RD42, BOUILLE (RUE);A;0;0;972
201400058909;14;1;7;1205;1;2;1;1;6;9;6Comm, ANTOINE SIGER (RU;A;0;0;972
201400058910;14;1;8;2110;5;2;1;1;1;9;6RN1, MAURICE BISHOP (AV;A;0;0;972
201400058911;14;1;10;1245;1;2;1;1;6;9;6RD 51, ABBE LAVIGNE (AV;A;0;0;972
201400058912;14;1;11;120;5;1;1;1;7;9;7A1, AUTOROUTE (A1);A;0;0;972
201400058913;14;1;12;1812;2;2;2;3;1;9;3RN1, GENERAL DE GAULLE;A;0;0;972
201400058914;14;1;12;1955;5;2;2;6;1;9;6RD 45, PROFESSEUR RAYMO;A;0;0;972
201400058915;14;1;15;1030;1;2;1;1;1;9;3Comm, SALVATOR ALLENDE;A;0;0;972
201400058916;14;1;16;2240;5;2;1;1;6;9;Comm, PAVE (RUE DU);A;0;0;972
201400058917;14;1;17;1912;5;2;1;8;7;9;Rocade, RD 41;A;0;0;972
201400058918;14;1;19;2000;5;2;1;1;1;9;RD 42, CHEVALIER DE SAIN;A;0;0;972
201400058919;14;1;19;2235;5;2;2;1;3;9;RN1, GENERAL DE GAULLE (;A;0;0;972
201400058920;14;1;22;1250;1;2;1;1;6;9;RN01, GENERAL DE GAULLE;A;0;0;972
201400058921;14;1;24;1705;1;2;1;1;6;9;RD 51, ABBE LAVIGNE (AVE;A;0;0;972
201400058922;14;1;27;1635;1;2;3;1;3;9;RN4, FOLIE (ROUTE DE LA);A;0;0;972
201400058923;14;1;28;2035;5;2;1;1;6;9;RD41, RD 41;A;0;0;972
201400058924;14;2;1;455;5;2;3;1;3;9;RN1, GENERAL DE GAULLE (;A;0;0;972
201400058925;14;2;2;1615;1;2;3;1;3;9;RN1, MAURICE BISHOP (AVE;A;0;0;972
201400058926;14;2;10;750;1;1;1;1;6;9;rd 45, DIDIER (ROUTE DE);A;0;0;972
201400058927;14;2;11;1155;1;2;1;1;2;9;Rocade, RD 41;A;0;0;972
201400058928;14;2;12;1650;1;2;1;1;6;9;Comm, ANTOINE SIGER (RUE;A;0;0;972
201400058929;14;2;13;655;1;1;1;1;6;9;RN02, MARNE (BOULEVARD D;A;0;0;972
201400058930;14;2;15;220;5;2;1;1;7;9;RD 59, VICTOR LAMON (AVE;A;0;0;972
201400058931;14;2;15;1042;1;2;1;1;6;9;Comm, TAMARINS DES INDES;A;0;0;972