num_acc;an;mois;jour;hrmn;lum;agg;int;atm;col;com;adr;gps;lat;long;dep
201400058932;14;2;16;455;5;2;1;1;6;9;7Rocade, RD 41;A;0;0;972
201400058933;14;2;18;945;1;2;1;1;5;9;6Comm, ARAWAKS (AVENUE D;A;0;0;972
201400058934;14;2;20;715;1;2;1;1;1;9;1Comm, AMILCAR CABRAL (B;A;0;0;972
201400058935;14;2;25;1000;1;2;9;1;6;9;6Comm, LIBERTE (RUE DE L;A;0;0;972
201400058936;14;2;26;1140;1;2;1;1;6;9;6Comm, JULES MONNEROT (R;A;0;0;972
201400058937;14;3;1;1755;2;1;1;1;7;9;RN3, BALATA (ROUTE DE);A;0;0;972
201400058938;14;3;2;1945;5;2;1;1;1;9;Comm, ADHEMAR MODOCK (BO;A;0;0;972
201400058939;14;3;3;1230;1;2;1;1;6;9;RN2, MARNE (BOULEVARD DE;A;0;0;972
201400058940;14;3;4;130;3;1;1;1;6;9;Comm, TIVOLI (ROUTE DE );A;0;0;972
201400058941;14;3;4;1950;5;2;1;1;6;9;RN1, GENERAL DE GAULLE (;A;0;0;972
201400058942;14;3;7;910;1;2;1;1;6;9;RN1, GENERAL DE GAULLE (;A;0;0;972
201400058943;14;3;7;1335;1;2;1;1;6;9;Comm, NELSON MANDELA (BO;A;0;0;972
201400058944;14;3;7;1905;3;1;1;8;1;9;RN3, BALATA (ROUTE DE);A;0;0;972
201400058945;14;3;8;1900;5;1;1;1;6;9;RN9, RN9;A;0;0;972
201400058946;14;3;11;1533;1;2;1;1;6;9;Comm, GRAND CARAIBE (RUE;A;0;0;972
201400058947;14;3;13;1445;1;2;1;1;6;9;RN1, GENERAL DE GAULLE (;A;0;0;972
201400058948;14;3;16;110;5;1;1;8;7;9;RD40, SOLEIL LEVANT (BOU;A;0;0;972
201400058949;14;3;17;804;1;2;1;1;3;9;RD13, CHATEAUBOEUF (ROUT;A;0;0;972
201400058950;14;3;18;1815;2;1;1;8;7;9;Comm, GODISSARD (BOULEVA;A;0;0;972
201400058951;14;3;21;800;1;2;1;1;6;9;RN1, GENERAL DE GAULLE (;A;0;0;972
201400058952;14;3;22;2000;5;2;1;1;7;9;Comm, GOUVERNEUR PONTON;A;0;0;972
201400058953;14;3;25;1515;1;2;1;1;3;9;RD 45, PROFESSEUR RAYMON;A;0;0;972
201400058954;14;3;27;840;1;2;1;1;6;9;Comm, GERARD NOUVET (RUE;A;0;0;972
201400058955;14;3;27;2033;5;2;1;1;6;9;RN1, GENERAL DE GAULLE (;A;0;0;972
201400058956;14;3;28;2000;5;1;1;1;6;9;RD47, RAVINE VILAINE (CH;A;0;0;972
201400058957;14;3;31;1515;1;1;1;1;6;9;RD13A, JAMBETTE (ROUTE D;A;0;0;972
201400058958;14;4;2;1055;1;2;1;1;1;9;2Rocade, RD 41;A;0;0;972
201400058959;14;4;5;1205;1;2;1;1;6;9;6Comm, FELIX EBOUE (RUE);A;0;0;972
201400058960;14;4;7;1350;1;2;1;1;6;9;6RD42, ALFASSA (BOULEVAR;A;0;0;972
201400058961;14;4;9;1150;1;2;1;1;6;9;6Comm, SALVATOR ALLENDE;A;0;0;972
201400058962;14;4;11;1820;2;2;1;1;1;9;1RN3, BALATA (ROUTE DE);A;0;0;972
201400058963;14;4;19;1617;1;2;1;1;6;9;RD 41, RD 41;A;0;0;972
201400058964;14;4;19;2210;5;2;1;1;7;9;A1, AUTOROUTE (A1);A;0;0;972
201400058965;14;4;20;455;2;2;1;1;7;9;Rocade, RD 41;A;0;0;972
201400058966;14;4;23;815;1;2;1;1;6;9;Comm, VICTOR SEVERE (RUE;A;0;0;972
201400058967;14;4;24;1648;1;2;1;1;6;9;Comm, KERLYS (RUE DE );A;0;0;972
201400058968;14;5;1;455;2;1;1;1;6;9;A1, AUTOROUTE (A1);A;0;0;972
201400058969;14;5;2;2110;5;2;1;1;6;9;Comm, AURELIE DICANOT (R;A;0;0;972
201400058970;14;5;3;2138;5;2;1;1;1;9;RD 48, RELIGIEUSES (ROUT;A;0;0;972
201400058971;14;5;6;630;1;2;1;1;6;9;RD 40, SOLEIL LEVANT (BO;A;0;0;972
201400058972;14;5;7;1230;1;2;1;1;3;9;RN9, RN9;A;0;0;972
201400058973;14;5;9;735;1;2;1;8;7;9;Comm, T.S.F. (BOULEVARD);A;0;0;972
201400058974;14;5;10;1030;1;2;3;1;6;9;Comm, DILLON (AVENUE DE);A;0;0;972
201400058975;14;5;11;1355;1;2;1;1;7;9;Comm, ABATTOIR (RUE DE L;A;0;0;972
201400058976;14;5;16;1355;1;2;1;1;2;9;RD 59, VICTOR LAMON (AVE;A;0;0;972
201400058977;14;5;19;857;1;2;3;1;3;9;Comm, NELSON MANDELA (BO;A;0;0;972
201400058978;14;5;20;1915;5;2;1;1;2;9;RN2, ROBERT ATTULY (BOUL;A;0;0;972
201400058979;14;5;26;1050;1;2;1;1;6;9;RD45, PROFESSEUR RAYMOND;A;0;0;972
201400058980;14;5;27;1130;1;2;1;1;6;9;Comm, SALVATOR ALLENDE (;A;0;0;972
201400058981;14;5;29;1445;1;2;1;1;2;9;RD49, ENTRAIDE (ROUTE DE;A;0;0;972
201400058982;14;5;31;540;2;2;1;1;7;9;RD 41, RD 41;A;0;0;972
201400058983;14;6;3;645;1;2;1;1;4;9;RD41, RD 41;A;0;0;972
201400058984;14;6;4;1145;1;1;1;1;6;9;RD13A, JAMBETTE (ROUTE D;A;0;0;972
201400058985;14;6;5;1935;5;1;1;1;6;9;RN1, AUTOROUTE (A1);A;0;0;972
201400058986;14;6;6;1455;1;2;1;1;6;9;RD 48, RELIGIEUSES (ROUT;A;0;0;972
201400058987;14;6;9;1935;5;2;1;1;6;9;RD44, CLUNY (ROUTE DE);A;0;0;972
201400058988;14;6;11;1015;1;2;1;1;6;9;RD 53, POINTE DES NEGRES;A;0;0;972
201400058989;14;6;12;2305;5;2;2;1;6;9;Com, ERNEST DEPROGE (RUE;A;0;0;972
201400058990;14;6;18;1930;5;1;1;1;6;9;Comm, FERNAND GABOLY (RU;A;0;0;972
201400058991;14;6;22;440;5;2;1;1;1;9;RN3, BALATA (ROUTE DE);A;0;0;972
201400058992;14;6;26;855;1;1;3;1;6;9;RD 49, MOUTTE (ROUTE DE);A;0;0;972
201400058993;14;6;27;815;1;2;1;1;6;9;RN1, GENERAL DE GAULLE (;A;0;0;972
201400058994;14;6;28;330;5;2;1;1;7;9;RD13, CHATEAUBOEUF (ROUT;A;0;0;972
201400058995;14;7;1;1005;1;2;3;1;3;9;Comm, NELSON MANDELA (BO;A;0;0;972
201400058996;14;7;4;1505;1;2;9;1;6;9;6RN1, GENERAL DE GAULLE;A;0;0;972
201400058997;14;7;4;1130;1;2;1;1;6;9;RD46, Rue Xavier ORVILLE;A;0;0;972
201400058998;14;7;16;1555;1;2;1;1;6;9;RD 46, Rue Xavier ORVILL;A;0;0;972
201400058999;14;7;17;1315;1;1;1;1;6;9;RD 40, SOLEIL LEVANT (BO;A;0;0;972
201400059000;14;7;18;1055;1;1;1;1;6;9;Comm, MORNE VENTE (RUE D;A;0;0;972
201400059001;14;7;23;1445;1;1;1;1;7;9;RN4, REDOUTE (ROUTE DE L;A;0;0;972
201400059002;14;7;24;2100;5;2;1;1;6;9;RN1, MAURICE BISHOP (AVE;A;0;0;972
201400059003;14;7;29;935;1;2;1;1;6;9;RN4, FOLIE (ROUTE DE LA);A;0;0;972
201400059004;14;8;2;1655;1;2;1;1;2;9;RD13, CHATEAUBOEUF (ROUT;A;0;0;972
201400059005;14;8;3;2215;3;1;1;1;6;9;A1, AUTOROUTE (A1);A;0;0;972
201400059006;14;8;8;1450;1;2;1;1;6;9;Comm, TANNERIE (RUE DE L;A;0;0;972
201400059007;14;8;10;1515;1;2;1;1;3;9;Comm, SALVATOR ALLENDE (;A;0;0;972
201400059008;14;8;15;1225;1;1;1;1;1;9;RN3, BALATA (ROUTE DE);A;0;0;972
201400059009;14;8;20;550;1;1;1;1;6;9;1, AUTOROUTE (A1);A;0;0;972
201400059010;14;8;22;2040;5;2;2;1;3;9;51, JEAN JAURES (AVENUE);A;0;0;972
201400059011;14;8;26;10;5;2;1;1;6;9;14 A, ARAWAKS (AVENUE DE;A;0;0;972
201400059012;14;8;30;625;1;1;1;2;7;9;1, AUTOROUTE (A1);A;0;0;972
201400059013;14;8;30;1311;1;1;3;1;3;9;47, RAVINE VILAINE (CHEM;A;0;0;972
201400059014;14;9;1;905;1;2;1;1;3;9;Comm, JUDES TURIAF (AVEN;A;0;0;972
201400059015;14;9;2;2055;5;2;1;1;3;9;45, PROFESSEUR RAYMOND G;A;0;0;972
201400059016;14;9;3;1855;5;2;1;1;6;9;48, RELIGIEUSES (ROUTE D;A;0;0;972
201400059017;14;9;4;1400;1;2;1;1;6;9;43, CONDORCET (AVENUE);A;0;0;972
201400059018;14;9;5;810;1;1;1;1;6;9;13 A, JAMBETTE (ROUTE DE;A;0;0;972
201400059019;14;9;14;1830;3;1;1;1;6;9;3, BALATA (ROUTE DE);A;0;0;972
201400059020;14;9;15;1925;5;2;1;1;6;9;45, PROFESSEUR RAYMOND G;A;0;0;972
201400059021;14;9;18;750;1;2;1;1;6;9;13A, JAMBETTE (ROUTE DE;A;0;0;972
201400059022;14;9;24;2120;5;2;2;2;1;9;31, GENERAL DE GAULLE (B;A;0;0;972
201400059023;14;9;26;2140;3;2;1;1;1;9;641, RD 41;A;0;0;972
201400059024;14;9;28;940;1;2;1;1;6;9;74, FOLIE (ROUTE DE LA);A;0;0;972
201400059025;14;9;29;2130;5;2;1;1;6;9;61, GENERAL DE GAULLE (B;A;0;0;972
201400059026;14;9;30;1110;1;2;1;1;6;9;61, GENERAL DE GAULLE (B;A;0;0;972
201400059027;14;10;4;1809;2;2;1;1;5;9;651, JEAN JAURES (AVENUE;A;0;0;972
201400059028;14;10;8;2207;5;2;1;1;1;9;21, GENERAL DE GAULLE (B;A;0;0;972
201400059029;14;10;9;1225;1;2;2;2;1;9;313 A, RD 13;A;0;0;972
201400059030;14;10;12;823;1;2;1;1;6;9;751, ABBE LAVIGNE (AVENU;A;0;0;972
201400059031;14;10;13;1945;5;2;1;1;1;9;340, SOLEIL LEVANT (BOUL;A;0;0;972
201400059032;14;10;14;655;1;2;3;3;5;9;64, REDOUTE (ROUTE DE LA;A;0;0;972
201400059033;14;10;14;1530;1;2;1;1;1;9;213, CHATEAUBOEUF (ROUTE;A;0;0;972
201400059034;14;10;16;1650;1;2;1;1;6;9;4, FOLIE (ROUTE DE LA);A;0;0;972
201400059035;14;10;17;1200;1;2;1;1;3;9;1, GENERAL DE GAULLE (BL;A;0;0;972
201400059036;14;10;17;1355;1;1;1;1;3;9;45, DIDIER (ROUTE DE);A;0;0;972
201400059037;14;10;19;650;1;2;1;1;7;9;4, FOLIE (ROUTE DE LA);A;0;0;972
201400059038;14;10;22;535;2;1;1;8;6;9;47, RAVINE VILAINE (CHEM;A;0;0;972
201400059039;14;10;24;756;1;2;3;1;6;9;Comm, PAVE (RUE DU);A;0;0;972
201400059040;14;10;29;300;5;2;1;1;1;9;40, SOLEIL LEVANT (BOULE;A;0;0;972
201400059041;14;10;31;2115;5;2;3;1;6;9;1, MAURICE BISHOP (AVENU;A;0;0;972
201400059042;14;11;3;1645;1;1;1;1;6;9;13, CHATEAUBOEUF (ROUTE;A;0;0;972
201400059043;14;11;6;1855;5;2;1;1;6;9;Comm, VICTOR SEVERE (RUE;A;0;0;972
201400059044;14;11;7;830;1;2;1;1;6;9;13, CHATEAUBOEUF (ROUTE;A;0;0;972
201400059045;14;11;14;630;5;2;1;1;6;9;Comm, MOREAU DE JONES (R;A;0;0;972
201400059046;14;11;16;200;5;2;1;1;6;9;41, RD 41;A;0;0;972
201400059047;14;11;25;640;1;2;1;1;6;9;13, CHATEAUBOEUF (ROUTE;A;0;0;972
201400059048;14;11;25;1115;1;1;3;1;6;9;Comm, OSMAN NADEAU (CHEM;A;0;0;972
201400059049;14;11;28;1900;5;1;1;1;2;9;Comm, NORD (BOULEVARD DU;A;0;0;972
201400059050;14;11;29;1815;5;2;1;1;6;9;1, MAURICE BISHOP (AVENU;A;0;0;972
201400059051;14;11;30;215;5;2;1;1;6;9;1, GENERAL DE GAULLE (BL;A;0;0;972
201400059052;14;12;4;920;1;1;1;1;6;9;1, AUTOROUTE (A1);A;0;0;972
201400059053;14;12;4;2015;5;2;3;1;3;9;1, GENERAL DE GAULLE (BL;A;0;0;972
201400059054;14;12;4;1115;1;2;1;8;6;9;1, GENERAL DE GAULLE (BL;A;0;0;972
201400059055;14;12;6;1730;1;2;1;1;7;9;Comm, LEOPOLD SEDAR SENG;A;0;0;972
201400059056;14;12;11;1325;1;1;1;1;1;9;3, BALATA (ROUTE DE);A;0;0;972
201400059057;14;12;12;744;1;1;3;1;3;9;47, RAVINE VILAINE (CHEM;A;0;0;972
201400059058;14;12;13;525;2;1;1;8;7;9;13A, JAMBETTE (ROUTE DE);A;0;0;972
201400059059;14;12;14;410;5;2;1;1;6;9;1, MAURICE BISHOP (AVENU;A;0;0;972
201400059060;14;12;16;755;1;1;1;1;6;9;4, REDOUTE (ROUTE DE LA);A;0;0;972
201400059061;14;12;18;834;1;1;3;1;3;9;Comm, HUGUES DESPOINTES;A;0;0;972
201400059062;14;12;19;1935;5;2;1;1;6;9;51, ABBE LAVIGNE (AVENUE;A;0;0;972
201400059063;14;12;24;2050;5;2;3;1;6;9;Comm, RAOUL FOLLEREAU (A;A;0;0;972
201400059064;14;12;25;1955;5;1;1;1;7;9;Comm, CITADELLE (RUE DE;A;0;0;972
201400059065;14;12;26;1324;1;1;1;1;3;9;40, SOLEIL LEVANT (BOULE;A;0;0;972
201400059066;14;12;27;930;1;2;1;1;6;9;48, RELIGIEUSES (ROUTE D;A;0;0;972
201400059067;14;12;27;1120;1;2;1;1;7;9;SOLEIL LEVANT (BOULEVARD;A;0;0;972
201400059068;14;12;26;1600;1;2;1;1;6;9;Comm, ISAMBERT (RUE);A;0;0;972
201400059069;14;12;28;2040;5;1;1;8;6;9;13A, JAMBETTE (ROUTE DE);A;0;0;972
201400059070;14;12;30;740;1;1;1;8;7;9;13A, JAMBETTE (ROUTE DE);A;0;0;972
201400059071;14;12;30;1100;1;2;1;1;6;9;1, MAURICE BISHOP (AVENU;A;0;0;972
201400059072;14;12;31;1610;1;2;2;1;6;9;Comm, FRANKLIN ROOSVELT;A;0;0;972
201400059073;14;1;7;1512;1;2;1;1;6;13;6ROUTE DEPARTEMENTALE 3;A;0;0;972
201400059074;14;1;18;515;5;1;1;1;6;13;6AUTOROUTE A1;A;0;0;972
201400059075;14;1;23;2217;5;2;1;1;6;13;6320, BASSE GONDEAU (CHE;A;0;0;972
201400059076;14;2;6;1825;5;1;6;1;3;13;ROUTE NATIONALE 1;A;0;0;972
201400059077;14;2;7;640;1;1;1;2;6;13;MAHAULT;A;0;0;972
201400059078;14;2;8;1940;3;1;1;1;3;13;MAHAULT;A;0;0;972
201400059079;14;2;18;1330;1;1;1;1;1;13;ROUTE DEPARTEMENTALE 3;A;0;0;972
201400059080;14;2;12;2245;5;1;1;1;3;13;ROUTE DEPARTEMENTALE 14;A;0;0;972
201400059081;14;2;22;2255;3;1;1;1;1;13;PELLETIER (ROUTE DE);A;0;0;972
201400059082;14;3;3;620;1;2;1;1;6;13;7ROUTE DEPARTEMENTALE 15;A;0;0;972
201400059083;14;3;13;305;5;2;1;1;6;13;6ROUTE DEPARTEMENTALE 14;A;0;0;972
201400059084;14;3;14;120;5;2;1;1;6;13;7ROUTE DEPARTEMENTALE 14;A;0;0;972
201400059085;14;3;14;1552;1;1;1;1;1;13;3AUTOROUTE A1;A;0;0;972
201400059086;14;3;20;800;1;1;1;1;1;13;3ROUTE NATIONALE 5;A;0;0;972
201400059087;14;3;26;712;1;1;1;1;6;13;6AUTOROUTE A1;A;0;0;972
201400059088;14;3;26;752;1;2;2;3;1;13;31, LA PLAINE PETIT MANO;A;0;0;972
201400059089;14;3;30;2040;5;2;1;1;1;13;1ROUTE DEPARTEMENTALE 3;A;0;0;972
201400059090;14;4;3;841;1;1;1;1;6;13;MORNE PITAULT (ROUTE DE);A;0;0;972
201400059091;14;4;3;1104;1;1;1;1;7;13;ROUTE DEPARTEMENTALE 3;A;0;0;972
201400059092;14;4;8;1910;5;1;1;1;6;13;ROUTE DEPARTEMENTALE 14;A;0;0;972
201400059093;14;4;9;650;1;1;1;1;6;13;ROUTE DEPARTEMENTALE 3;A;0;0;972
201400059094;14;4;14;1837;2;1;2;1;3;13;ROUTE DEPARTEMENTALE 3;A;0;0;972
201400059095;14;4;17;2247;4;1;1;1;3;13;AUTOROUTE A1;A;0;0;972
201400059096;14;4;19;231;3;1;1;1;4;13;ROUTE NATIONALE 5;A;0;0;972
201400059097;14;4;19;1720;2;1;1;1;4;13;ROUTE NATIONALE 6;A;0;0;972
201400059098;14;4;27;1630;1;1;1;1;3;13;ROUTE DEPARTEMENTALE 13;A;0;0;972
201400059099;14;5;2;753;1;1;1;1;5;13;AUTOROUTE A1;A;0;0;972
201400059100;14;5;3;944;1;1;1;1;2;13;AUTOROUTE A1;A;0;0;972
201400059101;14;5;4;2145;3;1;1;1;6;13;AUTOROUTE A1;A;0;0;972
201400059102;14;5;10;2105;3;1;1;1;3;13;BASSE GONDEAU (CHEMIN RU;A;0;0;972
201400059103;14;5;17;508;4;1;1;1;2;13;AUTOROUTE A1;A;0;0;972
201400059104;14;5;19;1015;1;2;1;1;6;13;Z I LES MANGLES;A;0;0;972
201400059105;14;5;23;1940;5;2;1;1;6;13;ROUTE DEPARTEMENTALE 3;A;0;0;972
201400059106;14;5;28;1340;1;2;1;1;6;13;ROUTE DEPARTEMENTALE 3;A;0;0;972
201400059107;14;5;29;1942;5;2;3;1;3;13;ROUTE DEPARTEMENTALE 3;A;0;0;972
201400059108;14;6;3;1600;1;2;1;1;6;13;6Z I CALIFORNIE;A;0;0;972
201400059109;14;6;6;925;1;2;1;1;6;13;6ROUTE NATIONALE 1;A;0;0;972
201400059110;14;6;6;1213;1;2;1;1;1;13;3ROUTE NATIONALE 5;A;0;0;972
201400059111;14;6;9;1740;1;2;1;1;1;13;34, ROUTE NATIONALE 1;A;0;0;972
201400059112;14;6;12;1235;1;2;1;9;1;13;2ROUTE DEPARTEMENTALE 3;A;0;0;972
201400059113;14;6;22;49;5;1;1;2;6;13;AUTOROUTE A1;A;0;0;972
201400059114;14;6;22;1800;1;1;1;1;7;13;197, DUCHESNES 1;A;0;0;972
201400059115;14;7;7;950;1;1;1;1;6;13;AUTOROUTE A1;A;0;0;972
201400059116;14;7;11;822;1;1;1;1;2;13;ROUTE NATIONALE 5;A;0;0;972
201400059117;14;7;17;1710;1;1;1;1;1;13;16, ACAJOU PROLONGEE;A;0;0;972
201400059118;14;7;20;1634;1;1;1;1;1;13;MORNE PITAULT (ROUTE DE);A;0;0;972
201400059119;14;7;21;26;5;1;1;1;7;13;ROUTE NATIONALE 5;A;0;0;972
201400059120;14;7;31;1543;1;1;1;1;1;13;MORNE PITAULT (ROUTE DE);A;0;0;972
201400059121;14;8;9;2055;5;2;1;1;1;13;1, MAIRIE;A;0;0;972
201400059122;14;8;14;2255;5;1;1;1;2;13;AUTOROUTE A1;A;0;0;972
201400059123;14;8;15;322;5;1;1;1;3;13;ROUTE NATIONALE 1;A;0;0;972
201400059124;14;8;23;1735;1;1;3;1;3;13;ROUTE DEPARTEMENTALE 3;A;0;0;972
201400059125;14;8;26;1200;1;1;1;1;4;13;AUTOROUTE A1;A;0;0;972
201400059126;14;8;26;1414;1;1;1;1;3;13;AUTOROUTE A1;A;0;0;972
201400059127;14;8;31;2027;5;1;1;1;6;13;ROUTE DEPARTEMENTALE 13;A;0;0;972
201400059128;14;9;3;840;5;2;1;1;1;13;3ROUTE DEPARTEMENTALE 15;A;0;0;972
201400059129;14;9;9;900;1;2;1;1;1;13;1ROUTE DEPARTEMENTALE 15;A;0;0;972
201400059130;14;9;12;800;1;2;3;3;1;13;3ROUTE DEPARTEMENTALE 14;A;0;0;972
201400059131;14;9;16;1315;1;2;1;1;1;13;21, VIEUX PONT (CHEMIN D;A;0;0;972
201400059132;14;9;20;815;1;1;1;1;1;13;3AUTOROUTE A1;A;0;0;972
201400059133;14;9;28;530;2;1;1;1;5;13;5AUTOROUTE A1;A;0;0;972
201400059134;14;9;28;1853;2;2;1;1;1;13;1ROUTE DEPARTEMENTALE 3;A;0;0;972
201400059135;14;10;1;800;1;2;1;1;1;13;1Z I LES MANGLES;A;0;0;972
201400059136;14;10;2;1925;3;1;1;1;5;13;4AUTOROUTE A1;A;0;0;972
201400059137;14;10;4;1315;1;2;1;;5;13;6VIEUX CHEMIN CALIFORNIE;A;0;0;972
201400059138;14;10;4;1450;1;2;1;1;6;13;6ROUTE DEPARTEMENTALE 14;A;0;0;972
201400059139;14;10;4;2345;3;2;1;1;5;13;6ROUTE DEPARTEMENTALE 15;A;0;0;972
201400059140;14;10;16;1000;1;1;1;1;1;13;3AUTOROUTE A1;A;0;0;972
201400059141;14;10;22;730;1;1;1;1;1;13;2AUTOROUTE A1;A;0;0;972
201400059142;14;10;25;205;3;2;1;1;6;13;6ROUTE NATIONALE 6;A;0;0;972
201400059143;14;10;27;45;3;2;1;1;6;13;6ROUTE NATIONALE 1;A;0;0;972
201400059144;14;10;30;1810;2;2;1;1;6;13;1ROUTE DEPARTEMENTALE 3;A;0;0;972
201400059145;14;10;31;2325;3;2;1;1;3;13;2ROUTE NATIONALE 5;A;0;0;972
201400059146;14;11;1;545;3;1;1;1;6;13;BELFORT (CHEMIN RURAL N?;A;0;0;972
201400059147;14;11;3;1220;1;1;1;1;2;13;ROUTE DEPARTEMENTALE 3;A;0;0;972
201400059148;14;11;6;1430;1;1;1;1;4;13;AUTOROUTE A1;A;0;0;972
201400059149;14;11;13;1945;5;1;1;1;6;13;ROUTE DEPARTEMENTALE 15;A;0;0;972
201400059150;14;11;17;1010;1;1;1;1;2;13;AUTOROUTE A1;A;0;0;972
201400059151;14;11;21;1125;1;1;1;1;1;13;BELLEVUE (CHEMIN RURAL D;A;0;0;972
201400059152;14;11;26;1415;1;1;1;1;6;13;ROUTE NATIONALE 1;A;0;0;972
201400059153;14;12;2;1645;1;1;1;1;2;13;AUTOROUTE A1;A;0;0;972
201400059154;14;12;2;1710;1;2;1;1;6;13;BOIS D'INDE (CITE);A;0;0;972
201400059155;14;12;5;1450;1;1;1;1;3;13;AUTOROUTE A1;A;0;0;972
201400059156;14;12;10;1205;1;1;1;1;3;13;ROUTE DEPARTEMENTALE 15;A;0;0;972
201400059157;14;12;10;1530;1;1;1;1;1;13;BOIS CARRE (RUE DU);A;0;0;972
201400059158;14;12;13;50;3;1;1;1;2;13;ROUTE NATIONALE 1;A;0;0;972
201400059159;14;12;20;50;5;2;3;1;1;13;ROUTE DEPARTEMENTALE 3;A;0;0;972
201400059160;14;12;20;1450;1;2;1;1;1;13;6, FOUR A CHAUX (CHEMIN;A;0;0;972
201400059161;14;12;25;1210;1;1;1;1;6;13;AUTOROUTE A1;A;0;0;972
201400059162;14;12;28;130;3;1;1;1;1;13;ROUTE DEPARTEMENTALE 3;A;0;0;972
201400059163;14;12;28;930;1;1;1;1;2;13;ROUTE DEPARTEMENTALE 15;A;0;0;972
201400059164;14;10;2;1253;1;1;1;1;2;2;1168, MONTABO (ROUTE DE);G;0;0;973
201400059165;14;9;9;2310;5;1;2;2;1;2;3TROUBIRAN (CHEMIN DE);G;0;0;973
201400059166;14;1;6;920;1;1;1;1;1;2;2ROUTE NATIONALE II;G;0;0;973
201400059167;14;1;6;1815;1;2;3;3;1;2;3794, BADUEL (ROUTE DE);G;0;0;973
201400059168;14;1;8;1325;1;2;2;6;1;2;31, CATAYEE (JUSTIN);G;0;0;973
201400059169;14;1;10;750;1;2;1;;2;2;12019, RABAN (ROUTE DE);G;0;0;973
201400059170;14;1;12;2038;5;1;1;1;2;2;31296, MADELEINE (ROUTE;G;0;0;973
201400059171;14;1;13;1610;1;2;1;;5;2;513, MONTABO (ROUTE DE);G;0;0;973
201400059172;14;1;13;1715;1;1;1;1;1;2;2462, MADELEINE (ROUTE D;G;0;0;973
201400059173;14;1;15;1650;1;1;4;3;2;2;32371, SAINT ANTOINE (CH;G;0;0;973
201400059174;14;1;16;1540;1;2;1;1;3;2;18, ZEPHIR (ROCADE);G;0;0;973
201400059175;14;1;17;1120;1;2;1;1;3;2;MADELEINE (ROUTE DE LA);G;0;0;973
201400059176;14;1;18;1630;1;2;1;1;3;2;VOLTAIRE(AVENUE);G;0;0;973
201400059177;14;1;14;1000;1;2;1;1;1;2;1MONTABO (ROUTE DE) 1;G;0;0;973
201400059178;14;1;20;1725;1;2;1;1;3;2;BADUEL (ROND POINT DE);G;0;0;973
201400059179;14;1;22;1510;1;2;3;1;3;2;1, LIBERTE (AVENUE DE LA;G;0;0;973
201400059180;14;1;26;1025;1;2;3;1;6;2;1, BOUDINOT (AUGUSTE) CI;G;0;0;973
201400059181;14;1;27;1318;1;1;1;1;3;2;3343, BADUEL (ROUTE DE);G;0;0;973
201400059182;14;1;31;1420;1;1;1;2;3;2;29, CABASSOU (ROUTE DE);G;0;0;973
201400059183;14;2;1;1825;1;2;1;1;1;2;185, TROUBIRAN (CHEMIN D;G;0;0;973
201400059184;14;2;1;1910;2;2;1;1;1;2;386, BADUEL (ROUTE DE);G;0;0;973
201400059185;14;2;3;1500;1;2;1;1;6;2;6JUBELIN (BOULEVARD);G;0;0;973
201400059186;14;2;5;1946;5;1;1;;5;2;23880, MONTABO (ROUTE DE;G;0;0;973
201400059187;14;10;14;1215;1;1;1;1;2;2;35, DIGUE RONJON;G;0;0;973
201400059188;14;2;6;1245;1;1;1;1;3;2;3CRIQUE FOUILLEE (ROND P;G;0;0;973
201400059189;14;2;7;1640;1;2;1;1;1;2;318, BADUEL (ROUTE DE);G;0;0;973
201400059190;14;12;19;1215;1;1;1;1;3;2;TIGRE (ROUTE DU);G;0;0;973
201400059191;14;12;13;1444;1;2;3;1;3;2;CABASSOU (ROUTE DE);G;0;0;973
201400059192;14;2;12;1820;2;1;1;1;1;2;140B, SUZINI (CARREFOUR);G;0;0;973
201400059193;14;2;14;1520;1;2;3;3;1;2;3MADELEINE (ROUTE DE LA);G;0;0;973
201400059194;14;2;18;1840;1;1;1;1;1;2;11369, MADELEINE (ROUTE;G;0;0;973
201400059195;14;2;18;1935;5;2;1;1;1;2;33, MONTABO (ROUTE DE) 1;G;0;0;973
201400059196;14;2;19;829;1;2;3;3;1;2;31, RABAN (ROUTE DE);G;0;0;973
201400059197;14;2;20;1147;1;1;1;1;2;2;3822, MONTABO (ROUTE DE);G;0;0;973
201400059198;14;2;21;950;1;1;1;1;6;2;11315, MADELEINE (ROUTE;G;0;0;973
201400059199;14;2;26;1645;1;1;2;3;5;2;31357, MADELEINE (ROUTE;G;0;0;973
201400059200;14;2;27;2020;5;2;2;2;3;2;311, CONSTANT CHLORE(RUE;G;0;0;973
201400059201;14;2;28;1130;1;1;1;1;1;2;32788, MADELEINE (ROUTE;G;0;0;973
201400059202;14;3;6;1735;1;2;1;1;2;2;MARINGOUINS (ROND-POINT);G;0;0;973
201400059203;14;3;6;1930;5;2;1;1;6;2;BONHOMME (CITE);G;0;0;973
201400059204;14;3;6;1506;1;1;9;1;3;2;COLLERY (ZONE INDUSTRIEL;G;0;0;973
201400059205;14;3;6;1300;1;2;1;1;6;2;5, MANGO (ROUTE);G;0;0;973
201400059206;14;3;8;1440;1;2;1;1;6;2;28, TECLE (EUGENE) CITE;G;0;0;973
201400059207;14;3;15;2245;5;2;1;1;3;2;DIGUE RONJON;G;0;0;973
201400059208;14;3;12;725;1;1;1;1;3;2;679, BADUEL (ROUTE DE);G;0;0;973
201400059209;14;3;14;2010;5;2;1;1;1;2;15, ESTREES (AVENUE D');G;0;0;973
201400059210;14;3;15;2310;5;2;1;1;2;2;CABASSOU (ROUTE DE);G;0;0;973
201400059211;14;3;19;1725;1;1;1;1;3;2;BP6021, EBOUE (ROCADE FE;G;0;0;973
201400059212;14;3;20;1850;4;1;9;1;1;2;1296, MADELEINE (ROUTE D;G;0;0;973
201400059213;14;3;21;1810;1;2;1;1;3;2;1696, BADUEL (ROUTE DE);G;0;0;973
201400059214;14;3;26;1845;5;2;1;1;6;2;1254, MADELEINE (ROUTE D;G;0;0;973
201400059215;14;3;28;2120;5;2;1;1;6;2;77, DE GAULLE (AVENUE);G;0;0;973
201400059216;14;3;28;1200;1;1;1;1;3;2;ROUTE NATIONALE 1;G;0;0;973
201400059217;14;3;31;1040;1;2;1;1;6;2;12, ADJUDANT PINDARD (RU;G;0;0;973
201400059218;14;3;31;1802;1;2;1;1;6;2;0.5, JADFARD (RENE);G;0;0;973
201400059219;14;3;31;1214;1;1;3;1;3;2;MONTABO (ROUTE DE) 4;G;0;0;973
201400059220;14;4;3;1630;1;2;1;1;6;2;2357, MADELEINE (ROUTE D;G;0;0;973
201400059221;14;4;5;40;5;2;3;1;1;2;HAMEAU DES ENCENS (RUE D;G;0;0;973
201400059222;14;4;6;615;1;2;1;1;2;2;4160, MONTABO (ROUTE DE);G;0;0;973
201400059223;14;4;9;1042;1;2;1;1;3;2;18, EUGENE GOBERT(RUE);G;0;0;973
201400059224;14;4;9;1825;1;2;1;1;3;2;1918, MONTABO (ROUTE DE);G;0;0;973
201400059225;14;4;13;1615;1;2;1;1;6;2;36, PREVOT (ERNEST);G;0;0;973
201400059226;14;4;11;1515;1;1;3;1;3;2;1053, CABASSOU (ROUTE DE;G;0;0;973
201400059227;14;4;20;1155;1;2;1;1;6;2;PREVOT (ERNEST);G;0;0;973
201400059228;14;4;24;1944;5;2;6;1;3;2;KET TAI (CARREFOUR);G;0;0;973
201400059229;14;4;25;1935;5;2;1;1;3;2;2371, BADUEL (ROUTE DE);G;0;0;973
201400059230;14;4;27;2111;5;1;1;1;1;2;27, DALHIAS (RUE DES) CI;G;0;0;973
201400059231;14;5;1;255;3;2;2;1;1;2;JUBELIN (BOULEVARD);G;0;0;973
201400059232;14;5;2;1856;5;1;1;1;6;2;62, MANGUES (RUE DES - C;G;0;0;973