num_acc;an;mois;jour;hrmn;lum;agg;int;atm;col;com;adr;gps;lat;long;dep
201400059233;14;5;8;755;1;2;3;1;3;2;COLOMB (CHRISTOPHE);G;0;0;973
201400059234;14;5;8;815;1;1;3;1;6;2;01, FLAMBOYANTS (RUE DES;G;0;0;973
201400059235;14;5;10;20;5;2;2;1;3;2;01, ROUGET DE L ' ISLE;G;0;0;973
201400059236;14;5;11;840;1;1;1;1;2;2;1560, TROUBIRAN (CHEMIN;G;0;0;973
201400059237;14;5;18;2210;1;2;1;1;3;2;24, LAFAURIE (CITE);G;0;0;973
201400059238;14;5;19;645;1;2;1;8;6;2;7, TROUBIRAN (CHEMIN DE);G;0;0;973
201400059239;14;5;21;1530;1;2;3;1;3;2;TIGRE (ROUTE DU);G;0;0;973
201400059240;14;5;24;1031;1;1;1;1;3;2;13, BOUDINOT (AUGUSTE) C;G;0;0;973
201400059241;14;5;26;1142;1;1;2;1;3;2;14, DALHIAS (RUE DES) CI;G;0;0;973
201400059242;14;6;2;600;2;2;6;1;6;2;71, KET TAI (CARREFOUR);G;0;0;973
201400059243;14;6;7;2005;5;1;1;1;1;2;32496, MONTABO (ROUTE DE;G;0;0;973
201400059244;14;6;8;2015;5;1;2;1;1;2;3275, MONTABO (ROUTE DE;G;0;0;973
201400059245;14;6;9;1500;1;1;3;2;1;2;30, TIGRE (ROUTE DU);G;0;0;973
201400059246;14;6;5;1340;1;2;2;2;1;2;215, DERBES (GEORGES);G;0;0;973
201400059247;14;6;10;620;1;1;1;;6;2;72346, BADUEL (ROUTE DE);G;0;0;973
201400059248;14;6;20;2225;5;2;2;1;1;2;3FELIX EBOUE (Rue);G;0;0;973
201400059249;14;6;26;215;5;1;3;;6;2;71299, MONTABO (ROUTE DE;G;0;0;973
201400059250;14;6;30;800;1;1;1;;1;2;32738, MONTABO (ROUTE DE;G;0;0;973
201400059251;14;7;1;1230;1;1;4;1;3;2;1235, RABAN (ROUTE DE);G;0;0;973
201400059252;14;7;3;1215;1;2;1;1;3;2;493, MADELEINE (ROUTE DE;G;0;0;973
201400059253;14;7;8;1025;1;2;1;2;2;2;10, REPUBLIQUE (BD DE LA;G;0;0;973
201400059254;14;7;8;1235;1;1;1;2;6;2;471, BADUEL (ROUTE DE);G;0;0;973
201400059255;14;7;12;1000;1;1;3;1;3;2;LAFAURIE (CITE);G;0;0;973
201400059256;14;7;12;2140;5;2;2;1;3;2;40, JUBELIN (BOULEVARD);G;0;0;973
201400059257;14;8;7;140;5;1;1;1;6;2;61503, RABAN (ROUTE DE);G;0;0;973
201400059258;14;8;14;5;5;1;1;1;6;2;7ZONE COLLERY I OU II;G;0;0;973
201400059259;14;8;14;825;1;1;1;1;6;2;12682, MADELEINE (ROUTE;G;0;0;973
201400059260;14;8;14;1200;1;2;3;2;1;2;30, BADUEL (ROUTE DE);G;0;0;973
201400059261;14;8;13;2040;5;2;2;2;1;2;3ARAGO (FRANCOIS);G;0;0;973
201400059262;14;8;14;1525;1;1;1;1;1;2;12210, TIGRE (ROUTE DU);G;0;0;973
201400059263;14;8;16;825;1;2;1;1;6;2;10, BRASSE (LIEUTENANT);G;0;0;973
201400059264;14;8;30;145;5;1;1;1;7;2;ROUTE NATIONALE 1;G;0;0;973
201400059265;14;9;5;1800;1;1;1;1;6;2;6MADELEINE (ROUTE DE LA);G;0;0;973
201400059266;14;9;6;1200;1;1;1;1;1;2;329, CABASSOU (CITE);G;0;0;973
201400059267;14;9;8;1220;1;1;1;1;1;2;34062, MONTABO (DOMAINE;G;0;0;973
201400059268;14;9;9;1050;1;2;1;1;6;2;626, DE GAULLE (AVENUE);G;0;0;973
201400059269;14;9;12;840;1;1;3;3;1;2;3TIGRE (ROUTE DU);G;0;0;973
201400059270;14;9;12;1810;1;1;1;;1;2;3419, MANGO (ROUTE);G;0;0;973
201400059271;14;9;14;710;1;2;2;3;1;2;316, HEDER (AVENUE LEOPO;G;0;0;973
201400059272;14;9;15;1945;5;1;6;;1;2;20.5, MARINGOUINS (ROND-;G;0;0;973
201400059273;14;9;16;820;1;2;1;1;1;2;3MONTABO (ROUTE DE) 1;G;0;0;973
201400059274;14;9;19;2045;3;1;1;1;6;2;38, ZONE COLLERY I OU II;G;0;0;973
201400059275;14;9;20;1725;1;1;1;;1;2;2CRIQUE FOUILLEE (ROND P;G;0;0;973
201400059276;14;9;23;1710;1;1;2;2;1;2;325, CABASSOU (ROUTE DE);G;0;0;973
201400059277;14;9;23;2021;5;1;1;1;6;2;1RABAN (ROUTE DE);G;0;0;973
201400059278;14;9;19;730;1;2;2;3;6;2;6FLAMBOYANTS (RUE DES);G;0;0;973
201400059279;14;10;1;1710;1;1;3;1;1;2;MONTABO (ROUTE DE) 2;G;0;0;973
201400059280;14;10;2;1925;5;2;1;1;3;2;0.5, BOULEVARD DES CITES;G;0;0;973
201400059281;14;10;3;1337;1;1;1;1;3;2;MADELEINE (ROUTE DE LA);G;0;0;973
201400059282;14;10;6;1703;1;2;1;1;3;2;1, SOURCE DE BADUEL (CHE;G;0;0;973
201400059283;14;10;17;751;1;2;3;1;3;2;CHATENAY (CITE);G;0;0;973
201400059284;14;10;17;1400;1;1;1;1;5;2;1436, FELIX EBOUE(ROCADE;G;0;0;973
201400059285;14;10;22;2012;5;2;1;9;2;2;25, CESAIRE (CITE);G;0;0;973
201400059286;14;10;24;1954;5;2;3;1;3;2;ARON (ANDRE);G;0;0;973
201400059287;14;10;27;1740;1;2;1;1;6;2;1010, MONTABO (DOMAINE D;G;0;0;973
201400059288;14;10;31;1314;1;2;1;1;3;2;471, BADUEL (ROUTE DE);G;0;0;973
201400059289;14;11;1;1615;1;2;1;1;3;2;1816, EBOUE (ROCADE FELI;G;0;0;973
201400059290;14;11;3;1600;1;2;1;1;3;2;1, PATIENT (LOTISSEMENT);G;0;0;973
201400059291;14;11;13;1145;1;1;1;1;6;2;208, CABASSOU (ROUTE DE);G;0;0;973
201400059292;14;11;17;742;1;2;2;1;3;2;2059, MADELEINE (ROUTE D;G;0;0;973
201400059293;14;11;25;833;1;1;1;1;3;2;1436, BADUEL (ROUTE DE);G;0;0;973
201400059294;14;11;28;915;1;2;3;1;3;2;1491, HILAIRE(CHEMIN);G;0;0;973
201400059295;14;11;29;707;1;2;1;1;3;2;1491, MADELEINE (ROUTE D;G;0;0;973
201400059296;14;11;29;1625;1;2;3;1;3;2;14, 14 ET 22 JUIN 1962;G;0;0;973
201400059297;14;12;1;1730;1;2;1;1;3;2;0.5, MADELEINE (ROUTE DE;G;0;0;973
201400059298;14;12;1;1810;1;2;1;1;3;2;2788, MADELEINE (ROUTE D;G;0;0;973
201400059299;14;12;2;1600;1;1;3;1;5;2;2496, MONTABO (ROUTE DE);G;0;0;973
201400059300;14;12;2;2038;5;2;1;1;3;2;45, HEDER (AVENUE LEOPOL;G;0;0;973
201400059301;14;12;3;1155;1;2;1;1;6;2;HEDER (AVENUE LEOPOLD);G;0;0;973
201400059302;14;12;4;649;1;1;1;1;6;2;1, BOUDINOT (AUGUSTE) CI;G;0;0;973
201400059303;14;12;6;2030;5;1;3;2;3;2;HORTH (CITE);G;0;0;973
201400059304;14;12;3;1830;5;2;1;1;3;2;23, JUBELIN (BOULEVARD);G;0;0;973
201400059305;14;12;5;1731;1;2;2;1;6;2;15, POLYCARPE (VERMONT);G;0;0;973
201400059306;14;12;8;1456;1;2;1;1;3;2;2000, MADELEINE (ROUTE D;G;0;0;973
201400059307;14;12;8;2020;5;1;1;1;6;2;3667, MONTABO (ROUTE DE);G;0;0;973
201400059308;14;12;10;35;5;2;2;1;3;2;1, JUBELIN (BOULEVARD);G;0;0;973
201400059309;14;12;12;900;1;2;1;1;3;2;1357, MADELEINE (ROUTE D;G;0;0;973
201400059310;14;12;13;1340;1;2;1;2;1;2;1427, RABAN (ROUTE DE);G;0;0;973
201400059311;14;12;13;1941;5;2;1;1;2;2;05, BRUTUS (CITE);G;0;0;973
201400059312;14;12;16;843;1;1;1;1;2;2;1, ROUTE NATIONALE II;G;0;0;973
201400059313;14;12;15;1150;1;1;1;1;6;2;MANGO (ROUTE);G;0;0;973
201400059314;14;12;17;1324;1;2;1;1;1;2;2687, MONTABO (ROUTE DE);G;0;0;973
201400059315;14;12;17;1423;1;1;1;1;2;2;8, FLAMBOYANTS (RUE DES);G;0;0;973
201400059316;14;12;17;2000;5;1;1;1;3;2;1, ROUTE NATIONALE 1;G;0;0;973
201400059317;14;12;19;2150;5;2;1;1;3;2;0.5, KET TAI (CARREFOUR);G;0;0;973
201400059318;14;12;20;1140;1;1;1;1;5;2;0, ROUTE NATIONALE II;G;0;0;973
201400059319;14;12;20;1244;1;2;1;1;3;2;MADELEINE (ROUTE DE LA);G;0;0;973
201400059320;14;12;21;2300;5;2;1;1;6;2;2957, MONTABO (ROUTE DE);G;0;0;973
201400059321;14;12;22;1811;5;1;1;1;6;2;MARINGOUINS (ROND-POINT);G;0;0;973
201400059322;14;12;23;1605;1;1;1;2;5;2;1, ROUTE NATIONALE 1;G;0;0;973
201400059323;14;12;24;938;1;2;1;2;4;2;0.5, ROUTE NATIONALE 1;G;0;0;973
201400059324;14;12;24;1853;5;1;1;1;6;2;1, TROUBIRAN (CHEMIN DE);G;0;0;973
201400059325;14;12;27;1300;1;1;1;2;2;2;1, REPUBLIQUE (BD DE LA);G;0;0;973
201400059326;14;1;20;1520;1;1;1;1;2;2;36, CHARLERY (GUSTAVE);G;0;0;973
201400059327;14;1;1;110;5;2;3;1;3;7;AVENUE TITAN;R;;;974
201400059328;14;1;24;1715;1;2;1;1;6;7;14 JUILLET 1789(AVENUE D;R;0;0;974
201400059329;14;1;1;414;2;2;1;1;6;7;AVENUE TITAN;R;;;974
201400059330;14;1;8;1950;5;2;1;1;6;7;CARPAYE(AVENUE);R;;;974
201400059331;14;1;9;1645;1;2;2;1;3;7;BREST (BOULEVARD);R;;;974
201400059332;14;1;12;2035;2;2;1;1;6;7;CARPAYE(AVENUE);R;;;974
201400059333;14;1;16;1830;1;2;1;1;6;7;CARPAYE(AVENUE);R;;;974
201400059334;14;1;17;1210;1;2;1;1;2;7;LABOUDONNAIS M (RUE);R;;;974
201400059335;14;1;21;810;1;2;2;1;7;7;BANVILLE(RUELLE);R;;;974
201400059336;14;1;31;1512;1;2;1;1;6;7;BOUVET (AVENUE);R;0;0;974
201400059337;14;2;1;624;1;2;1;1;2;7;LABOUDONNAIS M (RUE);R;;;974
201400059338;14;2;5;2030;5;1;1;2;3;7;CARPAYE(AVENUE);R;;;974
201400059339;14;2;7;1733;1;2;1;1;2;7;546, CARPAYE(AVENUE);R;;;974
201400059340;14;2;9;1800;1;2;1;1;7;7;14 JUILLET 1789(AVENUE D;R;;;974
201400059341;14;2;10;830;1;1;1;1;6;7;ROUTE DU SACRE COEUR;R;0;0;974
201400059342;14;2;12;856;1;2;1;1;6;7;ROND POINT ROSE DES VENT;R;;;974
201400059343;14;2;22;1440;1;1;9;1;6;7;GANDHI MAHATMA (ALLEE);R;;;974
201400059344;14;3;2;1955;5;2;3;1;3;7;COMMUNE DE PARIS (AVENUE;R;;;974
201400059345;14;3;4;2230;2;1;1;1;7;7;ROUTE DU SACRE COEUR;R;;;974
201400059346;14;3;6;1240;1;2;2;1;6;7;L'ABBE LOUISE(RUELLE);R;;;974
201400059347;14;3;7;1040;1;1;1;1;3;7;ROND POINT BUTTE CITRONN;R;;;974
201400059348;14;3;8;2140;5;2;1;1;1;7;LENINE (AVENUE);R;;;974
201400059349;14;3;9;720;1;2;1;1;1;7;CARPAYE(AVENUE);R;;;974
201400059350;14;3;19;900;1;2;2;1;7;7;48 bis, BOSCH (RUE);R;;;974
201400059351;14;3;20;1705;1;2;1;1;2;7;ROUTE DU SACRE COEUR;R;;;974
201400059352;14;3;26;1705;1;2;1;1;2;7;ROND POINT BUTTE CITRONN;R;;;974
201400059353;14;3;28;1000;1;2;1;1;1;7;MARINE(BOULEVARD);R;;;974
201400059354;14;3;29;530;2;1;1;1;7;7;ROUTE DU SACRE COEUR;R;;;974
201400059355;14;4;2;1810;2;2;2;1;1;7;BD DE LA COMPAGNIE DES;R;0;0;974
201400059356;14;4;4;750;1;2;1;1;7;7;0, ROND POINT SACRE COEU;R;;;974
201400059357;14;4;5;2315;5;2;1;1;3;7;1, ROND POINT DES DANSEU;R;;;974
201400059358;14;4;15;1720;2;1;1;2;2;7;MASCAREIGNES(BOULEVARD);R;0;0;974
201400059359;14;4;16;800;1;2;1;1;1;7;DE GAULLE(RUE);R;;;974
201400059360;14;4;22;1717;1;2;1;1;2;7;DE GAULLE(RUE);R;;;974
201400059361;14;4;26;1300;1;1;1;1;1;7;RUE JEAN MOULIN;R;;;974
201400059362;14;4;28;2150;5;1;1;1;6;7;8 ALLEE LOUIS GUILLOUX;R;;;974
201400059363;14;4;29;1730;2;2;1;1;2;7;AVENUE TITAN;R;;;974
201400059364;14;5;3;1945;2;2;1;1;1;7;JAURES (RUE);R;0;0;974
201400059365;14;5;6;1220;1;2;2;1;3;7;VERDUN (BOULEVARD);R;;;974
201400059366;14;5;8;1730;2;2;1;1;6;7;RUELLE VAN DICK;R;;;974
201400059367;14;5;12;245;3;2;1;1;3;7;ROUTE NATIONALE N? 4;R;;;974
201400059368;14;5;17;1720;2;2;1;1;7;7;CARPAYE(AVENUE);R;;;974
201400059369;14;5;26;710;1;2;1;1;6;7;LEPERVENCHE LEON(RUE);R;;;974
201400059370;14;5;27;1745;2;2;1;8;1;7;ROUTE DU SACRE COEUR;R;;;974
201400059371;14;6;3;1035;1;1;4;1;3;7;BREST (BOULEVARD);R;;;974
201400059372;14;6;4;748;1;2;6;1;2;7;ROND POINT ROSE DES VENT;R;;;974
201400059373;14;6;6;1845;2;2;1;1;2;7;ROUTE NATIONALE N? 4;R;0;0;974
201400059374;14;6;7;8;3;2;1;1;5;7;ROUTE NATIONALE N? 1;R;0;0;974
201400059375;14;6;11;1555;1;2;1;1;4;7;CARPAYE(AVENUE);R;0;0;974
201400059376;14;6;13;1925;3;2;3;1;3;7;19 MARS 1946(AVENUE DU);R;;;974
201400059377;14;6;21;950;1;2;1;1;3;7;RUE JACQUES PREVERT;R;0;0;974
201400059378;14;6;29;120;4;2;1;1;7;7;BD DE LA COMPAGNIE DES I;R;;;974
201400059379;14;7;12;650;2;1;1;1;7;7;ROUTE DU SACRE COEUR;R;0;0;974
201400059380;14;7;12;1620;1;2;1;1;6;7;ARAGON LOUIS(AVENUE);R;;;974
201400059381;14;7;21;1410;1;2;3;1;3;7;SUAREZ ANDRE(RUE);R;;;974
201400059382;14;7;30;1835;4;2;1;2;3;7;CARPAYE(AVENUE);R;0;0;974
201400059383;14;8;1;2020;5;2;1;1;6;7;CARPAYE(AVENUE);R;0;0;974
201400059384;14;8;3;1930;5;1;1;1;7;7;ROUTE DU SACRE COEUR;R;;;974
201400059385;14;8;7;2100;3;1;1;1;6;7;ROUTE NATIONALE N? 1;R;0;0;974
201400059386;14;8;9;610;2;1;1;1;2;7;ROUTE NATIONALE N? 1;R;0;0;974
201400059387;14;8;11;1320;1;2;3;1;3;7;19 MARS 1946(AVENUE DU);R;;;974
201400059388;14;8;14;610;2;1;1;1;3;7;ROND POINT SACRE COEUR;R;;;974
201400059389;14;8;19;645;2;2;2;1;3;7;DE GAULLE(RUE);R;;;974
201400059390;14;8;19;1725;1;2;1;1;3;7;14 JUILLET 1789(AVENUE D;R;;;974
201400059391;14;8;21;750;1;2;1;1;2;7;28 NOVEMBRE 1942(AVENUE);R;;;974
201400059392;14;8;21;1230;1;1;1;1;3;7;ROUTE DU SACRE COEUR;R;0;0;974
201400059393;14;8;23;1620;1;2;1;1;2;7;CARPAYE(AVENUE);R;;;974
201400059394;14;8;26;1100;1;2;1;2;3;7;RUE JACQUES DUCLOS;R;;;974
201400059395;14;9;5;2110;3;2;3;1;3;7;19 MARS 1946(AVENUE DU);R;;;974
201400059396;14;9;9;706;1;2;2;1;3;7;VERDUN (BOULEVARD);R;;;974
201400059397;14;9;11;745;1;2;1;1;3;7;RUE JACQUES PREVERT;R;;;974
201400059398;14;9;17;1110;1;2;1;1;2;7;FRANKEL (RUE);R;;;974
201400059399;14;9;22;1310;1;2;1;1;6;7;BOSSE (RUE);R;;;974
201400059400;14;9;25;1005;1;1;1;1;6;7;PARIS (AVENUE);R;;;974
201400059401;14;9;26;1949;5;2;1;1;2;7;BD DE LA COMPAGNIE DES I;R;;;974
201400059402;14;9;27;30;5;2;1;1;7;7;VERDUN (BOULEVARD);R;;;974
201400059403;14;10;3;1624;1;2;1;1;1;7;GRENOBLE(RUE);R;;;974
201400059404;14;10;11;2130;5;2;1;1;3;7;RUE JACQUES DUCLOS;R;;;974
201400059405;14;10;17;1315;1;2;1;1;2;7;MASCAREIGNES(BOULEVARD);R;;;974
201400059406;14;10;25;35;3;1;1;1;4;7;ROUTE NATIONALE N? 1;R;0;0;974
201400059407;14;11;8;1925;4;2;1;1;7;7;CARPAYE(AVENUE);R;0;0;974
201400059408;14;11;12;840;1;2;1;1;2;7;INDE(RUE);R;;;974
201400059409;14;11;15;700;1;1;1;1;7;7;ROUTE NATIONALE N? 1;R;0;0;974
201400059410;14;11;23;2100;3;1;1;1;7;7;ROUTE NATIONALE N? 1;R;0;0;974
201400059411;14;11;24;750;1;2;1;1;3;7;COMMUNE DE PARIS (AVENUE;R;;;974
201400059412;14;11;30;1145;1;2;3;1;3;7;CARPAYE(AVENUE);R;;;974
201400059413;14;12;2;925;1;2;1;1;3;7;INDE(RUE);R;0;0;974
201400059414;14;12;2;1641;1;1;1;1;3;7;ROUTE NATIONALE N? 1;R;0;0;974
201400059415;14;12;4;2000;3;2;6;1;7;7;MASCAREIGNES(BOULEVARD);R;;;974
201400059416;14;12;5;925;1;1;1;1;6;7;BD DE LA COMPAGNIE DES I;R;;;974
201400059417;14;12;9;2050;3;2;1;1;7;7;VERGES(AVENUE);R;;;974
201400059418;14;12;12;2245;5;2;1;1;7;7;CARPAYE(AVENUE);R;;;974
201400059419;14;12;13;810;1;2;1;1;6;7;PARIS (AVENUE);R;;;974
201400059420;14;12;16;1645;1;2;2;1;3;7;PARIS (AVENUE);R;;;974
201400059421;14;12;19;2345;3;1;1;2;5;7;ROUTE NATIONALE N? 1;R;;;974
201400059422;14;12;22;1705;1;1;1;1;2;7;ROUTE NATIONALE N? 1;R;;;974
201400059423;14;12;23;2050;3;1;1;1;1;7;BD DE LA COMPAGNIE DES I;R;;;974
201400059424;14;12;26;2215;5;2;1;1;7;7;CARPAYE(AVENUE);R;;;974
201400059425;14;12;27;2310;3;1;1;1;7;7;TAMATAVE (BOULEVARD);R;0;0;974
201400059426;14;10;31;2354;4;2;2;1;1;7;2CARPAYE(AVENUE);R;0;0;974
201400059427;14;1;10;1935;2;1;1;1;3;9;PATELIN (chemin);R;0;0;974
201400059428;14;1;15;1205;1;1;1;1;6;9;ROCADE SUD(RUE);R;0;0;974
201400059429;14;1;15;2050;3;1;1;1;3;9;Salazie (route de);R;0;0;974
201400059430;14;1;26;1835;2;1;1;1;3;9;PATELIN (chemin);R;0;0;974
201400059431;14;1;29;1925;5;2;1;2;7;9;RN2 SENS ST BENOIT ST DE;R;0;0;974
201400059432;14;3;20;1705;1;2;1;1;3;9;DE BOURBON(AVENUE);R;0;0;974
201400059433;14;3;9;1645;1;2;1;1;2;9;Rio (chemin);R;0;0;974
201400059434;14;3;24;1900;2;2;1;1;7;9;MASCAREIGNES (Avenue des;R;0;0;974
201400059435;14;3;25;1945;4;2;1;1;2;9;Lefaguyes (chemin);R;0;0;974
201400059436;14;3;5;1320;1;2;1;1;3;9;1827, LAGOURGUE(CHEMIN);R;;;974
201400059437;14;3;12;1300;1;1;1;1;2;9;RN2 SENS STE SUZANNE ST;R;0;0;974
201400059438;14;3;13;810;1;2;1;2;2;9;Lefaguyes (chemin);R;0;0;974
201400059439;14;3;22;1250;1;2;1;3;7;9;Salazie (route de);R;0;0;974
201400059440;14;4;4;1830;2;2;1;1;3;9;DE LA REPUBLIQUE(AVENUE);R;0;0;974
201400059441;14;3;26;1010;1;1;1;1;7;9;LETCHIS(RUE);R;;;974
201400059442;14;3;31;810;1;2;1;1;6;9;BALANCE (Chemin);R;;;974
201400059443;14;1;18;2355;3;2;1;1;7;9;ILE DE FRANCE(AVENUE);R;0;0;974
201400059444;14;1;24;1630;1;2;1;1;7;9;Salazie (route de);R;0;0;974
201400059445;14;1;29;2154;5;2;1;1;7;9;1 SECT STA;R;0;0;974
201400059446;14;1;11;2000;5;2;1;1;6;9;DE LA GARE(RUE);R;;;974
201400059447;14;2;9;1550;1;2;1;1;3;9;RN2 SENS STE SUZANNE ST;R;0;0;974
201400059448;14;2;19;650;1;2;1;1;3;9;MASCAREIGNES (Avenue des;R;0;0;974
201400059449;14;2;21;800;1;2;1;1;7;9;ILE DE FRANCE(AVENUE);R;;;974
201400059450;14;2;26;2020;5;2;1;1;3;9;716, MAUNIER(RUE);R;;;974
201400059451;14;3;16;2225;5;2;1;2;7;9;RN2 SENS STE SUZANNE ST;R;0;0;974
201400059452;14;2;26;845;1;2;1;3;7;9;Salazie (route de);R;0;0;974
201400059453;14;4;4;310;5;2;1;2;7;9;PENTE SASSY (chemin de l;R;;;974
201400059454;14;4;15;950;1;2;1;1;3;9;MIGUEL(CHEMIN);R;0;0;974
201400059455;14;4;25;1750;1;2;1;1;6;9;MELODIUM(RUE);R;0;0;974
201400059456;14;4;25;1615;1;2;1;1;7;9;PATELIN (chemin);R;0;0;974
201400059457;14;4;14;1222;1;2;1;2;1;9;rue andropolis;R;;;974
201400059458;14;4;14;1330;1;2;1;3;1;9;Salazie (route de);R;;;974
201400059459;14;5;3;1250;1;2;2;1;3;9;IGNORE, BOIS ROUGE (chem;R;0;0;974
201400059460;14;5;8;1230;1;1;1;1;5;9;DU PETIT BAZAR(RUELLE);R;;;974
201400059461;14;5;15;605;2;1;1;1;6;9;Lefaguyes (chemin);R;;;974
201400059462;14;5;17;1835;5;2;1;1;2;9;DU LYCEE(RUE);R;;;974
201400059463;14;5;21;1840;5;1;1;1;7;9;RN2 SENS STE SUZANNE ST;R;0;0;974
201400059464;14;5;23;1655;1;1;1;1;1;9;CHEMIN VALENTIN;R;;;974
201400059465;14;5;23;2045;5;1;1;1;3;9;PENTE SASSY (chemin de l;R;;;974
201400059466;14;5;29;1515;1;1;6;1;3;9;CAMBUSTON (rue de);R;;;974
201400059467;14;6;6;1150;1;2;1;1;2;9;MINGARD(RUE);R;;;974
201400059468;14;6;8;1835;2;1;1;1;1;9;ILE DE FRANCE(AVENUE);R;;;974
201400059469;14;11;12;745;1;1;1;1;3;9;LAGOURGUE(CHEMIN);R;0;0;974
201400059470;14;6;13;1125;1;1;1;1;3;9;PENTE SASSY (chemin de l;R;;;974
201400059471;14;6;22;2325;3;1;1;1;7;9;00, RN2 SENS STE SUZANNE;R;;;974
201400059472;14;6;28;2110;5;2;1;1;2;9;MASCAREIGNES (Avenue des;R;;;974
201400059473;14;6;30;1635;1;1;1;1;2;9;RN2 SENS STE SUZANNE ST;R;0;0;974
201400059474;14;4;21;1510;1;2;1;1;6;9;284, BLARD (chemin);R;;;974
201400059475;14;4;21;330;3;2;1;1;7;9;CAMBUSTON (rue de);R;;;974
201400059476;14;4;3;800;1;2;2;;6;9;7Salazie (route de);R;;;974
201400059477;14;4;19;2310;5;2;1;2;1;9;31, ROCADE SUD(RUE);R;0;0;974
201400059478;14;8;1;1840;5;1;1;1;6;9;CHAMPS BORNE (ROUTE DE);R;;;974
201400059479;14;8;8;2110;5;2;6;1;2;9;DE LA REPUBLIQUE(AVENUE);R;;;974
201400059480;14;8;9;1025;1;1;1;1;6;9;RN2 SENS STE SUZANNE ST;R;0;0;974
201400059481;14;8;9;2010;5;1;1;1;7;9;PATELIN (chemin);R;0;0;974
201400059482;14;8;16;110;5;1;1;1;3;9;CRESSONNIERE (rue de la);R;;;974
201400059483;14;8;27;1210;1;1;1;1;6;9;CRESSONNIERE (rue de la);R;;;974
201400059484;14;9;9;815;1;2;1;1;6;9;CAMBUSTON (rue de);R;;;974
201400059485;14;9;11;1530;1;2;1;1;3;9;DE LA COMMUNAUTE(RUE);R;;;974
201400059486;14;9;14;510;1;1;1;1;7;9;RN2 SENS STE SUZANNE ST;R;0;0;974
201400059487;14;9;16;1640;1;2;3;1;3;9;DU BUTOR(RUE);R;;;974
201400059488;14;9;7;1910;5;2;1;1;6;9;DE LA GARE(RUE);R;;;974
201400059489;14;9;5;1725;1;1;1;1;3;9;PENTE SASSY (chemin de l;R;;;974
201400059490;14;9;2;1515;1;1;1;1;3;9;MINGARD(RUE);R;;;974
201400059491;14;9;1;855;1;1;1;1;1;9;Rue Victoria;R;;;974
201400059492;14;5;1;2310;3;2;1;1;7;9;3? SECT STA;R;0;0;974
201400059493;14;6;1;930;1;2;1;1;2;9;3? SECT STA;R;0;0;974
201400059494;14;6;19;915;1;1;1;2;6;9;Salazie (route de);R;0;0;974
201400059495;14;6;27;1030;1;1;1;1;3;9;RN2 SENS ST BENOIT ST DE;R;0;0;974
201400059496;14;7;9;1725;1;1;1;1;7;9;, Salazie (route de);R;0;0;974
201400059497;14;7;12;1710;1;2;1;1;6;9;DE LA GARE(RUE);R;;;974
201400059498;14;7;19;2345;3;1;1;1;7;9;Salazie (route de);R;0;0;974
201400059499;14;7;25;810;1;2;9;1;7;9;RN2 SENS ST BENOIT ST DE;R;0;0;974
201400059500;14;7;31;1725;1;2;1;1;6;9;DU CENTRE(CHEMIN);R;;;974
201400059501;14;9;28;1955;3;1;1;1;6;9;RN2 SENS ST BENOIT ST DE;R;0;0;974
201400059502;14;10;10;1145;1;1;1;1;6;9;Lefaguyes (chemin);R;;;974
201400059503;14;10;11;1630;1;1;1;1;3;9;CRESSONNIERE (rue de la);R;;;974
201400059504;14;10;12;1710;1;1;1;1;3;9;PENTE SASSY (chemin de l;R;;;974
201400059505;14;10;17;1625;1;2;1;1;3;9;DU LYCEE(RUE);R;;;974
201400059506;14;10;23;1810;1;1;3;1;3;9;CHAMPS BORNE (ROUTE DE);R;;;974
201400059507;14;11;12;945;1;2;1;1;2;9;MASCAREIGNES (Avenue des;R;;;974
201400059508;14;8;13;1505;1;2;1;1;7;9;CAMBUSTON (rue de);R;;;974
201400059509;14;11;18;35;1;1;1;1;7;9;MILLE ROCHES(RUE);R;;;974
201400059510;14;11;23;1125;1;2;1;1;6;9;CAMBUSTON (rue de);R;0;0;974
201400059511;14;11;24;825;1;2;1;1;4;9;DE LA COMMUNAUTE(RUE);R;;;974
201400059512;14;11;29;2235;5;2;1;1;6;9;CAMBUSTON (rue de);R;;;974
201400059513;14;11;29;35;5;1;1;1;6;9;BEL OMBRE (chemin);R;;;974
201400059514;14;11;30;20;5;1;1;1;6;9;Grand Canal ( chemin);R;;;974
201400059515;14;12;3;1310;1;1;1;1;2;9;0, BOIS ROUGE (chemin du;R;;;974
201400059516;14;12;10;1705;1;2;1;1;6;9;ROCADE SUD(RUE);R;;;974
201400059517;14;12;10;1625;1;1;1;1;4;9;RN2 SENS STE SUZANNE ST;R;0;0;974
201400059518;14;12;16;1525;1;1;1;1;1;9;Salazie (route de);R;;;974
201400059519;14;12;16;1605;1;1;1;1;7;9;Salazie (route de);R;;;974
201400059520;14;12;19;2217;5;2;1;1;6;9;Ravine creuse (chemin);R;;;974
201400059521;14;12;20;1745;1;2;1;1;6;9;MIGUEL(CHEMIN);R;;;974
201400059522;14;12;24;955;1;2;1;1;7;9;D'EAU(CHEMIN);R;;;974
201400059523;14;12;26;1710;1;2;1;3;6;9;BELZOR(RUE);R;;;974
201400059524;14;12;31;2155;3;1;1;1;2;9;RN2 SENS STE SUZANNE ST;R;0;0;974
201400059525;14;11;9;400;1;2;1;1;3;9;DE BOURBON(AVENUE);R;0;0;974
201400059526;14;11;14;1310;1;2;1;1;1;9;MENCIOL (CHEMIN);R;;;974
201400059527;14;11;26;2005;3;1;1;1;6;9;RN2 SENS STE SUZANNE ST;R;0;0;974
201400059528;14;12;1;940;1;2;1;1;6;9;GAUCHE(RUE);R;;;974
201400059529;14;1;1;229;3;1;1;1;1;11;3LITTORAL (ROUTE 1 DU);R;0;0;974
201400059530;14;1;10;1215;1;2;2;2;6;11;3 rue Bouvet;R;;;974
201400059531;14;1;12;1935;5;2;2;2;6;11;3LECLERC (DU MARECHAL);R;;;974
201400059532;14;1;18;2052;5;2;9;1;3;11;JOFFRE (BOULEVARD);R;;;974
201400059533;14;1;21;1855;2;2;2;1;3;11;VILLENEUVE (RUE ALEXIS D;R;;;974
201400059534;14;1;24;1325;1;2;1;8;6;11;GAULLE (DU GENERAL DE);R;;;974
201400059535;14;1;23;625;2;2;2;1;6;11;JAURES (BLD 2 JEAN);R;;;974
201400059536;14;1;29;1;4;2;1;1;6;11;LANCASTEL (BOULEVARD);R;0;0;974
201400059537;14;1;31;2230;5;2;5;1;3;11;JAURES (BLD 1 JEAN);R;;;974
201400059538;14;2;2;2100;5;1;1;1;6;11;9BIS, FURCREAS (CHEMIN D;R;0;0;974
201400059539;14;2;13;800;1;2;1;1;2;11;COCOTIERS (AVENUE DES);R;;;974
201400059540;14;2;13;710;1;1;1;1;2;11;BRASSENS (AVENUE GEORGES;R;;;974
201400059541;14;2;14;2355;5;2;2;1;3;11;APRES (RUE D');R;;;974
201400059542;14;2;18;1248;1;2;1;1;6;11;20, FOUCQUE (AVENUE HIPP;R;;;974
201400059543;14;2;21;2144;5;2;2;1;3;11;MAC AULIFFE (RUE VICTOR);R;;;974