num_acc;an;mois;jour;hrmn;lum;agg;int;atm;col;com;adr;gps;lat;long;dep
201400059544;14;2;28;2021;4;2;1;1;6;11;CHAUDRON (BLD 2 DU);R;;;974
201400059545;14;3;2;830;1;2;4;1;3;11;0, MONTAGNE (ROUTE DE LA;R;;;974
201400059546;14;3;2;255;5;2;1;1;5;11;JAURES (BLD 1 JEAN);R;0;0;974
201400059547;14;3;8;55;5;2;1;1;5;11;MACE (BOULEVARD GABRIEL);R;0;0;974
201400059548;14;3;18;1420;1;2;9;8;6;11;156, GAULLE (DU GENERAL;R;;;974
201400059549;14;3;21;1250;1;2;4;1;6;11;0, REYDELLET (ROUTE JULE;R;;;974
201400059550;14;3;21;1410;1;2;1;1;3;11;16, DORET 1 (BOULEVARD);R;;;974
201400059551;14;3;29;1729;1;2;9;1;3;11;367, LECLERC (DU MARECHA;R;;;974
201400059552;14;3;21;1020;1;2;1;1;6;11;1, PAILLES-EN-QUEUE (IMP;R;;;974
201400059553;14;3;28;2350;5;2;2;1;3;11;0, PASTEUR (RUE);R;;;974
201400059554;14;4;2;700;1;2;1;1;6;11;1, JAURES (BOULEVARD JEA;R;0;0;974
201400059555;14;4;5;230;5;2;1;1;2;11;RN2/043;R;;;974
201400059556;14;3;22;1920;3;2;4;2;1;11;15, MONGAILLARD (ROUTE D;R;;;974
201400059557;14;4;19;110;3;2;1;1;1;11;BOSQUET (RUE DU);R;;;974
201400059558;14;4;15;1930;5;2;2;8;3;11;JAURES (BOULEVARD JEAN);R;;;974
201400059559;14;4;19;2335;5;1;1;1;7;11;2, EUCALYPTUS (CHEMIN DE;R;;;974
201400059560;14;4;7;2100;5;2;1;1;6;11;4, MONTAGNE (ROUTE DE LA;R;0;0;974
201400059561;14;4;24;1615;1;2;1;1;6;11;121, BOIS DE NEFLES (ROU;R;;;974
201400059562;14;4;26;635;1;2;9;1;3;11;RAMBAUD (LEOPOLD);R;;;974
201400059563;14;5;3;35;5;2;1;1;2;11;128, RAMBAUD (LEOPOLD);R;;;974
201400059564;14;5;7;2145;5;2;2;2;6;11;0, LECLERC (DU MARECHAL);R;;;974
201400059565;14;5;2;1654;1;2;1;1;6;11;212, LECLERC (DU MARECHA;R;;;974
201400059566;14;5;5;1248;1;2;1;1;6;11;9, TURPIN (RUELLE);R;;;974
201400059567;14;5;10;1700;1;1;1;1;6;11;100, LORY LES BAS (RUE);R;;;974
201400059568;14;5;23;1800;2;2;2;1;3;11;LECONTE DE LISLE (AVENUE;R;;;974
201400059569;14;5;19;705;1;1;1;1;3;11;5, MACE (ROUTE GABRIEL);R;;;974
201400059570;14;5;21;1205;1;2;1;1;1;11;22, CHAMP FLEURI;R;;;974
201400059571;14;5;21;1135;1;2;2;1;6;11;GAULLE (DU GENERAL DE);R;;;974
201400059572;14;6;13;2350;3;2;6;1;2;11;CHAUDRON  (BLD 1 DU);R;0;0;974
201400059573;14;6;23;1655;1;2;1;1;3;11;0, LECLERC (DU MARECHAL);R;;;974
201400059574;14;7;4;1130;1;2;1;1;6;11;KERVEGUEN (GABRIEL DE);R;;;974
201400059575;14;7;19;1635;1;2;1;1;3;11;LECLERC (DU MARECHAL);R;0;0;974
201400059576;14;7;11;615;2;2;4;1;6;11;0, BOIS DE NEFLES (ROUTE;R;;;974
201400059577;14;7;25;1236;1;2;2;2;1;11;339, PARIS (RUE DE);R;;;974
201400059578;14;8;5;935;1;2;2;9;1;11;362, LECLERC (DU MARECH;R;;;974
201400059579;14;8;31;800;1;1;1;1;1;11;6LITTORAL (ROUTE 1 DU);R;0;0;974
201400059580;14;6;30;1645;1;1;1;1;3;11;GANDHI (BOULEVARD DU MAH;R;;;974
201400059581;14;8;21;1600;1;2;2;2;1;11;3EGLISE (DE);R;;;974
201400059582;14;9;19;1935;5;2;2;2;1;11;3JAURES (BOULEVARD JEAN);R;;;974
201400059583;14;9;20;1750;1;2;2;1;1;11;2GAULLE (DU GENERAL DE);R;0;0;974
201400059584;14;9;25;831;1;2;2;2;6;11;6OCEAN (BOULEVARD DE L');R;;;974
201400059585;14;9;10;1806;2;2;2;2;6;11;3JACOB;R;;;974
201400059586;14;9;27;1930;5;2;2;1;6;11;60, MACE (BOULEVARD GABR;R;;;974
201400059587;14;10;18;1526;1;2;6;1;6;11;26, FOUCQUE (AVENUE HIPP;R;;;974
201400059588;14;10;31;1528;1;1;1;1;2;11;LITTORAL (ROUTE 1 DU);R;0;0;974
201400059589;14;10;31;1906;5;1;1;1;2;11;JAURES (BOULEVARD JEAN);R;0;0;974
201400059590;14;11;6;2020;3;2;2;1;3;11;RIVIERE DES PLUIES (ROUT;R;;;974
201400059591;14;11;6;1125;1;1;1;1;5;11;15, CHAUDRON  (BLD 1 DU);R;;;974
201400059592;14;12;17;1243;1;2;2;1;6;11;DODU 1 (RUE JULIETTE);R;;;974
201400059593;14;11;14;1735;1;2;1;1;3;11;BANCOUL (CHEMIN);R;;;974
201400059594;14;11;15;1730;1;2;1;2;3;11;MONTAUBAN (CHEMIN DE);R;;;974
201400059595;14;11;15;355;4;2;1;1;6;11;MACE (BOULEVARD GABRIEL);R;0;0;974
201400059596;14;11;13;1230;1;2;1;1;3;11;0, LATTRE DE TASSIGNY (A;R;0;0;974
201400059597;14;9;5;1015;1;2;2;3;1;11;1LOUGNON (RUE ALBERT);R;;;974
201400059598;14;9;20;930;1;2;2;1;1;11;1MONTAGNE (ROUTE DE LA);R;0;0;974
201400059599;14;11;22;1740;2;2;4;1;6;11;PETITE ILE (RUE DE LA);R;;;974
201400059600;14;12;7;2350;5;2;1;1;6;11;LATTRE DE TASSIGNY (AVEN;R;0;0;974
201400059601;14;12;9;758;1;2;1;1;4;11;JAURES (BOULEVARD JEAN);R;;;974
201400059602;14;12;10;2205;5;2;1;1;6;11;BRASSENS (AVENUE GEORGES;R;;;974
201400059603;14;12;11;1920;5;2;1;1;3;11;CANAL (CHEMIN DU GRAND);R;;;974
201400059604;14;11;14;1130;1;2;1;1;3;11;GAULLE (DU GENERAL DE);R;;;974
201400059605;14;12;20;510;2;2;1;1;1;11;RAMBAUD (LEOPOLD);R;;;974
201400059606;14;12;18;2125;5;1;6;2;6;11;6, JAURES (BOULEVARD J;R;;;974
201400059607;14;1;1;918;1;1;1;1;7;16;RN3 (1);R;0;0;974
201400059608;14;1;5;1025;1;1;1;1;7;16;RN3 (1);R;0;0;974
201400059609;14;1;5;1410;1;2;1;1;2;16;SANS, DELISLES (ROUTE HU;R;0;0;974
201400059610;14;1;8;2335;3;1;1;1;7;16;RN1;R;0;0;974
201400059611;14;1;13;830;1;1;1;1;4;16;RN2 (1);R;0;0;974
201400059612;14;1;15;1130;1;1;1;1;2;16;SANS, PARADIS (LIGNE) (1;R;;;974
201400059613;14;1;21;730;1;1;1;1;2;16;RN1 (ROUTE NATIONALE);R;0;0;974
201400059614;14;1;22;1715;1;1;1;1;4;16;RN3 (3);R;0;0;974
201400059615;14;1;22;2140;5;2;1;1;3;16;SANS, CHATEAU D'EAU (CHE;R;;;974
201400059616;14;1;25;620;2;1;1;1;1;16;RN2 (1);R;0;0;974
201400059617;14;1;27;1645;1;2;1;1;3;16;33, HUBERT DE LISLE(BOUL;R;;;974
201400059618;14;1;29;1305;1;1;1;1;1;16;SANS, COLLINE (CHEMIN DE;R;;;974
201400059619;14;2;1;1315;1;2;6;1;1;16;GENERAL DE GAULLE (RN2);R;0;0;974
201400059620;14;2;1;2030;4;2;1;1;7;16;SANS, HIPPOLYTE  PIOT (R;R;;;974
201400059621;14;2;4;1620;1;2;1;1;7;16;22, BUREL (CHEMIN) (2);R;0;0;974
201400059622;14;2;4;1700;1;1;1;1;2;16;RN1;R;0;0;974
201400059623;14;2;6;755;1;1;1;2;7;16;RN3 (1);R;0;0;974
201400059624;14;2;7;1815;1;1;1;1;3;16;RN3 (1);R;0;0;974
201400059625;14;2;10;745;1;1;1;1;2;16;ANCIENNE RN2;R;0;0;974
201400059626;14;2;11;850;1;1;1;1;7;16;GENERAL DE GAULLE (RN2);R;0;0;974
201400059627;14;2;12;1215;1;1;1;1;2;16;SANS, ISAUTIER (AVENUE C;R;;;974
201400059628;14;2;14;1505;1;1;1;1;7;16;SANS, PARADIS (LIGNE) (1;R;;;974
201400059629;14;2;14;1715;1;2;3;1;1;16;SANS, LEBLOND 1 (RUE MAR;R;;;974
201400059630;14;2;15;400;5;2;1;1;7;16;SANS, DELISLES (ROUTE HU;R;0;0;974
201400059631;14;2;16;945;1;1;1;1;3;16;RN1;R;0;0;974
201400059632;14;2;16;1330;1;1;1;1;1;16;28, PARADIS (LIGNE) (1);R;;;974
201400059633;14;2;17;1710;1;1;1;1;7;16;RN1 (ROUTE NATIONALE);R;0;0;974
201400059634;14;2;19;1150;1;1;1;1;6;16;RN1;R;0;0;974
201400059635;14;2;19;1705;1;2;3;1;5;16;SANS, LEBLOND 1 (RUE MAR;R;;;974
201400059636;14;2;20;1400;1;2;1;1;2;16;55, PRESBYTERE (RUE DU);R;;;974
201400059637;14;2;20;1543;1;2;1;1;2;16;SANS, BOIS NOIRS (ALLEE;R;0;0;974
201400059638;14;2;21;1150;1;2;1;1;1;16;SANS, LEBLOND 1 (RUE MAR;R;;;974
201400059639;14;2;21;1940;3;1;1;1;7;16;RN1;R;0;0;974
201400059640;14;2;26;700;2;2;1;1;7;16;SANS, BANK (BOULEVARD);R;;;974
201400059641;14;2;27;710;2;2;1;1;2;16;SANS, GENERAL DE GAULLE(;R;0;0;974
201400059642;14;3;1;1825;2;2;1;1;3;16;SANS, DELISLES (ROUTE HU;R;;;974
201400059643;14;3;5;1200;1;2;1;1;3;16;SANS, CAUMONT (RUE DE);R;;;974
201400059644;14;3;6;1815;2;1;3;1;3;16;SANS, ENTRE DEUX (CHEMIN;R;0;0;974
201400059645;14;3;7;830;1;1;6;1;2;16;SANS, ROND POINT DE LA B;R;;;974
201400059646;14;3;7;1200;1;1;1;1;7;16;SANS, BASSIN PLAT(CHEMIN;R;0;0;974
201400059647;14;3;8;200;3;1;1;1;7;16;RN2 (1);R;0;0;974
201400059648;14;3;12;1915;2;2;1;1;7;16;SANS, LORION (RUE LUC);R;0;0;974
201400059649;14;3;14;1115;1;1;1;1;2;16;RN2 (1);R;0;0;974
201400059650;14;3;16;1905;2;2;3;1;1;16;SANS, GENERAL DE GAULLE(;R;;;974
201400059651;14;3;17;720;1;2;1;1;7;16;SANS, GAGARINE (RUE YOUR;R;;;974
201400059652;14;3;17;720;1;1;1;1;4;16;RN2 (1);R;0;0;974
201400059653;14;3;17;1755;2;2;1;1;2;16;51, MAHY (RUE FRANCOIS D;R;;;974
201400059654;14;3;18;1644;1;1;1;1;2;16;RN2 (1);R;0;0;974
201400059655;14;3;20;1650;1;1;2;1;3;16;SANS, PARADIS (LIGNE) (1;R;;;974
201400059656;14;3;22;1530;1;2;3;1;3;16;SANS, LEBLOND 1 (RUE MAR;R;;;974
201400059657;14;3;22;1530;1;1;1;1;7;16;RN3 (1);R;0;0;974
201400059658;14;3;25;1135;1;2;1;1;7;16;4, LYS (ALLEE DES);R;;;974
201400059659;14;3;25;1200;1;2;1;1;2;16;SANS, BARQUISSEAU (RUE D;R;;;974
201400059660;14;3;28;1400;1;2;1;1;7;16;SANS, HUBERT DE LISLE(BO;R;0;0;974
201400059661;14;3;28;1950;5;2;2;1;3;16;SANS, LEBLOND 1 (RUE MAR;R;;;974
201400059662;14;4;2;740;1;1;1;1;2;16;SANS, KM3 (CHEMIN);R;0;0;974
201400059663;14;4;2;845;1;2;2;1;7;16;SANS, EQUERRE (LIGNE D');R;0;0;974
201400059664;14;4;5;1950;5;2;1;1;7;16;RN2/PDT F.MITTERAND;R;0;0;974
201400059665;14;4;6;1806;2;1;1;1;7;16;RN1 (ROUTE NATIONALE);R;0;0;974
201400059666;14;4;8;1635;1;1;1;1;2;16;RN1;R;0;0;974
201400059667;14;4;9;1750;2;2;1;1;2;16;RN2/PDT F.MITTERAND;R;0;0;974
201400059668;14;4;11;1800;2;2;1;1;3;16;SANS, RODIER (RUE);R;0;0;974
201400059669;14;4;11;2110;3;1;1;1;6;16;RN1 (ROUTE NATIONALE);R;0;0;974
201400059670;14;4;12;730;2;1;1;3;7;16;RN3 (1);R;0;0;974
201400059671;14;4;12;2030;3;1;3;1;2;16;SANS, PARADIS (LIGNE) (1;R;;;974
201400059672;14;4;14;355;3;1;9;1;7;16;SANS, GENERAL DE GAULLE(;R;;;974
201400059673;14;4;16;534;3;1;1;1;7;16;RN2 (1);R;0;0;974
201400059674;14;4;18;540;3;1;1;1;7;16;SANS, CD 26;R;0;0;974
201400059675;14;4;19;30;3;1;1;1;7;16;SANS, KM3 (CHEMIN);R;;;974
201400059676;14;4;19;250;3;1;1;1;7;16;RN2 (1);R;0;0;974
201400059677;14;4;19;1920;5;2;3;1;7;16;132, HIPPOLYTE  PIOT (RU;R;;;974
201400059678;14;4;24;1634;1;1;1;1;7;16;RN3 (1);R;0;0;974
201400059679;14;4;25;1215;1;2;1;1;7;16;SANS, GANDHI (RUE DU MAH;R;;;974
201400059680;14;4;28;1550;1;2;1;1;6;16;SANS, PRESIDENT MITTERAN;R;;;974
201400059681;14;4;29;1000;1;1;1;1;7;16;SANS, STEPHANE (CHEMIN);R;0;0;974
201400059682;14;4;29;1115;1;2;3;1;3;16;SANS, ALBERT LUTHULI(RUE;R;;;974
201400059683;14;4;30;730;1;2;1;1;7;16;97, PRESIDENT MITTERAND(;R;;;974
201400059684;14;5;1;45;5;1;1;1;7;16;RN1;R;0;0;974
201400059685;14;5;1;650;2;1;1;1;7;16;RN3 (1);R;0;0;974
201400059686;14;5;1;1000;1;1;1;1;2;16;222, BOIS NOIRS (ALLEE D;R;;;974
201400059687;14;5;1;1425;1;1;1;1;7;16;SANS, THEODORE THOMAS(RU;R;;;974
201400059688;14;5;5;15;3;1;1;1;7;16;SANS, L'ENTRE DEUX(ROUTE;R;0;0;974
201400059689;14;5;5;1743;2;1;1;1;7;16;SANS, BOIS NOIRS (ALLEE;R;;;974
201400059690;14;5;6;1638;1;1;1;1;7;16;SANS, STEPHANE (CHEMIN);R;;;974
201400059691;14;5;6;1715;1;1;3;1;7;16;SANS, PICARD (CHEMIN ANT;R;;;974
201400059692;14;5;7;1120;1;1;1;1;2;16;RN3 (1);R;0;0;974
201400059693;14;5;8;1310;1;1;1;1;7;16;RN3 (1);R;0;0;974
201400059694;14;5;12;1140;1;2;3;1;6;16;sans, LUTHULI (RUE ALBER;R;;;974
201400059695;14;5;15;1105;1;2;3;1;7;16;SANS, LAVOIR (RUE DU);R;;;974
201400059696;14;5;15;930;1;1;1;1;7;16;RN3 (1);R;0;0;974
201400059697;14;5;16;1055;1;1;3;1;3;16;SANS, LENORMAND (CHEMIN);R;;;974
201400059698;14;5;17;953;1;1;1;1;4;16;RN3 (1);R;0;0;974
201400059699;14;5;17;2125;5;2;1;1;7;16;SANS, LORION (RUE LUC);R;;;974
201400059700;14;5;19;730;2;2;3;1;3;16;SANS, LEBLOND 1 (RUE MAR;R;;;974
201400059701;14;5;21;750;1;1;1;1;7;16;ANCIENNE RN 1;R;;;974
201400059702;14;5;23;1152;1;2;1;1;7;16;SANS, PIOR (RUE HYPOLITT;R;0;0;974
201400059703;14;5;23;1300;1;2;2;1;3;16;SANS, BUREL (CHEMIN) (1);R;;;974
201400059704;14;5;24;215;3;1;1;2;7;16;RN3 (1);R;0;0;974
201400059705;14;5;25;1540;1;1;1;1;7;16;SANS, LENORMAND (CHEMIN);R;0;0;974
201400059706;14;5;30;2250;3;1;1;1;7;16;502, BOEUF (CHEMIN) (1);R;;;974
201400059707;14;5;31;1810;2;1;1;1;7;16;RN3 (1);R;0;0;974
201400059708;14;6;1;100;5;2;6;1;7;16;SANS, PRESIDENT MITTERAN;R;0;0;974
201400059709;14;6;2;725;2;2;1;1;2;16;SANS, GENERAL DE GAULLE;R;0;0;974
201400059710;14;6;3;1615;1;1;2;1;3;16;SANS, ROLLAND GARROS (CH;R;0;0;974
201400059711;14;6;6;1740;2;1;1;1;3;16;SANS, PARADIS (LIGNE) (1;R;0;0;974
201400059712;14;6;8;1240;1;1;1;1;7;16;RN3 (2);R;0;0;974
201400059713;14;6;15;815;1;1;1;1;7;16;RN1 (ROUTE NATIONALE);R;0;0;974
201400059714;14;6;15;1935;5;2;2;1;7;16;SANS, FOUR A CHAUX 1 (RU;R;;;974
201400059715;14;6;19;1210;1;1;1;1;7;16;SANS, TERRE DES CHENES (;R;;;974
201400059716;14;6;20;720;2;2;1;1;7;16;125, CIMETIERE (CHEMIN D;R;;;974
201400059717;14;6;20;835;1;2;3;1;6;16;SANS, ARCHAMBAUD (RUE);R;;;974
201400059718;14;6;22;505;3;1;1;1;6;16;SANS, RECHERCHANT (RUE A;R;0;0;974
201400059719;14;6;22;1850;3;1;1;1;1;16;SANS, MAURICE THOREZ(CHE;R;0;0;974
201400059720;14;6;24;1710;2;1;1;1;7;16;48, PARADIS (LIGNE) (1);R;;;974
201400059721;14;6;28;730;2;1;3;1;2;16;SANS, ENTRE DEUX (CHEMIN;R;;;974
201400059722;14;6;30;700;2;1;1;1;7;16;RN3 (1);R;0;0;974
201400059723;14;7;1;740;2;2;1;1;7;16;21, BABET (RUE);R;;;974
201400059724;14;7;3;1305;1;2;1;1;7;16;SANS, DELISLES (ROUTE HU;R;0;0;974
201400059725;14;7;5;1805;2;1;3;1;3;16;SANS, CAMBRAI (LIGNE);R;;;974
201400059726;14;7;6;1315;1;1;1;1;1;16;sans, BADAMIER (CHEMIN);R;;;974
201400059727;14;7;8;1520;1;1;1;1;3;16;200, CONCESSION CONDE (C;R;;;974
201400059728;14;7;8;2355;3;1;1;1;7;16;SANS, FRERE (CHEMIN PETI;R;;;974
201400059729;14;7;9;1700;1;2;2;1;7;16;SANS, FOUR A CHAUX 1 (RU;R;;;974
201400059730;14;7;10;1055;1;1;1;1;2;16;SANS, CHARETTE (CHEMIN);R;;;974
201400059731;14;7;10;2036;5;2;3;1;1;16;SANS, HIPPOLYTE  PIOT (;R;;;974
201400059732;14;7;11;2330;4;1;1;8;7;16;ANCIENNE RN 1;R;;;974
201400059733;14;7;16;900;1;1;1;1;6;16;RN3 (1);R;0;0;974
201400059734;14;7;16;1425;1;2;1;1;7;16;22, PRESIDENT MITTERAND(;R;;;974
201400059735;14;7;19;755;1;2;1;1;7;16;226, GENERAL DE GAULLE(A;R;;;974
201400059736;14;7;20;735;2;1;1;1;7;16;RN1;R;0;0;974
201400059737;14;7;20;1325;1;2;1;1;7;16;40, HERMANN (RUE JULES);R;;;974
201400059738;14;7;22;815;1;1;1;1;2;16;RN1;R;0;0;974
201400059739;14;7;24;1220;1;1;1;1;4;16;RN1;R;0;0;974
201400059740;14;7;25;1255;1;1;1;1;1;16;109, HOARAU (CHEMIN EMMA;R;;;974
201400059741;14;7;25;1730;1;1;1;1;7;16;RN1 (ROUTE NATIONALE);R;0;0;974
201400059742;14;7;26;130;3;1;1;1;7;16;118, PARADIS (LIGNE) (1);R;;;974
201400059743;14;7;27;2140;3;2;1;1;7;16;SANS, PRESIDENT MITTERAN;R;0;0;974
201400059744;14;7;29;1555;1;2;1;1;2;16;162, LEBLOND 2 (RUE MARI;R;;;974
201400059745;14;7;30;1025;1;1;1;1;7;16;RN3 (2);R;0;0;974
201400059746;14;8;1;1920;3;1;1;1;4;16;RN3 (1);R;0;0;974
201400059747;14;8;2;600;1;1;2;1;1;16;SANS, RECHERCHANT (RUE;R;0;0;974
201400059748;14;8;3;1645;1;1;1;1;7;16;RN3 (2);R;0;0;974
201400059749;14;8;3;1925;3;1;1;1;2;16;RN3 (1);R;0;0;974
201400059750;14;8;6;2129;3;1;1;1;7;16;RN1;R;0;0;974
201400059751;14;8;8;1320;1;1;3;1;3;16;SANS, ANCIENNE RN 1;R;;;974
201400059752;14;8;8;1540;1;1;1;1;3;16;SANS, BASSIN PLAT(CHEMIN;R;;;974
201400059753;14;8;9;1250;1;1;3;1;3;16;SANS, BOIS NOIRS (ALLEE;R;;;974
201400059754;14;8;10;610;2;2;1;1;6;16;SANS, DELISLES (ROUTE HU;R;0;0;974
201400059755;14;8;11;1130;1;2;3;1;3;16;SANS, LORION (RUE LUC);R;;;974
201400059756;14;8;13;2305;3;1;1;1;7;16;RN1 (ROUTE NATIONALE);R;0;0;974
201400059757;14;8;15;2120;3;1;1;1;7;16;RN1 (ROUTE NATIONALE);R;0;0;974
201400059758;14;8;17;1005;1;1;1;1;6;16;RN1 (ROUTE NATIONALE);R;0;0;974
201400059759;14;8;18;2030;3;1;1;2;2;16;RN3 (2);R;0;0;974
201400059760;14;8;20;830;1;1;3;1;4;16;SANS, PARADIS (LIGNE) (1;R;;;974
201400059761;14;8;20;2100;5;2;1;1;1;16;SANS, DONAT (AVENUE LUC);R;;;974
201400059762;14;8;21;1715;1;2;1;1;7;16;SANS, DONAT (AVENUE LUC);R;0;0;974
201400059763;14;8;25;1705;1;2;6;1;3;16;SANS, MITTERAND (AVENUE;R;;;974
201400059764;14;5;28;2354;5;2;1;1;7;16;157, AUGUSTIN ARCHAMBAUD;R;0;0;974
201400059765;14;8;26;1705;1;1;1;2;4;16;RN3 (1);R;0;0;974
201400059766;14;8;26;1740;1;1;1;2;2;16;RN3 (1);R;0;0;974
201400059767;14;8;29;2250;3;1;1;1;2;16;SANS, ANCIENNE RN 1;R;;;974
201400059768;14;9;2;730;1;2;1;1;7;16;SANS, LORION (RUE LUC);R;0;0;974
201400059769;14;9;5;1620;1;1;1;1;7;16;RN1 (ROUTE NATIONALE);R;0;0;974
201400059770;14;9;5;2305;5;2;1;1;7;16;SANS, BARQUISSEAU (RUE D;R;;;974
201400059771;14;9;6;830;1;2;1;1;7;16;61, BABET (RUE AUGUSTE);R;;;974
201400059772;14;9;6;920;1;2;1;1;7;16;SANS, ASSISES (CHEMIN DE;R;;;974
201400059773;14;9;7;120;3;1;1;1;7;16;, THOREZ (CHEMIN MAURICE;R;0;0;974
201400059774;14;9;9;710;1;1;1;1;3;16;SANS, LENORMAND (CHEMIN);R;;;974
201400059775;14;9;17;1510;1;2;1;1;7;16;SANS, CAYENNE (RUE DE LA;R;;;974
201400059776;14;9;17;1620;1;1;1;1;3;16;461, ANTOINE PICARD(CHEM;R;;;974
201400059777;14;9;17;1750;1;2;1;1;7;16;SANS, PRESIDENT MITTERAN;R;;;974
201400059778;14;9;18;650;2;2;1;1;7;16;SANS, PASTEUR (RUE);R;;;974
201400059779;14;9;19;640;2;2;1;1;7;16;268, LEBLOND 1 (RUE MARI;R;;;974
201400059780;14;9;19;2325;3;1;1;1;7;16;SANS, DES OLIVINES(RUE);R;;;974
201400059781;14;9;20;1820;2;1;1;1;2;16;RN1;R;0;0;974
201400059782;14;9;25;710;2;2;1;1;7;16;SANS, GAGARINE (RUE YOUR;R;;;974
201400059783;14;9;28;1000;1;2;1;1;7;16;SANS, BANK (BOULEVARD);R;;;974
201400059784;14;9;29;1750;2;1;1;1;1;16;SANS, MAURICE THOREZ(CHE;R;0;0;974
201400059785;14;9;29;1000;1;2;2;1;7;16;SANS, LEBLOND 1 (RUE MAR;R;;;974
201400059786;14;9;30;1540;1;2;2;1;7;16;SANS, PRESBYTERE (RUE DU;R;;;974
201400059787;14;9;30;2304;3;1;1;1;7;16;SANS, BAILLIE (CHEMIN);R;;;974
201400059788;14;10;1;740;1;1;1;1;2;16;RN2 (1);R;0;0;974
201400059789;14;10;1;1500;1;2;1;1;7;16;SANS, DONAT(RUE LUC);R;;;974
201400059790;14;10;7;1700;1;1;1;1;4;16;RN3 (3);R;0;0;974
201400059791;14;10;3;710;2;2;1;1;7;16;110, MAHY (RUE FRANCOIS;R;;;974
201400059792;14;10;4;330;5;2;6;1;7;16;SANS, GENERAL DE GAULLE;R;;;974
201400059793;14;10;5;1845;2;2;1;1;5;16;111, HIPPOLYTE  PIOT (RU;R;;;974
201400059794;14;10;6;1310;1;1;1;1;7;16;2, BASSIN PLAT(CHEMIN);R;;;974
201400059795;14;10;7;1910;3;1;1;1;2;16;RN1 (ROUTE NATIONALE);R;0;0;974
201400059796;14;10;9;1605;1;1;3;1;7;16;RN3 (1);R;0;0;974
201400059797;14;10;13;805;1;1;1;2;7;16;RN3 (1);R;0;0;974
201400059798;14;10;13;1215;1;1;2;1;3;16;SANS, LIGNE PARADIS(ROUT;R;;;974
201400059799;14;10;13;1400;1;1;9;1;2;16;RN1 (ROUTE NATIONALE);R;0;0;974
201400059800;14;10;13;1430;1;2;1;1;2;16;8, PASTEUR (RUE);R;;;974
201400059801;14;10;16;1850;2;2;3;1;3;16;130, DU LYCEE(RUE);R;;;974
201400059802;14;10;17;1535;1;1;1;1;7;16;44 BIS, CONCESSION CONDE;R;;;974
201400059803;14;10;17;1915;5;2;3;1;2;16;SANS, BABET (RUE AUGUSTE;R;;;974
201400059804;14;10;18;300;3;1;1;1;1;16;RN2 (1);R;0;0;974
201400059805;14;10;20;235;3;1;1;1;7;16;RN1;R;0;0;974
201400059806;14;10;22;2005;3;1;1;1;7;16;119, ANCIENNE RN 1;R;;;974
201400059807;14;10;23;930;1;1;1;1;7;16;RN2 (1);R;0;0;974
201400059808;14;10;26;330;3;1;1;1;7;16;RN1 (ROUTE NATIONALE);R;0;0;974
201400059809;14;10;26;1000;1;1;1;1;3;16;RN1 (ROUTE NATIONALE);R;0;0;974
201400059810;14;10;28;2300;3;1;1;1;7;16;RN1 (ROUTE NATIONALE);R;0;0;974
201400059811;14;10;29;1245;1;1;2;1;3;16;SANS, STEPHANE (CHEMIN);R;;;974
201400059812;14;10;30;835;1;1;1;1;7;16;SANS, ANCIENNE RN 1;R;0;0;974
201400059813;14;11;3;720;1;2;2;1;7;16;SANS, GENERAL DE GAULLE;R;;;974
201400059814;14;11;6;1145;1;1;9;1;2;16;SANS, PARADIS (LIGNE) (1;R;0;0;974
201400059815;14;11;6;1731;2;1;1;1;1;16;72, AUBEPINES (CHEMINS D;R;;;974
201400059816;14;11;6;1800;2;2;1;1;7;16;SANS, LORION (RUE LUC);R;;;974
201400059817;14;11;6;1500;1;1;1;1;2;16;RN3 (1);R;0;0;974
201400059818;14;11;8;1840;2;1;1;1;4;16;RN3 (1);R;0;0;974
201400059819;14;11;9;26;5;2;2;1;3;16;SANS, BONS ENFANTS (RUE;R;;;974
201400059820;14;11;11;400;5;2;3;1;7;16;SANS, DELISLES (ROUTE HU;R;;;974
201400059821;14;11;12;520;3;1;1;1;7;16;RN1 (ROUTE NATIONALE);R;0;0;974
201400059822;14;11;12;930;1;1;1;1;7;16;SANS, CEDRES (ALLEE DES);R;;;974
201400059823;14;11;13;130;3;2;3;1;7;16;SANS, MITTERAND (AVENUE;R;;;974
201400059824;14;11;13;1230;1;1;1;1;7;16;RN3 (1);R;0;0;974
201400059825;14;11;13;1745;1;1;1;1;1;16;SANS, CONCESSION CONDE (;R;;;974
201400059826;14;11;14;710;2;1;3;1;2;16;SANS, BASSIN PLAT(CHEMIN;R;;;974
201400059827;14;11;15;1155;1;2;1;1;7;16;SANS, D28 LIGNE DES BAMB;R;0;0;974
201400059828;14;11;16;215;3;1;1;1;7;16;SANS, BADAMIER (CHEMIN);R;;;974
201400059829;14;11;16;2105;3;1;2;1;3;16;SANS, PARADIS (LIGNE) (1;R;;;974
201400059830;14;11;19;1940;3;1;1;1;7;16;RN3 (1);R;0;0;974
201400059831;14;11;20;725;2;2;1;1;3;16;18, ISAUTIER (AVENUE CHA;R;;;974
201400059832;14;11;20;1620;1;2;1;1;2;16;RN2 (1);R;0;0;974
201400059833;14;11;23;1540;1;2;1;1;7;16;SANS, GAGARINE (RUE YOUR;R;0;0;974
201400059834;14;11;23;1645;1;1;1;1;1;16;SANS, RN3 (ANCIENNE ROUT;R;0;0;974
201400059835;14;11;26;425;3;1;1;1;7;16;RN1 (ROUTE NATIONALE);R;0;0;974
201400059836;14;11;28;1640;1;1;1;1;7;16;SANS, BADAMIER (CHEMIN);R;;;974
201400059837;14;11;28;1545;1;1;1;1;7;16;RN3 (1);R;0;0;974
201400059838;14;11;29;406;3;1;1;1;1;16;RN2 (2);R;0;0;974
201400059839;14;11;30;1040;1;1;1;1;3;16;RN3 (1);R;0;0;974
201400059840;14;12;1;1535;1;1;1;1;2;16;RN3 (1);R;0;0;974
201400059841;14;12;5;1129;1;2;1;1;7;16;48, CAUMONT;R;;;974
201400059842;14;12;5;2100;3;1;1;1;1;16;SANS, MAURICE THOREZ(CHE;R;;;974
201400059843;14;12;7;910;1;1;1;1;3;16;695, ANTOINE PICARD(CHEM;R;;;974
201400059844;14;12;14;2130;3;1;1;1;1;16;72, CONCESSION CONDE (CH;R;;;974
201400059845;14;12;17;730;2;1;6;1;2;16;sans, CEDRES (ALLEE DES);R;;;974
201400059846;14;12;17;1530;1;1;1;2;7;16;SANS, ROLLAND GARROS (CH;R;0;0;974
201400059847;14;12;20;1105;1;1;1;1;2;16;RN2 (1);R;0;0;974
201400059848;14;12;20;2220;3;2;1;1;7;16;SANS, LYCEE (CHEMIN DU);R;;;974
201400059849;14;12;23;1845;2;2;1;1;3;16;SANS, MAHATMA GANDHI(RUE;R;0;0;974
201400059850;14;12;24;1700;1;2;1;1;7;16;SANS, MAURICE THOREZ(CHE;R;;;974
201400059851;14;12;24;1850;2;2;1;1;7;16;SANS, MITTERAND (AVENUE;R;0;0;974
201400059852;14;12;27;140;3;1;1;1;7;16;SANS, IRFA (CHEMIN DE L';R;;;974
201400059853;14;12;28;1100;1;1;1;1;7;16;RN3 (1);R;0;0;974
201400059854;14;12;13;1610;1;1;2;1;5;16;SANS, PARADIS (LIGNE) (1;R;;;974